dataset,cell_id,n_cycles,q0,cycle_life,is_censored,capacity_normalized,Qdis_N,delta_Qdis,retention_ratio,slope_linear,variance_Qdis,range_Qdis,max_drop,std_diff,skewness_Qdis,slope_ratio,Qdis_cycle10,mean_diff,poly2_a,poly2_b,poly2_c,exp_decay_k,cycle_to_99pct,cycle_to_98pct,cycle_to_95pct,slope_first_quarter,slope_last_quarter,autocorr_lag1,knee_cycle,n_capacity_jumps,accel_mean,accel_std,accel_max_abs,linearity_r2,kurtosis_Qdis,fft_top3_energy_ratio,spectral_entropy,sample_entropy,pos_neg_diff_ratio,mad_Qdis
luh,luh_P017_1_S01_C08,50,2.937356866986508,139.0,0,0,2.7304673733092355,-0.21627784949726747,0.9266044964378417,-0.004354945783492038,0.0038769572063687627,0.21627784949726747,0.0062589038799969465,0.0013604480283000197,0.3897363037903011,0.5813139209633043,2.89667399176653,-0.004505788531193072,2.95914475173506,-0.0068607212811331,4.818799033925004e-05,0.0015467615074794335,9.0,13.0,33.0,-0.0062589038799966586,-0.003434591611621015,0.9459992653198385,20.0,0.0,6.0091750390968924e-05,0.0003327570597120263,0.002244480959677997,0.9783730780417308,-0.9642655826622941,0.8210476827852833,1.5825587773768797,0.02955880224154439,0.0,0.04808428256269437
luh,luh_P017_1_S01_C08,100,2.937356866986508,139.0,0,0,2.5810232743580586,-0.3657219484484444,0.8758895252911861,-0.003587390115339114,0.010648361815436443,0.3657219484484444,0.0062589038799969465,0.0012900179471991794,0.29336392600013583,0.7019412705753695,2.89667399176653,-0.0037318566168208613,2.942643050743037,-0.005048980672425651,1.432931918712295e-05,0.0013162414524901537,9.0,13.0,33.0,-0.005908325068027852,-0.0023600720649383875,0.9538913555221841,21.0,0.0,4.216754943016648e-05,0.0002494804122414537,0.002244480959677997,0.9870047541457884,-0.982088696369861,0.814742243488198,1.6563381082037425,0.016498999380035077,0.0,0.0858647902905254
luh,luh_P017_2_S04_C07,50,2.9376163001957067,127.0,0,0,2.716879888716469,-0.23064996549751093,0.921748047719429,-0.004650314855603453,0.004414035034178032,0.23064996549751093,0.006609036012182212,0.001400239021853608,0.37583597544280584,0.5922117480776552,2.894657566116524,-0.0048052076145314775,2.9606485673266016,-0.00723170672674481,4.9642151368101786e-05,0.001655823234852404,8.0,13.0,31.0,-0.006609036012181892,-0.003701394025237847,0.9468391083873882,20.0,0.0,6.186472312647845e-05,0.00033751555995383345,0.002262145465842913,0.9798485099823719,-0.9762046537104929,0.8212777377411127,1.5808026153329502,0.025317807984289897,0.0,0.05181951635332904
luh,luh_P017_2_S04_C07,100,2.9376163001957067,127.0,0,0,2.55701480432767,-0.3905150498863099,0.8675110790386044,-0.0038471769533718063,0.012241068892509713,0.3905150498863099,0.006609036012182212,0.0013558793176897037,0.28807369823722623,0.7037102160326103,2.894657566116524,-0.003984847447819489,2.944067455115803,-0.005399316336844058,1.5217052779139778e-05,0.001418779696218817,8.0,13.0,31.0,-0.006250119213697969,-0.0024863336344857607,0.9541028041012484,21.0,0.0,4.4639178849831664e-05,0.00025982949852288643,0.002262145465842913,0.9874379454190979,-0.9972583795639989,0.8164341982388332,1.6471459599271328,0.01834913866819654,0.0,0.09253485063094491
luh,luh_P017_3_S05_C05,50,2.9351541823191876,126.0,0,0,2.7132269036967274,-0.2316877434507294,0.9213261601061511,-0.004687288167495393,0.004473915050583724,0.2316877434507294,0.0065069765521799106,0.0013152443867947667,0.35284248764241877,0.608734941531374,2.8928588347300197,-0.004826827988556863,2.958173352713224,-0.0071389540524896145,4.7147420865272064e-05,0.0016700843013090958,9.0,13.0,31.0,-0.00650697655217966,-0.003774092636819283,0.9538323211327151,21.0,0.0,5.814646628426421e-05,0.00027586936897162944,0.0013934975084426426,0.9821675251646157,-1.0011771816537707,0.8220530821764646,1.5745320797185185,0.025317807984289897,0.0,0.05283729691546979
luh,luh_P017_3_S05_C05,100,2.9351541823191876,126.0,0,0,2.5534777317534796,-0.3914369153939772,0.8670803869398606,-0.003876365399670537,0.012430959532270799,0.3914369153939772,0.0065069765521799106,0.0013293752943882356,0.2933137208656298,0.6918348595764222,2.8928588347300197,-0.003994254238714053,2.9435205355722713,-0.005495062354313688,1.5869577986697742e-05,0.001431445525575404,9.0,13.0,31.0,-0.006199894862819834,-0.0024096328958195766,0.9575635573658134,21.0,0.0,4.306092436525413e-05,0.00023672875152674954,0.0013934975084426426,0.9871646472194251,-1.016696082700937,0.8181996647910237,1.6325883253597888,0.018090945649039073,0.0,0.09435231592048154
luh,luh_P018_1_S01_C06,50,2.935897061389203,109.0,0,0,2.6929789035637466,-0.25334059260938435,0.9140145551293947,-0.005329160494863196,0.005836470924283083,0.25334059260938435,0.006948289855952083,0.0017578697797629307,0.4048454832330841,0.49672965175076295,2.890733177325515,-0.005277929012695508,2.9695703394853785,-0.00884651357348326,6.764140535807757e-05,0.0019111764973092067,8.0,12.0,25.0,-0.006948289855951894,-0.0033885397093788685,0.9571563848311385,27.0,0.0,7.573936482071048e-05,0.00035967053919395964,0.00186281725170101,0.9731891736785881,-1.1345669235306588,0.8389328439370196,1.4649489382424785,0.03077165866675366,0.0,0.0594733183915066
luh,luh_P018_1_S01_C06,100,2.935897061389203,109.0,0,0,2.523551918094802,-0.4227675780783291,0.8565099343002527,-0.003995145275492912,0.013334888112492529,0.4227675780783291,0.006948289855952083,0.0015509989272028035,0.3922334440586949,0.6358486881085974,2.890733177325515,-0.004313954878350297,2.941523563051233,-0.00605586249158558,2.0203109961692885e-05,0.0014855429695122312,8.0,12.0,25.0,-0.006948289855952018,-0.003388539709378911,0.969998156808202,28.0,0.0,3.669845511930875e-05,0.00025320689620955493,0.00186281725170101,0.9775086427980361,-0.8119318980123782,0.8048922742095808,1.7430677652885616,0.012195273093818243,0.0,0.08471349273447215
luh,luh_P018_2_S02_C06,50,2.934107237041611,107.0,0,0,2.6874001862184285,-0.257125277879517,0.9126768367213671,-0.00544188112710566,0.006074818835288148,0.257125277879517,0.006945484704223404,0.0017437758550447524,0.38558188857061704,0.5097398955015305,2.88896158646416,-0.005356776622489938,2.968482422200058,-0.008897028911099503,6.644514969218838e-05,0.0019538671532280086,8.0,12.0,25.0,-0.006945484704223182,-0.003401683827627652,0.9567184318349331,28.0,0.0,7.540001865096463e-05,0.00035791484947347846,0.001838169514690513,0.97497788837828,-1.1640610801368194,0.8410184996576601,1.4507426756005173,0.031010236742560322,0.0,0.06250936233800886
luh,luh_P018_2_S02_C06,100,2.934107237041611,107.0,0,0,2.5173159948370443,-0.4272094692609012,0.854913983774368,-0.004047844463327065,0.013700647128086003,0.4272094692609012,0.006945484704223404,0.0015635050276439643,0.40168069420081776,0.6250933727096961,2.88896158646416,-0.004359280298580625,2.941127657417044,-0.006200621647324418,2.1105658666640695e-05,0.0015080871844148195,8.0,12.0,25.0,-0.006945484704223211,-0.0034016838276278117,0.9710027569335278,29.0,0.0,3.653402965562204e-05,0.0002519731654246962,0.001838169514690513,0.9766779477144049,-0.8155876194717022,0.8064255392497363,1.7370649472751318,0.01227009259181436,0.0,0.0868898441015653
luh,luh_P018_3_S04_C05,50,2.935272469981899,107.0,0,0,2.6867775225414228,-0.2590570426062442,0.9120598808666439,-0.00547566930315688,0.006156825131498742,0.2590570426062442,0.007041396777178743,0.0017916766792019042,0.3942227729160602,0.5019126968886969,2.889503390930239,-0.00539702172096342,2.970050335259001,-0.009026145583669523,6.82783900098575e-05,0.0019663317324482114,8.0,12.0,25.0,-0.00704139677717855,-0.003414848834504538,0.9511662015355676,28.0,0.0,7.716059452497936e-05,0.00041606852494446167,0.00277249590217421,0.9739745299615539,-1.15566789747493,0.8407081095298327,1.4531130226618525,0.031010236742560322,0.0,0.0627447292779224
luh,luh_P018_3_S04_C05,100,2.935272469981899,107.0,0,0,2.5160350808161884,-0.4297994843314785,0.8540992459602246,-0.004065380484685144,0.013826283131765336,0.4297994843314785,0.007041396777178743,0.0015981676136248063,0.40577572996036654,0.6236404438332216,2.889503390930239,-0.004385709023790597,2.9418874714258605,-0.006243320126295706,2.135234942755446e-05,0.001515033094148105,8.0,12.0,25.0,-0.007041396777178565,-0.0034148488345047147,0.967217314975379,28.0,0.0,3.7387092192515774e-05,0.00029217549332340815,0.00277249590217421,0.9762066903783635,-0.8067546104683365,0.8057966424981208,1.740539626750257,0.01227009259181436,0.0,0.08643697201128608
luh,luh_P019_1_S01_C04,50,2.9279162585978415,63.0,0,0,2.5868543966357875,-0.3518998754661875,0.88025542699952,-0.007274526386051142,0.010584685585203108,0.3518998754661875,0.007886396879571045,0.00023842283279849256,-0.01856034499404761,1.0230074226278223,2.8809515334132643,-0.007331247405545573,2.95216680528123,-0.007070816133338634,-3.9175048598572585e-06,0.0026297185119502054,8.0,12.0,24.0,-0.007225342336088705,-0.007729400585977026,0.8956562074607547,42.0,0.0,-1.4064990286845826e-05,7.156555226883247e-05,0.0004560615295483572,0.9999113098896921,-1.1805213247595578,0.8271447456651037,1.532518471979616,0.021739986636405875,0.0,0.08670410803306616
luh,luh_P019_1_S01_C04,100,2.9279162585978415,63.0,0,0,2.19253455265724,-0.7462197194447349,0.7460761770629454,-0.007642017574473105,0.047713987164693356,0.7462197194447349,0.007886396879571045,0.0003238183330076163,-0.052341746618908815,1.08411138554574,2.8809515334132643,-0.0076144869331095395,2.9526573509836194,-0.007042179390712832,-5.880766507453593e-06,0.0029608731632398953,8.0,12.0,24.0,-0.007225342336088872,-0.007886396879570995,0.9768695267182406,42.0,0.0,-6.814995293630906e-06,5.0309267340523175e-05,0.0004560615295483572,0.9995745370366451,-1.2117447752675041,0.8296483145648721,1.567423097806436,0.011857846450783503,0.0,0.18927352510970286
luh,luh_P019_2_S02_C04,50,2.919848558507497,62.0,0,0,2.575784940791034,-0.3549272800583756,0.8788938478730924,-0.00730612715501277,0.01067775646423142,0.3549272800583756,0.008326034039711327,0.0003696738793965149,-0.02493342826973236,1.0302508453329264,2.87277268835921,-0.007394318334549492,2.943782962223876,-0.0070337910037583575,-5.237233677969862e-06,0.0026491487697962047,8.0,12.0,24.0,-0.007242441561274863,-0.007948934385253249,0.8780415586160041,43.0,0.0,-2.305515911566977e-05,0.00012062419867767764,0.0007885302465586719,0.999826024952478,-1.1719651748393765,0.8253530272900196,1.5397421113061975,0.021739986636405875,0.0,0.08690929873529996
luh,luh_P019_2_S02_C04,100,2.919848558507497,62.0,0,0,2.1594832388054646,-0.7712289820439451,0.736845884574631,-0.007910088079144123,0.051154064200512654,0.7712289820439451,0.008326034039711772,0.0005327927000583237,-0.08365591485369492,1.1395961037988316,2.87277268835921,-0.007869683490244337,2.9438939766317387,-0.006913700328927561,-9.768507355064398e-06,0.0030798303642109804,8.0,12.0,24.0,-0.007242441561275071,-0.008326034039711395,0.9764454754989251,43.0,0.0,-1.117105647872659e-05,8.47517172919742e-05,0.0007885302465586719,0.9989122159656829,-1.2148581832615517,0.8303980631092575,1.5626460390144965,0.011811160928344609,0.0,0.19667715818876275
luh,luh_P019_3_S05_C02,50,2.9358558968017427,60.0,0,0,2.5836935297508217,-0.3631178832112738,0.8767760021513312,-0.007422590984203924,0.011024639716146725,0.3631178832112738,0.008979300196293671,0.000595758402370418,-0.04532175622996584,1.0552293782606081,2.8883819934402157,-0.007564955900234871,2.9588824047457023,-0.006926838279899106,-9.533705852017018e-06,0.0026769970391583102,8.0,12.0,24.0,-0.007303677440234849,-0.008542860228312727,0.8980478945342328,42.0,0.0,-3.5651548001232474e-05,0.00016919389726473635,0.0008636159684720646,0.9994858487410468,-1.1500503400624031,0.8224901678767507,1.5544430871766577,0.021739986636405875,0.0,0.08764412928281962
luh,luh_P019_3_S05_C02,100,2.9358558968017427,60.0,0,0,2.1347285199361448,-0.8120828930259507,0.7244197950863588,-0.008354795271799232,0.057136462612809774,0.8120828930259507,0.008979300196293671,0.0008208084330936684,-0.12023913848394253,1.209725851175479,2.8883819934402157,-0.008286560132917864,2.959895920630572,-0.00682986498856371,-1.4950296894466136e-05,0.0032448271312222597,8.0,12.0,24.0,-0.007303677440234996,-0.008979300196293572,0.9784087367776872,43.0,0.0,-1.7274461402663612e-05,0.000119113654616484,0.0008636159684720646,0.997707197016034,-1.2212388332253512,0.83176575974827,1.553196024984284,0.011811160928344609,0.0,0.20652390451475133
luh,luh_P021_1_S02_C08,50,2.9404277229792948,451.0,0,0,2.834864429821609,-0.1104402709995842,0.9625029386708982,-0.002219402568743453,0.0010099013796728347,0.1104402709995842,0.0032513185612654816,0.0007380905496370456,0.4155500745506067,0.560935557012971,2.91929415233107,-0.002300838979158004,2.951767828046062,-0.003581398616733664,2.619223169211954e-05,0.0007713026888671268,13.0,23.0,50.0,-0.003251318561265454,-0.001718276674520326,0.9477011462193604,20.0,0.0,3.261791248393549e-05,0.00017518165805689134,0.0011648052255490704,0.975490847183692,-0.9432984601888412,0.8207622246527226,1.5846629563018124,0.02955880224154439,0.0,0.02405587344328497
luh,luh_P021_1_S02_C08,100,2.9404277229792948,451.0,0,0,2.7616067427952227,-0.18369795802597055,0.9376302363640838,-0.0017911437604706975,0.002662851194594835,0.18369795802597055,0.0032513185612654816,0.0006986645255345688,0.3315111697783072,0.6687001245737775,2.91929415233107,-0.0018744689594486792,2.942982766980948,-0.00261458760795761,8.072978896930401e-06,0.0006324370814141827,13.0,23.0,75.0,-0.0030632336514204235,-0.0011254194591944315,0.9560225309259308,21.0,0.0,2.2219355048268287e-05,0.00013073709257742575,0.0011648052255490704,0.9839178076121208,-0.9487274256836189,0.8122523205678677,1.663513061926191,0.016289952979268458,0.0,0.04295691686300884
luh,luh_P021_2_S03_C08,50,2.949218753329498,428.0,0,0,2.834586955718021,-0.12015343668326617,0.9593353659792702,-0.002398109257480756,0.0011865219216906624,0.12015343668326617,0.003681092714526546,0.0009036898453677625,0.4664381712816456,0.527044503117009,2.9252916506850775,-0.002503196597568045,2.961744477719748,-0.004041902887090352,3.1611415954030096e-05,0.000832859942689982,12.0,20.0,50.0,-0.0036810927145261747,-0.0018035871900344668,0.9401728911412325,20.0,0.0,3.994692605301079e-05,0.00024138285567762703,0.0016636576452517815,0.9693757705918387,-0.8864664226667536,0.819450070156541,1.5955602844697276,0.02955880224154439,0.0,0.02533204611907225
luh,luh_P021_2_S03_C08,100,2.949218753329498,428.0,0,0,2.758558027674733,-0.19618236472655415,0.9336041957421787,-0.0018951088408554338,0.0029922557063757084,0.19618236472655415,0.003681092714526546,0.00083780515408186,0.369929265264216,0.6437761050189392,2.9252916506850775,-0.002001860864556675,2.9509133550420734,-0.002853726650229667,9.398213817394219e-06,0.0006692842195825048,12.0,20.0,69.0,-0.0034220776032533487,-0.0011369892191975559,0.9499572131486517,20.0,0.0,2.6625446678722127e-05,0.0001810591954766284,0.0016636576452517815,0.9801994196817695,-0.8908189270706481,0.8088338647384493,1.6807625349135071,0.016651633592442032,0.0,0.045089679750861755
luh,luh_P021_3_S04_C08,50,2.9363381712533636,430.0,0,0,2.8272201010956057,-0.11442484460376257,0.9611017486080196,-0.0022795990903563858,0.0010736016867470516,0.11442484460376257,0.0035378496306699425,0.0008773525558852212,0.4769339714639976,0.5209485416190809,2.9133421486540088,-0.0023838509292450536,2.9482646278129754,-0.0038745094497086344,3.067135306446527e-05,0.0007944074715760372,12.0,21.0,50.0,-0.003537849630669867,-0.0017058875694326698,0.9467386945783025,20.0,0.0,3.8977916196542125e-05,0.00021001678232388543,0.0013988862299605387,0.9680633100529334,-0.8724130086586688,0.8190896772350439,1.5987255582303268,0.029270382300113224,0.0,0.02395364810799938
luh,luh_P021_3_S04_C08,100,2.9363381712533636,430.0,0,0,2.7523664969047275,-0.18927844879464084,0.9356555762885788,-0.0018161893955125448,0.0027431050305389824,0.18927844879464084,0.0035378496306699425,0.0007821646799826233,0.348803749049095,0.6690261588329576,2.9133421486540088,-0.0019314127428024575,2.937088813674347,-0.002665055960333608,8.322221223736042e-06,0.0006430465764218682,12.0,21.0,73.0,-0.0032745797965589504,-0.0012036151831492255,0.9534624445677307,20.0,0.0,2.4795157143527993e-05,0.00015405496707648854,0.0013988862299605387,0.9820297940887543,-0.8835501197369293,0.8059927403685543,1.6990550563787623,0.016901810802603254,0.0,0.042647189235816896
luh,luh_P022_1_S03_C06,50,2.953872654715128,341.0,0,0,2.836411615703007,-0.12244553680190506,0.9586172868473068,-0.002569578379472076,0.0013532642015394458,0.12244553680190506,0.0033229985265226247,0.0008059185930679726,0.38758600720991576,0.5174291255644162,2.932273164292731,-0.002550948683373022,2.9696555739331325,-0.004178703170021524,3.094470751056616e-05,0.0008912045219862215,13.0,22.0,50.0,-0.0033229985265226494,-0.0016993964589828827,0.9487521172819512,27.0,0.0,3.454472484127135e-05,0.00019668218533859386,0.0013391469853067939,0.9758232044768996,-1.1354004480934425,0.8375120774454781,1.473877858009732,0.03053672386008165,0.0,0.0290984004934991
luh,luh_P022_1_S03_C06,100,2.953872654715128,341.0,0,0,2.751441792753861,-0.20741535975105085,0.9299001779874851,-0.0019703234277275656,0.0032314553422399897,0.20741535975105085,0.0033229985265226247,0.0007066361037899304,0.35550144287020263,0.6613522562919758,2.932273164292731,-0.002116483262765825,2.9567994873693553,-0.002896158419602675,9.076813645834404e-06,0.0006951509900580073,13.0,22.0,68.0,-0.0033229985265226876,-0.001699396458982996,0.9641985805356318,27.0,0.0,1.6738165644739724e-05,0.00013799197727003902,0.0013391469853067939,0.9811190621359089,-0.8528821537731401,0.8060433615599367,1.7333765306304012,0.012195273093818243,0.0,0.04248491147457312
luh,luh_P022_2_S04_C06,50,2.942622295788685,344.0,0,0,2.8187750668476697,-0.12935763168520742,0.9561221814236579,-0.0027148814548941043,0.0015260543740682512,0.12935763168520742,0.003673601829461859,0.0010201442059249045,0.455139344389138,0.4492023507706842,2.9187438838971858,-0.002694950660108488,2.960618478673606,-0.004742462132689409,3.8991936111448116e-05,0.0009474886778029613,12.0,20.0,50.0,-0.0036736018294613823,-0.001631376973842705,0.9375118621839355,27.0,0.0,4.345159267274235e-05,0.0002941014108768393,0.0020381404059071073,0.9659657531702771,-1.0990027540484837,0.8391852656901942,1.4637856045963848,0.03053672386008165,0.0,0.029388814635691318
luh,luh_P022_2_S04_C06,100,2.942622295788685,344.0,0,0,2.737206218155533,-0.21092648037734385,0.9284542108697107,-0.001967912138779481,0.003257964414177571,0.21092648037734385,0.003673601829461859,0.0008901725873560266,0.4531565490933394,0.6009017339972119,2.9187438838971858,-0.002152311024258611,2.9444005995336457,-0.00312206596631725,1.1315233603311568e-05,0.0006986729344718519,12.0,20.0,65.0,-0.0036736018294614516,-0.0016313769738427741,0.9566051632283908,27.0,0.0,2.1053864490916396e-05,0.00020586844642265823,0.0020381404059071073,0.9707555955596526,-0.7248314388558308,0.8010809153270553,1.7670834360948093,0.012195273093818243,0.0,0.04078442434606799
luh,luh_P022_3_S05_C04,50,2.9410429438228967,314.0,0,0,2.8109300302915234,-0.13586026039344068,0.953895511050479,-0.002854747058366403,0.001684961102936806,0.13586026039344068,0.0038315645747117877,0.001045180244942966,0.44542201261738046,0.4571830367723135,2.9161377740872707,-0.002830422091530014,2.9598436736924354,-0.004941902431214345,4.0137603323998554e-05,0.0009980878413821746,12.0,19.0,50.0,-0.0038315645747115917,-0.0017254665253309414,0.9491515535379876,27.0,0.0,4.481059679534043e-05,0.00025327291014967906,0.001720682106344018,0.9673316200650013,-1.1084943153367355,0.8394495845501738,1.4620034624323064,0.03053672386008165,0.0,0.030652516597693413
luh,luh_P022_3_S05_C04,100,2.9410429438228967,314.0,0,0,2.724656704024975,-0.22213358665998895,0.9246184611907503,-0.0020770993792325002,0.003626102708141404,0.22213358665998895,0.0038315645747117877,0.0009166015980493284,0.4454835518616182,0.6044201080001663,2.9161377740872707,-0.00226666925163254,2.9431692096104967,-0.003278542320952495,1.177885236980374e-05,0.0007395140466443319,12.0,19.0,60.0,-0.0038315645747117226,-0.0017254665253309829,0.9644680128797414,27.0,0.0,2.1712351024541812e-05,0.00017771644332426878,0.001720682106344018,0.9716710875956399,-0.7384637072424098,0.8018582442580204,1.7627961376492791,0.012195273093818243,0.0,0.043136663133274133
luh,luh_P023_1_S03_C04,50,2.9479900303045867,82.0,0,0,2.736363115106541,-0.21728976382920262,0.9264335476322132,-0.004198932442258048,0.0035758640186737984,0.21728976382920262,0.007401733399016841,0.0014654338370167443,-0.2897104558788269,1.3629196470456733,2.923451019569572,-0.004526870079775054,2.953319349184629,-0.0025747327524151607,-3.1234609420054845e-05,0.0014659942870699474,12.0,20.0,42.0,-0.0037752324207713877,-0.007249217476756887,0.8995980823163998,40.0,0.0,-7.715959528182306e-05,0.0004965670737410193,0.003440098827963478,0.9861132057916516,-0.8613586908738493,0.8024312618255383,1.6744966215264052,0.025533302005164762,0.0,0.045302789049257886
luh,luh_P023_1_S03_C04,100,2.9479900303045867,82.0,0,0,2.366276445155699,-0.5873764337800447,0.8011355911288779,-0.0061803342389085344,0.03177142342870766,0.5873764337800447,0.007401733399016841,0.0017655549131592608,-0.3149617842418324,1.7627655364315515,2.923451019569572,-0.005993637079388211,2.961499780284359,-0.003011070224682733,-3.107121582574299e-05,0.0022684191703097657,12.0,20.0,42.0,-0.003775232420771506,-0.007401733399016904,0.9692732233041434,40.0,0.0,-3.7386608023151376e-05,0.00034779783109086,0.003440098827963478,0.9818204704857976,-1.234095973275637,0.8420857628144265,1.4780038710886203,0.016590242260196807,0.0,0.1491868488127901
luh,luh_P023_2_S04_C04,50,2.942440355841548,72.0,0,0,2.703589765756392,-0.24478984178566154,0.9169747880634227,-0.004602113352347134,0.004350166522337245,0.24478984178566154,0.009463260622999847,0.002223218284419399,-0.41698759026573146,1.5248476613066042,2.9167035984726906,-0.005099788370534615,2.944338895892805,-0.002138455613740219,-4.737803343474909e-05,0.0016119188138809073,11.0,19.0,41.0,-0.003959501133670417,-0.00923033228433243,0.8999535743112579,40.0,0.0,-0.00011710126573041883,0.000750706082564212,0.00519995196551859,0.9737304169438009,-0.6689108912728159,0.7927158531790753,1.7271353347010876,0.025533302005164762,0.0,0.04751401360404506
luh,luh_P023_2_S04_C04,100,2.942440355841548,72.0,0,0,2.2304267346064046,-0.717952872935649,0.7564923895487875,-0.007609301437743869,0.04861666988211911,0.717952872935649,0.009463260622999847,0.0026793476984441084,-0.37718233809262747,2.0562858622709426,2.9167035984726906,-0.007326049723833153,2.9567399486799903,-0.0027991368013776732,-4.7158476827119664e-05,0.002831370965950112,11.0,19.0,41.0,-0.003959501133670462,-0.00946326062299977,0.9694164000022443,40.0,0.0,-5.673978854979056e-05,0.0005258230397477865,0.00519995196551859,0.9726334461791925,-1.222137872060138,0.8459702675934361,1.4497323152609791,0.01834913866819654,0.0,0.17980195183699532
luh,luh_P023_3_S05_C03,50,2.947498176210032,79.0,0,0,2.727786085931645,-0.22556082254069043,0.9236253547141317,-0.004347046826953703,0.0038355071418395875,0.22556082254069043,0.007797179522748721,0.001561556513689748,-0.29803974676316436,1.3720940412761322,2.9221536697400476,-0.004699183802931051,2.9527692219757395,-0.0026249304921327193,-3.3117621823482186e-05,0.0015193979600492372,12.0,19.0,41.0,-0.0038991548415359127,-0.007606776009473626,0.9077731339477502,40.0,0.0,-8.293669534494865e-05,0.00048440931505695626,0.0033191680160529202,0.9853620612300734,-0.8471551569582512,0.8012691389488519,1.6795483660473822,0.025533302005164762,0.0,0.046789858098431836
luh,luh_P023_3_S05_C03,100,2.947498176210032,79.0,0,0,2.3379271097942276,-0.6154197986781078,0.791619536156542,-0.0064788543169749645,0.0349490395744097,0.6154197986781078,0.007797179522748721,0.0018954530274745607,-0.3226892209689294,1.7936727698450954,2.9221536697400476,-0.006279793864062325,2.96130915096279,-0.0030663131038412865,-3.345628640327125e-05,0.0023861686771394844,12.0,19.0,41.0,-0.0038991548415360316,-0.007797179522748396,0.9725611033417283,40.0,0.0,-4.0185821455799855e-05,0.0003397286065682633,0.0033191680160529202,0.9808577168430039,-1.2322507659932982,0.8424455037018436,1.475579179596319,0.016590242260196807,0.0,0.15594359045496686
luh,luh_P025_1_S01_C09,50,2.944620627407579,718.0,0,0,2.877975310146553,-0.06977214728933889,0.9763303511251162,-0.0013963594318348858,0.00040015878375785355,0.06977214728933889,0.0020845533522089177,0.0004784462216890819,0.42459989097039663,0.5591662328765796,2.9310710306182206,-0.001453586401861227,2.9516489246625652,-0.0022656984445492035,1.6718057936812996e-05,0.0004807177633516742,18.0,43.0,50.0,-0.0020845533522088735,-0.0010841961795454605,0.9483191886060649,20.0,0.0,2.1284195163059136e-05,0.00011107292163200344,0.0007246587358773482,0.9745229853828506,-0.9203491571303513,0.8197104555366644,1.5938467825823261,0.0289875368732523,0.0,0.01517874651363682
luh,luh_P025_1_S01_C09,100,2.944620627407579,718.0,0,0,2.828648895234457,-0.11909856220143489,0.9595967551762277,-0.0011478824985455404,0.0010900797120603123,0.11909856220143489,0.0020845533522089177,0.0004179669775114038,0.28945627868870466,0.7151589901505114,2.9310710306182206,-0.0012152914510350499,2.9454133002831653,-0.0015948724072201988,4.38225400661411e-06,0.00039908881126233837,18.0,43.0,100.0,-0.0019389514527154432,-0.0008499066639745098,0.954810688052618,20.0,0.0,1.3023882938348188e-05,7.994557749524034e-05,0.0007246587358773482,0.9871461169089366,-0.9442712157634379,0.8069219747070655,1.6920474908776098,0.014925650216675706,0.0,0.027104904488636894
luh,luh_P025_2_S02_C09,50,2.930987723898246,690.0,0,0,2.861955960669333,-0.07217045161190994,0.9754030871642649,-0.001455049672178778,0.00043331658418066537,0.07217045161190994,0.002092458921998386,0.0004623991424246377,0.4001293602645067,0.5698709678523581,2.9173867409052585,-0.0015035510752481236,2.9384262401276082,-0.0023184626136618916,1.660409502851975e-05,0.0005034660612100966,18.0,41.0,50.0,-0.002092458921998032,-0.001132433088942074,0.9536674892739392,21.0,0.0,2.042608155437801e-05,9.750860456093268e-05,0.0005331983476790647,0.9771929465893192,-0.9650916091990296,0.821526567495375,1.578283463423331,0.02955880224154439,0.0,0.015854063245190897
luh,luh_P025_2_S02_C09,100,2.930987723898246,690.0,0,0,2.811235808238702,-0.12289060404254082,0.9581167997642627,-0.0011914589477362621,0.001174733746264588,0.12289060404254082,0.002092458921998386,0.00041753058523098785,0.2972378726315511,0.7018944710736419,2.9173867409052585,-0.0012539857555361308,2.9324683818841737,-0.0016753284870079485,4.743819012467828e-06,0.00041656257760595394,18.0,41.0,100.0,-0.0019871745584969557,-0.0008595234780002417,0.9587729254433621,21.0,0.0,1.2796204669871457e-05,7.374757109329812e-05,0.0005331983476790647,0.9868781898321438,-0.9598160986270385,0.8095334245298147,1.6788039079731594,0.014842573037928852,0.0,0.028310827223554824
luh,luh_P025_3_S03_C09,50,2.95335058351529,702.0,0,0,2.8866292710681116,-0.06970611415954009,0.976421445784585,-0.0014033634621200472,0.0004012709537715458,0.06970611415954009,0.0019898678082412857,0.0004072440781510813,0.35895505310994485,0.6100864620792795,2.9404164427617214,-0.0014522107116570853,2.960080309080914,-0.0021431440968752375,1.4226550668368495e-05,0.00048149891086914364,19.0,44.0,50.0,-0.001989867808241148,-0.0011379257287880047,0.9489244407083801,20.0,0.0,1.8126427222405313e-05,9.338785166598657e-05,0.0006026638270051343,0.981595596841949,-0.9772097518601512,0.8207399267646014,1.5859870293887217,0.025317807984289897,0.0,0.015930960203034417
luh,luh_P025_3_S03_C09,100,2.95335058351529,702.0,0,0,2.835804084901826,-0.12053130032582571,0.9592294903588741,-0.0011785892979118762,0.001146178956696845,0.12053130032582571,0.0019898678082412857,0.00037259293937104383,0.260466751690359,0.7290248761214637,2.9404164427617214,-0.001229911227814548,2.9551579101026952,-0.00160463126741608,4.176882053962711e-06,0.0004085312464654767,19.0,44.0,100.0,-0.0018651876406337075,-0.0008584134716875608,0.9556062748995912,20.0,0.0,1.1742196855382663e-05,6.985753650970123e-05,0.0006026638270051343,0.9897314831275584,-1.011045806835809,0.8121588860286757,1.659547337105911,0.014752638475038183,0.0,0.028448143219704125
luh,luh_P026_1_S01_C07,50,2.93958105376805,581.0,0,0,2.862584056177458,-0.08027166476532877,0.9727232075313523,-0.001675389926369725,0.0005747492095420432,0.08027166476532877,0.0021831114498245263,0.0005126996675192881,0.3852536401372232,0.5274030326162806,2.9253908293441935,-0.0016723263492776825,2.9496269062002933,-0.002704982976571799,1.979986635003881e-05,0.0005790150938128006,17.0,35.0,50.0,-0.0021831114498241898,-0.0011484877463387995,0.954277708005153,26.0,0.0,2.2013270286916178e-05,0.00011258116073764749,0.0007213396460699073,0.9767499837425753,-1.116981756597021,0.835010267312188,1.4891916750903806,0.030305349495328922,0.0,0.018689087998837728
luh,luh_P026_1_S01_C07,100,2.93958105376805,581.0,0,0,2.8051596688605125,-0.1376960520822741,0.9532100567817979,-0.0013107527021376075,0.0014262288403642817,0.1376960520822741,0.0021831114498245263,0.0004442086990276915,0.32533369599857326,0.6855047462458421,2.9253908293441935,-0.0014050617559415723,2.941359742999178,-0.001874474744264983,5.526686687523368e-06,0.0004581248080021115,17.0,35.0,100.0,-0.0021831114498242063,-0.0011484877463389578,0.966653659259029,27.0,0.0,1.0666223747268662e-05,7.913464043368532e-05,0.0007213396460699073,0.9837780735615848,-0.8782845710910752,0.8059223779421035,1.7295411167424082,0.01212136053234485,0.0,0.02871219365847244
luh,luh_P026_2_S02_C07,50,2.9507981136750816,613.0,0,0,2.8745244669171184,-0.079543354052372,0.9730732810236338,-0.0016671712172315596,0.0005706332554900235,0.079543354052372,0.0021798048629397826,0.0005423267224054584,0.4011001452726554,0.5052161380830567,2.936629382065975,-0.0016571532094244168,2.9611480714744514,-0.002747562063128958,2.0776747036486438e-05,0.0005739701744274348,18.0,35.0,50.0,-0.00217980486293918,-0.0010918161313395512,0.9416934498709763,27.0,0.0,2.3148696417016275e-05,0.00014791816430552692,0.001024450189674564,0.9741668018204445,-1.1243153273570683,0.8372624678253519,1.4755306794421978,0.03053672386008165,0.0,0.01849350829110863
luh,luh_P026_2_S02_C07,100,2.9507981136750816,613.0,0,0,2.8199336603501366,-0.1341341606193538,0.9545934051793934,-0.0012704021139900521,0.00134495571765509,0.1341341606193538,0.0021798048629397826,0.0004732083627527355,0.36672904140992285,0.6548914233012588,2.936629382065975,-0.0013687159246872835,2.952503703779382,-0.0018834830941153108,6.010597844365379e-06,0.00044216482823678465,18.0,35.0,100.0,-0.0021798048629394777,-0.0010918161313397065,0.9592596628492983,27.0,0.0,1.1216378676286236e-05,0.00010361168802361953,0.001024450189674564,0.979984619470944,-0.835772451556724,0.8050277530156782,1.739244948510078,0.012195273093818243,0.0,0.027295403283491115
luh,luh_P026_3_S03_C07,50,2.9371884775653534,563.0,0,0,2.862532479707244,-0.07773442158030974,0.9735621206543292,-0.0016259016130503255,0.0005386464619465862,0.07773442158030974,0.0020522824814670493,0.0004426887329759896,0.34315594249790093,0.5678112202705522,2.9238486414358174,-0.001619467116256453,2.946554204100252,-0.002513319670220743,1.7065731868660968e-05,0.0005619215725424852,18.0,37.0,50.0,-0.002052282481467168,-0.0011592351994891776,0.9528341689990213,27.0,0.0,1.900100599953024e-05,0.00010013183767783654,0.0006579972373614851,0.9815551542904062,-1.144051135890828,0.8351473798081128,1.4883439150141147,0.03053672386008165,0.0,0.018470542333203
luh,luh_P026_3_S03_C07,100,2.9371884775653534,563.0,0,0,2.8045707197327867,-0.13569618155476704,0.9538490259182439,-0.0013037303601704498,0.001405941848075779,0.13569618155476704,0.0020522824814670493,0.0003858992472778718,0.28497508709540403,0.7129799184554239,2.9238486414358174,-0.0013846549138241534,2.939445749807979,-0.0018016244366203078,4.8813144749982876e-06,0.00045566756863134415,18.0,37.0,100.0,-0.002052282481467117,-0.0011592351994892114,0.966261805568936,27.0,0.0,9.206673010081661e-06,7.034428541197841e-05,0.0006579972373614851,0.9873088499768459,-0.9310958433729395,0.8089566008955741,1.710974465301075,0.012145898302108115,0.0,0.028980879987228647
luh,luh_P027_1_S01_C05,50,2.9488857315668353,269.0,0,0,2.8528012822672437,-0.09961114750711575,0.9662611000744471,-0.0021859245757909268,0.0009623593033666557,0.09961114750711575,0.0023511321383495876,0.0005073893978522031,0.1622628189085661,0.7769174449278052,2.933603372667564,-0.002075232239731578,2.9600334354044797,-0.0027999047277481467,1.1807310614561132e-05,0.0007548698144819551,17.0,29.0,50.0,-0.002351132138349287,-0.0011329382881687569,0.9201684258058762,39.0,0.0,2.614162407239976e-05,0.00014269612866601574,0.0009566318196303492,0.9930316534232076,-1.3021402470952606,0.849125074425234,1.39875073542361,0.04367506350266153,0.0,0.028213585660193274
luh,luh_P027_1_S01_C05,100,2.9488857315668353,269.0,0,0,2.796677491919906,-0.15573493785445347,0.947251631823554,-0.0015216577023735784,0.0019556249994813106,0.15573493785445347,0.0023511321383495876,0.0005940847655067234,0.48479565115466683,0.5135016182068545,2.933603372667564,-0.0015891320189229945,2.9565912718745984,-0.002577984114860743,1.0356141298893974e-05,0.0005331922421542038,17.0,29.0,96.0,-0.0023511321383495156,-0.0011224758069468212,0.974159181739799,39.0,0.0,1.2666560117554523e-05,0.00010018431076877369,0.0009566318196303492,0.9669258849604112,-0.8948270221425787,0.8175762268472275,1.655705098048131,0.013658748931040016,0.0,0.032551798401455834
luh,luh_P027_2_S02_C05,50,2.935465673245665,285.0,0,0,2.8480443910336097,-0.09057549052896041,0.9691775410976944,-0.0019798453308536904,0.0007880537007146869,0.09057549052896041,0.0021028055446037364,0.0004162283543815409,0.1382698949228889,0.8115021441443477,2.9217974372057425,-0.0018869893860200087,2.9450934962370674,-0.002448716010290319,9.016743835318257e-06,0.0006855555714613465,18.0,32.0,50.0,-0.0021028055446034467,-0.001111991339763753,0.9045210966130293,40.0,0.0,2.1846799594073293e-05,0.00013536914392815117,0.0009356197781364983,0.9948021386229141,-1.295789668106878,0.8481067619277068,1.4110207539225226,0.04485056616535179,0.0,0.025233666535241284
luh,luh_P027_2_S02_C05,100,2.935465673245665,285.0,0,0,2.794244092849533,-0.14437578871303725,0.9508695256508415,-0.0014197594234492622,0.0016922846566523795,0.14437578871303725,0.0021028055446037364,0.0004992096265978081,0.438400046053143,0.5434798097170551,2.9217974372057425,-0.0014732223338065026,2.942682132847555,-0.0023146980219770066,8.773907828703568e-06,0.0004983371215165614,18.0,32.0,100.0,-0.0021028055446034684,-0.0010760059636815461,0.9705630498528961,40.0,0.0,1.0585562689916379e-05,9.485903129361122e-05,0.0009356197781364983,0.9727493127403063,-0.9451250360734731,0.8187502637729867,1.6455368972225852,0.013766195764147959,0.0,0.031204172946764697
luh,luh_P027_3_S03_C05,50,2.9390475204807256,298.0,0,0,2.8479798307803206,-0.09436201955444057,0.9679296205695118,-0.002061693788527429,0.000854780606415174,0.09436201955444057,0.0021962199026908102,0.00043097277516912594,0.14354897596678676,0.8040502939849321,2.9247720911132364,-0.0019658754073841786,2.9491628983026326,-0.0025681078394507208,9.738731748523875e-06,0.0007135295659235347,17.0,31.0,50.0,-0.002196219902690442,-0.001158590868503841,0.9258084865591567,39.0,0.0,2.258414058744165e-05,0.0001086786818801061,0.0006194649090005555,0.9945432186345481,-1.296252071921451,0.8477559214884514,1.4105007899563768,0.04485056616535179,0.0,0.02635463883228706
luh,luh_P027_3_S03_C05,100,2.9390475204807256,298.0,0,0,2.791241566026281,-0.15110028430848033,0.9486462511855007,-0.0014851358037767555,0.001850057033934781,0.15110028430848033,0.0021962199026908102,0.0005134077986154429,0.4314746774727226,0.5504043817735679,2.9247720911132364,-0.0015418396358008197,2.9464417189625838,-0.0024043107102877177,9.011518691283811e-06,0.0005213106378890504,17.0,31.0,100.0,-0.0021962199026905656,-0.0011347652950808433,0.9772949497167419,40.0,0.0,1.0942831006281582e-05,7.648706842847075e-05,0.0006194649090005555,0.97362574454857,-0.9463005281486572,0.8185180561809609,1.647717618863467,0.013658748931040016,0.0,0.03290819355734298
luh,luh_P029_1_S06_C08,50,2.9341441439174742,132.0,0,0,2.71458936358889,-0.22989570371517365,0.9219232910134391,-0.004625956359745194,0.004413289311293834,0.22989570371517365,0.006893948924393101,0.001701267415338303,0.460604731125247,0.5190842405681794,2.8893334759089195,-0.004789493827399451,2.9593807377579564,-0.007809046802105166,6.121327773769189e-05,0.0016518527826666718,8.0,13.0,29.0,-0.006893948924392999,-0.0034124536494204963,0.9348600916269785,21.0,0.0,7.407436755261444e-05,0.0004950072666180457,0.0034310135934858543,0.9697742764112314,-0.9265387470374127,0.8217360629563187,1.5758690069771077,0.030153038170687558,0.0,0.05118680474130688
luh,luh_P029_1_S06_C08,100,2.9341441439174742,132.0,0,0,2.5653777814538623,-0.37910728585020115,0.8712483584787518,-0.003654158817616439,0.011112808705815528,0.37910728585020115,0.006893948924393101,0.0015476200316951218,0.35888339926410895,0.657804895618557,2.8893334759089195,-0.0038684416923489913,2.9372446454538674,-0.005424275395382207,1.735408409574271e-05,0.001348740985905931,8.0,13.0,29.0,-0.006573988155921042,-0.0023816621773327415,0.947360213216746,21.0,0.0,4.807350360822399e-05,0.00036115239449460696,0.0034310135934858543,0.9812865104202378,-0.8844672049935758,0.8088496554304998,1.6923458892841745,0.016529301951210582,0.0,0.08531134123551176
luh,luh_P029_2_S08_C07,50,2.947597798153884,135.0,0,0,2.7361311001811464,-0.22115727419402642,0.9252161959887482,-0.004457333251066738,0.004072980276909162,0.22115727419402642,0.006460384147525922,0.0014649436235196747,0.4140143601768441,0.5577931695765771,2.9056053011949667,-0.0046074432123755504,2.9707485116196364,-0.007198895982088469,5.272236021195565e-05,0.0015797209834514595,9.0,13.0,32.0,-0.006460384147525774,-0.003426785628927997,0.951297938766531,21.0,0.0,6.454464933186459e-05,0.00032650758482919627,0.002066790670720131,0.975591255558069,-0.9570770647330389,0.8215904911493787,1.577550355242366,0.02955880224154439,0.0,0.0484690410343922
luh,luh_P029_2_S08_C07,100,2.947597798153884,135.0,0,0,2.5858572033141916,-0.3714311710609812,0.8744014367082281,-0.0036138260866658855,0.010825826708736906,0.3714311710609812,0.006460384147525922,0.0013570960082965324,0.3164500066458379,0.6857635988779929,2.9056053011949667,-0.0037901139904181758,2.9521798748256733,-0.005182531130103196,1.5379461210169604e-05,0.0013232086042870334,9.0,13.0,32.0,-0.006143470045589403,-0.0024167294801736294,0.9577246191380799,21.0,0.0,4.291890703158104e-05,0.00024289271703929218,0.002066790670720131,0.9851860547090892,-0.9470018492127714,0.8117602060194986,1.672631216520507,0.016529301951210582,0.0,0.08566964072320138
luh,luh_P029_3_S09_C07,50,2.924922005007109,135.0,0,0,2.7215200173499943,-0.21241941981388024,0.9275992485996174,-0.004294181121615624,0.0037593824967914642,0.21241941981388024,0.006011621437843839,0.0012434122573562753,0.36435659261985187,0.5989594849719653,2.885846465661124,-0.004425404579455838,2.9462304632582574,-0.006613927204584552,4.46105015955558e-05,0.0015301051278946251,9.0,14.0,34.0,-0.006011621437843878,-0.003428846093699763,0.9538461783385137,21.0,0.0,5.4952666896687354e-05,0.0002608965934754876,0.0013448511216958003,0.9810117231209204,-0.9929542192821899,0.8219364668438628,1.575319595946215,0.025317807984289897,0.0,0.04800384531179791
luh,luh_P029_3_S09_C07,100,2.924922005007109,135.0,0,0,2.5694616386731717,-0.36447779849070283,0.875771873858777,-0.003576249615575329,0.010562897256827374,0.36447779849070283,0.006011621437843839,0.0011670283031457748,0.27217839113110265,0.7189702133085196,2.885846465661124,-0.0037191612090888043,2.930804381069451,-0.0049294778434491125,1.32669434105274e-05,0.001316347081957842,9.0,14.0,34.0,-0.005724671166799127,-0.002499966415551194,0.9587870195739595,21.0,0.0,3.729575916247877e-05,0.00019935452170209114,0.0013448511216958003,0.9888204108760186,-1.0025492150463096,0.8144985000406676,1.6558370483464644,0.016597891409037828,0.0,0.08572115234249589
luh,luh_P030_1_S06_C06,50,2.93089510091822,118.0,0,0,2.7041757202455385,-0.23613077461902066,0.9196917821215446,-0.005010028352377799,0.005134989120746892,0.23613077461902066,0.006274262630892924,0.0015363438782297245,0.36262593667145643,0.5320348076008263,2.8901123938174162,-0.004919391137896263,2.9619824563149666,-0.008005317321782272,5.7601710950084455e-05,0.001792195422147011,9.0,13.0,27.0,-0.006274262630892907,-0.003172672501989254,0.9386179530877126,29.0,0.0,6.599127933838268e-05,0.0004331333913866283,0.003002029085765301,0.9776217047945309,-1.183139627833756,0.8414748936491036,1.4469405782025115,0.03149866705937105,0.0,0.056994418959688264
luh,luh_P030_1_S06_C06,100,2.93089510091822,118.0,0,0,2.5455420951460725,-0.39476439971848665,0.8657403912116071,-0.0037587678239700386,0.01179244958455599,0.39476439971848665,0.006274262630892924,0.0013851100468148046,0.38542382941784653,0.633264380726218,2.8901123938174162,-0.004028208160392721,2.938371540089341,-0.0056909602991592435,1.8943063482247387e-05,0.0013914993236702174,9.0,13.0,27.0,-0.006274262630892899,-0.0031726725019893824,0.9606448416003021,29.0,0.0,3.197515596807775e-05,0.00030329661581469605,0.003002029085765301,0.9784346008960569,-0.8431180387983641,0.8080545317040668,1.7274048060703149,0.012345835822299379,0.0,0.08244688134868827
luh,luh_P030_2_S08_C05,50,2.927929928375643,123.0,0,0,2.70670755698643,-0.2304760291607173,0.9215316229303037,-0.004856010151569399,0.004824366225277061,0.2304760291607173,0.006169105181002887,0.0014731067992047753,0.37015941268986746,0.530848142749421,2.887830744699125,-0.004801583940848277,2.957603241011661,-0.007776732589785434,5.616773919646041e-05,0.0017367834216339424,9.0,13.0,28.0,-0.006169105181002677,-0.0032010184219993364,0.9450848794090989,28.0,0.0,6.315078210645998e-05,0.00038095028637324263,0.0026249759296628206,0.9775723272663149,-1.1574696327805891,0.838864599558302,1.4650870909501295,0.031010236742560322,0.0,0.055521946629024654
luh,luh_P030_2_S08_C05,100,2.927929928375643,123.0,0,0,2.5466566358864604,-0.39052695026068696,0.8670403334328308,-0.0037210042998097725,0.011522405707271345,0.39052695026068696,0.006169105181002887,0.0013050150456729499,0.35431924393771186,0.6591869296164609,2.887830744699125,-0.003984968880211092,2.9343761872687613,-0.005473963150391919,1.718587108413877e-05,0.0013763967542839834,9.0,13.0,28.0,-0.006169105181002798,-0.003201018421999452,0.9628722851535692,28.0,0.0,3.059883256704304e-05,0.00026704576392112215,0.0026249759296628206,0.9813456700464273,-0.8638747203827739,0.8074123100032914,1.7271523479706838,0.012245050960100288,0.0,0.08002546054998483
luh,luh_P030_3_S09_C05,50,2.928809617370333,123.0,0,0,2.7082411159635575,-0.2296450345610328,0.9218332424079717,-0.00486190377437881,0.004826454217190493,0.2296450345610328,0.006051022102838921,0.0014149035869709175,0.34962006168763027,0.5483696694382056,2.8894779737018825,-0.00478427155335485,2.9583101465605273,-0.007643505017991973,5.34923316079457e-05,0.0017374875166235337,9.0,14.0,28.0,-0.0060510221028384735,-0.0031824881957476588,0.9490262856348612,29.0,0.0,6.103263632108199e-05,0.0003405585194617578,0.00230371958078468,0.9795227406126241,-1.182522938288344,0.8403573932600011,1.4544459727289238,0.03149866705937105,0.0,0.0557781103311803
luh,luh_P030_3_S09_C05,100,2.928809617370333,123.0,0,0,2.549116706176177,-0.38876944434841354,0.8676703505753636,-0.00371662138588165,0.011494947458872985,0.38876944434841354,0.006051022102838921,0.0012734631239187512,0.3554439356099728,0.6545765493177084,2.8894779737018825,-0.003967035146412383,2.9363431906702826,-0.005485186399189082,1.7338872679484766e-05,0.0013738513154373932,9.0,14.0,28.0,-0.006051022102838543,-0.0031824881957476887,0.9666997207298171,29.0,0.0,2.9572514506091273e-05,0.00023901234427666415,0.00230371958078468,0.9813738517079086,-0.8748063593159676,0.8089059779644129,1.7200734421032644,0.01227009259181436,0.0,0.08155197018581806
luh,luh_P031_1_S06_C04,50,2.945743608553827,97.0,0,0,2.665837453558203,-0.28943328367569787,0.9020620073724264,-0.006236945795557193,0.0077875987384392765,0.28943328367569787,0.006351419120049329,0.0008786044242954128,0.0494348029729041,0.9365940022063156,2.904459384273509,-0.006029860076577039,2.9706851649132417,-0.006747154305583529,9.811702115889904e-06,0.0022252087181527736,9.0,13.0,27.0,-0.006351419120048887,-0.004956652957860557,0.8559748688910314,44.0,0.0,6.0638647866001363e-05,0.00029187296860071714,0.0016652646115611347,0.9990112270349164,-1.251687477939026,0.8433936145658306,1.4600530649481707,0.041242958534049134,0.0,0.0762170294405875
luh,luh_P031_1_S06_C04,100,2.945743608553827,97.0,0,0,2.49076732004086,-0.46450341719304067,0.8428220428874106,-0.004650909206358165,0.01805920722056025,0.46450341719304067,0.006351419120049329,0.00140559752897464,0.3868084589037689,0.561397001853222,2.904459384273509,-0.0047398307876840885,2.972808654837596,-0.007312322231769493,2.6092284562856365e-05,0.0017397850318833514,9.0,13.0,27.0,-0.00635141912004897,-0.0035014026703469024,0.9785463644993037,45.0,0.0,2.9381612883526433e-05,0.0002054164757257334,0.0016652646115611347,0.9781869647788894,-1.042316922044111,0.8239328091964513,1.6047979022605925,0.013170463189745121,0.0,0.10504208011040594
luh,luh_P031_2_S07_C04,50,2.929508213311773,94.0,0,0,2.6450343114129145,-0.2941247316578104,0.899928949965729,-0.006329930253659936,0.008020455722069842,0.2941247316578104,0.0064338865059681005,0.000878047549233434,0.04482869627677148,0.9428190338782645,2.887687951022981,-0.006127598576204383,2.9545317314599324,-0.006798427192599601,9.009556518069634e-06,0.002273014578345366,9.0,13.0,27.0,-0.006433886505967958,-0.005136752571125338,0.8191236116295942,44.0,0.0,6.12322001030922e-05,0.00037199552603932757,0.002565659800420228,0.9991456447030785,-1.248029675180948,0.8427472494546242,1.4636045798069075,0.041242958534049134,0.0,0.07720663807161587
luh,luh_P031_2_S07_C04,100,2.929508213311773,94.0,0,0,2.4672356563567814,-0.4719233867139434,0.8394359135391002,-0.004729897151768278,0.01867415773363548,0.4719233867139434,0.0064338865059681005,0.0014248657957866048,0.38467924527856506,0.5617712926720863,2.887687951022981,-0.004815544762387177,2.9572364441760435,-0.007426270772335234,2.643503549575442e-05,0.001782924889988174,9.0,13.0,27.0,-0.0064338865059680155,-0.0035559731011227166,0.9726441065768688,45.0,0.0,2.9669210359234823e-05,0.0002607429335367075,0.002565659800420228,0.9783791785822574,-1.047206594626678,0.8242717907403788,1.6024099202044177,0.013195290418832545,0.0,0.10667919303368034
luh,luh_P031_3_S09_C03,50,2.9319535829371786,90.0,0,0,2.646216438411099,-0.29536677246761167,0.8995891833434215,-0.006330901688358947,0.008021215115663893,0.29536677246761167,0.006419751961021181,0.0007790960657678212,0.03881270630503565,0.9509136105934753,2.8902251951905416,-0.006153474426408577,2.956577013152335,-0.006732947646269548,7.731653036741273e-06,0.002271055790357348,9.0,13.0,27.0,-0.006419751961021231,-0.005301492971918038,0.7998000183635662,45.0,0.0,5.427679262168191e-05,0.0003642687472203051,0.0025247338579110767,0.9993577184932334,-1.2424249154902471,0.8411869366349951,1.4706002090255579,0.041672696400568074,0.0,0.07703702353225372
luh,luh_P031_3_S09_C03,100,2.9319535829371786,90.0,0,0,2.452779303020994,-0.48880390785771644,0.8338296513081808,-0.004913050448038709,0.020030526278820796,0.48880390785771644,0.006419751961021181,0.0012656057010272859,0.3296031977673917,0.6110887355770886,2.8902251951905416,-0.004987794978139963,2.959133296120837,-0.0073056657325831645,2.345701259357294e-05,0.0018520131088490361,9.0,13.0,27.0,-0.006419751961021169,-0.0038687427078021417,0.9691736934266496,45.0,0.0,2.6299064466175772e-05,0.00025500924367472623,0.0025247338579110767,0.9841355423216354,-1.0802666563168304,0.8244646730845346,1.601047425771604,0.013195290418832545,0.0,0.11306270830580045
luh,luh_P033_1_S07_C08,50,2.938274123321533,524.0,0,0,2.8378663435555094,-0.10512896040158903,0.9642782439169255,-0.0021078049186081574,0.0009135629044687436,0.10512896040158903,0.003147453757044172,0.0007428346787362372,0.4396956844524067,0.5430960876693229,2.917815673900748,-0.0021901866750331047,2.9492244915356594,-0.0034758937341992685,2.6309400299828277e-05,0.0007324488958508033,13.0,25.0,50.0,-0.0031474537570437586,-0.001605355579199119,0.9459163543501953,20.0,0.0,3.281059952861011e-05,0.00018195128798951843,0.0012279727790174277,0.9726405380902449,-0.9210072330932051,0.8203941576330633,1.5875682102788087,0.02955880224154439,0.0,0.022536073902196918
luh,luh_P033_1_S07_C08,100,2.938274123321533,524.0,0,0,2.767201249283714,-0.17579405467338427,0.9402669605224939,-0.0017050508734570598,0.0024112955708577065,0.17579405467338427,0.003147453757044172,0.0006786588793233991,0.3195360087890342,0.6888786372495252,2.917815673900748,-0.0017938168844222884,2.939694558546939,-0.0024438350059534297,7.2429816911408985e-06,0.0006013787751670185,13.0,25.0,79.0,-0.002955932873846447,-0.0011438500049154932,0.9516375801501382,21.0,0.0,2.2057459765420765e-05,0.00013879490874035594,0.0012279727790174277,0.9846209322380228,-0.9260220221862521,0.8106562736408853,1.6817340943758075,0.016620881236040407,0.0,0.04013388947997765
luh,luh_P033_2_S08_C08,50,2.9445400231909495,508.0,0,0,2.8421735247190605,-0.10698901876396949,0.9637222373516202,-0.002156025860890362,0.0009496540199306493,0.10698901876396949,0.0030816801947204375,0.000662436991835253,0.38407886823107185,0.5853175306786764,2.924509101925267,-0.002228937890916031,2.955301170092303,-0.0033794699468510814,2.3527770883859585e-05,0.0007474924117962203,14.0,25.0,50.0,-0.003081680194720303,-0.0017054986326463899,0.9484516922817222,20.0,0.0,2.9280458767529016e-05,0.00015506494885095986,0.001022365282465021,0.978977062228935,-0.9703433144009166,0.8212182501763365,1.5811797784291997,0.02955880224154439,0.0,0.023876980857049812
luh,luh_P033_2_S08_C08,100,2.9445400231909495,508.0,0,0,2.7704166362360123,-0.17874590724701767,0.9393909611248776,-0.0017635785676621608,0.0025773902478691078,0.17874590724701767,0.0030816801947204375,0.0006583328727799378,0.31139026737328424,0.6802628163909883,2.924509101925267,-0.0018239378290512006,2.9477722514951794,-0.0025388919406863835,7.601111500237459e-06,0.0006210938429153154,14.0,25.0,77.0,-0.0029138007034727174,-0.0010581512023306778,0.9550619283391464,21.0,0.0,2.159148980779577e-05,0.0001239494685973161,0.001022365282465021,0.9854946554145151,-0.9878693173255755,0.8171762856900896,1.6410040754031687,0.019881370553828933,0.0,0.04263746581616035
luh,luh_P033_3_S09_C08,50,2.9324709653519974,523.0,0,0,2.8302164107854075,-0.10691264593138694,0.9635996090512629,-0.0021511940328842343,0.0009463910834095988,0.10691264593138694,0.003105394243198223,0.0006807030551195927,0.39363084428008493,0.5788718479721966,2.9122859027712096,-0.002227346790237228,2.9432376152559967,-0.003400186722597048,2.4019090186783993e-05,0.0007489983976001582,13.0,25.0,50.0,-0.003105394243197979,-0.001693974033421293,0.9422140934721814,20.0,0.0,3.003021722930314e-05,0.00017700867771123347,0.0012150916585969007,0.9779542196117755,-0.9592060010656902,0.8208751191857971,1.5839823229124543,0.02955880224154439,0.0,0.02371563646789898
luh,luh_P033_3_S09_C08,100,2.9324709653519974,523.0,0,0,2.7589937358438017,-0.17813532087299278,0.9393505299109609,-0.0017529575332042627,0.002547905035901,0.17813532087299278,0.003105394243198223,0.0006685001768371186,0.31814545727828625,0.6755244435436963,2.9122859027712096,-0.001817707355846865,2.935500173270538,-0.002537688531083715,7.693441155680765e-06,0.0006199640567608666,13.0,25.0,77.0,-0.0029263368729286515,-0.0010510744218031201,0.9519650791852683,21.0,0.0,2.179592128663375e-05,0.00013698045486968145,0.0012150916585969007,0.9849277702404523,-0.9779288489089373,0.8160614408097955,1.6454360254960692,0.019763489118839635,0.0,0.04234935083553415
luh,luh_P034_1_S07_C06,50,2.9420113716312684,446.0,0,0,2.836549745887187,-0.10997105304129517,0.9626776593325638,-0.002326094000762809,0.0011125531416785574,0.10997105304129517,0.003006284864809583,0.0007801230726263026,0.40281782937074473,0.49207495124683204,2.9224705200100085,-0.002291063605026983,2.956965609362844,-0.0038726173784546136,2.9740834186380575e-05,0.0008083296152787493,14.0,24.0,50.0,-0.0030062848648092387,-0.001425306892663467,0.9530769718906044,28.0,0.0,3.363782919458777e-05,0.00017425911678736058,0.0011300830544898055,0.9726660413221286,-1.1533044255185996,0.8411960288402975,1.4499545503947637,0.031010236742560322,0.0,0.02641776114456551
luh,luh_P034_1_S07_C06,100,2.9420113716312684,446.0,0,0,2.7652844012540023,-0.18123639767447974,0.9384913903406392,-0.0017098480112087285,0.0024503265603315768,0.18123639767447974,0.003006284864809583,0.000696700444183857,0.4226290745385765,0.6127469019722788,2.9224705200100085,-0.0018493509966783647,2.9447030595338153,-0.002661524308087453,9.330159773321039e-06,0.0006031419139707047,14.0,24.0,80.0,-0.003006284864809221,-0.0014253068926637134,0.9684800693384537,29.0,0.0,1.6298741980878155e-05,0.00012245874477903072,0.0011300830544898055,0.9743968631872284,-0.7866412464623949,0.8051973502636735,1.7451769053784063,0.01227009259181436,0.0,0.03623923831372977
luh,luh_P034_2_S08_C06,50,2.9513091413546038,448.0,0,0,2.844802743252479,-0.11102345826716276,0.9624391115383971,-0.002348120253677725,0.0011318371097390665,0.11102345826716276,0.003011373443358778,0.0007628895617871608,0.3913572257207558,0.5043103464149429,2.9317352139727726,-0.0023129887138992242,2.9662048758539696,-0.0038607622749210952,2.9089269639294568e-05,0.0008134166357427431,14.0,24.0,50.0,-0.003011373443358522,-0.001463549240805627,0.954780940506803,28.0,0.0,3.293242984155921e-05,0.00016413662770606288,0.001018158760439647,0.9742866139108686,-1.158999398674604,0.8408813727057262,1.4518406222986147,0.031010236742560322,0.0,0.027042101700110344
luh,luh_P034_2_S08_C06,100,2.9513091413546038,448.0,0,0,2.771625281212196,-0.18420092030744595,0.9376820869194727,-0.0017431840890057165,0.002541967590453779,0.18420092030744595,0.003011373443358778,0.0006821826632400255,0.40552359948890215,0.6232854720764066,2.9317352139727726,-0.0018796012276269996,2.9542162401115952,-0.002677388026304327,9.15886213037836e-06,0.0006131196656899848,14.0,24.0,79.0,-0.003011373443358668,-0.001463549240805684,0.9696184101266636,29.0,0.0,1.595695054178642e-05,0.000115432587895564,0.001018158760439647,0.9762506296247622,-0.808739842767292,0.8060084846874842,1.7394873190372784,0.01227009259181436,0.0,0.037202671424002354
luh,luh_P034_3_S09_C06,50,2.9556528339903636,440.0,0,0,2.8454136172086293,-0.11498626014572899,0.9611585377281904,-0.0024372930659525304,0.0012237794885760166,0.11498626014572899,0.0031646955759967454,0.0008452755545944979,0.41319818600596075,0.4787765649939997,2.9350823127463865,-0.002395547086369354,2.9716190268131326,-0.004111532694725634,3.219691593794402e-05,0.0008439778777833323,13.0,23.0,50.0,-0.0031646955759964067,-0.0014466318636392652,0.9567197359721618,28.0,0.0,3.655454707142668e-05,0.00017343886974327197,0.000878274169757276,0.9708280854179939,-1.1539427343943314,0.8422877907680015,1.4426346882615497,0.031010236742560322,0.0,0.02746051141269934
luh,luh_P034_3_S09_C06,100,2.9556528339903636,440.0,0,0,2.7730820240266683,-0.18731785332769002,0.9367254894311469,-0.0017605134211307546,0.0026064403587827425,0.18731785332769002,0.0031646955759967454,0.0007582683744743186,0.45199660682637416,0.5935403845552158,2.9350823127463865,-0.0019114066666090818,2.9583669731517768,-0.0028056441715121256,1.0246379905699779e-05,0.0006190805663039036,13.0,23.0,76.0,-0.003164695575996519,-0.0014466318636392876,0.9710423628536349,29.0,0.0,1.7711997034608805e-05,0.00012210278135185184,0.000878274169757276,0.9711263056614595,-0.7534273098191542,0.8044889479840729,1.7515686992674804,0.012669852741051778,0.0,0.037315502609455375
luh,luh_P035_1_S08_C04,50,2.9534530537121526,279.0,0,0,2.832398366083532,-0.12529307419021318,0.9576382199697556,-0.002738046171549739,0.0015030582083090966,0.12529307419021318,0.002825591041061948,0.0005340322107627418,0.08070713123959142,0.8929264966443339,2.935086711945251,-0.0026102723789627746,2.9653123749378034,-0.003115563123394419,7.259941381626941e-06,0.0009475465778668772,14.0,25.0,50.0,-0.002825591041061756,-0.0018351356376373076,0.8809176200961919,43.0,0.0,3.4070823685157425e-05,0.00016231870395086673,0.000874005211665807,0.9975524295858262,-1.2752491534239963,0.8491271609630442,1.4304906238161421,0.048790164169432056,0.0,0.0339070924927416
luh,luh_P035_1_S08_C04,100,2.9534530537121526,279.0,0,0,2.771185249690577,-0.18650619058316797,0.9369419716865711,-0.0018454297699383136,0.00290338954383222,0.18650619058316797,0.002825591041061948,0.0007872363285905634,0.5373133632503055,0.44712990620102067,2.935086711945251,-0.0019031243937057956,2.9654354808144263,-0.0033229508218714904,1.4485500509148649e-05,0.0006506716612538449,14.0,25.0,72.0,-0.0028255910410618958,-0.0012242623278591414,0.9785568516285968,44.0,0.0,1.650854343507628e-05,0.00011426362091610472,0.000874005211665807,0.9579317451416711,-0.918359365847603,0.822770405251516,1.6138022605617905,0.014679162663049089,0.0,0.03892401424515679
luh,luh_P035_2_S09_C04,50,2.9436403928155483,360.0,0,0,2.829829424289079,-0.11780101820719446,0.9600353502566517,-0.0025752946354672544,0.0013298095218187505,0.11780101820719446,0.0026600331204837957,0.0005059686155428753,0.08270330459419539,0.8901116182656079,2.926350177532406,-0.0024541878793165515,2.9548469734471516,-0.002939470913672041,7.003389965476608e-06,0.0008931037977992167,15.0,26.0,50.0,-0.0026600331204834032,-0.0017089052180977102,0.8826645248902256,43.0,0.0,3.2044040415998544e-05,0.00015315597704042803,0.0008441521786988204,0.9974575081092499,-1.2764469434814052,0.8492960026101118,1.42918378472226,0.048790164169432056,0.0,0.03192039744580155
luh,luh_P035_2_S09_C04,100,2.9436403928155483,360.0,0,0,2.7721312632425037,-0.1754991792537699,0.9404609286416705,-0.0017358088122388837,0.0025684685343991646,0.1754991792537699,0.0026600331204837957,0.0007401755489014112,0.537070719541788,0.44808978554881707,2.926350177532406,-0.0017908079515690806,2.9548577853191342,-0.003123585235351876,1.360565120699017e-05,0.000612639375406803,15.0,26.0,79.0,-0.002660033120483382,-0.0011539632209315064,0.978470476994209,44.0,0.0,1.552649380981373e-05,0.0001078058576248762,0.0008441521786988204,0.9580195190399611,-0.9168476585650969,0.8226125183999231,1.6149530805416503,0.014679162663049089,0.0,0.03649395469313932
luh,luh_P035_3_S10_C02,50,2.943466654377125,342.0,0,0,2.819681181959119,-0.12820247825192377,0.956510333164659,-0.002821287511440181,0.0015981356721966322,0.12820247825192377,0.0029446705559452724,0.0006294908045440869,0.10531795566993672,0.8576102839403251,2.9243262957634815,-0.0026708849635817453,2.9564182595458677,-0.00333733690801027,9.924026857116628e-06,0.0009806784984327734,14.0,24.0,50.0,-0.0029446705559450534,-0.0016483745712936116,0.8949342998840601,42.0,0.0,3.783739989347804e-05,0.00018397514936565888,0.0010851539265046561,0.9961185850094962,-1.2893333533097262,0.8518402769076332,1.4119585294148962,0.05715841383994864,0.0,0.03533604667134149
luh,luh_P035_3_S10_C02,100,2.943466654377125,342.0,0,0,2.7613655439115323,-0.18651811629951043,0.9367281284478651,-0.0018315863555939003,0.002887540285551103,0.18651811629951043,0.0029446705559452724,0.0008716562115353517,0.5944755180993214,0.41339734295863007,2.9243262957634815,-0.001903246084688882,2.955455274431091,-0.003452206582088426,1.588843359308354e-05,0.0006486952217043281,14.0,24.0,71.0,-0.0029446705559452013,-0.0011663127609517663,0.9779359692536718,43.0,0.0,1.833358551539658e-05,0.00012945114003969102,0.0010851539265046561,0.9487932292202151,-0.852231946780436,0.8215734943733723,1.6233715447316746,0.015088299651201884,0.0,0.037322008350455516
luh,luh_P037_1_S05_C11,50,2.949636536489489,741.0,0,0,2.875814467185263,-0.07744324517159917,0.9737770107743847,-0.0015415938489126845,0.0004919761569633978,0.07744324517159917,0.00241411724491547,0.0006119329585576429,0.49150002432977974,0.5099680085154042,2.933944774397539,-0.0016134009410749828,2.957812476669517,-0.002654584116458979,2.140365899127416e-05,0.000530824110240574,16.0,37.0,50.0,-0.0024141172449152824,-0.0011399451274933913,0.9431627650341874,20.0,0.0,2.711004505153383e-05,0.00015597018012842296,0.001064953055741391,0.9661084430082651,-0.8606510994468142,0.8190649738531334,1.598805081824367,0.02955880224154439,0.0,0.016286920682941464
luh,luh_P037_1_S05_C11,100,2.949636536489489,741.0,0,0,2.8253209394206653,-0.12793677293619687,0.9566794416887864,-0.0012175654619364534,0.0012343202166503467,0.12793677293619687,0.00241411724491547,0.000535138106416861,0.36267978985916893,0.6602659393880435,2.933944774397539,-0.0013054772748591517,2.9499078927116966,-0.0018038646290628277,5.748031050258681e-06,0.00042366648560625216,16.0,37.0,100.0,-0.0022353267429696968,-0.0008384614537355897,0.9517366675286956,20.0,0.0,1.6349543152404193e-05,0.00011243242469671421,0.001064953055741391,0.9808478123024124,-0.8585604936037461,0.8022330294377253,1.7137008640473284,0.015180557177015979,0.0,0.028498628187335395
luh,luh_P037_2_S06_C09,50,2.9399758177920905,,1,0,2.875514430430216,-0.067614507863889,0.9770263181527209,-0.0013505594098974106,0.0003782804593005735,0.067614507863889,0.002102080334676071,0.0005413937139333791,0.5025998429499083,0.4951241283440526,2.9263122956166963,-0.0014086355804976876,2.9473996100851454,-0.0023575957442258247,1.9366083352468947e-05,0.00046571097510655966,18.0,45.0,50.0,-0.0021020803346760153,-0.0009766590220342218,0.9532541221733964,21.0,0.0,2.39451343115351e-05,0.00011494042631810032,0.0006481301339502643,0.9643695172809517,-0.8700615899965518,0.8202364995919327,1.5886359162094443,0.02955880224154439,0.0,0.01464988533051459
luh,luh_P037_2_S06_C09,100,2.9399758177920905,,1,0,2.83099336216931,-0.11213557612479486,0.9618991969173492,-0.0010605068525779235,0.0009367621593846691,0.11213557612479486,0.002102080334676071,0.0004651548486813233,0.36433470066500384,0.6648618002470389,2.9263122956166963,-0.0011442405727019884,2.939953415669086,-0.0015658044951240865,4.953898456334886e-06,0.0003690196604258373,18.0,45.0,100.0,-0.0019725538832065246,-0.0007729351507158748,0.95872456719855,21.0,0.0,1.3838025410989158e-05,8.289788525468111e-05,0.0006481301339502643,0.9804883748021593,-0.8343432519512164,0.8001762299835754,1.7304724203363095,0.01535538808319465,0.0,0.024416475550857353
luh,luh_P037_3_S10_C04,50,2.959727234109338,783.0,0,0,2.891850109831613,-0.07131421556728812,0.9759330878291106,-0.0014165684463944678,0.00041908836584982393,0.07131421556728812,0.002291394193042251,0.0006254743222135591,0.5494172059214127,0.4656736701055735,2.9448331718545644,-0.0014857128243185025,2.967705485670211,-0.0025699346109183153,2.218011854853455e-05,0.0004856589135872452,17.0,42.0,50.0,-0.002291394193041959,-0.000992492969173411,0.9470622386414345,20.0,0.0,2.7636196252515335e-05,0.00015016978748846175,0.0010045702065397677,0.957633915344553,-0.8167584248824431,0.8194352499862382,1.595569317877709,0.0317486983145803,0.0,0.014887394537601129
luh,luh_P037_3_S10_C04,100,2.959727234109338,783.0,0,0,2.8456690643482196,-0.11749526105068142,0.9603480441352626,-0.0010972335637704689,0.001005411394465953,0.11749526105068142,0.002291394193042251,0.000524410912869219,0.3854833819847662,0.6597314963749948,2.9448331718545644,-0.001198931235211035,2.958870086357345,-0.0016364732722158237,5.286663808287833e-06,0.00037965457044648415,17.0,42.0,100.0,-0.0021313057466797194,-0.0008264062626942178,0.9541200344624852,21.0,0.0,1.543041560334167e-05,0.00010614968431016833,0.0010045702065397677,0.977910692486457,-0.7735627074073386,0.7951667564949628,1.7581695672407527,0.013766195764147959,0.0,0.02481232422933477
luh,luh_P038_1_S06_C07,50,2.9445976946858865,734.0,0,0,2.8761414079150525,-0.07134464205771307,0.9757947481860441,-0.0014969913308584119,0.0004587893746341746,0.07134464205771307,0.0019255701912528345,0.0004585241396879912,0.37929472486943694,0.5261648937304588,2.932081488442743,-0.001486346709535689,2.9537010898717733,-0.00241258306326468,1.7607533315504425e-05,0.0005155611024647367,19.0,41.0,50.0,-0.0019255701912528013,-0.0010016955413891344,0.9490041450307894,27.0,0.0,1.965690744390281e-05,0.00011140383850118297,0.0007574848254230382,0.9769114842523281,-1.1389751784742141,0.837272642742884,1.4753347117722715,0.03053672386008165,0.0,0.0171173931365316
luh,luh_P038_1_S06_C07,100,2.9445976946858865,734.0,0,0,2.826056630845592,-0.12142941912717342,0.9588023769855347,-0.0011559136447018242,0.001110940703733139,0.12142941912717342,0.0019255701912528345,0.00040208714723364365,0.34400376132595684,0.669139173180665,2.932081488442743,-0.0012390757053793206,2.946386211131325,-0.0016828694655857672,5.166233538077754e-06,0.0004020697727100113,19.0,41.0,100.0,-0.0019255701912529145,-0.001001695541389252,0.9643685737959544,27.0,0.0,9.524480926427135e-06,7.816644994059381e-05,0.0007574848254230382,0.9822108585751328,-0.8668791615153135,0.806622889091115,1.7293357749884386,0.012195273093818243,0.0,0.025042388534730176
luh,luh_P038_2_S07_C07,50,2.933530568575819,816.0,0,0,2.8718132363329114,-0.0643293215246783,0.9780905319625838,-0.001348426243401233,0.0003723811350222499,0.0643293215246783,0.0017413261878473918,0.0004182094957686498,0.38289575191163044,0.5236203791760887,2.9222119483548137,-0.001340194198430798,2.9417336159075274,-0.002179713081482342,1.5986285347713444e-05,0.0004655306605410674,21.0,47.0,50.0,-0.0017413261878469924,-0.0009039845732079626,0.9377739576169802,27.0,0.0,1.7815779034872295e-05,0.00012016758284014694,0.0008328199699199068,0.9765550200519969,-1.1337907769277016,0.8369093290357791,1.4776629699754837,0.03053672386008165,0.0,0.015305616430685731
luh,luh_P038_2_S07_C07,100,2.933530568575819,816.0,0,0,2.8266140076725126,-0.10952855018507712,0.9626964467743703,-0.0010420410735902,0.0009028033319074495,0.10952855018507712,0.0017413261878473918,0.00036498603051156195,0.3432482560059038,0.67039971791694,2.9222119483548137,-0.0011176382671946646,2.9350847610898185,-0.0015154394991211226,4.641161034616673e-06,0.0003629942942418202,21.0,47.0,100.0,-0.0017413261878470505,-0.000903984573207974,0.9567889814510885,27.0,0.0,8.632387779783483e-06,8.411953265251044e-05,0.0008328199699199068,0.9822484490427541,-0.8654377991244253,0.80633430909974,1.7305156274259976,0.012195273093818243,0.0,0.022599614330199636
luh,luh_P038_3_S10_C03,50,2.939857044134289,697.0,0,0,2.8676874617653856,-0.0752702990795786,0.974423588377304,-0.001585005224570369,0.0005165626349110042,0.0752702990795786,0.0020671444737838662,0.0005285898958114192,0.4074327820571024,0.49272208493223635,2.9264206050546964,-0.0015681312308245543,2.9499397726949295,-0.0026409613119708483,2.0306847834623764e-05,0.0005473360519484304,18.0,37.0,50.0,-0.002067144473783364,-0.0009969321678288913,0.9559972704614141,28.0,0.0,2.277047459477657e-05,0.00011114852325480782,0.0006622473749247071,0.9726764547529756,-1.1366442670903525,0.8394437390879244,1.461687285946133,0.031010236742560322,0.0,0.017683374366142868
luh,luh_P038_3_S10_C03,100,2.939857044134289,697.0,0,0,2.817840853373936,-0.12511690747102833,0.9574859995832541,-0.0011810886518815167,0.0011666225138242622,0.12511690747102833,0.0020671444737838662,0.0004673175200677529,0.4019587625315126,0.6289772124248068,2.9264206050546964,-0.0012767031374594727,2.941527586497224,-0.0018049953201925702,6.116732042265174e-06,0.00041203874858264535,18.0,37.0,100.0,-0.002067144473783528,-0.00099693216782905,0.9694400337823557,28.0,0.0,1.1033116556231947e-05,7.820137851985182e-05,0.0006622473749247071,0.9765162390659892,-0.8019320655726316,0.8047421740332961,1.744922585527619,0.012195273093818243,0.0,0.02492330419572486
luh,luh_P039_1_S05_C10,50,2.951295060083061,552.0,0,0,2.876465784970255,-0.07747012667678543,0.9737739311231062,-0.0016889720888695016,0.0005723544795291412,0.07747012667678543,0.0017605677093195382,0.0003184383562906347,0.10149987874063351,0.8639095115272527,2.9398513699724846,-0.00161396097243303,2.9589260188335174,-0.001980316045296921,5.602768392834211e-06,0.0005801053492003363,21.0,38.0,50.0,-0.001760567709319312,-0.0010603023989855672,0.8965998776857015,41.0,0.0,1.8215510196310642e-05,9.957971516612068e-05,0.0006680374424905544,0.9968041900631502,-1.2839311339787283,0.8480915387800995,1.425464496431711,0.047402238894583906,0.0,0.02112681251183357
luh,luh_P039_1_S05_C10,100,2.951295060083061,552.0,0,0,2.8312438484656064,-0.12269206318143411,0.9584648865611224,-0.001214283868663334,0.0012378095992306235,0.12269206318143411,0.0017605677093195382,0.000418891160310616,0.4357073327772541,0.5354965520468281,2.9398513699724846,-0.0012519598283819806,2.9579868165092615,-0.001984961430556469,7.5556623715010085e-06,0.0004219604949869247,21.0,38.0,100.0,-0.001760567709319476,-0.0009044387300930122,0.9749621046329792,42.0,0.0,8.826071950789693e-06,6.991129835028866e-05,0.0006680374424905544,0.9728176344193773,-0.9730412701847211,0.8206806181922133,1.6292219504044934,0.01387534649361707,0.0,0.027133161902789027
luh,luh_P039_2_S06_C05,50,2.957739973846756,588.0,0,0,2.87765196478653,-0.0829559500371091,0.9719800958371583,-0.0018197997944956643,0.0006652240302186586,0.0829559500371091,0.0019119606512556508,0.00038868198163541666,0.11825896713039674,0.8396391597126696,2.9453122296135956,-0.0017282489591064394,2.966291310540409,-0.0021909560814152304,7.137620902297823e-06,0.0006243979816415739,19.0,35.0,50.0,-0.0019119606512554314,-0.0010359872221199916,0.9104811119240253,41.0,0.0,2.2053276077445194e-05,0.00010462049403008608,0.0005261294180352039,0.9956559419412666,-1.2928718618884234,0.8503043562050797,1.411514246355694,0.04652001563489282,0.0,0.0229435278150647
luh,luh_P039_2_S06_C05,100,2.957739973846756,588.0,0,0,2.8338791310057325,-0.12672878381790653,0.9571950128271357,-0.0012462268011273188,0.0013173211772670357,0.12672878381790653,0.0019119606512556508,0.0005057007205679482,0.5103772035870199,0.4810730709300794,2.9453122296135956,-0.0012931508552847606,2.9649535858516773,-0.002174968183203451,9.10530766741296e-06,0.00043282546059148093,19.0,35.0,100.0,-0.001911960651255489,-0.0008754566756159827,0.9781602693487853,42.0,0.0,1.0685607996283299e-05,7.365415690157592e-05,0.0005261294180352039,0.9628249367710184,-0.9082121222264226,0.8199869890705767,1.6349860130997003,0.01444068415479436,0.0,0.026472587175062845
luh,luh_P039_3_S07_C05,50,2.9472298157644357,547.0,0,0,2.863607738557496,-0.08661729523755879,0.9706404446286805,-0.001901071833179562,0.000725974376521272,0.08661729523755879,0.001996812020413241,0.00040936921366122866,0.11780324926007431,0.8402288858897025,2.934250537631751,-0.001804526984115808,2.9561593848862877,-0.0022877559522997055,7.436233060001608e-06,0.0006550773991146641,19.0,34.0,50.0,-0.001996812020413022,-0.0010795096513103882,0.9088257163758209,41.0,0.0,2.3310408727291757e-05,0.00011188326927254407,0.000630621149381394,0.9956478442742928,-1.2929646523250844,0.8505316681351213,1.410966342105651,0.04652001563489282,0.0,0.023961744244955785
luh,luh_P039_3_S07_C05,100,2.9472298157644357,547.0,0,0,2.818546598045982,-0.1316784357490728,0.955366646869074,-0.001294458817315566,0.0014232502527863609,0.1316784357490728,0.001996812020413241,0.0005347767681401262,0.5193376372791072,0.4740603666317058,2.934250537631751,-0.0013436575076436,2.954806693646052,-0.0022774583393647373,9.637250216168348e-06,0.00045175723313487014,19.0,34.0,100.0,-0.0019968120204129835,-0.0009012228102303234,0.9779453171856649,42.0,0.0,1.1294734125594974e-05,7.874688295405192e-05,0.000630621149381394,0.9614795160564735,-0.9018216820014899,0.8200634964126815,1.6344125111361705,0.01444068415479436,0.0,0.02761415743540052
luh,luh_P041_1_S11_C08,50,2.9398291222215605,236.0,0,0,2.770525174825175,-0.1783320148536287,0.9395250419458078,-0.0035031379391209723,0.002587443005228529,0.1783320148536287,0.006018711638162255,0.0017310741404752646,0.6094075066886353,0.43653050591230824,2.900707496573506,-0.003715250309450598,2.959658369049726,-0.006638544526196114,6.029628052067503e-05,0.001237687587581006,9.0,14.0,41.0,-0.006018711638162162,-0.0023850859117680555,0.9519892439633314,20.0,0.0,7.731118566795808e-05,0.00037060379669185176,0.0020762537400620396,0.9485793809340377,-0.7257093091352642,0.8174393695556765,1.6135771059389326,0.031252543504104426,0.0,0.03577628867652072
luh,luh_P041_1_S11_C08,100,2.9398291222215605,236.0,0,0,2.6789022250389545,-0.26995496463984914,0.908454378331813,-0.002558339154919812,0.005558371785694524,0.26995496463984914,0.006018711638162255,0.0016151422163877105,0.5272986774865774,0.5416049446595924,2.900707496573506,-0.0027546424963249914,2.93902671503449,-0.00436784338378994,1.7740237537942386e-05,0.0009250395749464092,9.0,14.0,41.0,-0.005463732498564807,-0.0010616270621535964,0.9565169322924799,20.0,0.0,5.2615693070303165e-05,0.0002858515723569129,0.0020762537400620396,0.9616421100558039,-0.6627613515063464,0.8040474055517061,1.7110630774815698,0.0272125635248847,0.0,0.059627147794201196
luh,luh_P041_2_S13_C07,50,2.9247628670980585,220.0,0,0,2.7611568165313467,-0.17182703486079287,0.9414156219171697,-0.003411919395574178,0.0024242328559960125,0.17182703486079287,0.005480656196054312,0.0014708383909788846,0.5316191898884256,0.4808043029593006,2.889138601823708,-0.0035797298929331847,2.943511881523719,-0.006086085504041536,5.14262713166779e-05,0.001208935474684033,9.0,15.0,43.0,-0.0054806561960538975,-0.0024404307375835706,0.9329357503137963,20.0,0.0,6.46856480525542e-05,0.000433195170154618,0.003002526662785776,0.9604022924697746,-0.8259957633235002,0.8189874077145749,1.5992791965026236,0.03149866705937105,0.0,0.036527510414031905
luh,luh_P041_2_S13_C07,100,2.9247628670980585,220.0,0,0,2.66180950880163,-0.27117434259050954,0.907543185939535,-0.002614647442817678,0.0057333726785698275,0.27117434259050954,0.005480656196054312,0.0013845665305525531,0.42556157785870813,0.6101495086133997,2.889138601823708,-0.002767085128474587,2.9255384614020388,-0.004118112571664779,1.4739854204383385e-05,0.0009484941799831716,9.0,15.0,43.0,-0.005075725659198569,-0.0013527871447285623,0.9441708447554554,20.0,0.0,4.6096619879828505e-05,0.00032613987819819714,0.003002526662785776,0.9737801815253689,-0.8035312528036016,0.8101373640107472,1.6899935003363296,0.02522656294567557,0.0,0.0610107684395893
luh,luh_P041_3_S14_C07,50,2.936110394779675,237.0,0,0,2.7668192553413116,-0.1780730636193586,0.939531553506104,-0.0035534234273715743,0.0026703581874388373,0.1780730636193586,0.005854616120663625,0.0017471129966626167,0.614850672142994,0.4048731684996315,2.8980553899953634,-0.003709855492069971,2.958382749930533,-0.006884614558623196,6.406136790868372e-05,0.001257660650117439,9.0,14.0,41.0,-0.0058546161206633265,-0.0022568922015692946,0.9538455540120103,21.0,0.0,7.654731742753353e-05,0.00037297470443025326,0.002212240437850621,0.9457021993220969,-0.7949680546373354,0.8224250789483114,1.571999845945356,0.03252319170556007,0.0,0.03608840897174348
luh,luh_P041_3_S14_C07,100,2.936110394779675,237.0,0,0,2.678296709032313,-0.2665956099283573,0.9094718648244341,-0.0025093718635695894,0.005381135169910092,0.2665956099283573,0.005854616120663625,0.001626351540216569,0.5769552493690002,0.5169610802323075,2.8980553899953634,-0.002720363366615891,2.9355970319725464,-0.004425571386378615,1.878626983146127e-05,0.0009084852346236773,9.0,14.0,41.0,-0.005574319014354541,-0.001086083386420676,0.9589582032187329,22.0,0.0,5.091754507810892e-05,0.0002861926076805797,0.002212240437850621,0.9556546484200165,-0.5850972298692776,0.8042224948892108,1.7295770846043568,0.027779564107075706,0.0,0.05642230503923518
luh,luh_P042_1_S11_C06,50,2.9288973623879953,180.0,0,0,2.751467648615836,-0.18563048003186333,0.9367979986023377,-0.00389449831661675,0.0031703439542597445,0.18563048003186333,0.005467177506469856,0.001647431446699333,0.5084824815014638,0.3982341220825924,2.893360708595942,-0.003867301667330486,2.956229624063353,-0.007188108676396692,6.333866076499844e-05,0.001383520405684618,9.0,15.0,36.0,-0.005467177506469735,-0.0021515444529715015,0.9480941601432944,27.0,0.0,7.054538411698396e-05,0.0004070281069636553,0.0027811530052743727,0.9568120908617453,-1.0637117168880228,0.8405395133180981,1.4555169290952843,0.033673215106587835,0.0,0.03935740870579041
luh,luh_P042_1_S11_C06,100,2.9288973623879953,180.0,0,0,2.6438904259672595,-0.29320770268043983,0.9001709545144007,-0.002691883554928916,0.006165724074762167,0.29320770268043983,0.005467177506469856,0.0014370004114420741,0.5419823385679823,0.552457409929158,2.893360708595942,-0.0029919153334738756,2.929861880529771,-0.004550293685364216,1.8219707161130404e-05,0.0009793978738160138,9.0,15.0,36.0,-0.005467177506469748,-0.002151544452971593,0.9633002878780872,27.0,0.0,3.418178405667837e-05,0.00028551177973513313,0.0027811530052743727,0.959783507138857,-0.5974444676681907,0.7968604747855338,1.7951913871337868,0.013072081567352775,0.0,0.05378861132428803
luh,luh_P042_2_S13_C05,50,2.926519791834759,204.0,0,0,2.762731772302475,-0.17123113716985072,0.9416382747658365,-0.003638467562606942,0.002764000575052208,0.17123113716985072,0.0049620784250445915,0.0015249662460942726,0.4874135775582806,0.39885544057670586,2.8942662820719702,-0.0035673153577052232,2.9526163760136908,-0.0066621054982383575,5.814688337752683e-05,0.0012896690836988502,10.0,16.0,41.0,-0.004962078425044368,-0.0018665317004135566,0.9554746329424842,28.0,0.0,6.586269626874406e-05,0.0003228326516910591,0.001942146015033508,0.9579192076610255,-1.1151888122168263,0.8453685382409103,1.4232246058624958,0.03436764350420777,0.0,0.03907553306589007
luh,luh_P042_2_S13_C05,100,2.926519791834759,204.0,0,0,2.6694051872817948,-0.26455772219053086,0.9098292206297482,-0.002426914377434119,0.005052069694270759,0.26455772219053086,0.0049620784250445915,0.0013645132016430325,0.5988110700235216,0.5129994065623183,2.8942662820719702,-0.002699568593780927,2.9286577723435414,-0.004297911131370993,1.8343105430753836e-05,0.0008791738765635517,10.0,16.0,41.0,-0.00496207842504447,-0.0018665317004137145,0.9700898375537896,29.0,0.0,3.1912852831247126e-05,0.0002271172233218646,0.001942146015033508,0.9521040347144414,-0.551032493926682,0.7990303190348853,1.791576519442629,0.013270336920896698,0.0,0.04852982421075369
luh,luh_P042_3_S14_C05,50,2.9371079514678016,197.0,0,0,2.752807286745272,-0.19289400062139883,0.9345167816408712,-0.004117298570436751,0.003568694395045731,0.19289400062139883,0.00572889059924675,0.001892846553161491,0.521113886554541,0.3579086048263039,2.8998701625727006,-0.004018625012945809,2.968208868489875,-0.007856054905434647,7.189916028842135e-05,0.0014622657367872834,9.0,14.0,31.0,-0.005728890599246215,-0.001882968379825483,0.9546782833660988,29.0,0.0,8.182813232810484e-05,0.00040706275246613115,0.0025175406848330084,0.9500475883647934,-1.1024636054131611,0.8482866148163067,1.4036407995589204,0.037740327982847086,0.0,0.042219847580708514
luh,luh_P042_3_S14_C05,100,2.9371079514678016,197.0,0,0,2.6586588677539953,-0.28704241961267574,0.9025554896405402,-0.002592229274144263,0.005868613922628864,0.28704241961267574,0.00572889059924675,0.001701369026083393,0.7092039766922924,0.4573310260629967,2.8998701625727006,-0.0029290042817619972,2.9386486522478723,-0.0049473086545724024,2.3089013533609135e-05,0.000942469069414284,9.0,14.0,31.0,-0.0057288905992463595,-0.001882968379825581,0.9699725347026135,29.0,0.0,3.964868267443797e-05,0.0002862866210591697,0.0025175406848330084,0.9350958114294147,-0.39346283146277283,0.796641507862564,1.8123886626893944,0.013605652055778598,0.0,0.048957177875464275
luh,luh_P043_1_S11_C04,50,2.934199768435853,160.0,0,0,2.71408778631263,-0.22763500939209136,0.9226184704675551,-0.004932544419828153,0.004871087639469383,0.22763500939209136,0.005015351512578814,0.0008368579227994378,0.04605599188587887,0.9409162228475939,2.9015999836040907,-0.004742396029001904,2.953814600859098,-0.005313707768006326,7.3300643880414634e-06,0.001748345773382386,10.0,16.0,33.0,-0.005015351512578729,-0.003936198625641891,0.8169655152744045,45.0,0.0,6.37989305298839e-05,0.0003132215485013991,0.0018908854628301164,0.9989553157055701,-1.250248549628979,0.8445181623926593,1.456861672310827,0.041242958534049134,0.0,0.06018421815094577
luh,luh_P043_1_S11_C04,100,2.934199768435853,160.0,0,0,2.6132476974289123,-0.3284750982758089,0.8883392076386588,-0.003273078254269417,0.009191783133525788,0.3284750982758089,0.005015351512578814,0.001483058273612156,0.5663135580932771,0.4088765566037528,2.9015999836040907,-0.003351786717100091,2.957978151016487,-0.006101961844670052,2.773415284706484e-05,0.0012015480776869346,10.0,16.0,33.0,-0.005015351512578915,-0.0020168017776743745,0.9783063803175193,46.0,0.0,3.091288386499529e-05,0.0002203482284661589,0.0018908854628301164,0.9518266007157239,-0.9282178722458294,0.82639348617469,1.5889570175447683,0.015504186535965199,0.0,0.0665544586632536
luh,luh_P043_2_S12_C04,50,2.9243232943274755,156.0,0,0,2.7042496430832577,-0.2274405383157334,0.9224199952099987,-0.004872240534420425,0.004749483433853938,0.2274405383157334,0.004911258047677336,0.0006702012669628516,0.02352705726503869,0.9708930200408088,2.8924001170175746,-0.004738344548244446,2.942553019656375,-0.005060198217579904,3.614570829988183e-06,0.001731478434232735,10.0,16.0,34.0,-0.004911258047677037,-0.004356143042041818,0.6740940167408449,47.0,0.0,6.043756119608553e-05,0.0003785532268311317,0.002618717220332911,0.999634093090725,-1.2287163692236676,0.8388822023878342,1.481088427236184,0.03208831455150051,0.0,0.05893509657212448
luh,luh_P043_2_S12_C04,100,2.9243232943274755,156.0,0,0,2.600715009510195,-0.3309751718887961,0.8871043147776085,-0.0033225160919417565,0.009419465048629427,0.3309751718887961,0.004911258047677336,0.0014136308425222812,0.5308018604732206,0.42499803875294134,2.8924001170175746,-0.003377297672334654,2.94883532144716,-0.006032565365262298,2.656911052275069e-05,0.0012236463396381968,10.0,16.0,34.0,-0.004911258047677136,-0.002070692671461276,0.9719995126148714,47.0,0.0,2.9284179136247627e-05,0.0002652311355168197,0.002618717220332911,0.9570899958876309,-0.9782643665795767,0.8284628601790522,1.5753578114498985,0.015748356968139168,0.0,0.06833285815822121
luh,luh_P043_3_S14_C03,50,2.9314570046287383,153.0,0,0,2.6948149662347145,-0.24438868820862325,0.9168520739149296,-0.005155093237919957,0.005315226428925944,0.24438868820862325,0.005164433209733144,0.00045567981377953997,0.005771469515959126,0.993207345899431,2.8978881887654744,-0.005091431004346318,2.949800576937264,-0.005202372536846517,9.092172870488464e-07,0.0018309245673069276,10.0,15.0,32.0,-0.005164433209732884,-0.005019489848427734,0.1002411001558301,48.0,0.0,6.767923365928593e-05,0.0004140062176782354,0.0028577421054163388,0.9999568841329132,-1.20793791124201,0.8327637592342076,1.5059599085130142,0.021739986636405875,0.0,0.06197319851679506
luh,luh_P043_3_S14_C03,100,2.9314570046287383,153.0,0,0,2.5956395048473855,-0.3435641495959523,0.8831097841496728,-0.0034727342232536,0.010362612395780374,0.3435641495959523,0.005164433209733144,0.0015860302412457462,0.5599039145055034,0.38476689677623516,2.8978881887654744,-0.003505756628530125,2.9595978715570874,-0.006534857523497667,3.0020816669059405e-05,0.0012814436987088043,10.0,15.0,32.0,-0.005164433209732941,-0.0019835092277466428,0.9729440237222013,49.0,0.0,3.2793030742132814e-05,0.0002901621361275292,0.0028577421054163388,0.9504267902611073,-0.9840465102790459,0.8325166053401392,1.5500380935741622,0.016584128015535295,0.0,0.06942282297113023
luh,luh_P045_1_S12_C08,50,2.930045263314857,975.0,0,0,2.84716878266654,-0.08660176113699958,0.9704810721070493,-0.0017482205779771334,0.000624396862323119,0.08660176113699958,0.0024835203257889127,0.0005332588445706661,0.3840395764366795,0.58271466582216,2.9139023811972318,-0.0018042033570208245,2.938867609525137,-0.0027438306877516747,1.9146348264894722e-05,0.0006067514068034927,16.0,33.0,50.0,-0.0024835203257884916,-0.0013762956020801592,0.9537052274879741,21.0,0.0,2.3557972844856974e-05,0.0001123389878511986,0.0006095272104014171,0.9789527698430479,-0.978065592629485,0.821720292602734,1.5768498013349157,0.025317807984289897,0.0,0.019268138429122228
luh,luh_P045_1_S12_C08,100,2.930045263314857,975.0,0,0,2.787500327746069,-0.14627021605747048,0.9501425848158405,-0.001436042710665227,0.0017067992837976578,0.14627021605747048,0.0024835203257889127,0.0005110671973687072,0.29804125471654097,0.6960457430013571,2.9139023811972318,-0.0014925532250762293,2.932392668082176,-0.0020325532399710303,5.848142444174839e-06,0.0005047582095784405,16.0,33.0,100.0,-0.0023618688232916567,-0.0009369714001118588,0.9589066708948181,21.0,0.0,1.6534773678716634e-05,8.61255923268181e-05,0.0006095272104014171,0.9867271802755642,-0.983722979609909,0.815183996880496,1.6538423150035046,0.016498999380035077,0.0,0.03440739005200433
luh,luh_P045_2_S13_C08,50,2.9203507182641397,980.0,0,0,2.8390843669941463,-0.08498124703378895,0.9709372981830164,-0.0017135411649260755,0.0006017581381690052,0.08498124703378895,0.002476597175864015,0.0005596812083641744,0.4114174850470398,0.5594332683667685,2.9042528366210245,-0.0017704426465372698,2.9292461218675605,-0.0027613982594109653,2.0151097970862702e-05,0.0005966535971864222,16.0,33.0,50.0,-0.0024765971758637434,-0.0013189074920454407,0.9499798757441388,21.0,0.0,2.4631695400385755e-05,0.00012825487859293133,0.000835273106874368,0.9758815502954239,-0.9603490455771091,0.8216912620964666,1.5767105140058955,0.02955880224154439,0.0,0.018655106762603513
luh,luh_P045_2_S13_C08,100,2.9203507182641397,980.0,0,0,2.7799049314152438,-0.14416068261269155,0.9506985472825596,-0.0014035644635714253,0.0016302280338117226,0.14416068261269155,0.002476597175864015,0.0005112802712021183,0.2928223905087191,0.7101818973070148,2.9042528366210245,-0.0014710273735988933,2.921812247319874,-0.001961843673771168,5.473325590193465e-06,0.000494736523969405,16.0,33.0,100.0,-0.0023575778678589366,-0.0009985318734558502,0.9547530113477282,21.0,0.0,1.666216022677119e-05,9.67120898500485e-05,0.000835273106874368,0.9868728480980997,-0.9516926431047059,0.8121400176733801,1.6776797322541541,0.01680711831638129,0.0,0.032972687301136894
luh,luh_P045_3_S14_C08,50,2.9285233759735565,845.0,0,0,2.8279659374490933,-0.10536394018980744,0.9640804326192535,-0.0021155993692443184,0.0009254516048331397,0.10536394018980744,0.0032043344435628285,0.0008095263497904453,0.4799425797528692,0.5058284729199859,2.9076952020903986,-0.002195082087287655,2.9401947214077024,-0.0036316197958585457,2.9154238973348857e-05,0.0007379887116317189,13.0,23.0,50.0,-0.0032043344435627166,-0.0015401601700757166,0.9415893944916285,21.0,0.0,3.540796326568265e-05,0.00021478775212399704,0.0014811151034028747,0.9672598043533646,-0.9065144277190051,0.8214044949183055,1.5786499428598495,0.030153038170687558,0.0,0.023102402551137047
luh,luh_P045_3_S14_C08,100,2.9285233759735565,845.0,0,0,2.7633189772489195,-0.17001090038998123,0.9420416702240026,-0.0016426882130930848,0.0022542140408047784,0.17001090038998123,0.0032043344435628285,0.00075971545966019,0.39561117583742644,0.6264132086284167,2.9076952020903986,-0.0017348051060202168,2.9300534628614168,-0.0025278120758290283,8.677684928783864e-06,0.0005814275739282452,13.0,23.0,80.0,-0.0030448269572192484,-0.0009460652867136259,0.9523290367303207,21.0,0.0,2.4105925513958065e-05,0.00015802156233192763,0.0014811151034028747,0.9775972268891009,-0.8574383951500768,0.8104808347117665,1.684342203469354,0.018450707913116485,0.0,0.03850400425189493
luh,luh_P046_1_S12_C06,50,2.9555070268939128,1095.0,0,0,2.870794619398097,-0.08835670361187509,0.9701412013218705,-0.0018701117404787586,0.000720121200011225,0.08835670361187509,0.0024295307440396208,0.0006427964493937186,0.41148929401400824,0.482237720755156,2.939715077057658,-0.001840764658580731,2.9676744254426626,-0.0031445923301014985,2.4509242108129127e-05,0.0006440847112920546,16.0,28.0,50.0,-0.0024295307440392283,-0.0011258392619952523,0.9542513154522119,28.0,0.0,2.773811663923665e-05,0.0001399650839584472,0.0008832509790850374,0.971313696033981,-1.150554393804201,0.8416659499664149,1.4469206751774768,0.031010236742560322,0.0,0.02104125165897175
luh,luh_P046_1_S12_C06,100,2.9555070268939128,1095.0,0,0,2.8145026562983313,-0.14464866671164067,0.9511181920346987,-0.0013610595512169408,0.0015556308888555464,0.14464866671164067,0.0024295307440396208,0.0005745466058926661,0.43967424553641715,0.6020171081900731,2.939715077057658,-0.0014760068031800069,2.9575718340922714,-0.0021471915786074177,7.707176739122255e-06,0.00047432592260109166,16.0,28.0,100.0,-0.0024295307440392612,-0.0011258392619953876,0.9692624867254281,29.0,0.0,1.3440118371584314e-05,9.840903176763969e-05,0.0008832509790850374,0.9725065314472546,-0.7658133488828547,0.8045866771415271,1.749859677125176,0.012669852741051778,0.0,0.02874427427289028
luh,luh_P046_2_S13_C06,50,2.9485380092648894,937.0,0,0,2.858137686514865,-0.09439705018758593,0.9680284709222376,-0.002000168981617524,0.0008290176961185761,0.09439705018758593,0.002664484958374569,0.0007605690391685772,0.4496657726023727,0.44123505689166453,2.9312188570354563,-0.0019666052122413735,2.962169796952403,-0.003507511702122536,2.898736000971034e-05,0.0006916709925803943,15.0,26.0,50.0,-0.002664484958374297,-0.0011245489580808995,0.9516432615166865,28.0,0.0,3.27645957509245e-05,0.0001749667638043874,0.001159571808221127,0.9651605686479339,-1.131735288525315,0.8431191639068442,1.4378594294185123,0.03460552917747561,0.0,0.02145301952195444
luh,luh_P046_2_S13_C06,100,2.9485380092648894,937.0,0,0,2.801910238610818,-0.15062449809163292,0.9489846821379455,-0.001400996211796235,0.0016623095813113155,0.15062449809163292,0.002664484958374569,0.0006786168132106476,0.5083066211364285,0.5622269760285662,2.9312188570354563,-0.0015369846744044176,2.9502144041505525,-0.00232631042989974,9.071708020622544e-06,0.0004904172184879959,15.0,26.0,100.0,-0.0026644849583744123,-0.0011245489580809901,0.967531835695281,28.0,0.0,1.5875628869004654e-05,0.00012288777231118326,0.001159571808221127,0.9642881804246,-0.6745865804530147,0.8018103086649834,1.769949198547003,0.012669852741051778,0.0,0.028909475186308597
luh,luh_P046_3_S14_C06,50,2.9328767019279676,1044.0,0,0,2.8517863350071613,-0.084482330856948,0.9712279970020775,-0.0017863061395692035,0.0006532589462851705,0.084482330856948,0.002261309290761293,0.0005491295135864542,0.3719117797906689,0.5253740521397052,2.9181781915380194,-0.0017600485595197501,2.9439492670623637,-0.0028748359721943086,2.0933266012019796e-05,0.0006193330694634094,17.0,31.0,50.0,-0.0022613092907610806,-0.0011457955859260232,0.9563839701257504,28.0,0.0,2.373433414542748e-05,0.00011369596793174025,0.0006347272980504748,0.9769141754301587,-1.1679138237300606,0.840330226277256,1.4551716327741553,0.031010236742560322,0.0,0.02035178361685075
luh,luh_P046_3_S14_C06,100,2.9328767019279676,1044.0,0,0,2.794496555710859,-0.14177211015325009,0.9517169148036635,-0.0013485187400411852,0.0015166608253135829,0.14177211015325009,0.002261309290761293,0.0004919166923010176,0.377114575615644,0.6414329327683823,2.9181781915380194,-0.0014466541852372458,2.935327903392301,-0.002024587327303607,6.628123404533811e-06,0.0004730835262719585,17.0,31.0,100.0,-0.002261309290761218,-0.001145795585926048,0.9707303881716156,29.0,0.0,1.1500141286964285e-05,8.00261391978204e-05,0.0006347272980504748,0.9791975825297012,-0.8444009500333003,0.8073615417134824,1.7299327259627066,0.01227009259181436,0.0,0.029095394173844102
luh,luh_P047_1_S13_C04,50,2.9487465479021946,1015.0,0,0,2.854394381582826,-0.09758966606670194,0.9669409913836065,-0.0021203923282177707,0.0009002829482898224,0.09758966606670194,0.0021583331648891146,0.00038430473430845635,0.048789126557765704,0.9370868236312664,2.934717382330416,-0.0020331180430562903,2.9572454002598927,-0.002295074248655559,3.3592677007253367e-06,0.0007311588083868835,18.0,31.0,50.0,-0.0021583331648890457,-0.001663659292301024,0.8162632483865242,45.0,0.0,2.9312628561194833e-05,0.00014442116258640784,0.0008781418639109972,0.9988112368685186,-1.2528001772484534,0.8454496694555965,1.4528571135077482,0.041242958534049134,0.0,0.025899997978668043
luh,luh_P047_1_S13_C04,100,2.9487465479021946,1015.0,0,0,2.815362400457186,-0.13662164719234182,0.9537187041030507,-0.0013579801895308265,0.001599505981475097,0.13662164719234182,0.0021583331648891146,0.0006814324855303972,0.6201882054309518,0.3681581055186027,2.934717382330416,-0.001394098440738182,2.9591640013150435,-0.0026578003489423087,1.2743334896191069e-05,0.0004749936260238194,18.0,31.0,100.0,-0.002158333164889056,-0.0007806396225128763,0.9782330088730087,46.0,0.0,1.4203026210063475e-05,0.00010159133796579916,0.0008781418639109972,0.9415552948773485,-0.8825209373980938,0.8271771756022536,1.5841560305286229,0.016025984015844458,0.0,0.026541747165435225
luh,luh_P047_2_S14_C04,50,2.932776436886974,923.0,0,0,2.830036321155451,-0.10620056123523547,0.9638310649007423,-0.002284876160046273,0.0010446604700292412,0.10620056123523547,0.0023069636691417372,0.00035647160423197925,0.027987787624932724,0.9650078567399675,2.917781173037553,-0.002212511692400739,2.9414355239093886,-0.0023907703625587933,2.0364269713935004e-06,0.000793137303230784,17.0,29.0,50.0,-0.0023069636691416843,-0.0019954972194118387,0.6904701581000732,46.0,0.0,3.135432903212541e-05,0.0001967071537993518,0.0013609189744752115,0.9994939440183664,-1.233469512183523,0.8403961928833767,1.474736094441809,0.04255961441879589,0.0,0.027683564029700403
luh,luh_P047_2_S14_C04,100,2.932776436886974,923.0,0,0,2.7883708109238774,-0.14786607146680897,0.9496409597081227,-0.0014793127210937895,0.0018957846373532422,0.14786607146680897,0.0023069636691417372,0.0007332056138640648,0.6081948916470559,0.36470694526158476,2.917781173037553,-0.0015088374639470304,2.944572963517152,-0.0028838298332082295,1.3769775608965235e-05,0.0005216775116200661,17.0,29.0,100.0,-0.002306963669141731,-0.0008333102046315127,0.971925446565153,47.0,0.0,1.519230375783854e-05,0.00013781884603458346,0.0013609189744752115,0.9427050072031722,-0.9147813638111226,0.8295563990548107,1.5685942349474327,0.016234122761883404,0.0,0.02859710668904958
luh,luh_P047_3_S15_C01,50,2.9600867121879304,866.0,0,0,2.865499346673508,-0.09773958370611613,0.9670159625995483,-0.0020880300366291496,0.0008722040557559401,0.09773958370611613,0.0021014787944628743,0.0002637428542121353,0.019221932877413767,0.9764465608058647,2.9464271000239246,-0.0020362413272107527,2.9678053409992624,-0.0021534022332417133,1.257157627163207e-06,0.0007168517958265698,18.0,32.0,50.0,-0.002101478794462362,-0.0019070042893660944,0.6679119816909127,47.0,0.0,2.67604524520313e-05,0.0001269640986400874,0.0006418253676545582,0.9997361064978953,-1.2240238957355372,0.837525218027926,1.4865094983341183,0.03208831455150051,0.0,0.025217745533549607
luh,luh_P047_3_S15_C01,100,2.9600867121879304,866.0,0,0,2.8233124702126444,-0.13992646016697963,0.9527792177902261,-0.0014062139792315877,0.0016944283490209606,0.13992646016697963,0.0021014787944628743,0.0006240501619376974,0.5519419392577045,0.40408304210956913,2.9464271000239246,-0.001427821022112037,2.9708634120714814,-0.0026091521056037076,1.1793511042864024e-05,0.0004898832821851077,18.0,32.0,100.0,-0.002101478794462487,-0.0008437375292173286,0.9792183779315887,48.0,0.0,1.2966404796340484e-05,8.938413643563297e-05,0.0006418253676545582,0.9530692172172851,-0.9690080348023082,0.8296242131656213,1.568091507957988,0.015803665173125456,0.0,0.028687075993386824
luh,luh_P049_1_S10_C10,50,2.9530790981018535,1466.0,0,0,2.8863266538281867,-0.07009555931397005,0.976290409738374,-0.0013922737836049412,0.0004033044468019236,0.07009555931397005,0.002228743360202401,0.0005930045938535033,0.5257620706378886,0.48511376020625924,2.93859226626054,-0.001460324152374376,2.960687057994099,-0.002470679252110203,2.073856670202318e-05,0.00047822668981739466,17.0,43.0,50.0,-0.002228743360202109,-0.001001020087136467,0.9352612149885652,20.0,0.0,2.6121771767351672e-05,0.00016960572774435623,0.0011752994893057256,0.9612719640880772,-0.8308239516927225,0.8189740130726444,1.5994199052570974,0.03149866705937105,0.0,0.014868670179867038
luh,luh_P049_1_S10_C10,100,2.9530790981018535,1466.0,0,0,2.84197784545921,-0.11444436768294652,0.9612895725197138,-0.0010852040934471268,0.000982971891731082,0.11444436768294652,0.002228743360202401,0.0005167567805385185,0.3843265273746515,0.6508480533736619,2.93859226626054,-0.0011677996702341483,2.952864243584298,-0.0016317224348928662,5.3580229553505e-06,0.00037621677816712483,17.0,43.0,100.0,-0.0020634749397972834,-0.0007258736277449686,0.945553842391693,20.0,0.0,1.609330439453588e-05,0.0001222152244892926,0.0011752994893057256,0.9784228281384202,-0.8150055593908343,0.8017738026239315,1.7247968991001037,0.01706202527672144,0.0,0.025025502178410264
luh,luh_P049_2_S11_C09,50,2.9516821977436263,,1,0,2.884978477710427,-0.07023485621513048,0.9762335749474188,-0.001377655087496394,0.00039833246530476953,0.07023485621513048,0.002354090787954455,0.000660169778127272,0.5842401711343034,0.458531303413118,2.936380607621924,-0.0014632261711485517,2.9591564935217933,-0.0025479040298903516,2.2504787353729337e-05,0.00047357536559194165,17.0,43.0,50.0,-0.0023540907879541486,-0.0009691118531887094,0.9393645898375641,19.0,0.0,2.9467636909895315e-05,0.0001761485858636413,0.00121213356370653,0.9529394189111212,-0.7354357145928812,0.8165197933690215,1.621590591155933,0.031010236742560322,0.0,0.014018900707242654
luh,luh_P049_2_S11_C09,100,2.9516821977436263,,1,0,2.842860091679476,-0.11235324224608156,0.9619813429520375,-0.0010487187809072418,0.0009231116203470682,0.11235324224608156,0.002354090787954455,0.0005666696636484673,0.4373791461421437,0.6169637159313094,2.936380607621924,-0.0011464616555722609,2.9507377786844975,-0.0016415182371966688,5.8117593753865356e-06,0.0003637416731952498,17.0,43.0,100.0,-0.0021135129618743403,-0.0006756937432037993,0.9480939536674692,19.0,0.0,1.7400571723205036e-05,0.00012634964866246908,0.00121213356370653,0.9729907305194946,-0.7360678912014311,0.7944591168338826,1.748166087495292,0.016590242260196807,0.0,0.024227796329717943
luh,luh_P049_3_S15_C02,50,2.9476403046986954,1380.0,0,0,2.872406002242596,-0.07904303614642272,0.9732189053179225,-0.0015775424857137634,0.000521767677074341,0.07904303614642272,0.0025391557935492415,0.0007223539097538233,0.5690707542330631,0.4416666213137892,2.9311357920406267,-0.0016467299197171399,2.9570085760952476,-0.0029289765744590444,2.5989117091255686e-05,0.000544074087426573,16.0,35.0,50.0,-0.002539155793549053,-0.0010619352285468613,0.9338845352166794,21.0,0.0,3.143022478728113e-05,0.00021273497438251962,0.0014742661238718036,0.9539265859419491,-0.82638683253789,0.8212608761383954,1.5801709357124518,0.032260862218221435,0.0,0.015929028428204095
luh,luh_P049_3_S15_C02,100,2.9476403046986954,1380.0,0,0,2.8256058821027734,-0.12584315628624543,0.9573622465950034,-0.0011786551441045567,0.0011686121838404941,0.12584315628624543,0.0025391557935492415,0.0006288723680825972,0.4575655308311469,0.6037192341681729,2.9311357920406267,-0.0012841138396555655,2.9471027175308664,-0.001875812350158372,6.8348745691550095e-06,0.0004106240298701582,16.0,35.0,100.0,-0.0024043818964360054,-0.0007593461610030586,0.9466940498643227,21.0,0.0,1.8765845326883146e-05,0.00015070880476803657,0.0014742661238718036,0.9708406037632062,-0.7140816332127149,0.7984689776589986,1.7487741971605564,0.016997576368571136,0.0,0.026548380713673048
luh,luh_P050_1_S10_C09,50,2.9511528330440875,1615.0,0,0,2.885439488115778,-0.06863278641336557,0.9767667206367505,-0.001447967914882671,0.00043450511844461275,0.06863278641336557,0.0019462943233712338,0.0005487465224613515,0.4552575193886664,0.44155826400641973,2.938501919942176,-0.0014298497169451159,2.9609342557675005,-0.0025429646383047354,2.1057629296578272e-05,0.0004975957600987796,19.0,42.0,50.0,-0.0019462943233708651,-0.0008358796601127468,0.9546119787057342,28.0,0.0,2.3625843899108917e-05,0.00011906704302562244,0.000750196146496851,0.9650570239701524,-1.1153579275162955,0.8414631088958295,1.449088569658226,0.03077165866675366,0.0,0.01557035458696765
luh,luh_P050_1_S10_C09,100,2.9511528330440875,1615.0,0,0,2.8436455051101377,-0.11042676941900575,0.9626187990147915,-0.0010276942739772372,0.00089214578607508,0.11042676941900575,0.0019462943233712338,0.00048544007275957724,0.4874908684808792,0.5772777500947236,2.938501919942176,-0.0011268037695816913,2.952214306945128,-0.0016768492160904422,6.364264138364503e-06,0.0003563015569754934,19.0,42.0,100.0,-0.0019462943233710078,-0.0008358796601128997,0.9686334248601203,28.0,0.0,1.1447573848021846e-05,8.371774400695229e-05,0.000750196146496851,0.9668005185787901,-0.6914051261649297,0.8012577108399666,1.7702662377777922,0.012624153228396402,0.0,0.020896991502820317
luh,luh_P050_2_S11_C07,50,2.9458701637653864,1575.0,0,0,2.876097860939468,-0.07299361749578948,0.9752487781306401,-0.001517596210525128,0.0004798350144478424,0.07299361749578948,0.0021475431132476075,0.0006152534526200035,0.5009253005782944,0.42238221217861516,2.9319111335292782,-0.001520700364495614,2.956066077406232,-0.00275221700278374,2.374270754343532e-05,0.0005230304850440138,18.0,39.0,50.0,-0.002147543113247327,-0.0009070840109222596,0.952608165626409,26.0,0.0,2.6392746857982456e-05,0.00013990887501149073,0.0009230256180399188,0.9599542296222299,-1.038179619083461,0.8361303206181802,1.4824557610572195,0.03007745523727795,0.0,0.015420428185680457
luh,luh_P050_2_S11_C07,100,2.9458701637653864,1575.0,0,0,2.83074366039335,-0.11834781804190753,0.9598697365248564,-0.0010938001857272298,0.001008828224414609,0.11834781804190753,0.0021475431132476075,0.0005286755501077596,0.47051295053729403,0.597711041073638,2.9319111335292782,-0.0012076307963459951,2.94612409110919,-0.001749330232234096,6.426765161832058e-06,0.0003804878508551991,18.0,39.0,100.0,-0.002147543113247447,-0.0009070840109224067,0.964832997166336,26.0,0.0,1.2788238168300777e-05,9.827780014158273e-05,0.0009230256180399188,0.9685088443834164,-0.6772867147847417,0.7969456766282925,1.7856248651516549,0.012951152347077893,0.0,0.022677100273059025
luh,luh_P050_3_S12_C07,50,2.9400105793279323,1555.0,0,0,2.8722544769593004,-0.07075849747399054,0.9759571235027885,-0.0014910037011417509,0.00046029052039371176,0.07075849747399054,0.0020015967369055865,0.000556491911544046,0.45114720406158026,0.4474583190538677,2.927000200538047,-0.0014741353640414696,2.949993437477286,-0.0026039748497499824,2.1403291319388458e-05,0.0005145560786262984,19.0,40.0,50.0,-0.002001596736905344,-0.0008745375042044671,0.9570739081166476,28.0,0.0,2.3979983674486052e-05,0.0001140562788135233,0.0006042164546506967,0.9659516928208702,-1.1140435438913756,0.8408270441139463,1.4531774218614055,0.03077165866675366,0.0,0.01601277389524336
luh,luh_P050_3_S12_C07,100,2.9400105793279323,1555.0,0,0,2.8285276017490752,-0.11448537268421566,0.9610992633471958,-0.0010673818541266009,0.0009606295844325092,0.11448537268421566,0.0020015967369055865,0.0004914504602669136,0.47269113119872924,0.5865428124254958,2.927000200538047,-0.0011682180886144456,2.9411222406659623,-0.001721752056698275,6.415394142859571e-06,0.00037176729652308257,19.0,40.0,100.0,-0.0020015967369054555,-0.0008745375042045661,0.9700200291250618,28.0,0.0,1.1619167347435964e-05,8.029241691699649e-05,0.0006042164546506967,0.9685644013764221,-0.7086767282923034,0.80152485647145,1.7674136749206788,0.01260142687800382,0.0,0.02186343760511278
luh,luh_P051_1_S10_C08,50,2.9435527698216992,1234.0,0,0,2.8717729596195323,-0.07431916907925373,0.9747736439212854,-0.0016323600570877378,0.0005346023119623202,0.07431916907925373,0.0016929059180577077,0.00035214150612315634,0.09177141669277775,0.8769388569229996,2.932548881354325,-0.0015483160224844528,2.9508231563541076,-0.0018913666092667735,4.980895234210773e-06,0.0005618648666489214,21.0,39.0,50.0,-0.0016929059180576672,-0.0010206520132572748,0.8787080520334465,43.0,0.0,2.199149274429116e-05,0.00011391727494995201,0.0007387140336243547,0.9968529115389713,-1.2825070719644625,0.8511053954778934,1.4198209375861826,0.05826890812397576,0.0,0.02031487101669205
luh,luh_P051_1_S10_C08,100,2.9435527698216992,1234.0,0,0,2.838807671665732,-0.107284457033054,0.9635841472885511,-0.001056260687637784,0.0009617847282340545,0.107284457033054,0.0016929059180577077,0.0005081722112567706,0.6000643165130801,0.40389726286998456,2.932548881354325,-0.0010947393574801429,2.9507260738780636,-0.002006834709582995,9.319353156325603e-06,0.0003674973927214808,21.0,39.0,100.0,-0.0016929059180577335,-0.0006593057590760425,0.9766854577255806,43.0,0.0,1.0655671742079222e-05,8.00542693759106e-05,0.0007387140336243547,0.9473472210457142,-0.8591722639250161,0.8226854458167353,1.6151189288973407,0.01519016549397512,0.0,0.021097784290432298
luh,luh_P051_2_S11_C05,50,2.9298807971334035,1318.0,0,0,2.8725580836985305,-0.0593978204660468,0.9797412299476682,-0.0013056825999733159,0.00034281334651537366,0.0593978204660468,0.0013834046874490191,0.00029602489889281634,0.13492458096475815,0.8156438447796971,2.9208886666649865,-0.0012374545930426417,2.9362306280246533,-0.0016112571854445417,5.876434335984929e-06,0.00045045719937650866,25.0,50.0,50.0,-0.001383404687448655,-0.0006941301832069226,0.9070600393344891,40.0,0.0,1.617600498815069e-05,8.883056790365791e-05,0.0005971178129313692,0.9945978295198277,-1.2986646088594216,0.8507084817318658,1.4033482788878309,0.046091107200266976,0.0,0.01660085624938601
luh,luh_P051_2_S11_C05,100,2.9298807971334035,1318.0,0,0,2.8414014610482297,-0.09055444311634764,0.9691146640412555,-0.0008872663361345108,0.0006688024375100548,0.09055444311634764,0.0013834046874490191,0.0003704454167933845,0.5222751565654683,0.47724650157607296,2.9208886666649865,-0.0009240249297586494,2.9348886477362184,-0.001560509931642716,6.600427406942904e-06,0.000308765783506635,25.0,53.0,100.0,-0.001383404687448865,-0.0006231324530060318,0.9745423645981636,41.0,0.0,7.837858087037508e-06,6.235995790137042e-05,0.0005971178129313692,0.9612912535191495,-0.8863671023679145,0.8190687877867903,1.6426267855712593,0.014362904000361536,0.0,0.018693973590180324
luh,luh_P051_3_S12_C05,50,2.93619537592593,1238.0,0,0,2.868954164235179,-0.06956279261952192,0.9763272447833754,-0.0015126837607463343,0.00045836462484001366,0.06956279261952192,0.0015477206191802928,0.00026929550242614617,0.06110251713439197,0.920352830803324,2.926135191901259,-0.0014492248462400399,2.9424425610327285,-0.0016688708728019087,3.0035983087600763e-06,0.0005213928808793101,23.0,42.0,50.0,-0.001547720619180109,-0.0011206615978142614,0.8556471918470527,44.0,0.0,1.8592578541595735e-05,8.966237500278207e-05,0.0005153100476009698,0.9984244141111297,-1.2620162645179516,0.8467719571597756,1.4450820025752988,0.05077232537342326,0.0,0.01857264743016307
luh,luh_P051_3_S12_C05,100,2.93619537592593,1238.0,0,0,2.8352606928489252,-0.10325626400577548,0.9648610964231774,-0.0010263929826029895,0.0008973808906240847,0.10325626400577548,0.0015477206191802928,0.00043098891280144385,0.529269653691733,0.4454793825462849,2.926135191901259,-0.001053635346997709,2.943096641272498,-0.0018424635272451717,8.000691614139166e-06,0.00035746564085402724,23.0,42.0,100.0,-0.0015477206191803004,-0.0006738694277251341,0.9785087338020447,45.0,0.0,9.00877516963917e-06,6.310062885294597e-05,0.0005153100476009698,0.958727888410864,-0.9414385512250538,0.8243116543878486,1.6027864991780671,0.014815085785140587,0.0,0.021563821687202278
luh,luh_P053_1_S15_C08,50,2.9391475892012684,323.0,0,0,2.7522563531375717,-0.19660891852139306,0.9333272630625185,-0.003926199215586317,0.0032647659265409175,0.19660891852139306,0.006478454971797998,0.0019510926285953942,0.6213944543461123,0.3982465021691069,2.8970376318845834,-0.0040960191358623554,2.9640512182273153,-0.007659939291587188,7.180269376924648e-05,0.0013939926655073141,9.0,13.0,34.0,-0.00647845497179762,-0.0024629867819709115,0.9550720755601144,22.0,0.0,8.543549340056995e-05,0.0004056257346663497,0.0020916573800811022,0.9443274419862122,-0.7936935790391741,0.8228691377803196,1.5687332682344914,0.03252319170556007,0.0,0.039407788511534925
luh,luh_P053_1_S15_C08,100,2.9391475892012684,323.0,0,0,2.653551134852179,-0.29531413680678575,0.8998549918014231,-0.002773972903538547,0.00657105447140713,0.29531413680678575,0.006478454971797998,0.001798668423346372,0.5719226025435331,0.5267073999517766,2.8970376318845834,-0.003013409559252916,2.937855954452737,-0.0048499547618627206,2.035276331690363e-05,0.001009758642704598,9.0,13.0,34.0,-0.0061845785676858875,-0.0012866215803380657,0.9598365811902893,22.0,0.0,5.680064333126115e-05,0.00030405684423821545,0.0020916573800811022,0.956344118612478,-0.5753771224935638,0.8037163584304886,1.7388698994517644,0.026668247082161294,0.0,0.06157466954927315
luh,luh_P053_2_S16_C08,50,2.937929096617431,332.0,0,0,2.7558601497212867,-0.19166644766031826,0.9349738021598915,-0.003791382077018256,0.0030368956526973545,0.19166644766031826,0.006398333842782655,0.0018772595963167037,0.615941210195331,0.41963220806473067,2.8963399266393464,-0.003993050992923297,2.9605378671645117,-0.007282132887510757,6.712982327870095e-05,0.0013447197241366249,9.0,13.0,36.0,-0.006398333842782312,-0.0024958712000322444,0.9531187871934165,21.0,0.0,8.303112005851924e-05,0.0003997235555010995,0.0022821601534808167,0.9466626251164127,-0.7541059274168864,0.8196336307192365,1.5946005897489128,0.0317486983145803,0.0,0.03743806800048333
luh,luh_P053_2_S16_C08,100,2.937929096617431,332.0,0,0,2.654592900638006,-0.2929336967435989,0.9006171150401755,-0.002765335561005343,0.0064832378693395285,0.2929336967435989,0.006398333842782655,0.0017191121302187564,0.5159089996068904,0.5635740543084402,2.8963399266393464,-0.00298911935452652,2.93595418609035,-0.0046289038159664925,1.827027700942292e-05,0.0010052907574473564,9.0,13.0,36.0,-0.005947758899496205,-0.0013770340081409988,0.955186608030117,21.0,0.0,5.635978630951817e-05,0.0003177423677517383,0.0022821601534808167,0.963271143819304,-0.643009015362999,0.8034675977593259,1.732650992165706,0.02710192977779127,0.0,0.062396780000805396
luh,luh_P053_3_S19_C07,50,2.9304488713504333,377.0,0,0,2.767897004089303,-0.1710485829633206,0.9417993365658532,-0.0034037536057944426,0.002452215642537726,0.1710485829633206,0.005664477134793788,0.0017017452071648698,0.6209910328798094,0.40509007237308825,2.8936297699742752,-0.003563512145069179,2.951605644960549,-0.006611752755178902,6.169229133431514e-05,0.0012052826032227008,9.0,14.0,43.0,-0.005664477134793468,-0.0021716977886001077,0.9430166893579724,21.0,0.0,7.431445417433729e-05,0.0004431790620246095,0.003048497813357365,0.9449037358696086,-0.7782174607045427,0.8216285043216726,1.57813432683258,0.032260862218221435,0.0,0.03396067901501132
luh,luh_P053_3_S19_C07,100,2.9304488713504333,377.0,0,0,2.6636278977886194,-0.27531768926400435,0.9063209300380033,-0.0025233625293265985,0.005362242148403746,0.27531768926400435,0.005664477134793788,0.0014192675363406601,0.4517331278841557,0.6317204962262188,2.8936297699742752,-0.0028093641761633096,2.925639220150698,-0.0039143968422953165,1.3637591303614998e-05,0.000912934995968906,9.0,14.0,43.0,-0.005361024465196333,-0.002083945976998613,0.9433004135351347,21.0,0.0,4.945072275011934e-05,0.00032469925708451726,0.003048497813357365,0.9697453528804977,-0.6257230537084681,0.7857354739161523,1.81251901225939,0.016227536621756695,0.0,0.05429244471500594
luh,luh_P054_1_S16_C06,50,2.9386275166601266,359.0,0,0,2.760026239716314,-0.18700424498445178,0.9365448555909867,-0.004004050172429846,0.003386872888386192,0.18700424498445178,0.005601978693759779,0.0019173455000797452,0.5319822046487016,0.3418280160376686,2.902214655150688,-0.003895921770509412,2.9695505985764443,-0.007760048548993571,7.223073801083989e-05,0.0014199964219185728,9.0,14.0,32.0,-0.0056019786937597255,-0.0017229603378152842,0.9441655763378043,29.0,0.0,8.25323054456231e-05,0.0005000500962845092,0.0034476715147633286,0.9467386767488086,-1.1014805846977795,0.8499185866371387,1.3923106208342324,0.03797924806521633,0.0,0.04049603396951218
luh,luh_P054_1_S16_C06,100,2.9386275166601266,359.0,0,0,2.6738782228255484,-0.27315226187521713,0.9073127124767587,-0.0024492466052871524,0.005292901901781004,0.27315226187521713,0.005601978693759779,0.0017264249765528207,0.7646703839509096,0.4303043827169973,2.902214655150688,-0.002787267978318542,2.939908613646935,-0.004850177602246249,2.3538539185873417e-05,0.0008880891441336451,9.0,14.0,32.0,-0.005601978693759783,-0.0017229603378153529,0.9638337289119437,29.0,0.0,3.9989879958183935e-05,0.0003505132833151723,0.0034476715147633286,0.9255843744339848,-0.31334813791545946,0.7960126548949003,1.8198691376502527,0.013605652055778598,0.0,0.044796968783197944
luh,luh_P054_2_S17_C06,50,2.9371441199659403,376.0,0,0,2.76451982366119,-0.18050323708917526,0.9387090581751898,-0.003883182283936699,0.003160396572505639,0.18050323708917526,0.005252627189616721,0.0017221253835561152,0.49014052223924237,0.37908519467482793,2.903002043233432,-0.0037604841060244845,2.9661941832843346,-0.00723237636067922,6.440757839889388e-05,0.0013748170253006908,10.0,15.0,36.0,-0.005252627189616592,-0.0017334736781005494,0.9541010780289834,30.0,0.0,7.487560662799513e-05,0.000370998145539788,0.0022793557294091826,0.954253955434776,-1.143042375770343,0.8501211928036863,1.3880223674784629,0.03846628082779605,0.0,0.04202101751693332
luh,luh_P054_2_S17_C06,100,2.9371441199659403,376.0,0,0,2.6778461397561526,-0.26717692099421253,0.909278496133019,-0.0024251087310581104,0.005143629086690913,0.26717692099421253,0.005252627189616721,0.0015745985240134177,0.7157690354309987,0.4464054353748717,2.903002043233432,-0.0027262951121858423,2.939942574870057,-0.004677049528220527,2.2077850952572677e-05,0.0008778002527494252,10.0,15.0,36.0,-0.005252627189616745,-0.0017334736781007922,0.9709836937505183,30.0,0.0,3.6279933108410014e-05,0.0002609436963347158,0.0022793557294091826,0.9337650540060591,-0.4121145197932905,0.7992694812183397,1.799646457200133,0.013745920904635126,0.0,0.04566840383724191
luh,luh_P054_3_S19_C05,50,2.9449779364163478,384.0,0,0,2.773241940254471,-0.17979478078245803,0.9391152912181447,-0.0038748499446688003,0.0031735299984983513,0.17979478078245803,0.005372523080387381,0.001866960911118781,0.5253499166603668,0.33921045680749334,2.91005653639383,-0.0037457245996345423,2.975285546274281,-0.00751604483654292,7.002297868988501e-05,0.001369086126889807,9.0,15.0,35.0,-0.00537252308038734,-0.0015567703475105603,0.9559032732774659,29.0,0.0,8.118622835907184e-05,0.0003861297093173559,0.0020444803142747325,0.9462309857354244,-1.120194678666876,0.8520628572739409,1.3753740637260459,0.04154900291287239,0.0,0.039956834420587395
luh,luh_P054_3_S19_C05,100,2.9449779364163478,384.0,0,0,2.6954034228789348,-0.2576332981579941,0.9127564867979262,-0.0023014478935568013,0.004723236575194815,0.2576332981579941,0.005372523080387381,0.001704284608473959,0.8167333376829342,0.4017627442973908,2.91005653639383,-0.0026289112056938173,2.9467153752707675,-0.004731434779026867,2.3823400837941712e-05,0.0008303983976163248,9.0,15.0,35.0,-0.005372523080387382,-0.0015567703475108125,0.9719054455149313,30.0,0.0,3.9337657039962645e-05,0.00027182474197637345,0.0020444803142747325,0.9158143072701217,-0.2505913334438321,0.7969207858175802,1.8189333761139368,0.013698844358161915,0.0,0.04166595103989845
luh,luh_P055_1_S15_C05,50,2.9279914937459477,354.0,0,0,2.713829418957897,-0.22112432748561428,0.9246583263012011,-0.00463741749102099,0.004301180466114072,0.22112432748561428,0.004641501798375636,0.000238199552899658,0.0028679325955706355,0.9966832508915743,2.8978217320565074,-0.004606756822616964,2.9443551949535407,-0.004658239450082923,4.0042228965191973e-07,0.0016422425780356752,10.0,17.0,36.0,-0.00464150179837554,-0.004577357227744313,-0.0004432624114479248,49.0,0.0,3.5484230561886885e-05,0.00024066576086801542,0.0016677588364086837,0.9999878477759805,-1.204053745872112,0.8315450779470104,1.5114293333422308,0.021739986636405875,0.0,0.05569802158050585
luh,luh_P055_1_S15_C05,100,2.9279914937459477,354.0,0,0,2.662757024546847,-0.27219672189666433,0.9072568955383014,-0.002751377096165235,0.006849170933016746,0.27219672189666433,0.004641501798375636,0.0018000172599465867,0.7456422852159191,0.2202622235756775,2.8978217320565074,-0.0027775175703741257,2.956389647801646,-0.0062422924735563165,3.422466056265784e-05,0.0010066928730216123,10.0,17.0,36.0,-0.004641501798375541,-0.0010214478882210707,0.9792913181565481,50.0,0.0,3.732014340365713e-05,0.0002580213101631254,0.0019522950737456135,0.9026243807887431,-0.8298810896760243,0.8408193200346655,1.497499800507862,0.01946533478810335,0.0,0.04085791552883977
luh,luh_P055_2_S16_C04,50,2.9388239089653467,350.0,0,0,2.7190236949043554,-0.22693703403254295,0.922966714456361,-0.004754350499261918,0.0045208087666567375,0.22693703403254295,0.004757879981034829,0.00020584175166463197,0.002425188875476133,0.9972039161665531,2.907897689088623,-0.004727854875677978,2.955578843870369,-0.004772343935749198,3.4602762475546757e-07,0.001678757730793275,10.0,16.0,35.0,-0.004757879981034399,-0.00470244901729941,-0.0004432624112996834,49.0,0.0,3.066393738533299e-05,0.0002079729419292198,0.0014412050571106505,0.999991365993939,-1.2034397142727573,0.8313522334855502,1.5123213371841673,0.021739986636405875,0.0,0.05709455977241351
luh,luh_P055_2_S16_C04,100,2.9388239089653467,350.0,0,0,2.6697691012336007,-0.27619162770329764,0.906247349127778,-0.0027925038564549877,0.007093058485511844,0.27619162770329764,0.004757879981034829,0.0018765295609742018,0.7593078879562084,0.20719799130670583,2.907897689088623,-0.0028182819153397716,2.968230703355492,-0.006431406929131249,3.567552032035558e-05,0.0010194208207881456,10.0,16.0,35.0,-0.004757879981034495,-0.0009850918734151367,0.9787941905848525,50.0,0.0,3.8894722758961584e-05,0.00027558017507186866,0.0023315830505086232,0.8978397974300404,-0.8165102648332958,0.8417587761326302,1.491471559922922,0.019895331477204615,0.0,0.03940367493660357
luh,luh_P055_3_S17_C04,50,2.932340167868689,351.0,0,0,2.7177469095873654,-0.2215908956849546,0.9246119669241539,-0.004659376905527765,0.004342060957202972,0.2215908956849546,0.004665091602420901,0.00033328496772829186,0.003961711146920651,0.9953827248849537,2.902017072452955,-0.004616476993436554,2.948833714687052,-0.004688510654393083,5.602644012557278e-07,0.001647796535265272,10.0,17.0,35.0,-0.004665091602420574,-0.004575341555065429,-0.00044326241127563983,49.0,0.0,4.964896236669958e-05,0.0003367356460907246,0.00233350123123488,0.9999764333916967,-1.2055516260811645,0.8320252589321527,1.5092057612789074,0.021739986636405875,0.0,0.055981099229047704
luh,luh_P055_3_S17_C04,100,2.932340167868689,351.0,0,0,2.6667401607093235,-0.2725976445629965,0.9072588240541678,-0.0027520594573069066,0.006861013963806594,0.2725976445629965,0.004665091602420901,0.0018128646540789442,0.7507416176656775,0.21894236037239087,2.902017072452955,-0.00278160861798976,2.96070931565432,-0.006265442312779213,3.444492995561056e-05,0.001005564212946583,10.0,17.0,35.0,-0.004665091602420663,-0.0010201349775608394,0.9785524390156575,49.0,0.0,3.757687242122998e-05,0.00026917547213608194,0.00233350123123488,0.9015133271573844,-0.8215502157047583,0.8405109181420967,1.4994394282860273,0.019418085857101627,0.0,0.04067245816811127
luh,luh_P057_1_S17_C08,50,2.940431762615276,555.0,0,0,2.834955027112517,-0.11073118570037543,0.9624090355521486,-0.002210173883837874,0.001018467158011217,0.11073118570037543,0.0035029667984112223,0.0009463751091221156,0.5367417037942362,0.46793918401479034,2.9176624784256053,-0.002306899702091155,2.953052398433697,-0.003981537747985651,3.406468969514748e-05,0.0007690261762639616,12.0,21.0,50.0,-0.003502966798410863,-0.0015439072149418685,0.9508947918949281,21.0,0.0,4.168211879721471e-05,0.0002127668786146492,0.0013605668807188387,0.9592589330691796,-0.8467263693647844,0.8206351218231576,1.5853045458359925,0.03200273108617384,0.0,0.023158608224130184
luh,luh_P057_1_S17_C08,100,2.940431762615276,555.0,0,0,2.7695122154953578,-0.1761739973175347,0.9401925444226787,-0.0016757762527370942,0.0023567793864181993,0.1761739973175347,0.0035029667984112223,0.0008578972378071093,0.43763351412724366,0.6064418948553668,2.9176624784256053,-0.0017976938501789255,2.940698412669487,-0.0026496232796310902,9.547519871509856e-06,0.0005917067316181016,12.0,21.0,77.0,-0.0032993757900241422,-0.0009785768911631093,0.9570566035888562,21.0,0.0,2.6843897943057587e-05,0.0001576054715639048,0.0013605668807188387,0.9731010972405105,-0.7747920666018251,0.8045736050889997,1.7154468772363576,0.018484814674103102,0.0,0.03859768037355016
luh,luh_P057_2_S18_C08,50,2.9464199160271893,556.0,0,0,2.8432999287776957,-0.10826383145139529,0.9633198398387327,-0.002161151849044844,0.0009743077519520748,0.10826383145139529,0.003429229467934558,0.0009313834654717403,0.5398983559981871,0.46516518079733177,2.924129924485616,-0.002255496488570735,2.9588167259964537,-0.0039051821148235674,3.353904357266707e-05,0.0007500455722465547,13.0,21.0,50.0,-0.0034292294679343634,-0.0015037618326145055,0.9492833419774208,21.0,0.0,4.0967396496165005e-05,0.00021644747002074223,0.0014248460501362636,0.9587478505169197,-0.8453071503424643,0.820726860527874,1.5845345998440867,0.03200273108617384,0.0,0.02255642748921982
luh,luh_P057_2_S18_C08,100,2.9464199160271893,556.0,0,0,2.77846636987106,-0.17309739035803107,0.9413540060728365,-0.0016421096443022857,0.0022613863611556117,0.17309739035803107,0.003429229467934558,0.0008333273843597766,0.43064267035761267,0.6149766680269017,2.924129924485616,-0.001766299901612562,2.9464074544302843,-0.00257372495844071,9.133483471945521e-06,0.0005780988768612449,13.0,21.0,80.0,-0.0032327480531476847,-0.0010044151533224843,0.9562662659555188,21.0,0.0,2.5956474140056488e-05,0.00015700511952209466,0.0014248460501362636,0.9738103019549178,-0.7716053796794204,0.8034409112990829,1.7230178356875372,0.0186225120980018,0.0,0.03759404581536607
luh,luh_P057_3_S19_C08,50,2.9501809943865274,539.0,0,0,2.859812150051508,-0.09477942973999154,0.9679213091960819,-0.001899038467264096,0.0007491995319723914,0.09477942973999154,0.0029403902699813855,0.0007778113616378013,0.5121821834821343,0.48197197519219404,2.9310684576316492,-0.0019745714529164904,2.9609466171744416,-0.003355101434607861,2.800121091045657e-05,0.000656240780318585,14.0,27.0,50.0,-0.002940390269981256,-0.001345083240369562,0.9382241441777681,21.0,0.0,3.3942702757701486e-05,0.00021658249972978394,0.0014999076692405744,0.9627200622121332,-0.8788080511405885,0.8213177722137337,1.5793674768417554,0.032260862218221435,0.0,0.0201762486055439
luh,luh_P057_3_S19_C08,100,2.9501809943865274,539.0,0,0,2.7943942460335967,-0.1601973337579028,0.9457802104177093,-0.0015025927447995353,0.0018770211569382128,0.1601973337579028,0.0029403902699813855,0.000643959603831309,0.3302224413868484,0.7026956500943853,2.9310684576316492,-0.001634666670999008,2.9491657701422684,-0.0021299904401938935,6.1509577979839035e-06,0.0005258138736401438,14.0,27.0,93.0,-0.002790791393697138,-0.0013021787791860351,0.9426542315698158,21.0,0.0,2.104102148973381e-05,0.0001563927676518142,0.0014999076692405744,0.9823318761445486,-0.8115137517402387,0.7948025461329058,1.7631441522206792,0.014155949230132298,0.0,0.03362708100923939
luh,luh_P058_1_S15_C07,50,2.933423621738762,707.0,0,0,2.842736870106213,-0.09455682448097935,0.9678081818460212,-0.0020168676545892304,0.0008374092690639943,0.09455682448097935,0.002580048565620441,0.0006973865726507412,0.40143323042976825,0.4846543249885175,2.9166533060622317,-0.0019699338433537363,2.946728112853571,-0.0033791699293566424,2.6198120668602865e-05,0.0007008629062686788,15.0,27.0,50.0,-0.00258004856561997,-0.001155732421601207,0.9557790712496257,29.0,0.0,3.0304598808906625e-05,0.00014486397584327631,0.0007991837884087083,0.9715094605234379,-1.1780861581844064,0.8443370142854034,1.4272148845599824,0.03533936644530885,0.0,0.023220437090580415
luh,luh_P058_1_S15_C07,100,2.933423621738762,707.0,0,0,2.7849502490261466,-0.1523434455610455,0.9481347589307184,-0.0014320033615294106,0.0017297393385531563,0.1523434455610455,0.002580048565620441,0.0006355102232201255,0.4778853120185729,0.5730333465220411,2.9166533060622317,-0.001554524954704546,2.936029373381035,-0.0023352527749151203,8.855386405742463e-06,0.0005039584006595676,15.0,27.0,99.0,-0.0025800485656201134,-0.0011557324216013762,0.9716998074526666,30.0,0.0,1.4683671587820737e-05,0.00010196881467835963,0.0007991837884087083,0.9681713838281998,-0.737202988152653,0.8053898297354788,1.749354352371057,0.01276225161385118,0.0,0.030049042961634242
luh,luh_P058_2_S18_C06,50,2.9316513075867197,672.0,0,0,2.841919680081017,-0.09352248512244898,0.9681402392351455,-0.0019878059578435636,0.0008113076842944883,0.09352248512244898,0.002527238411164312,0.0006565363616713194,0.3873878272307042,0.5033004073232001,2.9152242579141525,-0.0019483851067176872,2.9444149342772397,-0.0032690455681303556,2.463922327474543e-05,0.0006909004589336569,16.0,27.0,50.0,-0.0025272384111641104,-0.0011989712269211913,0.9420984172433521,29.0,0.0,2.8261003920067456e-05,0.00017635359322010284,0.0012196149285719216,0.9740749662625552,-1.1759710883332593,0.8427196442680972,1.438789332820761,0.03149866705937105,0.0,0.022745145700477476
luh,luh_P058_2_S18_C06,100,2.9316513075867197,672.0,0,0,2.781971118734957,-0.15347104646850918,0.9477179117041566,-0.0014507802786602741,0.0017656796414119423,0.15347104646850918,0.002527238411164312,0.0005928477399634359,0.43166763933627045,0.6031631116660343,2.9152242579141525,-0.001566031086413359,2.9343198686722856,-0.0022800654345158816,8.130246626035407e-06,0.000510727423611438,16.0,27.0,98.0,-0.0025272384111641754,-0.0011989712269212549,0.9628683482521181,29.0,0.0,1.3693476126213674e-05,0.00012356713988180643,0.0012196149285719216,0.9735005623487084,-0.7884243490375722,0.8063625890912498,1.7403752844123601,0.01276225161385118,0.0,0.03117325189995146
luh,luh_P058_3_S19_C06,50,2.9363034240609105,712.0,0,0,2.8514659916043024,-0.08859594152757344,0.9698659608053911,-0.001889440244690758,0.0007412161055193707,0.08859594152757344,0.0025056727139771695,0.0007482837733723452,0.4528471591182657,0.4294688002884966,2.9200165514200602,-0.0018457487818244467,2.949506801643015,-0.0033473659736063563,2.8037033248376128e-05,0.0006554622155239947,16.0,27.0,50.0,-0.0025056727139769223,-0.0009970237132709806,0.9364506172839814,29.0,0.0,3.209891490863635e-05,0.00021692823704609369,0.0015033687292032027,0.9632776221870262,-1.1477485326595696,0.8457739766368318,1.4192231747681903,0.03509131981127006,0.0,0.020483606685957945
luh,luh_P058_3_S19_C06,100,2.9363034240609105,712.0,0,0,2.801614805940746,-0.13844712719112984,0.952910132391786,-0.0012815767281707374,0.001401383415306797,0.13844712719112984,0.0025056727139771695,0.0006739876130016015,0.5629120185482386,0.5276820561395064,2.9200165514200602,-0.0014127257876645901,2.938011465743829,-0.002220229877276992,9.20248185398307e-06,0.00044962931842732704,16.0,27.0,100.0,-0.0025056727139770203,-0.0009970237132711423,0.9592576647908623,29.0,0.0,1.5553082481508787e-05,0.00015185048516226765,0.0015033687292032027,0.9571435592406418,-0.6161701494576799,0.8017323294834868,1.7754265842248713,0.0133462419528946,0.0,0.02592261654504968
luh,luh_P059_1_S15_C06,50,2.94445698541794,605.0,0,0,2.8530777443182145,-0.09435739919470221,0.9679866071345536,-0.001983127726283493,0.0007865758500636382,0.09435739919470221,0.00198543872998469,0.00013477929071929414,0.003769549842111779,0.9956127045746129,2.9315516336730405,-0.0019657791498896293,2.9514730400802134,-0.0019949093137785075,2.2656899028712766e-07,0.0006838791445263168,19.0,34.0,50.0,-0.0019854387299843247,-0.0019491441205785407,-0.0004432624115667259,49.0,0.0,2.007786903305488e-05,0.00013617473314015045,0.0009436598445535793,0.9999787251124859,-1.2052904576618695,0.8319405028512524,1.5095984999935201,0.021739986636405875,0.0,0.023825264759814058
luh,luh_P059_1_S15_C06,100,2.94445698541794,605.0,0,0,2.8136295585831133,-0.13380558492980343,0.9546027042446381,-0.001354786608324014,0.0015717236427039295,0.13380558492980343,0.00198543872998469,0.0005957993027450307,0.5412703730581587,0.39783807378892466,2.9315516336730405,-0.0013653631115286065,2.9553056443848162,-0.002507651806064879,1.1302599977851524e-05,0.00047390635953574407,19.0,34.0,100.0,-0.001985438729984532,-0.0007889637147020738,0.975980905050513,49.0,0.0,1.2334793971988254e-05,9.842319418868198e-05,0.0009436598445535793,0.9536970379420404,-1.0020551517451868,0.832673619711078,1.5491140076890018,0.016667052485211647,0.0,0.02761373001457068
luh,luh_P059_2_S18_C04,50,2.9638696588868942,660.0,0,0,2.8733376093274043,-0.09350985368474518,0.9684817454046635,-0.001979485076493754,0.0007837348709690675,0.09350985368474518,0.001985202750170778,0.0001888229939354417,0.009025373344217977,0.9892562339446057,2.950965841010787,-0.0019481219517655246,2.970978659441333,-0.002008031639863612,5.489723724966184e-07,0.0006780876967261868,19.0,34.0,50.0,-0.0019852027501702564,-0.0018985268127665188,0.39291941425856763,48.0,0.0,2.5551414589013964e-05,0.00012128209412009318,0.0006219546479351301,0.999920078384822,-1.2120631452466268,0.8339879398688699,1.5009257506414468,0.032435275753153844,0.0,0.023822433002044452
luh,luh_P059_2_S18_C04,100,2.9638696588868942,660.0,0,0,2.8341232961030776,-0.13272416690907196,0.9552642430850418,-0.0013396172860647621,0.0015386051208967563,0.13272416690907196,0.001985202750170778,0.0005966159437121747,0.5505848384903959,0.3962072125725581,2.950965841010787,-0.0013543282337660405,2.9744742450696,-0.00249388446679057,1.1316344909076594e-05,0.00046535990045548973,19.0,34.0,100.0,-0.0019852027501703886,-0.0007842862644865647,0.9792883584898551,49.0,0.0,1.2380582326635632e-05,8.538308750176212e-05,0.0006219546479351301,0.9525310511099249,-0.9851817401480281,0.8315375701270314,1.5561440022490844,0.016529301951210582,0.0,0.026797246443439615
luh,luh_P059_3_S19_C04,50,2.928544278837447,664.0,0,0,2.8362134754557853,-0.09536942738826548,0.9674682823072328,-0.0020199079387865984,0.0008160734573546346,0.09536942738826548,0.002025749337736027,0.00020293502090983965,0.009037282691474654,0.9892339059396232,2.9153769081421643,-0.0019868630705888644,2.935799107581301,-0.002049124495360724,5.618568571944701e-07,0.0007006316926827495,18.0,33.0,50.0,-0.002025749337735796,-0.0019369269908573218,0.35145976462407913,48.0,0.0,2.8197695635485875e-05,0.00013607751180481312,0.0007840425666838513,0.999916868856163,-1.2120921342999789,0.834019759676006,1.5007072336202065,0.032435275753153844,0.0,0.02430899205282966
luh,luh_P059_3_S19_C04,100,2.928544278837447,664.0,0,0,2.8011905933123953,-0.13039230953165548,0.9555215343201939,-0.0013147788669823925,0.0015007142181708568,0.13039230953165548,0.002025749337736027,0.0006585654898105842,0.6090018667085807,0.34677701365370095,2.9153769081421643,-0.0013305337707311784,2.9397001666228495,-0.0025889741854970253,1.2492110965829868e-05,0.000462576747086899,18.0,33.0,100.0,-0.002025749337735811,-0.0007004576428678853,0.9789664759711546,49.0,0.0,1.366280097801893e-05,9.576421691809597e-05,0.0007840425666838513,0.9407024219813779,-0.9411470835150824,0.8331736238791418,1.5458897579911204,0.017041465854851702,0.0,0.025168658210380723
luh,luh_P061_1_S16_C09,50,2.947230930930931,947.0,0,0,2.860299559166174,-0.09143587626926131,0.9690230109475334,-0.0018122087030535447,0.0006903494172425262,0.09143587626926131,0.0030030030030032684,0.000855416720082458,0.5880174525141875,0.43839470366800115,2.9277114114114116,-0.001904914088942944,2.957794011952097,-0.0033994861433481226,3.05245661595107e-05,0.0006267779262787815,14.0,28.0,50.0,-0.0030030030030029128,-0.0012247153611794797,0.9519777808343652,20.0,0.0,3.7835907272831576e-05,0.00018666477794015008,0.0011379262620030417,0.9514313480674305,-0.7818222903577312,0.8195729664244221,1.594739605098319,0.0317486983145803,0.0,0.018370730417693437
luh,luh_P061_1_S16_C09,100,2.947230930930931,947.0,0,0,2.8068872524737243,-0.1448481829617112,0.950927789386943,-0.0013559505663231614,0.0015474161484843373,0.1448481829617112,0.0030030030030032684,0.0007467441327659642,0.46002959196514437,0.6046932322956629,2.9277114114114116,-0.0014780426832827673,2.946181736234288,-0.0021592985947523156,7.875961063030932e-06,0.0004744533702674996,14.0,28.0,100.0,-0.002793636307493004,-0.0008473908821671872,0.9569422815291369,21.0,0.0,2.3119520935133944e-05,0.00013673806362822762,0.0011379262620030417,0.9703433157001337,-0.702638587172113,0.7980253179873789,1.749685346504548,0.01869213301215252,0.0,0.030617884029488618
luh,luh_P061_2_S17_C09,50,2.9356963215352487,942.0,0,0,2.8514165384168315,-0.08854612553601138,0.9698818877458263,-0.001756830357556931,0.0006439513123230198,0.08854612553601138,0.0028442282783962547,0.0007742410361250599,0.5436945026843933,0.472274225863156,2.9172088377256746,-0.0018447109486669038,2.9454497375918685,-0.00316669682526469,2.7112816686687096e-05,0.0006094663396956317,14.0,30.0,50.0,-0.0028442282783959537,-0.0012437521794722078,0.9338865985790192,20.0,0.0,3.40526829558321e-05,0.00022549940334642236,0.0015630249582092581,0.9585982188931049,-0.8149880853804472,0.8189734116425242,1.5994282474502102,0.03149866705937105,0.0,0.018656282692084414
luh,luh_P061_2_S17_C09,100,2.9356963215352487,942.0,0,0,2.799099284322952,-0.14086337962989104,0.9520866773728013,-0.001336613437035344,0.0014992263705847298,0.14086337962989104,0.0028442282783962547,0.0006948788336944573,0.4371531784539966,0.6057585976394776,2.9172088377256746,-0.0014373814247948065,2.935731001434603,-0.002113140325166541,7.613008707168628e-06,0.00046913553572248707,14.0,30.0,100.0,-0.002633538125437842,-0.000776615840575906,0.9465162679492541,20.0,0.0,2.16505076048049e-05,0.0001623414211371793,0.0015630249582092581,0.9731712328513166,-0.7765400035889769,0.8025929627044911,1.7163564644910514,0.01828204483744907,0.0,0.031093804486806764
luh,luh_P061_3_S18_C09,50,2.931114776786658,1033.0,0,0,2.8557449939686372,-0.07892883077929636,0.9731047348043609,-0.0015803427652453417,0.0005136605587057827,0.07892883077929636,0.0023726986408507678,0.0005641942983979758,0.4416636841201061,0.5435263315604757,2.9156922356211292,-0.0016443506412353408,2.939274661364853,-0.0026080185458876508,1.9762995781580695e-05,0.0005476553781005814,16.0,37.0,50.0,-0.002372698640850497,-0.0012062726176115908,0.9342180986999153,20.0,0.0,2.481757496252998e-05,0.00016365697143520548,0.0011343493076001465,0.9724255496494011,-0.9138714141245683,0.820019034774712,1.5907500879210288,0.02955880224154439,0.0,0.01688781664656247
luh,luh_P061_3_S18_C09,100,2.931114776786658,1033.0,0,0,2.8048150165926558,-0.12985880815527784,0.9557501733036953,-0.0012629441119622247,0.0013263696402817241,0.12985880815527784,0.0023726986408507678,0.0005309163648068989,0.3497562949144113,0.6568168669465567,2.9156922356211292,-0.0013250898791354881,2.93259129645393,-0.0018722833772422034,5.9739143654897096e-06,0.00044256298683222615,16.0,37.0,100.0,-0.0022193453151540233,-0.0007593273706837091,0.9476735997379668,20.0,0.0,1.704005463578697e-05,0.00012008866490859775,0.0011343493076001465,0.9820837431419869,-0.9222062689605672,0.811610655390144,1.6688121929135575,0.017825783952600573,0.0,0.030156815440289364
luh,luh_P062_1_S16_C07,50,2.9377061134931957,1120.0,0,0,2.8628630224508247,-0.07816228087693311,0.973423458550835,-0.0016525368756154057,0.0005660419418529212,0.07816228087693311,0.002212793223041576,0.0006328034646915793,0.4536097278875384,0.44002230326524927,2.923322957543427,-0.0016283808516027731,2.9489349090899486,-0.0029036632334221626,2.406012226551403e-05,0.0005716715401909454,17.0,33.0,50.0,-0.002212793223041233,-0.0009405164772738872,0.9405865937287521,28.0,0.0,2.7069717995050074e-05,0.00017472472671603128,0.0012105713235972537,0.964903101112729,-1.1230171098659696,0.8423392167243805,1.4433426861776701,0.03436764350420777,0.0,0.01770234578433083
luh,luh_P062_1_S16_C07,100,2.9377061134931957,1120.0,0,0,2.8158371985871256,-0.12518810474063224,0.9574338566217087,-0.0011644115894996392,0.00114697403317331,0.12518810474063224,0.002212793223041576,0.0005606907083100874,0.4991565547374525,0.5691349410425431,2.923322957543427,-0.001277429640210533,2.938989735685309,-0.0019182728431033863,7.390796603958394e-06,0.0004069016769446646,17.0,33.0,100.0,-0.0022127932230413985,-0.0009405164772740723,0.9601133887677007,28.0,0.0,1.3116255110999065e-05,0.000122373561184719,0.0012105713235972537,0.9653933047127385,-0.6809748145690051,0.8014652131473855,1.7706711259207946,0.012646961700767421,0.0,0.023782966778173265
luh,luh_P062_2_S17_C07,50,2.952973111400067,1148.0,0,0,2.876782541816563,-0.07960241957717473,0.9730744065415461,-0.0016733816677227363,0.0005808960078253202,0.07960241957717473,0.002274566662447519,0.0006433065825189256,0.4649458262501526,0.4371830552079835,2.9381884280941586,-0.0016583837411911402,2.9642525817198666,-0.002958070395352881,2.4705552454424538e-05,0.0005760199118003892,17.0,33.0,50.0,-0.002274566662447368,-0.000978192337647923,0.9492524552264029,27.0,0.0,2.758243244253449e-05,0.00015560782721530072,0.0010565450747117566,0.9640989671640764,-1.0982266473452689,0.8401665207888667,1.4575863488967686,0.03053672386008165,0.0,0.018165473314901703
luh,luh_P062_2_S17_C07,100,2.952973111400067,1148.0,0,0,2.827872924934169,-0.12851203645956888,0.9565306825268844,-0.0011946646423638442,0.0012044917743026897,0.12851203645956888,0.002274566662447519,0.0005641947365817142,0.4795836274679493,0.5845602091357138,2.9381884280941586,-0.0013113473108119274,2.953989225872111,-0.0019342677213060732,7.251010577864981e-06,0.00041546992570831243,17.0,33.0,100.0,-0.002274566662447461,-0.0009781923376479403,0.9645360848035667,27.0,0.0,1.336468376081568e-05,0.00010919007975826467,0.0010565450747117566,0.9676827780537198,-0.6926054322823285,0.8003861510080957,1.7731637847952793,0.012578782206860073,0.0,0.024454808441197073
luh,luh_P062_3_S18_C07,50,2.943169750772276,1128.0,0,0,2.868251272272349,-0.07826438318756779,0.9734383277270076,-0.001653034494153806,0.0005671774745021675,0.07826438318756779,0.002230603125093822,0.0006419212962952116,0.46294730216469177,0.4321521995269271,2.9286708304591667,-0.001630507983074329,2.9544771687526845,-0.0029302406832401075,2.456165748242727e-05,0.0005708148367713869,17.0,33.0,50.0,-0.0022306031250936597,-0.0009339878879166917,0.9504882103655212,28.0,0.0,2.758755823781208e-05,0.00015141633779423158,0.001017583638136088,0.9635513262443776,-1.114099903155631,0.8421617834103107,1.4446147180899183,0.03413300636945847,0.0,0.017844825000749687
luh,luh_P062_3_S18_C07,100,2.943169750772276,1128.0,0,0,2.821551877876505,-0.1249637775834116,0.9575893047261254,-0.0011596290123197526,0.00113891925993904,0.1249637775834116,0.002230603125093822,0.0005683848147846611,0.5081741667402351,0.5650141550101011,2.9286708304591667,-0.0012751405875858325,2.9443135076160125,-0.0019217041623920284,7.47132500070878e-06,0.00040447133922610006,17.0,33.0,100.0,-0.002230603125093803,-0.000933987887916932,0.9661619009233127,28.0,0.0,1.3367167393579049e-05,0.00010629675543462385,0.001017583638136088,0.9642508645725248,-0.6654063898854377,0.8007143093024314,1.7749562189241612,0.012624153228396402,0.0,0.02343329294814156
luh,luh_P063_1_S16_C05,50,2.9317877499141347,1149.0,0,0,2.869024521972932,-0.06496067325039867,0.9778592361828691,-0.0014216269466353498,0.0004051772327176335,0.06496067325039867,0.0014649635394641258,0.0002901545858601707,0.07763387679234234,0.8970457863867207,2.922265486907618,-0.0013533473593833056,2.9379100340636404,-0.0016109289508924134,3.6404231587891305e-06,0.0004904423919323692,24.0,44.0,50.0,-0.0014649635394640645,-0.0009598468112962278,0.8470145592007072,44.0,0.0,1.8693789960794063e-05,0.00011478945274908165,0.0007926802532227661,0.9975995748054872,-1.2739274801554505,0.8495717801096397,1.4302151450471032,0.049271049006782794,0.0,0.017579562473568622
luh,luh_P063_1_S16_C05,100,2.9317877499141347,1149.0,0,0,2.8397067514075807,-0.09427844381575001,0.9678667622559105,-0.0009318101456382713,0.0007461112067116422,0.09427844381575001,0.0014649635394641258,0.00043387057085138894,0.580882438184374,0.41245378240389585,2.922265486907618,-0.0009620249368954083,2.9381828951446987,-0.0017461082317448866,7.98331456967269e-06,0.00032453149789806384,24.0,44.0,100.0,-0.0014649635394641232,-0.0005863554113071285,0.9720889223960829,44.0,0.0,9.057815754199186e-06,8.044767224115763e-05,0.0007926802532227661,0.9503774782608903,-0.8871501671255726,0.8235621904074288,1.608484490550076,0.01529341616949835,0.0,0.01876337316182486
luh,luh_P063_2_S17_C05,50,2.96317111923934,1236.0,0,0,2.888542766808647,-0.07716521799235432,0.9739808442409639,-0.001668292646060098,0.0005570936658159714,0.07716521799235432,0.0016912437077745146,0.0002783163960730682,0.03856147672506998,0.9509871614046584,2.9521780351388065,-0.0016076087081740482,2.9696772731180245,-0.0017758186922671338,2.0678085809038876e-06,0.0005703513880158226,22.0,39.0,50.0,-0.0016912437077743672,-0.0013814618205176795,0.7681308611358958,46.0,0.0,2.232124279436508e-05,0.00012730302148198424,0.0008671847468102456,0.9991857828150864,-1.243705494797267,0.8430707357038495,1.4635026160738653,0.04211148535012685,0.0,0.020294924493292843
luh,luh_P063_2_S17_C05,100,2.96317111923934,1236.0,0,0,2.856435501986701,-0.10927248281430035,0.9631546722150959,-0.0010902106344652682,0.0010252435799360507,0.10927248281430035,0.0016912437077745146,0.0005204540751398309,0.5913290893915427,0.3849116628041496,2.9521780351388065,-0.0011150253348397995,2.9714694783389697,-0.002084550136027488,9.748426485903907e-06,0.0003769523861711952,22.0,39.0,100.0,-0.0016912437077744398,-0.0006421452964389993,0.9747462821668014,46.0,0.0,1.0815447539537719e-05,8.931327337020456e-05,0.0008671847468102456,0.9467571623514754,-0.9164857508963049,0.8277514932798694,1.580161235337065,0.015584731016698203,0.0,0.021832940078923446
luh,luh_P063_3_S18_C05,50,2.945036934934112,1335.0,0,0,2.8729310207546654,-0.07459246523095109,0.9746931735792401,-0.0016238077435944806,0.0005281198133923864,0.07459246523095109,0.0016577007010032396,0.00030469702540327165,0.055899177567181234,0.9273456568194244,2.9342618803775924,-0.001554009692311481,2.9516653465917924,-0.0017777398169957221,2.9602321807920405e-06,0.0005584697684950167,22.0,40.0,50.0,-0.0016577007010030343,-0.0012278753479896824,0.8149479693641463,45.0,0.0,2.181738027233334e-05,0.00012771350523182635,0.0008755009259959756,0.9985429522972304,-1.2585683275000674,0.8467004560072356,1.4468167862102872,0.05129329438755058,0.0,0.01989240841203621
luh,luh_P063_3_S18_C05,100,2.945036934934112,1335.0,0,0,2.8413168293444895,-0.10620665664112705,0.963967494357178,-0.0010544600923225339,0.0009594887605546755,0.10620665664112705,0.0016577007010032396,0.0005077193812620166,0.5977703524973143,0.3893834295948719,2.9342618803775924,-0.0010837413942972147,2.9527899001036473,-0.002017599308949163,9.44254133947653e-06,0.00036663413034419915,22.0,40.0,100.0,-0.0016577007010030727,-0.0006322838282035163,0.9738302166208069,45.0,0.0,1.0571307967006878e-05,8.956577177641635e-05,0.0008755009259959756,0.9463793023353967,-0.8937306817625852,0.8259071892366829,1.5924171757555285,0.01545095115571899,0.0,0.02086536633071656
