dataset,cell_id,n_cycles,q0,cycle_life,is_censored,capacity_normalized,Qdis_N,delta_Qdis,retention_ratio,slope_linear,variance_Qdis,range_Qdis,max_drop,std_diff,skewness_Qdis,slope_ratio,Qdis_cycle10,mean_diff,poly2_a,poly2_b,poly2_c,exp_decay_k,cycle_to_99pct,cycle_to_98pct,cycle_to_95pct,slope_first_quarter,slope_last_quarter,autocorr_lag1,knee_cycle,n_capacity_jumps,accel_mean,accel_std,accel_max_abs,linearity_r2,kurtosis_Qdis,fft_top3_energy_ratio,spectral_entropy,sample_entropy,pos_neg_diff_ratio,mad_Qdis
matr,matr_b1c0,50,1.0722049999999999,1717.0,0,0,1.0767562,0.006067000000000045,1.0056664436327554,-0.0005810218163265303,0.004296393889083139,0.46836520000000004,0.4652274999999999,0.09487296270700175,6.777887659211432,0.02273127473763146,1.0745373,0.00012639583333333426,1.0976474659305255,-0.0003058408140532786,-5.29194235140887e-06,0.0005350370525723958,50.0,50.0,50.0,0.01491171433566437,-5.1687412587359895e-05,-0.5010806304770764,12.0,1.0,-2.724255319149322e-05,0.16612345379984883,0.9295004999999998,0.0157148697145838,48.941454386048264,0.1294238873246696,3.177440508153188,0.08991413664759113,1.6666666666666667,0.00013900000000011126
matr,matr_b1c0,100,1.0722049999999999,1717.0,0,0,1.0759126,0.005223400000000211,1.0048785399161588,-0.00020680701298701008,0.002146154811085523,0.46836520000000004,0.4652274999999999,0.06639872259249803,9.78848865170264,0.03316207587116381,1.0745373,5.3300000000002156e-05,1.100267286648048,-0.0007283477559162899,5.113144538522571e-06,0.0001919746646677357,100.0,100.0,100.0,-0.00041110760869568735,-2.525521739131246e-05,-0.5010846333961513,12.0,1.0,-1.2135051546389896e-05,0.11563898084247452,0.9295004999999998,0.016274749298800684,98.86458469455586,0.06423003693257583,3.891094833280507,0.042330807645117284,1.2790697674418605,0.00030120000000000147
matr,matr_b1c1,50,1.0769552999999998,2066.0,0,0,1.0817146,0.0064134000000000135,1.005964282379672,6.785757142858327e-05,2.7064959767347575e-06,0.009288300000000138,0.002288600000000196,0.0007790690827373,-1.815362787770751,-0.03995956149865903,1.0797766,0.00013361250000000027,1.0768560294042555,0.00035388747564555614,-5.500575081095978e-06,-6.270813589348675e-05,50.0,50.0,50.0,0.0006275797202797572,-9.730769230690091e-07,-0.23720551426542597,12.0,0.0,-3.0431914893616924e-05,0.0012255631480395774,0.006862800000000391,0.3402665320595849,3.8337311351779793,0.6968764921261478,2.1502459040676443,0.06369499514913196,1.2857142857142858,9.039999999993498e-05
matr,matr_b1c1,100,1.0769552999999998,2066.0,0,0,1.0806297,0.005328500000000069,1.004955355764506,5.535292517013074e-06,1.4041046779757487e-06,0.009288300000000138,0.002288600000000196,0.0005547671347807154,-2.4223737508202228,-0.3362150547761769,1.0797766,5.4372448979592546e-05,1.079145414343502,0.00010952644776636288,-1.0195211298956448e-06,-5.116264040713386e-06,100.0,100.0,100.0,0.0002493732608695488,-2.0660608695684157e-05,-0.20901462756423994,12.0,0.0,-1.3713402061855135e-05,0.0008575152320043289,0.006862800000000391,0.01782077128031434,9.242943158093741,0.5218547298827702,2.615531455591912,0.1433785828453472,0.7192982456140351,0.0003188999999998998
matr,matr_b1c10,50,1.07650055,,1,0,1.0824872,0.007211500000000148,1.0067066520707202,0.00010991155102041892,4.377684052353243e-06,0.009695600000000137,0.009142300000000159,0.0016383652633468447,-1.355642320057297,0.0015585017080983518,1.0795403,0.00015023958333333642,1.0757860644585322,0.0003905600044443355,-5.39708564276822e-06,-0.0001015747878166541,50.0,50.0,50.0,0.0004205982517482778,-5.24125874105739e-07,-0.5939101719185451,12.0,0.0,-1.8431914893616734e-05,0.0029539091125408527,0.014382100000000175,0.5519150721358239,1.2745867221807172,0.5967787744619488,2.2558473996129993,0.07979691684029701,2.6923076923076925,0.0002594000000000207
matr,matr_b1c10,100,1.07650055,,1,0,1.0816405,0.006364800000000059,1.0059192261110337,2.5291880024754693e-05,2.4687458220936956e-06,0.009695600000000137,0.009142300000000159,0.001151115953414319,-2.383608653802784,-0.1968136291012932,1.0795403,6.49469387755108e-05,1.0779010077256461,0.0001689869519325411,-1.4087752147822585e-06,-2.3361664451798187e-05,100.0,100.0,100.0,0.0002648993913043486,-1.92796521739532e-05,-0.5833372828969716,12.0,0.0,-1.0296907216495643e-05,0.002057024864879571,0.014382100000000175,0.21160731550130418,6.164470114908985,0.5759383511879863,2.6896477897296256,0.09565317414828088,1.1777777777777778,0.00031199999999986794
matr,matr_b1c11,50,1.0554554999999999,771.0,0,0,1.0607976,0.0070189999999998864,1.0066607919348523,9.816020408164078e-05,3.5996696765264718e-06,0.009460400000000035,0.008566500000000143,0.0015459498664465233,-1.4303624519339841,0.0320612973415997,1.0581003,0.0001462291666666643,1.0548403771602257,0.00034516671221681747,-4.750125156446319e-06,-9.256795324513491e-05,50.0,50.0,50.0,0.0003885006993006933,2.397552447566382e-06,-0.5840992579624098,12.0,0.0,-2.547021276596113e-05,0.0027759781955360523,0.013589400000000085,0.5353505477561262,1.836759708492278,0.5647935093815527,2.358016119185025,0.07539801748421174,2.6923076923076925,0.00024420000000002773
matr,matr_b1c11,100,1.0554554999999999,771.0,0,0,1.0599719,0.006193300000000068,1.00587723075796,2.1809402597413307e-05,2.036413854143478e-06,0.009460400000000035,0.008566500000000143,0.0010867777356126263,-2.42208334249377,-0.23709502986820416,1.0581003,6.31969387755109e-05,1.056657991240569,0.00015406537423538782,-1.2966271729213456e-06,-2.055690862159284e-05,100.0,100.0,100.0,0.00023985065217390063,-2.331386956525006e-05,-0.5725285121808454,12.0,0.0,-1.2672164948451746e-05,0.0019334133780069416,0.013589400000000085,0.19075078144275692,6.9363075991435,0.5599274457465927,2.7290209736317803,0.10657337208303562,1.0851063829787233,0.0002815000000000456
matr,matr_b1c12,50,1.0790142999999999,897.0,0,0,1.0827541,0.005188100000000029,1.004814647084262,6.365734693879073e-05,1.2447425689795823e-06,0.005196699999999943,6.94999999999446e-05,0.00020091560623553082,-2.095008050391722,0.11822840499797962,1.081143,0.00010808541666666727,1.0788147093443334,0.00021951529028630009,-2.9972681412988595e-06,-5.8812609315249886e-05,50.0,50.0,50.0,0.0003305013986014138,3.969580419625923e-06,0.6250880411767012,12.0,0.0,-2.2372340425531553e-05,0.00010035942789224484,0.00037809999999960375,0.651099740664542,4.788971463081005,0.678473291071915,2.159667353449911,0.10309550902697412,3.8,0.0003817999999999877
matr,matr_b1c12,100,1.0790142999999999,897.0,0,0,1.0819131,0.004347099999999937,1.0040341844490268,1.2573115646269797e-05,7.452280068339932e-07,0.005827599999999933,0.00041439999999992594,0.00016711051697107128,-2.8727617859554,-0.35429604441688173,1.081143,4.435816326530548e-05,1.0799226796984607,0.00010353935487404504,-8.918258747821334e-07,-1.1612357725158438e-05,100.0,100.0,100.0,0.00015944560869561843,-1.704552173912831e-05,0.6240719972141918,19.0,0.0,-1.1573195876290677e-05,9.944167695985185e-05,0.00045519999999998895,0.17323733015537168,10.804904252853214,0.6621582432142569,2.2378239345672517,0.14610445835162908,1.3333333333333333,0.0002862999999999616
matr,matr_b1c13,50,1.0814757,,1,0,1.0846964,0.004907099999999831,1.004544497708951,5.4079306122448796e-05,1.0766743777759155e-06,0.0051266999999999285,5.849999999996136e-05,0.00023040213862238743,-2.4901409728554533,0.02099411000378944,1.0836941,0.00010223124999999648,1.0812673682970042,0.00022108063124824868,-3.2115639447274217e-06,-4.985574851376492e-05,50.0,50.0,50.0,0.00033616293706294117,-2.0105944055911293e-05,0.6300165480632977,12.0,0.0,-2.7338297872343495e-05,0.00010095779095517788,0.0004284999999999428,0.5432601371506021,7.1150974355120145,0.6601842104851071,2.199669983427459,0.1032995698378037,2.2,0.00018389999999990359
matr,matr_b1c13,100,1.0814757,,1,0,1.0836461,0.0038567999999998825,1.0035718079443832,4.458676561539456e-06,6.755986037547209e-07,0.005983599999999978,0.0007201999999999487,0.00020024286535861828,-2.4852622593736156,-0.6072674114148869,1.0836941,3.935510204081513e-05,1.0824443042485443,9.600947609258458e-05,-8.975568581475621e-07,-4.1100210532714136e-06,100.0,100.0,100.0,0.0001526362173912967,-2.28358260869833e-05,0.5915888638646156,23.0,0.0,-1.323608247422685e-05,0.00013169081658292848,0.0007471999999999479,0.024030788694268557,10.536646165687216,0.6883087493962303,2.08360252374247,0.20397363520648965,0.8846153846153846,0.00033399999999983443
matr,matr_b1c14,50,1.0722955,845.0,0,0,1.0766748,0.005708700000000011,1.005330420822844,8.259340816327947e-05,2.155925939150356e-06,0.005867399999999856,0.0047607999999998984,0.0008240844447921636,-1.702452916105406,0.13227292433563298,1.0752021,0.00011893125000000022,1.0720850959730786,0.00022136745020559802,-2.6687315777373503e-06,-7.676469758987085e-05,50.0,50.0,50.0,0.000221063286713358,1.6629370629403158e-05,-0.24766151016296256,12.0,0.0,-2.435957446808756e-05,0.001306703173030588,0.007239399999999785,0.6328298155466496,2.64688240958351,0.6500661513015482,2.1258849690112207,0.08096906253366709,4.333333333333333,0.0004941999999998892
matr,matr_b1c14,100,1.0722955,845.0,0,0,1.0762016,0.005235500000000171,1.0048885767719447,2.623412492270803e-05,1.4903285187960418e-06,0.007016599999999817,0.0047607999999998984,0.000588352303315386,-2.433745127707243,-0.1672918067853053,1.0752021,5.342346938775684e-05,1.072947278410318,0.00013014141194763598,-1.0186988924013076e-06,-2.4363768254170015e-05,100.0,100.0,100.0,0.0001528296956521653,-2.3236130434801407e-05,-0.21303532751945367,12.0,0.0,-1.190515463917423e-05,0.0009143580998250297,0.007239399999999785,0.37713425582798876,6.96893286643256,0.6304568222964126,2.31957677270604,0.08726253861345422,1.2790697674418605,0.00021050000000011337
matr,matr_b1c15,50,1.063235,699.0,0,0,1.0684544,0.007330800000000082,1.0069085260190236,9.619587755102368e-05,2.904575249146194e-06,0.007330800000000082,0.005100199999999999,0.0009058795220898118,-1.800628729131554,0.14257625844167435,1.0666022,0.0001527250000000017,1.0629543948866693,0.0002642365452223664,-3.2315513013719397e-06,-9.011229016416098e-05,50.0,50.0,50.0,0.00029220419580420717,3.131993006998461e-05,-0.21716815758588537,12.0,0.0,-3.3676595744680754e-05,0.0014117208531875414,0.007836799999999977,0.6371772850802233,3.2182429416963387,0.6181690033961291,2.2092529981705775,0.08701137698962981,5.857142857142857,0.0005361999999999867
matr,matr_b1c15,100,1.063235,699.0,0,0,1.0677497,0.006626100000000079,1.006244418652078,2.904936054422721e-05,1.9424197721232598e-06,0.008215100000000142,0.005100199999999999,0.0006440616183979763,-2.6272464608340527,-0.2022895810600709,1.0666022,6.761326530612325e-05,1.064017184146204,0.00015242025599271876,-1.2095185828283992e-06,-2.7188409190648614e-05,100.0,100.0,100.0,0.0001855973043477957,-2.215139130436992e-05,-0.18836590287036695,12.0,0.0,-1.6573195876289095e-05,0.0009853566006352984,0.007836799999999977,0.3547928778217623,8.089143367494772,0.6195978958655155,2.359113311053434,0.10508114702910616,1.3333333333333333,0.00033039999999995295
matr,matr_b1c16,50,1.08287165,824.0,0,0,1.0870649,0.005898499999999807,1.0054556819375813,7.930301020409099e-05,2.059924399150333e-06,0.005898499999999807,0.004464299999999977,0.0007569276052430558,-1.7322302173265887,0.1198484044050946,1.0857847,0.00012288541666666264,1.0826602890251844,0.00021160516008532772,-2.5442721131011856e-06,-7.30001934880367e-05,50.0,50.0,50.0,0.0002455136363636568,1.0679020979067654e-05,-0.13796833695732116,12.0,0.0,-2.5280851063831566e-05,0.0011425238997711132,0.006206600000000062,0.610601770630284,2.7776783474916726,0.6471273944764268,2.1503120682572945,0.09672962645855114,4.333333333333333,0.0003741999999999912
matr,matr_b1c16,100,1.08287165,824.0,0,0,1.0863206,0.005154199999999998,1.004767258767938,2.3160274582571553e-05,1.4332652784164748e-06,0.007425499999999863,0.004464299999999977,0.0005537052306159779,-2.253660256391955,-0.2488610270989098,1.0857847,5.2593877551020386e-05,1.08341794440546,0.00013008238851582341,-1.0482560189535453e-06,-2.1303545567700133e-05,100.0,100.0,100.0,0.00014290617391304018,-2.913808695655405e-05,-0.0874651388792062,12.0,0.0,-1.2471134020618354e-05,0.0008120950150035132,0.006206600000000062,0.3056368095755725,6.744042869796644,0.645628819436595,2.296468513203131,0.11706725261033121,1.45,0.0002604000000001605
matr,matr_b1c17,50,1.07360355,825.0,0,0,1.0774972,0.005445200000000039,1.0050792312313208,7.148260204082348e-05,1.5354795808163267e-06,0.005582299999999929,0.0010069000000001438,0.00032892184471476377,-1.8778324228161045,0.061378625779549355,1.0757509,0.00011344166666666748,1.073181308669127,0.00024952338797219374,-3.42386126791135e-06,-6.635862441923496e-05,50.0,50.0,50.0,0.00030422727272729383,8.292307692332096e-06,-0.027478566506446207,13.0,0.0,-2.7027659574464585e-05,0.00044632953797505304,0.0024221000000002046,0.6655591462582766,3.6168476698846943,0.6916758182846817,2.0417356116538747,0.08793007250670225,2.9166666666666665,0.0003088999999998343
matr,matr_b1c17,100,1.07360355,825.0,0,0,1.0769763,0.004924300000000104,1.004593340621537,1.78862312925263e-05,1.0999413835261732e-06,0.007173799999999897,0.001229099999999983,0.00028404568841663974,-2.0913791866362184,-0.4211329388109717,1.0757509,5.0247959183674526e-05,1.0743383163236488,0.00012396712176238062,-1.0400087300965987e-06,-1.6595339076671037e-05,100.0,100.0,100.0,0.00017528026086953687,-1.7945608695673877e-05,0.12642114832247184,56.0,0.0,-1.3020618556698887e-05,0.00035746353168135544,0.0024221000000002046,0.23752699397442678,7.22632077754532,0.6992167814623839,2.129195071062371,0.10854016857520601,1.2045454545454546,0.00023960000000000647
matr,matr_b1c18,50,1.06710325,665.0,0,0,1.0689219,0.0027514000000001815,1.0025806378998483,0.0026112252551020506,0.06583650337620378,1.8179140000000003,1.8146027000000002,0.3704071965086886,6.7837546862543565,20.095676874489598,1.0695512,5.7320833333337116e-05,1.0345319717173245,0.0030469199114326697,-8.378743390973647e-06,-0.002355641859966696,50.0,50.0,50.0,0.0002985370629371054,-0.05716160454545445,-0.5000272767784791,40.0,1.0,-1.2961702127659073e-05,0.6483592004046168,3.6292331000000004,0.020713424872886743,48.99891015446624,0.12592048380226836,3.178046872531405,0.08991413664759113,0.92,0.0003314999999999291
matr,matr_b1c18,100,1.06710325,665.0,0,0,1.0645274,-0.0016430999999998974,0.998458876886952,-0.0002945415905998645,0.032977476867205466,1.8202613,1.8146027000000002,0.25923116980720284,9.797183509852504,-0.03565902363854051,1.0695512,-1.67663265306112e-05,1.0566848562162587,0.0022652800432841212,-2.5096290528274322e-05,0.0002670627095823677,100.0,100.0,100.0,0.00013683739130433524,-0.00010976513043479593,-0.5000270632497205,40.0,1.0,-7.281443298974151e-06,0.45131413003630744,3.6292331000000004,0.0021484272928560255,98.98236976177962,0.06381231479478648,3.891674582304538,0.042330807645117284,0.4411764705882353,0.0012372999999998857
matr,matr_b1c19,50,1.0866476999999999,740.0,0,0,1.0887345,0.00361979999999984,1.0033358685491955,3.0232102040822472e-05,5.950878624989397e-07,0.00399169999999982,0.0011022000000000531,0.0003343152813494339,-2.909006787301396,-0.08107436403107827,1.0886388,7.541249999999666e-05,1.086569479467651,0.0001734655448647448,-2.754489285076045e-06,-2.7758614085657983e-05,50.0,50.0,50.0,0.00027132202797203273,-3.136923076918879e-05,-0.0648887583808214,12.0,0.0,-2.5502127659573163e-05,0.00046473613446379637,0.0024927000000001254,0.30717480607592873,9.803553693024218,0.6136278717751348,2.3181067389577374,0.10625697470486344,1.2857142857142858,6.359999999983046e-05
matr,matr_b1c19,100,1.0866476999999999,740.0,0,0,1.0870851,0.0019703999999998167,1.001815844905612,-1.035584539269312e-05,5.896913482909867e-07,0.004190699999999881,0.0012825999999999116,0.00035207015935091203,-1.417435797264037,-1.3034356323093033,1.0886388,2.0106122448977722e-05,1.0875458381148997,6.686052028891736e-05,-7.570231929570291e-07,9.510696845282695e-06,100.0,100.0,100.0,0.00011801795652172194,-5.6098956521762835e-05,-0.22901132041948316,17.0,0.0,-1.305463917525714e-05,0.0005417568134806737,0.002508100000000235,0.1485221370838129,2.690395543809487,0.8000750087695804,1.7225935687091334,0.15721816689512005,0.6610169491525424,0.00045610000000007034
matr,matr_b1c2,50,1.0817747,1487.0,0,0,1.0858485,0.005926199999999993,1.0054876170257805,6.404523469389321e-05,1.9435417504873126e-06,0.008131200000000005,0.002243299999999948,0.0007159276702366113,-1.84440032613074,0.033761923895837355,1.0837817,0.00012346249999999984,1.0815783033986104,0.00027828930227834957,-4.120078222778402e-06,-5.8980943962151664e-05,50.0,50.0,50.0,0.0005074608391608815,1.1808741258757593e-05,-0.2770531776507092,12.0,0.0,-3.0461702127662697e-05,0.00114069396879627,0.006338100000000013,0.42209456894513164,4.2696722798628555,0.6532962061573847,2.2745356279297573,0.1305763871162929,1.5263157894736843,0.00013290000000010238
matr,matr_b1c2,100,1.0817747,1487.0,0,0,1.0849404,0.005018100000000025,1.0046467231948077,1.0295625231922681e-05,1.0410625875665818e-06,0.008131200000000005,0.002243299999999948,0.0005118544755666834,-2.755780590939342,-0.2987592025033784,1.0837817,5.120510204081659e-05,1.0832126293842352,0.00010367282563953938,-9.154627490943373e-07,-9.480712523122681e-06,100.0,100.0,100.0,0.00019877421739129548,-2.0794956521752607e-05,-0.24510151873766112,12.0,0.0,-1.4498969072165255e-05,0.000800206157907814,0.006338100000000013,0.08315214200238119,10.894089668823499,0.5073498454128692,2.68800111737947,0.19105523676270922,0.96,0.00017369999999994334
matr,matr_b1c20,50,1.07410775,504.0,0,0,1.0709916,-0.0016384000000000398,0.9984725394590865,-7.040854081631555e-05,2.14824168523947e-06,0.007402700000000095,0.007362599999999997,0.0013090382962206344,-0.7075470205252764,3.9391190428730827,1.0757242,-3.413333333333416e-05,1.0743295035071643,2.6133033345260705e-05,-1.8565687338771942e-06,6.557695907624655e-05,50.0,50.0,50.0,-5.79069930069999e-05,-0.00013503496503495372,-0.38862102524606884,13.0,0.0,-2.6829787234046353e-05,0.002198105317004766,0.012371899999999991,0.4615274579155837,1.507144460919248,0.5924200241685066,2.4636388997703937,0.16623541904233022,0.45454545454545453,0.0008270000000001332
matr,matr_b1c20,100,1.07410775,504.0,0,0,1.0612478,-0.011382199999999898,0.9893885123481537,-0.000139776181818172,1.7332429038385893e-05,0.014476399999999945,0.007362599999999997,0.0009212969790998221,-0.44030550355874715,2.7565932319087794,1.0757242,-0.00011614489795918263,1.0747463445526078,-1.2681481073963524e-05,-1.2460264778844026e-06,0.0001305516517564852,91.0,100.0,100.0,-3.0874826086973996e-05,-0.00021412908695656271,-0.37642494706089097,36.0,0.0,-1.3827835051546286e-05,0.0015313311981748276,0.012371899999999991,0.9205592467349413,-1.024883659727511,0.8226009853072863,1.5091201095447295,0.10935253692736377,0.18072289156626506,0.0031202999999999648
matr,matr_b1c21,50,1.0840401499999999,535.0,0,0,1.0834514,0.0010125999999999191,1.0009354801398471,-1.2295530612236297e-05,1.1758658399250287e-06,0.007470199999999982,0.007470199999999982,0.001306413723704173,-3.1819044810037234,-5.08856736406148,1.0858023,2.109583333333165e-05,1.0840243946860617,5.793181683737764e-05,-1.3505259124930712e-06,1.1336763295488359e-05,50.0,50.0,50.0,-2.5397552447528287e-05,-6.367377622375639e-05,-0.36267490496049415,13.0,0.0,-2.7610638297873793e-05,0.0021727481108704113,0.012197399999999803,0.025713830252293235,17.184693170970554,0.3062333081275668,3.0096952707995763,0.24640041347847697,0.8461538461538461,0.0003044999999999298
matr,matr_b1c21,100,1.0840401499999999,535.0,0,0,1.0767291,-0.005709699999999929,0.9947251521286932,-8.178444155843087e-05,6.7628706868646e-06,0.009197099999999958,0.007470199999999982,0.0009193974983112937,-0.53847651939347,10.522270802396774,1.0858023,-5.826224489795846e-05,1.084336682498224,3.602081387265285e-05,-1.1549534846185397e-06,7.551782848280405e-05,100.0,100.0,100.0,1.1075521739101942e-05,-0.0001408581739130536,-0.3512871977332085,12.0,0.0,-1.3939175257730476e-05,0.001513933749626795,0.012197399999999803,0.8077093893644335,-0.9985358597528489,0.7953567221296195,1.5620618766542835,0.1295153229696327,0.3424657534246575,0.0015850000000001696
matr,matr_b1c22,50,1.08099815,,1,0,1.0837351,0.0044311999999999685,1.004105609180139,3.499164285715519e-05,6.944773665139447e-07,0.0044311999999999685,0.001197099999999951,0.00034481008138135855,-2.959360651584174,-0.10776966747685778,1.0830258,9.2316666666666e-05,1.080963211306557,0.00017994820411997554,-2.7876261781318323e-06,-3.229063326190683e-05,50.0,50.0,50.0,0.0003041076923077194,-7.474825174785242e-06,-0.006014457414056221,11.0,0.0,-1.9276595744682413e-05,0.00045891228903429375,0.00243799999999994,0.3526148234284463,10.468240207561008,0.5649971995385649,2.456049764843703,0.18415810460125612,1.5263157894736843,0.00014310000000006262
matr,matr_b1c22,100,1.08099815,,1,0,1.0820541,0.002750199999999925,1.0025481238416722,-6.755834260964923e-06,5.475690513865873e-07,0.005003300000000044,0.0012465999999999866,0.000337470001505122,-1.664222170557937,-0.9751643493947422,1.0830258,2.8063265306121682e-05,1.082053678985955,6.588179251622675e-05,-7.121335958549227e-07,6.235527417386129e-06,100.0,100.0,100.0,0.00011532786956518275,-1.8009130434795407e-05,-0.19234235639765587,17.0,0.0,-1.3654639175259512e-05,0.0005072913618202502,0.002463300000000057,0.06807127873841246,5.693030758793803,0.7158023835103402,1.9109948083809432,0.23351145460383976,0.6896551724137931,0.00047050000000004033
matr,matr_b1c23,50,1.0809316,974.0,0,0,1.0832305,0.003937099999999916,1.0036478496023415,2.484201020408669e-05,4.698406677967351e-07,0.003937099999999916,0.0012772999999999257,0.0003405831403878969,-3.2256051300307402,-0.05646690233091202,1.0826545,8.20229166666649e-05,1.0810114822244896,0.00013432370288116147,-2.1054171668673236e-06,-2.2938381157865798e-05,50.0,50.0,50.0,0.0002704076923077114,3.2486013985761517e-06,-0.019061710618847517,11.0,0.0,-1.695531914893358e-05,0.0004567613617860164,0.002472099999999866,0.26269563844849975,12.54056128120171,0.4940666553700137,2.648628354825445,0.18319150030249473,1.6666666666666667,7.829999999997561e-05
matr,matr_b1c23,100,1.0809316,974.0,0,0,1.0816909,0.0023974999999998303,1.0022213607532482,-6.950910327764559e-06,4.071441198163376e-07,0.004492999999999858,0.0012772999999999257,0.0003315286718446808,-1.5577977387515851,-1.2525040297273047,1.0826545,2.4464285714283983e-05,1.0818064056083487,5.07362573543155e-05,-5.655604674713614e-07,6.419235966885318e-06,100.0,100.0,100.0,8.80747391304065e-05,-1.5027217391325377e-05,-0.21040051912756633,13.0,0.0,-1.3296907216496069e-05,0.0005028947869002575,0.002472099999999866,0.0969125529766669,5.564425546607085,0.690216707176816,2.075908749159863,0.2215549886290719,0.75,0.00035500000000010523
matr,matr_b1c24,50,1.0758532500000002,979.0,0,0,1.0785309,0.003995399999999982,1.003718257796043,4.0948479591847736e-05,7.312329843065062e-07,0.004203699999999921,0.0012438000000001281,0.0004755566486695096,-2.146483875923696,0.011222507899645316,1.077704,8.323749999999963e-05,1.0758118819752496,0.00016455687656762578,-2.377084557226869e-06,-3.7971761704471517e-05,50.0,50.0,50.0,0.00028068706293708903,2.9523076923111718e-05,-0.3418704819444354,11.0,0.0,-2.1017021276593025e-05,0.0007759909955935616,0.0024970000000001935,0.4586166151881883,5.526621777870933,0.5361736752063155,2.459745884657935,0.4746656423515469,1.8235294117647058,0.000272800000000073
matr,matr_b1c24,100,1.0758532500000002,979.0,0,0,1.0776314,0.0030958999999999293,1.0028811519023801,2.0242585034090332e-06,5.092068983124051e-07,0.004539499999999919,0.0013752999999998572,0.00045990668598491064,-2.083528500553413,-0.7004155237553837,1.077704,3.159081632652989e-05,1.076635806517784,7.600292638536783e-05,-7.252810576662321e-07,-1.8769732021257526e-06,100.0,100.0,100.0,0.0001058175652173605,-4.0102130434773825e-05,-0.37317300446830476,14.0,0.0,-1.0188659793813836e-05,0.0007599388223988452,0.0025476999999998196,0.006571772122695885,6.450243515758457,0.5952328113821692,2.4516995647018143,0.5031035776720805,1.2272727272727273,0.0003098999999999741
matr,matr_b1c25,50,1.0765048,817.0,0,0,1.0793265,0.0040919999999999845,1.0038056814583238,4.758626530612126e-05,8.343918302040523e-07,0.004333399999999932,0.0012472999999999512,0.00031555618754826906,-2.192120802000242,0.014727749092592297,1.0783457,8.524999999999967e-05,1.0763502616005218,0.00018931386511198772,-2.7255307654980707e-06,-4.4089131229176544e-05,50.0,50.0,50.0,0.00028989580419583143,-2.2355244755212603e-05,-0.14096761344879502,13.0,0.0,-2.364255319148419e-05,0.0004578841192920604,0.002475500000000075,0.5427791988880759,5.24934792220354,0.673458637083948,2.162088826449937,0.18739770982581527,1.6666666666666667,0.00017719999999998848
matr,matr_b1c25,100,1.0765048,817.0,0,0,1.0780438,0.0028093000000000146,1.0026127323853542,5.129313543696749e-07,5.29115396216692e-07,0.004678599999999866,0.0012472999999999512,0.00023563110824383597,-1.995368019116365,-0.6765113431825535,1.0783457,2.8666326530612394e-05,1.0773511067226442,8.457985215839266e-05,-8.241854980787729e-07,-4.7472706304125723e-07,100.0,100.0,100.0,0.00012326286956518617,-2.8183000000030088e-05,-0.05382286221919914,20.0,0.0,-1.1686597938141596e-05,0.00032612664532272596,0.002475500000000075,0.00040608123900354176,6.552363003699012,0.7346824594421417,1.82457210917432,0.24637492700542127,0.6896551724137931,0.00037100000000012123
matr,matr_b1c26,50,1.0891754,826.0,0,0,1.0910344,0.003383000000000136,1.0031103715767755,2.3529653061230776e-05,5.384939088879584e-07,0.003894800000000087,0.001370700000000058,0.00048723042459324203,-2.6978788759133,-0.07820442136258009,1.0910354,7.04791666666695e-05,1.089255127474599,0.00014560675556175645,-2.347636586548982e-06,-2.1560045822246297e-05,50.0,50.0,50.0,0.0002793265734265667,-2.1996853146816167e-05,-0.25730171451197303,12.0,0.0,-2.6946808510639558e-05,0.0007643896507897787,0.002586200000000094,0.20562705131611225,8.8967583991293,0.5174871569502489,2.5748111339814788,0.4195074652312033,1.6666666666666667,0.00011070000000001912
matr,matr_b1c26,100,1.0891754,826.0,0,0,1.0893713,0.0017199000000001075,1.0015812970957423,-1.5210461348171734e-05,7.43129392984391e-07,0.004499100000000089,0.0024927999999999617,0.0005801074992303319,-1.3028480151751864,-1.9007715278015458,1.0910354,1.7550000000001097e-05,1.0900816765352153,5.729346746423521e-05,-7.108228314941995e-07,1.3941308046935498e-05,100.0,100.0,100.0,9.557791304347208e-05,-5.743008695655163e-05,-0.3968997849143379,15.0,0.0,-1.2280412371134628e-05,0.0009679864413550726,0.004882700000000018,0.2542524602448637,2.4549169277967833,0.7041601655289367,1.9910349918909638,0.44973793178615257,0.96,0.0005028000000000254
matr,matr_b1c27,50,1.0804401499999998,809.0,0,0,1.0824821,0.0034359999999999946,1.0031842939796547,2.7771816326531233e-05,5.612793018575775e-07,0.0038362000000000673,0.0012448999999998822,0.00040674428357655423,-2.585321072500288,-0.16780826989561604,1.0822893,7.158333333333322e-05,1.0803788187763783,0.00016443007690737107,-2.6280434727086123e-06,-2.564876681634357e-05,50.0,50.0,50.0,0.0002746650349650466,-1.776083916080593e-05,-0.21332882464771177,15.0,0.0,-2.4706382978720474e-05,0.0006208784245279662,0.0024764999999997706,0.2748270885892483,7.883223687452411,0.5613925981998809,2.383768573218847,0.24231346742193,1.7647058823529411,0.0001305999999998697
matr,matr_b1c27,100,1.0804401499999998,809.0,0,0,1.0810226,0.0019765000000000477,1.001831710433873,-1.0758799010503258e-05,5.637001648117731e-07,0.003953399999999885,0.0012744000000000089,0.00041766020037701217,-1.0732038421951768,-1.3004320970551415,1.0822893,2.0168367346939262e-05,1.0813978411932232,5.708922392561801e-05,-6.651766954522302e-07,9.939113894092285e-06,100.0,100.0,100.0,0.00010320569565215201,-3.771278260872006e-05,-0.32664982154044464,15.0,0.0,-1.1939175257730194e-05,0.0006744102602154394,0.0024764999999997706,0.1676965996387043,1.491503510127254,0.741837502936634,1.8151178885244186,0.33451337213587995,0.9019607843137255,0.0005055999999998839
matr,matr_b1c28,50,1.07937775,815.0,0,0,1.0809796,0.00323209999999996,1.002998939918673,2.0605673469391708e-05,3.570540114785338e-07,0.0034729999999998373,7.179999999995523e-05,0.0002205075248995466,-3.7517480318339986,-0.1255806287195547,1.0809715,6.733541666666583e-05,1.0793609907095092,0.00012981777328803176,-2.100232688820295e-06,-1.9057461898902726e-05,50.0,50.0,50.0,0.00023753321678322001,-1.1022727272722887e-05,0.5107073639552819,10.0,0.0,-2.8002127659573004e-05,0.0001202271298893588,0.0006926000000000432,0.23783168118954967,16.74022307066316,0.5233929400647814,2.5397854993316127,0.13797356633964625,1.4,9.029999999987659e-05
matr,matr_b1c28,100,1.07937775,815.0,0,0,1.0796947,0.0019471999999998157,1.0018067311684786,-7.72668027209581e-06,3.3397575116211916e-07,0.003846999999999934,0.0005214000000000052,0.00017414241380944476,-1.7771481326903678,-1.582564179167329,1.0809715,1.986938775510016e-05,1.080085758186561,4.9662284957711534e-05,-5.626369140178384e-07,7.147318916455371e-06,100.0,100.0,100.0,8.572978260864425e-05,-3.5516565217402636e-05,0.5064552168690191,20.0,0.0,-1.3863917525773555e-05,0.00011253057516755815,0.0006926000000000432,0.14598753568001233,5.799936744492319,0.7811602229586038,1.7698012187348027,0.19343839690029396,0.6610169491525424,0.00028610000000006686
matr,matr_b1c29,50,1.0809752000000001,872.0,0,0,1.0831246,0.0036709000000001435,1.0034007016697428,3.07609897959143e-05,5.324074067888266e-07,0.0039143999999999846,7.099999999993223e-05,0.00021010317925523967,-3.14341816260948,-0.07780830308582759,1.0827931,7.647708333333632e-05,1.080924502780287,0.0001633172093049919,-2.549158067482608e-06,-2.839445147371198e-05,50.0,50.0,50.0,0.00027394615384616477,-1.9003146853120218e-05,0.5850849360844256,13.0,0.0,-2.5240425531911966e-05,9.824043163749163e-05,0.0005689999999998197,0.3554565474330087,11.539815950107638,0.6093035660742333,2.355809720413836,0.10416648566521854,1.8235294117647058,9.609999999993235e-05
matr,matr_b1c29,100,1.0809752000000001,872.0,0,0,1.0818107,0.0023569999999999425,1.0021835119005105,-5.2127198515752415e-06,4.126172800551001e-07,0.004349200000000053,0.0006383999999999279,0.00017412258539275104,-1.9107874061370833,-1.084229142362105,1.0827931,2.405102040816268e-05,1.0818481018708177,6.341680087370957e-05,-6.72838438483046e-07,4.812177224344744e-06,100.0,100.0,100.0,0.00011001099999997172,-3.0947782608730344e-05,0.5372805865687683,20.0,0.0,-1.3044329896907471e-05,0.0001172547820395515,0.0006505999999999457,0.0537806674877398,6.868343670686288,0.7680217749538546,1.7771725568105128,0.18036269230862162,0.75,0.000319200000000075
matr,matr_b1c3,50,1.08161105,1344.0,0,0,1.085786,0.006063099999999988,1.0056154222532467,7.72541224489768e-05,1.998711714777138e-06,0.006063099999999988,0.003996600000000017,0.0007553909597546134,-1.860677528170839,0.0574353478914747,1.0843078,0.0001263145833333331,1.081169465061225,0.00023216137334931204,-2.9789855942375295e-06,-7.119712934645284e-05,50.0,50.0,50.0,0.00020337692307698175,2.9013986014004862e-05,-0.2193396663519233,10.0,0.0,-3.037234042553483e-05,0.001174613907178477,0.0066829999999999945,0.597204628485104,3.4929732912426736,0.6203678123580103,2.185465023409425,0.0878307133730322,3.8,0.00024079999999981894
matr,matr_b1c3,100,1.08161105,1344.0,0,0,1.0847498,0.005026900000000056,1.0046557315770557,1.713634755721474e-05,1.1898366835261534e-06,0.006530099999999983,0.003996600000000017,0.0005434444620578241,-2.7399704529428783,-0.2829114633353617,1.0843078,5.129489795918425e-05,1.0822223364807673,0.00012304330144851083,-1.038303469522535e-06,-1.578476946690929e-05,100.0,100.0,100.0,0.00016350826086954253,-3.117069565218847e-05,-0.1863311246260343,26.0,0.0,-1.5676288659794784e-05,0.0008281649995931887,0.0066829999999999945,0.20155519621148854,9.134449269955427,0.6162708593810204,2.3805484560456844,0.1732465801695866,1.2790697674418605,0.00028369999999999784
matr,matr_b1c30,50,1.08151455,679.0,0,0,1.0832798,0.003416099999999922,1.0031634547952673,2.283856122450263e-05,5.198283271636679e-07,0.003954500000000083,0.001216300000000059,0.0004153518288533098,-2.929687452434743,0.018886155150236197,1.0833608,7.116874999999838e-05,1.0815613265136779,0.00014557781003037235,-2.3603701693440067e-06,-2.1075326139608586e-05,50.0,50.0,50.0,0.00028033916083919667,-2.9473426573393213e-05,-0.16902116657099556,11.0,0.0,-2.881276595745094e-05,0.0006153500016396618,0.0024349000000001286,0.2006815910363421,10.507885641600842,0.5338472251915154,2.5142011746585826,0.3180531703280797,1.5263157894736843,0.00011189999999983158
matr,matr_b1c30,100,1.08151455,679.0,0,0,1.0814074,0.0015437000000000367,1.0014295322641182,-1.6368218923921956e-05,6.757359250586671e-07,0.003954500000000083,0.0012190000000000811,0.00034751279031803044,-0.753616228423882,-1.8658517114333477,1.0833608,1.5752040816326906e-05,1.0824551567275524,5.241973557657927e-05,-6.743917107892827e-07,1.5110073324251079e-05,100.0,100.0,100.0,0.0001064760434782343,-3.951617391304674e-05,-0.2015149911838566,21.0,0.0,-1.3621649484536914e-05,0.0005253560870410983,0.0024349000000001286,0.32379539746999675,0.09893571705548876,0.836789852818142,1.5070088562939736,0.2955205207854018,0.6896551724137931,0.0006296999999999553
matr,matr_b1c31,50,1.0963314,827.0,0,0,1.0973709,0.0027317000000000036,1.0024955254662906,3.4426938775718038e-06,4.4648022044982194e-07,0.003694199999999981,0.0013121000000000382,0.000429724036077998,-2.6011562333725027,-0.24770016412460974,1.0981392,5.691041666666674e-05,1.0965567114094663,0.00012425875221577215,-2.3233857372739185e-06,-3.1358586432026208e-06,50.0,50.0,50.0,0.0002759520979021295,-4.4397202797133994e-05,-0.17351511258488891,11.0,0.0,-2.8948936170211364e-05,0.0006393836569672174,0.002488599999999952,0.005309144993068449,9.30314823051938,0.5845572062413488,2.388630159750908,0.3520772346901029,1.0,0.0003028000000000475
matr,matr_b1c31,100,1.0963314,827.0,0,0,1.0953494,0.0007101999999998831,1.0006487982524286,-2.6201082251072237e-05,9.54822771388661e-07,0.003694199999999981,0.0013121000000000382,0.0003985744375728918,-0.45762984330246476,-13.771428890158976,1.0981392,7.2469387755090115e-06,1.0974585218382007,2.7884169491043307e-05,-5.302475660992709e-07,2.3875259515727014e-05,100.0,100.0,100.0,8.537834782609873e-05,-3.180704347829817e-05,-0.28189844021694394,13.0,0.0,-1.3832989690722264e-05,0.0006278095261938394,0.002488599999999952,0.5871654903445251,-0.9984813771193628,0.8642765468969985,1.4006330670859612,0.30748469974796055,0.5806451612903226,0.0007086999999998955
matr,matr_b1c32,50,1.0792755,694.0,0,0,1.080977,0.003140400000000154,1.0029136141786243,2.1014489795926513e-05,4.040087707788383e-07,0.0035378999999999827,0.0001357999999997972,0.00020538510930688953,-3.469002989301397,-0.12172460572004426,1.0810486,6.542500000000322e-05,1.0793526528528001,0.00014230520369851388,-2.332513728895922e-06,-1.9432948237767623e-05,50.0,50.0,50.0,0.0002587846153846415,-2.6156643356624646e-05,0.5962740840937585,11.0,0.0,-2.4514893617019926e-05,0.00010063337498641267,0.0004963000000000051,0.21861346254014669,13.990677599595628,0.5911733863726246,2.3932006250774487,0.1113471787141419,1.5263157894736843,7.580000000007026e-05
matr,matr_b1c32,100,1.0792755,694.0,0,0,1.0793804,0.001543800000000095,1.0014323135807413,-1.2776272108839541e-05,4.931551303785259e-07,0.003820099999999993,0.0006247999999999809,0.00017024989508468023,-1.0663633832928767,-1.916849689831845,1.0810486,1.5753061224490765e-05,1.0801812805725501,5.2491464260434915e-05,-6.3987976832616e-07,1.1817965125471807e-05,100.0,100.0,100.0,9.443321739126662e-05,-3.77936521739269e-05,0.5555300716874392,15.0,0.0,-1.1917525773197494e-05,0.00011484228091892032,0.000614400000000126,0.27031464773982594,1.342377037013705,0.8511298791922174,1.4020711588246884,0.11892004544345855,0.6333333333333333,0.00042480000000000295
matr,matr_b1c33,50,1.0942233,708.0,0,0,1.0958972,0.0034064000000000316,1.0031180125269705,1.7197581632642628e-05,4.887719748937926e-07,0.004034000000000093,8.960000000013402e-05,0.00024345870314878543,-3.5424968951345344,-0.17339927678925662,1.0961914,7.096666666666733e-05,1.0943607042713857,0.0001539113240657631,-2.629110431406236e-06,-1.5684258814507285e-05,50.0,50.0,50.0,0.0002945863636363788,-3.018461538459248e-05,0.6166279331719647,12.0,0.0,-2.8653191489362424e-05,0.00010580309863750791,0.0005552999999998143,0.12102036499786162,15.039149831551839,0.5907657671774369,2.3935736386601,0.20893520531204465,1.2857142857142858,0.00016150000000014764
matr,matr_b1c33,100,1.0942233,708.0,0,0,1.0937657,0.0012749000000000787,1.0011669663488243,-2.181216573901653e-05,8.863108519824446e-07,0.004335399999999989,0.0009082000000000257,0.0002097360975844291,-0.6439681029661344,-3.1005291895424243,1.0961914,1.3009183673470192e-05,1.0953174358212283,5.1737080554450164e-05,-7.21071042092762e-07,1.9902277267594985e-05,100.0,100.0,100.0,0.00010118665217386613,-4.374304347829243e-05,0.5515641371384921,17.0,0.0,-1.3961855670101118e-05,0.00014663037929650466,0.000867500000000021,0.4383856612864957,-0.48210204232653675,0.8853459076840402,1.2214653384583922,0.1567447150043049,0.53125,0.0005840999999999763
matr,matr_b1c34,50,1.07806275,714.0,0,0,1.0806258,0.004008400000000023,1.003723142501691,3.8371816326538406e-05,7.204258167263675e-07,0.004067500000000113,0.001231500000000052,0.0004645016800442251,-2.190296985255918,-0.03929052063537981,1.0798281,8.350833333333381e-05,1.0778453674085982,0.0001765963127633922,-2.658163393016975e-06,-3.551189719581148e-05,50.0,50.0,50.0,0.0002816125874126075,6.42062937069287e-06,-0.3269415697610069,13.0,0.0,-2.4199999999999047e-05,0.0007460900615877895,0.002475000000000005,0.40875722496666034,5.483799386741104,0.582339403201084,2.388145494946164,0.2974764700440686,3.0,9.370000000008538e-05
matr,matr_b1c34,100,1.07806275,714.0,0,0,1.0794187,0.0028013000000000066,1.002601945686555,-3.129647495315059e-07,5.236036147250373e-07,0.004865000000000119,0.0012524000000000424,0.0004598976881234039,-1.5663710768968997,-0.7718097169092036,1.0798281,2.858469387755109e-05,1.0788427091095758,7.075592005355347e-05,-6.967537725792567e-07,2.8995129286886326e-07,100.0,100.0,100.0,0.00012242921739127966,-2.458104347827394e-05,-0.35702816567630674,19.0,0.0,-1.2570103092783859e-05,0.0007517453277314348,0.0024991000000000874,0.00015276822812237967,5.101772623332813,0.6372935432554451,2.327459904444143,0.36132731728245293,1.1304347826086956,0.0003805999999999532
matr,matr_b1c35,50,1.07233895,676.0,0,0,1.0750592,0.0043128000000001165,1.004027844501742,4.188910204082115e-05,7.137700048063361e-07,0.0043128000000001165,0.0011976999999998572,0.0004115495666785826,-2.4734263871698605,0.02010104474306595,1.0741303,8.985000000000243e-05,1.0722558397863655,0.0001628295321703105,-2.3257775024906372e-06,-3.897300127231144e-05,50.0,50.0,50.0,0.0002725069930069953,-2.5013986013699046e-06,-0.21155999161462327,11.0,0.0,-2.2197872340422514e-05,0.0006261161184838153,0.002496899999999691,0.491670106048249,7.603146113485813,0.5671320677809943,2.455215268221923,0.16515629366386042,3.0,0.00011269999999985458
matr,matr_b1c35,100,1.07233895,676.0,0,0,1.0739936,0.0032472000000001167,1.0030326508685905,3.195320964753293e-06,4.888195490072439e-07,0.00507919999999995,0.0012404999999999777,0.00039551701557916997,-2.17849900828678,-0.6583295938725635,1.0741303,3.313469387755221e-05,1.0730843817698028,7.524112016156515e-05,-7.063313646744978e-07,-2.972520213502125e-06,100.0,100.0,100.0,0.00011192299999997599,-1.8124000000023152e-05,-0.27734396747200224,22.0,0.0,-1.2315463917523954e-05,0.0006240324009133729,0.002496899999999691,0.017057887323887022,9.158551036817293,0.6142019638022608,2.410914861534672,0.292163035886817,1.1304347826086956,0.00029879999999993245
matr,matr_b1c36,50,1.0795122,670.0,0,0,1.081803,0.003971500000000017,1.0036847132413556,2.8355275510211774e-05,6.159645104873021e-07,0.00407959999999985,0.0012417000000000122,0.0004847968112774768,-2.8564713175666947,-0.08379177877979936,1.081539,8.273958333333369e-05,1.0795179048905774,0.00016226561879646302,-2.5751989093514646e-06,-2.620879254231726e-05,50.0,50.0,50.0,0.0002985174825174932,-4.1087762237740965e-05,-0.2415719200734976,11.0,0.0,-2.615106382978215e-05,0.0007513736455750702,0.0024957000000001006,0.26106103048808404,9.857985635180844,0.5113358294619421,2.5433043044802877,0.2421704263689039,1.5263157894736843,7.220000000018878e-05
matr,matr_b1c36,100,1.0795122,670.0,0,0,1.0802411,0.0024096000000000117,1.0022355999059223,-7.183043908460639e-06,4.996298185695343e-07,0.004527799999999971,0.001249100000000114,0.00038981792093580357,-1.5522051891310458,-1.2291783327428736,1.081539,2.4587755102040937e-05,1.080463497038068,6.0236295891715376e-05,-6.609739196096422e-07,6.64048301969655e-06,100.0,100.0,100.0,0.00010855113043475357,-3.587078260871591e-05,-0.24675091620719247,13.0,0.0,-1.2963917525772283e-05,0.0006051964646815137,0.0024957000000001006,0.08433610164286665,4.752795924382339,0.6827255097384755,2.1268071358207017,0.24242548086366006,0.7192982456140351,0.00039420000000012223
matr,matr_b1c37,50,1.0763612999999999,622.0,0,0,1.0787735,0.0039541000000000714,1.0036788506050411,2.963779591837147e-05,6.00378813261146e-07,0.0039541000000000714,0.0012252999999999847,0.00047629566414484004,-2.6419275112167333,-0.0580312188878532,1.0783199,8.237708333333482e-05,1.07633207746244,0.00016006842195603668,-2.5082812699555378e-06,-2.7475570784597484e-05,50.0,50.0,50.0,0.00028790489510493474,-3.264545454545071e-05,-0.26585268772611126,11.0,0.0,-2.241489361702214e-05,0.0007464026518672105,0.0024281999999999915,0.29261490495557674,8.31824084223665,0.5210758966597461,2.5150748866237604,0.20310497125038915,1.8235294117647058,7.2000000000072e-05
matr,matr_b1c37,100,1.0763612999999999,622.0,0,0,1.0768065,0.0019871000000000194,1.0018487757105985,-9.680958565239032e-06,5.726424927456485e-07,0.004472400000000043,0.0012495999999999619,0.0003864089519183867,-1.0566839700516877,-1.3824064888428798,1.0783199,2.0276530612245094e-05,1.0772280613117067,6.438727603310504e-05,-7.261591627288052e-07,8.976290444420285e-06,100.0,100.0,100.0,0.00010934830434781904,-3.981765217391382e-05,-0.2617665475908915,17.0,0.0,-1.3138144329897e-05,0.000604193995684604,0.0024281999999999915,0.13365893020902841,1.9529473629166834,0.7545131984049432,1.807944857686698,0.20686266571007222,0.6065573770491803,0.0004969000000001333
matr,matr_b1c38,50,1.074173,592.0,0,0,1.0760677,0.00311640000000013,1.0029045120687212,2.4773714285719458e-05,4.74895974277387e-07,0.003646500000000108,0.00017170000000010788,0.0001988224653009268,-2.9512457199845925,-0.13417092352365315,1.0760679,6.492500000000272e-05,1.074194253719496,0.0001616024614441897,-2.6313220607400545e-06,-2.3013039163364634e-05,50.0,50.0,50.0,0.0002774332167832658,-2.8956643356613655e-05,0.37896174701135193,11.0,0.0,-2.3793617021274586e-05,0.00016822185883247744,0.0007276000000000504,0.25847215085115893,9.779098303994417,0.6659145293592095,2.195826563746955,0.215217486041789,2.0,9.170000000002787e-05
matr,matr_b1c38,100,1.074173,592.0,0,0,1.0749754,0.002024100000000084,1.0018864789110187,-9.43712430426442e-06,4.135994688521607e-07,0.003646500000000108,0.00034559999999994595,0.0001614048649902646,-1.264808863792332,-1.1781003216440245,1.0760679,2.065408163265392e-05,1.0752531312620413,4.942303826873101e-05,-5.770604173823182e-07,8.76904476167142e-06,100.0,100.0,100.0,0.00010634426086955112,-2.4370217391340266e-05,0.3389238223901516,21.0,0.0,-9.842268041238e-06,0.0001534968926345577,0.0007276000000000504,0.17585074330027883,2.7158220427871687,0.8152085953403005,1.562860220252639,0.31781181390381025,1.2272727272727273,0.00048290000000017486
matr,matr_b1c39,50,1.08353305,592.0,0,0,1.0860772,0.004299900000000134,1.0039748476881518,3.95780408163429e-05,7.254949585922612e-07,0.004556100000000063,9.30999999999571e-05,0.00024239414068848947,-3.0205161735633252,-0.04500251883355642,1.0856049,8.958125000000279e-05,1.0834445103742945,0.0001841397076958184,-2.7800320553749383e-06,-3.6435695070010885e-05,50.0,50.0,50.0,0.00030939090909095095,-2.1497902097856973e-05,0.5349940303052566,11.0,0.0,-3.065957446808565e-05,0.00013003451368298155,0.0007506000000003787,0.431821419654855,10.837573117121103,0.5990670826203705,2.3572481240043603,0.17240026152389565,2.0,0.000171200000000038
matr,matr_b1c39,100,1.08353305,592.0,0,0,1.0847629,0.0029856000000001437,1.0027599026158158,-3.2944774273269186e-06,4.81457680908073e-07,0.004689399999999955,0.00044900000000014373,0.0001886974811930043,-2.4150420326283264,-0.7762627292685909,1.0856049,3.0465306122450445e-05,1.0845013168748283,7.248813829145241e-05,-7.429668207723757e-07,3.033282077928761e-06,100.0,100.0,100.0,0.00012122056521736332,-2.9502608695653844e-05,0.5225812887588797,21.0,0.0,-1.5311340206186345e-05,0.0001187284920306136,0.0007506000000003787,0.018410254093293,9.969078942651008,0.7261089044656346,1.9247649711883297,0.24285324612577264,0.8490566037735849,0.00038319999999991694
matr,matr_b1c4,50,1.0793795,1618.0,0,0,1.0835332,0.005116499999999968,1.004744455459564,7.834583673471e-05,1.9141013256975944e-06,0.005541699999999983,0.0036754000000001064,0.0006918121226792389,-1.6444340716680486,0.06297188756022153,1.0819536,0.00010659374999999933,1.0790079122049498,0.00023080635421828628,-2.9319330285311873e-06,-7.234758049450457e-05,50.0,50.0,50.0,0.00016214020979020373,2.193356643358355e-05,-0.21192526568479092,10.0,0.0,-1.3240425531916502e-05,0.0010858656256077454,0.006312500000000165,0.6413526861146831,2.339850242274842,0.6643595373400132,2.000628064974928,0.08489944378648627,4.333333333333333,0.00022889999999997634
matr,matr_b1c4,100,1.0793795,1618.0,0,0,1.0826457,0.004229000000000038,1.0039214897172866,1.8994317872614496e-05,1.1869759704336124e-06,0.006298499999999985,0.0036754000000001064,0.0005013539191893871,-2.4577090239503216,-0.25698371069432113,1.0819536,4.3153061224490184e-05,1.0800263165112682,0.00012466261689187598,-1.0359637158751742e-06,-1.7530196467802056e-05,100.0,100.0,100.0,0.0001622079130434513,-2.902247826089063e-05,-0.16796553844002368,27.0,0.0,-5.988659793815529e-06,0.000768121829479541,0.006312500000000165,0.2482277358764533,7.093680490719908,0.6652298848173123,2.222598630676262,0.14621304406306262,1.3902439024390243,0.00021490000000001785
matr,matr_b1c40,50,1.0850124,919.0,0,0,1.0874337,0.00413079999999999,1.0038131532741212,3.2456724489809734e-05,6.37597482082445e-07,0.004391699999999998,0.00012250000000002537,0.00024251026252625966,-3.2471259032656588,-0.12349861966494358,1.0871686,8.605833333333313e-05,1.0850007104303088,0.0001773643020740139,-2.786684184312392e-06,-2.9842138803184526e-05,50.0,50.0,50.0,0.0003106506993006996,-1.8703496503431952e-05,0.6050408222366154,10.0,0.0,-2.3982978723404145e-05,0.00012351158326101612,0.00048639999999999795,0.3304401269484033,12.381568837559795,0.5853882429058456,2.4057561923976785,0.16173492318556623,1.4,0.00014680000000000248
matr,matr_b1c40,100,1.0850124,919.0,0,0,1.0857353,0.0024324000000000012,1.0022453553849067,-8.20486332713303e-06,5.281183716273831e-07,0.004503299999999877,0.0004383000000001136,0.00018826819827434232,-1.802911948977375,-1.1738991709021314,1.0871686,2.4820408163265318e-05,1.0860148077689236,6.803035426910972e-05,-7.474040940809173e-07,7.545275877798055e-06,100.0,100.0,100.0,0.00011282343478259304,-3.9385391304359605e-05,0.595378334259231,12.0,0.0,-1.4076288659792269e-05,0.0001090386357075066,0.00048639999999999795,0.10410132481214796,5.560081116255418,0.7873770676989518,1.6523413100634146,0.24362208265775043,0.5806451612903226,0.00037050000000005134
matr,matr_b1c41,50,1.0806673,1005.0,0,0,1.0834147,0.004453299999999993,1.0041273951042178,3.7718775510212424e-05,6.842660223573402e-07,0.004548499999999844,8.490000000005438e-05,0.00023965023144816196,-3.1623478513472594,-0.007768306456893647,1.0827476,9.277708333333319e-05,1.0807232160052105,0.00017046836300478062,-2.552876682588046e-06,-3.481756739776565e-05,50.0,50.0,50.0,0.0003128919580420014,-1.0576223776214838e-05,0.6085660920626718,11.0,0.0,-2.3980851063828437e-05,0.00011372390163695323,0.0005563000000001761,0.41583418714488063,11.779557190188726,0.5557873915690125,2.4795666346882594,0.1657450126081776,1.8235294117647058,0.00014770000000008388
matr,matr_b1c41,100,1.0806673,1005.0,0,0,1.0821686,0.0032071999999998546,1.002972488172422,-1.385528756885802e-07,4.33037936494228e-07,0.0049074999999998425,0.0005109999999999282,0.00018828419658558656,-2.960590422535161,-0.7703051648418147,1.0827476,3.272653061224341e-05,1.0816481384643832,7.10717344202394e-05,-6.981400715287935e-07,1.2857323355366316e-07,100.0,100.0,100.0,0.00011242921739128934,-2.6130086956533878e-05,0.5909072252789199,12.0,0.0,-1.3957731958763083e-05,0.00010914466691737852,0.0005563000000001761,3.620345123156454e-05,14.062232480930831,0.6434307644011292,2.1914900832520945,0.24195982311368577,0.7192982456140351,0.00024329999999994634
matr,matr_b1c42,50,1.08175435,661.0,0,0,1.0841715,0.004299000000000053,1.003981025537737,3.6199683673481926e-05,6.549546829404454e-07,0.004458099999999909,7.429999999986059e-05,0.0002516478480477856,-3.267460607342386,-0.005353725371656492,1.0837516,8.95625000000011e-05,1.0816922350894485,0.00016918668196213375,-2.557442274782176e-06,-3.338655745908168e-05,50.0,50.0,50.0,0.0003001660839161306,-1.0726923076895647e-05,0.5490012279788438,10.0,0.0,-3.195106382978594e-05,0.0001270204722523533,0.0006643000000001731,0.40015504345311115,12.718656362587463,0.5603260089546436,2.47647196447436,0.11910806566341768,2.0,8.6400000000042e-05
matr,matr_b1c42,100,1.08175435,661.0,0,0,1.0832821,0.0034095999999999016,1.0031574097868035,2.1135980210320444e-06,4.048936819610244e-07,0.004959500000000006,0.000501600000000213,0.00019576288222186494,-3.405468405808665,-0.7350100374447925,1.0837516,3.479183673469287e-05,1.0825880503918035,7.032992978591208e-05,-6.687875663223488e-07,-1.9491774437345084e-06,100.0,100.0,100.0,0.0001148589130434523,-2.872852173915713e-05,0.5309033548702089,17.0,0.0,-1.5044329896907755e-05,0.00012117026698773706,0.0006643000000001731,0.009010494313359985,17.531073955241634,0.6237400938463804,2.381658526072762,0.17536903747907284,1.0416666666666667,0.00016719999999992297
matr,matr_b1c43,50,1.069749,626.0,0,0,1.0708283,0.002589399999999964,1.002423989615057,5.172479591837834e-06,3.402358125864051e-07,0.003432099999999938,0.00010100000000012876,0.0002132469088856935,-3.0701737684038135,-0.31573940851649024,1.0714344,5.394583333333258e-05,1.0698986488306552,0.00012596048985977516,-2.3228463513063732e-06,-4.827372478759139e-06,50.0,50.0,50.0,0.00025351258741261693,-2.9008041958015385e-05,0.6267345113384788,12.0,0.0,-2.4574468085102023e-05,9.175423108822916e-05,0.00043069999999989506,0.015727059961503698,12.836314429239817,0.6457600838460803,2.223577842045226,0.25489224962879004,0.7777777777777778,0.00027719999999997746
matr,matr_b1c43,100,1.069749,626.0,0,0,1.0688359,0.0005969999999999587,1.0005588637522935,-2.401481014223442e-05,7.872030602775073e-07,0.003432099999999938,0.0005279999999998619,0.00017006101526496458,-0.5384449246607241,-9.222181619384283,1.0714344,6.091836734693456e-06,1.0707510033945769,3.291770300641005e-05,-5.581618936141019e-07,2.242515826320849e-05,100.0,100.0,100.0,8.007869565214217e-05,-4.204573913045622e-05,0.5961674164967493,17.0,0.0,-1.1930927835049544e-05,9.978947980914604e-05,0.00043459999999972965,0.5982963741752384,-0.9223588633766875,0.9142829391179815,1.1264509220510315,0.1999764920326754,0.42028985507246375,0.0006060999999999428
matr,matr_b1c44,50,1.08643345,575.0,0,0,1.0871128,0.00234460000000003,1.0021613834181349,-4.160295918357754e-06,4.0056826853810495e-07,0.0035623999999998546,0.00010799999999999699,0.0002350606508243528,-2.3253451889442647,-0.48827890501842963,1.0882163,4.8845833333333956e-05,1.0866048824094663,0.00012818237706568964,-2.545051403539807e-06,3.823148445935619e-06,50.0,50.0,50.0,0.00026649090909095223,-4.47328671328095e-05,0.5954274790155493,11.0,0.0,-2.837872340425169e-05,0.00010570208423267666,0.0005832999999997313,0.008641753971957655,8.744184575317135,0.7310294667361902,1.931629763891076,0.19761024930904506,0.6,0.000404800000000094
matr,matr_b1c44,100,1.08643345,575.0,0,0,1.0847102,-5.8000000000113516e-05,0.9999465323559447,-3.361546072973737e-05,1.2695074992000909e-06,0.003620399999999968,0.0006517999999999802,0.00018856363764937242,-0.3546576597389769,13.304620813057808,1.0882163,-5.918367346950359e-07,1.0875851263454654,2.1910069606602422e-05,-5.443679444738941e-07,3.0919358963264346e-05,100.0,100.0,100.0,7.831447826086588e-05,-5.024034782612103e-05,0.5611630732755888,12.0,0.0,-1.3639175257731578e-05,0.00011737584496292582,0.0005855999999999639,0.7269218028575636,-1.2162246404963153,0.9204822479456661,1.057657707079795,0.1818781961127838,0.30666666666666664,0.0009329999999998506
matr,matr_b1c45,50,1.08563255,563.0,0,0,1.0875126,0.0035567999999999156,1.0032813146071085,2.3709765306130855e-05,5.009948244564948e-07,0.0039043000000000827,7.489999999998886e-05,0.0002282386780689542,-3.4339343382977723,-0.1510436704801779,1.0875177,7.409999999999824e-05,1.0856245873742947,0.000160723160877117,-2.6348729917500726e-06,-2.1793810396454132e-05,50.0,50.0,50.0,0.00028525384615388406,-1.8631818181813866e-05,0.5912526449344822,11.0,0.0,-2.8010638297871123e-05,0.00010192040748199732,0.0005569999999999187,0.22441468192063918,13.850117634796884,0.588515308107119,2.3917439156437696,0.10919929196499197,1.4,9.070000000011014e-05
matr,matr_b1c45,100,1.08563255,563.0,0,0,1.0858277,0.0018719000000000374,1.0017269154332678,-1.2920053184896686e-05,5.857313851260048e-07,0.004482499999999945,0.0007681000000001603,0.00019333962847211728,-1.0475233295250161,-1.8733249977349826,1.0875177,1.9101020408163646e-05,1.0865608247950065,5.896670513327741e-05,-7.047721403743645e-07,1.1879197898669487e-05,100.0,100.0,100.0,0.00010483773913040795,-3.6545478260908934e-05,0.5563110128075992,17.0,0.0,-1.3861855670102248e-05,0.00012757667469590316,0.000681600000000282,0.2327420938576994,1.7518549003346688,0.8330516431652929,1.4642164902893335,0.12045931105716987,0.6065573770491803,0.00043320000000002246
matr,matr_b1c5,50,1.07712635,909.0,0,0,1.0809518,0.004825199999999974,1.004483859055245,6.523598979592026e-05,1.7188487163265164e-06,0.005846499999999866,0.005331100000000033,0.0009144322003070155,-2.1651189100727875,0.09310486375624975,1.080176,0.00010052499999999946,1.0772612359066436,0.00018810703497996382,-2.3629047150783287e-06,-6.037808248442924e-05,50.0,50.0,50.0,0.00019117622377620686,4.451748251764821e-06,-0.2537283253484361,12.0,0.0,-1.167446808510548e-05,0.0014618460720941238,0.008140899999999895,0.495184285182262,4.79335771875481,0.5983460485030625,2.332935318005452,0.11421796949188724,3.8,0.0002716000000000385
matr,matr_b1c5,100,1.07712635,909.0,0,0,1.0797794,0.0036528000000000116,1.003394396161195,1.122840074212454e-05,1.0861249794265882e-06,0.0069014000000000575,0.005331100000000033,0.0006581213436514532,-2.5033833633003333,-0.4807255924534747,1.080176,3.727346938775522e-05,1.0779544893155317,0.00011414144732810368,-1.0089514371174935e-06,-1.0387276907673858e-05,100.0,100.0,100.0,0.00012812021739126107,-3.096769565218742e-05,-0.22066585952652143,12.0,0.0,-5.51237113401832e-06,0.0010323664550821552,0.008140899999999895,0.09479836260516394,8.987526151822637,0.5866619909307396,2.454680936427706,0.18586581152048373,1.1304347826086956,0.0003583000000000336
matr,matr_b1c6,50,1.0778327,613.0,0,0,1.0817347,0.00589890000000004,1.0054830858017554,6.826137755101387e-05,1.9688259960849993e-06,0.006303200000000064,0.003816599999999948,0.0006774512957297629,-2.0693980555146516,-0.08142395786939954,1.0811012,0.00012289375000000083,1.0775826489383413,0.00026145463621619886,-3.715254974330895e-06,-6.310444564097944e-05,50.0,50.0,50.0,0.0003147839160839557,-1.0963636363599102e-05,0.023191258526876497,11.0,0.0,-3.059148936170544e-05,0.0009371730483111173,0.005012999999999934,0.4733395103913204,4.288013997575226,0.652410822204943,2.1595289189211226,0.09994816802034925,1.6666666666666667,0.00018319999999993897
matr,matr_b1c6,100,1.0778327,613.0,0,0,1.0792426,0.003406800000000043,1.003166654242218,-4.808646876928617e-06,1.3123429669421754e-06,0.006303200000000064,0.003816599999999948,0.0004847523919566621,-1.6410119325027548,-0.757471816170249,1.0811012,3.476326530612289e-05,1.0789086693370304,0.00012371686959353396,-1.2600540830437202e-06,4.445331686105634e-06,100.0,100.0,100.0,0.00017103452173912286,-6.667373913044748e-05,0.05356640874953101,26.0,0.0,-1.5537113402063975e-05,0.0006550467710254283,0.005012999999999934,0.014389418811814325,3.7748148777243102,0.7487427917378737,1.8042244618681775,0.1823215567939546,0.5806451612903226,0.0005995000000000861
matr,matr_b1c7,50,1.09553235,818.0,0,0,1.0975028,0.0036384000000000416,1.0033261892424692,3.6110765306124915e-05,9.497407624406445e-07,0.004104200000000002,0.003628599999999871,0.0008494701655051056,-1.9339731438294463,-0.27876045948683287,1.097587,7.580000000000087e-05,1.0955103065935743,0.00011083270063342234,-1.4369602947564527e-06,-3.2906819551054855e-05,50.0,50.0,50.0,0.00016875419580420766,2.999300699309296e-06,-0.33912100391268024,11.0,0.0,-2.6361702127659365e-05,0.0013942080290689429,0.005083599999999633,0.2745985899653095,3.278515092468874,0.4701002419907027,2.5703649603238166,0.3425978300478957,2.0,0.0002044000000001045
matr,matr_b1c7,100,1.09553235,818.0,0,0,1.0957625,0.0018981000000000137,1.001735224219748,-6.428188002467599e-06,6.59143656126923e-07,0.004104200000000002,0.003628599999999871,0.0006031309237157408,-1.295711878069558,-0.9897225814230185,1.097587,1.9368367346938914e-05,1.0959520373449612,6.80129039679138e-05,-7.298146271605531e-07,5.857713544664696e-06,100.0,100.0,100.0,5.4629478260860624e-05,-3.915756521741885e-05,-0.3202835857465735,11.0,0.0,-1.3994845360823716e-05,0.0009770230556186712,0.005083599999999633,0.05119669108904745,2.024370980877781,0.5762794400755881,2.4632970803973016,0.37966446216343114,0.96,0.00045120000000009597
matr,matr_b1c8,50,1.0916926999999998,,1,0,1.0951722,0.005197399999999908,1.004768367121882,5.657255102042202e-05,1.2752310260307928e-06,0.0054570999999998815,0.00011070000000001912,0.00024009942728510733,-2.4456894734801446,-0.05113784541064298,1.0941397,0.00010827916666666475,1.0914078658054713,0.00025365051224745356,-3.7899607928282794e-06,-5.1650827971744214e-05,50.0,50.0,50.0,0.0003710171328671519,-1.9173776223749835e-05,0.6228748597704139,14.0,0.0,-2.798510638297677e-05,0.00011141293705908512,0.0005076999999997778,0.5019409759685649,6.638461118840558,0.6804482091751985,2.1261716068536525,0.13124218903038826,2.2,0.00019250000000003986
matr,matr_b1c8,100,1.0916926999999998,,1,0,1.0941359,0.004161099999999918,1.0038176111961488,5.429254174411439e-06,7.540996417345025e-07,0.005939099999999975,0.0006089999999998597,0.00019619004569173902,-2.8534094111593027,-0.5631377104287182,1.0941397,4.246020408163181e-05,1.0928046879019426,0.00010205720069472533,-9.473328090225883e-07,-4.956640544666118e-06,100.0,100.0,100.0,0.0001697297826086765,-2.9468521739162344e-05,0.5825076619037763,23.0,0.0,-1.3847422680412257e-05,0.0001246799499359401,0.0006209999999997606,0.03192246673348165,11.435683224849337,0.6866143673932801,2.1661932212642276,0.19150278921773217,0.8846153846153846,0.0002776999999998253
matr,matr_b1c9,50,1.08395785,1012.0,0,0,1.0880841,0.005109900000000112,1.0047183949534533,6.672114285714446e-05,1.444332273344456e-06,0.0051235000000000586,9.419999999993323e-05,0.0001791713854877519,-2.0639722581866344,0.06267311753368153,1.0866315,0.00010645625000000232,1.083869180481112,0.00024918357906564276,-3.508893004009969e-06,-6.133382658473461e-05,50.0,50.0,50.0,0.0003760381118881573,1.0241258741538372e-06,0.7417949398568138,13.0,0.0,-1.5191489361699604e-05,9.303951077825437e-05,0.0002905999999998077,0.6164386112975435,4.069727295385265,0.7059373953422646,2.0479899867498004,0.09021137972030063,3.8,0.00029460000000014475
matr,matr_b1c9,100,1.08395785,1012.0,0,0,1.0876312,0.004656999999999911,1.0043001947784167,1.820438589982335e-05,9.452788463360952e-07,0.005975700000000028,0.000579499999999955,0.0001601561438091958,-2.8426745826209485,-0.30881190625660804,1.0866315,4.75204081632644e-05,1.0851117396420502,0.00011307897202792543,-9.301430012560598e-07,-1.6727235888647958e-05,100.0,100.0,100.0,0.0001759925217391051,-2.101230434785083e-05,0.6240214540805067,22.0,0.0,-7.750515463919497e-06,0.00012165823443106776,0.0006143000000000676,0.286310289928718,9.477204745637799,0.6453403236798245,2.2696050979506106,0.13694833027556844,1.45,0.00023890000000004186
matr,matr_b2c0,50,1.0719096000000001,278.0,0,0,1.0632498,-0.006804299999999985,0.9936411626290671,-0.0001887003265306009,8.56154285264469e-06,0.010333900000000007,0.0020721999999999685,0.0010292674132010495,-0.6651371625975359,5.922013359083294,1.0733572,-0.0001417562499999997,1.072150419840208,8.932587305563715e-05,-5.346657684351389e-06,0.0001762491955205528,50.0,50.0,50.0,0.00014720314685316702,-0.000368682867132828,-0.34655688313752814,27.0,0.0,-4.407021276596449e-05,0.001681321308150312,0.0034734999999999072,0.8318083281393647,-0.5804898107138374,0.8470815663051909,1.4040674123440606,0.8109302162163288,0.7142857142857143,0.0019884999999999486
matr,matr_b2c0,100,1.0719096000000001,278.0,0,0,1.038452,-0.031602099999999966,0.9704668203224491,-0.00035473076190475157,0.00011293055682862759,0.03904200000000002,0.02123940000000002,0.0028421222776409735,-0.5715940866969865,2.4936814389900075,1.0733572,-0.00032247040816326495,1.0738517394944431,-6.965909376887394e-05,-2.7948202758418943e-06,0.00033383452914241367,51.0,73.0,100.0,-5.03984782608877e-05,-0.000558532347826107,-0.20482720797737886,73.0,1.0,-3.5939175257733594e-05,0.0044268721039409835,0.030508800000000225,0.9099783577607216,-0.8824277550067658,0.8056711823079403,1.5577635094560462,0.2566194805105992,0.5555555555555556,0.008061399999999885
matr,matr_b2c1,50,1.07248825,133.0,0,0,1.0343227,-0.0377478,0.9647898155951498,-0.0008090529387754984,0.0001334149099058721,0.03929369999999999,0.0030664000000000247,0.00104857742593338,-0.325980182154276,1.6365985253802957,1.0690311,-0.0007864125,1.0735206361736864,-0.0003990096821537273,-7.88544724272668e-06,0.0007650453703865315,22.0,34.0,50.0,-0.0006309185314684748,-0.001136475524475502,-0.3887886749722365,27.0,0.0,-3.431914893617206e-05,0.0017498044559003188,0.003908199999999917,0.9812496342471797,-1.0589810493382061,0.8285457142353754,1.5274007258044726,0.259957524436926,0.3333333333333333,0.009024900000000002
matr,matr_b2c1,100,1.07248825,133.0,0,0,0.96833885,-0.10373164999999995,0.9032417644175453,-0.0010921046972170597,0.0009883283764745214,0.10527754999999994,0.0030664000000000247,0.000921546790423485,-0.2961849759258322,1.614313305463399,1.0690311,-0.0010584862244897954,1.0754413040822244,-0.0005795119181178486,-5.025419402933582e-06,0.0010580453401701827,22.0,34.0,63.0,-0.0006259685652174088,-0.0013811800608695653,-0.299400027129971,39.0,0.0,-2.4873195876289127e-05,0.0014796641720089376,0.003908199999999917,0.9855351420574848,-1.1861261918595976,0.8374966990103204,1.5096656347818882,0.060624621816434854,0.13953488372093023,0.027451299999999845
matr,matr_b2c10,50,1.0710426499999999,251.0,0,0,1.0724401,0.0033879999999999466,1.003169162662886,1.6649132653074153e-05,7.536372213078138e-07,0.004889700000000108,0.00020250000000010537,0.0002864522788451192,-2.7110548300512534,-0.38009522748190827,1.073199,7.058333333333222e-05,1.0707993695462443,0.00022342381350414853,-3.976436170213611e-06,-1.5505340807626787e-05,50.0,50.0,50.0,0.0003210926573427074,-8.690979020973859e-05,0.5655980222177617,19.0,0.0,-3.340212765957947e-05,0.00016659500067771704,0.0005213000000001689,0.07356155196748504,9.984120307016706,0.7323544044587036,1.9023258177086972,0.45391749149411126,1.0,0.0003033999999999537
matr,matr_b2c10,100,1.0710426499999999,251.0,0,0,1.0670482,-0.0020039000000000584,0.9981255356965296,-6.00139245516286e-05,4.159670829294946e-06,0.00694729999999999,0.00028199999999989345,0.0002274626779117309,-0.6600508788931855,-6.639677937282095,1.073199,-2.0447959183674066e-05,1.0722000863653067,7.675043301267355e-05,-1.3408270349442481e-06,5.596178765821686e-05,100.0,100.0,100.0,0.00013480973913040185,-0.00013002652173914886,0.5612948389291565,29.0,0.0,-1.4918556701033572e-05,0.00014740301325090913,0.0005213000000001689,0.7071147898751409,-0.7807337676065167,0.9378660606904923,0.923505211712278,0.13000736689365375,0.4411764705882353,0.0014408999999999672
matr,matr_b2c11,50,1.07343895,250.0,0,0,1.075193,0.0034883000000001108,1.0032549078118256,2.5890520408178073e-05,5.483367016326721e-07,0.004223899999999947,0.00037050000000005134,0.000282158804088814,-3.128863612018129,-0.20490307054851437,1.0752143,7.267291666666897e-05,1.0732660187794185,0.00017574468581902367,-2.881810873286093e-06,-2.406691272053213e-05,50.0,50.0,50.0,0.00025771363636363997,-4.45807692307525e-05,0.32097223237307826,19.0,0.0,-2.4702127659573777e-05,0.000285614195583624,0.0005954000000001347,0.24449176756167834,12.379441254071713,0.6187317192968806,2.2694258696475837,0.8393296907380268,1.6666666666666667,0.0002348000000000905
matr,matr_b2c11,100,1.07343895,250.0,0,0,1.0705185,-0.0011862000000000261,0.9988931652534508,-4.145734199133067e-05,2.3251925418202575e-06,0.005410099999999973,0.00043850000000000833,0.00024336034000096323,-0.7989907683961011,-3.4748782312577484,1.0752143,-1.2104081632653328e-05,1.0741781106724553,8.126437305036573e-05,-1.2031540690362876e-06,3.8565099857560955e-05,100.0,100.0,100.0,0.00011278278260868481,-0.00010643239130435819,0.20318107487625708,30.0,0.0,-1.5892783505156113e-05,0.00027995836592064504,0.0005954000000001347,0.6036550201733675,-0.5762943768386344,0.934638583315765,0.9315169344743429,0.2720473583043789,0.9215686274509803,0.0009068000000000964
matr,matr_b2c12,50,1.0725753999999998,435.0,0,0,1.0701246,-0.0011513000000000773,0.9989253001957759,-7.000219387753135e-05,1.5407148360849646e-06,0.004121999999999959,0.000296000000000074,0.00024747537334515865,-0.4591960256601734,-3.255557087599524,1.0739849,-2.3985416666668275e-05,1.0729092451736868,0.00011011944209596584,-3.4638776148756062e-06,6.522196186296386e-05,50.0,50.0,50.0,0.00020855559440563775,-0.00015858286713281146,0.5007886535385683,15.0,0.0,-2.4393617021275302e-05,0.0001941359880963804,0.0007436999999999028,0.6361082574011125,-1.0496928839677018,0.9477151250442218,0.7777831391534972,0.21477530164369313,0.4117647058823529,0.0010029000000000288
matr,matr_b2c12,100,1.0725753999999998,435.0,0,0,1.0600308,-0.011245100000000008,0.9895030775918696,-0.0001480130797773593,1.9109788650556142e-05,0.01421579999999989,0.001562999999999981,0.00028046259824431323,-0.47745163658330086,2.882541316340006,1.0739849,-0.00011474591836734701,1.0740644579793297,-8.674401472298108e-06,-1.3660654735790103e-06,0.0001383494532233341,93.0,100.0,100.0,3.844543478258691e-05,-0.00021291739130439928,0.015230808858069914,39.0,0.0,-1.2625773195874809e-05,0.0003776224013423254,0.002698199999999984,0.9362441914837015,-1.0805458243507744,0.8854385020290058,1.2768869169049408,0.09548876717867219,0.1951219512195122,0.0034703000000000372
matr,matr_b2c13,50,1.08202135,454.0,0,0,1.0800234,-0.00026159999999997297,0.9997578416806676,-5.1994959183658224e-05,9.648945186505273e-07,0.003193400000000013,0.0002550999999999526,0.0002622548514009439,-0.6297633610702379,-2.738228175756159,1.0830935,-5.449999999999437e-06,1.0819946556430737,0.00010505924581746686,-3.0202731730988683e-06,4.8029467108506894e-05,50.0,50.0,50.0,0.00017738391608393796,-0.00014259195804190058,0.4715018201751773,16.0,0.0,-2.9253191489367866e-05,0.00018798553911227327,0.0005212000000003325,0.560367113348877,-0.842381842579897,0.933441550087824,0.926050840046252,0.2480729343567351,0.5483870967741935,0.0006608999999999643
matr,matr_b2c13,100,1.08202135,454.0,0,0,1.0716245,-0.00866049999999996,0.9919831340803584,-0.00012120364131106153,1.2928153680569286e-05,0.0115923,0.0003409999999999247,0.00021101004317939593,-0.5008069150264435,3.236992338416925,1.0830935,-8.837244897959143e-05,1.0830094306100517,1.4068584235179684e-06,-1.2020637228880787e-06,0.00011225047090245805,100.0,100.0,100.0,3.795604347822462e-05,-0.00017746747826088313,0.4541926145008185,39.0,0.0,-1.5817525773196903e-05,0.00016715798441800366,0.0005212000000003325,0.9279822270985996,-1.0690083368737946,0.8860886868814019,1.247804136587356,0.07514451020973038,0.225,0.002861100000000061
matr,matr_b2c14,50,1.07991415,466.0,0,0,1.0826744,0.004605999999999888,1.0042724561818155,4.7135255102051444e-05,8.448664205747506e-07,0.004814700000000061,0.00013649999999998386,0.00025142523145835715,-2.6629966855756284,0.03664100339232561,1.0816983,9.5958333333331e-05,1.0796773259075116,0.0001919761575055622,-2.785401969298577e-06,-4.353587585363861e-05,50.0,50.0,50.0,0.00028781363636367485,-2.3938111888102967e-05,0.4998795434307417,16.0,0.0,-2.8991489361706672e-05,0.00015524397110957847,0.0006909000000001608,0.5259369337990811,8.720029312724938,0.6375726565043159,2.281646283328659,0.1823215567939546,3.0,0.00018909999999983107
matr,matr_b2c14,100,1.07991415,466.0,0,0,1.0809475,0.0028790999999999123,1.0026706097683598,-3.970303030289814e-06,6.144052627935918e-07,0.004814700000000061,0.0012444000000000344,0.00025875335598731116,-1.980080881754151,-0.806390691852634,1.0816983,2.9378571428570534e-05,1.08067671995231,8.719759059814287e-05,-8.938028787101999e-07,3.667240660821039e-06,100.0,100.0,100.0,0.00013183213043475557,-4.121621739135124e-05,0.07055063613659285,16.0,0.0,-1.6054639175257565e-05,0.00032279716366511954,0.00241390000000008,0.020952565791242383,6.358355478269921,0.7843321654921885,1.6615937080769387,0.26372883142928805,1.1777777777777778,0.00033559999999988044
matr,matr_b2c17,50,1.0699553000000002,476.0,0,0,1.0758883,0.010241500000000014,1.0096105951803167,0.0001303195714285883,5.646031232736431e-06,0.011064600000000091,0.005014000000000074,0.0016337463096731655,-1.4598293805430977,0.08553543044193967,1.0731639,0.00021336458333333364,1.0682756159800264,0.0004085748241679677,-5.351062552681044e-06,-0.00012121998587397324,50.0,50.0,50.0,0.00047266713286718055,-4.429335664333047e-05,-0.45234811954845916,18.0,0.0,-8.73191489361725e-05,0.0027589011603557025,0.008798300000000037,0.6015974760768571,2.2598146728541577,0.6360003547412618,2.175258995456511,1.2939210409888755,1.8235294117647058,0.0011913000000001173
matr,matr_b2c17,100,1.0699553000000002,476.0,0,0,1.073837,0.008190200000000036,1.0076856609525784,2.0565896103900268e-05,3.3330644368983196e-06,0.011064600000000091,0.005014000000000074,0.0013013862010157057,-2.0687166447513174,-0.3801395669669416,1.0731639,8.357346938775548e-05,1.0701950882788667,0.0002114221998377752,-1.871140232684962e-06,-1.9116738397739814e-05,100.0,100.0,100.0,0.00025674560869562777,-6.365286956523525e-05,-0.4525075285739434,18.0,0.0,-3.098865979381678e-05,0.002192883988680096,0.008798300000000037,0.10363260015730891,5.923683231388676,0.6381252132794164,2.269650936349552,1.1033628914267075,1.45,0.0008798999999999335
matr,matr_b2c18,50,1.065198,468.0,0,0,1.0655147,0.0016766999999999754,1.0015760858326173,-1.1878428571428966e-05,6.283763900541258e-07,0.0037713999999999803,0.0018886999999998544,0.0007675386038489725,-0.6679843136968112,-0.7307640886360739,1.0669696,3.493124999999949e-05,1.0651495076882325,0.00014252871198694043,-2.9693680876613077e-06,1.1135228847862392e-05,50.0,50.0,50.0,0.0002127195804196044,-0.00010494335664333393,-0.4192267103837063,19.0,0.0,-1.6268085106380704e-05,0.0012986145358847621,0.003616899999999701,0.04490845536520094,0.5379270326616874,0.7573499227197718,1.7667772604016116,1.7346010553881064,1.5263157894736843,0.0005855999999999639
matr,matr_b2c18,100,1.065198,468.0,0,0,1.0588086,-0.005029399999999962,0.9952724004970682,-8.156308843536617e-05,6.488386920252996e-06,0.008833599999999997,0.0018886999999998544,0.0006765850562634519,-0.5651277726381236,10.591227189500213,1.0669696,-5.1320408163264916e-05,1.0661701243581274,3.9224085280120235e-05,-1.1841879776028038e-06,7.659238745261539e-05,100.0,100.0,100.0,8.260173913040062e-05,-0.00014015321739130403,-0.44268938138770986,21.0,0.0,-1.0057731958761386e-05,0.0011500858570222896,0.003616899999999701,0.837327614108037,-0.8994309187904563,0.8921021975578322,1.2176245446641556,0.7711087220296571,1.0851063829787233,0.0018975999999999438
matr,matr_b2c19,50,1.0485685,455.0,0,0,1.0430199,-0.005017400000000061,0.9952125749722839,-0.00013753059183672914,4.054155995793503e-06,0.006831900000000113,0.0007713000000000303,0.00033720616651041667,-0.32247645075921383,2.39810117124191,1.049107,-0.00010452916666666794,1.0493041984099003,-3.203829636539566e-05,-2.0286979898334927e-06,0.00013135441333344275,50.0,50.0,50.0,2.6880769230773314e-05,-0.00019113216783213133,-0.11963112223216835,22.0,0.0,-1.0000000000169447e-07,0.0005095702490564424,0.0010783999999999239,0.9330999453690639,-1.1960770649297972,0.8817107747937699,1.2045292549725028,0.5108256237659907,0.5,0.0015808999999999962
matr,matr_b2c19,100,1.0485685,455.0,0,0,1.0328457,-0.015191600000000083,0.9855047143837342,-0.00017850782312924963,2.642323027878801e-05,0.016834100000000074,0.0009917999999999871,0.0003561113769520333,-0.2272137789019702,1.4797395071321477,1.049107,-0.0001550163265306131,1.0500532685033377,-0.00010855233541508847,-6.858381148447398e-07,0.00017120974994078134,74.0,100.0,100.0,-7.081182608696154e-05,-0.00020524500000001835,-0.29247021566901804,22.0,0.0,-3.3793814432988577e-06,0.0005749942050695422,0.0012927000000000355,0.9848575707340886,-1.2422972582404879,0.8589695556145425,1.4147052844715609,0.16024361566063938,0.4626865671641791,0.004650099999999879
matr,matr_b2c2,50,1.0759115000000001,422.0,0,0,1.0791321,0.005592999999999959,1.0052098707909194,6.0945948979601085e-05,1.4109890081632398e-06,0.006428299999999831,0.0014122000000000856,0.0006497590700784903,-1.8891563708192258,-0.007779922334575345,1.0778636,0.00011652083333333248,1.0752193345362575,0.0002392893366325033,-3.429680531787278e-06,-5.64844393957788e-05,50.0,50.0,50.0,0.00031874580419581026,-7.596258741255405e-05,-0.30340222112286647,13.0,0.0,-3.929148936169696e-05,0.0010254101362806086,0.002252300000000096,0.5264971839657626,5.104415581227494,0.6558256353352877,2.159229528344002,0.9057086225436182,2.0,0.0005006999999999096
matr,matr_b2c2,100,1.0759115000000001,422.0,0,0,1.0759984,0.002459299999999942,1.002290834120527,-1.2791405071119842e-05,1.323634155539222e-06,0.006428299999999831,0.0014122000000000856,0.0006041044575122715,-0.9135288604355316,-1.0068500761861456,1.0778636,2.5094897959183082e-05,1.0763999856684063,0.00011752215543161679,-1.2775839264973563e-06,1.1856461247318717e-05,100.0,100.0,100.0,0.00016183669565213095,-7.481791304351125e-05,-0.35866598373423547,41.0,0.0,-2.1670103092781715e-05,0.0009814086755717876,0.002252300000000096,0.10095163767405779,1.0967399189703295,0.8394009974720452,1.3546155762340721,1.3646328643387111,1.45,0.0007420000000000204
matr,matr_b2c20,50,1.0852503,475.0,0,0,1.0889708,0.005866499999999997,1.0054163758744195,6.493529591837936e-05,1.4927327496126558e-06,0.006389599999999884,0.0004230000000000622,0.00037122334340678354,-2.1693233265973557,0.04465132481774382,1.0873606,0.00012221874999999993,1.0847591061228827,0.0002557557947562281,-3.6696249776512826e-06,-5.964036698463824e-05,50.0,50.0,50.0,0.00032533706293712283,-4.00888111887238e-05,0.19476849628849974,16.0,0.0,-2.8029787234043065e-05,0.0004202606880511952,0.0009330000000000727,0.5649494401593618,5.845594472607035,0.673671044745391,2.1537958619939057,0.6605710101253326,1.8235294117647058,0.0002986000000000377
matr,matr_b2c20,100,1.0852503,475.0,0,0,1.0862604,0.003156099999999995,1.0029139391284847,-6.300379715514831e-06,1.1325462443546501e-06,0.006389599999999884,0.0005401000000000433,0.0003184239323421799,-1.4538152458427058,-0.83918853085291,1.0873606,3.2205102040816275e-05,1.0860405021481034,0.00012154962374434445,-1.2534314064692062e-06,5.7866214557995654e-06,100.0,100.0,100.0,0.00018176047826082026,-6.388878260870952e-05,0.10869886885694453,22.0,0.0,-1.9832989690720824e-05,0.00039339638956663667,0.001044299999999998,0.028623473480278494,3.455520386628696,0.843809848479815,1.40085512606138,0.7676802324225122,0.96,0.0005538000000000487
matr,matr_b2c21,50,1.07867965,468.0,0,0,1.0805244,0.0036445000000000505,1.0033843142582568,2.60902857142953e-05,8.83838644947925e-07,0.005136999999999947,0.0004880999999998803,0.00036559222202906585,-2.5313875378351147,-0.2471283065179167,1.0806184,7.592708333333438e-05,1.0784966774780724,0.00023675846175061612,-4.051311077622055e-06,-2.411847926976905e-05,50.0,50.0,50.0,0.00032777657342662644,-9.072972027966403e-05,0.09894697211761118,16.0,0.0,-3.329574468085064e-05,0.00044849996748375575,0.0010940999999999867,0.15403332102391087,8.432866102012039,0.735508103507169,1.9584187116926457,0.6747980418917487,1.0869565217391304,0.0003332999999998698
matr,matr_b2c21,100,1.07867965,468.0,0,0,1.0766457,-0.00023419999999996222,0.9997825198520282,-4.3975447124296204e-05,2.6389007738373463e-06,0.005562999999999985,0.000520800000000099,0.00032968918773311153,-0.5277372668078051,-3.2321555105890756,1.0806184,-2.3897959183669616e-06,1.080052464864653,7.518230930146153e-05,-1.1682132982918124e-06,4.069323258686759e-05,100.0,100.0,100.0,0.0001513853913043283,-9.148856521742678e-05,-0.04435024093949169,22.0,0.0,-1.810824742267978e-05,0.0004528062343998345,0.0010940999999999867,0.5984698785620265,-0.9605833530168777,0.9469420918415971,0.8649308605978593,0.5162901182380694,0.7192982456140351,0.0013247000000000675
matr,matr_b2c22,50,1.08183005,490.0,0,0,1.0849304,0.005207399999999973,1.0048229036521403,5.579648979592793e-05,1.1733301008163566e-06,0.005646800000000063,0.0001636000000000415,0.0002832878965712333,-2.508243813675523,-0.013193220006525142,1.0838825,0.00010848749999999945,1.081411354730352,0.00023431404643559122,-3.433029935378558e-06,-5.142314649451641e-05,50.0,50.0,50.0,0.000320793006993029,-4.216328671329653e-05,0.538345015041928,16.0,0.0,-3.308510638297815e-05,0.00016318593491063406,0.0006120000000000569,0.530668781339525,7.710468022353076,0.6646250365562081,2.1866703785983748,0.19753097545748338,2.0,0.00018380000000006724
matr,matr_b2c22,100,1.08183005,490.0,0,0,1.0825431,0.002820100000000103,1.0026118736009144,-8.084566481131979e-06,9.059584754270108e-07,0.005646800000000063,0.00026519999999985444,0.00022513327699025915,-1.538792098984163,-0.8448129839710757,1.0838825,2.877653061224595e-05,1.0826810738598776,0.00010252001170276468,-1.0843586096461195e-06,7.4517997393510845e-06,100.0,100.0,100.0,0.0001594991739130182,-5.51802608695958e-05,0.4680038625108754,27.0,0.0,-1.7693814432989732e-05,0.00016806547988433226,0.0006120000000000569,0.05891827331820865,4.035887253211269,0.8553425388169814,1.3562164808497879,0.2900489374620471,1.0,0.0005621999999998462
matr,matr_b2c23,50,1.0766412,502.0,0,0,1.0762296,0.0017087000000000074,1.0015901970822532,-1.9301744897943767e-05,4.722190105955766e-07,0.0035600000000000076,0.0005672999999999373,0.00039873266968065214,-1.3791638157152448,-1.1356150912491123,1.0779557,3.559791666666682e-05,1.0764956328662616,0.00011651093958008406,-2.6117823938087637e-06,1.7910801577462764e-05,50.0,50.0,50.0,0.00022174020979021374,-6.87548951048955e-05,-0.029703416278452736,13.0,0.0,-3.872553191489343e-05,0.0005132645535212033,0.0010558000000000511,0.157790071024848,3.3727769660213403,0.8079752233700597,1.5555736138845304,1.1962507582320256,1.4,0.0004207000000000516
matr,matr_b2c23,100,1.0766412,502.0,0,0,1.0714235,-0.003097399999999917,0.997117412979124,-6.655335683362547e-05,4.145936119665368e-06,0.006933300000000031,0.0006463000000000996,0.0003378981617553075,-0.4883940225662859,4.95305218908548,1.0779557,-3.160612244897874e-05,1.077454622455967,1.6137599255879167e-05,-8.106956479364745e-07,6.185040633510136e-05,100.0,100.0,100.0,5.5952869565194145e-05,-0.0001060176521739318,-0.13831613439804658,21.0,0.0,-1.6147422680411437e-05,0.00047453304515804106,0.0010558000000000511,0.8724934076850531,-1.010436358460282,0.900617909557256,1.1632902666889642,0.39880285828274803,0.8148148148148148,0.0015346000000000526
matr,matr_b2c24,50,1.0693633,478.0,0,0,1.0725901,0.004621900000000068,1.0043277505828359,6.2248163265303e-05,1.197567514918808e-06,0.0054579000000001265,0.0004574999999999996,0.00039031988603344196,-1.6918531532001448,0.09196575490875042,1.0710604,9.628958333333475e-05,1.0691904908119843,0.0002036119383923777,-2.718534137059263e-06,-5.803819091606329e-05,50.0,50.0,50.0,0.00023999965034967184,-6.503426573424914e-05,-0.09454771999130868,5.0,0.0,-2.5540425531917052e-05,0.0005626221016071277,0.0020382999999999374,0.6471173911505117,3.735582336933355,0.6954624831726043,2.0855641836995575,1.488077055429833,1.4,0.0004896999999999263
matr,matr_b2c24,100,1.0693633,478.0,0,0,1.0710108,0.0030426000000001174,1.0028489612331155,2.7728014842380923e-06,7.295605492582516e-07,0.0054579000000001265,0.0006037999999999322,0.00035974940008007473,-1.7458578412608525,-0.5106072738324466,1.0710604,3.10469387755114e-05,1.0701875271392225,0.00010288975391165154,-9.81538749288242e-07,-2.5852200018872304e-06,100.0,100.0,100.0,0.00014693178260868954,-4.1624652173934784e-05,-0.1863430560332478,28.0,0.0,-1.436907216494846e-05,0.0005446540928875205,0.0020382999999999374,0.008606390423657295,5.647883764210285,0.7486711906024388,1.8695146610825986,1.1382214267631554,1.0416666666666667,0.00043869999999990306
matr,matr_b2c25,50,1.069292,446.0,0,0,1.0713978,0.0041303999999999785,1.0038700704247128,3.509006122450547e-05,7.755208767763241e-07,0.004897099999999988,0.000513600000000114,0.00033725693654838845,-2.776981294186453,-0.16460486920054132,1.0712485,8.604999999999956e-05,1.0688773402231868,0.00020960372677584496,-3.3560320298343048e-06,-3.273552434793281e-05,50.0,50.0,50.0,0.0002932447552448052,-6.43083916083679e-05,0.13560230009312338,10.0,0.0,-3.318297872340886e-05,0.0003911997276894817,0.0008121000000000933,0.31754461642779064,9.879250096574811,0.6539438917574507,2.1687636114321567,0.7326780193165805,2.0,0.00027569999999998984
matr,matr_b2c25,100,1.069292,446.0,0,0,1.0676695,0.00040210000000007184,1.0003767565654118,-3.0330352504632135e-05,1.646017624850528e-06,0.004897099999999988,0.000513600000000114,0.0002762882210900019,-0.7317108847648562,-2.0739798989530542,1.0712485,4.103061224490529e-06,1.0700688989966138,8.541200896569666e-05,-1.1347290340228284e-06,2.8312041170760763e-05,100.0,100.0,100.0,0.0001356759565217101,-8.920343478264146e-05,0.08391885034991424,39.0,0.0,-1.610927835051515e-05,0.0003404702757610372,0.0008121000000000933,0.45642062787570925,-0.517521146984107,0.9388566720496923,0.9049542164182636,0.46357273891544515,0.9215686274509803,0.0008509000000000988
matr,matr_b2c26,50,1.0793722,450.0,0,0,1.0816609,0.005019799999999908,1.0046624636566446,3.715229591837768e-05,1.0666668877550843e-06,0.005885200000000035,0.0007630000000000692,0.0004974861748323338,-2.924604587682311,-0.24871991242758604,1.0814238,0.00010457916666666474,1.0788081894550592,0.00024649530605855405,-4.0258271180808755e-06,-3.432604095960676e-05,50.0,50.0,50.0,0.00036191783216785596,-5.786188811184532e-05,-0.04511514249903502,13.0,0.0,-4.799574468084934e-05,0.0006510056982322345,0.0014239999999998698,0.2588049011085145,11.453489925938213,0.6372976876139088,2.2067476883250596,0.9216815805090316,1.4,0.00037410000000015486
matr,matr_b2c26,100,1.0793722,450.0,0,0,1.0773104,0.0006692999999999838,1.0006216556287884,-3.7005583178714794e-05,2.338218665707531e-06,0.005885200000000035,0.0007745999999999587,0.00043315730592401126,-0.7179974043808667,-2.302408575066459,1.0814238,6.829591836734529e-06,1.0802554381184186,9.480798500496224e-05,-1.2922898841536018e-06,3.4216337821458835e-05,100.0,100.0,100.0,0.00014783295652170852,-9.817269565218264e-05,-0.14005536534405807,27.0,0.0,-2.233195876288667e-05,0.0006144658039601423,0.0014239999999998698,0.4782932061173497,-0.5345927135831707,0.9201477041636853,0.982217902240962,0.6641596436866931,1.0416666666666667,0.0010512999999998662
matr,matr_b2c27,50,1.06796175,453.0,0,0,1.0714599,0.005618899999999982,1.0052717994522635,6.386293877551115e-05,1.3833566381590868e-06,0.005946000000000007,0.0013213000000000807,0.0004996334180091304,-2.1271193261316568,0.03935852827745843,1.0701967,0.00011706041666666629,1.0674685706087716,0.00023455522658422264,-3.2825439963217178e-06,-5.9617205936731184e-05,50.0,50.0,50.0,0.00033992587412591074,-2.9863286713282055e-05,-0.22405470398698024,10.0,0.0,-3.4153191489361134e-05,0.0007585350766377318,0.0028757000000001476,0.5896490950406017,5.534523032826105,0.6253078478299738,2.21618759410444,0.7810085363512795,1.8235294117647058,0.0003881999999999497
matr,matr_b2c27,100,1.06796175,453.0,0,0,1.0693567,0.0035156999999998995,1.003298522012195,4.945726654307466e-07,8.781017090256048e-07,0.005946000000000007,0.0013213000000000807,0.00040298085443740185,-2.012006545123666,-0.6309021488620412,1.0701967,3.587448979591734e-05,1.0686424065243123,0.00011226714417130906,-1.095809524567457e-06,-4.612341615103193e-07,100.0,100.0,100.0,0.000160070869565193,-5.363573913044753e-05,-0.23896099606633264,27.0,0.0,-1.56216494845372e-05,0.0006170732852977771,0.0028757000000001476,0.00022748890827128943,6.677633678587279,0.7670130767560822,1.784328530640005,0.7038044750339333,1.3658536585365855,0.0005007999999999679
matr,matr_b2c28,50,1.07377875,491.0,0,0,1.0777763,0.006226300000000018,1.005810554803789,6.748880612246528e-05,1.5322349870803795e-06,0.006313199999999908,0.0008847999999999079,0.0005140570878598857,-2.0963795007177617,0.10113199464208546,1.0760785,0.00012971458333333372,1.0733251652613982,0.00023813941862274433,-3.281742548082925e-06,-6.265400548337527e-05,50.0,50.0,50.0,0.0003569657342657459,-1.0362237762182962e-05,-0.2016693139414752,13.0,0.0,-3.07404255319154e-05,0.0007696247056291092,0.001530199999999926,0.5945222489028843,5.452522955954098,0.6315328090302061,2.2679696046692785,0.916290731874155,1.5263157894736843,0.00046450000000008984
matr,matr_b2c28,100,1.07377875,491.0,0,0,1.0759076,0.0043576000000000725,1.0040666324483225,6.730389610395331e-06,1.4507501373145567e-06,0.0072149999999999714,0.005594100000000157,0.001155417551796933,-2.5832205596079536,-0.3536744446641787,1.0760785,4.446530612244972e-05,1.074708432735688,0.00010073312976997688,-9.215954917606545e-07,-6.247289327449421e-06,100.0,100.0,100.0,0.00017247147826084176,8.430421739130683e-05,-0.49675536757367544,20.0,0.0,-2.6631958762886136e-05,0.0019997810573225403,0.012271000000000143,0.02549955610301624,8.786049172109918,0.4930474422845788,2.9267134915793545,0.7703785284959355,1.2790697674418605,0.00046370000000006684
matr,matr_b2c29,50,1.0742028000000001,481.0,0,0,1.0790801,0.0065758000000000205,1.0061312574690844,9.552820408164097e-05,2.273917128496443e-06,0.006644199999999989,0.0006798000000001192,0.00036390443454656406,-1.327739974640822,0.20385328738172115,1.0762185,0.00013699583333333376,1.0735131226296133,0.00026178676503793054,-3.1972800183905406e-06,-8.861369510868338e-05,50.0,50.0,50.0,0.00032399790209793533,1.0727622377638034e-05,-0.17741230550568604,21.0,0.0,-2.8480851063824373e-05,0.0005269815195752078,0.0011239999999999029,0.8026359149769104,1.5694614163025902,0.7380215128353528,1.9264541847171406,0.5978370007556204,2.4285714285714284,0.0008006000000000402
matr,matr_b2c29,100,1.0742028000000001,481.0,0,0,1.0787998,0.006295500000000009,1.005869906535573,3.279143846629658e-05,1.6641195681542628e-06,0.00683749999999983,0.0006798000000001192,0.0003198935619347714,-2.180482374094192,-0.0518867019957698,1.0762185,6.423979591836745e-05,1.0746891674691446,0.0001405793708593922,-1.0567444352263695e-06,-3.039233707349246e-05,100.0,100.0,100.0,0.00018962204347822582,-1.5262217391321467e-05,-0.24671678187361187,21.0,0.0,-1.278453608247159e-05,0.0004855327539123668,0.0011239999999999029,0.5276928854356329,5.062500152322356,0.6989531394605146,2.1545571203786467,0.504516454572726,1.8,0.0003087000000001616
matr,matr_b2c3,50,1.06791905,314.0,0,0,1.0631078,-0.003743099999999888,0.9964914497424149,-0.00011453134693877166,3.0802257470387756e-06,0.0059914999999999274,0.0010221999999999731,0.000416224110634442,-0.5803431785401197,7.48547406214768,1.0685728,-7.798124999999767e-05,1.0681115208475904,5.1705265663687155e-05,-3.196857934663106e-06,0.00010732280694412576,50.0,50.0,50.0,9.05118881119488e-05,-0.0002173290209790001,-0.24649459663340523,19.0,0.0,-1.5517021276594314e-05,0.0006519082363695212,0.0014186000000000476,0.8517187056319468,-0.8453831078741754,0.8829780874327052,1.1792505797905886,0.6405034470745234,1.0869565217391304,0.00136219999999998
matr,matr_b2c3,100,1.06791905,314.0,0,0,1.046734,-0.020116899999999882,0.9811436630929403,-0.0002273741682127263,4.477066474469135e-05,0.022175799999999857,0.0011639000000001065,0.0004278932778232994,-0.563457548548338,2.817778914084468,1.0685728,-0.00020527448979591718,1.0687230749673882,-1.0295197708887653e-05,-2.1282252010180723e-06,0.00021403490210404328,71.0,100.0,100.0,-2.3361739130452307e-05,-0.0003719305652174143,-0.2604727196201913,44.0,0.0,-1.513195876288565e-05,0.0006735925483135712,0.0014463999999998478,0.9430474249888914,-0.9483724084512679,0.8572382643930005,1.432381213275728,0.1257693872890334,0.5806451612903226,0.005215100000000028
matr,matr_b2c30,50,1.0687631999999998,466.0,0,0,1.0730506,0.005770400000000064,1.0054066401681583,7.649074489796984e-05,1.6546999727363966e-06,0.005877600000000038,0.00022869999999985957,0.00025107274206005254,-1.8167449184192503,0.10651279218310836,1.0711464,0.00012021666666666801,1.068463078813287,0.00024956470801513396,-3.3283454445613906e-06,-7.131551183588119e-05,50.0,50.0,50.0,0.0003359653846154226,-7.925874125857218e-06,0.2118853723364688,13.0,0.0,-2.7010638297873074e-05,0.00026463155939388785,0.00099310000000008,0.7071776335826149,3.54683387661332,0.6987054004293272,2.043484670184088,0.2138287800396623,3.3636363636363638,0.0004323000000001631
matr,matr_b2c30,100,1.0687631999999998,466.0,0,0,1.071249,0.0039687999999999946,1.0037186111013772,8.458444032176685e-06,9.82403738049203e-07,0.005877600000000038,0.0012303000000000175,0.0003171123743328486,-2.2475765917027157,-0.43304899357720955,1.0711464,4.0497959183673415e-05,1.06967536181762,0.00012532968137852945,-1.1457964445722154e-06,-7.88372663150663e-06,100.0,100.0,100.0,0.0001763753478260881,-4.181521739130612e-05,-0.17274466387103057,27.0,0.0,-1.3849484536083562e-05,0.0004703090727840817,0.002394999999999925,0.05947518250447015,7.018516024565869,0.7457097029536432,1.8784605612628245,0.3711156280935267,1.1777777777777778,0.0004887000000000086
matr,matr_b2c31,50,1.07547345,474.0,0,0,1.0800272,0.006747899999999918,1.0062871798608246,7.589791836734793e-05,1.8764609497292516e-06,0.006845800000000013,0.0003341999999999512,0.0003332896673417455,-2.319905582960007,0.08382914787315597,1.0783074,0.0001405812499999983,1.075242119306991,0.00027059673116905185,-3.7442079384948145e-06,-7.030210513173705e-05,50.0,50.0,50.0,0.00042299615384614137,-9.03496503493493e-06,0.37218770842233845,12.0,0.0,-3.2934042553192476e-05,0.00030601884261038524,0.0006087999999999649,0.6139743023512014,6.411565121319125,0.6370997226217262,2.2610450643868365,0.3746934494414107,2.6923076923076925,0.00044850000000007384
matr,matr_b2c31,100,1.07547345,474.0,0,0,1.0785081,0.005228800000000033,1.0048717980492123,1.2657374149668507e-05,1.0708184810427328e-06,0.006845800000000013,0.0013870999999998634,0.00034243760942909477,-3.1851242807784836,-0.325952502766184,1.0783074,5.335510204081667e-05,1.0766486728562632,0.0001226965700983064,-1.0788156465553537e-06,-1.1720583794476382e-05,100.0,100.0,100.0,0.0001884464782608387,-3.9961347826119475e-05,-0.026572931035045176,27.0,0.0,-1.962886597938047e-05,0.00046469094950103907,0.0027537999999998064,0.12218452577531524,13.44670669978239,0.6389671503042429,2.3582360423285373,0.4599279772569939,1.5128205128205128,0.0003497999999999557
matr,matr_b2c32,50,1.0761951,500.0,0,0,1.0806761,0.006409200000000004,1.0059661151246493,7.297455102041897e-05,1.938947692211551e-06,0.0066597999999999935,0.0020925000000000527,0.0009798247016899173,-1.6785683549738721,0.10899036510843718,1.0787864,0.0001335250000000001,1.0759116449821973,0.00024061528714465182,-3.2238603100819614e-06,-6.757786175294216e-05,50.0,50.0,50.0,0.0003260559440559553,-3.2947202797188454e-05,-0.4219853053259535,15.0,0.0,-1.3161702127657738e-05,0.0016667057383077503,0.004042600000000229,0.5492964166099679,3.662519859531171,0.5645267294561923,2.386220570388237,1.845826690498331,1.5263157894736843,0.0007509000000001098
matr,matr_b2c32,100,1.0761951,500.0,0,0,1.0795146,0.005247699999999966,1.0048849126785904,1.7829948051954394e-05,1.2704107430139697e-06,0.0066597999999999935,0.002304100000000142,0.0009715886847281674,-2.204999684507728,-0.09842435326776985,1.0787864,5.354795918367312e-05,1.0772437904501015,0.00010476194680665189,-8.522744975951556e-07,-1.650564131326598e-05,100.0,100.0,100.0,0.00017048578260866573,-1.3024521739122008e-05,-0.43318460796668284,27.0,0.0,-1.6974226804124805e-05,0.0016490579113873285,0.004886200000000285,0.20436232159407353,6.948838016312603,0.4785357723858811,2.8713523383874238,1.6280142980070358,1.3902439024390243,0.0005169999999998787
matr,matr_b2c33,50,1.080848,499.0,0,0,1.0851756,0.006123600000000007,1.005674981372538,7.308249999999493e-05,1.791829188912949e-06,0.0063147000000001174,0.0016781000000001267,0.0005805037946689001,-2.1111088746655127,0.07452678856534396,1.0834111,0.00012757500000000013,1.0805181740751186,0.0002616577785369859,-3.6264476641729313e-06,-6.737427566911924e-05,50.0,50.0,50.0,0.0003708465034965124,-1.35650349649806e-05,-0.2598683746895842,13.0,0.0,-1.172127659575221e-05,0.0009268645219774362,0.003467000000000109,0.596156356788701,5.034174529485112,0.6448097292108091,2.1996430316941,0.9911920400472728,2.0,0.0004040999999999073
matr,matr_b2c33,100,1.080848,499.0,0,0,1.0847911,0.005739099999999997,1.0053186500743245,2.0687567099570384e-05,1.1042718477216638e-06,0.006544000000000105,0.0016781000000001267,0.00046597747701445215,-3.114507294167876,-0.11966880002783359,1.0834111,5.856224489795915e-05,1.0819196146688081,0.00011224604630537461,-8.976321490764477e-07,-1.9063989478719334e-05,100.0,100.0,100.0,0.00018238769565216172,-1.9646173913072103e-05,-0.2972665339668536,21.0,0.0,-4.184536082477238e-06,0.0007507671371983063,0.003467000000000109,0.3165101696610152,11.732192315704049,0.5806213673958805,2.5933826472099826,0.8076150343972034,1.7222222222222223,0.00028410000000000935
matr,matr_b2c34,50,1.0705366,483.0,0,0,1.0755733,0.006722400000000128,1.0062893711367975,7.597706122449473e-05,2.105172150537268e-06,0.0068525999999999865,0.0016095999999998778,0.0008520863969789961,-1.9397648353549635,0.12931382407198824,1.0736306,0.00014005000000000267,1.0705964364168479,0.00026032811841331295,-3.5452126382469646e-06,-7.068787420376882e-05,50.0,50.0,50.0,0.00038304230769233737,-2.812972027969114e-05,-0.37600273916220306,15.0,0.0,-8.82127659574559e-06,0.0014270421127150165,0.0029260999999998205,0.5484125211172415,4.6913661308416295,0.5667104731077895,2.4179593138319317,0.8924800831804366,1.8235294117647058,0.0005972000000000754
matr,matr_b2c34,100,1.0705366,483.0,0,0,1.0746909,0.005840000000000067,1.005463811650437,2.0926824984548933e-05,1.2773899253892407e-06,0.0068525999999999865,0.0016095999999998778,0.0006980448464736715,-2.9014750620558742,-0.0856525028119763,1.0736306,5.9591836734694565e-05,1.0720152198664188,0.00011212619308463605,-8.941114519616448e-07,-1.9462060153677e-05,100.0,100.0,100.0,0.00018964299999998515,-1.9255695652205726e-05,-0.38171677297311646,16.0,0.0,-7.64020618556867e-06,0.0011649349592622125,0.0029260999999998205,0.2799806564703239,10.887463362303905,0.4926246316237195,2.7916883366762404,0.849989652052915,1.3333333333333333,0.0003409999999999247
matr,matr_b2c35,50,1.07004715,449.0,0,0,1.0740943,0.005372600000000061,1.0050271272680251,6.908209183674417e-05,1.6372290099958709e-06,0.005766500000000008,0.00144270000000013,0.0005835014149363061,-2.0729440636763656,0.036918525165343156,1.0727148,0.00011192916666666793,1.0699639711485018,0.00025185734023395887,-3.5149086230239516e-06,-6.432251525738946e-05,50.0,50.0,50.0,0.000324077622377622,-3.433426573424343e-05,-0.24847178148544188,16.0,0.0,-5.62553191489003e-06,0.0009311575188334961,0.002586500000000269,0.5829771380060134,4.784788616585257,0.6427560220599983,2.1894012209581684,0.29434432227719726,2.0,0.00026649999999994733
matr,matr_b2c35,100,1.07004715,449.0,0,0,1.0718495,0.003127799999999903,1.002926673988186,-2.8044155843940705e-07,1.051247947458439e-06,0.005766500000000008,0.00144270000000013,0.00042302302096230434,-1.912840936060212,-0.6614463636590522,1.0727148,3.1916326530611256e-05,1.0712007152990954,0.00012287888089140345,-1.2074443377435654e-06,2.6288393356411823e-07,100.0,100.0,100.0,0.00016808530434780434,-6.0644695652213105e-05,-0.20521938734111722,22.0,0.0,-5.823711340207117e-06,0.0006588606100370933,0.002586500000000269,6.109763680528513e-05,5.513367714883106,0.7754217239088165,1.7145567833526556,0.40363192702650336,1.0,0.0004532999999999898
matr,matr_b2c36,50,1.08043095,513.0,0,0,1.0858954,0.00616440000000007,1.0057091997914296,9.501080612245301e-05,2.673364559991629e-06,0.0068653999999999105,0.0009542000000000161,0.0004048685077178334,-1.7925037181360983,0.09838949983681941,1.0833874,0.00012842500000000145,1.0801009589322617,0.00032687842559576784,-4.4589926821793824e-06,-8.753476104506137e-05,50.0,50.0,50.0,0.00041885034965038104,-1.5011538461505875e-05,-0.15778602005123532,16.0,0.0,1.4557446808511142e-05,0.0006150463811414455,0.002453099999999875,0.6753327559684414,2.9122036638208186,0.7431408784762022,1.9270162480201063,0.18506504273970553,1.6666666666666667,0.00046480000000004296
matr,matr_b2c36,100,1.08043095,513.0,0,0,1.0852383,0.005507300000000104,1.0051006222846246,2.405576004948689e-05,1.5748008448443938e-06,0.0068653999999999105,0.0009542000000000161,0.0003037508886202095,-2.9061864201639187,-0.14755210475419406,1.0833874,5.619693877551126e-05,1.0818601266496564,0.00014323795172794203,-1.1684528595927038e-06,-2.2152104608757343e-05,100.0,100.0,100.0,0.00023562239130434196,-1.9328217391318683e-05,-0.11118645148810499,22.0,0.0,3.916494845360707e-06,0.00045079809174589054,0.002453099999999875,0.3000940307168233,9.120310978601628,0.6463347850711015,2.29648508978136,0.1759207855847905,1.1777777777777778,0.00027970000000010486
matr,matr_b2c37,50,1.0765482,461.0,0,0,1.0813301,0.006513500000000061,1.006060103649311,9.298711224489966e-05,2.159136751187069e-06,0.006513500000000061,7.089999999987384e-05,0.00022725026172481307,-1.4521747400188314,0.22668866011588026,1.0786763,0.00013569791666666794,1.0759922125762047,0.0002539594902173899,-3.095622653317241e-06,-8.606899952470621e-05,50.0,50.0,50.0,0.00033583566433568074,1.1976573426575602e-05,0.48531072922829516,14.0,0.0,-2.7095744680854244e-05,0.00014674233889524338,0.000621600000000111,0.8009314869835529,2.1130441433774454,0.7251558895143205,1.9953324500685805,0.14536585027152543,2.6923076923076925,0.0007875999999999994
matr,matr_b2c37,100,1.0765482,461.0,0,0,1.081265,0.006448400000000021,1.005999535176513,3.5050378478667635e-05,1.7032392395592692e-06,0.0068574000000001245,0.00019119999999994697,0.0001850318836287023,-2.177269037521167,-0.01905139509036469,1.0786763,6.580000000000022e-05,1.0771131850545166,0.0001369675877678973,-9.9918832636486e-07,-3.241392036221613e-05,100.0,100.0,100.0,0.00019044486956518454,-1.1995826086977924e-05,0.41920005095364504,21.0,0.0,-1.437216494845542e-05,0.0001502098331251264,0.000621600000000111,0.5890533083984184,5.199642471675022,0.6963083391925262,2.163656677133485,0.11985352296039313,1.5128205128205128,0.00028229999999984656
matr,matr_b2c38,50,1.0714282000000002,451.0,0,0,1.0756546,0.005704900000000013,1.0053319328936678,7.124925510205338e-05,1.5491392114285402e-06,0.005704900000000013,0.0012311000000000405,0.00042527393377171196,-2.09479525902678,0.10808172656384615,1.0738974,0.0001188520833333336,1.071239077391663,0.00023632262819594117,-3.174487944113634e-06,-6.627158131177784e-05,50.0,50.0,50.0,0.00034375139860141993,7.78566433569033e-06,-0.1478523109569714,13.0,0.0,-6.446808510637068e-06,0.0006492371719707379,0.0027741000000001126,0.6553905956475412,4.983159475106551,0.6465388297489568,2.2085505796543234,0.19280283426153752,1.8235294117647058,0.0004265999999999437
matr,matr_b2c38,100,1.0714282000000002,451.0,0,0,1.074622,0.004672299999999963,1.0043668407963477,1.6458092764385234e-05,9.256800937924549e-07,0.005798600000000098,0.0012311000000000405,0.0003169535228920506,-3.0880566283693796,-0.265268627016102,1.0738974,4.7676530612244514e-05,1.0723964371596117,0.00011413336692256694,-9.57600727040969e-07,-1.5301804836305675e-05,100.0,100.0,100.0,0.00016462399999997977,-3.0215826086979446e-05,-0.11856108985727404,21.0,0.0,-4.576288659794356e-06,0.00047464359559552463,0.0027741000000001126,0.2389697431399901,11.72377746320493,0.6490445270405021,2.32117426505187,0.2667706865175979,1.2790697674418605,0.0002835000000001031
matr,matr_b2c39,50,1.08057815,442.0,0,0,1.0867134,0.008252099999999984,1.0076517349301268,0.00010263190816326253,3.1372245215659947e-06,0.008252099999999984,0.0002895000000000536,0.0004089518235971586,-2.1045592418720225,0.12252059185511376,1.0841404,0.00017191874999999968,1.0804220832014768,0.0003357902236596819,-4.483813759547188e-06,-9.450961159184035e-05,50.0,50.0,50.0,0.0005069332167832611,1.84972027972011e-05,0.27079435643893524,13.0,0.0,-1.579574468084702e-05,0.0004885692733641082,0.002220600000000239,0.6715049242299749,5.18712546722837,0.6430096622846752,2.2079623741393934,0.15739217375142936,3.3636363636363638,0.0006227000000000871
matr,matr_b2c39,100,1.08057815,442.0,0,0,1.0863159,0.007854599999999934,1.007283154249485,3.1863579468162876e-05,2.0289322846485075e-06,0.0084206,0.00036009999999997433,0.0003222927346135469,-3.0976304453912955,-0.084405417678204,1.0841404,8.014897959183607e-05,1.0821543460189345,0.0001536263610398442,-1.1937527605066852e-06,-2.9321740709027235e-05,100.0,100.0,100.0,0.00023723986956521281,-1.9780956521750173e-05,0.21521124145996823,21.0,0.0,-7.330927835051181e-06,0.00039791663722130556,0.002220600000000239,0.4086640175726115,11.545078393394004,0.6056382554526862,2.5076622471442582,0.20051049039932853,2.2666666666666666,0.00025359999999996496
matr,matr_b2c4,50,1.07429175,247.0,0,0,1.0728215,-7.579999999984821e-05,0.9999293501810473,-3.803834693878743e-05,6.68864798392318e-07,0.00282569999999982,0.0003155000000001351,0.00025364529034848916,-0.6445742437092489,-1.726910392061779,1.0752634,-1.5791666666635045e-06,1.074249884462875,0.00011180769990546065,-2.881654747004853e-06,3.538147301902286e-05,50.0,50.0,50.0,0.00016466678321679914,-0.00014300699300694584,0.26601408327294346,15.0,0.0,-2.968297872340152e-05,0.000251180367777965,0.000877100000000075,0.4326482246673423,-0.6579829595624629,0.9149709249939213,0.9320916470971062,0.4344526449814166,0.7777777777777778,0.0005505999999999567
matr,matr_b2c4,100,1.07429175,247.0,0,0,1.0650914,-0.007805899999999921,0.9927244667313452,-0.00010675010018551641,1.0210187430605032e-05,0.010555799999999893,0.0004244999999998278,0.0002134834564300074,-0.548452056284819,4.0324407577188595,1.0752634,-7.965204081632573e-05,1.0752024878718,1.4904314874343575e-05,-1.1926903437242638e-06,9.951836854280918e-05,100.0,100.0,100.0,5.053030434780956e-05,-0.00016639969565220944,0.27180377861300115,39.0,0.0,-1.5843298969072213e-05,0.00022084291142632386,0.000877100000000075,0.9114811626239845,-1.0038401526484073,0.8900296583826472,1.2365318304937367,0.11441035117774422,0.38028169014084506,0.0023690000000000655
matr,matr_b2c40,50,1.0793791,476.0,0,0,1.0826643,0.006112400000000129,1.0056777569200335,5.5405989795923455e-05,1.4020401311287324e-06,0.006568300000000082,0.0010637000000000008,0.0006364376697136607,-2.5788637891324453,-0.02419246861813732,1.0816238,0.00012734166666666935,1.0788299584164132,0.0002464522744374585,-3.673967012337835e-06,-5.117830446386869e-05,50.0,50.0,50.0,0.0003774178321678367,-3.3691608391573224e-05,-0.21967469185054142,13.0,0.0,-4.795531914893919e-05,0.0009508838262281748,0.001936600000000066,0.43790810792182533,8.89929273811783,0.6120466056317612,2.321661282384375,0.8888917576860407,2.0,0.00041239999999986843
matr,matr_b2c40,100,1.0793791,476.0,0,0,1.0798434,0.0032915000000000028,1.0030574466498086,-1.993067903524908e-05,2.8023868293929386e-06,0.008398499999999975,0.006838799999999923,0.0013263171553051327,-1.7610997617565451,-0.5091152367703016,1.0816238,3.358673469387758e-05,1.0808078661267582,6.357465127395257e-05,-8.186797089136758e-07,1.8423844282913604e-05,100.0,100.0,100.0,0.00016441226086956793,-4.724656521742798e-05,-0.4428945709215358,21.0,0.0,-2.0008247422681195e-05,0.0022523563415255566,0.01186609999999999,0.11576064475556314,3.797141408227146,0.5828811851906132,2.573709013850769,0.7949298748698876,1.3333333333333333,0.0008477000000000068
matr,matr_b2c41,50,1.07089255,416.0,0,0,1.0757265,0.007521600000000017,1.0070413457193466,8.903676530613366e-05,2.40552911203667e-06,0.007903900000000075,0.0009030999999999345,0.0005256505580389542,-1.9344325127487556,0.10236963317567704,1.073298,0.00015670000000000037,1.0701978328514987,0.00029820667897366215,-4.022498339760743e-06,-8.281950825337006e-05,50.0,50.0,50.0,0.0004131573426573711,-2.728531468531452e-05,-0.10831984767773681,13.0,0.0,-4.31212765957457e-05,0.0007283833646715645,0.0013928999999999192,0.6591103417963493,4.644156125381347,0.6748155402806862,2.154424659199096,0.8023464725249373,1.6666666666666667,0.0006041000000001073
matr,matr_b2c41,100,1.07089255,416.0,0,0,1.0736984,0.00549350000000004,1.005142739936879,1.6646565244286438e-05,1.3933764392551776e-06,0.007903900000000075,0.0009030999999999345,0.0004905574596701331,-2.789855534357728,-0.2851893377657206,1.073298,5.605612244898e-05,1.0717186872204982,0.00014034901835600523,-1.212769148154103e-06,-1.5477613508407963e-05,100.0,100.0,100.0,0.00020952878260868289,-3.487230434784244e-05,-0.22317058152817731,27.0,0.0,-3.0421649484534716e-05,0.0007337497854688582,0.001479799999999809,0.16241481488937826,10.644368774906681,0.658428506101226,2.290288736230822,0.8775327215747514,1.3902439024390243,0.0004230000000000622
matr,matr_b2c42,50,1.08027985,444.0,0,0,1.0837798,0.005755900000000036,1.0053393064847636,6.883288775510624e-05,1.4071330947188818e-06,0.0060867000000000004,0.0006253999999998872,0.0003571419599808716,-1.9648888666833253,0.09968638514692624,1.0820979,0.00011991458333333409,1.0796922730078158,0.00022500951389493255,-3.003396656535711e-06,-6.353468667186136e-05,50.0,50.0,50.0,0.0002934069930070493,-2.7787062937055714e-05,0.18696252076302214,21.0,0.0,-3.6065957446805074e-05,0.0003898563288430041,0.0008740999999998778,0.6734212214166018,5.133446251039416,0.6701845408008112,2.160191471880211,0.8574502318512216,2.4285714285714284,0.00042439999999999145
matr,matr_b2c42,100,1.08027985,444.0,0,0,1.082616,0.004592099999999988,1.0042597385827903,1.1841173778608022e-05,8.104088295398475e-07,0.0060867000000000004,0.0006253999999998872,0.00029660373066702574,-2.7912990308896326,-0.31745552547433054,1.0820979,4.6858163265305996e-05,1.0808005189486956,0.00011002216457072877,-9.625587332560837e-07,-1.0926061757310337e-05,100.0,100.0,100.0,0.00015806726086956547,-3.2813043478284957e-05,0.08446304821035466,21.0,0.0,-1.5828865979379932e-05,0.0003622185231986031,0.0008740999999998778,0.1412961001053975,11.226129282060608,0.6998920053462032,2.186871935264271,0.7889382452016209,1.7222222222222223,0.00032700000000018825
matr,matr_b2c43,50,1.0758284,443.0,0,0,1.0803803,0.00681569999999998,1.0063486631358747,8.064419387755681e-05,2.0737489221490756e-06,0.007075399999999954,0.0003741999999999912,0.00032727473258095766,-2.1310277132003743,0.07608297111914307,1.0782987,0.00014199374999999959,1.0753678196652192,0.0002924796139179204,-4.0737580776999365e-06,-7.466677698681692e-05,50.0,50.0,50.0,0.0003982643356643507,-2.1057692307694786e-05,0.41885293253456984,16.0,0.0,-3.5089361702125664e-05,0.0002589376539058151,0.0008879999999999999,0.6272201939876372,5.300940370827508,0.6834276003478884,2.131697957069466,0.3084330165568198,3.0,0.0004154000000000657
matr,matr_b2c43,100,1.0758284,443.0,0,0,1.0790776,0.005512999999999879,1.0051352289373177,1.2511228200371097e-05,1.1640600022915942e-06,0.007075399999999954,0.0003741999999999912,0.00026182011121614546,-2.99423078300709,-0.3450085199664725,1.0782987,5.625510204081509e-05,1.0769054740951352,0.00013088564009394895,-1.1605334499369625e-06,-1.158042006518563e-05,100.0,100.0,100.0,0.0002054447391304101,-3.824534782610341e-05,0.34947369170435605,16.0,0.0,-1.931340206185593e-05,0.00024091391867666208,0.0008879999999999999,0.10981694397063146,11.868483027652736,0.6853370298613823,2.21592508318338,0.4298565612323236,1.5128205128205128,0.00033719999999992645
matr,matr_b2c44,50,1.07264615,442.0,0,0,1.0768008,0.00591380000000008,1.0055223380244602,8.026492857142684e-05,1.818046003465239e-06,0.006299600000000183,0.0003025999999999307,0.0002854003175062165,-1.7461107356898944,0.1294306407393882,1.0745265,0.00012320416666666834,1.0721536225518886,0.0002598164784679684,-3.4529144210872805e-06,-7.456549719200777e-05,50.0,50.0,50.0,0.00032031398601403834,-2.2286013986010256e-05,0.2561327789170921,16.0,0.0,-3.1029787234041936e-05,0.0002936285857112378,0.0008314000000000377,0.708723403730948,3.2799320766308853,0.7285468617280267,1.9938716648338877,0.3612938897950269,1.6666666666666667,0.00043320000000002246
matr,matr_b2c44,100,1.07264615,442.0,0,0,1.0763599,0.005472900000000003,1.0051106232496987,2.2273128014858617e-05,1.1388933093011047e-06,0.006365600000000082,0.00033170000000004585,0.0002485250544460856,-2.7496023929153743,-0.13738477150352946,1.0745265,5.5845918367346964e-05,1.0734786381590185,0.00012145325747406533,-9.723542103844212e-07,-2.0681012185763067e-05,100.0,100.0,100.0,0.00018806865217388318,-1.5601913043495067e-05,0.12115179879647245,22.0,0.0,-1.6984536082474475e-05,0.00029878087351676474,0.0008314000000000377,0.355733048744045,8.864439390059353,0.6563959487113447,2.319594273792797,0.5145686100448251,1.0851063829787233,0.0002546999999999411
matr,matr_b2c45,50,1.0721079,470.0,0,0,1.0751066,0.004634000000000027,1.004328929110376,5.176434693877896e-05,1.0312852799916709e-06,0.005185599999999901,0.0003421999999999592,0.00029390572527125745,-2.390737379272617,0.02180201530183864,1.0739754,9.654166666666723e-05,1.0718866859895786,0.00021869542405047578,-3.2102130213791246e-06,-4.814061381537192e-05,50.0,50.0,50.0,0.00030192027972031403,-2.940419580417112e-05,0.18962752470916067,16.0,0.0,-2.8404255319150768e-05,0.00033397555456310635,0.0007194000000001477,0.5196520625252269,6.688130016026204,0.6729646747798377,2.1552943784841063,0.5701854694251104,1.5263157894736843,0.00019030000000008762
matr,matr_b2c45,100,1.0721079,470.0,0,0,1.0730408,0.0025682000000000205,1.0023991272639767,-7.060436610997026e-06,7.945598227629823e-07,0.005185599999999901,0.0003421999999999592,0.0002555545450050149,-1.4950526065800334,-0.8629632195268325,1.0739754,2.6206122448979802e-05,1.0730551504608377,9.656819406483843e-05,-1.0159669674101797e-06,6.566719827034533e-06,100.0,100.0,100.0,0.00015259704347823954,-5.42340434782662e-05,0.05733738184755478,22.0,0.0,-1.566907216494979e-05,0.0003271919737757461,0.0007194000000001477,0.05123672297932902,3.496390669689223,0.847711899561395,1.4098187340581503,0.7251732072793537,0.9215686274509803,0.0004882999999999971
matr,matr_b2c46,50,1.0747026,417.0,0,0,1.0796571,0.0070432999999998636,1.0065664827359109,9.007894897960337e-05,2.3144108570678737e-06,0.007181399999999893,0.0001644000000000645,0.00029711906317836053,-1.921941146241198,0.14018769962911082,1.0772098,0.00014673541666666382,1.0743274038831956,0.0002893593594416402,-3.832315585808701e-06,-8.34755234117474e-05,50.0,50.0,50.0,0.00040931853146858576,-5.029020979014739e-06,0.4497920085230094,16.0,0.0,-3.5991489361702454e-05,0.00021378491460998964,0.0009457999999999966,0.7011907176712652,4.247574660472756,0.6915689104509933,2.1120041534946448,0.15593480162075973,2.2,0.0006539000000000961
matr,matr_b2c46,100,1.0747026,417.0,0,0,1.0795197,0.00690590000000002,1.006438384439954,2.9379857761290457e-05,1.5509736013549582e-06,0.007384199999999952,0.0002518000000000242,0.0002336410388176281,-2.861676338719251,-0.05514927484999731,1.0772098,7.046836734693898e-05,1.0758173294980515,0.00013311209367164114,-1.0169827050034923e-06,-2.7208760924294736e-05,100.0,100.0,100.0,0.00020642708695649574,-1.2232434782622175e-05,0.4009011657782308,16.0,0.0,-1.905773195876037e-05,0.00019396044704407165,0.0009457999999999966,0.4545061891516271,9.712657784454903,0.6190158909369471,2.452196064665481,0.144806289297063,1.2272727272727273,0.00018209999999996285
matr,matr_b2c47,50,1.04458845,705.0,0,0,1.0497504,0.0076129000000000335,1.0073050821028895,7.730367346938914e-05,2.9160116924032023e-06,0.008112700000000084,0.00013580000000001924,0.00036602116257669886,-2.6085669780666794,-0.0643468711427833,1.0486518,0.00015860208333333403,1.0443753104559268,0.0003952494459911566,-6.114341779264719e-06,-7.360337583996393e-05,50.0,50.0,50.0,0.0006002335664336061,-3.7790909090881725e-05,0.70966399062418,13.0,0.0,-3.5393617021277447e-05,0.0001716168932371516,0.0008441000000001253,0.4098651557145796,7.341627684936583,0.6880967511799541,2.1245507784750295,0.08524427986960978,1.8235294117647058,0.00014129999999989984
matr,matr_b2c47,100,1.04458845,705.0,0,0,1.0470229,0.00488540000000004,1.0046878650849815,-9.553367965351443e-06,1.919748070707081e-06,0.008112700000000084,0.00017290000000014238,0.0002809360524393157,-1.9405284080629261,-0.7144124697409431,1.0486518,4.985102040816367e-05,1.0468216097442247,0.0001372183261752447,-1.438938177849149e-06,9.099867732163417e-06,100.0,100.0,100.0,0.0002705648260869411,-6.437617391307296e-05,0.7040823791037927,18.0,0.0,-1.6762886597939457e-05,0.00014160671784956412,0.0008441000000001253,0.03882519103107884,6.035584796183443,0.7923534470167628,1.7266592736181017,0.13353139262452263,0.6610169491525424,0.0008338000000001067
matr,matr_b2c5,50,1.0694930999999999,464.0,0,0,1.0725982,0.004582900000000167,1.0042910433961014,5.6247612244909886e-05,1.0347969061641254e-06,0.005005300000000101,0.0002098999999999851,0.0002461309536605085,-2.105497571375973,0.0513116204105036,1.071297,9.547708333333682e-05,1.0692120893851498,0.00020980269844960429,-2.952982427013971e-06,-5.2442767013172245e-05,50.0,50.0,50.0,0.0002740636363636798,-3.396713286714462e-05,0.3485849698107539,14.0,0.0,-2.2776595744680303e-05,0.00024191820598791752,0.0006918000000000202,0.6114811253118575,5.154071975634864,0.696759903138743,2.093733157982209,0.46357273891544515,1.6666666666666667,0.00026490000000012337
matr,matr_b2c5,100,1.0694930999999999,464.0,0,0,1.070745,0.002729700000000168,1.002555862261524,-1.1376598639312165e-06,6.780618608815482e-07,0.005005300000000101,0.00025420000000009324,0.00021360032588466703,-1.8226245172682762,-0.6586956947203703,1.071297,2.7854081632654776e-05,1.0702820214825206,9.890052107180776e-05,-9.807664797622626e-07,1.060629554842584e-06,100.0,100.0,100.0,0.00014835895652173591,-4.789391304350094e-05,0.19505044037991126,28.0,0.0,-1.3588659793814316e-05,0.0002480932564420403,0.0006918000000000202,0.0015588358524615264,5.34151184180724,0.8237263700215673,1.5402571400777185,0.6646847158961836,0.9215686274509803,0.00042549999999996757
matr,matr_b2c6,50,1.0707162499999998,475.0,0,0,1.0662351,-0.0025039999999998397,0.997657052128064,-0.00011541757142856065,3.6492676778091616e-06,0.006296099999999916,0.0005039000000000016,0.0003426777296365892,-0.49857996952757316,-7.260673019855339,1.0724788,-5.216666666666333e-05,1.070942445029092,0.00012830774746494647,-4.687025363337156e-06,0.00010777397004972669,50.0,50.0,50.0,0.00026474510489510496,-0.0002250262237761632,0.39669756557777186,15.0,0.0,-3.375957446808149e-05,0.00030639709227244384,0.0008804999999998397,0.730076112282696,-0.9655199480870911,0.947116697960753,0.8460039674873538,0.2666286632539486,0.5,0.0016165000000001317
matr,matr_b2c6,100,1.0707162499999998,475.0,0,0,1.0521992,-0.01653989999999994,0.9845239123374452,-0.0002143858466295456,3.958249737703282e-05,0.020332000000000017,0.0006230999999998765,0.0002908727589518308,-0.4530903208325294,2.4861043366134012,1.0724788,-0.00016877448979591775,1.0724591217432553,-3.151062696154844e-05,-1.7928943104705945e-06,0.0002011306312461609,75.0,100.0,100.0,2.6588391304318517e-05,-0.0003109718260869681,0.31766895167570197,29.0,0.0,-1.820309278350496e-05,0.00029718054197157273,0.0008804999999998397,0.948274035140149,-1.0835340692616444,0.8813858843679581,1.3077275650553517,0.08187253435061254,0.24050632911392406,0.0052402999999998645
matr,matr_b3c0,50,1.0684966500000002,985.0,0,0,1.0709598,0.003504699999999916,1.0032832294304461,3.6270265306123306e-05,6.000168963265065e-07,0.003916099999999867,0.00024309999999982956,0.00018539786495261305,-2.340327429505912,-0.1462160624245245,1.0704191,7.301458333333159e-05,1.068341308725141,0.0001798531684248189,-2.761209675359724e-06,-3.3864570340973796e-05,50.0,50.0,50.0,0.00026736153846156427,-1.8135664335626795e-05,0.43269837500179215,12.0,0.0,-1.6329787234043235e-05,0.0001654510249768855,0.0004248999999998393,0.4384983667728708,6.151976021493024,0.6785449366780689,2.0901520617847282,0.44667537675482727,1.2857142857142858,0.0002237999999998852
matr,matr_b3c0,100,1.0684966500000002,985.0,0,0,1.0694544,0.001999299999999815,1.0018729593403974,-5.346195423617204e-06,4.214020610733412e-07,0.003916099999999867,0.00024309999999982956,0.00015812177720835388,-1.4659547561867854,-0.7226259337374611,1.0704191,2.0401020408161377e-05,1.069468393060178,6.271912636757163e-05,-6.673070763841065e-07,4.992510730410756e-06,100.0,100.0,100.0,0.00011153778260867723,-3.1689869565259026e-05,0.32709409609849277,29.0,0.0,-9.120618556701769e-06,0.00016462084580587535,0.00047010000000002883,0.05539082502760995,3.8763620178574376,0.7985146378863889,1.5923297811033406,0.4902616447682413,0.8846153846153846,0.0004054000000000002
matr,matr_b3c1,50,1.06646465,1033.0,0,0,1.0681363,0.0030759999999998566,1.0028880993874243,2.0297510204093223e-05,4.119495029071183e-07,0.003679599999999894,0.00020740000000007974,0.00021807669745349135,-3.1653670593248227,-0.28367236080578007,1.068262,6.408333333333034e-05,1.0664595820425533,0.0001497110541748582,-2.488721999438491e-06,-1.899502569753133e-05,50.0,50.0,50.0,0.00025824300699305204,-3.620909090907039e-05,0.44400708623785234,9.0,0.0,-2.1168085106378696e-05,0.00017202224510581604,0.0005617999999998347,0.20001913709198238,12.169662697793948,0.6254783110454146,2.2980613585052234,0.3310813879863365,1.0869565217391304,0.00010339999999997573
matr,matr_b3c1,100,1.06646465,1033.0,0,0,1.0664777,0.001417400000000013,1.0013308166683146,-1.471934075447624e-05,4.931678293010722e-07,0.003679599999999894,0.00020740000000007974,0.00017070998224566567,-0.7394731679841053,-1.4044469111515483,1.068262,1.4463265306122583e-05,1.067529671816638,3.916857282251028e-05,-5.283128782056089e-07,1.378130901080882e-05,100.0,100.0,100.0,8.723769565216117e-05,-2.904043478262806e-05,0.3906177463897947,31.0,0.0,-1.194123711339921e-05,0.00015177492815010644,0.0005617999999998347,0.3587788304280526,0.5663054348624983,0.8491476911263627,1.2665566715219312,0.30368241379822203,0.7636363636363637,0.0005414999999999726
matr,matr_b3c10,50,1.06277475,1046.0,0,0,1.0649273,0.0031527000000000083,1.002969274269699,3.2744765306141454e-05,4.7145037929198735e-07,0.003226200000000068,0.0013464000000000809,0.00040697240726300394,-2.1475287022046348,0.031440752191723896,1.0643069,6.568125000000018e-05,1.0627325803095962,0.00013280471039054688,-1.9242297131623985e-06,-3.075171782067754e-05,50.0,50.0,50.0,0.00021405839160842566,-7.333916083856224e-06,-0.3648709084032015,16.0,0.0,-9.189361702130886e-06,0.0006723720896260748,0.0026605000000001766,0.4548600243204082,5.107977619135589,0.5705464899062158,2.444758930061135,0.45416021976100945,1.5263157894736843,0.00011809999999989884
matr,matr_b3c10,100,1.06277475,1046.0,0,0,1.0623909,0.0006163000000001251,1.0005804433445669,-2.8759653679594917e-06,3.6554735262526497e-07,0.003226200000000068,0.0013464000000000809,0.0004043882721716044,-1.6520295342564797,-0.7603273153138956,1.0643069,6.288775510205358e-06,1.063445839587195,5.882848278106498e-05,-6.04945570088577e-07,2.701012572727446e-06,100.0,100.0,100.0,9.483282608694175e-05,-3.321791304350745e-05,-0.33455847961619556,23.0,0.0,-2.0921649484536806e-05,0.0006459402755939741,0.0026605000000001766,0.018478575583438683,3.819527293086481,0.6449205028950605,2.2607110487177757,0.5542442441335118,1.0,0.0003888999999999143
matr,matr_b3c11,50,1.068871,792.0,0,0,1.0702467,0.0021788000000000363,1.002039945213221,1.4460204081648328e-05,2.9454094372346203e-07,0.0026927999999999397,0.0009908000000000694,0.00029148993038164724,-2.4937025807925313,-0.21891136847728437,1.0706047,4.539166666666742e-05,1.0689057134607032,0.00012649728614849218,-2.1545592705163152e-06,-1.3505957837063385e-05,50.0,50.0,50.0,0.00021018076923081186,-1.547202797200287e-05,-0.2620688676324261,11.0,0.0,-1.1670212765958784e-05,0.00046123215823877517,0.0024570000000001535,0.1419819597500842,6.79554775218984,0.6473008904639967,2.2133889894339633,0.41964974310012076,1.1818181818181819,0.00013589999999985558
matr,matr_b3c11,100,1.068871,792.0,0,0,1.0682998,0.0002318999999999516,1.000217121027605,-1.7682165739006274e-05,5.358417992000884e-07,0.0026927999999999397,0.0009908000000000694,0.0002169122078328428,-0.5896329188446561,-2.710413229998151,1.0706047,2.366326530611751e-06,1.0697040690274333,4.0933620097514694e-05,-5.746645670247182e-07,1.652225157020037e-05,100.0,100.0,100.0,8.241656521736695e-05,-4.272760869569108e-05,-0.22245593775146721,18.0,0.0,-7.415463917526694e-06,0.0003353947990118223,0.0024570000000001535,0.47651782978862156,-0.8829017302940878,0.9202044165466821,1.0947345903366508,0.24867241881806748,0.6333333333333333,0.0005098000000001157
matr,matr_b3c12,50,1.07516545,903.0,0,0,1.0766423,0.0024770000000000625,1.0023059765568672,2.1850163265316332e-05,3.12214729779247e-07,0.002777699999999994,0.0009325000000000028,0.0002842504507166706,-2.655003193124665,-0.17899576981060494,1.0765386,5.160416666666797e-05,1.0749973245175861,0.0001298567107353461,-2.0770489898091163e-06,-2.029007334141704e-05,50.0,50.0,50.0,0.00019021608391612676,-1.2228671328663938e-05,-0.17684433578776412,13.0,0.0,-1.5963829787233648e-05,0.00042957387665011024,0.0023332999999998716,0.30583415142397785,7.742832423279687,0.6232784213628884,2.233503370323527,0.29511705093929896,1.2857142857142858,0.0001318999999999626
matr,matr_b3c12,100,1.07516545,903.0,0,0,1.0755343,0.0013689999999999536,1.0012744779597702,-6.6794632034572764e-06,2.5181581029894544e-07,0.002777699999999994,0.0009325000000000028,0.00020761588669903673,-1.2664278709724515,-0.9830148430981812,1.0765386,1.3969387755101568e-05,1.0758399670476955,4.1113550870947556e-05,-4.685589615138064e-07,6.2039561830526314e-06,100.0,100.0,100.0,8.29615652173665e-05,-2.4336869565243923e-05,-0.1527607873637557,17.0,0.0,-7.828865979383378e-06,0.00030869037500440337,0.0023332999999998716,0.14469214641706318,2.647653168758316,0.8158000402789821,1.6228910195162263,0.35324226776418877,0.75,0.00034000000000000696
matr,matr_b3c13,50,1.06681655,794.0,0,0,1.0693101,0.003752100000000036,1.0035212536530156,3.3332214285724465e-05,6.779979208079874e-07,0.004086699999999999,0.00011139999999998373,0.000190620436728167,-2.689655533155983,-0.09182675640989596,1.0689164,7.816875000000074e-05,1.0667620980039079,0.00019339442291383565,-3.07811939669471e-06,-3.116353514009574e-05,50.0,50.0,50.0,0.00030546993006993486,-3.630769230733069e-06,0.6245128944655831,15.0,0.0,-2.0487234042552952e-05,0.00010353225135712566,0.00036679999999988944,0.32774038830817553,7.9106297351027735,0.6648767219693758,2.167981752599354,0.17791140631640187,1.8235294117647058,0.00013399999999985646
matr,matr_b3c13,100,1.06681655,794.0,0,0,1.067306,0.0017480000000000828,1.0016404550479656,-1.218519356833048e-05,6.41811383803673e-07,0.004086699999999999,0.0011727999999999739,0.0002285579319174805,-1.0733282845792393,-1.1220732518347876,1.0689164,1.7836734693878397e-05,1.0679659284498844,6.608110870550419e-05,-7.673166889591452e-07,1.1396447616278538e-05,100.0,100.0,100.0,0.00013306830434780073,-4.5865217391319324e-05,0.016172985214418012,20.0,0.0,-1.02319587628861e-05,0.00030747585892877856,0.0023849999999998595,0.18893058916769068,1.289995548907788,0.8638248886336716,1.3882213389694957,0.23771575817330043,0.8490566037735849,0.0005435999999998664
matr,matr_b3c14,50,1.0745428000000001,834.0,0,0,1.0777076,0.005002000000000173,1.0046629755638454,5.3786051020419426e-05,1.0369895583590151e-06,0.005038600000000004,0.001005900000000004,0.0003498089822992246,-2.3062847625199625,0.02832088129281694,1.0763183,0.00010420833333333694,1.074125637580113,0.00021153892093435023,-3.0337090368070026e-06,-4.99196190267638e-05,50.0,50.0,50.0,0.0002997552447552929,2.894405594409961e-05,-0.11507049178437782,13.0,0.0,-3.385957446808318e-05,0.0004820389344474067,0.002341999999999844,0.5579495494530962,6.043479561427727,0.6410238421839473,2.2573676875342894,0.1356406530563899,1.8235294117647058,0.0001909999999998302
matr,matr_b3c14,100,1.0745428000000001,834.0,0,0,1.0763919,0.0036863000000000312,1.003436450783887,4.636107606699441e-06,5.896992629935743e-07,0.005038600000000004,0.001005900000000004,0.0002590917489183294,-2.8150370252638606,-0.4784159675987957,1.0763183,3.76153061224493e-05,1.075275336611696,9.061267328136082e-05,-8.429075066144562e-07,-4.302364771526783e-06,100.0,100.0,100.0,0.0001510817826086518,-3.5691304347839215e-05,-0.06462918889576884,23.0,0.0,-1.6400000000002323e-05,0.0003469182990064815,0.002341999999999844,0.029766053630688738,11.096883536829075,0.7258744736667834,2.1379177866282126,0.26931045960080086,0.8490566037735849,0.0002889999999999837
matr,matr_b3c15,50,1.0692704499999999,850.0,0,0,1.0710367,0.002618000000000009,1.002450350223185,2.0812265306124014e-05,3.338504955102088e-07,0.002858699999999992,0.0010976000000000319,0.00029918301522181807,-2.761977737277833,-0.15385179781536162,1.0709045,5.4541666666666856e-05,1.0693235848710376,0.00013034894840486874,-2.1064746749760796e-06,-1.942902603237246e-05,50.0,50.0,50.0,0.00021138391608393142,-1.1793706293294771e-06,-0.22883267973017535,11.0,0.0,-9.191489361697146e-06,0.00046752558688872327,0.0024836999999999776,0.2594876407240445,8.106870249197382,0.600687367352817,2.342281051258847,0.36733223841272034,1.2857142857142858,0.00012250000000002537
matr,matr_b3c15,100,1.0692704499999999,850.0,0,0,1.0693594,0.0009406999999999055,1.0008804600668257,-1.1564622139754254e-05,4.108009904152716e-07,0.0030040000000000067,0.0012217999999999396,0.0002776029492781559,-1.1841910259855475,-1.6667177915962443,1.0709045,9.598979591835771e-06,1.0700711226363442,4.933785616995342e-05,-5.970831206834755e-07,1.0798589340471934e-05,100.0,100.0,100.0,8.47383913043015e-05,-4.6080478260894076e-05,-0.29791591068742485,16.0,0.0,-6.375257731956669e-06,0.00044577003803584136,0.0024836999999999776,0.2658742282127712,1.2910787611348962,0.8367168895795191,1.502424837496579,0.32190002976212223,0.6333333333333333,0.00034730000000005035
matr,matr_b3c16,50,1.0618613,1589.0,0,0,1.0639572,0.0029481999999998454,1.0027786757699508,2.9149673469391892e-05,4.934838845730851e-07,0.0033308999999999145,0.0011617999999999906,0.00028060114928958146,-2.3404211762604956,-0.15722316317498783,1.0635999,6.142083333333011e-05,1.061797158615718,0.00016557107113487286,-2.6234884166440727e-06,-2.739054175006766e-05,50.0,50.0,50.0,0.00024161573426575758,-7.004545454536455e-06,-0.09228120110216019,18.0,0.0,-1.3327659574463934e-05,0.0004118992314808454,0.0022044999999999426,0.3443692853747141,5.966611604186589,0.6483833651459586,2.0954890982352463,0.24038535774871583,1.4,0.00021510000000013463
matr,matr_b3c16,100,1.0618613,1589.0,0,0,1.0625579,0.0015488999999999642,1.0014598368157104,-9.691301175009022e-06,4.958377057014722e-07,0.0033308999999999145,0.0012035999999999714,0.00036034841795256207,-1.1603536970523693,-1.1654762903950984,1.0635999,1.580510204081596e-05,1.0628125505496875,5.836619516963888e-05,-6.672303563200941e-07,9.108877689068484e-06,100.0,100.0,100.0,0.0001091226956521583,-2.737734782610743e-05,-0.3241407594099887,18.0,0.0,-5.637113402059138e-06,0.0005866930521026307,0.0024236000000001923,0.15469257218173194,1.3583622161109927,0.7881879331326035,1.6955584739389415,0.40317939282730847,1.0,0.0005029999999999202
matr,matr_b3c17,50,1.0675028000000002,1269.0,0,0,1.0674373,0.000985899999999873,1.0009244678191616,5.235908163272739e-06,3.723192364889623e-06,0.01101719999999995,0.01096790000000003,0.0017017685631105957,-2.8844947796598515,0.015225962799578984,1.0689212,2.0539583333330686e-05,1.068272432601389,-0.00012860354957727434,2.5738357257794513e-06,-4.908814045971531e-06,50.0,50.0,50.0,0.00019814440559443917,-1.9160839160780695e-05,-0.17568495407193208,16.0,1.0,-1.562340425532314e-05,0.002635235385603604,0.014268399999999959,0.0014726466756124212,10.898640424312932,0.503991121755725,2.6113633018728777,0.12166051240280394,2.0,0.00029420000000013324
matr,matr_b3c17,100,1.0675028000000002,1269.0,0,0,1.0664585,7.0999999999266095e-06,1.0000066575935855,-5.833125541118786e-06,1.916563597828792e-06,0.01101719999999995,0.01096790000000003,0.0012071295494431803,-3.590553000042556,-3.5582150820832146,1.0689212,7.244897959108785e-08,1.067094284214805,8.515791159955458e-06,-1.4067565393213154e-07,5.46616467350472e-06,100.0,100.0,100.0,-0.00014319165217395702,-7.59443478263761e-06,-0.18435889491157825,16.0,1.0,-8.001030927834497e-06,0.0018660292853302863,0.014268399999999959,0.014498539010447287,20.33647874636497,0.33266108397097555,3.2843348158120786,0.13636827395972234,0.96,0.0004068999999999878
matr,matr_b3c18,50,1.0687573499999998,1100.0,0,0,1.0691702,0.0011465000000001613,1.001073478051096,-4.708938775488496e-06,1.696525421990927e-07,0.0021301000000000236,0.00017509999999987258,0.00014098603800492913,-1.5883786712173804,-0.6222862126210503,1.0700043,2.3885416666670028e-05,1.0689463222040818,8.503944057623447e-05,-1.7259303721490034e-06,4.4014719811095815e-06,50.0,50.0,50.0,0.00016398986013990387,-1.876223776220922e-05,0.48427489617030794,11.0,0.0,-1.4242553191485534e-05,0.00011965322188880315,0.0002599999999997049,0.026140609629658917,3.9240505849955625,0.7875320031425653,1.613877455191602,0.8043728156701697,0.92,0.00022619999999995422
matr,matr_b3c18,100,1.0687573499999998,1100.0,0,0,1.0670015,-0.0010221999999999731,0.999042905134034,-2.9274941249213866e-05,8.870826093112843e-07,0.0035754999999999537,0.0011900999999998607,0.0002568813815069645,-0.4005968327929751,8.918156727839898,1.0700043,-1.0430612244897685e-05,1.069652378594189,1.1286064753361627e-05,-3.9765692159393344e-07,2.7382064542973515e-05,100.0,100.0,100.0,4.920726086956103e-05,-3.532004347827344e-05,-0.33018141659714656,16.0,0.0,-6.8288659793809475e-06,0.00041703307217826643,0.0023400000000000087,0.7889924161016908,-1.0804145840969914,0.9062628263917486,1.1082630933524875,0.25163550710851595,0.5806451612903226,0.0007615999999999179
matr,matr_b3c19,50,1.07289865,1105.0,0,0,1.0730777,0.0011529000000001233,1.00107554186637,-8.454326530597614e-06,1.6253491673470426e-07,0.0019749000000000017,0.00019449999999987533,0.00014867646593673433,-1.4556580555126508,-1.0035528220240746,1.0738823,2.401875000000257e-05,1.0729111177785497,7.942384720695044e-05,-1.6899648795688484e-06,7.87347095858382e-06,50.0,50.0,50.0,0.00014121958041962628,-2.431468531466628e-05,0.4783600030775429,9.0,0.0,-1.56148936170203e-05,0.00011146323500102518,0.00031239999999987944,0.08795111662424637,3.0783676707550702,0.8187329720678632,1.4666876321308924,0.41897882727488717,1.0869565217391304,0.00018230000000007962
matr,matr_b3c19,100,1.07289865,1105.0,0,0,1.0708553,-0.0010694999999998345,0.9990022620989832,-2.969135807049063e-05,8.607867896132981e-07,0.003044399999999836,0.00019449999999987533,0.00011856608304452489,-0.33700410266022107,4.977450757940849,1.0738823,-1.091326530612076e-05,1.0735954028561987,6.875594370190648e-06,-3.5849953373214313e-07,2.7672513165782805e-05,100.0,100.0,100.0,3.990139130433199e-05,-3.6110478260872926e-05,0.4054582896977541,29.0,0.0,-8.389690721649233e-06,0.00010477725365462125,0.00031239999999987944,0.836391020027728,-1.2270488784020985,0.9109652234206255,1.0085265782912889,0.13916383068133373,0.6610169491525424,0.0008182000000001022
matr,matr_b3c2,50,1.06126925,1224.0,0,0,1.0624027,0.0015846999999999944,1.0014938472009336,8.233336734702751e-06,2.0640613183672564e-07,0.0023956999999998896,0.0002928999999998183,0.00017166732846502232,-2.492163526985219,-0.32004699384567004,1.0627875,3.3014583333333215e-05,1.0615420308436823,0.00010550886916042214,-1.870683315879594e-06,-7.745758977103745e-06,50.0,50.0,50.0,0.00019426013986016262,-4.2931818181778424e-05,0.19900267431995922,17.0,0.0,-5.982978723401499e-06,0.00021662562697762557,0.0005895000000000206,0.06568393408051498,7.240713477381291,0.6952160712120826,2.029688386454559,1.0986122886681098,0.92,0.00012780000000001124
matr,matr_b3c2,100,1.06126925,1224.0,0,0,1.0606135,-0.00020449999999994084,0.9998072242363912,-2.0391179962882404e-05,5.46827012598714e-07,0.0026001999999998304,0.00046239999999997394,0.000159263417810244,-0.281015835880762,-3.959365560569729,1.0627875,-2.0867346938769474e-06,1.0623587369326928,2.275227033799089e-05,-4.2297500294979024e-07,1.9194413443973437e-05,100.0,100.0,100.0,6.216995652172079e-05,-2.254069565221126e-05,0.0026455178515618766,17.0,0.0,-5.327835051546226e-06,0.00022295058060062235,0.0005934000000000772,0.6209828191933509,-1.4198123930658815,0.9126881640121778,0.9068151804136956,0.48520372576871434,0.6896551724137931,0.0006094999999999295
matr,matr_b3c20,50,1.0660535,793.0,0,0,1.0677623,0.002712100000000106,1.0025464527399743,2.4659959183684613e-05,3.5989270165764615e-07,0.0030607000000000273,0.00010330000000013939,0.000149833872574465,-2.716435630288778,-0.12967062773172003,1.0675322,5.650208333333554e-05,1.065946824257056,0.00014325073336570623,-2.280591811193338e-06,-2.3088952777898942e-05,50.0,50.0,50.0,0.00020994020979022763,-1.0401398601367807e-05,0.6172078563055275,17.0,0.0,-1.4934042553189831e-05,9.166372232262698e-05,0.0003992999999997693,0.33794160545044305,8.42271104041224,0.6532024531380977,2.1421563260155922,0.20788833776596158,1.2857142857142858,0.00011749999999999261
matr,matr_b3c20,100,1.0660535,793.0,0,0,1.0664401,0.001389899999999944,1.001305008909439,-7.154074211497538e-06,3.0476086989491113e-07,0.0030607000000000273,0.0003564999999998708,0.00012837064483045807,-1.3390349130359211,-1.0811891063194088,1.0675322,1.4182653061223918e-05,1.0668273359591451,4.929099592944332e-05,-5.533830405973589e-07,6.699758869076743e-06,100.0,100.0,100.0,9.521639130431991e-05,-2.8014521739163927e-05,0.4173723500258478,18.0,0.0,-8.457731958765736e-06,0.00011946766446444972,0.0006861999999998591,0.1371489562852668,2.756367562835079,0.8498373954143474,1.4273979395751537,0.2775554036338517,0.7321428571428571,0.00036730000000018137
matr,matr_b3c21,50,1.0680635,745.0,0,0,1.0623268,-0.005529500000000187,0.994821868822612,-0.00013986710204081583,4.1151392013661435e-06,0.0063699000000001504,0.0013176999999999772,0.00027354853430545066,-0.2668240000833032,1.8161276060148959,1.0686178,-0.00011519791666667056,1.068818459511941,-5.013773574109555e-05,-1.7255647365334934e-06,0.00013117295459915201,50.0,50.0,50.0,4.186188811192504e-05,-0.0001703597902097696,-0.3335282933694439,15.0,0.0,-7.795744680848467e-06,0.00044936111761527945,0.0023762000000000505,0.9507725146601038,-1.289974898800558,0.8909826720971579,1.2070118462857435,0.24724110289327025,0.23076923076923078,0.00188110000000008
matr,matr_b3c21,100,1.0680635,745.0,0,0,1.0538316,-0.014024700000000001,0.9868664913059931,-0.00015949170191711788,2.0927656483938362e-05,0.014865099999999964,0.0013176999999999772,0.00019893336700387015,-0.10878825570983022,1.209408423513236,1.0686178,-0.0001431091836734694,1.069549184057048,-0.00012730352934979018,-3.155703192875609e-07,0.00015015385392690554,79.0,100.0,100.0,-9.081800000000825e-05,-0.00015995847826088668,-0.30312992586232884,15.0,0.0,-4.380412371130075e-06,0.0003210362058905755,0.0023762000000000505,0.9926597586287643,-1.2838100359998208,0.8608632594834081,1.4216907984965979,0.0633511075802834,0.10112359550561797,0.004051400000000038
matr,matr_b3c22,50,1.05722045,991.0,0,0,1.0585248,0.0022604999999999986,1.0021400893696777,1.3012316326532368e-05,2.756035492961262e-07,0.002844599999999975,0.0001770999999999301,0.00016119378788464383,-2.6289026549482957,-0.2567158462194129,1.0585029,4.709374999999997e-05,1.0571961035488493,0.0001298429553906611,-2.246743058925668e-06,-1.2287765167225289e-05,50.0,50.0,50.0,0.00019489720279722934,-1.8522727272713898e-05,0.43070411446052564,17.0,0.0,-1.3325531914892947e-05,0.00014838114732008127,0.00036549999999979654,0.12287242063041137,8.837356177684377,0.6851977799308738,2.046661625529638,0.580351686414601,1.2857142857142858,0.0001993999999998497
matr,matr_b3c22,100,1.05722045,991.0,0,0,1.0569046,0.000640299999999927,1.0006061929765115,-1.598876437846606e-05,4.4713479451076995e-07,0.002844599999999975,0.0001870999999999956,0.000126360595078304,-0.4330882248716727,-2.445063705688866,1.0585029,6.53367346938701e-06,1.058125309336393,3.2317327354211964e-05,-4.735891346341172e-07,1.5105600493683107e-05,100.0,100.0,100.0,8.342147826084657e-05,-1.9043086956547625e-05,0.4020575270675279,17.0,0.0,-8.131958762886947e-06,0.00012093271158460094,0.00036549999999979654,0.4669132174068804,-0.9176764326877547,0.917202338063223,0.96078817630241,0.26011730202686123,0.6896551724137931,0.0005097000000000573
matr,matr_b3c23,50,1.06678165,,1,0,1.0671188,0.0009634000000000587,1.0009036206166568,1.3176857142867384e-05,3.857628440816208e-07,0.002912900000000107,0.0012175999999999298,0.00047254664274118873,-1.7218432281807505,-0.4541038385190231,1.0683903,2.0070833333334554e-05,1.0668798290091188,0.00013021445158487675,-2.2507229700392236e-06,-1.2330270826690374e-05,50.0,50.0,50.0,0.00015755699300701388,-0.00014889615384610806,-0.2548466352461676,8.0,0.0,-3.3923404255321425e-05,0.0007331664291663121,0.002549700000000099,0.09001881172697268,2.8905617151495235,0.61903541603997,2.2853433273330133,1.2656663733312759,0.92,0.00018729999999989033
matr,matr_b3c23,100,1.06678165,,1,0,1.0669227,0.0007672999999999153,1.0007196887057928,-5.331878787870269e-06,3.540030431425321e-07,0.003139600000000131,0.0014369000000000742,0.0004549811826584742,-1.2812621433879512,-0.8559697865995526,1.0683903,7.829591836733829e-06,1.0677981270036532,2.811038484856035e-05,-3.2786532976897244e-07,4.9909071870759135e-06,100.0,100.0,100.0,6.498699999999868e-05,-7.363552173916729e-05,-0.39763894072315603,40.0,0.0,-5.86082474227004e-06,0.00076325337357901,0.0028805000000000636,0.0655840708155433,1.8698177869086212,0.5508664011927679,2.6969842550251255,1.2695700868117492,0.7818181818181819,0.00029279999999998196
matr,matr_b3c24,50,1.04762985,817.0,0,0,1.0508856,0.004612400000000072,1.0044084088171235,5.2256959183674926e-05,9.264904522365599e-07,0.004855700000000018,0.00022129999999997985,0.00022779062008174025,-2.4134266971716145,0.18497863672864073,1.0499612,9.609166666666817e-05,1.0477499419965262,0.00017827575359505814,-2.423438354065334e-06,-4.973765075217661e-05,50.0,50.0,50.0,0.0003227870629370839,-7.312937062907353e-06,0.44550856107397496,9.0,0.0,-2.1380851063836347e-05,0.00020561775902093246,0.0005041999999999547,0.5894911872069486,6.841587975362282,0.6062965335261812,2.313389553095189,0.2591087000077249,1.2857142857142858,0.00035949999999984605
matr,matr_b3c24,100,1.04762985,817.0,0,0,1.050084,0.003810800000000114,1.0036422609314661,9.650588744599275e-06,5.335876993286366e-07,0.004855700000000018,0.0010985999999999496,0.000234812666104839,-3.3497224448809244,-0.30526353440398035,1.0499612,3.888571428571545e-05,1.0486583321431178,8.343219699885409e-05,-7.233491005319083e-07,-9.183148799320154e-06,100.0,100.0,100.0,0.00013202730434781724,-1.9411826086966804e-05,0.004751040415409447,14.0,0.0,-1.0812371134022504e-05,0.00031936430616635923,0.0021158999999999484,0.142543243859255,14.322122367521587,0.5924187732740678,2.4764790852413863,0.3964529153956516,1.0,0.00024460000000003923
matr,matr_b3c25,50,1.0622523,970.0,0,0,1.0652844,0.004154199999999886,1.0039148824526904,4.993064285717134e-05,8.433633314285681e-07,0.004340299999999964,0.00015069999999983708,0.00019456530283165388,-2.1761781569942085,0.04986205737307464,1.0642061,8.654583333333095e-05,1.0621269825866262,0.0001921916075834584,-2.7357877831986067e-06,-4.6875986867127894e-05,50.0,50.0,50.0,0.00027803986013991914,-1.8851748251706895e-05,0.45198321549981024,12.0,0.0,-1.3502127659577696e-05,0.00017181470534912202,0.00036009999999997433,0.5912206526467118,5.2495708735320505,0.6884756861479482,2.0943020408673956,0.3386021628790379,1.5263157894736843,0.00028540000000010224
matr,matr_b3c25,100,1.0622523,970.0,0,0,1.0643663,0.003236100000000075,1.003049672886513,6.950843537421328e-06,4.870742855300426e-07,0.004340299999999964,0.0012159999999998838,0.00028305103104116116,-2.8283046879932856,-0.3038784255481072,1.0642061,3.3021428571429336e-05,1.0632082202589237,7.896584110494134e-05,-7.06029387916765e-07,-6.524847681257846e-06,100.0,100.0,100.0,0.00013223713043475488,-1.5424478260889655e-05,-0.23095184724779552,21.0,0.0,-7.605154639174766e-06,0.0004385349485587653,0.002393099999999926,0.08100739245636734,10.428871242619868,0.6357308547016648,2.3818499458019566,0.4492195077834742,0.9215686274509803,0.0002649999999999597
matr,matr_b3c26,50,1.0728023,989.0,0,0,1.075429,0.0034103999999999246,1.0031812880858597,3.664590816328093e-05,6.132605759183616e-07,0.0037909000000000415,0.00014580000000008475,0.00018018227114045105,-2.6400581104739773,0.014362666606754297,1.0749502,7.104999999999843e-05,1.0730214620412506,0.00016911497842966026,-2.5474821205081394e-06,-3.4070411789389504e-05,50.0,50.0,50.0,0.0002890269230769618,-2.269405594403636e-05,0.5266669486528973,11.0,0.0,-1.4721276595741628e-05,0.00015885875291303018,0.0003953999999999347,0.4379614923393287,7.366982697667288,0.6504491078644535,2.1878357788083527,0.3160710757144669,1.9375,0.00016210000000005387
matr,matr_b3c26,100,1.0728023,989.0,0,0,1.074435,0.0024163999999999852,1.0022540653678957,-4.2884230054513743e-07,3.689030570615205e-07,0.0037909000000000415,0.0011991999999998448,0.0002180386910993495,-2.64542755301903,-0.5580968629683425,1.0749502,2.4657142857142705e-05,1.0740345197444416,6.243167402123559e-05,-6.162795717821e-07,3.989600276744844e-07,100.0,100.0,100.0,0.0001161129999999962,-2.0614521739145552e-05,-0.11673931313089007,19.0,0.0,-5.478350515462357e-06,0.0003229812842002467,0.002322699999999678,0.00040712503581030735,9.517815719180602,0.6579260390032944,2.20383752989575,0.3794896217049037,1.3095238095238095,0.00021899999999996922
matr,matr_b3c27,50,1.0617115,828.0,0,0,1.0642054,0.0037883000000000777,1.0035724621943574,3.637621428572561e-05,6.045164331695172e-07,0.004035500000000081,0.0001661000000001689,0.00019965831462733787,-2.8403226678895197,0.018144678597314116,1.0638406,7.892291666666829e-05,1.0617506234264005,0.00016423203942429865,-2.4587658680498423e-06,-3.417981032350386e-05,50.0,50.0,50.0,0.0002883576923077294,-2.0748251748234985e-05,0.6364621198758315,11.0,0.0,-1.7680851063825618e-05,0.0001202384238481792,0.0003620000000001955,0.43778097439717045,9.137123851555835,0.6119007176486287,2.323648567630971,0.2842038080754561,1.5263157894736843,0.0001638999999999946
matr,matr_b3c27,100,1.0617115,828.0,0,0,1.0627574,0.002340299999999962,1.002206961770043,-4.0353704390761664e-06,4.1322873405774776e-07,0.004035500000000081,0.0001661000000001689,0.00015404942200487393,-2.151431891498051,-0.79259488670575,1.0638406,2.388061224489757e-05,1.0626753058600813,6.682313162027675e-05,-6.946911966603095e-07,3.7920508829644334e-06,100.0,100.0,100.0,0.00011266282608694546,-3.4225652173912454e-05,0.6179320632490893,20.0,0.0,-9.370103092783405e-06,0.00010032354686032407,0.0003620000000001955,0.032182600445675,7.309741402271369,0.754526504249451,1.7844535230015783,0.32252880378194915,0.8846153846153846,0.0002786999999999651
matr,matr_b3c28,50,1.0524,524.0,0,0,1.0450525,-0.006814300000000051,0.9935217082619205,-0.00016886178571427684,5.8550247440149195e-06,0.007646000000000042,0.0004079000000001276,0.00014419412766820855,-0.24472336756670462,1.6307865588986419,1.0524576,-0.0001419645833333344,1.053108556689101,-8.433361146586654e-05,-1.6255418124698818e-06,0.00016085860724973126,50.0,50.0,50.0,-1.1201748251728105e-05,-0.0002149713286713116,0.4747295690309768,11.0,0.0,-1.3406382978727423e-05,0.0001243747159163289,0.00039860000000024876,0.9740113465366542,-1.2551469597163507,0.8844527157962145,1.2787385603688746,0.1712717206073697,0.09302325581395349,0.0021135999999999378
matr,matr_b3c28,100,1.0524,524.0,0,0,1.0340093,-0.01785750000000008,0.9830230405598883,-0.00019802208534323138,3.224638980888481e-05,0.018689200000000072,0.0004079000000001276,0.00011773593651287811,-0.17829810002588597,1.3085433264279038,1.0524576,-0.00018221938775510289,1.0536252585701142,-0.00014109293846679356,-5.581288909452653e-07,0.00018951423456509383,67.0,100.0,100.0,-0.0001156894782608798,-0.00023219595652177103,0.411430550521681,21.0,0.0,-6.198969072165225e-06,0.00011314890608129232,0.00039860000000024876,0.9930954438042493,-1.2067132515653396,0.8469804214858345,1.4899299764094438,0.05373193208021099,0.043010752688172046,0.004971399999999848
matr,matr_b3c29,50,1.0675959000000002,833.0,0,0,1.0710148,0.004645999999999928,1.0043568416480302,5.683440816327594e-05,1.1005569229987244e-06,0.0048319999999999474,0.00015719999999985745,0.0002007981706769747,-2.2200628720767686,0.0558453271913123,1.0698459,9.679166666666517e-05,1.067495555748155,0.00021984056841456467,-3.134733850986932e-06,-5.3068249496791703e-05,50.0,50.0,50.0,0.00032449195804197425,-5.110139860107199e-06,0.6190265290219444,11.0,0.0,-2.0989361702127686e-05,0.00012322298803565208,0.00038439999999995145,0.5870027953605654,5.284448791756763,0.6706195037748172,2.108257314300576,0.18879407129957204,3.0,0.00024559999999995696
matr,matr_b3c29,100,1.0675959000000002,833.0,0,0,1.0696349,0.0032661000000000495,1.0030628240436141,4.07762028448966e-06,6.452654039302024e-07,0.0048319999999999474,0.00020900000000012575,0.00015958175166800743,-2.571982458124791,-0.5270764277981759,1.0698459,3.332755102040867e-05,1.0686493510500918,9.799612650249353e-05,-9.207696688040238e-07,-3.806857979607419e-06,100.0,100.0,100.0,0.00015437969565214885,-4.163769565217608e-05,0.6250572660055624,21.0,0.0,-9.583505154637771e-06,0.00010299459867770104,0.00038439999999995145,0.021043598677177644,9.047157762140385,0.750112171499326,1.9059425167478394,0.22379907411710007,1.0416666666666667,0.00036269999999993807
matr,matr_b3c3,50,1.0634071999999999,1084.0,0,0,1.065057,0.002167799999999831,1.0020395352591782,2.0272142857153134e-05,2.6894101961681184e-07,0.0026450000000000085,0.0002060000000001505,0.00017293745813756195,-2.7058766268773753,-0.18079338288800015,1.0651054,4.5162499999996476e-05,1.0636178255275723,0.00011785449733085076,-1.8765837398790454e-06,-1.9028945117477527e-05,50.0,50.0,50.0,0.00019343811188814067,-2.587377622377642e-05,0.28055582703668913,10.0,0.0,-5.691489361703981e-06,0.00020505698619442756,0.000577099999999886,0.3056133100156929,8.433302850027397,0.638113012131199,2.1890312022547485,0.6148153372900383,0.8461538461538461,0.00012110000000009613
matr,matr_b3c3,100,1.0634071999999999,1084.0,0,0,1.0635946,0.0007053999999999672,1.000663662778773,-1.2654854669130184e-05,3.68395054541365e-07,0.0026450000000000085,0.0002781999999998952,0.00014682647607794144,-0.5652668938215036,-1.3628116099683616,1.0651054,7.197959183673134e-06,1.0644123806612726,3.7994755163732486e-05,-4.965648022830265e-07,1.188276067956902e-05,100.0,100.0,100.0,7.000639130432681e-05,-2.1251260869545153e-05,0.19963374545786675,29.0,0.0,-2.2979381443278745e-06,0.00018327825557009855,0.000577099999999886,0.3550139038432314,-0.5745697284979543,0.885424932554618,1.0324487295907214,0.4914612565841995,0.6896551724137931,0.0004218000000000277
matr,matr_b3c30,50,1.0699079,913.0,0,0,1.0721097,0.0033703999999998846,1.0031536222163813,3.070739795920681e-05,4.942334972844732e-07,0.0036004999999998955,0.00017850000000008137,0.00017744102110903916,-2.8095157015382206,-0.07651001731985274,1.0717069,7.021666666666426e-05,1.0698751868063388,0.0001592257446170218,-2.47150666649718e-06,-2.8638418780143927e-05,50.0,50.0,50.0,0.00025684300699308713,7.440559440876071e-07,0.5540477498090177,13.0,0.0,-1.770638297871997e-05,0.00011813911094013676,0.0003420999999999008,0.38157846224693404,8.848023105725384,0.621342359137419,2.26370157330199,0.25050306921002685,1.8235294117647058,8.229999999986859e-05
matr,matr_b3c30,100,1.0699079,913.0,0,0,1.0710108,0.002271499999999982,1.0021254013958314,-3.4165367965255106e-06,3.1745988356494354e-07,0.0036004999999998955,0.00017850000000008137,0.00014004582941570763,-2.244079182873548,-0.7120808897436327,1.0717069,2.3178571428571244e-05,1.0708640888448122,5.466720476005256e-05,-5.694484466332039e-07,3.186863887778718e-06,100.0,100.0,100.0,0.0001071051304347708,-2.165434782613101e-05,0.4855996095700239,16.0,0.0,-9.447422680411633e-06,0.00011168038719986813,0.0003420999999999008,0.03002812271371902,8.20239012399831,0.7371609679459642,1.9356928788814751,0.3898182173265056,1.0851063829787233,0.0002561999999999287
matr,matr_b3c31,50,1.06922545,713.0,0,0,1.0710871,0.002905900000000017,1.0027204185956464,3.046922448979757e-05,4.6391032476468836e-07,0.0034605000000000885,0.000202400000000047,0.00016649019958592576,-2.6214348306389366,-0.11060927808686245,1.0708563,6.053958333333368e-05,1.06912477123578,0.0001606382566983843,-2.5032506193963025e-06,-2.8435721791576582e-05,50.0,50.0,50.0,0.00023564195804199825,-2.577517482517063e-05,0.6208922566686333,13.0,0.0,-2.025744680851324e-05,9.735304199134465e-05,0.000264800000000065,0.4002384044720171,7.900176325888781,0.6794785570605951,2.078305016941061,0.286344279610121,1.8235294117647058,0.00013249999999986883
matr,matr_b3c31,100,1.06922545,713.0,0,0,1.0698149,0.0016336999999999602,1.0015294221617081,-8.99956215212017e-06,4.1563674712581074e-07,0.0034605000000000885,0.0010750999999999955,0.00021274666750031702,-1.0384555265600022,-0.873554659132308,1.0708563,1.66704081632649e-05,1.070157227103417,5.396329310839218e-05,-6.172828947110495e-07,8.401322432204123e-06,100.0,100.0,100.0,0.00010460869565214946,-3.15878695652571e-05,-0.03186612748277606,22.0,0.0,-6.365979381444944e-06,0.0002977452061942847,0.002303300000000119,0.1591379112899035,1.6640910694333853,0.8397732132434714,1.4518443769883995,0.37360400603918026,0.96,0.0004540999999997908
matr,matr_b3c32,50,1.0734176,,1,0,1.074445,0.0018588000000001603,1.0017330075661985,1.0333520408175851e-05,2.559483604081709e-07,0.0024730000000001695,0.0012457999999999636,0.00043903668387922497,-2.2160000018925703,-0.3080855619838664,1.0746125,3.872500000000334e-05,1.0735330095940079,9.897903980742555e-05,-1.7047215269093082e-06,-9.613502220763922e-06,50.0,50.0,50.0,0.000144329370629392,1.727272727277627e-05,-0.5363028347867848,8.0,0.0,-1.6280851063830243e-05,0.0007729070307248855,0.0025360000000000937,0.08343999067280095,5.379821737907552,0.6017711098421121,2.3752469011172845,0.6051138310746226,1.0,0.000150400000000106
matr,matr_b3c32,100,1.0734176,,1,0,1.0733908,0.0008046000000001552,1.000750149498474,-1.0736820037095247e-05,3.2668650258953883e-07,0.0024730000000001695,0.0012457999999999636,0.00042243775667336964,-0.8280699494757067,-2.6109172209314355,1.0746125,8.210204081634236e-06,1.0741763834647073,2.930673083979711e-05,-3.9258383212641884e-07,9.991588023015987e-06,100.0,100.0,100.0,6.379321739127323e-05,-2.4869999999865123e-06,-0.5616901062124393,23.0,0.0,-6.465979381443814e-06,0.0007481686790742888,0.0025360000000000937,0.28818076229938194,0.004743356403881904,0.6841234917294666,2.1592997715482216,0.6378485403637196,0.75,0.0003740999999999328
matr,matr_b3c33,50,1.06105495,1257.0,0,0,1.0624685,0.0021964999999999346,1.0020716382211357,1.7683306122445027e-05,2.5108997308620637e-07,0.00264439999999988,0.00013090000000004487,0.00014339980494462753,-2.9516281774655906,-0.15496168078740077,1.0624503,4.5760416666665304e-05,1.0611312687173255,0.0001182115879032507,-1.933236188092732e-06,-1.6638060535354076e-05,50.0,50.0,50.0,0.00019494020979023575,-2.4579370629337757e-05,0.5730617948389031,11.0,0.0,-1.177659574467816e-05,0.00011378876699742284,0.0002739000000000491,0.24907351860911653,9.975270950621288,0.6641022321497148,2.181798555628623,0.5108256237659907,1.0,0.00013920000000000599
matr,matr_b3c33,100,1.06105495,1257.0,0,0,1.0609198,0.0006477999999998652,1.0006109752969048,-1.259104514531943e-05,3.5861279805529706e-07,0.00264439999999988,0.00019529999999989833,0.0001182172140248384,-0.7834336057229841,-1.8322121215781582,1.0624503,6.610204081631277e-06,1.0618589976481836,4.127710817791221e-05,-5.281191502277556e-07,1.1850336695461744e-05,100.0,100.0,100.0,7.564252173909986e-05,-3.018973913046307e-05,0.45755932091691687,31.0,0.0,-6.195876288660553e-06,0.00011189888561354202,0.0003443000000000751,0.3610294314119139,-0.2624862652825479,0.8964775726857332,1.0587357694933106,0.3472741696540266,0.6610169491525424,0.0003417999999999477
matr,matr_b3c34,50,1.0623154000000001,1125.0,0,0,1.0636199,0.002084900000000056,1.001964042636371,9.366704081636545e-06,2.7066531547688614e-07,0.0027430999999999983,0.00021929999999992233,0.00016446567586377316,-2.756726033761447,-0.2854083316932664,1.0640321,4.3435416666667837e-05,1.0625349686161527,0.00012349974104108343,-2.1948660953740653e-06,-8.801652489595251e-06,50.0,50.0,50.0,0.0002170559440559629,-2.3565734265717583e-05,0.495624314143162,11.0,0.0,-1.2289361702131446e-05,0.00014939985364718623,0.0003892999999999258,0.0648292487704184,9.145237823242486,0.6795362568905707,2.0782666718955465,0.5890778206657389,1.2857142857142858,0.00019300000000010975
matr,matr_b3c34,100,1.0623154000000001,1125.0,0,0,1.0615493,1.430000000013365e-05,1.0000134710584203,-2.1157972789110723e-05,6.218334249790745e-07,0.0027430999999999983,0.0002804999999999058,0.00013782995895443294,-0.5071942093706179,-4.124906944464722,1.0640321,1.4591836734830255e-07,1.063390522967082,3.2264652580144505e-05,-5.237512291102342e-07,1.9893013088994228e-05,100.0,100.0,100.0,7.894599999998382e-05,-4.486721739133467e-05,0.384339539760522,21.0,0.0,-5.9556701030929314e-06,0.00014343185024157695,0.0003892999999999258,0.5879208679141343,-0.952256332840526,0.9194036390654753,1.0160288097518433,0.36716518302061907,0.8148148148148148,0.0006106000000001277
matr,matr_b3c35,50,1.06406045,1056.0,0,0,1.0647953,0.0014148999999998857,1.0013305680638838,5.021489795931701e-06,1.571664445397764e-07,0.002049399999999979,0.00020920000000002048,0.00012945894014382194,-2.1806708551765115,-0.4890527018150828,1.0652138,2.947708333333095e-05,1.0640299762631351,0.00010058940377002396,-1.8378444995023606e-06,-4.713605248515122e-06,50.0,50.0,50.0,0.0001624269230769722,-1.6517482517471838e-05,0.32364561122945334,11.0,0.0,-9.459574468085473e-06,0.00014104219628091494,0.0004281999999999897,0.03208745969193694,6.412990882683012,0.7541702880281079,1.766951877090337,0.4711603673735592,1.2857142857142858,0.00013179999999990422
matr,matr_b3c35,100,1.06406045,1056.0,0,0,1.0632331,-0.00014730000000007237,0.9998614794856102,-1.9530938775502147e-05,4.698690765289199e-07,0.002197100000000063,0.00021010000000010187,0.00011144509259765188,-0.300220947074094,-6.276902083011054,1.0652138,-1.5030612244905344e-06,1.064806566307697,1.9846680301788176e-05,-3.860550889930406e-07,1.834319900924813e-05,100.0,100.0,100.0,5.8564869565199696e-05,-2.17224782609091e-05,0.22663964131271785,27.0,0.0,-4.478350515464505e-06,0.0001327988923898298,0.0004281999999999897,0.6630010300338343,-1.3367194302855936,0.9396471165899896,0.7955663355872793,0.26884912411868883,0.8148148148148148,0.0005718999999999586
matr,matr_b3c36,50,1.05835465,910.0,0,0,1.0596538,0.002125099999999991,1.0020094962907389,1.1744724489802045e-05,3.7237347551020733e-07,0.003076099999999915,0.00019290000000005136,0.00015810300010276137,-2.1329477470839366,-0.3233566518971777,1.0600277,4.4272916666666475e-05,1.058315129473296,0.00015895925004467512,-2.8310485683632807e-06,-1.1075845824866923e-05,50.0,50.0,50.0,0.00023237132867137445,-5.145489510483437e-05,0.5778124053089472,15.0,0.0,-1.1825531914891152e-05,0.00012791884473166337,0.0003413999999999362,0.0740861325593608,5.70086439679895,0.7870321834675084,1.7016725784072824,0.7210559686770218,0.92,0.00024219999999997022
matr,matr_b3c36,100,1.05835465,910.0,0,0,1.0577667,0.00023799999999996047,1.0002250529938337,-2.1971919604200084e-05,7.224091645138312e-07,0.003076099999999915,0.00023660000000003123,0.00013652687109360834,-0.3503020971172642,-3.4714265468510255,1.0600277,2.428571428571025e-06,1.059456310720297,3.6764569132031524e-05,-5.758479287866041e-07,2.0733338629263454e-05,100.0,100.0,100.0,0.00010110365217388363,-3.5979173913044795e-05,0.3815603220179949,22.0,0.0,-6.647422680413525e-06,0.00014237864870391586,0.00036570000000013536,0.5457548267102623,-1.1230481972342106,0.9440772680154116,0.8679898011736803,0.37250233474859573,0.75,0.000701899999999922
matr,matr_b3c37,50,1.04789665,1376.0,0,0,1.0498903,0.0033064000000000426,1.003159230712416,5.379048979592265e-05,3.90650659760101e-06,0.013967599999999969,0.008754300000000104,0.0022388500395788564,-1.38513294964126,0.17421450192682503,1.0487504,6.888333333333423e-05,1.0474058480990014,0.00013190499312916448,-1.5022019871781781e-06,-5.1240882270978576e-05,50.0,50.0,50.0,0.00029160384615387996,9.436678321684167e-05,-0.2590376773942633,24.0,0.0,-3.341276595744857e-05,0.0035850061381363504,0.012404500000000152,0.14813320905494576,7.515932828418505,0.3874349291353344,2.784172948991115,0.3970262394622997,1.0,0.0004435000000000411
matr,matr_b3c37,100,1.04789665,1376.0,0,0,1.0483961,0.0018122000000000416,1.0017315381977498,-2.0516487322144354e-06,3.5953950185695317e-06,0.01761159999999995,0.008754300000000104,0.0023610237987145895,-0.10093070317813937,-0.9032555681889076,1.0487504,1.84918367346943e-05,1.0478228474848543,9.650462552767698e-05,-9.662379829401082e-07,1.954420852447349e-06,100.0,100.0,100.0,0.00011931621739129646,-3.345273913046779e-05,-0.41925607306292106,54.0,0.0,-1.329484536082705e-05,0.003995950980767308,0.017880200000000235,0.0009561020065658177,11.144578058791783,0.27396409037938385,3.4162763779248637,0.2777277796256295,0.6896551724137931,0.0005317000000000238
matr,matr_b3c38,50,1.0710753,1873.0,0,0,1.0721389,0.0019915999999999823,1.001861052212158,1.2880438775511244e-05,1.9510497877552367e-07,0.0025093000000000476,0.0002177999999999347,0.0001549821654166141,-2.989199738934199,-0.24882642458483514,1.0723419,4.1491666666666295e-05,1.0710389810234477,0.00010726376257311803,-1.8150639191849705e-06,-1.2009287429566876e-05,50.0,50.0,50.0,0.00017116573426578273,-1.586818181818822e-05,0.3148844363922743,10.0,0.0,-1.4093617021280297e-05,0.00015498859588006163,0.0004288999999999543,0.17006813879467853,11.03811651971741,0.6469297817506794,2.182331342805341,0.37750903084157433,1.2857142857142858,0.00012180000000006075
matr,matr_b3c38,100,1.0710753,1873.0,0,0,1.0710695,0.0009221999999999841,1.0008617505272406,-8.787589363010217e-06,2.0944863320478367e-07,0.0025093000000000476,0.0002177999999999347,0.00012336631324156303,-0.9601665598923619,-1.6252967603839765,1.0723419,9.410204081632491e-06,1.0717671619797635,2.915552990243475e-05,-3.719913653475113e-07,8.195620905178886e-06,100.0,100.0,100.0,6.762699999996107e-05,-2.2340173913043844e-05,0.27012629895831364,22.0,0.0,-7.970103092785495e-06,0.00013160642290356415,0.0004288999999999543,0.30109726316035235,1.3138777962690922,0.8391891033432295,1.4093396760088648,0.4353180712578455,0.8148148148148148,0.00034449999999996983
matr,matr_b3c39,50,1.04828255,1146.0,0,0,1.0510941,0.003690500000000041,1.003523474618571,4.2253234693885044e-05,8.34491857942546e-07,0.004107000000000083,0.0002039000000000346,0.00016903910665581805,-2.203664460466027,-0.10101675067196839,1.0504172,7.688541666666752e-05,1.048092262728181,0.00022087204264257837,-3.4349770759370646e-06,-4.018854257319451e-05,50.0,50.0,50.0,0.00029289195804201224,-2.4211538461526173e-05,0.5692151319598576,19.0,0.0,-1.2344680851062121e-05,0.00013816838602681656,0.0002671000000000756,0.4278857427075846,4.8629429597332035,0.7289125060216635,1.907233397065593,0.19640629667569365,2.2,0.0001571000000000211
matr,matr_b3c39,100,1.04828255,1146.0,0,0,1.0495038,0.0021002000000001075,1.0020051487315875,-6.583238095223851e-06,5.992812653280343e-07,0.004107000000000083,0.0002039000000000346,0.0001391977871981181,-1.3349655019421842,-0.8121499296620286,1.0504172,2.1430612244899055e-05,1.0494549153623671,7.70983175511968e-05,-8.204074082983146e-07,6.263083177596499e-06,100.0,100.0,100.0,0.00014963169565216023,-2.5147347826090807e-05,0.5208265916992988,23.0,0.0,-6.789690721649007e-06,0.0001232606370095404,0.0002671000000000756,0.05905997428294396,2.5737291539218194,0.8441530869659554,1.4097752807843527,0.2751930608810061,0.8846153846153846,0.0005212999999999468
matr,matr_b3c4,50,1.0732249,1006.0,0,0,1.0749913,0.002514799999999928,1.0023448532438706,2.7000469387752763e-05,2.931698991503442e-07,0.0027884999999998605,0.0002480999999998623,0.00014293780966054381,-2.408054177090319,-0.08940084286991372,1.0745391,5.239166666666517e-05,1.073234513049935,0.00011399292577456618,-1.6729318535928641e-06,-2.5116730763564378e-05,50.0,50.0,50.0,0.00017417587412588338,-8.279720279669985e-06,0.45374233297407135,9.0,0.0,-1.2791489361701455e-05,0.00012970768088575686,0.0003536999999997903,0.49733983555055583,6.990581511280812,0.6212426719186865,2.2293628530030416,0.4121096508268329,1.5263157894736843,0.0002249999999999197
matr,matr_b3c4,100,1.0732249,1006.0,0,0,1.0738586,0.0013821000000000527,1.0012886995659114,-5.233104514528981e-06,2.3609731059686882e-07,0.0027884999999998605,0.0002480999999998623,0.00012461540954773092,-1.1317563161201671,-0.7631581345949713,1.0745391,1.4103061224490333e-05,1.0739323496460924,4.4631712339981665e-05,-4.888707534756236e-07,4.868641333363461e-06,100.0,100.0,100.0,6.877839130430604e-05,-2.232256521739816e-05,0.31456127879155776,32.0,0.0,-5.773195876287566e-06,0.00013532724332774833,0.0004009999999998737,0.09472674330405906,2.516416473373412,0.8126449399346034,1.4225771472758264,0.5220302227788537,1.0416666666666667,0.0003341999999999512
matr,matr_b3c40,50,1.0603789,779.0,0,0,1.0635437,0.004220200000000007,1.0039838632863332,3.981209183674311e-05,9.376183363515108e-07,0.004510000000000014,0.00012910000000010413,0.00021316491166694404,-2.742028133944547,-0.08550950147090489,1.0632297,8.792083333333349e-05,1.060566431443769,0.00022239209617890243,-3.5111539296572586e-06,-3.742329084484765e-05,50.0,50.0,50.0,0.0003641646853146922,-8.45419580416063e-06,0.7153459503946568,10.0,0.0,-1.209361702127003e-05,0.00014537647151417984,0.0005145000000001954,0.3380912243214411,7.81111339107035,0.6466381954836834,2.1774353700455986,0.1662107365212563,1.1818181818181819,0.00012790000000006962
matr,matr_b3c40,100,1.0603789,779.0,0,0,1.0617574,0.002433899999999989,1.0022975984201237,-7.692147186139978e-06,6.584311028833753e-07,0.004510000000000014,0.00026999999999999247,0.00017031538466945087,-1.785234915510775,-0.8413445847686067,1.0632297,2.4835714285714173e-05,1.0619722645682403,7.34480325288871e-05,-7.954919579904609e-07,7.232797116074418e-06,100.0,100.0,100.0,0.00015033686956518423,-3.5512043478263946e-05,0.6421224031491299,17.0,0.0,-6.921649484534821e-06,0.0001329729592128509,0.0005145000000001954,0.07338877916605946,4.907636515096905,0.783097721932364,1.7248331243887964,0.25204355700442216,0.7192982456140351,0.00046560000000006596
matr,matr_b3c41,50,1.05174775,773.0,0,0,1.054782,0.004260100000000211,1.0040552224565715,4.983621428572809e-05,8.336856347189005e-07,0.004336200000000012,8.929999999995886e-05,0.0001842897559885673,-2.262674945951217,0.0393071771277718,1.0537622,8.875208333333773e-05,1.0516209720412504,0.00018920293161092292,-2.6801291793311328e-06,-4.7255091619235935e-05,50.0,50.0,50.0,0.0002788769230769696,8.283916083966367e-06,0.5941688017457672,10.0,0.0,-2.0453191489360483e-05,0.00011365627136996016,0.00028340000000004473,0.59582368962591,5.7571668967508725,0.6431732374101237,2.177844654626157,0.12214794874108459,2.4285714285714284,0.00024570000000001535
matr,matr_b3c41,100,1.05174775,773.0,0,0,1.0541531,0.0036312000000000566,1.0034565676355724,9.732244897966927e-06,4.675745741740812e-07,0.004361900000000141,0.0001310999999999396,0.00014297690494541812,-3.335255118593786,-0.2740847621459416,1.0537622,3.7053061224490375e-05,1.052669857472091,7.878326125732992e-05,-6.769707486211389e-07,-9.226416989645248e-06,100.0,100.0,100.0,0.00013053204347824497,-1.2299739130453469e-05,0.5947038331936737,16.0,0.0,-8.927835051546736e-06,9.367031760627909e-05,0.00028340000000004473,0.1654321828461509,13.671674230547048,0.616591502390064,2.426187097306665,0.20378579546225456,1.0416666666666667,0.00020880000000000898
matr,matr_b3c42,50,1.06791175,1587.0,0,0,1.0699254,0.0030056000000000527,1.0028170814713533,3.3407132653058684e-05,3.873386039566934e-07,0.0030687000000000353,6.430000000001712e-05,0.0001458525201663982,-2.3202665906606494,0.008694949041121131,1.069122,6.261666666666776e-05,1.0677720733829783,0.00013029295396032643,-1.8631888712939772e-06,-3.1226814320963615e-05,50.0,50.0,50.0,0.0001722548951049215,8.212937062962343e-06,0.5507681632992701,18.0,0.0,-1.6993617021272744e-05,9.228309682308489e-05,0.00031349999999985556,0.576258860180116,6.409616436676387,0.6293001626323834,2.2109349265163654,0.21247459496464213,1.8235294117647058,0.00014209999999992284
matr,matr_b3c42,100,1.06791175,1587.0,0,0,1.0689646,0.0020447999999999578,1.001916545179872,1.810488559065188e-06,2.2110217720437184e-07,0.0030687000000000353,0.00016700000000002824,0.00012111147765932881,-2.646626819478471,-0.47030492496259385,1.069122,2.0865306122448548e-05,1.0684989088867634,5.4922482821835505e-05,-5.207058261055791e-07,-1.6921522316309404e-06,100.0,100.0,100.0,9.004343478257545e-05,-2.5421391304360472e-05,0.41087629424660127,18.0,0.0,-8.580412371132959e-06,0.00010764514118366707,0.00031349999999985556,0.012107190615954777,10.664325943909539,0.7499529284406798,2.0130827639805435,0.4125699337319091,1.1304347826086956,0.0002259000000000011
matr,matr_b3c43,50,1.071059,1018.0,0,0,1.0731298,0.002944599999999964,1.0027514863782456,2.8807397959203328e-05,4.0041686686381955e-07,0.0031487999999999516,0.0002022999999999886,0.0001627044469766325,-2.6112314605096105,0.013072332734262048,1.0726073,6.134583333333259e-05,1.071139991278767,0.000134083102028044,-2.024532770555239e-06,-2.6843171114623403e-05,50.0,50.0,50.0,0.00022417342657348008,2.9957692307729656e-05,0.515385872383941,13.0,0.0,-1.3546808510634543e-05,0.0001382602154297167,0.0002908000000001465,0.41450110914586236,7.598612085389391,0.6054523479872594,2.3004459544246405,0.545763675127271,1.6666666666666667,0.000103200000000081
matr,matr_b3c43,100,1.071059,1018.0,0,0,1.0724185,0.0022332999999998826,1.002086835063688,3.0410142238800204e-06,2.193634227915594e-07,0.0031487999999999516,0.0002022999999999886,0.00013282909525959028,-3.400875345257047,-0.3783710270998551,1.0726073,2.2788775510202885e-05,1.0719330983433741,4.855728256018493e-05,-4.4623792486563076e-07,-2.833671105455352e-06,100.0,100.0,100.0,9.792260869562669e-05,-2.4345913043487534e-05,0.389509306084171,22.0,0.0,-7.146391752576798e-06,0.00013369192857214126,0.0002964999999999218,0.03442845379702297,14.771799945776856,0.63519147997864,2.451996746878853,0.5374938708481519,1.0,0.00010440000000011551
matr,matr_b3c44,50,1.0706101000000001,921.0,0,0,1.0737377,0.004017699999999902,1.0037558426504132,4.724406122449472e-05,8.681892012744461e-07,0.004184900000000047,0.00012689999999992985,0.0001643696260079644,-2.2913407083732875,-0.02817380559772618,1.0727483,8.370208333333129e-05,1.0705591055154147,0.00020930685400118805,-3.116592168782995e-06,-4.399828493831846e-05,50.0,50.0,50.0,0.00029869370629373616,-7.189510489481794e-06,0.7215302438583647,13.0,0.0,-1.303404255319543e-05,9.54052170316987e-05,0.00021730000000008687,0.5141739422021789,5.35488259846068,0.6818219425693852,2.0595354218342785,0.12143934685949391,2.4285714285714284,0.00012300000000009526
matr,matr_b3c44,100,1.0706101000000001,921.0,0,0,1.0729284,0.003208399999999889,1.0029992895337096,4.689736549173171e-06,4.71279284948468e-07,0.004184900000000047,0.00012689999999992985,0.00013116115312202127,-3.0056103552950484,-0.39938514474496506,1.0727483,3.273877551020295e-05,1.0718042509900092,7.751478373052261e-05,-7.139710507975875e-07,-4.3675528159756294e-06,100.0,100.0,100.0,0.00014375873913038747,-1.9721043478282406e-05,0.6634571334509196,22.0,0.0,-6.274226804124435e-06,9.048634946134632e-05,0.00021939999999998072,0.038112143214814265,11.388098922716555,0.6782328598920749,2.244430572431502,0.2215336770733062,1.0416666666666667,0.00023669999999986757
matr,matr_b3c45,50,1.0702680500000001,1735.0,0,0,1.0721447,0.0025961999999999374,1.002427379403552,2.5377326530615116e-05,3.2269880254893584e-07,0.0025961999999999374,0.001298999999999939,0.00038837976937583046,-1.3762105620177039,0.2549876975781664,1.0713308,5.40874999999987e-05,1.0703288387416412,8.142600421445213e-05,-1.0778591862281452e-06,-2.3680087559023542e-05,50.0,50.0,50.0,0.00014324475524480729,1.2643356643352806e-05,-0.04141147549292929,15.0,0.0,-1.0095744680849644e-05,0.0005613843894764723,0.001667499999999933,0.3991391952833009,1.8591788921433645,0.43104256092894017,2.550268610354478,1.0266387890430204,1.4,0.00030900000000011474
matr,matr_b3c45,100,1.0702680500000001,1735.0,0,0,1.0711251,0.001576599999999928,1.0014740799505586,-1.2584539269091434e-07,2.090825642607867e-07,0.0025961999999999374,0.001298999999999939,0.00033605727411070225,-1.174815756411915,-0.6505863270004278,1.0713308,1.6087755102040083e-05,1.0707111396324098,4.3383893793303734e-05,-4.265660704509547e-07,1.1737666420488551e-07,100.0,100.0,100.0,6.775047826085657e-05,-1.8815913043490916e-05,-0.1794413618725973,32.0,0.0,-3.813402061854877e-06,0.0005154439291011055,0.0025169999999998804,6.185882305198565e-05,2.424236779895258,0.547189566251166,2.626956535467181,1.0941579383187294,0.9215686274509803,0.0002913999999998307
matr,matr_b3c5,50,1.0523696,815.0,0,0,1.0534708,0.0020202000000000275,1.0019213456152862,1.1971346938781109e-05,2.0180201355268616e-07,0.0026052000000000852,0.00023970000000006486,0.00017961152944735416,-3.13532244124157,-0.3212437538031094,1.0536922,4.2087500000000576e-05,1.052450574671298,0.00010313954902813814,-1.7532346555648253e-06,-1.1359254971176587e-05,50.0,50.0,50.0,0.00017366328671334096,-3.125909090907889e-05,0.3984927744672468,11.0,0.0,-1.1346808510644508e-05,0.00018137870203979985,0.0003692999999997948,0.14203341681828363,12.289791257194505,0.5918008902554166,2.3134414725494326,1.1293839473348632,1.0869565217391304,0.0001326999999999856
matr,matr_b3c5,100,1.0523696,815.0,0,0,1.0518515,0.00040090000000003734,1.000381282772581,-1.602090043289678e-05,4.1486101798184404e-07,0.0026052000000000852,0.0002892000000001005,0.0001560798501073648,-0.6044303283991616,-2.7858560235653753,1.0536922,4.090816326530993e-06,1.0531328172932681,3.207649413892697e-05,-4.715430840373765e-07,1.5207821133681382e-05,100.0,100.0,100.0,5.9169782608687276e-05,-2.865460869565017e-05,0.19235654736334165,33.0,0.0,-6.75463917525968e-06,0.0001898023127951613,0.0004643000000001951,0.5052613099420926,-0.7947952846190587,0.8878404297053649,1.0787093209100898,0.6047780301098551,0.8490566037735849,0.0003957999999999462
matr,matr_b3c6,50,1.06301965,630.0,0,0,1.0537841,-0.008828300000000011,0.991691890664931,-0.00020497375510204123,8.466801264298231e-06,0.009287500000000115,0.00043229999999994106,0.00014312525144022427,-0.04864247307440536,1.0492673006066024,1.0624539,-0.0001839229166666669,1.0639344287485886,-0.00018254456299965886,-4.3133061735368856e-07,0.00019357581702751666,50.0,50.0,50.0,-0.00010706328671327942,-0.00023001958041952734,0.23387407777755306,8.0,0.0,-1.0344680851066027e-05,0.00015931366332730596,0.0004047000000000356,0.9924465915549943,-1.2309574609440703,0.8573996466753115,1.4056627991937933,0.16532398042538354,0.09090909090909091,0.002628399999999864
matr,matr_b3c6,100,1.06301965,630.0,0,0,1.04378,-0.01883239999999997,0.9822772630923562,-0.00020239778849720825,3.349484661258034e-05,0.019291600000000075,0.00043229999999994106,0.000127731571837131,0.007896359551155033,0.986096694556453,1.0624539,-0.0001921673469387752,1.0641069225635351,-0.00020382250511655705,1.3967809993585107e-08,0.0001920725489544809,59.0,100.0,100.0,-0.00019943821739131754,-0.0001978739565217547,0.11134927405789546,11.0,0.0,-5.188659793815416e-06,0.00016125633169144127,0.0004047000000000356,0.9987996053327854,-1.2023235195580217,0.8336693482698326,1.547894275597615,0.05779385899064392,0.053763440860215055,0.0049586999999999826
matr,matr_b3c7,50,1.0685174,1774.0,0,0,1.0704235,0.002901700000000007,1.002718164631392,2.5504112244902397e-05,6.05006322648915e-07,0.003397199999999989,0.002579499999999957,0.0006993113478598985,-1.8876661418144929,-0.05405982247545634,1.0702851,6.045208333333348e-05,1.0685216576365606,0.00014539179506271223,-2.3055323618814955e-06,-2.382109102068519e-05,50.0,50.0,50.0,0.00025520104895109273,-1.9688811188806687e-05,-0.45494509077235695,17.0,0.0,-1.6687234042554703e-05,0.0012012030989567474,0.005175299999999883,0.21502576652505212,3.2750181945273065,0.4994153914390586,2.593901200644822,0.5978370007556204,1.8235294117647058,0.00021130000000013638
matr,matr_b3c7,100,1.0685174,1774.0,0,0,1.0684743,0.0009525000000001338,1.0008922534415692,-2.3574483611545882e-06,3.960114600693912e-07,0.003397199999999989,0.002579499999999957,0.000576718222439246,-1.7778162759155527,-0.7019607576404697,1.0702851,9.719387755103406e-06,1.0694103593821314,4.8364108796483304e-05,-4.972701682121074e-07,2.2021739735720236e-06,100.0,100.0,100.0,9.735795652171692e-05,-3.2805869565236374e-05,-0.42626970370173994,18.0,0.0,-2.18144329896885e-05,0.0009658301759956511,0.005175299999999883,0.011460972028208283,3.899909578410229,0.4796285561943504,2.919158039097774,0.6197414556260943,1.1777777777777778,0.0002676000000001455
matr,matr_b3c8,50,1.06591775,810.0,0,0,1.0685687,0.0038324999999999054,1.0035994831395794,3.944360204081473e-05,6.574750208163151e-07,0.003978199999999932,0.00016119999999997248,0.00018942156127961407,-2.5818423140004425,0.04209288820316085,1.0679353,7.984374999999803e-05,1.0659006624867562,0.00017260116659854657,-2.5607223953410366e-06,-3.6913123519258566e-05,50.0,50.0,50.0,0.00028268776223778694,7.27587412589044e-06,0.5198373089743595,15.0,0.0,-2.0221276595745062e-05,0.00014360747022618128,0.00043420000000016223,0.47326444129318646,7.25659657479472,0.6260476747227816,2.2634484286085046,0.25445045593925386,1.6666666666666667,0.00012379999999989622
matr,matr_b3c8,100,1.06591775,810.0,0,0,1.067026,0.0022898000000000085,1.0021505796459254,-3.3089511440887934e-06,4.471148230486622e-07,0.003978199999999932,0.00024249999999992333,0.00015965421059151933,-1.9573472235419156,-0.771620232884813,1.0679353,2.3365306122449066e-05,1.066869111497733,7.133240724001047e-05,-7.31778023373506e-07,3.0969613763392035e-06,100.0,100.0,100.0,0.00012393652173911746,-3.0958739130454924e-05,0.385641966342061,16.0,0.0,-1.0116494845361586e-05,0.00015422120589102034,0.0006006999999998985,0.019998916697667513,5.981446107492772,0.7810032734668606,1.7007955913043833,0.3440215524977015,0.8148148148148148,0.00033829999999990257
matr,matr_b3c9,50,1.0706233,1010.0,0,0,1.0730721,0.0035895000000001342,1.0033562958387543,3.4773622448983836e-05,6.35106759633481e-07,0.00388809999999995,0.00015180000000003524,0.00018818964687279555,-2.7708981386561096,-0.04050867896690305,1.0727774,7.47812500000028e-05,1.0707063321168042,0.00017627705352354686,-2.7212198283574604e-06,-3.2397485968753196e-05,50.0,50.0,50.0,0.00029715244755249573,-3.4797202796860025e-06,0.6377189584946852,16.0,0.0,-2.0529787234043537e-05,0.00010994173682319706,0.00028600000000000847,0.3807878911324888,8.258873517696395,0.6560140381101421,2.229276160182584,0.1368591827171973,1.2857142857142858,7.37000000001764e-05
matr,matr_b3c9,100,1.0706233,1010.0,0,0,1.0724456,0.002963000000000049,1.0027704985569659,6.680531849218065e-07,3.4893099062340384e-07,0.00388809999999995,0.0002880999999999023,0.0001527652341192839,-3.1771015635516258,-0.481042544856778,1.0727774,3.023469387755152e-05,1.0718172317251364,5.8290935768167394e-05,-5.64930221404461e-07,-6.229981127802542e-07,100.0,100.0,100.0,0.00012121239130431869,-1.982060869566911e-05,0.4808259862414834,16.0,0.0,-9.155670103093384e-06,0.00013164898578242048,0.0005726999999997595,0.0010445455034192586,13.676763868802617,0.6289409755273816,2.422563098687541,0.31527002897060996,0.96,0.00024329999999994634
