dataset,cell_id,n_cycles,q0,cycle_life,is_censored,capacity_normalized,Qdis_N,delta_Qdis,retention_ratio,slope_linear,variance_Qdis,range_Qdis,max_drop,std_diff,skewness_Qdis,slope_ratio,Qdis_cycle10,mean_diff,poly2_a,poly2_b,poly2_c,exp_decay_k,cycle_to_99pct,cycle_to_98pct,cycle_to_95pct,slope_first_quarter,slope_last_quarter,autocorr_lag1,knee_cycle,n_capacity_jumps,accel_mean,accel_std,accel_max_abs,linearity_r2,kurtosis_Qdis,fft_top3_energy_ratio,spectral_entropy,sample_entropy,pos_neg_diff_ratio,mad_Qdis
hust,hust_1-1,50,1.1861061777777748,1198.0,0,1,0.9932479789424112,-0.0073941993725944,0.9926105459745403,-0.0001369647516714,3.938244348557967e-06,0.0079042577001448,0.0007782655320839,0.0002850617074176,0.5361768608892762,0.5234282896644398,0.99805471087861,-0.0001540458202623,1.0004591315293536,-0.0002371861237008,1.9273340774897388e-06,0.0001375599445899,50.0,50.0,50.0,-0.0002727383152388,-0.0001137160524759,-0.1936250924842013,28.0,0.0,1.6236252691790613e-05,0.0004338893052984,0.0012699420501553,0.9526754330160084,-0.5265378178162097,0.770616621084681,1.7655063866731688,0.6097655716208943,0.3333333333333333,0.0016072853736264
hust,hust_1-1,100,1.1861061777777748,1198.0,0,1,0.9888646375259824,-0.0117775407890229,0.9882300176384176,-0.0001072148442973,9.650518119529731e-06,0.0120256073945641,0.0012871060559737,0.0003690308186459,0.3700246816924465,0.6514122233363289,0.99805471087861,-0.000120178987643,0.9997255323933336,-0.0001594832925645,5.124357673248093e-07,0.0001079695318265,85.0,100.0,100.0,-0.0001966103320577,-9.262407937157156e-05,-0.3562946118818263,28.0,0.0,5.146041346166608e-06,0.0006096123264169,0.0025719591751741,0.9727562673696168,-0.7729406132744123,0.7834354252562254,1.7963793149161869,0.2119404466776351,0.4848484848484848,0.0021100111179858
hust,hust_1-2,50,1.218470611111108,1966.0,0,1,0.9923012003526648,-0.0086813451161064,0.9913271763274945,-0.00015731892988,5.165232211648037e-06,0.0086917224237976,0.00098696129588,0.0002770246052859,0.5291387820362191,0.5477365004840336,0.9979731763922088,-0.0001808613565854,1.0006317083547915,-0.0002670974950636,2.111126253531105e-06,0.0001580777136952,50.0,50.0,50.0,-0.000306203033887,-0.0001289963038049,-0.2570621818224696,19.0,0.0,1.0737116185476852e-05,0.0004405251012299,0.0009973659602695,0.9583013767630684,-0.5366383373705559,0.7713410014424517,1.7617385316347989,0.7576857016975165,0.5,0.0016194048541073
hust,hust_1-2,100,1.218470611111108,1966.0,0,1,0.9877787117557368,-0.0132038337130344,0.9868091269195398,-0.0001175440241007,1.1647839609882754e-05,0.0132038337130344,0.0012544847317929,0.0003755010141944,0.4352359813539738,0.6055035745807044,0.9979731763922088,-0.0001347329970717,0.9998198216585692,-0.0001839760427788,6.512943007656585e-07,0.0001184633500975,71.0,100.0,100.0,-0.0002248521332276,-0.0001004200853016,-0.446853038082158,29.0,0.0,5.085549174733013e-06,0.0006408423186924,0.0025065711930039,0.968725110068419,-0.6982670462165874,0.7774008731125117,1.810456033189234,0.2397786118187418,0.5076923076923077,0.0025594699293136
hust,hust_1-3,50,1.1814099416666664,1513.0,0,1,1.019037702123804,0.0205925603785164,1.0206246287527831,0.0003716052763031,3.539978987851275e-05,0.021388478478063,0.0012911244170424,0.0007047445057017,-1.3014194802993,0.1123029075165693,1.0087919101013707,0.0004290116745524,0.9977739571355824,0.0011405044934624,-1.4786523406909443e-05,-0.0003654508168635,50.0,50.0,50.0,0.0012166562704659,1.119402951991879e-05,0.0351723952617506,24.0,0.0,-3.288188497956938e-05,0.0009752599547906,0.0033629191451581,0.7801768420110224,0.7634860528943186,0.8070423280784933,1.6600406111222945,0.146860246564579,2.0,0.0020194961068377
hust,hust_1-3,100,1.1814099416666664,1513.0,0,1,1.01540951613279,0.0169643743875024,1.0169907926617268,7.929930897871815e-05,2.0662041698927287e-05,0.0215950818971859,0.0017852703255019,0.0006644381028958,-2.2524585927039227,-0.2345394321103404,1.0087919101013707,0.0001731058610969,1.0034367856134172,0.0005657129110942,-4.768760805054389e-06,-7.781278475101973e-05,100.0,100.0,100.0,0.00081050363073,-8.771252519613343e-05,0.0449203911141906,32.0,0.0,-1.0785741798319167e-05,0.0009186079467643,0.0033629191451581,0.2485480737337865,5.031871955561659,0.7622616281145268,1.874740659911354,0.1797396987701333,1.1777777777777778,0.0017030545322075
hust,hust_1-4,50,1.1830428041666663,1213.0,0,1,1.019228337092466,0.0202660813135614,1.0202871341698088,0.0003673094958851,3.345875797499749e-05,0.0202917777633373,0.0012720470517301,0.0006567073311028,-1.2173251017136757,0.1460501114594096,1.0079971993687349,0.0004222100273657,0.99797408971115,0.0010678305934022,-1.3471559567636498e-05,-0.0003614918723404,50.0,50.0,50.0,0.0011316322546967,2.631645163125138e-05,0.1424819028943884,25.0,0.0,-8.036135434279635e-07,0.000868965534245,0.0025553480402103,0.8064630843036732,0.5268365306160314,0.8044846962082252,1.6610984167064438,0.1590646946296874,2.6923076923076925,0.0025100763618337
hust,hust_1-4,100,1.1830428041666663,1213.0,0,1,1.0145967445558943,0.01563448877699,1.015650730231844,7.969655286297968e-05,1.9906277974114998e-05,0.0202917777633373,0.0012832939444956,0.0006018645423744,-2.14267899703468,-0.2498802309127224,1.0079971993687349,0.0001595355997651,1.002985888353617,0.0005628872429397,-4.737163628204119e-06,-7.824145350850186e-05,100.0,100.0,100.0,0.0007704291212534,-9.755927707611512e-05,0.1353517539655937,33.0,0.0,-5.252245425999791e-06,0.0007945381577682,0.002570842454689,0.2605756558964999,4.487594536735571,0.7787041768462224,1.7819764694885485,0.1688890465898797,1.0851063829787233,0.0015862274749406
hust,hust_1-5,50,1.17767274722222,1538.0,0,1,1.0190697123700354,0.0201125954654428,1.0201335924486574,0.0003713234980518,3.513112733294034e-05,0.0213995758003806,0.0020925686842324,0.0007845494814297,-1.2812924152572296,0.1316168865601813,1.0082962445502417,0.0004190124055299,0.9979657198742046,0.0011172818313054,-1.4345352562569031e-05,-0.0003652081605623,50.0,50.0,50.0,0.0011850944595879,3.281312540720518e-05,-0.0584968169633715,24.0,0.0,-1.1038118026246962e-05,0.0011518661069901,0.0034140143568319,0.7849514130236558,0.6726798462905736,0.8123592417276759,1.6584073769150771,0.3263965846324714,2.2,0.0019785585171613
hust,hust_1-5,100,1.17767274722222,1538.0,0,1,1.0149323575645566,0.0159752406599641,1.0159919183612862,7.880197769488282e-05,2.0358706754441816e-05,0.0214004272914082,0.0020925686842324,0.0006943070423843,-2.24456874520797,-0.2263584536840109,1.0082962445502417,0.0001630126597955,1.0035106135909224,0.0005593397373672,-4.711154506592988e-06,-7.733171092974049e-05,100.0,100.0,100.0,0.0008117395151459,-8.666027218683897e-05,-0.0171593873440838,24.0,0.0,-1.3433385265122723e-05,0.0009900134592551,0.0034140143568319,0.2490972178902724,4.938380744068884,0.7602900477658633,1.8677742143175344,0.2800226522620526,1.3902439024390243,0.0015552802044805
hust,hust_1-6,50,1.2144939222222186,829.0,0,1,0.9865453811840562,-0.0152034016400074,0.984823139393145,-0.0002742108709899,1.5591101428516302e-05,0.0152034016400074,0.0017590157100008,0.000457886085938,0.4838417047633019,0.5650751065001386,0.996209324152604,-0.0003167375341667,1.0010327817900226,-0.0004508260285891,3.396445338447432e-06,0.0002764929344612,35.0,50.0,50.0,-0.000524981562759,-0.0002187459665233,-0.4200626645002976,21.0,0.0,3.1688524240716266e-05,0.0007585528191262,0.0030120913738079,0.9645450914908916,-0.6180928518440956,0.7758620376733747,1.7448920580140348,0.1875986138947983,0.1707317073170731,0.0030345790212227
hust,hust_1-6,100,1.2144939222222186,829.0,0,1,0.9780064015324226,-0.023742381291641,0.976299066493789,-0.0002095915779937,3.680732772704943e-05,0.023742381291641,0.0017590157100008,0.0003803338755971,0.4229624446844662,0.5991618788725963,0.996209324152604,-0.0002422691968534,0.9998638055771386,-0.0003274180435314,1.1551614268393135e-06,0.0002124887537011,35.0,89.0,100.0,-0.0003822346859086,-0.0001555620579535,-0.3617884715912406,28.0,0.0,1.026655713989877e-05,0.0006172259611174,0.0030120913738079,0.9746713411225848,-0.7895616422205602,0.7913752819803737,1.759239455854654,0.0875980593179858,0.3611111111111111,0.0045440417692773
hust,hust_1-7,50,1.200683462500003,1321.0,0,1,0.9930111298311164,-0.0077399944478173,0.9922658148863992,-0.0001445401029509,4.527759314350027e-06,0.0077490008922522,0.0017850944068732,0.0005723456974997,0.575690810201161,0.4421724518266708,0.9982072028043394,-0.0001612498843295,1.0007543761169089,-0.0002728200647301,2.4669223419087928e-06,0.0001452038619243,50.0,50.0,50.0,-0.0002890940547625,-4.526728481045592e-05,-0.454628757487623,24.0,0.0,-1.6502667459278144e-05,0.0009716936189134,0.0030673316985461,0.9228335655944192,-0.6590921043909086,0.7946766252422812,1.659631233351856,0.587786664902119,0.4545454545454545,0.001526878048612
hust,hust_1-7,100,1.200683462500003,1321.0,0,1,0.9884288692967808,-0.0123222549821529,0.9876869936158889,-0.0001101904669002,1.0274811019620766e-05,0.0123356917736438,0.0017850944068732,0.0004309614795237,0.4517827199664995,0.6079824739020023,0.9982072028043394,-0.0001257372957361,0.9998263516597844,-0.0001728607986754,6.144150174030875e-07,0.0001109995697588,78.0,100.0,100.0,-0.0002184110825789,-7.822581166414126e-05,-0.3844114486254306,24.0,0.0,5.15979032574408e-06,0.0007196643306711,0.0030673316985461,0.9650704842713136,-0.6998534326134349,0.7835022476286354,1.81182337305455,0.1815022204105522,0.6065573770491803,0.0025578186520208
hust,hust_1-8,50,1.2073721305555565,1733.0,0,1,0.9930522824378122,-0.0076947854015561,0.9923109588338148,-0.0001375305334294,4.086026425657817e-06,0.0077068800800795,0.0017600874674637,0.0004849158911098,0.5879148493232559,0.4894161417295068,0.9982215968133572,-0.000160308029199,1.0004456653334255,-0.0002498961440834,2.160877127959036e-06,0.0001381527117145,50.0,50.0,50.0,-0.0002925129625709,-9.886197185376194e-05,-0.3611751529765349,15.0,0.0,1.0927058585177634e-05,0.0008065443109347,0.0030108410353017,0.9258211110258888,-0.4776018342896324,0.7585727617329103,1.8250115129029467,0.7576857016975165,0.5483870967741935,0.0015820884018301
hust,hust_1-8,100,1.2073721305555565,1733.0,0,1,0.9907322253888456,-0.0100148424505226,0.9899926337309736,-9.76269713071501e-05,8.216068189099545e-06,0.0112777505145825,0.0017600874674637,0.0004385661362838,0.5557656596317551,0.5242265695605444,0.9982215968133572,-0.0001021922699032,0.9996794148186728,-0.0001689788071619,6.995278024976663e-07,9.831550656645532e-05,88.0,100.0,100.0,-0.0002109530459223,-5.787705942705384e-05,-0.3173607216225239,60.0,0.0,1.8218877124592312e-05,0.0007005547775213,0.0030108410353017,0.9473717437088932,-0.5431481183961462,0.7838874213401437,1.7907894141333165,0.1860184186752808,0.5806451612903226,0.0021135594513051
hust,hust_10-1,50,1.1930780666666705,1378.0,0,1,0.99478927177588,-0.0067559353897575,0.9932544878239926,-0.0001366121606451,4.109031729679016e-06,0.0087759182304055,0.0020491184957942,0.0006443813534405,0.550717993325755,0.472906968986912,0.9982107788122192,-0.0001407486539532,1.0008466482860778,-0.0002602022650146,2.3767327763376696e-06,0.0001371904968813,50.0,50.0,50.0,-0.0002889865203743,-3.29495887338665e-05,-0.4684858272358987,25.0,0.0,5.4612201167525134e-05,0.0010824077131684,0.0033347310252376,0.9083834666618592,-0.3514433142466546,0.7810539340804081,1.6988637702422222,1.55814461804655,0.5,0.0015244764741408
hust,hust_10-1,100,1.1930780666666705,1378.0,0,1,0.9893967541995398,-0.0121484529660978,0.9878702899487904,-0.0001013096435089,8.799782811588727e-06,0.0121484529660978,0.0020491184957942,0.0005697199977477,0.4748140113545879,0.5909239421973834,0.9982107788122192,-0.0001239638057764,0.9999362032454624,-0.0001633023341137,6.077714765183933e-07,0.0001019940790442,87.0,100.0,100.0,-0.0002084374266265,-8.121248698100775e-05,-0.4303011055736949,42.0,0.0,5.341377559789981e-06,0.0009590327149698,0.0033347310252376,0.9525207615833446,-0.6165365208021858,0.7717467392173409,1.8644735489947128,0.3485060761849365,0.6065573770491803,0.0021628532531728
hust,hust_10-2,50,1.2106780430555522,1375.0,0,1,1.0075456282050277,0.0095784778160423,1.0095979890844191,0.0001175957520426,7.464853830500788e-06,0.0123567969730588,0.0012643810153443,0.000835908714478,-2.056133403288908,-0.1459724903678676,1.0065463282156593,0.0001995516211674,0.999540074935471,0.0006655610195037,-1.0537793605022754e-05,-0.0001165125889948,50.0,50.0,50.0,0.000920945714058,-3.5779362247314946e-05,-0.1913081586767324,15.0,0.0,-4.320078832100461e-05,0.0012846770586135,0.0035384717056477,0.3705031930289303,4.032860242297607,0.7564379596896916,1.8563885565034024,0.5963796286249509,1.5263157894736843,0.0005174855007281
hust,hust_10-2,100,1.2106780430555522,1375.0,0,1,1.0014914931892192,0.0035243428002341,1.0035315218530594,-4.921421128064702e-05,7.875248797414352e-06,0.0123567969730588,0.0012670700502825,0.0006835922539077,-0.5117366579492695,-1.0953063949216089,1.0065463282156593,3.596268163504292e-05,1.00388542390388,0.0002180507992799,-2.6202452015749976e-06,4.8835087005850105e-05,100.0,100.0,100.0,0.0004483366091923,-0.0001216959950064,-0.1966613504073002,25.0,0.0,-1.5740874044518818e-05,0.0010520241927477,0.0035384717056477,0.2511664373190517,-0.6272476280905099,0.9261653086925256,0.9780345537865052,0.483360246310811,1.0416666666666667,0.0020370059137355
hust,hust_10-3,50,1.203396326388892,1477.0,0,1,0.9930099146298692,-0.007737826697683,0.9922679548720056,-0.0001439122566783,4.408214098056388e-06,0.007737826697683,0.001266177946098,0.0004337149699182,0.5580893859706842,0.4322030090211611,0.9982289650568898,-0.0001612047228683,1.0007562796822012,-0.0002667215457186,2.361717096928274e-06,0.000144560791957,50.0,50.0,50.0,-0.0002732648211438,-9.339930226575892e-05,-0.4595371172110734,16.0,0.0,1.0234528378834618e-05,0.0007468736273185,0.0020286611150455,0.9396430010697824,-0.6950760647303396,0.7927951076105668,1.679962312646238,0.7949298748698876,0.4117647058823529,0.0015297190900163
hust,hust_10-3,100,1.203396326388892,1477.0,0,1,0.9884546821766936,-0.0122930591508589,0.9877161260093864,-0.0001072000160276,9.727692620146604e-06,0.0122930591508589,0.0012695157215073,0.0003946466131949,0.4497426424979791,0.6081979234949031,0.9982289650568898,-0.0001254393790903,0.9998177127857854,-0.0001687230336701,6.031668396316739e-07,0.000107968545223,81.0,100.0,100.0,-0.0002030146163163,-8.435041092596522e-05,-0.4269098129951478,30.0,0.0,-4.114452726666e-08,0.0006679449258532,0.0020289358005726,0.9647720008725766,-0.6694541544886548,0.7856897690041723,1.8296095950156863,0.2419360506635771,0.5076923076923077,0.0021590259434225
hust,hust_10-4,50,1.1956428847222211,1489.0,0,1,1.013522598442819,0.0158209215008347,1.0158573668527118,0.0002589812852223,1.868624241208685e-05,0.0163323873936783,0.0015419761212434,0.000630739088009,-1.487061027453121,0.0617190324343484,1.0068960053437188,0.0003296025312673,0.9981853980614228,0.0008804505063369,-1.1951331175280204e-05,-0.0002557791186923,50.0,50.0,50.0,0.0010343954747345,-4.775478508431954e-05,0.2655145100378235,23.0,0.0,-3.252194619863617e-05,0.0007503009088005,0.0025642132550671,0.7178683077778043,1.4661547397592125,0.7837655868718294,1.7267939822019245,0.1564156864581105,2.0,0.0015181930071783
hust,hust_10-4,100,1.1956428847222211,1489.0,0,1,1.0084211123440048,0.0107194354020207,1.0107441288811667,2.5205494927414376e-05,1.0420651884357775e-05,0.0163323873936783,0.0015419761212434,0.0005476316306134,-1.9289196934166688,-0.3924065224890629,1.0068960053437188,0.0001093819938981,1.0028931447545322,0.0004058726533821,-3.732030965243224e-06,-2.487523238508415e-05,100.0,100.0,100.0,0.0006132007347502,-9.280662102771576e-05,0.2374023439799825,23.0,0.0,-2.0996291416393228e-05,0.0006610730492093,0.0025642132550671,0.049789802176284,4.55131500222717,0.7965083864074459,1.660908630702046,0.2567198468478139,1.1304347826086956,0.0020296147582631
hust,hust_10-5,50,1.1988681694444463,1657.0,0,1,1.0147351341736917,0.0165403298756248,1.016570242405996,0.000271977977081,2.101334837170563e-05,0.0171174552342393,0.0005238297202181,0.000555443084878,-1.594588132645966,0.0644434395287167,1.007879258043063,0.0003445902057421,0.998641088851378,0.0009378167881215,-1.280459252000974e-05,-0.0002682611259292,50.0,50.0,50.0,0.001163195699002,-4.774527254053236e-05,0.4219631084394602,13.0,0.0,-2.1767871710775662e-05,0.0005928034116195,0.0015171925781749,0.7040479100105528,1.7790412078245756,0.7931739341337242,1.754400964913445,0.1094842328416884,2.2,0.0017467401041082
hust,hust_10-5,100,1.1988681694444463,1657.0,0,1,1.01021528543979,0.0120204811417233,1.0120422197049763,3.314976579078129e-05,1.1852818314358349e-05,0.0178225855854146,0.0012846769749891,0.0005548586043984,-2.172329964138935,-0.3918175581314601,1.007879258043063,0.0001226579708338,1.0035517883427785,0.0004349367627901,-3.939088205876178e-06,-3.26649992785345e-05,100.0,100.0,100.0,0.0006530836897165,-0.0001067310483195,0.1876880586917548,30.0,0.0,-1.0597337822766098e-05,0.0007047243459672,0.0025417885987043,0.0757153843064553,5.464305011410648,0.7788352302834375,1.7516621115796882,0.299208133403301,1.1777777777777778,0.0017329794399732
hust,hust_10-6,50,1.2455158736111112,1659.0,0,1,0.993345411319966,-0.0072488906200434,0.9927554148509652,-0.0001467416497939,4.5803362759662e-06,0.0079949001140649,0.0009779905688763,0.0003270161792097,0.6068710536662194,0.4442713023892546,0.9981443710780844,-0.0001510185545841,1.0006811463298138,-0.0002770657994226,2.5062336467056124e-06,0.0001474385830418,50.0,50.0,50.0,-0.0002996038601694,-8.502832445623777e-05,-0.2592934813936283,24.0,0.0,2.598470432039032e-05,0.0005050094694952,0.0014757227507521,0.9402415231938452,-0.5470534911014457,0.798447654081748,1.665206550099584,0.9808292530117262,0.2307692307692307,0.0015152779806037
hust,hust_10-6,100,1.2455158736111112,1659.0,0,1,0.9882302996519764,-0.0123640022880332,0.9876433412982052,-0.0001130661561302,1.0767034620559338e-05,0.0123640022880332,0.0014798598138662,0.0003441779374318,0.4293209088464511,0.6151921580245064,0.9981443710780844,-0.0001261632886533,0.9997395370507784,-0.0001753009395069,6.10144935066255e-07,0.000113921963523,77.0,100.0,100.0,-0.0002245402267381,-8.64287881164421e-05,-0.4770432911506281,24.0,0.0,4.889085011836744e-06,0.0005933821113592,0.0022258693078878,0.9696477094464953,-0.7054185257714178,0.7825669058209453,1.7945686792837816,0.184116889412629,0.4,0.0025365794743705
hust,hust_10-7,50,1.1974586652777788,1435.0,0,1,1.0139506682739974,0.0162445041204917,1.0162818520162942,0.0002678487760528,2.0598345019365635e-05,0.0182937397819425,0.0010216520591355,0.0006175792832665,-1.599410183224517,0.0584863337802609,1.007909318475097,0.0003384271691768,0.9985049014633977,0.0009364738342908,-1.2858174196885425e-05,-0.0002642429996748,50.0,50.0,50.0,0.0011606939534095,-7.271509427479448e-05,0.4101103297013225,20.0,0.0,-4.330516624559765e-05,0.0006421542370962,0.0020419749144223,0.6965896217930407,1.8803133535484475,0.7907639923450344,1.7453163817673436,0.3532793549375942,1.8235294117647056,0.0014615767779953
hust,hust_10-7,100,1.1974586652777788,1435.0,0,1,1.008868272939775,0.0111621087862695,1.0111877716980329,1.97956984233552e-05,1.1479813991436766e-05,0.0182937397819425,0.0015318459629645,0.0005744093671585,-1.93103182904166,-0.4041991845547881,1.007909318475097,0.0001138990692475,1.0036423945130923,0.0004187958931099,-3.911766614575371e-06,-1.9518732925866908e-05,100.0,100.0,100.0,0.0006495706046729,-0.0001093074189008,0.255757686102222,38.0,0.0,-2.1033590887454743e-05,0.0006863700739339,0.002548457254276,0.02787735954268,4.723727672302776,0.7927384145101226,1.6595918069052091,0.3129047672172999,1.0,0.0015933581766769
hust,hust_10-8,50,1.2000208749999963,1093.0,0,1,0.9918572458166612,-0.0086562984905482,0.9913481446205288,-0.0001527226760754,4.913305321635527e-06,0.0086562984905482,0.0010135194060225,0.0003494475227362,0.5692105616916485,0.5065188962845241,0.99745990761295,-0.0001803395518863,1.0003445351365416,-0.0002686190866778,2.22877712696903e-06,0.000153496678192,50.0,50.0,50.0,-0.0003140183411318,-0.0001261821160161,-0.4575789205253229,20.0,0.0,8.737042655373281e-08,0.0005992457937053,0.0015435796296281,0.9494307502098424,-0.4919402578194574,0.7617534576218995,1.7922557115081086,0.9932517730102834,0.5483870967741935,0.0015348737625547
hust,hust_10-8,100,1.2000208749999963,1093.0,0,1,0.9872806008941768,-0.0132329434130328,0.9867738488016212,-0.0001203134179676,1.2139790048476632e-05,0.0132390474735136,0.0017722631514868,0.000416421200817,0.3601189575438492,0.6703569944863956,0.99745990761295,-0.0001350300348268,0.9994621695970656,-0.0001756037251909,5.420618355223553e-07,0.0001212828318889,68.0,100.0,100.0,-0.000224497932433,-0.0001076292518943,-0.4567413878769357,20.0,0.0,5.280334833746937e-06,0.0007132832244198,0.0030363823647831,0.9737820914775612,-0.7594449548702835,0.7825155878810782,1.8053581819394475,0.2194098817621609,0.6896551724137931,0.0025514648744022
hust,hust_2-2,50,1.24072307638889,2021.0,0,1,0.9910990535016332,-0.0095992299472511,0.9904074683588268,-0.0001760560949102,6.523623682228471e-06,0.0095992299472511,0.0024347137673542,0.0004898009280336,0.5091087723426588,0.5229864841576203,0.997739712969685,-0.0001999839572343,1.0006182590845962,-0.0003023812740571,2.429330368210905e-06,0.0001770302318977,50.0,50.0,50.0,-0.0003463931556676,-0.0001338083865999,-0.4877929019676003,24.0,0.0,-6.243975843152902e-07,0.0008519542831654,0.0031756235693742,0.9502616970223672,-0.6695915567342636,0.7789621258479077,1.743327051239376,0.2610138253696196,0.2307692307692307,0.0019679004049403
hust,hust_2-2,100,1.24072307638889,2021.0,0,1,0.9856159537972824,-0.0150823296516018,0.9849281947405556,-0.0001339551159553,1.514598809389026e-05,0.0150823296516018,0.0024347137673542,0.0005141643895092,0.4233719244988322,0.6058211496588098,0.997739712969685,-0.0001539013229755,0.9997541795816788,-0.0002102112910016,7.476095592772087e-07,0.0001351576326742,61.0,100.0,100.0,-0.0002541333961479,-8.316713537570823e-05,-0.4421361947113803,24.0,0.0,-1.293166587376519e-05,0.0008626268072786,0.0031756235693742,0.9675330919216644,-0.7666324220711385,0.7931276901162523,1.7666738568218787,0.1917407787104462,0.380281690140845,0.0031000650309618
hust,hust_2-3,50,1.184623612499995,1413.0,0,1,1.0177954870595365,0.0181851314491746,1.0181922199456117,0.0003522330055114,3.1052907552817504e-05,0.0197344866691867,0.0012899666897366,0.0006806589139356,-1.1992760890447218,0.1294324609744489,1.0070752817560704,0.000378856905191,0.9978136914453845,0.0010368699162449,-1.3166094437182826e-05,-0.0003469092599753,50.0,50.0,50.0,0.0010273884351227,3.7478537406206845e-05,-0.0247665370170075,20.0,0.0,-1.0706984827222172e-05,0.0009662922967586,0.0030890847853818,0.799075513045852,0.370304957524314,0.824858221797118,1.6049533645437712,0.2876820724517809,1.6666666666666667,0.0024760583794455
hust,hust_2-3,100,1.184623612499995,1413.0,0,1,1.0141388122409531,0.0145284566305915,1.0145341197688178,7.505839852816831e-05,1.805690495641656e-05,0.0197344866691867,0.0012899666897366,0.0005674887755467,-2.15652735841622,-0.2265220335062159,1.0070752817560704,0.0001482495574549,1.002854301577746,0.0005311053037931,-4.471048090833969e-06,-7.376165894615984e-05,100.0,100.0,100.0,0.0007461367982174,-8.280022890417e-05,0.1004719695226183,43.0,0.0,2.6294111564990333e-06,0.0007638455150547,0.0030890847853818,0.2548003999553319,4.384972586172862,0.772335186869673,1.7968094405512085,0.2150181438702927,1.0,0.0014474780416129
hust,hust_2-4,50,1.2005033958333386,1165.0,0,1,0.99251092289184,-0.0089920449979781,0.9910214494751578,-0.0001534492637707,5.042797527620755e-06,0.0089953584228228,0.0012703258989925,0.0005123631352165,0.5979152850535667,0.4560592313492184,0.9981965863868594,-0.0001873342707912,1.0009155211003642,-0.0002882405451876,2.592140027247307e-06,0.0001541771953759,50.0,50.0,50.0,-0.0003087125060176,-7.841608167510542e-05,-0.5580421192750449,25.0,0.0,-4.563196078185534e-07,0.00088684588493,0.0025439652228299,0.9338735661238762,-0.4487234815306378,0.7826590497932051,1.738556392322891,0.8938178760220964,0.3333333333333333,0.0015882203211652
hust,hust_2-4,100,1.2005033958333386,1165.0,0,1,0.9876007558380152,-0.0139022120518029,0.9861186511697562,-0.0001181519631532,1.1772948809297862e-05,0.0139046600989295,0.0012703258989925,0.0004176061614223,0.4292173289132731,0.6221850006495886,0.9981965863868594,-0.000141859306651,0.9999421174782852,-0.0001829147287469,6.349290744491882e-07,0.0001190603056759,76.0,100.0,100.0,-0.0002343168679309,-8.076086847938535e-05,-0.4724711036527992,25.0,0.0,1.290027757269852e-05,0.0007112401446974,0.0025439652228299,0.9683702932483074,-0.6998934819800744,0.7886373026182977,1.8171782983954805,0.2064443835565775,0.4202898550724637,0.002632846918752
hust,hust_2-5,50,1.180009193055556,1092.0,0,1,1.0168175631880234,0.0184061889941511,1.01843547606718,0.0003205318508008,2.8390967690104877e-05,0.0193156475397017,0.0013059691099237,0.0006313016912195,-1.3909503598733326,0.0302860145560435,1.007232769687262,0.0003834622707114,0.9976596534073108,0.0010940018207049,-1.4874422498157088e-05,-0.0003156539588616,50.0,50.0,50.0,0.0010850831897061,7.042667005543864e-06,0.2241719694157949,16.0,0.0,-3.387595317517974e-05,0.0007764575956782,0.0025812581387158,0.7237560093003406,0.9078374822049072,0.8164164269141426,1.6374792302092005,0.1964062966756936,1.8235294117647056,0.0008641881825994
hust,hust_2-5,100,1.180009193055556,1092.0,0,1,1.0115387554437076,0.0131273812498353,1.0131482689291622,4.452733691932197e-05,1.54661489981627e-05,0.0193156475397017,0.0013059691099237,0.0005885347919583,-2.107407915910099,-0.3039570123440226,1.007232769687262,0.0001339528698962,1.0035821508289282,0.0004920132712569,-4.387117003310026e-06,-4.380246649397463e-05,100.0,100.0,100.0,0.0007633304661456,-0.0001060400299262,0.1718427321393529,33.0,0.0,-1.6356848319153548e-05,0.0007523169846576,0.0025812581387158,0.1046926235857698,4.670527700504801,0.792539336001233,1.7537681287406952,0.3110367070345268,0.8846153846153846,0.0015507247360561
hust,hust_2-6,50,1.19676496527778,1297.0,0,1,1.016806594142639,0.0181040978208873,1.0181276184725334,0.0003179273332468,2.813693655669697e-05,0.0194509973951427,0.0012997841315883,0.0006386636327851,-1.3898466279451036,0.0285604393626064,1.0073903458081193,0.0003771687046017,0.997747215189972,0.0010927790503179,-1.4900994559058215e-05,-0.0003130777417305,50.0,50.0,50.0,0.0010775928007726,5.960545630091641e-06,0.2871451634392098,19.0,0.0,-1.1130479051811644e-05,0.0007683467484755,0.0025800387624829,0.7184704633485056,0.8863099211338312,0.8221272030949627,1.6238012741219618,0.1769307081590782,1.6666666666666667,0.0008272161719706
hust,hust_2-6,100,1.19676496527778,1297.0,0,1,1.012107653297163,0.013405156975411,1.0134225728130075,4.574963510561528e-05,1.5299206462953444e-05,0.0194509973951427,0.001530865428272,0.0006388148242047,-2.1330741371697965,-0.2920989319687789,1.0073903458081193,0.0001367873160755,1.003718765930864,0.0004855312045906,-4.311584014559669e-06,-4.5004301719380056e-05,100.0,100.0,100.0,0.0007653755057635,-0.0001009738732896,0.0663243108519509,28.0,0.0,-5.381417640973224e-06,0.000876416747445,0.0038172351847492,0.1117252134948627,4.7458089958465335,0.788684095024203,1.7966768348120783,0.2491190377174704,0.8148148148148148,0.0016118337076024
hust,hust_2-7,50,1.2059374958333369,1789.0,0,1,1.0141800132936438,0.0154671596514941,1.0154870938078826,0.0002555898322339,2.014912790092484e-05,0.016933927673609,0.001278551154687,0.0006137208448498,-1.5538418850077476,-0.0365797138791605,1.0073364625516217,0.0003222324927394,0.9983090952142312,0.0009852553951073,-1.4032030055258386e-05,-0.0002520914099488,50.0,50.0,50.0,0.0010303663617419,-4.9495606059161264e-05,0.2347010760381728,20.0,0.0,-1.1737187432736178e-05,0.0007649667830447,0.0025237027526668,0.6484266977967872,1.5224225780500171,0.8088078737873172,1.6555880682023414,0.1556533097117932,1.0869565217391304,0.000596624343428
hust,hust_2-7,100,1.2059374958333369,1789.0,0,1,1.009493177885436,0.0107803242432861,1.0107942179816471,2.424000387149085e-05,1.1023432654084066e-05,0.016933927673609,0.0012799562394865,0.0006013843192353,-2.0298771428145,-0.3717521998020476,1.0073364625516217,0.0001100033086049,1.0039797862907145,0.0004015730416437,-3.6993435075724167e-06,-2.38998500249501e-05,100.0,100.0,100.0,0.0006746314397261,-8.583785521377138e-05,0.0586017707600278,30.0,0.0,-1.0571025001008558e-05,0.000825974228897,0.002539534142545,0.0435304689870744,4.804620591701301,0.7900072946178562,1.7703846520538826,0.293874042699702,0.7192982456140351,0.0016301609569383
hust,hust_2-8,50,1.195042449999996,1192.0,0,1,0.9929089362288126,-0.0078251799525838,0.992180560424538,-0.0001403908012809,4.142108773344722e-06,0.0078251799525838,0.0012887780216047,0.0004252878573188,0.4754447223713827,0.562368261748728,0.9981816220094212,-0.0001630245823454,1.0005944192900005,-0.0002328179079102,1.7774443582567574e-06,0.0001409808160547,50.0,50.0,50.0,-0.0002710586415894,-0.0001224775165027,-0.3798153491883789,21.0,0.0,-3.497012188900903e-07,0.000710680178906,0.002037149856523,0.9516687350721243,-0.667737239248797,0.7737898923198429,1.7597832345068294,1.0986122886681098,0.3333333333333333,0.0015206526299095
hust,hust_2-8,100,1.195042449999996,1192.0,0,1,0.9887614731454328,-0.0119726430359636,0.9880361398273808,-0.0001103136639495,1.0209178682484212e-05,0.0120209304884762,0.0012887780216047,0.0003895817680738,0.3805132646470953,0.6308750910896583,0.9981816220094212,-0.0001221698268975,0.9999786666784096,-0.0001665712886613,5.51545340310881e-07,0.0001110901761306,80.0,100.0,100.0,-0.0001985877447483,-7.29423283197763e-05,-0.431381436761944,32.0,0.0,5.115108714681226e-06,0.0006613606791907,0.0020450621742437,0.9734477453921392,-0.8309387179196759,0.7902027960739963,1.753134342879748,0.2188331998130875,0.4202898550724637,0.0026147374281339
hust,hust_3-1,50,1.2035349777777749,1571.0,0,1,1.0132210093732454,0.0150092092601189,1.0150360968067278,0.0002475636018754,1.7956747339031326e-05,0.0165879867148417,0.0012675207482316,0.0005920683197304,-1.5234901935727718,0.0109228397898331,1.0068348772912918,0.0003126918595858,0.99823021708036,0.0009023457510871,-1.2591964407918273e-05,-0.0002444651398446,50.0,50.0,50.0,0.0009926803835244,-6.716994253075785e-05,0.228272593771908,21.0,0.0,-2.1728790455553025e-05,0.0007344031959241,0.0030519978055755,0.6826151286357052,1.4905921582969528,0.802070184678241,1.6758137917169929,0.308042995100696,1.8235294117647056,0.0008955447613475
hust,hust_3-1,100,1.2035349777777749,1571.0,0,1,1.0086332901482071,0.0104214900350807,1.0104401591264496,2.130866375061176e-05,9.890999003389532e-06,0.0165879867148417,0.0012808703117789,0.0005565089438999,-1.935928371875726,-0.3830357030352657,1.0068348772912918,0.0001063417350517,1.0032757868817956,0.000388030135688,-3.5953085484063177e-06,-2.103253561996647e-05,100.0,100.0,100.0,0.0006190494525199,-9.91413457006579e-05,0.1070191897503531,38.0,0.0,-1.0387356098962486e-05,0.0007416289189966,0.0030519978055755,0.0374901436200628,4.489316576682658,0.8001878788794456,1.686351446838641,0.3127042286272734,0.9215686274509804,0.0015624574748121
hust,hust_3-2,50,1.209106040277779,1773.0,0,1,1.0118085509476826,0.0137072115018194,1.0137332863508923,0.0002012227259427,1.2321186358567222e-05,0.0139966608870199,0.001266900185458,0.0006332686021889,-1.5665130464813612,-0.0156585382513521,1.0056674321032375,0.0002855669062878,0.9985345705380017,0.0007550444567448,-1.0650417900040796e-05,-0.0001991241806624,50.0,50.0,50.0,0.0008412476577211,-3.687802476931999e-05,0.0571621949280239,17.0,0.0,5.295122059553659e-06,0.0008607978881567,0.002523347285357,0.6572514083867691,1.7473511605552543,0.7823339991695798,1.7728077023185365,0.3479412639699778,1.4,0.0006497270402485
hust,hust_3-2,100,1.209106040277779,1773.0,0,1,1.005428414835437,0.007327075389574,1.0073410134823004,2.688105073094484e-07,7.352911080919851e-06,0.0139966608870199,0.001266900185458,0.0005373360273848,-1.4094397748189131,-0.5086487266883353,1.0056674321032375,7.476607540381791e-05,1.002803872766661,0.0003234584308349,-3.168525689487122e-06,-2.653502113860122e-07,100.0,100.0,100.0,0.0005207943868547,-0.0001092876218211,0.057153157271795,27.0,0.0,-1.5678041487347433e-05,0.0007329897905987,0.0025248130147174,8.025608981832022e-06,2.6670851230506827,0.855949593286235,1.403493928100256,0.3280784444927442,0.6610169491525424,0.0017093322008553
hust,hust_3-3,50,1.1979589902777803,1360.0,0,1,1.0122656825830114,0.0135480917669475,1.0135654882736944,0.0002247172331827,1.563542224368183e-05,0.0153965968921697,0.0012799918780381,0.0006797598519298,-1.597781698919547,-0.0033899060516919,1.006878721605469,0.0002822519118113,0.9986293417279016,0.000863752734294,-1.2289144252141308e-05,-0.0002219897839752,50.0,50.0,50.0,0.0009612106649713,-9.0335059105493e-05,-0.0372745462186354,21.0,0.0,-1.1254958502634292e-05,0.0009878490540167,0.0025768457690185,0.6459414284091755,1.7637642569421883,0.7940423267799087,1.686764457475507,0.2748088695155748,1.181818181818182,0.0004536233933142
hust,hust_3-3,100,1.1979589902777803,1360.0,0,1,1.0071159027908272,0.0083983119747631,1.008409095876544,6.209512041209995e-06,9.23994567855931e-06,0.0153965968921697,0.0015316745800349,0.0005978125409285,-1.605697680652281,-0.514960640412881,1.006878721605469,8.569706096691594e-05,1.003435408726017,0.0003700793532402,-3.567351384304853e-06,-6.132873005934596e-06,100.0,100.0,100.0,0.0006005656648334,-0.0001153936162842,-0.0397765740308216,31.0,0.0,-5.4936173497155865e-06,0.0008653352536738,0.0025768457690185,0.0034079275921964,3.2025369356732414,0.839459968391894,1.481912404969376,0.2892240928035963,0.8490566037735849,0.0017515810134231
hust,hust_3-4,50,1.1962098694444467,1396.0,0,1,0.9923955976760654,-0.0083614252815829,0.9916448997211416,-0.0001602642328294,5.372791052870829e-06,0.0083614252815829,0.0012886047056134,0.0004089587409825,0.4552229528726598,0.536302108778228,0.9982055174157904,-0.0001741963600329,1.000747531464845,-0.0002715176025002,2.1394878782852226e-06,0.0001610337486792,50.0,50.0,50.0,-0.0002860741082799,-0.0001299927017895,-0.4806347306223656,13.0,0.0,1.0669929669799154e-05,0.0007090052400341,0.0025556436117121,0.956099877016541,-0.7937891121746534,0.7845132345361185,1.67297040709109,0.8472978603872037,0.3055555555555556,0.0016360423450717
hust,hust_3-4,100,1.1962098694444467,1396.0,0,1,0.9872617647061712,-0.0134952582514771,0.9865149502407756,-0.0001208506707666,1.2345752757293728e-05,0.0140095748202246,0.0018091608892317,0.000530698322522,0.4043762090931119,0.6114943425279984,0.9982055174157904,-0.0001377067168517,0.9999402937802248,-0.0001880047730394,6.583735516947519e-07,0.000121803876634,71.0,100.0,100.0,-0.0002222228482151,-0.0001019479174914,-0.5045700089075437,31.0,0.0,5.2701774328267485e-06,0.0009244279909874,0.0030914934698857,0.9661073470388052,-0.7698112223074487,0.7783544580864757,1.8152329389166093,0.2968312671053689,0.4057971014492754,0.002711768668117
hust,hust_3-5,50,1.2467244138888889,1879.0,0,1,0.9916519731442284,-0.0093095197513252,0.9906994226876852,-0.0001627134260604,5.63197213658235e-06,0.0093095197513252,0.001723286930901,0.0005073136613607,0.5597116191358114,0.5047017837231124,0.9977606540859236,-0.0001939483281525,1.0007569372309464,-0.0002895934423732,2.440000313706489e-06,0.0001635350312678,50.0,50.0,50.0,-0.0003062399670536,-0.0001168850971789,-0.540965964665458,21.0,0.0,4.940890712805583e-06,0.0008957307421484,0.002936305608608,0.940191406430079,-0.5361487846819881,0.7743444768609872,1.7818415070524185,1.1451323043030026,0.2,0.0016563270200975
hust,hust_3-5,100,1.2467244138888889,1879.0,0,1,0.986752209020334,-0.0142092838752198,0.9858043651268584,-0.0001287999720331,1.3968892909009156e-05,0.0142169885094156,0.001723286930901,0.000484467330907,0.3994404490424661,0.6163626228952078,0.9977606540859236,-0.0001449926926042,0.999942478088241,-0.0001982028078563,6.804199590510179e-07,0.0001298756461077,67.0,100.0,100.0,-0.0002489615205568,-9.015783066979992e-05,-0.5100524997962949,24.0,0.0,7.496666545453251e-06,0.0008440695265088,0.0029421319875644,0.9698719054862056,-0.7948100361907033,0.7907922290761288,1.753701950653316,0.2102401464783018,0.4202898550724637,0.0029845631771703
hust,hust_3-6,50,1.2019803486111114,1979.0,0,1,1.0129780465732772,0.0145269684115281,1.014549504456717,0.0002369047950676,1.6651681255567807e-05,0.0146260456460566,0.0007618653859692,0.000460434752576,-1.5703265988368822,0.0230217128500333,1.006580153566501,0.0003026451752401,0.9983736178461056,0.0008694935908141,-1.2165169148969882e-05,-0.0002340333438898,50.0,50.0,50.0,0.0009735852934659,-5.60418548574366e-06,0.4644017014860632,20.0,0.0,-2.1782266092977675e-05,0.0004673262358494,0.0020356290466303,0.6740926764655184,1.5156880925607652,0.7994833260880116,1.699403624792308,0.080789254927321,0.8461538461538461,0.0004392681355215
hust,hust_3-6,100,1.2019803486111114,1979.0,0,1,1.0083645305852982,0.009913452423549,1.0099288314073442,2.359702672269741e-05,9.37606646581885e-06,0.0150320885203095,0.0017957194116669,0.0005487592210086,-2.023477147024922,-0.4100543121253364,1.006580153566501,0.0001011576777912,1.003121467130594,0.0003806021111513,-3.50004984733975e-06,-2.329739407282973e-05,100.0,100.0,100.0,0.0006136634103508,-8.123737796282218e-05,0.0104166413749447,20.0,0.0,-1.0486417160267556e-05,0.000770145505923,0.0030731899179181,0.0484996630105429,4.593598005108304,0.7895212846275766,1.703542502110581,0.2045142142637266,0.6896551724137931,0.0015644852744269
hust,hust_3-7,50,1.1924220430555554,1870.0,0,1,0.9938807122414348,-0.0081417761352851,0.9918746572759312,-0.0001255044266998,3.494604263596533e-06,0.0081459762700968,0.0018046858784244,0.0006218530652002,0.6630488712240994,0.4968954123584888,0.998185890025417,-0.0001696203361517,1.0007788219511151,-0.0002236930638019,1.8882430211931183e-06,0.0001259685374975,50.0,50.0,50.0,-0.0002840984779364,-0.0001212599490026,-0.3763735789491447,13.0,0.0,3.7911840993654745e-05,0.0010149102026637,0.003096631505745,0.901467515813628,0.0607076618828688,0.7223371903404016,1.985340470557233,0.8556661100577202,0.4545454545454545,0.0012919456273204
hust,hust_3-7,100,1.1924220430555554,1870.0,0,1,0.990224419178226,-0.0117980691984938,0.988225744097214,-9.36456300284089e-05,7.5539069481603315e-06,0.0130437760704743,0.0018046858784244,0.0006002097758948,0.4503578035634673,0.6063088292025779,0.998185890025417,-0.000120388461209,1.0000251824817434,-0.0001462433612605,5.156640316875029e-07,9.421150950586816e-05,95.0,100.0,100.0,-0.0001842212967324,-8.219074659164506e-05,-0.4060787626929215,29.0,0.0,5.186965120635132e-06,0.0009906841144195,0.003096631505745,0.9480870850386292,-0.4500500606920257,0.7559448681567551,1.928969580002496,0.2790835671965491,0.5806451612903226,0.0021515965140443
hust,hust_3-8,50,1.2243847208333378,1856.0,0,1,1.010554873945245,0.0118083255102075,1.0118231452501243,0.0001864803303637,1.1772303697878372e-05,0.0136873872179385,0.0012463221337316,0.0006380993354906,-1.6235074395552598,-0.0864668915393569,1.0057259859608907,0.0002460067814626,0.9987476064358152,0.000785155927073,-1.1512992244411236e-05,-0.0001844665705091,50.0,50.0,50.0,0.0007889582070806,-6.409198081323873e-05,0.0209795736711294,19.0,0.0,-1.080274338852733e-05,0.0009007555193648,0.0035169478587514,0.5907919894869875,1.9222930142308057,0.8036676115735266,1.65185871862093,0.2207502514083693,1.181818181818182,0.0005077380141141
hust,hust_3-8,100,1.2243847208333378,1856.0,0,1,1.0054774075930146,0.0067308591579773,1.006739306552322,-8.019549840444634e-06,7.42375150297756e-06,0.0136873872179385,0.0017453051836068,0.0006153542034242,-1.2395823573991538,-0.5772054790999511,1.0057259859608907,6.868223630589138e-05,1.003372995278465,0.0003094468429436,-3.1124156155306937e-06,7.935848621686627e-06,100.0,100.0,100.0,0.0005249424051185,-0.0001142394384434,-0.1090539497927821,29.0,0.0,-5.292907895114015e-06,0.0009200744041724,0.0035169478587514,0.0070749175832689,1.9377405279441493,0.873109171712278,1.3578884305051184,0.3368723166425527,0.6610169491525424,0.0017931886443996
hust,hust_4-1,50,1.2065176291666675,1762.0,0,1,0.9929476452957806,-0.0077831942808786,0.9922224898313604,-0.0001487994208232,4.6653081362731545e-06,0.0077831942808786,0.0013024214536589,0.0005753052271402,0.3819220813044993,0.6194560641506706,0.999487698004616,-0.0001621498808515,1.0005543012004217,-0.0002278013195465,1.5192672831398591e-06,0.0001494389539175,50.0,50.0,50.0,-0.0002350657692061,-9.684302153421698e-05,-0.4480007812907667,17.0,0.0,1.0188212244925204e-05,0.0009879665779548,0.0025832242150556,0.949187791699776,-0.8748321746202543,0.7829495887516253,1.7053018011096643,0.8602012652231115,0.2972972972972973,0.0018212194171191
hust,hust_4-1,100,1.2065176291666675,1762.0,0,1,0.9882867358250008,-0.0124441037516584,0.987564984249988,-0.0001121664698142,1.0607136966956276e-05,0.0124441037516584,0.0013024214536589,0.0004817091534823,0.4108255020505731,0.6106639766694701,0.999487698004616,-0.0001269806505271,0.9999944837408896,-0.0001727169738777,5.936323927796555e-07,0.0001129766472645,81.0,100.0,100.0,-0.0001914641737359,-9.319568883851535e-05,-0.4515662913617044,30.0,0.0,4.855026187253715e-06,0.0008240956435438,0.0025832242150556,0.9686630999797844,-0.8131949926945707,0.7888945476274047,1.7841361267527545,0.2165283121954904,0.4848484848484848,0.0026458723764135
hust,hust_4-2,50,1.1927315583333296,1453.0,0,1,1.0133159770948854,0.0135796878258634,1.0135832698798926,0.0002409200913852,1.7929506641624162e-05,0.0152321738428964,0.0015243580898785,0.0007311264148811,-1.5853793760444206,0.0080098788680004,1.007918823384496,0.0002829101630387,0.9986856770150632,0.0009136342516808,-1.2936810774916034e-05,-0.0002377870579512,50.0,50.0,50.0,0.0010359207651275,-1.5995486616320378e-05,-0.0587355025244915,19.0,0.0,-4.337159807449345e-05,0.0010408917274633,0.0030363449504969,0.6474521758265919,1.5428745289980714,0.8067051738711353,1.6688782181319783,0.3703737882968942,1.6666666666666667,0.0008168784164884
hust,hust_4-2,100,1.1927315583333296,1453.0,0,1,1.0087593915871385,0.0090231023181166,1.009025482434687,1.528035319586461e-05,9.905437608161082e-06,0.0152321738428964,0.0015243580898785,0.0005825824630112,-1.8732446369847755,-0.405300855884974,1.007918823384496,9.207247263378731e-05,1.0039358602774815,0.0003781288547315,-3.5573382503497038e-06,-1.5078579732466216e-05,100.0,100.0,100.0,0.0006398727726645,-8.713122606457989e-05,0.0326146888168391,31.0,0.0,-4.948837441329996e-06,0.0008133510964713,0.0030363449504969,0.0192503197878005,4.118150477873724,0.8000019856976763,1.6536444792851277,0.3891347065227337,1.0,0.0015481736377752
hust,hust_4-3,50,1.1877219013888871,931.0,0,1,0.9924475878845992,-0.0080766217616566,0.9919276098631212,-0.0001541708434334,4.9721284165250935e-06,0.0080766217616566,0.001555169043505,0.0003783756032362,0.5138315985871367,0.5130145730413056,0.9979729974879108,-0.0001682629533677,1.0005856486423903,-0.0002658843966159,2.148337561200461e-06,0.0001549125366648,50.0,50.0,50.0,-0.0002531413772322,-9.8131026897885e-05,-0.4456033401467404,23.0,0.0,6.212003314176097e-06,0.0006480367278701,0.0025750392848525,0.956075425807842,-0.742497539985445,0.7971605524919261,1.6564008649498791,0.7777045685880083,0.3714285714285714,0.0016169937479824
hust,hust_4-3,100,1.1877219013888871,931.0,0,1,0.9875147178491755,-0.0130094917970804,0.9869973243309323,-0.0001201844628655,1.208668223499674e-05,0.0130094917970804,0.001555169043505,0.0003019803134537,0.3894814552710226,0.6388929483893705,0.9979729974879108,-0.0001327499162966,0.9997958612729008,-0.0001814784461469,6.009214047199255e-07,0.000121128799361,73.0,100.0,100.0,-0.000215997934157,-9.511786786712616e-05,-0.3809060686541129,30.0,0.0,5.240643668389689e-06,0.0005027083138299,0.0025750392848525,0.9759653046765008,-0.8052526973038829,0.7904137222137322,1.755660647472982,0.1365245106926545,0.4202898550724637,0.0026342773381811
hust,hust_4-4,50,1.1849050638888858,1204.0,0,1,0.9928449096588804,-0.0079010291455058,0.9921048601456776,-0.0001454068189324,4.41774922960047e-06,0.0079010291455058,0.0010414078579365,0.0003837972714009,0.4430606471394727,0.5155653234363049,0.9984410213754988,-0.0001646047738646,1.0008114001230224,-0.0002455725972582,1.9262649678042995e-06,0.0001460190944346,50.0,50.0,50.0,-0.0002534544357997,-9.299784618967025e-05,-0.3729988770232699,31.0,0.0,-4.098541838118533e-07,0.0006388230875056,0.0020704799877951,0.9571907273681104,-0.8731078321521712,0.7947362503603205,1.6451799236129447,0.7576857016975165,0.2631578947368421,0.001560750918386
hust,hust_4-4,100,1.1849050638888858,1204.0,0,1,0.9887119601703332,-0.0120339786340532,0.9879749912865692,-0.0001098146337783,1.0174123063071186e-05,0.0120494697954273,0.0015654254607266,0.0003753259175166,0.4263129055078943,0.5850150214227762,0.9984410213754988,-0.0001227957003474,1.0001389276367525,-0.0001745397976581,6.345604301942476e-07,0.0001105894909694,78.0,100.0,100.0,-0.0001980676935189,-7.032421266477572e-05,-0.3654181678074916,31.0,0.0,5.221901090031846e-06,0.0006220960863167,0.0025995190899296,0.9679842218983722,-0.796312093632773,0.7926046551567517,1.7628416662992883,0.2048901110048593,0.5076923076923077,0.0025951047653431
hust,hust_4-5,50,1.209456765277776,1220.0,0,1,0.9921306600929204,-0.008616494675097,0.9913899383735,-0.0001578055190922,5.234028074332574e-06,0.008616494675097,0.0010521803698984,0.0004215511634904,0.4944454617435066,0.5250502318201344,0.9982580919297976,-0.0001795103057311,1.0007344885293536,-0.0002694964331751,2.14790219389985e-06,0.0001585560036293,50.0,50.0,50.0,-0.0002831748699664,-0.0001469704697245,-0.5287203829149933,15.0,0.0,1.0095822639929811e-05,0.0007430662277988,0.0020740234282692,0.9515647032206374,-0.6756702641920618,0.7840214652771499,1.7480874692982424,0.9985288301111273,0.6,0.0015446144898072
hust,hust_4-5,100,1.209456765277776,1220.0,0,1,0.9875638623346108,-0.0131832924334066,0.9868265501724433,-0.0001192026176208,1.1971397061963474e-05,0.0131832924334066,0.0010521803698984,0.0003615358396802,0.4346866188129141,0.595786973872858,0.9982580919297976,-0.0001345233921775,0.999946945450011,-0.000187266680525,6.672947343545728e-07,0.000120134483933,74.0,100.0,100.0,-0.0002287706977705,-9.182912183842476e-05,-0.4179393872245578,24.0,0.0,4.88125387419455e-06,0.0006107497280507,0.0020740234282692,0.9693298322280584,-0.7432035468696814,0.7835767855821255,1.7887237468898316,0.179137565020601,0.5555555555555556,0.0025512326228912
hust,hust_4-6,50,1.1869319222222212,1089.0,0,1,0.9924280151310368,-0.0083190018770442,0.991687207920024,-0.0001568720686505,5.153389335737748e-06,0.0083190018770442,0.0015600445417292,0.0004016075621682,0.4896408674757004,0.5041152068379632,0.9982061991892008,-0.000173312539105,1.0008979824495603,-0.0002711583272348,2.1978126650817057e-06,0.0001575933884556,50.0,50.0,50.0,-0.0002731779166715,-0.0001203031811836,-0.4998211796869737,23.0,0.0,1.0491020947761427e-05,0.0007008246691198,0.0028819962369269,0.9550547928546524,-0.8133389575863452,0.7913569134612031,1.6804637261792057,0.8362480242006186,0.5483870967741935,0.0016056663663564
hust,hust_4-6,100,1.1869319222222212,1089.0,0,1,0.9872871324371456,-0.0134598845709354,0.9865501626862938,-0.0001198639452316,1.2068693581137598e-05,0.0134598845709354,0.0015600445417292,0.0004148530944471,0.3752835680424758,0.6599511434187051,0.9982061991892008,-0.0001373457609278,0.9999868785604844,-0.0001780495542366,5.704471471079258e-07,0.0001207715003667,76.0,100.0,100.0,-0.0002259402544174,-8.8407787673145e-05,-0.3983974881298446,23.0,0.0,-5.19691548000824e-08,0.00069541456749,0.0028819962369269,0.972213628903802,-0.7694294002322177,0.7874530268514283,1.8092400646431417,0.2807616296072071,0.6065573770491803,0.0026405825035009
hust,hust_4-7,50,1.239595555555551,1579.0,0,1,0.9925247885511084,-0.0081678589611632,0.9918377945701224,-0.000154828678394,4.954810334649735e-06,0.0081678589611632,0.0009748833849028,0.0002663000707759,0.4362386050576468,0.57713688032491,0.998240543958784,-0.0001701637283575,1.000601360354121,-0.0002488808293119,1.80869520995889e-06,0.0001555400095312,50.0,50.0,50.0,-0.0002780369913868,-0.0001366640655181,-0.2200839915379097,21.0,0.0,9.63690360992795e-06,0.0004174422813119,0.0014450053601694,0.9676220898154554,-0.7537384790206021,0.7884143585068493,1.7004176998239686,0.9315582040049436,0.2307692307692307,0.0016069578249514
hust,hust_4-7,100,1.239595555555551,1579.0,0,1,0.9880516696306018,-0.0126409778816699,0.9873677717997672,-0.0001183609051665,1.1748062104213595e-05,0.0126409778816699,0.0009900137679323,0.0002851842553664,0.4097699533455268,0.6032616532894151,0.998240543958784,-0.0001289895702211,0.9999923243040378,-0.0001846637465705,6.500278569018278e-07,0.0001192705119336,76.0,100.0,100.0,-0.0002109154787823,-8.288831583996065e-05,-0.3757900473865669,21.0,0.0,4.527790407806622e-06,0.0004741333856637,0.0019617957828567,0.9738569130693706,-0.8353204867387687,0.7985393947477925,1.7194487974028652,0.1548439207562347,0.4411764705882353,0.0027533084267623
hust,hust_4-8,50,1.197644819444447,1389.0,0,1,1.0162206595590644,0.017774141371233,1.017801796137757,0.000312812208221,2.652075227314757e-05,0.0193367081436338,0.0015425645520698,0.0006323073448615,-1.3779027793431584,0.0745691326924904,1.0071378192294005,0.0003702946119006,0.9979106800691896,0.0010329761619875,-1.384930680320336e-05,-0.0003082344189334,50.0,50.0,50.0,0.0010940204233447,-1.7517537693089362e-05,0.2289884670447655,21.0,0.0,-3.369220956103591e-05,0.0007754198030664,0.0025418011672378,0.737923846234066,0.8972801751636061,0.8138324537201526,1.6541645178662536,0.2010525935000178,1.8235294117647056,0.0010127817179886
hust,hust_4-8,100,1.197644819444447,1389.0,0,1,1.0126155028781167,0.0141689846902854,1.0141910301975934,5.428142887834785e-05,1.4618064400183889e-05,0.0193367081436338,0.0015425645520698,0.0005546091872369,-2.2605714895386617,-0.2561588455797427,1.0071378192294005,0.0001445814764314,1.0034371101584734,0.0004727284836478,-4.102422105583853e-06,-5.3415866782428665e-05,100.0,100.0,100.0,0.0007435086890979,-7.810577218825053e-05,0.2472589374184212,26.0,0.0,-1.1014362666621757e-05,0.0006775145569166,0.0025418011672378,0.1646104876133066,5.195428780932193,0.7642971246435049,1.88231898115805,0.2637921561903462,1.2272727272727273,0.0011537760331423
hust,hust_5-1,50,1.2199323388888867,1832.0,0,1,0.9927956068201104,-0.0084593830911926,0.9915512200424168,-0.0001488591151166,4.780616437251164e-06,0.0084593830911926,0.0012509550791524,0.0004233720348365,0.6732859310855591,0.4106379754156131,0.9977477371115222,-0.0001762371477331,1.0007632531084811,-0.0002912986609362,2.7392220349903764e-06,0.0001495842901964,50.0,50.0,50.0,-0.0003159082847681,-0.0001047474804121,-0.3805204738950131,23.0,0.0,2.1030600917467316e-05,0.0006998755425545,0.002259344337681,0.92703677210651,-0.3706668091467184,0.767168094241117,1.7664068118859586,0.8109302162163288,0.7777777777777778,0.0014695122822839
hust,hust_5-1,100,1.2199323388888867,1832.0,0,1,0.9878510520854492,-0.0134039378258538,0.9866128628961528,-0.0001090235779778,1.0136445730737527e-05,0.0134039378258538,0.0012509550791524,0.0004094190250967,0.4897206735545226,0.6022818134298856,0.9977477371115222,-0.0001367748757739,0.9996709313642704,-0.0001758752653027,6.554086992646722e-07,0.0001098458015298,76.0,100.0,100.0,-0.0002272952115016,-6.266550025193654e-05,-0.3650245114216983,32.0,0.0,1.2441303671131949e-08,0.000668439866338,0.002259344337681,0.9576349584963472,-0.5331542720452536,0.7722388446963423,1.8777549147028485,0.2668238423313712,0.8490566037735849,0.002430077850262
hust,hust_5-2,50,1.1872156666666625,1574.0,0,1,1.0198398638794546,0.0206130595386539,1.0206290097994846,0.0003783784038599,3.586369175550744e-05,0.0206134058203976,0.0010261404344672,0.0005869189299676,-1.2821304593251617,0.1483337857688589,1.0090070010681385,0.0004294387403885,0.9981601656494756,0.001101532035304,-1.3906800604694789e-05,-0.0003721106885187,50.0,50.0,50.0,0.0012701629981675,3.7585591270538525e-05,0.4479549053107806,17.0,0.0,1.908631692242516e-07,0.0006170286864431,0.0020506617678091,0.7984131554758864,0.6993874319527107,0.8141931618376571,1.6842239048727734,0.1202491281515769,3.8,0.0025783811066434
hust,hust_5-2,100,1.1872156666666625,1574.0,0,1,1.0157075340893311,0.0164807297485304,1.0164934824375562,8.958021201505964e-05,2.16967121482702e-05,0.0211261274161448,0.0015408157143766,0.0006264086825175,-2.26064556642125,-0.2125316336489978,1.0090070010681385,0.0001681707117196,1.0033819021852377,0.0005737370249453,-4.746635420886232e-06,-8.786512024905052e-05,100.0,100.0,100.0,0.0007920975254881,-8.110035524475887e-05,0.1605721875705494,27.0,0.0,-5.298453196308474e-06,0.0008126693035412,0.0025691204097431,0.3020473810052324,4.929108703366779,0.7477256709500352,1.8698993867914149,0.3216322610769624,1.648648648648649,0.0015457946843132
hust,hust_5-3,50,1.2191579458333366,2024.0,0,1,0.9927176523970604,-0.0097831868633289,0.9902412182811272,-0.0001538695414601,5.186263725244561e-06,0.0097831868633289,0.0022517226458945,0.0006738718231331,0.7094662878218305,0.4417522507530245,0.9982420915494336,-0.0002038163929859,1.0011878761272917,-0.0002898646137594,2.615289851908331e-06,0.000154561153137,50.0,50.0,50.0,-0.0003229913389079,-0.0001110158157692,-0.4052120970666009,16.0,0.0,3.737736581653772e-05,0.001100428621991,0.0030076815735155,0.9130208968718498,-0.0551376149306528,0.7390183626687724,1.8736225510079296,0.7621400520468967,0.7142857142857143,0.0015153833619188
hust,hust_5-3,100,1.2191579458333366,2024.0,0,1,0.9872171026841968,-0.0152837365761925,0.9847543902432356,-0.0001155043831908,1.1373703319762263e-05,0.0152837365761925,0.0022517226458945,0.0005353916398968,0.4892980417397792,0.5952682255070368,0.9982420915494336,-0.0001559564956754,1.0002054662884896,-0.0001845357993387,6.767785896848838e-07,0.0001163576343445,79.0,100.0,100.0,-0.0002296026240761,-8.153397797325811e-05,-0.350734671243172,19.0,0.0,1.2893102633723862e-05,0.0008541271494648,0.0030076815735155,0.957943433052075,-0.5208707838065396,0.7733753159893365,1.89797895788346,0.2325113013178098,0.75,0.0025080516610343
hust,hust_5-4,50,1.193135518055549,1520.0,0,1,0.9939813219014684,-0.0070492388290636,0.9929580183606788,-0.0001233247986798,3.2819037078134264e-06,0.0070768993732991,0.0010261640519871,0.0003554284196732,0.6834405172504033,0.4496268431745662,0.9984613871741052,-0.000146859142272,1.0005705476406774,-0.0002370205940341,2.186457602966932e-06,0.0001238232538051,50.0,50.0,50.0,-0.00027157204396,-7.754683492439239e-05,-0.3893845112545342,16.0,0.0,2.242179991963372e-05,0.0005838730315524,0.0020507892082807,0.9268404757418416,-0.2903532785114393,0.7632624127848623,1.8004002010856266,0.7396671961948381,0.7777777777777778,0.0012784009297129
hust,hust_5-4,100,1.193135518055549,1520.0,0,1,0.990370502210808,-0.0106600585197237,0.9893509160080544,-8.974344856332979e-05,6.885557595789618e-06,0.0106617114939185,0.0010324569945908,0.0003489501181585,0.5067097436453186,0.5853256625937721,0.9984613871741052,-0.000108776107344,0.9997082374098758,-0.000146407635605,5.555312455063945e-07,9.030529337785216e-05,100.0,100.0,100.0,-0.0001966490409206,-5.236964484576848e-05,-0.3615027408229023,23.0,0.0,1.0592451611154803e-05,0.0005710296119129,0.0020507892082807,0.9552371901923916,-0.5057429256992485,0.7612556885344154,1.8840633672033376,0.3081805940001219,0.8148148148148148,0.0019653234580033
hust,hust_5-5,50,1.1880678513888938,1242.0,0,1,1.0162702442828189,0.0169225534073307,1.0169335993486968,0.0003256357522242,2.609218098307189e-05,0.0184609709668225,0.001027868716715,0.000638508124464,-1.1984628940768054,0.1655269713123491,1.0075786578280823,0.000352553195986,0.9983789702154156,0.0009262938621559,-1.1551117498684856e-05,-0.0003210788085477,50.0,50.0,50.0,0.0010047924003484,5.129691142892643e-05,0.0417332952220933,21.0,0.0,-1.10524229348139e-05,0.0008828184120524,0.0028194938496847,0.8128001503248299,0.5153818293869881,0.8066654003708134,1.6459103941682645,0.4716049106127093,2.4285714285714284,0.0025223119826615
hust,hust_5-5,100,1.1880678513888938,1242.0,0,1,1.0121838404681545,0.0128361495926662,1.0128445281956084,6.459210763510735e-05,1.5530646235843567e-05,0.0184609709668225,0.0012733256105309,0.0005981906719798,-2.026807068381073,-0.2983148926462516,1.0075786578280823,0.0001309811182925,1.002560646943828,0.0005072363549605,-4.3396494835827866e-06,-6.354788485674569e-05,100.0,100.0,100.0,0.0006793101625246,-8.144358482369078e-05,0.0831461777626813,40.0,0.0,1.9692759520778596e-08,0.0008140079394804,0.0028194938496847,0.2193886793933837,4.149065024577611,0.7861077017044505,1.6860932336557284,0.3129877913881436,1.2790697674418603,0.0015395608724189
hust,hust_5-6,50,1.2191474624999978,1807.0,0,1,0.9930768822898736,-0.0081610877686952,0.9918490029216352,-0.0001492640050914,4.711598358293925e-06,0.0081652117798833,0.0010217203546678,0.000396118064793,0.5178919707621391,0.5177261144492664,0.9982121124161296,-0.0001700226618477,1.0008012849689285,-0.0002581393048036,2.09375576369532e-06,0.0001499251712005,50.0,50.0,50.0,-0.000275793555056,-0.0001005039436041,-0.203263660239281,22.0,0.0,2.144621556862235e-05,0.0006080651078102,0.0020155705961427,0.9457403420960332,-0.609573931318887,0.7776887166104758,1.7323202627340035,1.0033021088637848,0.4545454545454545,0.0015746978507052
hust,hust_5-6,100,1.2191474624999978,1807.0,0,1,0.9885487909137988,-0.0126891791447699,0.9873265102560704,-0.0001119925464968,1.0603694908842366e-05,0.012705718480256,0.0012580307527816,0.0003981841627643,0.4404089407105009,0.5984721871986238,0.9982121124161296,-0.0001294814198445,1.0000127503472889,-0.0001762363391064,6.298411040153513e-07,0.0001128084110527,81.0,100.0,100.0,-0.0002151923522089,-7.546091504238445e-05,-0.307761865849833,22.0,0.0,1.0519458309518151e-05,0.000640902504083,0.0020155705961427,0.9659749083620818,-0.7100422053323316,0.7875558838119348,1.805128836093458,0.2225954559318946,0.53125,0.0025558069482127
hust,hust_5-7,50,1.195407370833334,1171.0,0,1,0.9926356776003102,-0.007745144461781,0.9922578039372886,-0.0001541397846845,4.976750693001316e-06,0.0077589008136714,0.0012834513653308,0.0003395086750822,0.5160052400877118,0.4988429133512553,0.9978271412304598,-0.000161357176287,1.0006111430317404,-0.0002734179652987,2.293811165655845e-06,0.0001548916414363,50.0,50.0,50.0,-0.0002888569757801,-0.0001000329195492,-0.46764039792529,36.0,0.0,1.08813316956613e-05,0.0005850417483231,0.0020434456567691,0.954802628793224,-0.7466047244686038,0.801512241948361,1.6208684650666627,0.8823891801984737,0.5,0.0016004028250254
hust,hust_5-7,100,1.195407370833334,1171.0,0,1,0.9886026498402868,-0.0117781722218044,0.9882263114585444,-0.0001139218065288,1.096543084620588e-05,0.012296377715414,0.0012834513653308,0.0003557806080595,0.4476467414116702,0.6028918024798603,0.9978271412304598,-0.0001201854308347,0.9997246034202288,-0.0001812957156971,6.605285212580598e-07,0.0001148050631306,77.0,100.0,100.0,-0.0002200096811023,-8.413644161612141e-05,-0.4406941714951167,36.0,0.0,1.0544364460268696e-05,0.0006022243047301,0.0020434456567691,0.966568985533675,-0.7102715870376564,0.7909137370050715,1.7584193233849694,0.17845806196891,0.5076923076923077,0.0025228080459536
hust,hust_6-1,50,1.1894507750000036,1255.0,0,1,0.9925957797155892,-0.0081757294897584,0.9918305732981444,-0.0001399645785879,4.196723985461122e-06,0.0081757294897584,0.0015443238684858,0.0004775329001861,0.585889044787629,0.4588200683564575,0.9981968942299808,-0.0001703276977032,1.0005067164555066,-0.0002574260128611,2.2588737360226443e-06,0.0001406068525324,50.0,50.0,50.0,-0.000291313786475,-0.0001043005851256,-0.4691151394494727,31.0,0.0,-5.1924157491519246e-08,0.0008078543058643,0.0020643374483286,0.9335893104806828,-0.4639733193818856,0.7649210150685306,1.7849865729200691,1.0986122886681098,0.7142857142857143,0.0017452476006118
hust,hust_6-1,100,1.1894507750000036,1255.0,0,1,0.9880038074248502,-0.0127677017804976,0.987242141025142,-0.0001092796555411,1.0089400623717803e-05,0.0127714546797201,0.0025662918062135,0.0005250728227248,0.3778343742038231,0.6571621489867004,0.9981968942299808,-0.0001302826712295,0.9996061330525282,-0.0001620272233619,5.171330178518699e-07,0.0001100750497368,82.0,100.0,100.0,-0.000206876011431,-8.929404478541759e-05,-0.4397400938171391,31.0,0.0,1.0673657661863996e-05,0.0008907228803818,0.0035912956922854,0.9666251651403336,-0.7165168518788438,0.7709052964965176,1.8699415825805403,0.3036019729825088,0.8846153846153846,0.0025023103625319
hust,hust_6-2,50,1.20033807222222,1496.0,0,1,1.0194152385393012,0.0201932114930595,1.0202089334967444,0.0003868936884977,3.5572726286977294e-05,0.0212024410548822,0.0015414476772424,0.000635765598807,-1.107891769610256,0.1901396867470872,1.0083863711303584,0.0004206919061053,0.997887300194183,0.0010357125483929,-1.2477285767215732e-05,-0.0003808443115533,50.0,50.0,50.0,0.0011386460203393,0.0001237814234218,0.0924703666762519,24.0,0.0,-1.627791998615519e-07,0.0008613588535297,0.0030681194246695,0.8415814126352775,0.261460456149341,0.8118952192317024,1.6423624235567575,0.2105647691073496,2.4285714285714284,0.0030892963289375
hust,hust_6-2,100,1.20033807222222,1496.0,0,1,1.015364254810195,0.0161422277639534,1.016154795758127,9.175025212247976e-05,2.165212955278096e-05,0.0212024410548822,0.0015414476772424,0.0005700991021447,-2.082377139512713,-0.2072654037229414,1.0083863711303584,0.0001647166098362,1.0025195837672642,0.0005791472019749,-4.778401469142152e-06,-9.005316253699828e-05,100.0,100.0,100.0,0.0007522247326834,-6.689423481439639e-05,0.1948322362178381,38.0,0.0,-3.108612575597991e-08,0.0007268233289481,0.0030681194246695,0.3175109777362891,4.068714812076158,0.7732511572151027,1.7759380760216943,0.2498633124811917,1.3902439024390243,0.0015493945124813
hust,hust_6-3,50,1.1994061041666613,1437.0,0,1,1.0149743820840946,0.0159983205577183,1.0160147186442825,0.0002912141923562,2.174690781087217e-05,0.0170219290068969,0.001021964116858,0.0006055432024591,-1.2972229769240604,0.1220563371551597,1.006618554545159,0.0003332983449524,0.9984790954758124,0.0008915191992699,-1.1544327056031846e-05,-0.0002873655496183,50.0,50.0,50.0,0.0009245699313145,6.688228183746049e-06,0.0020985077099213,22.0,0.0,-1.063745531836888e-05,0.0008543489885887,0.0020573168043419,0.7799334651833074,0.7915362615567396,0.7989001700956799,1.6632988688398098,0.262364264467491,2.4285714285714284,0.0015375618855882
hust,hust_6-3,100,1.1994061041666613,1437.0,0,1,1.0103714280955067,0.0113953665691303,1.0114070466830998,4.560471005192667e-05,1.2496385897175595e-05,0.0170228947626398,0.0010243171332492,0.000622189649518,-1.983006669332845,-0.3466743290632179,1.006618554545159,0.0001162792507053,1.0027957548280766,0.0004572500049175,-4.035738184956738e-06,-4.493257980937836e-05,100.0,100.0,100.0,0.0006444706156263,-9.486656726168322e-05,-0.1190032071387452,38.0,0.0,-5.139451753547749e-06,0.0009333672884168,0.0020573168043419,0.1359188838085334,4.261551668735084,0.7979093150017271,1.6649497281387873,0.3892184916712038,1.3333333333333333,0.0015321656964269
hust,hust_6-4,50,1.1979294097222195,1332.0,0,1,0.991967553272696,-0.0082866179365554,0.9917154877479416,-0.0001559624298891,5.1872146900489015e-06,0.0083114153539254,0.0015354178696127,0.0005711515197995,0.5451158542190314,0.4973232639589224,0.9982180606948328,-0.0001726378736781,1.000364012866908,-0.0002778312966924,2.343632053910884e-06,0.0001567745611254,50.0,50.0,50.0,-0.0003127228839546,-8.413444908041026e-05,-0.534451772263279,26.0,0.0,1.117856748738738e-05,0.0010095204549921,0.0030381682606447,0.9378551299828914,-0.6141736162628066,0.7843564078176092,1.7375595570713709,0.8754687373538999,0.5483870967741935,0.0016054043714974
hust,hust_6-4,100,1.1979294097222195,1332.0,0,1,0.987366050917666,-0.0128881202915854,0.9871151546651344,-0.0001132771122643,1.0924252387868118e-05,0.0128958674555505,0.0015354178696127,0.0005006160677785,0.4864233645952638,0.5779017073581263,0.9982180606948328,-0.0001315114315467,0.9994410205227804,-0.000183548709526,6.889372280551772e-07,0.0001141922036266,70.0,100.0,100.0,-0.0002247676031967,-8.583580725908008e-05,-0.4907804862837892,26.0,0.0,5.1597957019382665e-06,0.0008679189903667,0.0030381682606447,0.9592624460112767,-0.6120888757046239,0.7727854750212396,1.856144046247843,0.218587734778349,0.7192982456140351,0.0025653338702131
hust,hust_6-5,50,1.206994804166663,1686.0,0,1,0.9926220144054988,-0.0076315112647118,0.9923704230289032,-0.000147425573385,4.70593297767495e-06,0.0078937235690197,0.0020242055285745,0.0006128848742417,0.5837980815877418,0.4066400326626304,0.9982248531243378,-0.0001589898180148,1.0004020536090985,-0.0002757784325195,2.4683242141245635e-06,0.0001481663643185,50.0,50.0,50.0,-0.00027869468932,-0.0001291289357728,-0.56780860984142,26.0,0.0,1.635188731374307e-05,0.001093744196894,0.0030313165563778,0.9236977998214296,-0.6095807464546619,0.7699132760710578,1.7601394897359304,0.8362480242006186,0.5,0.001515920637783
hust,hust_6-5,100,1.206994804166663,1686.0,0,1,0.989295936845369,-0.0109575888248418,0.9890451885010856,-0.0001044856894062,9.413524407014e-06,0.0124589024771648,0.0020242055285745,0.0005617405804407,0.5349931360719172,0.5543206909331272,0.9982248531243378,-0.0001118121308656,0.9994613024847144,-0.0001773609476321,7.144633159400418e-07,0.0001052866435788,71.0,100.0,100.0,-0.0002110265148827,-7.700552562678281e-05,-0.516390965529051,26.0,0.0,1.0492011178950552e-05,0.0009803821627471,0.0030313165563778,0.9471226045197162,-0.5482614388613434,0.7839720481487075,1.813968596127948,0.3407594886328329,0.7818181818181819,0.0022901921287954
hust,hust_6-6,50,1.1879540763888925,1924.0,0,1,1.0189240936274218,0.0197117491687509,1.0197272874760468,0.0003866347903611,3.381975493991815e-05,0.0207208673955699,0.0015699423753097,0.0006396874557661,-0.9280250256942272,0.2689983907731572,1.0066530618493827,0.0004106614410155,0.99788160196889,0.0009310021710716,-1.046860347520302e-05,-0.0003810730879735,50.0,50.0,50.0,0.000928095407167,0.0001436863159508,-0.1571809867525503,25.0,0.0,-2.1780199742365827e-05,0.0009594191873081,0.0033729278033316,0.8840185943582084,-0.1626310162035298,0.8088776748211373,1.6305732085339382,0.1930660960769318,3.363636363636364,0.0030629901769658
hust,hust_6-6,100,1.1879540763888925,1924.0,0,1,1.0152961919759884,0.0160838475173176,1.0160965260352457,0.0001071250022821,2.2527003422203872e-05,0.0207208673955699,0.0015699423753097,0.000595160569412,-1.8919041959490968,-0.1765462701570187,1.0066530618493827,0.0001641208930338,1.001497313648612,0.0005791971078302,-4.62815789753059e-06,-0.000105205829123,100.0,100.0,100.0,0.0007097542333836,-9.798791555439996e-05,0.0056300980058597,32.0,0.0,-5.4616361825333865e-06,0.0008406471501024,0.0033729278033316,0.4160285096105695,3.0368915066202504,0.7967529775073647,1.711239446340605,0.2546698049609837,1.3333333333333333,0.0015183410539955
hust,hust_6-8,50,1.2263807347222215,1700.0,0,1,0.9907409407022268,-0.0096110333254511,0.9903923483184076,-0.0001893201091689,7.447062451207562e-06,0.0096128453420296,0.0017436967579209,0.0005506274305534,0.3694052100017215,0.6000491911616296,0.9978522427978684,-0.0002002298609468,1.000639667588481,-0.0002962951221431,2.057211787964628e-06,0.0001903842150403,50.0,50.0,50.0,-0.0003145370444883,-0.0001480788975922,-0.4127366693793091,34.0,0.0,1.04750943463171e-05,0.0009338696035039,0.0029908534080419,0.9625836756601344,-0.8969651099321214,0.7962711416974335,1.6521076913649717,0.2643865098482589,0.3333333333333333,0.0020988610672835
hust,hust_6-8,100,1.2263807347222215,1700.0,0,1,0.9864502213468288,-0.013901752680849,0.9861031386534111,-0.0001414086958359,1.6873005443421293e-05,0.0151449251595176,0.0017436967579209,0.0005396606901267,0.4205714971930542,0.5878201609067146,0.9978522427978684,-0.0001418546191923,0.9999255359550616,-0.000224098453297,8.106838966769584e-07,0.0001427302852829,57.0,100.0,100.0,-0.0002505029448107,-0.0001016453771963,-0.3452523286622787,34.0,0.0,1.78621635739121e-05,0.0008776817040131,0.0029908534080419,0.9678423393797536,-0.8283509413392931,0.802136598673841,1.712180939381095,0.2094298755520327,0.4848484848484848,0.0030650441618056
hust,hust_7-1,50,1.203990197222223,1308.0,0,1,0.9925130758089806,-0.0082468925417212,0.9917593700762106,-0.0001546256207113,4.995211281769021e-06,0.0082468925417212,0.0010493210203338,0.0004060036049829,0.4346842981413068,0.5405541413444505,0.998208992431558,-0.0001718102612858,1.0007029927112032,-0.0002573166203392,1.9748269159197897e-06,0.000155335817521,50.0,50.0,50.0,-0.000263686621335,-0.0001351779795971,-0.3620283986064185,37.0,0.0,1.062841959333871e-05,0.0006748925902116,0.0020353824816921,0.957280132179844,-0.8116190834662973,0.7833551433050743,1.6891387929437154,1.0498221244986778,0.4117647058823529,0.0020274851305719
hust,hust_7-1,100,1.203990197222223,1308.0,0,1,0.988001729554504,-0.0127582387961977,0.9872514496985486,-0.0001130845598116,1.0822179154249887e-05,0.0127657646972665,0.0010493210203338,0.0004074956943765,0.4578816528112846,0.576682930274956,0.998208992431558,-0.0001301861101652,0.9999649614786283,-0.0001826462539326,6.819773933431237e-07,0.00011393484093,76.0,100.0,100.0,-0.0002124737685831,-8.534914190354779e-05,-0.4107792523581518,37.0,0.0,-5.140814499765828e-06,0.0006810829883822,0.0021041076628742,0.9650209333863256,-0.736308841887511,0.7887045411188816,1.7845561855176817,0.1690194941008683,0.53125,0.0025284212873735
hust,hust_7-2,50,1.2175419527777804,1637.0,0,1,1.0038507548301372,0.0058907301672406,1.00590277167588,4.472108188391928e-05,3.211497473098597e-06,0.0087279858116134,0.0012667370943861,0.0006421765443467,-1.8533255621981088,-0.343817662475517,1.0055117128829578,0.0001227235451507,0.9994909563250124,0.0004716836460979,-8.210818542579447e-06,-4.4459894384240045e-05,50.0,50.0,50.0,0.0006520297237498,-0.0001150554113475,-0.0393993200066126,10.0,0.0,-4.350964874280404e-05,0.000891636124002,0.0025085172572747,0.1245509412117323,3.801173411838535,0.7912931525167547,1.6897877184273673,0.7363193524251541,0.8461538461538461,0.0009654104937373
hust,hust_7-2,100,1.2175419527777804,1637.0,0,1,0.9973852577924964,-0.0005747668704,0.9994240582225784,-7.373963251198548e-05,7.644758166626035e-06,0.0093027526820135,0.0014872337173376,0.0005560702178363,-0.2566084779642049,-2.874411033646113,1.0055117128829578,-5.8649680653072505e-06,1.0029349651708777,0.0001149578928554,-1.8499757388975328e-06,7.346889854759345e-05,100.0,100.0,100.0,0.0002932535411331,-0.0001170100699668,-0.1144759850567493,34.0,0.0,-2.6096534379822065e-05,0.000806254427827,0.002529356146782,0.5808754420127975,-1.3040381569488078,0.9627590535545746,0.7437725506649415,0.2456989266025895,0.75,0.0025018576647123
hust,hust_7-3,50,1.1798374208333329,1063.0,0,1,0.9942578234911066,-0.006241481413712,0.9937616334333128,-0.0001142583711029,2.774586660347914e-06,0.006241481413712,0.0012964945430338,0.0004020719579319,0.4606118350998164,0.539141711130292,0.9984515510160168,-0.0001300308627856,1.0004654171785063,-0.0001906095218704,1.4682913609138115e-06,0.0001146525876991,50.0,50.0,50.0,-0.0002067281225987,-9.013432707201987e-05,-0.4010083938896116,27.0,0.0,1.0050018330896715e-05,0.000677823422442,0.0020577223055549,0.9410392945138396,-0.7306009611958149,0.778121705241844,1.7854259531214736,0.6931471805599453,0.5,0.0012872771713802
hust,hust_7-3,100,1.1798374208333329,1063.0,0,1,0.990154689898227,-0.0103446150065917,0.9896605475327382,-9.410164776870868e-05,7.408431193514189e-06,0.0103446150065917,0.0012964945430338,0.0003600161275896,0.3054580733047454,0.7067270811302443,0.9984515510160168,-0.0001055572959856,0.9999452026063576,-0.0001328958799535,3.803356096560693e-07,9.4648687194376e-05,100.0,100.0,100.0,-0.0001573423552031,-6.171467263840514e-05,-0.3409761405909701,27.0,0.0,-2.601946627101197e-07,0.0005898062221571,0.0020577223055549,0.9761420787405743,-0.911938127278761,0.7978928915450613,1.7304769563756457,0.2539152099809634,0.5806451612903226,0.0020734424563969
hust,hust_7-4,50,1.18298699861111,1148.0,0,1,0.994180767500426,-0.006567377520924,0.9934375321567208,-0.0001203582185886,3.0403557143630114e-06,0.0065740273545023,0.000788211912337,0.0003116570968771,0.4769468123698592,0.5429570434405201,0.9987027130366491,-0.0001368203650192,1.000632517909556,-0.0002006025024238,1.5431593045219704e-06,0.0001207782253598,50.0,50.0,50.0,-0.0002150359900792,-0.0001072697650291,-0.4313686952461247,21.0,0.0,1.0542042562949244e-05,0.000529895086498,0.0015764332170946,0.9529214435945704,-0.6896106616503586,0.7819668726282942,1.7542933006944574,0.6931471805599453,0.4117647058823529,0.0013675246564753
hust,hust_7-4,100,1.18298699861111,1148.0,0,1,0.9901229037997816,-0.0106252412215685,0.9893827020570276,-9.573072152184212e-05,7.665292764179102e-06,0.010626746356924,0.000788211912337,0.0003239661414986,0.3345910578900242,0.679458963291778,0.9987027130366491,-0.0001084208287915,1.0000320840505057,-0.0001377358887216,4.1181536470312206e-07,9.62942944836686e-05,100.0,100.0,100.0,-0.0001761486898402,-7.85859274395424e-05,-0.39138784923076,21.0,0.0,5.054961878720132e-06,0.0005416942039789,0.0015764332170946,0.9763797133544608,-0.8244536778667415,0.7860179003086557,1.780644854275305,0.2006706954621511,0.5555555555555556,0.0021269605410913
hust,hust_7-5,50,1.2011737791666643,1528.0,0,1,1.008159753496488,0.009918314611155,1.0099357873003452,0.0001436755237406,7.288616718629466e-06,0.0120072227360115,0.0007514085287882,0.0005402364788719,-1.823609210082454,-0.0649734591959978,1.0053063246685086,0.000206631554399,0.99932632950523,0.0006193752247005,-9.148071172306992e-06,-0.0001424110531164,50.0,50.0,50.0,0.0007733130773575,-0.0001087762006736,0.2301092808820872,13.0,0.0,-3.252984368252412e-05,0.0006489234592384,0.0020004159796844,0.5664354957615174,3.117369600445171,0.7685465065331768,1.7590253096482258,0.3184537311185346,1.2857142857142858,0.0005269197789692
hust,hust_7-5,100,1.2011737791666643,1528.0,0,1,1.003161815836849,0.004920376951516,1.0049290449783477,-2.162900794273801e-05,5.536503284192114e-06,0.0120072227360115,0.0010153748673334,0.0004967156879103,-0.8811875624718738,-0.7370526722396642,1.0053063246685086,5.020792807669507e-05,1.0030239993973724,0.0002441037695725,-2.6052233089738256e-06,2.1451567116954707e-05,100.0,100.0,100.0,0.0004059786088917,-9.224195354885996e-05,0.0785270094756309,32.0,0.0,-2.068776351483292e-05,0.0006588528498437,0.0020004159796844,0.0690053031312807,0.8523993016440357,0.8875046466241787,1.092586675770037,0.686080013336853,0.8846153846153846,0.0015814184144542
hust,hust_7-6,50,1.1879199124999975,1162.0,0,1,0.9933230522670708,-0.0074416632863726,0.992564023120802,-0.0001332574055718,3.7275533956824575e-06,0.0074416632863726,0.0015665127312759,0.0004244625711738,0.4634215988245339,0.5617851785906862,0.9986746055155468,-0.0001550346517993,1.000616814829053,-0.000219846986999,1.6651842582145344e-06,0.0001337799548881,50.0,50.0,50.0,-0.0002389550400535,-0.000106567608356,-0.4402813854996971,20.0,0.0,7.58422867557664e-07,0.0007243840900394,0.0025711726776224,0.9527716576948346,-0.7481762321331957,0.7742533900821623,1.7692725708296964,0.6466271649250525,0.3333333333333333,0.0015624697164831
hust,hust_7-6,100,1.1879199124999975,1162.0,0,1,0.9888124110199872,-0.0119523045334562,0.9880568285954742,-0.0001047534972368,9.183026671921909e-06,0.0119523045334562,0.0015665127312759,0.0003998567196718,0.3432466228118495,0.6819712384826568,0.9986746055155468,-0.0001219622911576,0.9999561033275572,-0.0001514805635737,4.581084934987901e-07,0.0001054389971879,90.0,100.0,100.0,-0.0001857903330936,-8.310528586496524e-05,-0.4909726906689953,20.0,0.0,1.0197153804020705e-08,0.0006916216177177,0.0025711726776224,0.975879164889424,-0.8232763849596454,0.7814522111803633,1.8019140009471453,0.2011770245868925,0.53125,0.0025119491752327
hust,hust_7-7,50,1.1895763124999994,1367.0,0,1,0.9936730613161994,-0.006833744944053,0.9931697166862896,-0.000131229759104,3.5780597531289164e-06,0.006833744944053,0.0007686256688881,0.0002855759934149,0.4574056746731595,0.5612842470259981,0.9984426843289768,-0.0001423696863344,1.000567152312805,-0.0002167375463572,1.6443805241005396e-06,0.0001317422039517,50.0,50.0,50.0,-0.0002391153037698,-0.0001093042918385,-0.3511125997567995,21.0,0.0,9.444479483962268e-06,0.0004712132801343,0.0014918616945252,0.9626026876400168,-0.7921870714836112,0.7921064132630427,1.674866325571334,0.8649974374866046,0.4117647058823529,0.0015297159751485
hust,hust_7-7,100,1.1895763124999994,1367.0,0,1,0.9896989736465988,-0.0108078326136536,0.9891976420889612,-9.98798717302973e-05,8.389917548454972e-06,0.0108454673950236,0.0012945622230151,0.0003086025171188,0.4128849921005174,0.6025555284795399,0.9984426843289768,-0.0001102840062617,1.0000043034724475,-0.0001569085222288,5.591044166523955e-07,0.0001005283712512,95.0,100.0,100.0,-0.0001856662822147,-6.508639139417215e-05,-0.3521670317413594,25.0,0.0,5.259965685643846e-06,0.0005083645227199,0.0025961577624953,0.971053345167776,-0.8085986732184454,0.7978514811693377,1.7289700071952734,0.1550487490389427,0.5555555555555556,0.0025000334356888
hust,hust_7-8,50,1.1950979111111093,1566.0,0,1,1.014254018071525,0.015798161660615,1.0158225940177303,0.0002710088934166,2.0089019780024525e-05,0.0165411133399266,0.0005384705253172,0.0005129159099136,-1.4423924851866576,0.0593198955464968,1.0071555039116646,0.0003291283679294,0.9983679407443086,0.0009124722878535,-1.2335834508400628e-05,-0.00026746252683,50.0,50.0,50.0,0.0009972631176775,-5.457619989130999e-05,0.4869743033448775,18.0,0.0,-1.0517798531421184e-05,0.0005223465884443,0.0015210027607978,0.7312036238224914,1.2644478466801337,0.8028573236979574,1.6678592070644476,0.1188612028767288,2.6923076923076925,0.0014688545462928
hust,hust_7-8,100,1.1950979111111093,1566.0,0,1,1.0101894487268976,0.0117335923159878,1.0117517386879435,3.492942929666529e-05,1.1091300028875482e-05,0.0165411133399266,0.0015356505611086,0.000504685843427,-2.074262879646644,-0.3384596228756704,1.0071555039116646,0.0001197305338365,1.0032513590951588,0.0004188653638207,-3.76407778945284e-06,-3.444013096548326e-05,100.0,100.0,100.0,0.0006313019284257,-9.848029951954116e-05,0.2745443512410495,32.0,0.0,-5.411520359950344e-06,0.0006095188403927,0.0030757452025408,0.0898349552695384,4.943758103056979,0.7892966048088234,1.7520588667412589,0.2371859084372486,1.0416666666666667,0.0017093299617319
hust,hust_8-1,50,1.1881386708333326,1062.0,0,1,0.9940564001436129,-0.0067062832311117,0.993298827641637,-0.000127658390308,3.42843617201713e-06,0.0067111975471196,0.001284006501283,0.0003729998997342,0.4982591866278831,0.4818531239258876,0.9986880447876264,-0.0001397142339814,1.0008207506539053,-0.0002243957119986,1.8603331094346837e-06,0.0001281299767949,50.0,50.0,50.0,-0.000218498099215,-8.40153629874333e-05,-0.4994877358993382,32.0,0.0,1.0815434866397872e-05,0.0006501887227121,0.0020574057501337,0.950676273285778,-0.8355408745061776,0.7963402437865644,1.6482426114903106,0.750305594399894,0.92,0.0015267648279312
hust,hust_8-1,100,1.1881386708333326,1062.0,0,1,0.9894178749896037,-0.0113448083851209,0.9886638375175376,-9.932117614186602e-05,8.269232149490915e-06,0.0113448083851209,0.001284006501283,0.0003483484423992,0.3630143488945203,0.6649349052348321,0.9986880447876264,-0.0001157633508685,1.0000672933947397,-0.0001459849253964,4.5748773779052097e-07,9.9931943421476e-05,95.0,100.0,100.0,-0.000182052525892,-8.083147393282403e-05,-0.4939191990099851,32.0,0.0,5.7291186335038595e-08,0.0006027002954672,0.0020574057501337,0.9742341585083686,-0.7826523561618397,0.7857006711564788,1.8130030346674089,0.1725580545261034,0.8490566037735849,0.0020673629679653
hust,hust_8-2,50,1.2144086416666708,1564.0,0,1,0.9927677716921514,-0.0075867264074035,0.992415962119612,-0.000145289478694,4.44266212634425e-06,0.0075867264074035,0.0012476968928758,0.0003977232477821,0.5253132178655832,0.4726476689768774,0.9983504820204996,-0.0001580568001541,1.0006544840911795,-0.0002575347136424,2.158562210544132e-06,0.000145945452498,50.0,50.0,50.0,-0.0002644610639756,-0.0001073749976927,-0.5385865671938076,24.0,0.0,4.978977252680876e-06,0.0007045938567854,0.0019718239131713,0.9502875536736016,-0.7692555519332847,0.7892324243495225,1.675408042526004,0.9614111671546248,0.5,0.0015292857066864
hust,hust_8-2,100,1.2144086416666708,1564.0,0,1,0.9877118884229844,-0.0126426096765706,0.9873618705163132,-0.0001144992481495,1.0993201091392185e-05,0.0126426096765706,0.0012476968928758,0.0003888597757796,0.3583162014890202,0.6612581136336249,0.9983504820204996,-0.0001290062211894,0.9998148878035688,-0.0001684119146199,5.285555536312666e-07,0.0001153425188962,77.0,100.0,100.0,-0.0002098231444609,-7.81710970591259e-05,-0.4219928021940153,26.0,0.0,-2.7781636032462284e-06,0.000657922344317,0.0019718239131713,0.9739259265404904,-0.7962305865662649,0.7905847336729697,1.791200234996923,0.2459582290803811,0.5806451612903226,0.0025405849624886
hust,hust_8-3,50,1.199295200000001,1844.0,0,1,1.0130045129839589,0.0148049616511791,1.014831665303207,0.0002455220282901,1.695596175820712e-05,0.0163492969315084,0.0010147140309304,0.0006129106479649,-1.5578952692832395,0.0788608359125896,1.007362136528188,0.0003084367010661,0.9988372090790266,0.0008343927804854,-1.132443754221881e-05,-0.0002425095189789,50.0,50.0,50.0,0.0009983384942277,-2.4819509661558647e-05,0.1472809391083391,15.0,0.0,-3.282912206324961e-05,0.0007923458073292,0.0020267459310001,0.7110309310121354,1.742281745571967,0.7789835119031754,1.7703887999067036,0.3813675565291038,1.8235294117647056,0.0010506703344482
hust,hust_8-3,100,1.199295200000001,1844.0,0,1,1.008372586480608,0.0101730351478284,1.01019138421195,2.147985603793501e-05,9.34404697975867e-06,0.0163492969315084,0.0010203469689715,0.0005847990104217,-1.9817355626174809,-0.3709800145983644,1.007362136528188,0.0001038064811002,1.0033738800448635,0.0003791485564704,-3.506555886593386e-06,-2.120371861891155e-05,100.0,100.0,100.0,0.0005984214738854,-8.874001550052057e-05,0.0630367058473738,24.0,0.0,-1.070779725550636e-05,0.0007989138500963,0.0020386719170097,0.0403248303511122,4.881994908121661,0.7828703989427475,1.7022835132672718,0.3869460603409269,1.1777777777777778,0.0015389362759811
hust,hust_8-4,50,1.1955474111111133,1517.0,0,1,0.9940401127453768,-0.0067166837670016,0.9932883955518372,-0.0001191789954388,3.0230160224504724e-06,0.0067166837670016,0.0012764538628318,0.0003332892988001,0.5620852406810294,0.4585247321906381,0.9986996890973248,-0.0001399309118124,1.0006629537190117,-0.0002159286133607,1.8605695754198188e-06,0.0001196117661305,50.0,50.0,50.0,-0.0002276609245059,-0.0001033768773143,-0.339158262987029,24.0,0.0,3.1109323686397985e-07,0.0005460654303069,0.0020515241985803,0.9396994821294652,-0.6723486208037888,0.7696706277228301,1.7293662068618338,0.6931471805599453,0.6,0.0010716476349248
hust,hust_8-4,100,1.1955474111111133,1517.0,0,1,0.9904261917509144,-0.0103306047614638,0.9896772074919042,-9.039262206411667e-05,6.9168171815885125e-06,0.0103405142155858,0.001297197498567,0.0003684128435831,0.4224084221982641,0.6138135557579402,0.9986996890973248,-0.0001054143343006,0.9999429634659024,-0.0001402274367862,4.885766149221426e-07,9.092515032921272e-05,100.0,100.0,100.0,-0.0001765540403364,-6.644251763957008e-05,-0.3904628211330915,24.0,0.0,5.109978090330329e-06,0.0006160605234692,0.0025137880353796,0.9647271511049946,-0.6928470987187838,0.7870415660399601,1.83186647204552,0.2727191997750685,0.6610169491525424,0.0020814152014629
hust,hust_8-5,50,1.1841860694444444,1089.0,0,1,0.993606091159867,-0.0068767463427826,0.9931265724058316,-0.0001264616774425,3.3467591413125795e-06,0.0068767463427826,0.0010394457881101,0.0003268835111921,0.4410296298703785,0.5496274509555243,0.9984013820463205,-0.0001432655488079,1.0005773053278144,-0.0002105843471099,1.6177436474481692e-06,0.0001269362507458,50.0,50.0,50.0,-0.0002345453269755,-9.110994086994844e-05,-0.2528816850512863,30.0,0.0,4.3680439799480214e-07,0.0005181433875309,0.0015532984992032,0.9557040220906022,-0.7775276401495557,0.7837316594519206,1.7156860980407176,0.7841189587656721,0.4545454545454545,0.0015349736763036
hust,hust_8-5,100,1.1841860694444444,1089.0,0,1,0.9894572194260391,-0.0110256180766104,0.9889797029361024,-9.913163450771984e-05,8.240837355551358e-06,0.0110256180766104,0.0010394457881101,0.0003592313196965,0.3584827180214593,0.6464302397315161,0.9984013820463205,-0.0001125063069041,0.999982869237062,-0.0001477435329918,4.765872400404506e-07,9.975340952237004e-05,90.0,100.0,100.0,-0.0001767561844827,-7.56146235181491e-05,-0.3751215063912166,30.0,0.0,-4.480339443806264e-07,0.0005959762494619,0.0022851068227264,0.9738633472008078,-0.8345792712687627,0.7921770968356961,1.76545478071465,0.2090446269347081,0.5076923076923077,0.0021543770858003
hust,hust_8-6,50,1.2338995319444472,1746.0,0,1,0.9929021132272672,-0.0080851216160695,0.9919228524254508,-0.000150547963346,4.710464447271918e-06,0.0080851216160695,0.0010015807349027,0.0002890482008449,0.4942048159996012,0.5301015387296127,0.997998109343188,-0.000168440033668,1.0007312454106525,-0.0002557881132135,2.023849035911909e-06,0.0001512237646368,50.0,50.0,50.0,-0.0002805717558314,-0.0001091724524629,-0.4424429482717764,18.0,0.0,2.064214331057789e-05,0.0004801697143154,0.0014708833055151,0.9623122951621856,-0.7241343524607404,0.7894343543250935,1.672631700556091,0.7537718023763802,0.4117647058823529,0.0015602837050281
hust,hust_8-6,100,1.2338995319444472,1746.0,0,1,0.9885052691176512,-0.0124819657256855,0.9875303447524592,-0.0001120565676561,1.0582277165754931e-05,0.0127572942828189,0.0010015807349027,0.0003249656657736,0.4460830151856517,0.5844216398153568,0.997998109343188,-0.0001273669972008,0.999980348186996,-0.0001784273242851,6.506936924416863e-07,0.0001128827331939,76.0,100.0,100.0,-0.000203729414526,-7.719508028329649e-05,-0.4401900018501823,32.0,0.0,1.0370366877474671e-05,0.0005469428126242,0.0017100955600365,0.969036931200526,-0.7314021924319558,0.7885250647182139,1.7825820267382313,0.1964918343871843,0.5806451612903226,0.0026788872936569
hust,hust_8-7,50,1.1966496361111143,1593.0,0,1,0.9948662036320628,-0.0054956817410083,0.994506306346369,-0.0001115136976216,2.717093191403069e-06,0.0062578838604623,0.001292713383533,0.0004872414569775,0.5610473822612404,0.4363921913544568,0.9983121138615836,-0.0001144933696042,1.0002775241002546,-0.0002091741504473,1.878085631264276e-06,0.0001119408165792,50.0,50.0,50.0,-0.0002391755165711,-4.345563951602313e-05,-0.3567900445519588,34.0,0.0,2.6340138589016892e-05,0.0007990798518824,0.0020689964833286,0.9153388478981794,-0.5201168817660715,0.7628325692219429,1.7059274854152862,1.252762968495368,0.5483870967741935,0.0013855628943545
hust,hust_8-7,100,1.1966496361111143,1593.0,0,1,0.9909630236636396,-0.0093988617094313,0.9906045383707056,-8.058757536038139e-05,5.57323548530078e-06,0.0093988617094313,0.001292713383533,0.0004046771440979,0.5168698358800355,0.5682001479416864,0.9983121138615836,-9.590675213705025e-05,0.9995570253505872,-0.0001335526660631,5.192655951249049e-07,8.105914958746368e-05,100.0,100.0,100.0,-0.0001602522130358,-5.3275999415552575e-05,-0.3863546753874267,34.0,0.0,4.913967836646476e-06,0.0006760278054279,0.0020689964833286,0.9516420299009002,-0.5824577301835201,0.7760998867671753,1.863398483971577,0.5364933705145686,0.6610169491525424,0.001632701973299
hust,hust_8-8,50,1.2044319902777805,1351.0,0,1,1.014149201886408,0.0156513564872166,1.015674902614296,0.0002572601828015,1.86812832784924e-05,0.01645367336265,0.000760201587554,0.0005669586562068,-1.590129837163973,0.0576974067916833,1.0083579750299374,0.0003260699268169,0.9989682007098428,0.0008793257248156,-1.1962798884888023e-05,-0.0002538923792118,50.0,50.0,50.0,0.0010713402491361,1.3565275547222973e-05,0.3862666426622225,16.0,0.0,-2.0949027168580176e-05,0.0006226866559099,0.0015400435995963,0.708546631069004,1.8454819771004456,0.7731254295086366,1.7881144942701677,0.1569207647010739,2.4285714285714284,0.0014515186989949
hust,hust_8-8,100,1.2044319902777805,1351.0,0,1,1.009549145095921,0.0110512996967297,1.0110679254318389,2.8629694328400896e-05,1.0393453307109484e-05,0.01645367336265,0.0012444547497987,0.0005492990596716,-2.142717552302348,-0.3735406975592485,1.0083579750299374,0.0001127683642523,1.0036266604326871,0.0004054509570133,-3.69432610475449e-06,-2.823190843287121e-05,100.0,100.0,100.0,0.0006144442054181,-8.9532933848203e-05,0.2299304719078735,34.0,0.0,-5.081723143549607e-06,0.0006839887131166,0.0024866793104854,0.0644048217705977,5.458016240652142,0.7740586661617905,1.7509794368596756,0.3176162802698253,1.1304347826086956,0.0015655766126917
hust,hust_9-1,50,1.2191034500000004,1647.0,0,1,1.008006956532962,0.0097318876242846,1.009748703465993,0.000128732358487,7.623713127051351e-06,0.0117424452826832,0.0009970487373777,0.0005151252666986,-2.027722433278001,-0.1085306335608072,1.006025404707588,0.0002027476588392,0.9994404392618588,0.0006718249803899,-1.0444088882748396e-05,-0.0001275302040762,50.0,50.0,50.0,0.000835179206793,-7.033272772530102e-05,0.3449664880902841,17.0,0.0,-4.725704722957592e-05,0.0005477806520448,0.0015007317239748,0.4347493103551491,3.7056127002469257,0.7781421880564381,1.780578883475982,0.1453329874246141,1.8235294117647056,0.000492668517089
hust,hust_9-1,100,1.2191034500000004,1647.0,0,1,1.0024773966292833,0.0042023277206059,1.0042095889715046,-3.70001526754856e-05,6.709777042260866e-06,0.0117424452826832,0.0009970487373777,0.0004332927088572,-0.6806289657450437,-0.8751533491481673,1.006025404707588,4.2880895108223575e-05,1.003781462155998,0.0002256457783343,-2.574960107940488e-06,3.67002602643385e-05,100.0,100.0,100.0,0.0004588036418541,-0.0001120490911372,0.3100626567983452,23.0,0.0,-1.262647887949028e-05,0.000496862358825,0.0015346068001408,0.1666263850994356,-0.0513267491185258,0.922485880181975,1.017471965502642,0.2639655458344648,0.8490566037735849,0.0022436205521001
hust,hust_9-2,50,1.206988326388887,1679.0,0,1,1.0106753575512988,0.0116823807769615,1.0116941570647302,0.0001962533838881,1.2015936999969032e-05,0.012516594405292,0.0007724506264935,0.0005536398461413,-1.6240156899451883,0.0174555753814655,1.0060477973761128,0.0002433829328533,0.998671613726834,0.0007531493399971,-1.070953761748045e-05,-0.0001941979553945,50.0,50.0,50.0,0.000866611888706,-4.333663161908988e-05,0.1693402943039806,24.0,0.0,-5.233068801892763e-06,0.000720208231449,0.0020439141801279,0.6410717813794025,1.7196510416689683,0.8070221453632771,1.6617599116775468,0.2438794497933879,1.8235294117647056,0.0009361869058389
hust,hust_9-2,100,1.206988326388887,1679.0,0,1,1.0058582208394864,0.0068652440651491,1.0068721644944056,4.89303083661571e-07,7.197185044957546e-06,0.012516594405292,0.0007747520387903,0.0004898608469292,-1.4753383415299266,-0.5235701711730032,1.0060477973761128,7.005351086886928e-05,1.0029427482004556,0.0003188204775919,-3.120893867728614e-06,-4.831832498617444e-07,100.0,100.0,100.0,0.0005286770650075,-0.0001014446160864,0.0614498263422748,24.0,0.0,-4.9595197760834415e-06,0.0006731813458452,0.0020439141801279,2.716677377467835e-05,2.610610954151558,0.8436354617460234,1.4077175485710032,0.36707267706993,0.96,0.0017279256687999
hust,hust_9-3,50,1.210557016666667,1526.0,0,1,1.0100023513968854,0.012002890515096,1.012026950900846,0.0001794241566305,1.051219277291134e-05,0.0140616122156759,0.0010244159273911,0.0005576380475155,-1.8315753037528697,-0.0079231932741802,1.0065550701056285,0.0002500602190644,0.9991986630785094,0.0007160886535234,-1.0320471094094682e-05,-0.0001775727714955,50.0,50.0,50.0,0.0008938685427812,-0.0001165200601352,0.2942960560826569,20.0,0.0,-2.0866515195188943e-05,0.0006593984987905,0.0025512979761758,0.6124893003398972,3.042424315033891,0.7634622859819783,1.7970181729608687,0.2240400103612468,1.5263157894736843,0.0009437207517257
hust,hust_9-3,100,1.210557016666667,1526.0,0,1,1.004991308798923,0.0069918479171337,1.0070058634209642,-1.113401293857386e-05,6.837891774089073e-06,0.0140616122156759,0.0012394179625185,0.0004973489229634,-1.302370490455477,-0.5950439841978216,1.0065550701056285,7.134538690952872e-05,1.0033526780920416,0.000294903020389,-3.0003630718402915e-06,1.1022430387512496e-05,100.0,100.0,100.0,0.000483757912235,-9.9437624658654e-05,0.2024749043796057,33.0,0.0,-1.0026553569569412e-05,0.0006242546513797,0.0025512979761758,0.0148056013032461,2.531312686466549,0.85662639657884,1.319894511272118,0.3413722055920934,1.0851063829787233,0.0017660373360812
hust,hust_9-4,50,1.2134471624999998,1589.0,0,1,1.0098235919046208,0.0116012330560219,1.0116218926105838,0.0001653367894787,9.661455372415192e-06,0.0128423368596584,0.0007754171807849,0.0005274583921183,-1.9498239125244816,-0.0324766316287459,1.0065349764342215,0.0002416923553337,0.9994678852121404,0.0007007784568378,-1.0296955141521316e-05,-0.0001636489790471,50.0,50.0,50.0,0.000921657975885,-0.000108126367023,0.3638642603379312,12.0,0.0,-2.1324376971513844e-05,0.0005894630677315,0.0020330533162187,0.5658827350835075,3.383883264786343,0.7711511869887869,1.832136742870928,0.1727359181305972,1.8235294117647056,0.0007401846802698
hust,hust_9-4,100,1.2134471624999998,1589.0,0,1,1.004765307291335,0.006542948442736,1.0065546001697288,-1.4821709640132143e-05,6.537686112133717e-06,0.0128423368596584,0.0017592992366209,0.0005068540307786,-1.303009865346258,-0.6525959716964796,1.0065349764342215,6.676478002791868e-05,1.003583528886691,0.0002790872192753,-2.8814600874074127e-06,1.467711318606833e-05,100.0,100.0,100.0,0.0004770880914406,-9.797478283048028e-05,0.1051295384737875,29.0,0.0,-1.0412479968703125e-05,0.0006747753110857,0.0027562363863722,0.0274421015109975,2.237037280357033,0.8522684775705056,1.328612527835258,0.3770271727876308,0.8490566037735849,0.001524190798872
hust,hust_9-5,50,1.206525847222223,1719.0,0,1,1.0087891472509658,0.010029745529349,1.0100422038701815,0.0001444745305595,8.15809972430742e-06,0.0120810047111729,0.0010311055982925,0.0005884953229537,-1.884383083981476,-0.0914091408408137,1.005806446495869,0.0002089530318613,0.9994146486024236,0.0006741546559185,-1.0186156256903293e-05,-0.0001430940550269,50.0,50.0,50.0,0.0008052787507838,-3.793313487456441e-05,0.1269229141601659,19.0,0.0,-2.150318536142574e-05,0.0007772252513644,0.0025335599420381,0.5117096060551356,3.0842943088614057,0.7725573335612607,1.7629141437575837,0.2063927408893943,1.181818181818182,0.0005174429829008
hust,hust_9-5,100,1.206525847222223,1719.0,0,1,1.003714920183881,0.0049555184622643,1.0049616739063705,-2.0569150137802112e-05,5.845448907566318e-06,0.0120810047111729,0.0010344876688582,0.00050705049877,-1.021962570093937,-0.7077393213048156,1.005806446495869,5.056651492106563e-05,1.0035716702782589,0.000246189489538,-2.6152807811360494e-06,2.0387695649270206e-05,100.0,100.0,100.0,0.000458014511575,-0.0001000555031643,0.0976326515099095,35.0,0.0,-1.0103275094362296e-05,0.0006809325061113,0.0025335599420381,0.059109822758445,1.2336434272703976,0.8876938059636584,1.230920034199133,0.7996306609623954,0.7818181818181819,0.0015676852527723
hust,hust_9-6,50,1.2147565486111116,1381.0,0,1,1.0081245828961038,0.0091491217464616,1.0091585049906358,0.0001289651924526,7.522868463027558e-06,0.0112882083374484,0.0009972528617598,0.0005957168413311,-1.937669715440071,-0.1161569207260797,1.0062678208218705,0.0001906067030512,0.9995716707049912,0.0006678510114413,-1.0363188826705796e-05,-0.0001277497785749,50.0,50.0,50.0,0.0007968365301419,-0.0001081101763375,0.1118625013643077,16.0,0.0,-5.415331738862326e-06,0.0008018183367231,0.0024630952716696,0.442172316214386,3.30976793793292,0.7994284025851311,1.718812063786518,0.3984475354495178,1.2857142857142858,0.000589541995734
hust,hust_9-6,100,1.2147565486111116,1381.0,0,1,1.00201934952181,0.0030438883721676,1.0030470101524462,-4.278467451480675e-05,7.472560928538692e-06,0.0112882083374484,0.0013483268649703,0.000541648724569,-0.5662586346889126,-1.0235862355208416,1.0062678208218705,3.106008543028259e-05,1.0037530845279872,0.0002376656036828,-2.7495125313498038e-06,4.243360840464903e-05,100.0,100.0,100.0,0.0004533165399575,-0.0001233227799929,0.0466399776865495,25.0,0.0,-2.763694913762604e-06,0.0007514009053472,0.0026150278636953,0.2000561145221131,-0.5818511335339247,0.9406234527629088,0.8943572928724736,0.3953127366441464,0.6896551724137931,0.0023422617322243
hust,hust_9-7,50,1.203694618055554,1617.0,0,1,1.010095225045689,0.0104813175753304,1.0104853658967738,0.0001806951671191,1.1315683179197104e-05,0.0127209152492149,0.001712742927915,0.0006283488186443,-1.779678166645583,-0.0262673223288566,1.0072000555004197,0.0002183607828193,0.999238302566148,0.0007549863187757,-1.1044060608781944e-05,-0.0001787363881881,50.0,50.0,50.0,0.0009187485754518,-6.690750878835493e-05,0.1943261271748263,19.0,0.0,-1.107194936572534e-05,0.0007980126695014,0.0029011372826222,0.5770883278221131,2.3359647818701053,0.7950878181367746,1.6831016737734776,0.319287411867112,1.4,0.0004720951018721
hust,hust_9-7,100,1.203694618055554,1617.0,0,1,1.0052637531927509,0.0056498457223924,1.005652027928153,-1.1583862489401822e-05,7.2546811277536256e-06,0.0127209152492149,0.001712742927915,0.0005300061487739,-1.2726581306496854,-0.5867258545541623,1.0072000555004197,5.7651486963189005e-05,1.0037386179949528,0.0002962127260712,-3.0176136133402708e-06,1.146335111313038e-05,100.0,100.0,100.0,0.0005201497445248,-0.0001035594351862,0.1353479058806724,28.0,0.0,-2.7338985103872597e-06,0.0006997383097293,0.0029011372826222,0.0151054368040079,1.9138309792893369,0.8505470411324287,1.3560013011681302,0.3242021440293986,0.8148148148148148,0.0016802019130627
hust,hust_9-8,50,1.1951669722222242,1839.0,0,1,1.0131299854871494,0.0151947550982573,1.0152261936802611,0.0002344488985453,1.664333823414703e-05,0.0162615748878016,0.0005199761604675,0.0005626339673744,-1.7154830107317307,0.0190188518766625,1.0076506650825705,0.0003165573978803,0.9989932725957044,0.0008694896330467,-1.2212321817334206e-05,-0.0002314734062766,50.0,50.0,50.0,0.0010455972637255,-3.748454602291484e-05,0.5497004454023133,17.0,0.0,-2.231816707634964e-05,0.0005267709908311,0.0015723372543197,0.6605199660773209,2.378658222795991,0.7715926657080326,1.796548683526073,0.1391128024627178,1.2857142857142858,0.0005511526504285
hust,hust_9-8,100,1.1951669722222242,1839.0,0,1,1.0090351252873508,0.0110998948984587,1.011122861043931,2.4385810818071685e-05,9.26688534320094e-06,0.0162615748878016,0.0012919835863929,0.0005654832067097,-2.2483012130538405,-0.3904858593796598,1.0076506650825705,0.0001132642336576,1.003785550382825,0.0003748817314716,-3.43623451621199e-06,-2.4063208718998217e-05,100.0,100.0,100.0,0.0006030909494742,-8.42948426263637e-05,0.2609601264745674,29.0,0.0,-1.0255651954680506e-05,0.0006846505574281,0.0025870885404634,0.0524065343321984,6.160215034377234,0.7636011804157129,1.833201066417013,0.2192956850895805,0.96,0.0014957626446005
luh,luh_P017_1_S01_C08,50,2.937356866986508,139.0,0,1,0.9295661020958872,-0.0736300896660033,0.9266044964378416,-0.0014826069765094,0.0004493425864076,0.0736300896660033,0.0021307945079271,0.0004631538113704,0.3897363037903011,0.5813139209633043,0.9861498356984744,-0.001533960201375,1.0074175136815788,-0.002335678500029,1.6405221606146563e-05,0.0015467615074794,9.0,13.0,33.0,-0.002130794507927,-0.0011692796507714,0.9459992653198384,20.0,0.0,2.045776291820416e-05,0.0001132845189673,0.0007641158569815,0.9783730780417308,-0.964265582662294,0.8210476827852833,1.5825587773768797,0.0295588022415443,0.0,0.0163699151107999
luh,luh_P017_1_S01_C08,100,2.937356866986508,139.0,0,1,0.878689036176248,-0.1245071555856424,0.8758895252911861,-0.0012212986973623,0.0012341540503187,0.1245071555856424,0.0021307945079271,0.0004391764452245,0.2933639260001358,0.7019412705753695,0.9861498356984744,-0.0012704811794453,1.0017996396065936,-0.0017188856856897,4.878303807131096e-06,0.0013162414524901,9.0,13.0,33.0,-0.0020114427138331,-0.0008034679379491,0.953891355522184,21.0,0.0,1.4355609937660382e-05,8.493364052742656e-05,0.0007641158569815,0.9870047541457884,-0.982088696369861,0.814742243488198,1.6563381082037425,0.016498999380035,0.0,0.0292319912692854
luh,luh_P017_2_S04_C07,50,2.9376163001957067,127.0,0,1,0.92485866467158,-0.0785160286188992,0.921748047719429,-0.0015830232339375,0.0005114999989602,0.0785160286188992,0.0022497955269862,0.000476658242181,0.3758359754428058,0.5922117480776552,0.9853763290745898,-0.001635750596227,1.0078404613731755,-0.00246176014419,1.6898786735624587e-05,0.0016558232348524,8.0,13.0,31.0,-0.0022497955269861,-0.0012599991445415,0.9468391083873882,20.0,0.0,2.10594974988248e-05,0.0001148943651801,0.000770061585542,0.979848509982372,-0.9762046537104928,0.8212777377411127,1.5808026153329502,0.0253178079842898,0.0,0.0176399880235811
luh,luh_P017_2_S04_C07,100,2.9376163001957067,127.0,0,1,0.8704386628564524,-0.1329360304340268,0.8675110790386044,-0.0013096254106145,0.0014184995536533,0.1329360304340268,0.0022497955269862,0.0004615576641508,0.2880736982372262,0.7037102160326103,0.9853763290745898,-0.0013564901064696,1.002196050900067,-0.0018379923669691,5.1800681995555385e-06,0.0014187796962188,8.0,13.0,31.0,-0.0021276159222297,-0.000846377940618,0.9541028041012484,21.0,0.0,1.5195714582213394e-05,8.84490934045709e-05,0.000770061585542,0.987437945419098,-0.9972583795639988,0.8164341982388332,1.6471459599271328,0.0183491386681965,0.0,0.0314999786135378
luh,luh_P017_3_S05_C05,50,2.935154182319188,126.0,0,1,0.9243899077059364,-0.0789354592840037,0.9213261601061512,-0.0015969478522561,0.000519309054206,0.0789354592840037,0.0022169113266269,0.0004481006124712,0.3528424876424187,0.608734941531374,0.9855900763769252,-0.0016444887350833,1.007842576220595,-0.0024322245473485,1.606301336716115e-05,0.001670084301309,9.0,13.0,31.0,-0.0022169113266268,-0.0012858243221271,0.9538323211327152,21.0,0.0,1.9810361797866533e-05,9.398803328063132e-05,0.0004747612635945,0.9821675251646156,-1.001177181653771,0.8220530821764646,1.5745320797185185,0.0253178079842898,0.0,0.0180015405097802
luh,luh_P017_3_S05_C05,100,2.935154182319188,126.0,0,1,0.869963747436215,-0.1333616195537253,0.8670803869398606,-0.0013206684074795,0.0014429218625273,0.1333616195537253,0.0022169113266269,0.0004529149788437,0.2933137208656298,0.6918348595764222,0.9855900763769252,-0.001360832852589,1.002850396515277,-0.0018721545830249,5.4067272112289945e-06,0.0014314455255754,9.0,13.0,31.0,-0.0021122893305458,-0.0008209561563527,0.9575635573658134,21.0,0.0,1.4670753797073072e-05,8.065291866189147e-05,0.0004747612635945,0.9871646472194252,-1.016696082700937,0.8181996647910237,1.6325883253597888,0.018090945649039,0.0,0.0321456080531789
luh,luh_P018_1_S01_C06,50,2.935897061389203,109.0,0,1,0.9172593068673488,-0.0862906932062219,0.9140145551293948,-0.0018151728018493,0.0006771247337492,0.0862906932062219,0.0023666667157138,0.0005987504817117,0.4048454832330841,0.4967296517507629,0.98461666634786,-0.0017977227751296,1.011469502299322,-0.0030132233482659,2.303943358493337e-05,0.0019111764973092,8.0,12.0,25.0,-0.0023666667157138,-0.0011541752447462,0.9571563848311384,27.0,0.0,2.5797690871652107e-05,0.0001225078848724,0.000634496786757,0.973189173678588,-1.1345669235306588,0.8389328439370196,1.4649489382424783,0.0307716586667536,0.0,0.0202572900711188
luh,luh_P018_1_S01_C06,100,2.935897061389203,109.0,0,1,0.8595505446300327,-0.1439994554435381,0.8565099343002527,-0.0013607920141459,0.001547062031129,0.1439994554435381,0.0023666667157138,0.0005282879115894,0.3922334440586949,0.6358486881085974,0.98461666634786,-0.0014693821984034,1.0019164505922316,-0.0020626957842724,6.881409511045054e-06,0.0014855429695122,8.0,12.0,25.0,-0.0023666667157138,-0.0011541752447463,0.969998156808202,28.0,0.0,1.2499912071829874e-05,8.624515468866201e-05,0.000634496786757,0.977508642798036,-0.8119318980123782,0.8048922742095808,1.7430677652885616,0.0121952730938182,0.0,0.0288543811186579
luh,luh_P018_2_S02_C06,50,2.934107237041611,107.0,0,1,0.9159175071351752,-0.0876332243871121,0.9126768367213672,-0.0018546974215545,0.0007056370337265,0.0876332243871121,0.0023671543481915,0.0005943122436121,0.385581888570617,0.5097398955015305,0.9846134967367552,-0.0018256921747314,1.0117157221537365,-0.0030322780295072,2.2645780922166777e-05,0.001953867153228,8.0,12.0,25.0,-0.0023671543481914,-0.0011593590665954,0.9567184318349332,28.0,0.0,2.569777194884964e-05,0.0001219842427553,0.0006264834125639,0.97497788837828,-1.1640610801368194,0.8410184996576601,1.4507426756005173,0.0310102367425603,0.0,0.0213043891337235
luh,luh_P018_2_S02_C06,100,2.934107237041611,107.0,0,1,0.8579495538053997,-0.1456011777168874,0.854913983774368,-0.0013795829996344,0.0015914357714567,0.1456011777168874,0.0023671543481915,0.0005328724894255,0.4016806942008177,0.6250933727096961,0.9846134967367552,-0.0014857263032335,1.00239269386163,-0.0021132907376542,7.193213117841261e-06,0.0015080871844148,8.0,12.0,25.0,-0.0023671543481915,-0.0011593590665955,0.9710027569335278,29.0,0.0,1.2451497748411684e-05,8.587728568457453e-05,0.0006264834125639,0.9766779477144047,-0.8155876194717022,0.8064255392497363,1.7370649472751318,0.0122700925918143,0.0,0.0296137247489203
luh,luh_P018_3_S04_C05,50,2.935272469981899,107.0,0,1,0.9153417783249236,-0.0882565571869522,0.912059880866644,-0.0018654722378091,0.0007145950048969,0.0882565571869522,0.0023988903412507,0.0006103953542728,0.3942227729160602,0.5019126968886969,0.9844072127818708,-0.0018386782747281,1.011848257915667,-0.0030750622560518,2.3261346504666583e-05,0.0019663317324482,8.0,12.0,25.0,-0.0023988903412506,-0.0011633839343458,0.9511662015355676,28.0,0.0,2.628737035967744e-05,0.0001417478374493,0.0009445446480787,0.973974529961554,-1.15566789747493,0.8407081095298327,1.4531130226618525,0.0310102367425603,0.0,0.0213761175221697
luh,luh_P018_3_S04_C05,100,2.935272469981899,107.0,0,1,0.8571725816076298,-0.1464257539042462,0.8540992459602246,-0.0013850095779047,0.0016047545043471,0.1464257539042462,0.0023988903412507,0.0005444699359152,0.4057757299603665,0.6236404438332216,0.9844072127818708,-0.0014941403459616,1.00225362432674,-0.0021269984950781,7.274401148758136e-06,0.0015150330941481,8.0,12.0,25.0,-0.0023988903412506,-0.0011633839343458,0.967217314975379,28.0,0.0,1.2737179452627214e-05,9.953947931968366e-05,0.0009445446480787,0.9762066903783636,-0.8067546104683365,0.8057966424981208,1.740539626750257,0.0122700925918143,0.0,0.0294476825900319
luh,luh_P019_1_S01_C04,50,2.927916258597841,63.0,0,1,0.883513792117338,-0.1201878210938689,0.88025542699952,-0.002484540452511,0.001234697757513,0.1201878210938689,0.0026935185924162,8.143089205446709e-05,-0.0185603449940476,1.0230074226278223,0.9839596760847702,-0.0025039129394555,1.0082825274159315,-0.0024149652889064,-1.3379839154734992e-06,0.0026297185119502,8.0,12.0,24.0,-0.0024677421408045,-0.002639898106129,0.8956562074607547,42.0,0.0,-4.803754289605759e-06,2.4442486037187657e-05,0.0001557631739668,0.999911309889692,-1.1805213247595578,0.8271447456651037,1.532518471979616,0.0217399866364058,0.0,0.0296129056896552
luh,luh_P019_1_S01_C04,100,2.927916258597841,63.0,0,1,0.7488378624965283,-0.2548637507146786,0.7460761770629454,-0.0026100533278683,0.0055658103852051,0.2548637507146786,0.0026935185924162,0.0001105968560599,-0.0523417466189088,1.08411138554574,0.9839596760847702,-0.0026006505174967,1.0084500683081783,-0.0024051847009057,-2.008515950613236e-06,0.0029608731632398,8.0,12.0,24.0,-0.0024677421408045,-0.0026935185924161,0.9768695267182406,42.0,0.0,-2.3275922846559003e-06,1.7182618250364826e-05,0.0001557631739668,0.9995745370366452,-1.211744775267504,0.8296483145648721,1.567423097806436,0.0118578464507835,0.0,0.0646444462179886
luh,luh_P019_2_S02_C04,50,2.919848558507497,62.0,0,1,0.8821638825363142,-0.1215567427373012,0.8788938478730924,-0.0025022281151277,0.0012524470025539,0.1215567427373012,0.0028515294108154,0.0001266072099251,-0.0249334282697323,1.0302508453329264,0.983877290481,-0.0025324321403604,1.0081971387340078,-0.0024089574725593,-1.7936662032386068e-06,0.0026491487697962,8.0,12.0,24.0,-0.0024804168490768,-0.0027223789953395,0.8780415586160041,43.0,0.0,-7.896011951885132e-06,4.131179965691713e-05,0.0002700586111773,0.999826024952478,-1.1719651748393765,0.8253530272900196,1.5397421113061975,0.0217399866364058,0.0,0.0297650021889232
luh,luh_P019_2_S02_C04,100,2.919848558507497,62.0,0,1,0.739587411995539,-0.2641332132780765,0.736845884574631,-0.0027090747758463,0.0060001138432967,0.2641332132780765,0.0028515294108156,0.0001824727171229,-0.0836559148536949,1.1395961037988316,0.983877290481,-0.0026952368701844,1.0082351593387202,-0.0023678283960252,-3.3455527433442117e-06,0.0030798303642109,8.0,12.0,24.0,-0.0024804168490769,-0.0028515294108154,0.9764454754989252,43.0,0.0,-3.825902698336095e-06,2.902606611052996e-05,0.0002700586111773,0.9989122159656828,-1.2148581832615517,0.8303980631092575,1.5626460390144965,0.0118111609283446,0.0,0.0673586846193474
luh,luh_P019_3_S05_C02,50,2.9358558968017427,60.0,0,1,0.8800478022662628,-0.1236838237213367,0.8767760021513312,-0.0025282545346622,0.0012790718348022,0.1236838237213367,0.0030584948689325,0.0002029249470382,-0.0453217562299658,1.055229378260608,0.9838296207204024,-0.0025767463275278,1.0078432010130485,-0.0023593931457756,-3.2473344016655684e-06,0.0026769970391583,8.0,12.0,24.0,-0.0024877506583995,-0.0029098363573018,0.8980478945342328,42.0,0.0,-1.2143493841121591e-05,5.76301777784857e-05,0.0002941615661084,0.9994858487410468,-1.1500503400624031,0.8224901678767507,1.5544430871766577,0.0217399866364058,0.0,0.0298530079007955
luh,luh_P019_3_S05_C02,100,2.9358558968017427,60.0,0,1,0.7271230588196347,-0.2766085671679649,0.7244197950863588,-0.0028457783915418,0.006628936813349,0.2766085671679649,0.0030584948689325,0.000279580627233,-0.1202391384839425,1.209725851175479,0.9838296207204024,-0.002822536399673,1.008188420915011,-0.0023263624743993,-5.0923129131619375e-06,0.0032448271312222,8.0,12.0,24.0,-0.0024877506583996,-0.0030584948689325,0.9784087367776872,43.0,0.0,-5.883960933328517e-06,4.0572037185530734e-05,0.0002941615661084,0.997707197016034,-1.2212388332253512,0.83176575974827,1.553196024984284,0.0118111609283446,0.0,0.0703453819854489
luh,luh_P021_1_S02_C08,50,2.9404277229792948,451.0,0,1,0.9640993409452938,-0.0375592537563494,0.9625029386708982,-0.0007547890231747,0.0001168040625188,0.0375592537563494,0.0011057298010954,0.0002510146887369,0.4155500745506067,0.560935557012971,0.9928127562928796,-0.0007824844532572,1.0038566175179702,-0.0012179855973827,8.90762642707677e-06,0.0007713026888671,13.0,23.0,50.0,-0.0011057298010954,-0.00058436283303,0.9477011462193604,20.0,0.0,1.1092914214156036e-05,5.9576930487957294e-05,0.000396134622336,0.975490847183692,-0.9432984601888412,0.8207622246527226,1.5846629563018124,0.0295588022415443,0.0,0.008181079662421
luh,luh_P021_1_S02_C08,100,2.9404277229792948,451.0,0,1,0.9391853849062178,-0.0624732097954254,0.9376302363640838,-0.000609143950886,0.0003079823868669,0.0624732097954254,0.0011057298010954,0.0002376064271447,0.3315111697783072,0.6687001245737775,0.9928127562928796,-0.0006374817326063,1.0008689361692809,-0.0008891861505469,2.7455117613809984e-06,0.0006324370814141,13.0,23.0,75.0,-0.0010417646478712,-0.0003827400518636,0.9560225309259308,21.0,0.0,7.556504407377589e-06,4.446193033608553e-05,0.000396134622336,0.9839178076121208,-0.9487274256836188,0.8122523205678677,1.663513061926191,0.0162899529792684,0.0,0.0146090708257518
luh,luh_P021_2_S03_C08,50,2.949218753329498,428.0,0,1,0.9611314699928364,-0.0407407678889942,0.9593353659792702,-0.0008131337340688,0.0001364148949332,0.0407407678889942,0.0012481585878873,0.0003064166889443,0.4664381712816456,0.527044503117009,0.9918869691787332,-0.0008487659976873,1.0042471330334888,-0.001370499520433,1.0718572814696309e-05,0.0008328599426899,12.0,20.0,50.0,-0.0012481585878871,-0.0006115474438775,0.9401728911412324,20.0,0.0,1.3544917957649976e-05,8.1846372163846e-05,0.0005641011347067,0.9693757705918388,-0.8864664226667536,0.819450070156541,1.5955602844697276,0.0295588022415443,0.0,0.0085894090055116
luh,luh_P021_2_S03_C08,100,2.949218753329498,428.0,0,1,0.9353521248840831,-0.0665201129977474,0.9336041957421788,-0.0006425799506109,0.000344020822824,0.0665201129977474,0.0012481585878873,0.0002840769790765,0.369929265264216,0.6437761050189392,0.9918869691787332,-0.0006787766632422,1.0005745934277213,-0.0009676212207073,3.1866791185917217e-06,0.0006692842195825,12.0,20.0,69.0,-0.0011603335966143,-0.0003855221719019,0.9499572131486516,20.0,0.0,9.027966015970682e-06,6.139225693997593e-05,0.0005641011347067,0.9801994196817696,-0.8908189270706481,0.8088338647384493,1.6807625349135071,0.016651633592442,0.0,0.0152886860969394
luh,luh_P021_3_S04_C08,50,2.936338171253364,430.0,0,1,0.9628387250399087,-0.0389685512806315,0.9611017486080196,-0.0007763407882216,0.0001245176866425,0.0389685512806315,0.0012048508803602,0.0002987913873389,0.4769339714639976,0.5209485416190809,0.9921684692776584,-0.0008118448183464,1.0040616767770043,-0.0013195038254244,1.0445443023128817e-05,0.000794407471576,12.0,21.0,50.0,-0.0012048508803601,-0.0005809574612805,0.9467386945783024,20.0,0.0,1.3274328065525424e-05,7.152336348035663e-05,0.0004764050148091,0.9680633100529334,-0.8724130086586688,0.8190896772350439,1.5987255582303268,0.0292703823001132,0.0,0.008157659884854
luh,luh_P021_3_S04_C08,100,2.936338171253364,430.0,0,1,0.9373465644557866,-0.0644607118647536,0.9356555762885788,-0.0006185218764285,0.0003181488040087,0.0644607118647536,0.0012048508803602,0.0002663741825243,0.348803749049095,0.6690261588329576,0.9921684692776584,-0.0006577623659668,1.0002556389547812,-0.0009076120681277,2.8342175656776403e-06,0.0006430465764218,12.0,21.0,73.0,-0.0011151916453686,-0.0004099034623915,0.9534624445677308,20.0,0.0,8.444244394692552e-06,5.2464994864894016e-05,0.0004764050148091,0.9820297940887543,-0.8835501197369293,0.8059927403685543,1.6990550563787623,0.0169018108026032,0.0,0.0145239365320149
luh,luh_P022_1_S03_C06,50,2.953872654715128,341.0,0,1,0.9602349008429244,-0.0414525442071617,0.9586172868473068,-0.0008699015427663,0.0001550954497977,0.0414525442071617,0.0011249633667241,0.0002728345759189,0.3875860072099157,0.5174291255644162,0.9926877381162932,-0.0008635946709825,1.0053431278402645,-0.00141465244392,1.047597886834105e-05,0.0008912045219862,13.0,22.0,50.0,-0.0011249633667241,-0.0005753113480603,0.9487521172819512,27.0,0.0,1.16947238013559e-05,6.658451745526181e-05,0.0004533529849938,0.9758232044768996,-1.1354004480934423,0.8375120774454781,1.473877858009732,0.0305367238600816,0.0,0.0098509326212999
luh,luh_P022_1_S03_C06,100,2.953872654715128,341.0,0,1,0.9314693334399043,-0.0702181116101817,0.9299001779874853,-0.0006670305927313,0.0003703519381034,0.0702181116101817,0.0011249633667241,0.0002392236180736,0.3555014428702026,0.6613522562919758,0.9926877381162932,-0.000716511342961,1.0009908459152954,-0.0009804615019471,3.072852051135486e-06,0.000695150990058,13.0,22.0,68.0,-0.0011249633667241,-0.0005753113480603,0.9641985805356318,27.0,0.0,5.666515656327085e-06,4.671561485554562e-05,0.0004533529849938,0.9811190621359088,-0.8528821537731401,0.8060433615599367,1.7333765306304012,0.0121952730938182,0.0,0.01438278370151
luh,luh_P022_2_S04_C06,50,2.942622295788685,344.0,0,1,0.9579126314925775,-0.043959984898618,0.956122181423658,-0.0009226061594039,0.0001762385721391,0.043959984898618,0.001248410927464,0.0003466786095466,0.455139344389138,0.4492023507706842,0.9918853289714848,-0.0009158330187211,1.0061156958236457,-0.0016116448718126,1.3250744469397642e-05,0.0009474886778029,12.0,20.0,50.0,-0.0012484109274638,-0.0005543956409823,0.9375118621839356,27.0,0.0,1.4766282691097602e-05,9.994534850690872e-05,0.0006926272559084,0.9659657531702772,-1.0990027540484837,0.8391852656901942,1.4637856045963848,0.0305367238600816,0.0,0.0099872874197109
luh,luh_P022_2_S04_C06,100,2.942622295788685,344.0,0,1,0.93019284944346,-0.0716797669477356,0.9284542108697108,-0.0006687613770872,0.000376250680311,0.0716797669477356,0.001248410927464,0.0003025099716772,0.4531565490933394,0.6009017339972119,0.9918853289714848,-0.0007314261933442,1.0006043261982709,-0.0010609808709684,3.845289155698063e-06,0.0006986729344718,12.0,20.0,65.0,-0.0012484109274638,-0.0005543956409823,0.9566051632283908,27.0,0.0,7.154796767851416e-06,6.996088037436109e-05,0.0006926272559084,0.9707555955596526,-0.7248314388558308,0.8010809153270553,1.7670834360948091,0.0121952730938182,0.0,0.0138598910245586
luh,luh_P022_3_S05_C04,50,2.9410429438228967,314.0,0,1,0.9557596009250218,-0.0461945857263965,0.953895511050479,-0.0009706580668474,0.0001947991905139,0.0461945857263965,0.0013027911009457,0.0003553774170955,0.4454220126173804,0.4571830367723135,0.9915318578438528,-0.0009623872026332,1.0063925383711334,-0.0016803231117702,1.3647404710053617e-05,0.0009980878413821,12.0,19.0,50.0,-0.0013027911009456,-0.0005866852535951,0.9491515535379876,27.0,0.0,1.523629462448231e-05,8.611669907151536e-05,0.0005850584772854,0.9673316200650012,-1.1084943153367357,0.8394495845501738,1.4620034624323064,0.0305367238600816,0.0,0.0104223288075657
luh,luh_P022_3_S05_C04,100,2.9410429438228967,314.0,0,1,0.9264253382452644,-0.0755288484061541,0.9246184611907504,-0.0007062458518652,0.0004192155362133,0.0755288484061541,0.0013027911009457,0.0003116586923609,0.4454835518616182,0.6044201080001663,0.9915318578438528,-0.0007707025347566,1.0007229631896624,-0.0011147549979976,4.0049916287495855e-06,0.0007395140466443,12.0,19.0,60.0,-0.0013027911009457,-0.0005866852535951,0.9644680128797414,27.0,0.0,7.382534508768221e-06,6.042633403142233e-05,0.0005850584772854,0.97167108759564,-0.7384637072424098,0.8018582442580204,1.7627961376492791,0.0121952730938182,0.0,0.0146671313398787
luh,luh_P023_1_S03_C04,50,2.9479900303045867,82.0,0,1,0.9282131509867486,-0.0737077675282206,0.9264335476322132,-0.0014243373956811,0.0004114612814878,0.0737077675282206,0.0025107728733573,0.0004970959270392,-0.2897104558788269,1.3629196470456733,0.991676019768466,-0.0015355784901712,1.00180778049629,-0.0008733858411824,-1.059522220189723e-05,0.0014659942870699,12.0,20.0,42.0,-0.0012806123433128,-0.0024590373109259,0.8995980823163998,40.0,0.0,-2.6173628298821253e-05,0.0001684425892341,0.0011669302788001,0.9861132057916516,-0.8613586908738493,0.8024312618255383,1.6744966215264052,0.0255333020051647,0.0,0.015367348119755
luh,luh_P023_1_S03_C04,100,2.9479900303045867,82.0,0,1,0.8026745073188782,-0.199246411196091,0.8011355911288779,-0.0020964569674172,0.0036558187141351,0.199246411196091,0.0025107728733573,0.0005989012496683,-0.3149617842418324,1.7627655364315515,0.991676019768466,-0.002033126644858,1.0045826986661743,-0.0010213976959656,-1.0539796778937108e-05,0.0022684191703097,12.0,20.0,42.0,-0.0012806123433129,-0.0025107728733574,0.9692732233041434,40.0,0.0,-1.2682067320047413e-05,0.0001179779536279,0.0011669302788001,0.9818204704857976,-1.234095973275637,0.8420857628144265,1.4780038710886203,0.0165902422601968,0.0,0.0506062935353197
luh,luh_P023_2_S04_C04,50,2.942440355841548,72.0,0,1,0.918825681679164,-0.0831927965165671,0.9169747880634228,-0.001564046436221,0.0005024473328734,0.0831927965165671,0.0032161265747367,0.0007555695326179,-0.4169875902657314,1.5248476613066042,0.9912532611518317,-0.0017331832607618,1.0006452263501238,-0.0007267626035289,-1.6101612167155997e-05,0.0016119188138809,11.0,19.0,41.0,-0.0013456521304874,-0.0031369649569982,0.8999535743112579,40.0,0.0,-3.979732860104436e-05,0.0002551304331704,0.0017672242549267,0.9737304169438008,-0.6689108912728159,0.7927158531790753,1.7271353347010876,0.0255333020051647,0.0,0.0161478255658493
luh,luh_P023_2_S04_C04,100,2.942440355841548,72.0,0,1,0.7580193529423284,-0.2439991252534028,0.7564923895487875,-0.0025860512083574,0.0056152600113195,0.2439991252534028,0.0032161265747367,0.0009105869191621,-0.3771823380926274,2.0562858622709426,0.9912532611518317,-0.0024897869923816,1.0048597732185305,-0.000951297719874,-1.6026994985131032e-05,0.0028313709659501,11.0,19.0,41.0,-0.0013456521304874,-0.0032161265747366,0.9694164000022444,40.0,0.0,-1.928324169329264e-05,0.0001787030410671,0.0017672242549267,0.9726334461791925,-1.222137872060138,0.8459702675934361,1.4497323152609791,0.0183491386681965,0.0,0.0611064049199975
luh,luh_P023_3_S05_C03,50,2.947498176210032,79.0,0,1,0.9254581081502488,-0.0765261957958943,0.9236253547141317,-0.0014748259598732,0.0004414847491085,0.0765261957958943,0.0026453551644854,0.0005297904936102,-0.2980397467631643,1.3720940412761322,0.991401349566712,-0.0015942957457477,1.0017883117988848,-0.0008905622107993,-1.1235841328345e-05,0.0015193979600492,12.0,19.0,41.0,-0.0013228692974288,-0.0025807568163636,0.9077731339477502,40.0,0.0,-2.8137997171414965e-05,0.000164345925289,0.0011260967157987,0.9853620612300734,-0.8471551569582512,0.8012691389488519,1.6795483660473822,0.0255333020051647,0.0,0.015874431569147
luh,luh_P023_3_S05_C03,100,2.947498176210032,79.0,0,1,0.7931903499259816,-0.2087939540201616,0.791619536156542,-0.0021980859459955,0.00402279735052,0.2087939540201616,0.0026453551644854,0.0006430718236819,-0.3226892209689294,1.7936727698450954,0.991401349566712,-0.0021305505512261,1.004685660152135,-0.0010403104329597,-1.1350740323880436e-05,0.0023861686771394,12.0,19.0,41.0,-0.0013228692974289,-0.0026453551644853,0.9725611033417284,40.0,0.0,-1.363387491810828e-05,0.0001152599887288,0.0011260967157987,0.980857716843004,-1.2322507659932982,0.8424455037018436,1.475579179596319,0.0165902422601968,0.0,0.0529071032897068
luh,luh_P025_1_S01_C09,50,2.944620627407579,718.0,0,1,0.977367095563784,-0.0236947831717003,0.9763303511251162,-0.0004742069042232,4.615020710355932e-05,0.0236947831717003,0.0007079191569897,0.0001624814474352,0.4245998909703966,0.5591662328765796,0.9953985254795668,-0.000493641316077,1.0023868260615882,-0.000769436450815,5.67749128061072e-06,0.0004807177633516,18.0,43.0,50.0,-0.0007079191569896,-0.0003681955391652,0.9483191886060648,20.0,0.0,7.228162081373986e-06,3.772062200412817e-05,0.000246095788752,0.9745229853828506,-0.9203491571303511,0.8197104555366644,1.593846782582326,0.0289875368732523,0.0,0.0051547375483136
luh,luh_P025_1_S01_C09,100,2.944620627407579,718.0,0,1,0.9606157305651892,-0.0404461481702952,0.9595967551762276,-0.0003898235609237,0.0001257186059957,0.0404461481702952,0.0007079191569897,0.0001419425557306,0.2894562786887046,0.7151589901505114,0.9953985254795668,-0.000412715797656,1.0002691935484689,-0.0005416223714442,1.488223632554056e-06,0.0003990888112623,18.0,43.0,100.0,-0.0006584724139565,-0.0002886302758541,0.954810688052618,20.0,0.0,4.422940876364883e-06,2.7149703683772605e-05,0.000246095788752,0.9871461169089366,-0.944271215763438,0.8069219747070655,1.6920474908776098,0.0149256502166757,0.0,0.0092048884791314
luh,luh_P025_2_S02_C09,50,2.930987723898246,690.0,0,1,0.9764476109312734,-0.0246232527770271,0.9754030871642648,-0.0004964366313494,5.044025948115648e-05,0.0246232527770271,0.0007139091388671,0.0001577622241998,0.4001293602645067,0.5698709678523581,0.9953595905973642,-0.0005129844328547,1.0025378872005195,-0.0007910175108404,5.66501691328687e-06,0.00050346606121,18.0,41.0,50.0,-0.000713909138867,-0.0003863656881632,0.9536674892739392,21.0,0.0,6.969009589440074e-06,3.326817228399891e-05,0.0001819176325207,0.9771929465893192,-0.9650916091990296,0.821526567495375,1.578283463423331,0.0295588022415443,0.0,0.0054091196342865
luh,luh_P025_2_S02_C09,100,2.930987723898246,690.0,0,1,0.9591428122734432,-0.0419280514348572,0.9581167997642628,-0.0004065042436109,0.0001367449969515,0.0419280514348572,0.0007139091388671,0.0001424538840017,0.2972378726315511,0.7018944710736419,0.9953595905973642,-0.0004278372595393,1.0005051737248352,-0.00057159177889,1.6185052478345072e-06,0.0004165625776059,18.0,41.0,100.0,-0.0006779880182691,-0.0002932538648974,0.958772925443362,21.0,0.0,4.365833594434972e-06,2.516133741945976e-05,0.0001819176325207,0.9868781898321438,-0.9598160986270384,0.8095334245298147,1.6788039079731594,0.0148425730379288,0.0,0.009659142204083
luh,luh_P025_3_S03_C09,50,2.95335058351529,702.0,0,1,0.9774082654393974,-0.0236023838648274,0.976421445784585,-0.0004751767263775,4.600528405329151e-05,0.0236023838648274,0.0006737662028165,0.0001378922233019,0.3589550531099448,0.6100864620792795,0.995620519681692,-0.0004917163305172,1.0022786748052153,-0.0007256653202087,4.817088342906799e-06,0.0004814989108691,19.0,44.0,50.0,-0.0006737662028165,-0.000385299914998,0.94892444070838,20.0,0.0,6.1375805918814885e-06,3.162098404004229e-05,0.0002040610520027,0.981595596841949,-0.9772097518601512,0.8207399267646014,1.5859870293887215,0.0253178079842898,0.0,0.005394198809974
luh,luh_P025_3_S03_C09,100,2.95335058351529,702.0,0,1,0.9601989349758971,-0.0408117143283276,0.959229490358874,-0.0003990685374402,0.00013140818687,0.0408117143283276,0.0006737662028165,0.0001261594005976,0.260466751690359,0.7290248761214637,0.995620519681692,-0.0004164460645747,1.000611958024047,-0.0005433256980639,1.4142858884674256e-06,0.0004085312464654,19.0,44.0,100.0,-0.0006315496883589,-0.0002906574913519,0.9556062748995912,20.0,0.0,3.9758899335974735e-06,2.365365524148229e-05,0.0002040610520027,0.9897314831275584,-1.011045806835809,0.8121588860286757,1.659547337105911,0.0147526384750381,0.0,0.0096324978749536
luh,luh_P026_1_S01_C07,50,2.93958105376805,581.0,0,1,0.9738068125415712,-0.0273071785730942,0.9727232075313524,-0.0005699417351401,6.651314806475222e-05,0.0273071785730942,0.0007426607431103,0.0001744124955704,0.3852536401372232,0.5274030326162806,0.9951727051697836,-0.0005688995536061,1.0034174435909382,-0.000920193363304,6.735608233921191e-06,0.0005790150938128,17.0,35.0,50.0,-0.0007426607431102,-0.0003906977645221,0.954277708005153,26.0,0.0,7.488574012510679e-06,3.829836928404809e-05,0.0002453885886715,0.9767499837425752,-1.116981756597021,0.835010267312188,1.4891916750903806,0.0303053494953289,0.0,0.0063577386222711
luh,luh_P026_1_S01_C07,100,2.93958105376805,581.0,0,1,0.9542719243154626,-0.0468420667992028,0.953210056781798,-0.0004458977922916,0.0001650510665494,0.0468420667992028,0.0007426607431103,0.0001511129276255,0.3253336959985732,0.6855047462458421,0.9951727051697836,-0.0004779802734612,1.0006050825606077,-0.0006376673104019,1.880093314807252e-06,0.0004581248080021,17.0,35.0,100.0,-0.0007426607431102,-0.0003906977645221,0.966653659259029,27.0,0.0,3.6284843153402256e-06,2.692038048491569e-05,0.0002453885886715,0.9837780735615848,-0.8782845710910752,0.8059223779421035,1.7295411167424082,0.0121213605323448,0.0,0.0097674441130541
luh,luh_P026_2_S02_C07,50,2.9507981136750816,613.0,0,1,0.97415151975173,-0.026956555815777,0.9730732810236338,-0.000564989929167,6.553572128791027e-05,0.026956555815777,0.0007387170450047,0.0001837898431248,0.4011001452726554,0.5052161380830567,0.9951983392074696,-0.0005615949128286,1.0035075113242766,-0.0009311250574533,7.041060159351251e-06,0.0005739701744274,18.0,35.0,50.0,-0.0007387170450045,-0.000370007058863,0.9416934498709764,27.0,0.0,7.844893322161457e-06,5.012818858057179e-05,0.0003471773229509,0.9741668018204444,-1.1243153273570683,0.8372624678253519,1.4755306794421978,0.0305367238600816,0.0,0.0062672902647602
luh,luh_P026_2_S02_C07,100,2.9507981136750816,613.0,0,1,0.955651166808576,-0.0454569087589309,0.9545934051793934,-0.000430528306258,0.0001544646096399,0.0454569087589309,0.0007387170450047,0.0001603662278892,0.3667290414099228,0.6548914233012588,0.9951983392074696,-0.0004638460077441,1.00057800975824,-0.0006382961563471,2.036939706755966e-06,0.0004421648282367,18.0,35.0,100.0,-0.0007387170450046,-0.000370007058863,0.9592596628492984,27.0,0.0,3.8011338777483353e-06,3.511310636380897e-05,0.0003471773229509,0.979984619470944,-0.835772451556724,0.8050277530156782,1.739244948510078,0.0121952730938182,0.0,0.009250176471577
luh,luh_P026_3_S03_C07,50,2.9371884775653534,563.0,0,1,0.9745824966874472,-0.0264655884952756,0.9735621206543292,-0.0005535571263026,6.243673434773798e-05,0.0264655884952756,0.0006987234551485,0.0001507185311249,0.3431559424979009,0.5678112202705522,0.9954582975415344,-0.0005513664269848,1.0031886705965367,-0.0008556889315812,5.810227024588771e-06,0.0005619215725424,18.0,37.0,50.0,-0.0006987234551485,-0.0003946751147716,0.9528341689990212,27.0,0.0,6.469113625040584e-06,3.4091049465371614e-05,0.0002240228171897,0.9815551542904062,-1.144051135890828,0.8351473798081128,1.488343915014115,0.0305367238600816,0.0,0.006288511096337
luh,luh_P026_3_S03_C07,100,2.9371884775653534,563.0,0,1,0.9548487409488634,-0.0461993442338593,0.953849025918244,-0.0004438701738511,0.0001629685218008,0.0461993442338593,0.0006987234551485,0.0001313838898066,0.284975087095404,0.7129799184554239,0.9954582975415344,-0.0004714218799373,1.0007685146049927,-0.0006133840066381,1.6619003214408727e-06,0.0004556675686313,18.0,37.0,100.0,-0.0006987234551485,-0.0003946751147716,0.966261805568936,27.0,0.0,3.134518972957808e-06,2.3949530630832057e-05,0.0002240228171897,0.987308849976846,-0.9310958433729396,0.8089566008955741,1.710974465301075,0.0121458983021081,0.0,0.0098668778692918
luh,luh_P027_1_S01_C05,50,2.9488857315668358,269.0,0,1,0.9674166929321676,-0.0337792497148369,0.9662611000744472,-0.0007412713732483,0.0001106678214945,0.0337792497148369,0.000797295098003,0.0001720613967576,0.1622628189085661,0.7769174449278052,0.99481758186298,-0.000703734369059,1.0037803105485954,-0.0009494788820658,4.003990554183847e-06,0.0007548698144819,17.0,29.0,50.0,-0.0007972950980029,-0.0003841919936201,0.9201684258058762,39.0,0.0,8.86491592148262e-06,4.838984676092589e-05,0.0003244045062139,0.9930316534232076,-1.3021402470952606,0.849125074425234,1.39875073542361,0.0436750635026615,0.0,0.0095675411760368
luh,luh_P027_1_S01_C05,100,2.9488857315668358,269.0,0,1,0.9483844904474964,-0.0528114521995081,0.947251631823554,-0.0005160110770263,0.0002248897658034,0.0528114521995081,0.000797295098003,0.0002014607616521,0.4847956511546668,0.5135016182068545,0.99481758186298,-0.0005388923693827,1.0026130345524338,-0.0008742231302027,3.511882874278561e-06,0.0005331922421542,17.0,29.0,96.0,-0.000797295098003,-0.0003806440496934,0.974159181739799,39.0,0.0,4.295371632058589e-06,3.39736157614588e-05,0.0003244045062139,0.9669258849604112,-0.8948270221425787,0.8175762268472275,1.655705098048131,0.01365874893104,0.0,0.0110386774411092
luh,luh_P027_2_S02_C05,50,2.935465673245665,285.0,0,1,0.9702189390225788,-0.0308555781641328,0.9691775410976944,-0.0006744569861259,9.145380945076792e-05,0.0308555781641328,0.0007163447911413,0.0001417929557736,0.1382698949228889,0.8115021441443477,0.995343758857582,-0.000642824545086,1.0032798281646254,-0.0008341831528156,3.07165705172382e-06,0.0006855555714613,18.0,32.0,50.0,-0.0007163447911412,-0.0003788125849668,0.9045210966130292,40.0,0.0,7.4423624821059055e-06,4.611504919368585e-05,0.0003187295926039,0.994802138622914,-1.295789668106878,0.8481067619277068,1.4110207539225226,0.0448505661653517,0.0,0.0085961374936948
luh,luh_P027_2_S02_C05,100,2.935465673245665,285.0,0,1,0.9518912512984736,-0.049183265888238,0.9508695256508416,-0.000483657307387,0.0001963900155352,0.049183265888238,0.0007163447911413,0.0001700614764967,0.438400046053143,0.5434798097170551,0.995343758857582,-0.000501870060084,1.0024583696098586,-0.0007885283902562,2.9889321849921324e-06,0.0004983371215165,18.0,32.0,100.0,-0.0007163447911412,-0.000366553754482,0.970563049852896,40.0,0.0,3.6060931614343184e-06,3.231481538284457e-05,0.0003187295926039,0.9727493127403064,-0.9451250360734732,0.8187502637729867,1.6455368972225852,0.0137661957641479,0.0,0.010630058879981
luh,luh_P027_3_S03_C05,50,2.9390475204807256,298.0,0,1,0.9690145569046432,-0.0321063265894408,0.9679296205695118,-0.0007014836521561,9.895584324992144e-05,0.0321063265894408,0.0007472556627228,0.000146636885646,0.1435489759667867,0.8040502939849321,0.9951428381923018,-0.0006688818039466,1.0034417197243046,-0.000873789151606,3.3135672971122837e-06,0.0007135295659235,17.0,31.0,50.0,-0.0007472556627227,-0.0003942062387321,0.9258084865591568,39.0,0.0,7.684169932627585e-06,3.697751775797213e-05,0.0002107706339158,0.994543218634548,-1.296252071921451,0.8477559214884514,1.4105007899563768,0.0448505661653517,0.0,0.0089670679526734
luh,luh_P027_3_S03_C05,100,2.9390475204807256,298.0,0,1,0.9497095731101792,-0.0514113103839047,0.9486462511855008,-0.0005053119398129,0.0002141765413013,0.0514113103839047,0.0007472556627228,0.0001746850961196,0.4314746774727226,0.5504043817735679,0.9951428381923018,-0.000524605207999,1.0025158485632957,-0.0008180577869303,3.0661357560526417e-06,0.000521310637889,17.0,31.0,100.0,-0.0007472556627227,-0.0003860996758892,0.977294949716742,40.0,0.0,3.723257596220056e-06,2.602444087598833e-05,0.0002107706339158,0.97362574454857,-0.9463005281486572,0.8185180561809609,1.647717618863467,0.01365874893104,0.0,0.011196890600789
luh,luh_P029_1_S06_C08,50,2.9341441439174742,132.0,0,1,0.925172462714988,-0.0783518779033916,0.9219232910134392,-0.0015765947863654,0.0005126246758355,0.0783518779033916,0.0023495604122532,0.0005798172591026,0.460604731125247,0.5190842405681794,0.9847278573203544,-0.0016323307896539,1.0086010068362858,-0.0026614393905266,2.0862396233868725e-05,0.0016518527826666,8.0,13.0,29.0,-0.0023495604122531,-0.0011630149992782,0.9348600916269784,21.0,0.0,2.524564708457549e-05,0.0001687058448182,0.0011693405044869,0.9697742764112314,-0.9265387470374128,0.8217360629563187,1.5758690069771075,0.0301530381706875,0.0,0.0174452249891737
luh,luh_P029_1_S06_C08,100,2.9341441439174742,132.0,0,1,0.8743189344572351,-0.1292054061611445,0.8712483584787518,-0.0012453917184646,0.0012908059179041,0.1292054061611445,0.0023495604122532,0.0005274519436624,0.3588833992641089,0.657804895618557,0.9847278573203544,-0.0013184225118483,1.001056697075643,-0.0018486737969662,5.914530181387983e-06,0.0013487409859059,8.0,13.0,29.0,-0.0022405130196309,-0.0008117059219022,0.947360213216746,21.0,0.0,1.6384165620452253e-05,0.0001230861119223,0.0011693405044869,0.9812865104202378,-0.8844672049935758,0.8088496554304998,1.6923458892841745,0.0165293019512105,0.0,0.0290753749819562
luh,luh_P029_2_S08_C07,50,2.947597798153884,135.0,0,1,0.9282579536105022,-0.0750296646077493,0.9252161959887482,-0.0015121918105171,0.0004687873243568,0.0750296646077493,0.0021917454788343,0.00049699576531,0.4140143601768441,0.5577931695765771,0.985753654387577,-0.0015631180126614,1.007854095114419,-0.0024422924954677,1.788655163366464e-05,0.0015797209834514,9.0,13.0,32.0,-0.0021917454788342,-0.0011625689336157,0.951297938766531,21.0,0.0,2.1897373302521016e-05,0.0001107707384751,0.0007011779802571,0.975591255558069,-0.9570770647330388,0.8215904911493787,1.577550355242366,0.0295588022415443,0.0,0.0164435734972895
luh,luh_P029_2_S08_C07,100,2.947597798153884,135.0,0,1,0.8772761348016155,-0.1260114834166361,0.8744014367082281,-0.0012260241505571,0.0012460188833988,0.1260114834166361,0.0021917454788343,0.0004604074576071,0.3164500066458379,0.6857635988779929,0.985753654387577,-0.001285831463435,1.0015545121775635,-0.0017582219437634,5.217625423591355e-06,0.001323208604287,9.0,13.0,32.0,-0.0020842294187616,-0.0008198979798693,0.95772461913808,21.0,0.0,1.4560638855973388e-05,8.240361598564317e-05,0.0007011779802571,0.9851860547090892,-0.9470018492127714,0.8117602060194986,1.672631216520507,0.0165293019512105,0.0,0.029064223340395
luh,luh_P029_3_S09_C07,50,2.924922005007109,135.0,0,1,0.9304590046131436,-0.0726239603826167,0.9275992485996174,-0.0014681352577143,0.0004394282115379,0.0726239603826167,0.0020553099971734,0.0004251095431699,0.3643565926198518,0.5989594849719653,0.9866404850183722,-0.0015129991746378,1.0072851372497014,-0.0022612319895239,1.5251860227106251e-05,0.0015301051278946,9.0,14.0,34.0,-0.0020553099971734,-0.0011722863337312,0.9538461783385136,21.0,0.0,1.8787737520048435e-05,8.919779502796209e-05,0.0004597904215543,0.9810117231209204,-0.99295421928219,0.8219364668438628,1.575319595946215,0.0253178079842898,0.0,0.0164120086722385
luh,luh_P029_3_S09_C07,100,2.924922005007109,135.0,0,1,0.8784718478901549,-0.1246111171056053,0.875771873858777,-0.0012226820439838,0.0012346801779783,0.1246111171056053,0.0020553099971734,0.0003989946744384,0.2721783911311026,0.7189702133085196,0.9866404850183722,-0.0012715420112816,1.0020111223657493,-0.0016853365098318,4.535828096549588e-06,0.0013163470819578,9.0,14.0,34.0,-0.0019572047244333,-0.0008547121636992,0.9587870195739596,21.0,0.0,1.2751026898711484e-05,6.815720944378326e-05,0.0004597904215543,0.9888204108760186,-1.0025492150463096,0.8144985000406676,1.6558370483464644,0.0165978914090378,0.0,0.0293071583432828
luh,luh_P030_1_S06_C06,50,2.93089510091822,118.0,0,1,0.9226450033637668,-0.0805660955061282,0.9196917821215446,-0.0017093850785748,0.0005977766926663,0.0805660955061282,0.00214073257993,0.0005241893091801,0.3626259366714564,0.5320348076008263,0.9860852382304548,-0.0016784603230443,1.010606778586858,-0.0027313557961437,1.9653283030170003e-05,0.001792195422147,9.0,13.0,27.0,-0.00214073257993,-0.0010824926832063,0.9386179530877126,29.0,0.0,2.251574248348509e-05,0.0001477819493611,0.0010242703960386,0.9776217047945308,-1.183139627833756,0.8414748936491036,1.4469405782025115,0.031498667059371,0.0,0.019446079438951
luh,luh_P030_1_S06_C06,100,2.93089510091822,118.0,0,1,0.8685203692034491,-0.1346907296664458,0.8657403912116071,-0.0012824641259908,0.0013727880128526,0.1346907296664458,0.00214073257993,0.0004725894305739,0.3854238294178465,0.633264380726218,0.9860852382304548,-0.001374395200678,1.002550906434276,-0.0019417140850166,6.463234892409734e-06,0.0013914993236702,9.0,13.0,27.0,-0.0021407325799299,-0.0010824926832063,0.960644841600302,29.0,0.0,1.0909689656944822e-05,0.0001034825899158,0.0010242703960386,0.9784346008960568,-0.8431180387983641,0.8080545317040668,1.7274048060703149,0.0123458358222993,0.0,0.0281302736910844
luh,luh_P030_2_S08_C05,50,2.927929928375643,123.0,0,1,0.924444103239881,-0.0787163746396693,0.9215316229303036,-0.0016585131032364,0.0005627544145606,0.0787163746396693,0.0021069852530334,0.000503122286134,0.3701594126898674,0.530848142749421,0.9863045958552826,-0.0016399244716597,1.0101345706222145,-0.0026560514698177,1.9183430126560836e-05,0.0017367834216339,9.0,13.0,28.0,-0.0021069852530333,-0.0010932701602511,0.9450848794090988,28.0,0.0,2.156840622941232e-05,0.0001301090858361,0.0008965296280567,0.9775723272663148,-1.1574696327805891,0.838864599558302,1.4650870909501297,0.0310102367425603,0.0,0.0189628672773009
luh,luh_P030_2_S08_C05,100,2.927929928375643,123.0,0,1,0.8697805952273232,-0.133379882652227,0.8670403334328308,-0.0012708652156419,0.0013440697441566,0.133379882652227,0.0021069852530334,0.0004457125264595,0.3543192439377118,0.6591869296164609,0.9863045958552826,-0.0013610192107369,1.0022016438408057,-0.0018695676755586,5.8696319599674125e-06,0.0013763967542839,9.0,13.0,28.0,-0.0021069852530334,-0.0010932701602511,0.9628722851535692,28.0,0.0,1.045067105961059e-05,9.120633705508508e-05,0.0008965296280567,0.9813456700464273,-0.8638747203827739,0.8074123100032914,1.7271523479706838,0.0122450509601002,0.0,0.0273317540062788
luh,luh_P030_3_S09_C05,50,2.928809617370333,123.0,0,1,0.924690051514917,-0.0784090004345254,0.9218332424079716,-0.0016600272498231,0.0005626598252189,0.0784090004345254,0.0020660346329618,0.000483098518449,0.3496200616876302,0.5483696694382056,0.9865707748857488,-0.0016335208423859,1.0100725322039477,-0.0026097650638195,1.82641887307016e-05,0.0017374875166235,9.0,14.0,28.0,-0.0020660346329616,-0.0010866149089625,0.9490262856348612,29.0,0.0,2.0838717531896417e-05,0.0001162788176609,0.0007865719803436,0.979522740612624,-1.182522938288344,0.8403573932600011,1.4544459727289238,0.031498667059371,0.0,0.0190446350627806
luh,luh_P030_3_S09_C05,100,2.928809617370333,123.0,0,1,0.8703593060667877,-0.1327397458826548,0.8676703505753636,-0.0012689870191079,0.0013400614275121,0.1327397458826548,0.0020660346329618,0.0004348057027558,0.3554439356099728,0.6545765493177084,0.9865707748857488,-0.0013544872028842,1.0025722304567934,-0.0018728381546745,5.92010917222154e-06,0.0013738513154373,9.0,14.0,28.0,-0.0020660346329617,-0.0010866149089625,0.9666997207298172,29.0,0.0,1.0097110556692078e-05,8.160733386665129e-05,0.0007865719803436,0.9813738517079086,-0.8748063593159676,0.8089059779644129,1.7200734421032644,0.0122700925918143,0.0,0.0278447495194448
luh,luh_P031_1_S06_C04,50,2.945743608553827,97.0,0,1,0.904979457756325,-0.0982547438396348,0.9020620073724264,-0.0021172738107438,0.0008974570592098,0.0982547438396348,0.0021561343973067,0.0002982623544507,0.0494348029729041,0.9365940022063156,0.9859851264175072,-0.0020469738299923,1.0084669814056422,-0.0022904757515186,3.330806553360164e-06,0.0022252087181527,9.0,13.0,27.0,-0.0021561343973065,-0.0016826491428063,0.8559748688910314,44.0,0.0,2.0585175060694124e-05,9.90829506523112e-05,0.0005653121360343,0.9990112270349164,-1.251687477939026,0.8433936145658306,1.4600530649481709,0.0412429585340491,0.0,0.0258736127676791
luh,luh_P031_1_S06_C04,100,2.945743608553827,97.0,0,1,0.8455478992836272,-0.1576863023123327,0.8428220428874106,-0.0015788574378478,0.0020811759244639,0.1576863023123327,0.0021561343973067,0.0004771622095327,0.3868084589037689,0.561397001853222,0.9859851264175072,-0.0016090439011462,1.009187848597949,-0.0024823349223387,8.857622396969578e-06,0.0017397850318833,9.0,13.0,27.0,-0.0021561343973065,-0.0011886311694539,0.9785463644993035,45.0,0.0,9.974260080954884e-06,6.973331797418257e-05,0.0005653121360343,0.9781869647788894,-1.042316922044111,0.8239328091964513,1.6047979022605925,0.0131704631897451,0.0,0.0356589350836187
luh,luh_P031_2_S07_C04,50,2.929508213311773,94.0,0,1,0.9028936322464636,-0.1004007192474487,0.899928949965729,-0.0021607484235396,0.0009345652006953,0.1004007192474487,0.0021962343292749,0.0002997252389474,0.0448286962767714,0.9428190338782644,0.9857244768597132,-0.0020916816509884,1.0085418835948137,-0.0023206718321209,3.075450165024266e-06,0.0022730145783453,9.0,13.0,27.0,-0.0021962343292748,-0.0017534521827874,0.8191236116295942,44.0,0.0,2.0901870090294083e-05,0.0001269822437598,0.0008757988077185,0.9991456447030784,-1.248029675180948,0.8427472494546242,1.4636045798069075,0.0412429585340491,0.0,0.0263548119512983
luh,luh_P031_2_S07_C04,100,2.929508213311773,94.0,0,1,0.8422013104949113,-0.1610930409990009,0.8394359135391002,-0.0016145703672293,0.0021759633834931,0.1610930409990009,0.0021962343292749,0.0004863839566354,0.384679245278565,0.5617712926720863,0.9857244768597132,-0.0016438065408061,1.0094651487025272,-0.0025349888894627,9.023711002287971e-06,0.0017829248899881,9.0,13.0,27.0,-0.0021962343292748,-0.001213846435031,0.9726441065768688,45.0,0.0,1.0127710249937873e-05,8.900570148664417e-05,0.0008757988077185,0.9783791785822574,-1.047206594626678,0.8242717907403788,1.6024099202044175,0.0131952904188325,0.0,0.0364153930509315
luh,luh_P031_3_S09_C03,50,2.9319535829371786,90.0,0,1,0.9025437693867469,-0.1007406031891263,0.8995891833434215,-0.0021592775974361,0.0009330952583864,0.1007406031891263,0.0021895817172487,0.0002657259208678,0.0388127063050356,0.9509136105934752,0.9857677188378834,-0.0020987625664401,1.0083983015142035,-0.0022964032191548,2.637031186897523e-06,0.0022710557903573,9.0,13.0,27.0,-0.0021895817172487,-0.0018081776610552,0.7998000183635662,45.0,0.0,1.8512159584500787e-05,0.000124240966617,0.0008611097640167,0.9993577184932334,-1.2424249154902471,0.8411869366349951,1.470600209025558,0.041672696400568,0.0,0.0262749806069847
luh,luh_P031_3_S09_C03,100,2.9319535829371786,90.0,0,1,0.8365682585478873,-0.1667161140279858,0.8338296513081808,-0.0016756917560464,0.0023301194175997,0.1667161140279858,0.0021895817172487,0.0004316595284429,0.3296031977673917,0.6110887355770886,0.9857677188378834,-0.0017011848370202,1.009270171718213,-0.0024917399017157,8.000472016366004e-06,0.001852013108849,9.0,13.0,27.0,-0.0021895817172487,-0.0013195102167771,0.9691736934266496,45.0,0.0,8.969809283211722e-06,8.697588023178603e-05,0.0008611097640167,0.9841355423216354,-1.0802666563168304,0.8244646730845346,1.601047425771604,0.0131952904188325,0.0,0.0385622436056904
luh,luh_P033_1_S07_C08,50,2.938274123321533,524.0,0,1,0.9658276336543716,-0.0357791533360227,0.9642782439169256,-0.0007173615633334,0.0001058166079646,0.0357791533360227,0.0010711913269297,0.0002528132664138,0.4396956844524067,0.5430960876693229,0.9930372563749574,-0.0007453990278338,1.0037268027946105,-0.0011829712233485,8.95403192336839e-06,0.0007324488958508,13.0,25.0,50.0,-0.0010711913269296,-0.0005463600439649,0.9459163543501952,20.0,0.0,1.1166623041801085e-05,6.192454493790239e-05,0.0004179231506246,0.9726405380902448,-0.9210072330932052,0.8203941576330633,1.587568210278809,0.0295588022415443,0.0,0.0076698337038483
luh,luh_P033_1_S07_C08,100,2.938274123321533,524.0,0,1,0.9417777692421592,-0.0598290177482351,0.940266960522494,-0.0005802899259547,0.0002792967149391,0.0598290177482351,0.0010711913269297,0.0002309719416363,0.3195360087890342,0.6888786372495252,0.9930372563749574,-0.0006105001811044,1.0004834250195147,-0.0008317246463004,2.4650462778990706e-06,0.000601378775167,13.0,25.0,79.0,-0.0010060099057418,-0.0003892931554059,0.9516375801501382,21.0,0.0,7.50694415825512e-06,4.723688223595732e-05,0.0004179231506246,0.9846209322380228,-0.926022022186252,0.8106562736408853,1.6817340943758077,0.0166208812360404,0.0,0.0136590010991244
luh,luh_P033_2_S08_C08,50,2.944540023190949,508.0,0,1,0.965235147878562,-0.0363347137146491,0.9637222373516202,-0.0007322114299379,0.0001095293442138,0.0363347137146491,0.0010465743954741,0.0002249712982733,0.3840788682310718,0.5853175306786764,0.9931972664294184,-0.0007569732023885,1.00365461050507,-0.001147707254863,7.990304325482704e-06,0.0007474924117962,14.0,25.0,50.0,-0.001046574395474,-0.0005792071492368,0.9484516922817222,20.0,0.0,9.943983962492811e-06,5.266185809315598e-05,0.0003472071272296,0.978977062228935,-0.9703433144009166,0.8212182501763365,1.5811797784291997,0.0295588022415443,0.0,0.0081089000893167
luh,luh_P033_2_S08_C08,100,2.944540023190949,508.0,0,1,0.9408656749157572,-0.0607041866774538,0.9393909611248776,-0.0005989317699105,0.0002972660123662,0.0607041866774538,0.0010465743954741,0.0002235774917626,0.3113902673732842,0.6802628163909883,0.9931972664294184,-0.0006194304763005,1.0010977022824523,-0.0008622371985743,2.5814257712144323e-06,0.0006210938429153,14.0,25.0,77.0,-0.0009895605699103,-0.0003593604413581,0.9550619283391464,21.0,0.0,7.332720777351645e-06,4.209467951567458e-05,0.0003472071272296,0.9854946554145152,-0.9878693173255756,0.8171762856900896,1.6410040754031687,0.0198813705538289,0.0,0.0144801787309227
luh,luh_P033_3_S09_C08,50,2.932470965351998,523.0,0,1,0.9651302414329902,-0.0364582112473034,0.9635996090512629,-0.0007335772658284,0.0001100533325893,0.0364582112473034,0.0010589684535292,0.0002321261022401,0.3936308442800849,0.5788718479721966,0.99311670505206,-0.0007595460676521,1.003671528220129,-0.0011594954435256,8.190734186485244e-06,0.0007489983976001,13.0,25.0,50.0,-0.0010589684535291,-0.000577660973778,0.9422140934721814,20.0,0.0,1.0240584675558238e-05,6.036161305690978e-05,0.0004143576093177,0.9779542196117756,-0.9592060010656902,0.8208751191857971,1.5839823229124543,0.0295588022415443,0.0,0.0080872536328939
luh,luh_P033_3_S09_C08,100,2.932470965351998,523.0,0,1,0.9408426437779333,-0.0607458089023603,0.9393505299109608,-0.000597774898342,0.0002962891823872,0.0607458089023603,0.0010589684535292,0.0002279648067229,0.3181454572782862,0.6755244435436963,0.99311670505206,-0.0006198551928812,1.001032988204941,-0.0008653755010935,2.623535321093038e-06,0.0006199640567608,13.0,25.0,77.0,-0.000997908217167,-0.0003584261990048,0.9519650791852684,21.0,0.0,7.43261281839068e-06,4.671161504685439e-05,0.0004143576093177,0.9849277702404524,-0.9779288489089372,0.8160614408097955,1.6454360254960692,0.0197634891188396,0.0,0.0144415243444535
luh,luh_P034_1_S07_C06,50,2.9420113716312684,446.0,0,1,0.9641532229409412,-0.037379547238228,0.9626776593325638,-0.0007906475220294,0.000128538157504,0.037379547238228,0.001021846786113,0.0002651665728245,0.4028178293707447,0.492074951246832,0.9933579958902656,-0.000778740567463,1.005082997936641,-0.0013163162507789,1.0109014014412207e-05,0.0008083296152787,14.0,24.0,50.0,-0.0010218467861129,-0.0004844668196755,0.9530769718906044,28.0,0.0,1.143361630717847e-05,5.923128593846253e-05,0.0003841192000094,0.9726660413221286,-1.1533044255185996,0.8411960288402975,1.4499545503947635,0.0310102367425603,0.0,0.0089794898141122
luh,luh_P034_1_S07_C06,100,2.9420113716312684,446.0,0,1,0.9399298819571608,-0.0616028882220087,0.9384913903406392,-0.0005811833454133,0.0002830970041331,0.0616028882220087,0.001021846786113,0.0002368109283675,0.4226290745385765,0.6127469019722788,0.9933579958902656,-0.0006286009002245,1.0009149141735147,-0.0009046614617983,3.171354082206593e-06,0.0006031419139707,14.0,24.0,80.0,-0.0010218467861129,-0.0004844668196756,0.9684800693384537,29.0,0.0,5.539999653992136e-06,4.162415752699821e-05,0.0003841192000094,0.9743968631872284,-0.7866412464623949,0.8051973502636735,1.7451769053784063,0.0122700925918143,0.0,0.0123178444050799
luh,luh_P034_2_S08_C06,50,2.951309141354604,448.0,0,1,0.9639121511841215,-0.0376183764389401,0.9624391115383972,-0.000795619889755,0.0001299434888944,0.0376183764389401,0.0010203517487078,0.0002584919184158,0.3913572257207558,0.5043103464149429,0.9933677136333988,-0.0007837161758112,1.0050471617122865,-0.0013081524469337,9.856395330359411e-06,0.0008134166357427,14.0,24.0,50.0,-0.0010203517487078,-0.0004958983185793,0.954780940506803,28.0,0.0,1.1158583619757211e-05,5.5614854237419496e-05,0.0003449854663386,0.9742866139108686,-1.158999398674604,0.8408813727057262,1.4518406222986149,0.0310102367425603,0.0,0.0091627479213168
luh,luh_P034_2_S08_C06,100,2.951309141354604,448.0,0,1,0.9391172352551532,-0.0624132923679085,0.9376820869194727,-0.0005906477449548,0.0002918371685448,0.0624132923679085,0.0010203517487078,0.0002311457833003,0.4055235994889021,0.6232854720764066,0.9933677136333988,-0.0006368703302847,1.0009850200767707,-0.0009071865731678,3.1033218452251286e-06,0.0006131196656899,14.0,24.0,79.0,-0.0010203517487078,-0.0004958983185793,0.9696184101266636,29.0,0.0,5.406736393078237e-06,3.911233366848119e-05,0.0003449854663386,0.9762506296247622,-0.808739842767292,0.8060084846874842,1.7394873190372784,0.0122700925918143,0.0,0.0126054810398231
luh,luh_P034_3_S09_C06,50,2.955652833990364,440.0,0,1,0.96270224448759,-0.0389038451415447,0.9611585377281904,-0.0008246208884627,0.000140086513751,0.0389038451415447,0.0010707264194232,0.0002859860755206,0.4131981860059607,0.4787765649939997,0.9930402782737492,-0.0008104967737821,1.0054019175185789,-0.0013910742992013,1.0893334821896403e-05,0.0008439778777833,13.0,23.0,50.0,-0.0010707264194231,-0.0004894457992504,0.9567197359721618,28.0,0.0,1.2367672769631465e-05,5.868039295705913e-05,0.0002971506530323,0.970828085417994,-1.1539427343943314,0.8422877907680015,1.4426346882615495,0.0310102367425603,0.0,0.0092908446813848
luh,luh_P034_3_S09_C06,100,2.955652833990364,440.0,0,1,0.9382299545250684,-0.0633761351040664,0.9367254894311468,-0.000595642830878,0.0002983602410159,0.0633761351040664,0.0010707264194232,0.0002565485248315,0.4519966068263741,0.5935403845552158,0.9930402782737492,-0.0006466952561639,1.0009182875370883,-0.0009492468598635,3.466706166524423e-06,0.0006190805663039,13.0,23.0,76.0,-0.0010707264194231,-0.0004894457992504,0.9710423628536348,29.0,0.0,5.9925837131204e-06,4.131161141376393e-05,0.0002971506530323,0.9711263056614596,-0.7534273098191542,0.8044889479840729,1.7515686992674804,0.0126698527410517,0.0,0.0126251304552153
luh,luh_P035_1_S08_C04,50,2.9534530537121526,279.0,0,1,0.9590124896427696,-0.042422571786856,0.9576382199697556,-0.0009270660889998,0.0001723120525565,0.042422571786856,0.0009567076197505,0.0001808162178476,0.0807071312395914,0.8929264966443339,0.9937814004716218,-0.0008838035788928,1.0040154087469733,-0.0010548883177535,2.458119783722997e-06,0.0009475465778668,14.0,25.0,50.0,-0.0009567076197504,-0.000621352567406,0.8809176200961919,43.0,0.0,1.1535928645398408e-05,5.495895854744803e-05,0.0002959265631689,0.9975524295858262,-1.2752491534239965,0.8491271609630442,1.430490623816142,0.048790164169432,0.0,0.011480491437006
luh,luh_P035_1_S08_C04,100,2.9534530537121526,279.0,0,1,0.938286540971936,-0.0631485204576896,0.9369419716865712,-0.0006248380239593,0.0003328473966632,0.0631485204576896,0.0009567076197505,0.0002665477711254,0.5373133632503055,0.4471299062010206,0.9937814004716218,-0.0006443726577314,1.004057090762697,-0.0011251070396039,4.904598192594269e-06,0.0006506716612538,14.0,25.0,72.0,-0.0009567076197505,-0.0004145189734166,0.9785568516285968,44.0,0.0,5.589573673543559e-06,3.868814531264809e-05,0.0002959265631689,0.9579317451416712,-0.918359365847603,0.822770405251516,1.6138022605617903,0.014679162663049,0.0,0.0131791545480073
luh,luh_P035_2_S09_C04,50,2.9436403928155483,360.0,0,1,0.9613366602781224,-0.0400188210811034,0.9600353502566517,-0.0008748672703882,0.0001534687411892,0.0400188210811034,0.0009036542394838,0.0001718853351712,0.0827033045941953,0.8901116182656079,0.9941262474433554,-0.0008337254391896,1.0038070481227783,-0.0009985835636874,2.3791594865220508e-06,0.0008931037977992,15.0,26.0,50.0,-0.0009036542394837,-0.0005805414351116,0.8826645248902256,43.0,0.0,1.088585429599602e-05,5.2029445381373024e-05,0.0002867715026465,0.99745750810925,-1.2764469434814052,0.8492960026101118,1.42918378472226,0.048790164169432,0.0,0.0108438508738053
luh,luh_P035_2_S09_C04,100,2.9436403928155483,360.0,0,1,0.9417357058995244,-0.0596197754597012,0.9404609286416704,-0.0005896810005988,0.0002964181157459,0.0596197754597012,0.0009036542394838,0.0002514490393282,0.537070719541788,0.448089785548817,0.9941262474433554,-0.0006083650557112,1.003810721082291,-0.0010611300357799,4.622049364520564e-06,0.0006126393754068,15.0,26.0,79.0,-0.0009036542394837,-0.0003920190875719,0.978470476994209,44.0,0.0,5.274589194967143e-06,3.662331101581511e-05,0.0002867715026465,0.9580195190399612,-0.9168476585650968,0.8226125183999231,1.6149530805416503,0.014679162663049,0.0,0.0123975587446785
luh,luh_P035_3_S10_C02,50,2.943466654377125,342.0,0,1,0.9579456854950508,-0.0435549280170299,0.956510333164659,-0.0009584914125813,0.0001844571121988,0.0435549280170299,0.0010004090080539,0.0002138603485138,0.1053179556699367,0.8576102839403251,0.9934973414476496,-0.0009073943336881,1.0044001195493355,-0.0011338116920901,3.3715438367066127e-06,0.0009806784984327,14.0,24.0,50.0,-0.0010004090080538,-0.0005600112944518,0.8949342998840601,42.0,0.0,1.285470648604474e-05,6.250288213458001e-05,0.0003686652691957,0.9961185850094962,-1.2893333533097262,0.8518402769076332,1.4119585294148962,0.0571584138399486,0.0,0.0120049080966466
luh,luh_P035_3_S10_C02,100,2.943466654377125,342.0,0,1,0.9381337953345602,-0.0633668181775206,0.9367281284478652,-0.0006222548344042,0.0003332804290004,0.0633668181775206,0.0010004090080539,0.0002961325246335,0.5944755180993214,0.41339734295863,0.9934973414476496,-0.0006466001854848,1.0040729593576805,-0.0011728369937382,5.397864307195875e-06,0.0006486952217043,14.0,24.0,71.0,-0.0010004090080539,-0.0003962378032098,0.9779359692536718,43.0,0.0,6.228569122104154e-06,4.397914270477561e-05,0.0003686652691957,0.9487932292202153,-0.852231946780436,0.8215734943733723,1.6233715447316746,0.0150882996512018,0.0,0.012679609702714
luh,luh_P037_1_S05_C11,50,2.949636536489489,741.0,0,1,0.9749724861382124,-0.0262551823635084,0.9737770107743848,-0.0005226385793102,5.654667166201918e-05,0.0262551823635084,0.0008184456678138,0.0002074604619882,0.4915000243297797,0.5099680085154042,0.9946801031592096,-0.0005469829659063,1.0027718466593711,-0.0008999699059933,7.256371666980953e-06,0.0005308241102405,16.0,37.0,50.0,-0.0008184456678138,-0.0003864696932626,0.9431627650341874,20.0,0.0,9.190978181941988e-06,5.2877762462906006e-05,0.0003610455195299,0.9661084430082651,-0.8606510994468142,0.8190649738531334,1.598805081824367,0.0295588022415443,0.0,0.0055216703758101
luh,luh_P037_1_S05_C11,100,2.949636536489489,741.0,0,1,0.9578539269055916,-0.0433737415961292,0.9566794416887864,-0.0004127849132847,0.0001418700866471,0.0433737415961292,0.0008184456678138,0.0001814251009562,0.3626797898591689,0.6602659393880435,0.9946801031592096,-0.0004425891999604,1.0000919964947717,-0.000611554883711,1.9487252002579618e-06,0.0004236664856062,16.0,37.0,100.0,-0.0007578312498223,-0.0002842592446096,0.9517366675286956,20.0,0.0,5.542900947335907e-06,3.81173827031962e-05,0.0003610455195299,0.9808478123024124,-0.8585604936037461,0.8022330294377253,1.7137008640473284,0.0151805571770159,0.0,0.0096617423315663
luh,luh_P037_2_S06_C09,50,2.9399758177920905,,1,1,0.9780741776950108,-0.0229983210932215,0.9770263181527208,-0.0004593777274371,4.376494542470759e-05,0.0229983210932215,0.0007149991921548,0.0001841490364161,0.5025998429499083,0.4951241283440526,0.9953525052509936,-0.000479131689442,1.002525120189128,-0.0008019099102646,6.587157362067282e-06,0.0004657109751065,18.0,45.0,50.0,-0.0007149991921548,-0.0003321996786924,0.9532541221733964,21.0,0.0,8.144670499200839e-06,3.909570467297917e-05,0.0002204542398028,0.9643695172809515,-0.8700615899965518,0.8202364995919327,1.5886359162094443,0.0295588022415443,0.0,0.0049829951803877
luh,luh_P037_2_S06_C09,100,2.9399758177920905,,1,1,0.9629308326404448,-0.0381416661477876,0.9618991969173492,-0.0003607195835285,0.0001083781722619,0.0381416661477876,0.0007149991921548,0.0001582172363004,0.3643347006650038,0.6648618002470389,0.9953525052509936,-0.0003892006749773,0.9999923801675956,-0.000532590943656,1.6850133345842423e-06,0.0003690196604258,18.0,45.0,100.0,-0.0006709422136294,-0.0002629052749475,0.95872456719855,21.0,0.0,4.70685007925727e-06,2.8196791535835515e-05,0.0002204542398028,0.9804883748021592,-0.8343432519512164,0.8001762299835754,1.7304724203363095,0.0153553880831946,0.0,0.0083049919673128
luh,luh_P037_3_S10_C04,50,2.959727234109338,783.0,0,1,0.9770664257518475,-0.0240948607511625,0.9759330878291106,-0.0004786145257134,4.784121793378849e-05,0.0240948607511625,0.0007741910020068,0.0002113283666836,0.5494172059214127,0.4656736701055735,0.9949677584869554,-0.0005019762656492,1.0026956036586507,-0.0008683011668444,7.493973867902441e-06,0.0004856589135872,17.0,42.0,50.0,-0.0007741910020067,-0.0003353325798862,0.9470622386414344,20.0,0.0,9.337413236605844e-06,5.073771182620149e-05,0.0003394131036679,0.957633915344553,-0.8167584248824431,0.8194352499862382,1.595569317877709,0.0317486983145803,0.0,0.0050299886982933
luh,luh_P037_3_S10_C04,100,2.959727234109338,783.0,0,1,0.9614632833571092,-0.039698003145901,0.9603480441352626,-0.0003707211769805,0.0001147731828303,0.039698003145901,0.0007741910020068,0.000177182176393,0.3854833819847662,0.6597314963749948,0.9949677584869554,-0.000405081664754,0.9997103963695996,-0.0005529135433009,1.786199669807996e-06,0.0003796545704464,17.0,42.0,100.0,-0.0007201020830965,-0.0002792170349923,0.9541200344624852,21.0,0.0,5.213458667918464e-06,3.586468478810457e-05,0.0003394131036679,0.977910692486457,-0.7735627074073386,0.7951667564949628,1.758169567240753,0.0137661957641479,0.0,0.0083833144971554
luh,luh_P038_1_S06_C07,50,2.9445976946858865,734.0,0,1,0.9767519050584136,-0.0242289947405951,0.975794748186044,-0.0005083856900248,5.291288187072574e-05,0.0242289947405951,0.0006539331993392,0.0001557170748708,0.3792947248694369,0.5261648937304588,0.995749434204295,-0.0005047707237623,1.0030915582126263,-0.0008193251891824,5.979605753030619e-06,0.0005155611024647,19.0,41.0,50.0,-0.0006539331993392,-0.00034018078028,0.9490041450307894,27.0,0.0,6.675583384235346e-06,3.783329678690927e-05,0.0002572456083865,0.976911484252328,-1.138975178474214,0.837272642742884,1.4753347117722715,0.0305367238600816,0.0,0.0058131517142132
luh,luh_P038_1_S06_C07,100,2.9445976946858865,734.0,0,1,0.959742866044409,-0.0412380337545998,0.9588023769855348,-0.0003925540140128,0.0001281264943611,0.0412380337545998,0.0006539331993392,0.000136550791967,0.3440037613259568,0.669139173180665,0.995749434204295,-0.000420796262802,1.0006073890666511,-0.0005715108276498,1.7544785650689234e-06,0.00040206977271,19.0,41.0,100.0,-0.0006539331993392,-0.00034018078028,0.9643685737959544,27.0,0.0,3.2345610212274367e-06,2.6545714574748447e-05,0.0002572456083865,0.9822108585751328,-0.8668791615153135,0.806622889091115,1.7293357749884386,0.0121952730938182,0.0,0.0085045195070022
luh,luh_P038_2_S07_C07,50,2.933530568575819,816.0,0,1,0.978961414991196,-0.021928976031059,0.9780905319625838,-0.0004596598575946,4.327194686331072e-05,0.021928976031059,0.0005935940148367,0.0001425618332559,0.3828957519116304,0.5236203791760887,0.9961416389035618,-0.0004568536673136,1.002796305386956,-0.0007430340439712,5.449503584165657e-06,0.000465530660541,21.0,47.0,50.0,-0.0005935940148366,-0.0003081558388691,0.9377739576169802,27.0,0.0,6.073152680158217e-06,4.096346706843399e-05,0.0002838968098171,0.9765550200519968,-1.1337907769277016,0.8369093290357791,1.4776629699754835,0.0305367238600816,0.0,0.0052174729640251
luh,luh_P038_2_S07_C07,100,2.933530568575819,816.0,0,1,0.9635536230477352,-0.03733676797452,0.9626964467743704,-0.0003552173905234,0.000104908799432,0.03733676797452,0.0005935940148367,0.0001244186900321,0.3432482560059038,0.67039971791694,0.9961416389035618,-0.0003809874283114,1.000529802733487,-0.0005165923666705,1.5821076092859262e-06,0.0003629942942418,21.0,47.0,100.0,-0.0005935940148366,-0.0003081558388691,0.9567889814510884,27.0,0.0,2.9426616079117136e-06,2.8675185305244357e-05,0.0002838968098171,0.982248449042754,-0.8654377991244253,0.80633430909974,1.7305156274259976,0.0121952730938182,0.0,0.0077038959717305
luh,luh_P038_3_S10_C03,50,2.939857044134289,697.0,0,1,0.9754513293383096,-0.0256033874945588,0.974423588377304,-0.0005391436388829,5.976825324137768e-05,0.0256033874945588,0.0007031445552457,0.000179801224303,0.4074327820571024,0.4927220849322363,0.9954295603909036,-0.0005334039061366,1.003429666276038,-0.0008983298413234,6.907426970008876e-06,0.0005473360519484,18.0,37.0,50.0,-0.0007031445552455,-0.0003391090630811,0.955997270461414,28.0,0.0,7.745436003498558e-06,3.7807458521348046e-05,0.0002252651625513,0.9726764547529756,-1.1366442670903525,0.8394437390879244,1.461687285946133,0.0310102367425603,0.0,0.0060150456640146
luh,luh_P038_3_S10_C03,100,2.939857044134289,697.0,0,1,0.9584958761842504,-0.0425588406486179,0.957485999583254,-0.0004017503688616,0.000134982643209,0.0425588406486179,0.0007031445552457,0.0001589592667439,0.4019587625315126,0.6289772124248068,0.9954295603909036,-0.0004342738841695,1.000568239318394,-0.0006139738405967,2.0806222719126776e-06,0.0004120387485826,18.0,37.0,100.0,-0.0007031445552456,-0.0003391090630811,0.9694400337823555,28.0,0.0,3.7529432181900233e-06,2.6600401769835065e-05,0.0002252651625513,0.9765162390659892,-0.8019320655726316,0.8047421740332961,1.744922585527619,0.0121952730938182,0.0,0.0084777265770295
luh,luh_P039_1_S05_C10,50,2.951295060083061,552.0,0,1,0.9746452748405644,-0.0262495362542995,0.9737739311231062,-0.0005722816778685,6.571126447678434e-05,0.0262495362542995,0.0005965407299092,0.0001078978380025,0.1014998787406335,0.8639095115272527,0.99612248525559,-0.0005468653386312,1.0025856305774596,-0.0006709990038207,1.8984101144656563e-06,0.0005801053492003,21.0,38.0,50.0,-0.0005965407299091,-0.0003592668226658,0.8965998776857015,41.0,0.0,6.172039672576141e-06,3.374102322501028e-05,0.000226354000156,0.9968041900631502,-1.2839311339787285,0.8480915387800995,1.425464496431711,0.0474022388945839,0.0,0.0071584887589107
luh,luh_P039_1_S05_C10,100,2.951295060083061,552.0,0,1,0.9593225315756548,-0.0415722795192091,0.9584648865611224,-0.0004114410263774,0.0001421112909151,0.0415722795192091,0.0005965407299092,0.0001419346936794,0.4357073327772541,0.5354965520468281,0.99612248525559,-0.0004242069338694,1.002267396614018,-0.00067257301969,2.5601175814960238e-06,0.0004219604949869,21.0,38.0,100.0,-0.0005965407299092,-0.0003064548652982,0.9749621046329792,42.0,0.0,2.9905759238255537e-06,2.368834593865416e-05,0.000226354000156,0.9728176344193772,-0.9730412701847212,0.8206806181922133,1.6292219504044934,0.013875346493617,0.0,0.0091936459589456
luh,luh_P039_2_S06_C05,50,2.957739973846756,588.0,0,1,0.9729225659563084,-0.0280470733636597,0.9719800958371584,-0.0006152669979737,7.604102237516731e-05,0.0280470733636597,0.0006464262133121,0.0001314118161407,0.1182589671303967,0.8396391597126696,0.9957982296134718,-0.0005843140284095,1.0028911725740826,-0.000740753447155,2.413200945793361e-06,0.0006243979816415,19.0,35.0,50.0,-0.000646426213312,-0.0003502631168663,0.9104811119240253,41.0,0.0,7.456124024575191e-06,3.537176863249863e-05,0.0001778822420792,0.9956559419412666,-1.2928718618884234,0.8503043562050797,1.411514246355694,0.0465200156348928,0.0,0.0077571145597444
luh,luh_P039_2_S06_C05,100,2.957739973846756,588.0,0,1,0.9581231467484502,-0.0428464925715178,0.9571950128271356,-0.000421344273718,0.0001505815252689,0.0428464925715178,0.0006464262133121,0.0001709753815546,0.5103772035870199,0.4810730709300794,0.9957982296134718,-0.0004372091078726,1.0024388932322337,-0.0007353480030141,3.078467934275793e-06,0.0004328254605914,19.0,35.0,100.0,-0.000646426213312,-0.0002959883841571,0.9781602693487852,42.0,0.0,3.6127611253080814e-06,2.490217448215481e-05,0.0001778822420792,0.9628249367710184,-0.9082121222264226,0.8199869890705767,1.6349860130997005,0.0144406841547943,0.0,0.0089502753484557
luh,luh_P039_3_S07_C05,50,2.947229815764436,547.0,0,1,0.9716268895083602,-0.0293893929731069,0.9706404446286804,-0.0006450368488439,8.357825284496082e-05,0.0293893929731069,0.0006775216543116,0.0001388996580692,0.1178032492600743,0.8402288858897025,0.9955961092469752,-0.000612279020273,1.0030298177203856,-0.0007762394164386,2.523126299898958e-06,0.0006550773991146,19.0,34.0,50.0,-0.0006775216543115,-0.0003662794280704,0.9088257163758208,41.0,0.0,7.909260622502775e-06,3.796218017137572e-05,0.0002139708094727,0.9956478442742928,-1.2929646523250844,0.8505316681351213,1.410966342105651,0.0465200156348928,0.0,0.0081302598517383
luh,luh_P039_3_S07_C05,100,2.947229815764436,547.0,0,1,0.956337569255665,-0.0446787132258021,0.955366646869074,-0.0004392120391805,0.0001638525729503,0.0446787132258021,0.0006775216543116,0.0001814506508042,0.5193376372791072,0.4740603666317058,0.9955961092469752,-0.0004559052369979,1.002570847322828,-0.0007727454191671,3.2699350979077592e-06,0.0004517572331348,19.0,34.0,100.0,-0.0006775216543115,-0.0003057864050539,0.9779453171856648,42.0,0.0,3.832322157295158e-06,2.671894893735221e-05,0.0002139708094727,0.9614795160564736,-0.90182168200149,0.8200634964126815,1.6344125111361705,0.0144406841547943,0.0,0.0093695297488153
luh,luh_P041_1_S11_C08,50,2.9398291222215605,236.0,0,1,0.9424102761222916,-0.0606606736104673,0.9395250419458078,-0.0011916127752601,0.000299382642023,0.0606606736104673,0.0020472998218393,0.0005888349521373,0.6094075066886353,0.4365305059123082,0.9866925511580444,-0.0012637640335513,1.0067450338110744,-0.0022581395891403,2.051013103615714e-05,0.001237687587581,9.0,14.0,41.0,-0.0020472998218392,-0.0008113008656658,0.9519892439633314,20.0,0.0,2.6297850131349068e-05,0.0001260630401578,0.0007062498035576,0.9485793809340376,-0.7257093091352642,0.8174393695556765,1.6135771059389326,0.0312525435041044,0.0,0.0121695129849878
luh,luh_P041_1_S11_C08,100,2.9398291222215605,236.0,0,1,0.9112441960621748,-0.0918267536705842,0.908454378331813,-0.0008702339654988,0.0006431368834733,0.0918267536705842,0.0020472998218393,0.0005494000328723,0.5272986774865774,0.5416049446595924,0.9866925511580444,-0.0009370076905161,0.999727056521413,-0.0014857473690474,6.034445132830204e-06,0.0009250395749464,9.0,14.0,41.0,-0.0018585204348326,-0.0003611186290144,0.95651693229248,20.0,0.0,1.789753447661023e-05,9.723407738096309e-05,0.0007062498035576,0.961642110055804,-0.6627613515063464,0.8040474055517061,1.7110630774815698,0.0272125635248847,0.0,0.0202825216416463
luh,luh_P041_2_S13_C07,50,2.9247628670980585,220.0,0,1,0.9440617725261804,-0.0587490482711438,0.9414156219171697,-0.0011665627439257,0.0002833955408448,0.0587490482711438,0.0018738805315496,0.0005028915019145,0.5316191898884256,0.4808043029593006,0.9878197765449284,-0.0012239385056488,1.006410439162975,-0.0020808816921558,1.7583056696730733e-05,0.001208935474684,9.0,15.0,43.0,-0.0018738805315494,-0.0008344029408458,0.9329357503137964,20.0,0.0,2.211654448305244e-05,0.0001481129205474,0.0010265880685789,0.9604022924697746,-0.8259957633235002,0.8189874077145749,1.5992791965026236,0.031498667059371,0.0,0.0124890502491487
luh,luh_P041_2_S13_C07,100,2.9247628670980585,220.0,0,1,0.9100941272010438,-0.0927166935962804,0.907543185939535,-0.0008939690366801,0.0006702376989445,0.0927166935962804,0.0018738805315496,0.0004733944574201,0.4255615778587081,0.6101495086133997,0.9878197765449284,-0.000946088710166,1.0002651819443913,-0.0014080158832673,5.03967496654121e-06,0.0009484941799831,9.0,15.0,43.0,-0.0017354315169607,-0.0004625288292417,0.9441708447554554,20.0,0.0,1.5760805909562658e-05,0.0001115098532831,0.0010265880685789,0.9737801815253688,-0.8035312528036016,0.8101373640107472,1.6899935003363296,0.0252265629456755,0.0,0.020860073521148
luh,luh_P041_3_S14_C07,50,2.936110394779675,237.0,0,1,0.942341698139362,-0.060649307987863,0.939531553506104,-0.0012102485770594,0.0003097595880234,0.060649307987863,0.0019940040848167,0.0005950433606886,0.614850672142994,0.4048731684996315,0.9870389734486916,-0.0012635272497471,1.0075856668027394,-0.002344807801118,2.181844661651112e-05,0.0012576606501174,9.0,14.0,41.0,-0.0019940040848166,-0.0007686673517391,0.9538455540120104,21.0,0.0,2.6070994320796854e-05,0.0001270302046862,0.0007534595571692,0.9457021993220968,-0.7949680546373354,0.8224250789483114,1.571999845945356,0.03252319170556,0.0,0.012291230273871
luh,luh_P041_3_S14_C07,100,2.936110394779675,237.0,0,1,0.9121921007446628,-0.0907989053825622,0.909471864824434,-0.0008546585537216,0.0006242077265778,0.0907989053825622,0.0019940040848167,0.0005539136209279,0.5769552493690002,0.5169610802323075,0.9870389734486916,-0.0009265194426791,0.999825155481878,-0.0015072905277155,6.398352686214644e-06,0.0009084852346236,9.0,14.0,41.0,-0.0018985386326976,-0.0003699055009483,0.9589582032187328,22.0,0.0,1.7341836045619723e-05,9.747338117440772e-05,0.0007534595571692,0.9556546484200164,-0.5850972298692776,0.8042224948892108,1.7295770846043568,0.0277795641070757,0.0,0.0192166837934814
luh,luh_P042_1_S11_C06,50,2.9288973623879957,180.0,0,1,0.939420986187274,-0.0633789638434153,0.9367979986023376,-0.001329680707364,0.000369571162493,0.0633789638434153,0.001866633353793,0.00056247496681,0.5084824815014638,0.3982341220825924,0.9878668832003455,-0.0013203950800711,1.009331928809234,-0.0024542029941725,2.1625428592471067e-05,0.0013835204056846,9.0,15.0,36.0,-0.0018666333537929,-0.000734591959623,0.9480941601432944,27.0,0.0,2.408598710999785e-05,0.0001389697406916,0.0009495563214297,0.9568120908617452,-1.0637117168880228,0.8405395133180981,1.4555169290952843,0.0336732151065878,0.0,0.0134376196350224
luh,luh_P042_1_S11_C06,100,2.9288973623879957,180.0,0,1,0.9026913882061188,-0.1001085618245704,0.9001709545144007,-0.0009190774622208,0.000718746560877,0.1001085618245704,0.001866633353793,0.0004906284630849,0.5419823385679823,0.552457409929158,0.9878668832003455,-0.0010215159369853,1.000329311007672,-0.0015535859138656,6.220671094556714e-06,0.000979397873816,9.0,15.0,36.0,-0.0018666333537929,-0.000734591959623,0.9633002878780872,27.0,0.0,1.167052983680152e-05,9.748097813243816e-05,0.0009495563214297,0.959783507138857,-0.5974444676681907,0.7968604747855338,1.7951913871337868,0.0130720815673527,0.0,0.0183647989905774
luh,luh_P042_2_S13_C05,50,2.926519791834759,204.0,0,1,0.9440331755181472,-0.0585101586012164,0.9416382747658364,-0.0012432745449931,0.0003227269234954,0.0585101586012164,0.0016955560795758,0.0005210852324829,0.4874135775582806,0.3988554405767058,0.9889788854827573,-0.0012189616375253,1.008917275820838,-0.0022764600864228,1.9868952719801047e-05,0.0012896690836988,10.0,16.0,41.0,-0.0016955560795757,-0.0006377991037755,0.9554746329424842,28.0,0.0,2.250546757021997e-05,0.0001103128202282,0.0006636367266171,0.9579192076610256,-1.1151888122168263,0.8453685382409103,1.4232246058624958,0.0343676435042077,0.0,0.0133522189649679
luh,luh_P042_2_S13_C05,100,2.926519791834759,204.0,0,1,0.91214322032937,-0.0904001137899936,0.9098292206297482,-0.0008292834322205,0.0005898837085754,0.0904001137899936,0.0016955560795758,0.0004662579783161,0.5988110700235216,0.5129994065623183,0.9889788854827573,-0.0009224501407142,1.000730553920991,-0.0014686082572762,6.267890441722852e-06,0.0008791738765635,10.0,16.0,41.0,-0.0016955560795758,-0.0006377991037755,0.9700898375537896,29.0,0.0,1.090471109072514e-05,7.76065905843099e-05,0.0006636367266171,0.9521040347144414,-0.551032493926682,0.7990303190348853,1.791576519442629,0.0132703369208966,0.0,0.0165827766981641
luh,luh_P042_3_S14_C05,50,2.9371079514678016,197.0,0,1,0.9372509734855248,-0.0656748079433039,0.9345167816408712,-0.0014018206475451,0.0004136847778891,0.0656748079433039,0.0019505209525525,0.0006444593063783,0.521113886554541,0.3579086048263039,0.9873216138084092,-0.0013682251654854,1.010588959458072,-0.0026747586521321,2.4479577011287648e-05,0.0014622657367872,9.0,14.0,31.0,-0.0019505209525523,-0.000641096075098,0.9546782833660988,29.0,0.0,2.78601037756245e-05,0.0001385930511211,0.0008571495247816,0.9500475883647934,-1.1024636054131611,0.8482866148163067,1.4036407995589204,0.037740327982847,0.0,0.0143746325563585
luh,luh_P042_3_S14_C05,100,2.9371079514678016,197.0,0,1,0.9051961697306178,-0.0977296116982108,0.9025554896405402,-0.0008825788214044,0.0006802925603465,0.0977296116982108,0.0019505209525525,0.0005792667665596,0.7092039766922924,0.4573310260629967,0.9873216138084092,-0.0009972409356959,1.0005245638926212,-0.0016844149879135,7.86113888734343e-06,0.0009424690694142,9.0,14.0,31.0,-0.0019505209525524,-0.0006410960750981,0.9699725347026136,29.0,0.0,1.3499225540764952e-05,9.747228422980844e-05,0.0008571495247816,0.9350958114294148,-0.3934628314627728,0.796641507862564,1.8123886626893944,0.0136056520557785,0.0,0.0166684979525516
luh,luh_P043_1_S11_C04,50,2.934199768435853,160.0,0,1,0.9249839821776826,-0.0775799288926526,0.9226184704675552,-0.0016810526920794,0.0005657786908219,0.0775799288926526,0.0017092740468902,0.0002852082301286,0.0460559918858788,0.940916222847594,0.9888897186952132,-0.0016162485185969,1.0066849001333338,-0.0018109563722169,2.498147694950209e-06,0.0017483457733823,10.0,16.0,33.0,-0.0017092740468902,-0.0013414896517901,0.8169655152744045,45.0,0.0,2.174321299326306e-05,0.0001067485424376,0.0006444296953366,0.99895531570557,-1.250248549628979,0.8445181623926593,1.456861672310827,0.0412429585340491,0.0,0.020511288562683
luh,luh_P043_1_S11_C04,100,2.934199768435853,160.0,0,1,0.8906168303673365,-0.1119470807029988,0.8883392076386588,-0.0011154926428251,0.0010676291236205,0.1119470807029988,0.0017092740468902,0.0005054387535456,0.5663135580932771,0.4088765566037528,0.9888897186952132,-0.0011423171500305,1.0081038731024472,-0.0020796000021235,9.45203293429786e-06,0.0012015480776869,10.0,16.0,33.0,-0.0017092740468902,-0.0006873430362069,0.9783063803175192,46.0,0.0,1.0535371244158389e-05,7.509653256620697e-05,0.0006444296953366,0.951826600715724,-0.9282178722458294,0.82639348617469,1.5889570175447685,0.0155041865359651,0.0,0.0226823201948284
luh,luh_P043_2_S12_C04,50,2.9243232943274755,156.0,0,1,0.924743734158562,-0.0777754425295303,0.9224199952099988,-0.0016661087178259,0.0005553868718168,0.0777754425295303,0.001679451125395,0.0002291816599973,0.0235270572650386,0.9708930200408088,0.9890835676849326,-0.0016203217193651,1.0062338269384443,-0.0017303826247239,1.236036671116231e-06,0.0017314784342327,10.0,16.0,34.0,-0.0016794511253949,-0.0014896243006003,0.6740940167408449,47.0,0.0,2.0667195488720657e-05,0.0001294498551392,0.0008954951134892,0.999634093090725,-1.2287163692236676,0.8388822023878342,1.481088427236184,0.0320883145515005,0.0,0.0201534135047397
luh,luh_P043_2_S12_C04,100,2.9243232943274755,156.0,0,1,0.8893390872873026,-0.1131800894007899,0.8871043147776085,-0.0011361657920608,0.0011014770975422,0.1131800894007899,0.001679451125395,0.0004834044324936,0.5308018604732206,0.4249980387529413,0.9890835676849326,-0.0011548988714366,1.0083821194350269,-0.0020628927646146,9.085558554448733e-06,0.0012236463396381,10.0,16.0,34.0,-0.001679451125395,-0.0007080929374251,0.9719995126148714,47.0,0.0,1.001400193783372e-05,9.069829455289308e-05,0.0008954951134892,0.9570899958876308,-0.9782643665795768,0.8284628601790522,1.5753578114498985,0.0157483569681391,0.0,0.0233670669350312
luh,luh_P043_3_S14_C03,50,2.9314570046287383,153.0,0,1,0.9192749414300232,-0.0833676522707773,0.9168520739149296,-0.0017585430145419,0.0006185213748842,0.0833676522707773,0.001761729133867,0.0001554448225097,0.0057714695159591,0.993207345899431,0.9885487606298644,-0.0017368260889745,1.00625749321227,-0.0017746712739201,3.101588341951468e-07,0.0018309245673069,10.0,15.0,32.0,-0.0017617291338669,-0.0017122849970175,0.1002411001558301,48.0,0.0,2.3087233942855435e-05,0.000141228821376,0.0009748538357901,0.9999568841329132,-1.20793791124201,0.8327637592342076,1.5059599085130142,0.0217399866364058,0.0,0.0211407496064039
luh,luh_P043_3_S14_C03,100,2.9314570046287383,153.0,0,1,0.8854434845023821,-0.1171991091984184,0.8831097841496728,-0.0011846444337304,0.0012058747359378,0.1171991091984184,0.001761729133867,0.0005410382068511,0.5599039145055034,0.3847668967762351,0.9885487606298644,-0.0011959092775348,1.009599617829603,-0.0022292182737727,1.0240920000415106e-05,0.0012814436987088,10.0,15.0,32.0,-0.0017617291338669,-0.0006766291385528,0.9729440237222012,49.0,0.0,1.1186597889838732e-05,9.89822247671848e-05,0.0009748538357901,0.9504267902611072,-0.984046510279046,0.8325166053401392,1.5500380935741622,0.0165841280155352,0.0,0.0236820198493487
luh,luh_P045_1_S12_C08,50,2.930045263314857,975.0,0,1,0.9717149486781116,-0.0295564584688442,0.9704810721070491,-0.0005966530960683,7.272974305082587e-05,0.0295564584688442,0.0008476047646373,0.0001819967941271,0.3840395764366795,0.58271466582216,0.994490569029858,-0.0006157595514342,1.003010993147696,-0.0009364465191392,6.53448890521023e-06,0.0006067514068034,16.0,33.0,50.0,-0.0008476047646372,-0.0004697182051457,0.953705227487974,21.0,0.0,8.040139563647922e-06,3.834035919431743e-05,0.000208026551,0.978952769843048,-0.978065592629485,0.821720292602734,1.5768498013349157,0.0253178079842898,0.0,0.0065760548720409
luh,luh_P045_1_S12_C08,100,2.930045263314857,975.0,0,1,0.9513506028888024,-0.0499208042581533,0.9501425848158404,-0.0004901093947745,0.0001988079710844,0.0499208042581533,0.0008476047646373,0.0001744229701047,0.2980412547165409,0.6960457430013571,0.994490569029858,-0.0005093959618178,1.000801149660283,-0.0006936934611281,1.995922219153244e-06,0.0005047582095784,16.0,33.0,100.0,-0.0008060861218981,-0.0003197805207458,0.958906670894818,21.0,0.0,5.643180289989889e-06,2.9393946027093574e-05,0.000208026551,0.9867271802755642,-0.983722979609909,0.815183996880496,1.6538423150035046,0.016498999380035,0.0,0.0117429551286446
luh,luh_P045_2_S13_C08,50,2.92035071826414,980.0,0,1,0.9721724001292904,-0.029099671660088,0.9709372981830164,-0.0005867586910741,7.055892417410969e-05,0.029099671660088,0.0008480478595858,0.000191648627976,0.4114174850470398,0.5594332683667685,0.994487688912692,-0.0006062431595851,1.0030460052444343,-0.0009455707638609,6.900232168977479e-06,0.0005966535971864,16.0,33.0,50.0,-0.0008480478595857,-0.0004516264035675,0.9499798757441388,21.0,0.0,8.434499064217489e-06,4.391762872547543e-05,0.0002860180805169,0.975881550295424,-0.9603490455771092,0.8216912620964666,1.5767105140058957,0.0295588022415443,0.0,0.0063879679402657
luh,luh_P045_2_S13_C08,100,2.92035071826414,980.0,0,1,0.9519079040847612,-0.0493641677046176,0.9506985472825596,-0.0004806150353083,0.0001911517749875,0.0493641677046176,0.0008480478595858,0.0001750749552115,0.2928223905087191,0.7101818973070148,0.994487688912692,-0.0005037159969858,1.0005004635390515,-0.0006717835845885,1.87420146353066e-06,0.0004947365239694,16.0,33.0,100.0,-0.0008072927176569,-0.0003419219024656,0.9547530113477282,21.0,0.0,5.70553396979497e-06,3.311660111410669e-05,0.0002860180805169,0.9868728480980996,-0.951692643104706,0.8121400176733801,1.677679732254154,0.0168071183163812,0.0,0.0112906600891881
luh,luh_P045_3_S14_C08,50,2.9285233759735565,845.0,0,1,0.9656627502619698,-0.0359785211394395,0.9640804326192536,-0.0007224116380976,0.0001079086658021,0.0359785211394395,0.0010941809342729,0.0002764281673255,0.4799425797528692,0.5058284729199859,0.9928878239272262,-0.0007495525237383,1.003985402858622,-0.0012400856437252,9.955269338991306e-06,0.0007379887116317,13.0,23.0,50.0,-0.0010941809342728,-0.0005259169801107,0.9415893944916284,21.0,0.0,1.209072242898237e-05,7.334336269468777e-05,0.000505754919204,0.9672598043533646,-0.9065144277190051,0.8214044949183055,1.5786499428598495,0.0301530381706875,0.0,0.0078887547016615
luh,luh_P045_3_S14_C08,100,2.9285233759735565,845.0,0,1,0.9435878162762772,-0.058053455125132,0.9420416702240026,-0.0005609271302288,0.000262843814096,0.058053455125132,0.0010941809342729,0.0002594192916105,0.3956111758374264,0.6264132086284167,0.9928878239272262,-0.0005923821951544,1.0005224772663293,-0.0008631695060274,2.9631605470449965e-06,0.0005814275739282,13.0,23.0,80.0,-0.0010397140696228,-0.0003230519839709,0.9523290367303208,21.0,0.0,8.231426701842291e-06,5.395946763763408e-05,0.000505754919204,0.9775972268891008,-0.8574383951500768,0.8104808347117665,1.684342203469354,0.0184507079131164,0.0,0.0131479245027691
luh,luh_P046_1_S12_C06,50,2.9555070268939128,1095.0,0,1,0.9713374366141012,-0.0298956161524452,0.9701412013218704,-0.0006327549633485,8.24406873447962e-05,0.0298956161524452,0.0008220351776977,0.0002174910915604,0.4114892940140082,0.482237720755156,0.9946567713449658,-0.0006228253365092,1.004116856579271,-0.0010639772808817,8.292736875637576e-06,0.000644084711292,16.0,28.0,50.0,-0.0008220351776975,-0.0003809293132279,0.954251315452212,28.0,0.0,9.385231158928422e-06,4.73573849376011e-05,0.0002988492231782,0.971313696033981,-1.150554393804201,0.8416659499664149,1.4469206751774768,0.0310102367425603,0.0,0.0071193373818789
luh,luh_P046_1_S12_C06,100,2.9555070268939128,1095.0,0,1,0.9522909709527,-0.0489420818138466,0.9511181920346988,-0.0004605164321491,0.0001780912431546,0.0489420818138466,0.0008220351776977,0.0001943986600825,0.4396742455364171,0.6020171081900731,0.9946567713449658,-0.0004994089981004,1.0006986304480312,-0.0007265053200918,2.607734195517073e-06,0.000474325922601,16.0,28.0,100.0,-0.0008220351776975,-0.000380929313228,0.969262486725428,29.0,0.0,4.547483138860676e-06,3.329683566039853e-05,0.0002988492231782,0.9725065314472546,-0.7658133488828547,0.8045866771415271,1.749859677125176,0.0126698527410517,0.0,0.0097256660232335
luh,luh_P046_2_S13_C06,50,2.9485380092648894,937.0,0,1,0.9693406283161456,-0.0320148663137364,0.9680284709222376,-0.0006783595718734,9.535650827446164e-05,0.0320148663137364,0.000903663086588,0.0002579478496728,0.4496657726023727,0.4412350568916645,0.994126189937178,-0.0006669763815361,1.0046232362088194,-0.0011895765600108,9.83109592571855e-06,0.0006916709925803,15.0,26.0,50.0,-0.0009036630865879,-0.0003813920507543,0.9516432615166864,28.0,0.0,1.1112149698586777e-05,5.934017579373908e-05,0.0003932700899827,0.965160568647934,-1.131735288525315,0.8431191639068442,1.4378594294185123,0.0346055291774756,0.0,0.007275815829589
luh,luh_P046_2_S13_C06,100,2.9485380092648894,937.0,0,1,0.9502710257784238,-0.0510844688514582,0.9489846821379456,-0.0004751494494539,0.000191204648691,0.0510844688514582,0.000903663086588,0.0002301536595689,0.5083066211364285,0.5622269760285662,0.994126189937178,-0.0005212700903209,1.0005685512211122,-0.0007889708128536,3.076680033330906e-06,0.0004904172184879,15.0,26.0,100.0,-0.000903663086588,-0.0003813920507544,0.967531835695281,28.0,0.0,5.384237482820397e-06,4.167752693876162e-05,0.0003932700899827,0.9642881804246,-0.6745865804530147,0.8018103086649834,1.769949198547003,0.0126698527410517,0.0,0.0098046811997909
luh,luh_P046_3_S14_C06,50,2.932876701927968,1044.0,0,1,0.9723512526566492,-0.0288052787222225,0.9712279970020776,-0.0006090628148107,7.594474964433047e-05,0.0288052787222225,0.0007710209192478,0.0001872323896962,0.3719117797906689,0.5253740521397052,0.9949883640248888,-0.0006001099733796,1.0037753258182034,-0.0009802103069332,7.137451771586245e-06,0.0006193330694634,17.0,31.0,50.0,-0.0007710209192478,-0.0003906729475442,0.9563839701257504,28.0,0.0,8.092510036247137e-06,3.876602376668626e-05,0.000216417995899,0.9769141754301588,-1.1679138237300606,0.840330226277256,1.4551716327741553,0.0310102367425603,0.0,0.0069391882732309
luh,luh_P046_3_S14_C06,100,2.932876701927968,1044.0,0,1,0.952817605279437,-0.0483389260994347,0.9517169148036636,-0.0004597938737604,0.0001763197080251,0.0483389260994347,0.0007710209192478,0.0001677249820893,0.377114575615644,0.6414329327683823,0.9949883640248888,-0.0004932543479534,1.000835766966515,-0.0006903076852745,2.2599393285700423e-06,0.0004730835262719,17.0,31.0,100.0,-0.0007710209192478,-0.0003906729475442,0.9707303881716156,29.0,0.0,3.921113110348111e-06,2.728588595122805e-05,0.000216417995899,0.9791975825297012,-0.8444009500333003,0.8073615417134824,1.7299327259627066,0.0122700925918143,0.0,0.0099204286885697
luh,luh_P047_1_S13_C04,50,2.9487465479021946,1015.0,0,1,0.96800261915135,-0.0330953048969669,0.9669409913836065,-0.0007190825979011,0.0001035390399141,0.0330953048969669,0.0007319493655446,0.0001303281676011,0.0487891265577657,0.9370868236312664,0.9952423291239596,-0.0006894855186867,1.002882191541265,-0.0007783219789738,1.1392188667809365e-06,0.0007311588083868,18.0,31.0,50.0,-0.0007319493655446,-0.0005641920271121,0.8162632483865242,45.0,0.0,9.940708055105144e-06,4.8977136637648464e-05,0.0002978017437733,0.9988112368685186,-1.2528001772484534,0.8454496694555965,1.4528571135077482,0.0412429585340491,0.0,0.0087833923865358
luh,luh_P047_1_S13_C04,100,2.9487465479021946,1015.0,0,1,0.9547658148036152,-0.0463321092447018,0.9537187041030508,-0.0004605279455085,0.000183954737756,0.0463321092447018,0.0007319493655446,0.0002310922537629,0.6201882054309518,0.3681581055186027,0.9952423291239596,-0.0004727766249459,1.0035328412407163,-0.0009013322460125,4.321610789254494e-06,0.0004749936260238,18.0,31.0,100.0,-0.0007319493655446,-0.0002647360869546,0.9782330088730088,46.0,0.0,4.816631738040637e-06,3.445238046585401e-05,0.0002978017437733,0.9415552948773483,-0.8825209373980938,0.8271771756022536,1.5841560305286229,0.0160259840158444,0.0,0.0090010269564597
luh,luh_P047_2_S14_C04,50,2.932776436886974,923.0,0,1,0.9649683097424984,-0.036211611597631,0.9638310649007424,-0.0007790829642887,0.0001214555163395,0.036211611597631,0.0007866142267531,0.0001215474864528,0.0279877876249327,0.9650078567399676,0.9948870075261044,-0.0007544085749506,1.0029525220243538,-0.0008151901155808,6.943682940780466e-07,0.0007931373032307,17.0,29.0,50.0,-0.0007866142267531,-0.0006804123199823,0.6904701581000732,46.0,0.0,1.0691005505147466e-05,6.70719906656427e-05,0.0004640377484482,0.9994939440183664,-1.233469512183523,0.8403961928833767,1.474736094441809,0.0425596144187958,0.0,0.0094393707210377
luh,luh_P047_2_S14_C04,100,2.932776436886974,923.0,0,1,0.9507614613419434,-0.0504184599981861,0.9496409597081228,-0.0005044069171068,0.0002204098925959,0.0504184599981861,0.0007866142267531,0.0002500039227818,0.6081948916470559,0.3647069452615847,0.9948870075261044,-0.0005144740816141,1.004022306808595,-0.0009833104893154,4.69513306086887e-06,0.00052167751162,17.0,29.0,100.0,-0.0007866142267531,-0.0002841369680111,0.971925446565153,47.0,0.0,5.180177925176106e-06,4.69926191103708e-05,0.0004640377484482,0.9427050072031722,-0.9147813638111226,0.8295563990548107,1.5685942349474329,0.0162341227618834,0.0,0.0097508648560352
luh,luh_P047_3_S15_C01,50,2.9600867121879304,866.0,0,1,0.9680457450368036,-0.0330191623453734,0.9670159625995484,-0.0007053948886131,9.954265843705968e-05,0.0330191623453734,0.0007099382547849,8.909970546678886e-05,0.0192219328774137,0.9764465608058648,0.9953854013438986,-0.0006878992155285,1.0026075684808662,-0.0007274794432119,4.247029730537815e-07,0.0007168517958265,18.0,32.0,50.0,-0.0007099382547847,-0.0006442393330959,0.6679119816909127,47.0,0.0,9.040428559692926e-06,4.2892020060505335e-05,0.0002168265426184,0.9997361064978952,-1.2240238957355372,0.837525218027926,1.4865094983341185,0.0320883145515005,0.0,0.0085192590574179
luh,luh_P047_3_S15_C01,100,2.9600867121879304,866.0,0,1,0.953793839412836,-0.0472710679693412,0.952779217790226,-0.0004750583736082,0.0001933812406392,0.0472710679693412,0.0007099382547849,0.0002108215814652,0.5519419392577045,0.4040830421095691,0.9953854013438986,-0.0004823578364218,1.0036406703354934,-0.0008814444843324,3.984177556118592e-06,0.0004898832821851,18.0,32.0,100.0,-0.0007099382547848,-0.0002850381124793,0.9792183779315888,48.0,0.0,4.38041383820018e-06,3.0196458795480763e-05,0.0002168265426184,0.9530692172172852,-0.9690080348023082,0.8296242131656213,1.568091507957988,0.0158036651731254,0.0,0.0096912958242979
luh,luh_P049_1_S10_C10,50,2.953079098101853,1466.0,0,1,0.9773956463555028,-0.0237364313604147,0.976290409738374,-0.0004714651173752,4.624692391034376e-05,0.0237364313604147,0.0007547184772785,0.0002008089096681,0.5257620706378886,0.4851137602062592,0.9950943298976904,-0.0004945089866752,1.0025762804312066,-0.0008366451320922,7.022692590710922e-06,0.0004782266898173,17.0,43.0,50.0,-0.0007547184772783,-0.0003389750338146,0.9352612149885652,20.0,0.0,8.845605180078626e-06,5.743352010222728e-05,0.0003979911984278,0.9612719640880772,-0.8308239516927225,0.8189740130726444,1.5994199052570974,0.031498667059371,0.0,0.0050349718669656
luh,luh_P049_1_S10_C10,100,2.953079098101853,1466.0,0,1,0.9623778270233074,-0.0387542506926102,0.9612895725197138,-0.0003674822303759,0.0001127173941258,0.0387542506926102,0.0007547184772785,0.0001749891429832,0.3843265273746515,0.6508480533736619,0.9950943298976904,-0.0003954515376796,0.9999272439002078,-0.0005525495188874,1.814385181485477e-06,0.0003762167781671,17.0,43.0,100.0,-0.0006987536978347,-0.0002458022977479,0.945553842391693,20.0,0.0,5.449669263813539e-06,4.138569284099302e-05,0.0003979911984278,0.9784228281384202,-0.8150055593908343,0.8017738026239315,1.7247968991001037,0.0170620252767214,0.0,0.0084743758453662
luh,luh_P049_2_S11_C09,50,2.9516821977436263,,1,1,0.9774014559954354,-0.0237948571390309,0.9762335749474188,-0.0004667355749035,4.572003058272551e-05,0.0237948571390309,0.0007975420896443,0.0002236588270349,0.5842401711343034,0.458531303413118,0.9948159764173125,-0.0004957261903964,1.0025322156239858,-0.0008632040508419,7.624393768046173e-06,0.0004735753655919,17.0,43.0,50.0,-0.0007975420896442,-0.0003283252695461,0.939364589837564,19.0,0.0,9.98333659782935e-06,5.967735483117201e-05,0.0004106585609497,0.9529394189111212,-0.7354357145928812,0.8165197933690215,1.621590591155933,0.0310102367425603,0.0,0.004749461414904
luh,luh_P049_2_S11_C09,100,2.9516821977436263,,1,1,0.9631321738677228,-0.0380641392667436,0.9619813429520376,-0.0003552952894823,0.0001059534313409,0.0380641392667436,0.0007975420896443,0.0001919819362943,0.4373791461421437,0.6169637159313094,0.9948159764173125,-0.0003884095843545,0.9996800403987086,-0.0005561297345803,1.96896514801941e-06,0.0003637416731952,17.0,43.0,100.0,-0.0007160367615083,-0.0002289181889975,0.9480939536674692,19.0,0.0,5.8951372666429564e-06,4.280597984396365e-05,0.0004106585609497,0.9729907305194946,-0.7360678912014311,0.7944591168338826,1.748166087495292,0.0165902422601968,0.0,0.0082081317386534
luh,luh_P049_3_S15_C02,50,2.947640304698695,1380.0,0,1,0.9744764304056464,-0.0268156993308932,0.9732189053179224,-0.0005351882599783,6.005209999169997e-05,0.0268156993308932,0.0008614198243597,0.000245061756213,0.5690707542330631,0.4416666213137892,0.9944007711416624,-0.0005586604027269,1.0031782274728769,-0.0009936682470347,8.816922828008444e-06,0.0005440740874265,16.0,35.0,50.0,-0.0008614198243596,-0.0003602662193395,0.9338845352166794,21.0,0.0,1.0662842660001522e-05,7.217128020789685e-05,0.0005001512978098,0.9539265859419492,-0.82638683253789,0.8212608761383954,1.5801709357124518,0.0322608622182214,0.0,0.0054039932900945
luh,luh_P049_3_S15_C02,100,2.947640304698695,1380.0,0,1,0.9585992828224692,-0.0426928469140704,0.9573622465950034,-0.0003998639665177,0.0001344997377166,0.0426928469140704,0.0008614198243597,0.0002133477300741,0.4575655308311469,0.6037192341681729,0.9944007711416624,-0.0004356412950415,0.9998176211775326,-0.0006363776296477,2.318761403234939e-06,0.0004106240298701,16.0,35.0,100.0,-0.0008156971841521,-0.0002576115409307,0.9466940498643228,21.0,0.0,6.366395959835871e-06,5.112862805131352e-05,0.0005001512978098,0.9708406037632062,-0.7140816332127149,0.7984689776589986,1.7487741971605564,0.0169975763685711,0.0,0.0090066554834908
luh,luh_P050_1_S10_C09,50,2.9511528330440875,1615.0,0,1,0.9777329915982268,-0.0232562629914938,0.9767667206367504,-0.0004906448417952,4.988976916410431e-05,0.0232562629914938,0.0006595030598139,0.0001859431054593,0.4552575193886664,0.4415582640064197,0.9957132301112096,-0.0004845054789894,1.0033144412630517,-0.000861685172598,7.1353909769754345e-06,0.0004975957600987,19.0,42.0,50.0,-0.0006595030598138,-0.0002832383503671,0.9546119787057342,28.0,0.0,8.00563211588709e-06,4.034594267447119e-05,0.000254204437702,0.9650570239701524,-1.1153579275162957,0.8414631088958295,1.449088569658226,0.0307716586667536,0.0,0.0052760244785109
luh,luh_P050_1_S10_C09,100,2.9511528330440875,1615.0,0,1,0.9635710740798684,-0.0374181805098523,0.9626187990147916,-0.0003482348533326,0.0001024359563066,0.0374181805098523,0.0006595030598139,0.000164491675024,0.4874908684808792,0.5772777500947236,0.9957132301112096,-0.0003818181684678,1.000359681101282,-0.0005682014151604,2.1565349198807243e-06,0.0003563015569754,19.0,42.0,100.0,-0.0006595030598138,-0.0002832383503671,0.9686334248601204,28.0,0.0,3.8790176231617855e-06,2.836781039245541e-05,0.000254204437702,0.96680051857879,-0.6914051261649297,0.8012577108399666,1.7702662377777922,0.0126241532283964,0.0,0.0070809587591792
luh,luh_P050_2_S11_C07,50,2.9458701637653864,1575.0,0,1,0.9763152145386014,-0.0247782873779099,0.97524877813064,-0.0005151605896253,5.529230976096955e-05,0.0247782873779099,0.0007290012776743,0.0002088528748441,0.5009253005782944,0.4223822121786151,0.9952614916951176,-0.0005162143203731,1.0034610872421523,-0.0009342628322987,8.059658512949394e-06,0.000523030485044,18.0,39.0,50.0,-0.0007290012776742,-0.000307917172345,0.952608165626409,26.0,0.0,8.959236283600316e-06,4.749322517071481e-05,0.0003133286827753,0.95995422962223,-1.038179619083461,0.8361303206181802,1.4824557610572195,0.0300774552372779,0.0,0.0052345919298663
luh,luh_P050_2_S11_C07,100,2.9458701637653864,1575.0,0,1,0.9609193559213476,-0.0401741459951637,0.9598697365248564,-0.0003712995226948,0.000116249212751,0.0401741459951637,0.0007290012776743,0.0001794632895266,0.470512950537294,0.597711041073638,0.9952614916951176,-0.0004099402652567,1.000086197737744,-0.0005938246205657,2.1816186065774943e-06,0.0003804878508551,18.0,39.0,100.0,-0.0007290012776742,-0.000307917172345,0.964832997166336,26.0,0.0,4.341073250816647e-06,3.336121236788143e-05,0.0003133286827753,0.9685088443834164,-0.6772867147847417,0.7969456766282925,1.7856248651516549,0.0129511523470778,0.0,0.0076979293086268
luh,luh_P050_3_S12_C07,50,2.9400105793279323,1555.0,0,1,0.97695378960707,-0.0240674295431159,0.9759571235027884,-0.0005071422911282,5.3251794134708265e-05,0.0240674295431159,0.0006808127667904,0.0001892822819947,0.4511472040615802,0.4474583190538677,0.995574717015862,-0.0005014047821482,1.0033955177643057,-0.0008857025440857,7.2800048645679056e-06,0.0005145560786262,19.0,40.0,50.0,-0.0006808127667904,-0.0002974606657382,0.9570739081166476,28.0,0.0,8.156427681960152e-06,3.879451305905592e-05,0.0002055150613739,0.9659516928208702,-1.1140435438913756,0.8408270441139463,1.4531774218614055,0.0307716586667536,0.0,0.0054465021343235
luh,luh_P050_3_S12_C07,100,2.9400105793279323,1555.0,0,1,0.9620807563201552,-0.0389404628300304,0.9610992633471958,-0.0003630537460074,0.0001111368724825,0.0389404628300304,0.0006808127667904,0.0001671594189906,0.4726911311987292,0.5865428124254958,0.995574717015862,-0.0003973516615309,1.0003781147407589,-0.0005856278439282,2.18209899922404e-06,0.000371767296523,19.0,40.0,100.0,-0.0006808127667904,-0.0002974606657382,0.9700200291250618,28.0,0.0,3.952083516002869e-06,2.731024761664321e-05,0.0002055150613739,0.968564401376422,-0.7086767282923034,0.80152485647145,1.7674136749206788,0.0126014268780038,0.0,0.0074365166434572
luh,luh_P051_1_S10_C08,50,2.9435527698216992,1234.0,0,1,0.9756145665407876,-0.0252481184781869,0.9747736439212854,-0.000554554371786,6.170028651314377e-05,0.0252481184781869,0.0005751233459831,0.0001196314568345,0.0917714166927777,0.8769388569229996,0.99626169825111,-0.0005260024682955,1.0024699358567466,-0.0006425455078154,1.6921372313337131e-06,0.0005618648666489,21.0,39.0,50.0,-0.000575123345983,-0.0003467415375464,0.8787080520334465,43.0,0.0,7.471071342683372e-06,3.870060564832352e-05,0.0002509600103649,0.9968529115389712,-1.2825070719644625,0.8511053954778934,1.4198209375861826,0.0582689081239757,0.0,0.0069014801517971
luh,luh_P051_1_S10_C08,100,2.9435527698216992,1234.0,0,1,0.9644154168969384,-0.0364472681220362,0.9635841472885512,-0.0003588387130228,0.0001110028744136,0.0364472681220362,0.0005751233459831,0.0001726390695171,0.6000643165130801,0.4038972628699845,0.99626169825111,-0.0003719108992044,1.0024369544619371,-0.0006817729684202,3.166022111738839e-06,0.0003674973927214,21.0,39.0,100.0,-0.0005751233459831,-0.0002239829928769,0.9766854577255806,43.0,0.0,3.620003640269263e-06,2.7196478417731838e-05,0.0002509600103649,0.9473472210457142,-0.8591722639250161,0.8226854458167353,1.6151189288973409,0.0151901654939751,0.0,0.0071674557720635
luh,luh_P051_2_S11_C05,50,2.9298807971334035,1318.0,0,1,0.9804351380127964,-0.0202731184572975,0.9797412299476682,-0.0004456435911149,3.9935379790177866e-05,0.0202731184572975,0.0004721709800625,0.0001010364992263,0.1349245809647581,0.8156438447796971,0.9969308886295938,-0.000422356634527,1.0021672659507044,-0.0005499395016414,2.0056905870486044e-06,0.0004504571993765,25.0,50.0,50.0,-0.0004721709800624,-0.0002369141379014,0.9070600393344892,40.0,0.0,5.521045430918998e-06,3.0318833445568765e-05,0.0002038027668277,0.9945978295198276,-1.2986646088594216,0.8507084817318658,1.4033482788878309,0.0460911072002669,0.0,0.0056660517607502
luh,luh_P051_2_S11_C05,100,2.9298807971334035,1318.0,0,1,0.9698010457723256,-0.0309072106977683,0.9691146640412556,-0.0003028335954836,7.791085037398483e-05,0.0309072106977683,0.0004721709800625,0.0001264370267745,0.5222751565654683,0.4772465015760729,0.9969308886295938,-0.0003153797009976,1.0017092335659916,-0.0005326189151345,2.252797251478888e-06,0.0003087657835066,25.0,53.0,100.0,-0.0004721709800625,-0.0002126818448094,0.9745423645981636,41.0,0.0,2.6751457242581577e-06,2.128412799673742e-05,0.0002038027668277,0.9612912535191496,-0.8863671023679145,0.8190687877867903,1.6426267855712593,0.0143629040003615,0.0,0.0063804553442824
luh,luh_P051_3_S12_C05,50,2.93619537592593,1238.0,0,1,0.9770992038738068,-0.0236914727098448,0.9763272447833754,-0.0005151849816088,5.316688204416346e-05,0.0236914727098448,0.0005271177224343,9.171579814956204e-05,0.0611025171343919,0.920352830803324,0.9965737348041772,-0.0004935723481217,1.002127646258835,-0.0005683786870877,1.0229558745943092e-06,0.0005213928808793,23.0,42.0,50.0,-0.0005271177224342,-0.0003816713312072,0.8556471918470527,44.0,0.0,6.3322007431922205e-06,3.053692398602971e-05,0.0001755026425782,0.9984244141111296,-1.2620162645179516,0.8467719571597756,1.4450820025752988,0.0507723253734232,0.0,0.0063254126692118
luh,luh_P051_3_S12_C05,100,2.93619537592593,1238.0,0,1,0.9656239894985956,-0.0351666870850559,0.9648610964231774,-0.0003495656287106,0.0001040894985671,0.0351666870850559,0.0005271177224343,0.0001467848210426,0.529269653691733,0.4454793825462849,0.9965737348041772,-0.0003588437457658,1.0023504108082015,-0.0006275003163452,2.724849878770804e-06,0.000357465640854,23.0,42.0,100.0,-0.0005271177224343,-0.0002295042875042,0.9785087338020448,45.0,0.0,3.068179741546746e-06,2.149060970884717e-05,0.0001755026425782,0.958727888410864,-0.9414385512250538,0.8243116543878486,1.6027864991780671,0.0148150857851405,0.0,0.007344137200135
luh,luh_P053_1_S15_C08,50,2.9391475892012684,323.0,0,1,0.9364131162550822,-0.0668931765263352,0.9333272630625185,-0.0013358292145694,0.000377928165837,0.0668931765263352,0.0022041951876116,0.0006638294163123,0.6213944543461123,0.3982465021691069,0.9856727312805246,-0.0013936078442986,1.008473078765267,-0.0026061771514062,2.4429768016093165e-05,0.0013939926655073,9.0,13.0,34.0,-0.0022041951876115,-0.0008379935703195,0.9550720755601144,22.0,0.0,2.906811951685202e-05,0.0001380079503855,0.0007116544224475,0.9443274419862122,-0.7936935790391741,0.8228691377803196,1.5687332682344914,0.03252319170556,0.0,0.0134078971251131
luh,luh_P053_1_S15_C08,100,2.9391475892012684,323.0,0,1,0.9028301758651384,-0.1004761169162788,0.8998549918014231,-0.0009438018402785,0.0007606629755001,0.1004761169162788,0.0022041951876116,0.0006119694124768,0.5719226025435331,0.5267073999517766,0.9856727312805246,-0.0010252664991456,0.9995605410380626,-0.0016501229062745,6.924716333293974e-06,0.0010097586427045,9.0,13.0,34.0,-0.0021042082372483,-0.0004377533081581,0.9598365811902893,22.0,0.0,1.9325549877097894e-05,0.0001034506893615,0.0007116544224475,0.956344118612478,-0.5753771224935638,0.8037163584304886,1.7388698994517644,0.0266682470821612,0.0,0.0209498392579892
luh,luh_P053_2_S16_C08,50,2.937929096617431,332.0,0,1,0.938028134475482,-0.0652386226342195,0.9349738021598916,-0.0012904947506675,0.0003518416503019,0.0652386226342195,0.0021778380731343,0.0006389737582428,0.615941210195331,0.4196322080647306,0.9858440525246276,-0.0013591379715462,1.007695478618974,-0.002478661890069,2.2849368065414007e-05,0.0013447197241366,9.0,13.0,36.0,-0.0021778380731342,-0.0008495341847785,0.9531187871934164,21.0,0.0,2.82617848586328e-05,0.0001360562295261,0.0007767921139105,0.9466626251164127,-0.7541059274168864,0.8196336307192365,1.5946005897489128,0.0317486983145803,0.0,0.012743012771679
luh,luh_P053_2_S16_C08,100,2.937929096617431,332.0,0,1,0.9035592124038518,-0.0997075447058496,0.9006171150401755,-0.0009412533352793,0.0007511200160012,0.0997075447058496,0.0021778380731343,0.0005851441861541,0.5159089996068904,0.5635740543084402,0.9858440525246276,-0.0010174239255698,0.9993277882269676,-0.0015755668920995,6.218760360982948e-06,0.0010052907574473,9.0,13.0,36.0,-0.0020244732612315,-0.0004687090678009,0.955186608030117,21.0,0.0,1.9183507993575376e-05,0.0001081518162291,0.0007767921139105,0.963271143819304,-0.643009015362999,0.8034675977593259,1.732650992165706,0.0271019297777912,0.0,0.0212383546194649
luh,luh_P053_3_S19_C07,50,2.9304488713504333,377.0,0,1,0.9445300449189472,-0.0583694138585999,0.9417993365658532,-0.001161512708538,0.0002855553895876,0.0583694138585999,0.0019329725183648,0.0005807114479293,0.6209910328798094,0.4050900723730882,0.9874356786306288,-0.0012160294553874,1.0072196358097063,-0.0022562252560755,2.105216437572091e-05,0.0012052826032227,9.0,14.0,43.0,-0.0019329725183647,-0.0007410802521865,0.9430166893579724,21.0,0.0,2.5359409918689727e-05,0.0001512324839915,0.0010402835699202,0.9449037358696086,-0.7782174607045427,0.8216285043216726,1.57813432683258,0.0322608622182214,0.0,0.01158890003065
luh,luh_P053_3_S19_C07,100,2.9304488713504333,377.0,0,1,0.9089487702138768,-0.0939506885636705,0.9063209300380032,-0.0008610839636194,0.0006244218979722,0.0939506885636705,0.0019329725183648,0.0004843174539627,0.4517331278841557,0.6317204962262188,0.9874356786306288,-0.0009586804955476,0.9983587322588164,-0.001335766981149,4.653755073819258e-06,0.0009129349959689,9.0,14.0,43.0,-0.0018294209182792,-0.0007111354159331,0.9433004135351348,21.0,0.0,1.6874794586445406e-05,0.0001108018844003,0.0010402835699202,0.9697453528804976,-0.6257230537084681,0.7857354739161523,1.81251901225939,0.0162275366217566,0.0,0.0185270063046643
luh,luh_P054_1_S16_C06,50,2.9386275166601266,359.0,0,1,0.9392228937042008,-0.0636365935880808,0.9365448555909868,-0.0013625579117221,0.0003922020106271,0.0636365935880808,0.0019063248615212,0.0006524629233237,0.5319822046487016,0.3418280160376686,0.9876088884001116,-0.0013257623664183,1.010522967521744,-0.0026407050587388,2.4579752827242683e-05,0.0014199964219185,9.0,14.0,32.0,-0.0019063248615212,-0.0005863146411197,0.9441655763378044,29.0,0.0,2.8085323838328623e-05,0.0001701645048409,0.0011732250838928,0.9467386767488086,-1.1014805846977795,0.8499185866371387,1.3923106208342324,0.0379792480652163,0.0,0.013780594423732
luh,luh_P054_1_S16_C06,100,2.9386275166601266,359.0,0,1,0.9099071616482116,-0.09295232564407,0.9073127124767588,-0.0008334661645279,0.000612921369163,0.09295232564407,0.0019063248615212,0.0005874936400632,0.7646703839509096,0.4303043827169973,0.9876088884001116,-0.000948493118817,1.0004359507897975,-0.0016504907732432,8.010045183482782e-06,0.0008880891441336,9.0,14.0,32.0,-0.0019063248615212,-0.0005863146411197,0.9638337289119436,29.0,0.0,1.360835278764221e-05,0.0001192778878329,0.0011732250838928,0.9255843744339848,-0.3133481379154594,0.7960126548949003,1.8198691376502527,0.0136056520557785,0.0,0.0152441806691143
luh,luh_P054_2_S17_C06,50,2.9371441199659403,376.0,0,1,0.94122716174147,-0.0614553558547438,0.9387090581751898,-0.0013220945671476,0.0003663456744457,0.0614553558547438,0.0017883450641426,0.0005863264835557,0.4901405222392423,0.3790851946748279,0.9883757570830728,-0.0012803199136404,1.0098905815077033,-0.0024623838890013,2.192864080487844e-05,0.0013748170253006,10.0,15.0,36.0,-0.0017883450641425,-0.0005901902008542,0.9541010780289834,30.0,0.0,2.549265666570812e-05,0.0001263125438815,0.0007760449049519,0.954253955434776,-1.143042375770343,0.8501211928036863,1.3880223674784629,0.038466280827796,0.0,0.0143067605131411
luh,luh_P054_2_S17_C06,100,2.9371441199659403,376.0,0,1,0.9117176516987548,-0.0909648658974591,0.909278496133019,-0.000825668960053,0.0005962372834016,0.0909648658974591,0.0017883450641426,0.0005360984887699,0.7157690354309987,0.4464054353748717,0.9883757570830728,-0.0009282129173209,1.0009527809293026,-0.0015923799913075,7.516774816221376e-06,0.0008778002527494,10.0,15.0,36.0,-0.0017883450641426,-0.0005901902008542,0.9709836937505184,30.0,0.0,1.2352111992662697e-05,8.884265997057235e-05,0.0007760449049519,0.9337650540060592,-0.4121145197932905,0.7992694812183397,1.799646457200133,0.0137459209046351,0.0,0.0155485743878892
luh,luh_P054_3_S19_C05,50,2.944977936416348,384.0,0,1,0.9416851331759526,-0.0610513167379598,0.9391152912181449,-0.0013157483785375,0.0003659135711517,0.0610513167379598,0.0018242999426083,0.0006339473338773,0.5253499166603668,0.3392104568074933,0.9881420503730454,-0.0012719024320408,1.0102912858813513,-0.0025521565861674,2.377708091595884e-05,0.0013690861268898,9.0,15.0,35.0,-0.0018242999426083,-0.000528618679366,0.955903273277466,29.0,0.0,2.756768645196196e-05,0.0001311146357134,0.000694226020845,0.9462309857354244,-1.120194678666876,0.8520628572739409,1.375374063726046,0.0415490029128723,0.0,0.0135677873597958
luh,luh_P054_3_S19_C05,100,2.944977936416348,384.0,0,1,0.9152541992076474,-0.087482250706265,0.9127564867979262,-0.0007814822193056,0.000544597455654,0.087482250706265,0.0018242999426083,0.0005787087867109,0.8167333376829342,0.4017627442973908,0.9881420503730454,-0.0008926760276149,1.0005899666795242,-0.0016066112823868,8.089500618443228e-06,0.0008303983976163,9.0,15.0,35.0,-0.0018242999426083,-0.0005286186793661,0.9719054455149312,30.0,0.0,1.3357538796311463e-05,9.2301113232473e-05,0.000694226020845,0.9158143072701216,-0.2505913334438321,0.7969207858175802,1.8189333761139368,0.0136988443581619,0.0,0.0141481369095078
luh,luh_P055_1_S15_C05,50,2.927991493745948,354.0,0,1,0.92685700240404,-0.0755208230481288,0.9246583263012011,-0.0015838220503461,0.0005017045542587,0.0755208230481288,0.0015852169681126,8.135254265881e-05,0.0028679325955706,0.9966832508915744,0.989696089707268,-0.0015733504801693,1.005588712003619,-0.0015909333958219,1.367566437632087e-07,0.0016422425780356,10.0,17.0,36.0,-0.0015852169681126,-0.0015633096057557,-0.0004432624114479,49.0,0.0,1.21189664101414e-05,8.219482924798475e-05,0.0005695914212766,0.9999878477759804,-1.204053745872112,0.8315450779470104,1.5114293333422308,0.0217399866364058,0.0,0.0190226036173514
luh,luh_P055_1_S15_C05,100,2.927991493745948,354.0,0,1,0.9094141940761682,-0.0929636313760008,0.9072568955383014,-0.000939680699907,0.0007989109680616,0.0929636313760008,0.0015852169681126,0.000614761779121,0.7456422852159191,0.2202622235756775,0.989696089707268,-0.0009486084834285,1.0096988512829888,-0.0021319366831801,1.1688784149735444e-05,0.0010066928730216,10.0,17.0,36.0,-0.0015852169681126,-0.0003488561665574,0.979291318156548,50.0,0.0,1.2745987644899652e-05,8.81222881672373e-05,0.0006667693802784,0.9026243807887432,-0.8298810896760243,0.8408193200346655,1.497499800507862,0.0194653347881033,0.0,0.0139542466622974
luh,luh_P055_2_S16_C04,50,2.9388239089653467,350.0,0,1,0.9252081033537068,-0.0772203578922288,0.922966714456361,-0.0016177731795219,0.000523442531482,0.0772203578922288,0.0016189741639572,7.0042220303383e-05,0.0024251888754761,0.9972039161665532,0.9894766679342786,-0.001608757456088,1.005701238122471,-0.00162389584527,1.1774357207992477e-07,0.0016787577307932,10.0,16.0,35.0,-0.001618974163957,-0.0016001125494296,-0.0004432624112996,49.0,0.0,1.0434084632218965e-05,7.076740504755855e-05,0.0004904019777142,0.999991365993939,-1.2034397142727573,0.8313522334855502,1.5123213371841673,0.0217399866364058,0.0,0.0194276899674858
luh,luh_P055_2_S16_C04,100,2.9388239089653467,350.0,0,1,0.9084481356943668,-0.0939803255515689,0.906247349127778,-0.0009502113576577,0.0008212708568853,0.0939803255515689,0.0016189741639572,0.0006385307929643,0.7593078879562084,0.2071979913067058,0.9894766679342786,-0.0009589829137914,1.0100063138524344,-0.002188428816545,1.2139386851836128e-05,0.0010194208207881,10.0,16.0,35.0,-0.0016189741639571,-0.0003351993531868,0.9787941905848524,50.0,0.0,1.3234791863611524e-05,9.377226523545664e-05,0.000793372833056,0.8978397974300404,-0.8165102648332958,0.8417587761326302,1.491471559922922,0.0198953314772046,0.0,0.013407974127472
luh,luh_P055_3_S17_C04,50,2.932340167868689,351.0,0,1,0.9268184296512584,-0.0755679365283235,0.924611966924154,-0.0015889619344246,0.0005049719062852,0.0755679365283235,0.0015909107863879,0.0001136583577104,0.0039617111469206,0.9953827248849536,0.989659079888479,-0.0015743320110067,1.0056247044592888,-0.0015988972581584,1.910639179570167e-07,0.0016477965352652,10.0,17.0,35.0,-0.0015909107863877,-0.0015603038164534,-0.0004432624112756,49.0,0.0,1.6931515282821333e-05,0.0001148351237624,0.0007957812182925,0.9999764333916968,-1.2055516260811645,0.8320252589321527,1.5092057612789074,0.0217399866364058,0.0,0.0190909294366541
luh,luh_P055_3_S17_C04,100,2.932340167868689,351.0,0,1,0.9094238758280178,-0.0929624903515639,0.9072588240541678,-0.0009385198509582,0.000797920465535,0.0929624903515639,0.0015909107863879,0.0006182313614032,0.7507416176656775,0.2189423603723908,0.989659079888479,-0.000948596840322,1.0096745759910422,-0.0021366696747646,1.1746566900062672e-05,0.0010055642129465,10.0,17.0,35.0,-0.0015909107863878,-0.0003478910764647,0.9785524390156576,49.0,0.0,1.281463618477182e-05,9.179544552351328e-05,0.0007957812182925,0.9015133271573844,-0.8215502157047583,0.8405109181420967,1.4994394282860273,0.0194180858571016,0.0,0.0138703069356626
luh,luh_P057_1_S17_C08,50,2.940431762615276,555.0,0,1,0.9641288273226426,-0.0376581382054889,0.9624090355521486,-0.000751649438677,0.0001177944471897,0.0376581382054889,0.0011913103520877,0.0003218490295045,0.5367417037942362,0.4679391840147903,0.9922564827114304,-0.0007845445459476,1.0042921029417788,-0.0013540656847089,1.1584927808305844e-05,0.0007690261762639,12.0,21.0,50.0,-0.0011913103520876,-0.0005250613989996,0.950894791894928,21.0,0.0,1.4175509640169932e-05,7.235906009441317e-05,0.0004627098979194,0.9592589330691796,-0.8467263693647844,0.8206351218231576,1.5853045458359925,0.0320027310861738,0.0,0.0078759209849958
luh,luh_P057_1_S17_C08,100,2.940431762615276,555.0,0,1,0.9418726360893684,-0.0599143294387631,0.9401925444226789,-0.0005699082270987,0.0002725817153627,0.0599143294387631,0.0011913103520877,0.0002917589344239,0.4376335141272436,0.6064418948553668,0.9922564827114304,-0.0006113707085587,1.0000906839796797,-0.0009011000742538,3.246978893677203e-06,0.0005917067316181,12.0,21.0,77.0,-0.0011220718780052,-0.0003328004082953,0.9570566035888562,21.0,0.0,9.129236829894026e-06,5.359943174594288e-05,0.0004627098979194,0.9731010972405104,-0.7747920666018251,0.8045736050889997,1.7154468772363576,0.0184848146741031,0.0,0.0131265349749931
luh,luh_P057_2_S18_C08,50,2.9464199160271893,556.0,0,1,0.9650015984861602,-0.0367441961895821,0.9633198398387328,-0.0007334839943516,0.0001122294604738,0.0367441961895821,0.0011638631171616,0.0003161068320253,0.5398983559981871,0.4651651807973317,0.9924348897384496,-0.0007655040872829,1.004207414531049,-0.0013253990354806,1.1382981560174053e-05,0.0007500455722465,13.0,21.0,50.0,-0.0011638631171615,-0.0005103691515369,0.9492833419774208,21.0,0.0,1.3904126928181869e-05,7.34611753210477e-05,0.000483585534562,0.9587478505169196,-0.8453071503424643,0.820726860527874,1.5845345998440867,0.0320027310861738,0.0,0.0076555372730557
luh,luh_P057_2_S18_C08,100,2.9464199160271893,556.0,0,1,0.9429974168846272,-0.0587483777911151,0.9413540060728364,-0.0005573236982854,0.0002604866590941,0.0587483777911151,0.0011638631171616,0.0002828270946129,0.4306426703576126,0.6149766680269017,0.9924348897384496,-0.0005994732427664,0.999995770597111,-0.0008735092185743,3.099858042047404e-06,0.0005780988768612,13.0,21.0,80.0,-0.0010971783198867,-0.0003408934170784,0.9562662659555188,21.0,0.0,8.809495889864519e-06,5.328674255423109e-05,0.000483585534562,0.9738103019549178,-0.7716053796794204,0.8034409112990829,1.7230178356875372,0.0186225120980018,0.0,0.012759228788426
luh,luh_P057_3_S19_C08,50,2.950180994386528,539.0,0,1,0.9693683728195086,-0.0321266491514702,0.967921309196082,-0.0006437023595763,8.607958720047826e-05,0.0321266491514702,0.0009966813139858,0.0002636486924421,0.5121821834821343,0.481971975192194,0.993521571459092,-0.0006693051906555,1.0036491397674918,-0.0011372527451677,9.491353569064417e-06,0.0006562407803185,14.0,27.0,50.0,-0.0009966813139858,-0.0004559324471715,0.938224144177768,21.0,0.0,1.15052950386048e-05,7.341329231725223e-05,0.0005084120845786,0.9627200622121332,-0.8788080511405885,0.8213177722137337,1.5793674768417554,0.0322608622182214,0.0,0.0068389867075729
luh,luh_P057_3_S19_C08,100,2.950180994386528,539.0,0,1,0.9471941726120008,-0.054300849358978,0.9457802104177092,-0.0005093222238427,0.0002156611149108,0.054300849358978,0.0009966813139858,0.0002182779988945,0.3302224413868484,0.7026956500943853,0.993521571459092,-0.0005540902995814,0.9996558773017008,-0.0007219863609204,2.084942520369995e-06,0.0005258138736401,14.0,27.0,93.0,-0.0009459729416626,-0.0004413894542957,0.9426542315698158,21.0,0.0,7.132112073723519e-06,5.301124505560072e-05,0.0005084120845786,0.9823318761445486,-0.8115137517402387,0.7948025461329058,1.7631441522206792,0.0141559492301322,0.0,0.0113983111792881
luh,luh_P058_1_S15_C07,50,2.933423621738762,707.0,0,1,0.969085013511006,-0.0322342888971936,0.9678081818460212,-0.0006875473558073,9.73168838156066e-05,0.0322342888971936,0.0008795349387999,0.0002377381048828,0.4014332304297682,0.4846543249885175,0.9942830228978008,-0.0006715476853581,1.0045354823681834,-0.0011519542913319,8.93090260624347e-06,0.0007008629062686,15.0,27.0,50.0,-0.0008795349387998,-0.0003939875621906,0.9557790712496256,29.0,0.0,1.0330795247003507e-05,4.938392626610577e-05,0.0002724406330153,0.971509460523438,-1.1780861581844064,0.8443370142854034,1.4272148845599824,0.0353393664453088,0.0,0.0079158144491986
luh,luh_P058_1_S15_C07,100,2.933423621738762,707.0,0,1,0.9493856354014736,-0.0519336670067261,0.9481347589307184,-0.0004881679382811,0.0002010162156784,0.0519336670067261,0.0008795349387999,0.0002166445441123,0.4778853120185729,0.5730333465220411,0.9942830228978008,-0.0005299353776196,1.000888297081595,-0.0007960843969514,3.018788810493558e-06,0.0005039584006595,15.0,27.0,99.0,-0.0008795349387998,-0.0003939875621906,0.9716998074526666,30.0,0.0,5.005643057826442e-06,3.476102596387318e-05,0.0002724406330153,0.9681713838281998,-0.737202988152653,0.8053898297354788,1.749354352371057,0.0127622516138511,0.0,0.0102436766169568
luh,luh_P058_2_S18_C06,50,2.93165130758672,672.0,0,1,0.9693921213367056,-0.0319009579619599,0.9681402392351456,-0.0006780499279362,9.439760197070512e-05,0.0319009579619599,0.000862052865777,0.0002239476297785,0.3873878272307042,0.5033004073232001,0.9943966563724492,-0.0006646032908741,1.0043537328799947,-0.0011150867634464,8.404554529040487e-06,0.0006909004589336,16.0,27.0,50.0,-0.000862052865777,-0.0004089747043989,0.942098417243352,29.0,0.0,9.639960880385664e-06,6.015503711635848e-05,0.0004160163677773,0.9740749662625552,-1.1759710883332593,0.8427196442680972,1.438789332820761,0.031498667059371,0.0,0.0077584757919934
luh,luh_P058_2_S18_C06,100,2.93165130758672,672.0,0,1,0.948943386116756,-0.0523496931819096,0.9477179117041566,-0.0004948679520329,0.0002054410764551,0.0523496931819096,0.000862052865777,0.0002022231424416,0.4316676393362704,0.6031631116660343,0.9943966563724492,-0.0005341805426725,1.0009102586923144,-0.0007777410050831,2.7732652259821696e-06,0.0005107274236114,16.0,27.0,98.0,-0.000862052865777,-0.0004089747043989,0.962868348252118,29.0,0.0,4.670908880185306e-06,4.214933050258223e-05,0.0004160163677773,0.9735005623487084,-0.7884243490375722,0.8063625890912498,1.74037528441236,0.0127622516138511,0.0,0.0106333423143738
luh,luh_P058_3_S19_C06,50,2.9363034240609105,712.0,0,1,0.9711074026745922,-0.0301726111823433,0.9698659608053912,-0.0006434758169772,8.596921956817643e-05,0.0301726111823433,0.0008533425712904,0.0002548387088475,0.4528471591182657,0.4294688002884966,0.994453273286612,-0.0006285960662988,1.004496598503381,-0.0011399932126145,9.548411454563126e-06,0.0006554622155239,16.0,27.0,50.0,-0.0008533425712903,-0.0003395506421785,0.9364506172839814,29.0,0.0,1.0931743172591992e-05,7.387800431945416e-05,0.0005119936573598,0.9632776221870262,-1.1477485326595696,0.8457739766368318,1.4192231747681905,0.03509131981127,0.0,0.0069759843339449
luh,luh_P058_3_S19_C06,100,2.9363034240609105,712.0,0,1,0.9541298705656618,-0.0471501432912737,0.952910132391786,-0.000436459228862,0.0001625380744328,0.0471501432912737,0.0008533425712904,0.0002295360920396,0.5629120185482386,0.5276820561395064,0.994453273286612,-0.0004811239111354,1.0005816979501925,-0.0007561309431047,3.1340364141441584e-06,0.0004496293184273,16.0,27.0,100.0,-0.0008533425712904,-0.0003395506421785,0.9592576647908624,29.0,0.0,5.296824011463658e-06,5.171484796764996e-05,0.0005119936573598,0.9571435592406418,-0.6161701494576799,0.8017323294834868,1.775426584224871,0.0133462419528946,0.0,0.0088283166966439
luh,luh_P059_1_S15_C06,50,2.94445698541794,605.0,0,1,0.9689656729399444,-0.0320457726711565,0.9679866071345536,-0.0006735122082287,9.072566910504646e-05,0.0320457726711565,0.0006742970740673,4.577390377467826e-05,0.0037695498421117,0.9956127045746128,0.9956170690185622,-0.0006676202639824,1.002382800868554,-0.0006775134850527,7.694763123020057e-08,0.0006838791445263,19.0,34.0,50.0,-0.0006742970740672,-0.0006619706554489,-0.0004432624115667,49.0,0.0,6.818869873965913e-06,4.62478255972115e-05,0.0003204868840763,0.999978725112486,-1.2052904576618697,0.8319405028512524,1.50959849999352,0.0217399866364058,0.0,0.0080915648888082
luh,luh_P059_1_S15_C06,100,2.94445698541794,605.0,0,1,0.9555682329601916,-0.0454432126509095,0.954602704244638,-0.0004601142468826,0.0001812866224166,0.0454432126509095,0.0006742970740673,0.0002023460711756,0.5412703730581587,0.3978380737889246,0.9956170690185622,-0.0004637062515398,1.0036844345224272,-0.0008516517030079,3.838602511032172e-06,0.0004739063595357,19.0,34.0,100.0,-0.0006742970740673,-0.000267948799595,0.975980905050513,49.0,0.0,4.189157468787896e-06,3.3426602825618004e-05,0.0003204868840763,0.9536970379420404,-1.0020551517451868,0.832673619711078,1.5491140076890018,0.0166670524852116,0.0,0.0093782079858269
luh,luh_P059_2_S18_C04,50,2.9638696588868942,660.0,0,1,0.9694547804124796,-0.0315499210312316,0.9684817454046636,-0.0006678718379394,8.921768880430852e-05,0.0315499210312316,0.0006698009624742,6.37082650950022e-05,0.0090253733442179,0.9892562339446056,0.995646293743918,-0.0006572900214839,1.002398553706005,-0.0006775033557372,1.852214961108612e-07,0.0006780876967261,19.0,34.0,50.0,-0.000669800962474,-0.0006405567826081,0.3929194142585676,48.0,0.0,8.620964323582977e-06,4.092018478489655e-05,0.0002098454788894,0.999920078384822,-1.2120631452466268,0.8339879398688699,1.5009257506414468,0.0324352757531538,0.0,0.0080376115496897
luh,luh_P059_2_S18_C04,100,2.9638696588868942,660.0,0,1,0.9562239984491948,-0.0447807029945161,0.9552642430850418,-0.0004519825229317,0.0001751495281805,0.0447807029945161,0.0006698009624742,0.0002012962823527,0.5505848384903959,0.3962072125725581,0.995646293743918,-0.0004569459489236,1.0035779529477311,-0.0008414285221054,3.8180980311146816e-06,0.0004653599004554,19.0,34.0,100.0,-0.0006698009624741,-0.0002646156392656,0.9792883584898552,49.0,0.0,4.177168280498968e-06,2.880797650657433e-05,0.0002098454788894,0.9525310511099248,-0.985181740148028,0.8315375701270314,1.5561440022490844,0.0165293019512105,0.0,0.0090413039463764
luh,luh_P059_3_S19_C04,50,2.928544278837447,664.0,0,1,0.9684721163176968,-0.0325654722304982,0.9674682823072328,-0.0006897310562735,9.515369623327215e-05,0.0325654722304982,0.0006917256987967,6.929552760266262e-05,0.0090372826914746,0.9892339059396232,0.9955037829578216,-0.0006784473381353,1.00247728156145,-0.0006997075339335,1.9185533961518661e-07,0.0007006316926827,18.0,33.0,50.0,-0.0006917256987966,-0.0006613958357584,0.3514597646240791,48.0,0.0,9.628570699528435e-06,4.646592260466661e-05,0.0002677243340145,0.999916868856163,-1.2120921342999789,0.834019759676006,1.5007072336202063,0.0324352757531538,0.0,0.0083007083855599
luh,luh_P059_3_S19_C04,100,2.928544278837447,664.0,0,1,0.9565129725217584,-0.0445246160264367,0.955521534320194,-0.000448953043491,0.0001749824155679,0.0445246160264367,0.0006917256987967,0.000224878105675,0.6090018667085807,0.3467770136537009,0.9955037829578216,-0.0004543328165962,1.003809362851714,-0.0008840481614724,4.265638411582733e-06,0.0004625767470868,18.0,33.0,100.0,-0.0006917256987966,-0.0002391828759187,0.9789664759711546,49.0,0.0,4.665389926575634e-06,3.270027966116728e-05,0.0002677243340145,0.940702421981378,-0.9411470835150824,0.8331736238791418,1.5458897579911204,0.0170414658548517,0.0,0.008594255648534
luh,luh_P061_1_S16_C09,50,2.947230930930931,947.0,0,1,0.970504051497146,-0.03102433382795,0.9690230109475334,-0.0006148852076824,7.947684704621806e-05,0.03102433382795,0.0010189235500642,0.0002902442123231,0.5880174525141875,0.4383947036680011,0.9933769969245833,-0.0006463402880822,1.003584069680563,-0.0011534508910281,1.0357032372033711e-05,0.0006267779262787,14.0,28.0,50.0,-0.0010189235500641,-0.0004155478107691,0.9519777808343652,20.0,0.0,1.2837781687124356e-05,6.333564702415053e-05,0.0003861001355749,0.9514313480674303,-0.7818222903577312,0.8195729664244221,1.594739605098319,0.0317486983145803,0.0,0.0062332171615376
luh,luh_P061_1_S16_C09,100,2.947230930930931,947.0,0,1,0.9523811734654682,-0.049147211859628,0.950927789386943,-0.0004600761182615,0.0001781471143137,0.049147211859628,0.0010189235500642,0.0002533714358548,0.4600295919651443,0.6046932322956629,0.9933769969245833,-0.0005015021618329,0.9996440066213912,-0.0007326533432079,2.672325734767985e-06,0.0004744533702674,14.0,28.0,100.0,-0.0009478851073982,-0.0002875210331412,0.9569422815291369,21.0,0.0,7.844489107554008e-06,4.639543586257391e-05,0.0003861001355749,0.9703433157001335,-0.702638587172113,0.7980253179873789,1.749685346504548,0.0186921330121525,0.0,0.0103886952692293
luh,luh_P061_2_S17_C09,50,2.9356963215352487,942.0,0,1,0.9712913823885088,-0.0301618818290119,0.9698818877458264,-0.0005984373603868,7.471895258063324e-05,0.0301618818290119,0.0009688428116804,0.0002637333536324,0.5436945026843933,0.472274225863156,0.9937025217240772,-0.0006283725381044,1.0033223518335572,-0.0010786867844724,9.235565847801383e-06,0.0006094663396956,14.0,30.0,50.0,-0.0009688428116803,-0.0004236651353712,0.9338865985790192,20.0,0.0,1.1599525027855722e-05,7.681291886092396e-05,0.0005324205186835,0.9585982188931048,-0.8149880853804472,0.8189734116425242,1.5994282474502102,0.031498667059371,0.0,0.0063549770305696
luh,luh_P061_2_S17_C09,100,2.9356963215352487,942.0,0,1,0.9534703108730054,-0.0479829533445152,0.9520866773728012,-0.0004552969008512,0.0001739582200512,0.0479829533445152,0.0009688428116804,0.0002366998345833,0.4371531784539966,0.6057585976394776,0.9937025217240772,-0.0004896219729032,1.00001181317669,-0.0007198088949682,2.593254844284213e-06,0.0004691355357224,14.0,30.0,100.0,-0.0008970744372021,-0.0002645422944052,0.946516267949254,20.0,0.0,7.374913898956202e-06,5.529911930815858e-05,0.0005324205186835,0.9731712328513166,-0.7765400035889769,0.8025929627044911,1.7163564644910514,0.018282044837449,0.0,0.0105916283842825
luh,luh_P061_3_S18_C09,50,2.931114776786658,1033.0,0,1,0.9742863079211632,-0.0269279222377722,0.9731047348043608,-0.0005391609969561,5.978752424668001e-05,0.0269279222377722,0.0008094867726237,0.0001924845464483,0.4416636841201061,0.5435263315604757,0.994738335977946,-0.0005609983799535,1.002783884357862,-0.0008897701879647,6.74248444247093e-06,0.0005476553781005,16.0,37.0,50.0,-0.0008094867726236,-0.0004115405603235,0.9342180986999152,20.0,0.0,8.466940687234757e-06,5.583437835027905e-05,0.0003870026914618,0.9724255496494012,-0.9138714141245684,0.820019034774712,1.5907500879210288,0.0295588022415443,0.0,0.0057615678445305
luh,luh_P061_3_S18_C09,100,2.931114776786658,1033.0,0,1,0.9569106739885284,-0.044303556170407,0.9557501733036952,-0.0004308750110927,0.0001543828033599,0.044303556170407,0.0008094867726237,0.0001811312095355,0.3497562949144113,0.6568168669465567,0.994738335977946,-0.0004520771037796,1.000503739969163,-0.0006387615360783,2.0381031861327626e-06,0.0004425629868322,16.0,37.0,100.0,-0.0007571676594619,-0.0002590575356165,0.9476735997379668,20.0,0.0,5.813506441555235e-06,4.097030449286997e-05,0.0003870026914618,0.9820837431419868,-0.9222062689605672,0.811610655390144,1.6688121929135575,0.0178257839526005,0.0,0.01028851400809
luh,luh_P062_1_S16_C07,50,2.937706113493196,1120.0,0,1,0.974523288528213,-0.0266065691588159,0.973423458550835,-0.0005625262745055,6.558913721888426e-05,0.0266065691588159,0.0007532384580193,0.0002154073417299,0.4536097278875384,0.4400223032652492,0.9951039500228748,-0.0005543035241419,1.0038223005171203,-0.0009884117475486,8.190105250829326e-06,0.0005716715401909,17.0,33.0,50.0,-0.0007532384580192,-0.0003201533580755,0.940586593728752,28.0,0.0,9.214576594546331e-06,5.947658477935244e-05,0.0004120804725962,0.964903101112729,-1.1230171098659696,0.8423392167243805,1.44334268617767,0.0343676435042077,0.0,0.006025907664154
luh,luh_P062_1_S16_C07,100,2.937706113493196,1120.0,0,1,0.9585156206244344,-0.0426142370625945,0.9574338566217088,-0.0003963676230754,0.0001329036449172,0.0426142370625945,0.0007532384580193,0.0001908600406741,0.4991565547374525,0.5691349410425431,0.9951039500228748,-0.0004348391536999,1.000436947108568,-0.0006529832355566,2.515839338050761e-06,0.0004069016769446,17.0,33.0,100.0,-0.0007532384580192,-0.0003201533580755,0.9601133887677008,28.0,0.0,4.464794844778623e-06,4.165616180006069e-05,0.0004120804725962,0.9653933047127384,-0.6809748145690051,0.8014652131473855,1.7706711259207946,0.0126469617007674,0.0,0.0080957610664101
luh,luh_P062_2_S17_C07,50,2.952973111400067,1148.0,0,1,0.9741986917221268,-0.0269567031510942,0.973074406541546,-0.0005666769064921,6.661613118332102e-05,0.0269567031510942,0.000770263248814,0.0002178504707799,0.4649458262501526,0.4371830552079835,0.9949932888827088,-0.0005615979823144,1.0038196996363613,-0.0010017261531888,8.36633166724336e-06,0.0005760199118003,17.0,33.0,50.0,-0.0007702632488139,-0.0003312567709714,0.9492524552264028,27.0,0.0,9.3405633583494e-06,5.269530786263171e-05,0.0003577902794417,0.9640989671640764,-1.0982266473452689,0.8401665207888667,1.4575863488967686,0.0305367238600816,0.0,0.006151587782758
luh,luh_P062_2_S17_C07,100,2.952973111400067,1148.0,0,1,0.9576358531735544,-0.0435195416996663,0.9565306825268844,-0.0004045633323756,0.0001381289954919,0.0435195416996663,0.000770263248814,0.0001910598963477,0.4795836274679493,0.5845602091357138,0.9949932888827088,-0.000444076956119,1.0003440987891563,-0.0006550238178054,2.455494955193521e-06,0.0004154699257083,17.0,33.0,100.0,-0.0007702632488139,-0.0003312567709714,0.9645360848035668,27.0,0.0,4.525839977756926e-06,3.697632035207753e-05,0.0003577902794417,0.9676827780537198,-0.6926054322823285,0.8003861510080957,1.7731637847952793,0.01257878220686,0.0,0.008281419274286
luh,luh_P062_3_S18_C07,50,2.943169750772276,1128.0,0,1,0.974544968573332,-0.0265918685685837,0.9734383277270076,-0.0005616510884973,6.547693654053805e-05,0.0265918685685837,0.0007578914279438,0.0002181054273633,0.4629473021646917,0.4321521995269271,0.9950737057183654,-0.0005539972618454,1.0038419183866107,-0.0009956070941783,8.34530780155728e-06,0.0005708148367713,17.0,33.0,50.0,-0.0007578914279437,-0.0003173408151777,0.9504882103655212,28.0,0.0,9.37341729289424e-06,5.144668864392513e-05,0.0003457441208985,0.9635513262443776,-1.114099903155631,0.8421617834103107,1.4446147180899185,0.0341330063694584,0.0,0.0060631314235501
luh,luh_P062_3_S18_C07,100,2.943169750772276,1128.0,0,1,0.9586779278144392,-0.0424589093274764,0.9575893047261254,-0.0003940068397398,0.0001314807929798,0.0424589093274764,0.0007578914279438,0.0001931199566846,0.5081741667402351,0.5650141550101011,0.9950737057183654,-0.0004332541768109,1.0003886139572604,-0.0006529369099039,2.538530099647951e-06,0.0004044713392261,17.0,33.0,100.0,-0.0007578914279438,-0.0003173408151778,0.9661619009233128,28.0,0.0,4.541758894495146e-06,3.61164201985659e-05,0.0003457441208985,0.9642508645725248,-0.6654063898854377,0.8007143093024314,1.7749562189241612,0.0126241532283964,0.0,0.0079619236851672
luh,luh_P063_1_S16_C05,50,2.9317877499141347,1149.0,0,1,0.9785921651582584,-0.0221573588511996,0.9778592361828692,-0.0004849010460177,4.71389584292748e-05,0.0221573588511996,0.0004996826729721,9.896848292261197e-05,0.0776338767923423,0.8970457863867207,0.9967520626256812,-0.0004616116427333,1.0020882426259148,-0.0005494698417167,1.2417076095961414e-06,0.0004904423919323,24.0,44.0,50.0,-0.0004996826729721,-0.0003273930083527,0.8470145592007072,44.0,0.0,6.376242605332382e-06,3.915339804266592e-05,0.0002703743656906,0.9975995748054872,-1.2739274801554503,0.8495717801096397,1.4302151450471032,0.0492710490067827,0.0,0.0059961920756655
luh,luh_P063_1_S16_C05,100,2.9317877499141347,1149.0,0,1,0.968592201632178,-0.0321573223772802,0.9678667622559104,-0.0003178300153773,8.68037547936647e-05,0.0321573223772802,0.0004996826729721,0.0001479883974765,0.580882438184374,0.4124537824038958,0.9967520626256812,-0.0003281359426253,1.0021813124878332,-0.0005955779819995,2.7230192806101e-06,0.000324531497898,24.0,44.0,100.0,-0.0004996826729721,-0.0001999992705216,0.9720889223960828,44.0,0.0,3.0895196128930097e-06,2.7439800934946183e-05,0.0002703743656906,0.9503774782608904,-0.8871501671255726,0.8235621904074288,1.608484490550076,0.0152934161694983,0.0,0.0063999766566915
luh,luh_P063_2_S17_C05,50,2.96317111923934,1236.0,0,1,0.9748147003910288,-0.0260414315904114,0.973980844240964,-0.0005630092151033,6.344753533187784e-05,0.0260414315904114,0.0005707546542936,9.392518517271628e-05,0.0385614767250699,0.9509871614046584,0.9962900947470912,-0.0005425298248002,1.0021956726820267,-0.0005992967064024,6.978363711356311e-07,0.0005703513880158,22.0,39.0,50.0,-0.0005707546542936,-0.0004662106118502,0.7681308611358958,46.0,0.0,7.532890236894265e-06,4.296175156923751e-05,0.0002926542922815,0.9991857828150864,-1.243705494797267,0.8430707357038495,1.4635026160738651,0.0421114853501268,0.0,0.0068490558515238
luh,luh_P063_2_S17_C05,100,2.96317111923934,1236.0,0,1,0.9639792597330528,-0.0368768722483874,0.963154672215096,-0.0003679202417257,0.0001167652447932,0.0368768722483874,0.0005707546542936,0.0001756409111038,0.5913290893915427,0.3849116628041496,0.9962900947470912,-0.0003762946147794,1.002800499453356,-0.0007034862490703,3.2898628171046617e-06,0.0003769523861711,22.0,39.0,100.0,-0.0005707546542936,-0.0002167088131595,0.9747462821668014,46.0,0.0,3.6499571250930974e-06,3.014111226662188e-05,0.0002926542922815,0.9467571623514754,-0.9164857508963048,0.8277514932798694,1.580161235337065,0.0155847310166982,0.0,0.0073680996474236
luh,luh_P063_3_S18_C05,50,2.945036934934112,1335.0,0,1,0.9755161256810996,-0.0253281934586738,0.97469317357924,-0.0005513709265689,6.0890700388219e-05,0.0253281934586738,0.0005628794265156,0.0001034611898373,0.0558991775671812,0.9273456568194244,0.9963412837276484,-0.0005276706970556,1.002250705782007,-0.0006036392263567,1.0051596113032342e-06,0.000558469768495,22.0,40.0,50.0,-0.0005628794265156,-0.0004169303730708,0.8149479693641463,45.0,0.0,7.4081856201988355e-06,4.336567182464124e-05,0.0002972801174785,0.9985429522972304,-1.2585683275000674,0.8467004560072356,1.4468167862102872,0.0512932943875505,0.0,0.0067545531181873
luh,luh_P063_3_S18_C05,100,2.945036934934112,1335.0,0,1,0.9647813905627832,-0.0360629285769901,0.963967494357178,-0.0003580464746687,0.0001106263032805,0.0360629285769901,0.0005628794265156,0.0001723983068733,0.5977703524973143,0.3893834295948719,0.9963412837276484,-0.0003679890671121,1.0026325527797528,-0.0006850845519172,3.206255659298814e-06,0.0003666341303441,22.0,40.0,100.0,-0.0005628794265156,-0.0002146947023663,0.9738302166208068,45.0,0.0,3.5895332386530444e-06,3.0412444310624635e-05,0.0002972801174785,0.9463793023353968,-0.8937306817625852,0.8259071892366829,1.5924171757555283,0.0154509511557189,0.0,0.0070849251780889
matr,matr_b1c0,50,1.072205,1717.0,0,1,1.004244710666337,0.0056584328556572,1.0056664436327554,-0.0005418943358093,0.0037372180172744,0.4368243013229745,0.4338979019870266,0.088483977137769,6.777887659211432,0.0227312747376314,1.0021752370115788,0.0001178840178261,1.0237291058431228,-0.0002852447191098,-4.935569551912991e-06,0.0005350370525723,50.0,50.0,50.0,0.0139075217292069,-4.820665132820673e-05,-0.5010806304770764,12.0,1.0,-2.5407970669315307e-05,0.1549362797224866,0.8669055824212718,0.0157148697145838,48.94145438604826,0.1294238873246696,3.177440508153188,0.0899141366475911,1.6666666666666667,0.0001296393879902
matr,matr_b1c0,100,1.072205,1717.0,0,1,1.0034579208267076,0.0048716430160279,1.0048785399161588,-0.0001928801050051,0.0018668326589489,0.4368243013229745,0.4338979019870266,0.0619272644620179,9.78848865170264,0.0331620758711638,1.0021752370115788,4.971064302069302e-05,1.026172501198976,-0.0006792989735323,4.768812436542052e-06,0.0001919746646677,100.0,100.0,100.0,-0.0003834225812187,-2.3554467094736972e-05,-0.5010846333961513,12.0,1.0,-1.1317846443907551e-05,0.107851559023204,0.8669055824212718,0.0162747492988006,98.86458469455586,0.0642300369325758,3.891094833280507,0.0423308076451172,1.2790697674418603,0.0002809164292276
matr,matr_b1c1,50,1.0769552999999998,2066.0,0,1,1.0044192177706912,0.005955121814248,1.005964282379672,6.300871673001032e-05,2.3335227005318117e-06,0.0086245919398884,0.0021250649864484,0.0007233996459623,-1.815362787770751,-0.039959561498659,1.002619700186257,0.0001240650377968,0.9999078229191644,0.0003285999666332,-5.107524036602057e-06,-6.270813589348675e-05,50.0,50.0,50.0,0.000582735161134,-9.035443932250572e-07,-0.2372055142654259,12.0,0.0,-2.825736118631565e-05,0.0011379888729267,0.0063724093284097,0.3402665320595849,3.8337311351779793,0.6968764921261478,2.1502459040676443,0.0636949951491319,1.2857142857142858,8.394034552774381e-05
matr,matr_b1c1,100,1.0769552999999998,2066.0,0,1,1.0034118407699932,0.0049477448135498,1.004955355764506,5.1397606911011765e-06,1.2106096473611806e-06,0.0086245919398884,0.0021250649864484,0.000515125497577,-2.4223737508202228,-0.3362150547761769,1.002619700186257,5.048719197499892e-05,1.002033616755962,0.0001017000870568,-9.4666986633117e-07,-5.116264040713386e-06,100.0,100.0,100.0,0.0002315539566679,-1.918427691073544e-05,-0.2090146275642399,12.0,0.0,-1.2733492338869716e-05,0.0007962403193561,0.0063724093284097,0.0178207712803143,9.24294315809374,0.5218547298827702,2.615531455591912,0.1433785828453472,0.7192982456140351,0.0002961125684601
matr,matr_b1c10,50,1.07650055,,1,1,1.0055612140653345,0.0066990211941834,1.0067066520707202,0.0001021007848257,3.777599412787744e-06,0.0090065908466095,0.0084926106168734,0.0015219362993793,-1.355642320057297,0.0015585017080983,1.0028237328815113,0.0001395629415454,0.9993362887353212,0.0003628052065967,-5.013546572519837e-06,-0.0001015747878166,50.0,50.0,50.0,0.0003907088126877,-4.868793370386471e-07,-0.5939101719185451,12.0,0.0,-1.7122067326037814e-05,0.0027439922000418,0.0133600489103327,0.5519150721358239,1.2745867221807172,0.5967787744619488,2.2558473996129997,0.079796916840297,2.6923076923076925,0.0002409659707094
matr,matr_b1c10,100,1.07650055,,1,1,1.0047746840445182,0.0059124911733672,1.0059192261110337,2.3494535162805715e-05,2.130334820040324e-06,0.0090065908466095,0.0084926106168734,0.0010693129264209,-2.383608653802784,-0.1968136291012932,1.0028237328815113,6.033154258538076e-05,1.0013009354483338,0.0001569780451412,-1.3086618625343558e-06,-2.3361664451798187e-05,100.0,100.0,100.0,0.000246074552683,-1.790956091378978e-05,-0.5833372828969716,12.0,0.0,-9.56516670288338e-06,0.0019108442302974,0.0133600489103327,0.2116073155013041,6.164470114908985,0.5759383511879863,2.6896477897296256,0.0956531741482808,1.1777777777777778,0.0002898279986942
matr,matr_b1c11,50,1.0554555,771.0,0,1,1.0050614166111218,0.0066502093172092,1.0066607919348525,9.300269322737034e-05,3.2313410283398703e-06,0.0089633338402234,0.0081164009283196,0.001464722924317,-1.430362451933984,0.0320612973415997,1.0025058375270202,0.0001385460274418,0.999417196802921,0.0003270310422531,-4.5005451735732285e-06,-9.256795324513492e-05,50.0,50.0,50.0,0.0003680881849595,2.2715807985901647e-06,-0.5840992579624098,12.0,0.0,-2.4131962708007232e-05,0.0026301233879931,0.0128753888723873,0.5353505477561262,1.836759708492278,0.5647935093815527,2.358016119185025,0.0753980174842117,2.6923076923076925,0.0002313692997952
matr,matr_b1c11,100,1.0554555,771.0,0,1,1.004279100350512,0.0058678930565997,1.00587723075796,2.0663497984911068e-05,1.8280420785507464e-06,0.0089633338402234,0.0081164009283196,0.0010296765099169,-2.42208334249377,-0.2370950298682041,1.0025058375270202,5.987645976122242e-05,1.0011393102225237,0.0001459705067956,-1.2285000863810417e-06,-2.055690862159284e-05,100.0,100.0,100.0,0.0002272484744017,-2.208891759553108e-05,-0.5725285121808454,12.0,0.0,-1.2006346973843752e-05,0.0018318284172159,0.0128753888723873,0.1907507814427569,6.9363075991435,0.5599274457465927,2.7290209736317803,0.1065733720830356,1.0851063829787233,0.0002667094917786
matr,matr_b1c12,50,1.0790143,897.0,0,1,1.0034659410908642,0.0048081846551987,1.004814647084262,5.8995832528624246e-05,1.0691167691731623e-06,0.004816154892479,6.441063848731624e-05,0.000186202913377,-2.095008050391722,0.1182284049979796,1.001972819081267,0.0001001705136499,0.9998150250134158,0.0002034405756126,-2.777783520847554e-06,-5.8812609315249886e-05,50.0,50.0,50.0,0.0003062993684155,3.678895098633932e-06,0.6250880411767012,12.0,0.0,-2.073405368726953e-05,9.301028530595008e-05,0.0003504124088064,0.651099740664542,4.788971463081005,0.678473291071915,2.159667353449911,0.1030955090269741,3.8,0.0003538414643808
matr,matr_b1c12,100,1.0790143,897.0,0,1,1.002686526026578,0.0040287695909126,1.0040341844490268,1.1652408727363291e-05,6.400807514897348e-07,0.00540085520646,0.0003840542243044,0.0001548733107346,-2.8727617859554,-0.3542960444168817,1.001972819081267,4.110989378482332e-05,1.0008418606671483,9.595735188495648e-05,-8.265190505650698e-07,-1.1612357725158438e-05,100.0,100.0,100.0,0.0001477696900732,-1.579730846859797e-05,0.6240719972141918,19.0,0.0,-1.072571130548564e-05,9.215973964372095e-05,0.0004218665127977,0.1732373301553716,10.804904252853214,0.6621582432142569,2.237823934567252,0.146104458351629,1.3333333333333333,0.0002653347596967
matr,matr_b1c13,50,1.0814757,,1,1,1.0029780604409326,0.0045374112428044,1.004544497708951,5.000510517476149e-05,9.205573435422788e-07,0.0047404671228395,5.40927549273288e-05,0.0002130442122946,-2.4901409728554533,0.0209941100037894,1.002051271239844,9.452940089167052e-05,0.9998073634913888,0.000204424964193,-2.9696126734307777e-06,-4.985574851376492e-05,50.0,50.0,50.0,0.0003108372541915,-1.8591212041020703e-05,0.6300165480632977,12.0,0.0,-2.527869823829005e-05,9.335188109645e-05,0.0003962178715618,0.5432601371506021,7.115097435512015,0.6601842104851071,2.199669983427459,0.1032995698378037,2.2,0.000170045429592
matr,matr_b1c13,100,1.0814757,,1,1,1.0020068874409291,0.0035662382428008,1.0035718079443832,4.122770915277576e-06,5.7763727716641e-07,0.0055328103997157,0.0006659419162167,0.0001851570639623,-2.485262259373616,-0.6072674114148869,1.002051271239844,3.639018615102968e-05,1.0008956320040705,8.877636001676653e-05,-8.299371480538696e-07,-4.1100210532714136e-06,100.0,100.0,100.0,0.0001411369829125,-2.1115431522856504e-05,0.5915888638646156,23.0,0.0,-1.2238908811568168e-05,0.0001217695567111,0.0006909078031063,0.0240307886942685,10.536646165687216,0.6883087493962303,2.08360252374247,0.2039736352064896,0.8846153846153846,0.0003088372674483
matr,matr_b1c14,50,1.0722955,845.0,0,1,1.0040840421320427,0.0053238123259866,1.005330420822844,7.70248575726369e-05,1.8750155376159452e-06,0.0054718125740523,0.0044398209262277,0.0007685236437083,-1.702452916105406,0.1322729243356329,1.002710633402826,0.0001109127567913,0.999803781674994,0.0002064425806184,-2.488802366266901e-06,-7.676469758987085e-05,50.0,50.0,50.0,0.0002061589242082,1.5508197721060246e-05,-0.2476615101629625,12.0,0.0,-2.271722157566413e-05,0.0012186036153564,0.0067513106228644,0.6328298155466496,2.64688240958351,0.6500661513015482,2.1258849690112207,0.080969062533667,4.333333333333333,0.0004608804196229
matr,matr_b1c14,100,1.0722955,845.0,0,1,1.003642745866228,0.0048825160601719,1.0048885767719449,2.4465387500654465e-05,1.2961433777247452e-06,0.0065435320767454,0.0044398209262277,0.0005486848572201,-2.433745127707243,-0.1672918067853053,1.002710633402826,4.982159245073474e-05,1.0006078346969822,0.0001213671156389,-9.500169425324526e-07,-2.436376825417001e-05,100.0,100.0,100.0,0.0001425257269587,-2.166952154028568e-05,-0.2130353275194536,12.0,0.0,-1.1102494265036295e-05,0.0008527109363277,0.0067513106228644,0.3771342558279887,6.96893286643256,0.6304568222964126,2.31957677270604,0.0872625386134542,1.2790697674418603,0.0001963078274599
matr,matr_b1c15,50,1.063235,699.0,0,1,1.0049089806110598,0.0068948068865302,1.0069085260190236,9.047470930793634e-05,2.5693549396772444e-06,0.0068948068865302,0.0047968699299777,0.0008520031057008,-1.800628729131554,0.1425762584416743,1.003166938635391,0.000143641810136,0.999736083637831,0.0002485213007682,-3.039357528083575e-06,-9.011229016416098e-05,50.0,50.0,50.0,0.0002748255990483,2.945720378842364e-05,-0.2171681575858853,12.0,0.0,-3.1673708770573536e-05,0.0013277599525857,0.0073707129656189,0.6371772850802233,3.2182429416963387,0.6181690033961291,2.209252998170577,0.0870113769896298,5.857142857142857,0.0005043099596983
matr,matr_b1c15,100,1.063235,699.0,0,1,1.004246192045973,0.0062320183214435,1.006244418652078,2.7321674459764038e-05,1.718242912762784e-06,0.0077265138939181,0.0047968699299777,0.0006057565998089,-2.6272464608340527,-0.2022895810600709,1.003166938635391,6.359202368819993e-05,1.000735664407402,0.0001433551905201,-1.1375834907883951e-06,-2.7188409190648617e-05,100.0,100.0,100.0,0.0001745590620584,-2.0833956090958183e-05,-0.1883659028703669,12.0,0.0,-1.5587519105643716e-05,0.0009267533523964,0.0073707129656189,0.3547928778217623,8.089143367494772,0.6195978958655155,2.359113311053434,0.1050811470291061,1.3333333333333333,0.0003107497401796
matr,matr_b1c16,50,1.08287165,824.0,0,1,1.0038723425809513,0.0054470906131855,1.0054556819375813,7.32339887225702e-05,1.7566988378301304e-06,0.0054470906131855,0.0041226492539535,0.0006990002972586,-1.7322302173265889,0.1198484044050946,1.0026901156752974,0.0001134810544413,0.999804814379603,0.0001954111182847,-2.349560183888077e-06,-7.30001934880367e-05,50.0,50.0,50.0,0.0002267245950742,9.86176060576307e-06,-0.1379683369573211,12.0,0.0,-2.33461196106035e-05,0.0010550870915967,0.0057316118673898,0.610601770630284,2.7776783474916726,0.6471273944764268,2.1503120682572945,0.0967296264585511,4.333333333333333,0.0003455626527852
matr,matr_b1c16,100,1.08287165,824.0,0,1,1.0031850035043397,0.0047597515365739,1.004767258767938,2.138782983428512e-05,1.2222853663634625e-06,0.0068572300327557,0.0041226492539535,0.0005113304338661,-2.253660256391955,-0.2488610270989098,1.0026901156752974,4.8568893230347645e-05,1.0005044867556188,0.0001201272454734,-9.680334866588716e-07,-2.1303545567700133e-05,100.0,100.0,100.0,0.0001319696327011,-2.6908163083366392e-05,-0.0874651388792062,12.0,0.0,-1.15167240924798e-05,0.0007499457715081,0.0057316118673898,0.3056368095755725,6.744042869796644,0.645628819436595,2.296468513203131,0.1170672526103312,1.45,0.000240471712414
matr,matr_b1c17,50,1.07360355,825.0,0,1,1.0036267111821675,0.0050718908297201,1.0050792312313208,6.658193524120098e-05,1.3321593205909335e-06,0.0051995915997109,0.0009378694770523,0.0003063717931211,-1.8778324228161043,0.0613786257795493,1.0020001331031363,0.0001056643922857,0.9996067064691868,0.0002324166941997,-3.1891299799738457e-06,-6.635862441923496e-05,50.0,50.0,50.0,0.0002833702186688,7.723808003738526e-06,-0.0274785665064462,13.0,0.0,-2.5174711442100375e-05,0.0004157303112261,0.0022560469365066,0.6655591462582766,3.6168476698846943,0.6916758182846817,2.0417356116538747,0.0879300725067022,2.9166666666666665,0.0002877225955519
matr,matr_b1c17,100,1.07360355,825.0,0,1,1.003141522771604,0.0045867024191565,1.004593340621537,1.6659996413505058e-05,9.542928375439962e-07,0.0066819823760826,0.0011448360058048,0.0002645722328475,-2.0913791866362184,-0.4211329388109717,1.0020001331031363,4.680308590976112e-05,1.0006843925987845,0.0001154682487425,-9.687083561679717e-07,-1.6595339076671037e-05,100.0,100.0,100.0,0.0001632634885284,-1.6715303051739978e-05,0.1264211483224718,56.0,0.0,-1.212795780779496e-05,0.0003329567340582,0.0022560469365066,0.2375269939744267,7.22632077754532,0.6992167814623839,2.129195071062371,0.108540168575206,1.2045454545454546,0.0002231736286639
matr,matr_b1c18,50,1.06710325,665.0,0,1,1.0017042868157324,0.0025783821762328,1.0025806378998483,0.0024470221181521,0.0578167761581896,1.7035970980315172,1.7004940243598734,0.3471146737756525,6.7837546862543565,20.0956768744896,1.00229401419216,5.371629533818506e-05,0.96947691961141,0.002855318743929,-7.851858188018495e-06,-0.0023556418599666,50.0,50.0,50.0,0.0002797639899766,-0.0535670794231527,-0.5000272767784791,40.0,1.0,-1.214662416936606e-05,0.6075880664824297,3.401014006845167,0.0207134248728867,48.99891015446624,0.1259204838022683,3.178046872531405,0.0899141366475911,0.92,0.0003106541002474
matr,matr_b1c18,100,1.06710325,665.0,0,1,0.9975861286150146,-0.0015397760244847,0.998458876886952,-0.0002760197671591,0.0289603988747409,1.705796791453873,1.7004940243598734,0.2429297912898333,9.797183509852504,-0.0356590236385405,1.00229401419216,-1.571200024984574e-05,0.990236751894682,0.0021228311724138,-2.3518146466402684e-05,0.0002670627095823,100.0,100.0,100.0,0.0001282325691579,-0.0001028627083974,-0.5000270632497205,40.0,1.0,-6.8235602309093815e-06,0.4229338913889611,3.401014006845167,0.002148427292856,98.98236976177962,0.0638123147947864,3.891674582304538,0.0423308076451172,0.4411764705882353,0.0011594941726583
matr,matr_b1c19,50,1.0866477,740.0,0,1,1.0019204016168255,0.0033311624365466,1.0033358685491955,2.7821438393347235e-05,5.03968697278583e-07,0.0036734076738944,0.0010143121823199,0.0003076574692509,-2.909006787301396,-0.0810743640310782,1.0018323325950076,6.939921742805571e-05,0.99992801665862,0.0001596336557512,-2.5348503338074013e-06,-2.7758614085657983e-05,50.0,50.0,50.0,0.0002496872058644,-2.886789413826467e-05,-0.0648887583808214,12.0,0.0,-2.346862525874132e-05,0.0004276787540834,0.0022939357438478,0.3071748060759287,9.803553693024218,0.6136278717751348,2.318106738957737,0.1062569747048634,1.2857142857142858,5.852862891977819e-05
matr,matr_b1c19,100,1.0866477,740.0,0,1,1.0004025223630435,0.0018132831827645,1.001815844905612,-9.53008541102431e-06,4.993984910844812e-07,0.0038565397046345,0.0011803273498852,0.0003239965992206,-1.417435797264037,-1.3034356323093033,1.0018323325950076,1.8502889620046788e-05,1.000826521893802,6.152916008465057e-05,-6.966592695654987e-07,9.510696845282695e-06,100.0,100.0,100.0,0.0001086073770935,-5.162570768958774e-05,-0.2290113204194831,17.0,0.0,-1.2013681320318571e-05,0.0004985579166832,0.0023081077703474,0.1485221370838129,2.690395543809487,0.8000750087695804,1.7225935687091334,0.15721816689512,0.6610169491525424,0.0004197312523644
matr,matr_b1c2,50,1.0817747,1487.0,0,1,1.0037658488407983,0.005478220187623,1.0054876170257805,5.920385704518068e-05,1.6608110821157073e-06,0.0075165374083901,0.0020737220051457,0.0006618084803024,-1.84440032613074,0.0337619238958373,1.0018552846540043,0.000114129587242,0.9998184496259808,0.0002572525520131,-3.808628749385988e-06,-5.8980943962151664e-05,50.0,50.0,50.0,0.0004691003026423,1.0916081933472465e-05,-0.2770531776507092,12.0,0.0,-2.815900771913292e-05,0.0010544653787856,0.0058589833909038,0.4220945689451316,4.269672279862856,0.6532962061573847,2.2745356279297573,0.1305763871162929,1.5263157894736843,0.0001228536773878
matr,matr_b1c2,100,1.0817747,1487.0,0,1,1.0029263949323275,0.0046387662791522,1.0046467231948075,9.517347033465175e-06,8.896172578608674e-07,0.0075165374083901,0.0020737220051457,0.0004731618104644,-2.755780590939342,-0.2987592025033784,1.0018552846540043,4.733434978726771e-05,1.001329231848587,9.583587565830482e-05,-8.462600845576599e-07,-9.48071252312268e-06,100.0,100.0,100.0,0.0001837482586634,-1.922300135301057e-05,-0.2451015187376611,12.0,0.0,-1.340294709440446e-05,0.0007397160960667,0.0058589833909038,0.0831521420023811,10.8940896688235,0.5073498454128692,2.68800111737947,0.1910552367627092,0.96,0.0001605694790235
matr,matr_b1c20,50,1.07410775,504.0,0,1,0.9970988478576752,-0.0015253590712849,0.9984725394590864,-6.555072413946883e-05,1.8620332816670696e-06,0.0068919528790291,0.0068546195667984,0.0012187215819088,-0.7075470205252764,3.939119042873082,1.001504923505114,-3.177831398510453e-05,1.0002064536888078,2.4329992354361757e-05,-1.728475317189727e-06,6.557695907624655e-05,50.0,50.0,50.0,-5.391171696414992e-05,-0.0001257182671244,-0.3886210252460688,13.0,0.0,-2.497867391241368e-05,0.0020464476836748,0.0115183043786807,0.4615274579155837,1.507144460919248,0.5924200241685066,2.4636388997703937,0.1662354190423302,0.4545454545454545,0.0007699413769243
matr,matr_b1c20,100,1.07410775,504.0,0,1,0.9880273184882988,-0.0105968884406613,0.9893885123481536,-0.0001301323650426,1.5023244332031327e-05,0.013477605016815,0.0068546195667984,0.0008577323635359,-0.4403055035587471,2.75659323190878,1.001504923505114,-0.0001081315147005,1.00059453490826,-1.1806525997008702e-05,-1.1600572455458053e-06,0.0001305516517564,91.0,100.0,100.0,-2.874462649298825e-05,-0.0001993553132416,-0.3764249470608909,36.0,0.0,-1.2873787617253749e-05,0.0014256774501206,0.0115183043786807,0.9205592467349412,-1.024883659727511,0.8226009853072863,1.5091201095447295,0.1093525369273637,0.180722891566265,0.0029050158142885
matr,matr_b1c21,50,1.08404015,535.0,0,1,0.9994568928097356,0.0009340982435013,1.0009354801398471,-1.134232031187802e-05,1.0006150681952862e-06,0.0068910731765792,0.0068910731765792,0.0012051340752499,-3.181904481003724,-5.08856736406148,1.0016255394230555,1.946038007294439e-05,0.9999854661158644,5.3440656083981424e-05,-1.2458264691516002e-06,1.133676329548836e-05,50.0,50.0,50.0,-2.3428608661338128e-05,-5.8737470400664015e-05,-0.3626749049604941,13.0,0.0,-2.5470125158993228e-05,0.0020043059391023,0.0112517972696858,0.0257138302522932,17.184693170970554,0.3062333081275668,3.0096952707995763,0.2464004134784769,0.8461538461538461,0.0002808936550919
matr,matr_b1c21,100,1.08404015,535.0,0,1,0.9932557387288654,-0.005267055837369,0.9947251521286932,-7.544410745158365e-05,5.754934010128553e-06,0.0084840953538481,0.0068910731765792,0.0008481212603713,-0.53847651939347,10.522270802396774,1.0016255394230555,-5.374546772825568e-05,1.0002735438334307,3.322830235822248e-05,-1.065415782449146e-06,7.551782848280405e-05,100.0,100.0,100.0,1.0216892556149274e-05,-0.0001299381521182,-0.3512871977332085,12.0,0.0,-1.28585415011893e-05,0.001396566123152,0.0112517972696858,0.8077093893644335,-0.9985358597528488,0.7953567221296195,1.5620618766542835,0.1295153229696327,0.3424657534246575,0.001462122966571
matr,matr_b1c22,50,1.08099815,,1,1,1.0025318729731405,0.0040991744527961,1.004105609180139,3.23697527670655e-05,5.943033727354503e-07,0.0040991744527961,0.0011074024502261,0.0003189737941561,-2.959360651584174,-0.1077696674768577,1.0018757201388364,8.539946776658775e-05,0.9999676792291984,0.0001664648585382,-2.5787520340639176e-06,-3.229063326190683e-05,50.0,50.0,50.0,0.0002813211958852,-6.914743725310947e-06,-0.0060144574140562,11.0,0.0,-1.783221899564066e-05,0.0004245264333099,0.002255323008647,0.3526148234284463,10.468240207561008,0.5649971995385649,2.456049764843703,0.1841581046012561,1.5263157894736843,0.0001323776548553
matr,matr_b1c22,100,1.08099815,,1,1,1.0009768286837493,0.0025441301634049,1.0025481238416722,-6.249626108023332e-06,4.685856584183808e-07,0.0046284075509287,0.0011531934629119,0.000312183699394,-1.664222170557937,-0.9751643493947422,1.0018757201388364,2.596051187147885e-05,1.000976439215881,6.094533327020656e-05,-6.587741115513681e-07,6.235527417386129e-06,100.0,100.0,100.0,0.0001066864633996,-1.665972364041086e-05,-0.1923423563976558,17.0,0.0,-1.2631510216053107e-05,0.0004692805087781,0.0022787273040199,0.0680712787384124,5.693030758793803,0.7158023835103402,1.9109948083809432,0.2335114546038397,0.6896551724137931,0.0004352458882561
matr,matr_b1c23,50,1.0809316,974.0,0,1,1.0021267765693962,0.0036423211237416,1.0036478496023415,2.2982037165059e-05,4.021186155775912e-07,0.0036423211237416,0.0011816658889423,0.0003150829713811,-3.22560513003074,-0.056466902330912,1.0015939028889524,7.588169007795211e-05,1.0000739012759825,0.0001242666075088,-1.947780198920379e-06,-2.29383811578658e-05,50.0,50.0,50.0,0.0002501617052436,3.005371846448149e-06,-0.0190617106188475,11.0,0.0,-1.5685839093735053e-05,0.0004225626873948,0.0022870087246961,0.2626956384484997,12.54056128120171,0.4940666553700137,2.648628354825445,0.1831915003024947,1.6666666666666667,7.243751593530581e-05
matr,matr_b1c23,100,1.0809316,974.0,0,1,1.00070244962771,0.0022179941820553,1.0022213607532482,-6.4304811958171625e-06,3.484590437197575e-07,0.0041565997330449,0.0011816658889423,0.0003067064297542,-1.5577977387515851,-1.252504029727305,1.0015939028889524,2.2632593694442816e-05,1.000809307090614,4.693752810475288e-05,-5.232157774565583e-07,6.419235966885318e-06,100.0,100.0,100.0,8.148039999053269e-05,-1.3902098330112078e-05,-0.2104005191275663,13.0,0.0,-1.230134008155194e-05,0.0004652420068949,0.0022870087246961,0.0969125529766669,5.564425546607085,0.690216707176816,2.075908749159863,0.2215549886290719,0.75,0.0003284204106902
matr,matr_b1c24,50,1.0758532500000002,979.0,0,1,1.0024888617476406,0.0037137035185792,1.003718257796043,3.806139879379249e-05,6.317564737792398e-07,0.0039073172851407,0.0011561056305774,0.000442027431408,-2.146483875923696,0.0112225078996453,1.001720262498626,7.736882330373554e-05,0.9999615486361632,0.0001529547608538,-2.2094877319252127e-06,-3.797176170447152e-05,50.0,50.0,50.0,0.000260897165052,2.7441546440568654e-05,-0.3418704819444354,11.0,0.0,-1.9535211959988988e-05,0.0007212795942137,0.0023209485122623,0.4586166151881883,5.526621777870933,0.5361736752063155,2.459745884657935,0.4746656423515469,1.8235294117647056,0.0002535661810753
matr,matr_b1c24,100,1.0758532500000002,979.0,0,1,1.001652781176243,0.0028776229471815,1.00288115190238,1.881537750068639e-06,4.3993468758387723e-07,0.0042194416385319,0.0012783341966014,0.0004274808724934,-2.083528500553413,-0.7004155237553837,1.001720262498626,2.9363499461036985e-05,1.00072738221294,7.064432475838857e-05,-6.741449706697749e-07,-1.8769732021257528e-06,100.0,100.0,100.0,9.835687647669418e-05,-3.7274721654439225e-05,-0.3731730044683047,14.0,0.0,-9.470306283699784e-06,0.0007063591827219,0.0023680738985542,0.0065717721226958,6.450243515758457,0.5952328113821692,2.4516995647018143,0.5031035776720805,1.2272727272727273,0.0002880504381056
matr,matr_b1c25,50,1.0765048,817.0,0,1,1.0026211680616752,0.0038011906681697,1.0038056814583238,4.42044153506062e-05,7.200092930944604e-07,0.0040254349074894,0.0011586571653,0.0002931303116792,-2.192120802000242,0.0147277490925922,1.0017100713345637,7.919147225353726e-05,0.9998564443005938,0.0001758597501022,-2.531833360611184e-06,-4.4089131229176544e-05,50.0,50.0,50.0,0.0002692935546555,-2.076650726983531e-05,-0.140967613448795,13.0,0.0,-2.196232956089392e-05,0.0004253433141143,0.0022995717250865,0.5427791988880759,5.24934792220354,0.673458637083948,2.162088826449937,0.1873977098258152,1.6666666666666667,0.0001646067904201
matr,matr_b1c25,100,1.0765048,817.0,0,1,1.0014296266955802,0.0026096493020746,1.0026127323853542,4.764784647218247e-07,4.5658165457134113e-07,0.004346102311852,0.0011586571653,0.0002188853298599,-1.995368019116365,-0.6765113431825535,1.0017100713345637,2.6629074510965854e-05,1.000786161587616,7.856895032738605e-05,-7.656124692419141e-07,-4.7472706304125723e-07,100.0,100.0,100.0,0.0001145028517895,-2.618009692110067e-05,-0.0538228622191991,20.0,0.0,-1.0856057435267912e-05,0.0003029495505479,0.0022995717250865,0.0004060812390035,6.552363003699012,0.7346824594421417,1.82457210917432,0.2463749270054212,0.6896551724137931,0.0003446338557896
matr,matr_b1c26,50,1.0891754,826.0,0,1,1.001706795801668,0.0031060194712441,1.0031103715767755,2.160318077440124e-05,4.53926092490381e-07,0.0035759162390189,0.0012584749894277,0.0004473388074989,-2.6978788759133,-0.07820442136258,1.0017077139274353,6.470873898425312e-05,1.0000731998488022,0.0001336853141942,-2.155425642691693e-06,-2.1560045822246297e-05,50.0,50.0,50.0,0.0002564569245931,-2.0195877676649845e-05,-0.257301714511973,12.0,0.0,-2.4740559243845904e-05,0.0007018058347532,0.0023744568597491,0.2056270513161122,8.8967583991293,0.5174871569502489,2.5748111339814788,0.4195074652312033,1.6666666666666667,0.0001016365224554
matr,matr_b1c26,100,1.0891754,826.0,0,1,1.0001798608378412,0.0015790845074173,1.0015812970957425,-1.3965116498381926e-05,6.264245816053213e-07,0.0041307396402819,0.0022887039130702,0.0005326116429275,-1.3028480151751864,-1.9007715278015456,1.0017077139274353,1.6113107218544505e-05,1.0008320758394058,5.260260878480657e-05,-6.526247576783312e-07,1.3941308046935498e-05,100.0,100.0,100.0,8.775254476319616e-05,-5.2728042661036623e-05,-0.3968997849143379,15.0,0.0,-1.1274963032707705e-05,0.000888733294339,0.0044829326846713,0.2542524602448637,2.4549169277967837,0.7041601655289367,1.991034991890964,0.4497379317861525,0.96,0.000461633635868
matr,matr_b1c27,50,1.0804401499999998,809.0,0,1,1.0018899242128314,0.0031801854086965,1.0031842939796547,2.5704169107868896e-05,4.80814546278898e-07,0.0035505900072299,0.001152215603983,0.0003764616518337,-2.585321072500288,-0.167808269895616,1.0017114784192351,6.625386268117974e-05,0.99994323496436,0.0001521880475353,-2.4323822774529557e-06,-2.564876681634357e-05,50.0,50.0,50.0,0.0002542158720823,-1.643852198643852e-05,-0.2133288246477117,15.0,0.0,-2.2866961190511547e-05,0.0005746532323219,0.0022921214099639,0.2748270885892483,7.883223687452411,0.5613925981998809,2.383768573218847,0.24231346742193,1.7647058823529411,0.0001208766630893
matr,matr_b1c27,100,1.0804401499999998,809.0,0,1,1.000539085853113,0.0018293470489781,1.001831710433873,-9.95779267412754e-06,4.828883553772787e-07,0.0036590643174448,0.0011795192912814,0.0003865648646776,-1.0732038421951768,-1.3004320970551415,1.0017114784192351,1.8666806622226383e-05,1.000886389859932,5.283885824274304e-05,-6.156534403615326e-07,9.939113894092283e-06,100.0,100.0,100.0,9.55218997110576e-05,-3.490501774551794e-05,-0.3266498215404446,15.0,0.0,-1.1050288401194825e-05,0.0006241995544273,0.0022921214099639,0.1676965996387043,1.491503510127254,0.741837502936634,1.8151178885244184,0.3345133721358799,0.9019607843137256,0.0004679574338289
matr,matr_b1c28,50,1.07937775,815.0,0,1,1.0014840494905517,0.0029944104369391,1.002998939918673,1.9090326319392547e-05,3.06469312379223e-07,0.0032175945816928,6.65198073611905e-05,0.0002042913381339,-3.751748031833998,-0.1255806287195547,1.0014765451668797,6.238355076956685e-05,0.9999844731925494,0.0001202709369245,-1.945780973176717e-06,-1.905746189890273e-05,50.0,50.0,50.0,0.0002200649557425,-1.0212112740625688e-05,0.5107073639552819,10.0,0.0,-2.594284314233178e-05,0.0001113855921981,0.0006416659969134,0.2378316811895496,16.74022307066316,0.5233929400647814,2.5397854993316127,0.1379735663396462,1.4,8.365931204332924e-05
matr,matr_b1c28,100,1.07937775,815.0,0,1,1.0002936414058934,0.001804002352281,1.0018067311684786,-7.158457983866918e-06,2.8666060461315574e-07,0.0035640905141873,0.0004830560941246,0.0001613359306409,-1.7771481326903678,-1.582564179167329,1.0014765451668797,1.8408187268173872e-05,1.000655941061006,4.601010624659582e-05,-5.212604336320982e-07,7.147318916455371e-06,100.0,100.0,100.0,7.942518975274805e-05,-3.2904666802148404e-05,0.5064552168690191,20.0,0.0,-1.284436104577249e-05,0.0001042550443229,0.0006416659969134,0.1459875356800123,5.799936744492319,0.7811602229586038,1.769801218734803,0.1934383969002939,0.6610169491525424,0.0002650601237611
matr,matr_b1c29,50,1.0809752,872.0,0,1,1.0019883897428916,0.0033959150959245,1.0034007016697428,2.845670261067442e-05,4.5563033193259163e-07,0.0036211746578458,6.568143283946961e-05,0.0001943644768679,-3.14341816260948,-0.0778083030858275,1.001681722207873,7.07482311650964e-05,0.9999531004784264,0.0001510832156971,-2.358202174742407e-06,-2.839445147371198e-05,50.0,50.0,50.0,0.0002534250127533,-1.7579632588351905e-05,0.5850849360844256,13.0,0.0,-2.334968048472525e-05,9.088130017921932e-05,0.0005263765533194,0.3554565474330087,11.539815950107638,0.6093035660742333,2.355809720413836,0.1041664856652185,1.8235294117647056,8.890120698414947e-05
matr,matr_b1c29,100,1.0809752,872.0,0,1,1.0007729131991188,0.0021804385521517,1.0021835119005105,-4.822238152711775e-06,3.531148249919011e-07,0.0040234040521928,0.0005905778411936,0.0001610791675819,-1.9107874061370835,-1.084229142362105,1.001681722207873,2.2249372981140253e-05,1.000807513318361,5.866628658428943e-05,-6.224365170292955e-07,4.812177224344744e-06,100.0,100.0,100.0,0.0001017701423676,-2.8629502886588284e-05,0.5372805865687683,20.0,0.0,-1.2067187014935655e-05,0.0001084712970653,0.0006018639465548,0.0537806674877398,6.868343670686288,0.7680217749538546,1.7771725568105128,0.1803626923086216,0.75,0.0002952889205968
matr,matr_b1c3,50,1.08161105,1344.0,0,1,1.0038599365270906,0.0056056195061985,1.0056154222532467,7.142504918840908e-05,1.708472241585759e-06,0.0056056195061985,0.0036950436111021,0.0006983942700609,-1.860677528170839,0.0574353478914747,1.002493271495331,0.0001167837397124,0.9995917340722664,0.0002146440472749,-2.7542115016646044e-06,-7.119712934645284e-05,50.0,50.0,50.0,0.0001880314768205,2.6824786982349028e-05,-0.2193396663519233,10.0,0.0,-2.8080649162686373e-05,0.0010859854909751,0.0061787460473891,0.597204628485104,3.4929732912426736,0.6203678123580103,2.185465023409425,0.0878307133730322,3.8,0.0002226308616205
matr,matr_b1c3,100,1.08161105,1344.0,0,1,1.0029019211665784,0.0046476041456861,1.0046557315770557,1.5843354741258182e-05,1.017056602408295e-06,0.0060373828466341,0.0036950436111021,0.0005024398207264,-2.7399704529428783,-0.2829114633353617,1.002493271495331,4.742453209883927e-05,1.000565162939827,0.0001137592866201,-9.599601164601035e-07,-1.578476946690929e-05,100.0,100.0,100.0,0.000151171034051,-2.8818765906828032e-05,-0.1863311246260343,26.0,0.0,-1.4493462007248156e-05,0.0007656772733535,0.0061787460473891,0.2015551962114885,9.134449269955429,0.6162708593810204,2.3805484560456844,0.1732465801695866,1.2790697674418603,0.0002622939179475
matr,matr_b1c30,50,1.08151455,679.0,0,1,1.0016322018044046,0.0031586260212587,1.0031634547952673,2.1117202005745208e-05,4.444216514809677e-07,0.0036564464158156,0.0011246265711358,0.0003840464549028,-2.929687452434743,0.0188861551502361,1.001707096774611,6.580470877622347e-05,1.000043250933312,0.0001346055030237,-2.1824673272717477e-06,-2.1075326139608583e-05,50.0,50.0,50.0,0.0002592097913422,-2.725199265547857e-05,-0.1690211665709955,11.0,0.0,-2.6641126517854927e-05,0.0005689706177689,0.0022513797895738,0.2006815910363421,10.507885641600842,0.5338472251915154,2.5142011746585826,0.3180531703280797,1.5263157894736843,0.000103466014396
matr,matr_b1c30,100,1.08151455,679.0,0,1,0.9999009259745972,0.0014273501914514,1.0014295322641182,-1.5134534180720876e-05,5.777131796918008e-07,0.0036564464158156,0.0011271230701426,0.0003213204947802,-0.753616228423882,-1.8658517114333475,1.001707096774611,1.4564797871953646e-05,1.0008697125041477,4.8468821410289177e-05,-6.235623097158357e-07,1.511007332425108e-05,100.0,100.0,100.0,9.845086548137516e-05,-3.653781071465634e-05,-0.2015149911838566,21.0,0.0,-1.2594975707480694e-05,0.0004857596109465,0.0022513797895738,0.3237953974699967,0.0989357170554887,0.836789852818142,1.5070088562939736,0.2955205207854018,0.6896551724137931,0.0005822390461597
matr,matr_b1c31,50,1.0963314,827.0,0,1,1.0009481622071574,0.0024916735943164,1.0024955254662906,3.1401945411504263e-06,3.714655285935969e-07,0.0033696015639065,0.0011968096508044,0.000391965455042,-2.6011562333725027,-0.2477001641246097,1.0016489539568054,5.190986654825972e-05,1.000205513961806,0.0001133405028951,-2.1192366991166345e-06,-3.1358586432026208e-06,50.0,50.0,50.0,0.0002517050026133,-4.049615179966021e-05,-0.1735151125848889,11.0,0.0,-2.640527870515372e-05,0.0005832029046757,0.0022699340728541,0.0053091449930684,9.30314823051938,0.5845572062413488,2.388630159750908,0.3520772346901029,1.0,0.0002761938589006
matr,matr_b1c31,100,1.0963314,827.0,0,1,0.9991042854377792,0.0006477968249379,1.0006487982524286,-2.389887058883129e-05,7.943996827670297e-07,0.0033696015639065,0.0011968096508044,0.0003635528796975,-0.4576298433024647,-13.771428890158976,1.0016489539568054,6.610171683041288e-06,1.0010280849733946,2.543406992725312e-05,-4.836562795695452e-07,2.3875259515727017e-05,100.0,100.0,100.0,7.787640473136019e-05,-2.9012252570981883e-05,-0.2818984402169439,13.0,0.0,-1.2617525768870858e-05,0.0005726457585669,0.0022699340728541,0.5871654903445251,-0.9984813771193628,0.8642765468969985,1.4006330670859612,0.3074846997479605,0.5806451612903226,0.0006464286255048
matr,matr_b1c32,50,1.0792755,694.0,0,1,1.0015765205454956,0.002909729721466,1.0029136141786243,1.947092266610936e-05,3.468375872777647e-07,0.0032780323466991,0.0001258251484442,0.0001902990564566,-3.469002989301397,-0.1217246057200442,1.0016428613454116,6.061936919720981e-05,1.0000714857817117,0.0001318525285698,-2.16118472891854e-06,-1.9432948237767623e-05,50.0,50.0,50.0,0.000239776234506,-2.423537211455708e-05,0.5962740840937585,11.0,0.0,-2.271421302255071e-05,9.324160048699337e-05,0.0004598455167378,0.2186134625401466,13.990677599595628,0.5911733863726246,2.3932006250774487,0.1113471787141419,1.5263157894736843,7.02322993527327e-05
matr,matr_b1c32,100,1.0792755,694.0,0,1,1.000097194831162,0.0014304040071325,1.0014323135807413,-1.183782278837937e-05,4.233688670778198e-07,0.0035395040469276,0.0005789068685427,0.0001577446120889,-1.0663633832928767,-1.916849689831845,1.0016428613454116,1.4595959256455617e-05,1.0008392487113345,4.863583418731817e-05,-5.928789899577633e-07,1.1817965125471807e-05,100.0,100.0,100.0,8.749686006146403e-05,-3.5017613365565045e-05,0.5555300716874392,15.0,0.0,-1.1042153530954325e-05,0.0001064068265414,0.0005692707747003,0.2703146477398259,1.342377037013705,0.8511298791922174,1.4020711588246884,0.1189200454434585,0.6333333333333333,0.00039359737157
matr,matr_b1c33,50,1.0942233,708.0,0,1,1.0015297608815312,0.0031130757314343,1.0031180125269703,1.5716702096037097e-05,4.082200954861137e-07,0.0036866332493559,8.188456597491027e-05,0.0002224945339298,-3.5424968951345344,-0.1733992767892566,1.001798627391685,6.485574440488275e-05,1.0001255724232758,0.0001406580576978,-2.402718376958557e-06,-1.5684258814507285e-05,50.0,50.0,50.0,0.0002692196041121,-2.7585425556732784e-05,0.6166279331719647,12.0,0.0,-2.618587219753265e-05,9.669241976249272e-05,0.0005074832531895,0.1210203649978616,15.03914983155184,0.5907657671774369,2.3935736386601,0.2089352053120446,1.2857142857142858,0.0001475932746086
matr,matr_b1c33,100,1.0942233,708.0,0,1,0.9995818038237718,0.0011651186736747,1.0011669663488243,-1.9933925496757865e-05,7.402427291484368e-07,0.0039620797692755,0.0008299951207399,0.00019167577366,-0.6439681029661344,-3.1005291895424243,1.001798627391685,1.1888966057906272e-05,1.000999920054004,4.728201323664938e-05,-6.589797915039481e-07,1.9902277267594985e-05,100.0,100.0,100.0,9.247349437157846e-05,-3.99763407325474e-05,0.5515641371384921,17.0,0.0,-1.275960370255424e-05,0.000134004073297,0.0007927997877581,0.4383856612864957,-0.4821020423265367,0.8853459076840402,1.2214653384583922,0.1567447150043049,0.53125,0.0005338032922529
matr,matr_b1c34,50,1.07806275,714.0,0,1,1.0023774590115464,0.0037181509146846,1.003723142501691,3.5593305052547644e-05,6.198708119062955e-07,0.0037729714712804,0.0011423268265228,0.0004308670158988,-2.190296985255918,-0.0392905206353798,1.0016375206359742,7.746147738926497e-05,0.9997983581276676,0.0001638089366906,-2.465685223811856e-06,-3.551189719581148e-05,50.0,50.0,50.0,0.0002612209608509,5.955710250347552e-06,-0.3269415697610069,13.0,0.0,-2.2447672920708044e-05,0.0006920655236327,0.002295784730527,0.4087572249666603,5.483799386741104,0.582339403201084,2.388145494946164,0.2974764700440686,3.0,8.69151633335679e-05
matr,matr_b1c34,100,1.07806275,714.0,0,1,1.0012577653759025,0.0025984572790405,1.002601945686555,-2.903029063303652e-07,4.5052049807365126e-07,0.0045127243288946,0.0011617134531361,0.0004265963999993,-1.5663710768968997,-0.7718097169092036,1.0016375206359742,2.651487019429165e-05,1.0007234821067474,6.563246903165282e-05,-6.463016856664946e-07,2.899512928688633e-07,100.0,100.0,100.0,0.0001135640920634,-2.2801124960744576e-05,-0.3570281656763067,19.0,0.0,-1.165989928952082e-05,0.000697311290768,0.0023181396444687,0.0001527682281223,5.101772623332813,0.6372935432554451,2.327459904444143,0.3613273172824529,1.1304347826086956,0.0003530406741165
matr,matr_b1c35,50,1.07233895,676.0,0,1,1.002536744561969,0.0040218626769083,1.004027844501742,3.9063303669815546e-05,6.207177027151429e-07,0.0040218626769083,0.001116904314629,0.0003837868303473,-2.4734263871698605,0.0201010447430659,1.0016705072589225,8.378880576892449e-05,0.9999224963211172,0.0001518452091759,-2.1688827981960718e-06,-3.897300127231144e-05,50.0,50.0,50.0,0.000254123934421,-2.3326566673437583e-06,-0.2115599916146232,11.0,0.0,-2.0700425309014944e-05,0.0005838789297766,0.0023284615372775,0.491670106048249,7.603146113485813,0.5671320677809943,2.455215268221923,0.1651562936638604,3.0,0.0001050973668351
matr,matr_b1c35,100,1.07233895,676.0,0,1,1.00154302890891,0.0030281470238492,1.0030326508685905,2.979767698220132e-06,4.250934411069207e-07,0.0047365620730272,0.0011568170679614,0.0003688358196623,-2.17849900828678,-0.6583295938725635,1.0016705072589225,3.0899459427033035e-05,1.0006951456624815,7.016542685646656e-05,-6.586829329238649e-07,-2.972520213502125e-06,100.0,100.0,100.0,0.0001043727825049,-1.6901372462525167e-05,-0.2773439674720022,22.0,0.0,-1.1484674614797824e-05,0.0005819357777811,0.0023284615372775,0.017057887323887,9.158551036817292,0.6142019638022608,2.410914861534672,0.292163035886817,1.1304347826086956,0.0002786432405536
matr,matr_b1c36,50,1.0795122,670.0,0,1,1.0021220695792046,0.0036789764858609,1.0036847132413556,2.6266748546437717e-05,5.285676517183989e-07,0.0037791143073693,0.0011502417480784,0.0004490887747979,-2.8564713175666947,-0.0837917787797993,1.0018775146774628,7.664534345543634e-05,1.00000528469301,0.0001503138350788,-2.385520894855533e-06,-2.620879254231726e-05,50.0,50.0,50.0,0.0002765299757773,-3.806141536681194e-05,-0.2415719200734976,11.0,0.0,-2.422488956565952e-05,0.0006960307123671,0.0023118775313517,0.261061030488084,9.857985635180844,0.5113358294619421,2.543304304480288,0.2421704263689039,1.5263157894736843,6.688206024923922e-05
matr,matr_b1c36,100,1.0795122,670.0,0,1,1.0006752123783318,0.0022321192849881,1.0022355999059225,-6.653971959242924e-06,4.2873924622842777e-07,0.0041943018337355,0.0011570966960818,0.0003611056187561,-1.5522051891310458,-1.2291783327428736,1.0018775146774628,2.2776727397838523e-05,1.0008812286123936,5.579955084501628e-05,-6.122894392575111e-07,6.64048301969655e-06,100.0,100.0,100.0,0.0001005557236265,-3.322869589497545e-05,-0.2467509162071924,13.0,0.0,-1.2009051426905862e-05,0.0005606203104341,0.0023118775313517,0.0843361016428666,4.752795924382339,0.6827255097384755,2.1268071358207017,0.24242548086366,0.7192982456140351,0.000365164932828
matr,matr_b1c37,50,1.0763613,622.0,0,1,1.0022410690536718,0.0036735806090389,1.0036788506050411,2.7535174219262128e-05,5.18214080311448e-07,0.0036735806090389,0.0011383724033927,0.0004425053782078,-2.6419275112167333,-0.0580312188878532,1.0018196492200158,7.653292935498036e-05,0.9999728506240796,0.0001487125391408,-2.3303339408017898e-06,-2.7475570784597484e-05,50.0,50.0,50.0,0.000267479790573,-3.0329457725255177e-05,-0.2658526877261112,11.0,0.0,-2.0824692988332204e-05,0.0006934499148819,0.0022559339508024,0.2926149049555767,8.31824084223665,0.5210758966597461,2.5150748866237604,0.2031049712503891,1.8235294117647056,6.689203708835686e-05
matr,matr_b1c37,100,1.0763613,622.0,0,1,1.0004136157626624,0.0018461273180297,1.0018487757105985,-8.994153324946774e-06,4.942736088796053e-07,0.0041551103704676,0.00116094846591,0.0003589955825411,-1.0566839700516877,-1.3824064888428798,1.0018196492200158,1.8838033857446467e-05,1.0008052698584635,5.981938967250591e-05,-6.746425784063447e-07,8.976290444420285e-06,100.0,100.0,100.0,0.0001015907059718,-3.699283147202878e-05,-0.2617665475908915,17.0,0.0,-1.2206072747038565e-05,0.0005613300995535,0.0022559339508024,0.1336589302090284,1.9529473629166831,0.7545131984049432,1.807944857686698,0.2068626657100722,0.6065573770491803,0.0004616479615163
matr,matr_b1c38,50,1.074173,592.0,0,1,1.0017638685761046,0.0029012086507481,1.0029045120687212,2.306305807883782e-05,4.115759830960566e-07,0.0033947045773819,0.0001598438985155,0.0001850935233904,-2.9512457199845925,-0.1341709235236531,1.0017640547658524,6.044184689058719e-05,1.0000197861233673,0.000150443607728,-2.4496259547950418e-06,-2.301303916336463e-05,50.0,50.0,50.0,0.000258276103368,-2.695715062342253e-05,0.3789617470113519,11.0,0.0,-2.2150637766239315e-05,0.0001566059273807,0.0006773583026197,0.2584721508511589,9.779098303994417,0.6659145293592095,2.195826563746955,0.215217486041789,2.0,8.536799938187599e-05
matr,matr_b1c38,100,1.074173,592.0,0,1,1.0007469932683095,0.0018843333429531,1.001886478911019,-8.785478972441515e-06,3.5845241320450705e-07,0.0033947045773819,0.0003217358842569,0.0001502596555584,-1.264808863792332,-1.1781003216440245,1.0017640547658524,1.9227891254624644e-05,1.0010055468365349,4.6010315162204793e-05,-5.372136679867378e-07,8.76904476167142e-06,100.0,100.0,100.0,9.90010555743814e-05,-2.268742315375667e-05,0.3389238223901516,21.0,0.0,-9.16264702355952e-06,0.0001428977386645,0.0006773583026197,0.1758507433002788,2.7158220427871687,0.8152085953403005,1.562860220252639,0.3178118139038102,1.2272727272727273,0.000449555146145
matr,matr_b1c39,50,1.08353305,592.0,0,1,1.0023480132885656,0.0039684068704688,1.0039748476881518,3.652684227430156e-05,6.179453569473025e-07,0.0042048555879306,8.592262137270026e-05,0.0002237071962764,-3.020516173563325,-0.0450025188335564,1.0019121244155866,8.267514313476897e-05,0.9999182861789904,0.0001699437850057,-2.565710437143508e-06,-3.6435695070010885e-05,50.0,50.0,50.0,0.0002855389681845,-1.9840559637619703e-05,0.5349940303052566,11.0,0.0,-2.8295929199469876e-05,0.000120009734528,0.0006927338303158,0.431821419654855,10.837573117121105,0.5990670826203705,2.3572481240043603,0.1724002615238956,2.0,0.0001580016410205
matr,matr_b1c39,100,1.08353305,592.0,0,1,1.0011350369054273,0.0027554304873304,1.0027599026158158,-3.0404955597126622e-06,4.1008491507791053e-07,0.004327879061926,0.0004143851449663,0.0001741501850755,-2.4150420326283264,-0.7762627292685909,1.0019121244155866,2.811663762582087e-05,1.000893620065238,6.68997944192403e-05,-6.856891174407423e-07,3.033282077928761e-06,100.0,100.0,100.0,0.0001118752817159,-2.722815764194165e-05,0.5225812887588797,21.0,0.0,-1.4130939712624682e-05,0.0001095753304715,0.0006927338303158,0.018410254093293,9.969078942651008,0.7261089044656346,1.9247649711883297,0.2428532461257726,0.8490566037735849,0.0003536578787328
matr,matr_b1c4,50,1.0793795,1618.0,0,1,1.0038482294688755,0.0047402234339265,1.004744455459564,7.258414369988498e-05,1.6429206677404214e-06,0.0051341534650231,0.0034051045068023,0.0006409350211665,-1.6444340716680486,0.0629718875602215,1.0023847960795995,9.875465487337864e-05,0.9996557394363612,0.0002138324418966,-2.716313426863478e-06,-7.234758049450457e-05,50.0,50.0,50.0,0.0001502161286092,2.0320532707526452e-05,-0.2119252656847909,10.0,0.0,-1.226670094430782e-05,0.0010060091243234,0.0058482674536621,0.6413526861146831,2.339850242274842,0.6643595373400132,2.000628064974928,0.0848994437864862,4.333333333333333,0.000212066284379
matr,matr_b1c4,100,1.0793795,1618.0,0,1,1.0030259978070737,0.0039179917721246,1.0039214897172866,1.7597441745571876e-05,1.0188109311433178e-06,0.0058352970387152,0.0034051045068023,0.0004644834547898,-2.4577090239503216,-0.2569837106943211,1.0023847960795995,3.997950787882314e-05,1.0005992484675392,0.0001154947049594,-9.597770903330796e-07,-1.7530196467802056e-05,100.0,100.0,100.0,0.000150278852844,-2.688811327331178e-05,-0.1679655384400236,27.0,0.0,-5.548243035758535e-06,0.000711632775571,0.0058482674536621,0.2482277358764533,7.093680490719908,0.6652298848173123,2.222598630676262,0.1462130440630626,1.3902439024390243,0.0001990958694323
matr,matr_b1c40,50,1.0850124,919.0,0,1,1.0022315873993697,0.0038071454298585,1.0038131532741212,2.991368991710116e-05,5.415981725460655e-07,0.0040476035112593,0.0001129019354986,0.000223509208306,-3.2471259032656588,-0.1234986196649435,1.0019872583944662,7.931552978872234e-05,0.9999892263261771,0.0001634675346327,-2.568343167610243e-06,-2.984213880318453e-05,50.0,50.0,50.0,0.0002863107364492,-1.7238048619012973e-05,0.6050408222366154,10.0,0.0,-2.2103875239954997e-05,0.0001138342596462,0.0004482898075633,0.3304401269484033,12.381568837559795,0.5853882429058456,2.4057561923976785,0.1617349231855662,1.4,0.0001352979929077
matr,matr_b1c40,100,1.0850124,919.0,0,1,1.0006662596667095,0.0022418176971986,1.0022453553849069,-7.56199959293832e-06,4.486026889993419e-07,0.0041504594786195,0.0004039585169718,0.000173517093698,-1.802911948977375,-1.1738991709021314,1.0019872583944662,2.2875690787741523e-05,1.0009238675695535,6.270007077256418e-05,-6.888438271128674e-07,7.545275877798055e-06,100.0,100.0,100.0,0.000103983544135,-3.629948496842949e-05,0.595378334259231,12.0,0.0,-1.297338966798192e-05,0.0001004952899224,0.0004482898075633,0.1041013248121479,5.560081116255418,0.7873770676989518,1.6523413100634146,0.2436220826577504,0.5806451612903226,0.000341470751855
matr,matr_b1c41,50,1.0806673,1005.0,0,1,1.002542318065884,0.0041208797564244,1.0041273951042178,3.490322646961967e-05,5.859235510929923e-07,0.0042089734740745,7.856256962716867e-05,0.000221761342689,-3.16234785134726,-0.0077683064568936,1.0019250142944087,8.585166159217846e-05,1.0000517421089825,0.0001577436117523,-2.3623151015932897e-06,-3.481756739776565e-05,50.0,50.0,50.0,0.0002895358803232,-9.786752848184486e-06,0.6085660920626718,11.0,0.0,-2.2190780699877232e-05,0.0001052348874041,0.000514774528664,0.4158341871448806,11.779557190188726,0.5557873915690125,2.479566634688259,0.1657450126081776,1.8235294117647056,0.0001366748119425
matr,matr_b1c41,100,1.0806673,1005.0,0,1,1.0013892342259267,0.0029677959164673,1.002972488172422,-1.28210482253493e-07,3.708018770749038e-07,0.0045411756236168,0.0004728559844458,0.000174229567773,-2.960590422535161,-0.7703051648418147,1.0019250142944087,3.028363180068779e-05,1.0009076229699772,6.576652631225114e-05,-6.460268313187541e-07,1.2857323355366316e-07,100.0,100.0,100.0,0.0001040368459295,-2.4179585110545935e-05,0.5909072252789199,12.0,0.0,-1.2915845569457947e-05,0.0001009974734289,0.000514774528664,3.620345123156454e-05,14.062232480930833,0.6434307644011292,2.1914900832520945,0.2419598231136857,0.7192982456140351,0.0002251386712634
matr,matr_b1c42,50,1.08175435,661.0,0,1,1.0022344721793817,0.0039741000348184,1.003981025537737,3.346386698004212e-05,5.596982527540778e-07,0.0041211759398054,6.86847249561424e-05,0.0002326293839703,-3.267460607342386,-0.0053537253716564,1.001846306418828,8.279375072538521e-05,0.99994257946774,0.0001564002788267,-2.364161766284717e-06,-3.338655745908168e-05,50.0,50.0,50.0,0.0002774808198516,-9.916228279457022e-06,0.5490012279788438,10.0,0.0,-2.953633958558701e-05,0.000117420810235,0.0006140950577181,0.4001550434531111,12.718656362587463,0.5603260089546436,2.47647196447436,0.1191080656634176,2.0,7.98702588993906e-05
matr,matr_b1c42,100,1.08175435,661.0,0,1,1.0014122892133506,0.0031519170687872,1.0031574097868037,1.953861355891053e-06,3.460060554530868e-07,0.0045846822802237,0.0004636912252769,0.0001809679639576,-3.405468405808665,-0.7350100374447925,1.001846306418828,3.216241906925807e-05,1.000770692895114,6.50146956061809e-05,-6.182434730420533e-07,-1.9491774437345084e-06,100.0,100.0,100.0,0.0001061783694638,-2.6557343392385836e-05,0.5309033548702089,17.0,0.0,-1.3907344025848156e-05,0.0001120127383704,0.0006140950577181,0.0090104943133599,17.531073955241634,0.6237400938463804,2.381658526072762,0.1753690374790728,1.0416666666666667,0.0001545637417588
matr,matr_b1c43,50,1.069749,626.0,0,1,1.0010089282626111,0.0024205678154407,1.002423989615057,4.835227321397668e-06,2.973146068855184e-07,0.0032083226999977,9.44146711051845e-05,0.0001993429382832,-3.070173768403813,-0.3157394085164902,1.001575509769114,5.042849615501634e-05,1.0001398915359163,0.0001177477051716,-2.1713938048143752e-06,-4.827372478759139e-06,50.0,50.0,50.0,0.0002369832431837,-2.711668060266042e-05,0.6267345113384788,12.0,0.0,-2.297218140433132e-05,8.577173812569972e-05,0.0004026178103459,0.0157270599615036,12.836314429239817,0.6457600838460803,2.223577842045226,0.25489224962879,0.7777777777777778,0.0002591262062408
matr,matr_b1c43,100,1.069749,626.0,0,1,0.9991464352852866,0.0005580748381161,1.0005588637522935,-2.2449013873566997e-05,6.87896334681248e-07,0.0032083226999977,0.0004935737261729,0.0001589728200399,-0.5384449246607241,-9.222181619384283,1.001575509769114,5.694641205267269e-06,1.0009366714945065,3.077142676124029e-05,-5.217690258313884e-07,2.242515826320849e-05,100.0,100.0,100.0,7.48574625002147e-05,-3.930430328091564e-05,0.5961674164967493,17.0,0.0,-1.1153016114106714e-05,9.328307837553112e-05,0.0004062635253687,0.5982963741752384,-0.9223588633766876,0.9142829391179816,1.1264509220510317,0.1999764920326754,0.4202898550724637,0.0005665815065028
matr,matr_b1c44,50,1.08643345,575.0,0,1,1.0006253029120191,0.0021580705196438,1.0021613834181349,-3.829315010834538e-06,3.393675288573252e-07,0.0032789859332845,9.940783763598224e-05,0.0002163599167756,-2.3253451889442647,-0.4882789050184296,1.0016410116974952,4.495980249258153e-05,1.000157793751165,0.0001179845641402,-2.34257459906063e-06,3.823148445935619e-06,50.0,50.0,50.0,0.0002452896761333,-4.117405178642972e-05,0.5954274790155493,11.0,0.0,-2.61209956341566e-05,9.729273728878654e-05,0.0005368943675286,0.0086417539719576,8.744184575317135,0.7310294667361902,1.931629763891076,0.197610249309045,0.6,0.000372595302547
matr,matr_b1c44,100,1.08643345,575.0,0,1,0.998413846701793,-5.338569058244067e-05,0.9999465323559448,-3.0941113539662624e-05,1.0755460597059097e-06,0.0033323716238669,0.0005999447089924,0.0001735620692176,-0.3546576597389769,13.304620813057808,1.0016410116974952,-5.447519447187823e-07,1.0010600523625863,2.0166968907853885e-05,-5.010596318383737e-07,3.0919358963264346e-05,100.0,100.0,100.0,7.208400869916688e-05,-4.624337351369385e-05,0.5611630732755888,12.0,0.0,-1.2554082588060575e-05,0.0001080377679487,0.0005390113862932,0.7269218028575636,-1.2162246404963153,0.920482247945666,1.057657707079795,0.1818781961127838,0.3066666666666666,0.0008587732640225
matr,matr_b1c45,50,1.08563255,563.0,0,1,1.0017317553715577,0.0032762466453312,1.0032813146071085,2.1839585876575694e-05,4.2507692204264747e-07,0.0035963365320982,6.899203602543869e-05,0.0002102356622126,-3.4339343382977723,-0.1510436704801779,1.0017364530936366,6.825513844440114e-05,0.999992665450474,0.0001480456355855,-2.427039417480687e-06,-2.179381039645413e-05,50.0,50.0,50.0,0.0002627535865185,-1.7162177185838676e-05,0.5912526449344822,11.0,0.0,-2.5801214506576028e-05,9.388112716581684e-05,0.0005130649408033,0.2244146819206391,13.850117634796884,0.588515308107119,2.3917439156437696,0.1091992919649919,1.4,8.354576325121253e-05
matr,matr_b1c45,100,1.08563255,563.0,0,1,1.0001797569536766,0.0017242482274504,1.0017269154332678,-1.1900944923673012e-05,4.969729869031004e-07,0.0041289292587993,0.000707513790002,0.0001780893806768,-1.047523329525016,-1.8733249977349824,1.0017364530936366,1.7594369667861976e-05,1.0008550543137331,5.431552796871963e-05,-6.491811067882633e-07,1.1879197898669488e-05,100.0,100.0,100.0,9.656834545942824e-05,-3.3662843160799606e-05,0.5563110128075992,17.0,0.0,-1.276845989013709e-05,0.0001175136787266,0.0006278367390515,0.2327420938576994,1.7518549003346688,0.8330516431652929,1.4642164902893335,0.1204593110571698,0.6065573770491803,0.0003990300401365
matr,matr_b1c5,50,1.07712635,909.0,0,1,1.003551533206852,0.0044796972982787,1.004483859055245,6.056484440838372e-05,1.4815092029268402e-06,0.0054278683276105,0.00494937293104,0.0008489553712124,-2.1651189100727875,0.0931048637562497,1.0028312834422817,9.3327027047384e-05,1.0001252275618768,0.0001746378546768,-2.193711735933606e-06,-6.037808248442924e-05,50.0,50.0,50.0,0.0001774872778631,4.132986117891203e-06,-0.2537283253484361,12.0,0.0,-1.083853169603128e-05,0.0013571723243926,0.0075579805470359,0.495184285182262,4.79335771875481,0.5983460485030625,2.332935318005452,0.1142179694918872,3.8,0.0002521524053329
matr,matr_b1c5,100,1.07712635,909.0,0,1,1.0024630815131392,0.0033912456045662,1.003394396161195,1.042440447411257e-05,9.361522845292374e-07,0.0064072334689426,0.00494937293104,0.0006109973483161,-2.5033833633003333,-0.4807255924534747,1.0028312834422817,3.460454698537012e-05,1.000768841385722,0.0001059684848746,-9.367066705939314e-07,-1.0387276907673858e-05,100.0,100.0,100.0,0.0001189463217487,-2.8750290671273083e-05,-0.2206658595265214,12.0,0.0,-5.117664361305729e-06,0.0009584450840721,0.0075579805470359,0.0947983626051639,8.987526151822637,0.5866619909307396,2.454680936427706,0.1858658115204837,1.1304347826086956,0.0003326443550471
matr,matr_b1c6,50,1.0778327,613.0,0,1,1.0036202278887991,0.0054729272919628,1.0054830858017554,6.33320714346613e-05,1.6947460265422634e-06,0.0058480318884368,0.0035409948130168,0.0006285310287298,-2.069398055514652,-0.0814239578693995,1.0030324743348389,0.0001140193185825,0.9997680056824598,0.0002425744145785,-3.4469681373843032e-06,-6.310444564097944e-05,50.0,50.0,50.0,0.000292052668363,-1.017192776170096e-05,0.0231912585268764,11.0,0.0,-2.838240977630892e-05,0.0008694976950607,0.0046510001041904,0.4733395103913204,4.288013997575226,0.652410822204943,2.159528918921122,0.0999481680203492,1.6666666666666667,0.0001699707199455
matr,matr_b1c6,100,1.0778327,613.0,0,1,1.00130808798063,0.0031607873837934,1.003166654242218,-4.461403775306331e-06,1.1296519007309555e-06,0.0058480318884368,0.0035409948130168,0.0004497473420101,-1.6410119325027548,-0.757471816170249,1.0030324743348389,3.225293248768838e-05,1.0009982711946208,0.0001147829988768,-1.1690627710995595e-06,4.445331686105634e-06,100.0,100.0,100.0,0.000158683737967,-6.185907992070335e-05,0.053566408749531,26.0,0.0,-1.4415143836389426e-05,0.0006077443846576,0.0046510001041904,0.0143894188118143,3.7748148777243102,0.7487427917378737,1.8042244618681773,0.1823215567939546,0.5806451612903226,0.0005562087696912
matr,matr_b1c7,50,1.09553235,818.0,0,1,1.0017986232903118,0.0033211251132839,1.0033261892424692,3.296184298539876e-05,7.913245972102198e-07,0.0037463065330749,0.0033121796905402,0.0007753948712743,-1.9339731438294463,-0.2787604594868328,1.0018754809020474,6.919010652675009e-05,0.99997987881743,0.0001011678939772,-1.311654826766597e-06,-3.2906819551054855e-05,50.0,50.0,50.0,0.0001540385327774,2.737756396978415e-06,-0.3391210039126802,11.0,0.0,-2.406291528283885e-05,0.0012726306339277,0.0046403011284875,0.2745985899653095,3.278515092468874,0.4701002419907027,2.570364960323817,0.3425978300478957,2.0,0.0001865759600801
matr,matr_b1c7,100,1.09553235,818.0,0,1,1.0002100805147378,0.00173258233771,1.001735224219748,-5.8676386895079805e-06,5.491989064972948e-07,0.0037463065330749,0.0033121796905402,0.000550536845138,-1.295711878069558,-0.9897225814230184,1.0018754809020474,1.767941160928649e-05,1.0003830898694694,6.208205898065338e-05,-6.661735065701648e-07,5.857713544664696e-06,100.0,100.0,100.0,4.9865691561605295e-05,-3.574295657943725e-05,-0.3202835857465735,11.0,0.0,-1.277447020238491e-05,0.000891824924767,0.0046403011284875,0.0511966910890474,2.024370980877781,0.5762794400755881,2.4632970803973016,0.3796644621634311,0.96,0.0004118545654995
matr,matr_b1c8,50,1.0916926999999998,,1,1,1.0031872522368246,0.0047608635653603,1.004768367121882,5.182094834967938e-05,1.0700105456330817e-06,0.004998751022151,0.000101402161982,0.000219933161855,-2.4456894734801446,-0.0511378454106429,1.0022414732644087,9.918465761161544e-05,0.999739089402605,0.0002323460734393,-3.4716370209567944e-06,-5.165082797174421e-05,50.0,50.0,50.0,0.0003398549178418,-1.7563345640902277e-05,0.6228748597704139,14.0,0.0,-2.563460063713605e-05,0.0001020552185234,0.0004650576119082,0.5019409759685649,6.638461118840558,0.6804482091751985,2.1261716068536525,0.1312421890303882,2.2,0.0001763316728233
matr,matr_b1c8,100,1.0916926999999998,,1,1,1.002237992431387,0.0038116037599224,1.0038176111961488,4.973244003932096e-06,6.327438343666541e-07,0.0054402672107268,0.0005578492922044,0.0001797117867433,-2.8534094111593027,-0.5631377104287182,1.0022414732644087,3.889391591757628e-05,1.001018590581345,9.348528271252524e-05,-8.677650853785031e-07,-4.956640544666118e-06,100.0,100.0,100.0,0.0001554739558198,-2.6993421994268485e-05,0.5825076619037763,23.0,0.0,-1.268435950923942e-05,0.0001142079176089,0.0005688413964842,0.0319224667334816,11.435683224849337,0.6866143673932801,2.166193221264228,0.1915027892177321,0.8846153846153846,0.0002543756132103
matr,matr_b1c9,50,1.08395785,1012.0,0,1,1.003806651706983,0.004714113191763,1.0047183949534533,6.155326321696408e-05,1.2292559691164485e-06,0.0047266598050837,8.690374814844806e-05,0.0001652936832255,-2.0639722581866344,0.0626731175336815,1.002466562698909,9.821069149506136e-05,0.999918198370086,0.0002298830891492,-3.237112037160826e-06,-6.133382658473461e-05,50.0,50.0,50.0,0.0003469121164518,9.448023040322436e-07,0.7417949398568138,13.0,0.0,-1.4014834028555266e-05,8.583314450672999e-05,0.0002680916052222,0.6164386112975435,4.069727295385265,0.7059373953422646,2.0479899867498004,0.0902113797203006,3.8,0.000271781785611
matr,matr_b1c9,100,1.08395785,1012.0,0,1,1.003388831032498,0.0042962925172781,1.0043001947784167,1.6794366957924932e-05,8.045168593009998e-07,0.0055128527368476,0.0005346148837797,0.0001477512652444,-2.8426745826209485,-0.308811906256608,1.002466562698909,4.383971956406276e-05,1.0010645152318889,0.0001043204512314,-8.580988654273409e-07,-1.6727235888647958e-05,100.0,100.0,100.0,0.0001623610380598,-1.938479835525969e-05,0.6240214540805067,22.0,0.0,-7.150200041375684e-06,0.0001122352076983,0.0005667194531595,0.286310289928718,9.4772047456378,0.6453403236798245,2.2696050979506106,0.1369483302755684,1.45,0.0002203960237014
matr,matr_b2c0,50,1.0719096,278.0,0,1,0.991921147081806,-0.0063478300782079,0.9936411626290672,-0.0001760412692736,7.451362877503175e-06,0.009640645069323,0.0019331854104113,0.0009602184859628,-0.6651371625975359,5.922013359083294,1.0013504870186816,-0.0001322464599625,1.0002246643189017,8.333340148799596e-05,-4.987974437724403e-06,0.0001762491955205,50.0,50.0,50.0,0.0001373279489735,-0.0003439495897161,-0.3465568831375281,27.0,0.0,-4.111374015678607e-05,0.001568529014154,0.0032404784881112,0.8318083281393647,-0.5804898107138374,0.8470815663051909,1.4040674123440606,0.8109302162163288,0.7142857142857143,0.0018551004674273
matr,matr_b2c0,100,1.0719096,278.0,0,1,0.9687869200910226,-0.0294820570689915,0.9704668203224492,-0.0003309334685543,9.828678935227832e-05,0.0364228475983422,0.0198145440622977,0.0026514570609694,-0.5715940866969865,2.4936814389900075,1.0013504870186816,-0.0003008373170304,1.0018118500799351,-6.498597807956374e-05,-2.6073283379884783e-06,0.0003338345291424,51.0,73.0,100.0,-4.701747074649551e-05,-0.0005210629215617,-0.2048272079773788,73.0,1.0,-3.352817743001238e-05,0.0041298931401872,0.0284621016548412,0.9099783577607216,-0.8824277550067658,0.8056711823079403,1.5577635094560462,0.2566194805105992,0.5555555555555556,0.0075205968861551
matr,matr_b2c1,50,1.07248825,133.0,0,1,0.9644140157246478,-0.0351964695184306,0.9647898155951498,-0.0007543699791353,0.0001159896616638,0.0366378839115485,0.0028591455430863,0.0009777052810912,-0.325980182154276,1.6365985253802957,0.996776514800978,-0.0007332597816339,1.0009626083770022,-0.0003720410756515,-7.3524789131504995e-06,0.0007650453703865,22.0,34.0,50.0,-0.0005882754719861,-0.0010596624480272,-0.3887886749722365,27.0,0.0,-3.1999557045191e-05,0.0016315371808505,0.0036440492471594,0.9812496342471796,-1.058981049338206,0.8285457142353754,1.5274007258044726,0.259957524436926,0.3333333333333333,0.0084149173662275
matr,matr_b2c1,100,1.07248825,133.0,0,1,0.9028899384212368,-0.0967205468218415,0.9032417644175452,-0.0010182905940619,0.0008592433490454,0.0981619612149596,0.0028591455430863,0.0008592605004515,-0.2961849759258322,1.614313305463399,0.996776514800978,-0.0009869443553248,1.0027534605458144,-0.0005403433726362,-4.685757072801108e-06,0.0010580453401701,22.0,34.0,63.0,-0.0005836600682733,-0.0012878276856361,-0.299400027129971,39.0,0.0,-2.319204511218573e-05,0.0013796553687267,0.0036440492471594,0.9855351420574848,-1.1861261918595976,0.8374966990103204,1.5096656347818882,0.0606246218164348,0.1395348837209302,0.0255958981368791
matr,matr_b2c10,50,1.07104265,251.0,0,1,1.0013047566313067,0.0031632727230796,1.003169162662886,1.5544789605786614e-05,6.56974947985574e-07,0.0045653644138261,0.0001890681010696,0.0002674517946088,-2.711054830051254,-0.3800952274819082,1.002013318517241,6.59015150641594e-05,0.9997728564275608,0.0002086040303848,-3.712677707291685e-06,-1.5505340807626787e-05,50.0,50.0,50.0,0.0002997944641538,-8.114503209534988e-05,0.5655980222177617,19.0,0.0,-3.118655233718234e-05,0.0001555446934608,0.0004867219806793,0.073561551967485,9.984120307016706,0.7323544044587036,1.9023258177086968,0.4539174914941112,1.0,0.000283275367232
matr,matr_b2c10,100,1.07104265,251.0,0,1,0.996270503326828,-0.0018709805813988,0.9981255356965296,-5.603317902571722e-05,3.626147235629938e-06,0.0064864830546196,0.0002632948370448,0.0002123749954417,-0.6600508788931855,-6.639677937282095,1.002013318517241,-1.909163858570344e-05,1.0010806631886289,7.165954877023201e-05,-1.2518894881956828e-06,5.596178765821686e-05,100.0,100.0,100.0,0.0001258677599163,-0.0001214018150809,0.5612948389291565,29.0,0.0,-1.39290033884585e-05,0.0001376257175668,0.0004867219806793,0.7071147898751409,-0.7807337676065167,0.9378660606904924,0.923505211712278,0.1300073668936537,0.4411764705882353,0.0013453245769436
matr,matr_b2c11,50,1.07343895,250.0,0,1,1.0016340472832668,0.003249649176602,1.0032549078118256,2.411922951759676e-05,4.758746998506839e-07,0.0039349233601034,0.0003451523721959,0.0002628550082785,-3.128863612018129,-0.2049030705485143,1.0016538900512229,6.770102451254352e-05,0.9998388998083388,0.0001637211746592,-2.684652791186768e-06,-2.406691272053213e-05,50.0,50.0,50.0,0.0002400822481461,-4.153079150961729e-05,0.3209722323730782,19.0,0.0,-2.301214024288366e-05,0.0002660740003738,0.0005546659174237,0.2444917675616783,12.379441254071711,0.6187317192968806,2.269425869647584,0.8393296907380268,1.6666666666666667,0.0002187362401932
matr,matr_b2c11,100,1.07343895,250.0,0,1,0.9972793515644276,-0.0011050465422369,0.9988931652534508,-3.862105245140459e-05,2.017921287484788e-06,0.0050399699023404,0.0004085001759997,0.0002267109275296,-0.7989907683961011,-3.4748782312577484,1.0016538900512229,-1.1275985124867445e-05,1.0006885912537973,7.570469941524457e-05,-1.1208407045750369e-06,3.856509985756096e-05,100.0,100.0,100.0,0.0001050667880167,-9.915085651056356e-05,0.203181074876257,30.0,0.0,-1.4805484285022555e-05,0.0002608051123173,0.0005546659174237,0.6036550201733675,-0.5762943768386344,0.934638583315765,0.9315169344743428,0.2720473583043789,0.9215686274509804,0.0008447615954312
matr,matr_b2c12,50,1.0725753999999998,435.0,0,1,0.997715032435016,-0.00107339773036,0.998925300195776,-6.526552247751661e-05,1.3392652507510637e-06,0.0038430864627325,0.0002759712743738,0.0002307300478316,-0.4591960256601734,-3.255557087599524,1.0013141267271282,-2.2362452715835435e-05,1.0003112556690066,0.0001026682525964,-3.229495674500465e-06,6.522196186296386e-05,50.0,50.0,50.0,0.0001944437606956,-0.0001478524187043,0.5007886535385683,15.0,0.0,-2.2743032351175787e-05,0.0001809998514755,0.0006933778268641,0.6361082574011125,-1.0496928839677018,0.9477151250442218,0.7777831391534972,0.2147753016436931,0.4117647058823529,0.0009350391590185
matr,matr_b2c12,100,1.0725753999999998,435.0,0,1,0.9883042255117918,-0.0104842046535842,0.9895030775918696,-0.0001379978319261,1.6611169886518533e-05,0.0132538933859566,0.0014572402089399,0.0002614852049042,-0.4774516365833008,2.882541316340006,1.0013141267271282,-0.0001069816801385,1.0013883014465277,-8.087451448446523e-06,-1.2736311811542673e-06,0.0001383494532233,93.0,100.0,100.0,3.584403929326266e-05,-0.0001985104182925,0.0152308088580699,39.0,0.0,-1.1771455131149577e-05,0.000352070727468,0.002515627339579,0.9362441914837016,-1.0805458243507744,0.8854385020290058,1.2768869169049408,0.0954887671786721,0.1951219512195122,0.003235483491417
matr,matr_b2c13,50,1.08202135,454.0,0,1,0.9981535022391194,-0.0002417697210872,0.9997578416806676,-4.8053542736156014e-05,8.241536358894719e-07,0.0029513280860862,0.0002357624459072,0.0002423749322514,-0.6297633610702379,-2.738228175756159,1.0009908769360234,-5.0368691893181565e-06,0.9999753291772604,9.709535381848055e-05,-2.791324933744485e-06,4.8029467108506894e-05,50.0,50.0,50.0,0.0001639375379089,-0.0001317829431386,0.4715018201751773,16.0,0.0,-2.703568787193327e-05,0.0001737355174296,0.0004816910498118,0.560367113348877,-0.842381842579897,0.933441550087824,0.926050840046252,0.2480729343567351,0.5483870967741935,0.0006108012563706
matr,matr_b2c13,100,1.08202135,454.0,0,1,0.9903912709300976,-0.0080040010301089,0.9919831340803584,-0.0001120159424867,1.1042434851926097e-05,0.010713559395108,0.0003151508979003,0.00019501467617,-0.5008069150264435,3.236992338416925,1.0009908769360234,-8.167347989907171e-05,1.0009131803268498,1.3002131829635049e-06,-1.1109427026445263e-06,0.0001122504709024,100.0,100.0,100.0,3.50788304484238e-05,-0.0001640147657537,0.4541926145008185,39.0,0.0,-1.4618496920783404e-05,0.0001544867709107,0.0004816910498118,0.9279822270985996,-1.0690083368737946,0.8860886868814019,1.247804136587356,0.0751445102097303,0.225,0.002644217694965
matr,matr_b2c14,50,1.07991415,466.0,0,1,1.0025559902145924,0.0042651538550539,1.0042724561818157,4.364722427431054e-05,7.244519501948001e-07,0.0044584099578656,0.0001263989364338,0.0002328196472453,-2.6629966855756284,0.0366410033923256,1.001652122069148,8.885737198029213e-05,0.9997807010006412,0.0001777698324496,-2.579280926450104e-06,-4.353587585363861e-05,50.0,50.0,50.0,0.0002665152932421,-2.2166680460759744e-05,0.4998795434307417,16.0,0.0,-2.684610564803385e-05,0.0001437558449525,0.0006397730782582,0.5259369337990811,8.720029312724938,0.6375726565043159,2.281646283328659,0.1823215567939546,3.0,0.0001751065119387
matr,matr_b2c14,100,1.07991415,466.0,0,1,1.0009568816187842,0.0026660452592457,1.0026706097683598,-3.676498757137143e-06,5.268372372261714e-07,0.0044584099578656,0.0011523138205013,0.0002396054871466,-1.980080881754151,-0.806390691852634,1.001652122069148,2.720454346169141e-05,1.0007061394207215,8.074492828725586e-05,-8.276610494549034e-07,3.667240660821039e-06,100.0,100.0,100.0,0.0001220764913902,-3.816619811061021e-05,0.0705506361365928,16.0,0.0,-1.4866588399881198e-05,0.000298910023232,0.0022352702758825,0.0209525657912423,6.358355478269921,0.7843321654921885,1.6615937080769387,0.263728831429288,1.1777777777777778,0.0003107654437158
matr,matr_b2c17,50,1.0699553000000002,476.0,0,1,1.0055450914631665,0.009571895199734,1.0096105951803167,0.0001217990802312,4.9318743961246265e-06,0.0103411796735807,0.0046861770767432,0.0015269294985249,-1.4598293805430975,0.0855354304419396,1.0029988168664614,0.0001994144833277,0.998430136268334,0.0003818615825987,-5.00120196860658e-06,-0.0001212199858739,50.0,50.0,50.0,0.0004417634389652,-4.1397389819304105e-05,-0.4523481195484591,18.0,0.0,-8.161009056749613e-05,0.002578520018879,0.0082230538042103,0.6015974760768571,2.2598146728541577,0.6360003547412618,2.175258995456511,1.2939210409888755,1.8235294117647056,0.0011134109995063
matr,matr_b2c17,100,1.0699553000000002,476.0,0,1,1.0036279085677688,0.0076547123043364,1.0076856609525784,1.9221266630391256e-05,2.911470815404138e-06,0.0103411796735807,0.0046861770767432,0.0012162995977642,-2.068716644751317,-0.3801395669669416,1.0029988168664614,7.810930922792332e-05,1.0002241105575782,0.0001975990958105,-1.7488022468648566e-06,-1.911673839773981e-05,100.0,100.0,100.0,0.0002399591914686,-5.949114842950472e-05,-0.4525075285739434,18.0,0.0,-2.8962574225125828e-05,0.0020495099081989,0.0082230538042103,0.1036326001573089,5.923683231388676,0.6381252132794164,2.269650936349552,1.1033628914267075,1.45,0.0008223708037147
matr,matr_b2c18,50,1.065198,468.0,0,1,1.0002973156164394,0.0015740735525225,1.0015760858326173,-1.1151380843213154e-05,5.538079352721177e-07,0.0035405624118707,0.0017730975837354,0.0007205595615546,-0.6679843136968112,-0.7307640886360739,1.0016631649702683,3.279319901088763e-05,0.9999544757765528,0.0001338049001095,-2.78762078755434e-06,1.1135228847862392e-05,50.0,50.0,50.0,0.000199699567986,-9.85200466423144e-05,-0.4192267103837063,19.0,0.0,-1.5272357915036173e-05,0.0012191297166204,0.0033955189551611,0.0449084553652009,0.5379270326616874,0.7573499227197718,1.7667772604016116,1.7346010553881064,1.5263157894736843,0.0005497569465957
matr,matr_b2c18,100,1.065198,468.0,0,1,0.9940016785611688,-0.0047215635027477,0.9952724004970682,-7.657082386125975e-05,5.718420075016523e-06,0.0082929183119006,0.0017730975837354,0.000635173044132,-0.5651277726381236,10.591227189500213,1.0016631649702683,-4.817921941579397e-05,1.0009126231537493,3.682328100514668e-05,-1.1117069104549613e-06,7.659238745261539e-05,100.0,100.0,100.0,7.754590144780653e-05,-0.0001315748033617,-0.4426893813877098,21.0,0.0,-9.44212433628432e-06,0.0010796920920074,0.0033955189551611,0.837327614108037,-0.8994309187904563,0.8921021975578322,1.2176245446641556,0.7711087220296571,1.0851063829787233,0.001781452837876
matr,matr_b2c19,50,1.0485685,455.0,0,1,0.9947084048395504,-0.0047849997401218,0.995212574972284,-0.0001311603312866,3.687286145197911e-06,0.0065154541644156,0.0007355742614812,0.0003215871605053,-0.3224764507592138,2.39810117124191,1.0005135572926327,-9.968749458580913e-05,1.0007016216965323,-3.0554318926608666e-05,-1.934731006923718e-06,0.0001313544133334,50.0,50.0,50.0,2.5635682581322357e-05,-0.0001822791432625,-0.1196311222321683,22.0,0.0,-9.536811376814629e-08,0.0004859675348404,0.0010284497388581,0.933099945369064,-1.1960770649297972,0.8817107747937699,1.2045292549725028,0.5108256237659907,0.5,0.0015076745105349
matr,matr_b2c19,100,1.0485685,455.0,0,1,0.985005462208716,-0.0144879423709562,0.9855047143837342,-0.000170239543844,2.403213172345614e-05,0.0160543636395714,0.0009458609523363,0.0003396167031071,-0.2272137789019702,1.4797395071321475,1.0005135572926327,-0.0001478361466423,1.0014159957154327,-0.0001035243147348,-6.540708736193579e-07,0.0001712097499407,74.0,100.0,100.0,-6.753190286277105e-05,-0.0001957382851001,-0.292470215669018,22.0,0.0,-3.222852339450267e-06,0.0005483611276416,0.0012328236066599,0.9848575707340886,-1.242297258240488,0.8589695556145425,1.4147052844715609,0.1602436156606393,0.4626865671641791,0.0044347126582572
matr,matr_b2c2,50,1.0759115,422.0,0,1,1.0029933688783883,0.0051983829525011,1.0052098707909194,5.6645875594415614e-05,1.2189068886133472e-06,0.0059747479230399,0.001312561488561,0.00060391497821,-1.8891563708192256,-0.0077799223345753,1.001814368560983,0.0001082996448437,0.9993566706334652,0.0002224061520231,-3.1876976236310124e-06,-5.64844393957788e-05,50.0,50.0,50.0,0.0002962565268572,-7.060300722926938e-05,-0.3034022211228664,13.0,0.0,-3.651925772863006e-05,0.0009530617864764,0.0020933877925833,0.5264971839657626,5.104415581227494,0.6558256353352877,2.159229528344002,0.9057086225436182,2.0,0.0004653728489749
matr,matr_b2c2,100,1.0759115,422.0,0,1,1.0000807687249371,0.0022857827990498,1.002290834120527,-1.1888900779589998e-05,1.143443911225716e-06,0.0059747479230399,0.001312561488561,0.0005614815507708,-0.9135288604355316,-1.0068500761861456,1.001814368560983,2.332431427601906e-05,1.000454020305951,0.0001092303181363,-1.187443322705777e-06,1.1856461247318715e-05,100.0,100.0,100.0,0.0001504182227368,-6.953909596050536e-05,-0.3586659837342354,41.0,0.0,-2.0141157607091023e-05,0.0009121648718985,0.0020933877925833,0.1009516376740577,1.0967399189703295,0.8394009974720452,1.354615576234072,1.3646328643387111,1.45,0.0006896478009576
matr,matr_b2c20,50,1.0852503,475.0,0,1,1.003428241392792,0.0054056654027185,1.0054163758744197,5.98343957319149e-05,1.2674248908335204e-06,0.0058876740232182,0.0003897718342026,0.0003420624195235,-2.169323326597356,0.0446513248177438,1.0019445283728556,0.0001126180292232,0.9995473911620968,0.0002356652605912,-3.3813627857566888e-06,-5.964036698463824e-05,50.0,50.0,50.0,0.0002997806708158,-3.693969141379072e-05,0.1947684962884997,16.0,0.0,-2.58279470036019e-05,0.0003872477050235,0.0008597095066456,0.5649494401593618,5.845594472607035,0.673671044745391,2.1537958619939057,0.6605710101253326,1.8235294117647056,0.0002751438999832
matr,matr_b2c20,100,1.0852503,475.0,0,1,1.000930753025362,0.0029081770352884,1.0029139391284847,-5.805462311795565e-06,9.61603676537262e-07,0.0058876740232182,0.0004976732095812,0.0002934105914019,-1.4538152458427058,-0.83918853085291,1.0019445283728556,2.967527587029119e-05,1.000728128937724,0.0001120014652327,-1.154969877888268e-06,5.786621455799565e-06,100.0,100.0,100.0,0.0001674825413646,-5.887008979284274e-05,0.1086988688569445,22.0,0.0,-1.82750372800826e-05,0.0003624936934517,0.000962266492808,0.0286234734802784,3.455520386628696,0.843809848479815,1.40085512606138,0.7676802324225122,0.96,0.000510297025488
matr,matr_b2c21,50,1.07867965,468.0,0,1,1.0017101926415315,0.0033786676146157,1.0033843142582568,2.4187241980782065e-05,7.596053512935926e-07,0.0047623036181315,0.0004524976437627,0.0003389256690148,-2.5313875378351147,-0.2471283065179167,1.0017973362156225,7.03889086378281e-05,0.9998303736221152,0.0002194891335445,-3.7558056069956033e-06,-2.411847926976905e-05,50.0,50.0,50.0,0.0003038683203364,-8.411183086624842e-05,0.0989469721176111,16.0,0.0,-3.086712971812404e-05,0.0004157860653843,0.0010142955788587,0.1540333210239108,8.432866102012039,0.735508103507169,1.9584187116926457,0.6747980418917487,1.0869565217391304,0.0003089888643025
matr,matr_b2c21,100,1.07867965,468.0,0,1,0.9981144077391282,-0.0002171172877878,0.9997825198520282,-4.076784717714496e-05,2.267974093232544e-06,0.0051572308794366,0.0004828124828349,0.0003056414272143,-0.5277372668078051,-3.232155510589076,1.0017973362156225,-2.21548252844759e-06,1.0012726807858598,6.969845894604718e-05,-1.0830030012078308e-06,4.069323258686759e-05,100.0,100.0,100.0,0.0001403432347169,-8.481532512217764e-05,-0.0443502409394916,22.0,0.0,-1.6787419158857573e-05,0.0004197782301722,0.0010142955788587,0.5984698785620265,-0.9605833530168776,0.9469420918415972,0.8649308605978593,0.5162901182380694,0.7192982456140351,0.0012280754531709
matr,matr_b2c22,50,1.08183005,490.0,0,1,1.0028658383079672,0.0048135102181714,1.0048229036521403,5.157602138702648e-05,1.0025409730715383e-06,0.0052196738295446,0.0001512252317265,0.0002618598887793,-2.508243813675523,-0.0131932200065251,1.0018972018756551,0.0001002814628784,0.9996129750050408,0.0002165904399082,-3.1733542023338674e-06,-5.142314649451641e-05,50.0,50.0,50.0,0.0002965280979142,-3.897403914163462e-05,0.538345015041928,16.0,0.0,-3.058253593804142e-05,0.0001508424866831,0.0005657080795638,0.530668781339525,7.710468022353076,0.6646250365562081,2.1866703785983748,0.1975309754574833,2.0,0.0001698972957905
matr,matr_b2c22,100,1.08183005,490.0,0,1,1.0006591146178645,0.0026067865280688,1.0026118736009144,-7.473046696319796e-06,7.740877787803032e-07,0.0052196738295446,0.0002451401678108,0.0002081041074706,-1.538792098984163,-0.8448129839710757,1.0018972018756551,2.6599862531315296e-05,1.000786652080775,9.476535774052497e-05,-1.002337298401093e-06,7.4517997393510845e-06,100.0,100.0,100.0,0.0001474345937358,-5.100640425877965e-05,0.4680038625108754,27.0,0.0,-1.6355447357918865e-05,0.000155352940958,0.0005657080795638,0.0589182733182086,4.035887253211269,0.8553425388169814,1.356216480849788,0.2900489374620471,1.0,0.0005196749711285
matr,matr_b2c23,50,1.0766412,502.0,0,1,0.9996176999356888,0.001587065403033,1.0015901970822532,-1.792774129203282e-05,4.073816631768626e-07,0.0033065797593478,0.0005269164880555,0.0003703487008305,-1.3791638157152448,-1.1356150912491123,1.001220926711703,3.3063862563188944e-05,0.9998647951297625,0.000108217054651,-2.425861460446399e-06,1.7910801577462764e-05,50.0,50.0,50.0,0.0002059555307656,-6.386054621065542e-05,-0.0297034162784527,13.0,0.0,-3.59688370785861e-05,0.000476727579737,0.0009806423904268,0.157790071024848,3.3727769660213403,0.8079752233700597,1.5555736138845304,1.1962507582320256,1.4,0.0003907522766173
matr,matr_b2c23,100,1.0766412,502.0,0,1,0.9951537243791152,-0.0028769101535403,0.997117412979124,-6.181572545582081e-05,3.5766843645793e-06,0.0064397498442378,0.0006002928366479,0.0003138447253879,-0.4883940225662859,4.95305218908548,1.001220926711703,-2.935622605653465e-05,1.000755518603567,1.4988836815718334e-05,-7.529859046230763e-07,6.185040633510136e-05,100.0,100.0,100.0,5.196983875890514e-05,-9.847073674488772e-05,-0.1383161343980465,21.0,0.0,-1.4997960955248076e-05,0.0004407531916463,0.0009806423904268,0.8724934076850531,-1.010436358460282,0.900617909557256,1.1632902666889642,0.398802858282748,0.8148148148148148,0.0014253587917683
matr,matr_b2c24,50,1.0693633,478.0,0,1,1.003017496485993,0.0043221045644637,1.004327750582836,5.8210491481522696e-05,1.0472477991965247e-06,0.005103878167504,0.0004278246691277,0.0003650021335437,-1.6918531532001448,0.0919657549087504,1.0015870191168894,9.004384509299576e-05,0.9998383999263716,0.0001904048309796,-2.542198836503238e-06,-5.803819091606329e-05,50.0,50.0,50.0,0.0002244322863423,-6.081587589011998e-05,-0.0945477199913086,5.0,0.0,-2.3883768530224528e-05,0.0005261281190471,0.0019060874821493,0.6471173911505117,3.735582336933355,0.6954624831726043,2.085564183699557,1.488077055429833,1.4,0.0004579360447472
matr,matr_b2c24,100,1.0693633,478.0,0,1,1.001540636376805,0.0028452444552754,1.0028489612331155,2.592946180440354e-06,6.379854747839507e-07,0.005103878167504,0.0005646350496598,0.0003364145749905,-1.7458578412608523,-0.5106072738324466,1.0015870191168894,2.9033106686484755e-05,1.0007707643784134,9.62159014729606e-05,-9.178721107113382e-07,-2.5852200018872304e-06,100.0,100.0,100.0,0.0001374011831232,-3.8924706106834585e-05,-0.1863430560332478,28.0,0.0,-1.3437035070259527e-05,0.0005093255892431,0.0019060874821493,0.0086063904236572,5.647883764210285,0.7486711906024388,1.8695146610825983,1.1382214267631554,1.0416666666666667,0.0004102441144182
matr,matr_b2c25,50,1.069292,446.0,0,1,1.001969340460791,0.0038627428242237,1.0038700704247128,3.2816163615275786e-05,6.782672662116726e-07,0.00457975931738,0.0004803178177711,0.0003154020946086,-2.776981294186453,-0.1646048692005413,1.0018297153630629,8.047380883799707e-05,0.9996122109051474,0.0001960210370748,-3.138555258838844e-06,-3.273552434793281e-05,50.0,50.0,50.0,0.0002742419799688,-6.014109486311307e-05,0.1356023000931233,10.0,0.0,-3.103266341037702e-05,0.0003658492981238,0.0007594744934031,0.3175446164277906,9.879250096574811,0.6539438917574507,2.1687636114321567,0.7326780193165805,2.0,0.0002578341556842
matr,matr_b2c25,100,1.069292,446.0,0,1,0.9984826408502075,0.0003760432136404,1.0003767565654118,-2.8364892381718127e-05,1.4396000262228942e-06,0.00457975931738,0.0004803178177711,0.0002583842590143,-0.7317108847648562,-2.0739798989530542,1.0018297153630629,3.8371756493928034e-06,1.000726554576873,7.987716074346079e-05,-1.061196599266457e-06,2.8312041170760763e-05,100.0,100.0,100.0,0.0001268839162003,-8.342289550715938e-05,0.0839188503499142,39.0,0.0,-1.5065368814612989e-05,0.0003184072037955,0.0007594744934031,0.4564206278757092,-0.517521146984107,0.9388566720496924,0.9049542164182636,0.4635727389154451,0.9215686274509804,0.000795760185244
matr,matr_b2c26,50,1.0793722,450.0,0,1,1.0021203992468957,0.0046506663781037,1.0046624636566446,3.4420282381163495e-05,9.155590439932164e-07,0.0054524287358892,0.0007068923954128,0.0004609032684298,-2.924604587682311,-0.248719912427586,1.0019007345195663,9.688888287710209e-05,0.9994774642658568,0.0002283691446365,-3.729785812605583e-06,-3.432604095960676e-05,50.0,50.0,50.0,0.000335304014841,-5.3606983866960194e-05,-0.045115142499035,13.0,0.0,-4.446635246011463e-05,0.0006031336532775,0.0013192854142433,0.2588049011085145,11.453489925938213,0.6372976876139088,2.20674768832506,0.9216815805090316,1.4,0.0003465903605819
matr,matr_b2c26,100,1.0793722,450.0,0,1,0.9980898155427758,0.0006200826739839,1.0006216556287884,-3.428435823964597e-05,2.00697825234622e-06,0.0054524287358892,0.0007176393833377,0.000401304856586,-0.7179974043808667,-2.302408575066459,1.0019007345195663,6.327374224326446e-06,1.0008182887408243,8.783623017617301e-05,-1.1972606707432356e-06,3.4216337821458835e-05,100.0,100.0,100.0,0.0001369619826429,-9.095351506383308e-05,-0.140055365344058,27.0,0.0,-2.0689766479891432e-05,0.0005692807392668,0.0013192854142433,0.4782932061173497,-0.5345927135831707,0.9201477041636852,0.982217902240962,0.6641596436866931,1.0416666666666667,0.0009739921039283
matr,matr_b2c27,50,1.06796175,453.0,0,1,1.0032755386604435,0.0052613307545891,1.0052717994522635,5.979890082721703e-05,1.2128937601089715e-06,0.0055676151322835,0.00123721659507,0.0004678383078879,-2.1271193261316568,0.0393585282774584,1.0020927247628484,0.0001096110573872,0.9995382050047876,0.0002196288645957,-3.07365314939577e-06,-5.9617205936731184e-05,50.0,50.0,50.0,0.0003182940532522,-2.7962880424586417e-05,-0.2240547039869802,10.0,0.0,-3.1979789060199145e-05,0.0007102642736387,0.002692699434226,0.5896490950406017,5.534523032826105,0.6253078478299738,2.21618759410444,0.7810085363512795,1.8235294117647056,0.0003634961645395
matr,matr_b2c27,100,1.06796175,453.0,0,1,1.0013061797391152,0.0032919718332606,1.003298522012195,4.630996057965059e-07,7.698984153757314e-07,0.0055676151322835,0.00123721659507,0.0003773364115684,-2.012006545123666,-0.6309021488620412,1.0020927247628484,3.359154931898763e-05,1.0006373416691303,0.0001051228137817,-1.0260756291762856e-06,-4.612341615103193e-07,100.0,100.0,100.0,0.000149884459406,-5.022252822298882e-05,-0.2389609960663326,27.0,0.0,-1.46275365054387e-05,0.0005778046688448,0.002692699434226,0.0002274889082712,6.677633678587279,0.7670130767560822,1.784328530640005,0.7038044750339333,1.3658536585365857,0.0004689306522447
matr,matr_b2c28,50,1.07377875,491.0,0,1,1.003722880528228,0.0057984943360073,1.005810554803789,6.285168720508324e-05,1.3289105973119066e-06,0.0058794234845864,0.0008240058764432,0.0004787365068081,-2.0963795007177617,0.1011319946420854,1.002141735436653,0.0001208019653334,0.999577580820442,0.0002217769895545,-3.056255814415144e-06,-6.265400548337527e-05,50.0,50.0,50.0,0.0003324388141092,-9.650254079048371e-06,-0.2016693139414752,13.0,0.0,-2.8628267724533943e-05,0.0007167442134882,0.0014250607958109,0.5945222489028843,5.452522955954098,0.6315328090302061,2.2679696046692785,0.916290731874155,1.5263157894736843,0.0004325844593218
matr,matr_b2c28,100,1.07377875,491.0,0,1,1.0019825778820823,0.0040581916898616,1.0040666324483225,6.267948225270179e-06,1.2582386173041237e-06,0.0067192613003376,0.0052097324518669,0.001076029444424,-2.5832205596079536,-0.3536744446641787,1.002141735436653,4.1410119284302953e-05,1.0008658047439365,9.381181157654684e-05,-8.58273170111305e-07,-6.247289327449421e-06,100.0,100.0,100.0,0.0001606210574206,7.851172077237217e-05,-0.4967553675736754,20.0,0.0,-2.4802091457747822e-05,0.0018623771957887,0.0114278663085855,0.0254995561030162,8.786049172109918,0.4930474422845788,2.9267134915793545,0.7703785284959355,1.2790697674418603,0.0004318394268837
matr,matr_b2c29,50,1.0742028,481.0,0,1,1.004540390324807,0.0061215628929658,1.0061312574690844,8.892939404146123e-05,1.9706163098389654e-06,0.0061852380202322,0.0006328413964291,0.0003387669763535,-1.327739974640822,0.2038532873817211,1.0018764613162432,0.00012753256027,0.9993579635331552,0.00024370329796,-2.9764212292041517e-06,-8.861369510868338e-05,50.0,50.0,50.0,0.0003016170709086,9.986589476063584e-06,-0.177412305505686,21.0,0.0,-2.651347684424615e-05,0.0004905791714331,0.0010463573544957,0.8026359149769104,1.5694614163025902,0.7380215128353528,1.9264541847171408,0.5978370007556204,2.4285714285714284,0.0007452968843499
matr,matr_b2c29,100,1.0742028,481.0,0,1,1.0042794526322218,0.0058606252003811,1.005869906535573,3.052630142678513e-05,1.4421550906278317e-06,0.0063651854193638,0.0006328413964291,0.0002977962466069,-2.180482374094192,-0.0518867019957698,1.0018764613162432,5.980229796307313e-05,1.0004527706212871,0.0001308685574635,-9.837476082043072e-07,-3.039233707349246e-05,100.0,100.0,100.0,0.0001765235051316,-1.4207947876622058e-05,-0.2467167818736118,21.0,0.0,-1.1901417574476245e-05,0.0004519935657515,0.0010463573544957,0.5276928854356329,5.062500152322356,0.6989531394605146,2.1545571203786467,0.504516454572726,1.8,0.0002873759033211
matr,matr_b2c3,50,1.06791905,314.0,0,1,0.9954947427897274,-0.0035050409485623,0.9964914497424148,-0.0001072472177911,2.700883671547406e-06,0.0056104439751307,0.0009571886558254,0.0003897524916653,-0.5803431785401197,7.48547406214768,1.0006121718682706,-7.302168642838395e-05,1.0001802298101063,4.841683989407919e-05,-2.9935395708720674e-06,0.0001073228069441,50.0,50.0,50.0,8.475538301517217e-05,-0.0002035070176704,-0.2464945966334052,19.0,0.0,-1.4530147464449028e-05,0.0006104472397692,0.0013283778391255,0.8517187056319468,-0.8453831078741754,0.8829780874327052,1.1792505797905886,0.6405034470745234,1.0869565217391304,0.0012755648473542
matr,matr_b2c3,100,1.06791905,314.0,0,1,0.9801623072460408,-0.0188374764922489,0.9811436630929404,-0.0002129132991987,3.925697896964491e-05,0.0207654316120681,0.001089876615648,0.0004006795063944,-0.563457548548338,2.817778914084468,1.0006121718682706,-0.00019221914788,1.0007528894323856,-9.640428934091636e-06,-1.9928712771048257e-06,0.000214034902104,71.0,100.0,100.0,-2.1875945681886945e-05,-0.0003482759907854,-0.2604727196201913,44.0,0.0,-1.4169574709698875e-05,0.0006307524416888,0.0013544097747856,0.9430474249888914,-0.948372408451268,0.8572382643930005,1.432381213275728,0.1257693872890334,0.5806451612903226,0.0048834225777693
matr,matr_b2c30,50,1.0687631999999998,466.0,0,1,1.0040115527929856,0.0053991379942722,1.0054066401681585,7.156940367891583e-05,1.4486260027780786e-06,0.0054994408490112,0.0002139856611827,0.0002349189624605,-1.8167449184192503,0.1065127921831083,1.0022298671960264,0.0001124820415472,0.9997191883228084,0.0002335079538808,-3.1142028884989592e-06,-7.131551183588119e-05,50.0,50.0,50.0,0.0003143496937538,-7.415930980648678e-06,0.2118853723364688,13.0,0.0,-2.52727997164134e-05,0.0002476054184816,0.0009292048977734,0.7071776335826149,3.54683387661332,0.6987054004293272,2.043484670184088,0.2138287800396623,3.363636363636364,0.0004044862323104
matr,matr_b2c30,100,1.0687631999999998,466.0,0,1,1.002325866010357,0.0037134512116434,1.0037186111013772,7.914235849603249e-06,8.600565804150004e-07,0.0054994408490112,0.0011511436771026,0.0002967096680843,-2.247576591702716,-0.4330489935772095,1.0022298671960264,3.78923593024848e-05,1.000853474200478,0.0001172660897928,-1.072076999444045e-06,-7.88372663150663e-06,100.0,100.0,100.0,0.0001650275269825,-3.912486637948063e-05,-0.1727446638710305,27.0,0.0,-1.2958421974188077e-05,0.0004400498377788,0.002240907995335,0.0594751825044701,7.018516024565869,0.7457097029536432,1.8784605612628245,0.3711156280935267,1.1777777777777778,0.0004572575103633
matr,matr_b2c31,50,1.07547345,474.0,0,1,1.004234181699232,0.0062743529373039,1.0062871798608246,7.05716336998816e-05,1.6223335289434628e-06,0.0063653826135828,0.0003107468622306,0.0003099004139448,-2.319905582960007,0.0838291478731559,1.0026350720233956,0.0001307156861937,0.9997849033902148,0.0002516070770217,-3.481450833114304e-06,-7.030210513173705e-05,50.0,50.0,50.0,0.0003933115725414,-8.400918716249973e-06,0.3721877084223384,12.0,0.0,-3.062283178928543e-05,0.0002845433726051,0.0005660762708739,0.6139743023512014,6.411565121319125,0.6370997226217262,2.2610450643868365,0.3746934494414107,2.6923076923076925,0.0004170256364766
matr,matr_b2c31,100,1.07547345,474.0,0,1,1.002821687508883,0.0048618587469546,1.0048717980492123,1.1769118195961516e-05,9.257984960777328e-07,0.0063653826135828,0.0012897575481754,0.0003184063813281,-3.185124280778484,-0.325952502766184,1.0026350720233956,4.961080354035394e-05,1.001092749296845,0.0001140860986371,-1.0031076513840052e-06,-1.1720583794476382e-05,100.0,100.0,100.0,0.0001752218785696,-3.715698218874624e-05,-0.0265729310350451,27.0,0.0,-1.825137196960136e-05,0.0004320803544717,0.0025605467061969,0.1221845257753152,13.44670669978239,0.6389671503042429,2.3582360423285373,0.4599279772569939,1.5128205128205128,0.0003252521017602
matr,matr_b2c32,50,1.0761951,500.0,0,1,1.00416374317259,0.005955425740184,1.0059661151246493,6.7807919791141e-05,1.674110315438296e-06,0.006188283146801,0.001944350053257,0.0009104526694926,-1.678568354973872,0.1089903651084371,1.0024078347875771,0.0001240713695871,0.9997366137257055,0.0002235796159493,-2.9956095415059603e-06,-6.757786175294216e-05,50.0,50.0,50.0,0.000302971035694,-3.061452593232254e-05,-0.4219853053259535,15.0,0.0,-1.2229847662062146e-05,0.0015487022179414,0.0037563820909426,0.5492964166099679,3.662519859531171,0.5645267294561923,2.386220570388237,1.845826690498331,1.5263157894736843,0.0006977359402585
matr,matr_b2c32,100,1.0761951,500.0,0,1,1.0030844778981058,0.0048761604656998,1.0048849126785904,1.656757966279013e-05,1.0968876253167477e-06,0.006188283146801,0.0021409686775196,0.000902799766258,-2.204999684507728,-0.0984243532677698,1.0024078347875771,4.975673944591749e-05,1.0009744426917586,9.73447535735853e-05,-7.919330775573644e-07,-1.650564131326598e-05,100.0,100.0,100.0,0.0001584153120643,-1.2102379707101445e-05,-0.4331846079666828,27.0,0.0,-1.57724438664744e-05,0.0015323038651516,0.0045402548292593,0.2043623215940735,6.948838016312603,0.4785357723858811,2.871352338387424,1.6280142980070358,1.3902439024390243,0.0004803961660853
matr,matr_b2c33,50,1.080848,499.0,0,1,1.0040038932393822,0.0056655514929018,1.005674981372538,6.761589048598409e-05,1.5337951509367738e-06,0.0058423571121934,0.001552577235652,0.0005370818049058,-2.1111088746655127,0.0745267885653439,1.0023713787692623,0.0001180323227687,0.999694845228116,0.0002420856388103,-3.355187467778014e-06,-6.737427566911924e-05,50.0,50.0,50.0,0.0003431069896012,-1.2550363200913172e-05,-0.2598683746895842,13.0,0.0,-1.0844518929351965e-05,0.0008575345672818,0.0032076665729132,0.596156356788701,5.034174529485112,0.6448097292108091,2.1996430316941,0.9911920400472728,2.0,0.0003738731070417
matr,matr_b2c33,100,1.080848,499.0,0,1,1.0036481540420112,0.0053098122955308,1.0053186500743243,1.9140126178306647e-05,9.452501476321048e-07,0.0060545053513538,0.001552577235652,0.0004311221161665,-3.114507294167876,-0.1196688000278335,1.0023713787692623,5.418175811766238e-05,1.000991457326847,0.0001038499828887,-8.304887912791139e-07,-1.906398947871933e-05,100.0,100.0,100.0,0.0001687449999001,-1.8176629750966e-05,-0.2972665339668536,21.0,0.0,-3.871530578284124e-06,0.0006946093596863,0.0032076665729132,0.3165101696610152,11.732192315704047,0.5806213673958805,2.5933826472099826,0.8076150343972034,1.7222222222222223,0.0002628491702811
matr,matr_b2c34,50,1.0705366,483.0,0,1,1.0047048368080085,0.0062794676987223,1.0062893711367975,7.09710076465342e-05,1.8368960344312952e-06,0.006401088949224,0.0015035450446064,0.0007959432652549,-1.939764835354964,0.1293138240719882,1.002890139393646,0.0001308222437233,1.000055893854398,0.0002431753556238,-3.311622076486656e-06,-7.068787420376882e-05,50.0,50.0,50.0,0.0003578040280848,-2.627628077329737e-05,-0.376002739162203,15.0,0.0,-8.240051387075966e-06,0.0013330157163379,0.0027333021589358,0.5484125211172415,4.6913661308416295,0.5667104731077895,2.417959313831932,0.8924800831804366,1.8235294117647056,0.0005578510814109
matr,matr_b2c34,100,1.0705366,483.0,0,1,1.003880577273117,0.0054552081638311,1.005463811650437,1.95479771402014e-05,1.1146036146122984e-06,0.006401088949224,0.0015035450446064,0.0006520513604799,-2.9014750620558742,-0.0856525028119763,1.002890139393646,5.566538942684871e-05,1.0013811950627551,0.000104738308886,-8.351993308417898e-07,-1.9462060153677e-05,100.0,100.0,100.0,0.0001771476098994,-1.798695687023286e-05,-0.3817167729731164,16.0,0.0,-7.136800540559445e-06,0.0010881785445375,0.0027333021589358,0.2799806564703239,10.887463362303905,0.4926246316237195,2.7916883366762404,0.849989652052915,1.3333333333333333,0.0003185318465523
matr,matr_b2c35,50,1.07004715,449.0,0,1,1.003782216512609,0.0050209002472461,1.0050271272680251,6.455985779387775e-05,1.4298932039155167e-06,0.005389014867242,0.0013482583454384,0.0005453043961065,-2.0729440636763656,0.0369185251653431,1.0024930209851033,0.0001046020884842,0.9999222661809828,0.0002353703201152,-3.284816583104728e-06,-6.432251525738946e-05,50.0,50.0,50.0,0.0003028629368132,-3.208668490378525e-05,-0.2484717814854418,16.0,0.0,-5.257274798489048e-06,0.0008702023259754,0.0024171832054318,0.5829771380060134,4.784788616585257,0.6427560220599983,2.1894012209581684,0.2943443222771972,2.0,0.0002490544458717
matr,matr_b2c35,100,1.07004715,449.0,0,1,1.001684365030083,0.0029230487647202,1.002926673988186,-2.6208336561562456e-07,9.18119753878994e-07,0.005389014867242,0.0013482583454384,0.0003953311972863,-1.912840936060212,-0.6614463636590522,1.0024930209851033,2.9827028211430924e-05,1.001078050905603,0.0001148350153461,-1.1284029285471817e-06,2.628839335641183e-07,100.0,100.0,100.0,0.000157082147593,-5.667478825789416e-05,-0.2052193873411172,22.0,0.0,-5.442481053481725e-06,0.0006157304470527,0.0024171832054318,6.109763680528513e-05,5.513367714883106,0.7754217239088165,1.7145567833526556,0.4036319270265033,1.0,0.0004236261925466
matr,matr_b2c36,50,1.08043095,513.0,0,1,1.0050576577799812,0.005705501124343,1.0057091997914296,8.793787897547085e-05,2.290151185577981e-06,0.006354316303138,0.0008831661107079,0.0003747287207181,-1.7925037181360983,0.0983894998368194,1.0027363618193277,0.0001188646067571,0.9996945745882804,0.0003025444852312,-4.127050120305589e-06,-8.753476104506137e-05,50.0,50.0,50.0,0.0003876697068427,-1.3894028546207305e-05,-0.1577860200512353,16.0,0.0,1.3473741018351187e-05,0.0005692602392974,0.0022704829031413,0.6753327559684414,2.912203663820818,0.7431408784762022,1.9270162480201063,0.1850650427397055,1.6666666666666667,0.0004301987091354
matr,matr_b2c36,100,1.08043095,513.0,0,1,1.0044494745360637,0.0050973178804254,1.0051006222846246,2.2264967557146425e-05,1.3490610580552049e-06,0.006354316303138,0.0008831661107079,0.0002811386406694,-2.9061864201639187,-0.147552104754194,1.0027363618193277,5.201344775944383e-05,1.0013227838851306,0.0001325748320407,-1.0814692596437596e-06,-2.2152104608757343e-05,100.0,100.0,100.0,0.0002180818601172,-1.7889359233293605e-05,-0.1111864514881049,22.0,0.0,3.62493766525358e-06,0.0004172391504943,0.0022704829031413,0.3000940307168233,9.120310978601628,0.6463347850711015,2.29648508978136,0.1759207855847905,1.1777777777777778,0.0002588781818959
matr,matr_b2c37,50,1.0765482,461.0,0,1,1.004441881933387,0.0060503561289684,1.006060103649311,8.63752428780241e-05,1.863001443565618e-06,0.0060503561289684,6.585863967806908e-05,0.0002110915811524,-1.4521747400188314,0.2266886601158802,1.0019767809746,0.0001260490860201,0.999483546186046,0.0002359016439926,-2.8755077137440208e-06,-8.606899952470621e-05,50.0,50.0,50.0,0.000311955994479,1.1124976500425715e-05,0.4853107292282951,14.0,0.0,-2.516909570872372e-05,0.0001363081921415,0.0005774009932858,0.8009314869835529,2.1130441433774454,0.7251558895143205,1.9953324500685805,0.1453658502715254,2.6923076923076925,0.0007315975262416
matr,matr_b2c37,100,1.0765482,461.0,0,1,1.004381410883414,0.0059898850789959,1.005999535176513,3.2558113495213345e-05,1.4696323242573536e-06,0.0063698030427249,0.0001776046813323,0.0001718751502521,-2.177269037521167,-0.0190513950903646,1.0019767809746,6.11212763162859e-05,1.000524811666135,0.0001272284768743,-9.281408174430648e-07,-3.241392036221613e-05,100.0,100.0,100.0,0.0001769032446156,-1.1142860196113767e-05,0.419200050953645,21.0,0.0,-1.3350228952549843e-05,0.0001395291294204,0.0005774009932858,0.5890533083984184,5.199642471675022,0.6963083391925262,2.163656677133485,0.1198535229603931,1.5128205128205128,0.0002622269955026
matr,matr_b2c38,50,1.0714282000000002,451.0,0,1,1.0039446413674755,0.005324575179186,1.0053319328936678,6.649932781501679e-05,1.3494733153679755e-06,0.005324575179186,0.001149027064996,0.0003969224757867,-2.09479525902678,0.1080817265638461,1.00230458746559,0.0001109286495663,0.9998234855043602,0.0002205678627796,-2.962856441629624e-06,-6.627158131177784e-05,50.0,50.0,50.0,0.0003208347499173,7.266622565740129e-06,-0.1478523109569714,13.0,0.0,-6.017023362496028e-06,0.0006059549039036,0.0025891608975758,0.6553905956475412,4.983159475106551,0.6465388297489568,2.208550579654323,0.1928028342615375,1.8235294117647056,0.0003981601380287
matr,matr_b2c38,100,1.0714282000000002,451.0,0,1,1.0029808810333718,0.0043608148450823,1.0043668407963475,1.5360891905202077e-05,8.063707741206224e-07,0.0054120285428365,0.001149027064996,0.0002958233905846,-3.08805662836938,-0.265268627016102,1.00230458746559,4.449811066410657e-05,1.000903688328916,0.0001065245127228,-8.937609884087136e-07,-1.5301804836305675e-05,100.0,100.0,100.0,0.0001536491199316,-2.82014474576826e-05,-0.118561089857274,21.0,0.0,-4.271204229825532e-06,0.000443000842796,0.0025891608975758,0.2389697431399901,11.72377746320493,0.6490445270405021,2.32117426505187,0.2667706865175979,1.2790697674418603,0.0002646000917281
matr,matr_b2c39,50,1.08057815,442.0,0,1,1.005677747602059,0.0076367451997802,1.0076517349301268,9.497870021080844e-05,2.686786996861e-06,0.0076367451997802,0.0002679121357395,0.0003784564990483,-2.1045592418720225,0.1225205918551137,1.0032966148723257,0.0001590988583286,0.9998555710213805,0.0003107505215236,-4.149458102171683e-06,-9.450961159184036e-05,50.0,50.0,50.0,0.0004691314707623,1.7117876015909724e-05,0.2707943564389352,13.0,0.0,-1.4617864224671784e-05,0.0004521369170421,0.0020550110142428,0.6715049242299749,5.18712546722837,0.6430096622846752,2.207962374139393,0.1573921737514293,3.363636363636364,0.0005762655852332
matr,matr_b2c39,100,1.08057815,442.0,0,1,1.005309888970085,0.0072688865678062,1.007283154249485,2.9487528938247437e-05,1.737621532163718e-06,0.0077926802425164,0.0003332475305001,0.0002982595332077,-3.0976304453912955,-0.084405417678204,1.0032966148723257,7.417231191639037e-05,1.001458659902511,0.0001421705232886,-1.1047352387300125e-06,-2.9321740709027235e-05,100.0,100.0,100.0,0.0002195490160199,-1.8305900893656023e-05,0.2152112414599682,21.0,0.0,-6.784264363527229e-06,0.0003682442007746,0.0020550110142428,0.4086640175726115,11.545078393394004,0.6056382554526862,2.5076622471442582,0.2005104903993285,2.2666666666666666,0.0002346891800467
matr,matr_b2c4,50,1.07429175,247.0,0,1,0.9986314239125452,-7.05581142179005e-05,0.9999293501810472,-3.540783678063936e-05,5.795539350461987e-07,0.0026302910731649,0.0002936818606305,0.0002361046618373,-0.6445742437092489,-1.726910392061779,1.000904456354617,-1.4699607128729273e-06,0.9999610296391784,0.0001040757316673,-2.682376316307793e-06,3.538147301902286e-05,50.0,50.0,50.0,0.0001532793891572,-0.0001331174636749,0.2660140832729434,15.0,0.0,-2.7630277085718585e-05,0.0002338101989314,0.0008164448810111,0.4326482246673423,-0.6579829595624629,0.9149709249939212,0.9320916470971062,0.4344526449814166,0.7777777777777778,0.0005125237162064
matr,matr_b2c4,100,1.07429175,247.0,0,1,0.991435892531056,-0.0072660894957071,0.9927244667313452,-9.93678860379408e-05,8.84686160370425e-06,0.0098258224546542,0.0003951440565375,0.0001987201860481,-0.548452056284819,4.03244075771886,1.000904456354617,-7.414377036435934e-05,1.0008477565538412,1.387361940957247e-05,-1.1102108377210044e-06,9.951836854280918e-05,100.0,100.0,100.0,4.703592329347178e-05,-0.0001548924634785,0.2718037786130011,39.0,0.0,-1.4747668842353312e-05,0.000205570704072,0.0008164448810111,0.9114811626239844,-1.003840152648407,0.8900296583826472,1.2365318304937367,0.1144103511777442,0.380281690140845,0.0022051737807723
matr,matr_b2c40,50,1.0793791,476.0,0,1,1.0030436016409805,0.0056628852643154,1.0056777569200337,5.133135317880758e-05,1.203406729174899e-06,0.0060852577189978,0.0009854739636889,0.0005896331230738,-2.5788637891324453,-0.0241924686181373,1.00207962151574,0.0001179767763398,0.9994912430826326,0.0002283278177587,-3.4037781650004483e-06,-5.117830446386869e-05,50.0,50.0,50.0,0.0003496619789727,-3.121387878602914e-05,-0.2196746918505414,13.0,0.0,-4.442861562627921e-05,0.0008809544544897,0.0017941796353107,0.4379081079218253,8.89929273811783,0.6120466056317612,2.321661282384375,0.8888917576860407,2.0,0.0003820715075915
matr,matr_b2c40,100,1.0793791,476.0,0,1,1.0004301547065344,0.0030494383298694,1.0030574466498086,-1.846494807547143e-05,2.40535994182104e-06,0.007780862164183,0.0063358647578037,0.0012287778735989,-1.7610997617565451,-0.5091152367703016,1.00207962151574,3.1116717651729206e-05,1.0013236925995308,5.889927947831543e-05,-7.58472819154712e-07,1.8423844282913604e-05,100.0,100.0,100.0,0.0001523211454339,-4.377198448388336e-05,-0.4428945709215358,21.0,0.0,-1.853681197151325e-05,0.0020867147988371,0.0109934498453786,0.1157606447555631,3.797141408227146,0.5828811851906132,2.573709013850769,0.7949298748698876,1.3333333333333333,0.0007853589160657
matr,matr_b2c41,50,1.07089255,416.0,0,1,1.0045139449331308,0.0070236738503783,1.0070413457193466,8.314257607463388e-05,2.097581396609504e-06,0.0073806657820151,0.0008433152326999,0.0004908527545913,-1.934432512748756,0.102369633175677,1.0022462104157883,0.0001463265385495,0.9993512727784865,0.0002784655463086,-3.756210966040191e-06,-8.281950825337006e-05,50.0,50.0,50.0,0.0003858065336781,-2.5479040530550448e-05,-0.1083198476777368,13.0,0.0,-4.0266669700658295e-05,0.0006801647510494,0.0013006907182236,0.6591103417963493,4.644156125381347,0.6748155402806862,2.154424659199096,0.8023464725249373,1.6666666666666667,0.0005641088828193
matr,matr_b2c41,100,1.07089255,416.0,0,1,1.0026201041364982,0.0051298330537456,1.005142739936879,1.5544570969595818e-05,1.2150010917893638e-06,0.0073806657820151,0.0008433152326999,0.0004580828017433,-2.789855534357728,-0.2851893377657206,1.0022462104157883,5.234523524230326e-05,1.000771447350622,0.000131057983694,-1.1324844384752728e-06,-1.5477613508407963e-05,100.0,100.0,100.0,0.0001956580822311,-3.256377528057548e-05,-0.2231705815281773,27.0,0.0,-2.8407751538223625e-05,0.00068517591748,0.0013818379817842,0.1624148148893782,10.64436877490668,0.658428506101226,2.290288736230822,0.8775327215747514,1.3902439024390243,0.0003949976120386
matr,matr_b2c42,50,1.08027985,444.0,0,1,1.0032398549320347,0.0053281564031764,1.0053393064847636,6.37176447890852e-05,1.2057648699953858e-06,0.0056343733524234,0.0005789240630562,0.0003306013344419,-1.9648888666833253,0.0996863851469262,1.001682943544675,0.0001110032583994,0.9994560881680944,0.0002082881707873,-2.780202423044095e-06,-6.353468667186136e-05,50.0,50.0,50.0,0.0002716027638643,-2.572209685949036e-05,0.1869625207630221,21.0,0.0,-3.3385754114366825e-05,0.0003608845697186,0.0008091421866285,0.6734212214166018,5.133446251039416,0.6701845408008112,2.160191471880211,0.8574502318512216,2.4285714285714284,0.0003928611646323
matr,matr_b2c42,100,1.08027985,444.0,0,1,1.0021625414932993,0.004250842964441,1.0042597385827905,1.0961209522336291e-05,6.944350187346317e-07,0.0056343733524234,0.0005789240630562,0.0002745619393595,-2.7912990308896326,-0.3174555254743305,1.001682943544675,4.3375948616745936e-05,1.0004819759886252,0.0001018459842333,-8.910272030493615e-07,-1.0926061757310335e-05,100.0,100.0,100.0,0.0001463206602154,-3.037457699343828e-05,0.0844630482103546,21.0,0.0,-1.4652560611382255e-05,0.0003353006382546,0.0008091421866285,0.1412961001053975,11.226129282060608,0.6998920053462032,2.186871935264271,0.7889382452016209,1.7222222222222223,0.0003026993422122
matr,matr_b2c43,50,1.0758284,443.0,0,1,1.0042310651029478,0.0063353040317581,1.006348663135875,7.496009017567933e-05,1.791720092244312e-06,0.0065766994067082,0.0003478249877024,0.0003042071882289,-2.1310277132003743,0.076082971119143,1.0022961840382725,0.0001319855006615,0.9995718830858332,0.0002718645593645,-3.786624407479796e-06,-7.466677698681692e-05,50.0,50.0,50.0,0.000370193179195,-1.9573467578746555e-05,0.4188529325345698,16.0,0.0,-3.261613255620103e-05,0.0002406867618532,0.0008254104464986,0.6272201939876372,5.300940370827508,0.6834276003478884,2.131697957069466,0.3084330165568198,3.0,0.0003861210579679
matr,matr_b2c43,100,1.0758284,443.0,0,1,1.003020184259869,0.0051244231886793,1.0051352289373177,1.1629390152157257e-05,1.0057484165066522e-06,0.0065766994067082,0.0003478249877024,0.0002433660528166,-2.99423078300709,-0.3450085199664725,1.0022961840382725,5.22900325375451e-05,1.0010011578938938,0.0001216603317907,-1.078734721947257e-06,-1.158042006518563e-05,100.0,100.0,100.0,0.0001909642273158,-3.554967300184993e-05,0.349473691704356,16.0,0.0,-1.795212141811457e-05,0.0002239334067371,0.0008254104464986,0.1098169439706314,11.868483027652736,0.6853370298613823,2.21592508318338,0.4298565612323236,1.5128205128205128,0.0003134328857649
matr,matr_b2c44,50,1.07264615,442.0,0,1,1.0038732717215273,0.005513281337,1.0055223380244602,7.48288972756084e-05,1.5801267004890914e-06,0.0058729526041743,0.0002821060794371,0.0002660712645136,-1.7461107356898944,0.1294306407393882,1.0017530012110705,0.0001148600278541,0.9995408295194912,0.0002422201193449,-3.2190619628731064e-06,-7.456549719200777e-05,50.0,50.0,50.0,0.0002986203661048,-2.077666897514176e-05,0.2561327789170921,16.0,0.0,-2.8928260483703724e-05,0.0002737422641298,0.0007750925130342,0.708723403730948,3.2799320766308853,0.7285468617280267,1.993871664833888,0.3612938897950269,1.6666666666666667,0.0004038610496108
matr,matr_b2c44,100,1.07264615,442.0,0,1,1.0034622321629552,0.005102241778428,1.005110623249699,2.076465572067603e-05,9.898515898965067e-07,0.0059344826809847,0.0003092352496673,0.0002316934195363,-2.7496023929153743,-0.1373847715035294,1.0017530012110705,5.206369161661277e-05,1.0007761069752763,0.0001132277009282,-9.06500443211791e-07,-2.0681012185763067e-05,100.0,100.0,100.0,0.00017533149415,-1.4545256181169408e-05,0.1211517987964724,22.0,0.0,-1.5834239541599505e-05,0.0002785456075302,0.0007750925130342,0.355733048744045,8.864439390059353,0.6563959487113447,2.319594273792797,0.5145686100448251,1.0851063829787233,0.000237450160055
matr,matr_b2c45,50,1.0721079,470.0,0,1,1.0027970132483868,0.0043223261390014,1.004328929110376,4.828277726409717e-05,8.97225951151079e-07,0.0048368265918009,0.0003191842910586,0.0002741381956715,-2.390737379272617,0.0218020153018386,1.0017418955685335,9.004846122919832e-05,0.9997936644152876,0.0002039863935807,-2.994300313782898e-06,-4.814061381537192e-05,50.0,50.0,50.0,0.0002816137067176,-2.7426526568987244e-05,0.1896275247091606,16.0,0.0,-2.6493840143469485e-05,0.0003115130058859,0.0006710145499348,0.5196520625252269,6.688130016026204,0.6729646747798377,2.1552943784841063,0.5701854694251104,1.5263157894736843,0.0001775007907319
matr,matr_b2c45,100,1.0721079,470.0,0,1,1.00087015495362,0.0023954678442347,1.0023991272639767,-6.585565325091837e-06,6.912730226603324e-07,0.0048368265918009,0.0003191842910586,0.0002383664414794,-1.4950526065800334,-0.8629632195268325,1.0017418955685335,2.44435494309666e-05,1.0008835402302676,9.007320444596896e-05,-9.47634997755524e-07,6.566719827034533e-06,100.0,100.0,100.0,0.0001423336620112,-5.058636679970943e-05,0.0573373818475547,22.0,0.0,-1.4615200732080968e-05,0.0003051856755982,0.0006710145499348,0.051236722979329,3.496390669689223,0.847711899561395,1.4098187340581505,0.7251732072793537,0.9215686274509804,0.0004554578881471
matr,matr_b2c46,50,1.0747026,417.0,0,1,1.0046101126023144,0.0065537200710222,1.0065664827359109,8.381755936907881e-05,2.0038437707559493e-06,0.00668222073716,0.0001529725525926,0.0002764663109387,-1.921941146241198,0.1401876996291108,1.0023329244760366,0.0001365358348129,0.9996508837730508,0.0002692459843696,-3.565931250011586e-06,-8.34755234117474e-05,50.0,50.0,50.0,0.0003808667918626,-4.679453626533274e-06,0.4497920085230094,16.0,0.0,-3.348972019022049e-05,0.0001989247207645,0.0008800574223975,0.7011907176712652,4.247574660472756,0.6915689104509933,2.1120041534946448,0.1559348016207597,2.2,0.0006084473974474
matr,matr_b2c46,100,1.0747026,417.0,0,1,1.004482263279162,0.0064258707478701,1.006438384439954,2.7337663239384047e-05,1.3428509377196158e-06,0.0068709241049569,0.0002342973767812,0.000217400645367,-2.861676338719251,-0.0551492748499973,1.0023329244760366,6.557010967214463e-05,1.0010372446275384,0.0001238594692816,-9.462922161009868e-07,-2.7208760924294736e-05,100.0,100.0,100.0,0.0001920783358637,-1.1382157987355922e-05,0.4009011657782308,16.0,0.0,-1.7733028615321458e-05,0.0001804782523499,0.0008800574223975,0.4545061891516271,9.712657784454905,0.6190158909369471,2.452196064665481,0.144806289297063,1.2272727272727273,0.0001694422252257
matr,matr_b2c47,50,1.04458845,705.0,0,1,1.0049416112154026,0.0072879419641295,1.0073050821028895,7.400395195771994e-05,2.672383748168248e-06,0.0077664079092584,0.0001300033520378,0.0003503974819715,-2.60856697806668,-0.0643468711427833,1.0038899051583423,0.0001518321242526,0.999795958356544,0.0003783781507359,-5.853349976504832e-06,-7.360337583996393e-05,50.0,50.0,50.0,0.000574612486318,-3.617779718977529e-05,0.70966399062418,13.0,0.0,-3.388283397282197e-05,0.0001642913946033,0.0008080694363412,0.4098651557145796,7.341627684936583,0.6880967511799541,2.124550778475029,0.0852442798696097,1.8235294117647056,0.0001352685835266
matr,matr_b2c47,100,1.04458845,705.0,0,1,1.00233053505426,0.0046768658029868,1.0046878650849815,-9.145580697691463e-06,1.7593563009710925e-06,0.0077664079092584,0.0001655197317183,0.0002689442454004,-1.940528408062926,-0.7144124697409431,1.0038899051583423,4.7723120438641336e-05,1.0021378369100529,0.0001313611366995,-1.3775168372282395e-06,9.099867732163417e-06,100.0,100.0,100.0,0.0002590157167513,-6.16282650962424e-05,0.7040823791037927,18.0,0.0,-1.604735970222479e-05,0.0001355622090685,0.0008080694363412,0.0388251910310788,6.035584796183443,0.7923534470167628,1.7266592736181017,0.1335313926245226,0.6610169491525424,0.0007982090937345
matr,matr_b2c5,50,1.0694931,464.0,0,1,1.002903338039301,0.0042851141349112,1.0042910433961014,5.2592777124892046e-05,9.04688662073315e-07,0.004680067594639,0.00019626120075,0.0002301379538217,-2.105497571375973,0.0513116204105036,1.0016866868986811,8.927321114398664e-05,0.9997372487818292,0.0001961702216214,-2.761104701857329e-06,-5.2442767013172245e-05,50.0,50.0,50.0,0.0002562556377068,-3.176002993113711e-05,0.3485849698107539,14.0,0.0,-2.1296627107440243e-05,0.0002261989404026,0.0006468484929916,0.6114811253118575,5.154071975634864,0.696759903138743,2.093733157982209,0.4635727389154451,1.6666666666666667,0.0002476874324856
matr,matr_b2c5,100,1.0694931,464.0,0,1,1.001170554536537,0.0025523306321472,1.002555862261524,-1.063737450883242e-06,5.928070272241183e-07,0.004680067594639,0.000237682692857,0.0001997210883217,-1.822624517268276,-0.6586956947203703,1.0016866868986811,2.604419012395197e-05,1.0007376592542023,9.24742020979918e-05,-9.170386230282948e-07,1.060629554842584e-06,100.0,100.0,100.0,0.0001387189468746,-4.478188128890306e-05,0.1950504403799112,28.0,0.0,-1.2705701227819342e-05,0.0002319727508686,0.0006468484929916,0.0015588358524615,5.34151184180724,0.8237263700215673,1.5402571400777183,0.6646847158961836,0.9215686274509804,0.0003978520291527
matr,matr_b2c6,50,1.0707162499999998,475.0,0,1,0.9958148108801004,-0.0023386214601672,0.997657052128064,-0.0001077947321977,3.183148741372206e-06,0.0058802693991054,0.0004706195502309,0.0003200453244606,-0.4985799695275731,-7.260673019855339,1.0016461410761257,-4.872128042015178e-05,1.0002112558103908,0.0001198335669836,-4.377467291952613e-06,0.0001077739700497,50.0,50.0,50.0,0.0002472598178042,-0.0002101641996897,0.3966975655777718,15.0,0.0,-3.1529898297594244e-05,0.0002861608687384,0.0008223467235131,0.730076112282696,-0.9655199480870912,0.947116697960753,0.8460039674873538,0.2666286632539486,0.5,0.0015097370568533
matr,matr_b2c6,100,1.0707162499999998,475.0,0,1,0.9827059223206898,-0.0154475100195779,0.9845239123374452,-0.0002002265741549,3.4526646941315346e-05,0.018989157958516,0.0005819468976956,0.0002716618515426,-0.4530903208325294,2.486104336613401,1.0016461410761257,-0.0001576276532609,1.0016277624844636,-2.942948419952387e-05,-1.674481274072935e-06,0.0002011306312461,75.0,100.0,100.0,2.4832341252239817e-05,-0.0002904334608603,0.3176689516757019,29.0,0.0,-1.7000856000368878e-05,0.0002775530323477,0.0008223467235131,0.948274035140149,-1.0835340692616444,0.8813858843679581,1.3077275650553517,0.0818725343506125,0.240506329113924,0.0048942004942951
matr,matr_b3c0,50,1.0684966500000002,985.0,0,1,1.0023052482195427,0.0032800290014946,1.003283229430446,3.3945137128996425e-05,5.255537634889993e-07,0.0036650559456595,0.0002275159215518,0.0001735128181755,-2.340327429505912,-0.1462160624245245,1.0017992101332278,6.833393753113927e-05,0.9998546169752996,0.0001683235679071,-2.584200591887418e-06,-3.38645703409738e-05,50.0,50.0,50.0,0.0002502221588261,-1.6973066163218006e-05,0.4326983750017921,12.0,0.0,-1.528295594941101e-05,0.000154844682926,0.0003976615181711,0.4384983667728708,6.151976021493024,0.6785449366780689,2.090152061784728,0.4466753767548272,1.2857142857142858,0.0002094531601945
matr,matr_b3c0,100,1.0684966500000002,985.0,0,1,1.000896352833675,0.0018711336156269,1.0018729593403974,-5.003474202391934e-06,3.691053376913578e-07,0.0036650559456595,0.0002275159215518,0.0001479852811969,-1.4659547561867854,-0.7226259337374611,1.0017992101332278,1.909320015945897e-05,1.0009094488599266,5.869847731162435e-05,-6.245289364118328e-07,4.992510730410756e-06,100.0,100.0,100.0,0.0001043875828797,-2.9658370538886595e-05,0.3270940960984927,29.0,0.0,-8.535935565826777e-06,0.0001540677229131,0.0004399639437334,0.0553908250276099,3.8763620178574376,0.7985146378863889,1.5923297811033406,0.4902616447682413,0.8846153846153846,0.0003794115779399
matr,matr_b3c1,50,1.06646465,1033.0,0,1,1.0015674687388842,0.0028842962586709,1.0028880993874243,1.9032520397270764e-05,3.622021751903703e-07,0.0034502784503919,0.0001944743316152,0.0002044856315241,-3.1653670593248227,-0.28367236080578,1.0016853348116137,6.008950538897876e-05,0.9999952478898884,0.0001403807000774,-2.3336188400042057e-06,-1.899502569753133e-05,50.0,50.0,50.0,0.0002421486797457,-3.395245300354812e-05,0.4440070862378523,9.0,0.0,-1.984883897124832e-05,0.0001613014037603,0.0005267872685698,0.2000191370919823,12.169662697793948,0.6254783110454146,2.2980613585052234,0.3310813879863365,1.0869565217391304,9.695586253130848e-05
matr,matr_b3c1,100,1.06646465,1033.0,0,1,1.000012236692515,0.0013290642123018,1.0013308166683146,-1.380199592595614e-05,4.336125162093866e-07,0.0034502784503919,0.0001944743316152,0.0001600709242876,-0.7394731679841053,-1.4044469111515483,1.0016853348116137,1.3561879717365771e-05,1.0009986470874943,3.6727492863931575e-05,-4.953871449987666e-07,1.378130901080882e-05,100.0,100.0,100.0,8.180083198459619e-05,-2.7230564822404625e-05,0.3906177463897947,31.0,0.0,-1.1197030406398571e-05,0.0001423159484471,0.0005267872685698,0.3587788304280526,0.5663054348624983,0.8491476911263627,1.2665566715219312,0.303682413798222,0.7636363636363637,0.0005077524135468
matr,matr_b3c10,50,1.06277475,1046.0,0,1,1.002025405665688,0.0029664799620051,1.002969274269699,3.081063537324485e-05,4.174010470673061e-07,0.0030356385489963,0.0012668724017013,0.0003829338317108,-2.1475287022046348,0.0314407521917238,1.0014416507354922,6.180166587510682e-05,0.9999603211401062,0.000124960355325,-1.8105715375364328e-06,-3.075171782067754e-05,50.0,50.0,50.0,0.0002014146380579,-6.900724809143447e-06,-0.3648709084032015,16.0,0.0,-8.64657511117091e-06,0.0006326571925292,0.0025033526624527,0.4548600243204082,5.107977619135589,0.5705464899062158,2.444758930061135,0.4541602197610094,1.5263157894736843,0.000111124205764
matr,matr_b3c10,100,1.06277475,1046.0,0,1,0.9996388228079376,0.0005798971042547,1.0005804433445669,-2.7060911712096018e-06,3.2363925121368665e-07,0.0030356385489963,0.0012668724017013,0.0003805023333228,-1.6520295342564797,-0.7603273153138956,1.0014416507354922,5.917317390355161e-06,1.000631450443469,5.535366998610475e-05,-5.692133446796483e-07,2.701012572727446e-06,100.0,100.0,100.0,8.92313503749894e-05,-3.125583576718157e-05,-0.3345584796161955,23.0,0.0,-1.9685873685403997e-05,0.0006077866223241,0.0025033526624527,0.0184785755834386,3.819527293086481,0.6449205028950605,2.260711048717776,0.5542442441335118,1.0,0.000365928904502
matr,matr_b3c11,50,1.068871,792.0,0,1,1.0012870589622136,0.002038412493182,1.002039945213221,1.3528483869099571e-05,2.578072258169353e-07,0.0025192937220673,0.0009269593805052,0.0002727082411082,-2.4937025807925317,-0.2189113684772843,1.0016219918025655,4.24669269412936e-05,1.000032476754167,0.0001183466350461,-2.0157336764832384e-06,-1.3505957837063385e-05,50.0,50.0,50.0,0.0001966381062174,-1.4475112499078817e-05,-0.2620688676324261,11.0,0.0,-1.0918261198927451e-05,0.0004315133989402,0.0022986871193999,0.1419819597500842,6.79554775218984,0.6473008904639967,2.213388989433964,0.4196497431001207,1.181818181818182,0.0001271435000105
matr,matr_b3c11,100,1.068871,792.0,0,1,0.9994656043619856,0.0002169578929542,1.000217121027605,-1.6542843560173562e-05,4.69014208965903e-07,0.0025192937220673,0.0009269593805052,0.0002029358152974,-0.5896329188446561,-2.710413229998151,1.0016219918025655,2.2138560505540435e-06,1.0007793915518648,3.829612750043241e-05,-5.376369711824142e-07,1.652225157020037e-05,100.0,100.0,100.0,7.7106185140552e-05,-3.997452330140034e-05,-0.2224559377514672,18.0,0.0,-6.937660314038546e-06,0.0003137841694758,0.0022986871193999,0.4765178297886215,-0.8829017302940878,0.920204416546682,1.0947345903366508,0.2486724188180674,0.6333333333333333,0.0004769518491942
matr,matr_b3c12,50,1.07516545,903.0,0,1,1.0013736025464732,0.002303831470775,1.0023059765568672,2.032260547929282e-05,2.700864449202899e-07,0.0025835093566296,0.0008673083756551,0.0002643783342522,-2.655003193124665,-0.1789957698106049,1.0012771522745638,4.799648897448106e-05,0.9998436282691058,0.0001207783515879,-1.931841271321652e-06,-2.029007334141704e-05,50.0,50.0,50.0,0.0001769179654313,-1.1373757712046956e-05,-0.1768443357877641,13.0,0.0,-1.4847789042359617e-05,0.0003995421138673,0.0021701776224299,0.3058341514239778,7.742832423279687,0.6232784213628884,2.233503370323527,0.2951170509392989,1.2857142857142858,0.0001226787932963
matr,matr_b3c12,100,1.07516545,903.0,0,1,1.0003430634792068,0.0012732924035085,1.0012744779597702,-6.212497995966366e-06,2.178373743815756e-07,0.0025835093566296,0.0008673083756551,0.0001931013377513,-1.2664278709724517,-0.9830148430981812,1.0012771522745638,1.2992779627639231e-05,1.0006273611635266,3.8239278309164e-05,-4.358017284817015e-07,6.203956183052632e-06,100.0,100.0,100.0,7.716167331954956e-05,-2.263546467684943e-05,-0.1527607873637557,17.0,0.0,-7.281545346703038e-06,0.0002871096490353,0.0021701776224299,0.1446921464170631,2.647653168758316,0.8158000402789821,1.6228910195162265,0.3532422677641887,0.75,0.0003162303997026
matr,matr_b3c13,50,1.06681655,794.0,0,1,1.002337374687335,0.0035170995425595,1.0035212536530156,3.124456054391401e-05,5.957291798066239e-07,0.0038307429707571,0.0001044228269611,0.0001786815518826,-2.689655533155983,-0.0918267564098959,1.0019683327934874,7.327290713665883e-05,0.9999489584258026,0.0001812817985564,-2.885331500242202e-06,-3.116353514009574e-05,50.0,50.0,50.0,0.0002863378245021,-3.4033679274408227e-06,0.6245128944655831,15.0,0.0,-1.9204083441106117e-05,9.704784890813702e-05,0.000343826686978,0.3277403883081755,7.910629735102773,0.6648767219693758,2.167981752599354,0.1779114063164018,1.8235294117647056,0.0001256073502044
matr,matr_b3c13,100,1.06681655,794.0,0,1,1.000458794907147,0.0016385197623715,1.0016404550479656,-1.1422013998874015e-05,5.639335424631763e-07,0.0038307429707571,0.0010993455247764,0.0002142429566896,-1.0733282845792391,-1.1220732518347876,1.0019683327934874,1.6719589411955035e-05,1.00107739090651,6.194233554541705e-05,-7.192583288655817e-07,1.1396447616278538e-05,100.0,100.0,100.0,0.0001247340082489,-4.299260017227829e-05,0.016172985214418,20.0,0.0,-9.591113638878306e-06,0.0002882181185965,0.0022356233599861,0.1889305891676906,1.289995548907788,0.8638248886336716,1.3882213389694955,0.2377157581733004,0.8490566037735849,0.0005095533997853
matr,matr_b3c14,50,1.0745428,834.0,0,1,1.00294525262279,0.0046550030394323,1.0046629755638454,5.005482426611525e-05,8.981046529265816e-07,0.0046890640372817,0.0009361190638474,0.0003255421583013,-2.3062847625199625,0.0283208812928169,1.0016523306470435,9.697922998814009e-05,0.9996117768227688,0.0001968641183341,-2.823255655155851e-06,-4.99196190267638e-05,50.0,50.0,50.0,0.0002789607307919,2.693615921496995e-05,-0.1150704917843778,13.0,0.0,-3.151068014050551e-05,0.0004485991013549,0.0021795316110254,0.5579495494530962,6.043479561427727,0.6410238421839473,2.2573676875342894,0.1356406530563899,1.8235294117647056,0.0001777500160996
matr,matr_b3c14,100,1.0745428,834.0,0,1,1.0017208248940852,0.0034305753107275,1.003436450783887,4.3144932027830265e-06,5.10720332382121e-07,0.0046890640372817,0.0009361190638474,0.0002411181284899,-2.815037025263861,-0.4784159675987957,1.0016523306470435,3.500587051762787e-05,1.000681719343051,8.432672321787539e-05,-7.844336275990647e-07,-4.302364771526783e-06,100.0,100.0,100.0,0.0001406009910527,-3.3215339908135085e-05,-0.0646291888957688,23.0,0.0,-1.5262305047320893e-05,0.0003228520064593,0.0021795316110254,0.0297660536306887,11.096883536829075,0.7258744736667834,2.1379177866282126,0.2693104596008008,0.8490566037735849,0.000268951595041
matr,matr_b3c15,50,1.06927045,850.0,0,1,1.0016518271874062,0.0024483983448714,1.002450350223185,1.946398622174962e-05,2.919959953262996e-07,0.0026735050987333,0.0010264942793471,0.0002798010692447,-2.761977737277833,-0.1538517978153616,1.0015281914879437,5.100829885148968e-05,1.0000496926395352,0.0001219045643735,-1.9700111183060183e-06,-1.942902603237246e-05,50.0,50.0,50.0,0.0001976898511353,-1.1029675694577337e-06,-0.2288326797301753,11.0,0.0,-8.596037945027981e-06,0.0004372379194512,0.0023227986895176,0.2594876407240445,8.106870249197382,0.600687367352817,2.342281051258847,0.3673322384127203,1.2857142857142858,0.0001145640936771
matr,matr_b3c15,100,1.06927045,850.0,0,1,1.0000831875602658,0.0008797587177312,1.0008804600668255,-1.0815432278853543e-05,3.592992842320609e-07,0.0028093921420908,0.0011426482420793,0.000259619022744,-1.1841910259855477,-1.6667177915962443,1.0015281914879437,8.977129772767752e-06,1.0007488027339988,4.614160633537887e-05,-5.584023393552823e-07,1.0798589340471934e-05,100.0,100.0,100.0,7.92487918321333e-05,-4.309525084219253e-05,-0.2979159106874248,16.0,0.0,-5.96224999199844e-06,0.0004168917583346,0.0023227986895176,0.2658742282127712,1.2910787611348962,0.8367168895795191,1.502424837496579,0.3219000297621222,0.6333333333333333,0.0003248008957883
matr,matr_b3c16,50,1.0618613,1589.0,0,1,1.001973798272901,0.0027764454736224,1.0027786757699508,2.745148869197125e-05,4.376605367607973e-07,0.0031368503588932,0.0010941165291548,0.000264254050213,-2.340421176260496,-0.1572231631749878,1.0016373136491556,5.7842614033800944e-05,0.9999395953272976,0.0001559253276626,-2.470650749437872e-06,-2.739054175006766e-05,50.0,50.0,50.0,0.0002275398248958,-6.596478706339948e-06,-0.0922812011021601,18.0,0.0,-1.2551224509701912e-05,0.0003879030448522,0.0020760715170615,0.3443692853747141,5.966611604186589,0.6483833651459586,2.0954890982352463,0.2403853577487158,1.4,0.0002025688289045
matr,matr_b3c16,100,1.0618613,1589.0,0,1,1.0006560178810548,0.0014586650817765,1.0014598368157104,-9.126710969699172e-06,4.397480914929645e-07,0.0031368503588932,0.0011334813689884,0.0003393554487318,-1.1603536970523691,-1.1654762903950984,1.0016373136491556,1.4884337569149532e-05,1.0008958331466529,5.496593120931979e-05,-6.283592370492212e-07,9.108877689068484e-06,100.0,100.0,100.0,0.0001027654889128,-2.578241416850528e-05,-0.3241407594099887,18.0,0.0,-5.308709717605434e-06,0.0005525138284092,0.0022824073162851,0.1546925721817319,1.3583622161109927,0.7881879331326035,1.6955584739389415,0.4031793928273084,1.0,0.0004736965176147
matr,matr_b3c17,50,1.0675028000000002,1269.0,0,1,0.9999386418471218,0.0009235572965239,1.0009244678191616,4.904819137966418e-06,3.267212858922529e-06,0.0103205349906341,0.0102743524419795,0.0015941584069948,-2.8844947796598515,0.0152259627995789,1.0013287084586566,1.9240777010918083e-05,1.0007209654170357,-0.0001204713932152,2.4110810067940345e-06,-4.908814045971531e-06,50.0,50.0,50.0,0.0001856148813796,-1.794921677093558e-05,-0.175684954071932,16.0,1.0,-1.4635469111016046e-05,0.0024685981016664,0.0133661476110413,0.0014726466756124,10.898640424312932,0.503991121755725,2.6113633018728777,0.1216605124028039,2.0,0.0002755964668196
matr,matr_b3c17,100,1.0675028000000002,1269.0,0,1,0.9990217355870166,6.651036418758441e-06,1.0000066575935855,-5.464271888672128e-06,1.6818419834599904e-06,0.0103205349906341,0.0102743524419795,0.0011307975486744,-3.590553000042556,-3.5582150820832146,1.0013287084586566,6.78677185587596e-08,0.999617316427465,7.97730100563245e-06,-1.3178012641477992e-07,5.46616467350472e-06,100.0,100.0,100.0,-0.0001341370272507,-7.114205960525451e-06,-0.1843588949115782,16.0,1.0,-7.495091280167598e-06,0.0017480322162435,0.0133661476110413,0.0144985390104472,20.33647874636497,0.3326610839709755,3.284334815812078,0.1363682739597223,0.96,0.0003811699603971
matr,matr_b3c18,50,1.0687573499999998,1100.0,0,1,1.000386289741072,0.0010727411605638,1.001073478051096,-4.4059942843794215e-06,1.485258829783332e-07,0.0019930623167176,0.0001638351305839,0.0001319158534955,-1.5883786712173804,-0.6222862126210503,1.0011667288182862,2.2348774178413867e-05,1.0001768148813963,7.956851999776609e-05,-1.614894505426329e-06,4.4014719811095815e-06,50.0,50.0,50.0,0.0001534397495744,-1.7555189456436695e-05,0.4842748961703079,11.0,0.0,-1.3326273911927285e-05,0.0001119554610677,0.0002432731807642,0.0261406096296589,3.9240505849955625,0.7875320031425653,1.613877455191602,0.8043728156701697,0.92,0.000211647667265
matr,matr_b3c18,100,1.0687573499999998,1100.0,0,1,0.9983571107136716,-0.0009564378668365,0.999042905134034,-2.739156951689162e-05,7.766151105950647e-07,0.0033454740685525,0.0011135362016455,0.0002403551952245,-0.4005968327929751,8.918156727839898,1.0011667288182862,-9.759570069761564e-06,1.0008374478960909,1.055998796486558e-05,-3.720740929584564e-07,2.7382064542973515e-05,100.0,100.0,100.0,4.6041564878651865e-05,-3.3047766621931013e-05,-0.3301814165971465,16.0,0.0,-6.389538260841854e-06,0.0003902036998184,0.002189458626881,0.7889924161016908,-1.0804145840969914,0.9062628263917486,1.1082630933524875,0.2516355071085159,0.5806451612903226,0.000712603286424
matr,matr_b3c19,50,1.07289865,1105.0,0,1,1.0001668843557592,0.0010745656171718,1.00107554186637,-7.879892970876247e-06,1.41198237420846e-07,0.0018407144048508,0.000181284597571,0.0001385745670727,-1.4556580555126508,-1.0035528220240746,1.0009168153953778,2.2386783691080765e-05,1.0000116206489305,7.402735310269097e-05,-1.5751393475691749e-06,7.87347095858382e-06,50.0,50.0,50.0,0.0001316243434732,-2.2662611528746245e-05,0.4783600030775429,9.0,0.0,-1.4553931647709968e-05,0.0001038898082321,0.0002911738214973,0.0879511166242463,3.0783676707550702,0.8187329720678632,1.4666876321308924,0.4189788272748871,1.0869565217391304,0.0001699135328392
matr,matr_b3c19,100,1.07289865,1105.0,0,1,0.998095486465567,-0.0009968322730201,0.9990022620989832,-2.7673963491789865e-05,7.477874904069451e-07,0.002837546677871,0.000181284597571,0.000110510049616,-0.337004102660221,4.977450757940849,1.0009168153953778,-1.0171757887961515e-05,1.000649411625412,6.408428578217196e-06,-3.341410987255349e-07,2.7672513165782805e-05,100.0,100.0,100.0,3.719027077192426e-05,-3.365693326286964e-05,0.4054582896977541,29.0,0.0,-7.81964887517496e-06,9.765810932337366e-05,0.0002911738214973,0.836391020027728,-1.2270488784020983,0.9109652234206256,1.0085265782912889,0.1391638306813337,0.6610169491525424,0.0007626069806314
matr,matr_b3c2,50,1.06126925,1224.0,0,1,1.0010680136072914,0.0014932120194756,1.0014938472009336,7.75800932204787e-06,1.832615828616491e-07,0.0022573913264704,0.0002759902823904,0.0001617566215783,-2.492163526985219,-0.32004699384567,1.0014305983142355,3.1108583739077726e-05,1.0002570326462228,9.94176257913814e-05,-1.7626849321033224e-06,-7.745758977103745e-06,50.0,50.0,50.0,0.0001830451036436,-4.045327628382564e-05,0.1990026743199592,17.0,0.0,-5.637569093235764e-06,0.000204119385328,0.0005554669561941,0.0656839340805149,7.240713477381291,0.6952160712120826,2.029688386454559,1.0986122886681098,0.92,0.0001204218439382
matr,matr_b3c2,100,1.06126925,1224.0,0,1,0.9993821077921556,-0.0001926937956601,0.9998072242363912,-1.9213955330263648e-05,4.855106918994959e-07,0.0024500851221306,0.0004357046998204,0.0001500688141206,-0.281015835880762,-3.959365560569729,1.0014305983142355,-1.966263221022325e-06,1.0010265886180088,2.143873511645691e-05,-3.985557886933879e-07,1.919441344397344e-05,100.0,100.0,100.0,5.858075744842394e-05,-2.123937507113417e-05,0.0026455178515618,17.0,0.0,-5.020248208968861e-06,0.0002100791864087,0.000559141801197,0.6209828191933509,-1.4198123930658817,0.9126881640121778,0.9068151804136956,0.4852037257687143,0.6896551724137931,0.0005743123151828
matr,matr_b3c20,50,1.0660535,793.0,0,1,1.0016029214293656,0.0025440561847975,1.0025464527399743,2.313200902551759e-05,3.166759185172804e-07,0.0028710566589763,9.689945204447994e-05,0.0001405500498562,-2.716435630288778,-0.12967062773172,1.001387078603466,5.300117051661623e-05,0.9998999339686572,0.0001343748070483,-2.1392845773625228e-06,-2.3088952777898946e-05,50.0,50.0,50.0,0.000196932151895,-9.75691989320218e-06,0.6172078563055275,17.0,0.0,-1.4008717717440852e-05,8.598416713854134e-05,0.000374559062936,0.337941605450443,8.42271104041224,0.6532024531380977,2.142156326015592,0.2078883377659615,1.2857142857142858,0.0001102196090532
matr,matr_b3c20,100,1.0660535,793.0,0,1,1.0003626459647663,0.0013037807201982,1.001305008909439,-6.7108022360017934e-06,2.681644500085014e-07,0.0028710566589763,0.0003344109840639,0.000120416700316,-1.3390349130359211,-1.0811891063194088,1.001387078603466,1.3303884899982896e-05,1.000725888484157,4.623688766974952e-05,-5.19094999075899e-07,6.699758869076743e-06,100.0,100.0,100.0,8.931671000031417e-05,-2.627872028858207e-05,0.4173723500258478,18.0,0.0,-7.933684340200315e-06,0.0001120653555045,0.0006436825168716,0.1371489562852668,2.756367562835079,0.8498373954143474,1.4273979395751537,0.2775554036338517,0.7321428571428571,0.0003445418077048
matr,matr_b3c21,50,1.0680635,745.0,0,1,0.9946288774028884,-0.0051771266408786,0.994821868822612,-0.0001309539199128,3.607367456697368e-06,0.0059639712432829,0.0012337281444407,0.0002561163585361,-0.2668240000833032,1.816127606014896,1.0005189766338798,-0.0001078568050182,1.0007068489017188,-4.694265438440275e-05,-1.6156012601624278e-06,0.0001311729545991,50.0,50.0,50.0,3.919419408295953e-05,-0.0001595034285973,-0.3335282933694439,15.0,0.0,-7.298952431993479e-06,0.0004207250951045,0.0022247740888065,0.9507725146601038,-1.289974898800558,0.8909826720971579,1.2070118462857435,0.2472411028932702,0.2307692307692307,0.0017612248709931
matr,matr_b3c21,100,1.0680635,745.0,0,1,0.986675043197338,-0.013130960846429,0.9868664913059932,-0.0001493279209682,1.834536895374973e-05,0.0139178054488332,0.0012337281444407,0.000186256123352,-0.1087882557098302,1.209408423513236,1.0005189766338798,-0.000133989396392,1.0013910072360377,-0.0001191909744595,-2.954602598886311e-07,0.0001501538539269,79.0,100.0,100.0,-8.503052487048592e-05,-0.0001497649514853,-0.3031299258623288,15.0,0.0,-4.1012658621234365e-06,0.0003005778269648,0.0022247740888065,0.9926597586287644,-1.2838100359998208,0.8608632594834081,1.421690798496598,0.0633511075802834,0.1011235955056179,0.0037932201596627
matr,matr_b3c22,50,1.05722045,991.0,0,1,1.0012337540387155,0.0021381538732058,1.0021400893696777,1.2308044482617008e-05,2.46577642417804e-07,0.0026906403484721,0.0001675147316719,0.0001524694191117,-2.628902654948296,-0.2567158462194129,1.0012130393429295,4.454487235845653e-05,0.999976971263514,0.0001228154027767,-2.1251415056582262e-06,-1.2287765167225289e-05,50.0,50.0,50.0,0.0001843486879176,-1.7520212811541716e-05,0.4307041144605256,17.0,0.0,-1.2604307753310056e-05,0.0001403502432439,0.0003457178680186,0.1228724206304113,8.837356177684377,0.6851977799308738,2.046661625529638,0.580351686414601,1.2857142857142858,0.0001886077780653
matr,matr_b3c22,100,1.05722045,991.0,0,1,0.9997012449011936,0.0006056447356839,1.0006061929765115,-1.5123396807606266e-05,4.000436269961513e-07,0.0026906403484721,0.0001769734968708,0.0001195215199235,-0.4330882248716727,-2.445063705688866,1.0012130393429295,6.180048323305712e-06,1.0008558852000953,3.056820112987028e-05,-4.479568425242978e-07,1.5105600493683107e-05,100.0,100.0,100.0,7.890641754124845e-05,-1.8012408818376172e-05,0.4020575270675279,17.0,0.0,-7.69182885450896e-06,0.0001143874123742,0.0003457178680186,0.4669132174068804,-0.9176764326877548,0.917202338063223,0.96078817630241,0.2601173020268612,0.6896551724137931,0.0004821132621867
matr,matr_b3c23,50,1.06678165,,1,1,1.0003160440564385,0.000903090149704,1.0009036206166568,1.2351972067449211e-05,3.389762895727211e-07,0.0027305494053071,0.00114137696313,0.0004429647273564,-1.7218432281807503,-0.4541038385190231,1.0015079468230448,1.881437811883486e-05,1.00009203290019,0.0001220628903626,-2.1098253518320488e-06,-1.2330270826690374e-05,50.0,50.0,50.0,0.0001476937600182,-0.0001395750984712,-0.2548466352461676,8.0,0.0,-3.17997635742248e-05,0.0006872694418452,0.0023900861061867,0.0900188117269726,2.8905617151495235,0.61903541603997,2.2853433273330133,1.265666373331276,0.92,0.0001755748235825
matr,matr_b3c23,100,1.06678165,,1,1,1.000132220122084,0.0007192662153495,1.0007196887057928,-4.998097584327841e-06,3.1106841911534066e-07,0.0029430577475719,0.0013469485531551,0.0004264988834954,-1.2812621433879512,-0.8559697865995526,1.0015079468230448,7.339451177036865e-06,1.0009528444772675,2.635064527831009e-05,-3.07340616300414e-07,4.9909071870759135e-06,100.0,100.0,100.0,6.0918745649588815e-05,-6.902586085837461e-05,-0.397638940723156,40.0,0.0,-5.493930967288424e-06,0.0007154729119862,0.0027001776792842,0.0655840708155433,1.8698177869086208,0.5508664011927679,2.696984255025125,1.2695700868117492,0.7818181818181819,0.0002744704129471
matr,matr_b3c24,50,1.04762985,817.0,0,1,1.0031077293187092,0.0044027000567041,1.0044084088171237,4.988112851468954e-05,8.441608749700912e-07,0.0046349385710993,0.0002112387309314,0.0002174342589433,-2.4134266971716145,0.1849786367286407,1.0022253565989934,9.172291784800534e-05,1.000114632087398,0.0001701705555592,-2.3132582123975697e-06,-4.973765075217661e-05,50.0,50.0,50.0,0.0003081117466603,-6.9804588547256e-06,0.4455085610739749,9.0,0.0,-2.0408783754907652e-05,0.0001962694734413,0.000481276855561,0.5894911872069486,6.841587975362282,0.6062965335261812,2.313389553095189,0.2591087000077249,1.2857142857142858,0.0003431555525072
matr,matr_b3c24,100,1.04762985,817.0,0,1,1.0023425735721447,0.0036375443101397,1.003642260931466,9.211830633309346e-06,4.861721543391912e-07,0.0046349385710993,0.0010486528233229,0.0002241370519413,-3.3497224448809244,-0.3052635344039803,1.0022253565989934,3.71177990830592e-05,1.0009817228318931,7.963900322127523e-05,-6.90462476352605e-07,-9.183148799320154e-06,100.0,100.0,100.0,0.0001260247637539,-1.852927929360432e-05,0.0047510404154094,14.0,0.0,-1.0320793297386956e-05,0.0003048446034315,0.0020197019013918,0.142543243859255,14.322122367521589,0.5924187732740678,2.4764790852413863,0.3964529153956516,1.0,0.0002334794106907
matr,matr_b3c25,50,1.0622523,970.0,0,1,1.0028544066226075,0.0039107470042661,1.0039148824526904,4.700450435096384e-05,7.474107744329707e-07,0.0040859407882664,0.0001418683678065,0.000183162985697,-2.1761781569942085,0.0498620573730746,1.0018392993830183,8.14738959222126e-05,0.9998820266961308,0.0001809283986331,-2.5754595054288017e-06,-4.687598686712789e-05,50.0,50.0,50.0,0.0002617455948458,-1.7746959222123497e-05,0.4519832154998102,12.0,0.0,-1.2710848128620384e-05,0.0001617456656475,0.0003389966771546,0.5912206526467118,5.2495708735320505,0.6884756861479482,2.094302040867396,0.3386021628790379,1.5263157894736843,0.0002686744006109
matr,matr_b3c25,100,1.0622523,970.0,0,1,1.0019901110122331,0.003046451393892,1.003049672886513,6.543495869504192e-06,4.316580474725432e-07,0.0040859407882664,0.0011447374602058,0.0002664630907752,-2.8283046879932856,-0.3038784255481072,1.0018392993830183,3.108623871318456e-05,1.0008998994484868,7.433812203084083e-05,-6.64653197660071e-07,-6.524847681257846e-06,100.0,100.0,100.0,0.0001244874974002,-1.4520541175471831e-05,-0.2309518472477955,21.0,0.0,-7.159461682666883e-06,0.0004128350190992,0.0022528546184365,0.0810073924563673,10.428871242619868,0.6357308547016648,2.3818499458019566,0.4492195077834742,0.9215686274509804,0.0002494699234823
matr,matr_b3c26,50,1.0728023,989.0,0,1,1.0024484473979969,0.0031789641017733,1.0031812880858595,3.415905070606293e-05,5.328508398789857e-07,0.0035336426851433,0.000135905748897,0.0001679547770734,-2.6400581104739773,0.0143626666067542,1.0020021396300138,6.622841878694558e-05,1.0002042893096432,0.0001576385308174,-2.374605386759647e-06,-3.4070411789389504e-05,50.0,50.0,50.0,0.0002694130345142,-2.115399635518712e-05,0.5266669486528973,11.0,0.0,-1.3722264200721446e-05,0.0001480783112722,0.000368567442482,0.4379614923393287,7.366982697667288,0.6504491078644535,2.1878357788083527,0.3160710757144669,1.9375,0.0001510996014829
matr,matr_b3c26,100,1.0728023,989.0,0,1,1.0015219020317163,0.0022524187354929,1.0022540653678955,-3.9974028816412644e-07,3.205330841539769e-07,0.0035336426851433,0.0011178201239872,0.0002032421920602,-2.64542755301903,-0.5580968629683425,1.0020021396300138,2.2983864647887783e-05,1.0011485990889857,5.81949479612745e-05,-5.74457727935613e-07,3.989600276744844e-07,100.0,100.0,100.0,0.0001082333622885,-1.921558309405708e-05,-0.11673931313089,19.0,0.0,-5.106579763542973e-06,0.0003010631914195,0.0021650773865786,0.0004071250358103,9.517815719180602,0.6579260390032944,2.20383752989575,0.3794896217049037,1.3095238095238095,0.0002041382648041
matr,matr_b3c27,50,1.0617115,828.0,0,1,1.002348943192195,0.0035681067785363,1.0035724621943574,3.4261863308182696e-05,5.362842818669129e-07,0.0038009383905138,0.0001564455127406,0.0001880532655314,-2.84032266788952,0.0181446785973141,1.0020053470269468,7.433555788617557e-05,1.0000368493949632,0.000154686126527,-2.3158512157491395e-06,-3.417981032350386e-05,50.0,50.0,50.0,0.0002715970320635,-1.954226901397883e-05,0.6364621198758315,11.0,0.0,-1.6653159604869703e-05,0.0001132496199279,0.00034095891398,0.4377809743971704,9.137123851555836,0.6119007176486287,2.323648567630971,0.2842038080754561,1.5263157894736843,0.0001543733867438
matr,matr_b3c27,100,1.0617115,828.0,0,1,1.0009851075362752,0.0022042711226165,1.002206961770043,-3.800816360259983e-06,3.665873460693665e-07,0.0038009383905138,0.0001564455127406,0.0001450953691325,-2.151431891498051,-0.79259488670575,1.0020053470269468,2.2492562475679668e-05,1.000907785081052,6.293906736460588e-05,-6.543125855378882e-07,3.7920508829644334e-06,100.0,100.0,100.0,0.0001061143503549,-3.2236301644950115e-05,0.6179320632490893,20.0,0.0,-8.825470095014894e-06,9.449228614392892e-05,0.00034095891398,0.032182600445675,7.309741402271369,0.754526504249451,1.7844535230015783,0.3225288037819491,0.8846153846153846,0.0002625006887463
matr,matr_b3c28,50,1.0524,524.0,0,1,0.9930183390345876,-0.0064750095020904,0.9935217082619204,-0.0001604539963076,5.286485629284445e-06,0.0072652983656404,0.0003875902698594,0.0001370145644889,-0.2447233675667046,1.630786558898642,1.000054732041049,-0.0001348960312935,1.0006732769755806,-8.013456049588231e-05,-1.5446045348440534e-06,0.0001608586072497,50.0,50.0,50.0,-1.0644002519696032e-05,-0.0002042677011319,0.4747295690309768,11.0,0.0,-1.273886638039474e-05,0.0001181819801561,0.0003787533257318,0.9740113465366542,-1.2551469597163507,0.8844527157962145,1.2787385603688746,0.1712717206073697,0.0930232558139534,0.0020083618396046
matr,matr_b3c28,100,1.0524,524.0,0,1,0.9825249904979094,-0.0169683580387685,0.9830230405598884,-0.0001881623767989,2.911517607081518e-05,0.0177586469023185,0.0003875902698594,0.0001118737519125,-0.1782981000258859,1.3085433264279038,1.000054732041049,-0.0001731465105996,1.0011642517769994,-0.0001340677864563,-5.303391210046231e-07,0.000189514234565,67.0,100.0,100.0,-0.0001099291887692,-0.0002206346983292,0.411430550521681,21.0,0.0,-5.890316488184364e-06,0.0001075151141022,0.0003787533257318,0.9930954438042492,-1.2067132515653396,0.8469804214858345,1.4899299764094438,0.0537319320802109,0.043010752688172,0.004723869251235
matr,matr_b3c29,50,1.0675959000000002,833.0,0,1,1.003202428934019,0.0043518338727227,1.0043568416480302,5.323588088271595e-05,9.656032426955e-07,0.0045260570970719,0.0001472467250949,0.0001880844340793,-2.220062872076769,0.0558453271913123,1.0021075390042242,9.066320568172391e-05,0.9999060091446162,0.0002059211433975,-2.9362550483632727e-06,-5.30682494967917e-05,50.0,50.0,50.0,0.0003039464258357,-4.7865862543188846e-06,0.6190265290219444,11.0,0.0,-1.9660399316003076e-05,0.0001154210015564,0.0003600613303216,0.5870027953605654,5.284448791756763,0.6706195037748172,2.108257314300576,0.188794071299572,3.0,0.000230049590861
matr,matr_b3c29,100,1.0675959000000002,833.0,0,1,1.001909898679828,0.003059303618532,1.003062824043614,3.819441686212601e-06,5.661409722784028e-07,0.0045260570970719,0.0001957669563924,0.000149477673779,-2.571982458124791,-0.5270764277981759,1.0021075390042242,3.12173838625726e-05,1.000986750745382,9.179140394084832e-05,-8.624702181827634e-07,-3.806857979607419e-06,100.0,100.0,100.0,0.000144604991132,-3.900136339243723e-05,0.6250572660055624,21.0,0.0,-8.976715960259654e-06,9.6473392861194e-05,0.0003600613303216,0.0210435986771776,9.047157762140383,0.750112171499326,1.9059425167478392,0.2237990741171,1.0416666666666667,0.0003397352874808
matr,matr_b3c3,50,1.0634072,1084.0,0,1,1.001551428276957,0.0020385417740257,1.0020395352591782,1.9063386873018288e-05,2.378251909587121e-07,0.0024872880303988,0.0001937169505718,0.0001626258108253,-2.7058766268773757,-0.1807933828880001,1.001596942356606,4.24696202922046e-05,1.000198066674339,0.0001108272516217,-1.7646897067078777e-06,-1.9028945117477527e-05,50.0,50.0,50.0,0.0001819040832976,-2.4331014707984316e-05,0.2805558270366891,10.0,0.0,-5.352126035731168e-06,0.0001928301653349,0.0005426895736645,0.3056133100156929,8.433302850027397,0.638113012131199,2.1890312022547485,0.6148153372900383,0.8461538461538461,0.0001138792364768
matr,matr_b3c3,100,1.0634072,1084.0,0,1,1.0001762260026077,0.000663339499676,1.000663662778773,-1.1900290565204169e-05,3.25772633417459e-07,0.0024872880303988,0.0002616119206262,0.0001380717340242,-0.5652668938215036,-1.3628116099683616,1.001596942356606,6.768770404858208e-06,1.0009452453032786,3.572926266037364e-05,-4.6695640417238717e-07,1.188276067956902e-05,100.0,100.0,100.0,6.583215846603897e-05,-1.998412355073875e-05,0.1996337454578667,29.0,0.0,-2.1609202423379063e-06,0.0001723500231802,0.0005426895736645,0.3550139038432314,-0.5745697284979543,0.885424932554618,1.0324487295907214,0.4914612565841995,0.6896551724137931,0.0003966495618987
matr,matr_b3c30,50,1.0699079,913.0,0,1,1.0020579341455464,0.0031501776928647,1.0031536222163813,2.870097319517578e-05,4.3175700090529285e-07,0.003365242933527,0.0001668367903442,0.0001658470052506,-2.8095157015382206,-0.0765100173198527,1.0016814531419012,6.562870193468453e-05,0.9999694242900148,0.0001488219169304,-2.3100181487557763e-06,-2.8638418780143927e-05,50.0,50.0,50.0,0.0002400608566335,6.954392467684434e-07,0.5540477498090177,13.0,0.0,-1.6549445965133983e-05,0.0001104198884222,0.0003197471483292,0.381578462246934,8.848023105725384,0.621342359137419,2.26370157330199,0.2505030692100268,1.8235294117647056,7.69225089373287e-05
matr,matr_b3c30,100,1.0699079,913.0,0,1,1.001030836392553,0.0021230799398713,1.0021254013958314,-3.1932999060250987e-06,2.773294970673561e-07,0.003365242933527,0.0001668367903442,0.0001308952195003,-2.244079182873548,-0.7120808897436327,1.0016814531419012,2.166408101909636e-05,1.0008937113604004,5.1095243581295695e-05,-5.322406224247936e-07,3.186863887778718e-06,100.0,100.0,100.0,0.0001001068694181,-2.0239450354681004e-05,0.4855996095700239,16.0,0.0,-8.830127042160947e-06,0.0001043831784023,0.0003197471483292,0.030028122713719,8.20239012399831,0.7371609679459642,1.9356928788814751,0.3898182173265056,1.0851063829787233,0.0002394598637881
matr,matr_b3c31,50,1.06922545,713.0,0,1,1.001741120172551,0.0027177617218146,1.0027204185956464,2.849653877000175e-05,4.057845088311072e-07,0.0032364549497021,0.0001892959057418,0.0001557110332399,-2.621434830638937,-0.1106092780868624,1.0015252629835925,5.6620035871138006e-05,0.999905839536255,0.0001502379659016,-2.3411812909955545e-06,-2.8435721791576582e-05,50.0,50.0,50.0,0.0002203856614541,-2.4106398538465975e-05,0.6208922566686333,13.0,0.0,-1.8945907814402697e-05,9.10500605754798e-05,0.0002476559083025,0.4002384044720171,7.900176325888781,0.6794785570605951,2.078305016941061,0.286344279610121,1.8235294117647056,0.0001239214797962
matr,matr_b3c31,100,1.06922545,713.0,0,1,1.000551286915215,0.0015279284644785,1.001529422161708,-8.416898561589766e-06,3.635593869788433e-07,0.0032364549497021,0.0010054942107858,0.0001989726932709,-1.0384555265600022,-0.873554659132308,1.0015252629835925,1.559110678039407e-05,1.0008714505471386,5.046951801268121e-05,-5.773178095518111e-07,8.401322432204123e-06,100.0,100.0,100.0,9.78359574700546e-05,-2.9542758793533302e-05,-0.031866127482776,22.0,0.0,-5.953823285299601e-06,0.0002784681249349,0.002154176184265,0.1591379112899035,1.6640910694333853,0.8397732132434714,1.4518443769883995,0.3736040060391802,0.96,0.0004246999545322
matr,matr_b3c32,50,1.0734176,,1,1,1.0009571298253357,0.0017316652903772,1.0017330075661983,9.626747696493751e-06,2.2213394432195858e-07,0.0023038563928894,0.0011605921125197,0.0004090082777468,-2.2160000018925703,-0.3080855619838664,1.0011131734750762,3.607636021619484e-05,1.0001075160254576,9.220925742919212e-05,-1.588125187167891e-06,-9.613502220763922e-06,50.0,50.0,50.0,0.000134457801539,1.609133972908239e-05,-0.5363028347867848,8.0,0.0,-1.5167304005291365e-05,0.0007200431879678,0.0023625474372695,0.0834399906728009,5.379821737907552,0.6017711098421121,2.3752469011172845,0.6051138310746226,1.0,0.0001401132234091
matr,matr_b3c32,100,1.0734176,,1,1,0.9999750330160416,0.0007495684810833,1.000750149498474,-1.0002463195214284e-05,2.8352657255249736e-07,0.0023038563928894,0.0011605921125197,0.0003935446527738,-0.8280699494757067,-2.6109172209314355,1.0011131734750762,7.648657970238457e-06,1.0007068856190795,2.730226413261448e-05,-3.657326208610879e-07,9.991588023015987e-06,100.0,100.0,100.0,5.943000877875789e-05,-2.316898847183531e-06,-0.5616901062124393,23.0,0.0,-6.0237314736071165e-06,0.0006969968436088,0.0023625474372695,0.2881807622993819,0.0047433564038819,0.6841234917294666,2.1592997715482216,0.6378485403637196,0.75,0.0003485130111523
matr,matr_b3c33,50,1.06105495,1257.0,0,1,1.0013322118708368,0.002070109564071,1.0020716382211357,1.6665777886852162e-05,2.2302503624233562e-07,0.0024922366179054,0.0001233677859944,0.00013514833039,-2.9516281774655906,-0.1549616807874007,1.001315059130538,4.312728258481364e-05,1.0000719272053964,0.0001114094872307,-1.8219944104617127e-06,-1.6638060535354076e-05,50.0,50.0,50.0,0.0001837230105662,-2.316503083024848e-05,0.5730617948389031,11.0,0.0,-1.1098949912705426e-05,0.0001072411631437,0.0002581393169128,0.2490735186091165,9.975270950621288,0.6641022321497148,2.181798555628623,0.5108256237659907,1.0,0.0001311901895373
matr,matr_b3c33,100,1.06105495,1257.0,0,1,0.9998726267664084,0.0006105244596425,1.0006109752969048,-1.1866534476201662e-05,3.1852977361142454e-07,0.0024922366179054,0.0001840620978204,0.0001114147896155,-0.7834336057229841,-1.8322121215781584,1.001315059130538,6.229841424924578e-06,1.0007577813459931,3.890195147566317e-05,-4.977302544300421e-07,1.1850336695461744e-05,100.0,100.0,100.0,7.128991928184291e-05,-2.845256895551269e-05,0.4575593209169168,31.0,0.0,-5.839354774849836e-06,0.0001054600288264,0.000324488378288,0.3610294314119139,-0.2624862652825479,0.8964775726857332,1.0587357694933106,0.3472741696540266,0.6610169491525424,0.0003221322326425
matr,matr_b3c34,50,1.0623154,1125.0,0,1,1.0012279780562343,0.0019625998079289,1.001964042636371,8.817253408579548e-06,2.398422290727452e-07,0.0025821898091658,0.0002064358664102,0.000154818122625,-2.756726033761447,-0.2854083316932664,1.001615998412524,4.0887495998521575e-05,1.000206688725545,0.0001162552487152,-2.06611529435991e-06,-8.801652489595251e-06,50.0,50.0,50.0,0.0002043234467427,-2.218336876761608e-05,0.495624314143162,11.0,0.0,-1.1568467991833166e-05,0.0001406360612367,0.000366463669829,0.0648292487704184,9.145237823242486,0.6795362568905707,2.0782666718955465,0.5890778206657389,1.2857142857142858,0.0001816786238814
matr,matr_b3c34,100,1.0623154,1125.0,0,1,0.9992788394105931,1.3461162287710082e-05,1.0000134710584203,-1.9916846530805e-05,5.51019677183784e-07,0.0025821898091658,0.0002640458756409,0.000129744856334,-0.5071942093706179,-4.124906944464722,1.001615998412524,1.3735879885418454e-07,1.0010120562754543,3.0372008708660827e-05,-4.930279925436779e-07,1.9893013088994228e-05,100.0,100.0,100.0,7.431502922765106e-05,-4.223530732147409e-05,0.384339539760522,21.0,0.0,-5.606310614618721e-06,0.0001350181407908,0.000366463669829,0.5879208679141343,-0.952256332840526,0.9194036390654752,1.0160288097518433,0.367165183020619,0.8148148148148148,0.0005747822162797
matr,matr_b3c35,50,1.06406045,1056.0,0,1,1.0006906092600285,0.0013297176866218,1.0013305680638838,4.719177182021662e-06,1.3881206857119624e-07,0.0019260183949134,0.0001966053714335,0.0001216650239596,-2.1806708551765115,-0.4890527018150828,1.0010839139825187,2.770245180462346e-05,0.9999713608969631,9.453354249751507e-05,-1.727199332991242e-06,-4.713605248515122e-06,50.0,50.0,50.0,0.0001526482100494,-1.552306780829213e-05,0.3236456112294533,11.0,0.0,-8.890072427826326e-06,0.0001325509244149,0.0004024207459265,0.0320874596919369,6.412990882683012,0.7541702880281079,1.766951877090337,0.4711603673735592,1.2857142857142858,0.0001238651431879
matr,matr_b3c35,100,1.06406045,1056.0,0,1,0.9992224595886446,-0.0001384319847617,0.9998614794856102,-1.8355102640552185e-05,4.149963350103656e-07,0.0020648262981675,0.0001974511880411,0.0001047356779378,-0.300220947074094,-6.276902083011054,1.0010839139825187,-1.4125712730799594e-06,1.0007011972935345,1.8651835336787654e-05,-3.628131174248988e-07,1.834319900924813e-05,100.0,100.0,100.0,5.503904366072407e-05,-2.041470318806521e-05,0.2266396413127178,27.0,0.0,-4.208736933568488e-06,0.0001248038984907,0.0004024207459265,0.6630010300338343,-1.3367194302855936,0.9396471165899896,0.7955663355872793,0.2688491241186888,0.8148148148148148,0.0005374694642582
matr,matr_b3c36,50,1.05835465,910.0,0,1,1.001227518582736,0.0020079280607874,1.0020094962907389,1.109715395477503e-05,3.324423117839652e-07,0.0029064926393056,0.0001822640454218,0.0001493856526285,-2.1329477470839366,-0.3233566518971777,1.0015808028055624,4.183183459974071e-05,0.9999626585221656,0.0001501946913963,-2.6749526431081306e-06,-1.1075845824866925e-05,50.0,50.0,50.0,0.0002195590378624,-4.861781927715286e-05,0.5778124053089472,15.0,0.0,-1.1173505889439944e-05,0.0001208657653005,0.0003225761799222,0.0740861325593608,5.70086439679895,0.7870321834675084,1.7016725784072824,0.7210559686770218,0.92,0.0002288457843501
matr,matr_b3c36,100,1.05835465,910.0,0,1,0.9994444678822924,0.000224877360344,1.0002250529938337,-2.0760450765913e-05,6.449422112459718e-07,0.0029064926393056,0.0002235545523421,0.0001289991696957,-0.3503020971172642,-3.471426546851025,1.0015808028055624,2.2946669422872805e-06,1.001040918297375,3.473747588488558e-05,-5.440973201058871e-07,2.0733338629263457e-05,100.0,100.0,100.0,9.55290858067284e-05,-3.399538511315162e-05,0.3815603220179949,22.0,0.0,-6.280902796065123e-06,0.0001345282970164,0.0003455363473861,0.5457548267102623,-1.1230481972342106,0.9440772680154116,0.8679898011736803,0.3725023347485957,0.75,0.0006631992404435
matr,matr_b3c37,50,1.04789665,1376.0,0,1,1.0019025254064893,0.0031552729937632,1.003159230712416,5.1331865404782666e-05,3.557555287898909e-06,0.0133291770710402,0.0083541635522931,0.0021365179854127,-1.38513294964126,0.174214501926825,1.0008147272920471,6.573485403673561e-05,0.9995316313865508,0.0001258759564973,-1.4335402133198708e-06,-5.1240882270978576e-05,50.0,50.0,50.0,0.0002782753873235,9.005352122925641e-05,-0.2590376773942633,24.0,0.0,-3.188555470374733e-05,0.0034211447647402,0.0118375223358144,0.1481332090549457,7.515932828418505,0.3874349291353344,2.784172948991115,0.3970262394622997,1.0,0.0004232287602026
matr,matr_b3c37,100,1.04789665,1376.0,0,1,1.0004766214301763,0.0017293690174503,1.0017315381977498,-1.9578731664181147e-06,3.2742339583535554e-06,0.0168066192405519,0.0083541635522931,0.0022531074974946,-0.1009307031781393,-0.9032555681889076,1.0008147272920471,1.7646622627044662e-05,0.9999295708072492,9.209364828838508e-05,-9.220737397529692e-07,1.954420852447349e-06,100.0,100.0,100.0,0.0001138625811917,-3.19237008062463e-05,-0.419256073062921,54.0,0.0,-1.2687172309241612e-05,0.0038133063797534,0.0170629422281292,0.0009561020065658,11.144578058791785,0.2739640903793838,3.416276377924864,0.2777277796256295,0.6896551724137931,0.000507397365952
matr,matr_b3c38,50,1.0710753,1873.0,0,1,1.0009930207521356,0.0018594397611446,1.001861052212158,1.2025707973576876e-05,1.7007024747921965e-07,0.0023427857966662,0.0002033470475884,0.0001446977307912,-2.989199738934199,-0.2488264245848351,1.0011825499103566,3.873832835718114e-05,0.9999660911081112,0.0001001458651628,-1.6946184074872892e-06,-1.2009287429566876e-05,50.0,50.0,50.0,0.0001598073770029,-1.4815187894061436e-05,0.3148844363922743,10.0,0.0,-1.3158381134622652e-05,0.0001447037345366,0.0004004386993145,0.1700681387946785,11.03811651971741,0.6469297817506794,2.182331342805341,0.3775090308415743,1.2857142857142858,0.0001137174949324
matr,matr_b3c38,100,1.0710753,1873.0,0,1,0.9999945848811936,0.0008610038902025,1.0008617505272406,-8.204455245126293e-06,1.825734079513433e-07,0.0023427857966662,0.0002033470475884,0.0001151798694652,-0.960166559892362,-1.6252967603839763,1.0011825499103566,8.785753981659825e-06,1.0006459508306873,2.7220803152154436e-05,-3.4730645487531205e-07,8.195620905178886e-06,100.0,100.0,100.0,6.313935164031986e-05,-2.0857706188392025e-05,0.2701262989583136,22.0,0.0,-7.441216404472678e-06,0.0001228731751199,0.0004004386993145,0.3010972631603523,1.3138777962690922,0.8391891033432295,1.4093396760088648,0.4353180712578455,0.8148148148148148,0.000321639384271
matr,matr_b3c39,50,1.04828255,1146.0,0,1,1.0026820536123586,0.0035205203024699,1.003523474618571,4.030710488683136e-05,7.593909037851406e-07,0.0039178368465639,0.0001945086274688,0.0001612533821685,-2.203664460466027,-0.1010167506719683,1.0020363307583438,7.334417296812537e-05,0.9998184771159084,0.000210698959591,-3.276766436622516e-06,-4.018854257319451e-05,50.0,50.0,50.0,0.0002794017300411,-2.3096386047374512e-05,0.5692151319598576,19.0,0.0,-1.1776100681120867e-05,0.000131804527345,0.0002547977165125,0.4278857427075846,4.862942959733204,0.7289125060216635,1.907233397065593,0.1964062966756936,2.2,0.0001498641754553
matr,matr_b3c39,100,1.04828255,1146.0,0,1,1.001165000791056,0.0020034674811672,1.0020051487315875,-6.280022590497048e-06,5.453483306847208e-07,0.0039178368465639,0.0001945086274688,0.0001327865156184,-1.3349655019421842,-0.8121499296620286,1.0020363307583438,2.044354572619668e-05,1.0011183677171458,7.354726791092422e-05,-7.826204951120427e-07,6.263083177596499e-06,100.0,100.0,100.0,0.0001427398516288,-2.398909323263161e-05,0.5208265916992988,23.0,0.0,-6.476966273691198e-06,0.0001175834101306,0.0002547977165125,0.0590599742829439,2.573729153921819,0.8441530869659554,1.4097752807843529,0.2751930608810061,0.8846153846153846,0.0004972895904829
matr,matr_b3c4,50,1.0732249,1006.0,0,1,1.0016458805605424,0.0023432180897031,1.0023448532438706,2.5158258430039e-05,2.545293668390791e-07,0.0025982438536413,0.0002311724224808,0.0001331853273815,-2.408054177090319,-0.0894008428699137,1.0012245336462096,4.881704353548373e-05,1.0000089571625994,0.000106215319617,-1.5587896382136343e-06,-2.5116730763564378e-05,50.0,50.0,50.0,0.000162292054653,-7.71480449220847e-06,0.4537423329740713,9.0,0.0,-1.1918740761327336e-05,0.0001208578750695,0.0003295674559914,0.4973398355505558,6.990581511280812,0.6212426719186865,2.2293628530030416,0.4121096508268329,1.5263157894736843,0.0002096485089005
matr,matr_b3c4,100,1.0732249,1006.0,0,1,1.0005904633781793,0.0012878009073401,1.0012886995659114,-4.876055815075649e-06,2.0497908943855457e-07,0.0025982438536413,0.0002311724224808,0.0001161130435453,-1.1317563161201671,-0.7631581345949713,1.0012245336462096,1.3140825585103671e-05,1.00065918117078,4.1586541963368224e-05,-4.555156644945748e-07,4.868641333363461e-06,100.0,100.0,100.0,6.408572080680017e-05,-2.0799522278506733e-05,0.3145612787915577,32.0,0.0,-5.379297364688022e-06,0.0001260940212323,0.0003736402314182,0.094726743304059,2.516416473373412,0.8126449399346034,1.4225771472758264,0.5220302227788537,1.0416666666666667,0.0003113979185536
matr,matr_b3c40,50,1.0603789,779.0,0,1,1.0029845935259558,0.0039798981288669,1.0039838632863332,3.754515658199452e-05,8.338807288447413e-07,0.0042531966639471,0.0001217489333294,0.0002010271155592,-2.742028133944547,-0.0855095014709048,1.002688472959996,8.291454435139505e-05,1.0001768532396949,0.0002097288961322,-3.311225760581674e-06,-3.742329084484765e-05,50.0,50.0,50.0,0.000343428830312,-7.972806516765498e-06,0.7153459503946568,10.0,0.0,-1.1404995913507928e-05,0.0001370986083503,0.0004852039209758,0.3380912243214411,7.81111339107035,0.6466381954836834,2.1774353700455986,0.1662107365212563,1.181818181818182,0.0001206172623766
matr,matr_b3c40,100,1.0603789,779.0,0,1,1.0013000070069296,0.0022953116098405,1.0022975984201237,-7.254149612124476e-06,5.85582626405247e-07,0.0042531966639471,0.0002546259643603,0.0001606174780254,-1.785234915510775,-0.8413445847686067,1.002688472959996,2.3421547039189647e-05,1.0015026369991336,6.926583745573126e-05,-7.501959516456438e-07,7.232797116074418e-06,100.0,100.0,100.0,0.0001417765570072,-3.3489956729866985e-05,0.6421224031491299,17.0,0.0,-6.527524722092096e-06,0.0001254013628645,0.0004852039209758,0.0733887791660594,4.907636515096905,0.783097721932364,1.7248331243887964,0.2520435570044221,0.7192982456140351,0.0004390883296527
matr,matr_b3c41,50,1.05174775,773.0,0,1,1.0028849598204512,0.0040504959482919,1.0040552224565715,4.738418911352849e-05,7.536663670943051e-07,0.004122851700895,8.490629050545518e-05,0.0001752223914798,-2.262674945951217,0.0393071771277718,1.0019153356876684,8.4385332256083e-05,0.999879459729056,0.0001798938306365,-2.548262336982544e-06,-4.7255091619235935e-05,50.0,50.0,50.0,0.0002651557116018,7.876333544774749e-06,0.5941688017457672,10.0,0.0,-1.944686022799714e-05,0.0001080641925498,0.0002694562455683,0.59582368962591,5.7571668967508725,0.6431732374101237,2.177844654626157,0.1221479487410845,2.4285714285714284,0.0002336111486808
matr,matr_b3c41,100,1.05174775,773.0,0,1,1.0022870027532742,0.0034525388811147,1.0034565676355724,9.253402156521776e-06,4.22695577311064e-07,0.0041472872178714,0.0001246496605292,0.0001359422018686,-3.335255118593786,-0.2740847621459416,1.0019153356876684,3.522998858280455e-05,1.000876738240791,7.490699291472686e-05,-6.436626544921431e-07,-9.226416989645248e-06,100.0,100.0,100.0,0.0001241096484192,-1.169457137460334e-05,0.5947038331936737,16.0,0.0,-8.488570621184343e-06,8.906158116932417e-05,0.0002694562455683,0.1654321828461509,13.671674230547048,0.616591502390064,2.426187097306665,0.2037857954622545,1.0416666666666667,0.000198526690454
matr,matr_b3c42,50,1.06791175,1587.0,0,1,1.0018855958837425,0.0028144647720188,1.0028170814713533,3.12826716749382e-05,3.396409546974208e-07,0.0028735520514686,6.021096780704691e-05,0.0001365773156501,-2.320266590660649,0.0086949490411211,1.0011332865285918,5.863468275039372e-05,0.9998692058430656,0.0001220072294927,-1.7447030349595623e-06,-3.1226814320963615e-05,50.0,50.0,50.0,0.0001613006834178,7.690651463440067e-06,0.5507681632992701,18.0,0.0,-1.5912941328038337e-05,8.641453455595454e-05,0.0002935635833202,0.576258860180116,6.409616436676387,0.6293001626323834,2.210934926516366,0.2124745949646421,1.8235294117647056,0.0001330634296325
matr,matr_b3c42,100,1.06791175,1587.0,0,1,1.000985896072405,0.0019147649606813,1.001916545179872,1.6953540955656572e-06,1.938752135322077e-07,0.0028735520514686,0.0001563799630446,0.0001134096311416,-2.646626819478471,-0.4703049249625938,1.0011332865285918,1.953841796613676e-05,1.0005498196707392,5.14297954131842e-05,-4.875925619374251e-07,-1.6921522316309404e-06,100.0,100.0,100.0,8.431729942345466e-05,-2.380476786060316e-05,0.4108762942466012,18.0,0.0,-8.034757901233842e-06,0.0001007996598816,0.0002935635833202,0.0121071906159547,10.66432594390954,0.7499529284406798,2.0130827639805435,0.4125699337319091,1.1304347826086956,0.0002115343332442
matr,matr_b3c43,50,1.071059,1018.0,0,1,1.0019334135654523,0.0027492416384157,1.0027514863782456,2.689618215168663e-05,3.490483370847583e-07,0.0029398940674602,0.0001888784838182,0.000151909882627,-2.6112314605096105,0.013072332734262,1.0014455786282548,5.727586746699536e-05,1.0000756179433317,0.00012518740987,-1.8902159176620888e-06,-2.6843171114623403e-05,50.0,50.0,50.0,0.0002093007262656,2.797016066129845e-05,0.515385872383941,13.0,0.0,-1.264805067753928e-05,0.0001290873942795,0.0002715069851428,0.4145011091458623,7.598612085389391,0.6054523479872594,2.3004459544246405,0.545763675127271,1.6666666666666667,9.63532354426787e-05
matr,matr_b3c43,100,1.071059,1018.0,0,1,1.0012693044920962,0.0020851325650592,1.002086835063688,2.8392592974616903e-06,1.912218097662086e-07,0.0029398940674602,0.0001888784838182,0.0001240165997013,-3.400875345257047,-0.3783710270998551,1.0014455786282548,2.127686290876869e-05,1.00081610662286,4.533576820715286e-05,-4.166324402909931e-07,-2.833671105455352e-06,100.0,100.0,100.0,9.142597064739354e-05,-2.2730692747540085e-05,0.389509306084171,22.0,0.0,-6.672267123077998e-06,0.0001248221886675,0.0002768288208211,0.0344284537970229,14.771799945776856,0.63519147997864,2.451996746878853,0.5374938708481519,1.0,9.747362190140786e-05
matr,matr_b3c44,50,1.0706101,921.0,0,1,1.0029213249529405,0.0037527200612061,1.0037558426504132,4.412816694377788e-05,7.574460539471355e-07,0.0039088926958563,0.0001185305462744,0.0001535289327159,-2.2913407083732875,-0.0281738055977261,1.0019971789916795,7.81816679417944e-05,0.9999523687619004,0.0001955024093281,-2.9110431227792408e-06,-4.399828493831846e-05,50.0,50.0,50.0,0.0002789939178545,-6.715339682935734e-06,0.7215302438583647,13.0,0.0,-1.2174406493265318e-05,8.911294320098297e-05,0.0002029683822336,0.5141739422021789,5.35488259846068,0.6818219425693852,2.0595354218342785,0.1214393468594939,2.4285714285714284,0.0001148877635284
matr,matr_b3c44,100,1.0706101,921.0,0,1,1.0021654008307974,0.0029967959390629,1.0029992895337096,4.380433688392415e-06,4.111645643221981e-07,0.0039088926958563,0.0001185305462744,0.0001225106629593,-3.0056103552950484,-0.399385144744965,1.0019971789916795,3.057955039860258e-05,1.0011153929801422,7.240244018856408e-05,-6.668824166683908e-07,-4.367552815975629e-06,100.0,100.0,100.0,0.0001342773985882,-1.842037869648569e-05,0.6634571334509196,22.0,0.0,-5.860421832490125e-06,8.451849040219808e-05,0.0002049298806352,0.0381121432148142,11.388098922716557,0.6782328598920749,2.244430572431502,0.2215336770733062,1.0416666666666667,0.0002210888912777
matr,matr_b3c45,50,1.07026805,1735.0,0,1,1.0017534392435614,0.0024257474564431,1.002427379403552,2.371118761380863e-05,2.81716466185722e-07,0.0024257474564431,0.0012137146390569,0.0003628808403425,-1.376210562017704,0.2549876975781664,1.0009929755447713,5.0536405342566944e-05,1.000056797679461,7.608001025019119e-05,-1.0070927430078337e-06,-2.3680087559023542e-05,50.0,50.0,50.0,0.0001338400742176,1.1813261774331026e-05,-0.0414114754929292,15.0,0.0,-9.432912325888497e-06,0.0005245269065785,0.001558020908874,0.3991391952833009,1.8591788921433643,0.4310425609289401,2.550268610354478,1.0266387890430204,1.4,0.0002887127201452
matr,matr_b3c45,100,1.07026805,1735.0,0,1,1.0008007807016197,0.0014730889145012,1.0014740799505586,-1.1758306032859185e-07,1.8252934525738042e-07,0.0024257474564431,0.0012137146390569,0.0003139935590067,-1.174815756411915,-0.6505863270004278,1.0009929755447713,1.50315195357276e-05,1.000413998747706,4.053554041280008e-05,-3.985600340503061e-07,1.1737666420488555e-07,100.0,100.0,100.0,6.33023458570557e-05,-1.758056128414832e-05,-0.1794413618725973,32.0,0.0,-3.563034570503041e-06,0.00048160265001,0.0023517473029301,6.185882305198565e-05,2.424236779895258,0.547189566251166,2.626956535467181,1.0941579383187294,0.9215686274509804,0.0002722682415865
matr,matr_b3c5,50,1.0523696,815.0,0,1,1.0010464004281383,0.0019196677669138,1.0019213456152862,1.137561075384647e-05,1.8221700628159604e-07,0.0024755561164062,0.0002277716878176,0.0001706734301782,-3.13532244124157,-0.3212437538031094,1.0012567827881005,3.9993078477372e-05,1.0000769450878266,9.800696354978328e-05,-1.6659875537689658e-06,-1.1359254971176589e-05,50.0,50.0,50.0,0.0001650211928521,-2.9703528977916967e-05,0.3984927744672468,11.0,0.0,-1.0782151546989296e-05,0.0001723526620682,0.000350922337551,0.1420334168182836,12.289791257194503,0.5918008902554166,2.313441472549433,1.1293839473348632,1.0869565217391304,0.0001260963828676
matr,matr_b3c5,100,1.0523696,815.0,0,1,0.9995076824720136,0.0003809498107889,1.000381282772581,-1.5223644271838314e-05,3.74598505677699e-07,0.0024755561164062,0.0002748083943132,0.000148312769684,-0.6044303283991616,-2.7858560235653758,1.0012567827881005,3.887242967234129e-06,1.0007252369255706,3.0480255357934104e-05,-4.480774473506043e-07,1.5207821133681382e-05,100.0,100.0,100.0,5.622528682763858e-05,-2.7228654928506268e-05,0.1923565473633416,33.0,0.0,-6.418504653934967e-06,0.0001803570844265,0.000441194804563,0.5052613099420926,-0.7947952846190587,0.8878404297053649,1.0787093209100898,0.6047780301098551,0.8490566037735849,0.000376103604665
matr,matr_b3c6,50,1.06301965,630.0,0,1,0.9913119668107734,-0.0083049264423287,0.991691890664931,-0.0001928221694697,7.492673027530853e-06,0.0087369034053134,0.000406671692287,0.000134640268823,-0.0486424730744053,1.0492673006066024,0.9994677897064274,-0.0001730193008817,1.0008605473554404,-0.0001717226610059,-4.0575977815056253e-07,0.0001935758170275,50.0,50.0,50.0,-0.0001007161878081,-0.0002163831876668,0.233874077777553,8.0,0.0,-9.731410751500244e-06,0.0001498689730968,0.0003807079201217,0.9924465915549944,-1.2309574609440703,0.8573996466753115,1.4056627991937931,0.1653239804253835,0.0909090909090909,0.0024725789405678
matr,matr_b3c6,100,1.06301965,630.0,0,1,0.981900946045541,-0.0177159472075609,0.9822772630923562,-0.000190398915483,2.9641174505135283e-05,0.0181479241705456,0.000406671692287,0.0001201591822287,0.007896359551155,0.986096694556453,0.9994677897064274,-0.0001807749715056,1.001022815113093,-0.0001917391697477,1.3139747692890822e-08,0.0001920725489544,59.0,100.0,100.0,-0.0001876147984576,-0.0001861432726306,0.1113492740578954,11.0,0.0,-4.881057272850428e-06,0.0001516964730533,0.0003807079201217,0.9987996053327854,-1.2023235195580215,0.8336693482698326,1.547894275597615,0.0577938589906439,0.053763440860215,0.0046647303274214
matr,matr_b3c7,50,1.0685174,1774.0,0,1,1.001783873617781,0.0027156319588244,1.002718164631392,2.3868691557949733e-05,5.299034119448498e-07,0.0031793586140945,0.0024140926483741,0.0006544688442694,-1.8876661418144929,-0.0540598224754563,1.0016543483522122,5.657566580884269e-05,1.0000039846207096,0.0001360687201375,-2.157692857300682e-06,-2.382109102068519e-05,50.0,50.0,50.0,0.0002388365869858,-1.842628972518996e-05,-0.4549450907723569,17.0,0.0,-1.5617185122633195e-05,0.0011241773872439,0.0048434400787481,0.2150257665250521,3.2750181945273065,0.4994153914390586,2.593901200644822,0.5978370007556204,1.8235294117647056,0.0001977506402797
matr,matr_b3c7,100,1.0685174,1774.0,0,1,0.9999596637359393,0.0008914220769826,1.0008922534415692,-2.206279805227868e-06,3.468522823716119e-07,0.0031793586140945,0.0024140926483741,0.0005397368563574,-1.7778162759155527,-0.7019607576404697,1.0016543483522122,9.096143642680416e-06,1.0008356994300058,4.526281817823772e-05,-4.653833135633612e-07,2.202173973572024e-06,100.0,100.0,100.0,9.111499402978082e-05,-3.070223242526175e-05,-0.4262697037017399,18.0,0.0,-2.0415608570986773e-05,0.0009038974713894,0.0048434400787481,0.0114609720282082,3.899909578410229,0.4796285561943504,2.919158039097774,0.6197414556260943,1.1777777777777778,0.0002504404701318
matr,matr_b3c8,50,1.06591775,810.0,0,1,1.002487011779286,0.0035954931794689,1.0035994831395794,3.700435801994547e-05,5.786712007041014e-07,0.0037321829006036,0.0001512311808297,0.00017770748379,-2.5818423140004425,0.0420928882031608,1.0018927820650323,7.490610790560343e-05,0.9999839692009596,0.0001619272843505,-2.402363967896244e-06,-3.6913123519258566e-05,50.0,50.0,50.0,0.0002652059807032,6.825924538633904e-06,0.5198373089743595,15.0,0.0,-1.8970766361424288e-05,0.0001347265961431,0.000407348503203,0.4732644412931864,7.25659657479472,0.6260476747227816,2.2634484286085046,0.2544504559392538,1.6666666666666667,0.0001161440458232
matr,matr_b3c8,100,1.06591775,810.0,0,1,1.0010397143682053,0.0021481957683883,1.0021505796459254,-3.104321270650379e-06,3.9352441281332846e-07,0.0037321829006036,0.0002275034823276,0.0001497809850633,-1.957347223541916,-0.771620232884813,1.0018927820650323,2.192036498355437e-05,1.0008925280564405,6.692111773165468e-05,-6.865239117872893e-07,3.0969613763392035e-06,100.0,100.0,100.0,0.0001162721248793,-2.9044210147035192e-05,0.385641966342061,16.0,0.0,-9.490877551632465e-06,0.0001446839644906,0.0005635519250897,0.0199989166976675,5.981446107492772,0.7810032734668606,1.7007955913043833,0.3440215524977015,0.8148148148148148,0.0003173790848307
matr,matr_b3c9,50,1.0706233,1010.0,0,1,1.002287265745104,0.0033527198595435,1.0033562958387543,3.247979233123717e-05,5.540811220349061e-07,0.0036316228126175,0.0001417865648916,0.0001757757811479,-2.7708981386561096,-0.040508678966903,1.002012005529863,6.98483304071589e-05,1.000077554931603,0.0001646489979468,-2.541715492608334e-06,-3.23974859687532e-05,50.0,50.0,50.0,0.0002775508879289,-3.2501817209526478e-06,0.6377189584946852,16.0,0.0,-1.9175546837102776e-05,0.0001026894677363,0.0002671341077669,0.3807878911324888,8.258873517696395,0.6560140381101421,2.229276160182584,0.1368591827171973,1.2857142857142858,6.883840469395388e-05
matr,matr_b3c9,100,1.0706233,1010.0,0,1,1.0017020926034397,0.0027675467178792,1.002770498556966,6.23985284947382e-07,3.0441507961423813e-07,0.0036316228126175,0.0002690955819847,0.0001426881276721,-3.1771015635516258,-0.481042544856778,1.002012005529863,2.824027263142089e-05,1.0011151744270244,5.4445794116536965e-05,-5.276647924666509e-07,-6.229981127802542e-07,100.0,100.0,100.0,0.0001132166573474,-1.8513149018584883e-05,0.4808259862414834,16.0,0.0,-8.551719454539598e-06,0.0001229648054384,0.0005349220402728,0.0010445455034192,13.676763868802617,0.6289409755273816,2.422563098687541,0.3152700289706099,0.96,0.0002272507986701
sandia,sandia_SNL_18650_LFP_15C_0_100_0_5_1C_a,50,1.033,,1,1,1.0,0.0009680542110356,1.000968992248062,2.3707450066302904e-06,1.87347729546817e-08,0.0009680542110356,-0.0,0.0001382634438608,-6.783865662977807,-7.221122326457158e-13,1.0,2.016779606324399e-05,0.9998079696544636,1.4456896020788522e-05,-2.3242598104222963e-07,-2.37087784065096e-06,50.0,50.0,50.0,3.723285427065176e-05,9.6916772254611e-18,-0.0004432624113475,3.0,0.0,-2.05968981071428e-05,0.0001396949595913,0.0009680542110356,0.0599999999999966,48.99999999999709,0.1249999947916668,3.178053739595705,0.0434851119397387,1.0,0.0
sandia,sandia_SNL_18650_LFP_15C_0_100_0_5_1C_a,100,1.033,,1,1,0.9990319457889644,0.0,1.0,-9.42311272832148e-06,1.6713615082348197e-07,0.0009680542110356,0.0009680542110356,0.0002765869174387,-1.2676669140699133,-11.6470588234689,1.0,0.0,0.9997163492351302,2.1407146449048628e-05,-3.022574429153667e-07,9.423350408523e-06,100.0,100.0,100.0,9.680542110337585e-06,-2.062376362644207e-05,-0.375,3.0,0.0,-9.979940319955788e-06,0.0004503154328869,0.0019361084220713,0.4338735814691209,-0.3504727051877112,0.7762516988043876,1.9540588963514085,0.073966631395052,1.0,0.0
sandia,sandia_SNL_18650_LFP_15C_0_100_0_5_1C_b,50,1.043,,1,1,1.000958772770853,0.0009587727708534,1.000958772770853,2.4654156964816627e-05,2.62641493179947e-07,0.0019175455417066,0.0009587727708534,0.0003087972362123,-1.718107983721786,3.0974130836573637e-14,1.0,1.997443272611281e-05,0.999488382529936,8.533325000513022e-05,-1.1669056353915708e-06,-2.4632756026027105e-05,50.0,50.0,50.0,-3.3523523456586826e-06,2.519692363379601e-17,-8.716875871684428e-05,6.0,0.0,-2.039942065645564e-05,0.000419057925872,0.0019175455417066,0.4628571428572084,2.3873586437320995,0.7702492635216177,1.8407729218441296,0.0687613632094965,1.5,0.0
sandia,sandia_SNL_18650_LFP_15C_0_100_0_5_1C_b,100,1.043,,1,1,0.9990412272291468,-0.0009587727708531,0.9990412272291468,-1.3103820801390492e-05,4.194331855170286e-07,0.0019175455417066,0.0009587727708534,0.0002903872674907,-0.373060416008428,-0.9766573295982048,1.0,-9.783395620951044e-06,1.0000043388030058,3.924458570316448e-05,-5.132196716133657e-07,1.3096127908653422e-05,100.0,100.0,100.0,6.419608987450907e-05,-5.961065488347726e-05,-0.2247561907850865,53.0,0.0,-9.884255369622837e-06,0.0004459979311335,0.0019175455417068,0.3343319886094089,-0.8068978856807925,0.8222177563298032,1.5736506507436354,0.0944734404641596,0.8,0.0009587727708531
sandia,sandia_SNL_18650_LFP_15C_0_100_0_5_2C_a,50,1.03275,,1,1,0.9983054950375212,-0.0019365770999757,0.9980638915779284,-1.116495981107126e-05,4.752345545263687e-07,0.0048414427499392,0.0024207213749696,0.0005832660491728,3.703903130597314,-1.19279508106594e-13,0.9983054950375212,-4.034535624949572e-05,0.9992415479456808,-7.199616508168554e-05,1.1698308705881085e-06,1.1184505147440457e-05,50.0,50.0,50.0,-0.000201444645889,4.30772497629455e-17,0.0621012759170585,5.0,0.0,-4.120376808459137e-05,0.0007528854160136,0.0043572984749454,0.0524609695974002,19.265817262875657,0.3404656616685499,2.648878784662366,0.0499509304053943,1.0,0.0
sandia,sandia_SNL_18650_LFP_15C_0_100_0_5_2C_a,100,1.03275,,1,1,0.9973372064875332,-0.0029048656499634,0.9970958373668928,-1.2161991620437804e-05,4.0555881283963837e-07,0.0048414427499392,0.0024207213749696,0.0004196594308161,2.5872630690167955,2.4986985944850746,0.9983054950375212,-2.9641486224118205e-05,0.9985138060068186,2.7207022812708483e-06,-1.459087637422112e-07,1.218332054585962e-05,100.0,100.0,100.0,-4.7782934966814e-05,-3.367960173874083e-05,0.059538893162581,5.0,0.0,-1.996471237088448e-05,0.0005425940902239,0.0043572984749454,0.2978519078347125,16.18535719276923,0.275344797730639,3.221157921061629,0.040581001628379,0.6666666666666666,0.0
sandia,sandia_SNL_18650_LFP_15C_0_100_0_5_2C_b,50,1.03125,,1,1,0.9958787878787878,-0.0048484848484849,0.9951550387596898,-4.7000618429173374e-05,1.117722222413472e-06,0.0058181818181818,0.0024242424242423,0.0005233064180601,3.021028110703601,0.5571810602485623,0.9968484848484848,-0.00010101010101,0.9986633929393804,-0.0001106893821357,1.2247839174348e-06,4.7158057128402166e-05,50.0,50.0,50.0,-0.0003610934520025,-3.729603729604089e-05,0.2227707401887849,5.0,0.0,-2.063185041908219e-05,0.0006400863260343,0.0033939393939392,0.3952785564120689,11.605276789713358,0.4129101479978083,2.575570238363465,0.0718257345712555,0.3333333333333333,0.0
sandia,sandia_SNL_18650_LFP_15C_0_100_0_5_2C_b,100,1.03125,,1,1,0.993939393939394,-0.0067878787878788,0.9932170542635658,-4.133655666122729e-05,1.7783039511064e-06,0.0077575757575757,0.0024242424242423,0.0004155844155843,1.1355859790215723,0.9600000000004364,0.9968484848484848,-6.926406926407042e-05,0.9980625807681852,-4.6499678026643006e-05,5.061883691580069e-08,4.150960839465113e-05,100.0,100.0,100.0,-0.0001030830039525,-5.902503293809966e-05,0.1207482993197497,5.0,0.0,-9.996875976256318e-06,0.0005436591237708,0.0033939393939392,0.7847068256776082,3.951635363091106,0.5645017837011198,2.539481336932701,0.1021792312261157,0.3333333333333333,0.000969696969697
sandia,sandia_SNL_18650_LFP_25C_0_100_0_5_0_5C_a,50,1.07,,1,1,0.994392523364486,-0.0046728971962614,0.9953227315247896,-0.0001313179477398,3.564328471312343e-06,0.005607476635514,0.0009345794392524,0.000343364331942,0.1308135667295852,0.8422385997235531,0.9990654205607477,-9.735202492205606e-05,1.0006229055153577,-0.0001535061827473,4.266968270692434e-07,0.0001317212535112,50.0,50.0,50.0,-7.842624665054188e-05,-0.0001045683288672,-0.0981377277599084,8.0,0.0,-1.98846689202647e-05,0.0004911150938646,0.0009345794392524,0.9676102265768498,-1.2991613850183223,0.8735139856018598,1.2937419264977523,0.3958956570920136,0.1666666666666666,0.0018691588785046
sandia,sandia_SNL_18650_LFP_25C_0_100_0_5_0_5C_a,100,1.07,,1,1,0.9897196261682242,-0.0093457943925233,0.990645463049579,-0.0001082540067853,9.736956989198205e-06,0.0102803738317757,0.0009345794392524,0.0003128212753548,0.2400857439909242,0.7241659190910217,0.9990654205607477,-9.536524890327102e-05,1.0004990763483872,-0.0001449671365613,3.5993264486251785e-07,0.0001088962001077,92.0,100.0,100.0,-0.0001357171881348,-9.345794392523364e-05,-0.1031788179955965,8.0,0.0,-9.634839579922073e-06,0.0004549848329556,0.0009345794392524,0.9829004583711574,-1.0669466140916035,0.8287772127799898,1.5798594685175713,0.3031126456784266,0.0909090909090909,0.0028037383177568
sandia,sandia_SNL_18650_LFP_25C_0_100_0_5_1C_a,50,1.03375,,1,1,0.9973397823458284,-0.0029020556227328,0.997098646034816,-4.372825309082418e-05,6.103353893018734e-07,0.003869407496977,0.0014510278113663,0.0004025591365464,1.821613747243864,0.5275524475527416,0.9983071342200728,-6.045949214026832e-05,0.9995947371101568,-9.145960990580553e-05,9.17910707979441e-07,4.382133632140291e-05,50.0,50.0,50.0,-0.0002012497780332,4.303557890465004e-17,-0.1809210526316114,5.0,0.0,-2.0581954771152125e-05,0.0006065568768237,0.0024183796856103,0.6265932311622335,5.406174714876869,0.5496157673083076,2.3512909676260647,0.1014466163366899,0.5,0.0
sandia,sandia_SNL_18650_LFP_25C_0_100_0_5_1C_a,100,1.03375,,1,1,0.9954050785973396,-0.0048367593712213,0.9951644100580268,-3.854451531079608e-05,1.371001353854481e-06,0.0058041112454655,0.0014510278113663,0.0003127701210226,0.5368570223323462,0.7913955649984812,0.9983071342200728,-4.93546874614428e-05,0.9992224606722272,-4.971372284878717e-05,1.0950203468630385e-07,3.8660877213309735e-05,100.0,100.0,100.0,-5.783081856895597e-05,-5.004994479788853e-05,-0.152146515976935,5.0,0.0,-9.972699734475773e-06,0.0004657902052393,0.0024183796856103,0.8849772851791906,0.5597295993295264,0.6860549024870524,2.1504828538987124,0.0905454298726856,0.3333333333333333,0.000967351874244
sandia,sandia_SNL_18650_LFP_25C_0_100_0_5_1C_b,50,1.0379999999999998,,1,1,0.9990366088631986,-0.0009633911368016,0.9990366088631984,-1.4745782706137949e-05,2.419844539878878e-07,0.001926782273603,0.0009633911368016,0.0003102846988145,-0.2727531307137327,-3.1363636363682605,1.0000000000000002,-2.007064868336769e-05,0.9993847766630932,5.998094724308149e-05,-1.4370524990241497e-06,1.4747185066381996e-05,50.0,50.0,50.0,-1.3474001913262304e-05,9.108418884057452e-18,-0.0084553695955374,3.0,0.0,-2.049768376173267e-05,0.0004210765093299,0.001926782273603,0.179712460063882,-0.882118075278441,0.6374987187136221,2.1008110761707925,0.1182996980290235,0.6666666666666666,0.0
sandia,sandia_SNL_18650_LFP_25C_0_100_0_5_1C_b,100,1.0379999999999998,,1,1,0.9971098265895956,-0.0028901734104047,0.9971098265895952,-2.675093509114487e-05,7.496191787792018e-07,0.0038535645472061,0.0009633911368016,0.0002557825455399,-0.2943653662365048,2.588235294119208,1.0000000000000002,-2.9491565412293204e-05,0.999893544140013,1.139479532696363e-06,-2.73435437488655e-07,2.677246702293745e-05,100.0,100.0,100.0,1.8430091312708088e-05,-3.979224260704252e-05,-0.0178609109818227,38.0,0.0,-9.93186738970552e-06,0.0003525463192359,0.001926782273603,0.7796183910653862,-0.6481486076080705,0.7655931305495831,1.754531947132845,0.1004187477470473,0.4,0.0009633911368013
sandia,sandia_SNL_18650_LFP_25C_0_100_0_5_1C_c,50,1.05175,,1,1,0.9983361064891848,-0.0019015925837889,0.9980988593155894,-2.0859306403801523e-05,3.859283333599074e-07,0.0028523888756831,0.0014261944378416,0.0004211293008768,1.2207836328703496,-18.65734265752704,0.9983361064891848,-3.961651216226928e-05,0.9991383382801508,6.92315018552536e-06,-5.342780113339159e-07,2.0881462101395047e-05,50.0,50.0,50.0,-0.0001612364341149,2.9219155992856177e-17,-0.0400073746312563,5.0,0.0,-2.022970833817781e-05,0.0005961760602962,0.002376990729736,0.2254878048780382,2.405066100362875,0.4328213629797429,2.4963968128129608,0.2061322054876731,0.75,0.0
sandia,sandia_SNL_18650_LFP_25C_0_100_0_5_1C_c,100,1.05175,,1,1,0.9964345139053958,-0.0038031851675778,0.9961977186311788,-2.6748128211667915e-05,8.027836209650521e-07,0.0047539814594721,0.0014261944378416,0.0003507512257514,0.0382267010714304,2.03994528043834,0.9983361064891848,-3.880801191405969e-05,0.9991634517188492,-2.375409695243525e-06,-2.389482207492657e-07,2.679149859050639e-05,100.0,100.0,100.0,2.273643306682533e-06,-5.1260321823904217e-05,-0.1091532251768204,5.0,0.0,-9.802023627776876e-06,0.0005152826023705,0.002376990729736,0.7278353066969476,0.4970679343441526,0.6390854371249938,2.317114608245774,0.1335313926245226,0.5714285714285714,0.0009507962918942
sandia,sandia_SNL_18650_LFP_25C_0_100_0_5_1C_d,50,1.05075,,1,1,0.9983345229597904,-0.0019034023316678,0.9980970504281635,-1.5052416398388723e-05,2.791520119520164e-07,0.0028551034975018,0.0014275517487508,0.0003740971184097,3.8483269416940615,3.87412169068747e-13,0.9983345229597904,-3.9654215243080375e-05,0.9994472033653772,-7.793844526132168e-05,1.2093467089020363e-06,1.5078201535307238e-05,50.0,50.0,50.0,-0.0001979937740108,3.625831469023071e-17,-0.0507958801498439,5.0,0.0,-2.0248960975192223e-05,0.0005282223927487,0.0023792529145849,0.1623310810810512,16.15899503274335,0.3566036751144247,2.650090296601701,0.0964182131586866,0.6666666666666666,0.0
sandia,sandia_SNL_18650_LFP_25C_0_100_0_5_1C_d,100,1.05075,,1,1,0.9964311206281228,-0.0038068046633357,0.9961941008563272,-2.637336378541649e-05,7.730769365120742e-07,0.0047585058291697,0.0014275517487508,0.0003236916937366,0.172928391691175,3.0451612903238576,0.9983345229597904,-3.8844945544242e-05,0.9987652820969216,-1.3107557337957432e-06,-2.457118436433627e-07,2.6425714470838143e-05,100.0,100.0,100.0,-5.068843165857662e-05,-4.38610102515001e-05,-0.2166186006356105,5.0,0.0,-9.811352225093138e-06,0.0004973397572784,0.0023792529145849,0.7347729559817215,1.3728016396091345,0.6235650008537083,2.3906538237969697,0.0841136641535584,0.5,0.0
sandia,sandia_SNL_18650_LFP_25C_0_100_0_5_2C_a,50,1.03675,,1,1,0.9954183747287196,-0.0057873161321437,0.9942196531791908,-4.763709197205675e-05,1.7003031945331382e-06,0.0067518688208341,0.0033759344104171,0.0007967296680973,3.265349423391185,0.3940380332364576,0.99638292741741,-0.0001205690860863,0.9982297924274652,-0.0001388201002249,1.753519389479034e-06,4.783440899132822e-05,50.0,50.0,50.0,-0.0004536095686323,3.9748821644327576e-17,0.1789122137404856,5.0,0.0,-2.052239763171305e-05,0.0010192216915042,0.0043404870991076,0.2669279854147823,12.582694433277894,0.3252038953349188,2.649865147596452,0.4158741240228999,0.8333333333333334,0.0
sandia,sandia_SNL_18650_LFP_25C_0_100_0_5_2C_a,100,1.03675,,1,1,0.9934892693513384,-0.0077164215095249,0.9922928709055876,-3.560553493379002e-05,1.716769712092338e-06,0.0086809741982153,0.0033759344104171,0.0005914439919714,2.254371655752111,0.8954788526985676,0.99638292741741,-7.87389949951527e-05,0.9973231867524128,-4.486624596119427e-05,9.079128458249077e-08,3.5774139573822416e-05,100.0,100.0,100.0,-9.414872983090777e-05,-5.703441985301521e-05,0.1359310270771569,5.0,0.0,-9.943842151448593e-06,0.0007741841513468,0.0043404870991076,0.6030701277774184,10.069041174170192,0.3926799851761804,2.9926613373709694,0.2478361639045812,0.6666666666666666,0.0009645526886904
sandia,sandia_SNL_18650_LFP_25C_0_100_0_5_2C_b,50,1.03225,,1,1,0.9958827803342216,-0.0048437878420923,0.995159728944821,-5.367707751541237e-05,1.2332110867102624e-06,0.005812545410511,0.0024218939210463,0.0005589481885898,2.8772137417343666,0.4414031775992099,0.99685153790264,-0.0001009122467101,0.9989071842543864,-0.000139821303683,1.6566197339931303e-06,5.386785820805714e-05,50.0,50.0,50.0,-0.0003607436399879,1.7375290086146208e-17,0.1323066058235582,5.0,0.0,-2.06118631578428e-05,0.0007271344164466,0.0033906514894649,0.4672725832012269,10.499697669937124,0.4316751350140574,2.5595683762303905,0.1290571122296015,0.5,0.0
sandia,sandia_SNL_18650_LFP_25C_0_100_0_5_2C_b,100,1.03225,,1,1,0.9939452651973844,-0.0067813029789293,0.9932236205227494,-4.315374622954661e-05,1.901447763249124e-06,0.007750060547348,0.0024218939210463,0.0004376400595326,1.259411133858001,0.7418481204640683,0.99685153790264,-6.919696917274921e-05,0.9982151438090472,-6.269871232396879e-05,1.916173146512433e-07,4.334674662735311e-05,100.0,100.0,100.0,-0.0001029831415123,-3.0326323880934005e-05,0.10867346938776,5.0,0.0,-9.987191426995995e-06,0.0005776621220413,0.0033906514894649,0.7998295354400017,3.893907592070147,0.5868418326234457,2.4708876297516893,0.1596505606296013,0.4285714285714285,0.0009687575684183
sandia,sandia_SNL_18650_LFP_25C_0_100_0_5_3C_a,50,1.037,3183.0,0,1,0.9922854387656702,-0.0086788813886211,0.991329479768786,-0.0001332336213173,4.215400670528179e-06,0.0086788813886211,0.0019286403085824,0.0004681444952479,1.206072815601316,0.4322552447552243,0.996142719382835,-0.0001808100289296,0.999445919979432,-0.0002790528386408,2.8042157177593675e-06,0.0001340109673838,50.0,50.0,50.0,-0.0004383273428595,-9.103721736314886e-05,0.2013121546961255,8.0,0.0,0.0,0.0005967721771988,0.0019286403085824,0.842206909224545,1.9283393011842511,0.6551373990034756,2.1070055445508027,0.3059355127611313,0.0,0.0009643201542913
sandia,sandia_SNL_18650_LFP_25C_0_100_0_5_3C_a,100,1.037,3183.0,0,1,0.9874638379942142,-0.0135004821600771,0.9865125240847784,-0.0001017277253673,8.961173045878973e-06,0.0135004821600771,0.0019286403085824,0.000389644183048,0.5797697283095219,0.6200364931793382,0.996142719382835,-0.0001377600220415,0.998340221119252,-0.00015906553242,5.621353632627312e-07,0.0001025705150502,74.0,100.0,100.0,-0.0002213743658546,-8.008049976941183e-05,0.1237244897959183,8.0,0.0,0.0,0.0005181009542114,0.0019286403085824,0.9431019293199224,0.0132673051965173,0.7254863790399487,2.0343986121341118,0.245449308828508,0.0,0.0019286403085824
sandia,sandia_SNL_18650_LFP_25C_0_100_0_5_3C_b,50,1.0477500000000002,1610.0,0,1,0.9887854927225004,-0.0133619661178716,0.9866666666666668,-0.000167803699862,8.172943986613162e-06,0.0133619661178716,0.0042949176807445,0.0009077159158922,2.1389909265763856,0.3120132643320051,0.9935576234788832,-0.0002783742941222,0.99828509140143,-0.0004278641656633,5.001162803869609e-06,0.0001693715646076,33.0,50.0,50.0,-0.0007959113184595,-9.010316812746246e-05,0.3243362124120473,5.0,0.0,0.0,0.0010648080715788,0.0042949176807445,0.6890560300807647,6.169677125233315,0.5356195909592584,2.3869236166160883,0.3687637412577365,0.125,0.001908852302553
sandia,sandia_SNL_18650_LFP_25C_0_100_0_5_3C_b,100,1.0477500000000002,1610.0,0,1,0.9840133619661176,-0.0181340968742544,0.9819047619047618,-0.0001119045479409,1.1942783797718424e-05,0.0181340968742544,0.0042949176807445,0.0006872756008502,1.2590341285378448,0.4845174285617978,0.9935576234788832,-0.0001850418048393,0.9962457925515306,-0.0002090919434097,9.528176026364884e-07,0.0001132387872429,33.0,100.0,100.0,-0.0003176579212183,-8.465344993932862e-05,0.266228178018217,5.0,0.0,0.0,0.0008364396270996,0.0042949176807445,0.8563173308063566,2.8770912127198507,0.6295871407190895,2.3896129983178795,0.3154616365588566,0.1428571428571428,0.001908852302553
sandia,sandia_SNL_18650_LFP_25C_0_100_0_5_3C_c,50,1.0385,2305.0,0,1,0.9879634087626384,-0.0134809821858449,0.9865384615384616,-0.0001857074076621,9.238305595430983e-06,0.0144439094848338,0.0038517091959557,0.0008329537591087,1.808909373929932,0.3837669683257677,0.992778045257583,-0.0002808537955383,0.9984639156269968,-0.000433951841116,4.773931412575124e-06,0.0001874694669761,30.0,50.0,50.0,-0.0008114177589381,-0.0001212076320405,0.3212973704563079,6.0,0.0,-2.048781487210256e-05,0.0009627093188391,0.0048146364949444,0.7466139954853278,4.566229563397448,0.5679985366551791,2.307592316397716,0.4281933591857204,0.1111111111111111,0.0019258545979778
sandia,sandia_SNL_18650_LFP_25C_0_100_0_5_3C_c,100,1.0385,2305.0,0,1,0.9831487722676936,-0.0182956186807897,0.9817307692307692,-0.0001267586300944,1.4782495411821484e-05,0.0192585459797785,0.0038517091959557,0.0006252321645203,1.038697210825174,0.5091814503580109,0.992778045257583,-0.0001866899865386,0.9965456555244278,-0.0002289027404276,1.0014128464042777e-06,0.0001283447109918,30.0,100.0,100.0,-0.0003416298591194,-9.50367377697704e-05,0.2924960055644893,10.0,0.0,-9.927085556585776e-06,0.0007380839849481,0.0048146364949444,0.8876712432896453,1.7395957082126516,0.6627799762603124,2.2389208810126267,0.3077832517728682,0.0714285714285714,0.0028887818969665
sandia,sandia_SNL_18650_LFP_25C_0_100_0_5_3C_d,50,1.0604999999999998,2788.0,0,1,0.9882131070249884,-0.014144271570014,0.9858889934148636,-0.000170308576047,8.964158423009158e-06,0.014144271570014,0.0047147571900048,0.0009653985836323,2.3683709964361066,0.2899689384249752,0.9919849127769922,-0.0002946723243752,0.9979978966819202,-0.0004611829985837,5.593738894936787e-06,0.0001720264757867,33.0,50.0,50.0,-0.0008803078110008,-6.594066000004033e-05,0.4017857142857171,5.0,0.0,0.0,0.0010654081713644,0.0047147571900048,0.6471329422457215,7.272112124795271,0.5218821830753759,2.4299408331184105,0.3298824269421573,0.0,0.0018859028760018
sandia,sandia_SNL_18650_LFP_25C_0_100_0_5_3C_d,100,1.0604999999999998,2788.0,0,1,0.9834983498349836,-0.0188590287600188,0.9811853245531514,-0.000109352043076,1.1828397307209157e-05,0.0188590287600188,0.0047147571900048,0.0007122845605488,1.487839810435077,0.489730807577325,0.9919849127769922,-0.0001924390689797,0.9956385680346156,-0.0002095757144717,9.825850136842604e-07,0.0001107174211447,33.0,100.0,100.0,-0.0003452022220855,-8.117581944530016e-05,0.3733427677640399,5.0,0.0,0.0,0.0008010368217462,0.0047147571900048,0.8256057882035177,4.111720859718212,0.5953115817520467,2.501368542381297,0.2521753839948711,0.0,0.0018859028760018
sandia,sandia_SNL_18650_LFP_35C_0_100_0_5_1C_a,50,1.0755,3089.0,0,1,0.98930729893073,-0.01208740120874,0.987929433611885,-0.0001538914031442,1.081218374724283e-05,0.0213854021385401,0.0148768014876801,0.0030113394866789,0.0865494701835863,0.4667638838254705,0.99395629939563,-0.0002518208585153,0.9977326766191204,-0.0003387019664388,3.5540492941269297e-06,0.0001552151628871,9.0,50.0,50.0,-0.0008322686146953,-8.7778330456146e-05,-0.469918518365264,9.0,1.0,0.0,0.0052176088007706,0.0288238028823801,0.4380717996536525,4.424071720533818,0.4038374336276502,2.744361839815131,0.4177352006999786,0.2,0.00185960018596
sandia,sandia_SNL_18650_LFP_35C_0_100_0_5_1C_a,100,1.0755,3089.0,0,1,0.98372849837285,-0.01766620176662,0.9823584029712163,-0.0001247668671457,1.5888230870828275e-05,0.0213854021385401,0.0148768014876801,0.0021238379535906,0.6506224486074109,0.6777398999057008,0.99395629939563,-0.0001802673649655,0.9963609524046048,-0.0001846427277123,5.870182408483101e-07,0.0001262095535077,9.0,100.0,100.0,-0.0002558971560244,-9.540557475797304e-05,-0.4668758840421766,9.0,1.0,0.0,0.0036563633549028,0.0288238028823801,0.800143401671748,0.5626967269172782,0.589386179107408,2.4651940811608064,0.3620297090763923,0.1764705882352941,0.0027894002789401
sandia,sandia_SNL_18650_LFP_35C_0_100_0_5_1C_b,50,1.0435,3126.0,0,1,0.9889793962625778,-0.0124580737901292,0.9875598086124404,-0.0001670203299335,7.340031232381688e-06,0.0124580737901292,0.0028749401054145,0.0006410555166108,1.7111594914745871,0.3400537634408982,0.9937709631049352,-0.0002595432039609,0.9987146117405656,-0.0004014743354139,4.508730874623646e-06,0.0001684511531497,39.0,50.0,50.0,-0.00069695517707,-0.0001072238733953,0.3913473973488369,9.0,0.0,0.0,0.0007127632371804,0.0028749401054145,0.7601000521104783,3.9519201761041214,0.5878568605473261,2.294541554471244,0.3420954941755751,0.0,0.0009583133684715
sandia,sandia_SNL_18650_LFP_35C_0_100_0_5_1C_b,100,1.0435,3126.0,0,1,0.9841878294202202,-0.0172496406324868,0.9827751196172247,-0.000116265872991,1.226978465599278e-05,0.0172496406324868,0.0028749401054145,0.00051854819763,0.922207419547061,0.5706020112964381,0.9937709631049352,-0.0001760167411477,0.9968205022374278,-0.0001995306624146,8.163214649364378e-07,0.0001175705776123,39.0,100.0,100.0,-0.0003099935418011,-8.583154517616704e-05,0.2321101982755772,14.0,0.0,0.0,0.0006454283204742,0.0028749401054145,0.8997304169938273,1.3467108976623052,0.6635145114450098,2.250399256469261,0.2864965358576792,0.0666666666666666,0.0028749401054142
sandia,sandia_SNL_18650_LFP_35C_0_100_0_5_1C_c,50,1.05575,3246.0,0,1,0.9879232772910252,-0.014207909069382,0.9858223062381852,-0.0002131186360406,1.086513823677265e-05,0.014207909069382,0.0023679848448968,0.0005770065323708,1.3134632420274714,0.3431822971549106,0.993606440918778,-0.0002959981056121,0.9996571511651394,-0.0004958034422699,5.43624627363948e-06,0.000215127775378,30.0,50.0,50.0,-0.0007567615902922,-0.0001159153420578,0.3804824561403624,10.0,0.0,2.015306250976389e-05,0.0006403157930609,0.001420790906938,0.8360602882002958,2.0185892697037886,0.6676162672016046,2.065194523527273,0.4539174914941112,0.0,0.0018943878759175
sandia,sandia_SNL_18650_LFP_35C_0_100_0_5_1C_c,100,1.05575,3246.0,0,1,0.9822401136632724,-0.0198910726971348,0.9801512287334592,-0.0001430866191868,1.824977173994795e-05,0.0198910726971348,0.0023679848448968,0.0004687394357615,0.8425321570395181,0.5250100040016195,0.993606440918778,-0.0002029701295625,0.99737395095923,-0.0002560576806284,1.1075594258979795e-06,0.0001449155445327,30.0,100.0,100.0,-0.0003757888992988,-0.0001111923318473,0.2882653061224569,19.0,0.0,9.764885958339203e-06,0.0005565556695301,0.001420790906938,0.9161897686737712,0.7120941942731935,0.702780961816178,2.138662312301016,0.360002734031407,0.0,0.0028415818138764
sandia,sandia_SNL_18650_LFP_35C_0_100_0_5_1C_d,50,1.05775,3374.0,0,1,0.9898369179862916,-0.0113448357362325,0.9886685552407932,-0.0001705584148099,6.808563267225441e-06,0.0113448357362325,0.0023635074450483,0.0005542916284357,1.174308950788394,0.4143216783216276,0.995509335854408,-0.0002363507445048,0.9994343304639066,-0.0003604479552623,3.651721931774659e-06,0.000171816331431,48.0,50.0,50.0,-0.0005735224359662,-8.92513300927436e-05,0.1931818181818053,8.0,0.0,0.0,0.0007098898619619,0.0023635074450483,0.8545172225259735,1.7313889013332373,0.6517402709899452,2.105805890812179,0.3999856423435389,0.0,0.0018908059560387
sandia,sandia_SNL_18650_LFP_35C_0_100_0_5_1C_d,100,1.05775,3374.0,0,1,0.9851099030961948,-0.0160718506263293,0.9839471199244572,-0.0001202947821443,1.26882432443649e-05,0.0160718506263293,0.0023635074450483,0.0004433409496698,0.7171960072264809,0.5427202555230778,0.995509335854408,-0.0001639984757788,0.997996324504748,-0.000207357159295,8.535527171631083e-07,0.0001215365451951,48.0,100.0,100.0,-0.0002825932814731,-7.850955165295624e-05,0.1517760513296153,12.0,0.0,0.0,0.0005799326113175,0.0023635074450483,0.9314014586720244,0.2639734099887674,0.7251118003826741,2.04557762416433,0.2888775298565547,0.0,0.0028362089340579
sandia,sandia_SNL_18650_LFP_35C_0_100_0_5_2C_a,50,1.06325,3442.0,0,1,0.988478720902892,-0.0131671761109804,0.9868544600938968,-0.0001768739473216,8.069389155736771e-06,0.0131671761109804,0.0032917940277451,0.000736276127755,1.643936038967167,0.3473882945248465,0.9941217963790264,-0.0002743161689786,0.9988803203868554,-0.0004218381851241,4.710850726970729e-06,0.000178428590148,37.0,50.0,50.0,-0.0007251154676501,-0.0001019436711889,0.2407341831916928,8.0,0.0,0.0,0.0009151571668381,0.0032917940277451,0.775384422225267,3.695616714517515,0.5944621262353494,2.272616695616363,0.4605248852911918,0.1,0.0018810251587114
sandia,sandia_SNL_18650_LFP_35C_0_100_0_5_2C_a,100,1.06325,3442.0,0,1,0.9837761580061134,-0.0178697390077591,0.9821596244131456,-0.0001183347459924,1.2809841035956202e-05,0.0178697390077591,0.0032917940277451,0.0005764634776001,0.9994254804440392,0.5091442979797003,0.9941217963790264,-0.0001823442755893,0.9969529491731088,-0.000216765601431,9.650083866528958e-07,0.0001197032567899,37.0,100.0,100.0,-0.0003248857583905,-7.64677618867811e-05,0.1554368975971913,12.0,0.0,-9.696005972738612e-06,0.0007488242424364,0.0032917940277451,0.8927413585393512,1.472367225780996,0.6729957593597038,2.237618120435809,0.3218509680670308,0.125,0.002821537738067
sandia,sandia_SNL_18650_LFP_35C_0_100_0_5_2C_b,50,1.0385,2465.0,0,1,0.9889263360616272,-0.0125180548868561,0.9875,-0.000179222387077,8.187883756973907e-06,0.0125180548868561,0.0028887818969668,0.0006441419658963,1.5957821192219523,0.3395493395493444,0.993740972556572,-0.0002607928101428,0.9989519186525032,-0.0004326465730064,4.873542037103163e-06,0.0001808146040495,35.0,50.0,50.0,-0.0006902101268976,-0.0001077401173693,0.3913473973488567,6.0,0.0,0.0,0.0007161949330744,0.0028887818969668,0.7845901330063196,3.318017613893389,0.627219977252812,2.1939859495396847,0.3899609215721991,0.0,0.0019258545979778
sandia,sandia_SNL_18650_LFP_35C_0_100_0_5_2C_b,100,1.0385,2465.0,0,1,0.9831487722676936,-0.0182956186807897,0.9817307692307692,-0.0001270921114101,1.4450808357961456e-05,0.0182956186807897,0.0028887818969668,0.0005083836899875,0.8391424218869801,0.5681114551084759,0.993740972556572,-0.0001866899865386,0.9969182479609964,-0.0002150903390893,8.627277223453558e-07,0.000128592066509,35.0,100.0,100.0,-0.0003315819220865,-0.0001050846748026,0.3030692291858888,19.0,0.0,0.0,0.0006026975559181,0.0028887818969668,0.9128299431957546,0.969084995893482,0.6797091713858178,2.204634534229204,0.3184537311185346,0.0,0.0028887818969665
sandia,sandia_SNL_18650_NCA_15C_0_100_0_5_1C_a,50,2.88425,176.0,0,1,0.9555343676865736,-0.0506197451677213,0.9496898690558234,-0.0008556321896011,0.0001544134024464,0.0533934298344456,0.013868423333622,0.003053636226701,0.2831036296202881,0.7626016348952146,0.9874317413539048,-0.0010545780243275,1.0006376433676674,-0.0011762768249197,6.1662429868960205e-06,0.0008780260744422,8.0,20.0,50.0,-0.0017402204279208,-0.0009904284845777,-0.4017819841394185,38.0,1.0,4.4260925532807485e-05,0.0051546535815571,0.0280835572505849,0.9482420985259408,-0.3486053450869524,0.7206871537157686,1.898488789289674,0.0703807967617995,0.0217391304347826,0.0090144751668544
sandia,sandia_SNL_18650_NCA_15C_0_100_0_5_1C_a,100,2.88425,176.0,0,1,0.9066481754355552,-0.0995059374187396,0.9011026878015164,-0.0009022644414365,0.0006704014442153,0.0995059374187396,0.013868423333622,0.0021521376918882,-0.0848091196107788,1.1762273650415518,0.9874317413539048,-0.0010153667083544,0.9968363443877796,-0.000768653593139,-1.3099102774266395e-06,0.0009456270348533,8.0,20.0,58.0,-0.0010617634755474,-0.0009917430120858,-0.3986563905223116,38.0,1.0,2.144601546436513e-05,0.0036091581415069,0.0280835572505849,0.991693741512565,-1.0557269238822633,0.7981203251945225,1.7276961893231904,0.053814152813908,0.0105263157894736,0.0221894773337956
sandia,sandia_SNL_18650_NCA_15C_0_100_0_5_1C_b,50,2.8665000000000003,325.0,0,1,0.956567242281528,-0.0488400488400488,0.9514226231783484,-0.0008296400716225,0.0001446349672153,0.0488400488400488,0.0059305773591487,0.0011255573395316,0.5852960609491881,0.5919100579294824,0.9865689865689864,-0.0010175010175009,1.000509177428723,-0.0013579278087755,1.0159379560634818e-05,0.0008530994486284,6.0,16.0,50.0,-0.001830891940782,-0.0007086930163852,0.5593590171225257,14.0,0.0,4.453499894226408e-05,0.0010419032563466,0.0045351473922902,0.9517790361401872,-0.1133999395857139,0.7428676010695466,1.8772277985574777,0.1076306641923654,0.0212765957446808,0.0080237223094366
sandia,sandia_SNL_18650_NCA_15C_0_100_0_5_1C_b,100,2.8665000000000003,325.0,0,1,0.927960927960928,-0.0774463631606488,0.922970159611381,-0.0006612025270917,0.0003640191566819,0.0774463631606488,0.0059305773591487,0.0008553232542999,0.3304644717461351,0.714423450664068,0.9865689865689864,-0.0007902690118433,0.9961721822405292,-0.0009179672770627,2.5173014703037702e-06,0.0006913599700225,6.0,16.0,63.0,-0.0011560833921082,-0.000553621671634,0.5030676581586672,14.0,0.0,1.798234493374526e-05,0.0008402663176505,0.0045351473922902,0.980820648060482,-0.7211665837535213,0.7759036013649147,1.8346515358100504,0.0445507969853738,0.021505376344086,0.0153497296354439
sandia,sandia_SNL_18650_NCA_15C_0_100_0_5_2C_a,50,2.83075,158.0,0,1,0.9644087256027554,-0.0452176984897995,0.9552134359692092,-0.0005851553727558,9.529364300371772e-05,0.0452176984897995,0.0128941093349819,0.0032514003880653,-0.0514268480424058,5.882672535331451,0.9894904177338162,-0.0009420353852041,0.9925059530728164,0.0002225273016526,-1.5532359123239857e-05,0.000592755531357,5.0,37.0,50.0,-0.0006910867106928,-0.0011042565136003,0.1707108797529787,5.0,2.0,3.0064959102260345e-05,0.0042172301229165,0.0173099002031261,0.7186351564954445,0.1247050838459715,0.6054057100616695,2.0991140305870664,0.3997993705724871,0.3636363636363636,0.0056522123112249
sandia,sandia_SNL_18650_NCA_15C_0_100_0_5_2C_a,100,2.83075,158.0,0,1,0.8983484942153139,-0.1112779298772409,0.8897830650804759,-0.001079432294784,0.0009967054676609,0.1112779298772409,0.0128941093349819,0.0023247332849761,-0.3413721311254381,2.275654893263969,0.9894904177338162,-0.00113548908038,0.9986479420827556,-0.0003255436598895,-7.391065047985586e-06,0.0011222547032755,5.0,37.0,60.0,-0.0001717934638615,-0.0012640681337331,0.1563022947161948,5.0,2.0,3.277700438210301e-05,0.0030258742585348,0.0173099002031261,0.954704134848532,-1.239385212601226,0.8494607827020982,1.4197084382663214,0.108423305188372,0.1463414634146341,0.0254349554005122
sandia,sandia_SNL_18650_NCA_15C_0_100_0_5_2C_b,50,2.8645,157.0,0,1,0.9513004014662246,-0.059347181008902,0.9412780656303972,-0.0008217411593717,0.0001536838357565,0.059347181008902,0.0136149415255716,0.0028822501583405,0.6067993384403724,1.0233378106111333,0.9823703962297088,-0.0012363996043521,0.9947130940260436,-0.0008743448430946,1.0116093023617176e-06,0.0008447845127303,5.0,5.0,50.0,-0.0019627780144448,-0.0010570682590231,0.3721055234359731,5.0,2.0,5.1993775602269165e-05,0.0032414153344705,0.0153604468493627,0.8787632475222409,1.213143773877241,0.5950607257574785,2.231493883520036,0.2714215515800007,0.1388888888888889,0.0076802234246815
sandia,sandia_SNL_18650_NCA_15C_0_100_0_5_2C_b,100,2.8645,157.0,0,1,0.8916041193925642,-0.1190434630825624,0.8822107081174438,-0.0010551660642676,0.0009257286600268,0.1190434630825624,0.0136149415255716,0.0020893928273285,-0.1426397266665408,1.4204347249564158,0.9823703962297088,-0.0012147292151281,0.9943040826608212,-0.0007387917265183,-3.10170919361985e-06,0.001112748503046,5.0,5.0,51.0,-0.0009040199746522,-0.0010723474010943,0.307226100381294,5.0,2.0,1.799490024527011e-05,0.0024559498923514,0.0153604468493627,0.9822063795370036,-1.1529802760568573,0.8108427277755158,1.627485548422354,0.0694034648000489,0.073170731707317,0.0265316809216268
sandia,sandia_SNL_18650_NCA_25C_0_100_0_5_0_5C_a,50,3.1415,249.0,0,1,0.9396784975330256,-0.0620722584752506,0.9380362249761678,-0.0010571231516639,0.0002738939776569,0.0620722584752506,0.0302403310520452,0.0042667811045414,1.3133530215090792,0.3556812186212463,0.9689638707623748,-0.0012931720515676,0.9995151291152312,-0.0024502050287606,2.679003609801357e-05,0.0011069088119773,7.0,7.0,35.0,-0.0039296477303798,-0.0006867237489551,-0.0789317802809811,7.0,1.0,4.063650309342671e-05,0.0063296143755919,0.0309830760252534,0.8160160127242776,1.451971491089484,0.6979615978100236,1.977952983674789,0.0898038948613031,0.1162790697674418,0.0092312589527295
sandia,sandia_SNL_18650_NCA_25C_0_100_0_5_0_5C_a,100,3.1415,249.0,0,1,0.9234442145471908,-0.0783065414610854,0.9218303145853194,-0.0006313561939854,0.000380779694071,0.0983606557377048,0.0302403310520452,0.0038601960311849,1.0496481005182912,0.3891766055432913,0.9689638707623748,-0.0007990463414396,0.988460623411704,-0.0013168376726533,6.7204066536067e-06,0.0006717098495579,7.0,7.0,35.0,-0.0019303526654626,-0.0006464649260599,-0.082779066809027,23.0,1.0,2.953477802153052e-05,0.005705300074634,0.0309830760252534,0.8549091003114755,1.382991635373119,0.672395482734927,2.149382437053247,0.1123988851470366,0.1538461538461538,0.0105045360496579
sandia,sandia_SNL_18650_NCA_25C_0_100_0_5_0_5C_b,50,3.14,135.0,0,1,0.956687898089172,-0.0452229299363057,0.9548633184996822,-0.0009174899259066,0.0001688397309808,0.0452229299363057,0.0015923566878981,0.0002976069730892,0.1086467699987966,0.8536139872142916,0.9929936305732484,-0.000942144373673,1.0036407413758293,-0.0010736052247162,3.002217284798575e-06,0.0009382136428231,13.0,25.0,50.0,-0.0010790165248763,-0.0008963965970335,0.3071156394962808,31.0,0.0,6.77598590594857e-06,0.00035065317883,0.000955414012739,0.9971441665419876,-1.18893151970523,0.818164391945905,1.5396662845307882,0.0683192439774772,0.0,0.0111464968152866
sandia,sandia_SNL_18650_NCA_25C_0_100_0_5_0_5C_b,100,3.14,135.0,0,1,0.8990445859872612,-0.1028662420382165,0.8973299427844883,-0.0010355970992913,0.0008869763807083,0.1028662420382165,0.0098726114649681,0.0010406627059387,-0.2516253423626588,1.3781953117024148,0.9929936305732484,-0.0010496555310021,0.9996098788347404,-0.0006824382074105,-3.4623420772623663e-06,0.0010839376321201,13.0,25.0,58.0,-0.0009680144004431,-0.001425643865965,0.0652996944616304,78.0,0.0,6.56641933153779e-06,0.0014293618344441,0.0089171974522294,0.9874484333131236,-1.0164083602228828,0.8278336591954941,1.6494183084171188,0.0540672212702758,0.010752688172043,0.023248407643312
sandia,sandia_SNL_18650_NCA_25C_0_100_0_5_1C_a,50,3.09625,337.0,0,1,0.9505046427129592,-0.0581348405329027,0.9423631123919308,-0.0009223468151895,0.0001870452503254,0.0581348405329027,0.006297941057731,0.0014143446699804,0.9137333034929702,0.4415574732996639,0.9808639483245862,-0.0012111425111021,1.0008830482295563,-0.0018363909217385,1.7577771279788674e-05,0.0009550562171783,6.0,12.0,50.0,-0.0025775597031148,-0.0005612473920911,0.7139462248777868,10.0,0.0,0.0001099476889511,0.000866178843073,0.0035526846992329,0.9096447474714155,0.6350415670821103,0.716835620052536,1.9504492795716668,0.067822596338761,0.0,0.0093661687525231
sandia,sandia_SNL_18650_NCA_25C_0_100_0_5_1C_a,100,3.09625,337.0,0,1,0.9269277351635042,-0.0817117480823577,0.9189881524175472,-0.0006507782545616,0.0003668363506798,0.0817117480823577,0.006782398062172,0.0012683322280015,0.6604043874957374,0.4999127746285599,0.9808639483245862,-0.0008337933477791,0.994794869684468,-0.0011684963005872,5.075667117898597e-06,0.0006855378641406,6.0,12.0,52.0,-0.0014488072879184,-0.0003659405662529,0.4614436840956462,25.0,0.0,5.3273622481453376e-05,0.0012334881288818,0.0077513120710538,0.942841154075295,-0.195311620558249,0.7532422636006896,1.8857458326396137,0.0526915700756389,0.0481927710843373,0.0148566814695196
sandia,sandia_SNL_18650_NCA_25C_0_100_0_5_1C_b,50,3.0895,228.0,0,1,0.9448130765496034,-0.0640880401359443,0.9364773820981712,-0.0009536250169269,0.0002128374903165,0.0640880401359443,0.0100339860818903,0.0025933112859455,1.2047196303715018,0.4151128023919513,0.9729729729729728,-0.0013351675028321,0.9977178215654444,-0.0020400481610761,2.089275277209963e-05,0.0009937086271215,5.0,8.0,40.0,-0.0033556021579973,-0.0005839766318807,0.2336257606490837,9.0,2.0,7.57541845578249e-05,0.003218961707932,0.0152128176080272,0.8545493292150143,1.7565107240630278,0.6631901698943402,2.104112704713591,0.1098148660072065,0.073170731707317,0.0093866321411231
sandia,sandia_SNL_18650_NCA_25C_0_100_0_5_1C_b,100,3.0895,228.0,0,1,0.9218320116523708,-0.0870691050331769,0.9136990696182226,-0.0006398074832634,0.0003706550588657,0.0922479365593138,0.0135944327561094,0.0030074604185251,0.8493888366692331,0.3964786967673945,0.9729729729729728,-0.0008884602554405,0.9907258024196453,-0.0012667709841989,6.146700989564269e-06,0.0006783580147044,5.0,8.0,40.0,-0.0015930536107573,-0.000305382185101,-0.1357144050903561,57.0,3.0,3.670563581666936e-05,0.0045452513662438,0.022657387926849,0.9019314448197896,0.4739362027644489,0.7163672900248884,2.031100729234286,0.182749914050451,0.131578947368421,0.0139181097264928
sandia,sandia_SNL_18650_NCA_25C_0_100_0_5_1C_c,50,3.128,228.0,0,1,0.9619565217391304,-0.0457161125319693,0.9546319796954312,-0.0007385889138263,0.0001161831453182,0.0457161125319693,0.0054347826086957,0.0010672866370491,0.7005863895107702,0.5394281644281589,0.9872122762148338,-0.0009524190110826,1.0014693402800523,-0.0012980065101079,1.0758030697721376e-05,0.0007571828317586,8.0,20.0,50.0,-0.0018455010462682,-0.0005454903153112,0.5677393654996881,9.0,0.0,0.0001088316917886,0.0007469181922786,0.0031969309462914,0.9390580400159746,0.1492170828724623,0.7302812442026524,1.9078840135761128,0.0594234204708007,0.0,0.0079923273657288
sandia,sandia_SNL_18650_NCA_25C_0_100_0_5_1C_c,100,3.128,228.0,0,1,0.9319053708439896,-0.07576726342711,0.9248096446700508,-0.0006257680937987,0.0003247910777444,0.07576726342711,0.0054347826086957,0.0007843138473031,0.2328880850352193,0.8227032167047418,0.9872122762148338,-0.0007731353410929,0.996445139402079,-0.0007773644973217,1.486239250224818e-06,0.0006511874898948,8.0,20.0,71.0,-0.0010508173023462,-0.0006503669520738,0.5298477110764801,15.0,0.0,5.273288158829924e-05,0.000596203763744,0.0031969309462914,0.984617546909422,-0.7138391786312095,0.7674687172250587,1.87864148088326,0.0320198112347714,0.0,0.0143861892583119
sandia,sandia_SNL_18650_NCA_25C_0_100_0_5_1C_d,50,3.09975,251.0,0,1,0.960722638922494,-0.0451649326558592,0.9550994227068634,-0.000795785045206,0.0001318806108145,0.0451649326558592,0.0041938866037583,0.0008134320117432,0.5430248759285973,0.5275516488972966,0.9894346318251472,-0.000940936096997,1.0030169662317463,-0.0013581371308169,1.0814463184823634e-05,0.0008157943847876,10.0,21.0,50.0,-0.0015571975407446,-0.0006046054920963,0.5346577462224592,23.0,0.0,7.550368681067829e-05,0.0006294490187295,0.0024195499637066,0.9603744390661404,-0.50064105164715,0.7756152908524306,1.757696389059142,0.1062946586496231,0.0,0.0083877732075168
sandia,sandia_SNL_18650_NCA_25C_0_100_0_5_1C_d,100,3.09975,251.0,0,1,0.9329784660053232,-0.07290910557303,0.927517639512508,-0.0006487865365885,0.0003506909435772,0.0842003387369948,0.0129042664731025,0.0020163420220893,0.2416799805886804,0.7653336837341246,0.9894346318251472,-0.0007439704650308,0.9981163202304866,-0.0008571895531809,2.043166829337353e-06,0.0006757425590798,10.0,21.0,70.0,-0.0011298947671095,-0.0006132331850044,-0.4396899678109408,95.0,1.0,4.323594436864264e-05,0.003420075767897,0.0261311396080327,0.9802208521308118,-0.727261756978808,0.7771212767342015,1.826206402934474,0.0768713590590313,0.0689655172413793,0.014839906444068
sandia,sandia_SNL_18650_NCA_25C_0_100_0_5_2C_a,50,3.07475,225.0,0,1,0.9643060411415564,-0.044881697699,0.9555269094424748,-0.0006231135433277,0.0001050328316833,0.0491096837141231,0.0312220505732173,0.0067425950799511,1.3852837943501692,0.6502936530685596,0.9870721196845272,-0.0009350353687291,0.9984691340886508,-0.0009651558948818,6.577737529887899e-06,0.0006370675450713,5.0,22.0,50.0,-0.0008193286508596,-0.0007141407255237,-0.4126675290525085,5.0,1.0,7.611758783361249e-05,0.0114429773444511,0.0617936417594927,0.7393316578361925,2.884843340075184,0.5502284291415837,2.4176895268057037,0.3172408746933253,0.3529411764705882,0.0052036750955362
sandia,sandia_SNL_18650_NCA_25C_0_100_0_5_2C_a,100,3.07475,225.0,0,1,0.9230018700707376,-0.0861858687698187,0.9145987753786656,-0.0007276959080241,0.0004503784609819,0.0904138547849418,0.0312220505732173,0.0049465468882699,-0.0482762404205459,1.374520664678325,0.9870721196845272,-0.0008794476405083,0.9946249954015132,-0.0005240430712481,-1.996596438980551e-06,0.000756075901124,5.0,22.0,67.0,-0.000891765679076,-0.0008518189884649,-0.3894003568662673,5.0,1.0,3.0175950940610684e-05,0.0082810156317524,0.0617936417594927,0.9602118973684464,-0.7396356280267344,0.7695434071249538,1.842166961421024,0.180961937277915,0.4603174603174603,0.0169119440604925
sandia,sandia_SNL_18650_NCA_25C_0_100_0_5_2C_b,50,3.047,304.0,0,1,0.9337052838857894,-0.0840170659665243,0.9174459851660756,-0.0009549372752054,0.0002749116655423,0.0840170659665243,0.0249425664588119,0.0049107046685184,2.314084367478079,0.3975877992465597,0.9596324253363964,-0.0017503555409692,0.988998860093304,-0.0023192098449753,2.623601095711257e-05,0.0010078482692575,4.0,5.0,28.0,-0.0047714018833151,-0.0004693370298883,0.5650951199338279,5.0,2.0,0.0001047420204037,0.0045942375626988,0.0239579914670168,0.6634168817665067,7.327039560370338,0.4864890038905669,2.5040541974616017,0.0953101798043249,0.073170731707317,0.008532983262225
sandia,sandia_SNL_18650_NCA_25C_0_100_0_5_2C_b,100,3.047,304.0,0,1,0.9094191007548408,-0.1083032490974729,0.8935827152531441,-0.0006421637187261,0.0003944511725019,0.1083032490974729,0.0249425664588119,0.0035080113786716,1.3094247676580584,0.5453311466617277,0.9596324253363964,-0.0011051351948721,0.9777821181515384,-0.0011372726614504,4.854009242394893e-06,0.0006880949966055,4.0,5.0,28.0,-0.0018064810719025,-0.0004987086371484,0.5722791688479943,5.0,2.0,5.075128823685593e-05,0.0032326016564489,0.0239579914670168,0.8537743599794425,3.397892001976965,0.6133410654104213,2.432013561110722,0.0610477231555158,0.0609756097560975,0.0144404332129962
sandia,sandia_SNL_18650_NCA_35C_0_100_0_5_1C_a,50,3.17275,171.0,0,1,0.9695059490977858,-0.0362461586951381,0.963961140708242,-0.0005658195828957,6.996925046098142e-05,0.0362461586951381,0.007091639744701,0.0014436229289484,0.8272400137465703,0.5513733340887985,0.9890473563942952,-0.0007551283061487,0.9997553088332636,-0.0009938421927481,8.231204035621138e-06,0.0005774729293486,5.0,27.0,50.0,-0.0014045524249605,-0.0004275922643269,0.3268745043274281,5.0,0.0,4.0236253870616965e-05,0.0016777373348577,0.0092979276652747,0.915121423422646,0.7249376217601968,0.692514947248002,2.009216543313165,0.1133286853070031,0.075,0.0066188637617208
sandia,sandia_SNL_18650_NCA_35C_0_100_0_5_1C_a,100,3.17275,171.0,0,1,0.9474430698920494,-0.0583090379008746,0.9420244437480414,-0.000470041269708,0.0001844833192404,0.0583090379008746,0.007091639744701,0.0010330394137074,0.315366833904871,0.7672971536139166,0.9890473563942952,-0.0005949901826619,0.9961891500782936,-0.0006191951802599,1.462293240705299e-06,0.0004852365961607,5.0,27.0,94.0,-0.0008372245994251,-0.0004492742203478,0.3246722945994694,5.0,0.0,1.9495916823918043e-05,0.0011951092424999,0.0092979276652747,0.9780469593655238,-0.5937832877177742,0.7616416548453323,1.899636538370817,0.0419951210366032,0.0344827586206896,0.0107162556142147
sandia,sandia_SNL_18650_NCA_35C_0_100_0_5_1C_b,50,3.12475,320.0,0,1,0.976398111848948,-0.0336026882150571,0.9667300380228137,-0.0003734502841859,4.852728092233587e-05,0.0380830466437315,0.0187214977198175,0.0044824563196704,1.8243767646788185,0.5474969474969147,0.9891991359308746,-0.0007000560044803,0.9964562493701185,-0.0006759513558713,5.81732830164223e-06,0.000379888797414,5.0,5.0,50.0,-0.0012392599799591,-0.0002114854503045,0.0312568444736485,5.0,2.0,6.809055362729165e-06,0.0063050657753903,0.0353628290263221,0.5747905594866609,5.688252435832357,0.4322919365607306,2.5614391220753543,0.1394661281443371,0.2,0.0044803584286743
sandia,sandia_SNL_18650_NCA_35C_0_100_0_5_1C_b,100,3.12475,320.0,0,1,0.9536762941035284,-0.0563245059604768,0.944233206590621,-0.0003437257046116,0.0001078288479667,0.0563245059604768,0.0187214977198175,0.0031551042610292,0.3812037044999956,1.101783840503711,0.9891991359308746,-0.0005747398567395,0.992714945327778,-0.0003088383351579,-3.420330338600065e-07,0.000352165900811,5.0,5.0,100.0,-0.0005040403232258,-0.0005199720325451,0.0339204324062555,5.0,2.0,-1.6496165054028712e-05,0.0044049301539329,0.0353628290263221,0.8948162991152553,0.7995103091155755,0.6629659717197084,2.352094364196926,0.0722182078117992,0.12,0.0073605888471078
sandia,sandia_SNL_18650_NCA_35C_0_100_0_5_1C_c,50,3.17625,346.0,0,1,0.965289256198347,-0.0384100747737112,0.9617314930991216,-0.000600374270133,8.107179120007694e-05,0.0384100747737112,0.0055096418732782,0.0011827491429134,0.8323631139696777,0.5609616257098147,0.98732782369146,-0.0008002098911189,0.9987864953110284,-0.0010927300710029,9.4683807859588e-06,0.0006144045475175,7.0,18.0,50.0,-0.0016705058027371,-0.0005933460478914,0.4242193586746873,17.0,0.0,1.3397305466936489e-05,0.0012804505801501,0.0048799685163322,0.8892100665402769,0.6812570534005928,0.6948900583909415,2.052173028631957,0.1410785982599054,0.0454545454545454,0.0056670602125146
sandia,sandia_SNL_18650_NCA_35C_0_100_0_5_1C_c,100,3.17625,346.0,0,1,0.9397874852420308,-0.0639118457300276,0.936323713927227,-0.0005443169862127,0.0002470045758906,0.0639118457300276,0.0055096418732782,0.0008509985013065,0.248336361192774,0.827382151490763,0.98732782369146,-0.0006521616911227,0.9951688140569416,-0.0006771958957914,1.302734407634683e-06,0.0005644808590402,7.0,18.0,79.0,-0.0010560032852523,-0.0004769091251304,0.4250228024170404,17.0,0.0,3.2457389533299734e-06,0.0009167790626904,0.0048799685163322,0.9795883362457072,-0.7810200284299071,0.7626296604620346,1.8257971042283203,0.058018417578684,0.021505376344086,0.0129083038173946
sandia,sandia_SNL_18650_NCA_35C_0_100_0_5_1C_d,50,3.1966666666666663,320.0,0,1,0.9660062565172056,-0.037851929092805,0.962293549392334,-0.0007494520227277,0.000331432560027,0.1360792492179353,0.1051094890510948,0.0213449362528802,-4.280645094737167,0.5778524712981258,0.9875912408759124,-0.0007885818561,1.0024836602934823,-0.0013635533196261,1.1809640324968584e-05,0.0007682605154832,7.0,24.0,38.0,-0.0015736088728789,-0.0005228348294041,-0.4980325628150287,38.0,1.0,2.662347746988517e-05,0.0373368824372197,0.2089676746611052,0.3389397434729346,26.83104325414958,0.4097033360295634,2.7775710568777203,0.0903226382932857,0.0212765957446808,0.0068821689259646
sandia,sandia_SNL_18650_NCA_35C_0_100_0_5_1C_d,100,3.1966666666666663,320.0,0,1,0.9434827945776852,-0.0603753910323253,0.9398566531629792,-0.0004950129070492,0.0003159493531777,0.1360792492179353,0.1051094890510948,0.0149405135172273,-1.380612184049992,0.5875554850321135,0.9875912408759124,-0.0006160754186971,0.9967745230761345,-0.0008228106898649,3.213703753095232e-06,0.0005136445885539,7.0,24.0,38.0,-0.0008611778573695,-0.0004657024980732,-0.4978296404378301,38.0,1.0,1.6125044343873035e-05,0.0259916139073616,0.2089676746611052,0.6333742527802356,7.926043490601366,0.5255505426862044,2.8423463326340737,0.0445309548100357,0.010752688172043,0.0118873826903023
sandia,sandia_SNL_18650_NCA_35C_0_100_0_5_2C_a,50,3.11775,210.0,0,1,0.937214337262449,-0.0769785903295645,0.9240986717267552,-0.0006587037027945,0.0003366549910115,0.1392029508459626,0.077940822708684,0.0168662506674177,0.4109187325066321,0.3207556243264035,0.9522893112019886,-0.0016037206318658,0.9823311921260448,-0.0022359077063793,3.033084622278509e-05,0.000696370737338,4.0,5.0,20.0,-0.0053881648781816,-0.0007648513782744,-0.3683392665423514,20.0,3.0,-2.729737245729243e-05,0.028194685412749,0.1552401571646219,0.2577657124711481,10.107704644198968,0.3807242528582327,2.794030110982201,0.1932436056185357,0.3636363636363636,0.0041696736428513
sandia,sandia_SNL_18650_NCA_35C_0_100_0_5_2C_a,100,3.11775,210.0,0,1,0.8984042979712934,-0.1157886296207199,0.885831752055661,-0.0006864618555741,0.0005102014975637,0.1392029508459626,0.077940822708684,0.0118164137314958,0.5531277552895161,1.2115905092038155,0.9522893112019886,-0.0011815166287828,0.9680984829637042,-0.0006359315918013,-4.953947428708446e-07,0.0007346914014179,4.0,5.0,20.0,-0.0018960858757534,-0.0008330980047623,-0.3665385158283688,20.0,3.0,-9.919921434222618e-06,0.0196342872373113,0.1552401571646219,0.7542857801939548,1.935113382815555,0.5203385383084058,2.695310257168951,0.1095622025115262,0.1688311688311688,0.0160372063186592
sandia,sandia_SNL_18650_NCA_35C_0_100_0_5_2C_b,50,3.07675,216.0,0,1,0.9552287316161534,-0.0598033639392216,0.941082292667307,-0.0007837252069918,0.0002338824806038,0.0841797351101,0.0255139351588526,0.0079530152130546,-0.0565987909167879,2.366911688580444,0.9688794994718452,-0.0012459034154004,0.9893350056086112,-0.0004390668579919,-6.628045173076698e-06,0.000805308729867,4.0,5.0,39.0,-0.0020881856422605,0.0017364613123124,0.1376490123191921,5.0,5.0,-7.606810861831477e-05,0.010532321614836,0.0329893556512554,0.5252425906281744,1.6941930448160498,0.6297935630628552,2.219786493690802,0.5108256237659907,0.6428571428571429,0.0084504753392377
sandia,sandia_SNL_18650_NCA_35C_0_100_0_5_2C_b,100,3.07675,216.0,0,1,0.9152514828959128,-0.0997806126594622,0.9016970861351264,-0.0007431461618973,0.0005305384531236,0.1046558868936377,0.0255139351588526,0.0071463892723109,0.0182526024266202,1.1879111934224031,0.9688794994718452,-0.0010181695169332,0.989745595819172,-0.0005911073381507,-1.4905767033985924e-06,0.0007777006236985,4.0,5.0,39.0,-0.0004724776638251,-0.0010294600810425,-0.0543566017009666,5.0,7.0,7.371548670229951e-05,0.0104126986426705,0.0329893556512554,0.8501125765050637,-0.577051179920963,0.7195782272308797,2.0658739746864145,0.4337355420464198,0.5862068965517241,0.0191760786544243
sandia,sandia_SNL_18650_NMC_15C_0_100_0_5_1C_a,50,2.68125,105.0,0,1,0.9215850815850816,-0.0842890442890442,0.9162031887282166,-0.00152799581371,0.0004784046859196,0.0842890442890442,0.0072727272727271,0.0012030220502229,0.3880087308051957,0.6695605163403296,0.977902097902098,-0.0017560217560217,1.002097736103815,-0.0022487854835431,1.3861339804481675e-05,0.0016022798548035,5.0,9.0,29.0,-0.00292695649339,-0.0013640438815263,0.6238910673563709,10.0,0.0,1.5870654168528285e-05,0.0010512586429389,0.0050349650349648,0.9760653586523896,-0.619686350052385,0.7681073304639656,1.7684802057157054,0.048790164169432,0.0,0.0167832167832167
sandia,sandia_SNL_18650_NMC_15C_0_100_0_5_1C_a,100,2.68125,105.0,0,1,0.8551981351981353,-0.1506759906759906,0.8502039302929181,-0.0013918894957855,0.0015901139545534,0.1506759906759906,0.0072727272727271,0.0008787418731103,0.1309611624354028,0.8756457402388185,0.977902097902098,-0.0015375101089386,0.9962420764252328,-0.0016184080670399,2.220770306415172e-06,0.0015126568741319,5.0,9.0,29.0,-0.0019727171379345,-0.0013193067801763,0.6238400189861287,19.0,0.0,1.1534856895683782e-05,0.0007615286936061,0.0050349650349648,0.9950069069326176,-1.016392849702913,0.7976903165169943,1.7213722890973628,0.0251585596361549,0.0,0.0331934731934731
sandia,sandia_SNL_18650_NMC_15C_0_100_0_5_1C_b,50,2.54325,142.0,0,1,0.9708050722500738,-0.0271306399292243,0.9728132387706856,-0.000593768619214,0.0001290134891739,0.0420721517743046,0.0121891280841443,0.0030400396872945,-0.8244240768515388,-3.4957215003973343,1.00344047970117,-0.0005652216651921,0.9950437697055016,0.0013389690629698,-3.716803234969202e-05,0.0005918455015321,38.0,45.0,50.0,5.430527400444315e-05,-0.0021763354113692,-0.0806391448299874,22.0,1.0,-1.673181617590346e-05,0.0045140063231104,0.0235918608080212,0.5465493188671848,-0.1991589297656464,0.9008861784345052,1.2572842344674084,0.4187103348581849,0.3333333333333333,0.0062911628821389
sandia,sandia_SNL_18650_NMC_15C_0_100_0_5_1C_b,100,2.54325,142.0,0,1,0.8980635014253416,-0.0998722107539565,0.8999211977935382,-0.0012346285573735,0.0013220891863688,0.1148137225990367,0.0121891280841443,0.0021780966626253,-0.3039887025535152,2.440005882750482,1.00344047970117,-0.0010191041913668,1.0116104136423534,-0.0003132682732051,-9.032943962436086e-06,0.0012715152202992,38.0,45.0,64.0,0.0004387573243752,-0.0013973903640924,-0.0355267049558762,39.0,1.0,-4.05358433127648e-06,0.003150515265791,0.0235918608080212,0.9415788893005248,-1.3347058041489928,0.876228968009532,1.1878013491034551,0.0987815445597837,0.1325301204819277,0.0318490120908286
sandia,sandia_SNL_18650_NMC_15C_0_100_0_5_2C_a,50,2.7175,102.0,0,1,0.9140754369825208,-0.0912603495860166,0.9092240117130308,-0.0016979892232881,0.0005926702119703,0.0912603495860166,0.0069917203311867,0.0011979162824056,0.4390604204983414,0.6093947704254746,0.9755289788408464,-0.0019012572830419,1.0034747046071255,-0.0026624488390747,1.854730030358796e-05,0.0017918134743077,5.0,9.0,25.0,-0.0032694076852309,-0.0014667944750741,0.6100371341197198,13.0,0.0,1.5658948110162454e-05,0.0010626185724408,0.0051517939282426,0.972941559798519,-0.6459370384601213,0.7796101468283747,1.731283501129543,0.0460911072002669,0.0,0.0183992640294387
sandia,sandia_SNL_18650_NMC_15C_0_100_0_5_2C_a,100,2.7175,102.0,0,1,0.85114995400184,-0.1541858325666973,0.8466325036603221,-0.0014090308867546,0.0016401648123413,0.1541858325666973,0.0069917203311867,0.0009117112771928,0.2613556977869779,0.7440539063922899,0.9755289788408464,-0.0015733248221091,0.995944027052592,-0.0018816901633796,4.6339144767157575e-06,0.0015431194627286,5.0,9.0,25.0,-0.002266309347626,-0.0012529098836046,0.645795145700656,23.0,0.0,7.587325372966997e-06,0.000769318875647,0.0051517939282426,0.988549374424624,-0.9010524169376152,0.7912060111509549,1.7580315451396509,0.0270006018185059,0.0,0.032750689972401
sandia,sandia_SNL_18650_NMC_15C_0_100_0_5_2C_b,50,2.68275,103.0,0,1,0.9195787904202778,-0.0186375920231105,0.980135081446166,-0.0015351290082708,0.0005506412361733,0.0946789674774019,0.0095051719317864,0.0112683494642533,0.4753647096118325,0.9051836487094612,0.9814555959370048,-0.0003882831671481,0.995480129012924,-0.001613488679098,1.50691674667574e-06,0.0016079393729134,2.0,2.0,2.0,-0.0007474586730946,-0.0014128076750385,-0.0829193856841161,3.0,0.0,-0.0016416942760782,0.0124042964230013,0.0855465473860778,0.855955172704433,-0.4543184034646157,0.8027344832222002,1.6408180671946069,0.0370412716803491,0.0212765957446808,0.017519336501724
sandia,sandia_SNL_18650_NMC_15C_0_100_0_5_2C_b,100,2.68275,103.0,0,1,0.8539744664989283,-0.0842419159444599,0.9102105681366708,-0.0013980453119396,0.0016384583270038,0.1602832913987513,0.0095051719317864,0.0079067510565549,0.2143631462246047,0.8458695271964223,0.9814555959370048,-0.0008596113871883,0.9954173173786942,-0.001631963727397,2.293317798602237e-06,0.0015214821345982,2.0,2.0,2.0,-0.0015927037878879,-0.001286642113665,-0.0854255786294524,3.0,0.0,-0.0007954601131513,0.0086898522883055,0.0855465473860778,0.9742085231295404,-0.9232330741047124,0.8169470945523946,1.590219936878569,0.0214600510197692,0.0208333333333333,0.0331749138011368
sandia,sandia_SNL_18650_NMC_25C_0_100_0_5_0_5C_a,50,2.882,49.0,0,1,0.830673143650243,-0.1741845940319222,0.826657458563536,-0.0031507314931523,0.0020969162678772,0.1741845940319222,0.0308813324080499,0.0098028497127059,0.2938457364380737,0.5414232978435317,0.9798750867453158,-0.0036288457089983,1.0197858991515452,-0.0049761413269368,3.510403526505899e-05,0.0034398419431857,7.0,10.0,15.0,-0.0033084542106054,-0.003200477523864,-0.5173597441034099,47.0,12.0,-0.0003248335228195,0.0171196317174442,0.0610687022900763,0.9468293125497126,-0.9678617624188588,0.7955619730638168,1.680991984847905,0.4122447950935431,0.3333333333333333,0.0353920888272032
sandia,sandia_SNL_18650_NMC_25C_0_100_0_5_0_5C_a,100,2.882,49.0,0,1,0.9226231783483692,-0.082234559333796,0.9181629834254144,-0.0010439651224819,0.0038073180980033,0.2630117973629424,0.082234559333796,0.0262718090075547,-0.2790984319687191,-0.7079764885681883,0.9798750867453158,-0.0008391281564672,1.0449984849752434,-0.0068886342647968,5.730067786582236e-05,0.0012246300553559,7.0,10.0,15.0,-0.0040709953836405,0.0069471683311709,-0.1317502877933227,81.0,27.0,2.503988495961308e-05,0.0397282962219147,0.1630811936155446,0.2337747739850129,-0.4832470942827545,0.8319768299962501,1.448770391923516,0.2545298651348804,0.3424657534246575,0.0371269951422622
sandia,sandia_SNL_18650_NMC_25C_0_100_0_5_0_5C_b,50,2.9675,327.0,0,1,0.924010109519798,-0.0812131423757372,0.9192088501508549,-0.0015669755686604,0.0005141205437248,0.0812131423757372,0.0043807919123842,0.0008848893796348,0.5921222376548143,0.4527377535703951,0.9792754844144904,-0.0016919404661611,1.007122580305312,-0.0029125996237279,2.587738567437427e-05,0.0016494135683368,7.0,10.0,26.0,-0.0030057558279966,-0.0008789862201824,0.8581216822978956,19.0,0.0,4.3019233182139846e-05,0.0004206460813098,0.0013479359730412,0.9551893861268386,-0.664737265531663,0.806792428368159,1.6305626663900654,0.0418471099355004,0.0,0.0165122156697557
sandia,sandia_SNL_18650_NMC_25C_0_100_0_5_0_5C_b,100,2.9675,327.0,0,1,0.8980623420387532,-0.1071609098567818,0.8933959101575595,-0.0009650037850783,0.0008327837396059,0.1071609098567818,0.0047177759056443,0.0010786724155545,0.8262885975632007,0.3212433360440995,0.9792754844144904,-0.0010934786720079,0.9994762037375664,-0.0021009727617468,1.1136950751651628e-05,0.0010452175264195,7.0,10.0,26.0,-0.0023051170286802,-0.0001945716274129,0.559978481047328,37.0,0.0,2.431843250332248e-05,0.0009966622507843,0.0050547598989046,0.9132099324520916,-0.2641728411882509,0.8010293007239742,1.72036809400025,0.051047765066024,0.0326086956521739,0.0205560235888796
sandia,sandia_SNL_18650_NMC_25C_0_100_0_5_1C_a,50,2.9415,271.0,0,1,0.9236783953765086,-0.0826109127995919,0.9179054054054054,-0.0015253567005588,0.0004932189394263,0.0826109127995919,0.0071392146863844,0.0012897057089613,0.6810724704451117,0.4325517391046968,0.9760326364099948,-0.0017210606833248,1.0050884282885195,-0.0029432111577582,2.7266431869219175e-05,0.0016087280956964,5.0,9.0,25.0,-0.0033259278542297,-0.000843963108114,0.722060752736816,18.0,0.0,4.339948137616862e-05,0.0009476933723899,0.004419513853476,0.94348082684973,-0.3853092693643933,0.7858300082913128,1.707988954928253,0.0398459085471996,0.0,0.0159782423933367
sandia,sandia_SNL_18650_NMC_25C_0_100_0_5_1C_a,100,2.9415,271.0,0,1,0.897841237463879,-0.1084480707122216,0.8922297297297297,-0.0009089132539267,0.0007441718287487,0.1084480707122216,0.0071392146863844,0.0011120586303346,0.901526059191844,0.3300678120740087,0.9760326364099948,-0.0011066129664512,0.995659581264382,-0.0019851642353827,1.055148021035309e-05,0.0009839921671779,5.0,9.0,25.0,-0.0023052420755456,-0.0004135718983955,0.7536770539481298,33.0,0.0,2.4533383802008997e-05,0.0007629134523637,0.004419513853476,0.9066015914425584,0.0112332718938907,0.7743989179394768,1.8452157564315343,0.0263785659363089,0.0217391304347826,0.0180180180180179
sandia,sandia_SNL_18650_NMC_25C_0_100_0_5_1C_b,50,2.8877500000000005,340.0,0,1,0.9259804345944072,-0.0803393645571812,0.9201651754989676,-0.0014645255556988,0.0004582147070714,0.0803393645571812,0.0070989524716475,0.0013016313752164,0.7295438039818577,0.4101646439850999,0.9758462470781748,-0.0016737367616079,1.004819587494196,-0.0029122892284062,2.7841609090526256e-05,0.0015430439976229,5.0,9.0,25.0,-0.0033157907800795,-0.0008003424157868,0.7326943556975509,20.0,0.0,4.420728057068651e-05,0.0009364891527483,0.0043286295558826,0.9361703455583252,-0.2853927240402094,0.7811075071834228,1.7263062474544362,0.0392207131532812,0.0,0.0152367760367067
sandia,sandia_SNL_18650_NMC_25C_0_100_0_5_1C_b,100,2.8877500000000005,340.0,0,1,0.9007012379880528,-0.1056185611635356,0.8950447350309704,-0.0008752237328612,0.0006903210866312,0.1056185611635356,0.0070989524716475,0.0010901752235335,0.911094671528501,0.338765395653037,0.9758462470781748,-0.001077740420036,0.9949461926224256,-0.0019011761133062,1.0058356671028769e-05,0.0009452718531478,5.0,9.0,25.0,-0.0022717400714412,-0.0004116338506359,0.7921001986271082,31.0,0.0,2.4990026302003096e-05,0.0006808746881087,0.0043286295558826,0.9062162828408734,0.0784838681274711,0.7685837099827225,1.86957916678816,0.0219789067187752,0.0,0.0169682278590597
sandia,sandia_SNL_18650_NMC_25C_0_100_0_5_1C_c,50,2.9055,282.0,0,1,0.9254861469626572,-0.0808810875924969,0.9196306429548564,-0.0014791791781244,0.0004594026227543,0.0808810875924969,0.0072276716572018,0.0015169737661279,0.6065752606711252,0.5050413972705945,0.9767681982447084,-0.001685022658177,1.0035987686521124,-0.0026420718662578,2.2363320925640327e-05,0.0015553997874419,5.0,9.0,27.0,-0.0031830155733097,-0.0010734404126247,0.4123076736894644,16.0,0.0,4.393721372156255e-05,0.0016477268777613,0.0072276716572018,0.9525287547899592,-0.3861597674580888,0.780113747632082,1.7525516691390943,0.1024150054280695,0.0212765957446808,0.0144553433144036
sandia,sandia_SNL_18650_NMC_25C_0_100_0_5_1C_c,100,2.9055,282.0,0,1,0.9017380829461368,-0.1046291516090173,0.8960328317373462,-0.0008783290854239,0.0006945376798294,0.1046291516090173,0.0072276716572018,0.0012296774098344,0.8860319676287245,0.3187235861152098,0.9767681982447084,-0.0010676444041736,0.9962822855078536,-0.0019226956564437,1.0238887951174044e-05,0.0009478657630197,5.0,9.0,27.0,-0.0021702468332173,-0.0004022356400529,0.5405965903605098,42.0,0.0,2.48373596467422e-05,0.0011697638194086,0.0072276716572018,0.907117502539402,-0.0580787725410578,0.7749866869119739,1.8290738015375108,0.0342712667352178,0.0104166666666666,0.0168645672001376
sandia,sandia_SNL_18650_NMC_25C_0_100_0_5_1C_d,50,2.93025,285.0,0,1,0.9217643545772544,-0.0849756846685436,0.915593220338983,-0.0015589322496338,0.0005171904882567,0.0849756846685436,0.0073372579131473,0.0013956668707244,0.7039880944856183,0.4189457403687527,0.975002132923812,-0.0017703267639279,1.0052676635080124,-0.0030573255283847,2.881525536059312e-05,0.0016470486100496,5.0,9.0,24.0,-0.0034454923116299,-0.0008555560129657,0.6548413779680987,19.0,0.0,5.082712062544152e-05,0.0011443303263626,0.0042658476239227,0.9397967728060888,-0.3432542293734077,0.7834659402731583,1.714242943573412,0.0500104205746614,0.0212765957446808,0.01603958706595
sandia,sandia_SNL_18650_NMC_25C_0_100_0_5_1C_d,100,2.93025,285.0,0,1,0.8961692688337172,-0.1105707704120809,0.8901694915254237,-0.0009186055695982,0.0007646966079999,0.1105707704120809,0.0073372579131473,0.0011692057148641,0.9313405123490404,0.3184803932518614,0.975002132923812,-0.0011282731674701,0.9952719245365312,-0.0020386669111406,1.098099354453302e-05,0.0009965647106713,5.0,9.0,24.0,-0.0023836072749394,-0.0004115986542178,0.7425758338569876,32.0,0.0,2.8145798755781368e-05,0.0008154581890615,0.0042658476239227,0.90118470950412,0.0841912350543063,0.7720216401449399,1.8557834468359928,0.0231313320234189,0.0103092783505154,0.0174046583056052
sandia,sandia_SNL_18650_NMC_25C_0_100_0_5_2C_a,50,2.904,233.0,0,1,0.9242424242424244,-0.0826446280991734,0.917920656634747,-0.0014904846236014,0.0004751568529542,0.0826446280991734,0.0082644628099173,0.0014944004323107,0.7385401061018005,0.4146329273351524,0.975206611570248,-0.0017217630853994,1.004290573799416,-0.0029531410770743,2.812800872063151e-05,0.0015726873998821,5.0,8.0,24.0,-0.0034146294476872,-0.0008187404881619,0.6902654867256636,17.0,0.0,4.395990856336088e-05,0.0011685492244922,0.0055096418732782,0.9350783428167077,-0.2187426123047955,0.7747455923230129,1.7438531556506147,0.0418471099355004,0.0,0.015495867768595
sandia,sandia_SNL_18650_NMC_25C_0_100_0_5_2C_a,100,2.904,233.0,0,1,0.8987603305785123,-0.1081267217630854,0.8926128590971272,-0.000885490935668,0.0007084887048793,0.1081267217630854,0.0082644628099173,0.0012169327424658,0.9250323180603772,0.3334766317295995,0.975206611570248,-0.0011033338955416,0.9943116416454084,-0.001935197362894,1.0291239482608029e-05,0.0009581444700692,5.0,8.0,24.0,-0.0023043178823811,-0.0004040903102167,0.7545347692868903,31.0,0.0,2.4850188861434183e-05,0.0008365719740226,0.0055096418732782,0.9038162357837376,0.1243733540395659,0.7682262012729473,1.8789001304140056,0.0255197262080955,0.0,0.0172176308539944
sandia,sandia_SNL_18650_NMC_25C_0_100_0_5_2C_b,50,2.79325,135.0,0,1,0.9662579432560636,-0.0325785375458695,0.9673835125448028,-0.0009036726657009,0.0001755503851665,0.0440347265729885,0.0068021122348519,0.0025419990708549,0.0932403222763672,1.1378490639460077,1.0059965989438826,-0.0006787195322056,1.0082151738308718,-0.0007076001704603,-3.770624908474332e-06,0.0009154250126002,24.0,32.0,50.0,0.0005451453585347,-0.0007022423562296,0.0432035328013013,5.0,0.0,0.0001371086452713,0.0034364942330254,0.0159312628658373,0.9303588664421144,-1.37477456432828,0.907175246213454,1.0784026315960578,0.1455075836712382,0.119047619047619,0.0121722008413138
sandia,sandia_SNL_18650_NMC_25C_0_100_0_5_2C_b,100,2.79325,135.0,0,1,0.9408395238521436,-0.0579969569497896,0.9419354838709678,-0.0006910975255581,0.0004046160831641,0.0694531459769085,0.0068021122348519,0.0017855320370668,0.4188178352593061,0.5505256474583254,1.0059965989438826,-0.000591805683161,1.0113003519310089,-0.001079216588409,3.8050888514792094e-06,0.0007147829137193,24.0,32.0,80.0,-0.0007076842854863,-0.0004344323855256,0.041816296203906,5.0,0.0,6.274330330571914e-05,0.0024022699425515,0.0159312628658373,0.964007391845816,-1.0504887657768975,0.8714438915431206,1.4171999906544437,0.0385404153077766,0.0543478260869565,0.0161102658193859
sandia,sandia_SNL_18650_NMC_25C_0_100_0_5_3C_a,50,2.91375,261.0,0,1,0.9242385242385244,-0.0827112827112827,0.9178595773687798,-0.0015404442343217,0.0005028681892515,0.0827112827112827,0.0097812097812098,0.0020209998283959,0.6647532467053634,0.4207285888994508,0.9784641784641784,-0.0017231517231517,1.0065168752897795,-0.0029792207909751,2.76687799356419e-05,0.0016232959813029,5.0,10.0,25.0,-0.003081003081003,-0.0008256008256007,0.1196818219746875,18.0,0.0,2.1906404885129123e-05,0.0027076007257399,0.0145860145860144,0.9437735334132372,-0.4855788006636854,0.7944373431533686,1.672691871819895,0.0395308387566352,0.0212765957446808,0.0161304161304161
sandia,sandia_SNL_18650_NMC_25C_0_100_0_5_3C_a,100,2.91375,261.0,0,1,0.8991848991848993,-0.1077649077649077,0.8929788684389911,-0.0009115481768542,0.0007512590202061,0.1197769197769198,0.0168168168168167,0.002736266699837,0.8862913525586376,0.3367198062529157,0.9784641784641784,-0.0010996419159684,0.9966358345470484,-0.0019854395138623,1.0528346441255988e-05,0.0009858874579923,5.0,10.0,25.0,-0.0023229440620745,-0.0004595900248074,-0.2659428381013939,34.0,1.0,1.769073934022507e-05,0.0043745109941156,0.0315744315744315,0.9032633388863108,0.0154233375199059,0.7793164048883123,1.849001793087488,0.0550271906249797,0.0212765957446808,0.0168168168168167
sandia,sandia_SNL_18650_NMC_25C_0_100_0_5_3C_b,50,2.9385,287.0,0,1,0.9188361408882084,-0.0874595882252849,0.9130875887724046,-0.0016032058561045,0.0005543593387382,0.0874595882252849,0.0071465033180193,0.0013709341905737,0.780029683899886,0.376510275644728,0.9729453802960696,-0.0018220747546934,1.0056798143974928,-0.003324317008634,3.309829139479807e-05,0.0017000378919565,5.0,8.0,21.0,-0.0037350772419685,-0.0008174571727404,0.7880232988330566,18.0,0.0,4.344378916726221e-05,0.0008757273689494,0.0044240258635357,0.9272934854485848,-0.2307847249243622,0.7848342722752633,1.7163671993869851,0.0395308387566352,0.0,0.015994555045091
sandia,sandia_SNL_18650_NMC_25C_0_100_0_5_3C_b,100,2.9385,287.0,0,1,0.8943338437978561,-0.1119618853156371,0.8887385864051405,-0.0009124887444729,0.0007678169593461,0.1119618853156371,0.0071465033180193,0.0011751021624513,1.0205767363939977,0.2999887877521565,0.9729453802960696,-0.0011424682175064,0.9937030048439718,-0.0021014149511813,1.1656139281455122e-05,0.0009930639366869,5.0,8.0,21.0,-0.002564159472076,-0.0004003817386865,0.8424851326923577,30.0,0.0,2.455843064611518e-05,0.0006375932470234,0.0044240258635357,0.8856092856090949,0.3357185244840317,0.762468835975136,1.8978631090869231,0.0209588510208435,0.0,0.0166751744087118
sandia,sandia_SNL_18650_NMC_25C_0_100_0_5_3C_c,50,2.938,305.0,0,1,0.915588835942818,-0.089857045609258,0.910629654705484,-0.0016932246009363,0.0006141048358678,0.089857045609258,0.0061266167460858,0.0012447871714029,0.7341946663665292,0.3837666076645885,0.9731109598366235,-0.0018720217835262,1.0068039704330956,-0.0034542980757037,3.386679759168045e-05,0.0017987200842776,6.0,8.0,20.0,-0.0037428534705593,-0.000860439764456,0.814252336448598,20.0,0.0,2.8967455064235357e-05,0.0007523874754151,0.0037440435670522,0.9337199063623416,-0.3851340268558845,0.7958648359365762,1.6742784755751767,0.0472528848505455,0.0,0.0173587474472429
sandia,sandia_SNL_18650_NMC_25C_0_100_0_5_3C_c,100,2.938,305.0,0,1,0.891082368958475,-0.1143635125936011,0.886255924170616,-0.0009416107140506,0.0008212762423955,0.1143635125936011,0.0061266167460858,0.0015915832775771,0.9949264886058226,0.3427366680180502,0.9731109598366235,-0.001166974618302,0.9932184042752676,-0.0021186856827491,1.1539950673514753e-05,0.0010266414320654,6.0,8.0,20.0,-0.0026689259182525,-0.0004068132713765,0.7221982360650566,31.0,0.0,2.456261009312779e-05,0.0011798529166264,0.0060131608804174,0.8816543460296015,0.3054917893561559,0.7543246253637859,1.9218003291928305,0.0814008499439595,0.0329670329670329,0.0183798502382572
sandia,sandia_SNL_18650_NMC_25C_0_100_0_5_3C_d,50,2.9475,304.0,0,1,0.9170483460559796,-0.0892281594571672,0.911328388401888,-0.0016489934396149,0.0005851503352068,0.0892281594571672,0.0071246819338423,0.0013552956562442,0.7637445033715227,0.3757130509939495,0.973027989821883,-0.0018589199886909,1.0062936119388477,-0.0034078380634912,3.382393507454305e-05,0.0017505056402561,5.0,8.0,21.0,-0.0037485839012556,-0.0008315687705,0.7862207731570843,20.0,0.0,3.609261364661578e-05,0.0008775776321327,0.0044105173876165,0.9293951315715736,-0.2945084849953576,0.7894858308369743,1.6988686935151929,0.0454623740767572,0.0,0.0166242578456318
sandia,sandia_SNL_18650_NMC_25C_0_100_0_5_3C_d,100,2.9475,304.0,0,1,0.8926208651399491,-0.1136556403731977,0.8870532703978421,-0.0009307133756424,0.0008013375987693,0.1136556403731977,0.0071246819338423,0.0011761902558261,1.0304024893528174,0.2916378509751309,0.973027989821883,-0.0011597514323795,0.9940919993114395,-0.0021656145473524,1.2106874232450887e-05,0.001014703309061,5.0,8.0,21.0,-0.0026256591805878,-0.0004029944315374,0.8446997456338948,31.0,0.0,2.448344307162167e-05,0.0006337768167931,0.0044105173876165,0.8827977550198314,0.3322186830905353,0.7649836875171537,1.8894128553294969,0.0227800283318198,0.0,0.0166242578456318
sandia,sandia_SNL_18650_NMC_35C_0_100_0_5_1C_a,50,2.93025,280.0,0,1,0.9251770326763928,-0.0825868099991468,0.9180494412461904,-0.0014675560523671,0.000462979222578,0.0825868099991468,0.0087023291528026,0.0015865410634043,0.7688532584507746,0.4013657491059077,0.975002132923812,-0.0017205585416488,1.0042638293574997,-0.0029545269577914,2.859559433508137e-05,0.0015480545062129,5.0,8.0,25.0,-0.0034216274298178,-0.0007827681234386,0.7048742201515473,16.0,0.0,5.80881378576572e-05,0.0011958765326091,0.005972186673492,0.9303746958002732,-0.1362341731513003,0.769844593736456,1.7584906421561783,0.0404913613547368,0.0,0.0153570514461223
sandia,sandia_SNL_18650_NMC_35C_0_100_0_5_1C_a,100,2.93025,280.0,0,1,0.9016295537923384,-0.106134288883201,0.8946833728411785,-0.0008511413345227,0.0006626694120488,0.106134288883201,0.0087023291528026,0.0012804162314416,0.983456639657209,0.3084400312102713,0.975002132923812,-0.0010830029477877,0.9941539860294344,-0.0019228878886904,1.0507319158506243e-05,0.0009199238353938,5.0,8.0,25.0,-0.0022898328158674,-0.0003805877967082,0.7620680421048517,30.0,0.0,2.8145798755778248e-05,0.0008542877325762,0.005972186673492,0.8927940123663491,0.2667805167525081,0.7641398487140021,1.8957698778163208,0.0223057575142982,0.0,0.0160395870659499
sandia,sandia_SNL_18650_NMC_35C_0_100_0_5_1C_b,50,2.92025,90.0,0,1,0.929030048797192,-0.0773906343634962,0.9231030962912556,-0.0014412031399324,0.000439746745536,0.0773906343634962,0.0059926376166424,0.0011111792639007,0.6678617462508142,0.4225783403082593,0.9793682047769884,-0.0016123048825728,1.0059789580022085,-0.0027951368559598,2.6037186846680057e-05,0.0015138244343579,6.0,10.0,27.0,-0.0029855428365829,-0.0007830539463104,0.7815299532838732,19.0,0.0,5.828705280623235e-05,0.0006778023973683,0.0035955825699854,0.944664860688937,-0.4760864439046504,0.7943518866601587,1.6794015204914192,0.0404913613547368,0.0,0.0150672031504152
sandia,sandia_SNL_18650_NMC_35C_0_100_0_5_1C_b,100,2.92025,90.0,0,1,0.896156151014468,-0.1102645321462203,0.8904389248043552,-0.0010620082605112,0.001221254697901,0.2516907798989812,0.0845817995034671,0.0175999213590875,-1.207818317290342,0.7912659645019557,0.9793682047769884,-0.0011251482872063,0.9907140681860744,-0.0013546521079511,2.86905732784143e-06,0.0011423295021485,6.0,10.0,27.0,-0.0021879454930526,-0.0019049887777624,-0.3365589323569625,93.0,3.0,3.530272528211626e-05,0.0289220514084501,0.2215563735981507,0.7542136217135668,6.084328152850009,0.6376205600774023,2.3630596632092904,0.0316118276343474,0.0555555555555555,0.0160945124561253
sandia,sandia_SNL_18650_NMC_35C_0_100_0_5_1C_c,50,2.936,256.0,0,1,0.9223433242506812,-0.0854904632152588,0.9151740452855694,-0.0015243215814935,0.0004997018267102,0.0854904632152588,0.0081743869209809,0.0015156350188446,0.7731690253743823,0.4046012546289936,0.9737738419618528,-0.0017810513169845,1.0045307551103222,-0.003073511899397,2.979212149814284e-05,0.0016112741951089,5.0,8.0,23.0,-0.0036060669575655,-0.0008622168022712,0.7544764519357886,17.0,0.0,6.522117224185967e-05,0.001019714713858,0.0051089918256131,0.9299771021868152,-0.1326368421545014,0.7734890854966864,1.762604670498749,0.0540672212702758,0.0,0.01566757493188
sandia,sandia_SNL_18650_NMC_35C_0_100_0_5_1C_c,100,2.936,256.0,0,1,0.899182561307902,-0.1086512261580381,0.8921933085501859,-0.0008678945940526,0.000694839513136,0.1086512261580381,0.0081743869209809,0.0012578686300135,1.0199195121595257,0.2914687843262541,0.9737738419618528,-0.0011086859812044,0.9940140823930294,-0.0020053333416106,1.11513602701774e-05,0.0009406350671915,5.0,8.0,23.0,-0.0024024108517948,-0.0003748074872645,0.8015300708378508,29.0,0.0,3.160201129245323e-05,0.0007482686138001,0.0051089918256131,0.8853077963841111,0.3445214248110186,0.7616985338897536,1.9002315966791856,0.0255077595472126,0.0103092783505154,0.01566757493188
sandia,sandia_SNL_18650_NMC_35C_0_100_0_5_1C_d,50,2.874,390.0,0,1,0.9415448851774532,-0.0633263743910925,0.9369806094182824,-0.0012497337139448,0.0003786158371774,0.0633263743910925,0.0102644398051496,0.0021161320445641,0.8310122119792066,0.1152117624648189,0.9843423799582464,-0.001319299466481,1.0124378310823283,-0.0033381682526872,4.016220266809326e-05,0.001309347267541,8.0,13.0,21.0,-0.0023091035617131,-0.0004537911636032,0.5611114370648531,22.0,2.0,5.922504034704246e-05,0.0019801193319973,0.0092205984690326,0.8250232570373417,-0.7923891032461174,0.8354976448448012,1.4560522328295755,0.0703164984174597,0.1025641025641025,0.0041753653444676
sandia,sandia_SNL_18650_NMC_35C_0_100_0_5_1C_d,100,2.874,390.0,0,1,0.919972164231037,-0.0848990953375086,0.9155124653739612,-0.0006797449162495,0.000450521207739,0.0848990953375086,0.0102644398051496,0.0015510928423647,1.1604926554626762,0.3424361988893424,0.9843423799582464,-0.0008663172993623,0.995723332041938,-0.0015943924332824,8.967132519930895e-06,0.0007237147534554,8.0,13.0,21.0,-0.0024741308886266,-0.0003721521285286,0.5900871335990794,22.0,2.0,2.8696669034141893e-05,0.0013914925747579,0.0092205984690326,0.8375707964563263,0.5964604936248263,0.770583939749867,1.9819103859409417,0.043099192481852,0.0459770114942528,0.0093945720250522
sandia,sandia_SNL_18650_NMC_35C_0_100_0_5_2C_a,50,2.93675,170.0,0,1,0.9265344343236572,-0.0793394058057374,0.9211238997968856,-0.0014019732350248,0.0004145984663645,0.0793394058057374,0.0097046054311739,0.0023670511454048,0.5860797693558066,0.6010603453546484,0.9738656678300842,-0.0016529042876195,0.9999171178155032,-0.0023220396544823,1.7693584989567805e-05,0.0014722271524429,5.0,8.0,26.0,-0.0032961845339472,-0.0008798556512866,0.0551576697953595,11.0,0.0,7.244946197217505e-06,0.0032839631720501,0.0119179364944241,0.9481602616435808,-0.1649409550524279,0.7509658654764952,1.8404574422957625,0.1670540846631662,0.0975609756097561,0.0156635736783859
sandia,sandia_SNL_18650_NMC_35C_0_100_0_5_2C_a,100,2.93675,170.0,0,1,0.9030390738060782,-0.1028347663233164,0.8977657413676372,-0.0008670180346839,0.0006712675736549,0.1028347663233164,0.0097046054311739,0.0017723101655549,0.8289820688492332,0.3231102746186625,0.9738656678300842,-0.0010493343502379,0.9950903895710732,-0.0018456808594068,9.594733575714693e-06,0.0009346910240495,5.0,8.0,26.0,-0.0019558000007402,-0.0003748598161972,0.1576087131306805,26.0,0.0,7.0208756962726336e-06,0.0023111388211387,0.0119179364944241,0.9145457240530248,-0.1695514001906808,0.7728330031712044,1.798851443094975,0.047779788301408,0.0681818181818181,0.0166851110921937
sandia,sandia_SNL_18650_NMC_35C_0_100_0_5_2C_b,50,2.885,400.0,0,1,0.9320623916811092,-0.0745233968804158,0.9259641873278236,-0.0013597425105223,0.0003935258766676,0.0745233968804158,0.0103986135181976,0.0021715588921273,0.6817156192390597,0.4418843066954371,0.9785095320623918,-0.0015525707683419,1.004530996040881,-0.0026099453092937,2.4042361514832787e-05,0.0014253717002865,6.0,10.0,30.0,-0.0030129316091187,-0.0006774854261855,-0.093342115351309,18.0,1.0,5.162432243074524e-05,0.0032318572747783,0.017677642980936,0.939658510173766,-0.3649091604476808,0.7849292305765557,1.7265743436280752,0.0926588304827048,0.0217391304347826,0.0145580589254766
sandia,sandia_SNL_18650_NMC_35C_0_100_0_5_2C_b,100,2.885,400.0,0,1,0.908838821490468,-0.0977469670710571,0.902892561983471,-0.000804823962041,0.0005846523789279,0.0977469670710571,0.0103986135181976,0.0016719045652695,0.907764801734936,0.3392619975885514,0.9785095320623918,-0.0009974180313372,0.9959956083560833,-0.0017519919486271,9.285960652805044e-06,0.0008631722775403,6.0,10.0,30.0,-0.00204671840856,-0.0003859543365232,0.0133905766224158,31.0,1.0,2.858725365827356e-05,0.0023468972561713,0.017677642980936,0.9047923184172286,0.0457421463778393,0.7664316582793261,1.871955574508188,0.0631408968709331,0.108433734939759,0.0155979202772963
umich,um_internal_0620_bl_form_cycling_cell_11_001,50,2.21999318705,316.0,0,1,1.0006761362867038,0.0002669117200253873,1.0002668025378725,-8.421767095299395e-05,7.188077327019713e-06,0.009940143027791622,0.003941019166651674,0.002138908641639069,0.5236767632466514,-0.3364592032851777,0.9962427732667578,5.560660833862234e-06,1.0007846365210071,-0.00035017054156401734,5.114478280980815e-06,8.461163871351721e-05,50.0,50.0,50.0,-0.0005157430078232592,-0.00010761475396541921,0.17922350238256524,48.0,0.0,0.0001479558872604443,0.0025944800885260434,0.007081612948952457,0.1973439009646768,-0.8926917235814984,0.615484734064599,2.212979993101535,1.0986122886681098,0.6551724137931034,0.0018178285967455844
umich,um_internal_0620_bl_form_cycling_cell_11_001,100,2.21999318705,316.0,0,1,0.9938081126869286,-0.006601111879749934,0.9934015883523973,-3.5658531883541255e-05,8.493641985759502e-06,0.013919850196055655,0.004581593429804962,0.0018950639856816344,0.41159602690547065,2.049182256743138,0.9962427732667578,-6.735828448724423e-05,0.9966121751760689,3.6334838926387934e-05,-7.058173608817507e-07,3.578326824042654e-05,100.0,100.0,100.0,-0.00018125782026461463,-6.422653733177355e-05,0.11554134942166217,65.0,0.0,2.0359577202340553e-05,0.002527590892170634,0.007941492254499848,0.12225814323402528,-0.7041209968360329,0.5577488747183775,2.5349922371497198,1.1939224684724346,0.7818181818181819,0.002265606862822567
umich,um_internal_0620_bl_form_cycling_cell_12_002,50,2.2052960159,293.0,0,1,1.002267253268473,0.0016806567341880365,1.0016796714447398,-9.146855171790499e-05,8.368057105742048e-06,0.010481020068667515,0.003898702050885875,0.0023403622065572612,0.48973912431906524,-0.21035573254027623,0.9965804181635352,3.501368196225076e-05,1.0009246813257473,-0.0003876295362429092,5.695403548557068e-06,9.19352245101358e-05,50.0,50.0,50.0,-0.0005164597577568535,-4.393206109390831e-05,0.1605767133895417,47.0,0.0,0.000225921966563126,0.002684222555028512,0.009749677433315026,0.19996268781752602,-0.89176410515888,0.6324658469257257,2.225812006843684,1.3862943611198906,0.6551724137931034,0.0021493329538645506
umich,um_internal_0620_bl_form_cycling_cell_12_002,100,2.2052960159,293.0,0,1,0.9914459062348139,-0.009140690299471241,0.990864668454353,-3.6027446887233117e-05,9.166231792488845e-06,0.012525928311137285,0.003898702050885875,0.0018990790928556658,0.40626890194771975,2.003419070274057,0.9965804181635352,-9.327234999460449e-05,0.9963065935830915,3.952229646492079e-05,-7.406837583546563e-07,3.6162226496792334e-05,100.0,100.0,100.0,-0.00021910803950192463,-8.134338119916629e-05,0.1669809185911166,66.0,0.0,4.553953011560434e-06,0.0024633255944067813,0.01157955998463927,0.11564343082173922,-0.8586279376346422,0.5410465657145135,2.531825922932988,0.9555114450274363,0.6333333333333333,0.0025732944507606548
umich,um_internal_0620_bl_form_cycling_cell_13_003,50,2.2200163051,285.0,0,1,1.0036785642435324,0.002915021518145217,1.0029127974728242,-7.772926648473589e-05,8.601225680572947e-06,0.011179600862833218,0.00433545531980512,0.0024875171304403936,0.5933340109614975,-0.30806636606113186,0.9968373914264184,6.0729614961358685e-05,1.0012359914622802,-0.00037804808248252723,5.775361846110807e-06,7.807723354251976e-05,50.0,50.0,50.0,-0.000492404787830179,5.778449369362482e-05,0.16034628444019047,48.0,0.0,0.00024026084319127213,0.0028643168634263027,0.010094351175943447,0.14048785818752885,-0.6170180243268639,0.6393243692965348,2.2554461995774995,1.3862943611198906,0.7142857142857143,0.0021440425410685937
umich,um_internal_0620_bl_form_cycling_cell_13_003,100,2.2200163051,285.0,0,1,0.9915352373958561,-0.009228305329531006,0.9907787354998969,-3.798370534367684e-05,9.69443503192253e-06,0.012650406862095056,0.00433545531980512,0.002014430677960539,0.3872423271789749,2.4388608353216887,0.9968373914264184,-9.41663809135817e-05,0.9966162027673435,5.626137615254155e-05,-9.239713872177743e-07,3.810069182324571e-05,100.0,100.0,100.0,-0.0002041290134565173,-9.302882531497275e-05,0.1712796524357221,67.0,0.0,1.299248096573392e-05,0.0026051381554027,0.012383557335522025,0.1215393702286709,-0.7971354429533815,0.507175364760525,2.5705800736728626,1.048779914920234,0.6333333333333333,0.0025710705758725527
umich,um_internal_0620_bl_form_cycling_cell_14_004,50,2.2132880318500003,328.0,0,1,1.0029669678123687,0.0028881388269455296,1.0028879111758375,-6.434676307031026e-05,6.618841496847485e-06,0.00948836947464379,0.004425906099447916,0.0021572026946320468,0.5154405719892848,-0.3476185165465668,0.9970627196928515,6.016955889469854e-05,1.0008049097949168,-0.0002908364051307762,4.355570039623452e-06,6.458166252132575e-05,50.0,50.0,50.0,-0.00041571302579911947,-7.921696923625402e-05,0.20591916235878335,47.0,0.0,0.00018333826670999804,0.002451984155679366,0.00806964667182113,0.12511270800488572,-0.8199849825685632,0.6454581652990299,2.1825860392230747,1.4816045409242156,0.8461538461538461,0.0019066072916288628
umich,um_internal_0620_bl_form_cycling_cell_14_004,100,2.2132880318500003,328.0,0,1,0.9928301396286249,-0.007248689356798242,0.9927518820049895,-3.2778632369376376e-05,8.262671633270138e-06,0.012572918074625822,0.004425906099447916,0.0017976427209046458,0.38589072689345133,2.825351892023925,0.9970627196928515,-7.396621792651267e-05,0.9968500028283527,7.172783216506024e-05,-1.0245731817101951e-06,3.2855019037801964e-05,100.0,100.0,100.0,-0.0001510538274385152,-9.092417889612315e-05,0.2185280287303493,66.0,0.0,3.373129994826522e-06,0.002258773481888732,0.009767906747288318,0.10619547082156544,-0.7759727037670654,0.5173808623829408,2.5326689163824785,1.0296194171811581,0.75,0.002195060394348762
umich,um_internal_0620_bl_form_cycling_cell_15_005,50,2.2171228363999997,297.0,0,1,1.0030137594048916,0.0027494929013036295,1.002748766494393,-8.207535461402361e-05,8.067402091434747e-06,0.010704209171619645,0.004056060833598922,0.00236488236653309,0.5463164695999426,-0.2992139472306825,0.9967160223689626,5.7281102110492285e-05,1.0010279755159959,-0.000371124162865848,5.558630927918928e-06,8.245798076421737e-05,50.0,50.0,50.0,-0.0004991900373303207,6.525079985924683e-06,0.16428760191018293,48.0,0.0,0.00022345212373862526,0.0027007792435791455,0.009795511661980599,0.16700205986193006,-0.7126125008175928,0.6300370325314578,2.2533276391341874,0.8823891801984737,0.7777777777777778,0.002016331538607325
umich,um_internal_0620_bl_form_cycling_cell_15_005,100,2.2171228363999997,297.0,0,1,0.9915227133601141,-0.008741553143473876,0.9912607563458906,-3.941773519705493e-05,9.201712457612667e-06,0.012078969491597676,0.004056060833598922,0.001901170243145592,0.346927318907735,2.288204630527679,0.9967160223689626,-8.91995218721824e-05,0.9965112116106492,5.039457494001925e-05,-8.805128444810966e-07,3.955032806749663e-05,100.0,100.0,100.0,-0.00019776540930377788,-9.494086667319989e-05,0.1789682633561288,66.0,0.0,8.111718481897384e-06,0.0024478979830825547,0.012093696776646453,0.13789848883366407,-0.8617913135405537,0.5110067692274696,2.539698581937949,1.0152306797290587,0.7192982456140351,0.002399109834003211
umich,um_internal_0620_bl_form_cycling_cell_16_006,50,2.2036405409,310.0,0,1,1.0070832127156388,0.006405152899499246,1.0064008127655724,-2.3257216034656802e-05,6.657287442007493e-06,0.01216496130038142,0.003647675585382466,0.0024291225568519935,1.0741014689426531,-0.9453033187680197,0.9979535840731275,0.0001334406854062343,1.001023205120222,-0.00028112355928902735,4.9589681395067044e-06,2.3320764142582615e-05,50.0,50.0,50.0,-0.0003634789157347452,0.00017094071651687316,0.15441527306859024,48.0,0.0,0.00026143182395898346,0.002698085498863425,0.011435952702933981,0.016249804515584,1.446062482096245,0.628804416517912,2.3382911751132505,0.8574502318512216,0.6551724137931034,0.0016461123457632097
umich,um_internal_0620_bl_form_cycling_cell_16_006,100,2.2036405409,310.0,0,1,0.9950437766971107,-0.005634283119028795,0.9943695346732554,-8.467934476696054e-07,8.113908447728115e-06,0.01216496130038142,0.003647675585382466,0.0019370137380222761,0.6560110619807761,7.007255171999435,0.9979535840731275,-5.749268488804893e-05,0.9966913726790392,0.0001234979336092126,-1.2190659515380224e-06,8.511637563240458e-07,100.0,100.0,100.0,-0.00011180991322278593,-8.233636356365828e-05,0.1566944340614056,67.0,0.0,5.789588604925264e-06,0.0025278777421085326,0.013816956774431469,7.21721601751879e-05,-0.19710981274052575,0.5623823516673303,2.4934335449165377,0.898999234764094,0.5555555555555556,0.00221363825427162
umich,um_internal_0620_bl_form_cycling_cell_17_007,50,2.2105199668499997,270.0,0,1,1.004896021529913,0.004356997604380232,1.0043546503436576,-7.29898113783893e-05,7.63729308293862e-06,0.011954254427140982,0.003630341195893193,0.002462430076718207,0.6365142425465277,-0.36429895252653705,0.9970992765294326,9.077078342458816e-05,1.0011782287563977,-0.0003305040987024778,4.952197833154865e-06,7.327327231937773e-05,50.0,50.0,50.0,-0.0003817149711554424,0.0001541235741911985,0.15171074507131402,49.0,0.0,0.0002608728706411312,0.002735596928672089,0.011775635095073598,0.13951311039657166,-0.08921489343264177,0.6294491233285697,2.3756208115408977,1.4271163556401458,0.7777777777777778,0.0018523289820514576
umich,um_internal_0620_bl_form_cycling_cell_17_007,100,2.2105199668499997,270.0,0,1,0.9918338783088564,-0.00870514561667639,0.9912995441371967,-3.519205278775147e-05,8.986380722870995e-06,0.013062143221056621,0.003630341195893193,0.0019523810520935875,0.43520636064585877,2.587998204752625,0.9970992765294326,-8.882801649669786e-05,0.9968968602109881,6.507085026358099e-05,-9.829696377582398e-07,3.5280247510267084e-05,100.0,100.0,100.0,-0.00015974588683832165,-0.0001011005727372718,0.16264568620869152,67.0,0.0,3.991115365837104e-06,0.002539369279794147,0.013610082266242461,0.11255096325367808,-0.5677084101271967,0.5478810346206642,2.546159311232154,1.0476921982408527,0.6333333333333333,0.00231998890618846
umich,um_internal_0620_bl_form_cycling_cell_18_008,50,2.20679694225,277.0,0,1,1.0034410821877693,0.003051742356110905,1.0030505546536757,-4.910647274480911e-05,6.5583302013848555e-06,0.009713191771122153,0.004236128671842626,0.002169305452887237,0.6035447074748206,-0.4477586836365672,0.9969794822430723,6.357796575231052e-05,1.0006722786876356,-0.00030139772627101703,4.85175487550334e-06,4.928819492190274e-05,50.0,50.0,50.0,-0.0004523687939819047,-9.735993537909463e-05,0.21141449971126522,47.0,0.0,0.00019105077783484334,0.0024529780516953084,0.007812888793665191,0.07353840356890828,-0.6704942592392227,0.6470953707003485,2.176815693498463,0.6664789334777841,0.7777777777777778,0.0018256956600148867
umich,um_internal_0620_bl_form_cycling_cell_18_008,100,2.20679694225,277.0,0,1,0.9950136049043186,-0.005375734927339773,0.9946263572458255,-1.2543026099883388e-05,7.912733264500749e-06,0.010918341891227003,0.004236128671842626,0.0017727865643986046,0.5432935541566328,3.4293880279937112,0.9969794822430723,-5.485443803407931e-05,0.9964174664538683,9.10135632972124e-05,-1.0152606803636667e-06,1.2565012891031813e-05,100.0,100.0,100.0,-0.00015811401734329488,-6.310701992668978e-05,0.2293768564616805,66.0,0.0,1.270198004401043e-05,0.0022101673250228015,0.010005556504663013,0.01623764175555964,-0.6793144728318845,0.5340037010497246,2.519580702760819,0.832909122935104,0.7818181818181819,0.0021269403677959234
umich,um_internal_0620_bl_form_cycling_cell_19_010,50,2.2059181097,297.0,0,1,1.0065029464316564,0.005891105541432396,1.005887503326156,-2.867811185633777e-05,6.978024261543879e-06,0.011967259339282582,0.0038915860757711292,0.0024899434752426648,0.9509583460117851,-0.821637448588588,0.9978064277278825,0.00012273136544650826,1.001087621323351,-0.00029855782931008785,5.189994566417788e-06,2.876353304188223e-05,50.0,50.0,50.0,-0.00035112470021402177,0.00019836668823105727,0.1425892025054554,49.0,0.0,0.0002560225341989916,0.0028295423800082918,0.011540609367163508,0.02357211923660074,0.8033928935781587,0.6441012472531861,2.3130452680517832,0.7205461547480597,0.6551724137931034,0.0017458759158215109
umich,um_internal_0620_bl_form_cycling_cell_19_010,100,2.2059181097,297.0,0,1,0.99466698666271,-0.005944854227514094,0.9940587808532977,-4.5245904151140415e-06,8.096403041335475e-06,0.011967259339282582,0.0038915860757711292,0.0019749525309556864,0.5957941506872421,5.650235350813301,0.9978064277278825,-6.0661777831776474e-05,0.9967205239516144,0.00011223059653176955,-1.1446586955575245e-06,4.528008382842829e-06,100.0,100.0,100.0,-0.00012760747805864463,-7.9093407536895e-05,0.14903907938309538,67.0,0.0,3.2931333408445178e-06,0.002589345537364546,0.013453536633794339,0.0020649581418709095,-0.3772136253138112,0.542919711719105,2.5272449568213258,0.8432655968592652,0.6065573770491803,0.002160723591252496
umich,um_internal_0620_bl_form_cycling_cell_20_011,50,2.2252992877,273.0,0,1,1.0004260282224688,-0.000671518482147532,0.9993292177327194,-7.918445700281399e-05,6.43534175680709e-06,0.009966758863668846,0.0036653823802868116,0.0019481695471135934,0.5246200056382644,-0.1934034927713989,0.9967635172312288,-1.3989968378073584e-05,1.0009196663691649,-0.00031649002972988874,4.563568706289292e-06,7.950550833444521e-05,50.0,50.0,50.0,-0.0004954643948924833,-0.00020278083431207638,0.21466916321272458,47.0,0.0,0.00013067192350491583,0.0023335845836830126,0.0070941640017856975,0.1948669850890502,-0.6948447871788899,0.6134004021802689,2.1916876255737785,1.1314021114911006,0.7142857142857143,0.0019169704154308601
umich,um_internal_0620_bl_form_cycling_cell_20_011,100,2.2252992877,273.0,0,1,0.9972368806146722,-0.003860666089944163,0.9961435665259069,-2.876816800554489e-05,7.379310036393422e-06,0.011028780324360948,0.0036653823802868116,0.0016449303350410851,0.46715037692801176,2.0209044453643514,0.9967635172312288,-3.939455193820575e-05,0.997074398427402,3.579084977932935e-05,-6.329315469105628e-07,2.885042724736642e-05,100.0,100.0,100.0,-0.00018049527944521504,-3.5406494328310334e-05,0.25201580374754434,37.0,0.0,4.498499406846184e-05,0.0019867322376722883,0.0070941640017856975,0.09159114431516546,-0.7032225549375801,0.5853390573588226,2.403178120218812,1.0231047361599646,0.7192982456140351,0.00214480597121537
umich,um_internal_0620_bl_form_ht_cycling_cell_10_031,50,2.35036808405,309.0,0,1,0.9953504394379075,-0.004002559073126076,0.9959948495885942,-4.149902764746567e-06,8.364231915180089e-07,0.006285343304417518,0.005260205660509294,0.0007755496846978406,-4.828544633111513,-1.154568652311096,1.00088787448407,-8.338664735679324e-05,0.9995027550885991,0.00016643664690757103,-3.2805105706222416e-06,4.144405871919815e-06,50.0,50.0,50.0,0.00015521736564730305,-0.0002502738838834716,0.05527121932343449,48.0,0.0,-0.00012204979307052534,0.0007542464591952503,0.0049661414649093015,0.004117937697493246,29.101771157685825,0.4526537721139543,2.754843050561182,0.4509274821849217,0.92,0.000179214397463391
umich,um_internal_0620_bl_form_ht_cycling_cell_10_031,100,2.35036808405,309.0,0,1,0.9891659319989906,-0.010187066512042903,0.9898063381735773,-0.00012494760213480733,1.5153521574056718e-05,0.012469850743334345,0.005260205660509294,0.000568530038359141,-0.6102949826021353,43.22793475568268,1.00088787448407,-0.00010394965828615206,1.0006828517052442,6.1854728735846e-05,-1.8313954006926982e-06,0.0001251005242744887,97.0,100.0,100.0,6.715144829468307e-05,-0.00023214949603862125,-0.08469697974117077,48.0,0.0,-6.266060432639329e-06,0.0008395940060246572,0.006299365193254327,0.8413701692421566,-0.9454406386767964,0.8752044032675271,1.274298765201761,0.06225082730897776,0.4411764705882353,0.003596463063536096
umich,um_internal_0620_bl_form_ht_cycling_cell_1_022,50,2.3610528566499998,298.0,0,1,0.9957842094377665,-0.0034601373183959136,0.9965372460403419,7.20290457738389e-06,1.0701646737859979e-06,0.006449171079382195,0.0056629126122023895,0.0008343695341376899,-3.887632086327497,-0.8122243343989585,1.001419270068674,-7.20861941332482e-05,0.999447321879044,0.00021699511655735463,-4.034465615000157e-06,-7.186972417952865e-06,50.0,50.0,50.0,0.0002239497413555075,-0.0002593650296015585,0.043573632981061115,48.0,0.0,-0.00013187877187366854,0.0008183615298974481,0.005501180188921628,0.009696046902223698,19.62684419777957,0.5520700481315324,2.5250560866462415,0.37138109132842784,1.4,0.00020638013190926827
umich,um_internal_0620_bl_form_ht_cycling_cell_1_022,100,2.3610528566499998,298.0,0,1,0.9897307574535195,-0.009513589302642981,0.9904792162862599,-0.0001235301239479644,1.5238906919281572e-05,0.012502623063629264,0.0056629126122023895,0.0006086132067431891,-0.5657400280608555,-24.287283833303512,1.001419270068674,-9.70774418637039e-05,1.0010348185344324,7.222573492945554e-05,-1.91917508703353e-06,0.000123602319800247,100.0,100.0,100.0,9.921944055819898e-05,-0.00022867041619617452,-0.07285657268324915,48.0,0.0,-8.998581168291913e-06,0.0008934130191179774,0.00659410697060369,0.8177805321690144,-0.9869216848577445,0.8851602456450414,1.2049390415890608,0.06849149268477127,0.5555555555555556,0.0037558422188742084
umich,um_internal_0620_bl_form_ht_cycling_cell_2_023,50,2.3588374840000004,287.0,0,1,0.9959322387552833,-0.0031174271860096186,0.9968796073986248,8.629353855374142e-06,8.580475396461403e-07,0.006310196442511751,0.005291593712863107,0.000792974090191414,-4.037309739214959,-0.9250022233883941,1.0008163058341495,-6.494639970853371e-05,0.9993521795012889,0.00018543948349481718,-3.4001948007589943e-06,-8.614431843812086e-06,50.0,50.0,50.0,0.0001710848219287492,-0.0002315852881332024,0.0035048948142735485,48.0,0.0,-0.00012974912157592638,0.0008158703167957108,0.005210765465349996,0.01735702149831464,21.280029715810056,0.49821468337525815,2.6190990401870353,0.29940553614784016,1.0,0.00017026454883992584
umich,um_internal_0620_bl_form_ht_cycling_cell_2_023,100,2.3588374840000004,287.0,0,1,0.9902584318097938,-0.008791234131499038,0.9912004033120655,-0.00011206262555539935,1.267692093391698e-05,0.01198400338800117,0.005291593712863107,0.0005796091130241715,-0.6311942687183426,-19.384431393965357,1.0008163058341495,-8.970647072958201e-05,1.0005689177467745,7.595759150915877e-05,-1.843335461417135e-06,0.00011213559159885489,100.0,100.0,100.0,7.792635760249183e-05,-0.0002227547866632793,-0.10251386995590916,49.0,0.0,-1.1077112528801587e-05,0.0008600443892629281,0.006215471815861687,0.8090076624018399,-0.8721761262646481,0.8762391955263409,1.2493507912176083,0.10559495476334274,0.48484848484848486,0.003226232731851875
umich,um_internal_0620_bl_form_ht_cycling_cell_3_024,50,2.3573464741,333.0,0,1,0.9936829831068065,-0.005406565280085065,0.9945885078181286,-5.686382058901193e-05,1.409344809122123e-06,0.007280480102761525,0.004440331540146769,0.0006718520893531221,-2.962743487027507,-5.504229604396383,1.00082384028879,-0.00011263677666843884,0.9996520598578978,0.00012976760294402956,-3.5890658371743775e-06,5.6837886275241617e-05,50.0,50.0,50.0,0.00011542303130390745,-0.0002814609776909797,0.04945635236165133,32.0,0.0,-0.00010939072613483651,0.0006721903461737912,0.004144306832846725,0.4588648670008295,14.05325884073552,0.6134430379218322,2.2474729587672915,0.2990847045495925,0.3333333333333333,0.0005082523562673582
umich,um_internal_0620_bl_form_ht_cycling_cell_3_024,100,2.3573464741,333.0,0,1,0.9834758254554534,-0.015613722931438066,0.9843720485749774,-0.0001883387487233217,3.1589663113875874e-05,0.017487637754114525,0.004440331540146769,0.0004922491944114426,-0.510898686057767,4.361065619905887,1.00082384028879,-0.0001593237033820211,1.0010094311732836,1.1405876319113576e-05,-1.9582806376710126e-06,0.00018906014703857764,77.0,100.0,100.0,2.4926153453504262e-05,-0.00028118528553930296,-0.05385255522720208,47.0,0.0,-9.847697530509192e-06,0.0007128539667168541,0.005102184694590636,0.9170208215459071,-1.1441127323210616,0.8736783959725758,1.2844767483661894,0.08071809001384056,0.20987654320987653,0.005174736778842515
umich,um_internal_0620_bl_form_ht_cycling_cell_4_025,50,2.3404999602,288.0,0,1,0.9949594450328502,-0.004376689157954456,0.9956204033775898,-2.7256707852015644e-05,6.903731151402271e-07,0.005749350834789316,0.004480810074059562,0.0006531490156963313,-4.878191711871645,-3.335867037409574,1.0005794512809494,-9.118102412405118e-05,0.9996047366081483,0.0001065955547278293,-2.574081972690137e-06,2.7242134798308205e-05,50.0,50.0,50.0,9.578214398975576e-05,-0.00022500662604399963,0.026055376732814817,48.0,0.0,-0.00010539225749314217,0.0006486992410220559,0.004382414003170263,0.2152251026692581,30.639301505575077,0.4411963810457235,2.7643217764480577,0.21693877442732684,0.7777777777777778,0.00025314279430678764
umich,um_internal_0620_bl_form_ht_cycling_cell_4_025,100,2.3404999602,288.0,0,1,0.9876997443753258,-0.011636389815478815,0.9883558800514092,-0.0001337324698240069,1.6529388109276275e-05,0.013009051492313675,0.004480810074059562,0.0004842792156030499,-0.6374993910462091,7.103471537444278,1.0005794512809494,-0.00011873867158651852,1.000361330354301,4.141380745800794e-05,-1.7171203655100035e-06,0.0001340367861274829,91.0,100.0,100.0,2.615825020564267e-05,-0.0002371287121865406,-0.10994507644460576,49.0,0.0,-9.077547246468032e-06,0.0007221082587958165,0.005375355528280016,0.8836123626021524,-0.9310985805093783,0.8639285405964687,1.3531143875996372,0.06788656870272165,0.42028985507246375,0.0034596921759007353
umich,um_internal_0620_bl_form_ht_cycling_cell_5_026,50,2.3653285706,302.0,0,1,0.9964972477384407,-0.0027610092234852733,0.997236941296958,9.980716424667135e-06,7.680408135939083e-07,0.005577631228059462,0.0044532279916306185,0.0006660801002424981,-3.6013184940134524,-0.8757128840455561,1.0009782400757172,-5.752102548927653e-05,0.9993734341692415,0.00018780968614318322,-3.4197878792027674e-06,-9.962544108481524e-06,50.0,50.0,50.0,0.00016033389114743156,-0.00023861832219860345,0.02992866526282729,44.0,0.0,-0.00010529104142493609,0.0006711032450061245,0.004380919897894197,0.025939949696976883,17.54102397553086,0.5709389638836864,2.406948204840659,0.45547552868282576,1.0869565217391304,0.00016981915535665103
umich,um_internal_0620_bl_form_ht_cycling_cell_5_026,100,2.3653285706,302.0,0,1,0.9890075896333487,-0.010250667328577366,0.9897417236663695,-0.00012633043226202304,1.5990379714515084e-05,0.013067289333151556,0.0044532279916306185,0.0004917194641989696,-0.682583136439385,-19.9402901353621,1.0009782400757172,-0.00010459864620997312,1.0004811762249786,9.234889498853998e-05,-2.1439149730447775e-06,0.00012642308476347976,97.0,100.0,100.0,8.03188308971454e-05,-0.00024398858871274971,-0.06315722659017312,47.0,0.0,-7.690270485435998e-06,0.0007179324476795422,0.005221448535104124,0.8150833413815413,-0.832004228997492,0.8843870113145093,1.2037176882693832,0.06842893519680517,0.48484848484848486,0.0033287967675470855
umich,um_internal_0620_bl_form_ht_cycling_cell_6_027,50,2.345302277,306.0,0,1,0.9941516549766264,-0.005148027407129788,0.9948483648119956,-3.4245699354444495e-05,9.489509207150188e-07,0.006784519529121583,0.005111527037501672,0.0007463104735148638,-4.710186202560389,-3.258906700147263,1.0006891558567312,-0.00010725057098187058,0.999676263198376,0.00011406555049899623,-2.852139420259309e-06,3.4225188637386255e-05,50.0,50.0,50.0,0.00010840498793197412,-0.0002554043811101215,0.036663370149415724,47.0,0.0,-0.00012069909835880636,0.000734197079582955,0.00492066404965145,0.24717146033058235,29.333749573866115,0.43883935118133377,2.7449507062772707,0.3664629503048952,0.7142857142857143,0.0003873790209942868
umich,um_internal_0620_bl_form_ht_cycling_cell_6_027,100,2.345302277,306.0,0,1,0.9874625894971576,-0.011837092886598578,0.9881546115792191,-0.00013960601849320964,1.7822586062711124e-05,0.013473585008590373,0.005111527037501672,0.0005478842033756278,-0.5605513645567622,5.492071642895175,1.0006891558567312,-0.00012078666210814875,1.000676404964736,2.4983527146323586e-05,-1.6136229964660262e-06,0.00013995684087645346,90.0,100.0,100.0,2.9338267553146765e-05,-0.00023688586811090908,-0.09841976940236721,47.0,0.0,-9.519739621310418e-06,0.0008128663255156597,0.0060939102563279165,0.8930636068717897,-1.0421386350561441,0.8665784745526276,1.3496725426108822,0.08269171584511341,0.3424657534246575,0.0039016795786787233
umich,um_internal_0620_bl_form_ht_cycling_cell_7_028,50,2.3606347364999998,306.0,0,1,0.9953134790702933,-0.0038763686556470703,0.9961204883491668,-6.135240722923188e-06,8.465628307344316e-07,0.006218975122668304,0.0049863069529562315,0.0007363298568994723,-4.572794690178197,-1.1567223056392808,1.0008408422401438,-8.075768032598062e-05,0.999321101355067,0.00017933877864670283,-3.566808064801032e-06,6.126521680154936e-06,50.0,50.0,50.0,0.0001423948045966617,-0.000259396757738538,0.04326975446917154,43.0,0.0,-0.0001214594153260315,0.0007204404429452317,0.004779896578464023,0.008892707631809271,27.04114391957242,0.4962415707741984,2.6152762112132253,0.44531101665536404,1.0869565217391304,0.0002565690450263211
umich,um_internal_0620_bl_form_ht_cycling_cell_7_028,100,2.3606347364999998,306.0,0,1,0.9884810301739793,-0.010708817551961111,0.9892824996407507,-0.00013391398420819364,1.727535137308942e-05,0.013483703813997508,0.0049863069529562315,0.0005916380840795034,-0.6094970350325636,31.32768503146272,1.0008408422401438,-0.0001092736484893991,1.000625607550744,6.327361446751764e-05,-1.9332117517226207e-06,0.00013411357683757586,94.0,100.0,100.0,7.430688898714642e-05,-0.0002406192101457103,-0.147368227876276,47.0,0.0,-1.0004406055898764e-05,0.0008967121371935546,0.00587875726194549,0.8477539126719527,-0.9476445979263572,0.8786431662685723,1.2418194656971178,0.06777261508172211,0.48484848484848486,0.003748094469336796
umich,um_internal_0620_bl_form_ht_cycling_cell_8_029,50,2.3652396628499996,310.0,0,1,0.9959975725510232,-0.003142436606632934,0.9968548586005657,8.217508153444568e-06,8.609744843045405e-07,0.005992571967494031,0.005115773547201609,0.0007566998213313045,-4.016837782358737,-0.8623642531571408,1.0010270747138887,-6.546742930485279e-05,0.9993684393825879,0.00019064462152339315,-3.5082137186537482e-06,-8.203124392979066e-06,50.0,50.0,50.0,0.00016644471899926615,-0.00024197554876742312,0.04538962641062862,44.0,0.0,-0.0001218139262217772,0.0007411247108215245,0.00492927785844406,0.01568628141314643,20.94866326817506,0.5222951899352567,2.5621639326769827,0.3056358760683767,1.8235294117647058,0.00016136402834544025
umich,um_internal_0620_bl_form_ht_cycling_cell_8_029,100,2.3652396628499996,310.0,0,1,0.9895764368248872,-0.009563572332768921,0.9904281960034493,-0.00011911956021961879,1.4266273216989072e-05,0.01241370769363002,0.005115773547201609,0.0005681548007125401,-0.6574375770669935,-22.075403264125303,1.0010270747138887,-9.758747278335634e-05,1.0005756902370533,8.245947493876901e-05,-1.9762650505723568e-06,0.00011920054919124742,99.0,100.0,100.0,8.328040544085529e-05,-0.00023630660237124434,-0.07331348597830753,48.0,0.0,-1.0013317135405189e-05,0.0008331269189303992,0.005998075003911215,0.8122700782276563,-0.8352663668075668,0.8782320659842046,1.2414198404639876,0.06998740165345982,0.6896551724137931,0.0034346968417617012
umich,um_internal_0620_bl_form_ht_cycling_cell_9_030,50,2.1840287868,198.0,0,1,1.0110111873732377,0.011972756750295707,1.0119842804673993,0.00021000840315911953,9.157619823432475e-06,0.011972756750295707,0.0005305240970279277,0.00026609352159512653,-0.47806631092013274,0.5133702755693514,1.0026616083703352,0.0002494324322978272,0.9990325767204451,0.0003596090398754367,-2.8769353214685266e-06,-0.00020868876062110655,50.0,50.0,50.0,0.00036625820603613114,0.00014646890179997123,0.10376777658813587,19.0,0.0,1.4878762073671998e-05,0.0003275094946798057,0.0011182996372399055,0.9632094419247564,-0.7481973735155254,0.781841733617411,1.697753478059194,0.17480272437992728,5.857142857142857,0.002414426371973783
umich,um_internal_0620_bl_form_ht_cycling_cell_9_030,100,2.1840287868,198.0,0,1,1.0074844833084595,0.008446052685517567,1.0084541819680062,8.898269833755618e-05,1.184430826591543e-05,0.013549169534233615,0.0005305329796946517,0.00028013018242762483,-0.8451556468315304,-0.4491404525132543,1.0026616083703352,8.618421107670986e-05,0.9983624328054678,0.0004024803708359436,-3.073506593121463e-06,-8.806729235718139e-05,100.0,100.0,100.0,0.00029017319942205045,-0.00016196607618340102,0.4780557333162412,56.0,0.0,-8.234625327095063e-06,0.0002817147445914414,0.0011182996372399055,0.5459417030493814,-0.07650813294787451,0.9148757302695253,0.9360972232252406,0.15004389787460495,1.2272727272727273,0.002553120514574261
umich,um_internal_0620_micro_form_cycling_cell_21_012,50,2.2255395149,362.0,0,1,1.002367920571492,0.0018487916176967456,1.0018478323544198,-8.764009663598107e-05,6.6721431565319065e-06,0.009365171842808953,0.0034047033311563188,0.0022005227286533945,0.37440050662963165,-0.08169124953241323,0.9981438431569769,3.851649203534886e-05,1.0011149151740868,-0.00028257444298132237,3.748737429717338e-06,8.795208215849289e-05,50.0,50.0,50.0,-0.00031005495141022836,1.6015877629849974e-06,0.12962307924209107,48.0,0.0,0.00020058044314154408,0.0026187391384581552,0.008619713319653955,0.23023446464415442,-0.7447811101042348,0.6241818364524411,2.270439944137343,0.9343092373768334,0.5483870967741935,0.0019197064223736868
umich,um_internal_0620_micro_form_cycling_cell_21_012,100,2.2255395149,362.0,0,1,0.9912929871744511,-0.009226141779344152,0.9907786452928775,-5.391497190221835e-05,8.274473984370852e-06,0.011361833043497332,0.0034047033311563188,0.001753658052292603,0.15983592927393997,2.0347311447715333,0.9981438431569769,-9.414430387085869e-05,0.9977022861320755,2.7356479882860476e-05,-7.967789390692942e-07,5.408291488120601e-05,100.0,100.0,100.0,-0.00016077582733852957,-0.0001080668244606711,0.15158776960859813,67.0,0.0,7.4405968337892e-06,0.002295499980014843,0.01055132404649994,0.2868951465166084,-0.7898510270592061,0.5247393830981626,2.5512713248174,0.9808292530117262,0.6065573770491803,0.002218548431489811
umich,um_internal_0620_micro_form_cycling_cell_22_013,50,2.22347900805,304.0,0,1,0.9981864855771513,-0.002522581539872101,0.9974792058723526,-0.00013793534887142253,9.913680540249764e-06,0.014806865673480479,0.004302042819099332,0.002113035903384227,0.18323014947094934,0.06993373156011184,0.995740811846789,-5.255378208066877e-05,1.0007371510291536,-0.0004165179599485956,5.357357905329378e-06,0.0001388036131197837,47.0,50.0,50.0,-0.0006107829863401153,-0.00024017301225492908,0.1570982807432076,47.0,0.0,0.00015956618931679424,0.002570530652383399,0.008165865849987342,0.3838364649947218,-0.31227180697878376,0.5740914345930884,2.190651682883642,1.252762968495368,0.6,0.00245151273309333
umich,um_internal_0620_micro_form_cycling_cell_22_013,100,2.22347900805,304.0,0,1,0.9901538298446991,-0.010555237272324259,0.9894522417961764,-5.2742701165574865e-05,1.0129128515955267e-05,0.014806865673480479,0.004302042819099332,0.0016928188849524382,0.25578528968179165,1.3940398524201263,0.995740811846789,-0.00010770650277881896,0.9962266178180306,-1.3374275631504865e-05,-3.8596495621625103e-07,5.3035596765625403e-05,47.0,100.0,100.0,-0.00027596867572228983,-8.517676631257752e-05,0.2242315220671664,47.0,0.0,1.2086116251110793e-05,0.002117590925886308,0.008165865849987342,0.2242835823620103,-0.7381908515854811,0.551136527518464,2.417190548303998,1.0840134892469568,0.6065573770491803,0.0025108009924033384
umich,um_internal_0620_micro_form_cycling_cell_23_014,50,2.21894330765,394.0,0,1,1.0018705453337589,0.0016079800631674586,1.001607557974273,-7.572717450333132e-05,6.770297303885576e-06,0.009654018390711883,0.003509846183608798,0.001964816276209269,0.5420939539708507,-0.29498772962707426,0.9968951952822551,3.349958464932206e-05,1.0009430869667417,-0.0003770395574510536,5.794468902840022e-06,7.608555014178499e-05,50.0,50.0,50.0,-0.0004799234481363999,-0.0001045779745940811,0.2192355034316835,46.0,0.0,0.00013925176226548043,0.0023169115698289584,0.0074350343441049,0.16940481934133234,-0.7694924073204712,0.6007740292029612,2.2220111698426925,1.2367626271489267,0.92,0.00201171286558356
umich,um_internal_0620_micro_form_cycling_cell_23_014,100,2.21894330765,394.0,0,1,0.9974025615570575,-0.00286000371353383,0.9971407470269967,-3.069125481157223e-05,7.72410751350704e-06,0.010478951363847775,0.003509846183608798,0.001684834236062761,0.43179840141231046,2.174501476879401,0.9968951952822551,-2.9183711362590105e-05,0.9966310963522935,3.447646543966815e-05,-6.38899218149424e-07,3.0795256998852354e-05,100.0,100.0,100.0,-0.00021106263903936174,-1.6491125637779218e-05,0.20805981830371506,37.0,0.0,3.973189321816077e-05,0.002102877295740369,0.00775526091210754,0.09959231081140063,-0.8730974452807274,0.5730840785749274,2.4055764745768613,0.9260787382403178,0.8148148148148148,0.002210274901161914
umich,um_internal_0620_micro_form_cycling_cell_24_015,50,2.21089843595,332.0,0,1,1.001850560606255,0.001482829218517002,1.0014822841361146,-8.853275057910194e-05,8.107349644380901e-06,0.010147758863631257,0.004147916498959194,0.0021783511994221865,0.5445107909485423,-0.2535178954074251,0.9959846883033387,3.089227538577088e-05,1.0008989308954201,-0.00041649535258339105,6.306973115466593e-06,8.901451844933885e-05,50.0,50.0,50.0,-0.0005569278783472006,-6.509626687281493e-05,0.2015990898073284,47.0,0.0,0.0001973464152656032,0.002453370629051856,0.008033606026939947,0.1933566028088165,-0.8535680812372552,0.6227637734120457,2.201241724490375,0.8574502318512216,0.7142857142857143,0.0019176870050018207
umich,um_internal_0620_micro_form_cycling_cell_24_015,100,2.21089843595,332.0,0,1,0.9915450414428614,-0.008822689944876812,0.9911805532425184,-3.770264305669943e-05,9.320317560181627e-06,0.011964192280336015,0.004147916498959194,0.001777218823550616,0.41203382832838664,2.1797033998929254,0.9959846883033387,-9.002744841711033e-05,0.995960228735028,4.729757009322522e-05,-8.333354230384443e-07,3.785148680507038e-05,100.0,100.0,100.0,-0.00023723486774196204,-8.896718333139125e-05,0.21049506611476848,66.0,0.0,8.103914063394359e-06,0.0022439243910613235,0.010525797803100149,0.12455400961366192,-0.9133725894624334,0.5287860379866355,2.504692318153846,0.9100211188605596,0.6610169491525424,0.002379048994052907
umich,um_internal_0620_micro_form_cycling_cell_25_016,50,2.21099722325,410.0,0,1,1.00161824380075,0.0009408557270562318,1.0009402188340315,-8.366391238957753e-05,5.586136581624002e-06,0.008438306436484728,0.0031086356544117472,0.001779945164625712,0.3919301942014111,-0.17148424925592284,0.9972413428719579,1.9601160980338164e-05,1.0009968499026798,-0.0003142580718304683,4.434503066170382e-06,8.399969121916693e-05,50.0,50.0,50.0,-0.00042277381567375736,-4.2205482311124815e-05,0.2350704979114136,47.0,0.0,0.00016990601897636513,0.001936597670561388,0.006699353822899507,0.25060791600967924,-0.968789019531834,0.6449658407078958,2.1670787139141905,0.9555114450274363,0.6551724137931034,0.002006879453913344
umich,um_internal_0620_micro_form_cycling_cell_25_016,100,2.21099722325,410.0,0,1,0.9935582312360102,-0.007119156837683625,0.9928856623298064,-3.0347982450308213e-05,6.3699604282349585e-06,0.009769202092551702,0.0031086356544117472,0.0014505319245285662,0.3512357599890257,1.8883616922249558,0.9972413428719579,-7.264445752738393e-05,0.9971781538901007,3.1676592513546744e-05,-6.080840682731607e-07,3.0435838861794155e-05,100.0,100.0,100.0,-0.00017276327966041997,-6.868252809917506e-05,0.24243538635920822,66.0,0.0,1.1327166188329745e-05,0.0017928631910782325,0.008661428471561055,0.11807766157485111,-0.9497692351784295,0.5832288218595262,2.407304187170803,0.9650808960435872,0.6065573770491803,0.0022004332474234575
umich,um_internal_0620_micro_form_cycling_cell_26_017,50,2.2143217494,417.0,0,1,1.0002333902921472,-0.00029734463845567755,0.9997028130890189,-9.885024182110785e-05,5.7487499884579765e-06,0.009026090948804445,0.002842231848964834,0.0017446460257306423,0.145374959373966,-0.023745455437524716,0.9981136207504029,-6.194679967826616e-06,1.00097947230152,-0.0002481060967363055,2.870304902214492e-06,9.918898498774168e-05,50.0,50.0,50.0,-0.0003437801536903378,-0.00015836267982227343,0.2428262590397417,47.0,0.0,0.00012720900668075586,0.002002152434049485,0.005458281527187921,0.3399476521926652,-1.0052979487740656,0.658559694742322,2.128094981968702,1.349926716949016,0.6551724137931034,0.00207521296362887
umich,um_internal_0620_micro_form_cycling_cell_26_017,100,2.2143217494,417.0,0,1,0.9952475946176967,-0.005283140312906073,0.9947196621468379,-5.2589022420837255e-05,6.923534247356081e-06,0.010887234299411285,0.0028541256037936643,0.001526589826100904,0.17565887442692013,1.5396181970234948,0.9981136207504029,-5.39095950296538e-05,0.9982567460502579,-8.677171384264838e-06,-4.3050834349583406e-07,5.276721874766494e-05,100.0,100.0,100.0,-0.00012038122753393401,-4.9761151795373966e-05,0.18191867366124856,65.0,0.0,3.426655235875765e-05,0.0019376865407568313,0.0067844659901258805,0.32621744386203033,-0.8239405721491972,0.60059913620995,2.3519219257539676,1.1842677332466036,0.7192982456140351,0.002069240299537003
umich,um_internal_0620_micro_form_cycling_cell_27_018,50,2.21301499265,384.0,0,1,1.0029241436553717,0.002305400242178416,1.0023039746730253,-2.5505418369214158e-05,4.361850076874186e-06,0.008037783548271251,0.0028825786183948226,0.0016800965535061453,0.6968257706904081,-0.4670162765540951,0.9969954386336815,4.802917171205034e-05,1.000523067598284,-0.0002672828339546796,4.649565684335442e-06,2.5584597904588034e-05,50.0,50.0,50.0,-0.0004325909863426347,-7.880028931453377e-05,0.26080662675374294,47.0,0.0,0.0001093703505560443,0.00195323358787714,0.006366045800317878,0.02982800209654113,-0.4766897416222129,0.6166419706699038,2.196534523833262,0.7731898882334817,0.7777777777777778,0.0014368380289156936
umich,um_internal_0620_micro_form_cycling_cell_27_018,100,2.21301499265,384.0,0,1,0.9993752361576438,-0.0012435072555495768,0.9987572616805999,-4.880302165748412e-06,6.2190020285854305e-06,0.009801950358241756,0.0028825786183948226,0.0014227842540882867,0.598250819835268,6.051633854603922,0.9969954386336815,-1.2688849546424251e-05,0.9966244269137271,0.00010225620847424833,-1.0503579474509446e-06,4.885680433530019e-06,100.0,100.0,100.0,-0.0001483498711050079,-2.3163467426063277e-05,0.2840813359077061,20.0,0.0,2.7877929188294417e-05,0.0016966198354056415,0.006366045800317878,0.0031276457403156543,-0.6062208926638624,0.5957553821144862,2.355958546799922,0.81377516834856,0.75,0.001826535524352594
umich,um_internal_0620_micro_form_cycling_cell_28_019,50,2.2054244992000003,384.0,0,1,1.0023521715669168,0.0016626411383977564,1.001661495486703,-8.21002193170005e-05,6.022708566074826e-06,0.009498324475672925,0.0033461848286698774,0.0019747245861191144,0.46982165221566224,-0.1808888110244795,0.9970866084500598,3.463835704995326e-05,1.0008278499399095,-0.00032785350912341787,4.726024803968741e-06,8.245571501476766e-05,50.0,50.0,50.0,-0.00043732675050547204,-3.558152666641589e-06,0.17395312710711702,48.0,0.0,0.0001996140358765752,0.002187242293210586,0.008728174692438154,0.22383437411762486,-0.7293246939159328,0.6318391184141423,2.240780637829495,1.252762968495368,0.6,0.0019134011168963128
umich,um_internal_0620_micro_form_cycling_cell_28_019,100,2.2054244992000003,384.0,0,1,0.9924061073475536,-0.008283423080965347,0.9917222846556432,-3.106697275614957e-05,7.128212205470627e-06,0.01096397950089468,0.0033461848286698774,0.0015888288887047379,0.35565436902489134,2.097823718478865,0.9970866084500598,-8.452472531597292e-05,0.9967115308357367,4.6223173224608026e-05,-7.577465292231542e-07,3.116122688440671e-05,100.0,100.0,100.0,-0.0001832406209912178,-8.920417922978831e-05,0.1788941454320998,66.0,0.0,1.2309190226458003e-06,0.0020464372948311425,0.010354997057611472,0.11057630733612744,-0.8676054511224787,0.5416053166282967,2.4814441246986174,0.9028677115420143,0.5555555555555556,0.002220792777887654
umich,um_internal_0620_micro_form_cycling_cell_29_020,50,2.19924283125,360.0,0,1,1.0022211033636625,0.0018379897128969773,1.0018372858236175,-7.556604895908509e-05,6.112863510502519e-06,0.009183757661049206,0.0037987417675254534,0.001930290525869189,0.46705624156944237,-0.2521497287592561,0.9969616816501331,3.829145235202036e-05,1.0009145100239596,-0.000339546142392498,5.076540258333946e-06,7.589068713139919e-05,50.0,50.0,50.0,-0.0004493476941530704,-5.330844796312117e-05,0.22008843233896633,47.0,0.0,0.00017642031583801584,0.0021254367066768387,0.007360837589180036,0.1868266073822198,-0.8975252205830953,0.6384943026675072,2.1948092942066215,0.6241543090729939,0.5483870967741935,0.0018529473153647584
umich,um_internal_0620_micro_form_cycling_cell_29_020,100,2.19924283125,360.0,0,1,0.9927858238187449,-0.007597289832020684,0.9924056196787495,-3.0085130791374622e-05,7.4245760295653346e-06,0.011300143825352413,0.0037987417675254534,0.0015950647721305622,0.37610521976655237,2.307701515458306,0.9969616816501331,-7.752336563286412e-05,0.9966425906332651,5.4301128462979485e-05,-8.273162671994977e-07,3.017186570638136e-05,100.0,100.0,100.0,-0.00018959965087756721,-7.824924172438473e-05,0.212318788305737,66.0,0.0,4.072812226785745e-06,0.0020120660662760453,0.00966281367297724,0.09955818681402817,-0.8967824694104998,0.5356671770419927,2.4812394335390358,0.9832302145492644,0.5806451612903226,0.0022062043040705797
umich,um_internal_0620_micro_form_cycling_cell_30_021,50,2.2051181675500002,378.0,0,1,1.0015718643114035,0.001489772951102046,1.0014896506636526,-7.492156516642479e-05,6.709285082764599e-06,0.009123462858388363,0.003421404172812473,0.001993698586930489,0.5155858021095109,-0.3470252213143432,0.9963562606901346,3.103693648129263e-05,1.0006792182881783,-0.00035951254947552073,5.472903544405168e-06,7.527888943268865e-05,50.0,50.0,50.0,-0.00048573978145268214,-0.00013278091867936428,0.2328362078336557,47.0,0.0,0.00014171242289707858,0.0022948913663880938,0.0063471604406356505,0.16732754258448268,-0.8515655392818453,0.6281679978903294,2.205996191403979,0.8266785731844679,0.6551724137931034,0.00197633839498132
umich,um_internal_0620_micro_form_cycling_cell_30_021,100,2.2051181675500002,378.0,0,1,0.9965264025471657,-0.003555688813135915,0.9964446030542358,-1.984159611406459e-05,7.81528924370758e-06,0.011744694720271712,0.003421404172812473,0.0016786867271154167,0.49595210385301547,2.2171972231855963,0.9963562606901346,-3.628253890955015e-05,0.9962280044348127,5.244386327190188e-05,-7.086809743722478e-07,1.990246830350525e-05,100.0,100.0,100.0,-0.00019104026003220227,-4.099164852014383e-05,0.23501979066757966,65.0,0.0,3.234691087053773e-05,0.002061395810001269,0.008015932733273496,0.041138929261561374,-0.7036359358466959,0.5638785556064463,2.4259995239709267,0.8005056988804446,0.6896551724137931,0.002245045446022686
umich,um_internal_0620_micro_form_ht_cycling_cell_31_032,50,2.3457236324500004,344.0,0,1,0.993336009692807,-0.005834707981223207,0.9941604493826582,-2.284820813683741e-05,2.9437125333520874e-06,0.016111931123158754,0.007964652971708636,0.0019285547809077266,0.9876269823820043,-3.2508501685315703,1.0010370346345785,-0.00012155641627548347,0.9989428497893892,0.00023888227603935128,-5.0332785418501455e-06,2.281297687735083e-05,50.0,50.0,50.0,0.00014423058031601217,-0.00033422627850279973,-0.37934333515905067,32.0,0.0,-0.00014946144996329775,0.0031037529600862084,0.016619716219204307,0.035468178984844445,19.713303413288028,0.38883842540046437,2.750120433951336,0.2106520634201806,0.7777777777777778,0.000283432451633552
umich,um_internal_0620_micro_form_ht_cycling_cell_31_032,100,2.3457236324500004,344.0,0,1,0.9855676157320199,-0.013603101942010342,0.9863856078832284,-0.00017137288897775958,2.8070445065225648e-05,0.02388032508394589,0.007964652971708636,0.0013613105467049427,-0.3169660412913871,9.276961253002797,1.0010370346345785,-0.00013880716267357493,1.001216289825259,3.2028132890972856e-05,-1.994127665379718e-06,0.00017182941299053017,83.0,100.0,100.0,5.145662978022101e-05,-0.0002564663140079048,-0.4072925708750185,32.0,0.0,-1.0502128815087127e-05,0.002293760279896488,0.016619716219204307,0.8544364505139053,-0.96178563654906,0.8590439002067758,1.297896663761809,0.10769891658975743,0.38028169014084506,0.005270580356939763
umich,um_internal_0620_micro_form_ht_cycling_cell_32_033,50,2.3502299876,358.0,0,1,0.9969075637540383,-0.0020223903299157117,0.9979754433014572,1.8408540038570063e-05,9.274109226349448e-07,0.0053333128102923,0.004613428880240187,0.0007531241528132428,-2.8777626138513517,-0.5380216396072931,1.0013416623975682,-4.2133131873244e-05,0.9993295290755624,0.00020849080430032402,-3.655428158880606e-06,-1.8369658404720572e-05,50.0,50.0,50.0,0.0001878764959833405,-0.000193382464941628,-0.009379814305883414,44.0,0.0,-0.00011424998392267333,0.0008355630915887392,0.004344494391558373,0.07307965392255866,10.792436933220591,0.5792288385830558,2.3498060148650524,0.4891151373950893,1.4,0.00021005433621591407
umich,um_internal_0620_micro_form_ht_cycling_cell_32_033,100,2.3502299876,358.0,0,1,0.9908403393227131,-0.008089614761240886,0.9919017197070046,-0.00010646468530311809,1.1949456837857466e-05,0.011400537241617475,0.004613428880240187,0.000554032121874692,-0.7140159197202063,-9.572093795724333,1.0013416623975682,-8.25470894004172e-05,1.0004904495769542,0.00010050593823644709,-2.0291237601918385e-06,0.00010646373703619712,100.0,100.0,100.0,0.00010769681063064444,-0.00022810150227768746,-0.11981309421022088,44.0,0.0,-1.0049884620147017e-05,0.0008288532939328434,0.005663814337418834,0.7746540828231612,-0.7012374474889365,0.8876703702666195,1.2061690398489888,0.1677447719244215,0.53125,0.0029159894717360364
umich,um_internal_0620_micro_form_ht_cycling_cell_33_034,50,2.34861366,368.0,0,1,0.9966517359436631,-0.002444276467335363,0.9975535119378198,1.419230189696953e-05,8.914673123097676e-07,0.005578048626354356,0.004910949977187862,0.0007296618540309667,-3.350881275477846,-0.6316776902469475,1.001330049872911,-5.092242640282007e-05,0.999402371665775,0.00020688174410671026,-3.7055661963417227e-06,-1.416190678748823e-05,50.0,50.0,50.0,0.00019827886851808387,-0.00022631936035777517,0.027888491432383717,44.0,0.0,-0.0001179075130409837,0.0007285620281397797,0.004866083253556556,0.04518874227984748,14.525775301794404,0.5944129508288017,2.3819626942769156,0.3091339991697323,1.4,0.00022975119713811542
umich,um_internal_0620_micro_form_ht_cycling_cell_33_034,100,2.34861366,368.0,0,1,0.9910316517106523,-0.008064360700346097,0.9919283426215612,-0.00010482546383113486,1.1404525301070076e-05,0.011198132859365089,0.004910949977187862,0.0005372662843133352,-0.6699474060203142,-11.605559778971612,1.001330049872911,-8.228939490149078e-05,1.000676240507644,8.728292030120412e-05,-1.8834155307091737e-06,0.00010483351528673866,100.0,100.0,100.0,0.00010220344634029193,-0.0002197356923355243,-0.10251053884490693,49.0,0.0,-9.767514307043818e-06,0.0007982163483994032,0.00593128999343402,0.7868667645650511,-0.7778232163873033,0.8853166586458674,1.2163651261700985,0.07208359800596789,0.5806451612903226,0.0029852851575427174
umich,um_internal_0620_micro_form_ht_cycling_cell_34_035,50,2.3541435973500002,413.0,0,1,0.9973139626413962,-0.001814963286355894,0.9981834543678428,2.323965412772643e-05,8.046378588747515e-07,0.004991682968374452,0.004477210486167677,0.0007011578329067923,-2.7529820717246993,-0.43377544622830905,1.0013409139754912,-3.781173513241446e-05,0.9994781613960352,0.00018343248854011852,-3.0806314310081713e-06,-2.3192332417086253e-05,50.0,50.0,50.0,0.00019153999571353597,-0.00020223539315103245,-0.025738700125191843,43.0,0.0,-0.00010805092695223556,0.0007683250322922386,0.004376559531711634,0.13424213589229983,9.919104555061207,0.6038651913699522,2.365057450941965,0.4959791156489963,0.8461538461538461,0.0002628255985304615
umich,um_internal_0620_micro_form_ht_cycling_cell_34_035,100,2.3541435973500002,413.0,0,1,0.9919028760728711,-0.007226049854880973,0.9927676502327554,-9.322386296055593e-05,9.4544446158625e-06,0.010402769536899531,0.004477210486167677,0.000514614666470604,-0.7442020524215041,-6.854082425672671,1.0013409139754912,-7.373520260082626e-05,1.0003967376878595,0.00010049982089074766,-1.8992518024637497e-06,9.319836403660712e-05,100.0,100.0,100.0,9.320693987659731e-05,-0.00021204077770760012,-0.10845076012424777,48.0,0.0,-8.878399711290717e-06,0.0007668233866507829,0.00529664669310579,0.7506940914060147,-0.622206782556094,0.8843183513106824,1.2267367510946368,0.14007925159565388,0.4411764705882353,0.0024608655591449313
umich,um_internal_0620_micro_form_ht_cycling_cell_35_036,50,2.3499171696,326.0,0,1,0.9949698990445641,-0.0042666657913338155,0.995730074397313,-4.5479898209125775e-06,9.43700942676118e-07,0.006524663081043891,0.005566584758486168,0.0008180630822876271,-4.77271188782015,-1.181852136562188,1.000757777900871,-8.888887065278783e-05,0.9993043041756573,0.00018408573033787867,-3.627571541515825e-06,4.541912913992075e-06,50.0,50.0,50.0,0.00014829050725660714,-0.0002769336881699805,0.01937019645122413,47.0,0.0,-0.00013214756137856326,0.0008204540190018954,0.005471292591214686,0.004383636907787092,28.811331772032194,0.4702822877544899,2.697771058389903,0.3349349573023265,1.0,0.0002129092490887804
umich,um_internal_0620_micro_form_ht_cycling_cell_35_036,100,2.3499171696,326.0,0,1,0.9872266672254201,-0.01200989761047793,0.9879809266062534,-0.00014720843916443666,2.082594340429676e-05,0.014267894900188007,0.005566584758486168,0.0005937410840925675,-0.5829500276353999,45.658215709351495,1.000757777900871,-0.00012254997561712177,1.000681205546361,6.670420587861022e-05,-2.097182794539642e-06,0.0001474606389420963,90.0,100.0,100.0,7.393014216934862e-05,-0.00025595013301378213,-0.07884802427404376,47.0,0.0,-9.93481957355736e-06,0.0008728859557575777,0.006376186102998188,0.8497781532122011,-1.0192327495810016,0.8794145809571927,1.2321131135727887,0.06313919623549079,0.4411764705882353,0.004274988042114572
umich,um_internal_0620_micro_form_ht_cycling_cell_36_037,50,2.34496657465,360.0,0,1,0.9964191843326153,-0.0026922558164576616,0.997305349825585,9.864329056304195e-06,8.454245226305108e-07,0.0058534274425847055,0.004882052274757309,0.0007400690850343472,-3.598112145966175,-0.7952954672515863,1.0012283351844493,-5.608866284286795e-05,0.9994205964258939,0.0001955196561498104,-3.5702947517985374e-06,-9.84583512361272e-06,50.0,50.0,50.0,0.00018563604621594203,-0.0002244237176438484,0.021164749129162247,44.0,0.0,-0.00011856742066328392,0.0007573519877697302,0.004755726636173477,0.02301920162624438,17.128999516905164,0.5538403112111413,2.474535819118296,0.6875761355104899,1.1818181818181819,0.00020220915092191447
umich,um_internal_0620_micro_form_ht_cycling_cell_36_037,100,2.34496657465,360.0,0,1,0.9902878104548679,-0.008823629694205084,0.9911685230099171,-0.0001134386370498848,1.3085953810210625e-05,0.011984801320332127,0.004882052274757309,0.000544880380832098,-0.6844533534544747,-18.168758428556416,1.0012283351844493,-9.003703769597025e-05,1.0005948841653094,8.750851783927228e-05,-1.970070145972117e-06,0.00011348243804523463,100.0,100.0,100.0,8.933766565832947e-05,-0.00022920551338304713,-0.10193114831974977,47.0,0.0,-8.595720966095337e-06,0.0008091197224892088,0.005909574042465112,0.803084874510121,-0.7908825822635044,0.8831831502230847,1.2249585511383831,0.07720874983197008,0.5076923076923077,0.003085290757749729
umich,um_internal_0620_micro_form_ht_cycling_cell_37_038,50,2.3470896915,378.0,0,1,0.9934590852426314,-0.005730351016711605,0.9942650004005604,-4.148438565477681e-05,1.8365741953064366e-06,0.011412778726355877,0.00564335685507407,0.0011771225840475443,-2.317120811686025,-4.209048903412162,1.00120610226795,-0.00011938231284815845,0.9995418638390583,0.0001861749935124043,-4.3780649839847785e-06,4.143257967373934e-05,50.0,50.0,50.0,0.00015712065078967924,-0.0003233974405408838,-0.22656518028436512,32.0,0.0,-0.00013522945670940478,0.0016700817571572608,0.008133739826448489,0.18740917274713753,16.24329582831454,0.5157401117740105,2.5580558074458386,0.38721166779881405,0.5483870967741935,0.00040959061065347694
umich,um_internal_0620_micro_form_ht_cycling_cell_37_038,100,2.3470896915,378.0,0,1,0.9862505446993056,-0.012938891560037358,0.9870506121356961,-0.0001643307372174738,2.4665039761411562e-05,0.01862131926968163,0.00564335685507407,0.0008412020742115629,-0.400978101677362,4.78358705003968,1.00120610226795,-0.0001320295057146669,1.0014854143567993,6.276479626703872e-06,-1.672619772982088e-06,0.00016479429624397855,85.0,100.0,100.0,3.6675033287754786e-05,-0.00024268979995034528,-0.2834417614994386,32.0,0.0,-1.032265534030772e-05,0.001351811486732607,0.008133739826448489,0.8941298975711034,-1.2057733235770258,0.8723774998462529,1.2667433267880945,0.1358871063169817,0.30666666666666664,0.005043125851929122
umich,um_internal_0620_micro_form_ht_cycling_cell_38_039,50,2.3525175578499997,342.0,0,1,0.9988064607039252,-0.0007135956517724441,0.9992860616980771,4.3819515166701556e-05,1.3806007548035994e-06,0.005037135412851082,0.004555807060498618,0.000728952958856889,-1.9848627184610623,-0.31035548672207025,1.0023912350967281,-1.4866576078592588e-05,0.9997493173254645,0.00026448999980282443,-4.243663166079827e-06,-4.3662886157247445e-05,50.0,50.0,50.0,0.00029414038533742785,-0.0002036891043837795,-0.010817821173159277,44.0,0.0,-0.00011056813762703851,0.0007981205848157651,0.004401908102851306,0.2781615036444576,3.742872552498051,0.7334448959085835,1.9584874894983317,0.40313138476194416,1.4,0.00028824256709047676
umich,um_internal_0620_micro_form_ht_cycling_cell_38_039,100,2.3525175578499997,342.0,0,1,0.9932712825469976,-0.0062487738087000306,0.9937482256919552,-8.812183472526175e-05,9.359037959452398e-06,0.010572313569778669,0.004555807060498618,0.0005389084642210793,-0.7149964387655271,-3.6831211192776836,1.0023912350967281,-6.37629980479595e-05,1.0011412144437803,0.00013138937285803618,-2.1520706625814557e-06,8.79552285864304e-05,100.0,100.0,100.0,0.00014533034725619306,-0.00021849487104555208,-0.11161393615310505,44.0,0.0,-1.0328565177657921e-05,0.0008038626201835258,0.005521318111593944,0.6776113664327484,-0.5767645719495831,0.9047132742748977,1.105803942426679,0.13762137787604772,0.6333333333333333,0.0024485585583744656
umich,um_internal_0620_micro_form_ht_cycling_cell_39_040,50,2.3539594178,370.0,0,1,0.9961783243024607,-0.0032078240359203892,0.9967902056264699,4.1602502624616524e-06,8.290941676346786e-07,0.005817104490610883,0.00480749817283445,0.0007098218124226172,-3.950080911512511,-0.9148089544675462,1.0013046303078879,-6.68296674150081e-05,0.9994866855622342,0.0001915686453387727,-3.604007597622073e-06,-4.153238644022639e-06,50.0,50.0,50.0,0.0001791314538130327,-0.0002334544907814551,0.05230628589533785,45.0,0.0,-0.00011222412690208014,0.0006917202308166754,0.004603283139913742,0.0041750823782970015,20.410981220785924,0.5509614000910354,2.4953246811726935,0.2740426793584622,1.0869565217391304,0.0002237709775354774
umich,um_internal_0620_micro_form_ht_cycling_cell_39_040,100,2.3539594178,370.0,0,1,0.9896676745928223,-0.00971847374555865,0.9902755568888792,-0.00012184601238120516,1.4713850716616233e-05,0.012327754200249143,0.00480749817283445,0.0005228838871350742,-0.6414398355883627,-44.11917357621015,1.0013046303078879,-9.916809944447602e-05,1.000748598430229,7.740088848784627e-05,-1.953400988912269e-06,0.00012193152252269496,99.0,100.0,100.0,8.379044352277952e-05,-0.0002318327777055942,-0.10434618773765837,47.0,0.0,-6.8908706642314135e-06,0.0007788700049232996,0.005884308962703085,0.8240263997256341,-0.8854395085102569,0.8847197397444659,1.2183455107768066,0.06479999322691547,0.4626865671641791,0.003420363426453966
umich,um_internal_0620_micro_form_ht_cycling_cell_40_041,50,2.3485117272,369.0,0,1,0.996759509943315,-0.002413564145476047,0.997584438364017,1.81491791450622e-05,9.004793453098954e-07,0.0055783443396381065,0.004771065296471329,0.0007102033810863095,-3.1229327289704174,-0.6807050132105265,1.0012921919719848,-5.028258636408431e-05,0.9993301993018365,0.00021032750057173327,-3.6957369505133384e-06,-1.811030011655542e-05,50.0,50.0,50.0,0.00018349862097585384,-0.00022424425974828973,0.0511931336412402,44.0,0.0,-0.00011475199426686205,0.0006932112239739416,0.0045916827133993246,0.07315941345134025,13.060386214657193,0.603817280585437,2.3033902792147884,0.39322505321366247,1.1818181818181819,0.0001962046834442352
umich,um_internal_0620_micro_form_ht_cycling_cell_40_041,100,2.3485117272,369.0,0,1,0.9910775076584425,-0.00809556643034852,0.9918977335956222,-0.00010525699590087015,1.164564007312866e-05,0.01126034662451058,0.004771065296471329,0.0005268157745014263,-0.6946437736443912,-9.373878903024666,1.0012921919719848,-8.260782071784203e-05,1.000558109226372,9.594375661085041e-05,-1.972556397173745e-06,0.00010525699340291598,100.0,100.0,100.0,9.787540468006392e-05,-0.00022494880700076001,-0.08068357514778894,48.0,0.0,-7.658718277793057e-06,0.0007751405896208951,0.005746608349318459,0.7769327128847929,-0.7335987453862538,0.8853703129458114,1.2084683894835249,0.08052396279616045,0.5076923076923077,0.0028759706931729806
