dataset,cell_id,n_cycles,q0,cycle_life,is_censored,capacity_normalized,Qdis_N,delta_Qdis,retention_ratio,slope_linear,variance_Qdis,range_Qdis,max_drop,std_diff,skewness_Qdis,slope_ratio,Qdis_cycle10,mean_diff,poly2_a,poly2_b,poly2_c,exp_decay_k,cycle_to_99pct,cycle_to_98pct,cycle_to_95pct,slope_first_quarter,slope_last_quarter,autocorr_lag1,knee_cycle,n_capacity_jumps,accel_mean,accel_std,accel_max_abs,linearity_r2,kurtosis_Qdis,fft_top3_energy_ratio,spectral_entropy,sample_entropy,pos_neg_diff_ratio,mad_Qdis
sandia,sandia_SNL_18650_LFP_15C_0_100_0_5_1C_a,50,1.033,,1,1,1.0,0.0009680542110356246,1.000968992248062,2.3707450066302904e-06,1.87347729546817e-08,0.0009680542110356246,-0.0,0.00013826344386089063,-6.7838656629778065,-7.221122326457158e-13,1.0,2.016779606324399e-05,0.9998079696544637,1.4456896020788522e-05,-2.3242598104222957e-07,-2.37087784065096e-06,50.0,50.0,50.0,3.723285427065176e-05,9.691677225461098e-18,-0.0004432624113475,3.0,0.0,-2.0596898107142797e-05,0.00013969495959138435,0.0009680542110356246,0.0599999999999966,48.99999999999709,0.1249999947916668,3.178053739595705,0.0434851119397387,1.0,0.0
sandia,sandia_SNL_18650_LFP_15C_0_100_0_5_1C_a,100,1.033,,1,1,0.9990319457889643,0.0,1.0,-9.423112728321479e-06,1.6713615082348197e-07,0.0009680542110356246,0.0009680542110356246,0.00027658691743872216,-1.2676669140699133,-11.6470588234689,1.0,0.0,0.9997163492351302,2.1407146449048628e-05,-3.022574429153667e-07,9.423350408523e-06,100.0,100.0,100.0,9.680542110337585e-06,-2.062376362644207e-05,-0.375,3.0,0.0,-9.979940319955788e-06,0.0004503154328869313,0.0019361084220713457,0.4338735814691209,-0.3504727051877112,0.7762516988043876,1.9540588963514085,0.073966631395052,1.0,0.0
sandia,sandia_SNL_18650_LFP_15C_0_100_0_5_1C_b,50,1.043,,1,1,1.0009587727708533,0.0009587727708534037,1.000958772770853,2.4654156964816627e-05,2.62641493179947e-07,0.0019175455417066156,0.0009587727708534037,0.0003087972362123682,-1.718107983721786,3.0974130836573637e-14,1.0,1.9974432726112815e-05,0.9994883825299361,8.533325000513022e-05,-1.1669056353915708e-06,-2.4632756026027105e-05,50.0,50.0,50.0,-3.3523523456586826e-06,2.519692363379601e-17,-8.716875871684428e-05,6.0,0.0,-2.039942065645564e-05,0.00041905792587200387,0.0019175455417066156,0.4628571428572084,2.3873586437320995,0.7702492635216177,1.8407729218441296,0.0687613632094965,1.5,0.0
sandia,sandia_SNL_18650_LFP_15C_0_100_0_5_1C_b,100,1.043,,1,1,0.9990412272291468,-0.0009587727708531161,0.9990412272291468,-1.3103820801390493e-05,4.194331855170286e-07,0.0019175455417066156,0.0009587727708534037,0.0002903872674907958,-0.373060416008428,-0.9766573295982048,1.0,-9.783395620951044e-06,1.0000043388030058,3.924458570316448e-05,-5.132196716133657e-07,1.3096127908653422e-05,100.0,100.0,100.0,6.419608987450907e-05,-5.961065488347726e-05,-0.2247561907850865,53.0,0.0,-9.884255369622835e-06,0.0004459979311335571,0.0019175455417068073,0.3343319886094089,-0.8068978856807925,0.8222177563298032,1.5736506507436354,0.0944734404641596,0.8,0.0009587727708531161
sandia,sandia_SNL_18650_LFP_15C_0_100_0_5_2C_a,50,1.03275,,1,1,0.9983054950375211,-0.0019365770999757927,0.9980638915779284,-1.116495981107126e-05,4.752345545263687e-07,0.004841442749939287,0.0024207213749696437,0.0005832660491728878,3.703903130597314,-1.19279508106594e-13,0.9983054950375211,-4.034535624949572e-05,0.9992415479456808,-7.199616508168554e-05,1.1698308705881085e-06,1.1184505147440457e-05,50.0,50.0,50.0,-0.00020144464588903413,4.30772497629455e-17,0.0621012759170585,5.0,0.0,-4.120376808459137e-05,0.0007528854160136528,0.004357298474945437,0.0524609695974002,19.265817262875657,0.3404656616685499,2.648878784662366,0.0499509304053943,1.0,0.0
sandia,sandia_SNL_18650_LFP_15C_0_100_0_5_2C_a,100,1.03275,,1,1,0.9973372064875332,-0.0029048656499634953,0.9970958373668928,-1.2161991620437805e-05,4.0555881283963826e-07,0.004841442749939287,0.0024207213749696437,0.0004196594308161704,2.5872630690167955,2.4986985944850746,0.9983054950375211,-2.9641486224118205e-05,0.9985138060068186,2.7207022812708483e-06,-1.459087637422112e-07,1.218332054585962e-05,100.0,100.0,100.0,-4.7782934966814e-05,-3.367960173874083e-05,0.059538893162581,5.0,0.0,-1.996471237088448e-05,0.0005425940902239651,0.004357298474945437,0.2978519078347125,16.18535719276923,0.275344797730639,3.221157921061629,0.040581001628379,0.6666666666666666,0.0
sandia,sandia_SNL_18650_LFP_15C_0_100_0_5_2C_b,50,1.03125,,1,1,0.9958787878787878,-0.004848484848484946,0.9951550387596898,-4.7000618429173374e-05,1.117722222413472e-06,0.005818181818181819,0.002424242424242327,0.0005233064180601212,3.021028110703601,0.5571810602485623,0.9968484848484849,-0.00010101010101003636,0.9986633929393803,-0.00011068938213575758,1.2247839174348001e-06,4.7158057128402166e-05,50.0,50.0,50.0,-0.0003610934520025212,-3.729603729604089e-05,0.2227707401887849,5.0,0.0,-2.063185041908219e-05,0.0006400863260343274,0.0033939393939392,0.3952785564120689,11.605276789713358,0.4129101479978083,2.575570238363465,0.0718257345712555,0.3333333333333333,0.0
sandia,sandia_SNL_18650_LFP_15C_0_100_0_5_2C_b,100,1.03125,,1,1,0.9939393939393939,-0.006787878787878884,0.9932170542635658,-4.133655666122729e-05,1.7783039511064e-06,0.007757575757575757,0.002424242424242327,0.00041558441558438785,1.1355859790215723,0.9600000000004364,0.9968484848484849,-6.926406926407042e-05,0.9980625807681851,-4.6499678026643006e-05,5.061883691580069e-08,4.150960839465113e-05,100.0,100.0,100.0,-0.00010308300395258182,-5.902503293809966e-05,0.1207482993197497,5.0,0.0,-9.996875976256318e-06,0.0005436591237708606,0.0033939393939392,0.7847068256776082,3.951635363091106,0.5645017837011198,2.539481336932701,0.1021792312261157,0.3333333333333333,0.0009696969696970666
sandia,sandia_SNL_18650_LFP_25C_0_100_0_5_0_5C_a,50,1.07,,1,1,0.994392523364486,-0.0046728971962614945,0.9953227315247896,-0.00013131794773981308,3.564328471312343e-06,0.005607476635514018,0.0009345794392524298,0.00034336433194205606,0.1308135667295852,0.8422385997235531,0.9990654205607475,-9.735202492205606e-05,1.0006229055153577,-0.00015350618274738315,4.2669682706924336e-07,0.0001317212535112,50.0,50.0,50.0,-7.842624665054188e-05,-0.00010456832886728972,-0.0981377277599084,8.0,0.0,-1.98846689202647e-05,0.0004911150938646728,0.0009345794392524298,0.9676102265768498,-1.2991613850183223,0.8735139856018598,1.2937419264977523,0.3958956570920136,0.1666666666666666,0.0018691588785046728
sandia,sandia_SNL_18650_LFP_25C_0_100_0_5_0_5C_a,100,1.07,,1,1,0.9897196261682242,-0.009345794392523364,0.990645463049579,-0.0001082540067853271,9.736956989198203e-06,0.010280373831775793,0.0009345794392524298,0.0003128212753548598,0.2400857439909242,0.7241659190910217,0.9990654205607475,-9.536524890327102e-05,1.0004990763483872,-0.0001449671365613084,3.5993264486251785e-07,0.0001088962001077,92.0,100.0,100.0,-0.0001357171881348598,-9.345794392523364e-05,-0.1031788179955965,8.0,0.0,-9.634839579922071e-06,0.00045498483295560745,0.0009345794392524298,0.9829004583711574,-1.0669466140916035,0.8287772127799898,1.5798594685175713,0.3031126456784266,0.0909090909090909,0.0028037383177568222
sandia,sandia_SNL_18650_LFP_25C_0_100_0_5_1C_a,50,1.03375,,1,1,0.9973397823458283,-0.002902055622732866,0.997098646034816,-4.372825309082418e-05,6.103353893018734e-07,0.0038694074969770256,0.0014510278113663846,0.00040255913654645706,1.8216137472438636,0.5275524475527416,0.9983071342200727,-6.045949214026832e-05,0.9995947371101567,-9.145960990580551e-05,9.17910707979441e-07,4.382133632140291e-05,50.0,50.0,50.0,-0.0002012497780332769,4.3035578904650036e-17,-0.1809210526316114,5.0,0.0,-2.0581954771152125e-05,0.0006065568768237968,0.0024183796856103506,0.6265932311622335,5.406174714876869,0.5496157673083076,2.3512909676260647,0.1014466163366899,0.5,0.0
sandia,sandia_SNL_18650_LFP_25C_0_100_0_5_1C_a,100,1.03375,,1,1,0.9954050785973397,-0.004836759371221379,0.9951644100580268,-3.854451531079608e-05,1.371001353854481e-06,0.005804111245465538,0.0014510278113663846,0.0003127701210226844,0.5368570223323462,0.7913955649984812,0.9983071342200727,-4.9354687461442795e-05,0.9992224606722272,-4.9713722848787164e-05,1.0950203468630383e-07,3.8660877213309735e-05,100.0,100.0,100.0,-5.783081856895597e-05,-5.004994479788853e-05,-0.152146515976935,5.0,0.0,-9.972699734475771e-06,0.00046579020523937123,0.0024183796856103506,0.8849772851791906,0.5597295993295264,0.6860549024870524,2.1504828538987124,0.0905454298726856,0.3333333333333333,0.000967351874244063
sandia,sandia_SNL_18650_LFP_25C_0_100_0_5_1C_b,50,1.0379999999999998,,1,1,0.9990366088631986,-0.0009633911368016379,0.9990366088631984,-1.4745782706137949e-05,2.419844539878878e-07,0.0019267822736030833,0.0009633911368016379,0.00031028469881454727,-0.2727531307137327,-3.1363636363682605,1.0000000000000002,-2.0070648683367695e-05,0.9993847766630932,5.9980947243081484e-05,-1.4370524990241495e-06,1.4747185066381996e-05,50.0,50.0,50.0,-1.3474001913262305e-05,9.108418884057452e-18,-0.0084553695955374,3.0,0.0,-2.049768376173267e-05,0.00042107650932996155,0.0019267822736030833,0.179712460063882,-0.882118075278441,0.6374987187136221,2.1008110761707925,0.1182996980290235,0.6666666666666666,0.0
sandia,sandia_SNL_18650_LFP_25C_0_100_0_5_1C_b,100,1.0379999999999998,,1,1,0.9971098265895955,-0.002890173410404721,0.9971098265895952,-2.675093509114487e-05,7.496191787792018e-07,0.0038535645472061665,0.0009633911368016379,0.0002557825455399808,-0.2943653662365048,2.5882352941192077,1.0000000000000002,-2.9491565412293204e-05,0.999893544140013,1.139479532696363e-06,-2.73435437488655e-07,2.677246702293745e-05,100.0,100.0,100.0,1.8430091312708088e-05,-3.979224260704252e-05,-0.0178609109818227,38.0,0.0,-9.93186738970552e-06,0.0003525463192359346,0.0019267822736030833,0.7796183910653862,-0.6481486076080705,0.7655931305495831,1.754531947132845,0.1004187477470473,0.4,0.000963391136801349
sandia,sandia_SNL_18650_LFP_25C_0_100_0_5_1C_c,50,1.05175,,1,1,0.9983361064891848,-0.0019015925837889234,0.9980988593155894,-2.0859306403801523e-05,3.859283333599074e-07,0.0028523888756831948,0.0014261944378416926,0.0004211293008768244,1.2207836328703496,-18.65734265752704,0.9983361064891848,-3.9616512162269275e-05,0.9991383382801508,6.92315018552536e-06,-5.342780113339159e-07,2.0881462101395047e-05,50.0,50.0,50.0,-0.00016123643411495127,2.921915599285618e-17,-0.0400073746312563,5.0,0.0,-2.022970833817781e-05,0.0005961760602962681,0.0023769907297360587,0.2254878048780382,2.405066100362875,0.4328213629797429,2.4963968128129608,0.2061322054876731,0.75,0.0
sandia,sandia_SNL_18650_LFP_25C_0_100_0_5_1C_c,100,1.05175,,1,1,0.9964345139053958,-0.0038031851675778467,0.9961977186311788,-2.6748128211667915e-05,8.027836209650521e-07,0.0047539814594721175,0.0014261944378416926,0.00035075122575146185,0.0382267010714304,2.03994528043834,0.9983361064891848,-3.880801191405969e-05,0.9991634517188492,-2.3754096952435252e-06,-2.3894822074926566e-07,2.679149859050639e-05,100.0,100.0,100.0,2.273643306682533e-06,-5.1260321823904217e-05,-0.1091532251768204,5.0,0.0,-9.802023627776876e-06,0.0005152826023705252,0.0023769907297360587,0.7278353066969476,0.4970679343441526,0.6390854371249938,2.317114608245774,0.1335313926245226,0.5714285714285714,0.0009507962918942716
sandia,sandia_SNL_18650_LFP_25C_0_100_0_5_1C_d,50,1.05075,,1,1,0.9983345229597905,-0.0019034023316678562,0.9980970504281635,-1.5052416398388723e-05,2.791520119520164e-07,0.0028551034975018794,0.0014275517487508922,0.0003740971184097073,3.8483269416940615,3.87412169068747e-13,0.9983345229597905,-3.9654215243080375e-05,0.9994472033653772,-7.793844526132168e-05,1.2093467089020365e-06,1.5078201535307238e-05,50.0,50.0,50.0,-0.00019799377401084938,3.625831469023071e-17,-0.0507958801498439,5.0,0.0,-2.0248960975192223e-05,0.0005282223927487033,0.0023792529145849153,0.1623310810810512,16.15899503274335,0.3566036751144247,2.650090296601701,0.0964182131586866,0.6666666666666666,0.0
sandia,sandia_SNL_18650_LFP_25C_0_100_0_5_1C_d,100,1.05075,,1,1,0.9964311206281227,-0.0038068046633357123,0.9961941008563272,-2.6373363785416494e-05,7.730769365120742e-07,0.004758505829169735,0.0014275517487508922,0.0003236916937366642,0.172928391691175,3.0451612903238576,0.9983345229597905,-3.8844945544241994e-05,0.9987652820969216,-1.3107557337957432e-06,-2.457118436433627e-07,2.6425714470838143e-05,100.0,100.0,100.0,-5.068843165857662e-05,-4.38610102515001e-05,-0.2166186006356105,5.0,0.0,-9.811352225093138e-06,0.0004973397572784202,0.0023792529145849153,0.7347729559817215,1.3728016396091345,0.6235650008537083,2.3906538237969697,0.0841136641535584,0.5,0.0
sandia,sandia_SNL_18650_LFP_25C_0_100_0_5_2C_a,50,1.03675,,1,1,0.9954183747287195,-0.0057873161321437185,0.9942196531791908,-4.763709197205675e-05,1.7003031945331382e-06,0.006751868820834145,0.0033759344104171687,0.0007967296680973234,3.265349423391185,0.3940380332364576,0.9963829274174101,-0.00012056908608632746,0.9982297924274653,-0.00013882010022493366,1.7535193894790341e-06,4.783440899132822e-05,50.0,50.0,50.0,-0.0004536095686323607,3.9748821644327576e-17,0.1789122137404856,5.0,0.0,-2.0522397631713052e-05,0.00101922169150422,0.004340487099107692,0.2669279854147823,12.582694433277894,0.3252038953349188,2.649865147596452,0.4158741240228999,0.8333333333333334,0.0
sandia,sandia_SNL_18650_LFP_25C_0_100_0_5_2C_a,100,1.03675,,1,1,0.9934892693513383,-0.007716421509524957,0.9922928709055876,-3.560553493379002e-05,1.7167697120923379e-06,0.008680974198215384,0.0033759344104171687,0.0005914439919714492,2.254371655752111,0.8954788526985676,0.9963829274174101,-7.87389949951527e-05,0.9973231867524129,-4.486624596119427e-05,9.079128458249075e-08,3.5774139573822416e-05,100.0,100.0,100.0,-9.414872983090777e-05,-5.703441985301521e-05,0.1359310270771569,5.0,0.0,-9.943842151448593e-06,0.0007741841513468049,0.004340487099107692,0.6030701277774184,10.069041174170192,0.3926799851761804,2.9926613373709694,0.2478361639045812,0.6666666666666666,0.0009645526886904269
sandia,sandia_SNL_18650_LFP_25C_0_100_0_5_2C_b,50,1.03225,,1,1,0.9958827803342215,-0.0048437878420923225,0.995159728944821,-5.367707751541237e-05,1.2332110867102624e-06,0.005812545410511021,0.002421893921046355,0.0005589481885898765,2.8772137417343666,0.4414031775992099,0.9968515379026399,-0.00010091224671019618,0.9989071842543865,-0.00013982130368302254,1.6566197339931305e-06,5.386785820805714e-05,50.0,50.0,50.0,-0.0003607436399879874,1.737529008614621e-17,0.1323066058235582,5.0,0.0,-2.06118631578428e-05,0.0007271344164466942,0.0033906514894649557,0.4672725832012269,10.499697669937124,0.4316751350140574,2.5595683762303905,0.1290571122296015,0.5,0.0
sandia,sandia_SNL_18650_LFP_25C_0_100_0_5_2C_b,100,1.03225,,1,1,0.9939452651973845,-0.006781302978929329,0.9932236205227494,-4.315374622954661e-05,1.9014477632491237e-06,0.007750060547348027,0.002421893921046355,0.0004376400595326714,1.259411133858001,0.7418481204640683,0.9968515379026399,-6.919696917274921e-05,0.9982151438090473,-6.269871232396879e-05,1.9161731465124328e-07,4.334674662735311e-05,100.0,100.0,100.0,-0.00010298314151232745,-3.0326323880934005e-05,0.10867346938776,5.0,0.0,-9.987191426995995e-06,0.000577662122041366,0.0033906514894649557,0.7998295354400017,3.893907592070147,0.5868418326234457,2.4708876297516893,0.1596505606296013,0.4285714285714285,0.0009687575684183097
sandia,sandia_SNL_18650_LFP_25C_0_100_0_5_3C_a,50,1.037,3183.0,0,1,0.9922854387656702,-0.008678881388621119,0.991329479768786,-0.00013323362131735777,4.215400670528179e-06,0.008678881388621119,0.0019286403085824497,0.00046814449524792674,1.206072815601316,0.4322552447552243,0.996142719382835,-0.00018081002892960464,0.9994459199794319,-0.0002790528386408872,2.8042157177593675e-06,0.0001340109673838,50.0,50.0,50.0,-0.000438327342859595,-9.103721736314886e-05,0.2013121546961255,8.0,0.0,0.0,0.0005967721771988429,0.0019286403085824497,0.842206909224545,1.9283393011842511,0.6551373990034756,2.1070055445508027,0.3059355127611313,0.0,0.0009643201542913212
sandia,sandia_SNL_18650_LFP_25C_0_100_0_5_3C_a,100,1.037,3183.0,0,1,0.9874638379942142,-0.013500482160077147,0.9865125240847784,-0.00010172772536730956,8.961173045878973e-06,0.013500482160077147,0.0019286403085824497,0.00038964418304802316,0.5797697283095219,0.6200364931793382,0.996142719382835,-0.0001377600220415622,0.9983402211192521,-0.00015906553242005787,5.621353632627312e-07,0.0001025705150502,74.0,100.0,100.0,-0.00022137436585467697,-8.008049976941183e-05,0.1237244897959183,8.0,0.0,0.0,0.0005181009542114754,0.0019286403085824497,0.9431019293199224,0.0132673051965173,0.7254863790399487,2.0343986121341113,0.245449308828508,0.0,0.0019286403085824497
sandia,sandia_SNL_18650_LFP_25C_0_100_0_5_3C_b,50,1.0477500000000002,1610.0,0,1,0.9887854927225005,-0.013361966117871627,0.9866666666666668,-0.0001678036998620854,8.172943986613162e-06,0.013361966117871627,0.004294917680744547,0.0009077159158922451,2.1389909265763856,0.3120132643320051,0.9935576234788831,-0.00027837429412226193,0.99828509140143,-0.00042786416566337383,5.001162803869609e-06,0.0001693715646076,33.0,50.0,50.0,-0.0007959113184595561,-9.010316812746246e-05,0.3243362124120473,5.0,0.0,0.0,0.0010648080715788117,0.004294917680744547,0.6890560300807647,6.169677125233315,0.5356195909592584,2.3869236166160883,0.3687637412577365,0.125,0.0019088523025530897
sandia,sandia_SNL_18650_LFP_25C_0_100_0_5_3C_b,100,1.0477500000000002,1610.0,0,1,0.9840133619661177,-0.018134096874254445,0.9819047619047618,-0.000111904547940921,1.1942783797718425e-05,0.018134096874254445,0.004294917680744547,0.0006872756008502981,1.2590341285378448,0.4845174285617978,0.9935576234788831,-0.00018504180483932232,0.9962457925515306,-0.00020909194340978284,9.528176026364883e-07,0.0001132387872429,33.0,100.0,100.0,-0.00031765792121832493,-8.465344993932862e-05,0.266228178018217,5.0,0.0,0.0,0.0008364396270996897,0.004294917680744547,0.8563173308063566,2.8770912127198507,0.6295871407190895,2.3896129983178795,0.3154616365588566,0.1428571428571428,0.0019088523025530897
sandia,sandia_SNL_18650_LFP_25C_0_100_0_5_3C_c,50,1.0385,2305.0,0,1,0.9879634087626384,-0.013480982185844969,0.9865384615384616,-0.0001857074076621088,9.238305595430983e-06,0.0144439094848338,0.0038517091959557057,0.0008329537591087145,1.8089093739299316,0.3837669683257677,0.992778045257583,-0.00028085379553837266,0.9984639156269968,-0.00043395184111603275,4.773931412575124e-06,0.0001874694669761,30.0,50.0,50.0,-0.0008114177589381801,-0.00012120763204053926,0.3212973704563079,6.0,0.0,-2.048781487210256e-05,0.000962709318839191,0.004814636494944439,0.7466139954853278,4.566229563397448,0.5679985366551791,2.307592316397716,0.4281933591857204,0.1111111111111111,0.0019258545979778528
sandia,sandia_SNL_18650_LFP_25C_0_100_0_5_3C_c,100,1.0385,2305.0,0,1,0.9831487722676937,-0.0182956186807897,0.9817307692307692,-0.00012675863009446316,1.4782495411821485e-05,0.019258545979778528,0.0038517091959557057,0.000625232164520366,1.038697210825174,0.5091814503580109,0.992778045257583,-0.00018668998653866153,0.9965456555244278,-0.00022890274042763602,1.0014128464042775e-06,0.0001283447109918,30.0,100.0,100.0,-0.00034162985911949926,-9.50367377697704e-05,0.2924960055644893,10.0,0.0,-9.927085556585776e-06,0.0007380839849481946,0.004814636494944439,0.8876712432896453,1.7395957082126516,0.6627799762603124,2.2389208810126267,0.3077832517728682,0.0714285714285714,0.0028887818969665865
sandia,sandia_SNL_18650_LFP_25C_0_100_0_5_3C_d,50,1.0604999999999998,2788.0,0,1,0.9882131070249884,-0.014144271570014053,0.9858889934148636,-0.0001703085760470533,8.964158423009158e-06,0.014144271570014053,0.00471475719000481,0.0009653985836323434,2.3683709964361066,0.2899689384249752,0.9919849127769922,-0.0002946723243752004,0.9979978966819202,-0.00046118299858378134,5.593738894936787e-06,0.0001720264757867,33.0,50.0,50.0,-0.0008803078110008489,-6.594066000004033e-05,0.4017857142857171,5.0,0.0,0.0,0.001065408171364451,0.00471475719000481,0.6471329422457215,7.272112124795271,0.5218821830753759,2.4299408331184105,0.3298824269421573,0.0,0.0018859028760018863
sandia,sandia_SNL_18650_LFP_25C_0_100_0_5_3C_d,100,1.0604999999999998,2788.0,0,1,0.9834983498349836,-0.018859028760018864,0.9811853245531514,-0.0001093520430760019,1.1828397307209155e-05,0.018859028760018864,0.00471475719000481,0.0007122845605488922,1.487839810435077,0.489730807577325,0.9919849127769922,-0.00019243906897972659,0.9956385680346155,-0.00020957571447175865,9.825850136842604e-07,0.0001107174211447,33.0,100.0,100.0,-0.00034520222208552577,-8.117581944530016e-05,0.3733427677640399,5.0,0.0,0.0,0.000801036821746252,0.00471475719000481,0.8256057882035177,4.111720859718212,0.5953115817520467,2.501368542381297,0.2521753839948711,0.0,0.0018859028760018863
sandia,sandia_SNL_18650_LFP_25C_20_80_0_5_0_5C_a,50,0.947,5.0,0,1,0.5850052798310454,-0.5459345300950369,0.5172735760971056,-0.0034658319505203802,0.012803968146195123,0.5469904963041183,0.2629355860612462,0.05246251878213147,4.0277609505140415,0.0131234665514634,0.5945089757127772,-0.01137363604364657,0.8492371182897647,-0.018908925766716263,0.0002969825733882788,0.0060885352315023,4.0,4.0,4.0,-0.04469026221930116,-0.0001513797712318902,0.481688302247343,5.0,2.0,-2.246736615066867e-05,0.053923831841202224,0.2639915522703276,0.1876291938888928,16.60528526457438,0.3582941591840343,2.639994265664348,0.0454623740767572,0.1764705882352941,0.002111932418162619
sandia,sandia_SNL_18650_LFP_25C_20_80_0_5_0_5C_a,100,0.947,5.0,0,1,0.5818373812038016,-0.5491024287222808,0.5144724556489263,-0.000951897702538754,0.006634301684120812,0.5501583949313622,0.2629355860612462,0.03715116398564309,5.956836414230288,0.0228673841680313,0.5945089757127772,-0.005603086007370117,0.7211647918114505,-0.005081586031501056,4.048714048002207e-05,0.0016595705431067,4.0,4.0,4.0,-0.012998025802304646,-6.932647720491014e-05,0.4943442954137149,5.0,2.0,-1.0886249578159045e-05,0.03754237717920793,0.2639915522703276,0.111539879359383,36.59591178145048,0.1868651442208409,3.353389222853401,0.021334767717077,0.3461538461538461,0.002111932418162619
sandia,sandia_SNL_18650_LFP_25C_20_80_0_5_0_5C_b,50,0.93825,5.0,0,1,0.6245670130562216,-0.49027444710897955,0.5602294455066921,-0.003234636780371543,0.010286762059807898,0.49027444710897955,0.22968292033040233,0.04578483995241321,3.998756274739157,0.0160230650105791,0.6373567812416733,-0.010214050981437036,0.867864177900695,-0.017193451933896937,0.0002684387529523048,0.0052825430253099,4.0,4.0,4.0,-0.03996988889075214,-0.00014161165240298427,0.4933672867788222,5.0,2.0,0.0,0.046527546146053825,0.22968292033040233,0.2034240714444652,16.380034506512867,0.3669156622865828,2.6329982583411566,0.0454132086597017,0.1,0.004263256061817213
sandia,sandia_SNL_18650_LFP_25C_20_80_0_5_0_5C_b,100,0.93825,5.0,0,1,0.6213695710098587,-0.49347188915534246,0.5573613766730401,-0.0009129550616360245,0.0053751462978281084,0.49453770317079676,0.22968292033040233,0.032444251890843594,5.89842669445847,0.0269612787620594,0.6373567812416733,-0.005035427440360565,0.7523266252824106,-0.004729657773117612,3.741865403413259e-05,0.0014861819197256,4.0,4.0,4.0,-0.011819645732689156,-5.9314866947032645e-05,0.5063344190769364,6.0,2.0,1.0987773355199012e-05,0.0323938725048858,0.22968292033040233,0.1266348796877868,35.98554706479329,0.1980404497976174,3.3414959140018685,0.0214411038798529,0.25,0.0031974420463629096
sandia,sandia_SNL_18650_LFP_25C_20_80_0_5_0_5C_c,50,0.9545,5.0,0,1,0.6212676794133054,-0.49554740701938194,0.5562851782363977,-0.0032410386889171294,0.010576661495261205,0.4976427448926139,0.23467784180199044,0.046798968769926244,4.006730542110688,0.0151095235162494,0.6327920377160817,-0.010323904312903719,0.8653124776096585,-0.01737666987038219,0.00027183906118198007,0.0053358076772319,4.0,4.0,4.0,-0.04061365559532132,-0.00011722169920167627,0.488360337518142,5.0,2.0,2.4747790970546164e-18,0.04778398746926265,0.2357255107386064,0.1986322770708731,16.438988507587734,0.3654863699644443,2.6327493905621475,0.0448793261774329,0.2,0.003143006809848088
sandia,sandia_SNL_18650_LFP_25C_20_80_0_5_0_5C_c,100,0.9545,5.0,0,1,0.6170770036668413,-0.4997380827658461,0.5525328330206378,-0.0009041829980242012,0.005510180151354849,0.500785751702462,0.23467784180199044,0.0331527208587319,5.91677502540278,0.0217622029185721,0.6327920377160817,-0.005099368191488213,0.7483275744404835,-0.004751660016968884,3.772036293083094e-05,0.0014822637709533,4.0,4.0,4.0,-0.011947525451522473,-7.014826792995095e-05,0.5012643962131681,6.0,2.0,-1.0800710686762e-05,0.03327112952281425,0.2357255107386064,0.1211690504409217,36.16824938121036,0.1949336611409845,3.3448831799833636,0.0214537726099647,0.3333333333333333,0.0020953378732320588
sandia,sandia_SNL_18650_LFP_25C_20_80_0_5_0_5C_d,50,0.94,5.0,0,1,0.6276595744680851,-0.4882978723404255,0.5624404194470924,-0.003170755536257022,0.010215800568987212,0.4882978723404255,0.23191489361702117,0.046248517124544156,4.01385779130481,0.0137144247881833,0.6393617021276596,-0.010172872340425533,0.8671229432470131,-0.017027848396035532,0.0002664825549956383,0.0051599215163722,4.0,4.0,4.0,-0.03983038238357383,-0.00018970391310808512,0.4867221759094995,5.0,2.0,0.0,0.04730792471365192,0.23191489361702117,0.1968262908582091,16.499182621560994,0.3623820619712762,2.6369272238665697,0.0454864238116101,0.1818181818181818,0.003191489361702128
sandia,sandia_SNL_18650_LFP_25C_20_80_0_5_0_5C_d,100,0.94,5.0,0,1,0.6223404255319149,-0.4936170212765957,0.55767397521449,-0.000890406452716383,0.0053239504620905395,0.4936170212765957,0.23191489361702117,0.032758622537452126,5.92492977708016,0.0272115967479805,0.6393617021276596,-0.005036908380373404,0.7523334598949548,-0.004639452924257554,3.675535756412823e-05,0.0014429467380035,4.0,4.0,4.0,-0.011695189639222874,-7.678075855690085e-05,0.4995545130751358,6.0,2.0,-2.1934634788330797e-05,0.03293641172717372,0.23191489361702117,0.1216150775554723,36.270548061936765,0.1929970513914047,3.3511162386367026,0.0213060587973861,0.2666666666666666,0.003191489361702128
sandia,sandia_SNL_18650_LFP_25C_20_80_0_5_3C_a,50,0.92375,5.0,0,1,0.7144790257104195,-0.4276048714479025,0.6255924170616114,-0.002363094087431989,0.00673517543064222,0.4276048714479025,0.2381596752368064,0.03842077399387389,3.9870949216566456,5.037898419532217e-16,0.7144790257104195,-0.008908434821831231,0.8990158391977986,-0.01358415003925153,0.00021578953753493912,0.0033761217478913,4.0,4.0,5.0,-0.032750740463866196,-6.584151888930236e-19,0.402038808537275,5.0,3.0,0.0020153744277775372,0.040503040207115995,0.2381596752368064,0.1658223671695384,16.427184804727684,0.352618109999097,2.6915393605605367,0.0454623740767572,0.0,0.0
sandia,sandia_SNL_18650_LFP_25C_20_80_0_5_3C_a,100,0.92375,5.0,0,1,0.7144790257104195,-0.4276048714479025,0.6255924170616114,-0.0005952318188930988,0.003437402760329993,0.4276048714479025,0.2381596752368064,0.02725521806184076,5.92335483275877,3.365096357206603e-15,0.7144790257104195,-0.004363315014774452,0.805749896013258,-0.0035007001567210825,2.848498370419606e-05,0.000843315412153,4.0,4.0,5.0,-0.009282814614343708,-2.3304844556755042e-17,0.4129172949445228,5.0,3.0,0.0009765216299541002,0.02821159506794999,0.2381596752368064,0.0841756902104191,36.44808480835877,0.1755216962381921,3.4074248081745404,0.0212773984472848,0.0,0.0
sandia,sandia_SNL_18650_LFP_25C_40_60_0_5_0_5C_a,50,0.7630000000000001,5.0,0,1,0.28833551769331583,-1.1166448230668413,0.2052238805970149,-0.006016262337176015,0.04417575927436791,1.1166448230668413,0.5766710353866317,0.09707796864394873,4.060982789947121,1.5046438058259696e-16,0.28833551769331583,-0.023263433813892523,0.7586563881289942,-0.03464486779067876,0.0005505501048749671,0.0251167700991864,4.0,4.0,4.0,-0.08370528554014783,3.8617182180086435e-18,0.4605843861188009,5.0,3.0,0.005744401996597903,0.09509835138267063,0.5766710353866317,0.163870018780749,17.244450930864605,0.3480277476228573,2.70963460565441,0.0454623740767572,0.0,0.0
sandia,sandia_SNL_18650_LFP_25C_40_60_0_5_0_5C_a,100,0.7630000000000001,5.0,0,1,0.28833551769331583,-1.1166448230668413,0.2052238805970149,-0.001514640885545085,0.02253644910424189,1.1166448230668413,0.5766710353866317,0.06892852728597443,6.023883440768824,1.0207048080147935e-16,0.28833551769331583,-0.011394334929253472,0.520700520983413,-0.008915234436066316,7.255483873059944e-05,0.0057441742437745,4.0,4.0,4.0,-0.023660607442019393,-1.29130205514459e-18,0.4699398960052377,5.0,3.0,0.0027833700395885974,0.06625887781781795,0.5766710353866317,0.0831340029627341,37.997880181709654,0.1732150839536459,3.425218741072979,0.0212773984472848,0.0,0.0
sandia,sandia_SNL_18650_LFP_25C_40_60_0_5_0_5C_b,50,0.762,5.0,0,1,0.2887139107611549,-1.1128608923884515,0.2059925093632958,-0.006005142214366011,0.043978754624175914,1.1128608923884515,0.5774278215223098,0.09692844643611627,4.056296992753495,1.5095153209989822e-16,0.2887139107611549,-0.02318460192475932,0.7581345113015884,-0.03457710710352152,0.0005494608632528871,0.0250115642746824,4.0,4.0,4.0,-0.08353064258576064,3.8667860896858205e-18,0.4570794379833119,5.0,3.0,0.005696096498575853,0.09540719346836365,0.5774278215223098,0.1639961537016219,17.192686405662812,0.3483218374456783,2.7085012595082247,0.0454623740767572,0.0,0.0
sandia,sandia_SNL_18650_LFP_25C_40_60_0_5_0_5C_b,100,0.762,5.0,0,1,0.2887139107611549,-1.1128608923884515,0.2059925093632958,-0.0015118889359608924,0.022436542373339773,1.1128608923884515,0.5774278215223098,0.06881873820000105,6.017505045101111,1.023936903339432e-16,0.2887139107611549,-0.011355723391718765,0.5206496610604088,-0.0088985894270563,7.241863226564136e-05,0.0057241919360659,4.0,4.0,4.0,-0.023615200273878742,-1.2929966772642023e-18,0.4665352768209785,5.0,3.0,0.0027599642828150923,0.06647261909938032,0.5774278215223098,0.0832010251517639,37.89967026442814,0.1733629185674874,3.4241036492654384,0.0212773984472848,0.0,0.0
sandia,sandia_SNL_18650_LFP_25C_40_60_0_5_3C_a,50,0.7615000000000001,5.0,0,1,0.288903479973736,-1.1109652002626396,0.2063789868667917,-0.005999571200771766,0.04388031548928199,1.1109652002626396,0.577806959947472,0.0968543072148189,4.0539493239780215,1.5119629269743204e-16,0.288903479973736,-0.023145108338804985,0.7578730588923233,-0.03454316002256218,0.0005489151696497702,0.0249590777604744,4.0,4.0,4.0,-0.08344314910303086,3.8693250168622385e-18,0.4553128431899149,5.0,3.0,0.005671896173565593,0.0955623492729363,0.577806959947472,0.1640592333568007,17.166748187391683,0.3484690264564363,2.7079327462512492,0.0454623740767572,0.0,0.0
sandia,sandia_SNL_18650_LFP_25C_40_60_0_5_3C_a,100,0.7615000000000001,5.0,0,1,0.288903479973736,-1.1109652002626396,0.2063789868667917,-0.0015105102507784634,0.022386619534888498,1.1109652002626396,0.577806959947472,0.0687642686006038,6.0143095132137026,1.0255606390760831e-16,0.288903479973736,-0.01133637959451661,0.5206241810070582,-0.008890250528911358,7.23503948836563e-05,0.0057142068309216,4.0,4.0,4.0,-0.023592451968369007,-1.2938456573543299e-18,0.4648188070254219,5.0,3.0,0.0027482383521399865,0.06658000599713539,0.577806959947472,0.0832345555741497,37.85046159699204,0.1734369053618333,3.4235443240916164,0.0212773984472848,0.0,0.0
sandia,sandia_SNL_18650_LFP_25C_40_60_0_5_3C_b,50,0.758,5.0,0,1,0.29023746701846964,-1.0976253298153036,0.2091254752851711,-0.00596036831619182,0.04319246069411885,1.0976253298153036,0.5804749340369393,0.09634722397061028,4.037430024259802,1.5293209660605572e-16,0.29023746701846964,-0.022867194371152113,0.7560332341548305,-0.03430427647396465,0.0005450751568802111,0.0245938252232136,4.0,4.0,4.0,-0.08282746277469222,3.887191293325324e-18,0.4426829437662323,5.0,3.0,0.005501599955088919,0.09666216799168628,0.5804749340369393,0.1645008869314158,16.984172982349868,0.34950181057072,2.7039192285337807,0.0454623740767572,0.0,0.0
sandia,sandia_SNL_18650_LFP_25C_40_60_0_5_3C_b,100,0.758,5.0,0,1,0.29023746701846964,-1.0976253298153036,0.2091254752851711,-0.0015008085268167547,0.022037749209846774,1.0976253298153036,0.5804749340369393,0.06839111169556676,5.991827248046076,1.0370726012592259e-16,0.29023746701846964,-0.011200258467503034,0.5204448794179152,-0.00883157020872045,7.1870212567683e-05,0.0056444272730869,4.0,4.0,4.0,-0.023432373523001055,-1.299819878727338e-18,0.4525386209016034,5.0,3.0,0.0026657236895791555,0.06734135990673931,0.5804749340369393,0.083469568831787,37.504135459364136,0.1739559946737868,3.4195962643265236,0.0212773984472848,0.0,0.0
sandia,sandia_SNL_18650_LFP_35C_0_100_0_5_1C_a,50,1.0755,3089.0,0,1,0.98930729893073,-0.01208740120874003,0.987929433611885,-0.000153891403144212,1.081218374724283e-05,0.02138540213854012,0.01487680148768015,0.0030113394866789402,0.0865494701835863,0.4667638838254705,0.99395629939563,-0.0002518208585153882,0.9977326766191204,-0.0003387019664388657,3.5540492941269297e-06,0.0001552151628871,9.0,50.0,50.0,-0.0008322686146953046,-8.7778330456146e-05,-0.469918518365264,9.0,1.0,0.0,0.0052176088007706185,0.028823802882380196,0.4380717996536525,4.424071720533818,0.4038374336276502,2.744361839815131,0.4177352006999786,0.2,0.0018596001859600187
sandia,sandia_SNL_18650_LFP_35C_0_100_0_5_1C_a,100,1.0755,3089.0,0,1,0.9837284983728499,-0.017666201766620083,0.9823584029712163,-0.00012476686714579268,1.5888230870828275e-05,0.02138540213854012,0.01487680148768015,0.002123837953590609,0.6506224486074109,0.6777398999057008,0.99395629939563,-0.00018026736496550445,0.9963609524046048,-0.00018464272771231985,5.870182408483101e-07,0.0001262095535077,9.0,100.0,100.0,-0.00025589715602445377,-9.540557475797305e-05,-0.4668758840421766,9.0,1.0,0.0,0.003656363354902836,0.028823802882380196,0.800143401671748,0.5626967269172782,0.589386179107408,2.4651940811608064,0.3620297090763923,0.1764705882352941,0.002789400278940121
sandia,sandia_SNL_18650_LFP_35C_0_100_0_5_1C_b,50,1.0435,3126.0,0,1,0.9889793962625778,-0.012458073790129276,0.9875598086124404,-0.00016702032993358887,7.340031232381688e-06,0.012458073790129276,0.002874940105414566,0.000641055516610829,1.7111594914745871,0.3400537634408982,0.9937709631049352,-0.00025954320396099663,0.9987146117405655,-0.0004014743354139913,4.508730874623646e-06,0.0001684511531497,39.0,50.0,50.0,-0.0006969551770700527,-0.00010722387339530425,0.3913473973488369,9.0,0.0,0.0,0.0007127632371804503,0.002874940105414566,0.7601000521104783,3.9519201761041223,0.5878568605473261,2.2945415544712437,0.3420954941755751,0.0,0.000958313368471586
sandia,sandia_SNL_18650_LFP_35C_0_100_0_5_1C_b,100,1.0435,3126.0,0,1,0.9841878294202202,-0.01724964063248682,0.9827751196172247,-0.00011626587299108768,1.226978465599278e-05,0.01724964063248682,0.002874940105414566,0.0005185481976300911,0.922207419547061,0.5706020112964381,0.9937709631049352,-0.0001760167411477719,0.9968205022374278,-0.00019953066241466217,8.163214649364378e-07,0.0001175705776123,39.0,100.0,100.0,-0.00030999354180114995,-8.583154517616704e-05,0.2321101982755772,14.0,0.0,0.0,0.0006454283204742693,0.002874940105414566,0.8997304169938273,1.3467108976623052,0.6635145114450098,2.250399256469261,0.2864965358576792,0.0666666666666666,0.0028749401054142787
sandia,sandia_SNL_18650_LFP_35C_0_100_0_5_1C_c,50,1.05575,3246.0,0,1,0.9879232772910252,-0.014207909069382052,0.9858223062381852,-0.00021311863604063462,1.086513823677265e-05,0.014207909069382052,0.0023679848448968977,0.0005770065323708264,1.3134632420274714,0.3431822971549106,0.993606440918778,-0.0002959981056121241,0.9996571511651394,-0.0004958034422699502,5.43624627363948e-06,0.000215127775378,30.0,50.0,50.0,-0.0007567615902922094,-0.00011591534205787354,0.3804824561403624,10.0,0.0,2.0153062509763894e-05,0.000640315793060952,0.0014207909069380064,0.8360602882002958,2.0185892697037886,0.6676162672016046,2.0651945235272735,0.4539174914941112,0.0,0.0018943878759175943
sandia,sandia_SNL_18650_LFP_35C_0_100_0_5_1C_c,100,1.05575,3246.0,0,1,0.9822401136632725,-0.01989107269713483,0.9801512287334592,-0.000143086619186834,1.824977173994795e-05,0.01989107269713483,0.0023679848448968977,0.00046873943576159133,0.8425321570395181,0.5250100040016195,0.993606440918778,-0.00020297012956258583,0.9973739509592299,-0.00025605768062846317,1.1075594258979797e-06,0.0001449155445327,30.0,100.0,100.0,-0.0003757888992988871,-0.00011119233184731234,0.2882653061224569,19.0,0.0,9.764885958339205e-06,0.0005565556695301918,0.0014207909069380064,0.9161897686737712,0.7120941942731935,0.702780961816178,2.138662312301016,0.360002734031407,0.0,0.002841581813876486
sandia,sandia_SNL_18650_LFP_35C_0_100_0_5_1C_d,50,1.05775,3374.0,0,1,0.9898369179862916,-0.011344835736232569,0.9886685552407932,-0.00017055841480992674,6.808563267225441e-06,0.011344835736232569,0.0023635074450483575,0.0005542916284357362,1.174308950788394,0.4143216783216276,0.9955093358544079,-0.0002363507445048452,0.9994343304639066,-0.0003604479552623021,3.651721931774659e-06,0.000171816331431,48.0,50.0,50.0,-0.0005735224359662491,-8.92513300927436e-05,0.1931818181818053,8.0,0.0,0.0,0.0007098898619619003,0.0023635074450483575,0.8545172225259735,1.7313889013332373,0.6517402709899452,2.105805890812179,0.3999856423435389,0.0,0.0018908059560387616
sandia,sandia_SNL_18650_LFP_35C_0_100_0_5_1C_d,100,1.05775,3374.0,0,1,0.9851099030961948,-0.01607185062632938,0.9839471199244572,-0.00012029478214436303,1.26882432443649e-05,0.01607185062632938,0.0023635074450483575,0.00044334094966986534,0.7171960072264809,0.5427202555230778,0.9955093358544079,-0.00016399847577887024,0.9979963245047481,-0.000207357159295013,8.535527171631083e-07,0.0001215365451951,48.0,100.0,100.0,-0.0002825932814731269,-7.850955165295624e-05,0.1517760513296153,12.0,0.0,0.0,0.0005799326113175136,0.0023635074450483575,0.9314014586720244,0.2639734099887674,0.7251118003826741,2.04557762416433,0.2888775298565547,0.0,0.0028362089340579536
sandia,sandia_SNL_18650_LFP_35C_0_100_0_5_2C_a,50,1.06325,3442.0,0,1,0.988478720902892,-0.013167176110980484,0.9868544600938968,-0.00017687394732160826,8.069389155736771e-06,0.013167176110980484,0.003291794027745121,0.0007362761277550905,1.643936038967167,0.3473882945248465,0.9941217963790265,-0.0002743161689786974,0.9988803203868554,-0.00042183818512410063,4.710850726970729e-06,0.000178428590148,37.0,50.0,50.0,-0.0007251154676501293,-0.00010194367118890195,0.2407341831916928,8.0,0.0,0.0,0.0009151571668381848,0.003291794027745121,0.775384422225267,3.695616714517515,0.5944621262353494,2.272616695616363,0.4605248852911918,0.1,0.0018810251587114976
sandia,sandia_SNL_18650_LFP_35C_0_100_0_5_2C_a,100,1.06325,3442.0,0,1,0.9837761580061134,-0.017869739007759133,0.9821596244131456,-0.0001183347459924759,1.2809841035956202e-05,0.017869739007759133,0.003291794027745121,0.0005764634776001881,0.9994254804440392,0.5091442979797003,0.9941217963790265,-0.0001823442755893722,0.9969529491731088,-0.00021676560143108395,9.650083866528958e-07,0.0001197032567899,37.0,100.0,100.0,-0.0003248857583905008,-7.64677618867811e-05,0.1554368975971913,12.0,0.0,-9.696005972738612e-06,0.0007488242424364919,0.003291794027745121,0.8927413585393512,1.472367225780996,0.6729957593597038,2.237618120435809,0.3218509680670308,0.125,0.0028215377380670587
sandia,sandia_SNL_18650_LFP_35C_0_100_0_5_2C_b,50,1.0385,2465.0,0,1,0.9889263360616273,-0.01251805488685614,0.9875,-0.00017922238707703418,8.187883756973907e-06,0.01251805488685614,0.0028887818969668753,0.0006441419658963891,1.5957821192219523,0.3395493395493444,0.993740972556572,-0.0002607928101428021,0.9989519186525032,-0.0004326465730064516,4.873542037103163e-06,0.0001808146040495,35.0,50.0,50.0,-0.0006902101268976409,-0.00010774011736937891,0.3913473973488567,6.0,0.0,0.0,0.0007161949330744343,0.0028887818969668753,0.7845901330063196,3.318017613893389,0.627219977252812,2.1939859495396847,0.3899609215721991,0.0,0.0019258545979778528
sandia,sandia_SNL_18650_LFP_35C_0_100_0_5_2C_b,100,1.0385,2465.0,0,1,0.9831487722676937,-0.0182956186807897,0.9817307692307692,-0.00012709211141011075,1.4450808357961457e-05,0.0182956186807897,0.0028887818969668753,0.0005083836899875783,0.8391424218869801,0.5681114551084759,0.993740972556572,-0.00018668998653866153,0.9969182479609963,-0.00021509033908935968,8.627277223453558e-07,0.000128592066509,35.0,100.0,100.0,-0.00033158192208656716,-0.0001050846748026962,0.3030692291858888,19.0,0.0,0.0,0.0006026975559181513,0.0028887818969668753,0.9128299431957546,0.969084995893482,0.6797091713858178,2.204634534229204,0.3184537311185346,0.0,0.0028887818969665865
sandia,sandia_SNL_18650_NCA_15C_0_100_0_5_1C_a,50,2.88425,176.0,0,1,0.9555343676865735,-0.050619745167721344,0.9496898690558234,-0.000855632189601144,0.00015441340244642528,0.05339342983444565,0.013868423333622084,0.0030536362267010488,0.2831036296202881,0.7626016348952146,0.9874317413539047,-0.0010545780243275027,1.0006376433676674,-0.0011762768249197538,6.1662429868960205e-06,0.0008780260744422,8.0,20.0,50.0,-0.001740220427920846,-0.0009904284845777237,-0.4017819841394185,38.0,1.0,4.4260925532807485e-05,0.00515465358155718,0.0280835572505849,0.9482420985259408,-0.3486053450869524,0.7206871537157686,1.898488789289674,0.0703807967617995,0.0217391304347826,0.0090144751668544
sandia,sandia_SNL_18650_NCA_15C_0_100_0_5_1C_a,100,2.88425,176.0,0,1,0.9066481754355552,-0.09950593741873967,0.9011026878015164,-0.0009022644414365258,0.0006704014442153166,0.09950593741873967,0.013868423333622084,0.0021521376918882205,-0.0848091196107788,1.1762273650415518,0.9874317413539047,-0.0010153667083544768,0.9968363443877795,-0.0007686535931390136,-1.3099102774266395e-06,0.0009456270348533,8.0,20.0,58.0,-0.0010617634755474732,-0.00099174301208588,-0.3986563905223116,38.0,1.0,2.144601546436513e-05,0.003609158141506908,0.0280835572505849,0.991693741512565,-1.0557269238822633,0.7981203251945225,1.7276961893231904,0.053814152813908,0.0105263157894736,0.022189477333795612
sandia,sandia_SNL_18650_NCA_15C_0_100_0_5_1C_b,50,2.8665000000000003,325.0,0,1,0.9565672422815279,-0.04884004884004887,0.9514226231783484,-0.000829640071622571,0.00014463496721533678,0.04884004884004887,0.005930577359148753,0.0011255573395316935,0.5852960609491881,0.5919100579294824,0.9865689865689864,-0.0010175010175009942,1.000509177428723,-0.0013579278087755798,1.0159379560634818e-05,0.0008530994486284,6.0,16.0,50.0,-0.0018308919407820337,-0.0007086930163852782,0.5593590171225257,14.0,0.0,4.4534998942264076e-05,0.0010419032563466597,0.004535147392290214,0.9517790361401872,-0.1133999395857139,0.7428676010695466,1.8772277985574777,0.1076306641923654,0.0212765957446808,0.00802372230943663
sandia,sandia_SNL_18650_NCA_15C_0_100_0_5_1C_b,100,2.8665000000000003,325.0,0,1,0.9279609279609279,-0.07744636316064883,0.922970159611381,-0.0006612025270917145,0.00036401915668193987,0.07744636316064883,0.005930577359148753,0.0008553232542999475,0.3304644717461351,0.714423450664068,0.9865689865689864,-0.000790269011843328,0.9961721822405291,-0.0009179672770627245,2.5173014703037706e-06,0.0006913599700225,6.0,16.0,63.0,-0.0011560833921082155,-0.0005536216716340833,0.5030676581586672,14.0,0.0,1.798234493374526e-05,0.0008402663176505494,0.004535147392290214,0.980820648060482,-0.7211665837535213,0.7759036013649147,1.8346515358100504,0.0445507969853738,0.021505376344086,0.01534972963544392
sandia,sandia_SNL_18650_NCA_15C_0_100_0_5_2C_a,50,2.83075,158.0,0,1,0.9644087256027554,-0.04521769848979956,0.9552134359692092,-0.0005851553727558068,9.529364300371773e-05,0.04521769848979956,0.012894109334981965,0.0032514003880653535,-0.0514268480424058,5.882672535331451,0.9894904177338162,-0.000942035385204133,0.9925059530728163,0.0002225273016526009,-1.5532359123239857e-05,0.000592755531357,5.0,37.0,50.0,-0.0006910867106928552,-0.001104256513600318,0.1707108797529787,5.0,2.0,3.0064959102260345e-05,0.004217230122916541,0.017309900203126168,0.7186351564954445,0.1247050838459715,0.6054057100616695,2.0991140305870664,0.3997993705724871,0.3636363636363636,0.00565221231122494
sandia,sandia_SNL_18650_NCA_15C_0_100_0_5_2C_a,100,2.83075,158.0,0,1,0.8983484942153139,-0.11127792987724097,0.8897830650804759,-0.0010794322947840678,0.0009967054676609213,0.11127792987724097,0.012894109334981965,0.002324733284976137,-0.3413721311254381,2.275654893263969,0.9894904177338162,-0.0011354890803800053,0.9986479420827556,-0.0003255436598895346,-7.3910650479855866e-06,0.0011222547032755,5.0,37.0,60.0,-0.00017179346386155613,-0.0012640681337331803,0.1563022947161948,5.0,2.0,3.277700438210301e-05,0.0030258742585348762,0.017309900203126168,0.954704134848532,-1.239385212601226,0.8494607827020982,1.4197084382663214,0.108423305188372,0.1463414634146341,0.02543495540051223
sandia,sandia_SNL_18650_NCA_15C_0_100_0_5_2C_b,50,2.8644999999999996,157.0,0,1,0.9513004014662246,-0.05934718100890205,0.9412780656303972,-0.0008217411593717229,0.00015368383575657148,0.05934718100890205,0.013614941525571689,0.0028822501583405835,0.6067993384403724,1.0233378106111333,0.9823703962297087,-0.0012363996043521035,0.9947130940260437,-0.0008743448430946066,1.0116093023617176e-06,0.0008447845127303,5.0,5.0,50.0,-0.0019627780144448946,-0.0010570682590231805,0.3721055234359731,5.0,2.0,5.1993775602269165e-05,0.003241415334470519,0.015360446849362717,0.8787632475222409,1.213143773877241,0.5950607257574785,2.231493883520036,0.2714215515800007,0.1388888888888889,0.007680223424681516
sandia,sandia_SNL_18650_NCA_15C_0_100_0_5_2C_b,100,2.8644999999999996,157.0,0,1,0.8916041193925642,-0.11904346308256249,0.8822107081174438,-0.001055166064267621,0.0009257286600268894,0.11904346308256249,0.013614941525571689,0.002089392827328574,-0.1426397266665408,1.4204347249564158,0.9823703962297087,-0.0012147292151281552,0.9943040826608213,-0.0007387917265183802,-3.10170919361985e-06,0.001112748503046,5.0,5.0,51.0,-0.0009040199746522257,-0.0010723474010943621,0.307226100381294,5.0,2.0,1.799490024527011e-05,0.0024559498923514052,0.015360446849362717,0.9822063795370036,-1.1529802760568573,0.8108427277755158,1.627485548422354,0.0694034648000489,0.073170731707317,0.026531680921626815
sandia,sandia_SNL_18650_NCA_25C_0_100_0_5_0_5C_a,50,3.1414999999999997,249.0,0,1,0.9396784975330257,-0.06207225847525062,0.9380362249761678,-0.0010571231516639504,0.0002738939776569153,0.06207225847525062,0.030240331052045266,0.004266781104541429,1.3133530215090792,0.3556812186212463,0.9689638707623748,-0.0012931720515676909,0.9995151291152312,-0.002450205028760688,2.6790036098013575e-05,0.0011069088119773,7.0,7.0,35.0,-0.003929647730379819,-0.000686723748955117,-0.0789317802809811,7.0,1.0,4.063650309342671e-05,0.006329614375591978,0.03098307602525345,0.8160160127242776,1.451971491089484,0.6979615978100236,1.977952983674789,0.0898038948613031,0.1162790697674418,0.009231258952729558
sandia,sandia_SNL_18650_NCA_25C_0_100_0_5_0_5C_a,100,3.1414999999999997,249.0,0,1,0.9234442145471908,-0.07830654146108547,0.9218303145853194,-0.0006313561939854847,0.00038077969407104134,0.09836065573770483,0.030240331052045266,0.0038601960311849437,1.0496481005182912,0.3891766055432913,0.9689638707623748,-0.0007990463414396308,0.9884606234117039,-0.0013168376726533822,6.7204066536067e-06,0.0006717098495579,7.0,7.0,35.0,-0.0019303526654626136,-0.0006464649260599715,-0.082779066809027,23.0,1.0,2.9534778021530517e-05,0.005705300074634029,0.03098307602525345,0.8549091003114755,1.382991635373119,0.672395482734927,2.149382437053247,0.1123988851470366,0.1538461538461538,0.010504536049657903
sandia,sandia_SNL_18650_NCA_25C_0_100_0_5_0_5C_b,50,3.1399999999999997,135.0,0,1,0.9566878980891721,-0.04522292993630571,0.9548633184996822,-0.0009174899259066561,0.00016883973098082074,0.04522292993630571,0.0015923566878981849,0.0002976069730892357,0.1086467699987966,0.8536139872142916,0.9929936305732485,-0.0009421443736730255,1.0036407413758293,-0.0010736052247162103,3.002217284798575e-06,0.0009382136428231,13.0,25.0,50.0,-0.0010790165248763695,-0.0008963965970335033,0.3071156394962808,31.0,0.0,6.77598590594857e-06,0.00035065317883009557,0.0009554140127390129,0.9971441665419876,-1.18893151970523,0.818164391945905,1.5396662845307882,0.0683192439774772,0.0,0.011146496815286658
sandia,sandia_SNL_18650_NCA_25C_0_100_0_5_0_5C_b,100,3.1399999999999997,135.0,0,1,0.8990445859872612,-0.10286624203821654,0.8973299427844883,-0.0010355970992913378,0.0008869763807083758,0.10286624203821654,0.009872611464968185,0.0010406627059387262,-0.2516253423626588,1.3781953117024148,0.9929936305732485,-0.0010496555310021975,0.9996098788347403,-0.0006824382074105734,-3.4623420772623663e-06,0.0010839376321201,13.0,25.0,58.0,-0.0009680144004431212,-0.0014256438659650957,0.0652996944616304,78.0,0.0,6.56641933153779e-06,0.0014293618344441404,0.008917197452229427,0.9874484333131236,-1.0164083602228828,0.8278336591954941,1.6494183084171188,0.0540672212702758,0.010752688172043,0.023248407643312072
sandia,sandia_SNL_18650_NCA_25C_0_100_0_5_1C_a,50,3.09625,337.0,0,1,0.9505046427129593,-0.05813484053290274,0.9423631123919308,-0.0009223468151895034,0.0001870452503254875,0.05813484053290274,0.006297941057731062,0.0014143446699804603,0.9137333034929702,0.4415574732996639,0.9808639483245862,-0.0012111425111021397,1.0008830482295563,-0.0018363909217385549,1.7577771279788674e-05,0.0009550562171783,6.0,12.0,50.0,-0.0025775597031148,-0.0005612473920911425,0.7139462248777868,10.0,0.0,0.00010994768895111828,0.00086617884307304,0.0035526846992329753,0.9096447474714155,0.6350415670821103,0.716835620052536,1.9504492795716668,0.067822596338761,0.0,0.009366168752523182
sandia,sandia_SNL_18650_NCA_25C_0_100_0_5_1C_a,100,3.09625,337.0,0,1,0.9269277351635042,-0.08171174808235773,0.9189881524175472,-0.0006507782545616149,0.0003668363506798152,0.08171174808235773,0.006782398062172079,0.0012683322280015502,0.6604043874957374,0.4999127746285599,0.9808639483245862,-0.0008337933477791523,0.9947948696844681,-0.0011684963005872586,5.075667117898597e-06,0.0006855378641406,6.0,12.0,52.0,-0.0014488072879184175,-0.00036594056625298345,0.4614436840956462,25.0,0.0,5.3273622481453376e-05,0.001233488128881841,0.007751312071053823,0.942841154075295,-0.195311620558249,0.7532422636006896,1.8857458326396137,0.0526915700756389,0.0481927710843373,0.014856681469519645
sandia,sandia_SNL_18650_NCA_25C_0_100_0_5_1C_b,50,3.0895,228.0,0,1,0.9448130765496034,-0.0640880401359443,0.9364773820981712,-0.0009536250169269461,0.00021283749031652426,0.0640880401359443,0.010033986081890305,0.0025933112859455897,1.2047196303715018,0.4151128023919513,0.9729729729729728,-0.001335167502832141,0.9977178215654444,-0.002040048161076161,2.089275277209963e-05,0.0009937086271215,5.0,8.0,40.0,-0.0033556021579973457,-0.0005839766318807574,0.2336257606490837,9.0,2.0,7.57541845578249e-05,0.003218961707932028,0.015212817608027219,0.8545493292150143,1.7565107240630278,0.6631901698943402,2.104112704713591,0.1098148660072065,0.073170731707317,0.009386632141123126
sandia,sandia_SNL_18650_NCA_25C_0_100_0_5_1C_b,100,3.0895,228.0,0,1,0.9218320116523708,-0.08706910503317691,0.9136990696182226,-0.0006398074832634083,0.00037065505886576703,0.09224793655931383,0.013594432756109467,0.0030074604185251013,0.8493888366692331,0.3964786967673945,0.9729729729729728,-0.0008884602554405567,0.9907258024196453,-0.001266770984198964,6.146700989564269e-06,0.0006783580147044,5.0,8.0,40.0,-0.0015930536107573393,-0.00030538218510101957,-0.1357144050903561,57.0,3.0,3.670563581666936e-05,0.004545251366243858,0.022657387926849067,0.9019314448197896,0.4739362027644489,0.7163672900248884,2.031100729234286,0.182749914050451,0.131578947368421,0.013918109726492862
sandia,sandia_SNL_18650_NCA_25C_0_100_0_5_1C_c,50,3.128,228.0,0,1,0.9619565217391304,-0.045716112531969375,0.9546319796954312,-0.0007385889138263746,0.00011618314531825405,0.045716112531969375,0.005434782608695747,0.0010672866370491048,0.7005863895107702,0.5394281644281589,0.9872122762148338,-0.0009524190110826726,1.0014693402800523,-0.0012980065101079283,1.0758030697721376e-05,0.0007571828317586,8.0,20.0,50.0,-0.0018455010462682866,-0.0005454903153112851,0.5677393654996881,9.0,0.0,0.00010883169178865089,0.0007469181922786126,0.003196930946291464,0.9390580400159746,0.1492170828724623,0.7302812442026524,1.9078840135761128,0.0594234204708007,0.0,0.007992327365728868
sandia,sandia_SNL_18650_NCA_25C_0_100_0_5_1C_c,100,3.128,228.0,0,1,0.9319053708439897,-0.07576726342711,0.9248096446700508,-0.0006257680937987531,0.0003247910777444957,0.07576726342711,0.005434782608695747,0.000784313847303101,0.2328880850352193,0.8227032167047418,0.9872122762148338,-0.0007731353410929347,0.996445139402079,-0.0007773644973217072,1.4862392502248181e-06,0.0006511874898948,8.0,20.0,71.0,-0.0010508173023462916,-0.0006503669520738491,0.5298477110764801,15.0,0.0,5.273288158829924e-05,0.0005962037637440537,0.003196930946291464,0.984617546909422,-0.7138391786312095,0.7674687172250587,1.87864148088326,0.0320198112347714,0.0,0.014386189258311989
sandia,sandia_SNL_18650_NCA_25C_0_100_0_5_1C_d,50,3.09975,251.0,0,1,0.9607226389224939,-0.04516493265585922,0.9550994227068634,-0.000795785045206065,0.0001318806108145499,0.04516493265585922,0.004193886603758336,0.0008134320117432698,0.5430248759285973,0.5275516488972966,0.9894346318251473,-0.0009409360969970483,1.0030169662317465,-0.0013581371308169048,1.0814463184823634e-05,0.0008157943847876,10.0,21.0,50.0,-0.0015571975407446086,-0.0006046054920963949,0.5346577462224592,23.0,0.0,7.550368681067829e-05,0.000629449018729575,0.002419549963706686,0.9603744390661404,-0.50064105164715,0.7756152908524306,1.757696389059142,0.1062946586496231,0.0,0.0083877732075168
sandia,sandia_SNL_18650_NCA_25C_0_100_0_5_1C_d,100,3.09975,251.0,0,1,0.9329784660053231,-0.07290910557303006,0.927517639512508,-0.0006487865365885314,0.00035069094357721757,0.08420033873699483,0.01290426647310251,0.00201634202208933,0.2416799805886804,0.7653336837341246,0.9894346318251473,-0.0007439704650308897,0.9981163202304866,-0.0008571895531809341,2.043166829337353e-06,0.0006757425590798,10.0,21.0,70.0,-0.0011298947671095412,-0.0006132331850044036,-0.4396899678109408,95.0,1.0,4.3235944368642634e-05,0.0034200757678970886,0.026131139608032747,0.9802208521308118,-0.727261756978808,0.7771212767342015,1.826206402934474,0.0768713590590313,0.0689655172413793,0.014839906444068006
sandia,sandia_SNL_18650_NCA_25C_0_100_0_5_2C_a,50,3.07475,225.0,0,1,0.9643060411415563,-0.044881697699000016,0.9555269094424748,-0.0006231135433277178,0.00010503283168335897,0.049109683714123165,0.031222050573217336,0.006742595079951183,1.3852837943501692,0.6502936530685596,0.9870721196845272,-0.000935035368729165,0.9984691340886508,-0.000965155894881893,6.577737529887899e-06,0.0006370675450713,5.0,22.0,50.0,-0.0008193286508596471,-0.0007141407255237012,-0.4126675290525085,5.0,1.0,7.611758783361249e-05,0.011442977344451127,0.06179364175949277,0.7393316578361925,2.884843340075184,0.5502284291415837,2.4176895268057033,0.3172408746933253,0.3529411764705882,0.005203675095536223
sandia,sandia_SNL_18650_NCA_25C_0_100_0_5_2C_a,100,3.07475,225.0,0,1,0.9230018700707375,-0.08618586876981874,0.9145987753786656,-0.0007276959080241321,0.0004503784609819241,0.09041385478494188,0.031222050573217336,0.004946546888269941,-0.0482762404205459,1.374520664678325,0.9870721196845272,-0.0008794476405083341,0.9946249954015133,-0.000524043071248134,-1.996596438980551e-06,0.000756075901124,5.0,22.0,67.0,-0.000891765679076055,-0.0008518189884649484,-0.3894003568662673,5.0,1.0,3.0175950940610684e-05,0.008281015631752403,0.06179364175949277,0.9602118973684464,-0.7396356280267344,0.7695434071249538,1.842166961421024,0.180961937277915,0.4603174603174603,0.016911944060492595
sandia,sandia_SNL_18650_NCA_25C_0_100_0_5_2C_b,50,3.0469999999999997,304.0,0,1,0.9337052838857894,-0.08401706596652439,0.9174459851660756,-0.0009549372752054153,0.00027491166554237417,0.08401706596652439,0.02494256645881195,0.004910704668518412,2.314084367478079,0.3975877992465597,0.9596324253363965,-0.0017503555409692487,0.988998860093304,-0.00231920984497532,2.623601095711257e-05,0.0010078482692575,4.0,5.0,28.0,-0.004771401883315163,-0.00046933702988838203,0.5650951199338279,5.0,2.0,0.0001047420204037414,0.004594237562698819,0.02395799146701687,0.6634168817665067,7.327039560370338,0.4864890038905669,2.5040541974616017,0.0953101798043249,0.073170731707317,0.008532983262225074
sandia,sandia_SNL_18650_NCA_25C_0_100_0_5_2C_b,100,3.0469999999999997,304.0,0,1,0.9094191007548409,-0.10830324909747294,0.8935827152531441,-0.000642163718726124,0.0003944511725019762,0.10830324909747294,0.02494256645881195,0.003508011378671677,1.3094247676580584,0.5453311466617277,0.9596324253363965,-0.0011051351948721693,0.9777821181515385,-0.0011372726614504104,4.854009242394893e-06,0.0006880949966055,4.0,5.0,28.0,-0.001806481071902527,-0.0004987086371484412,0.5722791688479943,5.0,2.0,5.075128823685593e-05,0.0032326016564489337,0.02395799146701687,0.8537743599794425,3.397892001976965,0.6133410654104213,2.432013561110722,0.0610477231555158,0.0609756097560975,0.014440433212996226
sandia,sandia_SNL_18650_NCA_25C_20_80_0_5_0_5C_a,50,2.85,5.0,0,1,0.7052631578947367,-0.39473684210526316,0.6411483253588517,-0.0023054063730755087,0.006662596340475248,0.4059649122807017,0.19228070175438597,0.03853143815010888,4.048295414445044,-0.0048936483827757,0.708421052631579,-0.008223684210526315,0.8876944184168625,-0.013375923717751367,0.00021289456432066668,0.0033316721435774,4.0,4.0,4.0,-0.03210771684455891,-0.0004011777695987719,0.527260207335722,6.0,3.0,8.212019410224561e-05,0.03783837296710017,0.18842105263157907,0.1595443659922588,16.790415017781136,0.3395823661938967,2.6462080133426937,0.0455094041289694,0.5,0.0010526315789474033
sandia,sandia_SNL_18650_NCA_25C_20_80_0_5_0_5C_a,100,2.85,5.0,0,1,0.6856140350877192,-0.41438596491228064,0.6232854864433812,-0.0008261259208627368,0.0035827014090088027,0.41438596491228064,0.19228070175438597,0.027250121756499927,5.84061510500209,0.1712724847665444,0.708421052631579,-0.004228428213390596,0.7954934757789727,-0.003311208145186912,2.4363551218864434e-05,0.0011906530463696,4.0,4.0,4.0,-0.009155606407322667,-0.0002565980167810877,0.5374915083609542,6.0,3.0,3.255561584373187e-05,0.026340837297548908,0.18842105263157907,0.1555703085519766,35.698333889008765,0.1749632197078988,3.371944508870021,0.0304516659781417,0.2063492063492063,0.004210526315789474
sandia,sandia_SNL_18650_NCA_25C_20_80_0_5_0_5C_b,50,2.8605,5.0,0,1,0.7016255899318301,-0.3971333682922565,0.6385618835507477,-0.0023735682002218495,0.006768326414934848,0.398531725222863,0.19402202412165712,0.03874237226602881,4.048531371778255,-0.0035695511777498,0.7047718930256948,-0.008273611839421989,0.888184283163331,-0.013635818696153714,0.00021658174030638,0.0034483192367017,4.0,4.0,4.0,-0.0325460241558825,-0.000366701992291907,0.4895245989760382,5.0,2.0,3.7190343899108546e-05,0.03953047848739972,0.19227407795839882,0.1664761908844427,16.778642706842913,0.3485781639978806,2.6453517187994033,0.0454623740767572,0.4074074074074074,0.0006991784653031638
sandia,sandia_SNL_18650_NCA_25C_20_80_0_5_0_5C_b,100,2.8605,5.0,0,1,0.687292431393113,-0.4114665268309735,0.6255170219535476,-0.0007964451293539591,0.0036020160473412503,0.4114665268309735,0.19402202412165712,0.027407252326708476,5.891542193732428,0.1195955252460823,0.7047718930256948,-0.004198638028887467,0.7949304874043044,-0.003464444714423982,2.6156858677157188e-05,0.0011535728655903,4.0,4.0,4.0,-0.009341632277725852,-0.00014454754793553575,0.5009401867220289,5.0,2.0,1.4416050830994443e-05,0.027518348345439713,0.19227407795839882,0.1438172260154752,36.108435233337616,0.1783428432705045,3.366969888642484,0.0305414825810326,0.2068965517241379,0.004195070791819612
sandia,sandia_SNL_18650_NCA_25C_20_80_0_5_0_5C_c,50,2.8602499999999997,5.0,0,1,0.6967922384406958,-0.40206275675203207,0.634107540566338,-0.0023840145270589285,0.006858660679135979,0.40241237654051215,0.19491303207761565,0.038916945691367784,4.043786967980532,0.0180948161832857,0.699589196748536,-0.008376307432333993,0.8841120312055774,-0.01339359176378967,0.00021172263916786996,0.0034699399737197,4.0,4.0,4.0,-0.03298344868137712,-0.0009156126628375144,0.488090299374343,5.0,2.0,3.719359451915043e-05,0.03976101127438081,0.19351455292369538,0.1657328021057361,16.744004238249143,0.3413149215663382,2.648668102302252,0.0454623740767572,0.6190476190476191,0.001048859365440119
sandia,sandia_SNL_18650_NCA_25C_20_80_0_5_0_5C_c,100,2.8602499999999997,5.0,0,1,0.6828074469014948,-0.41604754829123314,0.6213808463251671,-0.0008243221643648283,0.003676990047205612,0.41604754829123314,0.19491303207761565,0.027544840995542243,5.857365948641015,0.1170960146123564,0.699589196748536,-0.004245383145828896,0.7935226294932171,-0.003498528778509746,2.6217711903381487e-05,0.0011991079456655,4.0,4.0,4.0,-0.00930406661017016,-0.0001254070980417446,0.4995370805196902,5.0,2.0,7.208655432577904e-06,0.027695424678908384,0.19351455292369538,0.1509198378521556,35.80052533753199,0.1786930055160738,3.365886520906281,0.0309917533083376,0.4666666666666667,0.0048946770387202874
sandia,sandia_SNL_18650_NCA_25C_20_80_0_5_0_5C_d,50,2.8040000000000003,5.0,0,1,0.6997146932952923,-0.40263908701854495,0.6347460368812682,-0.0024080031441962905,0.006897622288543176,0.4044222539229671,0.19614835948644802,0.039163218960358945,4.053668462783236,-0.0066069288600427,0.7032810271041369,-0.00838831431288634,0.8887595445499047,-0.01380252119058684,0.00021912534704597003,0.0035082473415348,4.0,4.0,4.0,-0.032772861945472465,-0.00043519248226808125,0.489806284018567,5.0,2.0,8.346738701547788e-05,0.03995731338176711,0.19543509272467896,0.1681297960339349,16.829577961861283,0.3473872335813479,2.6495896190556207,0.0454623740767572,0.2758620689655172,0.001426533523537803
sandia,sandia_SNL_18650_NCA_25C_20_80_0_5_0_5C_d,100,2.8040000000000003,5.0,0,1,0.6861626248216832,-0.4161911554921542,0.62245228081527,-0.0008078793701373395,0.003674016103397823,0.4169044222539231,0.19614835948644802,0.027708534438951816,5.894938303457384,0.1172950244023896,0.7032810271041369,-0.004246848525430135,0.7945463847767514,-0.0035222772599827743,2.6611744018092558e-05,0.0011736673700538,4.0,4.0,4.0,-0.009425510140792688,-0.0001221856974508559,0.5011413282928914,5.0,2.0,4.411959351144793e-05,0.027815813177244256,0.19543509272467896,0.1450764134666666,36.17227142411026,0.1786101028175289,3.3685610596047124,0.031354625986839,0.1896551724137931,0.004279600570613409
sandia,sandia_SNL_18650_NCA_25C_40_60_0_5_0_5C_a,50,2.23425,5.0,0,1,0.2909253664540674,-1.0907463354593265,0.2105604146420472,-0.005940152496043728,0.04284107616517897,1.0907463354593265,0.5818507329081347,0.09609583449252188,4.028915557673731,1.790051826692457e-16,0.2909253664540674,-0.022723881988735952,0.7550844885103233,-0.034181090976097436,0.0005430949707702362,0.0244082141032309,4.0,4.0,4.0,-0.08250997072749335,9.409161430491261e-18,0.4360367266684947,5.0,3.0,0.005413783005863713,0.0972346831831165,0.5818507329081347,0.1647270089117621,16.89002670975967,0.3500321646776093,2.7018413448880563,0.0454623740767572,0.0,0.0
sandia,sandia_SNL_18650_NCA_25C_40_60_0_5_0_5C_a,100,2.23425,5.0,0,1,0.2909253664540674,-1.0907463354593265,0.2105604146420472,-0.001495805621830637,0.02185951208771265,1.0907463354593265,0.5818507329081347,0.06820568871076586,5.980241361679441,3.6078936950831903e-16,0.2909253664540674,-0.011130064647544144,0.5203524186534272,-0.008801310425239477,7.162259611184962e-05,0.0056087714789487,4.0,4.0,4.0,-0.023349825590729283,-4.854647137156567e-18,0.4460703535615509,5.0,3.0,0.002623173209026743,0.06773778235573795,0.5818507329081347,0.0835900697880747,37.32558137671027,0.1742225191868047,3.4175526768043727,0.0212773984472848,0.0,0.0
sandia,sandia_SNL_18650_NCA_25C_40_60_0_5_0_5C_b,50,2.2425,5.0,0,1,0.2898550724637681,-1.1014492753623188,0.2083333333333333,-0.005971606033717815,0.04338876864738409,1.1014492753623188,0.5797101449275361,0.09648995090518774,4.0421647313219005,1.7737100925629835e-16,0.2898550724637681,-0.022946859903381626,0.7565606298023368,-0.03437275372683759,0.00054617591717534,0.024697802653708,4.0,4.0,4.0,-0.08300395256916994,9.374545786432597e-18,0.4463385816491725,5.0,3.0,0.005550416281221048,0.09634548126401485,0.5797101449275361,0.1643746975708895,17.036513156211864,0.3492063152313308,2.7050719570609263,0.0454623740767572,0.0,0.0
sandia,sandia_SNL_18650_NCA_25C_40_60_0_5_0_5C_b,100,2.2425,5.0,0,1,0.2898550724637681,-1.1014492753623188,0.2083333333333333,-0.001503589578123701,0.022137319038275653,1.1014492753623188,0.5797101449275361,0.06849625472288731,5.99827050472721,3.575686986020901e-16,0.2898550724637681,-0.011239278320023633,0.5204962771819402,-0.008848391237828494,7.200785940882942e-05,0.0056643437396967,4.0,4.0,4.0,-0.023478260869565216,-4.8367872313008064e-18,0.4560945947591448,5.0,3.0,0.002689376961004013,0.06712210682611294,0.5797101449275361,0.0834023752387967,37.60341104242502,0.1738074851685263,3.4207300863660306,0.0212773984472848,0.0,0.0
sandia,sandia_SNL_18650_NCA_35C_0_100_0_5_1C_a,50,3.17275,171.0,0,1,0.9695059490977858,-0.03624615869513819,0.963961140708242,-0.0005658195828957844,6.996925046098142e-05,0.03624615869513819,0.007091639744701095,0.0014436229289484831,0.8272400137465703,0.5513733340887985,0.9890473563942951,-0.0007551283061487038,0.9997553088332636,-0.0009938421927481206,8.231204035621138e-06,0.0005774729293486,5.0,27.0,50.0,-0.0014045524249605547,-0.0004275922643269088,0.3268745043274281,5.0,0.0,4.0236253870616965e-05,0.0016777373348577417,0.009297927665274762,0.915121423422646,0.7249376217601968,0.692514947248002,2.009216543313165,0.1133286853070031,0.075,0.006618863761720873
sandia,sandia_SNL_18650_NCA_35C_0_100_0_5_1C_a,100,3.17275,171.0,0,1,0.9474430698920494,-0.05830903790087463,0.9420244437480414,-0.0004700412697080451,0.00018448331924049796,0.05830903790087463,0.007091639744701095,0.0010330394137074146,0.315366833904871,0.7672971536139166,0.9890473563942951,-0.0005949901826619809,0.9961891500782936,-0.0006191951802599952,1.462293240705299e-06,0.0004852365961607,5.0,27.0,94.0,-0.0008372245994251044,-0.00044927422034786853,0.3246722945994694,5.0,0.0,1.9495916823918043e-05,0.0011951092424999448,0.009297927665274762,0.9780469593655238,-0.5937832877177742,0.7616416548453323,1.899636538370817,0.0419951210366032,0.0344827586206896,0.010716255614214734
sandia,sandia_SNL_18650_NCA_35C_0_100_0_5_1C_b,50,3.1247499999999997,320.0,0,1,0.9763981118489481,-0.03360268821505717,0.9667300380228137,-0.00037345028418596697,4.852728092233587e-05,0.03808304664373157,0.018721497719817556,0.00448245631967047,1.8243767646788185,0.5474969474969147,0.9891991359308746,-0.0007000560044803265,0.9964562493701185,-0.0006759513558713818,5.81732830164223e-06,0.000379888797414,5.0,5.0,50.0,-0.0012392599799591968,-0.00021148545030450438,0.0312568444736485,5.0,2.0,6.809055362729165e-06,0.006305065775390384,0.03536282902632211,0.5747905594866609,5.688252435832357,0.4322919365607306,2.5614391220753543,0.1394661281443371,0.2,0.004480358428674358
sandia,sandia_SNL_18650_NCA_35C_0_100_0_5_1C_b,100,3.1247499999999997,320.0,0,1,0.9536762941035284,-0.056324505960476876,0.944233206590621,-0.0003437257046116969,0.00010782884796678607,0.056324505960476876,0.018721497719817556,0.0031551042610292665,0.3812037044999956,1.101783840503711,0.9891991359308746,-0.0005747398567395473,0.992714945327778,-0.00030883833515798066,-3.4203303386000646e-07,0.000352165900811,5.0,5.0,100.0,-0.0005040403232258902,-0.0005199720325451957,0.0339204324062555,5.0,2.0,-1.6496165054028712e-05,0.0044049301539329545,0.03536282902632211,0.8948162991152553,0.7995103091155755,0.6629659717197084,2.352094364196926,0.0722182078117992,0.12,0.007360588847107802
sandia,sandia_SNL_18650_NCA_35C_0_100_0_5_1C_c,50,3.17625,346.0,0,1,0.965289256198347,-0.03841007477371123,0.9617314930991216,-0.00060037427013305,8.107179120007694e-05,0.03841007477371123,0.005509641873278237,0.001182749142913404,0.8323631139696777,0.5609616257098147,0.9873278236914601,-0.000800209891118961,0.9987864953110284,-0.0010927300710029436,9.4683807859588e-06,0.0006144045475175,7.0,18.0,50.0,-0.0016705058027371585,-0.0005933460478914443,0.4242193586746873,17.0,0.0,1.3397305466936487e-05,0.001280450580150177,0.004879968516332216,0.8892100665402769,0.6812570534005928,0.6948900583909415,2.0521730286319575,0.1410785982599054,0.0454545454545454,0.005667060212514664
sandia,sandia_SNL_18650_NCA_35C_0_100_0_5_1C_c,100,3.17625,346.0,0,1,0.9397874852420307,-0.06391184573002764,0.936323713927227,-0.0005443169862127352,0.0002470045758906336,0.06391184573002764,0.005509641873278237,0.0008509985013065407,0.248336361192774,0.827382151490763,0.9873278236914601,-0.0006521616911227076,0.9951688140569415,-0.0006771958957914522,1.302734407634683e-06,0.0005644808590402,7.0,18.0,79.0,-0.001056003285252326,-0.00047690912513045263,0.4250228024170404,17.0,0.0,3.2457389533299734e-06,0.0009167790626904683,0.004879968516332216,0.9795883362457072,-0.7810200284299071,0.7626296604620346,1.8257971042283203,0.058018417578684,0.021505376344086,0.012908303817394695
sandia,sandia_SNL_18650_NCA_35C_0_100_0_5_1C_d,50,3.1966666666666663,320.0,0,1,0.9660062565172055,-0.037851929092805006,0.962293549392334,-0.0007494520227277165,0.0003314325600270388,0.13607924921793535,0.10510948905109484,0.021344936252880253,-4.280645094737167,0.5778524712981258,0.9875912408759125,-0.0007885818561000939,1.0024836602934823,-0.0013635533196261211,1.1809640324968585e-05,0.0007682605154832,7.0,24.0,38.0,-0.0015736088728789052,-0.000522834829404119,-0.4980325628150287,38.0,1.0,2.6623477469885172e-05,0.03733688243721976,0.20896767466110525,0.3389397434729346,26.83104325414958,0.4097033360295634,2.7775710568777203,0.0903226382932857,0.0212765957446808,0.00688216892596461
sandia,sandia_SNL_18650_NCA_35C_0_100_0_5_1C_d,100,3.1966666666666663,320.0,0,1,0.9434827945776852,-0.060375391032325344,0.9398566531629792,-0.0004950129070492493,0.000315949353177766,0.13607924921793535,0.10510948905109484,0.014940513517227343,-1.380612184049992,0.5875554850321135,0.9875912408759125,-0.0006160754186971847,0.9967745230761343,-0.0008228106898649531,3.213703753095232e-06,0.0005136445885539,7.0,24.0,38.0,-0.0008611778573695309,-0.0004657024980732013,-0.4978296404378301,38.0,1.0,1.6125044343873035e-05,0.02599161390736161,0.20896767466110525,0.6333742527802356,7.926043490601366,0.5255505426862044,2.8423463326340737,0.0445309548100357,0.010752688172043,0.011887382690302336
sandia,sandia_SNL_18650_NCA_35C_0_100_0_5_2C_a,50,3.11775,210.0,0,1,0.937214337262449,-0.0769785903295645,0.9240986717267552,-0.0006587037027945154,0.00033665499101151686,0.13920295084596268,0.07794082270868408,0.016866250667417752,0.4109187325066321,0.3207556243264035,0.9522893112019886,-0.001603720631865897,0.9823311921260449,-0.002235907706379376,3.0330846222785095e-05,0.000696370737338,4.0,5.0,20.0,-0.005388164878181669,-0.0007648513782744929,-0.3683392665423514,20.0,3.0,-2.729737245729243e-05,0.028194685412749096,0.15524015716462192,0.2577657124711481,10.107704644198968,0.3807242528582327,2.7940301109822014,0.1932436056185357,0.3636363636363636,0.004169673642851384
sandia,sandia_SNL_18650_NCA_35C_0_100_0_5_2C_a,100,3.11775,210.0,0,1,0.8984042979712934,-0.11578862962071998,0.885831752055661,-0.0006864618555741802,0.0005102014975637547,0.13920295084596268,0.07794082270868408,0.011816413731495822,0.5531277552895161,1.2115905092038155,0.9522893112019886,-0.00118151662878284,0.9680984829637042,-0.0006359315918013311,-4.953947428708446e-07,0.0007346914014179,4.0,5.0,20.0,-0.0018960858757534763,-0.0008330980047623447,-0.3665385158283688,20.0,3.0,-9.919921434222618e-06,0.01963428723731133,0.15524015716462192,0.7542857801939548,1.935113382815555,0.5203385383084058,2.695310257168951,0.1095622025115262,0.1688311688311688,0.016037206318659226
sandia,sandia_SNL_18650_NCA_35C_0_100_0_5_2C_b,50,3.07675,216.0,0,1,0.9552287316161534,-0.059803363939221615,0.941082292667307,-0.0007837252069918583,0.00023388248060381036,0.08417973511010003,0.025513935158852686,0.007953015213054651,-0.0565987909167879,2.366911688580444,0.9688794994718453,-0.0012459034154004387,0.9893350056086111,-0.00043906685799190707,-6.628045173076698e-06,0.000805308729867,4.0,5.0,39.0,-0.0020881856422605995,0.00173646131231244,0.1376490123191921,5.0,5.0,-7.606810861831477e-05,0.010532321614836044,0.032989355651255416,0.5252425906281744,1.6941930448160498,0.6297935630628552,2.219786493690802,0.5108256237659907,0.6428571428571429,0.008450475339237767
sandia,sandia_SNL_18650_NCA_35C_0_100_0_5_2C_b,100,3.07675,216.0,0,1,0.9152514828959128,-0.09978061265946221,0.9016970861351264,-0.0007431461618973592,0.0005305384531236743,0.10465588689363776,0.025513935158852686,0.007146389272310913,0.0182526024266202,1.1879111934224031,0.9688794994718453,-0.0010181695169332575,0.989745595819172,-0.000591107338150711,-1.4905767033985924e-06,0.0007777006236985,4.0,5.0,39.0,-0.00047247766382514016,-0.0010294600810425935,-0.0543566017009666,5.0,7.0,7.371548670229951e-05,0.010412698642670576,0.032989355651255416,0.8501125765050637,-0.577051179920963,0.7195782272308797,2.0658739746864145,0.4337355420464198,0.5862068965517241,0.019176078654424344
sandia,sandia_SNL_18650_NMC_15C_0_100_0_5_1C_a,50,2.68125,105.0,0,1,0.9215850815850817,-0.08428904428904425,0.9162031887282166,-0.0015279958137100608,0.0004784046859196114,0.08428904428904425,0.007272727272727198,0.0012030220502229185,0.3880087308051957,0.6695605163403296,0.9779020979020979,-0.0017560217560217434,1.002097736103815,-0.002248785483543161,1.3861339804481677e-05,0.0016022798548035,5.0,9.0,29.0,-0.0029269564933900234,-0.0013640438815263403,0.6238910673563709,10.0,0.0,1.5870654168528285e-05,0.0010512586429389278,0.005034965034964887,0.9760653586523896,-0.619686350052385,0.7681073304639656,1.7684802057157054,0.048790164169432,0.0,0.01678321678321675
sandia,sandia_SNL_18650_NMC_15C_0_100_0_5_1C_a,100,2.68125,105.0,0,1,0.8551981351981353,-0.15067599067599066,0.8502039302929181,-0.001391889495785585,0.0015901139545534276,0.15067599067599066,0.007272727272727198,0.000878741873110303,0.1309611624354028,0.8756457402388185,0.9779020979020979,-0.0015375101089386666,0.9962420764252327,-0.0016184080670399255,2.2207703064151716e-06,0.0015126568741319,5.0,9.0,29.0,-0.0019727171379345454,-0.001319306780176373,0.6238400189861287,19.0,0.0,1.1534856895683782e-05,0.0007615286936061539,0.005034965034964887,0.9950069069326176,-1.016392849702913,0.7976903165169943,1.7213722890973628,0.0251585596361549,0.0,0.033193473193473155
sandia,sandia_SNL_18650_NMC_15C_0_100_0_5_1C_b,50,2.5432499999999996,142.0,0,1,0.9708050722500738,-0.02713063992922438,0.9728132387706856,-0.0005937686192140765,0.00012901348917391956,0.04207215177430462,0.012189128084144345,0.003040039687294525,-0.8244240768515388,-3.4957215003973343,1.00344047970117,-0.0005652216651921362,0.9950437697055016,0.0013389690629698222,-3.7168032349692024e-05,0.0005918455015321,38.0,45.0,50.0,5.430527400444315e-05,-0.002176335411369272,-0.0806391448299874,22.0,1.0,-1.673181617590346e-05,0.00451400632311047,0.023591860808021236,0.5465493188671848,-0.1991589297656464,0.9008861784345052,1.2572842344674084,0.4187103348581849,0.3333333333333333,0.006291162882138997
sandia,sandia_SNL_18650_NMC_15C_0_100_0_5_1C_b,100,2.5432499999999996,142.0,0,1,0.8980635014253416,-0.09987221075395657,0.8999211977935382,-0.0012346285573735971,0.0013220891863688115,0.11481372259903677,0.012189128084144345,0.0021780966626253812,-0.3039887025535152,2.440005882750482,1.00344047970117,-0.0010191041913668731,1.0116104136423534,-0.00031326827320511165,-9.032943962436086e-06,0.0012715152202992,38.0,45.0,64.0,0.0004387573243752286,-0.0013973903640924802,-0.0355267049558762,39.0,1.0,-4.05358433127648e-06,0.0031505152657910944,0.023591860808021236,0.9415788893005248,-1.3347058041489928,0.876228968009532,1.1878013491034551,0.0987815445597837,0.1325301204819277,0.03184901209082863
sandia,sandia_SNL_18650_NMC_15C_0_100_0_5_2C_a,50,2.7175,102.0,0,1,0.9140754369825208,-0.09126034958601664,0.9092240117130308,-0.0016979892232881694,0.0005926702119703682,0.09126034958601664,0.00699172033118679,0.001197916282405667,0.4390604204983414,0.6093947704254746,0.9755289788408463,-0.0019012572830419871,1.0034747046071257,-0.002662448839074775,1.8547300303587956e-05,0.0017918134743077,5.0,9.0,25.0,-0.003269407685230984,-0.0014667944750741122,0.6100371341197198,13.0,0.0,1.5658948110162454e-05,0.0010626185724408833,0.005151793928242613,0.972941559798519,-0.6459370384601213,0.7796101468283747,1.731283501129543,0.0460911072002669,0.0,0.018399264029438752
sandia,sandia_SNL_18650_NMC_15C_0_100_0_5_2C_a,100,2.7175,102.0,0,1,0.85114995400184,-0.15418583256669735,0.8466325036603221,-0.0014090308867546275,0.0016401648123413395,0.15418583256669735,0.00699172033118679,0.0009117112771928243,0.2613556977869779,0.7440539063922899,0.9755289788408463,-0.0015733248221091447,0.9959440270525919,-0.0018816901633796138,4.6339144767157575e-06,0.0015431194627286,5.0,9.0,25.0,-0.00226630934762609,-0.0012529098836046367,0.645795145700656,23.0,0.0,7.587325372966997e-06,0.0007693188756470285,0.005151793928242613,0.988549374424624,-0.9010524169376152,0.7912060111509549,1.7580315451396509,0.0270006018185059,0.0,0.03275068997240107
sandia,sandia_SNL_18650_NMC_15C_0_100_0_5_2C_b,50,2.68275,103.0,0,1,0.9195787904202778,-0.01863759202311054,0.980135081446166,-0.0015351290082708789,0.0005506412361733622,0.09467896747740193,0.009505171931786413,0.011268349464253397,0.4753647096118325,0.9051836487094612,0.9814555959370049,-0.00038828316714811296,0.995480129012924,-0.0016134886790980523,1.50691674667574e-06,0.0016079393729134,2.0,2.0,2.0,-0.0007474586730946603,-0.0014128076750385612,-0.0829193856841161,3.0,0.0,-0.0016416942760782407,0.012404296423001322,0.0855465473860778,0.855955172704433,-0.4543184034646157,0.8027344832222002,1.6408180671946069,0.0370412716803491,0.0212765957446808,0.017519336501724013
sandia,sandia_SNL_18650_NMC_15C_0_100_0_5_2C_b,100,2.68275,103.0,0,1,0.8539744664989283,-0.08424191594445994,0.9102105681366708,-0.0013980453119396142,0.001638458327003852,0.16028329139875133,0.009505171931786413,0.00790675105655499,0.2143631462246047,0.8458695271964223,0.9814555959370049,-0.000859611387188333,0.9954173173786942,-0.0016319637273970366,2.293317798602237e-06,0.0015214821345982,2.0,2.0,2.0,-0.001592703787887988,-0.001286642113665008,-0.0854255786294524,3.0,0.0,-0.0007954601131513187,0.008689852288305544,0.0855465473860778,0.9742085231295404,-0.9232330741047124,0.8169470945523946,1.590219936878569,0.0214600510197692,0.0208333333333333,0.03317491380113686
sandia,sandia_SNL_18650_NMC_25C_0_100_0_5_0_5C_a,50,2.8819999999999997,49.0,0,1,0.830673143650243,-0.1741845940319222,0.826657458563536,-0.0031507314931523943,0.002096916267877229,0.1741845940319222,0.030881332408049935,0.00980284971270597,0.2938457364380737,0.5414232978435317,0.9798750867453158,-0.00362884570899837,1.0197858991515452,-0.004976141326936885,3.510403526505899e-05,0.0034398419431857,7.0,10.0,15.0,-0.003308454210605413,-0.003200477523864053,-0.5173597441034099,47.0,12.0,-0.00032483352281953507,0.017119631717444208,0.061068702290076375,0.9468293125497126,-0.9678617624188588,0.7955619730638168,1.680991984847905,0.4122447950935431,0.3333333333333333,0.035392088827203266
sandia,sandia_SNL_18650_NMC_25C_0_100_0_5_0_5C_a,100,2.8819999999999997,49.0,0,1,0.9226231783483693,-0.08223455933379602,0.9181629834254144,-0.0010439651224819918,0.00380731809800333,0.26301179736294245,0.08223455933379602,0.02627180900755472,-0.2790984319687191,-0.7079764885681883,0.9798750867453158,-0.0008391281564672797,1.0449984849752434,-0.006888634264796809,5.7300677865822356e-05,0.0012246300553559,7.0,10.0,15.0,-0.004070995383640597,0.006947168331170959,-0.1317502877933227,81.0,27.0,2.5039884959613076e-05,0.03972829622191478,0.16308119361554468,0.2337747739850129,-0.4832470942827545,0.8319768299962501,1.448770391923516,0.2545298651348804,0.3424657534246575,0.03712699514226222
sandia,sandia_SNL_18650_NMC_25C_0_100_0_5_0_5C_b,50,2.9675,327.0,0,1,0.9240101095197979,-0.0812131423757372,0.9192088501508549,-0.001566975568660455,0.0005141205437248826,0.0812131423757372,0.004380791912384263,0.0008848893796348442,0.5921222376548143,0.4527377535703951,0.9792754844144904,-0.0016919404661611796,1.0071225803053119,-0.002912599623727953,2.587738567437427e-05,0.0016494135683368,7.0,10.0,26.0,-0.003005755827996698,-0.0008789862201824432,0.8581216822978956,19.0,0.0,4.3019233182139846e-05,0.00042064608130985685,0.0013479359730412806,0.9551893861268386,-0.664737265531663,0.806792428368159,1.6305626663900654,0.0418471099355004,0.0,0.01651221566975579
sandia,sandia_SNL_18650_NMC_25C_0_100_0_5_0_5C_b,100,2.9675,327.0,0,1,0.8980623420387532,-0.10716090985678181,0.8933959101575595,-0.0009650037850783825,0.0008327837396059787,0.10716090985678181,0.004717775905644381,0.001078672415554541,0.8262885975632007,0.3212433360440995,0.9792754844144904,-0.001093478672007953,0.9994762037375665,-0.002100972761746824,1.1136950751651628e-05,0.0010452175264195,7.0,10.0,26.0,-0.0023051170286802697,-0.0001945716274129065,0.559978481047328,37.0,0.0,2.431843250332248e-05,0.0009966622507843303,0.0050547598989046675,0.9132099324520916,-0.2641728411882509,0.8010293007239742,1.72036809400025,0.051047765066024,0.0326086956521739,0.02055602358887963
sandia,sandia_SNL_18650_NMC_25C_0_100_0_5_1C_a,50,2.9415,271.0,0,1,0.9236783953765086,-0.08261091279959197,0.9179054054054054,-0.0015253567005588304,0.00049321893942639,0.08261091279959197,0.007139214686384464,0.0012897057089613123,0.6810724704451117,0.4325517391046968,0.9760326364099949,-0.0017210606833248003,1.0050884282885195,-0.002943211157758253,2.7266431869219178e-05,0.0016087280956964,5.0,9.0,25.0,-0.003325927854229713,-0.0008439631081140234,0.722060752736816,18.0,0.0,4.339948137616862e-05,0.000947693372389937,0.004419513853476084,0.94348082684973,-0.3853092693643933,0.7858300082913128,1.707988954928253,0.0398459085471996,0.0,0.015978242393336766
sandia,sandia_SNL_18650_NMC_25C_0_100_0_5_1C_a,100,2.9415,271.0,0,1,0.897841237463879,-0.10844807071222162,0.8922297297297297,-0.000908913253926704,0.0007441718287487414,0.10844807071222162,0.007139214686384464,0.001112058630334693,0.901526059191844,0.3300678120740087,0.9760326364099949,-0.0011066129664512325,0.9956595812643821,-0.00198516423538273,1.055148021035309e-05,0.0009839921671779,5.0,9.0,25.0,-0.002305242075545606,-0.0004135718983955125,0.7536770539481298,33.0,0.0,2.4533383802008994e-05,0.000762913452363726,0.004419513853476084,0.9066015914425584,0.0112332718938907,0.7743989179394768,1.8452157564315343,0.0263785659363089,0.0217391304347826,0.018018018018017983
sandia,sandia_SNL_18650_NMC_25C_0_100_0_5_1C_b,50,2.8877500000000005,340.0,0,1,0.9259804345944073,-0.08033936455718126,0.9201651754989676,-0.001464525555698831,0.000458214707071468,0.08033936455718126,0.0070989524716475105,0.0013016313752164485,0.7295438039818577,0.4101646439850999,0.9758462470781749,-0.0016737367616079296,1.0048195874941959,-0.002912289228406233,2.7841609090526256e-05,0.0015430439976229,5.0,9.0,25.0,-0.003315790780079577,-0.0008003424157868582,0.7326943556975509,20.0,0.0,4.420728057068651e-05,0.0009364891527483333,0.004328629555882642,0.9361703455583252,-0.2853927240402094,0.7811075071834228,1.7263062474544362,0.0392207131532812,0.0,0.015236776036706775
sandia,sandia_SNL_18650_NMC_25C_0_100_0_5_1C_b,100,2.8877500000000005,340.0,0,1,0.9007012379880528,-0.10561856116353564,0.8950447350309704,-0.0008752237328612586,0.0006903210866312467,0.10561856116353564,0.0070989524716475105,0.001090175223533512,0.911094671528501,0.338765395653037,0.9758462470781749,-0.0010777404200360487,0.9949461926224255,-0.0019011761133062072,1.0058356671028769e-05,0.0009452718531478,5.0,9.0,25.0,-0.0022717400714412253,-0.00041163385063592753,0.7921001986271082,31.0,0.0,2.4990026302003096e-05,0.0006808746881087005,0.004328629555882642,0.9062162828408734,0.0784838681274711,0.7685837099827225,1.86957916678816,0.0219789067187752,0.0,0.016968227859059784
sandia,sandia_SNL_18650_NMC_25C_0_100_0_5_1C_c,50,2.9055,282.0,0,1,0.9254861469626571,-0.08088108759249692,0.9196306429548564,-0.001479179178124488,0.000459402622754328,0.08088108759249692,0.007227671657201825,0.0015169737661279643,0.6065752606711252,0.5050413972705945,0.9767681982447084,-0.001685022658177009,1.0035987686521124,-0.0026420718662578213,2.2363320925640327e-05,0.0015553997874419,5.0,9.0,27.0,-0.003183015573309792,-0.0010734404126247117,0.4123076736894644,16.0,0.0,4.393721372156255e-05,0.0016477268777613492,0.007227671657201825,0.9525287547899592,-0.3861597674580888,0.780113747632082,1.7525516691390943,0.1024150054280695,0.0212765957446808,0.01445534331440365
sandia,sandia_SNL_18650_NMC_25C_0_100_0_5_1C_c,100,2.9055,282.0,0,1,0.9017380829461367,-0.10462915160901733,0.8960328317373462,-0.000878329085423989,0.0006945376798294916,0.10462915160901733,0.007227671657201825,0.001229677409834452,0.8860319676287245,0.3187235861152098,0.9767681982447084,-0.0010676444041736362,0.9962822855078536,-0.0019226956564437447,1.0238887951174043e-05,0.0009478657630197,5.0,9.0,27.0,-0.0021702468332173465,-0.0004022356400529685,0.5405965903605098,42.0,0.0,2.4837359646742196e-05,0.0011697638194086042,0.007227671657201825,0.907117502539402,-0.0580787725410578,0.7749866869119739,1.8290738015375108,0.0342712667352178,0.0104166666666666,0.016864567200137636
sandia,sandia_SNL_18650_NMC_25C_0_100_0_5_1C_d,50,2.93025,285.0,0,1,0.9217643545772545,-0.08497568466854367,0.915593220338983,-0.001558932249633888,0.0005171904882567879,0.08497568466854367,0.007337257913147341,0.0013956668707244431,0.7039880944856183,0.4189457403687527,0.975002132923812,-0.0017703267639279925,1.0052676635080124,-0.0030573255283847796,2.881525536059312e-05,0.0016470486100496,5.0,9.0,24.0,-0.0034454923116299294,-0.0008555560129657879,0.6548413779680987,19.0,0.0,5.082712062544152e-05,0.0011443303263626652,0.004265847623922772,0.9397967728060888,-0.3432542293734077,0.7834659402731583,1.714242943573412,0.0500104205746614,0.0212765957446808,0.016039587065950038
sandia,sandia_SNL_18650_NMC_25C_0_100_0_5_1C_d,100,2.93025,285.0,0,1,0.8961692688337172,-0.11057077041208098,0.8901694915254237,-0.0009186055695982595,0.0007646966079999467,0.11057077041208098,0.007337257913147341,0.0011692057148641926,0.9313405123490404,0.3184803932518614,0.975002132923812,-0.0011282731674701818,0.9952719245365311,-0.0020386669111406536,1.098099354453302e-05,0.0009965647106713,5.0,9.0,24.0,-0.002383607274939442,-0.0004115986542178312,0.7425758338569876,32.0,0.0,2.8145798755781368e-05,0.0008154581890615477,0.004265847623922772,0.90118470950412,0.0841912350543063,0.7720216401449399,1.8557834468359928,0.0231313320234189,0.0103092783505154,0.01740465830560522
sandia,sandia_SNL_18650_NMC_25C_0_100_0_5_2C_a,50,2.904,233.0,0,1,0.9242424242424243,-0.08264462809917346,0.917920656634747,-0.0014904846236014806,0.000475156852954294,0.08264462809917346,0.008264462809917356,0.0014944004323107782,0.7385401061018005,0.4146329273351524,0.9752066115702479,-0.0017217630853994148,1.004290573799416,-0.002953141077074346,2.812800872063151e-05,0.0015726873998821,5.0,8.0,24.0,-0.003414629447687259,-0.0008187404881619491,0.6902654867256636,17.0,0.0,4.395990856336088e-05,0.0011685492244922866,0.005509641873278237,0.9350783428167077,-0.2187426123047955,0.7747455923230129,1.7438531556506147,0.0418471099355004,0.0,0.015495867768595007
sandia,sandia_SNL_18650_NMC_25C_0_100_0_5_2C_a,100,2.904,233.0,0,1,0.8987603305785123,-0.10812672176308541,0.8926128590971272,-0.0008854909356680097,0.0007084887048793603,0.10812672176308541,0.008264462809917356,0.0012169327424658058,0.9250323180603772,0.3334766317295995,0.9752066115702479,-0.0011033338955416666,0.9943116416454085,-0.0019351973628940428,1.0291239482608027e-05,0.0009581444700692,5.0,8.0,24.0,-0.0023043178823811293,-0.00040409031021677,0.7545347692868903,31.0,0.0,2.4850188861434186e-05,0.000836571974022624,0.005509641873278237,0.9038162357837376,0.1243733540395659,0.7682262012729473,1.8789001304140056,0.0255197262080955,0.0,0.01721763085399442
sandia,sandia_SNL_18650_NMC_25C_0_100_0_5_2C_b,50,2.79325,135.0,0,1,0.9662579432560636,-0.03257853754586954,0.9673835125448028,-0.0009036726657009935,0.00017555038516655247,0.04403472657298853,0.006802112234851911,0.002541999070854954,0.0932403222763672,1.1378490639460077,1.0059965989438826,-0.0006787195322056028,1.0082151738308718,-0.0007076001704603598,-3.770624908474332e-06,0.0009154250126002,24.0,32.0,50.0,0.0005451453585347892,-0.000702242356229625,0.0432035328013013,5.0,0.0,0.00013710864527135058,0.0034364942330254718,0.015931262865837358,0.9303588664421144,-1.37477456432828,0.907175246213454,1.0784026315960578,0.1455075836712382,0.119047619047619,0.01217220084131381
sandia,sandia_SNL_18650_NMC_25C_0_100_0_5_2C_b,100,2.79325,135.0,0,1,0.9408395238521436,-0.05799695694978963,0.9419354838709678,-0.0006910975255581491,0.0004046160831641602,0.06945314597690858,0.006802112234851911,0.0017855320370668934,0.4188178352593061,0.5505256474583254,1.0059965989438826,-0.0005918056831610847,1.0113003519310089,-0.0010792165884090218,3.8050888514792103e-06,0.0007147829137193,24.0,32.0,80.0,-0.0007076842854863689,-0.000434432385525678,0.041816296203906,5.0,0.0,6.274330330571914e-05,0.002402269942551544,0.015931262865837358,0.964007391845816,-1.0504887657768975,0.8714438915431206,1.4171999906544437,0.0385404153077766,0.0543478260869565,0.016110265819385985
sandia,sandia_SNL_18650_NMC_25C_0_100_0_5_3C_a,50,2.91375,261.0,0,1,0.9242385242385243,-0.08271128271128275,0.9178595773687798,-0.0015404442343217503,0.0005028681892515409,0.08271128271128275,0.009781209781209816,0.0020209998283959502,0.6647532467053634,0.4207285888994508,0.9784641784641785,-0.0017231517231517117,1.0065168752897795,-0.0029792207909751698,2.76687799356419e-05,0.0016232959813029,5.0,10.0,25.0,-0.003081003081003072,-0.0008256008256007893,0.1196818219746875,18.0,0.0,2.1906404885129123e-05,0.0027076007257399227,0.014586014586014417,0.9437735334132372,-0.4855788006636854,0.7944373431533686,1.672691871819895,0.0395308387566352,0.0212765957446808,0.016130416130416166
sandia,sandia_SNL_18650_NMC_25C_0_100_0_5_3C_a,100,2.91375,261.0,0,1,0.8991848991848993,-0.10776490776490777,0.8929788684389911,-0.0009115481768542943,0.0007512590202061771,0.11977691977691986,0.016816816816816783,0.002736266699837083,0.8862913525586376,0.3367198062529157,0.9784641784641785,-0.0010996419159684256,0.9966358345470484,-0.001985439513862377,1.0528346441255988e-05,0.0009858874579923,5.0,10.0,25.0,-0.0023229440620745087,-0.00045959002480741313,-0.2659428381013939,34.0,1.0,1.769073934022507e-05,0.004374510994115693,0.03157443157443158,0.9032633388863108,0.0154233375199059,0.7793164048883123,1.8490017930874876,0.0550271906249797,0.0212765957446808,0.016816816816816783
sandia,sandia_SNL_18650_NMC_25C_0_100_0_5_3C_b,50,2.9385,287.0,0,1,0.9188361408882084,-0.0874595882252849,0.9130875887724046,-0.0016032058561045433,0.0005543593387382757,0.0874595882252849,0.0071465033180193645,0.0013709341905737622,0.780029683899886,0.376510275644728,0.9729453802960695,-0.001822074754693415,1.0056798143974928,-0.003324317008634065,3.309829139479807e-05,0.0017000378919565,5.0,8.0,21.0,-0.0037350772419685214,-0.0008174571727404799,0.7880232988330566,18.0,0.0,4.344378916726221e-05,0.00087572736894943,0.0044240258635357835,0.9272934854485848,-0.2307847249243622,0.7848342722752633,1.7163671993869851,0.0395308387566352,0.0,0.015994555045091067
sandia,sandia_SNL_18650_NMC_25C_0_100_0_5_3C_b,100,2.9385,287.0,0,1,0.8943338437978561,-0.11196188531563712,0.8887385864051405,-0.0009124887444729625,0.0007678169593461376,0.11196188531563712,0.0071465033180193645,0.0011751021624513526,1.0205767363939977,0.2999887877521565,0.9729453802960695,-0.0011424682175064829,0.9937030048439718,-0.002101414951181385,1.1656139281455122e-05,0.0009930639366869,5.0,8.0,21.0,-0.0025641594720760934,-0.00040038173868657475,0.8424851326923577,30.0,0.0,2.455843064611518e-05,0.0006375932470234133,0.0044240258635357835,0.8856092856090949,0.3357185244840317,0.762468835975136,1.8978631090869231,0.0209588510208435,0.0,0.016675174408711895
sandia,sandia_SNL_18650_NMC_25C_0_100_0_5_3C_c,50,2.938,305.0,0,1,0.9155888359428181,-0.08985704560925806,0.910629654705484,-0.0016932246009363511,0.0006141048358678748,0.08985704560925806,0.00612661674608584,0.001244787171402961,0.7341946663665292,0.3837666076645885,0.9731109598366235,-0.001872021783526208,1.0068039704330956,-0.003454298075703744,3.386679759168045e-05,0.0017987200842776,6.0,8.0,20.0,-0.00374285347055936,-0.0008604397644560584,0.814252336448598,20.0,0.0,2.8967455064235354e-05,0.0007523874754151803,0.0037440435670522804,0.9337199063623416,-0.3851340268558845,0.7958648359365762,1.6742784755751767,0.0472528848505455,0.0,0.017358747447242917
sandia,sandia_SNL_18650_NMC_25C_0_100_0_5_3C_c,100,2.938,305.0,0,1,0.891082368958475,-0.11436351259360118,0.886255924170616,-0.0009416107140506466,0.0008212762423955646,0.11436351259360118,0.00612661674608584,0.001591583277577161,0.9949264886058226,0.3427366680180502,0.9731109598366235,-0.0011669746183020423,0.9932184042752676,-0.002118685682749149,1.1539950673514751e-05,0.0010266414320654,6.0,8.0,20.0,-0.0026689259182525868,-0.0004068132713765487,0.7221982360650566,31.0,0.0,2.456261009312779e-05,0.0011798529166264465,0.0060131608804174265,0.8816543460296015,0.3054917893561559,0.7543246253637859,1.9218003291928305,0.0814008499439595,0.0329670329670329,0.018379850238257247
sandia,sandia_SNL_18650_NMC_25C_0_100_0_5_3C_d,50,2.9475,304.0,0,1,0.9170483460559796,-0.0892281594571672,0.911328388401888,-0.001648993439614996,0.0005851503352068033,0.0892281594571672,0.007124681933842341,0.001355295656244207,0.7637445033715227,0.3757130509939495,0.973027989821883,-0.0018589199886909586,1.0062936119388475,-0.003407838063491298,3.382393507454305e-05,0.0017505056402561,5.0,8.0,21.0,-0.003748583901255641,-0.000831568770500051,0.7862207731570843,20.0,0.0,3.609261364661578e-05,0.0008775776321327566,0.004410517387616591,0.9293951315715736,-0.2945084849953576,0.7894858308369743,1.6988686935151929,0.0454623740767572,0.0,0.01662425784563186
sandia,sandia_SNL_18650_NMC_25C_0_100_0_5_3C_d,100,2.9475,304.0,0,1,0.8926208651399491,-0.11365564037319777,0.8870532703978421,-0.0009307133756424767,0.000801337598769314,0.11365564037319777,0.007124681933842341,0.0011761902558261239,1.0304024893528174,0.2916378509751309,0.973027989821883,-0.001159751432379542,0.9940919993114395,-0.002165614547352468,1.2106874232450887e-05,0.001014703309061,5.0,8.0,21.0,-0.0026256591805878205,-0.0004029944315374046,0.8446997456338948,31.0,0.0,2.448344307162167e-05,0.0006337768167931128,0.004410517387616591,0.8827977550198314,0.3322186830905353,0.7649836875171537,1.8894128553294969,0.0227800283318198,0.0,0.01662425784563186
sandia,sandia_SNL_18650_NMC_25C_20_80_0_5_0_5C_a,50,2.54025,5.0,0,1,0.70859167404783,-0.4570416297608503,0.6079027355623101,-0.0024630188656507433,0.0074031378287920235,0.4570416297608503,0.23619722468260992,0.03974487414683193,4.0602807393155285,-2.3475030549076823e-16,0.70859167404783,-0.009521700620017675,0.901136095317836,-0.014183156103592482,0.00022538725457577012,0.0035525243167635,4.0,4.0,4.0,-0.03426717952847271,-1.4660256037138056e-18,0.4600610436074216,5.0,3.0,0.0023494085646621,0.03896235451910076,0.23619722468260992,0.1638889366332788,17.23669585056633,0.3480718360583431,2.7094649175203487,0.0454623740767572,0.0,0.0
sandia,sandia_SNL_18650_NMC_25C_20_80_0_5_0_5C_a,100,2.54025,5.0,0,1,0.70859167404783,-0.4570416297608503,0.6079027355623101,-0.0006200870986395434,0.0037767568929105953,0.4570416297608503,0.23619722468260992,0.028219936875485723,6.022927769201762,1.941617590598004e-15,0.70859167404783,-0.004663690099600513,0.8037204171795888,-0.0036498290603233148,2.9703352565527523e-05,0.0008864176208623,4.0,4.0,4.0,-0.009686396837011082,-1.0845277680240613e-17,0.469431608534139,5.0,3.0,0.0011383732220527508,0.027146563539513908,0.23619722468260992,0.0831440528619849,37.98316648923743,0.1732372470600109,3.425051780746634,0.0212773984472848,0.0,0.0
sandia,sandia_SNL_18650_NMC_25C_20_80_0_5_0_5C_b,50,2.5432499999999996,5.0,0,1,0.7077558242406371,-0.4612208787968151,0.6054490413723512,-0.0024772055681605825,0.007501360594246394,0.4612208787968151,0.2359186080802123,0.03994954674081617,4.070547895716919,-2.3309456735692846e-16,0.7077558242406371,-0.009608768308266943,0.901437116179286,-0.014268199282950714,0.0002267498791305613,0.0035778438954076,4.0,4.0,4.0,-0.03448247417577997,-1.4642962901146152e-18,0.4676519401704517,5.0,3.0,0.002396832667197877,0.03875247515733345,0.2359186080802123,0.1636115835208014,17.350090886300137,0.3474261333485409,2.7119425058345663,0.0454623740767572,0.0,0.0
sandia,sandia_SNL_18650_NMC_25C_20_80_0_5_0_5C_b,100,2.5432499999999996,5.0,0,1,0.7077558242406371,-0.4612208787968151,0.6054490413723512,-0.0006236158976606312,0.0038266426408178457,0.4612208787968151,0.2359186080802123,0.028368473094384318,6.036904960040488,1.9282209433899773e-15,0.7077558242406371,-0.004706335497926669,0.8034322843162841,-0.0036710014604901214,2.9876329047347837e-05,0.0008925999397111,4.0,4.0,4.0,-0.009743694946982406,-1.0832484666167785e-17,0.4768015754972949,5.0,3.0,0.0011613519109102922,0.02700164787992231,0.2359186080802123,0.0829967867902183,38.1983251781987,0.1729126368661683,3.427489726002593,0.0212773984472848,0.0,0.0
sandia,sandia_SNL_18650_NMC_25C_20_80_0_5_0_5C_c,50,2.54025,5.0,0,1,0.70859167404783,-0.4570416297608503,0.6079027355623101,-0.0024630188656507433,0.0074031378287920235,0.4570416297608503,0.23619722468260992,0.03974487414683193,4.0602807393155285,-2.3475030549076823e-16,0.70859167404783,-0.009521700620017675,0.901136095317836,-0.014183156103592482,0.00022538725457577012,0.0035525243167635,4.0,4.0,4.0,-0.03426717952847271,-1.4660256037138056e-18,0.4600610436074216,5.0,3.0,0.0023494085646621,0.03896235451910076,0.23619722468260992,0.1638889366332788,17.23669585056633,0.3480718360583431,2.7094649175203487,0.0454623740767572,0.0,0.0
sandia,sandia_SNL_18650_NMC_25C_20_80_0_5_0_5C_c,100,2.54025,5.0,0,1,0.70859167404783,-0.4570416297608503,0.6079027355623101,-0.0006200870986395434,0.0037767568929105953,0.4570416297608503,0.23619722468260992,0.028219936875485723,6.022927769201762,1.941617590598004e-15,0.70859167404783,-0.004663690099600513,0.8037204171795888,-0.0036498290603233148,2.9703352565527523e-05,0.0008864176208623,4.0,4.0,4.0,-0.009686396837011082,-1.0845277680240613e-17,0.469431608534139,5.0,3.0,0.0011383732220527508,0.027146563539513908,0.23619722468260992,0.0831440528619849,37.98316648923743,0.1732372470600109,3.425051780746634,0.0212773984472848,0.0,0.0
sandia,sandia_SNL_18650_NMC_25C_20_80_0_5_0_5C_d,50,2.5439999999999996,5.0,0,1,0.7075471698113209,-0.4622641509433963,0.6048387096774194,-0.002480747015787422,0.007526011545266597,0.4622641509433963,0.23584905660377356,0.04000126003587752,4.073104592403818,-2.326842758475517e-16,0.7075471698113209,-0.009630503144654051,0.9015122604642009,-0.014289428738175238,0.00022709003312283807,0.0035841754429293,4.0,4.0,4.0,-0.03453621849848263,-1.4638645989913502e-18,0.4695212603304118,5.0,3.0,0.002408671216378931,0.038700441906539,0.23584905660377356,0.1635422884837022,17.37832174089392,0.3472650304501846,2.712558137490565,0.0454623740767572,0.0,0.0
sandia,sandia_SNL_18650_NMC_25C_20_80_0_5_0_5C_d,100,2.5439999999999996,5.0,0,1,0.7075471698113209,-0.4622641509433963,0.6048387096774194,-0.0006245211063270049,0.0038392474113361458,0.4626572327044026,0.23584905660377356,0.028406037860940966,6.040370388551222,-0.0002967426784443,0.7075471698113209,-0.004716981132075433,0.8033681417784696,-0.0036769121631287744,2.992540251766436e-05,0.0008941904478207,4.0,4.0,4.0,-0.00975799835931089,-1.0829291127056297e-17,0.4786118199688146,5.0,3.0,0.0011670881151526731,0.026965904633827916,0.23584905660377356,0.0829646280141579,38.25168440462173,0.1728643980072006,3.4280827861618457,0.0212773984472848,0.25,0.0
sandia,sandia_SNL_18650_NMC_25C_20_80_0_5_3C_a,50,2.5435,5.0,0,1,0.7076862590918027,-0.4615687045409869,0.605245460659045,-0.002478386282761549,0.007509573357033855,0.4615687045409869,0.23589541969726752,0.03996676049713179,4.071400583272301,-2.3295764284472455e-16,0.7076862590918027,-0.009616014677937212,0.9014621691982004,-0.014275277159117594,0.00022686328608374288,0.0035799540868622,4.0,4.0,4.0,-0.03450039247169184,-1.4641523647863159e-18,0.4682763077732422,5.0,3.0,0.002400779625997012,0.03873511128834877,0.23589541969726752,0.1635884829815922,17.359506483720907,0.3473724175699152,2.7121478844807565,0.0454623740767572,0.0,0.0
sandia,sandia_SNL_18650_NMC_25C_20_80_0_5_3C_a,100,2.5435,5.0,0,1,0.7076862590918027,-0.4615687045409869,0.605245460659045,-0.0006241138269557696,0.003830899079811956,0.4619618635738158,0.23589541969726752,0.028381015235864285,6.038050430244523,0.0002666135978653,0.7076862590918027,-0.004709884740214114,0.8034021634359786,-0.0036722483798023987,2.988367208673139e-05,0.0008934067440511,4.0,4.0,4.0,-0.009748463688344564,-1.5384483893523166e-06,0.4774036980514203,5.0,3.0,0.0011632643548645173,0.02698983777806487,0.23589541969726752,0.0830370146504032,38.215980745370786,0.1728298560127778,3.427678293527489,0.0212773984472848,0.25,0.0
sandia,sandia_SNL_18650_NMC_25C_20_80_0_5_3C_b,50,4.12,415.0,0,1,1.0,0.0,1.0,2.057393417295746e-17,0.0,0.0,-0.0,0.0,,0.0,1.0,0.0,0.9999999999999998,3.3296829785251654e-17,-1.1212725333591301e-18,-1.5046763125224887e-11,50.0,50.0,50.0,1.036626111851174e-17,1.036626111851174e-17,0.0,2.0,0.0,0.0,0.0,0.0,0.0,0.0,0.0,0.0,0.0,0.0,0.0
sandia,sandia_SNL_18650_NMC_25C_20_80_0_5_3C_b,100,4.12,415.0,0,1,1.0,0.0,1.0,2.464009396574157e-18,4.6473566383554753e-32,0.0,-0.0,0.0,,0.0,1.0,0.0,0.9999999999999993,2.3719226709673928e-17,-1.8061832094619008e-19,-1.1858308685969263e-11,100.0,100.0,100.0,-1.9301331861513872e-17,-1.9301331861513872e-17,0.0,2.0,0.0,0.0,0.0,0.0,0.0,0.0,3.493930598699627e-48,4.566631005643516e-46,0.0206192872027357,0.0,0.0
sandia,sandia_SNL_18650_NMC_25C_40_60_0_5_0_5C_a,50,2.095,5.0,0,1,0.28639618138424816,-1.1360381861575177,0.2013422818791946,-0.006073255077687398,0.0451961837404718,1.1360381861575177,0.5727923627684964,0.09787607798327928,4.084980721682277,7.590090693912863e-17,0.28639618138424816,-0.023667462211614938,0.761331105945653,-0.034992154176452454,0.0005561326749762291,0.0256654025577942,4.0,4.0,4.0,-0.08460036383664062,1.1781552671700475e-17,0.4780949908402602,5.0,3.0,0.0059919768445640086,0.09353384438310204,0.5727923627684964,0.1632192109424798,17.509423542244633,0.3465150450620048,2.715410984818519,0.0454623740767572,0.0,0.0
sandia,sandia_SNL_18650_NMC_25C_40_60_0_5_0_5C_a,100,2.095,5.0,0,1,0.28639618138424816,-1.1360381861575177,0.2013422818791946,-0.0015287451496111214,0.023053872338063115,1.1360381861575177,0.5727923627684964,0.06951323525332237,6.056556537706624,3.3229977446678987e-16,0.28639618138424816,-0.011592226389362385,0.5209611877443622,-0.009000543267230309,7.325292272171838e-05,0.0058476790240306,4.0,4.0,4.0,-0.023893327799107588,-1.2035542499776808e-17,0.4869316664310066,5.0,3.0,0.002903328986541336,0.06517645328730166,0.5727923627684964,0.0827887127530782,38.50070015935172,0.1724545465771758,3.430903376669017,0.0212773984472848,0.0,0.0
sandia,sandia_SNL_18650_NMC_25C_40_60_0_5_0_5C_b,50,2.0935,5.0,0,1,0.28660138524002865,-1.1339861475997133,0.2017484868863483,-0.006067224597027705,0.045087361088218404,1.1339861475997133,0.5732027704800574,0.09778913524292036,4.082443590739107,7.603365047900769e-17,0.28660138524002865,-0.023624711408327344,0.7610480903559713,-0.0349554073238887,0.0005555419755165512,0.0256065886744159,4.0,4.0,4.0,-0.0845056543647419,1.1789994194990445e-17,0.4762784911285526,5.0,3.0,0.005965780607655887,0.09369790643261064,0.5732027704800574,0.1632883957823708,17.48142052208984,0.346675494949467,2.714802458609764,0.0454623740767572,0.0,0.0
sandia,sandia_SNL_18650_NMC_25C_40_60_0_5_0_5C_b,100,2.0935,5.0,0,1,0.28660138524002865,-1.1339861475997133,0.2017484868863483,-0.0015272527579327441,0.022998696964564296,1.1339861475997133,0.5732027704800574,0.06944963927082226,6.05310171493318,3.3286839237982953e-16,0.28660138524002865,-0.011571287220405206,0.5209336062340437,-0.008991516621874801,7.31790574896107e-05,0.0058366396733358,4.0,4.0,4.0,-0.023868703336413947,-1.2044166007658187e-17,0.4851703568179986,5.0,3.0,0.0028906359645342727,0.06528993508595214,0.5732027704800574,0.082825379571247,38.447552678221896,0.1725352253881836,3.43030441315882,0.0212773984472848,0.0,0.0
sandia,sandia_SNL_18650_NMC_25C_40_60_0_5_3C_a,50,2.08625,5.0,0,1,0.2875973636908328,-1.1240263630916716,0.2037351443123939,-0.006037955026228544,0.04456203701391052,1.1240263630916716,0.5751947273816657,0.0973755069056614,4.070121381860735,7.668184556437161e-17,0.2875973636908328,-0.023417215897743128,0.7596744444880941,-0.0347770526182758,0.0005526749536931815,0.0253237103999232,4.0,4.0,4.0,-0.0840459720028323,1.183096601424206e-17,0.4673392833683409,5.0,3.0,0.00583863442244683,0.09449920783001586,0.5751947273816657,0.1636231345859643,17.345381102518385,0.3474529967462327,2.7118397535478747,0.0454623740767572,0.0,0.0
sandia,sandia_SNL_18650_NMC_25C_40_60_0_5_3C_a,100,2.08625,5.0,0,1,0.2875973636908328,-1.1240263630916716,0.2037351443123939,-0.0015200092782905212,0.02273233004447549,1.1240263630916716,0.5751947273816657,0.06914675756448924,6.036324284911326,3.356443741530939e-16,0.2875973636908328,-0.011469656766241534,0.5207997364789462,-0.008947704851267871,7.28205448330737e-05,0.0057833535199339,4.0,4.0,4.0,-0.023749185922317458,-1.2086021108224046e-17,0.4764981272002772,5.0,3.0,0.0028290290500515756,0.06584428651784004,0.5751947273816657,0.0830029169006445,38.18938808768657,0.1729261424935744,3.4273886099094906,0.0212773984472848,0.0,0.0
sandia,sandia_SNL_18650_NMC_25C_40_60_0_5_3C_b,50,2.089,5.0,0,1,0.28721876495931065,-1.1278123504068933,0.20297699594046,-0.006049081193032504,0.04476116870164071,1.1278123504068933,0.5744375299186214,0.0975310997997888,4.074806770144668,7.643468166385487e-17,0.28721876495931065,-0.023496090633476928,0.7601966049652799,-0.03484485013462925,0.0005537647873383915,0.0254307400849063,4.0,4.0,4.0,-0.08422070987891954,1.1815391501777166e-17,0.4707611720601234,5.0,3.0,0.005886966175407133,0.09419363940669727,0.5744375299186214,0.1634961031683618,17.39711564029267,0.3471577032804411,2.712967717053912,0.0454623740767572,0.0,0.0
sandia,sandia_SNL_18650_NMC_25C_40_60_0_5_3C_b,100,2.089,5.0,0,1,0.28721876495931065,-1.1278123504068933,0.20297699594046,-0.001522762723610675,0.022833303531931307,1.1278123504068933,0.5744375299186214,0.06926075625305748,6.042703376364992,3.345859823177377e-16,0.28721876495931065,-0.011508289289866252,0.5208506240452666,-0.008964358907150456,7.295682532881762e-05,0.0058035515552814,4.0,4.0,4.0,-0.023794617770100144,-1.2070110836300821e-17,0.4798187234390823,5.0,3.0,0.0028524475282900434,0.06563287248612996,0.5744375299186214,0.0829355164993991,38.28756037282988,0.1727776795076142,3.428498649642362,0.0212773984472848,0.0,0.0
sandia,sandia_SNL_18650_NMC_35C_0_100_0_5_1C_a,50,2.93025,280.0,0,1,0.9251770326763927,-0.08258680999914683,0.9180494412461904,-0.0014675560523671701,0.00046297922257806397,0.08258680999914683,0.008702329152802661,0.001586541063404317,0.7688532584507746,0.4013657491059077,0.975002132923812,-0.0017205585416488695,1.0042638293574997,-0.002954526957791417,2.859559433508137e-05,0.0015480545062129,5.0,8.0,25.0,-0.0034216274298178315,-0.0007827681234386827,0.7048742201515473,16.0,0.0,5.80881378576572e-05,0.001195876532609129,0.005972186673492023,0.9303746958002732,-0.1362341731513003,0.769844593736456,1.7584906421561783,0.0404913613547368,0.0,0.015357051446122311
sandia,sandia_SNL_18650_NMC_35C_0_100_0_5_1C_a,100,2.93025,280.0,0,1,0.9016295537923384,-0.10613428888320105,0.8946833728411785,-0.0008511413345227881,0.0006626694120488078,0.10613428888320105,0.008702329152802661,0.0012804162314416858,0.983456639657209,0.3084400312102713,0.975002132923812,-0.0010830029477877656,0.9941539860294343,-0.0019228878886904189,1.0507319158506245e-05,0.0009199238353938,5.0,8.0,25.0,-0.0022898328158674854,-0.0003805877967082331,0.7620680421048517,30.0,0.0,2.8145798755778248e-05,0.0008542877325762647,0.005972186673492023,0.8927940123663491,0.2667805167525081,0.7641398487140021,1.8957698778163208,0.0223057575142982,0.0,0.016039587065949903
sandia,sandia_SNL_18650_NMC_35C_0_100_0_5_1C_b,50,2.92025,90.0,0,1,0.9290300487971921,-0.07739063436349625,0.9231030962912556,-0.0014412031399324034,0.0004397467455360582,0.07739063436349625,0.005992637616642412,0.001111179263900762,0.6678617462508142,0.4225783403082593,0.9793682047769883,-0.0016123048825728277,1.0059789580022083,-0.0027951368559598322,2.6037186846680057e-05,0.0015138244343579,6.0,10.0,27.0,-0.002985542836582964,-0.0007830539463104872,0.7815299532838732,19.0,0.0,5.828705280623235e-05,0.0006778023973683417,0.0035955825699854125,0.944664860688937,-0.4760864439046504,0.7943518866601587,1.6794015204914192,0.0404913613547368,0.0,0.015067203150415204
sandia,sandia_SNL_18650_NMC_35C_0_100_0_5_1C_b,100,2.92025,90.0,0,1,0.896156151014468,-0.11026453214622037,0.8904389248043552,-0.001062008260511292,0.0012212546979010542,0.25169077989898125,0.08458179950346714,0.01759992135908751,-1.207818317290342,0.7912659645019557,0.9793682047769883,-0.001125148287206301,0.9907140681860744,-0.0013546521079511344,2.86905732784143e-06,0.0011423295021485,6.0,10.0,27.0,-0.002187945493052616,-0.0019049887777624862,-0.3365589323569625,93.0,3.0,3.530272528211626e-05,0.028922051408450136,0.22155637359815078,0.7542136217135668,6.084328152850009,0.6376205600774023,2.3630596632092904,0.0316118276343474,0.0555555555555555,0.016094512456125365
sandia,sandia_SNL_18650_NMC_35C_0_100_0_5_1C_c,50,2.936,256.0,0,1,0.9223433242506813,-0.08549046321525881,0.9151740452855694,-0.001524321581493597,0.0004997018267102363,0.08549046321525881,0.008174386920980927,0.0015156350188446866,0.7731690253743823,0.4046012546289936,0.9737738419618529,-0.0017810513169845368,1.0045307551103222,-0.003073511899397071,2.9792121498142837e-05,0.0016112741951089,5.0,8.0,23.0,-0.003606066957565531,-0.0008622168022712534,0.7544764519357886,17.0,0.0,6.522117224185967e-05,0.0010197147138580722,0.005108991825613113,0.9299771021868152,-0.1326368421545014,0.7734890854966864,1.762604670498749,0.0540672212702758,0.0,0.015667574931880042
sandia,sandia_SNL_18650_NMC_35C_0_100_0_5_1C_c,100,2.936,256.0,0,1,0.899182561307902,-0.10865122615803811,0.8921933085501859,-0.0008678945940526227,0.0006948395131360139,0.10865122615803811,0.008174386920980927,0.00125786863001359,1.0199195121595257,0.2914687843262541,0.9737738419618529,-0.001108685981204462,0.9940140823930294,-0.002005333341610695,1.1151360270177401e-05,0.0009406350671915,5.0,8.0,23.0,-0.0024024108517948233,-0.0003748074872645436,0.8015300708378508,29.0,0.0,3.160201129245323e-05,0.0007482686138001703,0.005108991825613113,0.8853077963841111,0.3445214248110186,0.7616985338897536,1.9002315966791856,0.0255077595472126,0.0103092783505154,0.015667574931880042
sandia,sandia_SNL_18650_NMC_35C_0_100_0_5_1C_d,50,2.8739999999999997,390.0,0,1,0.9415448851774532,-0.06332637439109252,0.9369806094182824,-0.0012497337139448506,0.000378615837177471,0.06332637439109252,0.010264439805149617,0.0021161320445641963,0.8310122119792066,0.1152117624648189,0.9843423799582465,-0.0013192994664810718,1.0124378310823283,-0.0033381682526872304,4.016220266809326e-05,0.001309347267541,8.0,13.0,21.0,-0.002309103561713118,-0.000453791163603236,0.5611114370648531,22.0,2.0,5.922504034704246e-05,0.0019801193319973556,0.009220598469032672,0.8250232570373417,-0.7923891032461174,0.8354976448448012,1.4560522328295755,0.0703164984174597,0.1025641025641025,0.004175365344467641
sandia,sandia_SNL_18650_NMC_35C_0_100_0_5_1C_d,100,2.8739999999999997,390.0,0,1,0.919972164231037,-0.0848990953375086,0.9155124653739612,-0.0006797449162495129,0.00045052120773903876,0.0848990953375086,0.010264439805149617,0.0015510928423647184,1.1604926554626762,0.3424361988893424,0.9843423799582465,-0.0008663172993623175,0.9957233320419381,-0.0015943924332824635,8.967132519930895e-06,0.0007237147534554,8.0,13.0,21.0,-0.002474130888626688,-0.0003721521285286361,0.5900871335990794,22.0,2.0,2.8696669034141893e-05,0.0013914925747579333,0.009220598469032672,0.8375707964563263,0.5964604936248263,0.770583939749867,1.9819103859409417,0.043099192481852,0.0459770114942528,0.009394572025052228
sandia,sandia_SNL_18650_NMC_35C_0_100_0_5_2C_a,50,2.93675,170.0,0,1,0.9265344343236571,-0.07933940580573749,0.9211238997968856,-0.0014019732350248064,0.0004145984663645038,0.07933940580573749,0.009704605431173952,0.0023670511454048863,0.5860797693558066,0.6010603453546484,0.9738656678300842,-0.0016529042876195115,0.9999171178155032,-0.00232203965448237,1.7693584989567805e-05,0.0014722271524429,5.0,8.0,26.0,-0.0032961845339472885,-0.0008798556512866263,0.0551576697953595,11.0,0.0,7.244946197217505e-06,0.0032839631720501914,0.011917936494424143,0.9481602616435808,-0.1649409550524279,0.7509658654764952,1.8404574422957625,0.1670540846631662,0.0975609756097561,0.015663573678385903
sandia,sandia_SNL_18650_NMC_35C_0_100_0_5_2C_a,100,2.93675,170.0,0,1,0.9030390738060782,-0.10283476632331645,0.8977657413676372,-0.0008670180346839194,0.0006712675736549122,0.10283476632331645,0.009704605431173952,0.0017723101655549502,0.8289820688492332,0.3231102746186625,0.9738656678300842,-0.0010493343502379162,0.9950903895710731,-0.001845680859406827,9.594733575714693e-06,0.0009346910240495,5.0,8.0,26.0,-0.001955800000740274,-0.0003748598161972929,0.1576087131306805,26.0,0.0,7.0208756962726336e-06,0.002311138821138742,0.011917936494424143,0.9145457240530248,-0.1695514001906808,0.7728330031712044,1.798851443094975,0.047779788301408,0.0681818181818181,0.016685111092193717
sandia,sandia_SNL_18650_NMC_35C_0_100_0_5_2C_b,50,2.885,400.0,0,1,0.9320623916811093,-0.07452339688041588,0.9259641873278236,-0.001359742510522357,0.0003935258766676499,0.07452339688041588,0.010398613518197644,0.0021715588921273486,0.6817156192390597,0.4418843066954371,0.9785095320623918,-0.0015525707683419758,1.004530996040881,-0.0026099453092937263,2.4042361514832787e-05,0.0014253717002865,6.0,10.0,30.0,-0.003012931609118787,-0.000677485426185546,-0.093342115351309,18.0,1.0,5.162432243074524e-05,0.0032318572747783714,0.017677642980936086,0.939658510173766,-0.3649091604476808,0.7849292305765557,1.7265743436280752,0.0926588304827048,0.0217391304347826,0.014558058925476673
sandia,sandia_SNL_18650_NMC_35C_0_100_0_5_2C_b,100,2.885,400.0,0,1,0.908838821490468,-0.09774696707105719,0.902892561983471,-0.0008048239620410746,0.0005846523789279156,0.09774696707105719,0.010398613518197644,0.001671904565269567,0.907764801734936,0.3392619975885514,0.9785095320623918,-0.0009974180313372964,0.9959956083560831,-0.0017519919486271751,9.285960652805044e-06,0.0008631722775403,6.0,10.0,30.0,-0.0020467184085600347,-0.00038595433652325825,0.0133905766224158,31.0,1.0,2.8587253658273557e-05,0.0023468972561713,0.017677642980936086,0.9047923184172286,0.0457421463778393,0.7664316582793261,1.871955574508188,0.0631408968709331,0.108433734939759,0.015597920277296328
