source,target,direction,feature,n_cycles,abs_mean_shift_z,abs_mean_shift_z_raw_table,spearman_source,spearman_target,spearman_abs_delta,spearman_sign_agree,within_R2_mean,within_MAE_mean,raw_cross_R2_mean,raw_cross_MAE_mean,adapted_cross_R2_mean,adapted_cross_MAE_mean,adapted_cross_SMAPE_mean,adapted_residual_shift_mean,n_within_runs,n_cross_raw_runs,n_cross_adapted_runs,transfer_stability_score,stability_class
hust,luh,hust_to_luh,exp_decay_k,100,1.6855015324626899,1.6855015324626899,-0.12161602618714076,-0.9303141067407266,0.8086980805535858,True,-0.11120115222005855,242.09742822072772,-1.1263147560663684,512.4887828228142,0.47312240738404754,229.01215530015443,51.16754810906861,-479.66235836805305,5,5,100,0.7890705446218989,weak_or_mixed
hust,luh,hust_to_luh,slope_linear,100,1.777117341348478,1.8600748327728545,0.12161602618714076,0.9310597606616027,0.8094437344744619,True,-0.11687843851747584,242.7386398649497,-1.328740912133765,537.1225579489659,0.4457825835319115,236.71123573896944,52.899592316795776,-502.1493700412434,5,5,100,0.7202756986243204,weak_or_mixed
hust,luh,hust_to_luh,mad_Qdis,100,1.5106125873638117,1.6376625157298716,-0.1264007466294364,-0.9215476349682634,0.7951468883388271,True,-0.11573208075641359,239.02170985381593,-1.7304864632899957,503.8802026683564,0.3742565668527578,246.44206094440696,51.47671395546951,-329.35695831847914,5,5,100,0.6243478014315303,weak_or_mixed
hust,luh,hust_to_luh,Qdis_N,100,1.9090620449556899,12.618550341632501,0.10435685602028864,0.925875450630646,0.8215185946103574,True,-0.09227293750827219,239.1960363093846,-1.6368578161954956,594.7749147700545,0.4044072069426856,246.22413456431627,52.45971615437192,-570.5236932797143,5,5,100,0.6116958098368391,weak_or_mixed
hust,luh,hust_to_luh,mean_diff,100,1.928792511089415,1.9906787255114746,0.07882958377045862,0.9238853607742535,0.845055777003795,True,-0.08991263399970631,238.72293648544624,-1.7720871432449272,612.0176795684895,0.3958578244687829,248.03251712225264,52.439533238218104,-593.4012675509196,5,5,100,0.5798688837722561,weak_or_mixed
hust,luh,hust_to_luh,delta_Qdis,100,1.9287925110894846,1.990678725511506,0.07882958377045862,0.9238853607742535,0.845055777003795,True,-0.08991263399968145,238.72293648544738,-1.7720871432457799,612.0176795685986,0.39525164605789553,246.73813124588418,52.22766608512695,-593.6487105277305,5,5,100,0.5786565269504709,weak_or_mixed
hust,luh,hust_to_luh,retention_ratio,100,1.931390658866338,1.931390658866338,0.07756767947798504,0.9238853607742535,0.8463176812962685,True,-0.08997565235600209,238.73586710561858,-1.7761667947857191,612.5018714726835,0.3850339318531005,248.9981090448829,52.71501972524078,-595.8195101027638,5,5,100,0.5572004242281159,weak_or_mixed
hust,luh,hust_to_luh,knee_cycle,100,0.22153681678268583,0.22153681678268583,-0.08509960232759053,-0.13467657801374902,0.049576975686158486,True,-0.026908714932763457,229.42078884185798,-4.940889335092526,910.2394329092483,-0.07031587453075865,345.03302568753855,67.05750066133783,-909.9039122087289,5,5,100,0.4419809896395179,weak_or_mixed
hust,luh,hust_to_luh,variance_Qdis,100,0.8033208124403617,0.814641567438129,-0.13505004896743236,-0.9306869337011646,0.7956368847337323,True,-0.01920350743011936,228.68066537499493,-3.5555159282311806,768.9170926698239,0.16717040194261984,298.69736141252247,64.27392513836514,-753.881089950923,5,5,100,0.3160242396523193,weak_or_mixed
hust,luh,hust_to_luh,kurtosis_Qdis,100,1.2929044901748787,1.2929044901748787,0.2963503361855911,0.28805417075793543,0.008296165427655655,True,-0.0876245510184234,238.9257916449996,-4.475208713041682,869.8138380060198,-0.05467082525793916,343.61412720248757,66.87735513564041,-854.1852138815353,5,5,100,0.30191624375994036,weak_or_mixed
hust,luh,hust_to_luh,slope_ratio,100,1.136196874886621,1.136196874886621,-0.3576578530615989,-0.21527734043998714,0.14238051262161178,True,-0.006370266626345633,227.80411157403552,-4.425782879574439,867.6685028823438,-0.03376076409449948,339.1845699549712,66.29272987664304,-872.9326265065274,5,5,100,0.258380212456201,weak_or_mixed
hust,luh,hust_to_luh,accel_mean,100,1.0928323901722432,1.427960352516657,-0.17009418275633392,-0.426433431506483,0.2563392487501491,True,-0.02748261724269836,230.93827481362786,-4.716551728722776,891.7635463890471,-0.04147347992221721,337.0151109465904,65.50517920332136,-899.5419961598676,5,5,100,0.20790551709908897,weak_or_mixed
hust,luh,hust_to_luh,linearity_r2,100,1.4079857548818642,1.4079857548818642,-0.3973815486017567,-0.2241748054688204,0.17320674313293627,True,-0.03200027331477724,229.02028426562865,-4.273876719696906,851.8016044140652,-0.05803752079392357,345.0134311906547,67.06849455087337,-833.426910990436,5,5,100,0.20219876520125224,weak_or_mixed
hust,luh,hust_to_luh,skewness_Qdis,100,1.3173803497550414,1.3173803497550414,0.019506937187820678,0.2619814745381097,0.24247453735028904,True,-0.07717779237196283,237.2431523480397,-4.524371467561631,873.0755959005794,-0.0867949006432136,346.90761894139507,67.16490238529076,-879.3534693468184,5,5,100,0.18115567886159933,weak_or_mixed
hust,luh,hust_to_luh,poly2_b,100,2.5572791379906477,2.630996573177468,0.049950378243745666,0.858932858423337,0.8089824801795913,True,-0.0886190920609999,238.6621181242368,-2.7571849607478547,718.0649245413515,0.2011113924290558,290.1505130886764,58.8174078848271,-691.382102311331,5,5,100,0.11413967406971881,weak_or_mixed
hust,luh,hust_to_luh,slope_first_quarter,100,2.6287813708305294,2.766577427270439,0.04611208602080521,0.8371023284290365,0.7909902424082313,True,-0.06704430036078698,235.5530349613441,-3.08689221229247,751.8286482512209,0.1680067759153567,301.2167340582759,60.88685057278295,-730.4318298542951,5,5,100,0.0462012250020184,weak_or_mixed
hust,luh,hust_to_luh,Qdis_cycle10,100,2.491206277207383,101.27385854885485,0.07174451696167469,0.8274390566706548,0.75569453970898,True,-0.04681975663108284,232.6380216181115,-3.438492548839693,784.4044041917973,0.11280253717076504,311.88261861423035,62.34542324250931,-771.0901432210502,5,5,100,-0.02592313709406735,weak_or_mixed
hust,luh,hust_to_luh,sample_entropy,100,3.612623431374343,3.612623431374343,0.24554554357714975,0.03512605163598809,0.21041949194116166,True,0.024142292972343403,223.33240380881307,-3.6381411745490375,792.3546986229194,-0.06274219515016777,343.2369903895431,66.73306114791376,-777.7670069813643,5,5,100,-0.12296096770438888,scale_shift_fragile
hust,luh,hust_to_luh,spectral_entropy,100,0.05379111040212551,0.05379111040212551,-0.07107413030629811,0.23415548396379138,0.3052296142700895,False,-0.025846064407663617,229.82847680219396,-4.941932857948048,910.1846213308514,-0.06223883956891971,343.04684001334846,66.64154814054936,-910.5108671234256,5,5,100,-0.16068347369536357,relationship_unstable
hust,luh,hust_to_luh,fft_top3_energy_ratio,100,0.42305631919654024,0.42305631919654024,0.03806744615628617,-0.26260117340478384,0.30066861956107,False,-0.029089966731630446,230.32975694768257,-4.981875025830532,913.5690849534845,-0.0778420705277414,344.50889621000346,66.713406152918,-913.9170317440578,5,5,100,-0.21379275766001604,relationship_unstable
hust,luh,hust_to_luh,poly2_a,100,0.30526545147985595,133.89930619196073,0.14649920145435408,-0.4442434761706538,0.5907426776250079,False,-0.025762683670578435,228.63475367437695,-5.55718675090554,944.1747406255502,-0.35630623712300064,383.12760976804753,70.88302609921486,-929.8541937687987,5,5,100,-0.3411611565344823,relationship_unstable
hust,luh,hust_to_luh,poly2_c,100,1.4954810885633132,1.3581280820684594,0.013289429580112333,-0.46581201965221397,0.4791014492323263,False,-0.07976259490897501,237.28070055556904,-3.896357686770661,812.3494700907547,-0.07779588819713698,331.93865630156614,63.4685430205304,-786.8581563952847,5,5,100,-0.4638728879006601,relationship_unstable
hust,luh,hust_to_luh,max_drop,100,0.22768091677076838,1.3545045240115108,0.048110101150555036,-0.8477127821950178,0.8958228833455728,False,-0.028946442870437218,229.89582291586794,-4.952999770291169,909.4103969256628,-0.08326942738828665,348.2857989973917,67.4494550388882,-906.3522510248522,5,5,100,-0.48206357918840165,relationship_unstable
hust,luh,hust_to_luh,cycle_to_98pct,100,9.122638033120165,9.122638033120165,0.19611742409967373,0.8601813588001495,0.6640639347004758,True,-0.01673483299878851,228.9432901121937,-2.920417727071984,675.2892443571579,-0.0031622050847085526,333.4995018064898,65.37687814702194,-55.5664578575311,5,5,100,-0.5820319673502379,scale_shift_fragile
hust,luh,hust_to_luh,cycle_to_99pct,100,7.842963833545274,7.842963833545274,0.10240870529870201,0.8201441323740399,0.7177354270753379,True,-0.022054475140786158,229.77399058787196,-4.241677672631925,840.6556565274932,-0.05697663207654738,344.39084553808624,66.99886107231988,-814.4711887376028,5,5,100,-0.608867713537669,scale_shift_fragile
hust,luh,hust_to_luh,slope_last_quarter,100,1.1267126210088756,1.2422369705484009,-0.03947394364893901,0.886552282708764,0.9260262263577029,False,-0.048460310551617036,232.06239453772636,-9.396766024341172,919.2533271677327,-3.229830524041958,425.10610614065416,75.41584887522433,-876.7440116696109,5,5,100,-0.6320200063301828,relationship_unstable
hust,luh,hust_to_luh,std_diff,100,1.1864726033956001,0.8682790413952505,0.26113531952375035,-0.6855985510326347,0.946733870556385,False,-0.05229780044390429,247.247689476174,-4.130386088692935,801.0928505502732,-0.6830222420371698,444.6029592616979,80.24222243925405,-749.6996437286112,5,5,100,-0.6513378257875325,relationship_unstable
hust,luh,hust_to_luh,range_Qdis,100,1.6530834811113286,1.870430470381742,0.13098829452603306,-0.9238853607742535,1.0548736553002867,False,-0.03511566820518928,230.0960785211003,-8.373423931815484,1052.1362665983847,-1.2852883608579517,435.2647594994555,80.1903412515044,-1054.7053250268361,5,5,100,-0.7479625221666992,relationship_unstable
hust,luh,hust_to_luh,autocorr_lag1,100,6.488072991505235,6.488072991505235,0.15451755164611325,-0.11083540949564176,0.265352961141755,False,-0.05072700606322826,228.21162790151007,-8.676748589451453,1192.211038219571,-0.06686406292549318,343.5948343179262,66.67952685743975,-1188.5756724815444,5,5,100,-0.8826764805708776,scale_shift_fragile
hust,luh,hust_to_luh,accel_max_abs,100,5.375675893114188,2.1689227950199657,0.04290474594410154,-0.600241329900985,0.6431460758450865,False,-0.026988051742432396,229.4655479112855,-4.932630072540306,909.5134633011066,-0.05116679484571628,345.31748985761647,67.10627885545443,-891.1620130689166,5,5,100,-1.0715730379225432,scale_shift_fragile
hust,luh,hust_to_luh,accel_std,100,7.636168914232008,5.715287589178647,0.25245972751299456,-0.6255230283804217,0.8779827558934163,False,-0.04925708023233677,248.90133128073995,-2.2616030258745607,649.9656962398142,-0.1129084933144674,350.942470886563,67.82379442796821,-613.0349329637052,5,5,100,-1.1889913779467083,scale_shift_fragile
hust,luh,hust_to_luh,cycle_to_95pct,100,1.2468037663166378,1.2468037663166378,,0.8901398156987894,,False,-0.026925705745010787,229.43052633076172,-4.941056459685158,910.2523749404205,-0.06815234119572185,343.83340697674424,66.79766174420361,-911.0727486690294,5,5,100,,relationship_unstable
hust,luh,hust_to_luh,n_capacity_jumps,100,0.0,0.0,,,,False,-0.026925705745010787,229.43052633076172,-4.941056459685158,910.2523749404205,-0.05782301215235669,342.5881627906976,66.54726544691404,-907.5377486690294,5,5,100,,relationship_unstable
hust,luh,hust_to_luh,pos_neg_diff_ratio,100,4.093282903677623,4.093282903677623,0.10979704492961807,,,False,-0.08995049597280173,239.62098178215928,-4.109010825959503,834.8787381483431,-0.0701637064342096,344.7236395348837,66.96451769410096,-831.3542806265615,5,5,100,,scale_shift_fragile
hust,matr,hust_to_matr,Qdis_N,100,0.09437274438268264,8.208490470643092,0.10435685602028864,0.08329420052175951,0.021062655498529134,True,-0.09227293750827219,239.1960363093846,-3.6390169702125568,726.0186100388437,0.006618398258801469,270.5121457409161,34.91491675155113,-693.499987469882,5,5,100,0.48854955711093595,weak_or_mixed
hust,matr,hust_to_matr,cycle_to_98pct,100,0.11519321621027859,0.11519321621027859,0.19611742409967373,0.20898685857050125,0.012869434470827529,True,-0.01673483299878851,228.9432901121937,-3.5765792835909194,716.9110173660167,-0.051171418644923534,284.19922574944377,37.91583878131747,-673.8630494411296,5,5,100,0.4762863003330444,weak_or_mixed
hust,matr,hust_to_matr,slope_linear,100,0.19480822613267929,0.2538728132062484,0.12161602618714076,0.10601359586525631,0.01560243032188445,True,-0.11687843851747584,242.7386398649497,-3.7507097156090916,735.8598010233158,-0.0048411508622452516,271.4555595803686,35.215400833951676,-718.5338380923611,5,5,100,0.4629775509191559,weak_or_mixed
hust,matr,hust_to_matr,exp_decay_k,100,0.19433510010744115,0.19433510010744115,-0.12161602618714076,-0.10570612373339304,0.015909902453747723,True,-0.11120115222005855,242.09742822072772,-3.7566789176341047,736.430343806548,-0.015631452236031816,273.90384206111975,35.43471685939673,-711.864463308716,5,5,100,0.46289478375701,weak_or_mixed
hust,matr,hust_to_matr,slope_ratio,100,0.22991622536821346,0.22991622536821346,-0.3576578530615989,-0.2714587596184837,0.08619909344311522,True,-0.006370266626345633,227.80411157403552,-4.820439929391706,789.0707025611854,-0.47944590401792986,307.1063305198976,40.427299081790544,-758.9466326888677,5,5,100,0.4224130194732104,weak_or_mixed
hust,matr,hust_to_matr,autocorr_lag1,100,0.6862570928621154,0.6862570928621154,0.15451755164611325,0.07220004696389302,0.08231750468222022,True,-0.05072700606322826,228.21162790151007,-4.284998785986696,776.2378005952246,-0.12959159997745362,287.29779575739445,36.95427837284078,-749.8274514326499,5,5,100,0.35590268372957257,weak_or_mixed
hust,matr,hust_to_matr,kurtosis_Qdis,100,0.49057770672420875,0.49057770672420875,0.2963503361855911,0.14034984739078715,0.15600048879480394,True,-0.0876245510184234,238.9257916449996,-11.57105108722056,893.0632540300976,-6.136388152026641,389.56601185820824,44.93505549210177,-860.4443718461232,5,5,100,0.3484130995939667,weak_or_mixed
hust,matr,hust_to_matr,linearity_r2,100,0.7926134476073226,0.7926134476073226,-0.3973815486017567,-0.30138418365237607,0.0959973649493806,True,-0.03200027331477724,229.02028426562865,-4.084801625964353,760.5921223840048,0.005847139386883236,272.9231185476173,35.28232351469671,-737.281330239838,5,5,100,0.3448035791579778,weak_or_mixed
hust,matr,hust_to_matr,mad_Qdis,100,0.5832173802778664,0.7122615467251117,-0.1264007466294364,-0.39316461501356176,0.26676386838412536,True,-0.11573208075641359,239.02170985381593,-5.325270677383637,844.3348292301914,0.013806300166651287,272.87007662635204,37.89014319455025,-825.0548040015026,5,5,100,0.30674805909955993,weak_or_mixed
hust,matr,hust_to_matr,cycle_to_99pct,100,0.7116300876930944,0.7116300876930944,0.10240870529870201,0.2911812672323952,0.18877256193369318,True,-0.022054475140786158,229.77399058787196,-3.6999099867166643,728.9953935063284,-0.04524043842268381,280.4348614270658,36.278537970303475,-693.65183752756,5,5,100,0.29886920587918925,weak_or_mixed
hust,matr,hust_to_matr,knee_cycle,100,0.834763550107729,0.834763550107729,-0.08509960232759053,-0.27491226315709616,0.18981266082950563,True,-0.026908714932763457,229.42078884185798,-3.5987422916806744,720.2644592732006,-0.06006121947284099,284.0489504788165,36.68842216275125,-687.2005634180183,5,5,100,0.27987913706908785,weak_or_mixed
hust,matr,hust_to_matr,variance_Qdis,100,0.11745525635348535,0.11605148497168162,-0.13505004896743236,-0.5653462136557935,0.4302961646883612,True,-0.01920350743011936,228.68066537499493,-3.6158850832468006,721.4346469540352,-0.10556043675360773,288.6763194101584,38.16963793674682,-670.175377350274,5,5,100,0.2672336292027966,weak_or_mixed
hust,matr,hust_to_matr,poly2_c,100,0.19607832264362354,0.25884835234289927,0.013289429580112333,0.6548737128507811,0.6415842832706687,True,-0.07976259490897501,237.28070055556904,-3.61338612435478,717.5635585575541,-0.1504485085338164,293.1687683897298,37.55964500615393,-685.6207982769181,5,5,100,0.1497961099681221,weak_or_mixed
hust,matr,hust_to_matr,retention_ratio,100,0.19421462244985926,0.19421462244985926,0.07756767947798504,-0.018571316764541435,0.09613899624252648,False,-0.08997565235600209,238.73586710561858,-3.7007793837304392,730.6425572631182,-0.019193917380894966,276.94547429514813,35.74290461908688,-692.6558017321034,5,5,100,-0.07720169148874212,relationship_unstable
hust,matr,hust_to_matr,delta_Qdis,100,0.19524414028991513,0.2111489401020372,0.07882958377045862,-0.018571316764541435,0.09740090053500006,False,-0.08991263399968145,238.72293648544738,-3.7013043839618773,730.6852721318548,-0.002255046804229658,274.53160627800634,35.45348642513019,-704.1802957293675,5,5,100,-0.0779870713109873,relationship_unstable
hust,matr,hust_to_matr,mean_diff,100,0.1952441402899327,0.21114894010205026,0.07882958377045862,-0.018571316764541435,0.09740090053500006,False,-0.08991263399970631,238.72293648544624,-3.7013043839618986,730.6852721318564,-0.011991552590908233,277.05432077109936,35.83285884390375,-688.0780130275443,5,5,100,-0.07798707131098993,relationship_unstable
hust,matr,hust_to_matr,max_drop,100,0.13599791240708442,0.1346543738940666,0.048110101150555036,-0.07026297253315443,0.11837307368370947,False,-0.028946442870437218,229.89582291586794,-35680489702.694176,4654176.185746436,-40140777620.11316,5232071.647526589,59.216648649548645,-1502341.7777748948,5,5,100,-0.0795862237029174,relationship_unstable
hust,matr,hust_to_matr,accel_max_abs,100,0.13543445763278575,0.1342210519216805,0.04290474594410154,-0.11494985409768241,0.15785460004178395,False,-0.026988051742432396,229.4655479112855,-4.550552554723946,739.6989711162394,-0.7566078192936837,305.6987783718264,38.319929336439955,-703.2413264423424,5,5,100,-0.09924246866580984,relationship_unstable
hust,matr,hust_to_matr,skewness_Qdis,100,0.579972294177194,0.579972294177194,0.019506937187820678,-0.04475396639329815,0.06426090358111883,False,-0.07717779237196283,237.2431523480397,-4.137985534937431,763.1792219114241,-0.13880002593059304,287.9901462521212,37.44552401152587,-731.4373163746828,5,5,100,-0.11912629591713851,relationship_unstable
hust,matr,hust_to_matr,Qdis_cycle10,100,0.2005300746601155,10.83695782836421,0.07174451696167469,-0.13460011852494402,0.20634463548661872,False,-0.04681975663108284,232.6380216181115,-3.5370050583794908,715.3125216486267,-0.055512958394306026,283.09307892223455,36.63229639989251,-677.3818656925962,5,5,100,-0.13325182894232668,relationship_unstable
hust,matr,hust_to_matr,pos_neg_diff_ratio,100,0.39895029210154914,0.39895029210154914,0.10979704492961807,-0.03888396955069739,0.14868101448031545,False,-0.08995049597280173,239.62098178215928,-3.8011688654444624,733.1772779868477,-0.07636830156477943,284.79874280987684,36.72960193949018,-699.4220631268853,5,5,100,-0.13418305105539008,relationship_unstable
hust,matr,hust_to_matr,poly2_b,100,0.09875701249192673,0.13066399836569223,0.049950378243745666,-0.22340366060945357,0.27335403885319925,False,-0.0886190920609999,238.6621181242368,-3.612600409491244,720.9781805008937,-0.09232064570426937,288.1178469563599,37.09264814700235,-691.4519938606642,5,5,100,-0.15149057130038862,relationship_unstable
hust,matr,hust_to_matr,poly2_a,100,0.2077987351128622,10.674941602590264,0.14649920145435408,-0.11146423820283244,0.2579634396571865,False,-0.025762683670578435,228.63475367437695,-3.4603639972149005,707.2874868251153,-0.0341059272963566,280.9110823714687,36.446735632543714,-673.4832033821673,5,5,100,-0.16015153009552258,relationship_unstable
hust,matr,hust_to_matr,spectral_entropy,100,0.33017451965252714,0.33017451965252714,-0.07107413030629811,0.15478985678356577,0.22586398708986388,False,-0.025846064407663617,229.82847680219396,-3.547763914387852,715.8249038422981,-0.15650042683400991,291.10905958357625,37.47471947658137,-674.6108514709555,5,5,100,-0.162458171492811,relationship_unstable
hust,matr,hust_to_matr,sample_entropy,100,0.34773277601491687,0.34773277601491687,0.24554554357714975,-0.02385148516349393,0.2693970287406437,False,0.024142292972343403,223.33240380881307,-4.491048476145,765.675817030177,-0.3997361069324223,321.2934278908543,40.331559067019896,-738.1589615271164,5,5,100,-0.162716137800216,relationship_unstable
hust,matr,hust_to_matr,slope_first_quarter,100,0.2831254723400765,0.3201740977683865,0.04611208602080521,-0.2322141347879356,0.2783262208087408,False,-0.06704430036078698,235.5530349613441,-3.522503153962037,714.2027941430397,-0.07435689870818613,287.85239448336034,37.22999854575564,-662.2850751108105,5,5,100,-0.18163193125538188,relationship_unstable
hust,matr,hust_to_matr,fft_top3_energy_ratio,100,0.49621456096074434,0.49621456096074434,0.03806744615628617,-0.18802759423798512,0.2260950403942713,False,-0.029089966731630446,230.32975694768257,-3.4963301201048105,711.4359451137456,-0.19126854906149993,296.4520668147397,38.203538258240386,-664.7283986772195,5,5,100,-0.1874797043412473,relationship_unstable
hust,matr,hust_to_matr,accel_std,100,0.12826441404868075,0.1253979196265854,0.25245972751299456,-0.1775651561510377,0.43002488366403224,False,-0.04925708023233677,248.90133128073995,-118934771557.04019,15504525.089569312,-114694764784.71002,15005085.873038707,100.67995712091898,-17500618.914155055,5,5,100,-0.23425210393931822,relationship_unstable
hust,matr,hust_to_matr,std_diff,100,0.1278739411245448,0.12453651499049191,0.26113531952375035,-0.2601773275803005,0.5213126471040508,False,-0.05229780044390429,247.247689476174,-118934771557.12495,15504522.09262545,-114029633034.87625,14812424.355369484,101.52080861565102,-18500621.07463068,5,5,100,-0.2798374147207071,relationship_unstable
hust,matr,hust_to_matr,slope_last_quarter,100,0.26658522017532493,0.3726140368721802,-0.03947394364893901,0.47357416789820406,0.513048111547143,False,-0.048460310551617036,232.06239453772636,-3.947071710106669,740.787626162937,-0.12593718678108334,285.9991010319074,37.44666046453415,-701.4686483549095,5,5,100,-0.29651183879987025,relationship_unstable
hust,matr,hust_to_matr,range_Qdis,100,0.0721581347043059,0.057653016510343054,0.13098829452603306,-0.5350462326612677,0.6660345271873007,False,-0.03511566820518928,230.0960785211003,-1187562.326410771,16219.807232238254,-1132433.2476205395,14991.971848272591,45.513433899892405,-20660.569023575517,5,5,100,-0.34384098379929623,relationship_unstable
hust,matr,hust_to_matr,accel_mean,100,1.3537956090616747,1.22959935337799,-0.17009418275633392,0.49560594374680667,0.6657001265031406,False,-0.02748261724269836,230.93827481362786,-3.8776282856435955,740.9291379736912,-0.09148548162634301,288.9538748528331,37.27239307886308,-707.2826590033075,5,5,100,-0.5359194046108215,relationship_unstable
hust,matr,hust_to_matr,cycle_to_95pct,100,0.11115147845526485,0.11115147845526485,,0.15191260355822095,,False,-0.026925705745010787,229.43052633076172,-3.59857884524513,720.2505473043586,-0.06180437822314849,283.28077064220184,36.58029151030286,-670.9102486690296,5,5,100,,relationship_unstable
hust,matr,hust_to_matr,n_capacity_jumps,100,0.22495477581680878,0.22495477581680878,,0.051641906996994086,,False,-0.026925705745010787,229.43052633076172,-3.59857884524513,720.2505473043586,-0.07261937199782874,285.03929357798165,36.79269117280552,-695.7692486690296,5,5,100,,relationship_unstable
hust,sandia,hust_to_sandia,cycle_to_98pct,100,3.0644580262941856,3.0644580262941856,0.19611742409967373,0.45302787589538995,0.25691045179571625,True,-0.01673483299878851,228.9432901121937,0.17489667486436034,775.2067154805318,0.3972281492303037,582.3584533395474,82.2368354486745,-10.840405920122425,5,5,100,0.7063323686186214,scale_shift_fragile
hust,sandia,hust_to_sandia,accel_mean,100,0.07000643514430023,0.08870322853611616,-0.17009418275633392,-0.30579490119566655,0.13570071843933262,True,-0.02748261724269836,230.93827481362786,-1.8353829338897292,1330.2359307833453,-1.6468888190598954,916.6875820055106,107.5959103620927,-781.1170869815251,5,5,100,0.4216486755086887,weak_or_mixed
hust,sandia,hust_to_sandia,knee_cycle,100,0.2294966866925092,0.2294966866925092,-0.08509960232759053,-0.2024531544281057,0.11735355210051518,True,-0.026908714932763457,229.42078884185798,-0.4194010225178329,1260.500337380421,-0.09424556359663987,858.3777524215827,107.86061218583527,-707.6699141381403,5,5,100,0.406898720945866,weak_or_mixed
hust,sandia,hust_to_sandia,mad_Qdis,100,2.353045062555116,2.5094414958092623,-0.1264007466294364,-0.7592748248780009,0.6328740782485645,True,-0.11573208075641359,239.02170985381593,0.14513265358278954,777.8892217755208,0.27072654684824615,665.3128841871477,90.43674133037173,-158.35825673722718,5,5,100,0.37205929518894265,weak_or_mixed
hust,sandia,hust_to_sandia,poly2_a,100,0.8833171455751982,2.7988722923004903,0.14649920145435408,0.11098304810352301,0.03551615335083107,True,-0.025762683670578435,228.63475367437695,-0.5269841802930537,1193.3547404970066,-0.5247783124272696,909.8093160401286,105.40708914357441,-543.6907733157852,5,5,100,0.34974435148830474,weak_or_mixed
hust,sandia,hust_to_sandia,slope_ratio,100,0.9712012946310011,0.9712012946310011,-0.3576578530615989,-0.30274216150783606,0.05491569155376286,True,-0.006370266626345633,227.80411157403552,-0.35378926268567135,1226.900404512264,-0.1002442096453129,849.2276278060085,105.28648855732428,-680.6125230725,5,5,100,0.3268619600284684,weak_or_mixed
hust,sandia,hust_to_sandia,kurtosis_Qdis,100,0.348091817808875,0.348091817808875,0.2963503361855911,0.5621188135230363,0.2657684773374452,True,-0.0876245510184234,238.9257916449996,-0.3875158463594801,1243.7253803051622,-0.10558200514083664,846.6933942451801,106.49996760062575,-685.4124000140393,5,5,100,0.3149019886599461,weak_or_mixed
hust,sandia,hust_to_sandia,linearity_r2,100,0.9225178182564514,0.9225178182564514,-0.3973815486017567,-0.2764251081280305,0.12095644047372617,True,-0.03200027331477724,229.02028426562865,-0.3613431532476751,1229.731788687891,-0.09193369826419387,858.3034648770044,108.6353106138236,-642.9155089590462,5,5,100,0.3011441070246692,weak_or_mixed
hust,sandia,hust_to_sandia,autocorr_lag1,100,1.2747561753585805,1.2747561753585805,0.15451755164611325,0.17514287167180806,0.02062532002569481,True,-0.05072700606322826,228.21162790151007,-0.5781988861471492,1330.318101510002,-0.14913943520214892,869.8190451167242,108.54754268275845,-790.4038877582273,5,5,100,0.2984739136833655,weak_or_mixed
hust,sandia,hust_to_sandia,sample_entropy,100,1.3676542099630224,1.3676542099630224,0.24554554357714975,0.3921144905950954,0.14656894701794565,True,0.024142292972343403,223.33240380881307,-0.25029409454160706,1175.749610769401,-0.023940784753819173,818.2394234487953,104.55444419272922,-609.7926585626121,5,5,100,0.24570968796891723,weak_or_mixed
hust,sandia,hust_to_sandia,exp_decay_k,100,2.7240008041944406,2.7240008041944406,-0.12161602618714076,-0.7265523733267848,0.6049363471396441,True,-0.11120115222005855,242.09742822072772,0.16992177403072478,882.5774853426261,0.19532998181762917,718.8441888954679,95.69295440400683,-281.74162551891106,5,5,100,0.17959166943627025,weak_or_mixed
hust,sandia,hust_to_sandia,slope_linear,100,2.7600353813535956,2.8221149935171788,0.12161602618714076,0.7295778739890617,0.607961847801921,True,-0.11687843851747584,242.7386398649497,0.1347373980960073,909.6677161038715,0.17970767211091346,726.7887877346345,96.35014291098814,-320.4329201566432,5,5,100,0.14142911311782702,weak_or_mixed
hust,sandia,hust_to_sandia,poly2_b,100,1.8146352839059796,1.7672813127437728,0.049950378243745666,0.3761705823430964,0.32622020409935076,True,-0.0886190920609999,238.6621181242368,-0.09937196382303552,1078.609624378493,0.020532801890171565,799.92198519734,101.83970027728552,-497.450080719457,5,5,100,0.10576020914477088,weak_or_mixed
hust,sandia,hust_to_sandia,mean_diff,100,3.1199789861479643,3.021728835690848,0.07882958377045862,0.5727938542896848,0.49396427051922615,True,-0.08991263399970631,238.72293648544624,0.07003007329526519,967.3437041062173,0.14945638330021024,754.438786820197,99.12215610560483,-373.805662950393,5,5,100,0.08393378341861282,scale_shift_fragile
hust,sandia,hust_to_sandia,Qdis_N,100,3.01980781393233,2.6828374400070607,0.10435685602028864,0.6273021987701738,0.5229453427498851,True,-0.09227293750827219,239.1960363093846,0.0852389029137377,956.3864901349392,0.14083795546296043,751.8780291988182,98.21231209806497,-372.8332173482912,5,5,100,0.06723206746112875,scale_shift_fragile
hust,sandia,hust_to_sandia,skewness_Qdis,100,1.147384549720642,1.147384549720642,0.019506937187820678,0.5761417689735896,0.5566348317857689,True,-0.07717779237196283,237.2431523480397,-0.38422755319915886,1240.3760744715335,-0.17317774838442962,875.1386608084027,110.50314550390723,-630.6059698449175,5,5,100,0.04957490164901929,weak_or_mixed
hust,sandia,hust_to_sandia,retention_ratio,100,3.125093159252802,3.125093159252802,0.07756767947798504,0.5804298250142643,0.5028621455362793,True,-0.08997565235600209,238.73586710561858,0.0685653117036461,968.5818572956114,0.13304397468653686,757.1941878924599,99.08489454860577,-374.4903545206158,5,5,100,0.04589290271701374,scale_shift_fragile
hust,sandia,hust_to_sandia,slope_first_quarter,100,2.323300003541405,2.2847273104161934,0.04611208602080521,0.27906641823001826,0.23295433220921305,True,-0.06704430036078698,235.5530349613441,-0.1331871989531221,1100.8168377683687,0.0028501553352968134,805.6955668835966,101.88521824776899,-520.3937654629526,5,5,100,0.040728144034776356,weak_or_mixed
hust,sandia,hust_to_sandia,variance_Qdis,100,1.5291861957863266,1.6196055237489257,-0.13505004896743236,-0.7312106838702905,0.5961606349028582,True,-0.01920350743011936,228.68066537499493,-0.19841381739789335,1111.9362598838961,0.028554631432718584,799.8412184247218,102.69152950423354,-557.1077550004358,5,5,100,0.029651016046059075,weak_or_mixed
hust,sandia,hust_to_sandia,delta_Qdis,100,3.1199789861479528,3.0217288356908565,0.07882958377045862,0.5727938542896848,0.49396427051922615,True,-0.08991263399968145,238.72293648544738,0.07003007329511701,967.3437041063328,0.1162140810671937,761.3908696861233,101.0682525510282,-336.93783480403977,5,5,100,0.017449178952581496,scale_shift_fragile
hust,sandia,hust_to_sandia,Qdis_cycle10,100,2.5989871240304683,2.7790850653569623,0.07174451696167469,0.3228238692492044,0.25107935228752976,True,-0.04681975663108284,232.6380216181115,-0.09299727840755176,1071.219076784097,-0.01187169422306285,806.0653569874052,102.56408262931251,-453.565614766495,5,5,100,-0.015387744748335097,weak_or_mixed
hust,sandia,hust_to_sandia,poly2_c,100,1.0507045927488856,0.940545819371517,0.013289429580112333,-0.01339864579008348,0.026688075370195814,False,-0.07976259490897501,237.28070055556904,-0.2471703491025603,1158.3578097046714,-0.061607356530585536,832.2011611087248,104.27070693988108,-576.0307194913937,5,5,100,-0.17094972659743074,relationship_unstable
hust,sandia,hust_to_sandia,accel_max_abs,100,0.8015613844484502,0.8138374058217603,0.04290474594410154,-0.5782067932351437,0.6211115391792452,False,-0.026988051742432396,229.4655479112855,-0.44032111754157677,1269.8656630328537,-0.1011060894000451,858.64305823266,107.2384618615181,-719.083458121183,5,5,100,-0.4307899772568901,relationship_unstable
hust,sandia,hust_to_sandia,slope_last_quarter,100,0.442958050949681,0.5095964531274538,-0.03947394364893901,0.7175238951599902,0.7569978388089291,False,-0.048460310551617036,232.06239453772636,-3419916926.1477976,4001211.3891059505,-3558988140.791499,4000863.6475902516,112.78517955262792,-4000667.0777667705,5,5,100,-0.4449426270469167,relationship_unstable
hust,sandia,hust_to_sandia,cycle_to_99pct,100,5.3275820321341865,5.3275820321341865,0.10240870529870201,0.49348874790679625,0.39108004260809426,True,-0.022054475140786158,229.77399058787196,-0.3305342114501069,1202.5614531724957,-0.0917344297605771,850.9037095638591,105.97193899138878,-632.3971243605372,5,5,100,-0.44554002130404713,scale_shift_fragile
hust,sandia,hust_to_sandia,fft_top3_energy_ratio,100,1.0355785379423688,1.0355785379423688,0.03806744615628617,-0.5705710058493972,0.6086384520056835,False,-0.029089966731630446,230.32975694768257,-0.4166132234712025,1257.2661450569942,-0.15727254868846807,877.4911292735123,111.60799468341749,-629.0812234382739,5,5,100,-0.45965600669419704,relationship_unstable
hust,sandia,hust_to_sandia,max_drop,100,1.0339330181621855,1.0213671144519407,0.048110101150555036,-0.5703789105692526,0.6184890117198076,False,-0.028946442870437218,229.89582291586794,-1.235494283861406,1462.1629190858207,-0.6317001564497647,958.3438695810536,111.34096283797015,-912.2673983292188,5,5,100,-0.4643344585842316,relationship_unstable
hust,sandia,hust_to_sandia,spectral_entropy,100,0.977140403922548,0.977140403922548,-0.07107413030629811,0.5826730084985049,0.6537471388048031,False,-0.025846064407663617,229.82847680219396,-0.41432516683301834,1256.178618272244,-0.1375582880364762,865.4197043697648,106.76593413060051,-704.4979236409048,5,5,100,-0.47344462999078374,relationship_unstable
hust,sandia,hust_to_sandia,accel_std,100,0.7266438601202566,0.786236391330689,0.25245972751299456,-0.5295586635385323,0.7820183910515268,False,-0.04925708023233677,248.90133128073995,-12365958946.533016,17943641.174328633,-12087531070.853914,17755680.049802862,194.8488646281104,-16964974.41509536,5,5,100,-0.5000057745438019,relationship_unstable
hust,sandia,hust_to_sandia,std_diff,100,0.8425142974009541,0.9032515678039347,0.26113531952375035,-0.5743648876322524,0.8355002071560027,False,-0.05229780044390429,247.247689476174,-17425506822.790565,22336488.085404646,-18283320817.57522,22808861.025175586,197.59027296926195,-20706494.839495882,5,5,100,-0.5441272481881445,relationship_unstable
hust,sandia,hust_to_sandia,pos_neg_diff_ratio,100,2.9356710484924253,2.9356710484924253,0.10979704492961807,-0.17641613361121752,0.2862131785408356,False,-0.08995049597280173,239.62098178215928,-0.34025901670849884,1216.3848757176377,-0.0930009591227183,853.1334894644932,107.10948815110103,-627.6913981563534,5,5,100,-0.5834572465442815,relationship_unstable
hust,sandia,hust_to_sandia,range_Qdis,100,2.3711349666843002,2.4501239384291233,0.13098829452603306,-0.688949722238486,0.8199380167645192,False,-0.03511566820518928,230.0960785211003,-0.998467700562867,1427.4937838083501,-0.35916189189462633,928.5138966051339,112.46741857241439,-850.0428746116414,5,5,100,-0.7656392533849046,relationship_unstable
hust,sandia,hust_to_sandia,cycle_to_95pct,100,2.3777057310583576,2.3777057310583576,,0.4519005635004873,,False,-0.026925705745010787,229.43052633076172,-0.41944127010228305,1260.5179492014174,-0.10400546097003982,860.9520666666665,107.96253141783258,-691.7992486690293,5,5,100,,relationship_unstable
hust,sandia,hust_to_sandia,n_capacity_jumps,100,0.5038419595496926,0.5038419595496926,,-0.32444958673653607,,False,-0.026925705745010787,229.43052633076172,-0.41944127010228305,1260.5179492014174,-0.0842432808490827,852.5122666666665,108.40977045204525,-689.6537486690295,5,5,100,,relationship_unstable
luh,hust,luh_to_hust,knee_cycle,100,0.22153681678268583,0.22153681678268583,-0.13467657801374902,-0.08509960232759053,0.049576975686158486,True,-0.1687547656523362,306.8811074485126,-15.362266934269627,1074.2834474222682,-0.08509774702567519,234.36159876822353,15.9981435229606,1075.0980511035305,5,5,100,0.4419809896395179,weak_or_mixed
luh,hust,luh_to_hust,Qdis_N,100,1.9090620449556899,12.618550341632501,0.925875450630646,0.10435685602028864,0.8215185946103574,True,0.6222268543009226,160.41672869983617,-1.1025464359465775,306.4248217955679,-0.36482443333275905,258.57189840073596,17.35631713436675,253.887601623967,5,5,100,0.4251082502523905,weak_or_mixed
luh,hust,luh_to_hust,slope_linear,100,1.777117341348478,1.8600748327728545,0.9310597606616027,0.12161602618714076,0.8094437344744619,True,0.595131830774215,166.04954929563036,-1.9942662272202143,394.40480399628797,-0.10814895449485354,239.511339670299,16.253413064143757,384.53140948568665,5,5,100,0.42384236233471234,weak_or_mixed
luh,hust,luh_to_hust,exp_decay_k,100,1.6855015324626899,1.6855015324626899,-0.9303141067407266,-0.12161602618714076,0.8086980805535858,True,0.5788257936405832,170.5590193821235,-2.730882726668944,455.5654261294741,-0.07224883335971294,237.83085861547264,16.177504948478962,447.639233025143,5,5,100,0.4216515234943868,weak_or_mixed
luh,hust,luh_to_hust,delta_Qdis,100,1.9287925110894846,1.990678725511506,0.9238853607742535,0.07882958377045862,0.845055777003795,True,0.6329420321264696,158.70450740804088,-0.9424723818934776,291.56854582150874,-0.44255888022892664,263.38901846194204,17.634497402048705,205.7945830612679,5,5,100,0.4210952669611494,weak_or_mixed
luh,hust,luh_to_hust,mean_diff,100,1.928792511089415,1.9906787255114746,0.9238853607742535,0.07882958377045862,0.845055777003795,True,0.6329420321264416,158.704507408045,-0.9424723818934609,291.5685458214928,-0.4403909749576789,263.62425302469967,17.691750248658025,206.37862640371813,5,5,100,0.42109526696113186,weak_or_mixed
luh,hust,luh_to_hust,retention_ratio,100,1.931390658866338,1.931390658866338,0.9238853607742535,0.07756767947798504,0.8463176812962685,True,0.6329617041131586,158.69421981276082,-0.9364638634234261,291.18804846504673,-0.48960577969544444,266.60332453194866,17.890565529913484,202.33436602885246,5,5,100,0.4200942646350736,weak_or_mixed
luh,hust,luh_to_hust,mad_Qdis,100,1.5106125873638117,1.6376625157298716,-0.9215476349682634,-0.1264007466294364,0.7951468883388271,True,0.540224351855752,186.02475423215216,-4.377814536820405,574.9665792447788,-0.056233685254860125,232.24159300501685,15.837844442473454,571.6337724375427,5,5,100,0.4160590195817666,weak_or_mixed
luh,hust,luh_to_hust,Qdis_cycle10,100,2.491206277207383,101.27385854885485,0.8274390566706548,0.07174451696167469,0.75569453970898,True,0.643406423173565,150.30969678970854,-227.1004183349311,2884.2584415599076,-95.34540345744269,2278.36842694531,151.07660580100068,-2666.974038626868,5,5,100,0.39187821173796755,weak_or_mixed
luh,hust,luh_to_hust,slope_first_quarter,100,2.6287813708305294,2.766577427270439,0.8371023284290365,0.04611208602080521,0.7909902424082313,True,0.6510654299119641,147.1691879911592,-49.80528410948145,1425.8304770195732,-27.289984623787237,1326.2398640752342,112.12148666450375,-1334.082828803441,5,5,100,0.3612531030832692,weak_or_mixed
luh,hust,luh_to_hust,poly2_b,100,2.5572791379906477,2.630996573177468,0.858932858423337,0.049950378243745666,0.8089824801795913,True,0.6187385386191888,164.12226524128675,-11.139761156401246,728.704162944248,-7.568071807399959,676.0608331868981,46.69746874382254,-548.1073149207853,5,5,100,0.33065542783079604,weak_or_mixed
luh,hust,luh_to_hust,variance_Qdis,100,0.8033208124403617,0.814641567438129,-0.9306869337011646,-0.13505004896743236,0.7956368847337323,True,0.3235678480426637,234.80063417716528,-10.730700954802382,897.9465442342565,-0.058232826483037646,232.14622230524907,15.839995979539246,896.0245247582773,5,5,100,0.3052512838097433,stable_candidate
luh,hust,luh_to_hust,kurtosis_Qdis,100,1.2929044901748787,1.2929044901748787,0.28805417075793543,0.2963503361855911,0.008296165427655655,True,-0.1414778789279585,316.5411827629694,-128793188.80307075,808948.001287038,-119353795.52034979,638241.0786539454,199.0665840038046,-724772.9764192359,5,5,100,0.30191624375994036,weak_or_mixed
luh,hust,luh_to_hust,slope_ratio,100,1.136196874886621,1.136196874886621,-0.21527734043998714,-0.3576578530615989,0.14238051262161178,True,-0.03240647991016936,306.3535896000282,-353.78015326581,1328.3636313067607,-387.40424258025814,1434.2133994619446,76.92238371545984,-69.32299431599213,5,5,100,0.258380212456201,weak_or_mixed
luh,hust,luh_to_hust,accel_mean,100,1.0928323901722432,1.427960352516657,-0.426433431506483,-0.17009418275633392,0.2563392487501491,True,-0.13498936384525712,310.1909097103805,-15.707385148522922,1086.345468365249,-0.07592768568933214,232.31600084706636,15.863420441314593,1094.2020765100801,5,5,100,0.20790551709908897,weak_or_mixed
luh,hust,luh_to_hust,linearity_r2,100,1.4079857548818642,1.4079857548818642,-0.2241748054688204,-0.3973815486017567,0.17320674313293627,True,-0.11996747034795732,314.5918338913867,-18894.978749051334,21947.64876305721,-8414.10649690332,13389.360204767401,186.52011636730822,-21051.42873232021,5,5,100,0.20219876520125224,weak_or_mixed
luh,hust,luh_to_hust,skewness_Qdis,100,1.3173803497550414,1.3173803497550414,0.2619814745381097,0.019506937187820678,0.24247453735028904,True,-0.06228983627993436,313.859941693527,-21.962439953805113,1262.62089525891,-0.8746591736479501,311.6691077530497,21.30446861730723,1273.277815225296,5,5,100,0.18115567886159933,weak_or_mixed
luh,hust,luh_to_hust,max_drop,100,0.22768091677076838,1.3545045240115108,-0.8477127821950178,0.048110101150555036,0.8958228833455728,False,0.6500501650990896,151.69000254179167,-16.84308776281995,1113.8127186321547,-0.4154387187723437,260.5048023422454,17.732643010656535,1114.9206212051263,5,5,100,0.16798658591068794,relationship_unstable
luh,hust,luh_to_hust,range_Qdis,100,1.6530834811113286,1.870430470381742,-0.9238853607742535,0.13098829452603306,1.0548736553002867,False,0.6329420321264696,158.70450740804088,-2.4832714869039676,438.399620284767,-0.08376609949537274,235.19209120188046,16.05289839598022,426.1527257810644,5,5,100,-0.11502049004022968,relationship_unstable
luh,hust,luh_to_hust,sample_entropy,100,3.612623431374343,3.612623431374343,0.03512605163598809,0.24554554357714975,0.21041949194116166,True,-0.14680320088721435,312.3179083197118,-4550.453414275037,2720.1436965262246,-3606.611315615953,1556.593258812303,47.07321703500526,-1307.0591039056876,5,5,100,-0.14710326067673227,scale_shift_fragile
luh,hust,luh_to_hust,spectral_entropy,100,0.05379111040212551,0.05379111040212551,0.23415548396379138,-0.07107413030629811,0.3052296142700895,False,-0.1509146494862534,315.0216216305897,-13.932770065965324,998.9511211581821,-0.7750062151478082,311.9276293382026,21.735827221603518,996.4006026389584,5,5,100,-0.16068347369536357,relationship_unstable
luh,hust,luh_to_hust,fft_top3_energy_ratio,100,0.42305631919654024,0.42305631919654024,-0.26260117340478384,0.03806744615628617,0.30066861956107,False,-0.13543755200329186,307.7701968740674,-10.446648630885452,822.7336725012401,-1.7701250252279908,382.1321887663894,26.594998181211867,827.5192752172691,5,5,100,-0.21379275766001604,relationship_unstable
luh,hust,luh_to_hust,std_diff,100,1.1864726033956001,0.8682790413952505,-0.6855985510326347,0.26113531952375035,0.946733870556385,False,0.4347408170532404,202.19217554959457,-21.12371158249012,1250.9836800506007,-0.4018071939323795,258.1033756799749,17.506140989143947,1259.8680646779983,5,5,100,-0.2165970087342921,relationship_unstable
luh,hust,luh_to_hust,slope_last_quarter,100,1.1267126210088756,1.2422369705484009,0.886552282708764,-0.03947394364893901,0.9260262263577029,False,0.36043257302819764,227.1924441676073,-8.260954143615162,788.0065213045015,-0.06539850453865131,233.0451403062543,15.90205579474583,783.7031851952812,5,5,100,-0.27158743330198515,relationship_unstable
luh,hust,luh_to_hust,poly2_a,100,0.30526545147985595,133.89930619196073,-0.4442434761706538,0.14649920145435408,0.5907426776250079,False,0.013489262180741113,281.98296248260675,-14.113472783655116,1014.3987686450921,-0.5454865863806868,280.72116780139385,19.136845602478115,1016.4709990742101,5,5,100,-0.3276718943537412,relationship_unstable
luh,hust,luh_to_hust,cycle_to_99pct,100,7.842963833545274,7.842963833545274,0.8201441323740399,0.10240870529870201,0.7177354270753379,True,0.2534854521516292,213.2863796906551,-1845704967010.8215,281775753.9348798,-353647219774.6602,112499154.67534605,199.86174423699455,-286985775.11748743,5,5,100,-0.35538226138603973,scale_shift_fragile
luh,hust,luh_to_hust,poly2_c,100,1.4954810885633132,1.3581280820684594,-0.46581201965221397,0.013289429580112333,0.4791014492323263,False,-0.13520842843082156,310.2421574067994,-15.712523503876472,1086.5181612786996,-0.061649827313112845,231.65898118652888,15.813985444951852,1093.9770221985757,5,5,100,-0.4638728879006601,relationship_unstable
luh,hust,luh_to_hust,cycle_to_98pct,100,9.122638033120165,9.122638033120165,0.8601813588001495,0.19611742409967373,0.6640639347004758,True,0.08684749952897335,243.43844132100088,-61996.677334023945,67655.5383970649,-14.688123770847575,721.4323684381625,36.195336567466555,-67569.43724826741,5,5,100,-0.4951844678212646,scale_shift_fragile
luh,hust,luh_to_hust,accel_max_abs,100,5.375675893114188,2.1689227950199657,-0.600241329900985,0.04290474594410154,0.6431460758450865,False,0.28286312162498994,227.83308565226372,-28.951455648884924,1474.6640458910465,-0.09621809784050467,235.36066202233152,16.07192601066535,1480.1941745173785,5,5,100,-0.7887099162975533,scale_shift_fragile
luh,hust,luh_to_hust,accel_std,100,7.636168914232008,5.715287589178647,-0.6255230283804217,0.25245972751299456,0.8779827558934163,False,0.36863672477789267,213.4987551904775,-29.491295044003643,1488.5584415584415,-0.06670751355199486,231.52199122807014,15.796608512941166,1487.2765,5,5,100,-0.8203546531688155,scale_shift_fragile
luh,hust,luh_to_hust,autocorr_lag1,100,6.488072991505235,6.488072991505235,-0.11083540949564176,0.15451755164611325,0.265352961141755,False,-0.15784173435816412,306.1270738961215,-4133285899688.737,360548600.260753,-397994445957.9093,100650176.27867106,163.065763230951,-348914643.2595801,5,5,100,-0.8826764805708776,scale_shift_fragile
luh,hust,luh_to_hust,cycle_to_95pct,100,1.2468037663166378,1.2468037663166378,0.8901398156987894,,,False,0.6673824669484713,135.28444043920322,-5.356441674043079,634.9474195846985,-0.05635712002006194,232.99547368421057,15.915818928647205,637.7250174402908,5,5,100,,relationship_unstable
luh,hust,luh_to_hust,n_capacity_jumps,100,0.0,0.0,,,,False,-0.13512954511061182,310.22549397838577,-15.709829120135328,1086.4268650749036,-0.08386992497584841,235.69138596491229,16.068790054743847,1086.4264235164621,5,5,100,,relationship_unstable
luh,hust,luh_to_hust,pos_neg_diff_ratio,100,4.093282903677623,4.093282903677623,,0.10979704492961807,,False,-0.13512954511061182,310.22549397838577,-15.709829120135328,1086.4268650749036,-0.09530695246762325,234.63697368421057,16.002784055780307,1088.5819235164622,5,5,100,,scale_shift_fragile
luh,matr,luh_to_matr,range_Qdis,100,0.48286194921268055,1.3297797973592862,-0.9238853607742535,-0.5350462326612677,0.3888391281129858,True,0.6329420321264696,158.70450740804088,-1.3785393482367614,502.9939350591794,-0.0983927273026361,274.67256320019095,37.14533320165406,-400.3198906055257,5,5,100,0.8660931756880745,stable_candidate
luh,matr,luh_to_matr,max_drop,100,0.14648363431091177,0.12648308276645878,-0.8477127821950178,-0.07026297253315443,0.7774498096618634,True,0.6500501650990896,151.69000254179167,-2.145909630925981,515.5356432222526,-2.239738874295017,522.624026994729,73.3302120869854,24.267528654245602,5,5,100,0.7393527151215212,stable_candidate
luh,matr,luh_to_matr,std_diff,100,0.14728437085369686,0.11367713072418026,-0.6855985510326347,-0.2601773275803005,0.4254212234523342,True,0.4347408170532404,202.19217554959457,-1.0371760103377639,357.74317821536806,-0.3523708567220668,301.9976029565199,39.76461951536077,309.1782415690513,5,5,100,0.6999375496990188,stable_candidate
luh,matr,luh_to_matr,accel_std,100,0.16073402954265856,0.15737414472176062,-0.6255230283804217,-0.1775651561510377,0.447957872229384,True,0.36863672477789267,213.4987551904775,-4.008770703099608,725.3975817479343,-0.028032061743448713,271.3583579766313,35.087671182759884,716.7405010515474,5,5,100,0.6205476842318018,stable_candidate
luh,matr,luh_to_matr,variance_Qdis,100,0.2515869127429548,0.8492297578350748,-0.9306869337011646,-0.5653462136557935,0.3653407200453711,True,0.3235678480426637,234.80063417716528,-0.326623517969591,298.00697162168797,-0.09872680725585624,288.40721007397474,37.7544689402449,200.59198125449763,5,5,100,0.603159451108535,stable_candidate
luh,matr,luh_to_matr,mad_Qdis,100,1.807084397433527,1.9110541315462142,-0.9215476349682634,-0.39316461501356176,0.5283830199547017,True,0.540224351855752,186.02475423215216,-0.20935881737151382,334.3904872082724,0.04638380418778833,264.5413838275705,34.30408156221299,-198.37198612118243,5,5,100,0.5977377906389489,weak_or_mixed
luh,matr,luh_to_matr,cycle_to_95pct,100,1.3912587475888498,1.3912587475888498,0.8901398156987894,0.15191260355822095,0.7382272121405684,True,0.6673824669484713,135.28444043920322,-0.018871978799759548,286.57657766488467,-0.024834094893083494,277.9834290715784,35.855063815961294,-70.21088997647246,5,5,100,0.5895800487398597,weak_or_mixed
luh,matr,luh_to_matr,slope_last_quarter,100,1.310322373869644,1.4385612385134685,0.886552282708764,0.47357416789820406,0.4129781148105599,True,0.36043257302819764,227.1924441676073,0.0798864046949205,253.75628163763764,0.04633702495507807,265.06002541262114,34.22056249553914,62.76843555667125,5,5,100,0.5500692094526272,weak_or_mixed
luh,matr,luh_to_matr,accel_max_abs,100,0.15402042023855683,0.15027248540089944,-0.600241329900985,-0.11494985409768241,0.48529147580330256,True,0.28286312162498994,227.83308565226372,-2.827082817605647,588.4121669050808,-0.28136113689517805,303.4891668284493,38.85625317123042,577.9499029350756,5,5,100,0.517114320687555,stable_candidate
luh,matr,luh_to_matr,Qdis_N,100,2.1785650303443744,15.515603589896374,0.925875450630646,0.08329420052175951,0.8425812501088865,True,0.6222268543009226,160.41672869983617,-1.6519116251219081,535.9503216188734,0.032528770371238365,267.0104709197164,35.02742382740021,-475.34529840115886,5,5,100,0.43920901543729984,weak_or_mixed
luh,matr,luh_to_matr,spectral_entropy,100,0.385473375617219,0.385473375617219,0.23415548396379138,0.15478985678356577,0.0793656271802256,True,-0.1509146494862534,315.0216216305897,-118403.75606796688,13824.16771738515,-115003.53928656195,13060.310060632057,171.61539527551668,-12386.581495189488,5,5,100,0.40249618006730437,weak_or_mixed
luh,matr,luh_to_matr,slope_ratio,100,0.48897684092401694,0.48897684092401694,-0.21527734043998714,-0.2714587596184837,0.05618141917849656,True,-0.03240647991016936,306.3535896000282,-63368051467.237465,9791443.822895776,-63005035408.739746,9553240.914936746,192.7489589513965,-10385711.034023147,5,5,100,0.3985627642721492,weak_or_mixed
luh,matr,luh_to_matr,slope_linear,100,2.034598234857731,2.131387012714027,0.9310597606616027,0.10601359586525631,0.8250461647963464,True,0.595131830774215,166.04954929563036,-0.9373081462809487,448.68448729151066,-0.01757056004851385,270.70274160367967,35.46489894491157,-369.5097200930883,5,5,100,0.3774190131473822,weak_or_mixed
luh,matr,luh_to_matr,exp_decay_k,100,1.9320828704367232,1.9320828704367232,-0.9303141067407266,-0.10570612373339304,0.8246079830073335,True,0.5788257936405832,170.5590193821235,-0.5675234390674173,394.3785184173578,-0.009825122470691582,270.6016405676473,35.20000364181798,-280.4000105590422,5,5,100,0.3767093715714079,weak_or_mixed
luh,matr,luh_to_matr,fft_top3_energy_ratio,100,0.6458223560112769,0.6458223560112769,-0.26260117340478384,-0.18802759423798512,0.07457357916679871,True,-0.13543755200329186,307.7701968740674,-89395661178.59871,13611227.12893641,-87784526905.2927,13336690.521249568,196.62089985241943,-13509085.580918267,5,5,100,0.36583985701490906,weak_or_mixed
luh,matr,luh_to_matr,kurtosis_Qdis,100,0.7518032410855724,0.7518032410855724,0.28805417075793543,0.14034984739078715,0.14770432336714828,True,-0.1414778789279585,316.5411827629694,-1712530508818.2483,241011313.00410786,-1010862713576.2052,175318629.50939083,199.51534096330096,-222097735.17018318,5,5,100,0.31337735215358997,weak_or_mixed
luh,matr,luh_to_matr,knee_cycle,100,0.9221157470563826,0.9221157470563826,-0.13467657801374902,-0.27491226315709616,0.14023568514334714,True,-0.1687547656523362,306.8811074485126,-0.7474084817667924,336.249148205353,-0.019279124990238303,277.76152801540803,35.92438180149105,319.90540346333256,5,5,100,0.29156479536986907,weak_or_mixed
luh,matr,luh_to_matr,poly2_a,100,0.4593058413345986,178.52180831057942,-0.4442434761706538,-0.11146423820283244,0.3327792379678214,True,0.013489262180741113,281.98296248260675,-0.9805685372313476,339.84750364303744,-0.5769835350451608,305.4962380689916,37.822670381433724,268.87539389149265,5,5,100,0.2782037669966406,weak_or_mixed
luh,matr,luh_to_matr,linearity_r2,100,2.960783466326417,2.960783466326417,-0.2241748054688204,-0.30138418365237607,0.07720937818355567,True,-0.11996747034795732,314.5918338913867,-17751.18007319443,34577.92334789569,-4356.299931737333,13759.476228208612,187.93293847418875,-34159.83640233503,5,5,100,0.017277790959259576,weak_or_mixed
luh,matr,luh_to_matr,mean_diff,100,2.2375091625891756,2.2835424330995924,0.9238853607742535,-0.018571316764541435,0.942456677538795,False,0.6329420321264416,158.704507408045,-2.1640248271618234,587.9080555444586,0.018063113026969235,269.73215353887684,35.335942388191505,-537.568948595173,5,5,100,-0.13778645497739378,relationship_unstable
luh,matr,luh_to_matr,delta_Qdis,100,2.2375091625892964,2.283542433099634,0.9238853607742535,-0.018571316764541435,0.942456677538795,False,0.6329420321264696,158.70450740804088,-2.164024827162862,587.908055544561,0.0080817821290461,272.0836889953673,35.70772445972839,-543.8228976473966,5,5,100,-0.15774911677323017,relationship_unstable
luh,matr,luh_to_matr,retention_ratio,100,2.2402456114919915,2.2402456114919915,0.9238853607742535,-0.018571316764541435,0.942456677538795,False,0.6329617041131586,158.69421981276082,-2.181212629864305,589.5977093277236,-0.0009996162759461913,271.83635926461767,35.736149551033144,-546.9405270090937,5,5,100,-0.17430347638003768,relationship_unstable
luh,matr,luh_to_matr,cycle_to_99pct,100,10.349939969098347,10.349939969098347,0.8201441323740399,0.2911812672323952,0.5289628651416447,True,0.2534854521516292,213.2863796906551,-1813661694582.3618,461045766.5252243,-14166004756.739569,33679593.342200585,177.4653470106591,-460908219.2636038,5,5,100,-0.26099598041919314,scale_shift_fragile
luh,matr,luh_to_matr,sample_entropy,100,1.6657471549239917,1.6657471549239917,0.03512605163598809,-0.02385148516349393,0.05897753679948202,False,-0.14680320088721435,312.3179083197118,-2008309617.2296224,729909.6885904747,-2027535725.4074552,731454.6011921059,68.57968886977478,-655850.5712611022,5,5,100,-0.27935084163833973,relationship_unstable
luh,matr,luh_to_matr,poly2_b,100,2.886927654021239,2.9697159085457328,0.858932858423337,-0.22340366060945357,1.0823365190327905,False,0.6187385386191888,164.12226524128675,-41.07572837548098,1227.5668522393553,-32.565698358456686,548.4663508600158,61.66590607060906,-1172.9599948425666,5,5,100,-0.314300609483997,relationship_unstable
luh,matr,luh_to_matr,slope_first_quarter,100,3.231153145149928,3.137521165045301,0.8371023284290365,-0.2322141347879356,1.069316463216972,False,0.6510654299119641,147.1691879911592,-16.159101756179066,1435.3823573473396,-0.5410033068799119,339.728827354473,44.70152464908897,-1408.1559230035552,5,5,100,-0.33360754186052505,scale_shift_fragile
luh,matr,luh_to_matr,skewness_Qdis,100,1.4691271702500235,1.4691271702500235,0.2619814745381097,-0.04475396639329815,0.30673544093140787,False,-0.06228983627993436,313.859941693527,-118934771556.0476,15504588.922275867,-111570382545.47887,14716030.309122898,95.7913054575583,-18999250.946983308,5,5,100,-0.3737367960032074,relationship_unstable
luh,matr,luh_to_matr,Qdis_cycle10,100,3.630205360867321,130.53626282749607,0.8274390566706548,-0.13460011852494402,0.9620391751955988,False,0.643406423173565,150.30969678970854,-29.13927884255936,1914.0766060088893,-0.9919595574277605,391.69799214974273,51.428292279245206,-1910.1068489451502,5,5,100,-0.3821439685543325,scale_shift_fragile
luh,matr,luh_to_matr,cycle_to_98pct,100,8.655346744776383,8.655346744776383,0.8601813588001495,0.20898685857050125,0.6511945002296482,True,0.08684749952897335,243.43844132100088,-36284.80258406427,67859.36471249675,-39.8392888266291,1464.1117677547225,75.18289911809796,-67552.18707355793,5,5,100,-0.4887497505858508,scale_shift_fragile
luh,matr,luh_to_matr,autocorr_lag1,100,3.435231490262861,3.435231490262861,-0.11083540949564176,0.07220004696389302,0.18303545645953478,False,-0.15784173435816412,306.1270738961215,-1759680102029.7573,250681415.0163675,-330852054814.70654,101618606.76305367,167.1111232693017,-261449126.74399006,5,5,100,-0.6068024517691966,scale_shift_fragile
luh,matr,luh_to_matr,poly2_c,100,1.479012528706411,1.456084669931097,-0.46581201965221397,0.6548737128507811,1.120685732502995,False,-0.13520842843082156,310.2421574067994,-1.0759619076699913,389.13998715060285,-0.0562801803835654,283.6019616232113,36.67172145435205,382.34551217109237,5,5,100,-0.7218518793059616,relationship_unstable
luh,matr,luh_to_matr,accel_mean,100,3.1798702525344016,2.556716093943167,-0.426433431506483,0.49560594374680667,0.9220393752532896,False,-0.13498936384525712,310.1909097103805,-1.0746292027687565,388.9127190682556,-0.05654114002053592,284.44618926129044,36.72708300558643,380.84487264661715,5,5,100,-0.938000225506805,scale_shift_fragile
luh,matr,luh_to_matr,n_capacity_jumps,100,0.2404130812006766,0.2404130812006766,,0.051641906996994086,,False,-0.13512954511061182,310.22549397838577,-1.0755230104443019,389.0667097009773,-0.056045514662067586,281.7001467889908,36.464644219811525,383.2284235164622,5,5,100,,relationship_unstable
luh,matr,luh_to_matr,pos_neg_diff_ratio,100,3.2385309530394664,3.2385309530394664,,-0.03888396955069739,,False,-0.13512954511061182,310.22549397838577,-1.0755230104443019,389.0667097009773,-0.06729625337057574,285.52616513761467,36.88370393543387,378.7254235164621,5,5,100,,scale_shift_fragile
luh,sandia,luh_to_sandia,range_Qdis,100,0.2259008967704907,0.17852196086196187,-0.9238853607742535,-0.688949722238486,0.2349356385357675,True,0.6329420321264696,158.70450740804088,0.34935614429068945,444.58083785822936,0.386624106496757,626.9727797181894,87.1073038882624,321.5298134530062,5,5,100,1.7548372913365262,stable_candidate
luh,sandia,luh_to_sandia,retention_ratio,100,0.00019606789855588274,0.00019606789855588274,0.9238853607742535,0.5804298250142643,0.3434555357599892,True,0.6329617041131586,158.69421981276082,0.34714824824820034,467.4908210522678,0.36402140196038807,637.9078706383626,87.17261595520084,280.3335913131143,5,5,100,1.6892473299691568,stable_candidate
luh,sandia,luh_to_sandia,delta_Qdis,100,0.004371566915986254,0.04159264605683875,0.9238853607742535,0.5727938542896848,0.35109150648456877,True,0.6329420321264696,158.70450740804088,0.34643107143476615,467.58593991508843,0.36613029113422657,634.1161501701193,85.13763259978772,265.2029934703211,5,5,100,1.6890011261152404,stable_candidate
luh,sandia,luh_to_sandia,poly2_b,100,0.06292154737780677,0.024151719909513304,0.858932858423337,0.3761705823430964,0.4827622760802406,True,0.6187385386191888,164.12226524128675,0.4301358957584819,547.79835946853,0.4030993583728991,595.3238001889929,80.42281756635474,151.43496536631926,5,5,100,1.6741178852181957,stable_candidate
luh,sandia,luh_to_sandia,mean_diff,100,0.004371566915970476,0.04159264605683591,0.9238853607742535,0.5727938542896848,0.35109150648456877,True,0.6329420321264416,158.704507408045,0.34643107143477053,467.5859399150886,0.3454770794506112,638.6945845128714,87.3220946156058,288.69460400856013,5,5,100,1.647694702747984,stable_candidate
luh,sandia,luh_to_sandia,slope_linear,100,0.1754682288871196,0.21409749939420422,0.9310597606616027,0.7295778739890617,0.20148188667254097,True,0.595131830774215,166.04954929563036,0.32977920948608824,501.72726366687493,0.3343335321489993,658.5320465400505,89.35212567872992,231.01448128030782,5,5,100,1.6367377174028752,stable_candidate
luh,sandia,luh_to_sandia,exp_decay_k,100,0.16635379678987072,0.16635379678987072,-0.9303141067407266,-0.7265523733267848,0.20376173341394177,True,0.5788257936405832,170.5590193821235,0.29720169343655856,512.0946644927405,0.28939222891199046,674.1700089347429,90.69674037974818,249.27357842037895,5,5,100,1.5307763152391127,stable_candidate
luh,sandia,luh_to_sandia,cycle_to_95pct,100,0.5851225137107544,0.5851225137107544,0.8901398156987894,0.4519005635004873,0.4382392521983021,True,0.6673824669484713,135.28444043920322,0.23343231247491936,525.7522855114323,0.32042195990159444,656.3143966799506,87.62123499671472,409.7989358979566,5,5,100,1.501338383595896,stable_candidate
luh,sandia,luh_to_sandia,mad_Qdis,100,0.1763896091336592,0.2129111499390537,-0.9215476349682634,-0.7592748248780009,0.1622728100902625,True,0.540224351855752,186.02475423215216,0.2573426091557649,532.5974705266734,0.2527067781595191,696.4774586788126,92.59844310286532,246.09158475921518,5,5,100,1.43804306175961,stable_candidate
luh,sandia,luh_to_sandia,Qdis_N,100,0.04605352667482467,0.8638042951437961,0.925875450630646,0.6273021987701738,0.29857325186047223,True,0.6222268543009226,160.41672869983617,0.34030904242025717,476.3112528743836,0.20431806242303854,650.9422726312874,85.60897260311062,240.91697988570633,5,5,100,1.3746683242155397,stable_candidate
luh,sandia,luh_to_sandia,slope_first_quarter,100,0.23386546237359265,0.18125259546587358,0.8371023284290365,0.27906641823001826,0.5580359101990182,True,0.6510654299119641,147.1691879911592,0.26369664007752996,580.7654727501227,0.13979239583804387,623.2240165932577,80.3579545296186,181.1426522301786,5,5,100,1.116552447132504,stable_candidate
luh,sandia,luh_to_sandia,max_drop,100,1.1569317192326303,1.0788132092263676,-0.8477127821950178,-0.5703789105692526,0.27733387162576517,True,0.6500501650990896,151.69000254179167,-0.4275275187865069,747.7963205593633,-0.032647062785708905,837.4524910912845,106.38136995159338,742.0370942471242,5,5,100,0.8378434714013127,weak_or_mixed
luh,sandia,luh_to_sandia,std_diff,100,0.9974166397790244,0.9601716132702434,-0.6855985510326347,-0.5743648876322524,0.11123366340038232,True,0.4347408170532404,202.19217554959457,-0.3206933514795061,713.350809069628,0.028924243418927763,802.8090270047896,102.92838351484386,708.1315159126642,5,5,100,0.7873599762240512,stable_candidate
luh,sandia,luh_to_sandia,variance_Qdis,100,0.1418513854905512,0.16097216728753588,-0.9306869337011646,-0.7312106838702905,0.19947624983087409,True,0.3235678480426637,234.80063417716528,0.037591334985000335,605.955969257747,0.03868618185606791,800.4493653307856,101.97459637629443,278.59464642116296,5,5,100,0.7799243790157799,stable_candidate
luh,sandia,luh_to_sandia,slope_last_quarter,100,0.24966370916977573,0.26625237210503244,0.886552282708764,0.7175238951599902,0.1690283875487738,True,0.36043257302819764,227.1924441676073,-12953.818443959619,17680.912055544926,-14791.2577069862,19036.349802103538,137.50735394008296,-15064.84700277534,5,5,100,0.7384688228783445,stable_candidate
luh,sandia,luh_to_sandia,Qdis_cycle10,100,1.3124376077333728,0.9119579785873636,0.8274390566706548,0.3228238692492044,0.5046151874214504,True,0.643406423173565,150.30969678970854,-0.7338643056777194,778.5411328045691,-0.7900684734030335,797.3585944358118,88.84299294886476,382.3244700284989,5,5,100,0.6942331883028339,weak_or_mixed
luh,sandia,luh_to_sandia,accel_std,100,0.9586106615673273,0.9261046016188554,-0.6255230283804217,-0.5295586635385323,0.09596436484188942,True,0.36863672477789267,213.4987551904775,-0.49516250189832345,761.02,-0.14317070253163533,854.4102,106.50763426724725,739.3544999999998,5,5,100,0.6768629431218489,stable_candidate
luh,sandia,luh_to_sandia,accel_max_abs,100,0.9639492888441975,0.9224767868053483,-0.600241329900985,-0.5782067932351437,0.02203453666584132,True,0.28286312162498994,227.83308565226372,-0.47919789601599183,758.0318711126283,-0.08002304300150646,849.8888657294272,106.45903661578686,745.8330686607591,5,5,100,0.6272534599654396,stable_candidate
luh,sandia,luh_to_sandia,cycle_to_99pct,100,0.09870595511162097,0.09870595511162097,0.8201441323740399,0.49348874790679625,0.3266553844672437,True,0.2534854521516292,213.2863796906551,-886145.3767109677,146573.63256923796,-784138.8292455577,126561.57239945998,190.92958594044808,-173705.86307340465,5,5,100,0.5753518666512641,stable_candidate
luh,sandia,luh_to_sandia,slope_ratio,100,0.1397365387436916,0.1397365387436916,-0.21527734043998714,-0.30274216150783606,0.08746482106784892,True,-0.03240647991016936,306.3535896000282,-0.18632919426239725,688.2542420465138,-0.23985265197713518,870.3374848687495,104.09923815582866,306.1315353428448,5,5,100,0.4353071086545218,weak_or_mixed
luh,sandia,luh_to_sandia,accel_mean,100,0.04959054719809834,0.025177838688852705,-0.426433431506483,-0.30579490119566655,0.12063853031081645,True,-0.13498936384525712,310.1909097103805,-0.11013229971851927,625.0295595359654,-0.13310280380069056,861.7546113105851,107.61997921382255,359.70399790775195,5,5,100,0.432242152764877,weak_or_mixed
luh,sandia,luh_to_sandia,knee_cycle,100,0.3544475992622346,0.3544475992622346,-0.13467657801374902,-0.2024531544281057,0.06777657641435669,True,-0.1687547656523362,306.8811074485126,-0.026261216642366404,625.0208243848099,-0.05262504892573528,830.508935119896,105.51165565256471,332.3845904814553,5,5,100,0.41294457190348643,weak_or_mixed
luh,sandia,luh_to_sandia,cycle_to_98pct,100,0.23186358393925763,0.23186358393925763,0.8601813588001495,0.45302787589538995,0.4071534829047595,True,0.08684749952897335,243.43844132100088,-772.3571750297534,13502.95679410628,-519.7728658144018,11300.560522249452,194.4359195273816,-12978.772538222345,5,5,100,0.34849122048570486,stable_candidate
luh,sandia,luh_to_sandia,linearity_r2,100,1.112083385832527,1.112083385832527,-0.2241748054688204,-0.2764251081280305,0.0522503026592101,True,-0.11996747034795732,314.5918338913867,-9.182440800404759,1170.5911501327332,-10.643339385529984,1266.8627330564723,131.3114534441007,-250.7366138018214,5,5,100,0.307062340795516,weak_or_mixed
luh,sandia,luh_to_sandia,skewness_Qdis,100,0.3012652780105302,0.3012652780105302,0.2619814745381097,0.5761417689735896,0.3141602944354799,True,-0.06228983627993436,313.859941693527,0.04788218200127818,734.6173012080692,-0.07733532015752387,766.6668569334222,104.01192121689748,-36.40764806020922,5,5,100,0.2977300610806805,weak_or_mixed
luh,sandia,luh_to_sandia,poly2_c,100,0.21763359916712835,0.20198190729213222,-0.46581201965221397,-0.01339864579008348,0.4524133738621305,True,-0.13520842843082156,310.2421574067994,-0.11019383181378957,625.0682885442293,-0.11203378789304848,860.8424156926526,107.72829773371846,372.53521937989814,5,5,100,0.24114827319386548,weak_or_mixed
luh,sandia,luh_to_sandia,kurtosis_Qdis,100,1.2831959466113747,1.2831959466113747,0.28805417075793543,0.5621188135230363,0.27406464276510084,True,-0.1414778789279585,316.5411827629694,-2710258310.440019,6017640.824085888,-3347274758.069895,6413100.774440897,195.46301474555162,-5269118.316451825,5,5,100,0.17048828662574342,weak_or_mixed
luh,sandia,luh_to_sandia,spectral_entropy,100,1.433889406827139,1.433889406827139,0.23415548396379138,0.5826730084985049,0.3485175245347135,True,-0.1509146494862534,315.0216216305897,-9.814944653804554,1361.6094205819104,-8.549104384423407,1180.8210365320717,135.2951230304946,-1049.488332223953,5,5,100,0.11065782670857238,weak_or_mixed
luh,sandia,luh_to_sandia,fft_top3_energy_ratio,100,1.6111251269372593,1.6111251269372593,-0.26260117340478384,-0.5705710058493972,0.3079698324446134,True,-0.13543755200329186,307.7701968740674,-9371.605623752257,19396.573862938232,-10010.5503399366,16203.073234746074,189.51560257625965,-19512.76283842151,5,5,100,0.10434631473710443,weak_or_mixed
luh,sandia,luh_to_sandia,sample_entropy,100,1.5403811640285898,1.5403811640285898,0.03512605163598809,0.3921144905950954,0.3569884389591073,True,-0.14680320088721435,312.3179083197118,-1.0176734481336784,729.8485324366304,-0.8295272383711706,873.0332009567345,118.71041785544423,143.77978047686815,5,5,100,0.09044860591615791,weak_or_mixed
luh,sandia,luh_to_sandia,poly2_a,100,1.0512074455170315,0.8753433017733511,-0.4442434761706538,0.11098304810352301,0.5552265242741768,False,0.013489262180741113,281.98296248260675,-328.7238811354852,4338.209502643802,-379.0814819362841,3934.3098092258965,168.13660462834122,-3440.919003010268,5,5,100,-0.42180511678390203,relationship_unstable
luh,sandia,luh_to_sandia,autocorr_lag1,100,3.2198106459980997,3.2198106459980997,-0.11083540949564176,0.17514287167180806,0.28597828116744983,False,-0.15784173435816412,306.1270738961215,-119712067095.94023,161430662.79019037,-49519476567.75519,97254229.06282833,180.20211502950846,-161505873.31121838,5,5,100,-0.6259607374834398,scale_shift_fragile
luh,sandia,luh_to_sandia,n_capacity_jumps,100,0.5592418790558704,0.5592418790558704,,-0.32444958673653607,,False,-0.13512954511061182,310.22549397838577,-0.11014163496329413,625.0205537626041,-0.10054404901974898,860.8788,109.64948337005572,390.8204235164621,5,5,100,,relationship_unstable
luh,sandia,luh_to_sandia,pos_neg_diff_ratio,100,1.1334079860210715,1.1334079860210715,,-0.17641613361121752,,False,-0.13512954511061182,310.22549397838577,-0.11014163496329413,625.0205537626041,-0.13691489476407706,855.4515333333333,105.70863598119524,326.22442351646214,5,5,100,,relationship_unstable
matr,hust,matr_to_hust,Qdis_N,100,0.09437274438268264,8.208490470643092,0.08329420052175951,0.10435685602028864,0.021062655498529134,True,0.13450476081024387,246.22102268970457,-8.40543462549336,782.8433570776025,-0.3234865002334661,258.386535059774,17.37990175653237,788.727563077128,5,5,100,0.6098175214035769,stable_candidate
matr,hust,matr_to_hust,cycle_to_98pct,100,0.11519321621027859,0.11519321621027859,0.20898685857050125,0.19611742409967373,0.012869434470827529,True,0.07147367824540156,262.22225983109877,-7.991375346729312,776.2869371175814,-0.041763409143678557,232.40580028866944,15.894237962425068,789.6042159033018,5,5,100,0.5477599785784459,stable_candidate
matr,hust,matr_to_hust,exp_decay_k,100,0.19433510010744115,0.19433510010744115,-0.10570612373339304,-0.12161602618714076,0.015909902453747723,True,0.07025024147073855,262.2254714106107,-8.45193998427411,797.0160595859314,-0.06080464625799668,234.00242627636345,15.927453379467284,796.410968932166,5,5,100,0.5331450252277485,stable_candidate
matr,hust,matr_to_hust,slope_linear,100,0.19480822613267929,0.2538728132062484,0.10601359586525631,0.12161602618714076,0.01560243032188445,True,0.06879494904524083,262.5780174721599,-8.442034849877766,796.4960135052213,-0.07986873132504946,238.44894734481957,16.223191886131712,793.1111173092168,5,5,100,0.5317724999643968,stable_candidate
matr,hust,matr_to_hust,linearity_r2,100,0.7926134476073226,0.7926134476073226,-0.30138418365237607,-0.3973815486017567,0.0959973649493806,True,0.14635902828432007,247.32541365271442,-9.857436992982944,859.3994428746782,-0.08503382798590385,232.52559765495175,15.83760699854205,860.3345618907529,5,5,100,0.4794683286685315,stable_candidate
matr,hust,matr_to_hust,mad_Qdis,100,0.5832173802778664,0.7122615467251117,-0.39316461501356176,-0.1264007466294364,0.26676386838412536,True,0.19337137086706055,237.29310780134114,-10.462598825580814,887.6105150882935,-0.043023188311596815,229.60110145766535,15.661312473493801,886.0872981157211,5,5,100,0.4725068296333179,stable_candidate
matr,hust,matr_to_hust,cycle_to_99pct,100,0.7116300876930944,0.7116300876930944,0.2911812672323952,0.10240870529870201,0.18877256193369318,True,0.13882170192618296,252.70879268066656,-9.736576934832025,851.8500286151169,-0.14357588214725808,236.56187301004337,16.11272520012715,854.3549513295718,5,5,100,0.4376909078053722,stable_candidate
matr,hust,matr_to_hust,slope_ratio,100,0.22991622536821346,0.22991622536821346,-0.2714587596184837,-0.3576578530615989,0.08619909344311522,True,-0.029598404572351588,279.6157216645294,-8.258636548030779,788.2952507249,-0.03508760558846048,228.13762412150453,15.573753429891564,789.7938929826663,5,5,100,0.4224130194732104,weak_or_mixed
matr,hust,matr_to_hust,autocorr_lag1,100,0.6862570928621154,0.6862570928621154,0.07220004696389302,0.15451755164611325,0.08231750468222022,True,-0.03621116368748263,279.8999268184571,-8.187308822261205,784.3392466217915,-0.06452704421220233,233.66705950160403,15.970931381562359,795.8166973732206,5,5,100,0.35590268372957257,weak_or_mixed
matr,hust,matr_to_hust,kurtosis_Qdis,100,0.49057770672420875,0.49057770672420875,0.14034984739078715,0.2963503361855911,0.15600048879480394,True,-0.11960851296800776,290.0689056535085,-8.349012185138623,792.1584837900649,-0.06319210650475109,231.85611343107286,15.813828892750228,790.4485417749853,5,5,100,0.3484130995939667,weak_or_mixed
matr,hust,matr_to_hust,knee_cycle,100,0.834763550107729,0.834763550107729,-0.27491226315709616,-0.08509960232759053,0.18981266082950563,True,0.05100029502531385,258.9466637218856,-9.36031614949478,837.8936845210721,-0.09655151559594378,234.07764311997033,15.989705442557174,839.9592706783639,5,5,100,0.33087943209440174,stable_candidate
matr,hust,matr_to_hust,variance_Qdis,100,0.11745525635348535,0.11605148497168162,-0.5653462136557935,-0.13505004896743236,0.4302961646883612,True,-0.03310114393384804,280.4151361778686,-8.133377028788683,781.6778139108712,-0.06584278595971914,234.22903145771346,15.988354681412547,783.550866939996,5,5,100,0.2672336292027966,weak_or_mixed
matr,hust,matr_to_hust,poly2_c,100,0.19607832264362354,0.25884835234289927,0.6548737128507811,0.013289429580112333,0.6415842832706687,True,-0.006338624977333751,276.2420796651712,-8.548103664085279,788.9251647410193,-0.36804495684177313,261.7888878838883,17.892911097585166,791.4091701411676,5,5,100,0.1497961099681221,weak_or_mixed
matr,hust,matr_to_hust,retention_ratio,100,0.19421462244985926,0.19421462244985926,-0.018571316764541435,0.07756767947798504,0.09613899624252648,False,0.06987918469359992,263.1355521226485,-8.548314154783416,792.8444809738096,-0.26113793901150684,249.77268307325525,16.85373095292553,790.4101150672869,5,5,100,-0.0073225067951422015,relationship_unstable
matr,hust,matr_to_hust,delta_Qdis,100,0.19524414028991513,0.2111489401020372,-0.018571316764541435,0.07882958377045862,0.09740090053500006,False,0.06990673451341237,263.1353070882667,-8.551540558450245,792.9647474015007,-0.26742707557280865,251.9841620058564,16.996003544832938,801.3612278545204,5,5,100,-0.00808033679757493,relationship_unstable
matr,hust,matr_to_hust,mean_diff,100,0.1952441402899327,0.21114894010205026,-0.018571316764541435,0.07882958377045862,0.09740090053500006,False,0.06990673450522619,263.1353070897909,-8.551540558471961,792.9647474015574,-0.25192268255777345,250.62528895750427,16.96178092236175,787.29006805288,5,5,100,-0.008080336805763741,relationship_unstable
matr,hust,matr_to_hust,slope_last_quarter,100,0.26658522017532493,0.3726140368721802,0.47357416789820406,-0.03947394364893901,0.513048111547143,False,0.22209321624618958,231.74384894208885,-9.272095125064014,834.8666767759578,-0.06108515577375684,236.40090744204292,16.15313850353539,835.187977544519,5,5,100,-0.07441862255368067,relationship_unstable
matr,hust,matr_to_hust,max_drop,100,0.13599791240708442,0.1346543738940666,-0.07026297253315443,0.048110101150555036,0.11837307368370947,False,-0.03203039064803761,279.78680432171205,-8.135142255179797,781.7613897460172,-0.06682989249253314,231.6690099463522,15.803369519787127,778.4054749900046,5,5,100,-0.0795862237029174,relationship_unstable
matr,hust,matr_to_hust,accel_max_abs,100,0.13543445763278575,0.1342210519216805,-0.11494985409768241,0.04290474594410154,0.15785460004178395,False,-0.14910799519583406,292.28420815945486,-8.143803752519705,782.1770602181859,-0.07634018188470898,232.15105602975822,15.820755948716728,778.2703852163405,5,5,100,-0.09924246866580984,relationship_unstable
matr,hust,matr_to_hust,skewness_Qdis,100,0.579972294177194,0.579972294177194,-0.04475396639329815,0.019506937187820678,0.06426090358111883,False,-0.04016800470336783,280.1753419325171,-8.150757006949553,782.5457702678418,-0.06585952124571652,234.25785893262818,15.963100176570679,775.7753637927037,5,5,100,-0.11912629591713851,relationship_unstable
matr,hust,matr_to_hust,Qdis_cycle10,100,0.2005300746601155,10.83695782836421,-0.13460011852494402,0.07174451696167469,0.20634463548661872,False,-0.04536726681419419,281.9348524243245,-8.198485677034807,782.5003143173615,-0.1262108977893785,239.82809328815472,16.35503160324668,773.1336108333777,5,5,100,-0.13325182894232668,relationship_unstable
matr,hust,matr_to_hust,pos_neg_diff_ratio,100,0.39895029210154914,0.39895029210154914,-0.03888396955069739,0.10979704492961807,0.14868101448031545,False,-0.03751840009445066,280.6607431112454,-8.114587516858695,780.6729851768243,-0.07460770405918829,233.8158174565605,15.91951409454643,771.1868697386402,5,5,100,-0.13418305105539008,relationship_unstable
matr,hust,matr_to_hust,poly2_b,100,0.09875701249192673,0.13066399836569223,-0.22340366060945357,0.049950378243745666,0.27335403885319925,False,-0.039211711297274965,280.40963590696464,-8.147293506970053,781.9427703445689,-0.07280965739220592,233.80465993044615,15.970314297547214,789.644279262673,5,5,100,-0.15149057130038862,relationship_unstable
matr,hust,matr_to_hust,poly2_a,100,0.2077987351128622,10.674941602590264,-0.11146423820283244,0.14649920145435408,0.2579634396571865,False,-0.032477525256035554,279.5973742040705,-8.133592380043114,781.6999307756475,-0.0609890027604092,234.40591413297005,16.011273460629226,789.2221353063901,5,5,100,-0.16015153009552258,relationship_unstable
matr,hust,matr_to_hust,spectral_entropy,100,0.33017451965252714,0.33017451965252714,0.15478985678356577,-0.07107413030629811,0.22586398708986388,False,-0.086645215907918,286.47753266502934,-8.511451950228587,798.5493993958826,-0.11079743963515357,236.54660673576964,16.151156669195387,805.5126602272732,5,5,100,-0.162458171492811,relationship_unstable
matr,hust,matr_to_hust,slope_first_quarter,100,0.2831254723400765,0.3201740977683865,-0.2322141347879356,0.04611208602080521,0.2783262208087408,False,-0.3799871536068327,305.7654313936772,-8.291442470338716,761.7922119198392,-0.9009051874210207,299.24491089983036,20.876954145663607,735.8696878211687,5,5,100,-0.18163193125538188,relationship_unstable
matr,hust,matr_to_hust,sample_entropy,100,0.34773277601491687,0.34773277601491687,-0.02385148516349393,0.24554554357714975,0.2693970287406437,False,-0.035716798707176436,278.2579573932386,-8.05097596418058,777.1756426927534,-0.07495563717587952,234.35852701894768,15.997249479688172,779.1082773537362,5,5,100,-0.18685843077255937,relationship_unstable
matr,hust,matr_to_hust,fft_top3_energy_ratio,100,0.49621456096074434,0.49621456096074434,-0.18802759423798512,0.03806744615628617,0.2260950403942713,False,-0.07826660956932467,283.8993082946107,-8.789469458748012,811.7612457294287,-0.10836902220522479,237.721624509005,16.217561186171917,816.5797050849822,5,5,100,-0.1874797043412473,relationship_unstable
matr,hust,matr_to_hust,accel_std,100,0.12826441404868075,0.1253979196265854,-0.1775651561510377,0.25245972751299456,0.43002488366403224,False,-0.03203412680672528,279.786185358101,-8.135076847133679,781.7583395860132,-0.06430663323908145,234.27165983125988,15.980603213841759,781.5369578733371,5,5,100,-0.23425210393931822,relationship_unstable
matr,hust,matr_to_hust,std_diff,100,0.1278739411245448,0.12453651499049191,-0.2601773275803005,0.26113531952375035,0.5213126471040508,False,-0.032865857691960265,279.846759630661,-8.133883355826644,781.7019979243746,-0.07712429463755952,233.61336490552324,15.962712002441481,788.3009541850951,5,5,100,-0.2798374147207071,relationship_unstable
matr,hust,matr_to_hust,accel_mean,100,1.3537956090616747,1.22959935337799,0.49560594374680667,-0.17009418275633392,0.6657001265031406,False,0.22518438117260925,230.7922745858169,-4.404875683707143,527.3401688251762,-1.7185524932262999,371.02730235511774,25.38320247929664,463.57921517251407,5,5,100,-0.31073502343821224,relationship_unstable
matr,hust,matr_to_hust,range_Qdis,100,0.0721581347043059,0.057653016510343054,-0.5350462326612677,0.13098829452603306,0.6660345271873007,False,-0.033224097222677294,279.83668670426084,-8.133554123461652,781.6861027710149,-0.06712990976355417,234.09028307461386,15.978051523050453,788.7763141983544,5,5,100,-0.34384098379929623,relationship_unstable
matr,hust,matr_to_hust,cycle_to_95pct,100,0.11115147845526485,0.11115147845526485,0.15191260355822095,,,False,-0.027866906950219584,279.31534450766816,-8.082373715674837,779.2582644097299,-0.05613511831588833,233.6789649122807,15.936130384887107,775.2668228512883,5,5,100,,relationship_unstable
matr,hust,matr_to_hust,n_capacity_jumps,100,0.22495477581680878,0.22495477581680878,0.051641906996994086,,,False,-0.05937044504297702,282.66371139194774,-8.160613340626934,782.9980470869854,-0.08801231472420204,233.1314122807017,15.926402893137931,794.2371055285436,5,5,100,,relationship_unstable
matr,luh,matr_to_luh,slope_last_quarter,100,1.310322373869644,1.4385612385134685,0.47357416789820406,0.886552282708764,0.4129781148105599,True,0.22209321624618958,231.74384894208885,-0.000798812661665127,280.526586943465,0.3867071605897816,253.14982388681662,53.27119044777734,268.02908738778655,5,5,100,1.092470123940026,weak_or_mixed
matr,luh,matr_to_luh,mad_Qdis,100,1.807084397433527,1.9110541315462142,-0.39316461501356176,-0.9215476349682634,0.5283830199547017,True,0.19337137086706055,237.29310780134114,-0.5748938021735059,391.44329630642005,0.33027050971161487,267.4843487326637,55.74478245398811,389.42634264153014,5,5,100,0.8186582206979105,weak_or_mixed
matr,luh,matr_to_luh,Qdis_N,100,2.1785650303443744,15.515603589896374,0.08329420052175951,0.925875450630646,0.8425812501088865,True,0.13450476081024387,246.22102268970457,-0.534382547582441,383.27158570419,0.3266499822057137,266.13138706624443,55.63314181798784,386.1155485247322,5,5,100,0.5397293456155716,weak_or_mixed
matr,luh,matr_to_luh,exp_decay_k,100,1.9320828704367232,1.9320828704367232,-0.10570612373339304,-0.9303141067407266,0.8246079830073335,True,0.07025024147073855,262.2254714106107,-0.13574192147432446,321.0437084566373,0.3039452834241462,270.6741909190456,55.94108213226524,205.30012697031808,5,5,100,0.4760243862498555,weak_or_mixed
matr,luh,matr_to_luh,slope_linear,100,2.034598234857731,2.131387012714027,0.10601359586525631,0.9310597606616027,0.8250461647963464,True,0.06879494904524083,262.5780174721599,-0.11665456433046359,315.2671664247765,0.3104866580660279,266.31465672180036,55.22080071664961,197.13600013457759,5,5,100,0.47205544755046364,weak_or_mixed
matr,luh,matr_to_luh,spectral_entropy,100,0.385473375617219,0.385473375617219,0.15478985678356577,0.23415548396379138,0.0793656271802256,True,-0.086645215907918,286.47753266502934,-0.0975393998719142,367.02882440187375,-0.051368294455819564,342.3039975664505,66.7205531634083,-126.44208092752984,5,5,100,0.40249618006730437,weak_or_mixed
matr,luh,matr_to_luh,slope_ratio,100,0.48897684092401694,0.48897684092401694,-0.2714587596184837,-0.21527734043998714,0.05618141917849656,True,-0.029598404572351588,279.6157216645294,-0.1057779001585653,368.9503979578937,-0.06193988775136584,343.4255969315744,66.79735735410378,-127.29484934747069,5,5,100,0.3985627642721492,weak_or_mixed
matr,luh,matr_to_luh,fft_top3_energy_ratio,100,0.6458223560112769,0.6458223560112769,-0.18802759423798512,-0.26260117340478384,0.07457357916679871,True,-0.07826660956932467,283.8993082946107,-0.07341595537950578,361.66199952584134,-0.0734466385286861,344.38474156565235,66.88558878809904,-116.57082836218446,5,5,100,0.36583985701490906,weak_or_mixed
matr,luh,matr_to_luh,knee_cycle,100,0.9221157470563826,0.9221157470563826,-0.27491226315709616,-0.13467657801374902,0.14023568514334714,True,0.05100029502531385,258.9466637218856,-0.04792661704932022,352.7078761069053,-0.06898843584003296,342.365558651287,66.8444566160947,-85.61561349655813,5,5,100,0.34256509039518296,stable_candidate
matr,luh,matr_to_luh,kurtosis_Qdis,100,0.7518032410855724,0.7518032410855724,0.14034984739078715,0.28805417075793543,0.14770432336714828,True,-0.11960851296800776,290.0689056535085,-0.11049897908469881,369.3214791620785,-0.07027158822649994,345.9094912225193,67.16816510626042,-134.82225150278862,5,5,100,0.31337735215358997,weak_or_mixed
matr,luh,matr_to_luh,variance_Qdis,100,0.2515869127429548,0.8492297578350748,-0.5653462136557935,-0.9306869337011646,0.3653407200453711,True,-0.03310114393384804,280.4151361778686,-0.13617923502968132,374.732869865035,-0.06181077917282782,343.37468271243483,66.75126900576527,-146.9284666269813,5,5,100,0.2795916030658712,weak_or_mixed
matr,luh,matr_to_luh,std_diff,100,0.14728437085369686,0.11367713072418026,-0.2601773275803005,-0.6855985510326347,0.4254212234523342,True,-0.032865857691960265,279.846759630661,-0.13461268083367073,374.50615486846107,-0.057584410799956,343.20025736966977,66.71453297850684,-144.6002480279518,5,5,100,0.26519673264577837,weak_or_mixed
matr,luh,matr_to_luh,poly2_a,100,0.4593058413345986,178.52180831057942,-0.11146423820283244,-0.4442434761706538,0.3327792379678214,True,-0.032477525256035554,279.5973742040705,-0.1354642571556938,374.63147386702616,-0.07189422888437516,346.3590378293209,67.2412626674087,-150.28867636872775,5,5,100,0.26471450481589953,weak_or_mixed
matr,luh,matr_to_luh,accel_std,100,0.16073402954265856,0.15737414472176062,-0.1775651561510377,-0.6255230283804217,0.447957872229384,True,-0.03203412680672528,279.786185358101,-0.13451099041779843,374.48460490888135,-0.07094969943240899,346.8459296442233,67.3494699030156,-139.13050840053694,5,5,100,0.25191095945390923,weak_or_mixed
matr,luh,matr_to_luh,accel_max_abs,100,0.15402042023855683,0.15027248540089944,-0.11494985409768241,-0.600241329900985,0.48529147580330256,True,-0.14910799519583406,292.28420815945486,-0.13365623573489688,374.2999381978921,-0.06052397944040348,343.4665234094115,66.75865012624398,-151.01316386908792,5,5,100,0.2342511990625652,weak_or_mixed
matr,luh,matr_to_luh,range_Qdis,100,0.48286194921268055,1.3297797973592862,-0.5350462326612677,-0.9238853607742535,0.3888391281129858,True,-0.033224097222677294,279.83668670426084,-0.1340618880359279,374.41407844969376,-0.06742844329850102,347.3905254375178,67.37437220274457,-136.1695510878513,5,5,100,0.233151143561605,weak_or_mixed
matr,luh,matr_to_luh,linearity_r2,100,2.960783466326417,2.960783466326417,-0.30138418365237607,-0.2241748054688204,0.07720937818355567,True,0.14635902828432007,247.32541365271442,-0.018968512737329045,331.6136453741067,-0.0688707460421672,344.4899741686415,66.90410440962815,41.147672171076344,5,5,100,0.1636368192435797,weak_or_mixed
matr,luh,matr_to_luh,max_drop,100,0.14648363431091177,0.12648308276645878,-0.07026297253315443,-0.8477127821950178,0.7774498096618634,True,-0.03203039064803761,279.78680432171205,-0.13452473022069666,374.48702704549237,-0.05731116764234352,343.18075203545396,66.7393732956059,-141.17809174900415,5,5,100,0.08930255002243154,weak_or_mixed
matr,luh,matr_to_luh,cycle_to_95pct,100,1.3912587475888498,1.3912587475888498,0.15191260355822095,0.8901398156987894,0.7382272121405684,True,-0.027866906950219584,279.31534450766816,-0.02020447665142473,345.14641631366277,0.060901677174154144,314.3586605959712,61.694532388139514,-78.6159661769795,5,5,100,0.04400093613969658,weak_or_mixed
matr,luh,matr_to_luh,mean_diff,100,2.2375091625891756,2.2835424330995924,-0.018571316764541435,0.9238853607742535,0.942456677538795,False,0.06990673450522619,263.1353070897909,-0.4510252666317996,382.3258582520714,0.2614173472966283,279.61535815153803,57.562063994892554,272.5886928424199,5,5,100,-0.21411328405929103,relationship_unstable
matr,luh,matr_to_luh,delta_Qdis,100,2.2375091625892964,2.283542433099634,-0.018571316764541435,0.9238853607742535,0.942456677538795,False,0.06990673451341237,263.1353070882667,-0.4510252665909734,382.3258582442599,0.25693935608710033,279.9827706990646,57.38267045862674,276.8160157321001,5,5,100,-0.22306926647017894,relationship_unstable
matr,luh,matr_to_luh,retention_ratio,100,2.2402456114919915,2.2402456114919915,-0.018571316764541435,0.9238853607742535,0.942456677538795,False,0.06987918469359992,263.1355521226485,-0.4486202901286703,381.83961280030127,0.24121708236510248,284.5542195475625,58.2698464104411,280.87815345011654,5,5,100,-0.2549518310693914,relationship_unstable
matr,luh,matr_to_luh,sample_entropy,100,1.6657471549239917,1.6657471549239917,-0.02385148516349393,0.03512605163598809,0.05897753679948202,False,-0.035716798707176436,278.2579573932386,-0.17350388154064805,382.7303407162237,-0.0603931301534546,342.4781772852886,66.61101890131606,-167.89845284125897,5,5,100,-0.27935084163833973,relationship_unstable
matr,luh,matr_to_luh,skewness_Qdis,100,1.4691271702500235,1.4691271702500235,-0.04475396639329815,0.2619814745381097,0.30673544093140787,False,-0.04016800470336783,280.1753419325171,-0.13213724422176965,373.95677848327404,-0.06746097864568854,345.7869799900598,67.12880068463977,-142.05043669896264,5,5,100,-0.3737367960032074,relationship_unstable
matr,luh,matr_to_luh,cycle_to_99pct,100,10.349939969098347,10.349939969098347,0.2911812672323952,0.8201441323740399,0.5289628651416447,True,0.13882170192618296,252.70879268066656,-0.684585774024463,387.8398217687778,-0.007858714970904714,334.2583578136153,65.49646915872779,346.83329495048514,5,5,100,-0.3756597306446394,scale_shift_fragile
matr,luh,matr_to_luh,cycle_to_98pct,100,8.655346744776383,8.655346744776383,0.20898685857050125,0.8601813588001495,0.6511945002296482,True,0.07147367824540156,262.22225983109877,-0.979546219473848,446.06721525328686,0.03138603661252028,327.86388024221685,64.6466978318813,352.00560713677186,5,5,100,-0.44135149864438206,scale_shift_fragile
matr,luh,matr_to_luh,autocorr_lag1,100,3.435231490262861,3.435231490262861,0.07220004696389302,-0.11083540949564176,0.18303545645953478,False,-0.03621116368748263,279.8999268184571,-0.15375278912487006,378.59001199088414,-0.06688986722658884,346.32146389213966,67.27457865461894,-158.4940629598324,5,5,100,-0.6068024517691966,scale_shift_fragile
matr,luh,matr_to_luh,accel_mean,100,3.1798702525344016,2.556716093943167,0.49560594374680667,-0.426433431506483,0.9220393752532896,False,0.22518438117260925,230.7922745858169,-4.176446655082758,793.1008772271306,-0.8313503629664056,452.6793163457314,82.25747945838806,-745.27150071408,5,5,100,-0.7128158443341958,scale_shift_fragile
matr,luh,matr_to_luh,poly2_c,100,1.479012528706411,1.456084669931097,0.6548737128507811,-0.46581201965221397,1.120685732502995,False,-0.006338624977333751,276.2420796651712,-8.187710419445782,658.0901266343383,-4.233800189812249,515.5087877554993,86.08435166499378,-470.8995974517407,5,5,100,-0.7218518793059616,relationship_unstable
matr,luh,matr_to_luh,poly2_b,100,2.886927654021239,2.9697159085457328,-0.22340366060945357,0.858932858423337,1.0823365190327905,False,-0.039211711297274965,280.40963590696464,-0.24362320035153692,392.4634788032724,-0.12149518537529735,353.09183449117575,68.0796696154831,-176.26174409565786,5,5,100,-0.9330391481031859,relationship_unstable
matr,luh,matr_to_luh,slope_first_quarter,100,3.231153145149928,3.137521165045301,-0.2322141347879356,0.8371023284290365,1.069316463216972,False,-0.3799871536068327,305.7654313936772,-275.0904656365175,2231.0186107762133,-114.81154994578299,1249.267902923573,89.61632740142515,-2093.2910690902763,5,5,100,-0.9846729717724891,scale_shift_fragile
matr,luh,matr_to_luh,Qdis_cycle10,100,3.630205360867321,130.53626282749607,-0.13460011852494402,0.8274390566706548,0.9620391751955988,False,-0.04536726681419419,281.9348524243245,-0.4224007626053753,410.3838572037321,-0.1790547265096634,362.9765821521833,69.49502892209753,-201.1745835671122,5,5,100,-1.0255503917278976,scale_shift_fragile
matr,luh,matr_to_luh,n_capacity_jumps,100,0.2404130812006766,0.2404130812006766,0.051641906996994086,,,False,-0.05937044504297702,282.66371139194774,-0.13216974163367662,373.9687744453034,-0.06521297653198393,342.49050000000005,66.58525637580642,-155.8193944714563,5,5,100,,relationship_unstable
matr,luh,matr_to_luh,pos_neg_diff_ratio,100,3.2385309530394664,3.2385309530394664,-0.03888396955069739,,,False,-0.03751840009445066,280.6607431112454,-0.1469374855942171,377.13265298629705,-0.05452091981718219,343.08302325581406,66.68025318541548,-153.77118490933415,5,5,100,,scale_shift_fragile
matr,sandia,matr_to_sandia,mad_Qdis,100,2.788537025423383,3.0576989940895563,-0.39316461501356176,-0.7592748248780009,0.36611020986443915,True,0.19337137086706055,237.29310780134114,0.02958335586915666,566.3820237575156,0.2275317558602985,705.7647805595439,92.80196092249878,530.6406645831363,5,5,100,0.5470992238419305,weak_or_mixed
matr,sandia,matr_to_sandia,slope_last_quarter,100,0.5634060268645508,0.6286087821390146,0.47357416789820406,0.7175238951599902,0.2439497272617861,True,0.22209321624618958,231.74384894208885,-13680023347.915577,16041297.529902231,-14891791090.973518,15714998.189632,138.804337182262,-16530139.594614977,5,5,100,0.5156074485856139,stable_candidate
matr,sandia,matr_to_sandia,knee_cycle,100,0.26129279102018005,0.26129279102018005,-0.27491226315709616,-0.2024531544281057,0.07245910872899045,True,0.05100029502531385,258.9466637218856,0.07490221435067715,758.1644463653595,-0.010781389401501355,816.7294756361829,102.32566468715952,59.45670628804686,5,5,100,0.47557682200779167,stable_candidate
matr,sandia,matr_to_sandia,cycle_to_98pct,100,3.484599142388757,3.484599142388757,0.20898685857050125,0.45302787589538995,0.2440410173248887,True,0.07147367824540156,262.22225983109877,0.10696145240334731,614.735083657432,0.2714507939692013,684.2825006956051,91.94142539066557,451.1162739803917,5,5,100,0.4696648861630463,scale_shift_fragile
matr,sandia,matr_to_sandia,slope_ratio,100,0.4450385480671775,0.4450385480671775,-0.2714587596184837,-0.30274216150783606,0.03128340188935236,True,-0.029598404572351588,279.6157216645294,-0.002705338674025004,797.9618993690432,-0.11558306209487046,860.3396841165755,108.25953571012347,79.86522215999094,5,5,100,0.4176025168452472,weak_or_mixed
matr,sandia,matr_to_sandia,variance_Qdis,100,0.1668358724673225,1.3375967884625917,-0.5653462136557935,-0.7312106838702905,0.16586447021449702,True,-0.03310114393384804,280.4151361778686,-0.0027427563376750453,808.0206007267361,-0.10957851522516038,860.7948393150957,109.12579113015732,79.98078237955743,5,5,100,0.3920423840226531,weak_or_mixed
matr,sandia,matr_to_sandia,autocorr_lag1,100,0.5152542271509287,0.5152542271509287,0.07220004696389302,0.17514287167180806,0.10294282470791503,True,-0.03621116368748263,279.8999268184571,-0.003111644699372462,809.2692728917168,-0.1082843101541214,853.289306969107,105.57289510311323,18.094317035535205,5,5,100,0.3712404535734032,weak_or_mixed
matr,sandia,matr_to_sandia,range_Qdis,100,0.5200741991667407,1.4716134604342863,-0.5350462326612677,-0.688949722238486,0.15390348957721833,True,-0.033224097222677294,279.83668670426084,-0.002447467988125185,807.6586144275785,-0.11202536790638774,860.0951636542565,107.1525339967302,42.174763156136734,5,5,100,0.3450371253363797,weak_or_mixed
matr,sandia,matr_to_sandia,std_diff,100,0.017711103500294693,0.2756027582396538,-0.2601773275803005,-0.5743648876322524,0.31418756005195186,True,-0.032865857691960265,279.846759630661,-0.002569305082575424,807.808196388016,-0.12321250566506635,859.3950638832837,106.93080168482724,37.089501546890546,5,5,100,0.34024955444897986,weak_or_mixed
matr,sandia,matr_to_sandia,accel_std,100,0.009909365610480125,0.20342765920951275,-0.1775651561510377,-0.5295586635385323,0.3519935073874946,True,-0.03203412680672528,279.786185358101,-0.0026135138347435304,807.8192628874788,-0.0956052263905415,854.780141824836,106.69390379103312,28.94921147433442,5,5,100,0.3225168414646807,weak_or_mixed
matr,sandia,matr_to_sandia,fft_top3_energy_ratio,100,0.008263645793401534,0.008263645793401534,-0.18802759423798512,-0.5705710058493972,0.38254341161141214,True,-0.07826660956932467,283.8993082946107,0.025345171009722,793.397173176247,-0.05768065189435842,843.2627055253126,106.89760593730664,55.637636378376165,5,5,100,0.3074887473252837,weak_or_mixed
matr,sandia,matr_to_sandia,linearity_r2,100,2.232167139126454,2.232167139126454,-0.30138418365237607,-0.2764251081280305,0.024959075524345564,True,0.14635902828432007,247.32541365271442,-0.04875186835866931,700.5414655516113,-0.12443504514164248,855.0930696371537,107.01412910010525,234.56026776010836,5,5,100,0.29905441965317925,weak_or_mixed
matr,sandia,matr_to_sandia,accel_max_abs,100,0.029049692996432445,0.149223866048453,-0.11494985409768241,-0.5782067932351437,0.46325693913746124,True,-0.14910799519583406,292.28420815945486,-0.0034995334436948244,808.5842054804541,-0.11680814958336647,863.0941480186743,109.215643478488,78.4193048692402,5,5,100,0.2640140764818045,weak_or_mixed
matr,sandia,matr_to_sandia,spectral_entropy,100,0.18161242011529255,0.18161242011529255,0.15478985678356577,0.5826730084985049,0.4278831517149391,True,-0.086645215907918,286.47753266502934,0.020164252121999904,801.7742074234167,-0.11592752877431524,850.2890995909722,106.22072843623691,35.317403746988276,5,5,100,0.25881656112523654,weak_or_mixed
matr,sandia,matr_to_sandia,max_drop,100,0.015456306371692187,0.18741310699966107,-0.07026297253315443,-0.5703789105692526,0.5001159380360982,True,-0.03203039064803761,279.78680432171205,-0.002607322612951135,807.8162078040224,-0.08881686557696629,861.5392723004444,109.21682144013535,73.48222326990677,5,5,100,0.24762358502619708,weak_or_mixed
matr,sandia,matr_to_sandia,Qdis_N,100,3.5477771847809443,3.547335366420741,0.08329420052175951,0.6273021987701738,0.5440079982484143,True,0.13450476081024387,246.22102268970457,-0.027925787343252396,587.6147611856271,0.20729489508587118,722.1249618881676,94.54562045926849,554.6584519600061,5,5,100,0.2449239741406375,scale_shift_fragile
matr,sandia,matr_to_sandia,kurtosis_Qdis,100,0.5321638469646885,0.5321638469646885,0.14034984739078715,0.5621188135230363,0.4217689661322491,True,-0.11960851296800776,290.0689056535085,-0.0024210259455637482,799.8262942091303,-0.11797228643402762,855.5540831804619,107.01474407355794,62.42825467866171,5,5,100,0.2092909398891722,weak_or_mixed
matr,sandia,matr_to_sandia,exp_decay_k,100,3.1292360174912672,3.1292360174912672,-0.10570612373339304,-0.7265523733267848,0.6208462495933917,True,0.07025024147073855,262.2254714106107,0.056899600906705275,575.5463605333828,0.17170256266451098,741.6516775221733,98.88475707598276,407.37028858014025,5,5,100,0.13384683937937453,scale_shift_fragile
matr,sandia,matr_to_sandia,pos_neg_diff_ratio,100,2.551657891615804,2.551657891615804,-0.03888396955069739,-0.17641613361121752,0.13753216406052013,True,-0.03751840009445066,280.6607431112454,-0.002160955545333998,811.0260432487855,-0.10608449924498896,850.0742079414927,106.16017627226982,31.429604772257413,5,5,100,0.04848523422736935,weak_or_mixed
matr,sandia,matr_to_sandia,slope_linear,100,3.157451747216098,3.3753028239972154,0.10601359586525631,0.7295778739890617,0.6235642781238054,True,0.06879494904524083,262.5780174721599,0.05817230359154084,572.3190225285728,0.13199936942052987,752.0561813509045,98.76101710061435,395.7124747401527,5,5,100,0.04739378674198319,scale_shift_fragile
matr,sandia,matr_to_sandia,cycle_to_95pct,100,2.7746465723180465,2.7746465723180465,0.15191260355822095,0.4519005635004873,0.29998795994226635,True,-0.027866906950219584,279.31534450766816,0.02228439922415153,763.8156939450832,-0.006954035212909173,815.5882745306259,103.29579955647684,139.55040953439294,5,5,100,-0.06619096581884015,weak_or_mixed
matr,sandia,matr_to_sandia,cycle_to_99pct,100,7.243620815304173,7.243620815304173,0.2911812672323952,0.49348874790679625,0.20230748067440107,True,0.13882170192618296,252.70879268066656,-0.17850044389999992,591.1987638766486,0.0010203445843029913,811.6135513663737,101.39177087666712,502.39884159272833,5,5,100,-0.2102913492424116,scale_shift_fragile
matr,sandia,matr_to_sandia,accel_mean,100,0.24340258058546252,0.1682481821399786,0.49560594374680667,-0.30579490119566655,0.8014008449424732,False,0.22518438117260925,230.7922745858169,-6.941844515448598,2371.686494290621,-5.2786635986493025,1534.4225503337655,149.345389242259,-1562.965045267472,5,5,100,-0.21202642838644672,relationship_unstable
matr,sandia,matr_to_sandia,poly2_a,100,0.9070989101417937,3.6509663052791583,-0.11146423820283244,0.11098304810352301,0.22244728630635546,False,-0.032477525256035554,279.5973742040705,-0.0025945180794027856,807.3968056642456,-0.07533218075325235,858.9604496686375,109.08690493966995,74.92625587910958,5,5,100,-0.24728847967444678,relationship_unstable
matr,sandia,matr_to_sandia,n_capacity_jumps,100,0.5830676833732699,0.5830676833732699,0.051641906996994086,-0.32444958673653607,0.3760914937335301,False,-0.05937044504297702,282.66371139194774,-34910.11648316536,13630.53911016748,-38543.882022562946,14714.770925570181,114.32482091073805,-11174.802357211924,5,5,100,-0.27550589937275555,relationship_unstable
matr,sandia,matr_to_sandia,sample_entropy,100,0.9737052490977874,0.9737052490977874,-0.02385148516349393,0.3921144905950954,0.41596597575858935,False,-0.035716798707176436,278.2579573932386,-0.010945386032120741,819.6918361526775,-0.09003871976708416,865.8397492290958,109.76152114686424,69.91765126748358,5,5,100,-0.35403877524396277,relationship_unstable
matr,sandia,matr_to_sandia,poly2_c,100,1.1410391535954871,1.0732264636730209,0.6548737128507811,-0.01339864579008348,0.6682723586408645,False,-0.006338624977333751,276.2420796651712,-54750990.89183511,507403.5514640549,-63598966.75433104,549341.1868764944,124.04576837268027,-443305.4960076687,5,5,100,-0.5052920523597553,relationship_unstable
matr,sandia,matr_to_sandia,skewness_Qdis,100,1.334480195520689,1.334480195520689,-0.04475396639329815,0.5761417689735896,0.6208957353668878,False,-0.04016800470336783,280.1753419325171,-0.0031897371775192252,806.817429655788,-0.18582572504749392,860.1934441334373,106.80022582169256,52.55968173373698,5,5,100,-0.5106198970115472,relationship_unstable
matr,sandia,matr_to_sandia,delta_Qdis,100,3.751663045254147,3.6367552801962026,-0.018571316764541435,0.5727938542896848,0.5913651710542263,False,0.06990673451341237,263.1353070882667,-0.036061400511854316,639.681764750981,0.12763654877056654,758.176354484206,100.16920157756392,500.4127646627714,5,5,100,-0.5332522102606897,scale_shift_fragile
matr,sandia,matr_to_sandia,retention_ratio,100,3.7566859693021595,3.7566859693021595,-0.018571316764541435,0.5804298250142643,0.5990011417788057,False,0.06987918469359992,263.1355521226485,-0.03548118550366055,638.8264289029803,0.11676958533408241,761.9642703091159,98.79126255858873,475.9334143350266,5,5,100,-0.559585110922962,scale_shift_fragile
matr,sandia,matr_to_sandia,mean_diff,100,3.751663045253963,3.636755280196172,-0.018571316764541435,0.5727938542896848,0.5913651710542263,False,0.06990673450522619,263.1353070897909,-0.03606140051853555,639.6817647563716,0.10321303724318465,764.1858378231072,100.56959842517634,502.0678866978835,5,5,100,-0.582099233323612,scale_shift_fragile
matr,sandia,matr_to_sandia,poly2_b,100,2.1398769616290094,2.088407036033598,-0.22340366060945357,0.3761705823430964,0.59957424295255,False,-0.039211711297274965,280.40963590696464,-0.023516454915657948,834.0754389174568,-0.1007593026382046,863.9174107053068,109.11846022237457,30.155508866973296,5,5,100,-0.6207686657206264,relationship_unstable
matr,sandia,matr_to_sandia,slope_first_quarter,100,2.9673746851763143,2.7104835881597236,-0.2322141347879356,0.27906641823001826,0.5112805530179538,False,-0.3799871536068327,305.7654313936772,-1292.648315144254,6155.395387624229,-1424.6070576447485,4570.175222946981,123.10699873638437,-4800.880217470276,5,5,100,-0.7007464792854241,relationship_unstable
matr,sandia,matr_to_sandia,Qdis_cycle10,100,3.3799172025393167,3.6351155332509144,-0.13460011852494402,0.3228238692492044,0.45742398777414844,False,-0.04536726681419419,281.9348524243245,-0.1688689595649813,915.9708094318,-0.2078161297942787,887.5955430535571,109.89457489840062,-86.64653132493763,5,5,100,-0.7356995742679717,scale_shift_fragile
sandia,hust,sandia_to_hust,cycle_to_98pct,100,3.0644580262941856,3.0644580262941856,0.45302787589538995,0.19611742409967373,0.25691045179571625,True,0.9185436483998964,169.52004136668475,-12.62865802304926,972.1583765250173,0.0015093485147793283,226.24783153384266,15.321566444747907,-970.232197971629,5,5,100,0.833438415587469,scale_shift_fragile
sandia,hust,sandia_to_hust,slope_linear,100,2.7600353813535956,2.8221149935171788,0.7295778739890617,0.12161602618714076,0.607961847801921,True,0.7845076977506406,257.57925279718796,-10.278544657957124,780.7257418011206,-2.7568640325122526,415.6102164957429,27.376059474127,-778.75519769663,5,5,100,0.5665214666466405,weak_or_mixed
sandia,hust,sandia_to_hust,retention_ratio,100,3.125093159252802,3.125093159252802,0.5804298250142643,0.07756767947798504,0.5028621455362793,True,0.7866181296131757,264.2535494031826,-29.56695784526365,1277.370763566333,-8.74120256058562,729.0578660051099,50.334150450254704,-1255.492323538129,5,5,100,0.5664230829571155,scale_shift_fragile
sandia,hust,sandia_to_hust,delta_Qdis,100,3.1199789861479528,3.0217288356908565,0.5727938542896848,0.07882958377045862,0.49396427051922615,True,0.7801251900294007,268.72524023995993,-28.15125184959117,1247.1239018839913,-8.425419743852995,716.4973847359463,48.948328488980394,-1209.3432176014517,5,5,100,0.5651462068475946,scale_shift_fragile
sandia,hust,sandia_to_hust,mean_diff,100,3.1199789861479643,3.021728835690848,0.5727938542896848,0.07882958377045862,0.49396427051922615,True,0.7801251899890207,268.7252402468471,-28.15125184111231,1247.1239016894042,-8.355192595732726,721.6460475619651,52.23306247802768,-1273.7383984125122,5,5,100,0.565146206807213,scale_shift_fragile
sandia,hust,sandia_to_hust,exp_decay_k,100,2.7240008041944406,2.7240008041944406,-0.7265523733267848,-0.12161602618714076,0.6049363471396441,True,0.7706570032158012,264.6229727755058,-7.981934732874197,699.5492480047078,-1.9581284102716205,364.9981884734152,23.67569817565785,-673.6629147242063,5,5,100,0.5595887090168132,weak_or_mixed
sandia,hust,sandia_to_hust,Qdis_N,100,3.01980781393233,2.6828374400070607,0.6273021987701738,0.10435685602028864,0.5229453427498851,True,0.7728366436453474,261.345714717463,-22.473047429266877,1113.992130422797,-6.889262726029488,642.8050371829008,43.89873206933314,-1100.8007897787459,5,5,100,0.5583928001805555,scale_shift_fragile
sandia,hust,sandia_to_hust,mad_Qdis,100,2.353045062555116,2.5094414958092623,-0.7592748248780009,-0.1264007466294364,0.6328740782485645,True,0.6324377183017588,305.3052587049074,-0.07975717161895106,239.91309580075682,-0.0404614072900183,228.94735671652143,15.609960210389339,-54.68054237093579,5,5,100,0.4630439197942092,weak_or_mixed
sandia,hust,sandia_to_hust,accel_mean,100,0.07000643514430023,0.08870322853611616,-0.30579490119566655,-0.17009418275633392,0.13570071843933262,True,-115955321466.7808,75000458.47569188,-12.574588814800695,959.6089965795293,-0.1891863042256612,242.73511928873785,16.459015372206053,951.4139866523161,5,5,100,0.4216486755086887,weak_or_mixed
sandia,hust,sandia_to_hust,knee_cycle,100,0.2294966866925092,0.2294966866925092,-0.2024531544281057,-0.08509960232759053,0.11735355210051518,True,-0.03568903095926372,552.3925965226623,-16.97898722000562,1128.9549046051156,-0.10487023925306747,237.1899364035822,16.17865247502661,1124.4328853286972,5,5,100,0.406898720945866,weak_or_mixed
sandia,hust,sandia_to_hust,poly2_a,100,0.8833171455751982,2.7988722923004903,0.11098304810352301,0.14649920145435408,0.03551615335083107,True,-0.10207766486883049,522.9153648972755,-16.458099620196254,1111.8632600856968,-0.05885986021506804,232.63432622281303,15.86762034343316,1109.8218715599114,5,5,100,0.34974435148830474,weak_or_mixed
sandia,hust,sandia_to_hust,slope_ratio,100,0.9712012946310011,0.9712012946310011,-0.30274216150783606,-0.3576578530615989,0.05491569155376286,True,-0.1128417399399512,538.4669654799043,-15.6758127271011,1072.7344016976135,-0.6455512869698012,250.00931393283997,16.63075699548117,1054.0096639760404,5,5,100,0.3268619600284684,weak_or_mixed
sandia,hust,sandia_to_hust,kurtosis_Qdis,100,0.348091817808875,0.348091817808875,0.5621188135230363,0.2963503361855911,0.2657684773374452,True,-0.8388218736769095,587.4993493088833,-15.766219773404567,1080.165733756437,-2.6007505634587833,358.23958708492665,24.02698622368663,976.8393180624378,5,5,100,0.3149019886599461,weak_or_mixed
sandia,hust,sandia_to_hust,linearity_r2,100,0.9225178182564514,0.9225178182564514,-0.2764251081280305,-0.3973815486017567,0.12095644047372617,True,-0.10741999240419972,525.6876202426207,-15.569108747839016,1074.4235606720372,-0.16004368572760255,242.73940945348284,16.456370831872277,1068.0104737708257,5,5,100,0.3011441070246692,weak_or_mixed
sandia,hust,sandia_to_hust,autocorr_lag1,100,1.2747561753585805,1.2747561753585805,0.17514287167180806,0.15451755164611325,0.02062532002569481,True,-0.09972117833392172,518.187850822828,-16.55412081016044,1115.1656786692827,-0.0595859285196744,231.85819085656763,15.816523865427625,1110.0405057382156,5,5,100,0.2984739136833655,weak_or_mixed
sandia,hust,sandia_to_hust,slope_first_quarter,100,2.323300003541405,2.2847273104161934,0.27906641823001826,0.04611208602080521,0.23295433220921305,True,0.18934027658865035,481.4345314984874,-3.3443574660442676,477.07956137963066,-0.8910368023860302,299.7985950315894,19.908013183967714,430.9280824798574,5,5,100,0.22436810995283313,weak_or_mixed
sandia,hust,sandia_to_hust,sample_entropy,100,1.3676542099630224,1.3676542099630224,0.3921144905950954,0.24554554357714975,0.14656894701794565,True,-0.2486753240503745,435.2097488460571,-535.661210265083,1524.1927355793955,-506.95629909260987,1622.588291999095,90.03477760941588,-641.5129141916162,5,5,100,0.22156739499657385,weak_or_mixed
sandia,hust,sandia_to_hust,poly2_b,100,1.8146352839059796,1.7672813127437728,0.3761705823430964,0.049950378243745666,0.32622020409935076,True,0.09838806614987605,493.83872772074676,-7.8044529740112525,747.9508383824221,-0.22821681646558833,248.86529925322625,16.799636524433446,748.1282494951504,5,5,100,0.16308267151430375,weak_or_mixed
sandia,hust,sandia_to_hust,variance_Qdis,100,1.5291861957863266,1.6196055237489257,-0.7312106838702905,-0.13505004896743236,0.5961606349028582,True,0.187055485192307,451.7971085208912,-7.965364233677735,758.0517461317256,-0.07213071661011729,233.85750382214505,15.980595411515912,764.074611724815,5,5,100,0.15959723837292888,weak_or_mixed
sandia,hust,sandia_to_hust,skewness_Qdis,100,1.147384549720642,1.147384549720642,0.5761417689735896,0.019506937187820678,0.5566348317857689,True,0.007993268841205391,499.8079082880078,-22.377886472395964,1284.7149311376534,-0.5157469435474069,278.7703013767343,19.04616594841951,1275.8445802227457,5,5,100,0.057568170490224724,weak_or_mixed
sandia,hust,sandia_to_hust,Qdis_cycle10,100,2.5989871240304683,2.7790850653569623,0.3228238692492044,0.07174451696167469,0.25107935228752976,True,0.038288830868015045,475.45104935709503,-8.342286672421409,775.9548232255353,-0.13579177707862436,240.757226156397,16.349662696317406,783.6379821647672,5,5,100,0.022901086119679948,weak_or_mixed
sandia,hust,sandia_to_hust,cycle_to_99pct,100,5.3275820321341865,5.3275820321341865,0.49348874790679625,0.10240870529870201,0.39108004260809426,True,0.3986799684595627,333.93416585270796,-5070.075838368383,15829.28676365536,-450.4870699289373,4468.776101448504,157.9157998335942,-16051.068582326921,5,5,100,-0.04686005284448436,scale_shift_fragile
sandia,hust,sandia_to_hust,poly2_c,100,1.0507045927488856,0.940545819371517,-0.01339864579008348,0.013289429580112333,0.026688075370195814,False,-0.05630282615580875,526.1619232140943,-13.723812493347504,1015.9798255606872,-0.042220107781277466,231.69876450423598,15.823326180565351,1019.5386797869719,5,5,100,-0.17094972659743074,relationship_unstable
sandia,hust,sandia_to_hust,range_Qdis,100,2.3711349666843002,2.4501239384291233,-0.688949722238486,0.13098829452603306,0.8199380167645192,False,0.5654880233581766,324.72479062945365,-0.3202089481712646,261.3539692945161,-0.13292924940782203,238.32877748728623,16.259606218108814,125.7309002785381,5,5,100,-0.20015123002672802,relationship_unstable
sandia,hust,sandia_to_hust,fft_top3_energy_ratio,100,1.0355785379423688,1.0355785379423688,-0.5705710058493972,0.03806744615628617,0.6086384520056835,False,0.05100671999861024,481.68609970160725,-20.00651844764714,1223.8813464833195,-0.13649812368853748,244.54295274605872,16.684215873829654,1220.9578255143604,5,5,100,-0.4086492866955868,relationship_unstable
sandia,hust,sandia_to_hust,spectral_entropy,100,0.977140403922548,0.977140403922548,0.5826730084985049,-0.07107413030629811,0.6537471388048031,False,0.05893616703942817,473.66210626392774,-20.273332063550082,1230.7048048519478,-0.21609022644478892,250.58839601931774,17.136268528384175,1237.8378054642726,5,5,100,-0.41450846295135557,relationship_unstable
sandia,hust,sandia_to_hust,accel_max_abs,100,0.8015613844484502,0.8138374058217603,-0.5782067932351437,0.04290474594410154,0.6211115391792452,False,-0.050660299465883615,503.7962846187962,-14.83649155119168,1055.422918436837,-0.06195269991654231,231.02131737956398,15.78538520950364,1061.5869367639766,5,5,100,-0.4307899772568901,relationship_unstable
sandia,hust,sandia_to_hust,slope_last_quarter,100,0.442958050949681,0.5095964531274538,0.7175238951599902,-0.03947394364893901,0.7569978388089291,False,-1352690105.712257,6182559.146492401,-14.273841121089522,1013.0946594128806,-0.056912711255467326,233.60691350555535,15.933017442337722,1009.5038173942706,5,5,100,-0.4449426270469167,relationship_unstable
sandia,hust,sandia_to_hust,max_drop,100,1.0339330181621855,1.0213671144519407,-0.5703789105692526,0.048110101150555036,0.6184890117198076,False,-0.04544893658204552,502.89629957558884,-14.327723920320793,1037.0030730163733,-0.0653776101309266,231.84759121521486,15.823325408588124,1039.0313338788244,5,5,100,-0.4643344585842316,relationship_unstable
sandia,hust,sandia_to_hust,accel_std,100,0.7266438601202566,0.786236391330689,-0.5295586635385323,0.25245972751299456,0.7820183910515268,False,-0.03735972098351872,503.2415790581766,-14.4824174504604,1042.6558165948861,-0.0678453949121527,234.5772194270222,16.016971670087727,1044.1099713095,5,5,100,-0.5000057745438019,relationship_unstable
sandia,hust,sandia_to_hust,std_diff,100,0.8425142974009541,0.9032515678039347,-0.5743648876322524,0.26113531952375035,0.8355002071560027,False,-0.023363553637585598,497.7620991075132,-14.006133818890026,1025.154047866977,-0.08768812079756005,236.52048136216047,16.15683325228386,1027.7043352675582,5,5,100,-0.5441272481881445,relationship_unstable
sandia,hust,sandia_to_hust,pos_neg_diff_ratio,100,2.9356710484924253,2.9356710484924253,-0.17641613361121752,0.10979704492961807,0.2862131785408356,False,-0.1081604422098676,518.6064221563703,-17.96159120060137,1157.7064989577375,-0.07728781241605198,233.80038734337478,15.942578601905376,1159.6364761407128,5,5,100,-0.5834572465442815,relationship_unstable
sandia,hust,sandia_to_hust,cycle_to_95pct,100,2.3777057310583576,2.3777057310583576,0.4519005635004873,,,False,0.521835458062861,372.85086901506986,-0.8335119849532724,303.6250564322153,-0.08846130387218175,234.36431578947372,15.978937348739368,228.02104829141837,5,5,100,,relationship_unstable
sandia,hust,sandia_to_hust,n_capacity_jumps,100,0.5038419595496926,0.5038419595496926,-0.32444958673653607,,,False,-0.06790528019485595,516.4136417929634,-15.323172789143257,1072.8699695182868,-0.07672657921718534,234.13401754385967,15.953609829916513,1064.6185279598453,5,5,100,,relationship_unstable
sandia,luh,sandia_to_luh,slope_linear,100,0.1754682288871196,0.21409749939420422,0.7295778739890617,0.9310597606616027,0.20148188667254097,True,0.7845076977506406,257.57925279718796,0.7375583220393989,151.95488479390932,0.74454589688883,154.60330827520042,30.8761425605517,60.29703754085178,5,5,100,2.6465383138589624,stable_candidate
sandia,luh,sandia_to_luh,exp_decay_k,100,0.16635379678987072,0.16635379678987072,-0.7265523733267848,-0.9303141067407266,0.20376173341394177,True,0.7706570032158012,264.6229727755058,0.7437050892351347,153.51614525678755,0.7393574510174007,157.72377353816228,33.72423662502543,38.48557690591303,5,5,100,2.6225379690251507,stable_candidate
sandia,luh,sandia_to_luh,Qdis_N,100,0.04605352667482467,0.8638042951437961,0.6273021987701738,0.925875450630646,0.29857325186047223,True,0.7728366436453474,261.345714717463,0.7501497334233811,153.93099369788166,0.7350684970562447,158.09569224747446,38.89429429669721,-4.733334353019791,5,5,100,2.586778982826377,stable_candidate
sandia,luh,sandia_to_luh,retention_ratio,100,0.00019606789855588274,0.00019606789855588274,0.5804298250142643,0.9238853607742535,0.3434555357599892,True,0.7866181296131757,264.2535494031826,0.7375305419306778,157.84596609111048,0.7318663225330946,161.7147674419386,45.089912267055695,-36.17093284900089,5,5,100,2.5785935966145868,stable_candidate
sandia,luh,sandia_to_luh,mean_diff,100,0.004371566915970476,0.04159264605683591,0.5727938542896848,0.9238853607742535,0.35109150648456877,True,0.7801251899890207,268.7252402468471,0.7362811822794887,158.0702361393397,0.7320086788881766,161.7491314457617,44.95356189750374,-35.60019034872498,5,5,100,2.567941059485694,stable_candidate
sandia,luh,sandia_to_luh,delta_Qdis,100,0.004371566915986254,0.04159264605683875,0.5727938542896848,0.9238853607742535,0.35109150648456877,True,0.7801251900294007,268.72524023995993,0.7362811822735095,158.0702361410729,0.7297387778085951,161.51608153974635,42.7875738857761,-28.084344022226603,5,5,100,2.563401257366908,stable_candidate
sandia,luh,sandia_to_luh,mad_Qdis,100,0.1763896091336592,0.2129111499390537,-0.7592748248780009,-0.9215476349682634,0.1622728100902625,True,0.6324377183017588,305.3052587049074,0.6790177181283237,156.15979395379605,0.7071981717253037,163.2759038091092,30.823340058071505,77.32826145588369,5,5,100,2.4392392153371865,stable_candidate
sandia,luh,sandia_to_luh,range_Qdis,100,0.2259008967704907,0.17852196086196187,-0.688949722238486,-0.9238853607742535,0.2349356385357675,True,0.5654880233581766,324.72479062945365,0.6903470050535743,173.22915493991985,0.6752680477587663,173.97847064905008,36.31850886754471,-9.658727075860575,5,5,100,2.2646711650922517,stable_candidate
sandia,luh,sandia_to_luh,cycle_to_95pct,100,0.5851225137107544,0.5851225137107544,0.4519005635004873,0.8901398156987894,0.4382392521983021,True,0.521835458062861,372.85086901506986,0.24096191441844014,266.7670571986957,0.5298938372420683,210.98428833244475,68.45902998874814,-207.62537023475997,5,5,100,1.7747351293912337,stable_candidate
sandia,luh,sandia_to_luh,cycle_to_98pct,100,0.23186358393925763,0.23186358393925763,0.45302787589538995,0.8601813588001495,0.4071534829047595,True,0.9185436483998964,169.52004136668475,0.0015040377921329063,293.2687970862864,0.29529534850509687,273.23481077309293,56.5497853527836,237.3977056257489,5,5,100,1.770778066366822,stable_candidate
sandia,luh,sandia_to_luh,variance_Qdis,100,0.1418513854905512,0.16097216728753588,-0.7312106838702905,-0.9306869337011646,0.19947624983087409,True,0.187055485192307,451.7971085208912,0.4452372088473898,199.7929744107978,0.49751945371789047,220.67975952486893,44.67234974357344,102.05975440700975,5,5,100,1.5610785598890684,stable_candidate
sandia,luh,sandia_to_luh,cycle_to_99pct,100,0.09870595511162097,0.09870595511162097,0.49348874790679625,0.8201441323740399,0.3266553844672437,True,0.3986799684595627,333.93416585270796,0.09348795265018169,282.436650974853,0.23479169637525324,286.3841105928591,58.752163814443385,180.29987708174286,5,5,100,1.1901297757097042,stable_candidate
sandia,luh,sandia_to_luh,slope_first_quarter,100,0.23386546237359265,0.18125259546587358,0.27906641823001826,0.8371023284290365,0.5580359101990182,True,0.18934027658865035,481.4345314984874,0.36936477610336726,223.70019135302422,0.398322114526349,245.44418088157872,51.11156830044166,103.79552525212524,5,5,100,1.1718867311858006,stable_candidate
sandia,luh,sandia_to_luh,poly2_b,100,0.06292154737780677,0.024151719909513304,0.3761705823430964,0.858932858423337,0.4827622760802406,True,0.09838806614987605,493.83872772074676,0.17197575772572304,258.8267001452451,0.2784444892943901,275.71078396231536,56.66603302515642,155.79764526682803,5,5,100,0.9044576745918649,stable_candidate
sandia,luh,sandia_to_luh,slope_last_quarter,100,0.24966370916977573,0.26625237210503244,0.7175238951599902,0.886552282708764,0.1690283875487738,True,-1352690105.712257,6182559.146492401,-0.08175855521691429,309.818752895833,0.04037222323699845,319.2236387826074,62.21499706937603,161.58061584525672,5,5,100,0.4587806963241437,weak_or_mixed
sandia,luh,sandia_to_luh,slope_ratio,100,0.1397365387436916,0.1397365387436916,-0.30274216150783606,-0.21527734043998714,0.08746482106784892,True,-0.1128417399399512,538.4669654799043,-0.18610476748604904,334.41675121643243,-0.06238847371606385,345.02146831151555,67.0638920520805,188.18570172065182,5,5,100,0.4353071086545218,weak_or_mixed
sandia,luh,sandia_to_luh,accel_mean,100,0.04959054719809834,0.025177838688852705,-0.30579490119566655,-0.426433431506483,0.12063853031081645,True,-115955321466.7808,75000458.47569188,-0.08605280782399446,321.37273034984787,-0.053520430424098056,334.0375467419783,64.25088907989601,108.01572558351207,5,5,100,0.432242152764877,weak_or_mixed
sandia,luh,sandia_to_luh,knee_cycle,100,0.3544475992622346,0.3544475992622346,-0.2024531544281057,-0.13467657801374902,0.06777657641435669,True,-0.03568903095926372,552.3925965226623,-0.270980303830268,337.7741091377358,-0.07867491654499219,344.0203106641976,67.10489634488233,212.47571193192059,5,5,100,0.41294457190348643,weak_or_mixed
sandia,luh,sandia_to_luh,Qdis_cycle10,100,1.3124376077333728,0.9119579785873636,0.3228238692492044,0.8274390566706548,0.5046151874214504,True,0.038288830868015045,475.45104935709503,0.17102623958748636,287.9040554187347,0.1516795885623475,301.6575197983442,60.82087987971349,72.23035597547549,5,5,100,0.39247477312197887,weak_or_mixed
sandia,luh,sandia_to_luh,accel_max_abs,100,0.9639492888441975,0.9224767868053483,-0.5782067932351437,-0.600241329900985,0.02203453666584132,True,-0.050660299465883615,503.7962846187962,-0.08812908491594476,330.35779703702207,-0.05969986364234955,344.94864063421267,67.06696918080223,115.69621233959533,5,5,100,0.3443903383404497,weak_or_mixed
sandia,luh,sandia_to_luh,accel_std,100,0.9586106615673273,0.9261046016188554,-0.5295586635385323,-0.6255230283804217,0.09596436484188942,True,-0.03735972098351872,503.2415790581766,-0.05693494629016547,329.6952770934688,-0.06431620708663857,343.81366196157376,66.75199756612403,90.49635929510318,5,5,100,0.3082262183439562,weak_or_mixed
sandia,luh,sandia_to_luh,linearity_r2,100,1.112083385832527,1.112083385832527,-0.2764251081280305,-0.2241748054688204,0.0522503026592101,True,-0.10741999240419972,525.6876202426207,-0.21640130433285298,336.8930221111744,-0.07270589751796905,345.47398404826595,66.9713804830508,190.05919525523728,5,5,100,0.307062340795516,weak_or_mixed
sandia,luh,sandia_to_luh,skewness_Qdis,100,0.3012652780105302,0.3012652780105302,0.5761417689735896,0.2619814745381097,0.3141602944354799,True,0.007993268841205391,499.8079082880078,-0.2705323873079047,340.5457370033441,-0.023962968077608032,342.0486093596899,67.16006237209477,227.49150865078772,5,5,100,0.30572332992188594,weak_or_mixed
sandia,luh,sandia_to_luh,std_diff,100,0.9974166397790244,0.9601716132702434,-0.5743648876322524,-0.6855985510326347,0.11123366340038232,True,-0.023363553637585598,497.7620991075132,-0.028165559294370212,325.0715857022355,-0.03476114302533734,338.07053783985424,65.84133745562849,78.42032673625978,5,5,100,0.2947706723329552,weak_or_mixed
sandia,luh,sandia_to_luh,poly2_c,100,0.21763359916712835,0.20198190729213222,-0.01339864579008348,-0.46581201965221397,0.4524133738621305,True,-0.05630282615580875,526.1619232140943,-0.1510460213162333,327.4195654232732,-0.07873422914250618,337.32792697127957,64.66013352540756,158.37337416254715,5,5,100,0.24114827319386548,weak_or_mixed
sandia,luh,sandia_to_luh,max_drop,100,1.1569317192326303,1.0788132092263676,-0.5703789105692526,-0.8477127821950178,0.27733387162576517,True,-0.04544893658204552,502.89629957558884,-0.05696748132318748,327.3067510920156,-0.0433699995135433,339.97649642271796,66.25257883937373,87.17501855637512,5,5,100,0.1877933063022229,weak_or_mixed
sandia,luh,sandia_to_luh,kurtosis_Qdis,100,1.2831959466113747,1.2831959466113747,0.5621188135230363,0.28805417075793543,0.27406464276510084,True,-0.8388218736769095,587.4993493088833,-0.34651378854994713,349.06649203142354,-0.06391569577238287,343.36551627605826,66.7650400855237,232.39439946575988,5,5,100,0.17048828662574342,weak_or_mixed
sandia,luh,sandia_to_luh,spectral_entropy,100,1.433889406827139,1.433889406827139,0.5826730084985049,0.23415548396379138,0.3485175245347135,True,0.05893616703942817,473.66210626392774,-0.5787362704966327,373.8523014037261,-0.05063497434847771,342.2171165077925,66.76907279372959,312.251479704171,5,5,100,0.16959399374800055,weak_or_mixed
sandia,luh,sandia_to_luh,fft_top3_energy_ratio,100,1.6111251269372593,1.6111251269372593,-0.5705710058493972,-0.26260117340478384,0.3079698324446134,True,0.05100671999861024,481.68609970160725,-0.5967781512265088,377.1447840373841,-0.040692030691368355,342.2894011097292,66.76825495959415,319.76932760710594,5,5,100,0.1553530347357147,weak_or_mixed
sandia,luh,sandia_to_luh,sample_entropy,100,1.5403811640285898,1.5403811640285898,0.3921144905950954,0.03512605163598809,0.3569884389591073,True,-0.2486753240503745,435.2097488460571,-0.8276910222816891,404.873342625616,-0.06661070760004029,343.26138448316283,66.6105805071615,371.42613502158974,5,5,100,0.09044860591615791,weak_or_mixed
sandia,luh,sandia_to_luh,poly2_a,100,1.0512074455170315,0.8753433017733511,0.11098304810352301,-0.4442434761706538,0.5552265242741768,False,-0.10207766486883049,522.9153648972755,-0.20350221725760603,336.49192167369836,-0.08388078990106575,346.6250455134133,67.1832230715042,197.9363973662225,5,5,100,-0.4352943789646432,relationship_unstable
sandia,luh,sandia_to_luh,autocorr_lag1,100,3.2198106459980997,3.2198106459980997,0.17514287167180806,-0.11083540949564176,0.28597828116744983,False,-0.09972117833392172,518.187850822828,-0.20747153394495674,336.2419779728801,-0.06808558201258454,346.13039162542145,67.25785452769816,194.61283609716213,5,5,100,-0.6259607374834398,scale_shift_fragile
sandia,luh,sandia_to_luh,n_capacity_jumps,100,0.5592418790558704,0.5592418790558704,-0.32444958673653607,,,False,-0.06790528019485595,516.4136417929634,-0.12407281414858691,331.83018841706405,-0.05279940111349101,342.4947558139535,66.69814305886064,133.07802795984517,5,5,100,,relationship_unstable
sandia,luh,sandia_to_luh,pos_neg_diff_ratio,100,1.1334079860210715,1.1334079860210715,-0.17641613361121752,,,False,-0.1081604422098676,518.6064221563703,-0.1935199154878729,335.4470367165997,-0.07518990171690897,344.4599534883722,66.84804216386115,181.3945968470133,5,5,100,,relationship_unstable
sandia,matr,sandia_to_matr,range_Qdis,100,0.5200741991667407,1.4716134604342863,-0.688949722238486,-0.5350462326612677,0.15390348957721833,True,0.5654880233581766,324.72479062945365,-4.756153677282029,811.5307788469737,-0.11259552606991473,272.1807103418212,37.001442035299554,-763.4031789039373,5,5,100,0.9105251486945563,stable_candidate
sandia,matr,sandia_to_matr,cycle_to_98pct,100,3.484599142388757,3.484599142388757,0.45302787589538995,0.20898685857050125,0.2440410173248887,True,0.9185436483998964,169.52004136668475,-21.491186377134902,1666.4272688676551,-0.01996379900346724,278.72762235611395,38.03854719351204,-1678.1002102215834,5,5,100,0.7738332683791387,scale_shift_fragile
sandia,matr,sandia_to_matr,mad_Qdis,100,2.788537025423383,3.0576989940895563,-0.7592748248780009,-0.39316461501356176,0.36611020986443915,True,0.6324377183017588,305.3052587049074,-7.84769780769768,1015.1147845412248,0.06131850389213549,268.7885198767444,38.82913133796636,-1008.9108454836168,5,5,100,0.6537390673403027,weak_or_mixed
sandia,matr,sandia_to_matr,variance_Qdis,100,0.1668358724673225,1.3375967884625917,-0.7312106838702905,-0.5653462136557935,0.16586447021449702,True,0.187055485192307,451.7971085208912,-0.31294771129886045,309.52164049357606,-0.12724553357021734,288.133789709235,38.08916891926581,50.17432053022476,5,5,100,0.57909786921496,stable_candidate
sandia,matr,sandia_to_matr,slope_linear,100,3.157451747216098,3.3753028239972154,0.7295778739890617,0.10601359586525631,0.6235642781238054,True,0.7845076977506406,257.57925279718796,-20.301208893230204,1604.462375246251,-0.3668062460625656,324.4517488464481,49.682191930466495,-1593.9061403386481,5,5,100,0.49910779660632304,scale_shift_fragile
sandia,matr,sandia_to_matr,exp_decay_k,100,3.1292360174912672,3.1292360174912672,-0.7265523733267848,-0.10570612373339304,0.6208462495933917,True,0.7706570032158012,264.6229727755058,-17.819130277694295,1506.0347026790118,-0.3082204365495811,317.70279179224804,47.89073394024507,-1504.7234896058728,5,5,100,0.49084847579541535,scale_shift_fragile
sandia,matr,sandia_to_matr,Qdis_N,100,3.5477771847809443,3.547335366420741,0.6273021987701738,0.08329420052175951,0.5440079982484143,True,0.7728366436453474,261.345714717463,-26.276053957491825,1834.670318738963,-0.23094547766357892,316.5698165016389,47.98846580221448,-1834.1364898812574,5,5,100,0.4686660668039988,scale_shift_fragile
sandia,matr,sandia_to_matr,cycle_to_95pct,100,2.7746465723180465,2.7746465723180465,0.4519005635004873,0.15191260355822095,0.29998795994226635,True,0.521835458062861,372.85086901506986,-1.8175051600437506,547.3982008933086,-0.0498325124656464,281.129238600516,36.70298796457256,-484.01840096944625,5,5,100,0.4556444922440208,weak_or_mixed
sandia,matr,sandia_to_matr,knee_cycle,100,0.26129279102018005,0.26129279102018005,-0.2024531544281057,-0.27491226315709616,0.07245910872899045,True,-0.03568903095926372,552.3925965226623,-0.8986417320688421,360.34155368873616,0.00013177730112361896,273.86098722480733,35.47826382526237,351.90217980587266,5,5,100,0.424840081584725,weak_or_mixed
sandia,matr,sandia_to_matr,slope_ratio,100,0.4450385480671775,0.4450385480671775,-0.30274216150783606,-0.2714587596184837,0.03128340188935236,True,-0.1128417399399512,538.4669654799043,-739345.1793082322,13424.988866058073,-738890.622075005,13291.126520943562,61.068408151159204,-12149.549108182278,5,5,100,0.4176025168452472,weak_or_mixed
sandia,matr,sandia_to_matr,autocorr_lag1,100,0.5152542271509287,0.5152542271509287,0.17514287167180806,0.07220004696389302,0.10294282470791503,True,-0.09972117833392172,518.187850822828,-1.2482284451438823,415.1369232942481,-0.06403351892882227,285.2197196394482,36.78837492479976,396.88287399019913,5,5,100,0.3712404535734032,weak_or_mixed
sandia,matr,sandia_to_matr,fft_top3_energy_ratio,100,0.008263645793401534,0.008263645793401534,-0.5705710058493972,-0.18802759423798512,0.38254341161141214,True,0.05100671999861024,481.68609970160725,-60.78700600808594,810.9396771063673,-61.31220286646667,839.8789402637897,94.92667380117173,-125.74624832597374,5,5,100,0.35849546732389403,stable_candidate
sandia,matr,sandia_to_matr,std_diff,100,0.017711103500294693,0.2756027582396538,-0.5743648876322524,-0.2601773275803005,0.31418756005195186,True,-0.023363553637585598,497.7620991075132,-0.8321058128418081,344.37465804614527,-0.12914032887002555,287.3580463980554,37.322505381289766,318.4193505213309,5,5,100,0.34024955444897986,weak_or_mixed
sandia,matr,sandia_to_matr,accel_std,100,0.009909365610480125,0.20342765920951275,-0.5295586635385323,-0.1775651561510377,0.3519935073874946,True,-0.03735972098351872,503.2415790581766,-0.9158160342670024,355.4603785030603,-0.14214792187426414,290.3950109506631,37.668819935013346,336.8625581684726,5,5,100,0.3225168414646807,weak_or_mixed
sandia,matr,sandia_to_matr,spectral_entropy,100,0.18161242011529255,0.18161242011529255,0.5826730084985049,0.15478985678356577,0.4278831517149391,True,0.05893616703942817,473.66210626392774,-7.834305666540392,584.6465045300363,-7.975933564891623,517.2056798802491,62.16565280987937,204.5124437556586,5,5,100,0.3177527281646647,stable_candidate
sandia,matr,sandia_to_matr,slope_last_quarter,100,0.5634060268645508,0.6286087821390146,0.7175238951599902,0.47357416789820406,0.2439497272617861,True,-1352690105.712257,6182559.146492401,-1.0485090418798944,399.5971672410493,-0.046208028234109084,277.6150846218137,35.84606026461809,280.20479276580517,5,5,100,0.2935142323394243,weak_or_mixed
sandia,matr,sandia_to_matr,accel_max_abs,100,0.029049692996432445,0.149223866048453,-0.5782067932351437,-0.11494985409768241,0.46325693913746124,True,-0.050660299465883615,503.7962846187962,-1.0116803434989186,369.62141304335603,-0.1260597861216434,289.36294775835404,37.524891760584126,344.9090046667797,5,5,100,0.2640140764818045,weak_or_mixed
sandia,matr,sandia_to_matr,max_drop,100,0.015456306371692187,0.18741310699966107,-0.5703789105692526,-0.07026297253315443,0.5001159380360982,True,-0.04544893658204552,502.89629957558884,-0.9224314060958015,357.2656541639823,-0.1539154182635049,293.57360144698265,38.087250396383745,357.2681529132029,5,5,100,0.24762358502619708,weak_or_mixed
sandia,matr,sandia_to_matr,kurtosis_Qdis,100,0.5321638469646885,0.5321638469646885,0.5621188135230363,0.14034984739078715,0.4217689661322491,True,-0.8388218736769095,587.4993493088833,-24079116105.492332,3450523.0237305732,-20792695710.752262,3039217.6227749037,116.73111675821299,-5502911.074777672,5,5,100,0.2092909398891722,weak_or_mixed
sandia,matr,sandia_to_matr,linearity_r2,100,2.232167139126454,2.232167139126454,-0.2764251081280305,-0.30138418365237607,0.024959075524345564,True,-0.10741999240419972,525.6876202426207,-1.0181831397298784,389.19038150362815,-0.048841586624780886,281.5777836919882,36.27725879927018,335.0748101563232,5,5,100,0.15269539136885915,weak_or_mixed
sandia,matr,sandia_to_matr,pos_neg_diff_ratio,100,2.551657891615804,2.551657891615804,-0.17641613361121752,-0.03888396955069739,0.13753216406052013,True,-0.1081604422098676,518.6064221563703,-1.6393238269744603,459.96067331530986,-0.0722769795973604,284.67156582164966,36.71164264539033,449.41889836567293,5,5,100,0.04848523422736935,weak_or_mixed
sandia,matr,sandia_to_matr,cycle_to_99pct,100,7.243620815304173,7.243620815304173,0.49348874790679625,0.2911812672323952,0.20230748067440107,True,0.3986799684595627,333.93416585270796,-4805.497623719279,22503.117744219842,-23.186546578107123,1326.601885061651,92.99126650680726,-22491.615589848225,5,5,100,0.047526228122362235,scale_shift_fragile
sandia,matr,sandia_to_matr,retention_ratio,100,3.7566859693021595,3.7566859693021595,0.5804298250142643,-0.018571316764541435,0.5990011417788057,False,0.7866181296131757,264.2535494031826,-33.430722569070056,2064.1760275607962,-0.37707421239436184,337.62929845736767,51.34566131294219,-2068.382763127458,5,5,100,-0.07638533667155112,scale_shift_fragile
sandia,matr,sandia_to_matr,delta_Qdis,100,3.751663045254147,3.6367552801962026,0.5727938542896848,-0.018571316764541435,0.5913651710542263,False,0.7801251900294007,268.72524023995993,-32.40667599340054,2032.6935765499463,-0.3623308392413583,336.30938675281277,50.36165238017102,-2024.0388875004799,5,5,100,-0.07830685228583445,scale_shift_fragile
sandia,matr,sandia_to_matr,mean_diff,100,3.751663045253963,3.636755280196172,0.5727938542896848,-0.018571316764541435,0.5913651710542263,False,0.7801251899890207,268.7252402468471,-32.40667598674323,2032.6935763423044,-0.38253091539630707,338.7150171656626,51.056863016803455,-2029.0049504315155,5,5,100,-0.07830685232618684,scale_shift_fragile
sandia,matr,sandia_to_matr,poly2_a,100,0.9070989101417937,3.6509663052791583,0.11098304810352301,-0.11146423820283244,0.22244728630635546,False,-0.10207766486883049,522.9153648972755,-1.22939625182715,412.3384414329231,-0.06001100608972494,282.19197667731237,36.421894347890074,391.8061160056558,5,5,100,-0.24728847967444678,relationship_unstable
sandia,matr,sandia_to_matr,n_capacity_jumps,100,0.5830676833732699,0.5830676833732699,-0.32444958673653607,0.051641906996994086,0.3760914937335301,False,-0.06790528019485595,516.4136417929634,-1.0107246164717054,377.65586579316266,-0.05421725145021007,283.3827427260892,36.610917154560276,369.6238446266221,5,5,100,-0.27550589937275555,relationship_unstable
sandia,matr,sandia_to_matr,sample_entropy,100,0.9737052490977874,0.9737052490977874,0.3921144905950954,-0.02385148516349393,0.41596597575858935,False,-0.2486753240503745,435.2097488460571,-53298845.86222539,207811.75250626696,-51937072.879400484,196742.3475811242,188.51159113552802,-227897.74816390843,5,5,100,-0.35403877524396277,relationship_unstable
sandia,matr,sandia_to_matr,accel_mean,100,0.24340258058546252,0.1682481821399786,-0.30579490119566655,0.49560594374680667,0.8014008449424732,False,-115955321466.7808,75000458.47569188,-0.7436566261922362,363.07450737699173,-0.29419313620226245,313.0145209895017,39.81355652240766,151.35690991362773,5,5,100,-0.437210809559056,relationship_unstable
sandia,matr,sandia_to_matr,skewness_Qdis,100,1.334480195520689,1.334480195520689,0.5761417689735896,-0.04475396639329815,0.6208957353668878,False,0.007993268841205391,499.8079082880078,-4262762.880816356,55943.5499130547,-3987435.249550841,55179.67335246245,87.86985603791254,-55284.61523446824,5,5,100,-0.5026266281703419,relationship_unstable
sandia,matr,sandia_to_matr,poly2_c,100,1.1410391535954871,1.0732264636730209,-0.01339864579008348,0.6548737128507811,0.6682723586408645,False,-0.05630282615580875,526.1619232140943,-0.7977168235232042,346.2419139703782,-0.12434874643906937,290.2572225217806,37.26243422965833,309.4771846453404,5,5,100,-0.5052920523597553,relationship_unstable
sandia,matr,sandia_to_matr,slope_first_quarter,100,2.9673746851763143,2.7104835881597236,0.27906641823001826,-0.2322141347879356,0.5112805530179538,False,0.18934027658865035,481.4345314984874,-0.40665812105652516,357.39504540240176,-0.10598827548450869,288.9777378422871,37.2891350674977,-198.9409967641285,5,5,100,-0.5114062026967737,relationship_unstable
sandia,matr,sandia_to_matr,poly2_b,100,2.1398769616290094,2.088407036033598,0.3761705823430964,-0.22340366060945357,0.59957424295255,False,0.09838806614987605,493.83872772074676,-0.6021045463133439,314.1514309874098,-0.520686495995143,303.2751696188254,38.13335772408595,51.86924423840891,5,5,100,-0.5223805995707503,relationship_unstable
sandia,matr,sandia_to_matr,Qdis_cycle10,100,3.3799172025393167,3.6351155332509144,0.3228238692492044,-0.13460011852494402,0.45742398777414844,False,0.038288830868015045,475.45104935709503,-0.19519515466327736,294.55394748046695,-0.06487579006750882,284.85090505515115,36.806754244289756,86.70056806717307,5,5,100,-0.6974107433999567,scale_shift_fragile
