experiment,source,target,model,seed,cell_id,cycle_life,source_prediction,residual
matr_to_hust,matr,hust,gaussian_process,42,hust_1-1,1198.0,688.612725887999,509.387274112001
matr_to_hust,matr,hust,gaussian_process,42,hust_1-2,1966.0,688.6115443849047,1277.3884556150952
matr_to_hust,matr,hust,gaussian_process,42,hust_1-3,1513.0,711.8982503517051,801.1017496482949
matr_to_hust,matr,hust,gaussian_process,42,hust_1-4,1213.0,711.7532196895805,501.24678031041947
matr_to_hust,matr,hust,gaussian_process,42,hust_1-5,1538.0,711.8498960276817,826.1501039723183
matr_to_hust,matr,hust,gaussian_process,42,hust_1-6,829.0,712.0319097916687,116.96809020833132
matr_to_hust,matr,hust,gaussian_process,42,hust_1-7,1321.0,686.7352480607283,634.2647519392717
matr_to_hust,matr,hust,gaussian_process,42,hust_1-8,1733.0,709.085502133407,1023.914497866593
matr_to_hust,matr,hust,gaussian_process,42,hust_10-1,1378.0,690.7570081901582,687.2429918098418
matr_to_hust,matr,hust,gaussian_process,42,hust_10-2,1375.0,692.7381717443851,682.2618282556149
matr_to_hust,matr,hust,gaussian_process,42,hust_10-3,1477.0,676.3407647570272,800.6592352429728
matr_to_hust,matr,hust,gaussian_process,42,hust_10-4,1489.0,708.5581273091642,780.4418726908358
matr_to_hust,matr,hust,gaussian_process,42,hust_10-5,1657.0,710.8799268664417,946.1200731335583
matr_to_hust,matr,hust,gaussian_process,42,hust_10-6,1659.0,687.2316494410468,971.7683505589532
matr_to_hust,matr,hust,gaussian_process,42,hust_10-7,1435.0,711.3458205123438,723.6541794876562
matr_to_hust,matr,hust,gaussian_process,42,hust_10-8,1093.0,699.5975626232956,393.40243737670437
matr_to_hust,matr,hust,gaussian_process,42,hust_2-2,2021.0,692.1438389849093,1328.8561610150907
matr_to_hust,matr,hust,gaussian_process,42,hust_2-3,1413.0,711.1701320259122,701.8298679740878
matr_to_hust,matr,hust,gaussian_process,42,hust_2-4,1165.0,696.7653369727068,468.2346630272932
matr_to_hust,matr,hust,gaussian_process,42,hust_2-5,1092.0,711.4483703669159,380.5516296330841
matr_to_hust,matr,hust,gaussian_process,42,hust_2-6,1297.0,711.3723104839437,585.6276895160563
matr_to_hust,matr,hust,gaussian_process,42,hust_2-7,1789.0,710.4480599560562,1078.551940043944
matr_to_hust,matr,hust,gaussian_process,42,hust_2-8,1192.0,684.0523791409483,507.94762085905165
matr_to_hust,matr,hust,gaussian_process,42,hust_3-1,1571.0,707.1504277674039,863.8495722325961
matr_to_hust,matr,hust,gaussian_process,42,hust_3-2,1773.0,685.6994707458382,1087.3005292541618
matr_to_hust,matr,hust,gaussian_process,42,hust_3-3,1360.0,705.4109143055416,654.5890856944584
matr_to_hust,matr,hust,gaussian_process,42,hust_3-4,1396.0,682.9552991918306,713.0447008081694
matr_to_hust,matr,hust,gaussian_process,42,hust_3-5,1879.0,697.3141167688624,1181.6858832311377
matr_to_hust,matr,hust,gaussian_process,42,hust_3-6,1979.0,706.3855634741749,1272.614436525825
matr_to_hust,matr,hust,gaussian_process,42,hust_3-7,1870.0,694.548096315173,1175.451903684827
matr_to_hust,matr,hust,gaussian_process,42,hust_3-8,1856.0,678.8334201824111,1177.1665798175889
matr_to_hust,matr,hust,gaussian_process,42,hust_4-1,1762.0,645.9202829013784,1116.0797170986216
matr_to_hust,matr,hust,gaussian_process,42,hust_4-2,1453.0,710.5227657537774,742.4772342462226
matr_to_hust,matr,hust,gaussian_process,42,hust_4-3,931.0,686.2550582204682,244.7449417795318
matr_to_hust,matr,hust,gaussian_process,42,hust_4-4,1204.0,678.7834447057604,525.2165552942396
matr_to_hust,matr,hust,gaussian_process,42,hust_4-5,1220.0,683.1616697302873,536.8383302697127
matr_to_hust,matr,hust,gaussian_process,42,hust_4-6,1089.0,676.7062862113986,412.2937137886014
matr_to_hust,matr,hust,gaussian_process,42,hust_4-7,1579.0,681.9875336056409,897.0124663943591
matr_to_hust,matr,hust,gaussian_process,42,hust_4-8,1389.0,710.7911034416542,678.2088965583458
matr_to_hust,matr,hust,gaussian_process,42,hust_5-1,1832.0,692.2983672517948,1139.7016327482052
matr_to_hust,matr,hust,gaussian_process,42,hust_5-2,1574.0,711.8924886467388,862.1075113532612
matr_to_hust,matr,hust,gaussian_process,42,hust_5-3,2024.0,697.9582375452757,1326.0417624547244
matr_to_hust,matr,hust,gaussian_process,42,hust_5-4,1520.0,710.9719853884959,809.0280146115041
matr_to_hust,matr,hust,gaussian_process,42,hust_5-5,1242.0,710.8032469891689,531.1967530108311
matr_to_hust,matr,hust,gaussian_process,42,hust_5-6,1807.0,694.8009529066356,1112.1990470933642
matr_to_hust,matr,hust,gaussian_process,42,hust_5-7,1171.0,698.6347296078181,472.36527039218186
matr_to_hust,matr,hust,gaussian_process,42,hust_6-1,1255.0,695.1179662792433,559.8820337207567
matr_to_hust,matr,hust,gaussian_process,42,hust_6-2,1496.0,711.8185653960624,784.1814346039376
matr_to_hust,matr,hust,gaussian_process,42,hust_6-3,1437.0,705.6891275516323,731.3108724483677
matr_to_hust,matr,hust,gaussian_process,42,hust_6-4,1332.0,687.9020384335676,644.0979615664324
matr_to_hust,matr,hust,gaussian_process,42,hust_6-5,1686.0,699.1081680186032,986.8918319813968
matr_to_hust,matr,hust,gaussian_process,42,hust_6-6,1924.0,710.1913381784791,1213.808661821521
matr_to_hust,matr,hust,gaussian_process,42,hust_6-8,1700.0,705.9685050092871,994.0314949907129
matr_to_hust,matr,hust,gaussian_process,42,hust_7-1,1308.0,666.7252437982345,641.2747562017655
matr_to_hust,matr,hust,gaussian_process,42,hust_7-2,1637.0,665.8560761848354,971.1439238151646
matr_to_hust,matr,hust,gaussian_process,42,hust_7-3,1063.0,683.6819827783723,379.31801722162766
matr_to_hust,matr,hust,gaussian_process,42,hust_7-4,1148.0,694.0599454044076,453.9400545955924
matr_to_hust,matr,hust,gaussian_process,42,hust_7-5,1528.0,638.1091458237555,889.8908541762445
matr_to_hust,matr,hust,gaussian_process,42,hust_7-6,1162.0,669.034396667474,492.96560333252603
matr_to_hust,matr,hust,gaussian_process,42,hust_7-7,1367.0,690.8034688576236,676.1965311423764
matr_to_hust,matr,hust,gaussian_process,42,hust_7-8,1566.0,708.5646830292908,857.4353169707092
matr_to_hust,matr,hust,gaussian_process,42,hust_8-1,1062.0,671.0687716208665,390.9312283791335
matr_to_hust,matr,hust,gaussian_process,42,hust_8-2,1564.0,667.638777413378,896.361222586622
matr_to_hust,matr,hust,gaussian_process,42,hust_8-3,1844.0,707.7848046784933,1136.2151953215066
matr_to_hust,matr,hust,gaussian_process,42,hust_8-4,1517.0,699.3157239304272,817.6842760695728
matr_to_hust,matr,hust,gaussian_process,42,hust_8-5,1089.0,672.1764775289354,416.8235224710646
matr_to_hust,matr,hust,gaussian_process,42,hust_8-6,1746.0,695.0956955407507,1050.9043044592493
matr_to_hust,matr,hust,gaussian_process,42,hust_8-7,1593.0,710.0123418489445,882.9876581510555
matr_to_hust,matr,hust,gaussian_process,42,hust_8-8,1351.0,711.1325174628015,639.8674825371985
matr_to_hust,matr,hust,gaussian_process,42,hust_9-1,1647.0,685.3586980533764,961.6413019466236
matr_to_hust,matr,hust,gaussian_process,42,hust_9-2,1679.0,682.3262987791185,996.6737012208815
matr_to_hust,matr,hust,gaussian_process,42,hust_9-3,1526.0,692.4031956308769,833.5968043691231
matr_to_hust,matr,hust,gaussian_process,42,hust_9-4,1589.0,690.999318235199,898.000681764801
matr_to_hust,matr,hust,gaussian_process,42,hust_9-5,1719.0,669.254235265261,1049.7457647347392
matr_to_hust,matr,hust,gaussian_process,42,hust_9-6,1381.0,689.1712167467789,691.8287832532211
matr_to_hust,matr,hust,gaussian_process,42,hust_9-7,1617.0,703.8003240233808,913.1996759766192
matr_to_hust,matr,hust,gaussian_process,42,hust_9-8,1839.0,709.7966266393039,1129.203373360696
matr_to_hust,matr,hust,gaussian_process,123,hust_1-1,1198.0,775.8858336655278,422.1141663344722
matr_to_hust,matr,hust,gaussian_process,123,hust_1-2,1966.0,689.6628994372954,1276.3371005627046
matr_to_hust,matr,hust,gaussian_process,123,hust_1-3,1513.0,702.1501861577337,810.8498138422663
matr_to_hust,matr,hust,gaussian_process,123,hust_1-4,1213.0,696.7120048290964,516.2879951709036
matr_to_hust,matr,hust,gaussian_process,123,hust_1-5,1538.0,703.6097862883448,834.3902137116552
matr_to_hust,matr,hust,gaussian_process,123,hust_1-6,829.0,653.8417723559177,175.15822764408233
matr_to_hust,matr,hust,gaussian_process,123,hust_1-7,1321.0,760.2423692306254,560.7576307693746
matr_to_hust,matr,hust,gaussian_process,123,hust_1-8,1733.0,715.6746389635005,1017.3253610364995
matr_to_hust,matr,hust,gaussian_process,123,hust_10-1,1378.0,730.4607653577198,647.5392346422802
matr_to_hust,matr,hust,gaussian_process,123,hust_10-2,1375.0,629.3229401322053,745.6770598677947
matr_to_hust,matr,hust,gaussian_process,123,hust_10-3,1477.0,728.1983327840844,748.8016672159156
matr_to_hust,matr,hust,gaussian_process,123,hust_10-4,1489.0,729.1844930075947,759.8155069924053
matr_to_hust,matr,hust,gaussian_process,123,hust_10-5,1657.0,711.3938701404194,945.6061298595806
matr_to_hust,matr,hust,gaussian_process,123,hust_10-6,1659.0,740.0533640722772,918.9466359277228
matr_to_hust,matr,hust,gaussian_process,123,hust_10-7,1435.0,724.2774137961948,710.7225862038052
matr_to_hust,matr,hust,gaussian_process,123,hust_10-8,1093.0,700.0301888052925,392.9698111947075
matr_to_hust,matr,hust,gaussian_process,123,hust_2-2,2021.0,612.9758259779123,1408.0241740220877
matr_to_hust,matr,hust,gaussian_process,123,hust_2-3,1413.0,670.8930210919472,742.1069789080528
matr_to_hust,matr,hust,gaussian_process,123,hust_2-4,1165.0,731.7582113482091,433.2417886517909
matr_to_hust,matr,hust,gaussian_process,123,hust_2-5,1092.0,716.8768891312583,375.1231108687417
matr_to_hust,matr,hust,gaussian_process,123,hust_2-6,1297.0,704.4605344187271,592.5394655812729
matr_to_hust,matr,hust,gaussian_process,123,hust_2-7,1789.0,723.3153198917972,1065.6846801082029
matr_to_hust,matr,hust,gaussian_process,123,hust_2-8,1192.0,732.1390255803755,459.86097441962454
matr_to_hust,matr,hust,gaussian_process,123,hust_3-1,1571.0,696.4420562995114,874.5579437004886
matr_to_hust,matr,hust,gaussian_process,123,hust_3-2,1773.0,655.8361092443334,1117.1638907556667
matr_to_hust,matr,hust,gaussian_process,123,hust_3-3,1360.0,678.5212967151665,681.4787032848335
matr_to_hust,matr,hust,gaussian_process,123,hust_3-4,1396.0,678.0490987125798,717.9509012874202
matr_to_hust,matr,hust,gaussian_process,123,hust_3-5,1879.0,680.9929765177363,1198.0070234822638
matr_to_hust,matr,hust,gaussian_process,123,hust_3-6,1979.0,731.7460400433545,1247.2539599566455
matr_to_hust,matr,hust,gaussian_process,123,hust_3-7,1870.0,839.117256903745,1030.8827430962551
matr_to_hust,matr,hust,gaussian_process,123,hust_3-8,1856.0,623.7905084819898,1232.20949151801
matr_to_hust,matr,hust,gaussian_process,123,hust_4-1,1762.0,764.085421705351,997.914578294649
matr_to_hust,matr,hust,gaussian_process,123,hust_4-2,1453.0,696.8876477982349,756.1123522017651
matr_to_hust,matr,hust,gaussian_process,123,hust_4-3,931.0,688.5295215256951,242.47047847430485
matr_to_hust,matr,hust,gaussian_process,123,hust_4-4,1204.0,744.0257793641773,459.9742206358227
matr_to_hust,matr,hust,gaussian_process,123,hust_4-5,1220.0,722.8957665629218,497.10423343707816
matr_to_hust,matr,hust,gaussian_process,123,hust_4-6,1089.0,717.4363760252462,371.5636239747538
matr_to_hust,matr,hust,gaussian_process,123,hust_4-7,1579.0,750.0579612847248,828.9420387152752
matr_to_hust,matr,hust,gaussian_process,123,hust_4-8,1389.0,709.1861929133325,679.8138070866675
matr_to_hust,matr,hust,gaussian_process,123,hust_5-1,1832.0,696.3152084906753,1135.6847915093247
matr_to_hust,matr,hust,gaussian_process,123,hust_5-2,1574.0,693.9890258651174,880.0109741348826
matr_to_hust,matr,hust,gaussian_process,123,hust_5-3,2024.0,764.2598270848284,1259.7401729151716
matr_to_hust,matr,hust,gaussian_process,123,hust_5-4,1520.0,940.0369366020176,579.9630633979824
matr_to_hust,matr,hust,gaussian_process,123,hust_5-5,1242.0,668.0271523062122,573.9728476937878
matr_to_hust,matr,hust,gaussian_process,123,hust_5-6,1807.0,794.5384567778926,1012.4615432221074
matr_to_hust,matr,hust,gaussian_process,123,hust_5-7,1171.0,709.6230599089232,461.3769400910768
matr_to_hust,matr,hust,gaussian_process,123,hust_6-1,1255.0,751.8686453546586,503.1313546453414
matr_to_hust,matr,hust,gaussian_process,123,hust_6-2,1496.0,685.3888105670428,810.6111894329572
matr_to_hust,matr,hust,gaussian_process,123,hust_6-3,1437.0,643.810253083744,793.189746916256
matr_to_hust,matr,hust,gaussian_process,123,hust_6-4,1332.0,707.4838932813593,624.5161067186407
matr_to_hust,matr,hust,gaussian_process,123,hust_6-5,1686.0,755.2427884784031,930.7572115215969
matr_to_hust,matr,hust,gaussian_process,123,hust_6-6,1924.0,654.4074322502582,1269.5925677497416
matr_to_hust,matr,hust,gaussian_process,123,hust_6-8,1700.0,661.0999694270449,1038.900030572955
matr_to_hust,matr,hust,gaussian_process,123,hust_7-1,1308.0,632.7984326869481,675.2015673130519
matr_to_hust,matr,hust,gaussian_process,123,hust_7-2,1637.0,508.71179227879765,1128.2882077212023
matr_to_hust,matr,hust,gaussian_process,123,hust_7-3,1063.0,885.0428950292438,177.95710497075618
matr_to_hust,matr,hust,gaussian_process,123,hust_7-4,1148.0,942.5378369334792,205.46216306652082
matr_to_hust,matr,hust,gaussian_process,123,hust_7-5,1528.0,540.0916679123092,987.9083320876908
matr_to_hust,matr,hust,gaussian_process,123,hust_7-6,1162.0,826.8261872241343,335.1738127758657
matr_to_hust,matr,hust,gaussian_process,123,hust_7-7,1367.0,877.1152964621632,489.8847035378368
matr_to_hust,matr,hust,gaussian_process,123,hust_7-8,1566.0,696.0817754498438,869.9182245501562
matr_to_hust,matr,hust,gaussian_process,123,hust_8-1,1062.0,797.4964651776864,264.50353482231355
matr_to_hust,matr,hust,gaussian_process,123,hust_8-2,1564.0,706.7069457687091,857.2930542312909
matr_to_hust,matr,hust,gaussian_process,123,hust_8-3,1844.0,704.5316039114904,1139.4683960885095
matr_to_hust,matr,hust,gaussian_process,123,hust_8-4,1517.0,954.2756539775507,562.7243460224493
matr_to_hust,matr,hust,gaussian_process,123,hust_8-5,1089.0,789.14335708765,299.85664291235
matr_to_hust,matr,hust,gaussian_process,123,hust_8-6,1746.0,721.1639680278099,1024.83603197219
matr_to_hust,matr,hust,gaussian_process,123,hust_8-7,1593.0,907.8646267829689,685.1353732170311
matr_to_hust,matr,hust,gaussian_process,123,hust_8-8,1351.0,701.6727292213719,649.3272707786281
matr_to_hust,matr,hust,gaussian_process,123,hust_9-1,1647.0,647.9629750440927,999.0370249559073
matr_to_hust,matr,hust,gaussian_process,123,hust_9-2,1679.0,626.6063999976006,1052.3936000023994
matr_to_hust,matr,hust,gaussian_process,123,hust_9-3,1526.0,658.5120466406602,867.4879533593398
matr_to_hust,matr,hust,gaussian_process,123,hust_9-4,1589.0,668.4607710851943,920.5392289148057
matr_to_hust,matr,hust,gaussian_process,123,hust_9-5,1719.0,576.9488009907999,1142.0511990092
matr_to_hust,matr,hust,gaussian_process,123,hust_9-6,1381.0,617.9283492907313,763.0716507092687
matr_to_hust,matr,hust,gaussian_process,123,hust_9-7,1617.0,678.2386710721571,938.7613289278429
matr_to_hust,matr,hust,gaussian_process,123,hust_9-8,1839.0,731.5554381796655,1107.4445618203345
matr_to_hust,matr,hust,gaussian_process,456,hust_1-1,1198.0,908.4071314065283,289.59286859347174
matr_to_hust,matr,hust,gaussian_process,456,hust_1-2,1966.0,832.7082286929877,1133.2917713070124
matr_to_hust,matr,hust,gaussian_process,456,hust_1-3,1513.0,689.1881379712348,823.8118620287652
matr_to_hust,matr,hust,gaussian_process,456,hust_1-4,1213.0,670.5857367368855,542.4142632631145
matr_to_hust,matr,hust,gaussian_process,456,hust_1-5,1538.0,681.552258618928,856.447741381072
matr_to_hust,matr,hust,gaussian_process,456,hust_1-6,829.0,682.0880860411061,146.91191395889393
matr_to_hust,matr,hust,gaussian_process,456,hust_1-7,1321.0,897.177257814389,423.822742185611
matr_to_hust,matr,hust,gaussian_process,456,hust_1-8,1733.0,982.8379643998854,750.1620356001146
matr_to_hust,matr,hust,gaussian_process,456,hust_10-1,1378.0,927.4198332026149,450.5801667973851
matr_to_hust,matr,hust,gaussian_process,456,hust_10-2,1375.0,542.489855030428,832.510144969572
matr_to_hust,matr,hust,gaussian_process,456,hust_10-3,1477.0,868.0903384477072,608.9096615522928
matr_to_hust,matr,hust,gaussian_process,456,hust_10-4,1489.0,625.4117540725621,863.5882459274379
matr_to_hust,matr,hust,gaussian_process,456,hust_10-5,1657.0,650.519788924703,1006.480211075297
matr_to_hust,matr,hust,gaussian_process,456,hust_10-6,1659.0,874.7894928728003,784.2105071271997
matr_to_hust,matr,hust,gaussian_process,456,hust_10-7,1435.0,667.8326597321443,767.1673402678557
matr_to_hust,matr,hust,gaussian_process,456,hust_10-8,1093.0,807.1249422789681,285.8750577210319
matr_to_hust,matr,hust,gaussian_process,456,hust_2-2,2021.0,689.8159243695479,1331.184075630452
matr_to_hust,matr,hust,gaussian_process,456,hust_2-3,1413.0,640.8363988678489,772.1636011321511
matr_to_hust,matr,hust,gaussian_process,456,hust_2-4,1165.0,886.9758223210207,278.0241776789793
matr_to_hust,matr,hust,gaussian_process,456,hust_2-5,1092.0,660.5376423667234,431.4623576332766
matr_to_hust,matr,hust,gaussian_process,456,hust_2-6,1297.0,655.6081401545546,641.3918598454454
matr_to_hust,matr,hust,gaussian_process,456,hust_2-7,1789.0,648.705889280434,1140.294110719566
matr_to_hust,matr,hust,gaussian_process,456,hust_2-8,1192.0,888.1654970659765,303.8345029340235
matr_to_hust,matr,hust,gaussian_process,456,hust_3-1,1571.0,614.5130457321764,956.4869542678236
matr_to_hust,matr,hust,gaussian_process,456,hust_3-2,1773.0,542.9015278587125,1230.0984721412874
matr_to_hust,matr,hust,gaussian_process,456,hust_3-3,1360.0,606.3174987040582,753.6825012959418
matr_to_hust,matr,hust,gaussian_process,456,hust_3-4,1396.0,828.2831709262331,567.7168290737669
matr_to_hust,matr,hust,gaussian_process,456,hust_3-5,1879.0,802.0063291349776,1076.9936708650225
matr_to_hust,matr,hust,gaussian_process,456,hust_3-6,1979.0,619.4286876388701,1359.57131236113
matr_to_hust,matr,hust,gaussian_process,456,hust_3-7,1870.0,980.4151782381138,889.5848217618862
matr_to_hust,matr,hust,gaussian_process,456,hust_3-8,1856.0,541.8605741474711,1314.1394258525288
matr_to_hust,matr,hust,gaussian_process,456,hust_4-1,1762.0,931.6679199203649,830.3320800796351
matr_to_hust,matr,hust,gaussian_process,456,hust_4-2,1453.0,642.6421011369893,810.3578988630107
matr_to_hust,matr,hust,gaussian_process,456,hust_4-3,931.0,824.6072436605504,106.39275633944965
matr_to_hust,matr,hust,gaussian_process,456,hust_4-4,1204.0,908.1550617036966,295.84493829630344
matr_to_hust,matr,hust,gaussian_process,456,hust_4-5,1220.0,856.7315943548732,363.2684056451268
matr_to_hust,matr,hust,gaussian_process,456,hust_4-6,1089.0,822.4409642083856,266.5590357916144
matr_to_hust,matr,hust,gaussian_process,456,hust_4-7,1579.0,864.8005594168211,714.1994405831789
matr_to_hust,matr,hust,gaussian_process,456,hust_4-8,1389.0,639.2827788551092,749.7172211448908
matr_to_hust,matr,hust,gaussian_process,456,hust_5-1,1832.0,834.1865537499589,997.8134462500411
matr_to_hust,matr,hust,gaussian_process,456,hust_5-2,1574.0,681.7982214512386,892.2017785487614
matr_to_hust,matr,hust,gaussian_process,456,hust_5-3,2024.0,901.9508025472868,1122.049197452713
matr_to_hust,matr,hust,gaussian_process,456,hust_5-4,1520.0,1113.0546280419996,406.94537195800035
matr_to_hust,matr,hust,gaussian_process,456,hust_5-5,1242.0,635.9121808804554,606.0878191195446
matr_to_hust,matr,hust,gaussian_process,456,hust_5-6,1807.0,935.0000443327249,871.9999556672751
matr_to_hust,matr,hust,gaussian_process,456,hust_5-7,1171.0,884.3437583335359,286.6562416664641
matr_to_hust,matr,hust,gaussian_process,456,hust_6-1,1255.0,925.0048454107654,329.99515458923463
matr_to_hust,matr,hust,gaussian_process,456,hust_6-2,1496.0,669.6059633611735,826.3940366388265
matr_to_hust,matr,hust,gaussian_process,456,hust_6-3,1437.0,594.9991863799811,842.0008136200189
matr_to_hust,matr,hust,gaussian_process,456,hust_6-4,1332.0,862.808207968939,469.191792031061
matr_to_hust,matr,hust,gaussian_process,456,hust_6-5,1686.0,956.4963989642143,729.5036010357857
matr_to_hust,matr,hust,gaussian_process,456,hust_6-6,1924.0,627.8948743243121,1296.1051256756878
matr_to_hust,matr,hust,gaussian_process,456,hust_6-8,1700.0,793.8224538545724,906.1775461454276
matr_to_hust,matr,hust,gaussian_process,456,hust_7-1,1308.0,781.6704726961101,526.3295273038899
matr_to_hust,matr,hust,gaussian_process,456,hust_7-2,1637.0,476.1516812745892,1160.8483187254108
matr_to_hust,matr,hust,gaussian_process,456,hust_7-3,1063.0,953.5427248092838,109.45727519071625
matr_to_hust,matr,hust,gaussian_process,456,hust_7-4,1148.0,1017.9832951596057,130.01670484039425
matr_to_hust,matr,hust,gaussian_process,456,hust_7-5,1528.0,455.66124404082143,1072.3387559591786
matr_to_hust,matr,hust,gaussian_process,456,hust_7-6,1162.0,904.3829275818999,257.61707241810007
matr_to_hust,matr,hust,gaussian_process,456,hust_7-7,1367.0,985.272573496769,381.72742650323096
matr_to_hust,matr,hust,gaussian_process,456,hust_7-8,1566.0,619.2992892002263,946.7007107997737
matr_to_hust,matr,hust,gaussian_process,456,hust_8-1,1062.0,932.7675590839596,129.23244091604045
matr_to_hust,matr,hust,gaussian_process,456,hust_8-2,1564.0,821.029790529409,742.970209470591
matr_to_hust,matr,hust,gaussian_process,456,hust_8-3,1844.0,621.6467690380692,1222.3532309619309
matr_to_hust,matr,hust,gaussian_process,456,hust_8-4,1517.0,1060.8399128409271,456.1600871590729
matr_to_hust,matr,hust,gaussian_process,456,hust_8-5,1089.0,909.4832312946411,179.5167687053589
matr_to_hust,matr,hust,gaussian_process,456,hust_8-6,1746.0,893.4969765118609,852.5030234881391
matr_to_hust,matr,hust,gaussian_process,456,hust_8-7,1593.0,1098.0782104190341,494.9217895809659
matr_to_hust,matr,hust,gaussian_process,456,hust_8-8,1351.0,653.2269874802132,697.7730125197868
matr_to_hust,matr,hust,gaussian_process,456,hust_9-1,1647.0,518.5494949683016,1128.4505050316984
matr_to_hust,matr,hust,gaussian_process,456,hust_9-2,1679.0,540.3982349775899,1138.60176502241
matr_to_hust,matr,hust,gaussian_process,456,hust_9-3,1526.0,558.6042328534901,967.3957671465099
matr_to_hust,matr,hust,gaussian_process,456,hust_9-4,1589.0,567.0234478621965,1021.9765521378035
matr_to_hust,matr,hust,gaussian_process,456,hust_9-5,1719.0,495.8035422787475,1223.1964577212525
matr_to_hust,matr,hust,gaussian_process,456,hust_9-6,1381.0,532.9222486082919,848.0777513917081
matr_to_hust,matr,hust,gaussian_process,456,hust_9-7,1617.0,601.8419048760745,1015.1580951239255
matr_to_hust,matr,hust,gaussian_process,456,hust_9-8,1839.0,645.560406792609,1193.439593207391
matr_to_hust,matr,hust,gaussian_process,789,hust_1-1,1198.0,786.4802210939812,411.5197789060188
matr_to_hust,matr,hust,gaussian_process,789,hust_1-2,1966.0,719.0068733245812,1246.9931266754188
matr_to_hust,matr,hust,gaussian_process,789,hust_1-3,1513.0,714.5467669846092,798.4532330153908
matr_to_hust,matr,hust,gaussian_process,789,hust_1-4,1213.0,715.2234636997782,497.7765363002218
matr_to_hust,matr,hust,gaussian_process,789,hust_1-5,1538.0,715.4753354710192,822.5246645289808
matr_to_hust,matr,hust,gaussian_process,789,hust_1-6,829.0,709.0451703529882,119.95482964701182
matr_to_hust,matr,hust,gaussian_process,789,hust_1-7,1321.0,759.2096497747023,561.7903502252977
matr_to_hust,matr,hust,gaussian_process,789,hust_1-8,1733.0,760.7782391092506,972.2217608907494
matr_to_hust,matr,hust,gaussian_process,789,hust_10-1,1378.0,780.0789390087506,597.9210609912494
matr_to_hust,matr,hust,gaussian_process,789,hust_10-2,1375.0,716.1377077095092,658.8622922904908
matr_to_hust,matr,hust,gaussian_process,789,hust_10-3,1477.0,769.6164054719718,707.3835945280282
matr_to_hust,matr,hust,gaussian_process,789,hust_10-4,1489.0,742.8306060789383,746.1693939210617
matr_to_hust,matr,hust,gaussian_process,789,hust_10-5,1657.0,721.7641977698898,935.2358022301102
matr_to_hust,matr,hust,gaussian_process,789,hust_10-6,1659.0,755.3148705846755,903.6851294153245
matr_to_hust,matr,hust,gaussian_process,789,hust_10-7,1435.0,724.2349963172416,710.7650036827584
matr_to_hust,matr,hust,gaussian_process,789,hust_10-8,1093.0,712.5458457658851,380.45415423411487
matr_to_hust,matr,hust,gaussian_process,789,hust_2-2,2021.0,688.3435674996488,1332.6564325003512
matr_to_hust,matr,hust,gaussian_process,789,hust_2-3,1413.0,711.9767396956995,701.0232603043005
matr_to_hust,matr,hust,gaussian_process,789,hust_2-4,1165.0,736.709434355982,428.290565644018
matr_to_hust,matr,hust,gaussian_process,789,hust_2-5,1092.0,722.7975092503154,369.20249074968456
matr_to_hust,matr,hust,gaussian_process,789,hust_2-6,1297.0,718.7622494581085,578.2377505418915
matr_to_hust,matr,hust,gaussian_process,789,hust_2-7,1789.0,728.1565881721959,1060.8434118278042
matr_to_hust,matr,hust,gaussian_process,789,hust_2-8,1192.0,765.090849927209,426.909150072791
matr_to_hust,matr,hust,gaussian_process,789,hust_3-1,1571.0,729.5869275244714,841.4130724755286
matr_to_hust,matr,hust,gaussian_process,789,hust_3-2,1773.0,754.9887806281372,1018.0112193718628
matr_to_hust,matr,hust,gaussian_process,789,hust_3-3,1360.0,726.8306280189668,633.1693719810332
matr_to_hust,matr,hust,gaussian_process,789,hust_3-4,1396.0,714.211276790244,681.788723209756
matr_to_hust,matr,hust,gaussian_process,789,hust_3-5,1879.0,706.5444891049927,1172.4555108950071
matr_to_hust,matr,hust,gaussian_process,789,hust_3-6,1979.0,750.5157456777742,1228.4842543222258
matr_to_hust,matr,hust,gaussian_process,789,hust_3-7,1870.0,833.0389256173899,1036.9610743826101
matr_to_hust,matr,hust,gaussian_process,789,hust_3-8,1856.0,722.5835584100805,1133.4164415899195
matr_to_hust,matr,hust,gaussian_process,789,hust_4-1,1762.0,773.333445917528,988.666554082472
matr_to_hust,matr,hust,gaussian_process,789,hust_4-2,1453.0,719.8064174457271,733.1935825542729
matr_to_hust,matr,hust,gaussian_process,789,hust_4-3,931.0,723.0172506101567,207.98274938984332
matr_to_hust,matr,hust,gaussian_process,789,hust_4-4,1204.0,764.6506215428641,439.3493784571359
matr_to_hust,matr,hust,gaussian_process,789,hust_4-5,1220.0,732.3946825038881,487.60531749611187
matr_to_hust,matr,hust,gaussian_process,789,hust_4-6,1089.0,731.0335847896963,357.9664152103037
matr_to_hust,matr,hust,gaussian_process,789,hust_4-7,1579.0,749.1426708860514,829.8573291139486
matr_to_hust,matr,hust,gaussian_process,789,hust_4-8,1389.0,721.6967882204802,667.3032117795198
matr_to_hust,matr,hust,gaussian_process,789,hust_5-1,1832.0,730.0440709931303,1101.9559290068696
matr_to_hust,matr,hust,gaussian_process,789,hust_5-2,1574.0,713.9463496030486,860.0536503969514
matr_to_hust,matr,hust,gaussian_process,789,hust_5-3,2024.0,736.0025973211663,1287.9974026788336
matr_to_hust,matr,hust,gaussian_process,789,hust_5-4,1520.0,876.1446819969573,643.8553180030427
matr_to_hust,matr,hust,gaussian_process,789,hust_5-5,1242.0,712.9649574242372,529.0350425757628
matr_to_hust,matr,hust,gaussian_process,789,hust_5-6,1807.0,768.4564899813009,1038.5435100186992
matr_to_hust,matr,hust,gaussian_process,789,hust_5-7,1171.0,739.6662723647743,431.3337276352257
matr_to_hust,matr,hust,gaussian_process,789,hust_6-1,1255.0,751.2243100313596,503.77568996864045
matr_to_hust,matr,hust,gaussian_process,789,hust_6-2,1496.0,713.6005760388136,782.3994239611864
matr_to_hust,matr,hust,gaussian_process,789,hust_6-3,1437.0,713.8375193658342,723.1624806341658
matr_to_hust,matr,hust,gaussian_process,789,hust_6-4,1332.0,722.1647400746223,609.8352599253777
matr_to_hust,matr,hust,gaussian_process,789,hust_6-5,1686.0,752.4576683561592,933.5423316438408
matr_to_hust,matr,hust,gaussian_process,789,hust_6-6,1924.0,713.2081565896174,1210.7918434103826
matr_to_hust,matr,hust,gaussian_process,789,hust_6-8,1700.0,693.291774588918,1006.708225411082
matr_to_hust,matr,hust,gaussian_process,789,hust_7-1,1308.0,722.1794857444796,585.8205142555204
matr_to_hust,matr,hust,gaussian_process,789,hust_7-2,1637.0,604.8638489763542,1032.1361510236457
matr_to_hust,matr,hust,gaussian_process,789,hust_7-3,1063.0,887.9405821829549,175.05941781704507
matr_to_hust,matr,hust,gaussian_process,789,hust_7-4,1148.0,893.1328333326351,254.86716666736493
matr_to_hust,matr,hust,gaussian_process,789,hust_7-5,1528.0,664.7247364896559,863.2752635103441
matr_to_hust,matr,hust,gaussian_process,789,hust_7-6,1162.0,823.7567587536157,338.2432412463843
matr_to_hust,matr,hust,gaussian_process,789,hust_7-7,1367.0,851.4850239196679,515.5149760803321
matr_to_hust,matr,hust,gaussian_process,789,hust_7-8,1566.0,723.0218252817101,842.9781747182899
matr_to_hust,matr,hust,gaussian_process,789,hust_8-1,1062.0,829.5201378216065,232.47986217839355
matr_to_hust,matr,hust,gaussian_process,789,hust_8-2,1564.0,743.7427912092755,820.2572087907245
matr_to_hust,matr,hust,gaussian_process,789,hust_8-3,1844.0,729.9456687566603,1114.0543312433397
matr_to_hust,matr,hust,gaussian_process,789,hust_8-4,1517.0,911.0203586833936,605.9796413166064
matr_to_hust,matr,hust,gaussian_process,789,hust_8-5,1089.0,830.3357106539576,258.66428934604244
matr_to_hust,matr,hust,gaussian_process,789,hust_8-6,1746.0,739.3958653954245,1006.6041346045755
matr_to_hust,matr,hust,gaussian_process,789,hust_8-7,1593.0,923.013963881995,669.986036118005
matr_to_hust,matr,hust,gaussian_process,789,hust_8-8,1351.0,717.9965291258038,633.0034708741962
matr_to_hust,matr,hust,gaussian_process,789,hust_9-1,1647.0,723.3532604723453,923.6467395276547
matr_to_hust,matr,hust,gaussian_process,789,hust_9-2,1679.0,724.8795323105574,954.1204676894426
matr_to_hust,matr,hust,gaussian_process,789,hust_9-3,1526.0,729.9158756811972,796.0841243188028
matr_to_hust,matr,hust,gaussian_process,789,hust_9-4,1589.0,736.0641593873419,852.9358406126581
matr_to_hust,matr,hust,gaussian_process,789,hust_9-5,1719.0,683.3739066073425,1035.6260933926574
matr_to_hust,matr,hust,gaussian_process,789,hust_9-6,1381.0,699.9571321491994,681.0428678508006
matr_to_hust,matr,hust,gaussian_process,789,hust_9-7,1617.0,724.1700120863898,892.8299879136102
matr_to_hust,matr,hust,gaussian_process,789,hust_9-8,1839.0,729.0050953832297,1109.9949046167703
matr_to_hust,matr,hust,gaussian_process,1011,hust_1-1,1198.0,727.4510076389843,470.54899236101573
matr_to_hust,matr,hust,gaussian_process,1011,hust_1-2,1966.0,731.1735908272894,1234.8264091727106
matr_to_hust,matr,hust,gaussian_process,1011,hust_1-3,1513.0,715.5031014410587,797.4968985589413
matr_to_hust,matr,hust,gaussian_process,1011,hust_1-4,1213.0,714.9984161452026,498.00158385479745
matr_to_hust,matr,hust,gaussian_process,1011,hust_1-5,1538.0,715.314691268516,822.685308731484
matr_to_hust,matr,hust,gaussian_process,1011,hust_1-6,829.0,715.6381671377319,113.3618328622681
matr_to_hust,matr,hust,gaussian_process,1011,hust_1-7,1321.0,737.2811333653518,583.7188666346482
matr_to_hust,matr,hust,gaussian_process,1011,hust_1-8,1733.0,717.6678013012812,1015.3321986987188
matr_to_hust,matr,hust,gaussian_process,1011,hust_10-1,1378.0,716.9790258263284,661.0209741736716
matr_to_hust,matr,hust,gaussian_process,1011,hust_10-2,1375.0,695.3977806703008,679.6022193296992
matr_to_hust,matr,hust,gaussian_process,1011,hust_10-3,1477.0,729.8448439990956,747.1551560009044
matr_to_hust,matr,hust,gaussian_process,1011,hust_10-4,1489.0,711.6245221336387,777.3754778663613
matr_to_hust,matr,hust,gaussian_process,1011,hust_10-5,1657.0,713.4534806858445,943.5465193141555
matr_to_hust,matr,hust,gaussian_process,1011,hust_10-6,1659.0,737.7519135740134,921.2480864259866
matr_to_hust,matr,hust,gaussian_process,1011,hust_10-7,1435.0,714.2541352896308,720.7458647103692
matr_to_hust,matr,hust,gaussian_process,1011,hust_10-8,1093.0,726.2754629617857,366.7245370382143
matr_to_hust,matr,hust,gaussian_process,1011,hust_2-2,2021.0,720.7849786913569,1300.2150213086431
matr_to_hust,matr,hust,gaussian_process,1011,hust_2-3,1413.0,713.3809423423261,699.6190576576739
matr_to_hust,matr,hust,gaussian_process,1011,hust_2-4,1165.0,733.3897653597169,431.6102346402831
matr_to_hust,matr,hust,gaussian_process,1011,hust_2-5,1092.0,714.4643186077072,377.53568139229276
matr_to_hust,matr,hust,gaussian_process,1011,hust_2-6,1297.0,714.2932483802219,582.7067516197781
matr_to_hust,matr,hust,gaussian_process,1011,hust_2-7,1789.0,713.7727814406732,1075.227218559327
matr_to_hust,matr,hust,gaussian_process,1011,hust_2-8,1192.0,732.628357606547,459.37164239345304
matr_to_hust,matr,hust,gaussian_process,1011,hust_3-1,1571.0,709.5538210856652,861.4461789143348
matr_to_hust,matr,hust,gaussian_process,1011,hust_3-2,1773.0,702.4584266785281,1070.5415733214718
matr_to_hust,matr,hust,gaussian_process,1011,hust_3-3,1360.0,709.0159727750698,650.9840272249302
matr_to_hust,matr,hust,gaussian_process,1011,hust_3-4,1396.0,732.901201799196,663.098798200804
matr_to_hust,matr,hust,gaussian_process,1011,hust_3-5,1879.0,727.3865271760229,1151.6134728239772
matr_to_hust,matr,hust,gaussian_process,1011,hust_3-6,1979.0,714.7537065870247,1264.2462934129753
matr_to_hust,matr,hust,gaussian_process,1011,hust_3-7,1870.0,717.4997303753767,1152.5002696246233
matr_to_hust,matr,hust,gaussian_process,1011,hust_3-8,1856.0,696.8524857697221,1159.147514230278
matr_to_hust,matr,hust,gaussian_process,1011,hust_4-1,1762.0,739.879560669948,1022.120439330052
matr_to_hust,matr,hust,gaussian_process,1011,hust_4-2,1453.0,712.8726451059773,740.1273548940227
matr_to_hust,matr,hust,gaussian_process,1011,hust_4-3,931.0,732.6494370233015,198.35056297669848
matr_to_hust,matr,hust,gaussian_process,1011,hust_4-4,1204.0,736.2519825455489,467.7480174544511
matr_to_hust,matr,hust,gaussian_process,1011,hust_4-5,1220.0,737.6776720608467,482.3223279391533
matr_to_hust,matr,hust,gaussian_process,1011,hust_4-6,1089.0,737.9747127843335,351.0252872156665
matr_to_hust,matr,hust,gaussian_process,1011,hust_4-7,1579.0,741.2602373445328,837.7397626554672
matr_to_hust,matr,hust,gaussian_process,1011,hust_4-8,1389.0,712.9672251588414,676.0327748411586
matr_to_hust,matr,hust,gaussian_process,1011,hust_5-1,1832.0,727.1333694829699,1104.86663051703
matr_to_hust,matr,hust,gaussian_process,1011,hust_5-2,1574.0,715.4520049892951,858.5479950107049
matr_to_hust,matr,hust,gaussian_process,1011,hust_5-3,2024.0,732.897222456396,1291.1027775436041
matr_to_hust,matr,hust,gaussian_process,1011,hust_5-4,1520.0,739.1928990308954,780.8071009691046
matr_to_hust,matr,hust,gaussian_process,1011,hust_5-5,1242.0,712.6028665877095,529.3971334122905
matr_to_hust,matr,hust,gaussian_process,1011,hust_5-6,1807.0,735.8560907767016,1071.1439092232984
matr_to_hust,matr,hust,gaussian_process,1011,hust_5-7,1171.0,727.1663534208118,443.8336465791882
matr_to_hust,matr,hust,gaussian_process,1011,hust_6-1,1255.0,728.6207168771497,526.3792831228503
matr_to_hust,matr,hust,gaussian_process,1011,hust_6-2,1496.0,715.1446045196087,780.8553954803913
matr_to_hust,matr,hust,gaussian_process,1011,hust_6-3,1437.0,705.8394678343177,731.1605321656823
matr_to_hust,matr,hust,gaussian_process,1011,hust_6-4,1332.0,732.3284004560064,599.6715995439936
matr_to_hust,matr,hust,gaussian_process,1011,hust_6-5,1686.0,729.7957902087987,956.2042097912013
matr_to_hust,matr,hust,gaussian_process,1011,hust_6-6,1924.0,711.927760423952,1212.072239576048
matr_to_hust,matr,hust,gaussian_process,1011,hust_6-8,1700.0,718.011512086309,981.988487913691
matr_to_hust,matr,hust,gaussian_process,1011,hust_7-1,1308.0,727.0079689666712,580.9920310333288
matr_to_hust,matr,hust,gaussian_process,1011,hust_7-2,1637.0,647.2905493992884,989.7094506007116
matr_to_hust,matr,hust,gaussian_process,1011,hust_7-3,1063.0,709.7985964271815,353.20140357281855
matr_to_hust,matr,hust,gaussian_process,1011,hust_7-4,1148.0,723.1568701328009,424.8431298671991
matr_to_hust,matr,hust,gaussian_process,1011,hust_7-5,1528.0,638.9381866182401,889.0618133817599
matr_to_hust,matr,hust,gaussian_process,1011,hust_7-6,1162.0,722.520343205394,439.47965679460594
matr_to_hust,matr,hust,gaussian_process,1011,hust_7-7,1367.0,722.2233583289658,644.7766416710342
matr_to_hust,matr,hust,gaussian_process,1011,hust_7-8,1566.0,710.1085483795279,855.8914516204721
matr_to_hust,matr,hust,gaussian_process,1011,hust_8-1,1062.0,697.3441654758321,364.65583452416786
matr_to_hust,matr,hust,gaussian_process,1011,hust_8-2,1564.0,736.6472901893449,827.3527098106551
matr_to_hust,matr,hust,gaussian_process,1011,hust_8-3,1844.0,710.2611758501208,1133.7388241498793
matr_to_hust,matr,hust,gaussian_process,1011,hust_8-4,1517.0,730.8170517968728,786.1829482031272
matr_to_hust,matr,hust,gaussian_process,1011,hust_8-5,1089.0,712.5950076201361,376.40499237986387
matr_to_hust,matr,hust,gaussian_process,1011,hust_8-6,1746.0,730.4409597566528,1015.5590402433472
matr_to_hust,matr,hust,gaussian_process,1011,hust_8-7,1593.0,742.8982855766553,850.1017144233447
matr_to_hust,matr,hust,gaussian_process,1011,hust_8-8,1351.0,713.6547895156331,637.3452104843669
matr_to_hust,matr,hust,gaussian_process,1011,hust_9-1,1647.0,692.6179950668246,954.3820049331754
matr_to_hust,matr,hust,gaussian_process,1011,hust_9-2,1679.0,695.1431678949244,983.8568321050756
matr_to_hust,matr,hust,gaussian_process,1011,hust_9-3,1526.0,697.7797207322169,828.2202792677831
matr_to_hust,matr,hust,gaussian_process,1011,hust_9-4,1589.0,700.4086545709977,888.5913454290023
matr_to_hust,matr,hust,gaussian_process,1011,hust_9-5,1719.0,669.6830805866385,1049.3169194133616
matr_to_hust,matr,hust,gaussian_process,1011,hust_9-6,1381.0,694.7032017945006,686.2967982054994
matr_to_hust,matr,hust,gaussian_process,1011,hust_9-7,1617.0,707.3981943216978,909.6018056783022
matr_to_hust,matr,hust,gaussian_process,1011,hust_9-8,1839.0,712.5726550903437,1126.4273449096563
matr_to_sandia,matr,sandia,catboost,42,sandia_SNL_18650_LFP_25C_0_100_0_5_3C_a,3183.0,658.992603152298,2524.007396847702
matr_to_sandia,matr,sandia,catboost,42,sandia_SNL_18650_LFP_25C_0_100_0_5_3C_b,1610.0,667.4534518805136,942.5465481194864
matr_to_sandia,matr,sandia,catboost,42,sandia_SNL_18650_LFP_25C_0_100_0_5_3C_c,2305.0,673.875724716566,1631.1242752834341
matr_to_sandia,matr,sandia,catboost,42,sandia_SNL_18650_LFP_25C_0_100_0_5_3C_d,2788.0,650.9858443107713,2137.0141556892286
matr_to_sandia,matr,sandia,catboost,42,sandia_SNL_18650_LFP_35C_0_100_0_5_1C_a,3089.0,649.729371785944,2439.270628214056
matr_to_sandia,matr,sandia,catboost,42,sandia_SNL_18650_LFP_35C_0_100_0_5_1C_b,3126.0,623.6096208318695,2502.3903791681305
matr_to_sandia,matr,sandia,catboost,42,sandia_SNL_18650_LFP_35C_0_100_0_5_1C_c,3246.0,531.9898572083747,2714.010142791625
matr_to_sandia,matr,sandia,catboost,42,sandia_SNL_18650_LFP_35C_0_100_0_5_1C_d,3374.0,648.3706111268074,2725.6293888731925
matr_to_sandia,matr,sandia,catboost,42,sandia_SNL_18650_LFP_35C_0_100_0_5_2C_a,3442.0,678.477312052493,2763.522687947507
matr_to_sandia,matr,sandia,catboost,42,sandia_SNL_18650_LFP_35C_0_100_0_5_2C_b,2465.0,548.3018741113991,1916.6981258886008
matr_to_sandia,matr,sandia,catboost,42,sandia_SNL_18650_NCA_15C_0_100_0_5_1C_a,176.0,423.5963192841265,-247.59631928412648
matr_to_sandia,matr,sandia,catboost,42,sandia_SNL_18650_NCA_15C_0_100_0_5_1C_b,325.0,565.2482600517436,-240.2482600517436
matr_to_sandia,matr,sandia,catboost,42,sandia_SNL_18650_NCA_15C_0_100_0_5_2C_a,158.0,467.7807887630102,-309.7807887630102
matr_to_sandia,matr,sandia,catboost,42,sandia_SNL_18650_NCA_15C_0_100_0_5_2C_b,157.0,474.0367595201301,-317.0367595201301
matr_to_sandia,matr,sandia,catboost,42,sandia_SNL_18650_NCA_25C_0_100_0_5_0_5C_a,249.0,489.2541475581898,-240.2541475581898
matr_to_sandia,matr,sandia,catboost,42,sandia_SNL_18650_NCA_25C_0_100_0_5_0_5C_b,135.0,422.2439014231806,-287.2439014231806
matr_to_sandia,matr,sandia,catboost,42,sandia_SNL_18650_NCA_25C_0_100_0_5_1C_a,337.0,525.5290380086145,-188.52903800861452
matr_to_sandia,matr,sandia,catboost,42,sandia_SNL_18650_NCA_25C_0_100_0_5_1C_b,228.0,483.30988818055346,-255.30988818055346
matr_to_sandia,matr,sandia,catboost,42,sandia_SNL_18650_NCA_25C_0_100_0_5_1C_c,228.0,554.0329017613534,-326.0329017613534
matr_to_sandia,matr,sandia,catboost,42,sandia_SNL_18650_NCA_25C_0_100_0_5_1C_d,251.0,520.3969608376905,-269.3969608376905
matr_to_sandia,matr,sandia,catboost,42,sandia_SNL_18650_NCA_25C_0_100_0_5_2C_a,225.0,463.3230299194706,-238.32302991947063
matr_to_sandia,matr,sandia,catboost,42,sandia_SNL_18650_NCA_25C_0_100_0_5_2C_b,304.0,609.673533421973,-305.67353342197305
matr_to_sandia,matr,sandia,catboost,42,sandia_SNL_18650_NCA_35C_0_100_0_5_1C_a,171.0,582.2140224032931,-411.21402240329314
matr_to_sandia,matr,sandia,catboost,42,sandia_SNL_18650_NCA_35C_0_100_0_5_1C_b,320.0,529.0870527415458,-209.0870527415458
matr_to_sandia,matr,sandia,catboost,42,sandia_SNL_18650_NCA_35C_0_100_0_5_1C_c,346.0,540.977951663457,-194.97795166345702
matr_to_sandia,matr,sandia,catboost,42,sandia_SNL_18650_NCA_35C_0_100_0_5_1C_d,320.0,522.8605078869186,-202.86050788691864
matr_to_sandia,matr,sandia,catboost,42,sandia_SNL_18650_NCA_35C_0_100_0_5_2C_a,210.0,501.7692557778429,-291.7692557778429
matr_to_sandia,matr,sandia,catboost,42,sandia_SNL_18650_NCA_35C_0_100_0_5_2C_b,216.0,495.80951515385834,-279.80951515385834
matr_to_sandia,matr,sandia,catboost,42,sandia_SNL_18650_NMC_15C_0_100_0_5_1C_a,105.0,547.436533377198,-442.436533377198
matr_to_sandia,matr,sandia,catboost,42,sandia_SNL_18650_NMC_15C_0_100_0_5_1C_b,142.0,439.0094551961666,-297.0094551961666
matr_to_sandia,matr,sandia,catboost,42,sandia_SNL_18650_NMC_15C_0_100_0_5_2C_a,102.0,540.0715447773484,-438.07154477734844
matr_to_sandia,matr,sandia,catboost,42,sandia_SNL_18650_NMC_15C_0_100_0_5_2C_b,103.0,501.1982324055341,-398.1982324055341
matr_to_sandia,matr,sandia,catboost,42,sandia_SNL_18650_NMC_25C_0_100_0_5_0_5C_a,49.0,519.955872660718,-470.955872660718
matr_to_sandia,matr,sandia,catboost,42,sandia_SNL_18650_NMC_25C_0_100_0_5_0_5C_b,327.0,544.3863010961611,-217.3863010961611
matr_to_sandia,matr,sandia,catboost,42,sandia_SNL_18650_NMC_25C_0_100_0_5_1C_a,271.0,547.8510650009496,-276.8510650009496
matr_to_sandia,matr,sandia,catboost,42,sandia_SNL_18650_NMC_25C_0_100_0_5_1C_b,340.0,542.8662716525416,-202.86627165254163
matr_to_sandia,matr,sandia,catboost,42,sandia_SNL_18650_NMC_25C_0_100_0_5_1C_c,282.0,540.2594145431374,-258.2594145431374
matr_to_sandia,matr,sandia,catboost,42,sandia_SNL_18650_NMC_25C_0_100_0_5_1C_d,285.0,547.8510650009496,-262.8510650009496
matr_to_sandia,matr,sandia,catboost,42,sandia_SNL_18650_NMC_25C_0_100_0_5_2C_a,233.0,548.3382306241642,-315.3382306241642
matr_to_sandia,matr,sandia,catboost,42,sandia_SNL_18650_NMC_25C_0_100_0_5_2C_b,135.0,598.3145617779494,-463.3145617779494
matr_to_sandia,matr,sandia,catboost,42,sandia_SNL_18650_NMC_25C_0_100_0_5_3C_a,261.0,520.4017825145618,-259.4017825145618
matr_to_sandia,matr,sandia,catboost,42,sandia_SNL_18650_NMC_25C_0_100_0_5_3C_b,287.0,543.5682826309054,-256.5682826309054
matr_to_sandia,matr,sandia,catboost,42,sandia_SNL_18650_NMC_25C_0_100_0_5_3C_c,305.0,541.00531203399,-236.00531203398998
matr_to_sandia,matr,sandia,catboost,42,sandia_SNL_18650_NMC_25C_0_100_0_5_3C_d,304.0,543.5682826309054,-239.5682826309054
matr_to_sandia,matr,sandia,catboost,42,sandia_SNL_18650_NMC_35C_0_100_0_5_1C_a,280.0,540.3066110969839,-260.30661109698394
matr_to_sandia,matr,sandia,catboost,42,sandia_SNL_18650_NMC_35C_0_100_0_5_1C_b,90.0,513.0606754938184,-423.0606754938184
matr_to_sandia,matr,sandia,catboost,42,sandia_SNL_18650_NMC_35C_0_100_0_5_1C_c,256.0,548.5595220965956,-292.55952209659563
matr_to_sandia,matr,sandia,catboost,42,sandia_SNL_18650_NMC_35C_0_100_0_5_1C_d,390.0,534.0697286749934,-144.06972867499337
matr_to_sandia,matr,sandia,catboost,42,sandia_SNL_18650_NMC_35C_0_100_0_5_2C_a,170.0,524.4998215839474,-354.49982158394744
matr_to_sandia,matr,sandia,catboost,42,sandia_SNL_18650_NMC_35C_0_100_0_5_2C_b,400.0,512.1938157801209,-112.19381578012087
matr_to_sandia,matr,sandia,catboost,123,sandia_SNL_18650_LFP_25C_0_100_0_5_3C_a,3183.0,719.8828474132589,2463.117152586741
matr_to_sandia,matr,sandia,catboost,123,sandia_SNL_18650_LFP_25C_0_100_0_5_3C_b,1610.0,676.9420893179913,933.0579106820087
matr_to_sandia,matr,sandia,catboost,123,sandia_SNL_18650_LFP_25C_0_100_0_5_3C_c,2305.0,691.5291807534064,1613.4708192465937
matr_to_sandia,matr,sandia,catboost,123,sandia_SNL_18650_LFP_25C_0_100_0_5_3C_d,2788.0,667.2295840999601,2120.77041590004
matr_to_sandia,matr,sandia,catboost,123,sandia_SNL_18650_LFP_35C_0_100_0_5_1C_a,3089.0,743.4911178762997,2345.5088821237005
matr_to_sandia,matr,sandia,catboost,123,sandia_SNL_18650_LFP_35C_0_100_0_5_1C_b,3126.0,713.6678518953441,2412.332148104656
matr_to_sandia,matr,sandia,catboost,123,sandia_SNL_18650_LFP_35C_0_100_0_5_1C_c,3246.0,633.2134419061008,2612.786558093899
matr_to_sandia,matr,sandia,catboost,123,sandia_SNL_18650_LFP_35C_0_100_0_5_1C_d,3374.0,722.940121147852,2651.059878852148
matr_to_sandia,matr,sandia,catboost,123,sandia_SNL_18650_LFP_35C_0_100_0_5_2C_a,3442.0,677.8096098546922,2764.190390145308
matr_to_sandia,matr,sandia,catboost,123,sandia_SNL_18650_LFP_35C_0_100_0_5_2C_b,2465.0,666.9014496680362,1798.098550331964
matr_to_sandia,matr,sandia,catboost,123,sandia_SNL_18650_NCA_15C_0_100_0_5_1C_a,176.0,384.8775799362839,-208.8775799362839
matr_to_sandia,matr,sandia,catboost,123,sandia_SNL_18650_NCA_15C_0_100_0_5_1C_b,325.0,491.5608466165364,-166.56084661653642
matr_to_sandia,matr,sandia,catboost,123,sandia_SNL_18650_NCA_15C_0_100_0_5_2C_a,158.0,358.22639080938876,-200.22639080938876
matr_to_sandia,matr,sandia,catboost,123,sandia_SNL_18650_NCA_15C_0_100_0_5_2C_b,157.0,353.6149060729483,-196.61490607294832
matr_to_sandia,matr,sandia,catboost,123,sandia_SNL_18650_NCA_25C_0_100_0_5_0_5C_a,249.0,482.9703759205512,-233.9703759205512
matr_to_sandia,matr,sandia,catboost,123,sandia_SNL_18650_NCA_25C_0_100_0_5_0_5C_b,135.0,295.243202729829,-160.24320272982902
matr_to_sandia,matr,sandia,catboost,123,sandia_SNL_18650_NCA_25C_0_100_0_5_1C_a,337.0,456.1952616279553,-119.19526162795529
matr_to_sandia,matr,sandia,catboost,123,sandia_SNL_18650_NCA_25C_0_100_0_5_1C_b,228.0,483.3293679612006,-255.3293679612006
matr_to_sandia,matr,sandia,catboost,123,sandia_SNL_18650_NCA_25C_0_100_0_5_1C_c,228.0,504.6042816073214,-276.6042816073214
matr_to_sandia,matr,sandia,catboost,123,sandia_SNL_18650_NCA_25C_0_100_0_5_1C_d,251.0,497.3557135951167,-246.3557135951167
matr_to_sandia,matr,sandia,catboost,123,sandia_SNL_18650_NCA_25C_0_100_0_5_2C_a,225.0,451.68245669541074,-226.68245669541074
matr_to_sandia,matr,sandia,catboost,123,sandia_SNL_18650_NCA_25C_0_100_0_5_2C_b,304.0,540.6685102873347,-236.6685102873347
matr_to_sandia,matr,sandia,catboost,123,sandia_SNL_18650_NCA_35C_0_100_0_5_1C_a,171.0,554.8427744867283,-383.84277448672833
matr_to_sandia,matr,sandia,catboost,123,sandia_SNL_18650_NCA_35C_0_100_0_5_1C_b,320.0,529.3827884927082,-209.3827884927082
matr_to_sandia,matr,sandia,catboost,123,sandia_SNL_18650_NCA_35C_0_100_0_5_1C_c,346.0,497.7672502701314,-151.7672502701314
matr_to_sandia,matr,sandia,catboost,123,sandia_SNL_18650_NCA_35C_0_100_0_5_1C_d,320.0,595.1644179706537,-275.16441797065374
matr_to_sandia,matr,sandia,catboost,123,sandia_SNL_18650_NCA_35C_0_100_0_5_2C_a,210.0,542.7768917405008,-332.7768917405008
matr_to_sandia,matr,sandia,catboost,123,sandia_SNL_18650_NCA_35C_0_100_0_5_2C_b,216.0,429.2839027485352,-213.28390274853518
matr_to_sandia,matr,sandia,catboost,123,sandia_SNL_18650_NMC_15C_0_100_0_5_1C_a,105.0,510.98413092595564,-405.98413092595564
matr_to_sandia,matr,sandia,catboost,123,sandia_SNL_18650_NMC_15C_0_100_0_5_1C_b,142.0,338.28736268138107,-196.28736268138107
matr_to_sandia,matr,sandia,catboost,123,sandia_SNL_18650_NMC_15C_0_100_0_5_2C_a,102.0,479.51075540132945,-377.51075540132945
matr_to_sandia,matr,sandia,catboost,123,sandia_SNL_18650_NMC_15C_0_100_0_5_2C_b,103.0,390.3180896324045,-287.3180896324045
matr_to_sandia,matr,sandia,catboost,123,sandia_SNL_18650_NMC_25C_0_100_0_5_0_5C_a,49.0,488.1019077529382,-439.1019077529382
matr_to_sandia,matr,sandia,catboost,123,sandia_SNL_18650_NMC_25C_0_100_0_5_0_5C_b,327.0,440.3435905898494,-113.34359058984938
matr_to_sandia,matr,sandia,catboost,123,sandia_SNL_18650_NMC_25C_0_100_0_5_1C_a,271.0,470.65677500665095,-199.65677500665095
matr_to_sandia,matr,sandia,catboost,123,sandia_SNL_18650_NMC_25C_0_100_0_5_1C_b,340.0,480.95700257609883,-140.95700257609883
matr_to_sandia,matr,sandia,catboost,123,sandia_SNL_18650_NMC_25C_0_100_0_5_1C_c,282.0,448.65548505660837,-166.65548505660837
matr_to_sandia,matr,sandia,catboost,123,sandia_SNL_18650_NMC_25C_0_100_0_5_1C_d,285.0,470.65677500665095,-185.65677500665095
matr_to_sandia,matr,sandia,catboost,123,sandia_SNL_18650_NMC_25C_0_100_0_5_2C_a,233.0,483.64959403301765,-250.64959403301765
matr_to_sandia,matr,sandia,catboost,123,sandia_SNL_18650_NMC_25C_0_100_0_5_2C_b,135.0,433.8798850536005,-298.8798850536005
matr_to_sandia,matr,sandia,catboost,123,sandia_SNL_18650_NMC_25C_0_100_0_5_3C_a,261.0,458.95397196623065,-197.95397196623065
matr_to_sandia,matr,sandia,catboost,123,sandia_SNL_18650_NMC_25C_0_100_0_5_3C_b,287.0,482.48632372057443,-195.48632372057443
matr_to_sandia,matr,sandia,catboost,123,sandia_SNL_18650_NMC_25C_0_100_0_5_3C_c,305.0,490.88830192067763,-185.88830192067763
matr_to_sandia,matr,sandia,catboost,123,sandia_SNL_18650_NMC_25C_0_100_0_5_3C_d,304.0,482.48632372057443,-178.48632372057443
matr_to_sandia,matr,sandia,catboost,123,sandia_SNL_18650_NMC_35C_0_100_0_5_1C_a,280.0,490.88604986749954,-210.88604986749954
matr_to_sandia,matr,sandia,catboost,123,sandia_SNL_18650_NMC_35C_0_100_0_5_1C_b,90.0,587.3146461849643,-497.3146461849643
matr_to_sandia,matr,sandia,catboost,123,sandia_SNL_18650_NMC_35C_0_100_0_5_1C_c,256.0,483.64959403301765,-227.64959403301765
matr_to_sandia,matr,sandia,catboost,123,sandia_SNL_18650_NMC_35C_0_100_0_5_1C_d,390.0,476.1787752195445,-86.17877521954449
matr_to_sandia,matr,sandia,catboost,123,sandia_SNL_18650_NMC_35C_0_100_0_5_2C_a,170.0,458.7241880588452,-288.7241880588452
matr_to_sandia,matr,sandia,catboost,123,sandia_SNL_18650_NMC_35C_0_100_0_5_2C_b,400.0,456.54129542121876,-56.54129542121876
matr_to_sandia,matr,sandia,catboost,456,sandia_SNL_18650_LFP_25C_0_100_0_5_3C_a,3183.0,640.6909444100854,2542.3090555899144
matr_to_sandia,matr,sandia,catboost,456,sandia_SNL_18650_LFP_25C_0_100_0_5_3C_b,1610.0,684.762522341976,925.237477658024
matr_to_sandia,matr,sandia,catboost,456,sandia_SNL_18650_LFP_25C_0_100_0_5_3C_c,2305.0,658.2848700257962,1646.7151299742038
matr_to_sandia,matr,sandia,catboost,456,sandia_SNL_18650_LFP_25C_0_100_0_5_3C_d,2788.0,687.0511682037932,2100.948831796207
matr_to_sandia,matr,sandia,catboost,456,sandia_SNL_18650_LFP_35C_0_100_0_5_1C_a,3089.0,699.5147671709161,2389.485232829084
matr_to_sandia,matr,sandia,catboost,456,sandia_SNL_18650_LFP_35C_0_100_0_5_1C_b,3126.0,637.2681536932552,2488.731846306745
matr_to_sandia,matr,sandia,catboost,456,sandia_SNL_18650_LFP_35C_0_100_0_5_1C_c,3246.0,621.7286325653503,2624.2713674346496
matr_to_sandia,matr,sandia,catboost,456,sandia_SNL_18650_LFP_35C_0_100_0_5_1C_d,3374.0,646.0387054695319,2727.961294530468
matr_to_sandia,matr,sandia,catboost,456,sandia_SNL_18650_LFP_35C_0_100_0_5_2C_a,3442.0,656.2051113651376,2785.794888634862
matr_to_sandia,matr,sandia,catboost,456,sandia_SNL_18650_LFP_35C_0_100_0_5_2C_b,2465.0,640.0452029006293,1824.9547970993708
matr_to_sandia,matr,sandia,catboost,456,sandia_SNL_18650_NCA_15C_0_100_0_5_1C_a,176.0,498.40795930216217,-322.40795930216217
matr_to_sandia,matr,sandia,catboost,456,sandia_SNL_18650_NCA_15C_0_100_0_5_1C_b,325.0,620.3095575381162,-295.3095575381162
matr_to_sandia,matr,sandia,catboost,456,sandia_SNL_18650_NCA_15C_0_100_0_5_2C_a,158.0,507.89467117920105,-349.89467117920105
matr_to_sandia,matr,sandia,catboost,456,sandia_SNL_18650_NCA_15C_0_100_0_5_2C_b,157.0,514.6101571952186,-357.61015719521856
matr_to_sandia,matr,sandia,catboost,456,sandia_SNL_18650_NCA_25C_0_100_0_5_0_5C_a,249.0,599.4000611293573,-350.40006112935725
matr_to_sandia,matr,sandia,catboost,456,sandia_SNL_18650_NCA_25C_0_100_0_5_0_5C_b,135.0,509.68067606037056,-374.68067606037056
matr_to_sandia,matr,sandia,catboost,456,sandia_SNL_18650_NCA_25C_0_100_0_5_1C_a,337.0,631.3453169714734,-294.3453169714734
matr_to_sandia,matr,sandia,catboost,456,sandia_SNL_18650_NCA_25C_0_100_0_5_1C_b,228.0,604.0096535681125,-376.0096535681125
matr_to_sandia,matr,sandia,catboost,456,sandia_SNL_18650_NCA_25C_0_100_0_5_1C_c,228.0,620.4896317275171,-392.4896317275171
matr_to_sandia,matr,sandia,catboost,456,sandia_SNL_18650_NCA_25C_0_100_0_5_1C_d,251.0,612.4706585292204,-361.4706585292204
matr_to_sandia,matr,sandia,catboost,456,sandia_SNL_18650_NCA_25C_0_100_0_5_2C_a,225.0,513.690732265199,-288.690732265199
matr_to_sandia,matr,sandia,catboost,456,sandia_SNL_18650_NCA_25C_0_100_0_5_2C_b,304.0,664.1090645589247,-360.10906455892473
matr_to_sandia,matr,sandia,catboost,456,sandia_SNL_18650_NCA_35C_0_100_0_5_1C_a,171.0,644.9654189932122,-473.9654189932122
matr_to_sandia,matr,sandia,catboost,456,sandia_SNL_18650_NCA_35C_0_100_0_5_1C_b,320.0,493.5861397898187,-173.58613978981867
matr_to_sandia,matr,sandia,catboost,456,sandia_SNL_18650_NCA_35C_0_100_0_5_1C_c,346.0,626.5850187122447,-280.58501871224473
matr_to_sandia,matr,sandia,catboost,456,sandia_SNL_18650_NCA_35C_0_100_0_5_1C_d,320.0,674.1874621025925,-354.18746210259246
matr_to_sandia,matr,sandia,catboost,456,sandia_SNL_18650_NCA_35C_0_100_0_5_2C_a,210.0,631.7885148284181,-421.7885148284181
matr_to_sandia,matr,sandia,catboost,456,sandia_SNL_18650_NCA_35C_0_100_0_5_2C_b,216.0,507.82510004612016,-291.82510004612016
matr_to_sandia,matr,sandia,catboost,456,sandia_SNL_18650_NMC_15C_0_100_0_5_1C_a,105.0,622.419708886579,-517.419708886579
matr_to_sandia,matr,sandia,catboost,456,sandia_SNL_18650_NMC_15C_0_100_0_5_1C_b,142.0,496.1911412559298,-354.1911412559298
matr_to_sandia,matr,sandia,catboost,456,sandia_SNL_18650_NMC_15C_0_100_0_5_2C_a,102.0,612.0925957666909,-510.0925957666909
matr_to_sandia,matr,sandia,catboost,456,sandia_SNL_18650_NMC_15C_0_100_0_5_2C_b,103.0,489.13036296914595,-386.13036296914595
matr_to_sandia,matr,sandia,catboost,456,sandia_SNL_18650_NMC_25C_0_100_0_5_0_5C_a,49.0,842.4772279744301,-793.4772279744301
matr_to_sandia,matr,sandia,catboost,456,sandia_SNL_18650_NMC_25C_0_100_0_5_0_5C_b,327.0,628.8735549836844,-301.87355498368436
matr_to_sandia,matr,sandia,catboost,456,sandia_SNL_18650_NMC_25C_0_100_0_5_1C_a,271.0,601.719108123288,-330.71910812328804
matr_to_sandia,matr,sandia,catboost,456,sandia_SNL_18650_NMC_25C_0_100_0_5_1C_b,340.0,599.8740155329984,-259.87401553299844
matr_to_sandia,matr,sandia,catboost,456,sandia_SNL_18650_NMC_25C_0_100_0_5_1C_c,282.0,624.5244290668809,-342.5244290668809
matr_to_sandia,matr,sandia,catboost,456,sandia_SNL_18650_NMC_25C_0_100_0_5_1C_d,285.0,601.719108123288,-316.71910812328804
matr_to_sandia,matr,sandia,catboost,456,sandia_SNL_18650_NMC_25C_0_100_0_5_2C_a,233.0,609.0674707340369,-376.0674707340369
matr_to_sandia,matr,sandia,catboost,456,sandia_SNL_18650_NMC_25C_0_100_0_5_2C_b,135.0,630.4405467369035,-495.44054673690346
matr_to_sandia,matr,sandia,catboost,456,sandia_SNL_18650_NMC_25C_0_100_0_5_3C_a,261.0,603.5382291183378,-342.53822911833777
matr_to_sandia,matr,sandia,catboost,456,sandia_SNL_18650_NMC_25C_0_100_0_5_3C_b,287.0,599.808746570261,-312.80874657026095
matr_to_sandia,matr,sandia,catboost,456,sandia_SNL_18650_NMC_25C_0_100_0_5_3C_c,305.0,620.0447390509618,-315.04473905096177
matr_to_sandia,matr,sandia,catboost,456,sandia_SNL_18650_NMC_25C_0_100_0_5_3C_d,304.0,599.808746570261,-295.80874657026095
matr_to_sandia,matr,sandia,catboost,456,sandia_SNL_18650_NMC_35C_0_100_0_5_1C_a,280.0,620.6115471873385,-340.6115471873385
matr_to_sandia,matr,sandia,catboost,456,sandia_SNL_18650_NMC_35C_0_100_0_5_1C_b,90.0,608.2745871962723,-518.2745871962723
matr_to_sandia,matr,sandia,catboost,456,sandia_SNL_18650_NMC_35C_0_100_0_5_1C_c,256.0,609.6196694262004,-353.6196694262004
matr_to_sandia,matr,sandia,catboost,456,sandia_SNL_18650_NMC_35C_0_100_0_5_1C_d,390.0,627.7569088441611,-237.7569088441611
matr_to_sandia,matr,sandia,catboost,456,sandia_SNL_18650_NMC_35C_0_100_0_5_2C_a,170.0,624.5066755137539,-454.50667551375386
matr_to_sandia,matr,sandia,catboost,456,sandia_SNL_18650_NMC_35C_0_100_0_5_2C_b,400.0,606.4091320895336,-206.4091320895336
matr_to_sandia,matr,sandia,catboost,789,sandia_SNL_18650_LFP_25C_0_100_0_5_3C_a,3183.0,667.7849560502362,2515.2150439497636
matr_to_sandia,matr,sandia,catboost,789,sandia_SNL_18650_LFP_25C_0_100_0_5_3C_b,1610.0,691.6772250445308,918.3227749554692
matr_to_sandia,matr,sandia,catboost,789,sandia_SNL_18650_LFP_25C_0_100_0_5_3C_c,2305.0,653.8230831397759,1651.176916860224
matr_to_sandia,matr,sandia,catboost,789,sandia_SNL_18650_LFP_25C_0_100_0_5_3C_d,2788.0,690.2585554032468,2097.7414445967534
matr_to_sandia,matr,sandia,catboost,789,sandia_SNL_18650_LFP_35C_0_100_0_5_1C_a,3089.0,689.458102713397,2399.5418972866028
matr_to_sandia,matr,sandia,catboost,789,sandia_SNL_18650_LFP_35C_0_100_0_5_1C_b,3126.0,632.3310104439084,2493.6689895560917
matr_to_sandia,matr,sandia,catboost,789,sandia_SNL_18650_LFP_35C_0_100_0_5_1C_c,3246.0,607.0803684409799,2638.91963155902
matr_to_sandia,matr,sandia,catboost,789,sandia_SNL_18650_LFP_35C_0_100_0_5_1C_d,3374.0,662.5213558302117,2711.4786441697884
matr_to_sandia,matr,sandia,catboost,789,sandia_SNL_18650_LFP_35C_0_100_0_5_2C_a,3442.0,648.6668531522666,2793.3331468477336
matr_to_sandia,matr,sandia,catboost,789,sandia_SNL_18650_LFP_35C_0_100_0_5_2C_b,2465.0,609.5886794836302,1855.4113205163699
matr_to_sandia,matr,sandia,catboost,789,sandia_SNL_18650_NCA_15C_0_100_0_5_1C_a,176.0,506.07989037853866,-330.07989037853866
matr_to_sandia,matr,sandia,catboost,789,sandia_SNL_18650_NCA_15C_0_100_0_5_1C_b,325.0,633.2858747195309,-308.28587471953085
matr_to_sandia,matr,sandia,catboost,789,sandia_SNL_18650_NCA_15C_0_100_0_5_2C_a,158.0,541.8449128365767,-383.84491283657667
matr_to_sandia,matr,sandia,catboost,789,sandia_SNL_18650_NCA_15C_0_100_0_5_2C_b,157.0,540.7079938274264,-383.70799382742644
matr_to_sandia,matr,sandia,catboost,789,sandia_SNL_18650_NCA_25C_0_100_0_5_0_5C_a,249.0,601.6181613788654,-352.61816137886535
matr_to_sandia,matr,sandia,catboost,789,sandia_SNL_18650_NCA_25C_0_100_0_5_0_5C_b,135.0,498.336041477824,-363.336041477824
matr_to_sandia,matr,sandia,catboost,789,sandia_SNL_18650_NCA_25C_0_100_0_5_1C_a,337.0,610.4632864124807,-273.46328641248067
matr_to_sandia,matr,sandia,catboost,789,sandia_SNL_18650_NCA_25C_0_100_0_5_1C_b,228.0,617.7163534132022,-389.7163534132022
matr_to_sandia,matr,sandia,catboost,789,sandia_SNL_18650_NCA_25C_0_100_0_5_1C_c,228.0,635.8541012343527,-407.8541012343527
matr_to_sandia,matr,sandia,catboost,789,sandia_SNL_18650_NCA_25C_0_100_0_5_1C_d,251.0,625.5887107883083,-374.5887107883083
matr_to_sandia,matr,sandia,catboost,789,sandia_SNL_18650_NCA_25C_0_100_0_5_2C_a,225.0,555.1187359635272,-330.11873596352723
matr_to_sandia,matr,sandia,catboost,789,sandia_SNL_18650_NCA_25C_0_100_0_5_2C_b,304.0,680.560641251383,-376.560641251383
matr_to_sandia,matr,sandia,catboost,789,sandia_SNL_18650_NCA_35C_0_100_0_5_1C_a,171.0,626.1415841600676,-455.1415841600676
matr_to_sandia,matr,sandia,catboost,789,sandia_SNL_18650_NCA_35C_0_100_0_5_1C_b,320.0,531.0602645422242,-211.06026454222422
matr_to_sandia,matr,sandia,catboost,789,sandia_SNL_18650_NCA_35C_0_100_0_5_1C_c,346.0,618.338672689416,-272.33867268941594
matr_to_sandia,matr,sandia,catboost,789,sandia_SNL_18650_NCA_35C_0_100_0_5_1C_d,320.0,670.6696158938074,-350.6696158938074
matr_to_sandia,matr,sandia,catboost,789,sandia_SNL_18650_NCA_35C_0_100_0_5_2C_a,210.0,615.9453298714703,-405.94532987147034
matr_to_sandia,matr,sandia,catboost,789,sandia_SNL_18650_NCA_35C_0_100_0_5_2C_b,216.0,554.798960402954,-338.798960402954
matr_to_sandia,matr,sandia,catboost,789,sandia_SNL_18650_NMC_15C_0_100_0_5_1C_a,105.0,615.6608394743995,-510.6608394743995
matr_to_sandia,matr,sandia,catboost,789,sandia_SNL_18650_NMC_15C_0_100_0_5_1C_b,142.0,464.4893995689759,-322.4893995689759
matr_to_sandia,matr,sandia,catboost,789,sandia_SNL_18650_NMC_15C_0_100_0_5_2C_a,102.0,604.6533854132147,-502.65338541321466
matr_to_sandia,matr,sandia,catboost,789,sandia_SNL_18650_NMC_15C_0_100_0_5_2C_b,103.0,535.9353519166269,-432.9353519166269
matr_to_sandia,matr,sandia,catboost,789,sandia_SNL_18650_NMC_25C_0_100_0_5_0_5C_a,49.0,655.742319435625,-606.742319435625
matr_to_sandia,matr,sandia,catboost,789,sandia_SNL_18650_NMC_25C_0_100_0_5_0_5C_b,327.0,592.1042749588336,-265.10427495883357
matr_to_sandia,matr,sandia,catboost,789,sandia_SNL_18650_NMC_25C_0_100_0_5_1C_a,271.0,612.9668926429367,-341.9668926429367
matr_to_sandia,matr,sandia,catboost,789,sandia_SNL_18650_NMC_25C_0_100_0_5_1C_b,340.0,612.9668926429367,-272.9668926429367
matr_to_sandia,matr,sandia,catboost,789,sandia_SNL_18650_NMC_25C_0_100_0_5_1C_c,282.0,611.8959125650193,-329.89591256501933
matr_to_sandia,matr,sandia,catboost,789,sandia_SNL_18650_NMC_25C_0_100_0_5_1C_d,285.0,612.9668926429367,-327.9668926429367
matr_to_sandia,matr,sandia,catboost,789,sandia_SNL_18650_NMC_25C_0_100_0_5_2C_a,233.0,608.3489383860168,-375.3489383860168
matr_to_sandia,matr,sandia,catboost,789,sandia_SNL_18650_NMC_25C_0_100_0_5_2C_b,135.0,628.390850047271,-493.390850047271
matr_to_sandia,matr,sandia,catboost,789,sandia_SNL_18650_NMC_25C_0_100_0_5_3C_a,261.0,597.441776612161,-336.441776612161
matr_to_sandia,matr,sandia,catboost,789,sandia_SNL_18650_NMC_25C_0_100_0_5_3C_b,287.0,613.3404995794272,-326.34049957942716
matr_to_sandia,matr,sandia,catboost,789,sandia_SNL_18650_NMC_25C_0_100_0_5_3C_c,305.0,615.667991573336,-310.66799157333605
matr_to_sandia,matr,sandia,catboost,789,sandia_SNL_18650_NMC_25C_0_100_0_5_3C_d,304.0,608.3489383860168,-304.3489383860168
matr_to_sandia,matr,sandia,catboost,789,sandia_SNL_18650_NMC_35C_0_100_0_5_1C_a,280.0,613.3404995794272,-333.34049957942716
matr_to_sandia,matr,sandia,catboost,789,sandia_SNL_18650_NMC_35C_0_100_0_5_1C_b,90.0,669.9671607981761,-579.9671607981761
matr_to_sandia,matr,sandia,catboost,789,sandia_SNL_18650_NMC_35C_0_100_0_5_1C_c,256.0,613.3404995794272,-357.34049957942716
matr_to_sandia,matr,sandia,catboost,789,sandia_SNL_18650_NMC_35C_0_100_0_5_1C_d,390.0,611.1366285303139,-221.13662853031394
matr_to_sandia,matr,sandia,catboost,789,sandia_SNL_18650_NMC_35C_0_100_0_5_2C_a,170.0,601.9202668209006,-431.92026682090057
matr_to_sandia,matr,sandia,catboost,789,sandia_SNL_18650_NMC_35C_0_100_0_5_2C_b,400.0,609.2422826746763,-209.2422826746763
matr_to_sandia,matr,sandia,catboost,1011,sandia_SNL_18650_LFP_25C_0_100_0_5_3C_a,3183.0,746.615061687063,2436.3849383129373
matr_to_sandia,matr,sandia,catboost,1011,sandia_SNL_18650_LFP_25C_0_100_0_5_3C_b,1610.0,815.2496465888663,794.7503534111337
matr_to_sandia,matr,sandia,catboost,1011,sandia_SNL_18650_LFP_25C_0_100_0_5_3C_c,2305.0,775.5736011200485,1529.4263988799516
matr_to_sandia,matr,sandia,catboost,1011,sandia_SNL_18650_LFP_25C_0_100_0_5_3C_d,2788.0,830.7923164198719,1957.207683580128
matr_to_sandia,matr,sandia,catboost,1011,sandia_SNL_18650_LFP_35C_0_100_0_5_1C_a,3089.0,879.8249934731863,2209.175006526814
matr_to_sandia,matr,sandia,catboost,1011,sandia_SNL_18650_LFP_35C_0_100_0_5_1C_b,3126.0,778.2598142190233,2347.740185780977
matr_to_sandia,matr,sandia,catboost,1011,sandia_SNL_18650_LFP_35C_0_100_0_5_1C_c,3246.0,757.8317489752677,2488.1682510247324
matr_to_sandia,matr,sandia,catboost,1011,sandia_SNL_18650_LFP_35C_0_100_0_5_1C_d,3374.0,771.7964539607609,2602.203546039239
matr_to_sandia,matr,sandia,catboost,1011,sandia_SNL_18650_LFP_35C_0_100_0_5_2C_a,3442.0,772.9122304413983,2669.087769558602
matr_to_sandia,matr,sandia,catboost,1011,sandia_SNL_18650_LFP_35C_0_100_0_5_2C_b,2465.0,765.5935557754807,1699.4064442245194
matr_to_sandia,matr,sandia,catboost,1011,sandia_SNL_18650_NCA_15C_0_100_0_5_1C_a,176.0,598.9594090377688,-422.95940903776875
matr_to_sandia,matr,sandia,catboost,1011,sandia_SNL_18650_NCA_15C_0_100_0_5_1C_b,325.0,764.5405204182143,-439.5405204182143
matr_to_sandia,matr,sandia,catboost,1011,sandia_SNL_18650_NCA_15C_0_100_0_5_2C_a,158.0,606.1341085166192,-448.1341085166192
matr_to_sandia,matr,sandia,catboost,1011,sandia_SNL_18650_NCA_15C_0_100_0_5_2C_b,157.0,615.4805493175825,-458.4805493175825
matr_to_sandia,matr,sandia,catboost,1011,sandia_SNL_18650_NCA_25C_0_100_0_5_0_5C_a,249.0,792.1653143898601,-543.1653143898601
matr_to_sandia,matr,sandia,catboost,1011,sandia_SNL_18650_NCA_25C_0_100_0_5_0_5C_b,135.0,570.2958001477264,-435.29580014772637
matr_to_sandia,matr,sandia,catboost,1011,sandia_SNL_18650_NCA_25C_0_100_0_5_1C_a,337.0,753.44177934728,-416.44177934728
matr_to_sandia,matr,sandia,catboost,1011,sandia_SNL_18650_NCA_25C_0_100_0_5_1C_b,228.0,795.66750206911,-567.66750206911
matr_to_sandia,matr,sandia,catboost,1011,sandia_SNL_18650_NCA_25C_0_100_0_5_1C_c,228.0,752.2519796716606,-524.2519796716606
matr_to_sandia,matr,sandia,catboost,1011,sandia_SNL_18650_NCA_25C_0_100_0_5_1C_d,251.0,793.0761982571125,-542.0761982571125
matr_to_sandia,matr,sandia,catboost,1011,sandia_SNL_18650_NCA_25C_0_100_0_5_2C_a,225.0,624.155841710484,-399.15584171048397
matr_to_sandia,matr,sandia,catboost,1011,sandia_SNL_18650_NCA_25C_0_100_0_5_2C_b,304.0,834.1787570036572,-530.1787570036572
matr_to_sandia,matr,sandia,catboost,1011,sandia_SNL_18650_NCA_35C_0_100_0_5_1C_a,171.0,771.8534575642484,-600.8534575642484
matr_to_sandia,matr,sandia,catboost,1011,sandia_SNL_18650_NCA_35C_0_100_0_5_1C_b,320.0,721.3473916253407,-401.3473916253407
matr_to_sandia,matr,sandia,catboost,1011,sandia_SNL_18650_NCA_35C_0_100_0_5_1C_c,346.0,768.0069020885431,-422.00690208854314
matr_to_sandia,matr,sandia,catboost,1011,sandia_SNL_18650_NCA_35C_0_100_0_5_1C_d,320.0,864.8775557085758,-544.8775557085758
matr_to_sandia,matr,sandia,catboost,1011,sandia_SNL_18650_NCA_35C_0_100_0_5_2C_a,210.0,797.6223469183784,-587.6223469183784
matr_to_sandia,matr,sandia,catboost,1011,sandia_SNL_18650_NCA_35C_0_100_0_5_2C_b,216.0,639.5269954382887,-423.52699543828874
matr_to_sandia,matr,sandia,catboost,1011,sandia_SNL_18650_NMC_15C_0_100_0_5_1C_a,105.0,751.7141860213989,-646.7141860213989
matr_to_sandia,matr,sandia,catboost,1011,sandia_SNL_18650_NMC_15C_0_100_0_5_1C_b,142.0,601.8528546472307,-459.85285464723074
matr_to_sandia,matr,sandia,catboost,1011,sandia_SNL_18650_NMC_15C_0_100_0_5_2C_a,102.0,749.0826975650048,-647.0826975650048
matr_to_sandia,matr,sandia,catboost,1011,sandia_SNL_18650_NMC_15C_0_100_0_5_2C_b,103.0,675.2635771402634,-572.2635771402634
matr_to_sandia,matr,sandia,catboost,1011,sandia_SNL_18650_NMC_25C_0_100_0_5_0_5C_a,49.0,901.903321570358,-852.903321570358
matr_to_sandia,matr,sandia,catboost,1011,sandia_SNL_18650_NMC_25C_0_100_0_5_0_5C_b,327.0,742.915259210638,-415.91525921063806
matr_to_sandia,matr,sandia,catboost,1011,sandia_SNL_18650_NMC_25C_0_100_0_5_1C_a,271.0,741.8931964678148,-470.89319646781485
matr_to_sandia,matr,sandia,catboost,1011,sandia_SNL_18650_NMC_25C_0_100_0_5_1C_b,340.0,739.6919293282415,-399.6919293282415
matr_to_sandia,matr,sandia,catboost,1011,sandia_SNL_18650_NMC_25C_0_100_0_5_1C_c,282.0,743.2422063576925,-461.24220635769245
matr_to_sandia,matr,sandia,catboost,1011,sandia_SNL_18650_NMC_25C_0_100_0_5_1C_d,285.0,741.8931964678148,-456.89319646781485
matr_to_sandia,matr,sandia,catboost,1011,sandia_SNL_18650_NMC_25C_0_100_0_5_2C_a,233.0,743.6882309766427,-510.68823097664267
matr_to_sandia,matr,sandia,catboost,1011,sandia_SNL_18650_NMC_25C_0_100_0_5_2C_b,135.0,768.2692653611257,-633.2692653611257
matr_to_sandia,matr,sandia,catboost,1011,sandia_SNL_18650_NMC_25C_0_100_0_5_3C_a,261.0,795.3572298817826,-534.3572298817826
matr_to_sandia,matr,sandia,catboost,1011,sandia_SNL_18650_NMC_25C_0_100_0_5_3C_b,287.0,738.4014532462962,-451.4014532462962
matr_to_sandia,matr,sandia,catboost,1011,sandia_SNL_18650_NMC_25C_0_100_0_5_3C_c,305.0,744.3588757310581,-439.3588757310581
matr_to_sandia,matr,sandia,catboost,1011,sandia_SNL_18650_NMC_25C_0_100_0_5_3C_d,304.0,738.4014532462962,-434.4014532462962
matr_to_sandia,matr,sandia,catboost,1011,sandia_SNL_18650_NMC_35C_0_100_0_5_1C_a,280.0,743.6882309766427,-463.68823097664267
matr_to_sandia,matr,sandia,catboost,1011,sandia_SNL_18650_NMC_35C_0_100_0_5_1C_b,90.0,844.3171002955743,-754.3171002955743
matr_to_sandia,matr,sandia,catboost,1011,sandia_SNL_18650_NMC_35C_0_100_0_5_1C_c,256.0,742.9057822706844,-486.9057822706844
matr_to_sandia,matr,sandia,catboost,1011,sandia_SNL_18650_NMC_35C_0_100_0_5_1C_d,390.0,780.4212871462818,-390.42128714628177
matr_to_sandia,matr,sandia,catboost,1011,sandia_SNL_18650_NMC_35C_0_100_0_5_2C_a,170.0,758.0669168343259,-588.0669168343259
matr_to_sandia,matr,sandia,catboost,1011,sandia_SNL_18650_NMC_35C_0_100_0_5_2C_b,400.0,784.4149709717265,-384.41497097172646
matr_to_luh,matr,luh,stacking,42,luh_P017_1_S01_C08,139.0,501.72997796471344,-362.72997796471344
matr_to_luh,matr,luh,stacking,42,luh_P017_2_S04_C07,127.0,502.4207838985567,-375.4207838985567
matr_to_luh,matr,luh,stacking,42,luh_P017_3_S05_C05,126.0,529.2084959732102,-403.20849597321023
matr_to_luh,matr,luh,stacking,42,luh_P018_1_S01_C06,109.0,506.66351910337323,-397.66351910337323
matr_to_luh,matr,luh,stacking,42,luh_P018_2_S02_C06,107.0,497.70692008932303,-390.70692008932303
matr_to_luh,matr,luh,stacking,42,luh_P018_3_S04_C05,107.0,504.4693616218236,-397.4693616218236
matr_to_luh,matr,luh,stacking,42,luh_P019_1_S01_C04,63.0,478.6514149096373,-415.6514149096373
matr_to_luh,matr,luh,stacking,42,luh_P019_2_S02_C04,62.0,461.05215194901433,-399.05215194901433
matr_to_luh,matr,luh,stacking,42,luh_P019_3_S05_C02,60.0,456.0418092952074,-396.0418092952074
matr_to_luh,matr,luh,stacking,42,luh_P021_1_S02_C08,451.0,513.24297915726,-62.24297915726004
matr_to_luh,matr,luh,stacking,42,luh_P021_2_S03_C08,428.0,490.8102787151529,-62.81027871515289
matr_to_luh,matr,luh,stacking,42,luh_P021_3_S04_C08,430.0,511.7574854041165,-81.7574854041165
matr_to_luh,matr,luh,stacking,42,luh_P022_1_S03_C06,341.0,547.3849469462449,-206.3849469462449
matr_to_luh,matr,luh,stacking,42,luh_P022_2_S04_C06,344.0,468.4882561002966,-124.48825610029661
matr_to_luh,matr,luh,stacking,42,luh_P022_3_S05_C04,314.0,471.5473239839333,-157.54732398393332
matr_to_luh,matr,luh,stacking,42,luh_P023_1_S03_C04,82.0,418.0828826806559,-336.0828826806559
matr_to_luh,matr,luh,stacking,42,luh_P023_2_S04_C04,72.0,377.86442057252054,-305.86442057252054
matr_to_luh,matr,luh,stacking,42,luh_P023_3_S05_C03,79.0,403.0488327873793,-324.0488327873793
matr_to_luh,matr,luh,stacking,42,luh_P025_1_S01_C09,718.0,515.9085462062405,202.09145379375946
matr_to_luh,matr,luh,stacking,42,luh_P025_2_S02_C09,690.0,513.5107301165667,176.48926988343328
matr_to_luh,matr,luh,stacking,42,luh_P025_3_S03_C09,702.0,515.880756373066,186.119243626934
matr_to_luh,matr,luh,stacking,42,luh_P026_1_S01_C07,581.0,513.5195647408253,67.48043525917467
matr_to_luh,matr,luh,stacking,42,luh_P026_2_S02_C07,613.0,513.1747411063023,99.82525889369765
matr_to_luh,matr,luh,stacking,42,luh_P026_3_S03_C07,563.0,511.68966521516353,51.31033478483647
matr_to_luh,matr,luh,stacking,42,luh_P027_1_S01_C05,269.0,535.3057639326438,-266.3057639326438
matr_to_luh,matr,luh,stacking,42,luh_P027_2_S02_C05,285.0,536.931886711568,-251.93188671156804
matr_to_luh,matr,luh,stacking,42,luh_P027_3_S03_C05,298.0,537.2149111474581,-239.2149111474581
matr_to_luh,matr,luh,stacking,42,luh_P029_1_S06_C08,132.0,510.55788912011326,-378.55788912011326
matr_to_luh,matr,luh,stacking,42,luh_P029_2_S08_C07,135.0,501.68453183804445,-366.68453183804445
matr_to_luh,matr,luh,stacking,42,luh_P029_3_S09_C07,135.0,531.6574969598096,-396.6574969598096
matr_to_luh,matr,luh,stacking,42,luh_P030_1_S06_C06,118.0,490.60709295670466,-372.60709295670466
matr_to_luh,matr,luh,stacking,42,luh_P030_2_S08_C05,123.0,500.16887749952764,-377.16887749952764
matr_to_luh,matr,luh,stacking,42,luh_P030_3_S09_C05,123.0,490.6932736855705,-367.6932736855705
matr_to_luh,matr,luh,stacking,42,luh_P031_1_S06_C04,97.0,491.77305245814085,-394.77305245814085
matr_to_luh,matr,luh,stacking,42,luh_P031_2_S07_C04,94.0,484.31484667069185,-390.31484667069185
matr_to_luh,matr,luh,stacking,42,luh_P031_3_S09_C03,90.0,491.1274839949938,-401.1274839949938
matr_to_luh,matr,luh,stacking,42,luh_P033_1_S07_C08,524.0,491.088330818554,32.91166918144597
matr_to_luh,matr,luh,stacking,42,luh_P033_2_S08_C08,508.0,531.1005562728815,-23.100556272881477
matr_to_luh,matr,luh,stacking,42,luh_P033_3_S09_C08,523.0,529.4626854016778,-6.462685401677845
matr_to_luh,matr,luh,stacking,42,luh_P034_1_S07_C06,446.0,535.3203435229967,-89.32034352299672
matr_to_luh,matr,luh,stacking,42,luh_P034_2_S08_C06,448.0,533.1481673584894,-85.14816735848945
matr_to_luh,matr,luh,stacking,42,luh_P034_3_S09_C06,440.0,532.6980413778255,-92.69804137782546
matr_to_luh,matr,luh,stacking,42,luh_P035_1_S08_C04,279.0,525.7268422459024,-246.7268422459024
matr_to_luh,matr,luh,stacking,42,luh_P035_2_S09_C04,360.0,536.6450044943317,-176.64500449433172
matr_to_luh,matr,luh,stacking,42,luh_P035_3_S10_C02,342.0,523.9548880622893,-181.95488806228934
matr_to_luh,matr,luh,stacking,42,luh_P037_1_S05_C11,741.0,520.464131612556,220.535868387444
matr_to_luh,matr,luh,stacking,42,luh_P037_3_S10_C04,783.0,521.4659546142949,261.5340453857051
matr_to_luh,matr,luh,stacking,42,luh_P038_1_S06_C07,734.0,523.0212196092338,210.97878039076625
matr_to_luh,matr,luh,stacking,42,luh_P038_2_S07_C07,816.0,522.3204930104158,293.6795069895842
matr_to_luh,matr,luh,stacking,42,luh_P038_3_S10_C03,697.0,513.1747411063023,183.82525889369765
matr_to_luh,matr,luh,stacking,42,luh_P039_1_S05_C10,552.0,552.0646208078231,-0.06462080782307567
matr_to_luh,matr,luh,stacking,42,luh_P039_2_S06_C05,588.0,536.5152489442398,51.48475105576017
matr_to_luh,matr,luh,stacking,42,luh_P039_3_S07_C05,547.0,537.7941693908876,9.205830609112354
matr_to_luh,matr,luh,stacking,42,luh_P041_1_S11_C08,236.0,466.27072354070197,-230.27072354070197
matr_to_luh,matr,luh,stacking,42,luh_P041_2_S13_C07,220.0,463.1057945323056,-243.1057945323056
matr_to_luh,matr,luh,stacking,42,luh_P041_3_S14_C07,237.0,465.555215611717,-228.55521561171702
matr_to_luh,matr,luh,stacking,42,luh_P042_1_S11_C06,180.0,470.8120109364186,-290.8120109364186
matr_to_luh,matr,luh,stacking,42,luh_P042_2_S13_C05,204.0,440.251204202006,-236.25120420200602
matr_to_luh,matr,luh,stacking,42,luh_P042_3_S14_C05,197.0,469.9071620868768,-272.9071620868768
matr_to_luh,matr,luh,stacking,42,luh_P043_1_S11_C04,160.0,480.79472684576893,-320.79472684576893
matr_to_luh,matr,luh,stacking,42,luh_P043_2_S12_C04,156.0,483.13504479752515,-327.13504479752515
matr_to_luh,matr,luh,stacking,42,luh_P043_3_S14_C03,153.0,490.0000315061291,-337.0000315061291
matr_to_luh,matr,luh,stacking,42,luh_P045_1_S12_C08,975.0,491.8614477886167,483.1385522113833
matr_to_luh,matr,luh,stacking,42,luh_P045_2_S13_C08,980.0,499.87983123813933,480.12016876186067
matr_to_luh,matr,luh,stacking,42,luh_P045_3_S14_C08,845.0,490.3213003275358,354.6786996724642
matr_to_luh,matr,luh,stacking,42,luh_P046_1_S12_C06,1095.0,492.12177342364777,602.8782265763523
matr_to_luh,matr,luh,stacking,42,luh_P046_2_S13_C06,937.0,522.5628484395781,414.43715156042185
matr_to_luh,matr,luh,stacking,42,luh_P046_3_S14_C06,1044.0,502.66810836695,541.33189163305
matr_to_luh,matr,luh,stacking,42,luh_P047_1_S13_C04,1015.0,532.7568537940634,482.24314620593657
matr_to_luh,matr,luh,stacking,42,luh_P047_2_S14_C04,923.0,534.4540890682277,388.54591093177226
matr_to_luh,matr,luh,stacking,42,luh_P047_3_S15_C01,866.0,533.0423525473559,332.9576474526441
matr_to_luh,matr,luh,stacking,42,luh_P049_1_S10_C10,1466.0,521.0924229972338,944.9075770027662
matr_to_luh,matr,luh,stacking,42,luh_P049_3_S15_C02,1380.0,514.0208098272789,865.9791901727211
matr_to_luh,matr,luh,stacking,42,luh_P050_1_S10_C09,1615.0,526.7221934022305,1088.2778065977695
matr_to_luh,matr,luh,stacking,42,luh_P050_2_S11_C07,1575.0,515.3000392945263,1059.6999607054736
matr_to_luh,matr,luh,stacking,42,luh_P050_3_S12_C07,1555.0,526.7221934022305,1028.2778065977695
matr_to_luh,matr,luh,stacking,42,luh_P051_1_S10_C08,1234.0,534.1301987979733,699.8698012020267
matr_to_luh,matr,luh,stacking,42,luh_P051_2_S11_C05,1318.0,550.9816052675988,767.0183947324012
matr_to_luh,matr,luh,stacking,42,luh_P051_3_S12_C05,1238.0,549.88377978761,688.11622021239
matr_to_luh,matr,luh,stacking,42,luh_P053_1_S15_C08,323.0,465.5532301207368,-142.55323012073683
matr_to_luh,matr,luh,stacking,42,luh_P053_2_S16_C08,332.0,467.84714237309646,-135.84714237309646
matr_to_luh,matr,luh,stacking,42,luh_P053_3_S19_C07,377.0,480.97573196153036,-103.97573196153036
matr_to_luh,matr,luh,stacking,42,luh_P054_1_S16_C06,359.0,470.6721946468783,-111.67219464687832
matr_to_luh,matr,luh,stacking,42,luh_P054_2_S17_C06,376.0,500.05254223847174,-124.05254223847174
matr_to_luh,matr,luh,stacking,42,luh_P054_3_S19_C05,384.0,469.9986799483045,-85.99867994830453
matr_to_luh,matr,luh,stacking,42,luh_P055_1_S15_C05,354.0,488.2854478696067,-134.28544786960668
matr_to_luh,matr,luh,stacking,42,luh_P055_2_S16_C04,350.0,488.49518150094485,-138.49518150094485
matr_to_luh,matr,luh,stacking,42,luh_P055_3_S17_C04,351.0,489.28455290921795,-138.28455290921795
matr_to_luh,matr,luh,stacking,42,luh_P057_1_S17_C08,555.0,511.9736410537512,43.02635894624882
matr_to_luh,matr,luh,stacking,42,luh_P057_2_S18_C08,556.0,494.895109349581,61.10489065041901
matr_to_luh,matr,luh,stacking,42,luh_P057_3_S19_C08,539.0,495.059878372299,43.94012162770099
matr_to_luh,matr,luh,stacking,42,luh_P058_1_S15_C07,707.0,537.6795577041175,169.32044229588246
matr_to_luh,matr,luh,stacking,42,luh_P058_2_S18_C06,672.0,533.230737633234,138.76926236676604
matr_to_luh,matr,luh,stacking,42,luh_P058_3_S19_C06,712.0,487.34534950703124,224.65465049296876
matr_to_luh,matr,luh,stacking,42,luh_P059_1_S15_C06,605.0,533.0423525473559,71.9576474526441
matr_to_luh,matr,luh,stacking,42,luh_P059_2_S18_C04,660.0,533.0423525473559,126.9576474526441
matr_to_luh,matr,luh,stacking,42,luh_P059_3_S19_C04,664.0,533.0218051774357,130.97819482256432
matr_to_luh,matr,luh,stacking,42,luh_P061_1_S16_C09,947.0,513.7741862025483,433.2258137974517
matr_to_luh,matr,luh,stacking,42,luh_P061_2_S17_C09,942.0,498.27911951859056,443.72088048140944
matr_to_luh,matr,luh,stacking,42,luh_P061_3_S18_C09,1033.0,499.5242044561628,533.4757955438372
matr_to_luh,matr,luh,stacking,42,luh_P062_1_S16_C07,1120.0,524.9465539366943,595.0534460633057
matr_to_luh,matr,luh,stacking,42,luh_P062_2_S17_C07,1148.0,526.7067829964042,621.2932170035958
matr_to_luh,matr,luh,stacking,42,luh_P062_3_S18_C07,1128.0,529.1622344989694,598.8377655010306
matr_to_luh,matr,luh,stacking,42,luh_P063_1_S16_C05,1149.0,539.6162420658964,609.3837579341036
matr_to_luh,matr,luh,stacking,42,luh_P063_2_S17_C05,1236.0,534.6775208211961,701.3224791788039
matr_to_luh,matr,luh,stacking,42,luh_P063_3_S18_C05,1335.0,534.1301987979733,800.8698012020267
matr_to_luh,matr,luh,stacking,123,luh_P017_1_S01_C08,139.0,420.84896403537437,-281.84896403537437
matr_to_luh,matr,luh,stacking,123,luh_P017_2_S04_C07,127.0,422.53518175617273,-295.53518175617273
matr_to_luh,matr,luh,stacking,123,luh_P017_3_S05_C05,126.0,421.1560654283617,-295.1560654283617
matr_to_luh,matr,luh,stacking,123,luh_P018_1_S01_C06,109.0,403.2402385008373,-294.2402385008373
matr_to_luh,matr,luh,stacking,123,luh_P018_2_S02_C06,107.0,393.67654613895047,-286.67654613895047
matr_to_luh,matr,luh,stacking,123,luh_P018_3_S04_C05,107.0,405.2442817724406,-298.2442817724406
matr_to_luh,matr,luh,stacking,123,luh_P019_1_S01_C04,63.0,281.9023942618027,-218.90239426180273
matr_to_luh,matr,luh,stacking,123,luh_P019_2_S02_C04,62.0,277.95663526897306,-215.95663526897306
matr_to_luh,matr,luh,stacking,123,luh_P019_3_S05_C02,60.0,271.03704294594155,-211.03704294594155
matr_to_luh,matr,luh,stacking,123,luh_P021_1_S02_C08,451.0,445.17139133934853,5.828608660651469
matr_to_luh,matr,luh,stacking,123,luh_P021_2_S03_C08,428.0,446.30106970685324,-18.30106970685324
matr_to_luh,matr,luh,stacking,123,luh_P021_3_S04_C08,430.0,450.9226472068634,-20.922647206863417
matr_to_luh,matr,luh,stacking,123,luh_P022_1_S03_C06,341.0,420.4075844502935,-79.40758445029348
matr_to_luh,matr,luh,stacking,123,luh_P022_2_S04_C06,344.0,426.73026403396966,-82.73026403396966
matr_to_luh,matr,luh,stacking,123,luh_P022_3_S05_C04,314.0,418.90703338771687,-104.90703338771687
matr_to_luh,matr,luh,stacking,123,luh_P023_1_S03_C04,82.0,232.24219673250954,-150.24219673250954
matr_to_luh,matr,luh,stacking,123,luh_P023_2_S04_C04,72.0,207.09714016709643,-135.09714016709643
matr_to_luh,matr,luh,stacking,123,luh_P023_3_S05_C03,79.0,215.7170535573712,-136.7170535573712
matr_to_luh,matr,luh,stacking,123,luh_P025_1_S01_C09,718.0,485.31786120740014,232.68213879259986
matr_to_luh,matr,luh,stacking,123,luh_P025_2_S02_C09,690.0,481.64933152700377,208.35066847299623
matr_to_luh,matr,luh,stacking,123,luh_P025_3_S03_C09,702.0,487.8387785991513,214.16122140084872
matr_to_luh,matr,luh,stacking,123,luh_P026_1_S01_C07,581.0,477.4842344257039,103.5157655742961
matr_to_luh,matr,luh,stacking,123,luh_P026_2_S02_C07,613.0,478.44331404940914,134.55668595059086
matr_to_luh,matr,luh,stacking,123,luh_P026_3_S03_C07,563.0,469.5505776150715,93.44942238492848
matr_to_luh,matr,luh,stacking,123,luh_P027_1_S01_C05,269.0,429.9569844407987,-160.9569844407987
matr_to_luh,matr,luh,stacking,123,luh_P027_2_S02_C05,285.0,429.91784522842363,-144.91784522842363
matr_to_luh,matr,luh,stacking,123,luh_P027_3_S03_C05,298.0,429.45707940978315,-131.45707940978315
matr_to_luh,matr,luh,stacking,123,luh_P029_1_S06_C08,132.0,422.5598644255619,-290.5598644255619
matr_to_luh,matr,luh,stacking,123,luh_P029_2_S08_C07,135.0,418.4152844848792,-283.4152844848792
matr_to_luh,matr,luh,stacking,123,luh_P029_3_S09_C07,135.0,426.45427739818365,-291.45427739818365
matr_to_luh,matr,luh,stacking,123,luh_P030_1_S06_C06,118.0,394.03934827091337,-276.03934827091337
matr_to_luh,matr,luh,stacking,123,luh_P030_2_S08_C05,123.0,405.53904634525753,-282.53904634525753
matr_to_luh,matr,luh,stacking,123,luh_P030_3_S09_C05,123.0,396.7781995883806,-273.7781995883806
matr_to_luh,matr,luh,stacking,123,luh_P031_1_S06_C04,97.0,381.02683615029207,-284.02683615029207
matr_to_luh,matr,luh,stacking,123,luh_P031_2_S07_C04,94.0,380.13503811185063,-286.13503811185063
matr_to_luh,matr,luh,stacking,123,luh_P031_3_S09_C03,90.0,379.185185573752,-289.185185573752
matr_to_luh,matr,luh,stacking,123,luh_P033_1_S07_C08,524.0,452.27714648933693,71.72285351066307
matr_to_luh,matr,luh,stacking,123,luh_P033_2_S08_C08,508.0,440.78338024077783,67.21661975922217
matr_to_luh,matr,luh,stacking,123,luh_P033_3_S09_C08,523.0,443.42936211106576,79.57063788893424
matr_to_luh,matr,luh,stacking,123,luh_P034_1_S07_C06,446.0,418.08542983254785,27.914570167452155
matr_to_luh,matr,luh,stacking,123,luh_P034_2_S08_C06,448.0,419.72426471109696,28.275735288903036
matr_to_luh,matr,luh,stacking,123,luh_P034_3_S09_C06,440.0,415.7211958375828,24.278804162417202
matr_to_luh,matr,luh,stacking,123,luh_P035_1_S08_C04,279.0,402.34843449555143,-123.34843449555143
matr_to_luh,matr,luh,stacking,123,luh_P035_2_S09_C04,360.0,407.00429006435826,-47.00429006435826
matr_to_luh,matr,luh,stacking,123,luh_P035_3_S10_C02,342.0,399.5127839969485,-57.512783996948485
matr_to_luh,matr,luh,stacking,123,luh_P037_1_S05_C11,741.0,478.03025773071244,262.96974226928756
matr_to_luh,matr,luh,stacking,123,luh_P037_3_S10_C04,783.0,475.77745745209955,307.22254254790045
matr_to_luh,matr,luh,stacking,123,luh_P038_1_S06_C07,734.0,479.3852364865008,254.6147635134992
matr_to_luh,matr,luh,stacking,123,luh_P038_2_S07_C07,816.0,481.7404186708408,334.2595813291592
matr_to_luh,matr,luh,stacking,123,luh_P038_3_S10_C03,697.0,478.92646789425606,218.07353210574394
matr_to_luh,matr,luh,stacking,123,luh_P039_1_S05_C10,552.0,446.57260361183324,105.42739638816676
matr_to_luh,matr,luh,stacking,123,luh_P039_2_S06_C05,588.0,438.64531122252475,149.35468877747525
matr_to_luh,matr,luh,stacking,123,luh_P039_3_S07_C05,547.0,436.78880284650864,110.21119715349136
matr_to_luh,matr,luh,stacking,123,luh_P041_1_S11_C08,236.0,440.18246852233557,-204.18246852233557
matr_to_luh,matr,luh,stacking,123,luh_P041_2_S13_C07,220.0,432.86367070218233,-212.86367070218233
matr_to_luh,matr,luh,stacking,123,luh_P041_3_S14_C07,237.0,422.1348803544339,-185.1348803544339
matr_to_luh,matr,luh,stacking,123,luh_P042_1_S11_C06,180.0,425.2673246006753,-245.2673246006753
matr_to_luh,matr,luh,stacking,123,luh_P042_2_S13_C05,204.0,408.66021534049435,-204.66021534049435
matr_to_luh,matr,luh,stacking,123,luh_P042_3_S14_C05,197.0,416.0966063257496,-219.09660632574958
matr_to_luh,matr,luh,stacking,123,luh_P043_1_S11_C04,160.0,386.0674749103793,-226.0674749103793
matr_to_luh,matr,luh,stacking,123,luh_P043_2_S12_C04,156.0,386.3774281410863,-230.37742814108628
matr_to_luh,matr,luh,stacking,123,luh_P043_3_S14_C03,153.0,387.36285987316603,-234.36285987316603
matr_to_luh,matr,luh,stacking,123,luh_P045_1_S12_C08,975.0,465.36512146553054,509.63487853446946
matr_to_luh,matr,luh,stacking,123,luh_P045_2_S13_C08,980.0,469.9023368471843,510.0976631528157
matr_to_luh,matr,luh,stacking,123,luh_P045_3_S14_C08,845.0,455.21295198942215,389.78704801057785
matr_to_luh,matr,luh,stacking,123,luh_P046_1_S12_C06,1095.0,453.48368280899206,641.5163171910079
matr_to_luh,matr,luh,stacking,123,luh_P046_2_S13_C06,937.0,466.56641361473817,470.43358638526183
matr_to_luh,matr,luh,stacking,123,luh_P046_3_S14_C06,1044.0,452.9801013051615,591.0198986948385
matr_to_luh,matr,luh,stacking,123,luh_P047_1_S13_C04,1015.0,431.0486363491974,583.9513636508026
matr_to_luh,matr,luh,stacking,123,luh_P047_2_S14_C04,923.0,431.2639205511589,491.7360794488411
matr_to_luh,matr,luh,stacking,123,luh_P047_3_S15_C01,866.0,431.05642625066304,434.94357374933696
matr_to_luh,matr,luh,stacking,123,luh_P049_1_S10_C10,1466.0,477.5031661924867,988.4968338075133
matr_to_luh,matr,luh,stacking,123,luh_P049_3_S15_C02,1380.0,473.217368023292,906.782631976708
matr_to_luh,matr,luh,stacking,123,luh_P050_1_S10_C09,1615.0,475.27044108172163,1139.7295589182784
matr_to_luh,matr,luh,stacking,123,luh_P050_2_S11_C07,1575.0,476.59097066959737,1098.4090293304025
matr_to_luh,matr,luh,stacking,123,luh_P050_3_S12_C07,1555.0,475.2485839205658,1079.7514160794342
matr_to_luh,matr,luh,stacking,123,luh_P051_1_S10_C08,1234.0,438.7503839811653,795.2496160188347
matr_to_luh,matr,luh,stacking,123,luh_P051_2_S11_C05,1318.0,494.6857853653035,823.3142146346966
matr_to_luh,matr,luh,stacking,123,luh_P051_3_S12_C05,1238.0,444.488010265474,793.511989734526
matr_to_luh,matr,luh,stacking,123,luh_P053_1_S15_C08,323.0,415.91134981848,-92.91134981848
matr_to_luh,matr,luh,stacking,123,luh_P053_2_S16_C08,332.0,429.335771062182,-97.335771062182
matr_to_luh,matr,luh,stacking,123,luh_P053_3_S19_C07,377.0,430.85099248804954,-53.85099248804954
matr_to_luh,matr,luh,stacking,123,luh_P054_1_S16_C06,359.0,417.8506946725746,-58.850694672574605
matr_to_luh,matr,luh,stacking,123,luh_P054_2_S17_C06,376.0,406.7813503949331,-30.7813503949331
matr_to_luh,matr,luh,stacking,123,luh_P054_3_S19_C05,384.0,419.3162795576425,-35.316279557642474
matr_to_luh,matr,luh,stacking,123,luh_P055_1_S15_C05,354.0,389.854017211965,-35.854017211965015
matr_to_luh,matr,luh,stacking,123,luh_P055_2_S16_C04,350.0,390.06794886516695,-40.067948865166954
matr_to_luh,matr,luh,stacking,123,luh_P055_3_S17_C04,351.0,390.06103253075025,-39.06103253075025
matr_to_luh,matr,luh,stacking,123,luh_P057_1_S17_C08,555.0,450.32070102785684,104.67929897214316
matr_to_luh,matr,luh,stacking,123,luh_P057_2_S18_C08,556.0,453.80353369079626,102.19646630920374
matr_to_luh,matr,luh,stacking,123,luh_P057_3_S19_C08,539.0,465.69695586061425,73.30304413938575
matr_to_luh,matr,luh,stacking,123,luh_P058_1_S15_C07,707.0,448.31919859457486,258.68080140542514
matr_to_luh,matr,luh,stacking,123,luh_P058_2_S18_C06,672.0,442.74550472852576,229.25449527147424
matr_to_luh,matr,luh,stacking,123,luh_P058_3_S19_C06,712.0,464.36957984212677,247.63042015787323
matr_to_luh,matr,luh,stacking,123,luh_P059_1_S15_C06,605.0,432.7438988822319,172.25610111776808
matr_to_luh,matr,luh,stacking,123,luh_P059_2_S18_C04,660.0,432.0680102961604,227.93198970383958
matr_to_luh,matr,luh,stacking,123,luh_P059_3_S19_C04,664.0,434.59445679548986,229.40554320451014
matr_to_luh,matr,luh,stacking,123,luh_P061_1_S16_C09,947.0,469.498224037082,477.501775962918
matr_to_luh,matr,luh,stacking,123,luh_P061_2_S17_C09,942.0,474.8450956925909,467.1549043074091
matr_to_luh,matr,luh,stacking,123,luh_P061_3_S18_C09,1033.0,478.1954196278476,554.8045803721524
matr_to_luh,matr,luh,stacking,123,luh_P062_1_S16_C07,1120.0,471.3623401254848,648.6376598745152
matr_to_luh,matr,luh,stacking,123,luh_P062_2_S17_C07,1148.0,472.4546766568003,675.5453233431997
matr_to_luh,matr,luh,stacking,123,luh_P062_3_S18_C07,1128.0,474.90158859480795,653.0984114051921
matr_to_luh,matr,luh,stacking,123,luh_P063_1_S16_C05,1149.0,448.8668214046669,700.1331785953331
matr_to_luh,matr,luh,stacking,123,luh_P063_2_S17_C05,1236.0,438.0495324122936,797.9504675877064
matr_to_luh,matr,luh,stacking,123,luh_P063_3_S18_C05,1335.0,437.8926710409496,897.1073289590504
matr_to_luh,matr,luh,stacking,456,luh_P017_1_S01_C08,139.0,606.8462077024277,-467.8462077024277
matr_to_luh,matr,luh,stacking,456,luh_P017_2_S04_C07,127.0,609.0395079456559,-482.03950794565594
matr_to_luh,matr,luh,stacking,456,luh_P017_3_S05_C05,126.0,624.0077840589927,-498.0077840589927
matr_to_luh,matr,luh,stacking,456,luh_P018_1_S01_C06,109.0,611.7328262672386,-502.7328262672386
matr_to_luh,matr,luh,stacking,456,luh_P018_2_S02_C06,107.0,612.6071175145736,-505.6071175145736
matr_to_luh,matr,luh,stacking,456,luh_P018_3_S04_C05,107.0,621.6755946338756,-514.6755946338756
matr_to_luh,matr,luh,stacking,456,luh_P019_1_S01_C04,63.0,512.4346251338728,-449.4346251338728
matr_to_luh,matr,luh,stacking,456,luh_P019_2_S02_C04,62.0,508.4972622491118,-446.4972622491118
matr_to_luh,matr,luh,stacking,456,luh_P019_3_S05_C02,60.0,494.47979985863685,-434.47979985863685
matr_to_luh,matr,luh,stacking,456,luh_P021_1_S02_C08,451.0,612.7309342469172,-161.73093424691717
matr_to_luh,matr,luh,stacking,456,luh_P021_2_S03_C08,428.0,618.4129813241007,-190.41298132410066
matr_to_luh,matr,luh,stacking,456,luh_P021_3_S04_C08,430.0,612.9931957093845,-182.9931957093845
matr_to_luh,matr,luh,stacking,456,luh_P022_1_S03_C06,341.0,618.0910259241307,-277.0910259241307
matr_to_luh,matr,luh,stacking,456,luh_P022_2_S04_C06,344.0,619.4679690739385,-275.46796907393855
matr_to_luh,matr,luh,stacking,456,luh_P022_3_S05_C04,314.0,609.1120641206828,-295.1120641206828
matr_to_luh,matr,luh,stacking,456,luh_P023_1_S03_C04,82.0,452.3515259928687,-370.3515259928687
matr_to_luh,matr,luh,stacking,456,luh_P023_2_S04_C04,72.0,382.36552291928916,-310.36552291928916
matr_to_luh,matr,luh,stacking,456,luh_P023_3_S05_C03,79.0,410.18862850273524,-331.18862850273524
matr_to_luh,matr,luh,stacking,456,luh_P025_1_S01_C09,718.0,623.6009223151834,94.39907768481658
matr_to_luh,matr,luh,stacking,456,luh_P025_2_S02_C09,690.0,617.3750454861184,72.62495451388156
matr_to_luh,matr,luh,stacking,456,luh_P025_3_S03_C09,702.0,619.612181301497,82.387818698503
matr_to_luh,matr,luh,stacking,456,luh_P026_1_S01_C07,581.0,619.1434139997873,-38.1434139997873
matr_to_luh,matr,luh,stacking,456,luh_P026_2_S02_C07,613.0,619.04113723623,-6.041137236230043
matr_to_luh,matr,luh,stacking,456,luh_P026_3_S03_C07,563.0,612.9836331766056,-49.98363317660562
matr_to_luh,matr,luh,stacking,456,luh_P027_1_S01_C05,269.0,614.0997617601032,-345.0997617601032
matr_to_luh,matr,luh,stacking,456,luh_P027_2_S02_C05,285.0,613.0751223739142,-328.07512237391416
matr_to_luh,matr,luh,stacking,456,luh_P027_3_S03_C05,298.0,615.7309068414429,-317.7309068414429
matr_to_luh,matr,luh,stacking,456,luh_P029_1_S06_C08,132.0,621.4987994423045,-489.4987994423045
matr_to_luh,matr,luh,stacking,456,luh_P029_2_S08_C07,135.0,606.089391825177,-471.089391825177
matr_to_luh,matr,luh,stacking,456,luh_P029_3_S09_C07,135.0,621.8340108527962,-486.83401085279615
matr_to_luh,matr,luh,stacking,456,luh_P030_1_S06_C06,118.0,613.9496807985721,-495.9496807985721
matr_to_luh,matr,luh,stacking,456,luh_P030_2_S08_C05,123.0,610.1612827911748,-487.1612827911748
matr_to_luh,matr,luh,stacking,456,luh_P030_3_S09_C05,123.0,608.3344531329808,-485.3344531329808
matr_to_luh,matr,luh,stacking,456,luh_P031_1_S06_C04,97.0,605.0032844271802,-508.00328442718023
matr_to_luh,matr,luh,stacking,456,luh_P031_2_S07_C04,94.0,597.4439257390901,-503.4439257390901
matr_to_luh,matr,luh,stacking,456,luh_P031_3_S09_C03,90.0,596.9613919123916,-506.9613919123916
matr_to_luh,matr,luh,stacking,456,luh_P033_1_S07_C08,524.0,611.27965945554,-87.27965945554001
matr_to_luh,matr,luh,stacking,456,luh_P033_2_S08_C08,508.0,619.882666984392,-111.88266698439202
matr_to_luh,matr,luh,stacking,456,luh_P033_3_S09_C08,523.0,617.3899862558214,-94.38998625582144
matr_to_luh,matr,luh,stacking,456,luh_P034_1_S07_C06,446.0,623.566161737574,-177.56616173757402
matr_to_luh,matr,luh,stacking,456,luh_P034_2_S08_C06,448.0,624.0611140753826,-176.06111407538265
matr_to_luh,matr,luh,stacking,456,luh_P034_3_S09_C06,440.0,629.1720053657053,-189.17200536570533
matr_to_luh,matr,luh,stacking,456,luh_P035_1_S08_C04,279.0,612.711254793278,-333.71125479327804
matr_to_luh,matr,luh,stacking,456,luh_P035_2_S09_C04,360.0,612.4524459556771,-252.45244595567715
matr_to_luh,matr,luh,stacking,456,luh_P035_3_S10_C02,342.0,611.8902890360235,-269.89028903602355
matr_to_luh,matr,luh,stacking,456,luh_P037_1_S05_C11,741.0,625.0504225294264,115.94957747057356
matr_to_luh,matr,luh,stacking,456,luh_P037_3_S10_C04,783.0,622.6759784468904,160.32402155310956
matr_to_luh,matr,luh,stacking,456,luh_P038_1_S06_C07,734.0,614.291560227703,119.70843977229697
matr_to_luh,matr,luh,stacking,456,luh_P038_2_S07_C07,816.0,615.4519144681353,200.54808553186467
matr_to_luh,matr,luh,stacking,456,luh_P038_3_S10_C03,697.0,617.4174899479112,79.58251005208876
matr_to_luh,matr,luh,stacking,456,luh_P039_1_S05_C10,552.0,612.9632245631224,-60.96322456312237
matr_to_luh,matr,luh,stacking,456,luh_P039_2_S06_C05,588.0,613.1797544378301,-25.17975443783007
matr_to_luh,matr,luh,stacking,456,luh_P039_3_S07_C05,547.0,613.7561479929544,-66.75614799295442
matr_to_luh,matr,luh,stacking,456,luh_P041_1_S11_C08,236.0,633.2781353126906,-397.27813531269055
matr_to_luh,matr,luh,stacking,456,luh_P041_2_S13_C07,220.0,634.6461992585544,-414.64619925855436
matr_to_luh,matr,luh,stacking,456,luh_P041_3_S14_C07,237.0,630.810241465284,-393.810241465284
matr_to_luh,matr,luh,stacking,456,luh_P042_1_S11_C06,180.0,628.2388558773433,-448.2388558773433
matr_to_luh,matr,luh,stacking,456,luh_P042_2_S13_C05,204.0,619.1073316481059,-415.10733164810586
matr_to_luh,matr,luh,stacking,456,luh_P042_3_S14_C05,197.0,627.9074852220333,-430.9074852220333
matr_to_luh,matr,luh,stacking,456,luh_P043_1_S11_C04,160.0,594.3654749706227,-434.3654749706227
matr_to_luh,matr,luh,stacking,456,luh_P043_2_S12_C04,156.0,595.8782231980073,-439.8782231980073
matr_to_luh,matr,luh,stacking,456,luh_P043_3_S14_C03,153.0,604.889785149905,-451.88978514990504
matr_to_luh,matr,luh,stacking,456,luh_P045_1_S12_C08,975.0,617.4782258051799,357.52177419482007
matr_to_luh,matr,luh,stacking,456,luh_P045_2_S13_C08,980.0,621.0950477389339,358.9049522610661
matr_to_luh,matr,luh,stacking,456,luh_P045_3_S14_C08,845.0,614.9219188587733,230.07808114122668
matr_to_luh,matr,luh,stacking,456,luh_P046_1_S12_C06,1095.0,611.1875935564804,483.81240644351965
matr_to_luh,matr,luh,stacking,456,luh_P046_2_S13_C06,937.0,609.6872430411707,327.31275695882925
matr_to_luh,matr,luh,stacking,456,luh_P046_3_S14_C06,1044.0,616.798627037587,427.20137296241296
matr_to_luh,matr,luh,stacking,456,luh_P047_1_S13_C04,1015.0,610.5223651602059,404.47763483979406
matr_to_luh,matr,luh,stacking,456,luh_P047_2_S14_C04,923.0,606.7227185334759,316.2772814665241
matr_to_luh,matr,luh,stacking,456,luh_P047_3_S15_C01,866.0,611.8356487156799,254.1643512843201
matr_to_luh,matr,luh,stacking,456,luh_P049_1_S10_C10,1466.0,618.8475735500084,847.1524264499916
matr_to_luh,matr,luh,stacking,456,luh_P049_3_S15_C02,1380.0,615.2903298969197,764.7096701030803
matr_to_luh,matr,luh,stacking,456,luh_P050_1_S10_C09,1615.0,619.1380945111745,995.8619054888255
matr_to_luh,matr,luh,stacking,456,luh_P050_2_S11_C07,1575.0,621.2539320742671,953.7460679257329
matr_to_luh,matr,luh,stacking,456,luh_P050_3_S12_C07,1555.0,619.1380945111745,935.8619054888255
matr_to_luh,matr,luh,stacking,456,luh_P051_1_S10_C08,1234.0,612.535940937063,621.464059062937
matr_to_luh,matr,luh,stacking,456,luh_P051_2_S11_C05,1318.0,603.7038648022019,714.2961351977981
matr_to_luh,matr,luh,stacking,456,luh_P051_3_S12_C05,1238.0,607.4127056380953,630.5872943619047
matr_to_luh,matr,luh,stacking,456,luh_P053_1_S15_C08,323.0,635.3410261456323,-312.3410261456323
matr_to_luh,matr,luh,stacking,456,luh_P053_2_S16_C08,332.0,632.465942852192,-300.46594285219203
matr_to_luh,matr,luh,stacking,456,luh_P053_3_S19_C07,377.0,632.4723032717303,-255.4723032717303
matr_to_luh,matr,luh,stacking,456,luh_P054_1_S16_C06,359.0,631.4992360143788,-272.49923601437877
matr_to_luh,matr,luh,stacking,456,luh_P054_2_S17_C06,376.0,605.0826750736726,-229.0826750736726
matr_to_luh,matr,luh,stacking,456,luh_P054_3_S19_C05,384.0,615.9073698665911,-231.90736986659113
matr_to_luh,matr,luh,stacking,456,luh_P055_1_S15_C05,354.0,589.5478178614408,-235.54781786144076
matr_to_luh,matr,luh,stacking,456,luh_P055_2_S16_C04,350.0,588.1604510206648,-238.16045102066482
matr_to_luh,matr,luh,stacking,456,luh_P055_3_S17_C04,351.0,594.9439221801101,-243.94392218011012
matr_to_luh,matr,luh,stacking,456,luh_P057_1_S17_C08,555.0,611.2717341485006,-56.27173414850063
matr_to_luh,matr,luh,stacking,456,luh_P057_2_S18_C08,556.0,610.034394357881,-54.034394357880956
matr_to_luh,matr,luh,stacking,456,luh_P057_3_S19_C08,539.0,614.5485133690677,-75.54851336906768
matr_to_luh,matr,luh,stacking,456,luh_P058_1_S15_C07,707.0,609.10431545123,97.89568454876996
matr_to_luh,matr,luh,stacking,456,luh_P058_2_S18_C06,672.0,625.3292735486035,46.67072645139649
matr_to_luh,matr,luh,stacking,456,luh_P058_3_S19_C06,712.0,609.781491514085,102.21850848591498
matr_to_luh,matr,luh,stacking,456,luh_P059_1_S15_C06,605.0,612.7316789991121,-7.731678999112091
matr_to_luh,matr,luh,stacking,456,luh_P059_2_S18_C04,660.0,611.7483832933516,48.251616706648406
matr_to_luh,matr,luh,stacking,456,luh_P059_3_S19_C04,664.0,609.6853918546194,54.31460814538059
matr_to_luh,matr,luh,stacking,456,luh_P061_1_S16_C09,947.0,615.065159713117,331.93484028688295
matr_to_luh,matr,luh,stacking,456,luh_P061_2_S17_C09,942.0,617.5827425794643,324.41725742053575
matr_to_luh,matr,luh,stacking,456,luh_P061_3_S18_C09,1033.0,617.423801356692,415.576198643308
matr_to_luh,matr,luh,stacking,456,luh_P062_1_S16_C07,1120.0,614.0920770432662,505.90792295673384
matr_to_luh,matr,luh,stacking,456,luh_P062_2_S17_C07,1148.0,621.7301932501364,526.2698067498636
matr_to_luh,matr,luh,stacking,456,luh_P062_3_S18_C07,1128.0,621.569938512027,506.43006148797303
matr_to_luh,matr,luh,stacking,456,luh_P063_1_S16_C05,1149.0,607.5119026248406,541.4880973751594
matr_to_luh,matr,luh,stacking,456,luh_P063_2_S17_C05,1236.0,613.1474598037288,622.8525401962712
matr_to_luh,matr,luh,stacking,456,luh_P063_3_S18_C05,1335.0,612.535921525073,722.464078474927
matr_to_luh,matr,luh,stacking,789,luh_P017_1_S01_C08,139.0,624.4273639332499,-485.4273639332499
matr_to_luh,matr,luh,stacking,789,luh_P017_2_S04_C07,127.0,612.0000036077068,-485.00000360770684
matr_to_luh,matr,luh,stacking,789,luh_P017_3_S05_C05,126.0,623.1173132833886,-497.1173132833886
matr_to_luh,matr,luh,stacking,789,luh_P018_1_S01_C06,109.0,600.3446398438863,-491.3446398438863
matr_to_luh,matr,luh,stacking,789,luh_P018_2_S02_C06,107.0,603.1344316712732,-496.1344316712732
matr_to_luh,matr,luh,stacking,789,luh_P018_3_S04_C05,107.0,599.8770160675651,-492.87701606756514
matr_to_luh,matr,luh,stacking,789,luh_P019_1_S01_C04,63.0,523.2111326017936,-460.21113260179357
matr_to_luh,matr,luh,stacking,789,luh_P019_2_S02_C04,62.0,523.0759544586708,-461.0759544586708
matr_to_luh,matr,luh,stacking,789,luh_P019_3_S05_C02,60.0,529.2953614314031,-469.2953614314031
matr_to_luh,matr,luh,stacking,789,luh_P021_1_S02_C08,451.0,594.6486743695767,-143.64867436957672
matr_to_luh,matr,luh,stacking,789,luh_P021_2_S03_C08,428.0,619.5890759420378,-191.58907594203777
matr_to_luh,matr,luh,stacking,789,luh_P021_3_S04_C08,430.0,614.6384781889977,-184.63847818899774
matr_to_luh,matr,luh,stacking,789,luh_P022_1_S03_C06,341.0,592.4418903051295,-251.4418903051295
matr_to_luh,matr,luh,stacking,789,luh_P022_2_S04_C06,344.0,618.9077053064834,-274.9077053064834
matr_to_luh,matr,luh,stacking,789,luh_P022_3_S05_C04,314.0,601.5478063245046,-287.54780632450456
matr_to_luh,matr,luh,stacking,789,luh_P023_1_S03_C04,82.0,508.6415317258656,-426.6415317258656
matr_to_luh,matr,luh,stacking,789,luh_P023_2_S04_C04,72.0,404.4472236103567,-332.4472236103567
matr_to_luh,matr,luh,stacking,789,luh_P023_3_S05_C03,79.0,420.7399894098828,-341.7399894098828
matr_to_luh,matr,luh,stacking,789,luh_P025_1_S01_C09,718.0,637.3739600717875,80.62603992821255
matr_to_luh,matr,luh,stacking,789,luh_P025_2_S02_C09,690.0,636.8700981857983,53.12990181420173
matr_to_luh,matr,luh,stacking,789,luh_P025_3_S03_C09,702.0,631.2548412257361,70.74515877426393
matr_to_luh,matr,luh,stacking,789,luh_P026_1_S01_C07,581.0,630.1444305262997,-49.14443052629974
matr_to_luh,matr,luh,stacking,789,luh_P026_2_S02_C07,613.0,635.9846359079089,-22.98463590790891
matr_to_luh,matr,luh,stacking,789,luh_P026_3_S03_C07,563.0,608.3286856233717,-45.32868562337171
matr_to_luh,matr,luh,stacking,789,luh_P027_1_S01_C05,269.0,624.1220872631626,-355.1220872631626
matr_to_luh,matr,luh,stacking,789,luh_P027_2_S02_C05,285.0,623.1956374810064,-338.19563748100643
matr_to_luh,matr,luh,stacking,789,luh_P027_3_S03_C05,298.0,623.2671113575873,-325.2671113575873
matr_to_luh,matr,luh,stacking,789,luh_P029_1_S06_C08,132.0,572.6220325699511,-440.6220325699511
matr_to_luh,matr,luh,stacking,789,luh_P029_2_S08_C07,135.0,604.0628017937464,-469.0628017937464
matr_to_luh,matr,luh,stacking,789,luh_P029_3_S09_C07,135.0,621.1835193365072,-486.1835193365072
matr_to_luh,matr,luh,stacking,789,luh_P030_1_S06_C06,118.0,593.3526584248891,-475.3526584248891
matr_to_luh,matr,luh,stacking,789,luh_P030_2_S08_C05,123.0,612.2982752565483,-489.2982752565483
matr_to_luh,matr,luh,stacking,789,luh_P030_3_S09_C05,123.0,617.7276024869794,-494.72760248697944
matr_to_luh,matr,luh,stacking,789,luh_P031_1_S06_C04,97.0,604.4624580281943,-507.4624580281943
matr_to_luh,matr,luh,stacking,789,luh_P031_2_S07_C04,94.0,603.7467182986775,-509.7467182986775
matr_to_luh,matr,luh,stacking,789,luh_P031_3_S09_C03,90.0,610.7954372508366,-520.7954372508366
matr_to_luh,matr,luh,stacking,789,luh_P033_1_S07_C08,524.0,632.7614297977693,-108.76142979776932
matr_to_luh,matr,luh,stacking,789,luh_P033_2_S08_C08,508.0,598.1900950687706,-90.19009506877057
matr_to_luh,matr,luh,stacking,789,luh_P033_3_S09_C08,523.0,598.2296721902583,-75.22967219025827
matr_to_luh,matr,luh,stacking,789,luh_P034_1_S07_C06,446.0,599.6764186281416,-153.67641862814162
matr_to_luh,matr,luh,stacking,789,luh_P034_2_S08_C06,448.0,601.5441032549262,-153.5441032549262
matr_to_luh,matr,luh,stacking,789,luh_P034_3_S09_C06,440.0,596.4745243165827,-156.4745243165827
matr_to_luh,matr,luh,stacking,789,luh_P035_1_S08_C04,279.0,613.7502616102963,-334.7502616102963
matr_to_luh,matr,luh,stacking,789,luh_P035_2_S09_C04,360.0,616.4611340109931,-256.4611340109931
matr_to_luh,matr,luh,stacking,789,luh_P035_3_S10_C02,342.0,624.3372424079317,-282.33724240793174
matr_to_luh,matr,luh,stacking,789,luh_P037_1_S05_C11,741.0,642.0937858954027,98.90621410459732
matr_to_luh,matr,luh,stacking,789,luh_P037_3_S10_C04,783.0,659.980073276615,123.01992672338497
matr_to_luh,matr,luh,stacking,789,luh_P038_1_S06_C07,734.0,629.9099861759892,104.09001382401084
matr_to_luh,matr,luh,stacking,789,luh_P038_2_S07_C07,816.0,638.1158638336854,177.88413616631465
matr_to_luh,matr,luh,stacking,789,luh_P038_3_S10_C03,697.0,636.3075580158294,60.692441984170614
matr_to_luh,matr,luh,stacking,789,luh_P039_1_S05_C10,552.0,621.0895276101016,-69.08952761010164
matr_to_luh,matr,luh,stacking,789,luh_P039_2_S06_C05,588.0,622.7326934673985,-34.73269346739846
matr_to_luh,matr,luh,stacking,789,luh_P039_3_S07_C05,547.0,622.8982454925075,-75.8982454925075
matr_to_luh,matr,luh,stacking,789,luh_P041_1_S11_C08,236.0,619.3712397183584,-383.3712397183584
matr_to_luh,matr,luh,stacking,789,luh_P041_2_S13_C07,220.0,601.1156971535137,-381.1156971535137
matr_to_luh,matr,luh,stacking,789,luh_P041_3_S14_C07,237.0,613.7708076257975,-376.7708076257975
matr_to_luh,matr,luh,stacking,789,luh_P042_1_S11_C06,180.0,608.8388161319128,-428.83881613191284
matr_to_luh,matr,luh,stacking,789,luh_P042_2_S13_C05,204.0,589.8302486984945,-385.83024869849453
matr_to_luh,matr,luh,stacking,789,luh_P042_3_S14_C05,197.0,615.5094610675884,-418.5094610675884
matr_to_luh,matr,luh,stacking,789,luh_P043_1_S11_C04,160.0,604.4467522087743,-444.44675220877434
matr_to_luh,matr,luh,stacking,789,luh_P043_2_S12_C04,156.0,604.0253466515145,-448.0253466515145
matr_to_luh,matr,luh,stacking,789,luh_P043_3_S14_C03,153.0,611.682381067778,-458.682381067778
matr_to_luh,matr,luh,stacking,789,luh_P045_1_S12_C08,975.0,614.8098191222182,360.1901808777818
matr_to_luh,matr,luh,stacking,789,luh_P045_2_S13_C08,980.0,635.5675670866088,344.43243291339115
matr_to_luh,matr,luh,stacking,789,luh_P045_3_S14_C08,845.0,622.6928892190839,222.3071107809161
matr_to_luh,matr,luh,stacking,789,luh_P046_1_S12_C06,1095.0,616.1264132334509,478.8735867665491
matr_to_luh,matr,luh,stacking,789,luh_P046_2_S13_C06,937.0,644.6330858102177,292.3669141897823
matr_to_luh,matr,luh,stacking,789,luh_P046_3_S14_C06,1044.0,612.2578845428345,431.7421154571655
matr_to_luh,matr,luh,stacking,789,luh_P047_1_S13_C04,1015.0,624.3433815865696,390.65661841343035
matr_to_luh,matr,luh,stacking,789,luh_P047_2_S14_C04,923.0,616.9799027773076,306.02009722269236
matr_to_luh,matr,luh,stacking,789,luh_P047_3_S15_C01,866.0,627.299614208587,238.70038579141305
matr_to_luh,matr,luh,stacking,789,luh_P049_1_S10_C10,1466.0,651.2655281465765,814.7344718534235
matr_to_luh,matr,luh,stacking,789,luh_P049_3_S15_C02,1380.0,644.33203504906,735.66796495094
matr_to_luh,matr,luh,stacking,789,luh_P050_1_S10_C09,1615.0,645.2208851708718,969.7791148291282
matr_to_luh,matr,luh,stacking,789,luh_P050_2_S11_C07,1575.0,646.3808264718011,928.6191735281989
matr_to_luh,matr,luh,stacking,789,luh_P050_3_S12_C07,1555.0,644.8509862939433,910.1490137060567
matr_to_luh,matr,luh,stacking,789,luh_P051_1_S10_C08,1234.0,629.2500126567817,604.7499873432183
matr_to_luh,matr,luh,stacking,789,luh_P051_2_S11_C05,1318.0,617.4447000626317,700.5552999373683
matr_to_luh,matr,luh,stacking,789,luh_P051_3_S12_C05,1238.0,623.3801844525525,614.6198155474475
matr_to_luh,matr,luh,stacking,789,luh_P053_1_S15_C08,323.0,611.0464454595736,-288.04644545957365
matr_to_luh,matr,luh,stacking,789,luh_P053_2_S16_C08,332.0,614.9435841880535,-282.9435841880535
matr_to_luh,matr,luh,stacking,789,luh_P053_3_S19_C07,377.0,619.4329001223072,-242.43290012230716
matr_to_luh,matr,luh,stacking,789,luh_P054_1_S16_C06,359.0,614.5930598562937,-255.59305985629373
matr_to_luh,matr,luh,stacking,789,luh_P054_2_S17_C06,376.0,585.4832750763194,-209.4832750763194
matr_to_luh,matr,luh,stacking,789,luh_P054_3_S19_C05,384.0,618.1576847259229,-234.15768472592288
matr_to_luh,matr,luh,stacking,789,luh_P055_1_S15_C05,354.0,617.2608014969395,-263.2608014969395
matr_to_luh,matr,luh,stacking,789,luh_P055_2_S16_C04,350.0,619.4780867943397,-269.4780867943397
matr_to_luh,matr,luh,stacking,789,luh_P055_3_S17_C04,351.0,619.5263502590552,-268.5263502590552
matr_to_luh,matr,luh,stacking,789,luh_P057_1_S17_C08,555.0,627.5006512405619,-72.50065124056187
matr_to_luh,matr,luh,stacking,789,luh_P057_2_S18_C08,556.0,639.5398764777552,-83.53987647775523
matr_to_luh,matr,luh,stacking,789,luh_P057_3_S19_C08,539.0,649.2410131164497,-110.24101311644972
matr_to_luh,matr,luh,stacking,789,luh_P058_1_S15_C07,707.0,605.8233583469104,101.17664165308963
matr_to_luh,matr,luh,stacking,789,luh_P058_2_S18_C06,672.0,601.5356131113327,70.46438688866726
matr_to_luh,matr,luh,stacking,789,luh_P058_3_S19_C06,712.0,639.2779607299585,72.72203927004148
matr_to_luh,matr,luh,stacking,789,luh_P059_1_S15_C06,605.0,627.9342088089417,-22.934208808941662
matr_to_luh,matr,luh,stacking,789,luh_P059_2_S18_C04,660.0,627.8825939409827,32.1174060590173
matr_to_luh,matr,luh,stacking,789,luh_P059_3_S19_C04,664.0,625.67986854551,38.320131454490024
matr_to_luh,matr,luh,stacking,789,luh_P061_1_S16_C09,947.0,644.8721714072443,302.1278285927557
matr_to_luh,matr,luh,stacking,789,luh_P061_2_S17_C09,942.0,629.1305008302803,312.8694991697197
matr_to_luh,matr,luh,stacking,789,luh_P061_3_S18_C09,1033.0,635.7174184625833,397.2825815374167
matr_to_luh,matr,luh,stacking,789,luh_P062_1_S16_C07,1120.0,645.7389793750343,474.2610206249657
matr_to_luh,matr,luh,stacking,789,luh_P062_2_S17_C07,1148.0,645.6427388635897,502.35726113641033
matr_to_luh,matr,luh,stacking,789,luh_P062_3_S18_C07,1128.0,644.7900025847831,483.2099974152169
matr_to_luh,matr,luh,stacking,789,luh_P063_1_S16_C05,1149.0,626.8859494597478,522.1140505402522
matr_to_luh,matr,luh,stacking,789,luh_P063_2_S17_C05,1236.0,626.3002071002793,609.6997928997207
matr_to_luh,matr,luh,stacking,789,luh_P063_3_S18_C05,1335.0,626.5326767228672,708.4673232771328
matr_to_luh,matr,luh,stacking,1011,luh_P017_1_S01_C08,139.0,751.4123362774427,-612.4123362774427
matr_to_luh,matr,luh,stacking,1011,luh_P017_2_S04_C07,127.0,752.5468763882259,-625.5468763882259
matr_to_luh,matr,luh,stacking,1011,luh_P017_3_S05_C05,126.0,766.7014530686624,-640.7014530686624
matr_to_luh,matr,luh,stacking,1011,luh_P018_1_S01_C06,109.0,751.7255640513255,-642.7255640513255
matr_to_luh,matr,luh,stacking,1011,luh_P018_2_S02_C06,107.0,748.6669456979047,-641.6669456979047
matr_to_luh,matr,luh,stacking,1011,luh_P018_3_S04_C05,107.0,753.7237957880542,-646.7237957880542
matr_to_luh,matr,luh,stacking,1011,luh_P019_1_S01_C04,63.0,601.137993111336,-538.137993111336
matr_to_luh,matr,luh,stacking,1011,luh_P019_2_S02_C04,62.0,587.00963655705,-525.00963655705
matr_to_luh,matr,luh,stacking,1011,luh_P019_3_S05_C02,60.0,580.4615583072458,-520.4615583072458
matr_to_luh,matr,luh,stacking,1011,luh_P021_1_S02_C08,451.0,751.1308187602797,-300.1308187602797
matr_to_luh,matr,luh,stacking,1011,luh_P021_2_S03_C08,428.0,752.6078791657924,-324.6078791657924
matr_to_luh,matr,luh,stacking,1011,luh_P021_3_S04_C08,430.0,748.9027178982207,-318.90271789822066
matr_to_luh,matr,luh,stacking,1011,luh_P022_1_S03_C06,341.0,740.30236675969,-399.30236675969
matr_to_luh,matr,luh,stacking,1011,luh_P022_2_S04_C06,344.0,722.6223651324253,-378.62236513242533
matr_to_luh,matr,luh,stacking,1011,luh_P022_3_S05_C04,314.0,727.5786309325318,-413.57863093253184
matr_to_luh,matr,luh,stacking,1011,luh_P023_1_S03_C04,82.0,508.3179012728858,-426.3179012728858
matr_to_luh,matr,luh,stacking,1011,luh_P023_2_S04_C04,72.0,453.35824841812195,-381.35824841812195
matr_to_luh,matr,luh,stacking,1011,luh_P023_3_S05_C03,79.0,477.5445754003588,-398.5445754003588
matr_to_luh,matr,luh,stacking,1011,luh_P025_1_S01_C09,718.0,775.6520497562526,-57.65204975625261
matr_to_luh,matr,luh,stacking,1011,luh_P025_2_S02_C09,690.0,765.1902301679629,-75.19023016796291
matr_to_luh,matr,luh,stacking,1011,luh_P025_3_S03_C09,702.0,779.4760645283379,-77.47606452833793
matr_to_luh,matr,luh,stacking,1011,luh_P026_1_S01_C07,581.0,770.6357906772392,-189.63579067723924
matr_to_luh,matr,luh,stacking,1011,luh_P026_2_S02_C07,613.0,768.7453556301377,-155.74535563013774
matr_to_luh,matr,luh,stacking,1011,luh_P026_3_S03_C07,563.0,773.2241993146316,-210.22419931463162
matr_to_luh,matr,luh,stacking,1011,luh_P027_1_S01_C05,269.0,761.0118010300456,-492.0118010300456
matr_to_luh,matr,luh,stacking,1011,luh_P027_2_S02_C05,285.0,773.4231554394216,-488.42315543942163
matr_to_luh,matr,luh,stacking,1011,luh_P027_3_S03_C05,298.0,771.0596867292736,-473.0596867292736
matr_to_luh,matr,luh,stacking,1011,luh_P029_1_S06_C08,132.0,741.7825882835779,-609.7825882835779
matr_to_luh,matr,luh,stacking,1011,luh_P029_2_S08_C07,135.0,726.1650440131751,-591.1650440131751
matr_to_luh,matr,luh,stacking,1011,luh_P029_3_S09_C07,135.0,763.9694627969541,-628.9694627969541
matr_to_luh,matr,luh,stacking,1011,luh_P030_1_S06_C06,118.0,750.0243760990182,-632.0243760990182
matr_to_luh,matr,luh,stacking,1011,luh_P030_2_S08_C05,123.0,750.4701044003849,-627.4701044003849
matr_to_luh,matr,luh,stacking,1011,luh_P030_3_S09_C05,123.0,743.9587564538348,-620.9587564538348
matr_to_luh,matr,luh,stacking,1011,luh_P031_1_S06_C04,97.0,748.1513423221965,-651.1513423221965
matr_to_luh,matr,luh,stacking,1011,luh_P031_2_S07_C04,94.0,749.6545710481523,-655.6545710481523
matr_to_luh,matr,luh,stacking,1011,luh_P031_3_S09_C03,90.0,746.250492533224,-656.250492533224
matr_to_luh,matr,luh,stacking,1011,luh_P033_1_S07_C08,524.0,739.418213062962,-215.41821306296197
matr_to_luh,matr,luh,stacking,1011,luh_P033_2_S08_C08,508.0,743.8954384152562,-235.8954384152562
matr_to_luh,matr,luh,stacking,1011,luh_P033_3_S09_C08,523.0,742.2970546190312,-219.2970546190312
matr_to_luh,matr,luh,stacking,1011,luh_P034_1_S07_C06,446.0,743.1960534379323,-297.1960534379323
matr_to_luh,matr,luh,stacking,1011,luh_P034_2_S08_C06,448.0,739.9248264174965,-291.92482641749655
matr_to_luh,matr,luh,stacking,1011,luh_P034_3_S09_C06,440.0,743.4749007825574,-303.47490078255737
matr_to_luh,matr,luh,stacking,1011,luh_P035_1_S08_C04,279.0,760.8455989141181,-481.8455989141181
matr_to_luh,matr,luh,stacking,1011,luh_P035_2_S09_C04,360.0,758.8351100677793,-398.8351100677793
matr_to_luh,matr,luh,stacking,1011,luh_P035_3_S10_C02,342.0,763.6248469414201,-421.62484694142006
matr_to_luh,matr,luh,stacking,1011,luh_P037_1_S05_C11,741.0,752.6885235404625,-11.688523540462484
matr_to_luh,matr,luh,stacking,1011,luh_P037_3_S10_C04,783.0,744.597280354335,38.402719645665
matr_to_luh,matr,luh,stacking,1011,luh_P038_1_S06_C07,734.0,776.3429160238168,-42.34291602381677
matr_to_luh,matr,luh,stacking,1011,luh_P038_2_S07_C07,816.0,776.3332787265819,39.66672127341815
matr_to_luh,matr,luh,stacking,1011,luh_P038_3_S10_C03,697.0,768.5026421435243,-71.50264214352433
matr_to_luh,matr,luh,stacking,1011,luh_P039_1_S05_C10,552.0,772.9886193178776,-220.98861931787758
matr_to_luh,matr,luh,stacking,1011,luh_P039_2_S06_C05,588.0,758.0814394565039,-170.08143945650386
matr_to_luh,matr,luh,stacking,1011,luh_P039_3_S07_C05,547.0,767.6519603348125,-220.65196033481254
matr_to_luh,matr,luh,stacking,1011,luh_P041_1_S11_C08,236.0,762.1552610821739,-526.1552610821739
matr_to_luh,matr,luh,stacking,1011,luh_P041_2_S13_C07,220.0,793.3365175340292,-573.3365175340292
matr_to_luh,matr,luh,stacking,1011,luh_P041_3_S14_C07,237.0,737.1315198941654,-500.1315198941654
matr_to_luh,matr,luh,stacking,1011,luh_P042_1_S11_C06,180.0,732.0452172958096,-552.0452172958096
matr_to_luh,matr,luh,stacking,1011,luh_P042_2_S13_C05,204.0,722.1311370133309,-518.1311370133309
matr_to_luh,matr,luh,stacking,1011,luh_P042_3_S14_C05,197.0,731.0892750570526,-534.0892750570526
matr_to_luh,matr,luh,stacking,1011,luh_P043_1_S11_C04,160.0,743.8567378974018,-583.8567378974018
matr_to_luh,matr,luh,stacking,1011,luh_P043_2_S12_C04,156.0,744.4438201045608,-588.4438201045608
matr_to_luh,matr,luh,stacking,1011,luh_P043_3_S14_C03,153.0,747.4893189896726,-594.4893189896726
matr_to_luh,matr,luh,stacking,1011,luh_P045_1_S12_C08,975.0,745.3604173890251,229.6395826109749
matr_to_luh,matr,luh,stacking,1011,luh_P045_2_S13_C08,980.0,743.9095349257371,236.09046507426285
matr_to_luh,matr,luh,stacking,1011,luh_P045_3_S14_C08,845.0,737.0767756550214,107.92322434497862
matr_to_luh,matr,luh,stacking,1011,luh_P046_1_S12_C06,1095.0,735.1994898491612,359.8005101508388
matr_to_luh,matr,luh,stacking,1011,luh_P046_2_S13_C06,937.0,744.4607918498762,192.53920815012384
matr_to_luh,matr,luh,stacking,1011,luh_P046_3_S14_C06,1044.0,750.4055641646438,293.5944358353562
matr_to_luh,matr,luh,stacking,1011,luh_P047_1_S13_C04,1015.0,760.9656950815654,254.0343049184346
matr_to_luh,matr,luh,stacking,1011,luh_P047_2_S14_C04,923.0,751.078829318597,171.92117068140305
matr_to_luh,matr,luh,stacking,1011,luh_P047_3_S15_C01,866.0,769.1275660168376,96.87243398316241
matr_to_luh,matr,luh,stacking,1011,luh_P049_1_S10_C10,1466.0,758.9955018902295,707.0044981097705
matr_to_luh,matr,luh,stacking,1011,luh_P049_3_S15_C02,1380.0,728.2460012062212,651.7539987937788
matr_to_luh,matr,luh,stacking,1011,luh_P050_1_S10_C09,1615.0,766.2152763810486,848.7847236189514
matr_to_luh,matr,luh,stacking,1011,luh_P050_2_S11_C07,1575.0,755.2257710127047,819.7742289872953
matr_to_luh,matr,luh,stacking,1011,luh_P050_3_S12_C07,1555.0,756.9928552552161,798.0071447447839
matr_to_luh,matr,luh,stacking,1011,luh_P051_1_S10_C08,1234.0,758.2374314300397,475.7625685699603
matr_to_luh,matr,luh,stacking,1011,luh_P051_2_S11_C05,1318.0,760.0418544040625,557.9581455959375
matr_to_luh,matr,luh,stacking,1011,luh_P051_3_S12_C05,1238.0,772.9350182195243,465.0649817804757
matr_to_luh,matr,luh,stacking,1011,luh_P053_1_S15_C08,323.0,738.5364336057626,-415.53643360576257
matr_to_luh,matr,luh,stacking,1011,luh_P053_2_S16_C08,332.0,747.4896771550015,-415.48967715500146
matr_to_luh,matr,luh,stacking,1011,luh_P053_3_S19_C07,377.0,763.8948935967302,-386.8948935967302
matr_to_luh,matr,luh,stacking,1011,luh_P054_1_S16_C06,359.0,757.5851704438198,-398.58517044381983
matr_to_luh,matr,luh,stacking,1011,luh_P054_2_S17_C06,376.0,716.511135220345,-340.51113522034495
matr_to_luh,matr,luh,stacking,1011,luh_P054_3_S19_C05,384.0,726.6807936006802,-342.6807936006802
matr_to_luh,matr,luh,stacking,1011,luh_P055_1_S15_C05,354.0,746.5470055266376,-392.5470055266376
matr_to_luh,matr,luh,stacking,1011,luh_P055_2_S16_C04,350.0,746.3125864630989,-396.3125864630989
matr_to_luh,matr,luh,stacking,1011,luh_P055_3_S17_C04,351.0,746.5480431207704,-395.54804312077044
matr_to_luh,matr,luh,stacking,1011,luh_P057_1_S17_C08,555.0,738.2005314131084,-183.20053141310837
matr_to_luh,matr,luh,stacking,1011,luh_P057_2_S18_C08,556.0,737.820383393767,-181.82038339376697
matr_to_luh,matr,luh,stacking,1011,luh_P057_3_S19_C08,539.0,731.0491576123479,-192.04915761234793
matr_to_luh,matr,luh,stacking,1011,luh_P058_1_S15_C07,707.0,745.8884761513276,-38.88847615132761
matr_to_luh,matr,luh,stacking,1011,luh_P058_2_S18_C06,672.0,735.9611715807184,-63.96117158071843
matr_to_luh,matr,luh,stacking,1011,luh_P058_3_S19_C06,712.0,723.1422416519717,-11.142241651971744
matr_to_luh,matr,luh,stacking,1011,luh_P059_1_S15_C06,605.0,752.1890321583572,-147.18903215835724
matr_to_luh,matr,luh,stacking,1011,luh_P059_2_S18_C04,660.0,752.0202560575608,-92.0202560575608
matr_to_luh,matr,luh,stacking,1011,luh_P059_3_S19_C04,664.0,769.5897849955065,-105.58978499550653
matr_to_luh,matr,luh,stacking,1011,luh_P061_1_S16_C09,947.0,743.7181395170925,203.28186048290752
matr_to_luh,matr,luh,stacking,1011,luh_P061_2_S17_C09,942.0,744.343044796999,197.65695520300096
matr_to_luh,matr,luh,stacking,1011,luh_P061_3_S18_C09,1033.0,753.9268891167328,279.0731108832672
matr_to_luh,matr,luh,stacking,1011,luh_P062_1_S16_C07,1120.0,746.1938256289128,373.8061743710872
matr_to_luh,matr,luh,stacking,1011,luh_P062_2_S17_C07,1148.0,749.874240680673,398.125759319327
matr_to_luh,matr,luh,stacking,1011,luh_P062_3_S18_C07,1128.0,749.5424489369127,378.4575510630873
matr_to_luh,matr,luh,stacking,1011,luh_P063_1_S16_C05,1149.0,769.788907172991,379.211092827009
matr_to_luh,matr,luh,stacking,1011,luh_P063_2_S17_C05,1236.0,758.7541423890294,477.2458576109706
matr_to_luh,matr,luh,stacking,1011,luh_P063_3_S18_C05,1335.0,761.417285343846,573.582714656154
hust_to_matr,hust,matr,gaussian_process,42,matr_b1c0,1717.0,1480.248028840821,236.751971159179
hust_to_matr,hust,matr,gaussian_process,42,matr_b1c1,2066.0,1480.2480289118134,585.7519710881866
hust_to_matr,hust,matr,gaussian_process,42,matr_b1c11,771.0,1480.248028840821,-709.248028840821
hust_to_matr,hust,matr,gaussian_process,42,matr_b1c12,897.0,1480.2480288675558,-583.2480288675558
hust_to_matr,hust,matr,gaussian_process,42,matr_b1c14,845.0,1480.2480288408972,-635.2480288408972
hust_to_matr,hust,matr,gaussian_process,42,matr_b1c15,699.0,1480.248028840821,-781.248028840821
hust_to_matr,hust,matr,gaussian_process,42,matr_b1c16,824.0,1480.2480289078364,-656.2480289078364
hust_to_matr,hust,matr,gaussian_process,42,matr_b1c17,825.0,1480.2480369379914,-655.2480369379914
hust_to_matr,hust,matr,gaussian_process,42,matr_b1c18,665.0,1480.248028840821,-815.248028840821
hust_to_matr,hust,matr,gaussian_process,42,matr_b1c19,740.0,1480.2695681381053,-740.2695681381053
hust_to_matr,hust,matr,gaussian_process,42,matr_b1c2,1487.0,1480.2480288881627,6.7519711118372925
hust_to_matr,hust,matr,gaussian_process,42,matr_b1c20,504.0,1480.248028840821,-976.248028840821
hust_to_matr,hust,matr,gaussian_process,42,matr_b1c21,535.0,1480.248028840821,-945.248028840821
hust_to_matr,hust,matr,gaussian_process,42,matr_b1c23,974.0,1480.2489977946232,-506.24899779462316
hust_to_matr,hust,matr,gaussian_process,42,matr_b1c24,979.0,1480.2484782357308,-501.2484782357308
hust_to_matr,hust,matr,gaussian_process,42,matr_b1c25,817.0,1480.248859484827,-663.2488594848271
hust_to_matr,hust,matr,gaussian_process,42,matr_b1c26,826.0,1480.252612179508,-654.2526121795081
hust_to_matr,hust,matr,gaussian_process,42,matr_b1c27,809.0,1480.279833233076,-671.279833233076
hust_to_matr,hust,matr,gaussian_process,42,matr_b1c28,815.0,1480.2480227878905,-665.2480227878905
hust_to_matr,hust,matr,gaussian_process,42,matr_b1c29,872.0,1480.2480244359328,-608.2480244359328
hust_to_matr,hust,matr,gaussian_process,42,matr_b1c3,1344.0,1480.2480288924608,-136.24802889246075
hust_to_matr,hust,matr,gaussian_process,42,matr_b1c30,679.0,1480.244547226628,-801.2445472266279
hust_to_matr,hust,matr,gaussian_process,42,matr_b1c31,827.0,1480.248028840821,-653.248028840821
hust_to_matr,hust,matr,gaussian_process,42,matr_b1c32,694.0,1480.248039057453,-786.2480390574531
hust_to_matr,hust,matr,gaussian_process,42,matr_b1c33,708.0,1480.2481220644595,-772.2481220644595
hust_to_matr,hust,matr,gaussian_process,42,matr_b1c34,714.0,1480.2511838434875,-766.2511838434875
hust_to_matr,hust,matr,gaussian_process,42,matr_b1c35,676.0,1480.2484207179662,-804.2484207179662
hust_to_matr,hust,matr,gaussian_process,42,matr_b1c36,670.0,1480.2547509193457,-810.2547509193457
hust_to_matr,hust,matr,gaussian_process,42,matr_b1c37,622.0,1480.2633624557095,-858.2633624557095
hust_to_matr,hust,matr,gaussian_process,42,matr_b1c38,592.0,1480.2480249723378,-888.2480249723378
hust_to_matr,hust,matr,gaussian_process,42,matr_b1c39,592.0,1480.2480295968585,-888.2480295968585
hust_to_matr,hust,matr,gaussian_process,42,matr_b1c4,1618.0,1480.24803069362,137.75196930638003
hust_to_matr,hust,matr,gaussian_process,42,matr_b1c40,919.0,1480.2480261150856,-561.2480261150856
hust_to_matr,hust,matr,gaussian_process,42,matr_b1c41,1005.0,1480.2480288469358,-475.24802884693577
hust_to_matr,hust,matr,gaussian_process,42,matr_b1c42,661.0,1480.2480288427798,-819.2480288427798
hust_to_matr,hust,matr,gaussian_process,42,matr_b1c43,626.0,1480.248028840821,-854.248028840821
hust_to_matr,hust,matr,gaussian_process,42,matr_b1c44,575.0,1480.248028840821,-905.248028840821
hust_to_matr,hust,matr,gaussian_process,42,matr_b1c45,563.0,1480.2480350887395,-917.2480350887395
hust_to_matr,hust,matr,gaussian_process,42,matr_b1c5,909.0,1480.248028840821,-571.248028840821
hust_to_matr,hust,matr,gaussian_process,42,matr_b1c6,613.0,1480.2529111794445,-867.2529111794445
hust_to_matr,hust,matr,gaussian_process,42,matr_b1c7,818.0,1480.2480318125279,-662.2480318125279
hust_to_matr,hust,matr,gaussian_process,42,matr_b1c9,1012.0,1480.2480289384498,-468.2480289384498
hust_to_matr,hust,matr,gaussian_process,42,matr_b2c0,278.0,1480.248028840821,-1202.248028840821
hust_to_matr,hust,matr,gaussian_process,42,matr_b2c1,133.0,1480.248028840821,-1347.248028840821
hust_to_matr,hust,matr,gaussian_process,42,matr_b2c10,251.0,1480.2480293104195,-1229.2480293104195
hust_to_matr,hust,matr,gaussian_process,42,matr_b2c11,250.0,1480.2562249129019,-1230.2562249129019
hust_to_matr,hust,matr,gaussian_process,42,matr_b2c12,435.0,1480.2481118052376,-1045.2481118052376
hust_to_matr,hust,matr,gaussian_process,42,matr_b2c13,454.0,1480.248023767163,-1026.248023767163
hust_to_matr,hust,matr,gaussian_process,42,matr_b2c14,466.0,1480.2502231301814,-1014.2502231301814
hust_to_matr,hust,matr,gaussian_process,42,matr_b2c17,476.0,1480.248028840821,-1004.248028840821
hust_to_matr,hust,matr,gaussian_process,42,matr_b2c18,468.0,1480.248028840821,-1012.248028840821
hust_to_matr,hust,matr,gaussian_process,42,matr_b2c19,455.0,1480.248180131824,-1025.248180131824
hust_to_matr,hust,matr,gaussian_process,42,matr_b2c2,422.0,1480.2529291807518,-1058.2529291807518
hust_to_matr,hust,matr,gaussian_process,42,matr_b2c20,475.0,1480.2647587763524,-1005.2647587763524
hust_to_matr,hust,matr,gaussian_process,42,matr_b2c21,468.0,1480.2996541817745,-1012.2996541817745
hust_to_matr,hust,matr,gaussian_process,42,matr_b2c22,490.0,1480.2489502025192,-990.2489502025192
hust_to_matr,hust,matr,gaussian_process,42,matr_b2c23,502.0,1480.246736466934,-978.246736466934
hust_to_matr,hust,matr,gaussian_process,42,matr_b2c24,478.0,1480.2488588343892,-1002.2488588343892
hust_to_matr,hust,matr,gaussian_process,42,matr_b2c25,446.0,1480.2624743246872,-1034.2624743246872
hust_to_matr,hust,matr,gaussian_process,42,matr_b2c26,450.0,1480.5884160127503,-1030.5884160127503
hust_to_matr,hust,matr,gaussian_process,42,matr_b2c27,453.0,1480.290218687446,-1027.290218687446
hust_to_matr,hust,matr,gaussian_process,42,matr_b2c28,491.0,1480.248028840821,-989.248028840821
hust_to_matr,hust,matr,gaussian_process,42,matr_b2c29,481.0,1480.2482161822772,-999.2482161822772
hust_to_matr,hust,matr,gaussian_process,42,matr_b2c3,314.0,1480.248028840821,-1166.248028840821
hust_to_matr,hust,matr,gaussian_process,42,matr_b2c30,466.0,1480.2806803398864,-1014.2806803398864
hust_to_matr,hust,matr,gaussian_process,42,matr_b2c31,474.0,1480.2483873402616,-1006.2483873402616
hust_to_matr,hust,matr,gaussian_process,42,matr_b2c32,500.0,1480.248028840821,-980.248028840821
hust_to_matr,hust,matr,gaussian_process,42,matr_b2c33,499.0,1480.2480296510278,-981.2480296510278
hust_to_matr,hust,matr,gaussian_process,42,matr_b2c34,483.0,1480.2480288543193,-997.2480288543193
hust_to_matr,hust,matr,gaussian_process,42,matr_b2c35,449.0,1480.8183796169862,-1031.8183796169862
hust_to_matr,hust,matr,gaussian_process,42,matr_b2c36,513.0,1480.248518444583,-967.2485184445829
hust_to_matr,hust,matr,gaussian_process,42,matr_b2c37,461.0,1480.248029119269,-1019.248029119269
hust_to_matr,hust,matr,gaussian_process,42,matr_b2c38,451.0,1480.24855429033,-1029.24855429033
hust_to_matr,hust,matr,gaussian_process,42,matr_b2c39,442.0,1480.2480299628435,-1038.2480299628435
hust_to_matr,hust,matr,gaussian_process,42,matr_b2c4,247.0,1480.2479921353845,-1233.2479921353845
hust_to_matr,hust,matr,gaussian_process,42,matr_b2c40,476.0,1480.248028840821,-1004.248028840821
hust_to_matr,hust,matr,gaussian_process,42,matr_b2c41,416.0,1480.2481791209166,-1064.2481791209166
hust_to_matr,hust,matr,gaussian_process,42,matr_b2c42,444.0,1480.2480322756894,-1036.2480322756894
hust_to_matr,hust,matr,gaussian_process,42,matr_b2c43,443.0,1480.2480351340448,-1037.2480351340448
hust_to_matr,hust,matr,gaussian_process,42,matr_b2c44,442.0,1480.2480330963851,-1038.2480330963851
hust_to_matr,hust,matr,gaussian_process,42,matr_b2c45,470.0,1480.2498010044371,-1010.2498010044371
hust_to_matr,hust,matr,gaussian_process,42,matr_b2c46,417.0,1480.2480289669359,-1063.2480289669359
hust_to_matr,hust,matr,gaussian_process,42,matr_b2c47,705.0,1480.249183109762,-775.249183109762
hust_to_matr,hust,matr,gaussian_process,42,matr_b2c5,464.0,1480.248338843899,-1016.2483388438991
hust_to_matr,hust,matr,gaussian_process,42,matr_b2c6,475.0,1480.248028840821,-1005.248028840821
hust_to_matr,hust,matr,gaussian_process,42,matr_b3c0,985.0,1480.2480336018848,-495.2480336018848
hust_to_matr,hust,matr,gaussian_process,42,matr_b3c1,1033.0,1480.2480169879025,-447.2480169879025
hust_to_matr,hust,matr,gaussian_process,42,matr_b3c10,1046.0,1480.251400183335,-434.2514001833349
hust_to_matr,hust,matr,gaussian_process,42,matr_b3c11,792.0,1480.2481967853341,-688.2481967853341
hust_to_matr,hust,matr,gaussian_process,42,matr_b3c12,903.0,1480.2480374687048,-577.2480374687048
hust_to_matr,hust,matr,gaussian_process,42,matr_b3c13,794.0,1480.2474828982754,-686.2474828982754
hust_to_matr,hust,matr,gaussian_process,42,matr_b3c14,834.0,1480.2486337685623,-646.2486337685623
hust_to_matr,hust,matr,gaussian_process,42,matr_b3c15,850.0,1480.2483461490692,-630.2483461490692
hust_to_matr,hust,matr,gaussian_process,42,matr_b3c16,1589.0,1480.2762795553222,108.72372044467784
hust_to_matr,hust,matr,gaussian_process,42,matr_b3c17,1269.0,1480.248028840821,-211.248028840821
hust_to_matr,hust,matr,gaussian_process,42,matr_b3c18,1100.0,1480.2480288408156,-380.24802884081555
hust_to_matr,hust,matr,gaussian_process,42,matr_b3c19,1105.0,1480.2480286651119,-375.24802866511186
hust_to_matr,hust,matr,gaussian_process,42,matr_b3c2,1224.0,1480.2480295695714,-256.2480295695714
hust_to_matr,hust,matr,gaussian_process,42,matr_b3c20,793.0,1480.248015741933,-687.2480157419329
hust_to_matr,hust,matr,gaussian_process,42,matr_b3c21,745.0,1480.2129905944962,-735.2129905944962
hust_to_matr,hust,matr,gaussian_process,42,matr_b3c22,991.0,1480.2480307472645,-489.24803074726447
hust_to_matr,hust,matr,gaussian_process,42,matr_b3c24,817.0,1480.2480294436116,-663.2480294436116
hust_to_matr,hust,matr,gaussian_process,42,matr_b3c25,970.0,1480.2480928207117,-510.2480928207117
hust_to_matr,hust,matr,gaussian_process,42,matr_b3c26,989.0,1480.2480691316694,-491.24806913166935
hust_to_matr,hust,matr,gaussian_process,42,matr_b3c27,828.0,1480.2480287093892,-652.2480287093892
hust_to_matr,hust,matr,gaussian_process,42,matr_b3c28,524.0,1480.2480288407105,-956.2480288407105
hust_to_matr,hust,matr,gaussian_process,42,matr_b3c29,833.0,1480.2480295431887,-647.2480295431887
hust_to_matr,hust,matr,gaussian_process,42,matr_b3c3,1084.0,1480.2480295255991,-396.2480295255991
hust_to_matr,hust,matr,gaussian_process,42,matr_b3c30,913.0,1480.248028901924,-567.248028901924
hust_to_matr,hust,matr,gaussian_process,42,matr_b3c31,713.0,1480.2476112151098,-767.2476112151098
hust_to_matr,hust,matr,gaussian_process,42,matr_b3c33,1257.0,1480.2480322020622,-223.24803220206218
hust_to_matr,hust,matr,gaussian_process,42,matr_b3c34,1125.0,1480.2480323786758,-355.2480323786758
hust_to_matr,hust,matr,gaussian_process,42,matr_b3c35,1056.0,1480.2480288410115,-424.24802884101155
hust_to_matr,hust,matr,gaussian_process,42,matr_b3c36,910.0,1480.2480361459975,-570.2480361459975
hust_to_matr,hust,matr,gaussian_process,42,matr_b3c37,1376.0,1480.248028840821,-104.24802884082101
hust_to_matr,hust,matr,gaussian_process,42,matr_b3c38,1873.0,1480.2480250041501,392.7519749958499
hust_to_matr,hust,matr,gaussian_process,42,matr_b3c39,1146.0,1480.248027958165,-334.24802795816504
hust_to_matr,hust,matr,gaussian_process,42,matr_b3c4,1006.0,1480.2480311872712,-474.2480311872712
hust_to_matr,hust,matr,gaussian_process,42,matr_b3c40,779.0,1480.2480198848095,-701.2480198848095
hust_to_matr,hust,matr,gaussian_process,42,matr_b3c41,773.0,1480.2480288410616,-707.2480288410616
hust_to_matr,hust,matr,gaussian_process,42,matr_b3c42,1587.0,1480.2480288708084,106.75197112919159
hust_to_matr,hust,matr,gaussian_process,42,matr_b3c43,1018.0,1480.2480288413612,-462.24802884136125
hust_to_matr,hust,matr,gaussian_process,42,matr_b3c44,921.0,1480.2480288452646,-559.2480288452646
hust_to_matr,hust,matr,gaussian_process,42,matr_b3c45,1735.0,1480.2480319963054,254.75196800369463
hust_to_matr,hust,matr,gaussian_process,42,matr_b3c5,815.0,1480.248031620005,-665.2480316200049
hust_to_matr,hust,matr,gaussian_process,42,matr_b3c6,630.0,1480.2480287679248,-850.2480287679248
hust_to_matr,hust,matr,gaussian_process,42,matr_b3c7,1774.0,1480.2480288453594,293.7519711546406
hust_to_matr,hust,matr,gaussian_process,42,matr_b3c8,810.0,1480.248023912657,-670.2480239126569
hust_to_matr,hust,matr,gaussian_process,42,matr_b3c9,1010.0,1480.2480288440684,-470.24802884406836
hust_to_matr,hust,matr,gaussian_process,123,matr_b1c0,1717.0,1452.073313872512,264.926686127488
hust_to_matr,hust,matr,gaussian_process,123,matr_b1c1,2066.0,1452.073313872512,613.926686127488
hust_to_matr,hust,matr,gaussian_process,123,matr_b1c11,771.0,1452.073313872512,-681.073313872512
hust_to_matr,hust,matr,gaussian_process,123,matr_b1c12,897.0,1452.073313872512,-555.073313872512
hust_to_matr,hust,matr,gaussian_process,123,matr_b1c14,845.0,1452.073313872512,-607.073313872512
hust_to_matr,hust,matr,gaussian_process,123,matr_b1c15,699.0,1452.073313872512,-753.073313872512
hust_to_matr,hust,matr,gaussian_process,123,matr_b1c16,824.0,1452.073313872512,-628.073313872512
hust_to_matr,hust,matr,gaussian_process,123,matr_b1c17,825.0,1452.073313872512,-627.073313872512
hust_to_matr,hust,matr,gaussian_process,123,matr_b1c18,665.0,1452.073313872512,-787.073313872512
hust_to_matr,hust,matr,gaussian_process,123,matr_b1c19,740.0,1452.073313872512,-712.073313872512
hust_to_matr,hust,matr,gaussian_process,123,matr_b1c2,1487.0,1452.073313872512,34.92668612748798
hust_to_matr,hust,matr,gaussian_process,123,matr_b1c20,504.0,1452.073313872512,-948.073313872512
hust_to_matr,hust,matr,gaussian_process,123,matr_b1c21,535.0,1452.073313872512,-917.073313872512
hust_to_matr,hust,matr,gaussian_process,123,matr_b1c23,974.0,1452.073313872512,-478.073313872512
hust_to_matr,hust,matr,gaussian_process,123,matr_b1c24,979.0,1452.073313872512,-473.073313872512
hust_to_matr,hust,matr,gaussian_process,123,matr_b1c25,817.0,1452.073313872512,-635.073313872512
hust_to_matr,hust,matr,gaussian_process,123,matr_b1c26,826.0,1452.073313872512,-626.073313872512
hust_to_matr,hust,matr,gaussian_process,123,matr_b1c27,809.0,1452.073313872512,-643.073313872512
hust_to_matr,hust,matr,gaussian_process,123,matr_b1c28,815.0,1452.073313872512,-637.073313872512
hust_to_matr,hust,matr,gaussian_process,123,matr_b1c29,872.0,1452.073313872512,-580.073313872512
hust_to_matr,hust,matr,gaussian_process,123,matr_b1c3,1344.0,1452.073313872512,-108.07331387251202
hust_to_matr,hust,matr,gaussian_process,123,matr_b1c30,679.0,1452.073313872512,-773.073313872512
hust_to_matr,hust,matr,gaussian_process,123,matr_b1c31,827.0,1452.073313872512,-625.073313872512
hust_to_matr,hust,matr,gaussian_process,123,matr_b1c32,694.0,1452.073313872512,-758.073313872512
hust_to_matr,hust,matr,gaussian_process,123,matr_b1c33,708.0,1452.073313872512,-744.073313872512
hust_to_matr,hust,matr,gaussian_process,123,matr_b1c34,714.0,1452.073313872512,-738.073313872512
hust_to_matr,hust,matr,gaussian_process,123,matr_b1c35,676.0,1452.073313872512,-776.073313872512
hust_to_matr,hust,matr,gaussian_process,123,matr_b1c36,670.0,1452.073313872512,-782.073313872512
hust_to_matr,hust,matr,gaussian_process,123,matr_b1c37,622.0,1452.073313872512,-830.073313872512
hust_to_matr,hust,matr,gaussian_process,123,matr_b1c38,592.0,1452.073313872512,-860.073313872512
hust_to_matr,hust,matr,gaussian_process,123,matr_b1c39,592.0,1452.073313872512,-860.073313872512
hust_to_matr,hust,matr,gaussian_process,123,matr_b1c4,1618.0,1452.073313872512,165.92668612748798
hust_to_matr,hust,matr,gaussian_process,123,matr_b1c40,919.0,1452.073313872512,-533.073313872512
hust_to_matr,hust,matr,gaussian_process,123,matr_b1c41,1005.0,1452.073313872512,-447.073313872512
hust_to_matr,hust,matr,gaussian_process,123,matr_b1c42,661.0,1452.073313872512,-791.073313872512
hust_to_matr,hust,matr,gaussian_process,123,matr_b1c43,626.0,1452.073313872512,-826.073313872512
hust_to_matr,hust,matr,gaussian_process,123,matr_b1c44,575.0,1452.073313872512,-877.073313872512
hust_to_matr,hust,matr,gaussian_process,123,matr_b1c45,563.0,1452.073313872512,-889.073313872512
hust_to_matr,hust,matr,gaussian_process,123,matr_b1c5,909.0,1452.073313872512,-543.073313872512
hust_to_matr,hust,matr,gaussian_process,123,matr_b1c6,613.0,1452.073313872512,-839.073313872512
hust_to_matr,hust,matr,gaussian_process,123,matr_b1c7,818.0,1452.073313872512,-634.073313872512
hust_to_matr,hust,matr,gaussian_process,123,matr_b1c9,1012.0,1452.073313872512,-440.073313872512
hust_to_matr,hust,matr,gaussian_process,123,matr_b2c0,278.0,1452.073313872512,-1174.073313872512
hust_to_matr,hust,matr,gaussian_process,123,matr_b2c1,133.0,1452.073313872512,-1319.073313872512
hust_to_matr,hust,matr,gaussian_process,123,matr_b2c10,251.0,1452.073313872512,-1201.073313872512
hust_to_matr,hust,matr,gaussian_process,123,matr_b2c11,250.0,1452.073313872512,-1202.073313872512
hust_to_matr,hust,matr,gaussian_process,123,matr_b2c12,435.0,1452.073313872512,-1017.073313872512
hust_to_matr,hust,matr,gaussian_process,123,matr_b2c13,454.0,1452.073313872512,-998.073313872512
hust_to_matr,hust,matr,gaussian_process,123,matr_b2c14,466.0,1452.073313872512,-986.073313872512
hust_to_matr,hust,matr,gaussian_process,123,matr_b2c17,476.0,1452.073313872512,-976.073313872512
hust_to_matr,hust,matr,gaussian_process,123,matr_b2c18,468.0,1452.073313872512,-984.073313872512
hust_to_matr,hust,matr,gaussian_process,123,matr_b2c19,455.0,1452.073313872512,-997.073313872512
hust_to_matr,hust,matr,gaussian_process,123,matr_b2c2,422.0,1452.073313872512,-1030.073313872512
hust_to_matr,hust,matr,gaussian_process,123,matr_b2c20,475.0,1452.073313872512,-977.073313872512
hust_to_matr,hust,matr,gaussian_process,123,matr_b2c21,468.0,1452.073313872512,-984.073313872512
hust_to_matr,hust,matr,gaussian_process,123,matr_b2c22,490.0,1452.073313872512,-962.073313872512
hust_to_matr,hust,matr,gaussian_process,123,matr_b2c23,502.0,1452.073313872512,-950.073313872512
hust_to_matr,hust,matr,gaussian_process,123,matr_b2c24,478.0,1452.073313872512,-974.073313872512
hust_to_matr,hust,matr,gaussian_process,123,matr_b2c25,446.0,1452.073313872512,-1006.073313872512
hust_to_matr,hust,matr,gaussian_process,123,matr_b2c26,450.0,1452.073313872512,-1002.073313872512
hust_to_matr,hust,matr,gaussian_process,123,matr_b2c27,453.0,1452.073313872512,-999.073313872512
hust_to_matr,hust,matr,gaussian_process,123,matr_b2c28,491.0,1452.073313872512,-961.073313872512
hust_to_matr,hust,matr,gaussian_process,123,matr_b2c29,481.0,1452.073313872512,-971.073313872512
hust_to_matr,hust,matr,gaussian_process,123,matr_b2c3,314.0,1452.073313872512,-1138.073313872512
hust_to_matr,hust,matr,gaussian_process,123,matr_b2c30,466.0,1452.073313872512,-986.073313872512
hust_to_matr,hust,matr,gaussian_process,123,matr_b2c31,474.0,1452.073313872512,-978.073313872512
hust_to_matr,hust,matr,gaussian_process,123,matr_b2c32,500.0,1452.073313872512,-952.073313872512
hust_to_matr,hust,matr,gaussian_process,123,matr_b2c33,499.0,1452.073313872512,-953.073313872512
hust_to_matr,hust,matr,gaussian_process,123,matr_b2c34,483.0,1452.073313872512,-969.073313872512
hust_to_matr,hust,matr,gaussian_process,123,matr_b2c35,449.0,1452.073313872512,-1003.073313872512
hust_to_matr,hust,matr,gaussian_process,123,matr_b2c36,513.0,1452.073313872512,-939.073313872512
hust_to_matr,hust,matr,gaussian_process,123,matr_b2c37,461.0,1452.073313872512,-991.073313872512
hust_to_matr,hust,matr,gaussian_process,123,matr_b2c38,451.0,1452.073313872512,-1001.073313872512
hust_to_matr,hust,matr,gaussian_process,123,matr_b2c39,442.0,1452.073313872512,-1010.073313872512
hust_to_matr,hust,matr,gaussian_process,123,matr_b2c4,247.0,1452.073313872512,-1205.073313872512
hust_to_matr,hust,matr,gaussian_process,123,matr_b2c40,476.0,1452.073313872512,-976.073313872512
hust_to_matr,hust,matr,gaussian_process,123,matr_b2c41,416.0,1452.073313872512,-1036.073313872512
hust_to_matr,hust,matr,gaussian_process,123,matr_b2c42,444.0,1452.073313872512,-1008.073313872512
hust_to_matr,hust,matr,gaussian_process,123,matr_b2c43,443.0,1452.073313872512,-1009.073313872512
hust_to_matr,hust,matr,gaussian_process,123,matr_b2c44,442.0,1452.073313872512,-1010.073313872512
hust_to_matr,hust,matr,gaussian_process,123,matr_b2c45,470.0,1452.073313872512,-982.073313872512
hust_to_matr,hust,matr,gaussian_process,123,matr_b2c46,417.0,1452.073313872512,-1035.073313872512
hust_to_matr,hust,matr,gaussian_process,123,matr_b2c47,705.0,1452.073313872512,-747.073313872512
hust_to_matr,hust,matr,gaussian_process,123,matr_b2c5,464.0,1452.073313872512,-988.073313872512
hust_to_matr,hust,matr,gaussian_process,123,matr_b2c6,475.0,1452.073313872512,-977.073313872512
hust_to_matr,hust,matr,gaussian_process,123,matr_b3c0,985.0,1452.073313872512,-467.073313872512
hust_to_matr,hust,matr,gaussian_process,123,matr_b3c1,1033.0,1452.073313872512,-419.073313872512
hust_to_matr,hust,matr,gaussian_process,123,matr_b3c10,1046.0,1452.073313872512,-406.073313872512
hust_to_matr,hust,matr,gaussian_process,123,matr_b3c11,792.0,1452.073313872512,-660.073313872512
hust_to_matr,hust,matr,gaussian_process,123,matr_b3c12,903.0,1452.073313872512,-549.073313872512
hust_to_matr,hust,matr,gaussian_process,123,matr_b3c13,794.0,1452.073313872512,-658.073313872512
hust_to_matr,hust,matr,gaussian_process,123,matr_b3c14,834.0,1452.073313872512,-618.073313872512
hust_to_matr,hust,matr,gaussian_process,123,matr_b3c15,850.0,1452.073313872512,-602.073313872512
hust_to_matr,hust,matr,gaussian_process,123,matr_b3c16,1589.0,1452.073313872512,136.92668612748798
hust_to_matr,hust,matr,gaussian_process,123,matr_b3c17,1269.0,1452.073313872512,-183.07331387251202
hust_to_matr,hust,matr,gaussian_process,123,matr_b3c18,1100.0,1452.073313872512,-352.073313872512
hust_to_matr,hust,matr,gaussian_process,123,matr_b3c19,1105.0,1452.073313872512,-347.073313872512
hust_to_matr,hust,matr,gaussian_process,123,matr_b3c2,1224.0,1452.073313872512,-228.07331387251202
hust_to_matr,hust,matr,gaussian_process,123,matr_b3c20,793.0,1452.073313872512,-659.073313872512
hust_to_matr,hust,matr,gaussian_process,123,matr_b3c21,745.0,1452.073313872512,-707.073313872512
hust_to_matr,hust,matr,gaussian_process,123,matr_b3c22,991.0,1452.073313872512,-461.073313872512
hust_to_matr,hust,matr,gaussian_process,123,matr_b3c24,817.0,1452.073313872512,-635.073313872512
hust_to_matr,hust,matr,gaussian_process,123,matr_b3c25,970.0,1452.073313872512,-482.073313872512
hust_to_matr,hust,matr,gaussian_process,123,matr_b3c26,989.0,1452.073313872512,-463.073313872512
hust_to_matr,hust,matr,gaussian_process,123,matr_b3c27,828.0,1452.073313872512,-624.073313872512
hust_to_matr,hust,matr,gaussian_process,123,matr_b3c28,524.0,1452.073313872512,-928.073313872512
hust_to_matr,hust,matr,gaussian_process,123,matr_b3c29,833.0,1452.073313872512,-619.073313872512
hust_to_matr,hust,matr,gaussian_process,123,matr_b3c3,1084.0,1452.073313872512,-368.073313872512
hust_to_matr,hust,matr,gaussian_process,123,matr_b3c30,913.0,1452.073313872512,-539.073313872512
hust_to_matr,hust,matr,gaussian_process,123,matr_b3c31,713.0,1452.073313872512,-739.073313872512
hust_to_matr,hust,matr,gaussian_process,123,matr_b3c33,1257.0,1452.073313872512,-195.07331387251202
hust_to_matr,hust,matr,gaussian_process,123,matr_b3c34,1125.0,1452.073313872512,-327.073313872512
hust_to_matr,hust,matr,gaussian_process,123,matr_b3c35,1056.0,1452.073313872512,-396.073313872512
hust_to_matr,hust,matr,gaussian_process,123,matr_b3c36,910.0,1452.073313872512,-542.073313872512
hust_to_matr,hust,matr,gaussian_process,123,matr_b3c37,1376.0,1452.073313872512,-76.07331387251202
hust_to_matr,hust,matr,gaussian_process,123,matr_b3c38,1873.0,1452.073313872512,420.926686127488
hust_to_matr,hust,matr,gaussian_process,123,matr_b3c39,1146.0,1452.073313872512,-306.073313872512
hust_to_matr,hust,matr,gaussian_process,123,matr_b3c4,1006.0,1452.073313872512,-446.073313872512
hust_to_matr,hust,matr,gaussian_process,123,matr_b3c40,779.0,1452.073313872512,-673.073313872512
hust_to_matr,hust,matr,gaussian_process,123,matr_b3c41,773.0,1452.073313872512,-679.073313872512
hust_to_matr,hust,matr,gaussian_process,123,matr_b3c42,1587.0,1452.073313872512,134.92668612748798
hust_to_matr,hust,matr,gaussian_process,123,matr_b3c43,1018.0,1452.073313872512,-434.073313872512
hust_to_matr,hust,matr,gaussian_process,123,matr_b3c44,921.0,1452.073313872512,-531.073313872512
hust_to_matr,hust,matr,gaussian_process,123,matr_b3c45,1735.0,1452.073313872512,282.926686127488
hust_to_matr,hust,matr,gaussian_process,123,matr_b3c5,815.0,1452.073313872512,-637.073313872512
hust_to_matr,hust,matr,gaussian_process,123,matr_b3c6,630.0,1452.073313872512,-822.073313872512
hust_to_matr,hust,matr,gaussian_process,123,matr_b3c7,1774.0,1452.073313872512,321.926686127488
hust_to_matr,hust,matr,gaussian_process,123,matr_b3c8,810.0,1452.073313872512,-642.073313872512
hust_to_matr,hust,matr,gaussian_process,123,matr_b3c9,1010.0,1452.073313872512,-442.073313872512
hust_to_matr,hust,matr,gaussian_process,456,matr_b1c0,1717.0,1457.584210077149,259.415789922851
hust_to_matr,hust,matr,gaussian_process,456,matr_b1c1,2066.0,1457.5842100851444,608.4157899148556
hust_to_matr,hust,matr,gaussian_process,456,matr_b1c11,771.0,1457.584210077149,-686.584210077149
hust_to_matr,hust,matr,gaussian_process,456,matr_b1c12,897.0,1457.584214251399,-560.5842142513991
hust_to_matr,hust,matr,gaussian_process,456,matr_b1c14,845.0,1457.5842100760667,-612.5842100760667
hust_to_matr,hust,matr,gaussian_process,456,matr_b1c15,699.0,1457.58421007714,-758.5842100771399
hust_to_matr,hust,matr,gaussian_process,456,matr_b1c16,824.0,1457.584210014378,-633.584210014378
hust_to_matr,hust,matr,gaussian_process,456,matr_b1c17,825.0,1457.5855121428658,-632.5855121428658
hust_to_matr,hust,matr,gaussian_process,456,matr_b1c18,665.0,1457.584210077149,-792.584210077149
hust_to_matr,hust,matr,gaussian_process,456,matr_b1c19,740.0,1457.5848737495196,-717.5848737495196
hust_to_matr,hust,matr,gaussian_process,456,matr_b1c2,1487.0,1457.584210086554,29.415789913445906
hust_to_matr,hust,matr,gaussian_process,456,matr_b1c20,504.0,1457.584210077149,-953.584210077149
hust_to_matr,hust,matr,gaussian_process,456,matr_b1c21,535.0,1457.584210077149,-922.584210077149
hust_to_matr,hust,matr,gaussian_process,456,matr_b1c23,974.0,1457.5891974453148,-483.58919744531477
hust_to_matr,hust,matr,gaussian_process,456,matr_b1c24,979.0,1457.5848152024341,-478.58481520243413
hust_to_matr,hust,matr,gaussian_process,456,matr_b1c25,817.0,1457.5942639854845,-640.5942639854845
hust_to_matr,hust,matr,gaussian_process,456,matr_b1c26,826.0,1457.5861220558559,-631.5861220558559
hust_to_matr,hust,matr,gaussian_process,456,matr_b1c27,809.0,1457.6641855537873,-648.6641855537873
hust_to_matr,hust,matr,gaussian_process,456,matr_b1c28,815.0,1457.5840711993465,-642.5840711993465
hust_to_matr,hust,matr,gaussian_process,456,matr_b1c29,872.0,1457.584073712147,-585.5840737121471
hust_to_matr,hust,matr,gaussian_process,456,matr_b1c3,1344.0,1457.5842100536702,-113.58421005367018
hust_to_matr,hust,matr,gaussian_process,456,matr_b1c30,679.0,1457.6327028172154,-778.6327028172154
hust_to_matr,hust,matr,gaussian_process,456,matr_b1c31,827.0,1457.584210077149,-630.584210077149
hust_to_matr,hust,matr,gaussian_process,456,matr_b1c32,694.0,1457.5848519047067,-763.5848519047067
hust_to_matr,hust,matr,gaussian_process,456,matr_b1c33,708.0,1457.5855859834348,-749.5855859834348
hust_to_matr,hust,matr,gaussian_process,456,matr_b1c34,714.0,1457.5920321443655,-743.5920321443655
hust_to_matr,hust,matr,gaussian_process,456,matr_b1c35,676.0,1457.5855048768565,-781.5855048768565
hust_to_matr,hust,matr,gaussian_process,456,matr_b1c36,670.0,1457.6020004781865,-787.6020004781865
hust_to_matr,hust,matr,gaussian_process,456,matr_b1c37,622.0,1457.5896757071366,-835.5896757071366
hust_to_matr,hust,matr,gaussian_process,456,matr_b1c38,592.0,1457.5841190954084,-865.5841190954084
hust_to_matr,hust,matr,gaussian_process,456,matr_b1c39,592.0,1457.584299265389,-865.5842992653891
hust_to_matr,hust,matr,gaussian_process,456,matr_b1c4,1618.0,1457.584209199156,160.41579080084398
hust_to_matr,hust,matr,gaussian_process,456,matr_b1c40,919.0,1457.5840764432785,-538.5840764432785
hust_to_matr,hust,matr,gaussian_process,456,matr_b1c41,1005.0,1457.584211854427,-452.58421185442694
hust_to_matr,hust,matr,gaussian_process,456,matr_b1c42,661.0,1457.5842103968646,-796.5842103968646
hust_to_matr,hust,matr,gaussian_process,456,matr_b1c43,626.0,1457.584210077149,-831.584210077149
hust_to_matr,hust,matr,gaussian_process,456,matr_b1c44,575.0,1457.584210077149,-882.584210077149
hust_to_matr,hust,matr,gaussian_process,456,matr_b1c45,563.0,1457.5847520762338,-894.5847520762338
hust_to_matr,hust,matr,gaussian_process,456,matr_b1c5,909.0,1457.5842100771476,-548.5842100771476
hust_to_matr,hust,matr,gaussian_process,456,matr_b1c6,613.0,1457.5855939365683,-844.5855939365683
hust_to_matr,hust,matr,gaussian_process,456,matr_b1c7,818.0,1457.5842127604997,-639.5842127604997
hust_to_matr,hust,matr,gaussian_process,456,matr_b1c9,1012.0,1457.5842181143562,-445.5842181143562
hust_to_matr,hust,matr,gaussian_process,456,matr_b2c0,278.0,1457.584210077149,-1179.584210077149
hust_to_matr,hust,matr,gaussian_process,456,matr_b2c1,133.0,1457.584210077149,-1324.584210077149
hust_to_matr,hust,matr,gaussian_process,456,matr_b2c10,251.0,1457.5842101170251,-1206.5842101170251
hust_to_matr,hust,matr,gaussian_process,456,matr_b2c11,250.0,1457.6034903046439,-1207.6034903046439
hust_to_matr,hust,matr,gaussian_process,456,matr_b2c12,435.0,1457.5810067370849,-1022.5810067370849
hust_to_matr,hust,matr,gaussian_process,456,matr_b2c13,454.0,1457.5841428792428,-1003.5841428792428
hust_to_matr,hust,matr,gaussian_process,456,matr_b2c14,466.0,1457.6107815796756,-991.6107815796756
hust_to_matr,hust,matr,gaussian_process,456,matr_b2c17,476.0,1457.584210077149,-981.584210077149
hust_to_matr,hust,matr,gaussian_process,456,matr_b2c18,468.0,1457.584210077149,-989.584210077149
hust_to_matr,hust,matr,gaussian_process,456,matr_b2c19,455.0,1457.5736417763526,-1002.5736417763526
hust_to_matr,hust,matr,gaussian_process,456,matr_b2c2,422.0,1457.5842100904108,-1035.5842100904108
hust_to_matr,hust,matr,gaussian_process,456,matr_b2c20,475.0,1457.5885034499006,-982.5885034499006
hust_to_matr,hust,matr,gaussian_process,456,matr_b2c21,468.0,1457.615603696972,-989.6156036969719
hust_to_matr,hust,matr,gaussian_process,456,matr_b2c22,490.0,1457.5962414713292,-967.5962414713292
hust_to_matr,hust,matr,gaussian_process,456,matr_b2c23,502.0,1457.584149597813,-955.5841495978129
hust_to_matr,hust,matr,gaussian_process,456,matr_b2c24,478.0,1457.5842413224675,-979.5842413224675
hust_to_matr,hust,matr,gaussian_process,456,matr_b2c25,446.0,1457.65185509057,-1011.65185509057
hust_to_matr,hust,matr,gaussian_process,456,matr_b2c26,450.0,1457.6145952263978,-1007.6145952263978
hust_to_matr,hust,matr,gaussian_process,456,matr_b2c27,453.0,1457.6417437852017,-1004.6417437852017
hust_to_matr,hust,matr,gaussian_process,456,matr_b2c28,491.0,1457.584210077149,-966.584210077149
hust_to_matr,hust,matr,gaussian_process,456,matr_b2c29,481.0,1457.5873435174062,-976.5873435174062
hust_to_matr,hust,matr,gaussian_process,456,matr_b2c3,314.0,1457.5842100771451,-1143.5842100771451
hust_to_matr,hust,matr,gaussian_process,456,matr_b2c30,466.0,1457.760307789385,-991.760307789385
hust_to_matr,hust,matr,gaussian_process,456,matr_b2c31,474.0,1457.585512158656,-983.585512158656
hust_to_matr,hust,matr,gaussian_process,456,matr_b2c32,500.0,1457.584210077149,-957.584210077149
hust_to_matr,hust,matr,gaussian_process,456,matr_b2c33,499.0,1457.584210569192,-958.584210569192
hust_to_matr,hust,matr,gaussian_process,456,matr_b2c34,483.0,1457.5842100780835,-974.5842100780835
hust_to_matr,hust,matr,gaussian_process,456,matr_b2c35,449.0,1458.7362110499548,-1009.7362110499548
hust_to_matr,hust,matr,gaussian_process,456,matr_b2c36,513.0,1457.5879017694533,-944.5879017694533
hust_to_matr,hust,matr,gaussian_process,456,matr_b2c37,461.0,1457.5842083804632,-996.5842083804632
hust_to_matr,hust,matr,gaussian_process,456,matr_b2c38,451.0,1457.5879361989387,-1006.5879361989387
hust_to_matr,hust,matr,gaussian_process,456,matr_b2c39,442.0,1457.5842340453958,-1015.5842340453958
hust_to_matr,hust,matr,gaussian_process,456,matr_b2c4,247.0,1457.5841235107791,-1210.5841235107791
hust_to_matr,hust,matr,gaussian_process,456,matr_b2c40,476.0,1457.584210077149,-981.584210077149
hust_to_matr,hust,matr,gaussian_process,456,matr_b2c41,416.0,1457.584290637705,-1041.584290637705
hust_to_matr,hust,matr,gaussian_process,456,matr_b2c42,444.0,1457.584240343372,-1013.5842403433719
hust_to_matr,hust,matr,gaussian_process,456,matr_b2c43,443.0,1457.584463882646,-1014.5844638826461
hust_to_matr,hust,matr,gaussian_process,456,matr_b2c44,442.0,1457.584297726117,-1015.584297726117
hust_to_matr,hust,matr,gaussian_process,456,matr_b2c45,470.0,1457.5856197736457,-987.5856197736457
hust_to_matr,hust,matr,gaussian_process,456,matr_b2c46,417.0,1457.5842165390466,-1040.5842165390466
hust_to_matr,hust,matr,gaussian_process,456,matr_b2c47,705.0,1457.5902227850327,-752.5902227850327
hust_to_matr,hust,matr,gaussian_process,456,matr_b2c5,464.0,1457.5851541770112,-993.5851541770112
hust_to_matr,hust,matr,gaussian_process,456,matr_b2c6,475.0,1457.584210076881,-982.5842100768809
hust_to_matr,hust,matr,gaussian_process,456,matr_b3c0,985.0,1457.5844838393548,-472.5844838393548
hust_to_matr,hust,matr,gaussian_process,456,matr_b3c1,1033.0,1457.5852661133504,-424.5852661133504
hust_to_matr,hust,matr,gaussian_process,456,matr_b3c10,1046.0,1457.591206809855,-411.59120680985507
hust_to_matr,hust,matr,gaussian_process,456,matr_b3c11,792.0,1457.5889791509835,-665.5889791509835
hust_to_matr,hust,matr,gaussian_process,456,matr_b3c12,903.0,1457.5853465704013,-554.5853465704013
hust_to_matr,hust,matr,gaussian_process,456,matr_b3c13,794.0,1457.6298875077835,-663.6298875077835
hust_to_matr,hust,matr,gaussian_process,456,matr_b3c14,834.0,1457.5941275993048,-623.5941275993048
hust_to_matr,hust,matr,gaussian_process,456,matr_b3c15,850.0,1457.600517254443,-607.600517254443
hust_to_matr,hust,matr,gaussian_process,456,matr_b3c16,1589.0,1457.6772806350739,131.32271936492612
hust_to_matr,hust,matr,gaussian_process,456,matr_b3c17,1269.0,1457.584210077149,-188.584210077149
hust_to_matr,hust,matr,gaussian_process,456,matr_b3c18,1100.0,1457.584210077149,-357.584210077149
hust_to_matr,hust,matr,gaussian_process,456,matr_b3c19,1105.0,1457.584209979328,-352.5842099793281
hust_to_matr,hust,matr,gaussian_process,456,matr_b3c2,1224.0,1457.5842203147183,-233.58422031471832
hust_to_matr,hust,matr,gaussian_process,456,matr_b3c20,793.0,1457.5843161026382,-664.5843161026382
hust_to_matr,hust,matr,gaussian_process,456,matr_b3c21,745.0,1457.0087509058233,-712.0087509058233
hust_to_matr,hust,matr,gaussian_process,456,matr_b3c22,991.0,1457.5844113835497,-466.58441138354965
hust_to_matr,hust,matr,gaussian_process,456,matr_b3c24,817.0,1457.584219050114,-640.5842190501139
hust_to_matr,hust,matr,gaussian_process,456,matr_b3c25,970.0,1457.58463862583,-487.58463862582994
hust_to_matr,hust,matr,gaussian_process,456,matr_b3c26,989.0,1457.5848499272174,-468.5848499272174
hust_to_matr,hust,matr,gaussian_process,456,matr_b3c27,828.0,1457.5841891494488,-629.5841891494488
hust_to_matr,hust,matr,gaussian_process,456,matr_b3c28,524.0,1457.5842108625563,-933.5842108625563
hust_to_matr,hust,matr,gaussian_process,456,matr_b3c29,833.0,1457.584230888683,-624.5842308886829
hust_to_matr,hust,matr,gaussian_process,456,matr_b3c3,1084.0,1457.584583590922,-373.58458359092197
hust_to_matr,hust,matr,gaussian_process,456,matr_b3c30,913.0,1457.5842183657173,-544.5842183657173
hust_to_matr,hust,matr,gaussian_process,456,matr_b3c31,713.0,1457.5976028875773,-744.5976028875773
hust_to_matr,hust,matr,gaussian_process,456,matr_b3c33,1257.0,1457.5846435962444,-200.5846435962444
hust_to_matr,hust,matr,gaussian_process,456,matr_b3c34,1125.0,1457.5842456370544,-332.58424563705444
hust_to_matr,hust,matr,gaussian_process,456,matr_b3c35,1056.0,1457.5842100777884,-401.5842100777884
hust_to_matr,hust,matr,gaussian_process,456,matr_b3c36,910.0,1457.584335577643,-547.5843355776431
hust_to_matr,hust,matr,gaussian_process,456,matr_b3c37,1376.0,1457.584210077149,-81.58421007714901
hust_to_matr,hust,matr,gaussian_process,456,matr_b3c38,1873.0,1457.5842616375055,415.4157383624945
hust_to_matr,hust,matr,gaussian_process,456,matr_b3c39,1146.0,1457.58442900751,-311.5844290075099
hust_to_matr,hust,matr,gaussian_process,456,matr_b3c4,1006.0,1457.5843311869933,-451.58433118699327
hust_to_matr,hust,matr,gaussian_process,456,matr_b3c40,779.0,1457.5837867424075,-678.5837867424075
hust_to_matr,hust,matr,gaussian_process,456,matr_b3c41,773.0,1457.5842101305225,-684.5842101305225
hust_to_matr,hust,matr,gaussian_process,456,matr_b3c42,1587.0,1457.5842148642112,129.41578513578884
hust_to_matr,hust,matr,gaussian_process,456,matr_b3c43,1018.0,1457.584210124996,-439.58421012499593
hust_to_matr,hust,matr,gaussian_process,456,matr_b3c44,921.0,1457.5842110551894,-536.5842110551894
hust_to_matr,hust,matr,gaussian_process,456,matr_b3c45,1735.0,1457.5842101686728,277.4157898313272
hust_to_matr,hust,matr,gaussian_process,456,matr_b3c5,815.0,1457.5842401013151,-642.5842401013151
hust_to_matr,hust,matr,gaussian_process,456,matr_b3c6,630.0,1457.5843651961918,-827.5843651961918
hust_to_matr,hust,matr,gaussian_process,456,matr_b3c7,1774.0,1457.584210077822,316.41578992217796
hust_to_matr,hust,matr,gaussian_process,456,matr_b3c8,810.0,1457.5840058401088,-647.5840058401088
hust_to_matr,hust,matr,gaussian_process,456,matr_b3c9,1010.0,1457.584210490359,-447.58421049035906
hust_to_matr,hust,matr,gaussian_process,789,matr_b1c0,1717.0,1454.7752840962855,262.22471590371447
hust_to_matr,hust,matr,gaussian_process,789,matr_b1c1,2066.0,1454.838165787722,611.1618342122781
hust_to_matr,hust,matr,gaussian_process,789,matr_b1c11,771.0,1454.7752840962855,-683.7752840962855
hust_to_matr,hust,matr,gaussian_process,789,matr_b1c12,897.0,1454.8066888990347,-557.8066888990347
hust_to_matr,hust,matr,gaussian_process,789,matr_b1c14,845.0,1454.7778396643816,-609.7778396643816
hust_to_matr,hust,matr,gaussian_process,789,matr_b1c15,699.0,1454.77556409921,-755.77556409921
hust_to_matr,hust,matr,gaussian_process,789,matr_b1c16,824.0,1454.8083803621246,-630.8083803621246
hust_to_matr,hust,matr,gaussian_process,789,matr_b1c17,825.0,1455.0628342355321,-630.0628342355321
hust_to_matr,hust,matr,gaussian_process,789,matr_b1c18,665.0,1454.7752840962855,-789.7752840962855
hust_to_matr,hust,matr,gaussian_process,789,matr_b1c19,740.0,1456.8495813350953,-716.8495813350953
hust_to_matr,hust,matr,gaussian_process,789,matr_b1c2,1487.0,1454.8320129964238,32.16798700357617
hust_to_matr,hust,matr,gaussian_process,789,matr_b1c20,504.0,1454.775284096279,-950.7752840962789
hust_to_matr,hust,matr,gaussian_process,789,matr_b1c21,535.0,1454.7752840962855,-919.7752840962855
hust_to_matr,hust,matr,gaussian_process,789,matr_b1c23,974.0,1455.800102423317,-481.80010242331696
hust_to_matr,hust,matr,gaussian_process,789,matr_b1c24,979.0,1455.847843637946,-476.84784363794597
hust_to_matr,hust,matr,gaussian_process,789,matr_b1c25,817.0,1455.8573099558403,-638.8573099558403
hust_to_matr,hust,matr,gaussian_process,789,matr_b1c26,826.0,1457.3777574209291,-631.3777574209291
hust_to_matr,hust,matr,gaussian_process,789,matr_b1c27,809.0,1457.9250703368125,-648.9250703368125
hust_to_matr,hust,matr,gaussian_process,789,matr_b1c28,815.0,1454.9201754801693,-639.9201754801693
hust_to_matr,hust,matr,gaussian_process,789,matr_b1c29,872.0,1454.9354855291278,-582.9354855291278
hust_to_matr,hust,matr,gaussian_process,789,matr_b1c3,1344.0,1454.8085337205077,-110.80853372050774
hust_to_matr,hust,matr,gaussian_process,789,matr_b1c30,679.0,1455.9900929003672,-776.9900929003672
hust_to_matr,hust,matr,gaussian_process,789,matr_b1c31,827.0,1454.7752843360463,-627.7752843360463
hust_to_matr,hust,matr,gaussian_process,789,matr_b1c32,694.0,1454.987410624736,-760.987410624736
hust_to_matr,hust,matr,gaussian_process,789,matr_b1c33,708.0,1455.1614133101707,-747.1614133101707
hust_to_matr,hust,matr,gaussian_process,789,matr_b1c34,714.0,1456.7928182770884,-742.7928182770884
hust_to_matr,hust,matr,gaussian_process,789,matr_b1c35,676.0,1455.7858290106883,-779.7858290106883
hust_to_matr,hust,matr,gaussian_process,789,matr_b1c36,670.0,1457.070200557982,-787.0702005579819
hust_to_matr,hust,matr,gaussian_process,789,matr_b1c37,622.0,1456.336361935078,-834.336361935078
hust_to_matr,hust,matr,gaussian_process,789,matr_b1c38,592.0,1455.0490689850503,-863.0490689850503
hust_to_matr,hust,matr,gaussian_process,789,matr_b1c39,592.0,1454.91726863607,-862.91726863607
hust_to_matr,hust,matr,gaussian_process,789,matr_b1c4,1618.0,1454.9065425644364,163.09345743556355
hust_to_matr,hust,matr,gaussian_process,789,matr_b1c40,919.0,1454.990293909348,-535.9902939093481
hust_to_matr,hust,matr,gaussian_process,789,matr_b1c41,1005.0,1454.8006061441104,-449.80060614411036
hust_to_matr,hust,matr,gaussian_process,789,matr_b1c42,661.0,1454.7864255957006,-793.7864255957006
hust_to_matr,hust,matr,gaussian_process,789,matr_b1c43,626.0,1454.7754523254323,-828.7754523254323
hust_to_matr,hust,matr,gaussian_process,789,matr_b1c44,575.0,1454.7752840927749,-879.7752840927749
hust_to_matr,hust,matr,gaussian_process,789,matr_b1c45,563.0,1455.019554275053,-892.019554275053
hust_to_matr,hust,matr,gaussian_process,789,matr_b1c5,909.0,1454.7753441450106,-545.7753441450106
hust_to_matr,hust,matr,gaussian_process,789,matr_b1c6,613.0,1456.679206899533,-843.679206899533
hust_to_matr,hust,matr,gaussian_process,789,matr_b1c7,818.0,1454.9656358901896,-636.9656358901896
hust_to_matr,hust,matr,gaussian_process,789,matr_b1c9,1012.0,1454.8180496458683,-442.8180496458683
hust_to_matr,hust,matr,gaussian_process,789,matr_b2c0,278.0,1454.7752840962855,-1176.7752840962855
hust_to_matr,hust,matr,gaussian_process,789,matr_b2c1,133.0,1454.7752840962855,-1321.7752840962855
hust_to_matr,hust,matr,gaussian_process,789,matr_b2c10,251.0,1454.8351632238055,-1203.8351632238055
hust_to_matr,hust,matr,gaussian_process,789,matr_b2c11,250.0,1456.4329894515927,-1206.4329894515927
hust_to_matr,hust,matr,gaussian_process,789,matr_b2c12,435.0,1453.4661558251942,-1018.4661558251942
hust_to_matr,hust,matr,gaussian_process,789,matr_b2c13,454.0,1454.5045519318187,-1000.5045519318187
hust_to_matr,hust,matr,gaussian_process,789,matr_b2c14,466.0,1456.9980824038314,-990.9980824038314
hust_to_matr,hust,matr,gaussian_process,789,matr_b2c17,476.0,1454.7752840986268,-978.7752840986268
hust_to_matr,hust,matr,gaussian_process,789,matr_b2c18,468.0,1454.7752806428084,-986.7752806428084
hust_to_matr,hust,matr,gaussian_process,789,matr_b2c19,455.0,1453.7117673961627,-998.7117673961627
hust_to_matr,hust,matr,gaussian_process,789,matr_b2c2,422.0,1454.877884282267,-1032.877884282267
hust_to_matr,hust,matr,gaussian_process,789,matr_b2c20,475.0,1457.3678376595603,-982.3678376595603
hust_to_matr,hust,matr,gaussian_process,789,matr_b2c21,468.0,1458.2057137898676,-990.2057137898676
hust_to_matr,hust,matr,gaussian_process,789,matr_b2c22,490.0,1455.9120196712895,-965.9120196712895
hust_to_matr,hust,matr,gaussian_process,789,matr_b2c23,502.0,1453.7040431084076,-951.7040431084076
hust_to_matr,hust,matr,gaussian_process,789,matr_b2c24,478.0,1455.0698404660245,-977.0698404660245
hust_to_matr,hust,matr,gaussian_process,789,matr_b2c25,446.0,1457.4764023541925,-1011.4764023541925
hust_to_matr,hust,matr,gaussian_process,789,matr_b2c26,450.0,1460.9945229434372,-1010.9945229434372
hust_to_matr,hust,matr,gaussian_process,789,matr_b2c27,453.0,1458.437096915338,-1005.4370969153381
hust_to_matr,hust,matr,gaussian_process,789,matr_b2c28,491.0,1454.7752840962855,-963.7752840962855
hust_to_matr,hust,matr,gaussian_process,789,matr_b2c29,481.0,1455.2435530572288,-974.2435530572288
hust_to_matr,hust,matr,gaussian_process,789,matr_b2c3,314.0,1454.774862813727,-1140.774862813727
hust_to_matr,hust,matr,gaussian_process,789,matr_b2c30,466.0,1459.1214166817035,-993.1214166817035
hust_to_matr,hust,matr,gaussian_process,789,matr_b2c31,474.0,1455.4415497724112,-981.4415497724112
hust_to_matr,hust,matr,gaussian_process,789,matr_b2c32,500.0,1454.7752841693396,-954.7752841693396
hust_to_matr,hust,matr,gaussian_process,789,matr_b2c33,499.0,1454.8265306198841,-955.8265306198841
hust_to_matr,hust,matr,gaussian_process,789,matr_b2c34,483.0,1454.78723872281,-971.7872387228099
hust_to_matr,hust,matr,gaussian_process,789,matr_b2c35,449.0,1467.8312759167263,-1018.8312759167263
hust_to_matr,hust,matr,gaussian_process,789,matr_b2c36,513.0,1455.7520669159956,-942.7520669159956
hust_to_matr,hust,matr,gaussian_process,789,matr_b2c37,461.0,1454.8209816085587,-993.8209816085587
hust_to_matr,hust,matr,gaussian_process,789,matr_b2c38,451.0,1455.8204399381527,-1004.8204399381527
hust_to_matr,hust,matr,gaussian_process,789,matr_b2c39,442.0,1454.8582192080964,-1012.8582192080964
hust_to_matr,hust,matr,gaussian_process,789,matr_b2c4,247.0,1454.1980507789606,-1207.1980507789606
hust_to_matr,hust,matr,gaussian_process,789,matr_b2c40,476.0,1454.7752840962855,-978.7752840962855
hust_to_matr,hust,matr,gaussian_process,789,matr_b2c41,416.0,1454.9585363172541,-1038.9585363172541
hust_to_matr,hust,matr,gaussian_process,789,matr_b2c42,444.0,1454.862955134235,-1010.8629551342351
hust_to_matr,hust,matr,gaussian_process,789,matr_b2c43,443.0,1454.9640138976697,-1011.9640138976697
hust_to_matr,hust,matr,gaussian_process,789,matr_b2c44,442.0,1454.9351377110863,-1012.9351377110863
hust_to_matr,hust,matr,gaussian_process,789,matr_b2c45,470.0,1456.1298834882061,-986.1298834882061
hust_to_matr,hust,matr,gaussian_process,789,matr_b2c46,417.0,1454.8361540984672,-1037.8361540984672
hust_to_matr,hust,matr,gaussian_process,789,matr_b2c47,705.0,1456.2329668937796,-751.2329668937796
hust_to_matr,hust,matr,gaussian_process,789,matr_b2c5,464.0,1455.550052635288,-991.550052635288
hust_to_matr,hust,matr,gaussian_process,789,matr_b2c6,475.0,1454.774023541669,-979.7740235416691
hust_to_matr,hust,matr,gaussian_process,789,matr_b3c0,985.0,1455.0810915871934,-470.08109158719344
hust_to_matr,hust,matr,gaussian_process,789,matr_b3c1,1033.0,1454.991137084644,-421.9911370846439
hust_to_matr,hust,matr,gaussian_process,789,matr_b3c10,1046.0,1456.3273873414976,-410.32738734149757
hust_to_matr,hust,matr,gaussian_process,789,matr_b3c11,792.0,1455.0557258795045,-663.0557258795045
hust_to_matr,hust,matr,gaussian_process,789,matr_b3c12,903.0,1454.8794784674144,-551.8794784674144
hust_to_matr,hust,matr,gaussian_process,789,matr_b3c13,794.0,1455.7952027152264,-661.7952027152264
hust_to_matr,hust,matr,gaussian_process,789,matr_b3c14,834.0,1455.885413911207,-621.885413911207
hust_to_matr,hust,matr,gaussian_process,789,matr_b3c15,850.0,1455.3122623678964,-605.3122623678964
hust_to_matr,hust,matr,gaussian_process,789,matr_b3c16,1589.0,1457.3543063770087,131.6456936229913
hust_to_matr,hust,matr,gaussian_process,789,matr_b3c17,1269.0,1454.7752840962855,-185.77528409628553
hust_to_matr,hust,matr,gaussian_process,789,matr_b3c18,1100.0,1454.7725450620542,-354.7725450620542
hust_to_matr,hust,matr,gaussian_process,789,matr_b3c19,1105.0,1454.7311618601534,-349.7311618601534
hust_to_matr,hust,matr,gaussian_process,789,matr_b3c2,1224.0,1454.8753472006679,-230.87534720066787
hust_to_matr,hust,matr,gaussian_process,789,matr_b3c20,793.0,1454.9532905794126,-661.9532905794126
hust_to_matr,hust,matr,gaussian_process,789,matr_b3c21,745.0,1446.763183608568,-701.7631836085679
hust_to_matr,hust,matr,gaussian_process,789,matr_b3c22,991.0,1454.8858452111112,-463.88584521111125
hust_to_matr,hust,matr,gaussian_process,789,matr_b3c24,817.0,1454.8919432516186,-637.8919432516186
hust_to_matr,hust,matr,gaussian_process,789,matr_b3c25,970.0,1455.2630366178125,-485.26303661781253
hust_to_matr,hust,matr,gaussian_process,789,matr_b3c26,989.0,1455.1609606999307,-466.1609606999307
hust_to_matr,hust,matr,gaussian_process,789,matr_b3c27,828.0,1454.896116357183,-626.896116357183
hust_to_matr,hust,matr,gaussian_process,789,matr_b3c28,524.0,1454.7726807850097,-930.7726807850097
hust_to_matr,hust,matr,gaussian_process,789,matr_b3c29,833.0,1454.903752936817,-621.903752936817
hust_to_matr,hust,matr,gaussian_process,789,matr_b3c3,1084.0,1454.9767385710275,-370.97673857102745
hust_to_matr,hust,matr,gaussian_process,789,matr_b3c30,913.0,1454.8410041924267,-541.8410041924267
hust_to_matr,hust,matr,gaussian_process,789,matr_b3c31,713.0,1455.4436018132562,-742.4436018132562
hust_to_matr,hust,matr,gaussian_process,789,matr_b3c33,1257.0,1454.915567179372,-197.91556717937192
hust_to_matr,hust,matr,gaussian_process,789,matr_b3c34,1125.0,1454.9079970835244,-329.9079970835244
hust_to_matr,hust,matr,gaussian_process,789,matr_b3c35,1056.0,1454.781565747211,-398.78156574721106
hust_to_matr,hust,matr,gaussian_process,789,matr_b3c36,910.0,1454.943572419626,-544.943572419626
hust_to_matr,hust,matr,gaussian_process,789,matr_b3c37,1376.0,1454.7752840962855,-78.77528409628553
hust_to_matr,hust,matr,gaussian_process,789,matr_b3c38,1873.0,1454.9044460775417,418.0955539224583
hust_to_matr,hust,matr,gaussian_process,789,matr_b3c39,1146.0,1455.0091580226988,-309.0091580226988
hust_to_matr,hust,matr,gaussian_process,789,matr_b3c4,1006.0,1454.9303750644515,-448.9303750644515
hust_to_matr,hust,matr,gaussian_process,789,matr_b3c40,779.0,1455.0416738423194,-676.0416738423194
hust_to_matr,hust,matr,gaussian_process,789,matr_b3c41,773.0,1454.781289631131,-681.7812896311309
hust_to_matr,hust,matr,gaussian_process,789,matr_b3c42,1587.0,1454.8154591988493,132.18454080115066
hust_to_matr,hust,matr,gaussian_process,789,matr_b3c43,1018.0,1454.7811067892064,-436.78110678920643
hust_to_matr,hust,matr,gaussian_process,789,matr_b3c44,921.0,1454.7923324186997,-533.7923324186997
hust_to_matr,hust,matr,gaussian_process,789,matr_b3c45,1735.0,1454.8321411730715,280.1678588269285
hust_to_matr,hust,matr,gaussian_process,789,matr_b3c5,815.0,1454.9429468465503,-639.9429468465503
hust_to_matr,hust,matr,gaussian_process,789,matr_b3c6,630.0,1454.765162576769,-824.765162576769
hust_to_matr,hust,matr,gaussian_process,789,matr_b3c7,1774.0,1454.7982007451376,319.2017992548624
hust_to_matr,hust,matr,gaussian_process,789,matr_b3c8,810.0,1455.0131545960535,-645.0131545960535
hust_to_matr,hust,matr,gaussian_process,789,matr_b3c9,1010.0,1454.7903864516709,-444.7903864516709
hust_to_matr,hust,matr,gaussian_process,1011,matr_b1c0,1717.0,1467.1354064583795,249.86459354162048
hust_to_matr,hust,matr,gaussian_process,1011,matr_b1c1,2066.0,1467.1382172367994,598.8617827632006
hust_to_matr,hust,matr,gaussian_process,1011,matr_b1c11,771.0,1467.1354064583795,-696.1354064583795
hust_to_matr,hust,matr,gaussian_process,1011,matr_b1c12,897.0,1467.1369315587372,-570.1369315587372
hust_to_matr,hust,matr,gaussian_process,1011,matr_b1c14,845.0,1467.1356123543305,-622.1356123543305
hust_to_matr,hust,matr,gaussian_process,1011,matr_b1c15,699.0,1467.135426317493,-768.135426317493
hust_to_matr,hust,matr,gaussian_process,1011,matr_b1c16,824.0,1467.138899524976,-643.1388995249761
hust_to_matr,hust,matr,gaussian_process,1011,matr_b1c17,825.0,1467.1713733729814,-642.1713733729814
hust_to_matr,hust,matr,gaussian_process,1011,matr_b1c18,665.0,1467.1354064583795,-802.1354064583795
hust_to_matr,hust,matr,gaussian_process,1011,matr_b1c19,740.0,1467.3214545393726,-727.3214545393726
hust_to_matr,hust,matr,gaussian_process,1011,matr_b1c2,1487.0,1467.1375193274605,19.862480672539505
hust_to_matr,hust,matr,gaussian_process,1011,matr_b1c20,504.0,1467.1354064583795,-963.1354064583795
hust_to_matr,hust,matr,gaussian_process,1011,matr_b1c21,535.0,1467.1354064583795,-932.1354064583795
hust_to_matr,hust,matr,gaussian_process,1011,matr_b1c23,974.0,1467.145743892214,-493.1457438922141
hust_to_matr,hust,matr,gaussian_process,1011,matr_b1c24,979.0,1467.2609898188216,-488.2609898188216
hust_to_matr,hust,matr,gaussian_process,1011,matr_b1c25,817.0,1467.1655862331245,-650.1655862331245
hust_to_matr,hust,matr,gaussian_process,1011,matr_b1c26,826.0,1467.6774127012604,-641.6774127012604
hust_to_matr,hust,matr,gaussian_process,1011,matr_b1c27,809.0,1467.2008863878339,-658.2008863878339
hust_to_matr,hust,matr,gaussian_process,1011,matr_b1c28,815.0,1467.1220885276623,-652.1220885276623
hust_to_matr,hust,matr,gaussian_process,1011,matr_b1c29,872.0,1467.1272860874742,-595.1272860874742
hust_to_matr,hust,matr,gaussian_process,1011,matr_b1c3,1344.0,1467.1383058230592,-123.13830582305923
hust_to_matr,hust,matr,gaussian_process,1011,matr_b1c30,679.0,1466.7871758484127,-787.7871758484127
hust_to_matr,hust,matr,gaussian_process,1011,matr_b1c31,827.0,1467.1354064585164,-640.1354064585164
hust_to_matr,hust,matr,gaussian_process,1011,matr_b1c32,694.0,1467.1190208664627,-773.1190208664627
hust_to_matr,hust,matr,gaussian_process,1011,matr_b1c33,708.0,1467.1535049437637,-759.1535049437637
hust_to_matr,hust,matr,gaussian_process,1011,matr_b1c34,714.0,1467.3059410617034,-753.3059410617034
hust_to_matr,hust,matr,gaussian_process,1011,matr_b1c35,676.0,1467.2130619326094,-791.2130619326094
hust_to_matr,hust,matr,gaussian_process,1011,matr_b1c36,670.0,1467.3524976255512,-797.3524976255512
hust_to_matr,hust,matr,gaussian_process,1011,matr_b1c37,622.0,1466.9700599446699,-844.9700599446699
hust_to_matr,hust,matr,gaussian_process,1011,matr_b1c38,592.0,1467.1052345864011,-875.1052345864011
hust_to_matr,hust,matr,gaussian_process,1011,matr_b1c39,592.0,1467.1419227910228,-875.1419227910228
hust_to_matr,hust,matr,gaussian_process,1011,matr_b1c4,1618.0,1467.1490873702405,150.85091262975948
hust_to_matr,hust,matr,gaussian_process,1011,matr_b1c40,919.0,1467.1302624991572,-548.1302624991572
hust_to_matr,hust,matr,gaussian_process,1011,matr_b1c41,1005.0,1467.1367330186838,-462.1367330186838
hust_to_matr,hust,matr,gaussian_process,1011,matr_b1c42,661.0,1467.1360718241544,-806.1360718241544
hust_to_matr,hust,matr,gaussian_process,1011,matr_b1c43,626.0,1467.1354079313164,-841.1354079313164
hust_to_matr,hust,matr,gaussian_process,1011,matr_b1c44,575.0,1467.1354064583757,-892.1354064583757
hust_to_matr,hust,matr,gaussian_process,1011,matr_b1c45,563.0,1467.110835136219,-904.1108351362191
hust_to_matr,hust,matr,gaussian_process,1011,matr_b1c5,909.0,1467.1354113684154,-558.1354113684154
hust_to_matr,hust,matr,gaussian_process,1011,matr_b1c6,613.0,1467.766232595179,-854.766232595179
hust_to_matr,hust,matr,gaussian_process,1011,matr_b1c7,818.0,1467.154779243982,-649.1547792439819
hust_to_matr,hust,matr,gaussian_process,1011,matr_b1c9,1012.0,1467.1378483844703,-455.1378483844703
hust_to_matr,hust,matr,gaussian_process,1011,matr_b2c0,278.0,1467.1354064583795,-1189.1354064583795
hust_to_matr,hust,matr,gaussian_process,1011,matr_b2c1,133.0,1467.1354064583795,-1334.1354064583795
hust_to_matr,hust,matr,gaussian_process,1011,matr_b2c10,251.0,1467.1444437221849,-1216.1444437221849
hust_to_matr,hust,matr,gaussian_process,1011,matr_b2c11,250.0,1467.6106438224426,-1217.6106438224426
hust_to_matr,hust,matr,gaussian_process,1011,matr_b2c12,435.0,1467.045229733667,-1032.045229733667
hust_to_matr,hust,matr,gaussian_process,1011,matr_b2c13,454.0,1467.1007027972403,-1013.1007027972403
hust_to_matr,hust,matr,gaussian_process,1011,matr_b2c14,466.0,1467.437866073733,-1001.437866073733
hust_to_matr,hust,matr,gaussian_process,1011,matr_b2c17,476.0,1467.135406458545,-991.135406458545
hust_to_matr,hust,matr,gaussian_process,1011,matr_b2c18,468.0,1467.1354064456966,-999.1354064456966
hust_to_matr,hust,matr,gaussian_process,1011,matr_b2c19,455.0,1467.0870974119623,-1012.0870974119623
hust_to_matr,hust,matr,gaussian_process,1011,matr_b2c2,422.0,1467.4279065344278,-1045.4279065344278
hust_to_matr,hust,matr,gaussian_process,1011,matr_b2c20,475.0,1468.187081758811,-993.187081758811
hust_to_matr,hust,matr,gaussian_process,1011,matr_b2c21,468.0,1468.3759382414526,-1000.3759382414526
hust_to_matr,hust,matr,gaussian_process,1011,matr_b2c22,490.0,1467.2854146516922,-977.2854146516922
hust_to_matr,hust,matr,gaussian_process,1011,matr_b2c23,502.0,1466.8189978616915,-964.8189978616915
hust_to_matr,hust,matr,gaussian_process,1011,matr_b2c24,478.0,1467.2529690392691,-989.2529690392691
hust_to_matr,hust,matr,gaussian_process,1011,matr_b2c25,446.0,1468.0665723578481,-1022.0665723578481
hust_to_matr,hust,matr,gaussian_process,1011,matr_b2c26,450.0,1470.8846737953504,-1020.8846737953504
hust_to_matr,hust,matr,gaussian_process,1011,matr_b2c27,453.0,1468.531727304299,-1015.531727304299
hust_to_matr,hust,matr,gaussian_process,1011,matr_b2c28,491.0,1467.1354064583795,-976.1354064583795
hust_to_matr,hust,matr,gaussian_process,1011,matr_b2c29,481.0,1467.1620399794792,-986.1620399794792
hust_to_matr,hust,matr,gaussian_process,1011,matr_b2c3,314.0,1467.1354064583822,-1153.1354064583822
hust_to_matr,hust,matr,gaussian_process,1011,matr_b2c30,466.0,1468.0999796870472,-1002.0999796870472
hust_to_matr,hust,matr,gaussian_process,1011,matr_b2c31,474.0,1467.2587254020007,-993.2587254020007
hust_to_matr,hust,matr,gaussian_process,1011,matr_b2c32,500.0,1467.1354064655661,-967.1354064655661
hust_to_matr,hust,matr,gaussian_process,1011,matr_b2c33,499.0,1467.1413633196344,-968.1413633196344
hust_to_matr,hust,matr,gaussian_process,1011,matr_b2c34,483.0,1467.1364748123644,-984.1364748123644
hust_to_matr,hust,matr,gaussian_process,1011,matr_b2c35,449.0,1471.7197991420865,-1022.7197991420865
hust_to_matr,hust,matr,gaussian_process,1011,matr_b2c36,513.0,1467.240785674178,-954.2407856741779
hust_to_matr,hust,matr,gaussian_process,1011,matr_b2c37,461.0,1467.1330798216231,-1006.1330798216231
hust_to_matr,hust,matr,gaussian_process,1011,matr_b2c38,451.0,1467.271939448333,-1016.2719394483329
hust_to_matr,hust,matr,gaussian_process,1011,matr_b2c39,442.0,1467.143356041716,-1025.143356041716
hust_to_matr,hust,matr,gaussian_process,1011,matr_b2c4,247.0,1467.0581080972458,-1220.0581080972458
hust_to_matr,hust,matr,gaussian_process,1011,matr_b2c40,476.0,1467.1354064583795,-991.1354064583795
hust_to_matr,hust,matr,gaussian_process,1011,matr_b2c41,416.0,1467.2058073487865,-1051.2058073487865
hust_to_matr,hust,matr,gaussian_process,1011,matr_b2c42,444.0,1467.1509696506362,-1023.1509696506362
hust_to_matr,hust,matr,gaussian_process,1011,matr_b2c43,443.0,1467.1685524580562,-1024.1685524580562
hust_to_matr,hust,matr,gaussian_process,1011,matr_b2c44,442.0,1467.1436776108412,-1025.1436776108412
hust_to_matr,hust,matr,gaussian_process,1011,matr_b2c45,470.0,1467.4628036628162,-997.4628036628162
hust_to_matr,hust,matr,gaussian_process,1011,matr_b2c46,417.0,1467.138770738137,-1050.138770738137
hust_to_matr,hust,matr,gaussian_process,1011,matr_b2c47,705.0,1467.4904175820332,-762.4904175820332
hust_to_matr,hust,matr,gaussian_process,1011,matr_b2c5,464.0,1467.2623160863973,-1003.2623160863973
hust_to_matr,hust,matr,gaussian_process,1011,matr_b2c6,475.0,1467.1354064510158,-992.1354064510158
hust_to_matr,hust,matr,gaussian_process,1011,matr_b3c0,985.0,1467.1153333824095,-482.1153333824095
hust_to_matr,hust,matr,gaussian_process,1011,matr_b3c1,1033.0,1467.091033875423,-434.0910338754229
hust_to_matr,hust,matr,gaussian_process,1011,matr_b3c10,1046.0,1467.2144039121054,-421.21440391210535
hust_to_matr,hust,matr,gaussian_process,1011,matr_b3c11,792.0,1467.1057983716519,-675.1057983716519
hust_to_matr,hust,matr,gaussian_process,1011,matr_b3c12,903.0,1466.8796268411074,-563.8796268411074
hust_to_matr,hust,matr,gaussian_process,1011,matr_b3c13,794.0,1466.9849832067252,-672.9849832067252
hust_to_matr,hust,matr,gaussian_process,1011,matr_b3c14,834.0,1467.2887378288915,-633.2887378288915
hust_to_matr,hust,matr,gaussian_process,1011,matr_b3c15,850.0,1466.8642511746234,-616.8642511746234
hust_to_matr,hust,matr,gaussian_process,1011,matr_b3c16,1589.0,1466.93513660152,122.06486339847993
hust_to_matr,hust,matr,gaussian_process,1011,matr_b3c17,1269.0,1467.1354064583795,-198.13540645837952
hust_to_matr,hust,matr,gaussian_process,1011,matr_b3c18,1100.0,1467.135346850237,-367.13534685023706
hust_to_matr,hust,matr,gaussian_process,1011,matr_b3c19,1105.0,1467.12839729729,-362.1283972972899
hust_to_matr,hust,matr,gaussian_process,1011,matr_b3c2,1224.0,1467.1368491445576,-243.13684914455757
hust_to_matr,hust,matr,gaussian_process,1011,matr_b3c20,793.0,1467.1039147078166,-674.1039147078166
hust_to_matr,hust,matr,gaussian_process,1011,matr_b3c21,745.0,1464.2471716169825,-719.2471716169825
hust_to_matr,hust,matr,gaussian_process,1011,matr_b3c22,991.0,1467.1338082055152,-476.13380820551515
hust_to_matr,hust,matr,gaussian_process,1011,matr_b3c24,817.0,1467.1422046568484,-650.1422046568484
hust_to_matr,hust,matr,gaussian_process,1011,matr_b3c25,970.0,1467.16116387708,-497.16116387708007
hust_to_matr,hust,matr,gaussian_process,1011,matr_b3c26,989.0,1467.1560928930824,-478.15609289308236
hust_to_matr,hust,matr,gaussian_process,1011,matr_b3c27,828.0,1467.1354269102685,-639.1354269102685
hust_to_matr,hust,matr,gaussian_process,1011,matr_b3c28,524.0,1467.135331853762,-943.135331853762
hust_to_matr,hust,matr,gaussian_process,1011,matr_b3c29,833.0,1467.1446770199923,-634.1446770199923
hust_to_matr,hust,matr,gaussian_process,1011,matr_b3c3,1084.0,1467.1163883050094,-383.1163883050094
hust_to_matr,hust,matr,gaussian_process,1011,matr_b3c30,913.0,1467.1343110032744,-554.1343110032744
hust_to_matr,hust,matr,gaussian_process,1011,matr_b3c31,713.0,1466.867958692203,-753.867958692203
hust_to_matr,hust,matr,gaussian_process,1011,matr_b3c33,1257.0,1467.132145326762,-210.13214532676193
hust_to_matr,hust,matr,gaussian_process,1011,matr_b3c34,1125.0,1467.1435243085311,-342.14352430853114
hust_to_matr,hust,matr,gaussian_process,1011,matr_b3c35,1056.0,1467.13550091897,-411.1355009189699
hust_to_matr,hust,matr,gaussian_process,1011,matr_b3c36,910.0,1467.1446760001816,-557.1446760001816
hust_to_matr,hust,matr,gaussian_process,1011,matr_b3c37,1376.0,1467.1354064583795,-91.13540645837952
hust_to_matr,hust,matr,gaussian_process,1011,matr_b3c38,1873.0,1467.1133365865323,405.88666341346766
hust_to_matr,hust,matr,gaussian_process,1011,matr_b3c39,1146.0,1467.118452490161,-321.11845249016096
hust_to_matr,hust,matr,gaussian_process,1011,matr_b3c4,1006.0,1467.1197980426377,-461.11979804263774
hust_to_matr,hust,matr,gaussian_process,1011,matr_b3c40,779.0,1467.125593020552,-688.1255930205521
hust_to_matr,hust,matr,gaussian_process,1011,matr_b3c41,773.0,1467.1355649066418,-694.1355649066418
hust_to_matr,hust,matr,gaussian_process,1011,matr_b3c42,1587.0,1467.1354549270327,119.8645450729673
hust_to_matr,hust,matr,gaussian_process,1011,matr_b3c43,1018.0,1467.135597824197,-449.135597824197
hust_to_matr,hust,matr,gaussian_process,1011,matr_b3c44,921.0,1467.1358945204056,-546.1358945204056
hust_to_matr,hust,matr,gaussian_process,1011,matr_b3c45,1735.0,1467.1355211820337,267.8644788179663
hust_to_matr,hust,matr,gaussian_process,1011,matr_b3c5,815.0,1467.141675284005,-652.141675284005
hust_to_matr,hust,matr,gaussian_process,1011,matr_b3c6,630.0,1467.1345697240497,-837.1345697240497
hust_to_matr,hust,matr,gaussian_process,1011,matr_b3c7,1774.0,1467.136285182617,306.86371481738297
hust_to_matr,hust,matr,gaussian_process,1011,matr_b3c8,810.0,1467.1238115953417,-657.1238115953417
hust_to_matr,hust,matr,gaussian_process,1011,matr_b3c9,1010.0,1467.1359575419924,-457.1359575419924
hust_to_sandia,hust,sandia,xgboost,42,sandia_SNL_18650_LFP_25C_0_100_0_5_3C_a,3183.0,1684.8549842212665,1498.1450157787335
hust_to_sandia,hust,sandia,xgboost,42,sandia_SNL_18650_LFP_25C_0_100_0_5_3C_b,1610.0,2029.2088520245147,-419.2088520245147
hust_to_sandia,hust,sandia,xgboost,42,sandia_SNL_18650_LFP_25C_0_100_0_5_3C_c,2305.0,1919.7163288969516,385.2836711030484
hust_to_sandia,hust,sandia,xgboost,42,sandia_SNL_18650_LFP_25C_0_100_0_5_3C_d,2788.0,2029.2088520245147,758.7911479754853
hust_to_sandia,hust,sandia,xgboost,42,sandia_SNL_18650_LFP_35C_0_100_0_5_1C_a,3089.0,1259.7565693462177,1829.2434306537823
hust_to_sandia,hust,sandia,xgboost,42,sandia_SNL_18650_LFP_35C_0_100_0_5_1C_b,3126.0,1978.8874455523521,1147.1125544476479
hust_to_sandia,hust,sandia,xgboost,42,sandia_SNL_18650_LFP_35C_0_100_0_5_1C_c,3246.0,1978.8874455523521,1267.1125544476479
hust_to_sandia,hust,sandia,xgboost,42,sandia_SNL_18650_LFP_35C_0_100_0_5_1C_d,3374.0,1978.8874455523521,1395.1125544476479
hust_to_sandia,hust,sandia,xgboost,42,sandia_SNL_18650_LFP_35C_0_100_0_5_2C_a,3442.0,1978.9818085087165,1463.0181914912835
hust_to_sandia,hust,sandia,xgboost,42,sandia_SNL_18650_LFP_35C_0_100_0_5_2C_b,2465.0,1978.8874455523521,486.1125544476479
hust_to_sandia,hust,sandia,xgboost,42,sandia_SNL_18650_NCA_15C_0_100_0_5_1C_a,176.0,1244.8312251480427,-1068.8312251480427
hust_to_sandia,hust,sandia,xgboost,42,sandia_SNL_18650_NCA_15C_0_100_0_5_1C_b,325.0,1270.8786600332896,-945.8786600332896
hust_to_sandia,hust,sandia,xgboost,42,sandia_SNL_18650_NCA_15C_0_100_0_5_2C_a,158.0,1248.3263836143303,-1090.3263836143303
hust_to_sandia,hust,sandia,xgboost,42,sandia_SNL_18650_NCA_15C_0_100_0_5_2C_b,157.0,1249.8892929981535,-1092.8892929981535
hust_to_sandia,hust,sandia,xgboost,42,sandia_SNL_18650_NCA_25C_0_100_0_5_0_5C_a,249.0,1697.7245673570656,-1448.7245673570656
hust_to_sandia,hust,sandia,xgboost,42,sandia_SNL_18650_NCA_25C_0_100_0_5_0_5C_b,135.0,1246.1163990840626,-1111.1163990840626
hust_to_sandia,hust,sandia,xgboost,42,sandia_SNL_18650_NCA_25C_0_100_0_5_1C_a,337.0,1697.7245673570656,-1360.7245673570656
hust_to_sandia,hust,sandia,xgboost,42,sandia_SNL_18650_NCA_25C_0_100_0_5_1C_b,228.0,1665.3592334171947,-1437.3592334171947
hust_to_sandia,hust,sandia,xgboost,42,sandia_SNL_18650_NCA_25C_0_100_0_5_1C_c,228.0,1228.749623573636,-1000.749623573636
hust_to_sandia,hust,sandia,xgboost,42,sandia_SNL_18650_NCA_25C_0_100_0_5_1C_d,251.0,1254.553279757619,-1003.5532797576191
hust_to_sandia,hust,sandia,xgboost,42,sandia_SNL_18650_NCA_25C_0_100_0_5_2C_a,225.0,1247.0389304253295,-1022.0389304253295
hust_to_sandia,hust,sandia,xgboost,42,sandia_SNL_18650_NCA_25C_0_100_0_5_2C_b,304.0,1697.7245673570656,-1393.7245673570656
hust_to_sandia,hust,sandia,xgboost,42,sandia_SNL_18650_NCA_35C_0_100_0_5_1C_a,171.0,1255.8484908223165,-1084.8484908223165
hust_to_sandia,hust,sandia,xgboost,42,sandia_SNL_18650_NCA_35C_0_100_0_5_1C_b,320.0,1243.802972827832,-923.802972827832
hust_to_sandia,hust,sandia,xgboost,42,sandia_SNL_18650_NCA_35C_0_100_0_5_1C_c,346.0,1249.5424728157423,-903.5424728157423
hust_to_sandia,hust,sandia,xgboost,42,sandia_SNL_18650_NCA_35C_0_100_0_5_1C_d,320.0,1612.3645399028323,-1292.3645399028323
hust_to_sandia,hust,sandia,xgboost,42,sandia_SNL_18650_NCA_35C_0_100_0_5_2C_a,210.0,1250.1151950067763,-1040.1151950067763
hust_to_sandia,hust,sandia,xgboost,42,sandia_SNL_18650_NCA_35C_0_100_0_5_2C_b,216.0,1269.439614228786,-1053.439614228786
hust_to_sandia,hust,sandia,xgboost,42,sandia_SNL_18650_NMC_15C_0_100_0_5_1C_a,105.0,1234.838826801447,-1129.838826801447
hust_to_sandia,hust,sandia,xgboost,42,sandia_SNL_18650_NMC_15C_0_100_0_5_1C_b,142.0,1225.8855062198534,-1083.8855062198534
hust_to_sandia,hust,sandia,xgboost,42,sandia_SNL_18650_NMC_15C_0_100_0_5_2C_a,102.0,1234.838826801447,-1132.838826801447
hust_to_sandia,hust,sandia,xgboost,42,sandia_SNL_18650_NMC_15C_0_100_0_5_2C_b,103.0,1233.7252873471816,-1130.7252873471816
hust_to_sandia,hust,sandia,xgboost,42,sandia_SNL_18650_NMC_25C_0_100_0_5_0_5C_a,49.0,1786.9337737712158,-1737.9337737712158
hust_to_sandia,hust,sandia,xgboost,42,sandia_SNL_18650_NMC_25C_0_100_0_5_0_5C_b,327.0,1665.3592334171947,-1338.3592334171947
hust_to_sandia,hust,sandia,xgboost,42,sandia_SNL_18650_NMC_25C_0_100_0_5_1C_a,271.0,1609.8232374704194,-1338.8232374704194
hust_to_sandia,hust,sandia,xgboost,42,sandia_SNL_18650_NMC_25C_0_100_0_5_1C_b,340.0,1609.8232374704194,-1269.8232374704194
hust_to_sandia,hust,sandia,xgboost,42,sandia_SNL_18650_NMC_25C_0_100_0_5_1C_c,282.0,1665.3592334171947,-1383.3592334171947
hust_to_sandia,hust,sandia,xgboost,42,sandia_SNL_18650_NMC_25C_0_100_0_5_1C_d,285.0,1700.3932813779045,-1415.3932813779045
hust_to_sandia,hust,sandia,xgboost,42,sandia_SNL_18650_NMC_25C_0_100_0_5_2C_a,233.0,1700.3932813779045,-1467.3932813779045
hust_to_sandia,hust,sandia,xgboost,42,sandia_SNL_18650_NMC_25C_0_100_0_5_2C_b,135.0,1564.0656377446307,-1429.0656377446307
hust_to_sandia,hust,sandia,xgboost,42,sandia_SNL_18650_NMC_25C_0_100_0_5_3C_a,261.0,1665.3592334171947,-1404.3592334171947
hust_to_sandia,hust,sandia,xgboost,42,sandia_SNL_18650_NMC_25C_0_100_0_5_3C_b,287.0,1617.013456832703,-1330.013456832703
hust_to_sandia,hust,sandia,xgboost,42,sandia_SNL_18650_NMC_25C_0_100_0_5_3C_c,305.0,1665.3592334171947,-1360.3592334171947
hust_to_sandia,hust,sandia,xgboost,42,sandia_SNL_18650_NMC_25C_0_100_0_5_3C_d,304.0,1609.8232374704194,-1305.8232374704194
hust_to_sandia,hust,sandia,xgboost,42,sandia_SNL_18650_NMC_35C_0_100_0_5_1C_a,280.0,1707.9880286834982,-1427.9880286834982
hust_to_sandia,hust,sandia,xgboost,42,sandia_SNL_18650_NMC_35C_0_100_0_5_1C_b,90.0,1258.075735194606,-1168.075735194606
hust_to_sandia,hust,sandia,xgboost,42,sandia_SNL_18650_NMC_35C_0_100_0_5_1C_c,256.0,1641.1092601010944,-1385.1092601010944
hust_to_sandia,hust,sandia,xgboost,42,sandia_SNL_18650_NMC_35C_0_100_0_5_1C_d,390.0,1697.7245673570656,-1307.7245673570656
hust_to_sandia,hust,sandia,xgboost,42,sandia_SNL_18650_NMC_35C_0_100_0_5_2C_a,170.0,1697.7245673570656,-1527.7245673570656
hust_to_sandia,hust,sandia,xgboost,42,sandia_SNL_18650_NMC_35C_0_100_0_5_2C_b,400.0,1665.3592334171947,-1265.3592334171947
hust_to_sandia,hust,sandia,xgboost,123,sandia_SNL_18650_LFP_25C_0_100_0_5_3C_a,3183.0,1771.062328705508,1411.937671294492
hust_to_sandia,hust,sandia,xgboost,123,sandia_SNL_18650_LFP_25C_0_100_0_5_3C_b,1610.0,1777.2057787865233,-167.2057787865233
hust_to_sandia,hust,sandia,xgboost,123,sandia_SNL_18650_LFP_25C_0_100_0_5_3C_c,2305.0,1777.2057787865233,527.7942212134767
hust_to_sandia,hust,sandia,xgboost,123,sandia_SNL_18650_LFP_25C_0_100_0_5_3C_d,2788.0,1777.2057787865233,1010.7942212134767
hust_to_sandia,hust,sandia,xgboost,123,sandia_SNL_18650_LFP_35C_0_100_0_5_1C_a,3089.0,1749.4216713552014,1339.5783286447986
hust_to_sandia,hust,sandia,xgboost,123,sandia_SNL_18650_LFP_35C_0_100_0_5_1C_b,3126.0,1777.2057787865233,1348.7942212134767
hust_to_sandia,hust,sandia,xgboost,123,sandia_SNL_18650_LFP_35C_0_100_0_5_1C_c,3246.0,1777.2057787865233,1468.7942212134767
hust_to_sandia,hust,sandia,xgboost,123,sandia_SNL_18650_LFP_35C_0_100_0_5_1C_d,3374.0,1777.2057787865233,1596.7942212134767
hust_to_sandia,hust,sandia,xgboost,123,sandia_SNL_18650_LFP_35C_0_100_0_5_2C_a,3442.0,1777.2057787865233,1664.7942212134767
hust_to_sandia,hust,sandia,xgboost,123,sandia_SNL_18650_LFP_35C_0_100_0_5_2C_b,2465.0,1777.2057787865233,687.7942212134767
hust_to_sandia,hust,sandia,xgboost,123,sandia_SNL_18650_NCA_15C_0_100_0_5_1C_a,176.0,942.060211175508,-766.060211175508
hust_to_sandia,hust,sandia,xgboost,123,sandia_SNL_18650_NCA_15C_0_100_0_5_1C_b,325.0,971.7331689544809,-646.7331689544809
hust_to_sandia,hust,sandia,xgboost,123,sandia_SNL_18650_NCA_15C_0_100_0_5_2C_a,158.0,1769.425583831184,-1611.425583831184
hust_to_sandia,hust,sandia,xgboost,123,sandia_SNL_18650_NCA_15C_0_100_0_5_2C_b,157.0,944.3625224001036,-787.3625224001036
hust_to_sandia,hust,sandia,xgboost,123,sandia_SNL_18650_NCA_25C_0_100_0_5_0_5C_a,249.0,1638.5468728823928,-1389.5468728823928
hust_to_sandia,hust,sandia,xgboost,123,sandia_SNL_18650_NCA_25C_0_100_0_5_0_5C_b,135.0,942.060211175508,-807.060211175508
hust_to_sandia,hust,sandia,xgboost,123,sandia_SNL_18650_NCA_25C_0_100_0_5_1C_a,337.0,1638.5468728823928,-1301.5468728823928
hust_to_sandia,hust,sandia,xgboost,123,sandia_SNL_18650_NCA_25C_0_100_0_5_1C_b,228.0,1612.610585978243,-1384.610585978243
hust_to_sandia,hust,sandia,xgboost,123,sandia_SNL_18650_NCA_25C_0_100_0_5_1C_c,228.0,971.7331689544809,-743.7331689544809
hust_to_sandia,hust,sandia,xgboost,123,sandia_SNL_18650_NCA_25C_0_100_0_5_1C_d,251.0,969.3641293863818,-718.3641293863818
hust_to_sandia,hust,sandia,xgboost,123,sandia_SNL_18650_NCA_25C_0_100_0_5_2C_a,225.0,1759.2643272928804,-1534.2643272928804
hust_to_sandia,hust,sandia,xgboost,123,sandia_SNL_18650_NCA_25C_0_100_0_5_2C_b,304.0,1777.2057787865233,-1473.2057787865233
hust_to_sandia,hust,sandia,xgboost,123,sandia_SNL_18650_NCA_35C_0_100_0_5_1C_a,171.0,971.7331689544809,-800.7331689544809
hust_to_sandia,hust,sandia,xgboost,123,sandia_SNL_18650_NCA_35C_0_100_0_5_1C_b,320.0,1749.4216713552014,-1429.4216713552014
hust_to_sandia,hust,sandia,xgboost,123,sandia_SNL_18650_NCA_35C_0_100_0_5_1C_c,346.0,971.7331689544809,-625.7331689544809
hust_to_sandia,hust,sandia,xgboost,123,sandia_SNL_18650_NCA_35C_0_100_0_5_1C_d,320.0,1615.65543360647,-1295.65543360647
hust_to_sandia,hust,sandia,xgboost,123,sandia_SNL_18650_NCA_35C_0_100_0_5_2C_a,210.0,1749.4216713552014,-1539.4216713552014
hust_to_sandia,hust,sandia,xgboost,123,sandia_SNL_18650_NCA_35C_0_100_0_5_2C_b,216.0,1759.2643272928804,-1543.2643272928804
hust_to_sandia,hust,sandia,xgboost,123,sandia_SNL_18650_NMC_15C_0_100_0_5_1C_a,105.0,944.3625224001036,-839.3625224001036
hust_to_sandia,hust,sandia,xgboost,123,sandia_SNL_18650_NMC_15C_0_100_0_5_1C_b,142.0,1403.5404494358318,-1261.5404494358318
hust_to_sandia,hust,sandia,xgboost,123,sandia_SNL_18650_NMC_15C_0_100_0_5_2C_a,102.0,942.060211175508,-840.060211175508
hust_to_sandia,hust,sandia,xgboost,123,sandia_SNL_18650_NMC_15C_0_100_0_5_2C_b,103.0,1351.4731781880319,-1248.4731781880319
hust_to_sandia,hust,sandia,xgboost,123,sandia_SNL_18650_NMC_25C_0_100_0_5_0_5C_a,49.0,1690.4769054687831,-1641.4769054687831
hust_to_sandia,hust,sandia,xgboost,123,sandia_SNL_18650_NMC_25C_0_100_0_5_0_5C_b,327.0,1624.9872259265258,-1297.9872259265258
hust_to_sandia,hust,sandia,xgboost,123,sandia_SNL_18650_NMC_25C_0_100_0_5_1C_a,271.0,1624.9872259265258,-1353.9872259265258
hust_to_sandia,hust,sandia,xgboost,123,sandia_SNL_18650_NMC_25C_0_100_0_5_1C_b,340.0,1615.65543360647,-1275.65543360647
hust_to_sandia,hust,sandia,xgboost,123,sandia_SNL_18650_NMC_25C_0_100_0_5_1C_c,282.0,1621.924791698383,-1339.924791698383
hust_to_sandia,hust,sandia,xgboost,123,sandia_SNL_18650_NMC_25C_0_100_0_5_1C_d,285.0,1615.65543360647,-1330.65543360647
hust_to_sandia,hust,sandia,xgboost,123,sandia_SNL_18650_NMC_25C_0_100_0_5_2C_a,233.0,1615.65543360647,-1382.65543360647
hust_to_sandia,hust,sandia,xgboost,123,sandia_SNL_18650_NMC_25C_0_100_0_5_2C_b,135.0,1712.4618525522094,-1577.4618525522094
hust_to_sandia,hust,sandia,xgboost,123,sandia_SNL_18650_NMC_25C_0_100_0_5_3C_a,261.0,1624.9872259265258,-1363.9872259265258
hust_to_sandia,hust,sandia,xgboost,123,sandia_SNL_18650_NMC_25C_0_100_0_5_3C_b,287.0,1638.5468728823928,-1351.5468728823928
hust_to_sandia,hust,sandia,xgboost,123,sandia_SNL_18650_NMC_25C_0_100_0_5_3C_c,305.0,1615.65543360647,-1310.65543360647
hust_to_sandia,hust,sandia,xgboost,123,sandia_SNL_18650_NMC_25C_0_100_0_5_3C_d,304.0,1615.65543360647,-1311.65543360647
hust_to_sandia,hust,sandia,xgboost,123,sandia_SNL_18650_NMC_35C_0_100_0_5_1C_a,280.0,1638.5468728823928,-1358.5468728823928
hust_to_sandia,hust,sandia,xgboost,123,sandia_SNL_18650_NMC_35C_0_100_0_5_1C_b,90.0,1630.8728040482404,-1540.8728040482404
hust_to_sandia,hust,sandia,xgboost,123,sandia_SNL_18650_NMC_35C_0_100_0_5_1C_c,256.0,1638.5468728823928,-1382.5468728823928
hust_to_sandia,hust,sandia,xgboost,123,sandia_SNL_18650_NMC_35C_0_100_0_5_1C_d,390.0,1744.2573356116602,-1354.2573356116602
hust_to_sandia,hust,sandia,xgboost,123,sandia_SNL_18650_NMC_35C_0_100_0_5_2C_a,170.0,1648.0108828478612,-1478.0108828478612
hust_to_sandia,hust,sandia,xgboost,123,sandia_SNL_18650_NMC_35C_0_100_0_5_2C_b,400.0,1615.65543360647,-1215.65543360647
hust_to_sandia,hust,sandia,xgboost,456,sandia_SNL_18650_LFP_25C_0_100_0_5_3C_a,3183.0,1591.1721712866483,1591.8278287133517
hust_to_sandia,hust,sandia,xgboost,456,sandia_SNL_18650_LFP_25C_0_100_0_5_3C_b,1610.0,1675.7953687306017,-65.7953687306017
hust_to_sandia,hust,sandia,xgboost,456,sandia_SNL_18650_LFP_25C_0_100_0_5_3C_c,2305.0,1653.348239583284,651.6517604167159
hust_to_sandia,hust,sandia,xgboost,456,sandia_SNL_18650_LFP_25C_0_100_0_5_3C_d,2788.0,1674.2051524428268,1113.7948475571732
hust_to_sandia,hust,sandia,xgboost,456,sandia_SNL_18650_LFP_35C_0_100_0_5_1C_a,3089.0,1541.7566670318383,1547.2433329681617
hust_to_sandia,hust,sandia,xgboost,456,sandia_SNL_18650_LFP_35C_0_100_0_5_1C_b,3126.0,1703.2586655239518,1422.7413344760482
hust_to_sandia,hust,sandia,xgboost,456,sandia_SNL_18650_LFP_35C_0_100_0_5_1C_c,3246.0,1646.7846542302132,1599.2153457697868
hust_to_sandia,hust,sandia,xgboost,456,sandia_SNL_18650_LFP_35C_0_100_0_5_1C_d,3374.0,1701.6423884278636,1672.3576115721364
hust_to_sandia,hust,sandia,xgboost,456,sandia_SNL_18650_LFP_35C_0_100_0_5_2C_a,3442.0,1674.2051524428268,1767.7948475571732
hust_to_sandia,hust,sandia,xgboost,456,sandia_SNL_18650_LFP_35C_0_100_0_5_2C_b,2465.0,1680.4436679713176,784.5563320286824
hust_to_sandia,hust,sandia,xgboost,456,sandia_SNL_18650_NCA_15C_0_100_0_5_1C_a,176.0,1165.4071905734843,-989.4071905734843
hust_to_sandia,hust,sandia,xgboost,456,sandia_SNL_18650_NCA_15C_0_100_0_5_1C_b,325.0,1231.925269831798,-906.925269831798
hust_to_sandia,hust,sandia,xgboost,456,sandia_SNL_18650_NCA_15C_0_100_0_5_2C_a,158.0,1536.643257857985,-1378.643257857985
hust_to_sandia,hust,sandia,xgboost,456,sandia_SNL_18650_NCA_15C_0_100_0_5_2C_b,157.0,1231.925269831798,-1074.925269831798
hust_to_sandia,hust,sandia,xgboost,456,sandia_SNL_18650_NCA_25C_0_100_0_5_0_5C_a,249.0,1620.2319428721023,-1371.2319428721023
hust_to_sandia,hust,sandia,xgboost,456,sandia_SNL_18650_NCA_25C_0_100_0_5_0_5C_b,135.0,1231.925269831798,-1096.925269831798
hust_to_sandia,hust,sandia,xgboost,456,sandia_SNL_18650_NCA_25C_0_100_0_5_1C_a,337.0,1620.2319428721023,-1283.2319428721023
hust_to_sandia,hust,sandia,xgboost,456,sandia_SNL_18650_NCA_25C_0_100_0_5_1C_b,228.0,1620.2319428721023,-1392.2319428721023
hust_to_sandia,hust,sandia,xgboost,456,sandia_SNL_18650_NCA_25C_0_100_0_5_1C_c,228.0,1231.925269831798,-1003.925269831798
hust_to_sandia,hust,sandia,xgboost,456,sandia_SNL_18650_NCA_25C_0_100_0_5_1C_d,251.0,1165.4071905734843,-914.4071905734843
hust_to_sandia,hust,sandia,xgboost,456,sandia_SNL_18650_NCA_25C_0_100_0_5_2C_a,225.0,1512.3942646397704,-1287.3942646397704
hust_to_sandia,hust,sandia,xgboost,456,sandia_SNL_18650_NCA_25C_0_100_0_5_2C_b,304.0,1620.2319428721023,-1316.2319428721023
hust_to_sandia,hust,sandia,xgboost,456,sandia_SNL_18650_NCA_35C_0_100_0_5_1C_a,171.0,1231.925269831798,-1060.925269831798
hust_to_sandia,hust,sandia,xgboost,456,sandia_SNL_18650_NCA_35C_0_100_0_5_1C_b,320.0,1513.3335140220945,-1193.3335140220945
hust_to_sandia,hust,sandia,xgboost,456,sandia_SNL_18650_NCA_35C_0_100_0_5_1C_c,346.0,1231.925269831798,-885.925269831798
hust_to_sandia,hust,sandia,xgboost,456,sandia_SNL_18650_NCA_35C_0_100_0_5_1C_d,320.0,1620.2319428721023,-1300.2319428721023
hust_to_sandia,hust,sandia,xgboost,456,sandia_SNL_18650_NCA_35C_0_100_0_5_2C_a,210.0,1515.6169774142347,-1305.6169774142347
hust_to_sandia,hust,sandia,xgboost,456,sandia_SNL_18650_NCA_35C_0_100_0_5_2C_b,216.0,1515.6169774142347,-1299.6169774142347
hust_to_sandia,hust,sandia,xgboost,456,sandia_SNL_18650_NMC_15C_0_100_0_5_1C_a,105.0,1231.925269831798,-1126.925269831798
hust_to_sandia,hust,sandia,xgboost,456,sandia_SNL_18650_NMC_15C_0_100_0_5_1C_b,142.0,1383.9117275687263,-1241.9117275687263
hust_to_sandia,hust,sandia,xgboost,456,sandia_SNL_18650_NMC_15C_0_100_0_5_2C_a,102.0,1231.925269831798,-1129.925269831798
hust_to_sandia,hust,sandia,xgboost,456,sandia_SNL_18650_NMC_15C_0_100_0_5_2C_b,103.0,1265.0544278165632,-1162.0544278165632
hust_to_sandia,hust,sandia,xgboost,456,sandia_SNL_18650_NMC_25C_0_100_0_5_0_5C_a,49.0,1640.6710951545328,-1591.6710951545328
hust_to_sandia,hust,sandia,xgboost,456,sandia_SNL_18650_NMC_25C_0_100_0_5_0_5C_b,327.0,1635.2116912872682,-1308.2116912872682
hust_to_sandia,hust,sandia,xgboost,456,sandia_SNL_18650_NMC_25C_0_100_0_5_1C_a,271.0,1620.2319428721023,-1349.2319428721023
hust_to_sandia,hust,sandia,xgboost,456,sandia_SNL_18650_NMC_25C_0_100_0_5_1C_b,340.0,1620.2319428721023,-1280.2319428721023
hust_to_sandia,hust,sandia,xgboost,456,sandia_SNL_18650_NMC_25C_0_100_0_5_1C_c,282.0,1620.2319428721023,-1338.2319428721023
hust_to_sandia,hust,sandia,xgboost,456,sandia_SNL_18650_NMC_25C_0_100_0_5_1C_d,285.0,1620.2319428721023,-1335.2319428721023
hust_to_sandia,hust,sandia,xgboost,456,sandia_SNL_18650_NMC_25C_0_100_0_5_2C_a,233.0,1620.2319428721023,-1387.2319428721023
hust_to_sandia,hust,sandia,xgboost,456,sandia_SNL_18650_NMC_25C_0_100_0_5_2C_b,135.0,1472.6831520963763,-1337.6831520963763
hust_to_sandia,hust,sandia,xgboost,456,sandia_SNL_18650_NMC_25C_0_100_0_5_3C_a,261.0,1620.2319428721023,-1359.2319428721023
hust_to_sandia,hust,sandia,xgboost,456,sandia_SNL_18650_NMC_25C_0_100_0_5_3C_b,287.0,1620.2319428721023,-1333.2319428721023
hust_to_sandia,hust,sandia,xgboost,456,sandia_SNL_18650_NMC_25C_0_100_0_5_3C_c,305.0,1620.2319428721023,-1315.2319428721023
hust_to_sandia,hust,sandia,xgboost,456,sandia_SNL_18650_NMC_25C_0_100_0_5_3C_d,304.0,1620.2319428721023,-1316.2319428721023
hust_to_sandia,hust,sandia,xgboost,456,sandia_SNL_18650_NMC_35C_0_100_0_5_1C_a,280.0,1620.2319428721023,-1340.2319428721023
hust_to_sandia,hust,sandia,xgboost,456,sandia_SNL_18650_NMC_35C_0_100_0_5_1C_b,90.0,1594.9376444147847,-1504.9376444147847
hust_to_sandia,hust,sandia,xgboost,456,sandia_SNL_18650_NMC_35C_0_100_0_5_1C_c,256.0,1620.2319428721023,-1364.2319428721023
hust_to_sandia,hust,sandia,xgboost,456,sandia_SNL_18650_NMC_35C_0_100_0_5_1C_d,390.0,1620.2319428721023,-1230.2319428721023
hust_to_sandia,hust,sandia,xgboost,456,sandia_SNL_18650_NMC_35C_0_100_0_5_2C_a,170.0,1620.2319428721023,-1450.2319428721023
hust_to_sandia,hust,sandia,xgboost,456,sandia_SNL_18650_NMC_35C_0_100_0_5_2C_b,400.0,1620.2319428721023,-1220.2319428721023
hust_to_sandia,hust,sandia,xgboost,789,sandia_SNL_18650_LFP_25C_0_100_0_5_3C_a,3183.0,1779.6964471143417,1403.3035528856583
hust_to_sandia,hust,sandia,xgboost,789,sandia_SNL_18650_LFP_25C_0_100_0_5_3C_b,1610.0,1798.9911038939188,-188.99110389391876
hust_to_sandia,hust,sandia,xgboost,789,sandia_SNL_18650_LFP_25C_0_100_0_5_3C_c,2305.0,1798.9911038939188,506.00889610608124
hust_to_sandia,hust,sandia,xgboost,789,sandia_SNL_18650_LFP_25C_0_100_0_5_3C_d,2788.0,1917.4282978972371,870.5717021027629
hust_to_sandia,hust,sandia,xgboost,789,sandia_SNL_18650_LFP_35C_0_100_0_5_1C_a,3089.0,1554.077038517519,1534.922961482481
hust_to_sandia,hust,sandia,xgboost,789,sandia_SNL_18650_LFP_35C_0_100_0_5_1C_b,3126.0,1798.9911038939188,1327.0088961060812
hust_to_sandia,hust,sandia,xgboost,789,sandia_SNL_18650_LFP_35C_0_100_0_5_1C_c,3246.0,1774.2650631361826,1471.7349368638174
hust_to_sandia,hust,sandia,xgboost,789,sandia_SNL_18650_LFP_35C_0_100_0_5_1C_d,3374.0,1794.849149449821,1579.150850550179
hust_to_sandia,hust,sandia,xgboost,789,sandia_SNL_18650_LFP_35C_0_100_0_5_2C_a,3442.0,1798.9911038939188,1643.0088961060812
hust_to_sandia,hust,sandia,xgboost,789,sandia_SNL_18650_LFP_35C_0_100_0_5_2C_b,2465.0,1782.873988003992,682.126011996008
hust_to_sandia,hust,sandia,xgboost,789,sandia_SNL_18650_NCA_15C_0_100_0_5_1C_a,176.0,913.7807961207473,-737.7807961207473
hust_to_sandia,hust,sandia,xgboost,789,sandia_SNL_18650_NCA_15C_0_100_0_5_1C_b,325.0,944.8084317118364,-619.8084317118364
hust_to_sandia,hust,sandia,xgboost,789,sandia_SNL_18650_NCA_15C_0_100_0_5_2C_a,158.0,1248.0621212976168,-1090.0621212976168
hust_to_sandia,hust,sandia,xgboost,789,sandia_SNL_18650_NCA_15C_0_100_0_5_2C_b,157.0,907.9078815777017,-750.9078815777017
hust_to_sandia,hust,sandia,xgboost,789,sandia_SNL_18650_NCA_25C_0_100_0_5_0_5C_a,249.0,1439.6328056154584,-1190.6328056154584
hust_to_sandia,hust,sandia,xgboost,789,sandia_SNL_18650_NCA_25C_0_100_0_5_0_5C_b,135.0,907.7286686428857,-772.7286686428857
hust_to_sandia,hust,sandia,xgboost,789,sandia_SNL_18650_NCA_25C_0_100_0_5_1C_a,337.0,1436.1970087958593,-1099.1970087958593
hust_to_sandia,hust,sandia,xgboost,789,sandia_SNL_18650_NCA_25C_0_100_0_5_1C_b,228.0,1415.1186288247034,-1187.1186288247034
hust_to_sandia,hust,sandia,xgboost,789,sandia_SNL_18650_NCA_25C_0_100_0_5_1C_c,228.0,941.2380678759539,-713.2380678759539
hust_to_sandia,hust,sandia,xgboost,789,sandia_SNL_18650_NCA_25C_0_100_0_5_1C_d,251.0,950.9200420322031,-699.9200420322031
hust_to_sandia,hust,sandia,xgboost,789,sandia_SNL_18650_NCA_25C_0_100_0_5_2C_a,225.0,1253.454835149766,-1028.454835149766
hust_to_sandia,hust,sandia,xgboost,789,sandia_SNL_18650_NCA_25C_0_100_0_5_2C_b,304.0,1499.1106563946796,-1195.1106563946796
hust_to_sandia,hust,sandia,xgboost,789,sandia_SNL_18650_NCA_35C_0_100_0_5_1C_a,171.0,972.2671045630535,-801.2671045630535
hust_to_sandia,hust,sandia,xgboost,789,sandia_SNL_18650_NCA_35C_0_100_0_5_1C_b,320.0,1448.43889944423,-1128.43889944423
hust_to_sandia,hust,sandia,xgboost,789,sandia_SNL_18650_NCA_35C_0_100_0_5_1C_c,346.0,944.8084317118364,-598.8084317118364
hust_to_sandia,hust,sandia,xgboost,789,sandia_SNL_18650_NCA_35C_0_100_0_5_1C_d,320.0,1371.63036627206,-1051.63036627206
hust_to_sandia,hust,sandia,xgboost,789,sandia_SNL_18650_NCA_35C_0_100_0_5_2C_a,210.0,1432.9101574129638,-1222.9101574129638
hust_to_sandia,hust,sandia,xgboost,789,sandia_SNL_18650_NCA_35C_0_100_0_5_2C_b,216.0,1397.5626672020874,-1181.5626672020874
hust_to_sandia,hust,sandia,xgboost,789,sandia_SNL_18650_NMC_15C_0_100_0_5_1C_a,105.0,907.9078815777017,-802.9078815777017
hust_to_sandia,hust,sandia,xgboost,789,sandia_SNL_18650_NMC_15C_0_100_0_5_1C_b,142.0,1249.9280331863204,-1107.9280331863204
hust_to_sandia,hust,sandia,xgboost,789,sandia_SNL_18650_NMC_15C_0_100_0_5_2C_a,102.0,907.9078815777017,-805.9078815777017
hust_to_sandia,hust,sandia,xgboost,789,sandia_SNL_18650_NMC_15C_0_100_0_5_2C_b,103.0,907.7286686428857,-804.7286686428857
hust_to_sandia,hust,sandia,xgboost,789,sandia_SNL_18650_NMC_25C_0_100_0_5_0_5C_a,49.0,1728.1435001074817,-1679.1435001074817
hust_to_sandia,hust,sandia,xgboost,789,sandia_SNL_18650_NMC_25C_0_100_0_5_0_5C_b,327.0,1389.9060104914802,-1062.9060104914802
hust_to_sandia,hust,sandia,xgboost,789,sandia_SNL_18650_NMC_25C_0_100_0_5_1C_a,271.0,1436.1970087958593,-1165.1970087958593
hust_to_sandia,hust,sandia,xgboost,789,sandia_SNL_18650_NMC_25C_0_100_0_5_1C_b,340.0,1436.1970087958593,-1096.1970087958593
hust_to_sandia,hust,sandia,xgboost,789,sandia_SNL_18650_NMC_25C_0_100_0_5_1C_c,282.0,1389.9060104914802,-1107.9060104914802
hust_to_sandia,hust,sandia,xgboost,789,sandia_SNL_18650_NMC_25C_0_100_0_5_1C_d,285.0,1436.1970087958593,-1151.1970087958593
hust_to_sandia,hust,sandia,xgboost,789,sandia_SNL_18650_NMC_25C_0_100_0_5_2C_a,233.0,1436.1970087958593,-1203.1970087958593
hust_to_sandia,hust,sandia,xgboost,789,sandia_SNL_18650_NMC_25C_0_100_0_5_2C_b,135.0,1388.0813087140818,-1253.0813087140818
hust_to_sandia,hust,sandia,xgboost,789,sandia_SNL_18650_NMC_25C_0_100_0_5_3C_a,261.0,1439.6328056154584,-1178.6328056154584
hust_to_sandia,hust,sandia,xgboost,789,sandia_SNL_18650_NMC_25C_0_100_0_5_3C_b,287.0,1430.769722491781,-1143.769722491781
hust_to_sandia,hust,sandia,xgboost,789,sandia_SNL_18650_NMC_25C_0_100_0_5_3C_c,305.0,1436.1970087958593,-1131.1970087958593
hust_to_sandia,hust,sandia,xgboost,789,sandia_SNL_18650_NMC_25C_0_100_0_5_3C_d,304.0,1430.769722491781,-1126.769722491781
hust_to_sandia,hust,sandia,xgboost,789,sandia_SNL_18650_NMC_35C_0_100_0_5_1C_a,280.0,1436.1970087958593,-1156.1970087958593
hust_to_sandia,hust,sandia,xgboost,789,sandia_SNL_18650_NMC_35C_0_100_0_5_1C_b,90.0,1417.9359417134385,-1327.9359417134385
hust_to_sandia,hust,sandia,xgboost,789,sandia_SNL_18650_NMC_35C_0_100_0_5_1C_c,256.0,1436.1970087958593,-1180.1970087958593
hust_to_sandia,hust,sandia,xgboost,789,sandia_SNL_18650_NMC_35C_0_100_0_5_1C_d,390.0,1499.1106563946796,-1109.1106563946796
hust_to_sandia,hust,sandia,xgboost,789,sandia_SNL_18650_NMC_35C_0_100_0_5_2C_a,170.0,1436.1970087958593,-1266.1970087958593
hust_to_sandia,hust,sandia,xgboost,789,sandia_SNL_18650_NMC_35C_0_100_0_5_2C_b,400.0,1439.6328056154584,-1039.6328056154584
hust_to_sandia,hust,sandia,xgboost,1011,sandia_SNL_18650_LFP_25C_0_100_0_5_3C_a,3183.0,1662.4926015026592,1520.5073984973408
hust_to_sandia,hust,sandia,xgboost,1011,sandia_SNL_18650_LFP_25C_0_100_0_5_3C_b,1610.0,1910.2362134623975,-300.2362134623975
hust_to_sandia,hust,sandia,xgboost,1011,sandia_SNL_18650_LFP_25C_0_100_0_5_3C_c,2305.0,1868.6301320995683,436.3698679004317
hust_to_sandia,hust,sandia,xgboost,1011,sandia_SNL_18650_LFP_25C_0_100_0_5_3C_d,2788.0,1978.2119382140058,809.7880617859942
hust_to_sandia,hust,sandia,xgboost,1011,sandia_SNL_18650_LFP_35C_0_100_0_5_1C_a,3089.0,1376.2832631400563,1712.7167368599437
hust_to_sandia,hust,sandia,xgboost,1011,sandia_SNL_18650_LFP_35C_0_100_0_5_1C_b,3126.0,1852.3148007112115,1273.6851992887885
hust_to_sandia,hust,sandia,xgboost,1011,sandia_SNL_18650_LFP_35C_0_100_0_5_1C_c,3246.0,1662.8208275337602,1583.1791724662398
hust_to_sandia,hust,sandia,xgboost,1011,sandia_SNL_18650_LFP_35C_0_100_0_5_1C_d,3374.0,1895.38238652906,1478.61761347094
hust_to_sandia,hust,sandia,xgboost,1011,sandia_SNL_18650_LFP_35C_0_100_0_5_2C_a,3442.0,1900.285444788957,1541.714555211043
hust_to_sandia,hust,sandia,xgboost,1011,sandia_SNL_18650_LFP_35C_0_100_0_5_2C_b,2465.0,1816.5146407543043,648.4853592456957
hust_to_sandia,hust,sandia,xgboost,1011,sandia_SNL_18650_NCA_15C_0_100_0_5_1C_a,176.0,1238.4240289303705,-1062.4240289303705
hust_to_sandia,hust,sandia,xgboost,1011,sandia_SNL_18650_NCA_15C_0_100_0_5_1C_b,325.0,1240.9694487578568,-915.9694487578568
hust_to_sandia,hust,sandia,xgboost,1011,sandia_SNL_18650_NCA_15C_0_100_0_5_2C_a,158.0,1370.4339872188305,-1212.4339872188305
hust_to_sandia,hust,sandia,xgboost,1011,sandia_SNL_18650_NCA_15C_0_100_0_5_2C_b,157.0,1240.9694487578568,-1083.9694487578568
hust_to_sandia,hust,sandia,xgboost,1011,sandia_SNL_18650_NCA_25C_0_100_0_5_0_5C_a,249.0,1672.7695847817727,-1423.7695847817727
hust_to_sandia,hust,sandia,xgboost,1011,sandia_SNL_18650_NCA_25C_0_100_0_5_0_5C_b,135.0,1218.6724474064624,-1083.6724474064624
hust_to_sandia,hust,sandia,xgboost,1011,sandia_SNL_18650_NCA_25C_0_100_0_5_1C_a,337.0,1668.759882638709,-1331.759882638709
hust_to_sandia,hust,sandia,xgboost,1011,sandia_SNL_18650_NCA_25C_0_100_0_5_1C_b,228.0,1633.9474586811152,-1405.9474586811152
hust_to_sandia,hust,sandia,xgboost,1011,sandia_SNL_18650_NCA_25C_0_100_0_5_1C_c,228.0,1228.3377954278021,-1000.3377954278021
hust_to_sandia,hust,sandia,xgboost,1011,sandia_SNL_18650_NCA_25C_0_100_0_5_1C_d,251.0,1217.6437390177193,-966.6437390177193
hust_to_sandia,hust,sandia,xgboost,1011,sandia_SNL_18650_NCA_25C_0_100_0_5_2C_a,225.0,1354.838722411001,-1129.838722411001
hust_to_sandia,hust,sandia,xgboost,1011,sandia_SNL_18650_NCA_25C_0_100_0_5_2C_b,304.0,1736.0037393029613,-1432.0037393029613
hust_to_sandia,hust,sandia,xgboost,1011,sandia_SNL_18650_NCA_35C_0_100_0_5_1C_a,171.0,1257.0994814354503,-1086.0994814354503
hust_to_sandia,hust,sandia,xgboost,1011,sandia_SNL_18650_NCA_35C_0_100_0_5_1C_b,320.0,1556.9564264833496,-1236.9564264833496
hust_to_sandia,hust,sandia,xgboost,1011,sandia_SNL_18650_NCA_35C_0_100_0_5_1C_c,346.0,1240.9694487578568,-894.9694487578568
hust_to_sandia,hust,sandia,xgboost,1011,sandia_SNL_18650_NCA_35C_0_100_0_5_1C_d,320.0,1592.6470668443324,-1272.6470668443324
hust_to_sandia,hust,sandia,xgboost,1011,sandia_SNL_18650_NCA_35C_0_100_0_5_2C_a,210.0,1556.9564264833496,-1346.9564264833496
hust_to_sandia,hust,sandia,xgboost,1011,sandia_SNL_18650_NCA_35C_0_100_0_5_2C_b,216.0,1342.3089808999778,-1126.3089808999778
hust_to_sandia,hust,sandia,xgboost,1011,sandia_SNL_18650_NMC_15C_0_100_0_5_1C_a,105.0,1216.650707142504,-1111.650707142504
hust_to_sandia,hust,sandia,xgboost,1011,sandia_SNL_18650_NMC_15C_0_100_0_5_1C_b,142.0,1501.362636258725,-1359.362636258725
hust_to_sandia,hust,sandia,xgboost,1011,sandia_SNL_18650_NMC_15C_0_100_0_5_2C_a,102.0,1216.650707142504,-1114.650707142504
hust_to_sandia,hust,sandia,xgboost,1011,sandia_SNL_18650_NMC_15C_0_100_0_5_2C_b,103.0,1491.7602508821958,-1388.7602508821958
hust_to_sandia,hust,sandia,xgboost,1011,sandia_SNL_18650_NMC_25C_0_100_0_5_0_5C_a,49.0,1753.6109726947816,-1704.6109726947816
hust_to_sandia,hust,sandia,xgboost,1011,sandia_SNL_18650_NMC_25C_0_100_0_5_0_5C_b,327.0,1618.326320182197,-1291.326320182197
hust_to_sandia,hust,sandia,xgboost,1011,sandia_SNL_18650_NMC_25C_0_100_0_5_1C_a,271.0,1559.9199931241083,-1288.9199931241083
hust_to_sandia,hust,sandia,xgboost,1011,sandia_SNL_18650_NMC_25C_0_100_0_5_1C_b,340.0,1613.212019076064,-1273.212019076064
hust_to_sandia,hust,sandia,xgboost,1011,sandia_SNL_18650_NMC_25C_0_100_0_5_1C_c,282.0,1573.5338298252689,-1291.5338298252689
hust_to_sandia,hust,sandia,xgboost,1011,sandia_SNL_18650_NMC_25C_0_100_0_5_1C_d,285.0,1634.0214774095803,-1349.0214774095803
hust_to_sandia,hust,sandia,xgboost,1011,sandia_SNL_18650_NMC_25C_0_100_0_5_2C_a,233.0,1634.0214774095803,-1401.0214774095803
hust_to_sandia,hust,sandia,xgboost,1011,sandia_SNL_18650_NMC_25C_0_100_0_5_2C_b,135.0,1674.1309100288868,-1539.1309100288868
hust_to_sandia,hust,sandia,xgboost,1011,sandia_SNL_18650_NMC_25C_0_100_0_5_3C_a,261.0,1591.100093567649,-1330.100093567649
hust_to_sandia,hust,sandia,xgboost,1011,sandia_SNL_18650_NMC_25C_0_100_0_5_3C_b,287.0,1626.4740762699723,-1339.4740762699723
hust_to_sandia,hust,sandia,xgboost,1011,sandia_SNL_18650_NMC_25C_0_100_0_5_3C_c,305.0,1647.4546071118318,-1342.4546071118318
hust_to_sandia,hust,sandia,xgboost,1011,sandia_SNL_18650_NMC_25C_0_100_0_5_3C_d,304.0,1613.212019076064,-1309.212019076064
hust_to_sandia,hust,sandia,xgboost,1011,sandia_SNL_18650_NMC_35C_0_100_0_5_1C_a,280.0,1647.4546071118318,-1367.4546071118318
hust_to_sandia,hust,sandia,xgboost,1011,sandia_SNL_18650_NMC_35C_0_100_0_5_1C_b,90.0,1352.142909580352,-1262.142909580352
hust_to_sandia,hust,sandia,xgboost,1011,sandia_SNL_18650_NMC_35C_0_100_0_5_1C_c,256.0,1663.2791838652083,-1407.2791838652083
hust_to_sandia,hust,sandia,xgboost,1011,sandia_SNL_18650_NMC_35C_0_100_0_5_1C_d,390.0,1736.0037393029613,-1346.0037393029613
hust_to_sandia,hust,sandia,xgboost,1011,sandia_SNL_18650_NMC_35C_0_100_0_5_2C_a,170.0,1655.153032502365,-1485.153032502365
hust_to_sandia,hust,sandia,xgboost,1011,sandia_SNL_18650_NMC_35C_0_100_0_5_2C_b,400.0,1634.0214774095803,-1234.0214774095803
hust_to_luh,hust,luh,pls,42,luh_P017_1_S01_C08,139.0,137.16265893934496,1.837341060655035
hust_to_luh,hust,luh,pls,42,luh_P017_2_S04_C07,127.0,95.08434528486585,31.915654715134153
hust_to_luh,hust,luh,pls,42,luh_P017_3_S05_C05,126.0,90.11018187793147,35.88981812206853
hust_to_luh,hust,luh,pls,42,luh_P018_1_S01_C06,109.0,71.20835729144015,37.79164270855985
hust_to_luh,hust,luh,pls,42,luh_P018_2_S02_C06,107.0,65.25648910344928,41.74351089655072
hust_to_luh,hust,luh,pls,42,luh_P018_3_S04_C05,107.0,63.93485936171578,43.06514063828422
hust_to_luh,hust,luh,pls,42,luh_P019_1_S01_C04,63.0,1.0,62.0
hust_to_luh,hust,luh,pls,42,luh_P019_2_S02_C04,62.0,1.0,61.0
hust_to_luh,hust,luh,pls,42,luh_P019_3_S05_C02,60.0,1.0,59.0
hust_to_luh,hust,luh,pls,42,luh_P021_1_S02_C08,451.0,775.6776449471565,-324.6776449471565
hust_to_luh,hust,luh,pls,42,luh_P021_2_S03_C08,428.0,734.5369292752999,-306.53692927529994
hust_to_luh,hust,luh,pls,42,luh_P021_3_S04_C08,430.0,769.4765422444901,-339.47654224449013
hust_to_luh,hust,luh,pls,42,luh_P022_1_S03_C06,341.0,676.2882250897794,-335.2882250897794
hust_to_luh,hust,luh,pls,42,luh_P022_2_S04_C06,344.0,674.9759525663305,-330.97595256633053
hust_to_luh,hust,luh,pls,42,luh_P022_3_S05_C04,314.0,623.4789059028611,-309.47890590286113
hust_to_luh,hust,luh,pls,42,luh_P023_1_S03_C04,82.0,1.0683416450350816,80.93165835496492
hust_to_luh,hust,luh,pls,42,luh_P023_2_S04_C04,72.0,1.0,71.0
hust_to_luh,hust,luh,pls,42,luh_P023_3_S05_C03,79.0,1.0,78.0
hust_to_luh,hust,luh,pls,42,luh_P025_1_S01_C09,718.0,1030.4556747506765,-312.4556747506765
hust_to_luh,hust,luh,pls,42,luh_P025_2_S02_C09,690.0,1010.6997989780986,-320.69979897809856
hust_to_luh,hust,luh,pls,42,luh_P025_3_S03_C09,702.0,1020.1164744753704,-318.1164744753704
hust_to_luh,hust,luh,pls,42,luh_P026_1_S01_C07,581.0,945.8889548445516,-364.88895484455156
hust_to_luh,hust,luh,pls,42,luh_P026_2_S02_C07,613.0,960.0856238607854,-347.0856238607854
hust_to_luh,hust,luh,pls,42,luh_P026_3_S03_C07,563.0,948.1223812843581,-385.1223812843581
hust_to_luh,hust,luh,pls,42,luh_P027_1_S01_C05,269.0,822.5070501674202,-553.5070501674202
hust_to_luh,hust,luh,pls,42,luh_P027_2_S02_C05,285.0,861.170580843375,-576.170580843375
hust_to_luh,hust,luh,pls,42,luh_P027_3_S03_C05,298.0,836.0829210741199,-538.0829210741199
hust_to_luh,hust,luh,pls,42,luh_P029_1_S06_C08,132.0,124.56081369281839,7.439186307181615
hust_to_luh,hust,luh,pls,42,luh_P029_2_S08_C07,135.0,132.59092260916975,2.409077390830248
hust_to_luh,hust,luh,pls,42,luh_P029_3_S09_C07,135.0,137.97516997724696,-2.9751699772469635
hust_to_luh,hust,luh,pls,42,luh_P030_1_S06_C06,118.0,102.8125961785829,15.187403821417107
hust_to_luh,hust,luh,pls,42,luh_P030_2_S08_C05,123.0,108.24140485945465,14.758595140545353
hust_to_luh,hust,luh,pls,42,luh_P030_3_S09_C05,123.0,108.90642799414937,14.093572005850632
hust_to_luh,hust,luh,pls,42,luh_P031_1_S06_C04,97.0,22.168702096089913,74.83129790391008
hust_to_luh,hust,luh,pls,42,luh_P031_2_S07_C04,94.0,18.875121611725003,75.124878388275
hust_to_luh,hust,luh,pls,42,luh_P031_3_S09_C03,90.0,13.810210506587255,76.18978949341275
hust_to_luh,hust,luh,pls,42,luh_P033_1_S07_C08,524.0,815.2649370535144,-291.26493705351436
hust_to_luh,hust,luh,pls,42,luh_P033_2_S08_C08,508.0,786.6390951069462,-278.63909510694623
hust_to_luh,hust,luh,pls,42,luh_P033_3_S09_C08,523.0,792.5481507778765,-269.54815077787646
hust_to_luh,hust,luh,pls,42,luh_P034_1_S07_C06,446.0,779.8123599412745,-333.8123599412745
hust_to_luh,hust,luh,pls,42,luh_P034_2_S08_C06,448.0,766.4146673570449,-318.4146673570449
hust_to_luh,hust,luh,pls,42,luh_P034_3_S09_C06,440.0,758.0290548895947,-318.0290548895947
hust_to_luh,hust,luh,pls,42,luh_P035_1_S08_C04,279.0,671.5530126317509,-392.5530126317509
hust_to_luh,hust,luh,pls,42,luh_P035_2_S09_C04,360.0,715.9473526201283,-355.9473526201283
hust_to_luh,hust,luh,pls,42,luh_P035_3_S10_C02,342.0,673.5652596236602,-331.56525962366015
hust_to_luh,hust,luh,pls,42,luh_P037_1_S05_C11,741.0,1011.7560462509092,-270.7560462509092
hust_to_luh,hust,luh,pls,42,luh_P037_3_S10_C04,783.0,1043.2450305626103,-260.2450305626103
hust_to_luh,hust,luh,pls,42,luh_P038_1_S06_C07,734.0,994.9080019270353,-260.90800192703534
hust_to_luh,hust,luh,pls,42,luh_P038_2_S07_C07,816.0,1026.90658483752,-210.90658483752009
hust_to_luh,hust,luh,pls,42,luh_P038_3_S10_C03,697.0,980.75224649149,-283.75224649149004
hust_to_luh,hust,luh,pls,42,luh_P039_1_S05_C10,552.0,923.760286242882,-371.760286242882
hust_to_luh,hust,luh,pls,42,luh_P039_2_S06_C05,588.0,908.5539711842162,-320.55397118421615
hust_to_luh,hust,luh,pls,42,luh_P039_3_S07_C05,547.0,892.8246154966547,-345.8246154966547
hust_to_luh,hust,luh,pls,42,luh_P041_1_S11_C08,236.0,429.538234013251,-193.53823401325099
hust_to_luh,hust,luh,pls,42,luh_P041_2_S13_C07,220.0,414.88704076863445,-194.88704076863445
hust_to_luh,hust,luh,pls,42,luh_P041_3_S14_C07,237.0,439.726935899754,-202.72693589975398
hust_to_luh,hust,luh,pls,42,luh_P042_1_S11_C06,180.0,364.3756168983946,-184.37561689839458
hust_to_luh,hust,luh,pls,42,luh_P042_2_S13_C05,204.0,457.3071736253232,-253.30717362532317
hust_to_luh,hust,luh,pls,42,luh_P042_3_S14_C05,197.0,383.44139071060766,-186.44139071060766
hust_to_luh,hust,luh,pls,42,luh_P043_1_S11_C04,160.0,167.1729903845052,-7.172990384505198
hust_to_luh,hust,luh,pls,42,luh_P043_2_S12_C04,156.0,158.24830171360668,-2.248301713606679
hust_to_luh,hust,luh,pls,42,luh_P043_3_S14_C03,153.0,125.78547011146583,27.214529888534173
hust_to_luh,hust,luh,pls,42,luh_P045_1_S12_C08,975.0,922.1188308951358,52.88116910486417
hust_to_luh,hust,luh,pls,42,luh_P045_2_S13_C08,980.0,936.734626126701,43.26537387329904
hust_to_luh,hust,luh,pls,42,luh_P045_3_S14_C08,845.0,838.9951076725929,6.004892327407106
hust_to_luh,hust,luh,pls,42,luh_P046_1_S12_C06,1095.0,918.9415686862474,176.05843131375264
hust_to_luh,hust,luh,pls,42,luh_P046_2_S13_C06,937.0,906.8238544401222,30.176145559877796
hust_to_luh,hust,luh,pls,42,luh_P046_3_S14_C06,1044.0,922.3987380990155,121.60126190098447
hust_to_luh,hust,luh,pls,42,luh_P047_1_S13_C04,1015.0,847.6299940928016,167.37000590719845
hust_to_luh,hust,luh,pls,42,luh_P047_2_S14_C04,923.0,800.2995943772365,122.70040562276347
hust_to_luh,hust,luh,pls,42,luh_P047_3_S15_C01,866.0,828.8760696790899,37.12393032091006
hust_to_luh,hust,luh,pls,42,luh_P049_1_S10_C10,1466.0,1052.3728993487807,413.6271006512193
hust_to_luh,hust,luh,pls,42,luh_P049_3_S15_C02,1380.0,1019.8417900468812,360.1582099531188
hust_to_luh,hust,luh,pls,42,luh_P050_1_S10_C09,1615.0,1022.5891627088575,592.4108372911425
hust_to_luh,hust,luh,pls,42,luh_P050_2_S11_C07,1575.0,1016.2248711362015,558.7751288637985
hust_to_luh,hust,luh,pls,42,luh_P050_3_S12_C07,1555.0,1011.1748117817241,543.8251882182759
hust_to_luh,hust,luh,pls,42,luh_P051_1_S10_C08,1234.0,956.0373263098309,277.96267369016914
hust_to_luh,hust,luh,pls,42,luh_P051_2_S11_C05,1318.0,1004.4290677925189,313.57093220748106
hust_to_luh,hust,luh,pls,42,luh_P051_3_S12_C05,1238.0,958.4412448179936,279.5587551820064
hust_to_luh,hust,luh,pls,42,luh_P053_1_S15_C08,323.0,339.1218449841555,-16.121844984155473
hust_to_luh,hust,luh,pls,42,luh_P053_2_S16_C08,332.0,350.0584213696243,-18.058421369624284
hust_to_luh,hust,luh,pls,42,luh_P053_3_S19_C07,377.0,456.71606231656784,-79.71606231656784
hust_to_luh,hust,luh,pls,42,luh_P054_1_S16_C06,359.0,436.66026960248064,-77.66026960248064
hust_to_luh,hust,luh,pls,42,luh_P054_2_S17_C06,376.0,445.08008629478076,-69.08008629478076
hust_to_luh,hust,luh,pls,42,luh_P054_3_S19_C05,384.0,486.8057469756783,-102.80574697567829
hust_to_luh,hust,luh,pls,42,luh_P055_1_S15_C05,354.0,260.56839266819026,93.43160733180974
hust_to_luh,hust,luh,pls,42,luh_P055_2_S16_C04,350.0,245.84460031764812,104.15539968235188
hust_to_luh,hust,luh,pls,42,luh_P055_3_S17_C04,351.0,261.8564888562314,89.14351114376859
hust_to_luh,hust,luh,pls,42,luh_P057_1_S17_C08,555.0,823.9251715666471,-268.9251715666471
hust_to_luh,hust,luh,pls,42,luh_P057_2_S18_C08,556.0,839.5742822389591,-283.5742822389591
hust_to_luh,hust,luh,pls,42,luh_P057_3_S19_C08,539.0,908.5509339388067,-369.5509339388067
hust_to_luh,hust,luh,pls,42,luh_P058_1_S15_C07,707.0,886.6462558081305,-179.6462558081305
hust_to_luh,hust,luh,pls,42,luh_P058_2_S18_C06,672.0,888.1793835619427,-216.1793835619427
hust_to_luh,hust,luh,pls,42,luh_P058_3_S19_C06,712.0,947.0740272174896,-235.07402721748963
hust_to_luh,hust,luh,pls,42,luh_P059_1_S15_C06,605.0,844.8049655207759,-239.8049655207759
hust_to_luh,hust,luh,pls,42,luh_P059_2_S18_C04,660.0,846.9980902717324,-186.9980902717324
hust_to_luh,hust,luh,pls,42,luh_P059_3_S19_C04,664.0,850.0896503786618,-186.08965037866176
hust_to_luh,hust,luh,pls,42,luh_P061_1_S16_C09,947.0,955.6790367005701,-8.679036700570123
hust_to_luh,hust,luh,pls,42,luh_P061_2_S17_C09,942.0,971.2764563930374,-29.276456393037392
hust_to_luh,hust,luh,pls,42,luh_P061_3_S18_C09,1033.0,995.006218266752,37.993781733248056
hust_to_luh,hust,luh,pls,42,luh_P062_1_S16_C07,1120.0,988.6027837511742,131.39721624882577
hust_to_luh,hust,luh,pls,42,luh_P062_2_S17_C07,1148.0,981.5934499639172,166.40655003608276
hust_to_luh,hust,luh,pls,42,luh_P062_3_S18_C07,1128.0,987.1579475259446,140.84205247405544
hust_to_luh,hust,luh,pls,42,luh_P063_1_S16_C05,1149.0,983.2444160882203,165.7555839117797
hust_to_luh,hust,luh,pls,42,luh_P063_2_S17_C05,1236.0,936.8912545674141,299.1087454325859
hust_to_luh,hust,luh,pls,42,luh_P063_3_S18_C05,1335.0,949.1028542714268,385.89714572857315
hust_to_luh,hust,luh,pls,123,luh_P017_1_S01_C08,139.0,1.0,138.0
hust_to_luh,hust,luh,pls,123,luh_P017_2_S04_C07,127.0,1.0,126.0
hust_to_luh,hust,luh,pls,123,luh_P017_3_S05_C05,126.0,1.0,125.0
hust_to_luh,hust,luh,pls,123,luh_P018_1_S01_C06,109.0,1.0,108.0
hust_to_luh,hust,luh,pls,123,luh_P018_2_S02_C06,107.0,1.0,106.0
hust_to_luh,hust,luh,pls,123,luh_P018_3_S04_C05,107.0,1.0,106.0
hust_to_luh,hust,luh,pls,123,luh_P019_1_S01_C04,63.0,1.0,62.0
hust_to_luh,hust,luh,pls,123,luh_P019_2_S02_C04,62.0,1.0,61.0
hust_to_luh,hust,luh,pls,123,luh_P019_3_S05_C02,60.0,1.0,59.0
hust_to_luh,hust,luh,pls,123,luh_P021_1_S02_C08,451.0,1.0,450.0
hust_to_luh,hust,luh,pls,123,luh_P021_2_S03_C08,428.0,1.0,427.0
hust_to_luh,hust,luh,pls,123,luh_P021_3_S04_C08,430.0,1.0,429.0
hust_to_luh,hust,luh,pls,123,luh_P022_1_S03_C06,341.0,1.0,340.0
hust_to_luh,hust,luh,pls,123,luh_P022_2_S04_C06,344.0,1.0,343.0
hust_to_luh,hust,luh,pls,123,luh_P022_3_S05_C04,314.0,1.0,313.0
hust_to_luh,hust,luh,pls,123,luh_P023_1_S03_C04,82.0,1.0,81.0
hust_to_luh,hust,luh,pls,123,luh_P023_2_S04_C04,72.0,1.0,71.0
hust_to_luh,hust,luh,pls,123,luh_P023_3_S05_C03,79.0,1.0,78.0
hust_to_luh,hust,luh,pls,123,luh_P025_1_S01_C09,718.0,9.243265467977869,708.7567345320222
hust_to_luh,hust,luh,pls,123,luh_P025_2_S02_C09,690.0,6.735867475262134,683.2641325247379
hust_to_luh,hust,luh,pls,123,luh_P025_3_S03_C09,702.0,8.276035538932664,693.7239644610673
hust_to_luh,hust,luh,pls,123,luh_P026_1_S01_C07,581.0,1.9381709856298146,579.0618290143702
hust_to_luh,hust,luh,pls,123,luh_P026_2_S02_C07,613.0,2.5386580239538583,610.4613419760461
hust_to_luh,hust,luh,pls,123,luh_P026_3_S03_C07,563.0,2.142030043426462,560.8579699565736
hust_to_luh,hust,luh,pls,123,luh_P027_1_S01_C05,269.0,1.0,268.0
hust_to_luh,hust,luh,pls,123,luh_P027_2_S02_C05,285.0,1.0,284.0
hust_to_luh,hust,luh,pls,123,luh_P027_3_S03_C05,298.0,1.0,297.0
hust_to_luh,hust,luh,pls,123,luh_P029_1_S06_C08,132.0,1.0,131.0
hust_to_luh,hust,luh,pls,123,luh_P029_2_S08_C07,135.0,1.0,134.0
hust_to_luh,hust,luh,pls,123,luh_P029_3_S09_C07,135.0,1.0,134.0
hust_to_luh,hust,luh,pls,123,luh_P030_1_S06_C06,118.0,1.0,117.0
hust_to_luh,hust,luh,pls,123,luh_P030_2_S08_C05,123.0,1.0,122.0
hust_to_luh,hust,luh,pls,123,luh_P030_3_S09_C05,123.0,1.0,122.0
hust_to_luh,hust,luh,pls,123,luh_P031_1_S06_C04,97.0,1.0,96.0
hust_to_luh,hust,luh,pls,123,luh_P031_2_S07_C04,94.0,1.0,93.0
hust_to_luh,hust,luh,pls,123,luh_P031_3_S09_C03,90.0,1.0,89.0
hust_to_luh,hust,luh,pls,123,luh_P033_1_S07_C08,524.0,1.0,523.0
hust_to_luh,hust,luh,pls,123,luh_P033_2_S08_C08,508.0,1.0,507.0
hust_to_luh,hust,luh,pls,123,luh_P033_3_S09_C08,523.0,1.0,522.0
hust_to_luh,hust,luh,pls,123,luh_P034_1_S07_C06,446.0,1.0,445.0
hust_to_luh,hust,luh,pls,123,luh_P034_2_S08_C06,448.0,1.0,447.0
hust_to_luh,hust,luh,pls,123,luh_P034_3_S09_C06,440.0,1.0,439.0
hust_to_luh,hust,luh,pls,123,luh_P035_1_S08_C04,279.0,1.0,278.0
hust_to_luh,hust,luh,pls,123,luh_P035_2_S09_C04,360.0,1.0,359.0
hust_to_luh,hust,luh,pls,123,luh_P035_3_S10_C02,342.0,1.0,341.0
hust_to_luh,hust,luh,pls,123,luh_P037_1_S05_C11,741.0,5.264885010314447,735.7351149896856
hust_to_luh,hust,luh,pls,123,luh_P037_3_S10_C04,783.0,11.712983311241194,771.2870166887589
hust_to_luh,hust,luh,pls,123,luh_P038_1_S06_C07,734.0,6.435928821648277,727.5640711783517
hust_to_luh,hust,luh,pls,123,luh_P038_2_S07_C07,816.0,15.062628575874925,800.9373714241251
hust_to_luh,hust,luh,pls,123,luh_P038_3_S10_C03,697.0,4.840452584622195,692.1595474153778
hust_to_luh,hust,luh,pls,123,luh_P039_1_S05_C10,552.0,4.524192916762267,547.4758070832378
hust_to_luh,hust,luh,pls,123,luh_P039_2_S06_C05,588.0,3.516046548519619,584.4839534514804
hust_to_luh,hust,luh,pls,123,luh_P039_3_S07_C05,547.0,2.476078910875946,544.5239210891241
hust_to_luh,hust,luh,pls,123,luh_P041_1_S11_C08,236.0,1.0,235.0
hust_to_luh,hust,luh,pls,123,luh_P041_2_S13_C07,220.0,1.0,219.0
hust_to_luh,hust,luh,pls,123,luh_P041_3_S14_C07,237.0,1.0,236.0
hust_to_luh,hust,luh,pls,123,luh_P042_1_S11_C06,180.0,1.0,179.0
hust_to_luh,hust,luh,pls,123,luh_P042_2_S13_C05,204.0,1.0,203.0
hust_to_luh,hust,luh,pls,123,luh_P042_3_S14_C05,197.0,1.0,196.0
hust_to_luh,hust,luh,pls,123,luh_P043_1_S11_C04,160.0,1.0,159.0
hust_to_luh,hust,luh,pls,123,luh_P043_2_S12_C04,156.0,1.0,155.0
hust_to_luh,hust,luh,pls,123,luh_P043_3_S14_C03,153.0,1.0,152.0
hust_to_luh,hust,luh,pls,123,luh_P045_1_S12_C08,975.0,1.1666209807822236,973.8333790192178
hust_to_luh,hust,luh,pls,123,luh_P045_2_S13_C08,980.0,1.2814506878123735,978.7185493121876
hust_to_luh,hust,luh,pls,123,luh_P045_3_S14_C08,845.0,1.0,844.0
hust_to_luh,hust,luh,pls,123,luh_P046_1_S12_C06,1095.0,1.1189220588600155,1093.88107794114
hust_to_luh,hust,luh,pls,123,luh_P046_2_S13_C06,937.0,1.0,936.0
hust_to_luh,hust,luh,pls,123,luh_P046_3_S14_C06,1044.0,1.302674353443502,1042.6973256465565
hust_to_luh,hust,luh,pls,123,luh_P047_1_S13_C04,1015.0,1.592983717203498,1013.4070162827965
hust_to_luh,hust,luh,pls,123,luh_P047_2_S14_C04,923.0,1.0,922.0
hust_to_luh,hust,luh,pls,123,luh_P047_3_S15_C01,866.0,1.236366650266846,864.7636333497331
hust_to_luh,hust,luh,pls,123,luh_P049_1_S10_C10,1466.0,14.272176915953056,1451.727823084047
hust_to_luh,hust,luh,pls,123,luh_P049_3_S15_C02,1380.0,6.227327971082163,1373.772672028918
hust_to_luh,hust,luh,pls,123,luh_P050_1_S10_C09,1615.0,14.44922303760801,1600.550776962392
hust_to_luh,hust,luh,pls,123,luh_P050_2_S11_C07,1575.0,8.884969511208716,1566.1150304887913
hust_to_luh,hust,luh,pls,123,luh_P050_3_S12_C07,1555.0,10.6832951022647,1544.3167048977352
hust_to_luh,hust,luh,pls,123,luh_P051_1_S10_C08,1234.0,12.3889408626008,1221.6110591373993
hust_to_luh,hust,luh,pls,123,luh_P051_2_S11_C05,1318.0,46.22934328263056,1271.7706567173695
hust_to_luh,hust,luh,pls,123,luh_P051_3_S12_C05,1238.0,15.850009772779849,1222.14999022722
hust_to_luh,hust,luh,pls,123,luh_P053_1_S15_C08,323.0,1.0,322.0
hust_to_luh,hust,luh,pls,123,luh_P053_2_S16_C08,332.0,1.0,331.0
hust_to_luh,hust,luh,pls,123,luh_P053_3_S19_C07,377.0,1.0,376.0
hust_to_luh,hust,luh,pls,123,luh_P054_1_S16_C06,359.0,1.0,358.0
hust_to_luh,hust,luh,pls,123,luh_P054_2_S17_C06,376.0,1.0,375.0
hust_to_luh,hust,luh,pls,123,luh_P054_3_S19_C05,384.0,1.0,383.0
hust_to_luh,hust,luh,pls,123,luh_P055_1_S15_C05,354.0,1.0,353.0
hust_to_luh,hust,luh,pls,123,luh_P055_2_S16_C04,350.0,1.0,349.0
hust_to_luh,hust,luh,pls,123,luh_P055_3_S17_C04,351.0,1.0,350.0
hust_to_luh,hust,luh,pls,123,luh_P057_1_S17_C08,555.0,1.0,554.0
hust_to_luh,hust,luh,pls,123,luh_P057_2_S18_C08,556.0,1.0,555.0
hust_to_luh,hust,luh,pls,123,luh_P057_3_S19_C08,539.0,1.0,538.0
hust_to_luh,hust,luh,pls,123,luh_P058_1_S15_C07,707.0,1.0,706.0
hust_to_luh,hust,luh,pls,123,luh_P058_2_S18_C06,672.0,1.0,671.0
hust_to_luh,hust,luh,pls,123,luh_P058_3_S19_C06,712.0,1.7748982298044942,710.2251017701955
hust_to_luh,hust,luh,pls,123,luh_P059_1_S15_C06,605.0,1.847140554157591,603.1528594458424
hust_to_luh,hust,luh,pls,123,luh_P059_2_S18_C04,660.0,2.1074988453196895,657.8925011546803
hust_to_luh,hust,luh,pls,123,luh_P059_3_S19_C04,664.0,2.336804113527838,661.6631958864722
hust_to_luh,hust,luh,pls,123,luh_P061_1_S16_C09,947.0,1.7153491355168686,945.2846508644832
hust_to_luh,hust,luh,pls,123,luh_P061_2_S17_C09,942.0,2.180522732699115,939.8194772673008
hust_to_luh,hust,luh,pls,123,luh_P061_3_S18_C09,1033.0,4.427179557011031,1028.572820442989
hust_to_luh,hust,luh,pls,123,luh_P062_1_S16_C07,1120.0,4.577609829082274,1115.4223901709177
hust_to_luh,hust,luh,pls,123,luh_P062_2_S17_C07,1148.0,3.9079162445890225,1144.092083755411
hust_to_luh,hust,luh,pls,123,luh_P062_3_S18_C07,1128.0,4.790405747657817,1123.2095942523422
hust_to_luh,hust,luh,pls,123,luh_P063_1_S16_C05,1149.0,27.041680670924674,1121.9583193290753
hust_to_luh,hust,luh,pls,123,luh_P063_2_S17_C05,1236.0,10.772999158900209,1225.2270008410999
hust_to_luh,hust,luh,pls,123,luh_P063_3_S18_C05,1335.0,13.128016974821112,1321.871983025179
hust_to_luh,hust,luh,pls,456,luh_P017_1_S01_C08,139.0,1.0,138.0
hust_to_luh,hust,luh,pls,456,luh_P017_2_S04_C07,127.0,1.0,126.0
hust_to_luh,hust,luh,pls,456,luh_P017_3_S05_C05,126.0,1.0,125.0
hust_to_luh,hust,luh,pls,456,luh_P018_1_S01_C06,109.0,1.0,108.0
hust_to_luh,hust,luh,pls,456,luh_P018_2_S02_C06,107.0,1.0,106.0
hust_to_luh,hust,luh,pls,456,luh_P018_3_S04_C05,107.0,1.0,106.0
hust_to_luh,hust,luh,pls,456,luh_P019_1_S01_C04,63.0,1.0,62.0
hust_to_luh,hust,luh,pls,456,luh_P019_2_S02_C04,62.0,1.0,61.0
hust_to_luh,hust,luh,pls,456,luh_P019_3_S05_C02,60.0,1.0,59.0
hust_to_luh,hust,luh,pls,456,luh_P021_1_S02_C08,451.0,37.57749898317231,413.4225010168277
hust_to_luh,hust,luh,pls,456,luh_P021_2_S03_C08,428.0,34.526715360686445,393.47328463931353
hust_to_luh,hust,luh,pls,456,luh_P021_3_S04_C08,430.0,28.246457724713505,401.7535422752865
hust_to_luh,hust,luh,pls,456,luh_P022_1_S03_C06,341.0,5.73552578115755,335.26447421884245
hust_to_luh,hust,luh,pls,456,luh_P022_2_S04_C06,344.0,6.606860404553597,337.3931395954464
hust_to_luh,hust,luh,pls,456,luh_P022_3_S05_C04,314.0,4.818883731151376,309.1811162688486
hust_to_luh,hust,luh,pls,456,luh_P023_1_S03_C04,82.0,1.0,81.0
hust_to_luh,hust,luh,pls,456,luh_P023_2_S04_C04,72.0,1.0,71.0
hust_to_luh,hust,luh,pls,456,luh_P023_3_S05_C03,79.0,1.0,78.0
hust_to_luh,hust,luh,pls,456,luh_P025_1_S01_C09,718.0,119.42364721443832,598.5763527855617
hust_to_luh,hust,luh,pls,456,luh_P025_2_S02_C09,690.0,112.12412699336987,577.8758730066302
hust_to_luh,hust,luh,pls,456,luh_P025_3_S03_C09,702.0,121.03021198448081,580.9697880155192
hust_to_luh,hust,luh,pls,456,luh_P026_1_S01_C07,581.0,39.066198419606906,541.933801580393
hust_to_luh,hust,luh,pls,456,luh_P026_2_S02_C07,613.0,45.56450918803455,567.4354908119655
hust_to_luh,hust,luh,pls,456,luh_P026_3_S03_C07,563.0,39.11368944489354,523.8863105551064
hust_to_luh,hust,luh,pls,456,luh_P027_1_S01_C05,269.0,37.87293556879321,231.1270644312068
hust_to_luh,hust,luh,pls,456,luh_P027_2_S02_C05,285.0,45.55153833001966,239.44846166998033
hust_to_luh,hust,luh,pls,456,luh_P027_3_S03_C05,298.0,38.62468427558928,259.3753157244107
hust_to_luh,hust,luh,pls,456,luh_P029_1_S06_C08,132.0,1.0,131.0
hust_to_luh,hust,luh,pls,456,luh_P029_2_S08_C07,135.0,1.0,134.0
hust_to_luh,hust,luh,pls,456,luh_P029_3_S09_C07,135.0,1.0,134.0
hust_to_luh,hust,luh,pls,456,luh_P030_1_S06_C06,118.0,1.0,117.0
hust_to_luh,hust,luh,pls,456,luh_P030_2_S08_C05,123.0,1.0,122.0
hust_to_luh,hust,luh,pls,456,luh_P030_3_S09_C05,123.0,1.0,122.0
hust_to_luh,hust,luh,pls,456,luh_P031_1_S06_C04,97.0,1.0,96.0
hust_to_luh,hust,luh,pls,456,luh_P031_2_S07_C04,94.0,1.0,93.0
hust_to_luh,hust,luh,pls,456,luh_P031_3_S09_C03,90.0,1.0,89.0
hust_to_luh,hust,luh,pls,456,luh_P033_1_S07_C08,524.0,36.383697975907516,487.6163020240925
hust_to_luh,hust,luh,pls,456,luh_P033_2_S08_C08,508.0,48.193880027549724,459.8061199724503
hust_to_luh,hust,luh,pls,456,luh_P033_3_S09_C08,523.0,48.83541577480099,474.164584225199
hust_to_luh,hust,luh,pls,456,luh_P034_1_S07_C06,446.0,13.850306530189462,432.14969346981053
hust_to_luh,hust,luh,pls,456,luh_P034_2_S08_C06,448.0,12.513338168491623,435.4866618315084
hust_to_luh,hust,luh,pls,456,luh_P034_3_S09_C06,440.0,13.328866526081953,426.6711334739181
hust_to_luh,hust,luh,pls,456,luh_P035_1_S08_C04,279.0,26.16441136027652,252.83558863972348
hust_to_luh,hust,luh,pls,456,luh_P035_2_S09_C04,360.0,32.70831071020909,327.2916892897909
hust_to_luh,hust,luh,pls,456,luh_P035_3_S10_C02,342.0,29.71637531383446,312.2836246861655
hust_to_luh,hust,luh,pls,456,luh_P037_1_S05_C11,741.0,112.0549297572786,628.9450702427214
hust_to_luh,hust,luh,pls,456,luh_P037_3_S10_C04,783.0,124.9619922556658,658.0380077443342
hust_to_luh,hust,luh,pls,456,luh_P038_1_S06_C07,734.0,66.95486502720854,667.0451349727914
hust_to_luh,hust,luh,pls,456,luh_P038_2_S07_C07,816.0,98.53415548645299,717.465844513547
hust_to_luh,hust,luh,pls,456,luh_P038_3_S10_C03,697.0,62.46491601284722,634.5350839871528
hust_to_luh,hust,luh,pls,456,luh_P039_1_S05_C10,552.0,86.13162045566095,465.86837954433906
hust_to_luh,hust,luh,pls,456,luh_P039_2_S06_C05,588.0,89.05437974322076,498.94562025677925
hust_to_luh,hust,luh,pls,456,luh_P039_3_S07_C05,547.0,81.03645006013045,465.96354993986955
hust_to_luh,hust,luh,pls,456,luh_P041_1_S11_C08,236.0,38.58298033179609,197.41701966820392
hust_to_luh,hust,luh,pls,456,luh_P041_2_S13_C07,220.0,13.899577009592363,206.10042299040765
hust_to_luh,hust,luh,pls,456,luh_P041_3_S14_C07,237.0,34.43512253875997,202.56487746124003
hust_to_luh,hust,luh,pls,456,luh_P042_1_S11_C06,180.0,1.0,179.0
hust_to_luh,hust,luh,pls,456,luh_P042_2_S13_C05,204.0,2.7680135288938432,201.23198647110615
hust_to_luh,hust,luh,pls,456,luh_P042_3_S14_C05,197.0,2.3495361674623325,194.65046383253767
hust_to_luh,hust,luh,pls,456,luh_P043_1_S11_C04,160.0,1.0,159.0
hust_to_luh,hust,luh,pls,456,luh_P043_2_S12_C04,156.0,1.0,155.0
hust_to_luh,hust,luh,pls,456,luh_P043_3_S14_C03,153.0,1.0,152.0
hust_to_luh,hust,luh,pls,456,luh_P045_1_S12_C08,975.0,79.10985490043882,895.8901450995612
hust_to_luh,hust,luh,pls,456,luh_P045_2_S13_C08,980.0,63.13521869419357,916.8647813058064
hust_to_luh,hust,luh,pls,456,luh_P045_3_S14_C08,845.0,63.372615933359135,781.6273840666408
hust_to_luh,hust,luh,pls,456,luh_P046_1_S12_C06,1095.0,36.38161150104891,1058.6183884989512
hust_to_luh,hust,luh,pls,456,luh_P046_2_S13_C06,937.0,35.2086456372761,901.791354362724
hust_to_luh,hust,luh,pls,456,luh_P046_3_S14_C06,1044.0,35.87202595888502,1008.127974041115
hust_to_luh,hust,luh,pls,456,luh_P047_1_S13_C04,1015.0,106.47193638144783,908.5280636185522
hust_to_luh,hust,luh,pls,456,luh_P047_2_S14_C04,923.0,84.57362741777841,838.4263725822216
hust_to_luh,hust,luh,pls,456,luh_P047_3_S15_C01,866.0,92.82493425277,773.17506574723
hust_to_luh,hust,luh,pls,456,luh_P049_1_S10_C10,1466.0,172.67220977765538,1293.3277902223447
hust_to_luh,hust,luh,pls,456,luh_P049_3_S15_C02,1380.0,132.48536123885717,1247.5146387611428
hust_to_luh,hust,luh,pls,456,luh_P050_1_S10_C09,1615.0,110.07004903143743,1504.9299509685625
hust_to_luh,hust,luh,pls,456,luh_P050_2_S11_C07,1575.0,85.30681140660981,1489.6931885933902
hust_to_luh,hust,luh,pls,456,luh_P050_3_S12_C07,1555.0,94.46912078523755,1460.5308792147625
hust_to_luh,hust,luh,pls,456,luh_P051_1_S10_C08,1234.0,172.43436161669496,1061.565638383305
hust_to_luh,hust,luh,pls,456,luh_P051_2_S11_C05,1318.0,253.22615996644095,1064.773840033559
hust_to_luh,hust,luh,pls,456,luh_P051_3_S12_C05,1238.0,176.1439462955767,1061.8560537044232
hust_to_luh,hust,luh,pls,456,luh_P053_1_S15_C08,323.0,16.5675091016612,306.4324908983388
hust_to_luh,hust,luh,pls,456,luh_P053_2_S16_C08,332.0,12.644087834140091,319.35591216585993
hust_to_luh,hust,luh,pls,456,luh_P053_3_S19_C07,377.0,1.4509258695492844,375.5490741304507
hust_to_luh,hust,luh,pls,456,luh_P054_1_S16_C06,359.0,3.8684235080441516,355.13157649195585
hust_to_luh,hust,luh,pls,456,luh_P054_2_S17_C06,376.0,3.9881206817130823,372.0118793182869
hust_to_luh,hust,luh,pls,456,luh_P054_3_S19_C05,384.0,7.419461439592207,376.5805385604078
hust_to_luh,hust,luh,pls,456,luh_P055_1_S15_C05,354.0,19.57747122943141,334.4225287705686
hust_to_luh,hust,luh,pls,456,luh_P055_2_S16_C04,350.0,19.507052798583903,330.4929472014161
hust_to_luh,hust,luh,pls,456,luh_P055_3_S17_C04,351.0,19.365162822411083,331.6348371775889
hust_to_luh,hust,luh,pls,456,luh_P057_1_S17_C08,555.0,56.845662590682586,498.1543374093174
hust_to_luh,hust,luh,pls,456,luh_P057_2_S18_C08,556.0,51.63251717352825,504.36748282647176
hust_to_luh,hust,luh,pls,456,luh_P057_3_S19_C08,539.0,22.235135980690053,516.7648640193099
hust_to_luh,hust,luh,pls,456,luh_P058_1_S15_C07,707.0,32.87134824340952,674.1286517565904
hust_to_luh,hust,luh,pls,456,luh_P058_2_S18_C06,672.0,28.210276517476295,643.7897234825238
hust_to_luh,hust,luh,pls,456,luh_P058_3_S19_C06,712.0,50.15103317052599,661.848966829474
hust_to_luh,hust,luh,pls,456,luh_P059_1_S15_C06,605.0,110.72319559908738,494.2768044009126
hust_to_luh,hust,luh,pls,456,luh_P059_2_S18_C04,660.0,113.55806458205083,546.4419354179491
hust_to_luh,hust,luh,pls,456,luh_P059_3_S19_C04,664.0,138.46258041650373,525.5374195834963
hust_to_luh,hust,luh,pls,456,luh_P061_1_S16_C09,947.0,94.09540731921172,852.9045926807883
hust_to_luh,hust,luh,pls,456,luh_P061_2_S17_C09,942.0,119.84418146892662,822.1558185310734
hust_to_luh,hust,luh,pls,456,luh_P061_3_S18_C09,1033.0,143.56415224943146,889.4358477505685
hust_to_luh,hust,luh,pls,456,luh_P062_1_S16_C07,1120.0,66.28067337912839,1053.7193266208717
hust_to_luh,hust,luh,pls,456,luh_P062_2_S17_C07,1148.0,60.730703797095444,1087.2692962029046
hust_to_luh,hust,luh,pls,456,luh_P062_3_S18_C07,1128.0,68.14105943659621,1059.8589405634038
hust_to_luh,hust,luh,pls,456,luh_P063_1_S16_C05,1149.0,227.02153765722827,921.9784623427718
hust_to_luh,hust,luh,pls,456,luh_P063_2_S17_C05,1236.0,183.47616746411808,1052.5238325358819
hust_to_luh,hust,luh,pls,456,luh_P063_3_S18_C05,1335.0,189.00980435234626,1145.9901956476538
hust_to_luh,hust,luh,pls,789,luh_P017_1_S01_C08,139.0,93.83727981158414,45.16272018841586
hust_to_luh,hust,luh,pls,789,luh_P017_2_S04_C07,127.0,68.86681717700309,58.133182822996915
hust_to_luh,hust,luh,pls,789,luh_P017_3_S05_C05,126.0,66.27896714535427,59.72103285464573
hust_to_luh,hust,luh,pls,789,luh_P018_1_S01_C06,109.0,55.7546729647048,53.2453270352952
hust_to_luh,hust,luh,pls,789,luh_P018_2_S02_C06,107.0,51.83154947445358,55.16845052554642
hust_to_luh,hust,luh,pls,789,luh_P018_3_S04_C05,107.0,50.78588363183042,56.21411636816958
hust_to_luh,hust,luh,pls,789,luh_P019_1_S01_C04,63.0,1.0,62.0
hust_to_luh,hust,luh,pls,789,luh_P019_2_S02_C04,62.0,1.0,61.0
hust_to_luh,hust,luh,pls,789,luh_P019_3_S05_C02,60.0,1.0,59.0
hust_to_luh,hust,luh,pls,789,luh_P021_1_S02_C08,451.0,505.5796862061216,-54.57968620612161
hust_to_luh,hust,luh,pls,789,luh_P021_2_S03_C08,428.0,466.5740242986444,-38.57402429864442
hust_to_luh,hust,luh,pls,789,luh_P021_3_S04_C08,430.0,491.9343455863081,-61.9343455863081
hust_to_luh,hust,luh,pls,789,luh_P022_1_S03_C06,341.0,445.8337616176341,-104.83376161763408
hust_to_luh,hust,luh,pls,789,luh_P022_2_S04_C06,344.0,441.0161465222881,-97.01614652228812
hust_to_luh,hust,luh,pls,789,luh_P022_3_S05_C04,314.0,405.21568174351114,-91.21568174351114
hust_to_luh,hust,luh,pls,789,luh_P023_1_S03_C04,82.0,1.9459665999371822,80.05403340006282
hust_to_luh,hust,luh,pls,789,luh_P023_2_S04_C04,72.0,1.0,71.0
hust_to_luh,hust,luh,pls,789,luh_P023_3_S05_C03,79.0,1.0938274329824569,77.90617256701755
hust_to_luh,hust,luh,pls,789,luh_P025_1_S01_C09,718.0,785.471106543602,-67.47110654360199
hust_to_luh,hust,luh,pls,789,luh_P025_2_S02_C09,690.0,762.5626194816458,-72.56261948164581
hust_to_luh,hust,luh,pls,789,luh_P025_3_S03_C09,702.0,777.5877582929118,-75.58775829291176
hust_to_luh,hust,luh,pls,789,luh_P026_1_S01_C07,581.0,703.7320140852589,-122.73201408525892
hust_to_luh,hust,luh,pls,789,luh_P026_2_S02_C07,613.0,721.3632482193323,-108.36324821933226
hust_to_luh,hust,luh,pls,789,luh_P026_3_S03_C07,563.0,711.153172618519,-148.15317261851897
hust_to_luh,hust,luh,pls,789,luh_P027_1_S01_C05,269.0,618.054493570708,-349.054493570708
hust_to_luh,hust,luh,pls,789,luh_P027_2_S02_C05,285.0,660.6863404047523,-375.6863404047523
hust_to_luh,hust,luh,pls,789,luh_P027_3_S03_C05,298.0,633.4504013815716,-335.4504013815716
hust_to_luh,hust,luh,pls,789,luh_P029_1_S06_C08,132.0,85.65396450894966,46.346035491050344
hust_to_luh,hust,luh,pls,789,luh_P029_2_S08_C07,135.0,91.30572311278577,43.69427688721423
hust_to_luh,hust,luh,pls,789,luh_P029_3_S09_C07,135.0,94.32258319694789,40.67741680305211
hust_to_luh,hust,luh,pls,789,luh_P030_1_S06_C06,118.0,74.79177683648359,43.20822316351641
hust_to_luh,hust,luh,pls,789,luh_P030_2_S08_C05,123.0,78.79799256440441,44.20200743559559
hust_to_luh,hust,luh,pls,789,luh_P030_3_S09_C05,123.0,79.26799742762378,43.73200257237622
hust_to_luh,hust,luh,pls,789,luh_P031_1_S06_C04,97.0,23.57161183828461,73.42838816171539
hust_to_luh,hust,luh,pls,789,luh_P031_2_S07_C04,94.0,20.59243036459397,73.40756963540603
hust_to_luh,hust,luh,pls,789,luh_P031_3_S09_C03,90.0,15.83426349791423,74.16573650208576
hust_to_luh,hust,luh,pls,789,luh_P033_1_S07_C08,524.0,538.3813995167236,-14.381399516723604
hust_to_luh,hust,luh,pls,789,luh_P033_2_S08_C08,508.0,520.5439972708716,-12.543997270871614
hust_to_luh,hust,luh,pls,789,luh_P033_3_S09_C08,523.0,522.2117917806245,0.7882082193755195
hust_to_luh,hust,luh,pls,789,luh_P034_1_S07_C06,446.0,534.892691309774,-88.89269130977402
hust_to_luh,hust,luh,pls,789,luh_P034_2_S08_C06,448.0,524.5943601057862,-76.59436010578622
hust_to_luh,hust,luh,pls,789,luh_P034_3_S09_C06,440.0,516.2459665750889,-76.24596657508891
hust_to_luh,hust,luh,pls,789,luh_P035_1_S08_C04,279.0,496.90878056324163,-217.90878056324163
hust_to_luh,hust,luh,pls,789,luh_P035_2_S09_C04,360.0,535.8464287189275,-175.84642871892754
hust_to_luh,hust,luh,pls,789,luh_P035_3_S10_C02,342.0,498.37170671819376,-156.37170671819376
hust_to_luh,hust,luh,pls,789,luh_P037_1_S05_C11,741.0,743.5678697201457,-2.5678697201457226
hust_to_luh,hust,luh,pls,789,luh_P037_3_S10_C04,783.0,802.3841065842236,-19.38410658422356
hust_to_luh,hust,luh,pls,789,luh_P038_1_S06_C07,734.0,779.5790808532828,-45.57908085328279
hust_to_luh,hust,luh,pls,789,luh_P038_2_S07_C07,816.0,838.9399421574868,-22.939942157486826
hust_to_luh,hust,luh,pls,789,luh_P038_3_S10_C03,697.0,759.812532211195,-62.81253221119505
hust_to_luh,hust,luh,pls,789,luh_P039_1_S05_C10,552.0,755.7625214030812,-203.76252140308122
hust_to_luh,hust,luh,pls,789,luh_P039_2_S06_C05,588.0,738.3825952691348,-150.38259526913475
hust_to_luh,hust,luh,pls,789,luh_P039_3_S07_C05,547.0,715.947910227308,-168.94791022730794
hust_to_luh,hust,luh,pls,789,luh_P041_1_S11_C08,236.0,266.26214493461634,-30.262144934616344
hust_to_luh,hust,luh,pls,789,luh_P041_2_S13_C07,220.0,254.92671025486462,-34.926710254864616
hust_to_luh,hust,luh,pls,789,luh_P041_3_S14_C07,237.0,277.08144546708496,-40.08144546708496
hust_to_luh,hust,luh,pls,789,luh_P042_1_S11_C06,180.0,234.09946515134888,-54.09946515134888
hust_to_luh,hust,luh,pls,789,luh_P042_2_S13_C05,204.0,296.6064295921641,-92.60642959216409
hust_to_luh,hust,luh,pls,789,luh_P042_3_S14_C05,197.0,252.74841383000677,-55.74841383000677
hust_to_luh,hust,luh,pls,789,luh_P043_1_S11_C04,160.0,134.0437981245304,25.95620187546959
hust_to_luh,hust,luh,pls,789,luh_P043_2_S12_C04,156.0,127.17000103829334,28.829998961706664
hust_to_luh,hust,luh,pls,789,luh_P043_3_S14_C03,153.0,107.69551063365309,45.304489366346914
hust_to_luh,hust,luh,pls,789,luh_P045_1_S12_C08,975.0,651.9035808166266,323.0964191833734
hust_to_luh,hust,luh,pls,789,luh_P045_2_S13_C08,980.0,662.316591239409,317.68340876059096
hust_to_luh,hust,luh,pls,789,luh_P045_3_S14_C08,845.0,556.2147936448723,288.7852063551277
hust_to_luh,hust,luh,pls,789,luh_P046_1_S12_C06,1095.0,671.724735759191,423.27526424080895
hust_to_luh,hust,luh,pls,789,luh_P046_2_S13_C06,937.0,650.8492376471638,286.1507623528362
hust_to_luh,hust,luh,pls,789,luh_P046_3_S14_C06,1044.0,680.7573888560456,363.2426111439544
hust_to_luh,hust,luh,pls,789,luh_P047_1_S13_C04,1015.0,690.8107820451437,324.1892179548563
hust_to_luh,hust,luh,pls,789,luh_P047_2_S14_C04,923.0,640.3173543535595,282.6826456464405
hust_to_luh,hust,luh,pls,789,luh_P047_3_S15_C01,866.0,676.0811381348542,189.9188618651458
hust_to_luh,hust,luh,pls,789,luh_P049_1_S10_C10,1466.0,811.0402892009855,654.9597107990145
hust_to_luh,hust,luh,pls,789,luh_P049_3_S15_C02,1380.0,754.1701305887001,625.8298694112999
hust_to_luh,hust,luh,pls,789,luh_P050_1_S10_C09,1615.0,833.5026041015398,781.4973958984602
hust_to_luh,hust,luh,pls,789,luh_P050_2_S11_C07,1575.0,797.174855061402,777.825144938598
hust_to_luh,hust,luh,pls,789,luh_P050_3_S12_C07,1555.0,811.5720202320385,743.4279797679615
hust_to_luh,hust,luh,pls,789,luh_P051_1_S10_C08,1234.0,824.4909158669147,409.50908413308525
hust_to_luh,hust,luh,pls,789,luh_P051_2_S11_C05,1318.0,925.1245131055251,392.8754868944749
hust_to_luh,hust,luh,pls,789,luh_P051_3_S12_C05,1238.0,842.7029833715295,395.2970166284705
hust_to_luh,hust,luh,pls,789,luh_P053_1_S15_C08,323.0,216.524153541341,106.47584645865899
hust_to_luh,hust,luh,pls,789,luh_P053_2_S16_C08,332.0,219.14662537849017,112.85337462150983
hust_to_luh,hust,luh,pls,789,luh_P053_3_S19_C07,377.0,270.6315252653515,106.36847473464849
hust_to_luh,hust,luh,pls,789,luh_P054_1_S16_C06,359.0,286.7728449632725,72.22715503672748
hust_to_luh,hust,luh,pls,789,luh_P054_2_S17_C06,376.0,295.4126611445474,80.58733885545257
hust_to_luh,hust,luh,pls,789,luh_P054_3_S19_C05,384.0,325.57892793055555,58.42107206944445
hust_to_luh,hust,luh,pls,789,luh_P055_1_S15_C05,354.0,230.79217771390947,123.20782228609053
hust_to_luh,hust,luh,pls,789,luh_P055_2_S16_C04,350.0,222.6767704582086,127.32322954179139
hust_to_luh,hust,luh,pls,789,luh_P055_3_S17_C04,351.0,230.95882694066873,120.04117305933127
hust_to_luh,hust,luh,pls,789,luh_P057_1_S17_C08,555.0,540.7548096561968,14.245190343803188
hust_to_luh,hust,luh,pls,789,luh_P057_2_S18_C08,556.0,553.3087772109025,2.6912227890975373
hust_to_luh,hust,luh,pls,789,luh_P057_3_S19_C08,539.0,612.0202409927814,-73.0202409927814
hust_to_luh,hust,luh,pls,789,luh_P058_1_S15_C07,707.0,640.2107012698793,66.78929873012066
hust_to_luh,hust,luh,pls,789,luh_P058_2_S18_C06,672.0,633.082280427656,38.917719572344026
hust_to_luh,hust,luh,pls,789,luh_P058_3_S19_C06,712.0,697.1087129098994,14.891287090100604
hust_to_luh,hust,luh,pls,789,luh_P059_1_S15_C06,605.0,700.1329647032253,-95.1329647032253
hust_to_luh,hust,luh,pls,789,luh_P059_2_S18_C04,660.0,708.5247035074092,-48.524703507409185
hust_to_luh,hust,luh,pls,789,luh_P059_3_S19_C04,664.0,713.244771033782,-49.244771033781944
hust_to_luh,hust,luh,pls,789,luh_P061_1_S16_C09,947.0,670.1813687866253,276.8186312133747
hust_to_luh,hust,luh,pls,789,luh_P061_2_S17_C09,942.0,681.5328491088665,260.46715089113354
hust_to_luh,hust,luh,pls,789,luh_P061_3_S18_C09,1033.0,726.8175035014316,306.1824964985684
hust_to_luh,hust,luh,pls,789,luh_P062_1_S16_C07,1120.0,756.2237133997195,363.7762866002805
hust_to_luh,hust,luh,pls,789,luh_P062_2_S17_C07,1148.0,745.8534498037446,402.14655019625536
hust_to_luh,hust,luh,pls,789,luh_P062_3_S18_C07,1128.0,758.7231020881136,369.2768979118864
hust_to_luh,hust,luh,pls,789,luh_P063_1_S16_C05,1149.0,886.3757353949214,262.62426460507857
hust_to_luh,hust,luh,pls,789,luh_P063_2_S17_C05,1236.0,815.6570522793812,420.3429477206188
hust_to_luh,hust,luh,pls,789,luh_P063_3_S18_C05,1335.0,830.1818899118358,504.8181100881642
hust_to_luh,hust,luh,pls,1011,luh_P017_1_S01_C08,139.0,411.57709752112186,-272.57709752112186
hust_to_luh,hust,luh,pls,1011,luh_P017_2_S04_C07,127.0,348.0319934083065,-221.0319934083065
hust_to_luh,hust,luh,pls,1011,luh_P017_3_S05_C05,126.0,339.83885754665175,-213.83885754665175
hust_to_luh,hust,luh,pls,1011,luh_P018_1_S01_C06,109.0,316.62964188201374,-207.62964188201374
hust_to_luh,hust,luh,pls,1011,luh_P018_2_S02_C06,107.0,304.3173871006605,-197.31738710066048
hust_to_luh,hust,luh,pls,1011,luh_P018_3_S04_C05,107.0,301.14192228951504,-194.14192228951504
hust_to_luh,hust,luh,pls,1011,luh_P019_1_S01_C04,63.0,9.598501956871704,53.4014980431283
hust_to_luh,hust,luh,pls,1011,luh_P019_2_S02_C04,62.0,6.7468982504303,55.2531017495697
hust_to_luh,hust,luh,pls,1011,luh_P019_3_S05_C02,60.0,3.8644368551889796,56.13556314481102
hust_to_luh,hust,luh,pls,1011,luh_P021_1_S02_C08,451.0,972.7783396180381,-521.7783396180381
hust_to_luh,hust,luh,pls,1011,luh_P021_2_S03_C08,428.0,938.1702816800649,-510.17028168006493
hust_to_luh,hust,luh,pls,1011,luh_P021_3_S04_C08,430.0,964.510695395005,-534.510695395005
hust_to_luh,hust,luh,pls,1011,luh_P022_1_S03_C06,341.0,924.0909519947878,-583.0909519947878
hust_to_luh,hust,luh,pls,1011,luh_P022_2_S04_C06,344.0,921.0360990336816,-577.0360990336816
hust_to_luh,hust,luh,pls,1011,luh_P022_3_S05_C04,314.0,883.9997333654247,-569.9997333654247
hust_to_luh,hust,luh,pls,1011,luh_P023_1_S03_C04,82.0,53.11718601790805,28.882813982091953
hust_to_luh,hust,luh,pls,1011,luh_P023_2_S04_C04,72.0,10.173435948088994,61.82656405191101
hust_to_luh,hust,luh,pls,1011,luh_P023_3_S05_C03,79.0,38.77864025569162,40.22135974430838
hust_to_luh,hust,luh,pls,1011,luh_P025_1_S01_C09,718.0,1170.9503984552252,-452.95039845522524
hust_to_luh,hust,luh,pls,1011,luh_P025_2_S02_C09,690.0,1157.6526435768537,-467.65264357685373
hust_to_luh,hust,luh,pls,1011,luh_P025_3_S03_C09,702.0,1163.404314766323,-461.40431476632307
hust_to_luh,hust,luh,pls,1011,luh_P026_1_S01_C07,581.0,1129.407331124472,-548.407331124472
hust_to_luh,hust,luh,pls,1011,luh_P026_2_S02_C07,613.0,1141.8804572089502,-528.8804572089502
hust_to_luh,hust,luh,pls,1011,luh_P026_3_S03_C07,563.0,1132.1197935175765,-569.1197935175765
hust_to_luh,hust,luh,pls,1011,luh_P027_1_S01_C05,269.0,1065.6766958300902,-796.6766958300902
hust_to_luh,hust,luh,pls,1011,luh_P027_2_S02_C05,285.0,1096.5173663650564,-811.5173663650564
hust_to_luh,hust,luh,pls,1011,luh_P027_3_S03_C05,298.0,1076.2565611753428,-778.2565611753428
hust_to_luh,hust,luh,pls,1011,luh_P029_1_S06_C08,132.0,392.2219334474618,-260.2219334474618
hust_to_luh,hust,luh,pls,1011,luh_P029_2_S08_C07,135.0,405.79763430979506,-270.79763430979506
hust_to_luh,hust,luh,pls,1011,luh_P029_3_S09_C07,135.0,413.512998574271,-278.512998574271
hust_to_luh,hust,luh,pls,1011,luh_P030_1_S06_C06,118.0,370.8666364592984,-252.86663645929838
hust_to_luh,hust,luh,pls,1011,luh_P030_2_S08_C05,123.0,381.4596000663532,-258.4596000663532
hust_to_luh,hust,luh,pls,1011,luh_P030_3_S09_C05,123.0,382.01377722144025,-259.01377722144025
hust_to_luh,hust,luh,pls,1011,luh_P031_1_S06_C04,97.0,195.54624727232965,-98.54624727232965
hust_to_luh,hust,luh,pls,1011,luh_P031_2_S07_C04,94.0,181.87373801593392,-87.87373801593392
hust_to_luh,hust,luh,pls,1011,luh_P031_3_S09_C03,90.0,158.35113799236078,-68.35113799236078
hust_to_luh,hust,luh,pls,1011,luh_P033_1_S07_C08,524.0,1002.2894989593048,-478.28949895930475
hust_to_luh,hust,luh,pls,1011,luh_P033_2_S08_C08,508.0,982.4143430730405,-474.4143430730405
hust_to_luh,hust,luh,pls,1011,luh_P033_3_S09_C08,523.0,984.4406980612671,-461.4406980612671
hust_to_luh,hust,luh,pls,1011,luh_P034_1_S07_C06,446.0,1005.8577743157308,-559.8577743157308
hust_to_luh,hust,luh,pls,1011,luh_P034_2_S08_C06,448.0,996.4351733065173,-548.4351733065173
hust_to_luh,hust,luh,pls,1011,luh_P034_3_S09_C06,440.0,989.3063391626825,-549.3063391626825
hust_to_luh,hust,luh,pls,1011,luh_P035_1_S08_C04,279.0,959.6123599680188,-680.6123599680188
hust_to_luh,hust,luh,pls,1011,luh_P035_2_S09_C04,360.0,994.8800394825913,-634.8800394825913
hust_to_luh,hust,luh,pls,1011,luh_P035_3_S10_C02,342.0,961.2738864935383,-619.2738864935383
hust_to_luh,hust,luh,pls,1011,luh_P037_1_S05_C11,741.0,1150.2482688028529,-409.24826880285286
hust_to_luh,hust,luh,pls,1011,luh_P037_3_S10_C04,783.0,1184.2419823009484,-401.2419823009484
hust_to_luh,hust,luh,pls,1011,luh_P038_1_S06_C07,734.0,1173.1339236692959,-439.1339236692959
hust_to_luh,hust,luh,pls,1011,luh_P038_2_S07_C07,816.0,1202.4934661764528,-386.4934661764528
hust_to_luh,hust,luh,pls,1011,luh_P038_3_S10_C03,697.0,1165.0227030014419,-468.02270300144187
hust_to_luh,hust,luh,pls,1011,luh_P039_1_S05_C10,552.0,1156.7859819975454,-604.7859819975454
hust_to_luh,hust,luh,pls,1011,luh_P039_2_S06_C05,588.0,1147.366267988286,-559.3662679882859
hust_to_luh,hust,luh,pls,1011,luh_P039_3_S07_C05,547.0,1132.5532391523766,-585.5532391523766
hust_to_luh,hust,luh,pls,1011,luh_P041_1_S11_C08,236.0,702.0035079651406,-466.00350796514056
hust_to_luh,hust,luh,pls,1011,luh_P041_2_S13_C07,220.0,690.5862862886811,-470.5862862886811
hust_to_luh,hust,luh,pls,1011,luh_P041_3_S14_C07,237.0,717.000001889338,-480.000001889338
hust_to_luh,hust,luh,pls,1011,luh_P042_1_S11_C06,180.0,671.4489245817628,-491.44892458176275
hust_to_luh,hust,luh,pls,1011,luh_P042_2_S13_C05,204.0,755.2863136733391,-551.2863136733391
hust_to_luh,hust,luh,pls,1011,luh_P042_3_S14_C05,197.0,694.982940206849,-497.982940206849
hust_to_luh,hust,luh,pls,1011,luh_P043_1_S11_C04,160.0,489.8882499459912,-329.8882499459912
hust_to_luh,hust,luh,pls,1011,luh_P043_2_S12_C04,156.0,477.1283736223586,-321.1283736223586
hust_to_luh,hust,luh,pls,1011,luh_P043_3_S14_C03,153.0,434.28343068204464,-281.28343068204464
hust_to_luh,hust,luh,pls,1011,luh_P045_1_S12_C08,975.0,1085.4575694074388,-110.45756940743877
hust_to_luh,hust,luh,pls,1011,luh_P045_2_S13_C08,980.0,1096.257877039688,-116.25787703968808
hust_to_luh,hust,luh,pls,1011,luh_P045_3_S14_C08,845.0,1017.8017537106081,-172.80175371060807
hust_to_luh,hust,luh,pls,1011,luh_P046_1_S12_C06,1095.0,1114.2816402126,-19.281640212599996
hust_to_luh,hust,luh,pls,1011,luh_P046_2_S13_C06,937.0,1100.5331323916328,-163.53313239163276
hust_to_luh,hust,luh,pls,1011,luh_P046_3_S14_C06,1044.0,1117.3170914567636,-73.31709145676359
hust_to_luh,hust,luh,pls,1011,luh_P047_1_S13_C04,1015.0,1113.2532438408803,-98.25324384088026
hust_to_luh,hust,luh,pls,1011,luh_P047_2_S14_C04,923.0,1076.223677419776,-153.2236774197761
hust_to_luh,hust,luh,pls,1011,luh_P047_3_S15_C01,866.0,1100.8644492658555,-234.86444926585546
hust_to_luh,hust,luh,pls,1011,luh_P049_1_S10_C10,1466.0,1186.3659569769848,279.63404302301524
hust_to_luh,hust,luh,pls,1011,luh_P049_3_S15_C02,1380.0,1159.7408974605733,220.25910253942675
hust_to_luh,hust,luh,pls,1011,luh_P050_1_S10_C09,1615.0,1205.033666001052,409.9663339989479
hust_to_luh,hust,luh,pls,1011,luh_P050_2_S11_C07,1575.0,1187.12869763169,387.8713023683099
hust_to_luh,hust,luh,pls,1011,luh_P050_3_S12_C07,1555.0,1194.173665474661,360.826334525339
hust_to_luh,hust,luh,pls,1011,luh_P051_1_S10_C08,1234.0,1198.1321292365606,35.86787076343944
hust_to_luh,hust,luh,pls,1011,luh_P051_2_S11_C05,1318.0,1239.685251579356,78.31474842064404
hust_to_luh,hust,luh,pls,1011,luh_P051_3_S12_C05,1238.0,1205.7855817730608,32.21441822693919
hust_to_luh,hust,luh,pls,1011,luh_P053_1_S15_C08,323.0,631.6225596198396,-308.62255961983965
hust_to_luh,hust,luh,pls,1011,luh_P053_2_S16_C08,332.0,637.9360825914697,-305.9360825914697
hust_to_luh,hust,luh,pls,1011,luh_P053_3_S19_C07,377.0,728.579273180967,-351.579273180967
hust_to_luh,hust,luh,pls,1011,luh_P054_1_S16_C06,359.0,741.199991640928,-382.19999164092803
hust_to_luh,hust,luh,pls,1011,luh_P054_2_S17_C06,376.0,751.324894815175,-375.32489481517496
hust_to_luh,hust,luh,pls,1011,luh_P054_3_S19_C05,384.0,787.3856291304353,-403.3856291304353
hust_to_luh,hust,luh,pls,1011,luh_P055_1_S15_C05,354.0,635.4292532805645,-281.42925328056447
hust_to_luh,hust,luh,pls,1011,luh_P055_2_S16_C04,350.0,622.7111784592345,-272.7111784592345
hust_to_luh,hust,luh,pls,1011,luh_P055_3_S17_C04,351.0,635.8126362960085,-284.81263629600846
hust_to_luh,hust,luh,pls,1011,luh_P057_1_S17_C08,555.0,1006.8160413547118,-451.81604135471184
hust_to_luh,hust,luh,pls,1011,luh_P057_2_S18_C08,556.0,1019.3546938910073,-463.3546938910073
hust_to_luh,hust,luh,pls,1011,luh_P057_3_S19_C08,539.0,1071.6691389108223,-532.6691389108223
hust_to_luh,hust,luh,pls,1011,luh_P058_1_S15_C07,707.0,1090.3249751739222,-383.3249751739222
hust_to_luh,hust,luh,pls,1011,luh_P058_2_S18_C06,672.0,1086.0766264123308,-414.0766264123308
hust_to_luh,hust,luh,pls,1011,luh_P058_3_S19_C06,712.0,1134.4344623223274,-422.43446232232736
hust_to_luh,hust,luh,pls,1011,luh_P059_1_S15_C06,605.0,1116.0072698553402,-511.00726985534016
hust_to_luh,hust,luh,pls,1011,luh_P059_2_S18_C04,660.0,1121.7162871283144,-461.71628712831443
hust_to_luh,hust,luh,pls,1011,luh_P059_3_S19_C04,664.0,1125.3730817975324,-461.37308179753245
hust_to_luh,hust,luh,pls,1011,luh_P061_1_S16_C09,947.0,1107.189307686698,-160.18930768669793
hust_to_luh,hust,luh,pls,1011,luh_P061_2_S17_C09,942.0,1112.2566755072999,-170.25667550729986
hust_to_luh,hust,luh,pls,1011,luh_P061_3_S18_C09,1033.0,1135.3990310493575,-102.39903104935752
hust_to_luh,hust,luh,pls,1011,luh_P062_1_S16_C07,1120.0,1168.529263589981,-48.52926358998093
hust_to_luh,hust,luh,pls,1011,luh_P062_2_S17_C07,1148.0,1161.1834475419976,-13.183447541997566
hust_to_luh,hust,luh,pls,1011,luh_P062_3_S18_C07,1128.0,1169.7616906925823,-41.761690692582306
hust_to_luh,hust,luh,pls,1011,luh_P063_1_S16_C05,1149.0,1229.6813024159808,-80.68130241598078
hust_to_luh,hust,luh,pls,1011,luh_P063_2_S17_C05,1236.0,1190.9587444055016,45.04125559449835
hust_to_luh,hust,luh,pls,1011,luh_P063_3_S18_C05,1335.0,1199.446189395152,135.55381060484797
sandia_to_matr,sandia,matr,gaussian_process,42,matr_b1c0,1717.0,360.2098697370498,1356.7901302629502
sandia_to_matr,sandia,matr,gaussian_process,42,matr_b1c1,2066.0,632.3006781408558,1433.6993218591442
sandia_to_matr,sandia,matr,gaussian_process,42,matr_b1c11,771.0,524.7610201518478,246.2389798481522
sandia_to_matr,sandia,matr,gaussian_process,42,matr_b1c12,897.0,406.9350342601521,490.0649657398479
sandia_to_matr,sandia,matr,gaussian_process,42,matr_b1c14,845.0,454.350527977613,390.649472022387
sandia_to_matr,sandia,matr,gaussian_process,42,matr_b1c15,699.0,439.33868970784164,259.66131029215836
sandia_to_matr,sandia,matr,gaussian_process,42,matr_b1c16,824.0,420.3595814058797,403.6404185941203
sandia_to_matr,sandia,matr,gaussian_process,42,matr_b1c17,825.0,456.5428974522337,368.4571025477663
sandia_to_matr,sandia,matr,gaussian_process,42,matr_b1c18,665.0,360.2098697380103,304.7901302619897
sandia_to_matr,sandia,matr,gaussian_process,42,matr_b1c19,740.0,705.3572384590329,34.64276154096706
sandia_to_matr,sandia,matr,gaussian_process,42,matr_b1c2,1487.0,520.7240058143016,966.2759941856984
sandia_to_matr,sandia,matr,gaussian_process,42,matr_b1c20,504.0,1105.5223143503474,-601.5223143503474
sandia_to_matr,sandia,matr,gaussian_process,42,matr_b1c21,535.0,426.47669495762864,108.52330504237136
sandia_to_matr,sandia,matr,gaussian_process,42,matr_b1c23,974.0,678.2026964264945,295.7973035735055
sandia_to_matr,sandia,matr,gaussian_process,42,matr_b1c24,979.0,507.9043479144762,471.0956520855238
sandia_to_matr,sandia,matr,gaussian_process,42,matr_b1c25,817.0,665.6391260004251,151.3608739995749
sandia_to_matr,sandia,matr,gaussian_process,42,matr_b1c26,826.0,649.5947160600768,176.40528393992315
sandia_to_matr,sandia,matr,gaussian_process,42,matr_b1c27,809.0,671.5395825104708,137.46041748952916
sandia_to_matr,sandia,matr,gaussian_process,42,matr_b1c28,815.0,644.8969782877373,170.10302171226272
sandia_to_matr,sandia,matr,gaussian_process,42,matr_b1c29,872.0,585.0026657473921,286.99733425260786
sandia_to_matr,sandia,matr,gaussian_process,42,matr_b1c3,1344.0,445.91954945146347,898.0804505485365
sandia_to_matr,sandia,matr,gaussian_process,42,matr_b1c30,679.0,759.4440762697043,-80.44407626970428
sandia_to_matr,sandia,matr,gaussian_process,42,matr_b1c31,827.0,363.1993696204687,463.8006303795313
sandia_to_matr,sandia,matr,gaussian_process,42,matr_b1c32,694.0,642.8386121724886,51.16138782751136
sandia_to_matr,sandia,matr,gaussian_process,42,matr_b1c33,708.0,646.9711961849217,61.02880381507828
sandia_to_matr,sandia,matr,gaussian_process,42,matr_b1c34,714.0,541.9229410871669,172.07705891283308
sandia_to_matr,sandia,matr,gaussian_process,42,matr_b1c35,676.0,488.7587686717806,187.24123132821938
sandia_to_matr,sandia,matr,gaussian_process,42,matr_b1c36,670.0,724.4300907146153,-54.43009071461529
sandia_to_matr,sandia,matr,gaussian_process,42,matr_b1c37,622.0,812.8286766309002,-190.8286766309002
sandia_to_matr,sandia,matr,gaussian_process,42,matr_b1c38,592.0,474.20293360786667,117.79706639213333
sandia_to_matr,sandia,matr,gaussian_process,42,matr_b1c39,592.0,527.2247750732375,64.77522492676246
sandia_to_matr,sandia,matr,gaussian_process,42,matr_b1c4,1618.0,425.0146566648533,1192.9853433351468
sandia_to_matr,sandia,matr,gaussian_process,42,matr_b1c40,919.0,708.5044308059073,210.4955691940927
sandia_to_matr,sandia,matr,gaussian_process,42,matr_b1c41,1005.0,510.569473556118,494.430526443882
sandia_to_matr,sandia,matr,gaussian_process,42,matr_b1c42,661.0,407.3117578409871,253.68824215901287
sandia_to_matr,sandia,matr,gaussian_process,42,matr_b1c43,626.0,397.4771956754358,228.52280432456422
sandia_to_matr,sandia,matr,gaussian_process,42,matr_b1c44,575.0,375.14015921336966,199.85984078663034
sandia_to_matr,sandia,matr,gaussian_process,42,matr_b1c45,563.0,670.7926897519301,-107.79268975193008
sandia_to_matr,sandia,matr,gaussian_process,42,matr_b1c5,909.0,475.29862087377967,433.70137912622033
sandia_to_matr,sandia,matr,gaussian_process,42,matr_b1c6,613.0,769.6413271000247,-156.64132710002468
sandia_to_matr,sandia,matr,gaussian_process,42,matr_b1c7,818.0,689.3494498523296,128.6505501476704
sandia_to_matr,sandia,matr,gaussian_process,42,matr_b1c9,1012.0,398.04418541137807,613.9558145886219
sandia_to_matr,sandia,matr,gaussian_process,42,matr_b2c0,278.0,759.7938148483493,-481.79381484834926
sandia_to_matr,sandia,matr,gaussian_process,42,matr_b2c1,133.0,207.34008126187342,-74.34008126187342
sandia_to_matr,sandia,matr,gaussian_process,42,matr_b2c10,251.0,447.2552138864362,-196.2552138864362
sandia_to_matr,sandia,matr,gaussian_process,42,matr_b2c11,250.0,486.67324470174935,-236.67324470174935
sandia_to_matr,sandia,matr,gaussian_process,42,matr_b2c12,435.0,914.344595883624,-479.34459588362404
sandia_to_matr,sandia,matr,gaussian_process,42,matr_b2c13,454.0,853.7274438408784,-399.72744384087844
sandia_to_matr,sandia,matr,gaussian_process,42,matr_b2c14,466.0,463.7375376152808,2.2624623847191856
sandia_to_matr,sandia,matr,gaussian_process,42,matr_b2c17,476.0,474.1269140565331,1.87308594346689
sandia_to_matr,sandia,matr,gaussian_process,42,matr_b2c18,468.0,396.0485005393012,71.95149946069881
sandia_to_matr,sandia,matr,gaussian_process,42,matr_b2c19,455.0,878.9493746520681,-423.94937465206806
sandia_to_matr,sandia,matr,gaussian_process,42,matr_b2c2,422.0,460.1990265040549,-38.19902650405493
sandia_to_matr,sandia,matr,gaussian_process,42,matr_b2c20,475.0,634.890583060367,-159.89058306036702
sandia_to_matr,sandia,matr,gaussian_process,42,matr_b2c21,468.0,632.3756892855698,-164.37568928556982
sandia_to_matr,sandia,matr,gaussian_process,42,matr_b2c22,490.0,523.1696936240527,-33.169693624052684
sandia_to_matr,sandia,matr,gaussian_process,42,matr_b2c23,502.0,638.8145727425192,-136.8145727425192
sandia_to_matr,sandia,matr,gaussian_process,42,matr_b2c24,478.0,596.2267856662663,-118.22678566626632
sandia_to_matr,sandia,matr,gaussian_process,42,matr_b2c25,446.0,580.0261690372449,-134.02616903724493
sandia_to_matr,sandia,matr,gaussian_process,42,matr_b2c26,450.0,574.0783906426144,-124.07839064261441
sandia_to_matr,sandia,matr,gaussian_process,42,matr_b2c27,453.0,461.0201412637491,-8.02014126374911
sandia_to_matr,sandia,matr,gaussian_process,42,matr_b2c28,491.0,495.50736578354787,-4.507365783547868
sandia_to_matr,sandia,matr,gaussian_process,42,matr_b2c29,481.0,403.22968850562006,77.77031149437994
sandia_to_matr,sandia,matr,gaussian_process,42,matr_b2c3,314.0,731.0954842471633,-417.0954842471633
sandia_to_matr,sandia,matr,gaussian_process,42,matr_b2c30,466.0,489.4854576368408,-23.485457636840806
sandia_to_matr,sandia,matr,gaussian_process,42,matr_b2c31,474.0,398.45874163028213,75.54125836971787
sandia_to_matr,sandia,matr,gaussian_process,42,matr_b2c32,500.0,453.28484715419256,46.71515284580744
sandia_to_matr,sandia,matr,gaussian_process,42,matr_b2c33,499.0,395.58471936532004,103.41528063467996
sandia_to_matr,sandia,matr,gaussian_process,42,matr_b2c34,483.0,470.2911595594902,12.708840440509789
sandia_to_matr,sandia,matr,gaussian_process,42,matr_b2c35,449.0,549.4774762895638,-100.47747628956381
sandia_to_matr,sandia,matr,gaussian_process,42,matr_b2c36,513.0,454.20180479547446,58.79819520452554
sandia_to_matr,sandia,matr,gaussian_process,42,matr_b2c37,461.0,414.86856436280436,46.131435637195636
sandia_to_matr,sandia,matr,gaussian_process,42,matr_b2c38,451.0,426.7186881135923,24.281311886407707
sandia_to_matr,sandia,matr,gaussian_process,42,matr_b2c39,442.0,360.08146816663805,81.91853183336195
sandia_to_matr,sandia,matr,gaussian_process,42,matr_b2c4,247.0,758.1727425323296,-511.1727425323296
sandia_to_matr,sandia,matr,gaussian_process,42,matr_b2c40,476.0,530.8018568452924,-54.80185684529238
sandia_to_matr,sandia,matr,gaussian_process,42,matr_b2c41,416.0,454.9185959290409,-38.91859592904092
sandia_to_matr,sandia,matr,gaussian_process,42,matr_b2c42,444.0,392.1025760585536,51.89742394144639
sandia_to_matr,sandia,matr,gaussian_process,42,matr_b2c43,443.0,399.81475590166457,43.18524409833543
sandia_to_matr,sandia,matr,gaussian_process,42,matr_b2c44,442.0,559.3342073887388,-117.33420738873883
sandia_to_matr,sandia,matr,gaussian_process,42,matr_b2c45,470.0,650.7747218739578,-180.7747218739578
sandia_to_matr,sandia,matr,gaussian_process,42,matr_b2c46,417.0,454.7163623045774,-37.71636230457739
sandia_to_matr,sandia,matr,gaussian_process,42,matr_b2c47,705.0,621.9919142430598,83.0080857569402
sandia_to_matr,sandia,matr,gaussian_process,42,matr_b2c5,464.0,618.2776326092654,-154.27763260926542
sandia_to_matr,sandia,matr,gaussian_process,42,matr_b2c6,475.0,912.2813033729726,-437.2813033729726
sandia_to_matr,sandia,matr,gaussian_process,42,matr_b3c0,985.0,644.6469192236083,340.3530807763917
sandia_to_matr,sandia,matr,gaussian_process,42,matr_b3c1,1033.0,691.3987278238903,341.60127217610966
sandia_to_matr,sandia,matr,gaussian_process,42,matr_b3c10,1046.0,662.9482912281895,383.05170877181047
sandia_to_matr,sandia,matr,gaussian_process,42,matr_b3c11,792.0,635.402714902571,156.597285097429
sandia_to_matr,sandia,matr,gaussian_process,42,matr_b3c12,903.0,724.7129798533192,178.2870201466808
sandia_to_matr,sandia,matr,gaussian_process,42,matr_b3c13,794.0,606.7158667851086,187.28413321489143
sandia_to_matr,sandia,matr,gaussian_process,42,matr_b3c14,834.0,534.5333372583962,299.46666274160384
sandia_to_matr,sandia,matr,gaussian_process,42,matr_b3c15,850.0,770.1000020822388,79.8999979177612
sandia_to_matr,sandia,matr,gaussian_process,42,matr_b3c16,1589.0,606.0196318471208,982.9803681528792
sandia_to_matr,sandia,matr,gaussian_process,42,matr_b3c17,1269.0,386.4420596656023,882.5579403343977
sandia_to_matr,sandia,matr,gaussian_process,42,matr_b3c18,1100.0,457.88331387592564,642.1166861240744
sandia_to_matr,sandia,matr,gaussian_process,42,matr_b3c19,1105.0,582.930112999731,522.069887000269
sandia_to_matr,sandia,matr,gaussian_process,42,matr_b3c2,1224.0,590.8991865537378,633.1008134462622
sandia_to_matr,sandia,matr,gaussian_process,42,matr_b3c20,793.0,655.5568008738787,137.44319912612127
sandia_to_matr,sandia,matr,gaussian_process,42,matr_b3c21,745.0,1072.0045667691404,-327.0045667691404
sandia_to_matr,sandia,matr,gaussian_process,42,matr_b3c22,991.0,612.120016630992,378.87998336900796
sandia_to_matr,sandia,matr,gaussian_process,42,matr_b3c24,817.0,476.38882669534985,340.61117330465015
sandia_to_matr,sandia,matr,gaussian_process,42,matr_b3c25,970.0,563.9241077538213,406.0758922461787
sandia_to_matr,sandia,matr,gaussian_process,42,matr_b3c26,989.0,435.88558672596537,553.1144132740346
sandia_to_matr,sandia,matr,gaussian_process,42,matr_b3c27,828.0,552.9627774935643,275.0372225064357
sandia_to_matr,sandia,matr,gaussian_process,42,matr_b3c28,524.0,1096.3481207201319,-572.3481207201319
sandia_to_matr,sandia,matr,gaussian_process,42,matr_b3c29,833.0,467.89212304296944,365.10787695703056
sandia_to_matr,sandia,matr,gaussian_process,42,matr_b3c3,1084.0,766.6011217540761,317.3988782459239
sandia_to_matr,sandia,matr,gaussian_process,42,matr_b3c30,913.0,492.19715294963,420.80284705037
sandia_to_matr,sandia,matr,gaussian_process,42,matr_b3c31,713.0,598.8182014420106,114.1817985579894
sandia_to_matr,sandia,matr,gaussian_process,42,matr_b3c33,1257.0,695.3678298100708,561.6321701899292
sandia_to_matr,sandia,matr,gaussian_process,42,matr_b3c34,1125.0,512.5296549041745,612.4703450958255
sandia_to_matr,sandia,matr,gaussian_process,42,matr_b3c35,1056.0,419.880031279714,636.119968720286
sandia_to_matr,sandia,matr,gaussian_process,42,matr_b3c36,910.0,552.2971589493974,357.7028410506026
sandia_to_matr,sandia,matr,gaussian_process,42,matr_b3c37,1376.0,628.9835083606812,747.0164916393188
sandia_to_matr,sandia,matr,gaussian_process,42,matr_b3c38,1873.0,687.9618897686552,1185.038110231345
sandia_to_matr,sandia,matr,gaussian_process,42,matr_b3c39,1146.0,572.2632989158824,573.7367010841176
sandia_to_matr,sandia,matr,gaussian_process,42,matr_b3c4,1006.0,574.2654002719128,431.73459972808723
sandia_to_matr,sandia,matr,gaussian_process,42,matr_b3c40,779.0,643.6192673826839,135.38073261731608
sandia_to_matr,sandia,matr,gaussian_process,42,matr_b3c41,773.0,444.5399946388205,328.4600053611795
sandia_to_matr,sandia,matr,gaussian_process,42,matr_b3c42,1587.0,458.960428595006,1128.039571404994
sandia_to_matr,sandia,matr,gaussian_process,42,matr_b3c43,1018.0,466.5349049547063,551.4650950452938
sandia_to_matr,sandia,matr,gaussian_process,42,matr_b3c44,921.0,454.7729873968613,466.2270126031387
sandia_to_matr,sandia,matr,gaussian_process,42,matr_b3c45,1735.0,741.4018408747921,993.5981591252079
sandia_to_matr,sandia,matr,gaussian_process,42,matr_b3c5,815.0,633.3787213138789,181.62127868612106
sandia_to_matr,sandia,matr,gaussian_process,42,matr_b3c6,630.0,1167.8953107968123,-537.8953107968123
sandia_to_matr,sandia,matr,gaussian_process,42,matr_b3c7,1774.0,581.3350076195874,1192.6649923804125
sandia_to_matr,sandia,matr,gaussian_process,42,matr_b3c8,810.0,608.2787324609295,201.72126753907048
sandia_to_matr,sandia,matr,gaussian_process,42,matr_b3c9,1010.0,467.337020258045,542.662979741955
sandia_to_matr,sandia,matr,gaussian_process,123,matr_b1c0,1717.0,395.52012974793166,1321.4798702520684
sandia_to_matr,sandia,matr,gaussian_process,123,matr_b1c1,2066.0,703.5943724777494,1362.4056275222506
sandia_to_matr,sandia,matr,gaussian_process,123,matr_b1c11,771.0,715.1916017593956,55.80839824060445
sandia_to_matr,sandia,matr,gaussian_process,123,matr_b1c12,897.0,513.2422722925809,383.7577277074191
sandia_to_matr,sandia,matr,gaussian_process,123,matr_b1c14,845.0,653.8928619397611,191.10713806023887
sandia_to_matr,sandia,matr,gaussian_process,123,matr_b1c15,699.0,606.9462752036382,92.05372479636185
sandia_to_matr,sandia,matr,gaussian_process,123,matr_b1c16,824.0,583.7445292465625,240.25547075343752
sandia_to_matr,sandia,matr,gaussian_process,123,matr_b1c17,825.0,646.6261751095983,178.3738248904017
sandia_to_matr,sandia,matr,gaussian_process,123,matr_b1c18,665.0,395.5201297492989,269.4798702507011
sandia_to_matr,sandia,matr,gaussian_process,123,matr_b1c19,740.0,921.1206276705159,-181.1206276705159
sandia_to_matr,sandia,matr,gaussian_process,123,matr_b1c2,1487.0,625.7520329041245,861.2479670958755
sandia_to_matr,sandia,matr,gaussian_process,123,matr_b1c20,504.0,1584.3566605975136,-1080.3566605975136
sandia_to_matr,sandia,matr,gaussian_process,123,matr_b1c21,535.0,451.1720529887312,83.8279470112688
sandia_to_matr,sandia,matr,gaussian_process,123,matr_b1c23,974.0,840.0978585832586,133.90214141674142
sandia_to_matr,sandia,matr,gaussian_process,123,matr_b1c24,979.0,642.6520946542223,336.3479053457777
sandia_to_matr,sandia,matr,gaussian_process,123,matr_b1c25,817.0,756.330251627794,60.66974837220596
sandia_to_matr,sandia,matr,gaussian_process,123,matr_b1c26,826.0,972.6548216326381,-146.65482163263812
sandia_to_matr,sandia,matr,gaussian_process,123,matr_b1c27,809.0,955.8174329284632,-146.81743292846318
sandia_to_matr,sandia,matr,gaussian_process,123,matr_b1c28,815.0,809.7759271975041,5.224072802495925
sandia_to_matr,sandia,matr,gaussian_process,123,matr_b1c29,872.0,704.4668386543642,167.5331613456358
sandia_to_matr,sandia,matr,gaussian_process,123,matr_b1c3,1344.0,592.3781816945401,751.6218183054599
sandia_to_matr,sandia,matr,gaussian_process,123,matr_b1c30,679.0,1153.179616751061,-474.1796167510611
sandia_to_matr,sandia,matr,gaussian_process,123,matr_b1c31,827.0,396.8555291195702,430.1444708804298
sandia_to_matr,sandia,matr,gaussian_process,123,matr_b1c32,694.0,901.9535332218522,-207.95353322185224
sandia_to_matr,sandia,matr,gaussian_process,123,matr_b1c33,708.0,896.0723968338417,-188.0723968338417
sandia_to_matr,sandia,matr,gaussian_process,123,matr_b1c34,714.0,682.6778814917294,31.32211850827059
sandia_to_matr,sandia,matr,gaussian_process,123,matr_b1c35,676.0,601.467400578458,74.53259942154205
sandia_to_matr,sandia,matr,gaussian_process,123,matr_b1c36,670.0,884.1499492043602,-214.14994920436015
sandia_to_matr,sandia,matr,gaussian_process,123,matr_b1c37,622.0,1038.0869763258327,-416.08697632583267
sandia_to_matr,sandia,matr,gaussian_process,123,matr_b1c38,592.0,677.260387250973,-85.26038725097305
sandia_to_matr,sandia,matr,gaussian_process,123,matr_b1c39,592.0,614.433109479659,-22.433109479659038
sandia_to_matr,sandia,matr,gaussian_process,123,matr_b1c4,1618.0,594.3243565382386,1023.6756434617614
sandia_to_matr,sandia,matr,gaussian_process,123,matr_b1c40,919.0,851.828967094545,67.17103290545504
sandia_to_matr,sandia,matr,gaussian_process,123,matr_b1c41,1005.0,558.2141666168677,446.7858333831323
sandia_to_matr,sandia,matr,gaussian_process,123,matr_b1c42,661.0,460.6824699936796,200.3175300063204
sandia_to_matr,sandia,matr,gaussian_process,123,matr_b1c43,626.0,427.92833549378213,198.07166450621787
sandia_to_matr,sandia,matr,gaussian_process,123,matr_b1c44,575.0,402.9675416229104,172.0324583770896
sandia_to_matr,sandia,matr,gaussian_process,123,matr_b1c45,563.0,913.5341892761622,-350.53418927616224
sandia_to_matr,sandia,matr,gaussian_process,123,matr_b1c5,909.0,610.9074825774277,298.0925174225723
sandia_to_matr,sandia,matr,gaussian_process,123,matr_b1c6,613.0,866.6965749896906,-253.6965749896906
sandia_to_matr,sandia,matr,gaussian_process,123,matr_b1c7,818.0,881.5074967391895,-63.50749673918949
sandia_to_matr,sandia,matr,gaussian_process,123,matr_b1c9,1012.0,519.705687304424,492.29431269557597
sandia_to_matr,sandia,matr,gaussian_process,123,matr_b2c0,278.0,851.2692260640084,-573.2692260640084
sandia_to_matr,sandia,matr,gaussian_process,123,matr_b2c1,133.0,171.05545699558903,-38.055456995589026
sandia_to_matr,sandia,matr,gaussian_process,123,matr_b2c10,251.0,490.2870920100058,-239.28709201000578
sandia_to_matr,sandia,matr,gaussian_process,123,matr_b2c11,250.0,653.9680083790844,-403.9680083790844
sandia_to_matr,sandia,matr,gaussian_process,123,matr_b2c12,435.0,1265.5675233570869,-830.5675233570869
sandia_to_matr,sandia,matr,gaussian_process,123,matr_b2c13,454.0,1219.0579191389209,-765.0579191389209
sandia_to_matr,sandia,matr,gaussian_process,123,matr_b2c14,466.0,583.0360627438552,-117.03606274385515
sandia_to_matr,sandia,matr,gaussian_process,123,matr_b2c17,476.0,654.2757955726221,-178.2757955726221
sandia_to_matr,sandia,matr,gaussian_process,123,matr_b2c18,468.0,441.34594159640415,26.654058403595855
sandia_to_matr,sandia,matr,gaussian_process,123,matr_b2c19,455.0,1026.5026429083534,-571.5026429083534
sandia_to_matr,sandia,matr,gaussian_process,123,matr_b2c2,422.0,642.5871936925608,-220.58719369256085
sandia_to_matr,sandia,matr,gaussian_process,123,matr_b2c20,475.0,783.3065030780185,-308.3065030780185
sandia_to_matr,sandia,matr,gaussian_process,123,matr_b2c21,468.0,909.2496217060984,-441.2496217060984
sandia_to_matr,sandia,matr,gaussian_process,123,matr_b2c22,490.0,671.8667157119158,-181.86671571191584
sandia_to_matr,sandia,matr,gaussian_process,123,matr_b2c23,502.0,955.0048746038024,-453.00487460380236
sandia_to_matr,sandia,matr,gaussian_process,123,matr_b2c24,478.0,745.2035885884047,-267.2035885884047
sandia_to_matr,sandia,matr,gaussian_process,123,matr_b2c25,446.0,917.4768735814179,-471.47687358141786
sandia_to_matr,sandia,matr,gaussian_process,123,matr_b2c26,450.0,914.8736323076394,-464.87363230763935
sandia_to_matr,sandia,matr,gaussian_process,123,matr_b2c27,453.0,586.2052284701525,-133.20522847015252
sandia_to_matr,sandia,matr,gaussian_process,123,matr_b2c28,491.0,617.8942226562777,-126.89422265627775
sandia_to_matr,sandia,matr,gaussian_process,123,matr_b2c29,481.0,605.0541221005631,-124.05412210056306
sandia_to_matr,sandia,matr,gaussian_process,123,matr_b2c3,314.0,893.2967277413588,-579.2967277413588
sandia_to_matr,sandia,matr,gaussian_process,123,matr_b2c30,466.0,634.0240175642582,-168.0240175642582
sandia_to_matr,sandia,matr,gaussian_process,123,matr_b2c31,474.0,487.45657188015275,-13.456571880152751
sandia_to_matr,sandia,matr,gaussian_process,123,matr_b2c32,500.0,654.9369558166972,-154.93695581669715
sandia_to_matr,sandia,matr,gaussian_process,123,matr_b2c33,499.0,528.0267170401327,-29.026717040132667
sandia_to_matr,sandia,matr,gaussian_process,123,matr_b2c34,483.0,671.2033090156372,-188.20330901563716
sandia_to_matr,sandia,matr,gaussian_process,123,matr_b2c35,449.0,685.3635254202554,-236.36352542025543
sandia_to_matr,sandia,matr,gaussian_process,123,matr_b2c36,513.0,646.154661012328,-133.154661012328
sandia_to_matr,sandia,matr,gaussian_process,123,matr_b2c37,461.0,591.1574129771662,-130.15741297716625
sandia_to_matr,sandia,matr,gaussian_process,123,matr_b2c38,451.0,558.3302245040877,-107.33022450408771
sandia_to_matr,sandia,matr,gaussian_process,123,matr_b2c39,442.0,412.74040564478696,29.25959435521304
sandia_to_matr,sandia,matr,gaussian_process,123,matr_b2c4,247.0,1071.8583914214091,-824.8583914214091
sandia_to_matr,sandia,matr,gaussian_process,123,matr_b2c40,476.0,762.5440276141015,-286.54402761410154
sandia_to_matr,sandia,matr,gaussian_process,123,matr_b2c41,416.0,602.2526420822378,-186.2526420822378
sandia_to_matr,sandia,matr,gaussian_process,123,matr_b2c42,444.0,494.3272827030735,-50.32728270307348
sandia_to_matr,sandia,matr,gaussian_process,123,matr_b2c43,443.0,492.0170852625699,-49.01708526256988
sandia_to_matr,sandia,matr,gaussian_process,123,matr_b2c44,442.0,841.5944953291979,-399.5944953291979
sandia_to_matr,sandia,matr,gaussian_process,123,matr_b2c45,470.0,818.3393155827076,-348.3393155827076
sandia_to_matr,sandia,matr,gaussian_process,123,matr_b2c46,417.0,620.3517098874395,-203.35170988743948
sandia_to_matr,sandia,matr,gaussian_process,123,matr_b2c47,705.0,726.2024498189347,-21.202449818934724
sandia_to_matr,sandia,matr,gaussian_process,123,matr_b2c5,464.0,741.7820599579226,-277.78205995792257
sandia_to_matr,sandia,matr,gaussian_process,123,matr_b2c6,475.0,987.4764058734536,-512.4764058734536
sandia_to_matr,sandia,matr,gaussian_process,123,matr_b3c0,985.0,828.3520191019019,156.64798089809813
sandia_to_matr,sandia,matr,gaussian_process,123,matr_b3c1,1033.0,1116.3795674134683,-83.3795674134683
sandia_to_matr,sandia,matr,gaussian_process,123,matr_b3c10,1046.0,817.4734258514035,228.52657414859652
sandia_to_matr,sandia,matr,gaussian_process,123,matr_b3c11,792.0,941.7869752050852,-149.78697520508524
sandia_to_matr,sandia,matr,gaussian_process,123,matr_b3c12,903.0,990.7273682248101,-87.7273682248101
sandia_to_matr,sandia,matr,gaussian_process,123,matr_b3c13,794.0,868.0981629934026,-74.09816299340264
sandia_to_matr,sandia,matr,gaussian_process,123,matr_b3c14,834.0,615.7932814407932,218.20671855920682
sandia_to_matr,sandia,matr,gaussian_process,123,matr_b3c15,850.0,1134.9464611448857,-284.9464611448857
sandia_to_matr,sandia,matr,gaussian_process,123,matr_b3c16,1589.0,884.2620754130982,704.7379245869018
sandia_to_matr,sandia,matr,gaussian_process,123,matr_b3c17,1269.0,424.9910478396825,844.0089521603174
sandia_to_matr,sandia,matr,gaussian_process,123,matr_b3c18,1100.0,509.98259796432785,590.0174020356721
sandia_to_matr,sandia,matr,gaussian_process,123,matr_b3c19,1105.0,816.1803924595978,288.8196075404022
sandia_to_matr,sandia,matr,gaussian_process,123,matr_b3c2,1224.0,826.6683315088256,397.33166849117436
sandia_to_matr,sandia,matr,gaussian_process,123,matr_b3c20,793.0,880.2334118823628,-87.23341188236282
sandia_to_matr,sandia,matr,gaussian_process,123,matr_b3c21,745.0,1156.642501470336,-411.6425014703359
sandia_to_matr,sandia,matr,gaussian_process,123,matr_b3c22,991.0,925.4701653664572,65.5298346335428
sandia_to_matr,sandia,matr,gaussian_process,123,matr_b3c24,817.0,573.7535971820167,243.24640281798327
sandia_to_matr,sandia,matr,gaussian_process,123,matr_b3c25,970.0,690.8051702537133,279.1948297462867
sandia_to_matr,sandia,matr,gaussian_process,123,matr_b3c26,989.0,540.9409933164134,448.05900668358663
sandia_to_matr,sandia,matr,gaussian_process,123,matr_b3c27,828.0,674.476399651719,153.52360034828098
sandia_to_matr,sandia,matr,gaussian_process,123,matr_b3c28,524.0,1074.9625841125544,-550.9625841125544
sandia_to_matr,sandia,matr,gaussian_process,123,matr_b3c29,833.0,572.5772169042999,260.4227830957001
sandia_to_matr,sandia,matr,gaussian_process,123,matr_b3c3,1084.0,1310.3499769249609,-226.34997692496086
sandia_to_matr,sandia,matr,gaussian_process,123,matr_b3c30,913.0,612.3010152792615,300.6989847207385
sandia_to_matr,sandia,matr,gaussian_process,123,matr_b3c31,713.0,873.1400305107998,-160.14003051079976
sandia_to_matr,sandia,matr,gaussian_process,123,matr_b3c33,1257.0,1105.4450229351548,151.55497706484516
sandia_to_matr,sandia,matr,gaussian_process,123,matr_b3c34,1125.0,694.5256705947028,430.4743294052972
sandia_to_matr,sandia,matr,gaussian_process,123,matr_b3c35,1056.0,486.8665224532866,569.1334775467134
sandia_to_matr,sandia,matr,gaussian_process,123,matr_b3c36,910.0,784.9797430636513,125.02025693634869
sandia_to_matr,sandia,matr,gaussian_process,123,matr_b3c37,1376.0,686.850219201978,689.149780798022
sandia_to_matr,sandia,matr,gaussian_process,123,matr_b3c38,1873.0,1078.6778157747908,794.3221842252092
sandia_to_matr,sandia,matr,gaussian_process,123,matr_b3c39,1146.0,751.332091105797,394.66790889420304
sandia_to_matr,sandia,matr,gaussian_process,123,matr_b3c4,1006.0,803.8242793695724,202.17572063042758
sandia_to_matr,sandia,matr,gaussian_process,123,matr_b3c40,779.0,805.6455160017748,-26.64551600177481
sandia_to_matr,sandia,matr,gaussian_process,123,matr_b3c41,773.0,540.8210038789774,232.17899612102258
sandia_to_matr,sandia,matr,gaussian_process,123,matr_b3c42,1587.0,556.4679659446044,1030.5320340553956
sandia_to_matr,sandia,matr,gaussian_process,123,matr_b3c43,1018.0,539.7833607974181,478.21663920258186
sandia_to_matr,sandia,matr,gaussian_process,123,matr_b3c44,921.0,548.6507736425526,372.3492263574474
sandia_to_matr,sandia,matr,gaussian_process,123,matr_b3c45,1735.0,918.4865434734663,816.5134565265337
sandia_to_matr,sandia,matr,gaussian_process,123,matr_b3c5,815.0,1039.7303063039114,-224.73030630391145
sandia_to_matr,sandia,matr,gaussian_process,123,matr_b3c6,630.0,988.053923566811,-358.053923566811
sandia_to_matr,sandia,matr,gaussian_process,123,matr_b3c7,1774.0,733.0324810460427,1040.9675189539573
sandia_to_matr,sandia,matr,gaussian_process,123,matr_b3c8,810.0,728.6133215959197,81.38667840408027
sandia_to_matr,sandia,matr,gaussian_process,123,matr_b3c9,1010.0,534.6852872818419,475.31471271815815
sandia_to_matr,sandia,matr,gaussian_process,456,matr_b1c0,1717.0,384.6379468178807,1332.3620531821193
sandia_to_matr,sandia,matr,gaussian_process,456,matr_b1c1,2066.0,397.6381472490808,1668.3618527509193
sandia_to_matr,sandia,matr,gaussian_process,456,matr_b1c11,771.0,386.87957296223533,384.12042703776467
sandia_to_matr,sandia,matr,gaussian_process,456,matr_b1c12,897.0,384.0957308973711,512.9042691026289
sandia_to_matr,sandia,matr,gaussian_process,456,matr_b1c14,845.0,384.6850252756088,460.3149747243912
sandia_to_matr,sandia,matr,gaussian_process,456,matr_b1c15,699.0,384.54799177774566,314.45200822225434
sandia_to_matr,sandia,matr,gaussian_process,456,matr_b1c16,824.0,384.5576480827288,439.4423519172712
sandia_to_matr,sandia,matr,gaussian_process,456,matr_b1c17,825.0,384.4823893987236,440.5176106012764
sandia_to_matr,sandia,matr,gaussian_process,456,matr_b1c18,665.0,384.6379468178807,280.3620531821193
sandia_to_matr,sandia,matr,gaussian_process,456,matr_b1c19,740.0,440.4945033163917,299.5054966836083
sandia_to_matr,sandia,matr,gaussian_process,456,matr_b1c2,1487.0,384.98298360439355,1102.0170163956063
sandia_to_matr,sandia,matr,gaussian_process,456,matr_b1c20,504.0,784.706332334353,-280.70633233435296
sandia_to_matr,sandia,matr,gaussian_process,456,matr_b1c21,535.0,384.1773395089114,150.82266049108858
sandia_to_matr,sandia,matr,gaussian_process,456,matr_b1c23,974.0,408.191071410898,565.8089285891019
sandia_to_matr,sandia,matr,gaussian_process,456,matr_b1c24,979.0,385.2035516398309,593.796448360169
sandia_to_matr,sandia,matr,gaussian_process,456,matr_b1c25,817.0,412.3464205648,404.6535794352
sandia_to_matr,sandia,matr,gaussian_process,456,matr_b1c26,826.0,396.74576163652904,429.25423836347096
sandia_to_matr,sandia,matr,gaussian_process,456,matr_b1c27,809.0,405.08490395536694,403.91509604463306
sandia_to_matr,sandia,matr,gaussian_process,456,matr_b1c28,815.0,406.8599625557548,408.1400374442452
sandia_to_matr,sandia,matr,gaussian_process,456,matr_b1c29,872.0,392.8022782111536,479.1977217888464
sandia_to_matr,sandia,matr,gaussian_process,456,matr_b1c3,1344.0,384.53182278853103,959.468177211469
sandia_to_matr,sandia,matr,gaussian_process,456,matr_b1c30,679.0,453.0542592096831,225.9457407903169
sandia_to_matr,sandia,matr,gaussian_process,456,matr_b1c31,827.0,384.6380037548989,442.3619962451011
sandia_to_matr,sandia,matr,gaussian_process,456,matr_b1c32,694.0,425.56459320826826,268.43540679173174
sandia_to_matr,sandia,matr,gaussian_process,456,matr_b1c33,708.0,438.2557794329967,269.7442205670033
sandia_to_matr,sandia,matr,gaussian_process,456,matr_b1c34,714.0,386.40307849026163,327.59692150973837
sandia_to_matr,sandia,matr,gaussian_process,456,matr_b1c35,676.0,384.5716650280079,291.4283349719921
sandia_to_matr,sandia,matr,gaussian_process,456,matr_b1c36,670.0,418.3910847601278,251.6089152398722
sandia_to_matr,sandia,matr,gaussian_process,456,matr_b1c37,622.0,470.05396174672416,151.94603825327584
sandia_to_matr,sandia,matr,gaussian_process,456,matr_b1c38,592.0,385.28636489926055,206.71363510073945
sandia_to_matr,sandia,matr,gaussian_process,456,matr_b1c39,592.0,384.39729090314165,207.60270909685835
sandia_to_matr,sandia,matr,gaussian_process,456,matr_b1c4,1618.0,384.6037973612819,1233.396202638718
sandia_to_matr,sandia,matr,gaussian_process,456,matr_b1c40,919.0,424.2719601733085,494.7280398266915
sandia_to_matr,sandia,matr,gaussian_process,456,matr_b1c41,1005.0,382.4084550280503,622.5915449719497
sandia_to_matr,sandia,matr,gaussian_process,456,matr_b1c42,661.0,383.0968209775988,277.9031790224012
sandia_to_matr,sandia,matr,gaussian_process,456,matr_b1c43,626.0,384.8673059991978,241.1326940008022
sandia_to_matr,sandia,matr,gaussian_process,456,matr_b1c44,575.0,384.6226433947343,190.37735660526567
sandia_to_matr,sandia,matr,gaussian_process,456,matr_b1c45,563.0,430.6341225710216,132.36587742897842
sandia_to_matr,sandia,matr,gaussian_process,456,matr_b1c5,909.0,384.41815744072596,524.581842559274
sandia_to_matr,sandia,matr,gaussian_process,456,matr_b1c6,613.0,452.87738070770405,160.12261929229595
sandia_to_matr,sandia,matr,gaussian_process,456,matr_b1c7,818.0,396.2111088025079,421.7888911974921
sandia_to_matr,sandia,matr,gaussian_process,456,matr_b1c9,1012.0,384.38065235806226,627.6193476419378
sandia_to_matr,sandia,matr,gaussian_process,456,matr_b2c0,278.0,512.7032039461673,-234.70320394616726
sandia_to_matr,sandia,matr,gaussian_process,456,matr_b2c1,133.0,180.32128303593515,-47.32128303593515
sandia_to_matr,sandia,matr,gaussian_process,456,matr_b2c10,251.0,389.2703014799804,-138.2703014799804
sandia_to_matr,sandia,matr,gaussian_process,456,matr_b2c11,250.0,392.2429728022828,-142.2429728022828
sandia_to_matr,sandia,matr,gaussian_process,456,matr_b2c12,435.0,590.4102310541854,-155.41023105418537
sandia_to_matr,sandia,matr,gaussian_process,456,matr_b2c13,454.0,497.81341528483506,-43.81341528483506
sandia_to_matr,sandia,matr,gaussian_process,456,matr_b2c14,466.0,384.9993512254862,81.00064877451382
sandia_to_matr,sandia,matr,gaussian_process,456,matr_b2c17,476.0,384.78245537579704,91.21754462420296
sandia_to_matr,sandia,matr,gaussian_process,456,matr_b2c18,468.0,384.6272387805055,83.37276121949452
sandia_to_matr,sandia,matr,gaussian_process,456,matr_b2c19,455.0,670.0276679216745,-215.0276679216745
sandia_to_matr,sandia,matr,gaussian_process,456,matr_b2c2,422.0,384.76544958616125,37.23455041383875
sandia_to_matr,sandia,matr,gaussian_process,456,matr_b2c20,475.0,392.9098891187789,82.09011088122111
sandia_to_matr,sandia,matr,gaussian_process,456,matr_b2c21,468.0,416.71942908867277,51.28057091132723
sandia_to_matr,sandia,matr,gaussian_process,456,matr_b2c22,490.0,388.16695944348095,101.83304055651905
sandia_to_matr,sandia,matr,gaussian_process,456,matr_b2c23,502.0,393.98928829110054,108.01071170889946
sandia_to_matr,sandia,matr,gaussian_process,456,matr_b2c24,478.0,387.55385460045323,90.44614539954677
sandia_to_matr,sandia,matr,gaussian_process,456,matr_b2c25,446.0,400.6637304427922,45.3362695572078
sandia_to_matr,sandia,matr,gaussian_process,456,matr_b2c26,450.0,392.23234312081996,57.76765687918004
sandia_to_matr,sandia,matr,gaussian_process,456,matr_b2c27,453.0,384.8409719806423,68.15902801935772
sandia_to_matr,sandia,matr,gaussian_process,456,matr_b2c28,491.0,384.9292849275462,106.07071507245382
sandia_to_matr,sandia,matr,gaussian_process,456,matr_b2c29,481.0,384.64349865440755,96.35650134559245
sandia_to_matr,sandia,matr,gaussian_process,456,matr_b2c3,314.0,468.06475817585937,-154.06475817585937
sandia_to_matr,sandia,matr,gaussian_process,456,matr_b2c30,466.0,385.53327437372064,80.46672562627936
sandia_to_matr,sandia,matr,gaussian_process,456,matr_b2c31,474.0,384.57643385672856,89.42356614327144
sandia_to_matr,sandia,matr,gaussian_process,456,matr_b2c32,500.0,384.6971870222908,115.30281297770921
sandia_to_matr,sandia,matr,gaussian_process,456,matr_b2c33,499.0,384.6331455440682,114.36685445593179
sandia_to_matr,sandia,matr,gaussian_process,456,matr_b2c34,483.0,384.65660713209337,98.34339286790663
sandia_to_matr,sandia,matr,gaussian_process,456,matr_b2c35,449.0,389.6418205859713,59.35817941402871
sandia_to_matr,sandia,matr,gaussian_process,456,matr_b2c36,513.0,384.35010371405747,128.64989628594253
sandia_to_matr,sandia,matr,gaussian_process,456,matr_b2c37,461.0,384.546277029124,76.45372297087602
sandia_to_matr,sandia,matr,gaussian_process,456,matr_b2c38,451.0,384.2570242505249,66.74297574947508
sandia_to_matr,sandia,matr,gaussian_process,456,matr_b2c39,442.0,384.63791366230083,57.36208633769917
sandia_to_matr,sandia,matr,gaussian_process,456,matr_b2c4,247.0,432.09473137347305,-185.09473137347305
sandia_to_matr,sandia,matr,gaussian_process,456,matr_b2c40,476.0,385.341345185036,90.658654814964
sandia_to_matr,sandia,matr,gaussian_process,456,matr_b2c41,416.0,384.68905078467674,31.310949215323262
sandia_to_matr,sandia,matr,gaussian_process,456,matr_b2c42,444.0,384.6313112095651,59.368688790434874
sandia_to_matr,sandia,matr,gaussian_process,456,matr_b2c43,443.0,384.55182619324705,58.44817380675295
sandia_to_matr,sandia,matr,gaussian_process,456,matr_b2c44,442.0,385.79663909006797,56.20336090993203
sandia_to_matr,sandia,matr,gaussian_process,456,matr_b2c45,470.0,395.92519288174776,74.07480711825224
sandia_to_matr,sandia,matr,gaussian_process,456,matr_b2c46,417.0,383.67433350770796,33.325666492292044
sandia_to_matr,sandia,matr,gaussian_process,456,matr_b2c47,705.0,402.4211126913189,302.5788873086811
sandia_to_matr,sandia,matr,gaussian_process,456,matr_b2c5,464.0,392.6155226015052,71.38447739849482
sandia_to_matr,sandia,matr,gaussian_process,456,matr_b2c6,475.0,542.3875008310581,-67.3875008310581
sandia_to_matr,sandia,matr,gaussian_process,456,matr_b3c0,985.0,396.9328959829916,588.0671040170084
sandia_to_matr,sandia,matr,gaussian_process,456,matr_b3c1,1033.0,424.919298180328,608.080701819672
sandia_to_matr,sandia,matr,gaussian_process,456,matr_b3c10,1046.0,393.0120926272639,652.9879073727361
sandia_to_matr,sandia,matr,gaussian_process,456,matr_b3c11,792.0,443.5979667100168,348.4020332899832
sandia_to_matr,sandia,matr,gaussian_process,456,matr_b3c12,903.0,427.2573025259403,475.7426974740597
sandia_to_matr,sandia,matr,gaussian_process,456,matr_b3c13,794.0,407.00227256612595,386.99772743387405
sandia_to_matr,sandia,matr,gaussian_process,456,matr_b3c14,834.0,387.69654033285855,446.30345966714145
sandia_to_matr,sandia,matr,gaussian_process,456,matr_b3c15,850.0,467.6724236096891,382.3275763903109
sandia_to_matr,sandia,matr,gaussian_process,456,matr_b3c16,1589.0,395.7038047046515,1193.2961952953485
sandia_to_matr,sandia,matr,gaussian_process,456,matr_b3c17,1269.0,384.251242456704,884.748757543296
sandia_to_matr,sandia,matr,gaussian_process,456,matr_b3c18,1100.0,383.58853923137866,716.4114607686213
sandia_to_matr,sandia,matr,gaussian_process,456,matr_b3c19,1105.0,386.509230917949,718.490769082051
sandia_to_matr,sandia,matr,gaussian_process,456,matr_b3c2,1224.0,408.95445134416286,815.0455486558371
sandia_to_matr,sandia,matr,gaussian_process,456,matr_b3c20,793.0,414.1902338259937,378.8097661740063
sandia_to_matr,sandia,matr,gaussian_process,456,matr_b3c21,745.0,1011.0262589763672,-266.0262589763672
sandia_to_matr,sandia,matr,gaussian_process,456,matr_b3c22,991.0,424.5188023291257,566.4811976708743
sandia_to_matr,sandia,matr,gaussian_process,456,matr_b3c24,817.0,383.53729020726445,433.46270979273555
sandia_to_matr,sandia,matr,gaussian_process,456,matr_b3c25,970.0,387.7499720698562,582.2500279301438
sandia_to_matr,sandia,matr,gaussian_process,456,matr_b3c26,989.0,384.49172361429936,604.5082763857006
sandia_to_matr,sandia,matr,gaussian_process,456,matr_b3c27,828.0,386.53519746207894,441.46480253792106
sandia_to_matr,sandia,matr,gaussian_process,456,matr_b3c28,524.0,788.023625286847,-264.02362528684705
sandia_to_matr,sandia,matr,gaussian_process,456,matr_b3c29,833.0,383.4698258681769,449.5301741318231
sandia_to_matr,sandia,matr,gaussian_process,456,matr_b3c3,1084.0,454.4770565829856,629.5229434170144
sandia_to_matr,sandia,matr,gaussian_process,456,matr_b3c30,913.0,384.0049824982526,528.9950175017474
sandia_to_matr,sandia,matr,gaussian_process,456,matr_b3c31,713.0,397.08645299886996,315.91354700113004
sandia_to_matr,sandia,matr,gaussian_process,456,matr_b3c33,1257.0,442.62011078107156,814.3798892189284
sandia_to_matr,sandia,matr,gaussian_process,456,matr_b3c34,1125.0,393.9595768863243,731.0404231136756
sandia_to_matr,sandia,matr,gaussian_process,456,matr_b3c35,1056.0,386.1418511313326,669.8581488686674
sandia_to_matr,sandia,matr,gaussian_process,456,matr_b3c36,910.0,403.76769886642006,506.23230113357994
sandia_to_matr,sandia,matr,gaussian_process,456,matr_b3c37,1376.0,387.05877727542486,988.9412227245751
sandia_to_matr,sandia,matr,gaussian_process,456,matr_b3c38,1873.0,412.5594032316317,1460.4405967683683
sandia_to_matr,sandia,matr,gaussian_process,456,matr_b3c39,1146.0,394.4549272476033,751.5450727523967
sandia_to_matr,sandia,matr,gaussian_process,456,matr_b3c4,1006.0,389.57771018116915,616.4222898188309
sandia_to_matr,sandia,matr,gaussian_process,456,matr_b3c40,779.0,402.9229368451337,376.0770631548663
sandia_to_matr,sandia,matr,gaussian_process,456,matr_b3c41,773.0,382.3634913027638,390.6365086972362
sandia_to_matr,sandia,matr,gaussian_process,456,matr_b3c42,1587.0,383.80482812575974,1203.1951718742403
sandia_to_matr,sandia,matr,gaussian_process,456,matr_b3c43,1018.0,383.31268870320747,634.6873112967926
sandia_to_matr,sandia,matr,gaussian_process,456,matr_b3c44,921.0,382.74036099083355,538.2596390091664
sandia_to_matr,sandia,matr,gaussian_process,456,matr_b3c45,1735.0,393.2385537683503,1341.7614462316496
sandia_to_matr,sandia,matr,gaussian_process,456,matr_b3c5,815.0,404.0542405526828,410.9457594473172
sandia_to_matr,sandia,matr,gaussian_process,456,matr_b3c6,630.0,926.9079031034598,-296.90790310345983
sandia_to_matr,sandia,matr,gaussian_process,456,matr_b3c7,1774.0,386.38013853859235,1387.6198614614077
sandia_to_matr,sandia,matr,gaussian_process,456,matr_b3c8,810.0,394.7403664978339,415.2596335021661
sandia_to_matr,sandia,matr,gaussian_process,456,matr_b3c9,1010.0,382.5307384496889,627.4692615503111
sandia_to_matr,sandia,matr,gaussian_process,789,matr_b1c0,1717.0,369.49588772463125,1347.5041122753687
sandia_to_matr,sandia,matr,gaussian_process,789,matr_b1c1,2066.0,543.0567628334412,1522.943237166559
sandia_to_matr,sandia,matr,gaussian_process,789,matr_b1c11,771.0,409.53403066123735,361.46596933876265
sandia_to_matr,sandia,matr,gaussian_process,789,matr_b1c12,897.0,327.41243807752323,569.5875619224768
sandia_to_matr,sandia,matr,gaussian_process,789,matr_b1c14,845.0,337.8195481456077,507.1804518543923
sandia_to_matr,sandia,matr,gaussian_process,789,matr_b1c15,699.0,338.8922812608608,360.1077187391392
sandia_to_matr,sandia,matr,gaussian_process,789,matr_b1c16,824.0,333.7855885277769,490.2144114722231
sandia_to_matr,sandia,matr,gaussian_process,789,matr_b1c17,825.0,327.0972500382176,497.9027499617824
sandia_to_matr,sandia,matr,gaussian_process,789,matr_b1c18,665.0,369.4958877246316,295.5041122753684
sandia_to_matr,sandia,matr,gaussian_process,789,matr_b1c19,740.0,567.2260347009371,172.77396529906287
sandia_to_matr,sandia,matr,gaussian_process,789,matr_b1c2,1487.0,421.9549401257741,1065.045059874226
sandia_to_matr,sandia,matr,gaussian_process,789,matr_b1c20,504.0,1072.8357451998452,-568.8357451998452
sandia_to_matr,sandia,matr,gaussian_process,789,matr_b1c21,535.0,479.322315927899,55.67768407210099
sandia_to_matr,sandia,matr,gaussian_process,789,matr_b1c23,974.0,551.6319528174726,422.36804718252745
sandia_to_matr,sandia,matr,gaussian_process,789,matr_b1c24,979.0,432.30998359840373,546.6900164015963
sandia_to_matr,sandia,matr,gaussian_process,789,matr_b1c25,817.0,553.9740204943022,263.0259795056978
sandia_to_matr,sandia,matr,gaussian_process,789,matr_b1c26,826.0,530.9602731354637,295.0397268645363
sandia_to_matr,sandia,matr,gaussian_process,789,matr_b1c27,809.0,537.1191408796443,271.8808591203557
sandia_to_matr,sandia,matr,gaussian_process,789,matr_b1c28,815.0,495.45510725694857,319.54489274305143
sandia_to_matr,sandia,matr,gaussian_process,789,matr_b1c29,872.0,437.5098232249485,434.4901767750515
sandia_to_matr,sandia,matr,gaussian_process,789,matr_b1c3,1344.0,350.51036399774114,993.4896360022589
sandia_to_matr,sandia,matr,gaussian_process,789,matr_b1c30,679.0,619.9995119631117,59.00048803688833
sandia_to_matr,sandia,matr,gaussian_process,789,matr_b1c31,827.0,373.293132238287,453.706867761713
sandia_to_matr,sandia,matr,gaussian_process,789,matr_b1c32,694.0,479.78244119901865,214.21755880098135
sandia_to_matr,sandia,matr,gaussian_process,789,matr_b1c33,708.0,528.8166411939405,179.18335880605946
sandia_to_matr,sandia,matr,gaussian_process,789,matr_b1c34,714.0,441.3917352508077,272.6082647491923
sandia_to_matr,sandia,matr,gaussian_process,789,matr_b1c35,676.0,390.6953264308984,285.3046735691016
sandia_to_matr,sandia,matr,gaussian_process,789,matr_b1c36,670.0,622.0123631404222,47.98763685957783
sandia_to_matr,sandia,matr,gaussian_process,789,matr_b1c37,622.0,737.5347021594896,-115.5347021594896
sandia_to_matr,sandia,matr,gaussian_process,789,matr_b1c38,592.0,348.2744211855583,243.7255788144417
sandia_to_matr,sandia,matr,gaussian_process,789,matr_b1c39,592.0,398.7743087636554,193.22569123634457
sandia_to_matr,sandia,matr,gaussian_process,789,matr_b1c4,1618.0,334.9598536160721,1283.040146383928
sandia_to_matr,sandia,matr,gaussian_process,789,matr_b1c40,919.0,592.71309899533,326.28690100466997
sandia_to_matr,sandia,matr,gaussian_process,789,matr_b1c41,1005.0,410.9970908482471,594.0029091517529
sandia_to_matr,sandia,matr,gaussian_process,789,matr_b1c42,661.0,344.02738923898414,316.97261076101586
sandia_to_matr,sandia,matr,gaussian_process,789,matr_b1c43,626.0,406.44073078180884,219.55926921819116
sandia_to_matr,sandia,matr,gaussian_process,789,matr_b1c44,575.0,401.3657198699244,173.63428013007558
sandia_to_matr,sandia,matr,gaussian_process,789,matr_b1c45,563.0,517.6229106124262,45.37708938757385
sandia_to_matr,sandia,matr,gaussian_process,789,matr_b1c5,909.0,375.32102782498725,533.6789721750127
sandia_to_matr,sandia,matr,gaussian_process,789,matr_b1c6,613.0,691.2487985918992,-78.24879859189923
sandia_to_matr,sandia,matr,gaussian_process,789,matr_b1c7,818.0,618.8542036368029,199.14579636319706
sandia_to_matr,sandia,matr,gaussian_process,789,matr_b1c9,1012.0,325.94658022029625,686.0534197797037
sandia_to_matr,sandia,matr,gaussian_process,789,matr_b2c0,278.0,406.54865028528667,-128.54865028528667
sandia_to_matr,sandia,matr,gaussian_process,789,matr_b2c1,133.0,156.24736039260364,-23.24736039260364
sandia_to_matr,sandia,matr,gaussian_process,789,matr_b2c10,251.0,408.61331271643616,-157.61331271643616
sandia_to_matr,sandia,matr,gaussian_process,789,matr_b2c11,250.0,337.99413798301276,-87.99413798301276
sandia_to_matr,sandia,matr,gaussian_process,789,matr_b2c12,435.0,823.5791019207302,-388.5791019207302
sandia_to_matr,sandia,matr,gaussian_process,789,matr_b2c13,454.0,773.9584988388995,-319.95849883889946
sandia_to_matr,sandia,matr,gaussian_process,789,matr_b2c14,466.0,351.8683905693196,114.13160943068038
sandia_to_matr,sandia,matr,gaussian_process,789,matr_b2c17,476.0,438.958002062452,37.04199793754799
sandia_to_matr,sandia,matr,gaussian_process,789,matr_b2c18,468.0,411.17890764364813,56.82109235635187
sandia_to_matr,sandia,matr,gaussian_process,789,matr_b2c19,455.0,509.53373580866054,-54.53373580866054
sandia_to_matr,sandia,matr,gaussian_process,789,matr_b2c2,422.0,436.316771421197,-14.316771421197018
sandia_to_matr,sandia,matr,gaussian_process,789,matr_b2c20,475.0,563.4197972800366,-88.41979728003662
sandia_to_matr,sandia,matr,gaussian_process,789,matr_b2c21,468.0,521.8119408801554,-53.81194088015536
sandia_to_matr,sandia,matr,gaussian_process,789,matr_b2c22,490.0,378.12992496956304,111.87007503043696
sandia_to_matr,sandia,matr,gaussian_process,789,matr_b2c23,502.0,513.1672648383322,-11.167264838332244
sandia_to_matr,sandia,matr,gaussian_process,789,matr_b2c24,478.0,589.2773394444778,-111.27733944447778
sandia_to_matr,sandia,matr,gaussian_process,789,matr_b2c25,446.0,420.684548994546,25.31545100545401
sandia_to_matr,sandia,matr,gaussian_process,789,matr_b2c26,450.0,447.20112630042024,2.798873699579758
sandia_to_matr,sandia,matr,gaussian_process,789,matr_b2c27,453.0,391.7777385551908,61.22226144480919
sandia_to_matr,sandia,matr,gaussian_process,789,matr_b2c28,491.0,452.08443878422,38.915561215779974
sandia_to_matr,sandia,matr,gaussian_process,789,matr_b2c29,481.0,356.23019890929845,124.76980109070155
sandia_to_matr,sandia,matr,gaussian_process,789,matr_b2c3,314.0,398.5988195489005,-84.59881954890051
sandia_to_matr,sandia,matr,gaussian_process,789,matr_b2c30,466.0,380.3585691601262,85.6414308398738
sandia_to_matr,sandia,matr,gaussian_process,789,matr_b2c31,474.0,354.40298843625675,119.59701156374325
sandia_to_matr,sandia,matr,gaussian_process,789,matr_b2c32,500.0,461.2857900541723,38.71420994582769
sandia_to_matr,sandia,matr,gaussian_process,789,matr_b2c33,499.0,368.46738442432945,130.53261557567055
sandia_to_matr,sandia,matr,gaussian_process,789,matr_b2c34,483.0,418.70528734264747,64.29471265735253
sandia_to_matr,sandia,matr,gaussian_process,789,matr_b2c35,449.0,436.83737223897595,12.162627761024055
sandia_to_matr,sandia,matr,gaussian_process,789,matr_b2c36,513.0,345.05749080829463,167.94250919170537
sandia_to_matr,sandia,matr,gaussian_process,789,matr_b2c37,461.0,319.0267163651923,141.97328363480767
sandia_to_matr,sandia,matr,gaussian_process,789,matr_b2c38,451.0,344.91532467269997,106.08467532730003
sandia_to_matr,sandia,matr,gaussian_process,789,matr_b2c39,442.0,361.5208549308278,80.4791450691722
sandia_to_matr,sandia,matr,gaussian_process,789,matr_b2c4,247.0,629.5380575524839,-382.5380575524839
sandia_to_matr,sandia,matr,gaussian_process,789,matr_b2c40,476.0,473.68497216235215,2.315027837647847
sandia_to_matr,sandia,matr,gaussian_process,789,matr_b2c41,416.0,398.67627882120564,17.323721178794358
sandia_to_matr,sandia,matr,gaussian_process,789,matr_b2c42,444.0,363.0305312042609,80.96946879573909
sandia_to_matr,sandia,matr,gaussian_process,789,matr_b2c43,443.0,349.60899971773125,93.39100028226875
sandia_to_matr,sandia,matr,gaussian_process,789,matr_b2c44,442.0,426.5070683783983,15.492931621601713
sandia_to_matr,sandia,matr,gaussian_process,789,matr_b2c45,470.0,574.5020152472158,-104.50201524721581
sandia_to_matr,sandia,matr,gaussian_process,789,matr_b2c46,417.0,335.86271511167985,81.13728488832015
sandia_to_matr,sandia,matr,gaussian_process,789,matr_b2c47,705.0,476.82028511640374,228.17971488359626
sandia_to_matr,sandia,matr,gaussian_process,789,matr_b2c5,464.0,528.6177303073551,-64.61773030735515
sandia_to_matr,sandia,matr,gaussian_process,789,matr_b2c6,475.0,639.6934342310283,-164.69343423102828
sandia_to_matr,sandia,matr,gaussian_process,789,matr_b3c0,985.0,523.6159767104484,461.3840232895516
sandia_to_matr,sandia,matr,gaussian_process,789,matr_b3c1,1033.0,502.4911544032392,530.5088455967608
sandia_to_matr,sandia,matr,gaussian_process,789,matr_b3c10,1046.0,587.3257245862447,458.67427541375525
sandia_to_matr,sandia,matr,gaussian_process,789,matr_b3c11,792.0,498.70850989598034,293.29149010401966
sandia_to_matr,sandia,matr,gaussian_process,789,matr_b3c12,903.0,599.2949903456182,303.7050096543818
sandia_to_matr,sandia,matr,gaussian_process,789,matr_b3c13,794.0,439.7775834109068,354.2224165890932
sandia_to_matr,sandia,matr,gaussian_process,789,matr_b3c14,834.0,415.3774342736504,418.6225657263496
sandia_to_matr,sandia,matr,gaussian_process,789,matr_b3c15,850.0,671.702203152181,178.29779684781897
sandia_to_matr,sandia,matr,gaussian_process,789,matr_b3c16,1589.0,476.03693347478406,1112.963066525216
sandia_to_matr,sandia,matr,gaussian_process,789,matr_b3c17,1269.0,363.0532970672638,905.9467029327361
sandia_to_matr,sandia,matr,gaussian_process,789,matr_b3c18,1100.0,476.74035118950053,623.2596488104995
sandia_to_matr,sandia,matr,gaussian_process,789,matr_b3c19,1105.0,440.5960853397788,664.4039146602212
sandia_to_matr,sandia,matr,gaussian_process,789,matr_b3c2,1224.0,511.37832390270876,712.6216760972912
sandia_to_matr,sandia,matr,gaussian_process,789,matr_b3c20,793.0,507.3991385803687,285.6008614196313
sandia_to_matr,sandia,matr,gaussian_process,789,matr_b3c21,745.0,928.8728788434839,-183.87287884348393
sandia_to_matr,sandia,matr,gaussian_process,789,matr_b3c22,991.0,454.78718202728294,536.2128179727171
sandia_to_matr,sandia,matr,gaussian_process,789,matr_b3c24,817.0,389.4622695588549,427.5377304411451
sandia_to_matr,sandia,matr,gaussian_process,789,matr_b3c25,970.0,463.53785795132853,506.46214204867147
sandia_to_matr,sandia,matr,gaussian_process,789,matr_b3c26,989.0,363.462151086327,625.537848913673
sandia_to_matr,sandia,matr,gaussian_process,789,matr_b3c27,828.0,421.7757852966005,406.2242147033995
sandia_to_matr,sandia,matr,gaussian_process,789,matr_b3c28,524.0,905.7391161628395,-381.73911616283954
sandia_to_matr,sandia,matr,gaussian_process,789,matr_b3c29,833.0,352.29389355504765,480.70610644495235
sandia_to_matr,sandia,matr,gaussian_process,789,matr_b3c3,1084.0,662.6776394796814,421.3223605203186
sandia_to_matr,sandia,matr,gaussian_process,789,matr_b3c30,913.0,381.0215384166012,531.9784615833988
sandia_to_matr,sandia,matr,gaussian_process,789,matr_b3c31,713.0,449.12819281416955,263.87180718583045
sandia_to_matr,sandia,matr,gaussian_process,789,matr_b3c33,1257.0,556.5987517041988,700.4012482958012
sandia_to_matr,sandia,matr,gaussian_process,789,matr_b3c34,1125.0,395.9113652382984,729.0886347617015
sandia_to_matr,sandia,matr,gaussian_process,789,matr_b3c35,1056.0,349.2404835491543,706.7595164508457
sandia_to_matr,sandia,matr,gaussian_process,789,matr_b3c36,910.0,426.7560079476066,483.2439920523934
sandia_to_matr,sandia,matr,gaussian_process,789,matr_b3c37,1376.0,617.9194413729891,758.0805586270109
sandia_to_matr,sandia,matr,gaussian_process,789,matr_b3c38,1873.0,536.7168888853768,1336.2831111146234
sandia_to_matr,sandia,matr,gaussian_process,789,matr_b3c39,1146.0,426.47775079826073,719.5222492017392
sandia_to_matr,sandia,matr,gaussian_process,789,matr_b3c4,1006.0,447.7045035621516,558.2954964378484
sandia_to_matr,sandia,matr,gaussian_process,789,matr_b3c40,779.0,506.7563556987971,272.2436443012029
sandia_to_matr,sandia,matr,gaussian_process,789,matr_b3c41,773.0,350.5756682682568,422.4243317317432
sandia_to_matr,sandia,matr,gaussian_process,789,matr_b3c42,1587.0,364.3347212608232,1222.6652787391768
sandia_to_matr,sandia,matr,gaussian_process,789,matr_b3c43,1018.0,392.1851069683793,625.8148930316207
sandia_to_matr,sandia,matr,gaussian_process,789,matr_b3c44,921.0,354.48081111136713,566.5191888886329
sandia_to_matr,sandia,matr,gaussian_process,789,matr_b3c45,1735.0,895.5750709741314,839.4249290258686
sandia_to_matr,sandia,matr,gaussian_process,789,matr_b3c5,815.0,517.4697047843629,297.5302952156371
sandia_to_matr,sandia,matr,gaussian_process,789,matr_b3c6,630.0,903.739451557035,-273.73945155703495
sandia_to_matr,sandia,matr,gaussian_process,789,matr_b3c7,1774.0,539.3942403806227,1234.6057596193773
sandia_to_matr,sandia,matr,gaussian_process,789,matr_b3c8,810.0,481.7711231888173,328.2288768111827
sandia_to_matr,sandia,matr,gaussian_process,789,matr_b3c9,1010.0,380.1642380388537,629.8357619611463
sandia_to_matr,sandia,matr,gaussian_process,1011,matr_b1c0,1717.0,362.0335434811257,1354.9664565188743
sandia_to_matr,sandia,matr,gaussian_process,1011,matr_b1c1,2066.0,400.46006990662374,1665.5399300933764
sandia_to_matr,sandia,matr,gaussian_process,1011,matr_b1c11,771.0,379.95756963202507,391.04243036797493
sandia_to_matr,sandia,matr,gaussian_process,1011,matr_b1c12,897.0,365.87636331424926,531.1236366857507
sandia_to_matr,sandia,matr,gaussian_process,1011,matr_b1c14,845.0,373.0264295099058,471.9735704900942
sandia_to_matr,sandia,matr,gaussian_process,1011,matr_b1c15,699.0,369.3590718109316,329.6409281890684
sandia_to_matr,sandia,matr,gaussian_process,1011,matr_b1c16,824.0,366.94816279029294,457.05183720970706
sandia_to_matr,sandia,matr,gaussian_process,1011,matr_b1c17,825.0,375.4485433777789,449.5514566222211
sandia_to_matr,sandia,matr,gaussian_process,1011,matr_b1c18,665.0,362.0335434811257,302.9664565188743
sandia_to_matr,sandia,matr,gaussian_process,1011,matr_b1c19,740.0,437.8070815207324,302.1929184792676
sandia_to_matr,sandia,matr,gaussian_process,1011,matr_b1c2,1487.0,378.4359787313194,1108.5640212686806
sandia_to_matr,sandia,matr,gaussian_process,1011,matr_b1c20,504.0,537.0893567015877,-33.08935670158769
sandia_to_matr,sandia,matr,gaussian_process,1011,matr_b1c21,535.0,362.03842330866024,172.96157669133976
sandia_to_matr,sandia,matr,gaussian_process,1011,matr_b1c23,974.0,425.73090613506577,548.2690938649342
sandia_to_matr,sandia,matr,gaussian_process,1011,matr_b1c24,979.0,371.7697963902891,607.2302036097109
sandia_to_matr,sandia,matr,gaussian_process,1011,matr_b1c25,817.0,417.67831785950426,399.32168214049574
sandia_to_matr,sandia,matr,gaussian_process,1011,matr_b1c26,826.0,404.441495809151,421.558504190849
sandia_to_matr,sandia,matr,gaussian_process,1011,matr_b1c27,809.0,418.677000773538,390.322999226462
sandia_to_matr,sandia,matr,gaussian_process,1011,matr_b1c28,815.0,420.2001608476217,394.7998391523783
sandia_to_matr,sandia,matr,gaussian_process,1011,matr_b1c29,872.0,402.92110817707686,469.07889182292314
sandia_to_matr,sandia,matr,gaussian_process,1011,matr_b1c3,1344.0,369.2125215466245,974.7874784533756
sandia_to_matr,sandia,matr,gaussian_process,1011,matr_b1c30,679.0,455.10039408514984,223.89960591485016
sandia_to_matr,sandia,matr,gaussian_process,1011,matr_b1c31,827.0,362.0335435674533,464.9664564325467
sandia_to_matr,sandia,matr,gaussian_process,1011,matr_b1c32,694.0,421.8378543362143,272.1621456637857
sandia_to_matr,sandia,matr,gaussian_process,1011,matr_b1c33,708.0,405.05474298886463,302.94525701113537
sandia_to_matr,sandia,matr,gaussian_process,1011,matr_b1c34,714.0,380.22621301291673,333.77378698708327
sandia_to_matr,sandia,matr,gaussian_process,1011,matr_b1c35,676.0,374.1509664852946,301.8490335147054
sandia_to_matr,sandia,matr,gaussian_process,1011,matr_b1c36,670.0,434.34837864278506,235.65162135721494
sandia_to_matr,sandia,matr,gaussian_process,1011,matr_b1c37,622.0,468.609014642267,153.39098535773297
sandia_to_matr,sandia,matr,gaussian_process,1011,matr_b1c38,592.0,375.57790318489475,216.42209681510525
sandia_to_matr,sandia,matr,gaussian_process,1011,matr_b1c39,592.0,385.46469909195105,206.53530090804895
sandia_to_matr,sandia,matr,gaussian_process,1011,matr_b1c4,1618.0,367.72545155216477,1250.2745484478353
sandia_to_matr,sandia,matr,gaussian_process,1011,matr_b1c40,919.0,436.4598287527749,482.5401712472251
sandia_to_matr,sandia,matr,gaussian_process,1011,matr_b1c41,1005.0,379.42631648831116,625.5736835116888
sandia_to_matr,sandia,matr,gaussian_process,1011,matr_b1c42,661.0,365.1262128082171,295.8737871917829
sandia_to_matr,sandia,matr,gaussian_process,1011,matr_b1c43,626.0,362.0432146670664,263.9567853329336
sandia_to_matr,sandia,matr,gaussian_process,1011,matr_b1c44,575.0,362.03356523870457,212.96643476129543
sandia_to_matr,sandia,matr,gaussian_process,1011,matr_b1c45,563.0,428.5456087968925,134.4543912031075
sandia_to_matr,sandia,matr,gaussian_process,1011,matr_b1c5,909.0,374.0683591570288,534.9316408429712
sandia_to_matr,sandia,matr,gaussian_process,1011,matr_b1c6,613.0,446.6783412737219,166.3216587262781
sandia_to_matr,sandia,matr,gaussian_process,1011,matr_b1c7,818.0,403.0422896584051,414.9577103415949
sandia_to_matr,sandia,matr,gaussian_process,1011,matr_b1c9,1012.0,364.98881632190495,647.011183678095
sandia_to_matr,sandia,matr,gaussian_process,1011,matr_b2c0,278.0,400.51123699757574,-122.51123699757574
sandia_to_matr,sandia,matr,gaussian_process,1011,matr_b2c1,133.0,153.77469771611163,-20.774697716111632
sandia_to_matr,sandia,matr,gaussian_process,1011,matr_b2c10,251.0,362.7888896709179,-111.78888967091791
sandia_to_matr,sandia,matr,gaussian_process,1011,matr_b2c11,250.0,373.8359250028627,-123.83592500286272
sandia_to_matr,sandia,matr,gaussian_process,1011,matr_b2c12,435.0,455.41880105280353,-20.41880105280353
sandia_to_matr,sandia,matr,gaussian_process,1011,matr_b2c13,454.0,426.4964972737402,27.503502726259796
sandia_to_matr,sandia,matr,gaussian_process,1011,matr_b2c14,466.0,372.0077480001864,93.99225199981362
sandia_to_matr,sandia,matr,gaussian_process,1011,matr_b2c17,476.0,364.21287044852045,111.78712955147955
sandia_to_matr,sandia,matr,gaussian_process,1011,matr_b2c18,468.0,362.0346790778269,105.96532092217308
sandia_to_matr,sandia,matr,gaussian_process,1011,matr_b2c19,455.0,564.9585441062799,-109.95854410627987
sandia_to_matr,sandia,matr,gaussian_process,1011,matr_b2c2,422.0,363.19059248702496,58.80940751297504
sandia_to_matr,sandia,matr,gaussian_process,1011,matr_b2c20,475.0,387.780237915866,87.219762084134
sandia_to_matr,sandia,matr,gaussian_process,1011,matr_b2c21,468.0,391.85329235449245,76.14670764550755
sandia_to_matr,sandia,matr,gaussian_process,1011,matr_b2c22,490.0,383.39692555357124,106.60307444642876
sandia_to_matr,sandia,matr,gaussian_process,1011,matr_b2c23,502.0,372.7785498100295,129.22145018997048
sandia_to_matr,sandia,matr,gaussian_process,1011,matr_b2c24,478.0,373.09395718567913,104.90604281432087
sandia_to_matr,sandia,matr,gaussian_process,1011,matr_b2c25,446.0,393.4681632336492,52.53183676635081
sandia_to_matr,sandia,matr,gaussian_process,1011,matr_b2c26,450.0,382.1611182592318,67.83888174076822
sandia_to_matr,sandia,matr,gaussian_process,1011,matr_b2c27,453.0,366.42375891703875,86.57624108296125
sandia_to_matr,sandia,matr,gaussian_process,1011,matr_b2c28,491.0,366.155458418245,124.84454158175498
sandia_to_matr,sandia,matr,gaussian_process,1011,matr_b2c29,481.0,363.2240417604136,117.77595823958637
sandia_to_matr,sandia,matr,gaussian_process,1011,matr_b2c3,314.0,404.904059907,-90.90405990699998
sandia_to_matr,sandia,matr,gaussian_process,1011,matr_b2c30,466.0,374.30722221853665,91.69277778146335
sandia_to_matr,sandia,matr,gaussian_process,1011,matr_b2c31,474.0,363.19419752371414,110.80580247628586
sandia_to_matr,sandia,matr,gaussian_process,1011,matr_b2c32,500.0,362.5327037476846,137.4672962523154
sandia_to_matr,sandia,matr,gaussian_process,1011,matr_b2c33,499.0,362.50221008486045,136.49778991513955
sandia_to_matr,sandia,matr,gaussian_process,1011,matr_b2c34,483.0,365.6873228920512,117.31267710794879
sandia_to_matr,sandia,matr,gaussian_process,1011,matr_b2c35,449.0,385.6490815764865,63.35091842351352
sandia_to_matr,sandia,matr,gaussian_process,1011,matr_b2c36,513.0,374.3895343009155,138.6104656990845
sandia_to_matr,sandia,matr,gaussian_process,1011,matr_b2c37,461.0,367.19384672338305,93.80615327661695
sandia_to_matr,sandia,matr,gaussian_process,1011,matr_b2c38,451.0,367.6188469545633,83.38115304543669
sandia_to_matr,sandia,matr,gaussian_process,1011,matr_b2c39,442.0,362.04549182686026,79.95450817313974
sandia_to_matr,sandia,matr,gaussian_process,1011,matr_b2c4,247.0,392.45294921477256,-145.45294921477256
sandia_to_matr,sandia,matr,gaussian_process,1011,matr_b2c40,476.0,369.67722392534927,106.32277607465073
sandia_to_matr,sandia,matr,gaussian_process,1011,matr_b2c41,416.0,364.8277603867687,51.172239613231284
sandia_to_matr,sandia,matr,gaussian_process,1011,matr_b2c42,444.0,362.48214021814573,81.51785978185427
sandia_to_matr,sandia,matr,gaussian_process,1011,matr_b2c43,443.0,363.4778208847537,79.52217911524627
sandia_to_matr,sandia,matr,gaussian_process,1011,matr_b2c44,442.0,387.1010246510984,54.898975348901615
sandia_to_matr,sandia,matr,gaussian_process,1011,matr_b2c45,470.0,393.5838437931322,76.41615620686781
sandia_to_matr,sandia,matr,gaussian_process,1011,matr_b2c46,417.0,373.23226867142307,43.76773132857693
sandia_to_matr,sandia,matr,gaussian_process,1011,matr_b2c47,705.0,410.1182368845853,294.8817631154147
sandia_to_matr,sandia,matr,gaussian_process,1011,matr_b2c5,464.0,390.26649537558325,73.73350462441675
sandia_to_matr,sandia,matr,gaussian_process,1011,matr_b2c6,475.0,418.9340251525768,56.065974847423206
sandia_to_matr,sandia,matr,gaussian_process,1011,matr_b3c0,985.0,408.23810671858945,576.7618932814105
sandia_to_matr,sandia,matr,gaussian_process,1011,matr_b3c1,1033.0,448.10247582249735,584.8975241775026
sandia_to_matr,sandia,matr,gaussian_process,1011,matr_b3c10,1046.0,393.99876622671417,652.0012337732858
sandia_to_matr,sandia,matr,gaussian_process,1011,matr_b3c11,792.0,410.70505324946754,381.29494675053246
sandia_to_matr,sandia,matr,gaussian_process,1011,matr_b3c12,903.0,444.03548270808136,458.96451729191864
sandia_to_matr,sandia,matr,gaussian_process,1011,matr_b3c13,794.0,411.2195176180143,382.7804823819857
sandia_to_matr,sandia,matr,gaussian_process,1011,matr_b3c14,834.0,383.71114736902206,450.28885263097794
sandia_to_matr,sandia,matr,gaussian_process,1011,matr_b3c15,850.0,460.2177143492533,389.7822856507467
sandia_to_matr,sandia,matr,gaussian_process,1011,matr_b3c16,1589.0,400.6569746001125,1188.3430253998874
sandia_to_matr,sandia,matr,gaussian_process,1011,matr_b3c17,1269.0,362.36857622968336,906.6314237703166
sandia_to_matr,sandia,matr,gaussian_process,1011,matr_b3c18,1100.0,362.090946379308,737.909053620692
sandia_to_matr,sandia,matr,gaussian_process,1011,matr_b3c19,1105.0,367.7261646537237,737.2738353462763
sandia_to_matr,sandia,matr,gaussian_process,1011,matr_b3c2,1224.0,381.73734609885986,842.2626539011401
sandia_to_matr,sandia,matr,gaussian_process,1011,matr_b3c20,793.0,425.1460660705113,367.8539339294887
sandia_to_matr,sandia,matr,gaussian_process,1011,matr_b3c21,745.0,623.9125766728762,121.08742332712382
sandia_to_matr,sandia,matr,gaussian_process,1011,matr_b3c22,991.0,409.133800866053,581.866199133947
sandia_to_matr,sandia,matr,gaussian_process,1011,matr_b3c24,817.0,371.74007658290316,445.25992341709684
sandia_to_matr,sandia,matr,gaussian_process,1011,matr_b3c25,970.0,385.04349666132015,584.9565033386798
sandia_to_matr,sandia,matr,gaussian_process,1011,matr_b3c26,989.0,366.6113145189892,622.3886854810107
sandia_to_matr,sandia,matr,gaussian_process,1011,matr_b3c27,828.0,390.8578238993722,437.1421761006278
sandia_to_matr,sandia,matr,gaussian_process,1011,matr_b3c28,524.0,582.9357723566686,-58.93577235666862
sandia_to_matr,sandia,matr,gaussian_process,1011,matr_b3c29,833.0,374.2821774384917,458.7178225615083
sandia_to_matr,sandia,matr,gaussian_process,1011,matr_b3c3,1084.0,463.0556561078232,620.9443438921768
sandia_to_matr,sandia,matr,gaussian_process,1011,matr_b3c30,913.0,376.5425047916073,536.4574952083926
sandia_to_matr,sandia,matr,gaussian_process,1011,matr_b3c31,713.0,405.36876805073746,307.63123194926254
sandia_to_matr,sandia,matr,gaussian_process,1011,matr_b3c33,1257.0,437.3462476111081,819.6537523888919
sandia_to_matr,sandia,matr,gaussian_process,1011,matr_b3c34,1125.0,373.3379257362443,751.6620742637557
sandia_to_matr,sandia,matr,gaussian_process,1011,matr_b3c35,1056.0,362.7185708452809,693.281429154719
sandia_to_matr,sandia,matr,gaussian_process,1011,matr_b3c36,910.0,382.625956110143,527.3740438898569
sandia_to_matr,sandia,matr,gaussian_process,1011,matr_b3c37,1376.0,390.6413882604549,985.358611739545
sandia_to_matr,sandia,matr,gaussian_process,1011,matr_b3c38,1873.0,433.0598019882858,1439.940198011714
sandia_to_matr,sandia,matr,gaussian_process,1011,matr_b3c39,1146.0,397.8402882938159,748.1597117061841
sandia_to_matr,sandia,matr,gaussian_process,1011,matr_b3c4,1006.0,391.7641064982457,614.2358935017543
sandia_to_matr,sandia,matr,gaussian_process,1011,matr_b3c40,779.0,420.5797171117457,358.4202828882543
sandia_to_matr,sandia,matr,gaussian_process,1011,matr_b3c41,773.0,370.38444402072747,402.61555597927253
sandia_to_matr,sandia,matr,gaussian_process,1011,matr_b3c42,1587.0,370.67407440442094,1216.325925595579
sandia_to_matr,sandia,matr,gaussian_process,1011,matr_b3c43,1018.0,368.8992947008284,649.1007052991715
sandia_to_matr,sandia,matr,gaussian_process,1011,matr_b3c44,921.0,371.60128100058444,549.3987189994156
sandia_to_matr,sandia,matr,gaussian_process,1011,matr_b3c45,1735.0,383.4412212578884,1351.5587787421116
sandia_to_matr,sandia,matr,gaussian_process,1011,matr_b3c5,815.0,396.8698899248761,418.1301100751239
sandia_to_matr,sandia,matr,gaussian_process,1011,matr_b3c6,630.0,615.798247079574,14.201752920425974
sandia_to_matr,sandia,matr,gaussian_process,1011,matr_b3c7,1774.0,373.5083558114329,1400.491644188567
sandia_to_matr,sandia,matr,gaussian_process,1011,matr_b3c8,810.0,402.5624036087763,407.4375963912237
sandia_to_matr,sandia,matr,gaussian_process,1011,matr_b3c9,1010.0,371.245577599287,638.754422400713
sandia_to_hust,sandia,hust,catboost,42,hust_1-1,1198.0,962.2549432330596,235.74505676694037
sandia_to_hust,sandia,hust,catboost,42,hust_1-2,1966.0,1114.519303536916,851.4806964630841
sandia_to_hust,sandia,hust,catboost,42,hust_1-3,1513.0,1430.9797312442472,82.0202687557528
sandia_to_hust,sandia,hust,catboost,42,hust_1-4,1213.0,1202.6383891765347,10.361610823465298
sandia_to_hust,sandia,hust,catboost,42,hust_1-5,1538.0,1545.6779879549756,-7.677987954975606
sandia_to_hust,sandia,hust,catboost,42,hust_1-6,829.0,750.6212885058962,78.37871149410375
sandia_to_hust,sandia,hust,catboost,42,hust_1-7,1321.0,1076.2471296812041,244.75287031879589
sandia_to_hust,sandia,hust,catboost,42,hust_1-8,1733.0,916.5445010538316,816.4554989461684
sandia_to_hust,sandia,hust,catboost,42,hust_10-1,1378.0,1123.353531198013,254.6464688019871
sandia_to_hust,sandia,hust,catboost,42,hust_10-2,1375.0,812.1687096874244,562.8312903125756
sandia_to_hust,sandia,hust,catboost,42,hust_10-3,1477.0,1086.9528144170183,390.0471855829817
sandia_to_hust,sandia,hust,catboost,42,hust_10-4,1489.0,1191.4050819374936,297.5949180625064
sandia_to_hust,sandia,hust,catboost,42,hust_10-5,1657.0,1243.3501313777929,413.6498686222071
sandia_to_hust,sandia,hust,catboost,42,hust_10-6,1659.0,1133.231927378572,525.768072621428
sandia_to_hust,sandia,hust,catboost,42,hust_10-7,1435.0,1120.1734853209039,314.82651467909614
sandia_to_hust,sandia,hust,catboost,42,hust_10-8,1093.0,1122.0639082852535,-29.063908285253547
sandia_to_hust,sandia,hust,catboost,42,hust_2-2,2021.0,866.9791119665999,1154.0208880334
sandia_to_hust,sandia,hust,catboost,42,hust_2-3,1413.0,1244.9683463803246,168.03165361967535
sandia_to_hust,sandia,hust,catboost,42,hust_2-4,1165.0,1125.1058712467363,39.89412875326366
sandia_to_hust,sandia,hust,catboost,42,hust_2-5,1092.0,1140.5824092377543,-48.58240923775429
sandia_to_hust,sandia,hust,catboost,42,hust_2-6,1297.0,1209.504745839413,87.49525416058691
sandia_to_hust,sandia,hust,catboost,42,hust_2-7,1789.0,1164.31024943801,624.68975056199
sandia_to_hust,sandia,hust,catboost,42,hust_2-8,1192.0,831.6013054436664,360.39869455633357
sandia_to_hust,sandia,hust,catboost,42,hust_3-1,1571.0,1081.9597922900166,489.0402077099834
sandia_to_hust,sandia,hust,catboost,42,hust_3-2,1773.0,1137.1242983831244,635.8757016168756
sandia_to_hust,sandia,hust,catboost,42,hust_3-3,1360.0,1084.2305298110016,275.7694701889984
sandia_to_hust,sandia,hust,catboost,42,hust_3-4,1396.0,1041.4048868420468,354.59511315795316
sandia_to_hust,sandia,hust,catboost,42,hust_3-5,1879.0,919.1399783403151,959.8600216596849
sandia_to_hust,sandia,hust,catboost,42,hust_3-6,1979.0,1214.0139847826533,764.9860152173467
sandia_to_hust,sandia,hust,catboost,42,hust_3-7,1870.0,1364.7204382691816,505.2795617308184
sandia_to_hust,sandia,hust,catboost,42,hust_3-8,1856.0,1085.1377727122708,770.8622272877292
sandia_to_hust,sandia,hust,catboost,42,hust_4-1,1762.0,946.2969946822046,815.7030053177954
sandia_to_hust,sandia,hust,catboost,42,hust_4-2,1453.0,1138.7595760316142,314.2404239683858
sandia_to_hust,sandia,hust,catboost,42,hust_4-3,931.0,907.5867928549,23.413207145100046
sandia_to_hust,sandia,hust,catboost,42,hust_4-4,1204.0,886.644079135156,317.35592086484405
sandia_to_hust,sandia,hust,catboost,42,hust_4-5,1220.0,1053.8784293895544,166.1215706104456
sandia_to_hust,sandia,hust,catboost,42,hust_4-6,1089.0,1036.5269244747508,52.473075525249214
sandia_to_hust,sandia,hust,catboost,42,hust_4-7,1579.0,953.0916691555717,625.9083308444283
sandia_to_hust,sandia,hust,catboost,42,hust_4-8,1389.0,1668.321524216369,-279.32152421636897
sandia_to_hust,sandia,hust,catboost,42,hust_5-1,1832.0,1224.42457756165,607.57542243835
sandia_to_hust,sandia,hust,catboost,42,hust_5-2,1574.0,1573.6067397221425,0.3932602778575074
sandia_to_hust,sandia,hust,catboost,42,hust_5-3,2024.0,1384.6900723801464,639.3099276198536
sandia_to_hust,sandia,hust,catboost,42,hust_5-4,1520.0,1447.2255999543147,72.7744000456853
sandia_to_hust,sandia,hust,catboost,42,hust_5-5,1242.0,1070.230036156934,171.76996384306608
sandia_to_hust,sandia,hust,catboost,42,hust_5-6,1807.0,1108.9378520076455,698.0621479923545
sandia_to_hust,sandia,hust,catboost,42,hust_5-7,1171.0,945.0857741984237,225.91422580157632
sandia_to_hust,sandia,hust,catboost,42,hust_6-1,1255.0,1165.9377859972792,89.0622140027208
sandia_to_hust,sandia,hust,catboost,42,hust_6-2,1496.0,1196.8587417737897,299.1412582262103
sandia_to_hust,sandia,hust,catboost,42,hust_6-3,1437.0,1107.372849644372,329.6271503556279
sandia_to_hust,sandia,hust,catboost,42,hust_6-4,1332.0,1323.1200226897163,8.87997731028372
sandia_to_hust,sandia,hust,catboost,42,hust_6-5,1686.0,1126.3083111486656,559.6916888513344
sandia_to_hust,sandia,hust,catboost,42,hust_6-6,1924.0,1092.7175478253596,831.2824521746404
sandia_to_hust,sandia,hust,catboost,42,hust_6-8,1700.0,713.9495391327673,986.0504608672327
sandia_to_hust,sandia,hust,catboost,42,hust_7-1,1308.0,973.2774959359352,334.72250406406476
sandia_to_hust,sandia,hust,catboost,42,hust_7-2,1637.0,727.7880544237217,909.2119455762783
sandia_to_hust,sandia,hust,catboost,42,hust_7-3,1063.0,826.5367703482913,236.46322965170873
sandia_to_hust,sandia,hust,catboost,42,hust_7-4,1148.0,982.3001645244619,165.69983547553807
sandia_to_hust,sandia,hust,catboost,42,hust_7-5,1528.0,1125.8030876261435,402.19691237385655
sandia_to_hust,sandia,hust,catboost,42,hust_7-6,1162.0,1007.8449755381105,154.15502446188952
sandia_to_hust,sandia,hust,catboost,42,hust_7-7,1367.0,887.0175157437576,479.9824842562424
sandia_to_hust,sandia,hust,catboost,42,hust_7-8,1566.0,1178.0231090784769,387.97689092152314
sandia_to_hust,sandia,hust,catboost,42,hust_8-1,1062.0,890.1043248898762,171.89567511012376
sandia_to_hust,sandia,hust,catboost,42,hust_8-2,1564.0,990.2981752008824,573.7018247991176
sandia_to_hust,sandia,hust,catboost,42,hust_8-3,1844.0,1227.4774732444357,616.5225267555643
sandia_to_hust,sandia,hust,catboost,42,hust_8-4,1517.0,1199.2537543601236,317.7462456398764
sandia_to_hust,sandia,hust,catboost,42,hust_8-5,1089.0,849.4303668568597,239.56963314314032
sandia_to_hust,sandia,hust,catboost,42,hust_8-6,1746.0,946.9962070304492,799.0037929695508
sandia_to_hust,sandia,hust,catboost,42,hust_8-7,1593.0,1236.9387363404367,356.06126365956334
sandia_to_hust,sandia,hust,catboost,42,hust_8-8,1351.0,1217.4875930981163,133.51240690188365
sandia_to_hust,sandia,hust,catboost,42,hust_9-1,1647.0,983.2038333217042,663.7961666782958
sandia_to_hust,sandia,hust,catboost,42,hust_9-2,1679.0,1200.6696383347623,478.33036166523766
sandia_to_hust,sandia,hust,catboost,42,hust_9-3,1526.0,1089.7156912501398,436.2843087498602
sandia_to_hust,sandia,hust,catboost,42,hust_9-4,1589.0,1153.9029650593475,435.0970349406525
sandia_to_hust,sandia,hust,catboost,42,hust_9-5,1719.0,1118.2404427664233,600.7595572335767
sandia_to_hust,sandia,hust,catboost,42,hust_9-6,1381.0,869.6327788546095,511.36722114539054
sandia_to_hust,sandia,hust,catboost,42,hust_9-7,1617.0,1140.6366845454027,476.36331545459734
sandia_to_hust,sandia,hust,catboost,42,hust_9-8,1839.0,1562.9135720564402,276.0864279435598
sandia_to_hust,sandia,hust,catboost,123,hust_1-1,1198.0,1170.4747197283264,27.525280271673637
sandia_to_hust,sandia,hust,catboost,123,hust_1-2,1966.0,1297.8648488043289,668.1351511956711
sandia_to_hust,sandia,hust,catboost,123,hust_1-3,1513.0,1518.7507481853147,-5.7507481853147056
sandia_to_hust,sandia,hust,catboost,123,hust_1-4,1213.0,1272.0232956823995,-59.02329568239952
sandia_to_hust,sandia,hust,catboost,123,hust_1-5,1538.0,1636.540150136615,-98.54015013661501
sandia_to_hust,sandia,hust,catboost,123,hust_1-6,829.0,725.5551590573102,103.44484094268978
sandia_to_hust,sandia,hust,catboost,123,hust_1-7,1321.0,1266.0907808660738,54.90921913392617
sandia_to_hust,sandia,hust,catboost,123,hust_1-8,1733.0,1313.930632012967,419.06936798703305
sandia_to_hust,sandia,hust,catboost,123,hust_10-1,1378.0,1486.3937361080013,-108.39373610800135
sandia_to_hust,sandia,hust,catboost,123,hust_10-2,1375.0,925.346723209184,449.653276790816
sandia_to_hust,sandia,hust,catboost,123,hust_10-3,1477.0,1364.9324273118555,112.06757268814454
sandia_to_hust,sandia,hust,catboost,123,hust_10-4,1489.0,1277.4494038586192,211.55059614138077
sandia_to_hust,sandia,hust,catboost,123,hust_10-5,1657.0,1299.2501645086222,357.7498354913778
sandia_to_hust,sandia,hust,catboost,123,hust_10-6,1659.0,1254.5582078978848,404.4417921021152
sandia_to_hust,sandia,hust,catboost,123,hust_10-7,1435.0,1219.3727869224244,215.62721307757556
sandia_to_hust,sandia,hust,catboost,123,hust_10-8,1093.0,1179.5696853195082,-86.56968531950815
sandia_to_hust,sandia,hust,catboost,123,hust_2-2,2021.0,1000.9574700065781,1020.0425299934219
sandia_to_hust,sandia,hust,catboost,123,hust_2-3,1413.0,1384.5530883400097,28.446911659990292
sandia_to_hust,sandia,hust,catboost,123,hust_2-4,1165.0,1353.9306123183464,-188.93061231834645
sandia_to_hust,sandia,hust,catboost,123,hust_2-5,1092.0,1250.1812059148313,-158.18120591483125
sandia_to_hust,sandia,hust,catboost,123,hust_2-6,1297.0,1278.498555483257,18.50144451674305
sandia_to_hust,sandia,hust,catboost,123,hust_2-7,1789.0,1227.830852906574,561.1691470934261
sandia_to_hust,sandia,hust,catboost,123,hust_2-8,1192.0,1103.9489916893476,88.05100831065238
sandia_to_hust,sandia,hust,catboost,123,hust_3-1,1571.0,1223.84475866553,347.15524133447
sandia_to_hust,sandia,hust,catboost,123,hust_3-2,1773.0,1233.1782782401926,539.8217217598074
sandia_to_hust,sandia,hust,catboost,123,hust_3-3,1360.0,1145.275516222307,214.72448377769297
sandia_to_hust,sandia,hust,catboost,123,hust_3-4,1396.0,1201.413051694176,194.58694830582408
sandia_to_hust,sandia,hust,catboost,123,hust_3-5,1879.0,998.9574666023535,880.0425333976465
sandia_to_hust,sandia,hust,catboost,123,hust_3-6,1979.0,1274.8078418973093,704.1921581026907
sandia_to_hust,sandia,hust,catboost,123,hust_3-7,1870.0,1740.9914714581782,129.00852854182176
sandia_to_hust,sandia,hust,catboost,123,hust_3-8,1856.0,1171.7803773697915,684.2196226302085
sandia_to_hust,sandia,hust,catboost,123,hust_4-1,1762.0,1076.274051566525,685.725948433475
sandia_to_hust,sandia,hust,catboost,123,hust_4-2,1453.0,1174.4575820778196,278.54241792218045
sandia_to_hust,sandia,hust,catboost,123,hust_4-3,931.0,1022.6435183932675,-91.64351839326753
sandia_to_hust,sandia,hust,catboost,123,hust_4-4,1204.0,1104.7013110250214,99.29868897497863
sandia_to_hust,sandia,hust,catboost,123,hust_4-5,1220.0,1169.7336589565718,50.266341043428156
sandia_to_hust,sandia,hust,catboost,123,hust_4-6,1089.0,1148.8927604212709,-59.89276042127085
sandia_to_hust,sandia,hust,catboost,123,hust_4-7,1579.0,1087.959399739142,491.0406002608579
sandia_to_hust,sandia,hust,catboost,123,hust_4-8,1389.0,1764.6613066060668,-375.6613066060668
sandia_to_hust,sandia,hust,catboost,123,hust_5-1,1832.0,1741.2267816157275,90.77321838427247
sandia_to_hust,sandia,hust,catboost,123,hust_5-2,1574.0,1666.8853408047742,-92.88534080477416
sandia_to_hust,sandia,hust,catboost,123,hust_5-3,2024.0,1703.9797559090225,320.0202440909775
sandia_to_hust,sandia,hust,catboost,123,hust_5-4,1520.0,1911.0712932264169,-391.07129322641686
sandia_to_hust,sandia,hust,catboost,123,hust_5-5,1242.0,1211.018228696037,30.981771303962887
sandia_to_hust,sandia,hust,catboost,123,hust_5-6,1807.0,1303.374331495549,503.6256685044509
sandia_to_hust,sandia,hust,catboost,123,hust_5-7,1171.0,1147.7131227246564,23.286877275343613
sandia_to_hust,sandia,hust,catboost,123,hust_6-1,1255.0,1472.087416377467,-217.08741637746698
sandia_to_hust,sandia,hust,catboost,123,hust_6-2,1496.0,1335.3158950726163,160.68410492738371
sandia_to_hust,sandia,hust,catboost,123,hust_6-3,1437.0,1157.7066313108096,279.2933686891904
sandia_to_hust,sandia,hust,catboost,123,hust_6-4,1332.0,1576.7152132003503,-244.71521320035026
sandia_to_hust,sandia,hust,catboost,123,hust_6-5,1686.0,1481.728935087871,204.27106491212908
sandia_to_hust,sandia,hust,catboost,123,hust_6-6,1924.0,1175.2905530568212,748.7094469431788
sandia_to_hust,sandia,hust,catboost,123,hust_6-8,1700.0,826.5145261126559,873.4854738873441
sandia_to_hust,sandia,hust,catboost,123,hust_7-1,1308.0,1100.5152944547629,207.48470554523715
sandia_to_hust,sandia,hust,catboost,123,hust_7-2,1637.0,859.9508828570887,777.0491171429113
sandia_to_hust,sandia,hust,catboost,123,hust_7-3,1063.0,1059.39702591651,3.6029740834899258
sandia_to_hust,sandia,hust,catboost,123,hust_7-4,1148.0,1150.1394525895862,-2.139452589586199
sandia_to_hust,sandia,hust,catboost,123,hust_7-5,1528.0,1202.3237830871067,325.6762169128933
sandia_to_hust,sandia,hust,catboost,123,hust_7-6,1162.0,1184.3032199893066,-22.303219989306626
sandia_to_hust,sandia,hust,catboost,123,hust_7-7,1367.0,1119.289837634427,247.71016236557307
sandia_to_hust,sandia,hust,catboost,123,hust_7-8,1566.0,1264.1442862005435,301.85571379945645
sandia_to_hust,sandia,hust,catboost,123,hust_8-1,1062.0,1240.955607431656,-178.95560743165606
sandia_to_hust,sandia,hust,catboost,123,hust_8-2,1564.0,1215.6796896577168,348.32031034228316
sandia_to_hust,sandia,hust,catboost,123,hust_8-3,1844.0,1346.8344264721172,497.16557352788277
sandia_to_hust,sandia,hust,catboost,123,hust_8-4,1517.0,1471.33290776197,45.66709223802991
sandia_to_hust,sandia,hust,catboost,123,hust_8-5,1089.0,1094.5561805510595,-5.5561805510594695
sandia_to_hust,sandia,hust,catboost,123,hust_8-6,1746.0,1196.7444505174396,549.2555494825604
sandia_to_hust,sandia,hust,catboost,123,hust_8-7,1593.0,1598.1921458148695,-5.192145814869491
sandia_to_hust,sandia,hust,catboost,123,hust_8-8,1351.0,1384.6726118123206,-33.67261181232061
sandia_to_hust,sandia,hust,catboost,123,hust_9-1,1647.0,1118.253760606269,528.746239393731
sandia_to_hust,sandia,hust,catboost,123,hust_9-2,1679.0,1241.3024698017027,437.6975301982973
sandia_to_hust,sandia,hust,catboost,123,hust_9-3,1526.0,1187.6811153343474,338.3188846656526
sandia_to_hust,sandia,hust,catboost,123,hust_9-4,1589.0,1233.5427671752675,355.4572328247325
sandia_to_hust,sandia,hust,catboost,123,hust_9-5,1719.0,1182.954336849989,536.045663150011
sandia_to_hust,sandia,hust,catboost,123,hust_9-6,1381.0,993.482557319471,387.51744268052903
sandia_to_hust,sandia,hust,catboost,123,hust_9-7,1617.0,1226.8707108022802,390.1292891977198
sandia_to_hust,sandia,hust,catboost,123,hust_9-8,1839.0,1707.761544207455,131.23845579254498
sandia_to_hust,sandia,hust,catboost,456,hust_1-1,1198.0,1246.684669704774,-48.684669704774024
sandia_to_hust,sandia,hust,catboost,456,hust_1-2,1966.0,1252.815777949518,713.184222050482
sandia_to_hust,sandia,hust,catboost,456,hust_1-3,1513.0,1791.8068482340693,-278.8068482340693
sandia_to_hust,sandia,hust,catboost,456,hust_1-4,1213.0,1311.1059005488185,-98.10590054881845
sandia_to_hust,sandia,hust,catboost,456,hust_1-5,1538.0,1791.8068482340693,-253.80684823406932
sandia_to_hust,sandia,hust,catboost,456,hust_1-6,829.0,1243.6781427844128,-414.6781427844128
sandia_to_hust,sandia,hust,catboost,456,hust_1-7,1321.0,1195.4031825994937,125.59681740050632
sandia_to_hust,sandia,hust,catboost,456,hust_1-8,1733.0,1171.988926539315,561.0110734606851
sandia_to_hust,sandia,hust,catboost,456,hust_10-1,1378.0,1443.1400681701173,-65.14006817011727
sandia_to_hust,sandia,hust,catboost,456,hust_10-2,1375.0,926.9220459269083,448.07795407309175
sandia_to_hust,sandia,hust,catboost,456,hust_10-3,1477.0,1228.6930575821036,248.30694241789638
sandia_to_hust,sandia,hust,catboost,456,hust_10-4,1489.0,1344.279197954246,144.720802045754
sandia_to_hust,sandia,hust,catboost,456,hust_10-5,1657.0,1627.4976258066133,29.502374193386686
sandia_to_hust,sandia,hust,catboost,456,hust_10-6,1659.0,1228.3625165576796,430.63748344232044
sandia_to_hust,sandia,hust,catboost,456,hust_10-7,1435.0,1505.4099930783952,-70.40999307839525
sandia_to_hust,sandia,hust,catboost,456,hust_10-8,1093.0,1115.7590604953295,-22.75906049532955
sandia_to_hust,sandia,hust,catboost,456,hust_2-2,2021.0,1068.9630123274294,952.0369876725706
sandia_to_hust,sandia,hust,catboost,456,hust_2-3,1413.0,1410.9139643673109,2.086035632689118
sandia_to_hust,sandia,hust,catboost,456,hust_2-4,1165.0,1118.7627610045301,46.23723899546985
sandia_to_hust,sandia,hust,catboost,456,hust_2-5,1092.0,1380.4707337652105,-288.4707337652105
sandia_to_hust,sandia,hust,catboost,456,hust_2-6,1297.0,1352.0795576260857,-55.079557626085716
sandia_to_hust,sandia,hust,catboost,456,hust_2-7,1789.0,1439.3071370405646,349.6928629594354
sandia_to_hust,sandia,hust,catboost,456,hust_2-8,1192.0,1282.5505776771893,-90.55057767718927
sandia_to_hust,sandia,hust,catboost,456,hust_3-1,1571.0,1323.9310000105074,247.06899998949257
sandia_to_hust,sandia,hust,catboost,456,hust_3-2,1773.0,1262.6038581028013,510.39614189719873
sandia_to_hust,sandia,hust,catboost,456,hust_3-3,1360.0,1208.4553280454688,151.54467195453117
sandia_to_hust,sandia,hust,catboost,456,hust_3-4,1396.0,1079.8077428255096,316.19225717449035
sandia_to_hust,sandia,hust,catboost,456,hust_3-5,1879.0,1062.7222667762285,816.2777332237715
sandia_to_hust,sandia,hust,catboost,456,hust_3-6,1979.0,1495.6565742138534,483.34342578614655
sandia_to_hust,sandia,hust,catboost,456,hust_3-7,1870.0,1380.3859064315593,489.6140935684407
sandia_to_hust,sandia,hust,catboost,456,hust_3-8,1856.0,1177.474609610012,678.5253903899879
sandia_to_hust,sandia,hust,catboost,456,hust_4-1,1762.0,1108.2130006458756,653.7869993541244
sandia_to_hust,sandia,hust,catboost,456,hust_4-2,1453.0,1229.2280692431643,223.77193075683567
sandia_to_hust,sandia,hust,catboost,456,hust_4-3,931.0,1244.702301311083,-313.7023013110829
sandia_to_hust,sandia,hust,catboost,456,hust_4-4,1204.0,1304.8340918261417,-100.83409182614173
sandia_to_hust,sandia,hust,catboost,456,hust_4-5,1220.0,1246.349288605878,-26.349288605877973
sandia_to_hust,sandia,hust,catboost,456,hust_4-6,1089.0,1246.349288605878,-157.34928860587797
sandia_to_hust,sandia,hust,catboost,456,hust_4-7,1579.0,1044.1520352632083,534.8479647367917
sandia_to_hust,sandia,hust,catboost,456,hust_4-8,1389.0,2017.5296786913525,-628.5296786913525
sandia_to_hust,sandia,hust,catboost,456,hust_5-1,1832.0,1723.1883460281706,108.8116539718294
sandia_to_hust,sandia,hust,catboost,456,hust_5-2,1574.0,1885.4992066864181,-311.4992066864181
sandia_to_hust,sandia,hust,catboost,456,hust_5-3,2024.0,1635.907965552116,388.0920344478841
sandia_to_hust,sandia,hust,catboost,456,hust_5-4,1520.0,1743.499434893594,-223.49943489359407
sandia_to_hust,sandia,hust,catboost,456,hust_5-5,1242.0,1359.4724382454676,-117.47243824546763
sandia_to_hust,sandia,hust,catboost,456,hust_5-6,1807.0,1406.1451559033605,400.85484409663945
sandia_to_hust,sandia,hust,catboost,456,hust_5-7,1171.0,1228.6930575821036,-57.69305758210362
sandia_to_hust,sandia,hust,catboost,456,hust_6-1,1255.0,1299.865501532211,-44.865501532211056
sandia_to_hust,sandia,hust,catboost,456,hust_6-2,1496.0,1711.5914658859708,-215.59146588597082
sandia_to_hust,sandia,hust,catboost,456,hust_6-3,1437.0,1163.0546103550507,273.9453896449493
sandia_to_hust,sandia,hust,catboost,456,hust_6-4,1332.0,1365.6700730715777,-33.67007307157769
sandia_to_hust,sandia,hust,catboost,456,hust_6-5,1686.0,1309.4245434839886,376.5754565160114
sandia_to_hust,sandia,hust,catboost,456,hust_6-6,1924.0,1239.5477974642856,684.4522025357144
sandia_to_hust,sandia,hust,catboost,456,hust_6-8,1700.0,737.8367287704808,962.1632712295192
sandia_to_hust,sandia,hust,catboost,456,hust_7-1,1308.0,1246.684669704774,61.315330295225976
sandia_to_hust,sandia,hust,catboost,456,hust_7-2,1637.0,1030.7279146394076,606.2720853605924
sandia_to_hust,sandia,hust,catboost,456,hust_7-3,1063.0,1174.5766969556355,-111.5766969556355
sandia_to_hust,sandia,hust,catboost,456,hust_7-4,1148.0,1246.3828226669095,-98.38282266690953
sandia_to_hust,sandia,hust,catboost,456,hust_7-5,1528.0,1365.0950298927507,162.90497010724926
sandia_to_hust,sandia,hust,catboost,456,hust_7-6,1162.0,1225.0975194717419,-63.09751947174186
sandia_to_hust,sandia,hust,catboost,456,hust_7-7,1367.0,1093.148754620039,273.85124537996103
sandia_to_hust,sandia,hust,catboost,456,hust_7-8,1566.0,1606.3173415739761,-40.31734157397614
sandia_to_hust,sandia,hust,catboost,456,hust_8-1,1062.0,1225.3942116682517,-163.39421166825173
sandia_to_hust,sandia,hust,catboost,456,hust_8-2,1564.0,1282.2055479895823,281.7944520104177
sandia_to_hust,sandia,hust,catboost,456,hust_8-3,1844.0,1495.6565742138534,348.34342578614655
sandia_to_hust,sandia,hust,catboost,456,hust_8-4,1517.0,1308.3467953880563,208.6532046119437
sandia_to_hust,sandia,hust,catboost,456,hust_8-5,1089.0,1304.8340918261417,-215.83409182614173
sandia_to_hust,sandia,hust,catboost,456,hust_8-6,1746.0,1282.5505776771893,463.44942232281073
sandia_to_hust,sandia,hust,catboost,456,hust_8-7,1593.0,1492.632919957764,100.36708004223601
sandia_to_hust,sandia,hust,catboost,456,hust_8-8,1351.0,1638.7354761873653,-287.7354761873653
sandia_to_hust,sandia,hust,catboost,456,hust_9-1,1647.0,1358.5603671097545,288.43963289024555
sandia_to_hust,sandia,hust,catboost,456,hust_9-2,1679.0,1320.1473573120234,358.85264268797664
sandia_to_hust,sandia,hust,catboost,456,hust_9-3,1526.0,1261.5242774488909,264.47572255110913
sandia_to_hust,sandia,hust,catboost,456,hust_9-4,1589.0,1320.1473573120234,268.85264268797664
sandia_to_hust,sandia,hust,catboost,456,hust_9-5,1719.0,1365.0950298927507,353.90497010724926
sandia_to_hust,sandia,hust,catboost,456,hust_9-6,1381.0,1047.4897891826654,333.5102108173346
sandia_to_hust,sandia,hust,catboost,456,hust_9-7,1617.0,1320.1473573120234,296.85264268797664
sandia_to_hust,sandia,hust,catboost,456,hust_9-8,1839.0,1928.1379604180106,-89.1379604180106
sandia_to_hust,sandia,hust,catboost,789,hust_1-1,1198.0,1087.8066066904735,110.19339330952653
sandia_to_hust,sandia,hust,catboost,789,hust_1-2,1966.0,1120.3271069183236,845.6728930816764
sandia_to_hust,sandia,hust,catboost,789,hust_1-3,1513.0,1184.962522774321,328.0374772256789
sandia_to_hust,sandia,hust,catboost,789,hust_1-4,1213.0,1036.4092696408381,176.59073035916185
sandia_to_hust,sandia,hust,catboost,789,hust_1-5,1538.0,1303.3212142911264,234.67878570887365
sandia_to_hust,sandia,hust,catboost,789,hust_1-6,829.0,674.3937851201025,154.6062148798975
sandia_to_hust,sandia,hust,catboost,789,hust_1-7,1321.0,1093.3377458258042,227.66225417419582
sandia_to_hust,sandia,hust,catboost,789,hust_1-8,1733.0,909.1593752390947,823.8406247609053
sandia_to_hust,sandia,hust,catboost,789,hust_10-1,1378.0,1140.279356926673,237.72064307332698
sandia_to_hust,sandia,hust,catboost,789,hust_10-2,1375.0,788.9554356587512,586.0445643412488
sandia_to_hust,sandia,hust,catboost,789,hust_10-3,1477.0,1193.5440243327917,283.45597566720835
sandia_to_hust,sandia,hust,catboost,789,hust_10-4,1489.0,1069.258830569937,419.7411694300631
sandia_to_hust,sandia,hust,catboost,789,hust_10-5,1657.0,1127.585782792701,529.4142172072991
sandia_to_hust,sandia,hust,catboost,789,hust_10-6,1659.0,1125.462818810773,533.5371811892271
sandia_to_hust,sandia,hust,catboost,789,hust_10-7,1435.0,966.8805034254118,468.1194965745882
sandia_to_hust,sandia,hust,catboost,789,hust_10-8,1093.0,1167.762356287118,-74.76235628711811
sandia_to_hust,sandia,hust,catboost,789,hust_2-2,2021.0,918.3395652286536,1102.6604347713464
sandia_to_hust,sandia,hust,catboost,789,hust_2-3,1413.0,1032.445150284872,380.55484971512806
sandia_to_hust,sandia,hust,catboost,789,hust_2-4,1165.0,1190.1106548318808,-25.110654831880765
sandia_to_hust,sandia,hust,catboost,789,hust_2-5,1092.0,1043.0678865452405,48.932113454759474
sandia_to_hust,sandia,hust,catboost,789,hust_2-6,1297.0,1001.8732362963945,295.12676370360555
sandia_to_hust,sandia,hust,catboost,789,hust_2-7,1789.0,1054.4212147088751,734.5787852911249
sandia_to_hust,sandia,hust,catboost,789,hust_2-8,1192.0,1028.9948089233312,163.00519107666878
sandia_to_hust,sandia,hust,catboost,789,hust_3-1,1571.0,945.2435178486252,625.7564821513748
sandia_to_hust,sandia,hust,catboost,789,hust_3-2,1773.0,1002.2264416065226,770.7735583934774
sandia_to_hust,sandia,hust,catboost,789,hust_3-3,1360.0,914.4741502602592,445.5258497397408
sandia_to_hust,sandia,hust,catboost,789,hust_3-4,1396.0,1096.653444674526,299.3465553254739
sandia_to_hust,sandia,hust,catboost,789,hust_3-5,1879.0,944.2533234680935,934.7466765319065
sandia_to_hust,sandia,hust,catboost,789,hust_3-6,1979.0,1044.2094581409654,934.7905418590346
sandia_to_hust,sandia,hust,catboost,789,hust_3-7,1870.0,1542.6552559293966,327.3447440706034
sandia_to_hust,sandia,hust,catboost,789,hust_3-8,1856.0,973.8562374801189,882.1437625198811
sandia_to_hust,sandia,hust,catboost,789,hust_4-1,1762.0,1046.342367146541,715.6576328534591
sandia_to_hust,sandia,hust,catboost,789,hust_4-2,1453.0,1010.8083731076078,442.19162689239215
sandia_to_hust,sandia,hust,catboost,789,hust_4-3,931.0,1028.0126306618727,-97.01263066187266
sandia_to_hust,sandia,hust,catboost,789,hust_4-4,1204.0,1005.6312702875991,198.36872971240086
sandia_to_hust,sandia,hust,catboost,789,hust_4-5,1220.0,1114.1098730633653,105.89012693663472
sandia_to_hust,sandia,hust,catboost,789,hust_4-6,1089.0,1123.5393598381095,-34.539359838109476
sandia_to_hust,sandia,hust,catboost,789,hust_4-7,1579.0,1053.2326371997483,525.7673628002517
sandia_to_hust,sandia,hust,catboost,789,hust_4-8,1389.0,1415.2679477892975,-26.267947789297523
sandia_to_hust,sandia,hust,catboost,789,hust_5-1,1832.0,1460.8963407898389,371.10365921016114
sandia_to_hust,sandia,hust,catboost,789,hust_5-2,1574.0,1416.9520571907324,157.04794280926762
sandia_to_hust,sandia,hust,catboost,789,hust_5-3,2024.0,1374.604771828809,649.3952281711911
sandia_to_hust,sandia,hust,catboost,789,hust_5-4,1520.0,1635.8026114024576,-115.80261140245761
sandia_to_hust,sandia,hust,catboost,789,hust_5-5,1242.0,934.7226428471454,307.2773571528546
sandia_to_hust,sandia,hust,catboost,789,hust_5-6,1807.0,1095.7342861540626,711.2657138459374
sandia_to_hust,sandia,hust,catboost,789,hust_5-7,1171.0,990.6479871613581,180.35201283864194
sandia_to_hust,sandia,hust,catboost,789,hust_6-1,1255.0,1226.9087503643414,28.09124963565864
sandia_to_hust,sandia,hust,catboost,789,hust_6-2,1496.0,999.4622916329967,496.53770836700335
sandia_to_hust,sandia,hust,catboost,789,hust_6-3,1437.0,910.0446237939312,526.9553762060688
sandia_to_hust,sandia,hust,catboost,789,hust_6-4,1332.0,1283.2477750850792,48.752224914920816
sandia_to_hust,sandia,hust,catboost,789,hust_6-5,1686.0,1294.24985938355,391.7501406164499
sandia_to_hust,sandia,hust,catboost,789,hust_6-6,1924.0,942.0042471328163,981.9957528671837
sandia_to_hust,sandia,hust,catboost,789,hust_6-8,1700.0,777.0562495865778,922.9437504134222
sandia_to_hust,sandia,hust,catboost,789,hust_7-1,1308.0,1019.475310380232,288.52468961976797
sandia_to_hust,sandia,hust,catboost,789,hust_7-2,1637.0,716.2620435418803,920.7379564581197
sandia_to_hust,sandia,hust,catboost,789,hust_7-3,1063.0,969.6612867707385,93.33871322926154
sandia_to_hust,sandia,hust,catboost,789,hust_7-4,1148.0,1110.68235600797,37.31764399203007
sandia_to_hust,sandia,hust,catboost,789,hust_7-5,1528.0,996.0650437042729,531.9349562957271
sandia_to_hust,sandia,hust,catboost,789,hust_7-6,1162.0,1111.243935853391,50.756064146609106
sandia_to_hust,sandia,hust,catboost,789,hust_7-7,1367.0,1059.9623139692708,307.0376860307292
sandia_to_hust,sandia,hust,catboost,789,hust_7-8,1566.0,1016.0199148793325,549.9800851206675
sandia_to_hust,sandia,hust,catboost,789,hust_8-1,1062.0,1135.0528663202779,-73.05286632027787
sandia_to_hust,sandia,hust,catboost,789,hust_8-2,1564.0,1092.8422944596598,471.1577055403402
sandia_to_hust,sandia,hust,catboost,789,hust_8-3,1844.0,1116.9272453992182,727.0727546007818
sandia_to_hust,sandia,hust,catboost,789,hust_8-4,1517.0,1299.296143320361,217.7038566796391
sandia_to_hust,sandia,hust,catboost,789,hust_8-5,1089.0,1032.9700035753756,56.029996424624414
sandia_to_hust,sandia,hust,catboost,789,hust_8-6,1746.0,1048.0952861797152,697.9047138202848
sandia_to_hust,sandia,hust,catboost,789,hust_8-7,1593.0,1280.5588765138446,312.44112348615545
sandia_to_hust,sandia,hust,catboost,789,hust_8-8,1351.0,1099.6212094247237,251.3787905752763
sandia_to_hust,sandia,hust,catboost,789,hust_9-1,1647.0,980.1728006084827,666.8271993915173
sandia_to_hust,sandia,hust,catboost,789,hust_9-2,1679.0,1011.982727894775,667.017272105225
sandia_to_hust,sandia,hust,catboost,789,hust_9-3,1526.0,977.1506434164277,548.8493565835723
sandia_to_hust,sandia,hust,catboost,789,hust_9-4,1589.0,1051.6798833429698,537.3201166570302
sandia_to_hust,sandia,hust,catboost,789,hust_9-5,1719.0,1007.7754774068125,711.2245225931875
sandia_to_hust,sandia,hust,catboost,789,hust_9-6,1381.0,826.6998964280929,554.3001035719071
sandia_to_hust,sandia,hust,catboost,789,hust_9-7,1617.0,1053.0716832860664,563.9283167139336
sandia_to_hust,sandia,hust,catboost,789,hust_9-8,1839.0,1360.4753724101279,478.5246275898721
sandia_to_hust,sandia,hust,catboost,1011,hust_1-1,1198.0,1447.4125328505652,-249.41253285056519
sandia_to_hust,sandia,hust,catboost,1011,hust_1-2,1966.0,1462.9241671154755,503.0758328845245
sandia_to_hust,sandia,hust,catboost,1011,hust_1-3,1513.0,1140.5657397139846,372.4342602860154
sandia_to_hust,sandia,hust,catboost,1011,hust_1-4,1213.0,1100.6540273903452,112.34597260965484
sandia_to_hust,sandia,hust,catboost,1011,hust_1-5,1538.0,1206.61991627575,331.38008372424997
sandia_to_hust,sandia,hust,catboost,1011,hust_1-6,829.0,1000.299088741038,-171.29908874103796
sandia_to_hust,sandia,hust,catboost,1011,hust_1-7,1321.0,1423.9939578046685,-102.99395780466853
sandia_to_hust,sandia,hust,catboost,1011,hust_1-8,1733.0,1266.9324072202978,466.0675927797022
sandia_to_hust,sandia,hust,catboost,1011,hust_10-1,1378.0,1451.4789435754992,-73.47894357549922
sandia_to_hust,sandia,hust,catboost,1011,hust_10-2,1375.0,934.5232436674454,440.4767563325546
sandia_to_hust,sandia,hust,catboost,1011,hust_10-3,1477.0,1314.2563681466515,162.74363185334846
sandia_to_hust,sandia,hust,catboost,1011,hust_10-4,1489.0,1522.998270424416,-33.99827042441598
sandia_to_hust,sandia,hust,catboost,1011,hust_10-5,1657.0,1437.7340252945621,219.26597470543788
sandia_to_hust,sandia,hust,catboost,1011,hust_10-6,1659.0,1452.608552333868,206.39144766613208
sandia_to_hust,sandia,hust,catboost,1011,hust_10-7,1435.0,1385.0741993023335,49.925800697666546
sandia_to_hust,sandia,hust,catboost,1011,hust_10-8,1093.0,1464.6647107759652,-371.6647107759652
sandia_to_hust,sandia,hust,catboost,1011,hust_2-2,2021.0,1139.8293432807225,881.1706567192775
sandia_to_hust,sandia,hust,catboost,1011,hust_2-3,1413.0,1102.2114468302236,310.7885531697764
sandia_to_hust,sandia,hust,catboost,1011,hust_2-4,1165.0,1457.7101125431507,-292.7101125431507
sandia_to_hust,sandia,hust,catboost,1011,hust_2-5,1092.0,1358.3803224482363,-266.38032244823626
sandia_to_hust,sandia,hust,catboost,1011,hust_2-6,1297.0,1253.8732438406416,43.126756159358365
sandia_to_hust,sandia,hust,catboost,1011,hust_2-7,1789.0,1252.60946243183,536.39053756817
sandia_to_hust,sandia,hust,catboost,1011,hust_2-8,1192.0,1280.8550192408552,-88.8550192408552
sandia_to_hust,sandia,hust,catboost,1011,hust_3-1,1571.0,1285.3717524753595,285.6282475246405
sandia_to_hust,sandia,hust,catboost,1011,hust_3-2,1773.0,1187.7764523307094,585.2235476692906
sandia_to_hust,sandia,hust,catboost,1011,hust_3-3,1360.0,861.0784962223029,498.9215037776971
sandia_to_hust,sandia,hust,catboost,1011,hust_3-4,1396.0,1145.8358198944472,250.16418010555276
sandia_to_hust,sandia,hust,catboost,1011,hust_3-5,1879.0,1161.5298320773811,717.4701679226189
sandia_to_hust,sandia,hust,catboost,1011,hust_3-6,1979.0,1388.295731739861,590.7042682601391
sandia_to_hust,sandia,hust,catboost,1011,hust_3-7,1870.0,2118.2415168416683,-248.24151684166827
sandia_to_hust,sandia,hust,catboost,1011,hust_3-8,1856.0,944.7646300582514,911.2353699417486
sandia_to_hust,sandia,hust,catboost,1011,hust_4-1,1762.0,1143.3057311845544,618.6942688154456
sandia_to_hust,sandia,hust,catboost,1011,hust_4-2,1453.0,1258.8406866793139,194.15931332068612
sandia_to_hust,sandia,hust,catboost,1011,hust_4-3,931.0,1263.5094471779232,-332.5094471779232
sandia_to_hust,sandia,hust,catboost,1011,hust_4-4,1204.0,1280.3371986724624,-76.33719867246236
sandia_to_hust,sandia,hust,catboost,1011,hust_4-5,1220.0,1458.886115196665,-238.88611519666506
sandia_to_hust,sandia,hust,catboost,1011,hust_4-6,1089.0,1498.595991177375,-409.595991177375
sandia_to_hust,sandia,hust,catboost,1011,hust_4-7,1579.0,1423.1632021611874,155.83679783881257
sandia_to_hust,sandia,hust,catboost,1011,hust_4-8,1389.0,1689.0195080656674,-300.0195080656674
sandia_to_hust,sandia,hust,catboost,1011,hust_5-1,1832.0,1531.9610950092626,300.03890499073736
sandia_to_hust,sandia,hust,catboost,1011,hust_5-2,1574.0,1495.4271813537925,78.57281864620745
sandia_to_hust,sandia,hust,catboost,1011,hust_5-3,2024.0,1826.8388453107455,197.16115468925454
sandia_to_hust,sandia,hust,catboost,1011,hust_5-4,1520.0,2250.4383799530037,-730.4383799530037
sandia_to_hust,sandia,hust,catboost,1011,hust_5-5,1242.0,1275.1829080216799,-33.18290802167985
sandia_to_hust,sandia,hust,catboost,1011,hust_5-6,1807.0,1423.5488189838006,383.45118101619937
sandia_to_hust,sandia,hust,catboost,1011,hust_5-7,1171.0,1290.4140775466562,-119.41407754665624
sandia_to_hust,sandia,hust,catboost,1011,hust_6-1,1255.0,1356.0490147270002,-101.04901472700021
sandia_to_hust,sandia,hust,catboost,1011,hust_6-2,1496.0,1175.6708607744672,320.3291392255328
sandia_to_hust,sandia,hust,catboost,1011,hust_6-3,1437.0,1083.9744610598223,353.02553894017774
sandia_to_hust,sandia,hust,catboost,1011,hust_6-4,1332.0,1513.474034812761,-181.47403481276092
sandia_to_hust,sandia,hust,catboost,1011,hust_6-5,1686.0,1592.6998349518906,93.30016504810942
sandia_to_hust,sandia,hust,catboost,1011,hust_6-6,1924.0,1070.798990243093,853.2010097569071
sandia_to_hust,sandia,hust,catboost,1011,hust_6-8,1700.0,837.2734267292361,862.7265732707639
sandia_to_hust,sandia,hust,catboost,1011,hust_7-1,1308.0,1310.6565016488742,-2.656501648874155
sandia_to_hust,sandia,hust,catboost,1011,hust_7-2,1637.0,840.6739956965731,796.3260043034269
sandia_to_hust,sandia,hust,catboost,1011,hust_7-3,1063.0,1342.9079733833205,-279.9079733833205
sandia_to_hust,sandia,hust,catboost,1011,hust_7-4,1148.0,1441.524149453403,-293.52414945340297
sandia_to_hust,sandia,hust,catboost,1011,hust_7-5,1528.0,1078.608395792676,449.391604207324
sandia_to_hust,sandia,hust,catboost,1011,hust_7-6,1162.0,1464.7263315941045,-302.7263315941045
sandia_to_hust,sandia,hust,catboost,1011,hust_7-7,1367.0,1421.578019998004,-54.57801999800404
sandia_to_hust,sandia,hust,catboost,1011,hust_7-8,1566.0,1359.6819533657106,206.31804663428943
sandia_to_hust,sandia,hust,catboost,1011,hust_8-1,1062.0,1312.0842844954054,-250.08428449540543
sandia_to_hust,sandia,hust,catboost,1011,hust_8-2,1564.0,1452.3668439993144,111.63315600068563
sandia_to_hust,sandia,hust,catboost,1011,hust_8-3,1844.0,1486.1844790119044,357.8155209880956
sandia_to_hust,sandia,hust,catboost,1011,hust_8-4,1517.0,1663.3608527614076,-146.3608527614076
sandia_to_hust,sandia,hust,catboost,1011,hust_8-5,1089.0,1302.9956105402593,-213.99561054025935
sandia_to_hust,sandia,hust,catboost,1011,hust_8-6,1746.0,1283.6141162555332,462.3858837444668
sandia_to_hust,sandia,hust,catboost,1011,hust_8-7,1593.0,1685.004277681633,-92.00427768163308
sandia_to_hust,sandia,hust,catboost,1011,hust_8-8,1351.0,1459.7784172517022,-108.7784172517022
sandia_to_hust,sandia,hust,catboost,1011,hust_9-1,1647.0,1163.9083146896564,483.09168531034356
sandia_to_hust,sandia,hust,catboost,1011,hust_9-2,1679.0,1214.0205005665239,464.9794994334761
sandia_to_hust,sandia,hust,catboost,1011,hust_9-3,1526.0,1069.2675358850333,456.73246411496666
sandia_to_hust,sandia,hust,catboost,1011,hust_9-4,1589.0,1193.7109174905022,395.2890825094978
sandia_to_hust,sandia,hust,catboost,1011,hust_9-5,1719.0,1074.7116878004406,644.2883121995594
sandia_to_hust,sandia,hust,catboost,1011,hust_9-6,1381.0,1222.3875417843365,158.61245821566354
sandia_to_hust,sandia,hust,catboost,1011,hust_9-7,1617.0,1211.2138615720924,405.78613842790764
sandia_to_hust,sandia,hust,catboost,1011,hust_9-8,1839.0,1660.9826356633073,178.0173643366927
sandia_to_luh,sandia,luh,pls,42,luh_P017_1_S01_C08,139.0,148.69359783733267,-9.693597837332675
sandia_to_luh,sandia,luh,pls,42,luh_P017_2_S04_C07,127.0,126.59168632631109,0.4083136736889088
sandia_to_luh,sandia,luh,pls,42,luh_P017_3_S05_C05,126.0,124.81146846387792,1.1885315361220847
sandia_to_luh,sandia,luh,pls,42,luh_P018_1_S01_C06,109.0,121.0605256769749,-12.060525676974905
sandia_to_luh,sandia,luh,pls,42,luh_P018_2_S02_C06,107.0,116.9015719154095,-9.901571915409505
sandia_to_luh,sandia,luh,pls,42,luh_P018_3_S04_C05,107.0,116.16223553691394,-9.16223553691394
sandia_to_luh,sandia,luh,pls,42,luh_P019_1_S01_C04,63.0,11.653152252388516,51.346847747611484
sandia_to_luh,sandia,luh,pls,42,luh_P019_2_S02_C04,62.0,9.617770363033541,52.38222963696646
sandia_to_luh,sandia,luh,pls,42,luh_P019_3_S05_C02,60.0,7.432655920767741,52.56734407923226
sandia_to_luh,sandia,luh,pls,42,luh_P021_1_S02_C08,451.0,465.3304444015293,-14.330444401529292
sandia_to_luh,sandia,luh,pls,42,luh_P021_2_S03_C08,428.0,437.3582574360981,-9.358257436098086
sandia_to_luh,sandia,luh,pls,42,luh_P021_3_S04_C08,430.0,458.77298240089004,-28.772982400890044
sandia_to_luh,sandia,luh,pls,42,luh_P022_1_S03_C06,341.0,430.46846908245584,-89.46846908245584
sandia_to_luh,sandia,luh,pls,42,luh_P022_2_S04_C06,344.0,436.73845384882344,-92.73845384882344
sandia_to_luh,sandia,luh,pls,42,luh_P022_3_S05_C04,314.0,406.42466901438814,-92.42466901438814
sandia_to_luh,sandia,luh,pls,42,luh_P023_1_S03_C04,82.0,29.57497658611715,52.425023413882855
sandia_to_luh,sandia,luh,pls,42,luh_P023_2_S04_C04,72.0,12.175909739133855,59.82409026086614
sandia_to_luh,sandia,luh,pls,42,luh_P023_3_S05_C03,79.0,24.645755913334263,54.35424408666574
sandia_to_luh,sandia,luh,pls,42,luh_P025_1_S01_C09,718.0,734.8392430763105,-16.83924307631048
sandia_to_luh,sandia,luh,pls,42,luh_P025_2_S02_C09,690.0,710.3279194991666,-20.32791949916657
sandia_to_luh,sandia,luh,pls,42,luh_P025_3_S03_C09,702.0,716.6354058373776,-14.635405837377562
sandia_to_luh,sandia,luh,pls,42,luh_P026_1_S01_C07,581.0,665.8522297075045,-84.85222970750453
sandia_to_luh,sandia,luh,pls,42,luh_P026_2_S02_C07,613.0,694.3544820049774,-81.3544820049774
sandia_to_luh,sandia,luh,pls,42,luh_P026_3_S03_C07,563.0,663.6612996584375,-100.66129965843754
sandia_to_luh,sandia,luh,pls,42,luh_P027_1_S01_C05,269.0,591.7972353970758,-322.79723539707584
sandia_to_luh,sandia,luh,pls,42,luh_P027_2_S02_C05,285.0,622.3679923599472,-337.36799235994715
sandia_to_luh,sandia,luh,pls,42,luh_P027_3_S03_C05,298.0,596.3990086632843,-298.39900866328435
sandia_to_luh,sandia,luh,pls,42,luh_P029_1_S06_C08,132.0,143.48913163915736,-11.489131639157364
sandia_to_luh,sandia,luh,pls,42,luh_P029_2_S08_C07,135.0,148.50059497187783,-13.500594971877831
sandia_to_luh,sandia,luh,pls,42,luh_P029_3_S09_C07,135.0,149.18191702283164,-14.181917022831641
sandia_to_luh,sandia,luh,pls,42,luh_P030_1_S06_C06,118.0,138.73159050894947,-20.731590508949466
sandia_to_luh,sandia,luh,pls,42,luh_P030_2_S08_C05,123.0,142.03572148941754,-19.03572148941754
sandia_to_luh,sandia,luh,pls,42,luh_P030_3_S09_C05,123.0,142.19075570041667,-19.190755700416673
sandia_to_luh,sandia,luh,pls,42,luh_P031_1_S06_C04,97.0,81.74133039247867,15.258669607521327
sandia_to_luh,sandia,luh,pls,42,luh_P031_2_S07_C04,94.0,76.78101466474412,17.21898533525588
sandia_to_luh,sandia,luh,pls,42,luh_P031_3_S09_C03,90.0,68.06134546028387,21.938654539716126
sandia_to_luh,sandia,luh,pls,42,luh_P033_1_S07_C08,524.0,492.88915639025464,31.11084360974536
sandia_to_luh,sandia,luh,pls,42,luh_P033_2_S08_C08,508.0,474.6742797547072,33.325720245292814
sandia_to_luh,sandia,luh,pls,42,luh_P033_3_S09_C08,523.0,474.8373708283331,48.16262917166688
sandia_to_luh,sandia,luh,pls,42,luh_P034_1_S07_C06,446.0,515.7288697964341,-69.72886979643408
sandia_to_luh,sandia,luh,pls,42,luh_P034_2_S08_C06,448.0,504.43849856447764,-56.43849856447764
sandia_to_luh,sandia,luh,pls,42,luh_P034_3_S09_C06,440.0,502.3583216560384,-62.35832165603841
sandia_to_luh,sandia,luh,pls,42,luh_P035_1_S08_C04,279.0,473.78862447842477,-194.78862447842477
sandia_to_luh,sandia,luh,pls,42,luh_P035_2_S09_C04,360.0,508.92504881751455,-148.92504881751455
sandia_to_luh,sandia,luh,pls,42,luh_P035_3_S10_C02,342.0,483.42248714964893,-141.42248714964893
sandia_to_luh,sandia,luh,pls,42,luh_P037_1_S05_C11,741.0,708.9982240422493,32.00177595775074
sandia_to_luh,sandia,luh,pls,42,luh_P037_3_S10_C04,783.0,785.6696988177242,-2.6696988177242247
sandia_to_luh,sandia,luh,pls,42,luh_P038_1_S06_C07,734.0,746.8790269725697,-12.879026972569704
sandia_to_luh,sandia,luh,pls,42,luh_P038_2_S07_C07,816.0,810.6935399034977,5.306460096502292
sandia_to_luh,sandia,luh,pls,42,luh_P038_3_S10_C03,697.0,739.874061946028,-42.87406194602795
sandia_to_luh,sandia,luh,pls,42,luh_P039_1_S05_C10,552.0,712.173004042117,-160.173004042117
sandia_to_luh,sandia,luh,pls,42,luh_P039_2_S06_C05,588.0,708.3923005831264,-120.39230058312637
sandia_to_luh,sandia,luh,pls,42,luh_P039_3_S07_C05,547.0,687.7540497617589,-140.7540497617589
sandia_to_luh,sandia,luh,pls,42,luh_P041_1_S11_C08,236.0,290.42785161298264,-54.427851612982636
sandia_to_luh,sandia,luh,pls,42,luh_P041_2_S13_C07,220.0,273.9101490632881,-53.91014906328809
sandia_to_luh,sandia,luh,pls,42,luh_P041_3_S14_C07,237.0,304.1576590287557,-67.15765902875569
sandia_to_luh,sandia,luh,pls,42,luh_P042_1_S11_C06,180.0,276.9777143397466,-96.97771433974663
sandia_to_luh,sandia,luh,pls,42,luh_P042_2_S13_C05,204.0,329.95470821119744,-125.95470821119744
sandia_to_luh,sandia,luh,pls,42,luh_P042_3_S14_C05,197.0,303.4223068327078,-106.42230683270782
sandia_to_luh,sandia,luh,pls,42,luh_P043_1_S11_C04,160.0,194.77777916980241,-34.777779169802415
sandia_to_luh,sandia,luh,pls,42,luh_P043_2_S12_C04,156.0,186.46262335835627,-30.462623358356268
sandia_to_luh,sandia,luh,pls,42,luh_P043_3_S14_C03,153.0,172.0317010923994,-19.031701092399402
sandia_to_luh,sandia,luh,pls,42,luh_P045_1_S12_C08,975.0,598.240786417831,376.75921358216897
sandia_to_luh,sandia,luh,pls,42,luh_P045_2_S13_C08,980.0,610.1524380257398,369.8475619742602
sandia_to_luh,sandia,luh,pls,42,luh_P045_3_S14_C08,845.0,517.631437233799,327.36856276620097
sandia_to_luh,sandia,luh,pls,42,luh_P046_1_S12_C06,1095.0,657.8557148790023,437.14428512099767
sandia_to_luh,sandia,luh,pls,42,luh_P046_2_S13_C06,937.0,651.7712101678748,285.22878983212524
sandia_to_luh,sandia,luh,pls,42,luh_P046_3_S14_C06,1044.0,652.2938212000552,391.70617879994484
sandia_to_luh,sandia,luh,pls,42,luh_P047_1_S13_C04,1015.0,669.1994411192874,345.80055888071263
sandia_to_luh,sandia,luh,pls,42,luh_P047_2_S14_C04,923.0,614.23470227414,308.76529772586
sandia_to_luh,sandia,luh,pls,42,luh_P047_3_S15_C01,866.0,638.494694499163,227.50530550083704
sandia_to_luh,sandia,luh,pls,42,luh_P049_1_S10_C10,1466.0,785.2216864370835,680.7783135629165
sandia_to_luh,sandia,luh,pls,42,luh_P049_3_S15_C02,1380.0,744.8999435151677,635.1000564848323
sandia_to_luh,sandia,luh,pls,42,luh_P050_1_S10_C09,1615.0,845.7334031699849,769.2665968300151
sandia_to_luh,sandia,luh,pls,42,luh_P050_2_S11_C07,1575.0,805.877652669284,769.122347330716
sandia_to_luh,sandia,luh,pls,42,luh_P050_3_S12_C07,1555.0,817.4794566008434,737.5205433991566
sandia_to_luh,sandia,luh,pls,42,luh_P051_1_S10_C08,1234.0,814.779422977401,419.22057702259895
sandia_to_luh,sandia,luh,pls,42,luh_P051_2_S11_C05,1318.0,921.8798828321461,396.1201171678539
sandia_to_luh,sandia,luh,pls,42,luh_P051_3_S12_C05,1238.0,816.5506795682093,421.44932043179074
sandia_to_luh,sandia,luh,pls,42,luh_P053_1_S15_C08,323.0,257.3375653808011,65.6624346191989
sandia_to_luh,sandia,luh,pls,42,luh_P053_2_S16_C08,332.0,255.0448946314589,76.9551053685411
sandia_to_luh,sandia,luh,pls,42,luh_P053_3_S19_C07,377.0,294.0596372781823,82.94036272181768
sandia_to_luh,sandia,luh,pls,42,luh_P054_1_S16_C06,359.0,335.10565330747767,23.894346692522333
sandia_to_luh,sandia,luh,pls,42,luh_P054_2_S17_C06,376.0,338.9572363702067,37.042763629793285
sandia_to_luh,sandia,luh,pls,42,luh_P054_3_S19_C05,384.0,372.57888284829556,11.421117151704436
sandia_to_luh,sandia,luh,pls,42,luh_P055_1_S15_C05,354.0,280.6560699569199,73.34393004308009
sandia_to_luh,sandia,luh,pls,42,luh_P055_2_S16_C04,350.0,276.97467214150333,73.02532785849667
sandia_to_luh,sandia,luh,pls,42,luh_P055_3_S17_C04,351.0,281.65113044525253,69.34886955474747
sandia_to_luh,sandia,luh,pls,42,luh_P057_1_S17_C08,555.0,512.6640352477901,42.33596475220986
sandia_to_luh,sandia,luh,pls,42,luh_P057_2_S18_C08,556.0,527.4973843112589,28.502615688741116
sandia_to_luh,sandia,luh,pls,42,luh_P057_3_S19_C08,539.0,580.0180350076057,-41.018035007605704
sandia_to_luh,sandia,luh,pls,42,luh_P058_1_S15_C07,707.0,629.610172506988,77.38982749301204
sandia_to_luh,sandia,luh,pls,42,luh_P058_2_S18_C06,672.0,615.1882533358099,56.81174666419008
sandia_to_luh,sandia,luh,pls,42,luh_P058_3_S19_C06,712.0,708.6651509509443,3.3348490490557197
sandia_to_luh,sandia,luh,pls,42,luh_P059_1_S15_C06,605.0,654.692028866896,-49.69202886689595
sandia_to_luh,sandia,luh,pls,42,luh_P059_2_S18_C04,660.0,666.9715039731245,-6.971503973124527
sandia_to_luh,sandia,luh,pls,42,luh_P059_3_S19_C04,664.0,677.1211188063022,-13.121118806302206
sandia_to_luh,sandia,luh,pls,42,luh_P061_1_S16_C09,947.0,657.5316551658417,289.4683448341583
sandia_to_luh,sandia,luh,pls,42,luh_P061_2_S17_C09,942.0,656.689504220105,285.31049577989495
sandia_to_luh,sandia,luh,pls,42,luh_P061_3_S18_C09,1033.0,677.7597076180103,355.24029238198966
sandia_to_luh,sandia,luh,pls,42,luh_P062_1_S16_C07,1120.0,759.4199194121703,360.5800805878297
sandia_to_luh,sandia,luh,pls,42,luh_P062_2_S17_C07,1148.0,747.5349391211199,400.4650608788801
sandia_to_luh,sandia,luh,pls,42,luh_P062_3_S18_C07,1128.0,766.004410744989,361.99558925501105
sandia_to_luh,sandia,luh,pls,42,luh_P063_1_S16_C05,1149.0,882.4792779792771,266.5207220207229
sandia_to_luh,sandia,luh,pls,42,luh_P063_2_S17_C05,1236.0,794.5793551994607,441.4206448005393
sandia_to_luh,sandia,luh,pls,42,luh_P063_3_S18_C05,1335.0,814.4200903933339,520.5799096066661
sandia_to_luh,sandia,luh,pls,123,luh_P017_1_S01_C08,139.0,166.20810278549953,-27.208102785499534
sandia_to_luh,sandia,luh,pls,123,luh_P017_2_S04_C07,127.0,155.98618659975787,-28.986186599757872
sandia_to_luh,sandia,luh,pls,123,luh_P017_3_S05_C05,126.0,155.95564730180243,-29.95564730180243
sandia_to_luh,sandia,luh,pls,123,luh_P018_1_S01_C06,109.0,156.99393699627657,-47.993936996276574
sandia_to_luh,sandia,luh,pls,123,luh_P018_2_S02_C06,107.0,155.01706509114936,-48.01706509114936
sandia_to_luh,sandia,luh,pls,123,luh_P018_3_S04_C05,107.0,154.28714787144787,-47.28714787144787
sandia_to_luh,sandia,luh,pls,123,luh_P019_1_S01_C04,63.0,80.28250742897828,-17.282507428978278
sandia_to_luh,sandia,luh,pls,123,luh_P019_2_S02_C04,62.0,77.88223879125263,-15.882238791252632
sandia_to_luh,sandia,luh,pls,123,luh_P019_3_S05_C02,60.0,75.61121623105582,-15.61121623105582
sandia_to_luh,sandia,luh,pls,123,luh_P021_1_S02_C08,451.0,274.89442856924074,176.10557143075926
sandia_to_luh,sandia,luh,pls,123,luh_P021_2_S03_C08,428.0,264.04466403442694,163.95533596557306
sandia_to_luh,sandia,luh,pls,123,luh_P021_3_S04_C08,430.0,270.1090943347933,159.89090566520667
sandia_to_luh,sandia,luh,pls,123,luh_P022_1_S03_C06,341.0,271.4820439980417,69.51795600195828
sandia_to_luh,sandia,luh,pls,123,luh_P022_2_S04_C06,344.0,273.71481202608544,70.28518797391456
sandia_to_luh,sandia,luh,pls,123,luh_P022_3_S05_C04,314.0,265.2595188302882,48.74048116971181
sandia_to_luh,sandia,luh,pls,123,luh_P023_1_S03_C04,82.0,112.97177549619158,-30.971775496191583
sandia_to_luh,sandia,luh,pls,123,luh_P023_2_S04_C04,72.0,95.5830310712274,-23.583031071227396
sandia_to_luh,sandia,luh,pls,123,luh_P023_3_S05_C03,79.0,107.90209470120571,-28.902094701205712
sandia_to_luh,sandia,luh,pls,123,luh_P025_1_S01_C09,718.0,392.6943429334061,325.3056570665939
sandia_to_luh,sandia,luh,pls,123,luh_P025_2_S02_C09,690.0,380.6389277879174,309.3610722120826
sandia_to_luh,sandia,luh,pls,123,luh_P025_3_S03_C09,702.0,390.3853428743824,311.6146571256176
sandia_to_luh,sandia,luh,pls,123,luh_P026_1_S01_C07,581.0,359.09819470524985,221.90180529475015
sandia_to_luh,sandia,luh,pls,123,luh_P026_2_S02_C07,613.0,372.2141784478891,240.78582155211092
sandia_to_luh,sandia,luh,pls,123,luh_P026_3_S03_C07,563.0,364.9901760969829,198.0098239030171
sandia_to_luh,sandia,luh,pls,123,luh_P027_1_S01_C05,269.0,344.45101215434005,-75.45101215434005
sandia_to_luh,sandia,luh,pls,123,luh_P027_2_S02_C05,285.0,361.17026760833926,-76.17026760833926
sandia_to_luh,sandia,luh,pls,123,luh_P027_3_S03_C05,298.0,346.9574840687077,-48.957484068707686
sandia_to_luh,sandia,luh,pls,123,luh_P029_1_S06_C08,132.0,166.93392205755245,-34.93392205755245
sandia_to_luh,sandia,luh,pls,123,luh_P029_2_S08_C07,135.0,167.55064355856834,-32.55064355856834
sandia_to_luh,sandia,luh,pls,123,luh_P029_3_S09_C07,135.0,165.2274864132777,-30.22748641327769
sandia_to_luh,sandia,luh,pls,123,luh_P030_1_S06_C06,118.0,165.31971800771998,-47.319718007719985
sandia_to_luh,sandia,luh,pls,123,luh_P030_2_S08_C05,123.0,165.70499206579302,-42.70499206579302
sandia_to_luh,sandia,luh,pls,123,luh_P030_3_S09_C05,123.0,166.77848980777284,-43.77848980777284
sandia_to_luh,sandia,luh,pls,123,luh_P031_1_S06_C04,97.0,141.67884067770697,-44.67884067770697
sandia_to_luh,sandia,luh,pls,123,luh_P031_2_S07_C04,94.0,138.2301089614533,-44.23010896145331
sandia_to_luh,sandia,luh,pls,123,luh_P031_3_S09_C03,90.0,131.56494275209994,-41.56494275209994
sandia_to_luh,sandia,luh,pls,123,luh_P033_1_S07_C08,524.0,285.4775456079839,238.52245439201607
sandia_to_luh,sandia,luh,pls,123,luh_P033_2_S08_C08,508.0,283.90863464768813,224.09136535231187
sandia_to_luh,sandia,luh,pls,123,luh_P033_3_S09_C08,523.0,280.9975648643157,242.00243513568432
sandia_to_luh,sandia,luh,pls,123,luh_P034_1_S07_C06,446.0,301.43211499582395,144.56788500417605
sandia_to_luh,sandia,luh,pls,123,luh_P034_2_S08_C06,448.0,297.92707175554665,150.07292824445335
sandia_to_luh,sandia,luh,pls,123,luh_P034_3_S09_C06,440.0,296.43068264577346,143.56931735422654
sandia_to_luh,sandia,luh,pls,123,luh_P035_1_S08_C04,279.0,314.48339335436856,-35.48339335436856
sandia_to_luh,sandia,luh,pls,123,luh_P035_2_S09_C04,360.0,326.790518632909,33.20948136709097
sandia_to_luh,sandia,luh,pls,123,luh_P035_3_S10_C02,342.0,318.7203219521725,23.279678047827474
sandia_to_luh,sandia,luh,pls,123,luh_P037_1_S05_C11,741.0,365.7435452975065,375.2564547024935
sandia_to_luh,sandia,luh,pls,123,luh_P037_3_S10_C04,783.0,409.71427005514585,373.28572994485415
sandia_to_luh,sandia,luh,pls,123,luh_P038_1_S06_C07,734.0,405.93995052883764,328.06004947116236
sandia_to_luh,sandia,luh,pls,123,luh_P038_2_S07_C07,816.0,451.71838956132615,364.28161043867385
sandia_to_luh,sandia,luh,pls,123,luh_P038_3_S10_C03,697.0,393.6069381000989,303.3930618999011
sandia_to_luh,sandia,luh,pls,123,luh_P039_1_S05_C10,552.0,421.8193027915675,130.1806972084325
sandia_to_luh,sandia,luh,pls,123,luh_P039_2_S06_C05,588.0,407.1353240504926,180.8646759495074
sandia_to_luh,sandia,luh,pls,123,luh_P039_3_S07_C05,547.0,398.2794945617262,148.7205054382738
sandia_to_luh,sandia,luh,pls,123,luh_P041_1_S11_C08,236.0,237.1496970590285,-1.1496970590285116
sandia_to_luh,sandia,luh,pls,123,luh_P041_2_S13_C07,220.0,222.62386234366954,-2.6238623436695434
sandia_to_luh,sandia,luh,pls,123,luh_P041_3_S14_C07,237.0,245.7168952086767,-8.716895208676704
sandia_to_luh,sandia,luh,pls,123,luh_P042_1_S11_C06,180.0,228.4269334409743,-48.426933440974295
sandia_to_luh,sandia,luh,pls,123,luh_P042_2_S13_C05,204.0,252.058226928409,-48.058226928409
sandia_to_luh,sandia,luh,pls,123,luh_P042_3_S14_C05,197.0,250.70261196575052,-53.70261196575052
sandia_to_luh,sandia,luh,pls,123,luh_P043_1_S11_C04,160.0,209.14996744480632,-49.14996744480632
sandia_to_luh,sandia,luh,pls,123,luh_P043_2_S12_C04,156.0,203.54302962535408,-47.54302962535408
sandia_to_luh,sandia,luh,pls,123,luh_P043_3_S14_C03,153.0,200.36646031577456,-47.36646031577456
sandia_to_luh,sandia,luh,pls,123,luh_P045_1_S12_C08,975.0,323.2058745250177,651.7941254749824
sandia_to_luh,sandia,luh,pls,123,luh_P045_2_S13_C08,980.0,328.2291046770981,651.7708953229019
sandia_to_luh,sandia,luh,pls,123,luh_P045_3_S14_C08,845.0,291.19342386581116,553.8065761341888
sandia_to_luh,sandia,luh,pls,123,luh_P046_1_S12_C06,1095.0,343.7591630733903,751.2408369266097
sandia_to_luh,sandia,luh,pls,123,luh_P046_2_S13_C06,937.0,335.7071759575272,601.2928240424728
sandia_to_luh,sandia,luh,pls,123,luh_P046_3_S14_C06,1044.0,349.45681698005063,694.5431830199493
sandia_to_luh,sandia,luh,pls,123,luh_P047_1_S13_C04,1015.0,393.9020197247141,621.0979802752859
sandia_to_luh,sandia,luh,pls,123,luh_P047_2_S14_C04,923.0,367.5187098140624,555.4812901859376
sandia_to_luh,sandia,luh,pls,123,luh_P047_3_S15_C01,866.0,385.0744019993371,480.9255980006629
sandia_to_luh,sandia,luh,pls,123,luh_P049_1_S10_C10,1466.0,409.7695665020572,1056.2304334979428
sandia_to_luh,sandia,luh,pls,123,luh_P049_3_S15_C02,1380.0,379.59136565144865,1000.4086343485513
sandia_to_luh,sandia,luh,pls,123,luh_P050_1_S10_C09,1615.0,448.08617940573384,1166.913820594266
sandia_to_luh,sandia,luh,pls,123,luh_P050_2_S11_C07,1575.0,421.3231280699277,1153.6768719300724
sandia_to_luh,sandia,luh,pls,123,luh_P050_3_S12_C07,1555.0,433.484137727153,1121.515862272847
sandia_to_luh,sandia,luh,pls,123,luh_P051_1_S10_C08,1234.0,469.32460929949127,764.6753907005087
sandia_to_luh,sandia,luh,pls,123,luh_P051_2_S11_C05,1318.0,565.957448177553,752.042551822447
sandia_to_luh,sandia,luh,pls,123,luh_P051_3_S12_C05,1238.0,489.43465204242545,748.5653479575745
sandia_to_luh,sandia,luh,pls,123,luh_P053_1_S15_C08,323.0,232.13684343460795,90.86315656539205
sandia_to_luh,sandia,luh,pls,123,luh_P053_2_S16_C08,332.0,227.1829014144977,104.8170985855023
sandia_to_luh,sandia,luh,pls,123,luh_P053_3_S19_C07,377.0,229.7313959072718,147.2686040927282
sandia_to_luh,sandia,luh,pls,123,luh_P054_1_S16_C06,359.0,264.9976677329563,94.0023322670437
sandia_to_luh,sandia,luh,pls,123,luh_P054_2_S17_C06,376.0,264.82016666997725,111.17983333002275
sandia_to_luh,sandia,luh,pls,123,luh_P054_3_S19_C05,384.0,282.88797870420416,101.11202129579584
sandia_to_luh,sandia,luh,pls,123,luh_P055_1_S15_C05,354.0,267.87394823598373,86.12605176401627
sandia_to_luh,sandia,luh,pls,123,luh_P055_2_S16_C04,350.0,267.653094384404,82.34690561559597
sandia_to_luh,sandia,luh,pls,123,luh_P055_3_S17_C04,351.0,267.89575231270663,83.10424768729337
sandia_to_luh,sandia,luh,pls,123,luh_P057_1_S17_C08,555.0,289.08835207183176,265.91164792816824
sandia_to_luh,sandia,luh,pls,123,luh_P057_2_S18_C08,556.0,294.57132507999023,261.42867492000977
sandia_to_luh,sandia,luh,pls,123,luh_P057_3_S19_C08,539.0,310.5452121106845,228.45478788931553
sandia_to_luh,sandia,luh,pls,123,luh_P058_1_S15_C07,707.0,333.08841718479016,373.91158281520984
sandia_to_luh,sandia,luh,pls,123,luh_P058_2_S18_C06,672.0,329.3799136206125,342.6200863793875
sandia_to_luh,sandia,luh,pls,123,luh_P058_3_S19_C06,712.0,361.4745895477177,350.5254104522823
sandia_to_luh,sandia,luh,pls,123,luh_P059_1_S15_C06,605.0,400.9220290413393,204.07797095866073
sandia_to_luh,sandia,luh,pls,123,luh_P059_2_S18_C04,660.0,406.290613478353,253.709386521647
sandia_to_luh,sandia,luh,pls,123,luh_P059_3_S19_C04,664.0,406.6181750767458,257.3818249232542
sandia_to_luh,sandia,luh,pls,123,luh_P061_1_S16_C09,947.0,336.04454512497114,610.9554548750289
sandia_to_luh,sandia,luh,pls,123,luh_P061_2_S17_C09,942.0,333.86149124532614,608.1385087546739
sandia_to_luh,sandia,luh,pls,123,luh_P061_3_S18_C09,1033.0,355.54312005171244,677.4568799482876
sandia_to_luh,sandia,luh,pls,123,luh_P062_1_S16_C07,1120.0,389.36128635829505,730.638713641705
sandia_to_luh,sandia,luh,pls,123,luh_P062_2_S17_C07,1148.0,384.27015916156756,763.7298408384324
sandia_to_luh,sandia,luh,pls,123,luh_P062_3_S18_C07,1128.0,392.36245466324584,735.6375453367541
sandia_to_luh,sandia,luh,pls,123,luh_P063_1_S16_C05,1149.0,525.4225717030229,623.5774282969771
sandia_to_luh,sandia,luh,pls,123,luh_P063_2_S17_C05,1236.0,473.42110358262784,762.5788964173721
sandia_to_luh,sandia,luh,pls,123,luh_P063_3_S18_C05,1335.0,481.55293374388964,853.4470662561104
sandia_to_luh,sandia,luh,pls,456,luh_P017_1_S01_C08,139.0,142.035173327088,-3.035173327087989
sandia_to_luh,sandia,luh,pls,456,luh_P017_2_S04_C07,127.0,120.61596266242178,6.384037337578221
sandia_to_luh,sandia,luh,pls,456,luh_P017_3_S05_C05,126.0,119.45253414600847,6.547465853991525
sandia_to_luh,sandia,luh,pls,456,luh_P018_1_S01_C06,109.0,110.60643804938941,-1.6064380493894106
sandia_to_luh,sandia,luh,pls,456,luh_P018_2_S02_C06,107.0,106.95526272786715,0.04473727213284917
sandia_to_luh,sandia,luh,pls,456,luh_P018_3_S04_C05,107.0,106.18904759391933,0.8109524060806734
sandia_to_luh,sandia,luh,pls,456,luh_P019_1_S01_C04,63.0,10.043670671427833,52.95632932857217
sandia_to_luh,sandia,luh,pls,456,luh_P019_2_S02_C04,62.0,8.208722010652165,53.79127798934783
sandia_to_luh,sandia,luh,pls,456,luh_P019_3_S05_C02,60.0,6.266533077713295,53.7334669222867
sandia_to_luh,sandia,luh,pls,456,luh_P021_1_S02_C08,451.0,459.50949342421427,-8.50949342421427
sandia_to_luh,sandia,luh,pls,456,luh_P021_2_S03_C08,428.0,429.668811374608,-1.6688113746080262
sandia_to_luh,sandia,luh,pls,456,luh_P021_3_S04_C08,430.0,449.0412606603736,-19.04126066037361
sandia_to_luh,sandia,luh,pls,456,luh_P022_1_S03_C06,341.0,414.9727121781935,-73.97271217819349
sandia_to_luh,sandia,luh,pls,456,luh_P022_2_S04_C06,344.0,417.854035494129,-73.854035494129
sandia_to_luh,sandia,luh,pls,456,luh_P022_3_S05_C04,314.0,388.12283266788774,-74.12283266788774
sandia_to_luh,sandia,luh,pls,456,luh_P023_1_S03_C04,82.0,25.982370102309005,56.017629897690995
sandia_to_luh,sandia,luh,pls,456,luh_P023_2_S04_C04,72.0,10.215402966874887,61.78459703312511
sandia_to_luh,sandia,luh,pls,456,luh_P023_3_S05_C03,79.0,21.464248650075014,57.535751349924986
sandia_to_luh,sandia,luh,pls,456,luh_P025_1_S01_C09,718.0,735.739463115538,-17.739463115538
sandia_to_luh,sandia,luh,pls,456,luh_P025_2_S02_C09,690.0,711.5596756603909,-21.559675660390894
sandia_to_luh,sandia,luh,pls,456,luh_P025_3_S03_C09,702.0,722.2259421602256,-20.2259421602256
sandia_to_luh,sandia,luh,pls,456,luh_P026_1_S01_C07,581.0,655.1250444814702,-74.12504448147024
sandia_to_luh,sandia,luh,pls,456,luh_P026_2_S02_C07,613.0,684.2138508998612,-71.2138508998612
sandia_to_luh,sandia,luh,pls,456,luh_P026_3_S03_C07,563.0,656.2750063714976,-93.27500637149762
sandia_to_luh,sandia,luh,pls,456,luh_P027_1_S01_C05,269.0,586.2737631073119,-317.2737631073119
sandia_to_luh,sandia,luh,pls,456,luh_P027_2_S02_C05,285.0,619.4355997715686,-334.4355997715686
sandia_to_luh,sandia,luh,pls,456,luh_P027_3_S03_C05,298.0,591.524430281,-293.52443028100004
sandia_to_luh,sandia,luh,pls,456,luh_P029_1_S06_C08,132.0,135.5638613606509,-3.5638613606508898
sandia_to_luh,sandia,luh,pls,456,luh_P029_2_S08_C07,135.0,141.0575265139873,-6.0575265139873125
sandia_to_luh,sandia,luh,pls,456,luh_P029_3_S09_C07,135.0,142.07067798018207,-7.070677980182069
sandia_to_luh,sandia,luh,pls,456,luh_P030_1_S06_C06,118.0,128.37819550770115,-10.37819550770115
sandia_to_luh,sandia,luh,pls,456,luh_P030_2_S08_C05,123.0,131.26021992568292,-8.260219925682918
sandia_to_luh,sandia,luh,pls,456,luh_P030_3_S09_C05,123.0,131.74652693870908,-8.746526938709081
sandia_to_luh,sandia,luh,pls,456,luh_P031_1_S06_C04,97.0,76.90683668380291,20.093163316197092
sandia_to_luh,sandia,luh,pls,456,luh_P031_2_S07_C04,94.0,72.20105793035623,21.798942069643772
sandia_to_luh,sandia,luh,pls,456,luh_P031_3_S09_C03,90.0,63.653693524526005,26.346306475473995
sandia_to_luh,sandia,luh,pls,456,luh_P033_1_S07_C08,524.0,486.00522863183414,37.99477136816586
sandia_to_luh,sandia,luh,pls,456,luh_P033_2_S08_C08,508.0,472.4286918849171,35.5713081150829
sandia_to_luh,sandia,luh,pls,456,luh_P033_3_S09_C08,523.0,471.5686585592794,51.43134144072059
sandia_to_luh,sandia,luh,pls,456,luh_P034_1_S07_C06,446.0,499.2511104818651,-53.25111048186511
sandia_to_luh,sandia,luh,pls,456,luh_P034_2_S08_C06,448.0,488.52365432587885,-40.52365432587885
sandia_to_luh,sandia,luh,pls,456,luh_P034_3_S09_C06,440.0,484.70378324127626,-44.703783241276255
sandia_to_luh,sandia,luh,pls,456,luh_P035_1_S08_C04,279.0,468.6286388271945,-189.6286388271945
sandia_to_luh,sandia,luh,pls,456,luh_P035_2_S09_C04,360.0,504.56582310087134,-144.56582310087134
sandia_to_luh,sandia,luh,pls,456,luh_P035_3_S10_C02,342.0,477.61372961288936,-135.61372961288936
sandia_to_luh,sandia,luh,pls,456,luh_P037_1_S05_C11,741.0,703.9217963315947,37.07820366840531
sandia_to_luh,sandia,luh,pls,456,luh_P037_3_S10_C04,783.0,776.5873672769937,6.412632723006254
sandia_to_luh,sandia,luh,pls,456,luh_P038_1_S06_C07,734.0,740.6396687492863,-6.639668749286329
sandia_to_luh,sandia,luh,pls,456,luh_P038_2_S07_C07,816.0,809.1073054722475,6.8926945277524965
sandia_to_luh,sandia,luh,pls,456,luh_P038_3_S10_C03,697.0,729.4188774916698,-32.41887749166983
sandia_to_luh,sandia,luh,pls,456,luh_P039_1_S05_C10,552.0,716.4779376682447,-164.47793766824475
sandia_to_luh,sandia,luh,pls,456,luh_P039_2_S06_C05,588.0,709.3164937436654,-121.31649374366543
sandia_to_luh,sandia,luh,pls,456,luh_P039_3_S07_C05,547.0,688.1625710541904,-141.16257105419038
sandia_to_luh,sandia,luh,pls,456,luh_P041_1_S11_C08,236.0,281.04558929179444,-45.04558929179444
sandia_to_luh,sandia,luh,pls,456,luh_P041_2_S13_C07,220.0,266.0376942806701,-46.03769428067011
sandia_to_luh,sandia,luh,pls,456,luh_P041_3_S14_C07,237.0,292.8108878537354,-55.81088785373538
sandia_to_luh,sandia,luh,pls,456,luh_P042_1_S11_C06,180.0,258.0675551745548,-78.0675551745548
sandia_to_luh,sandia,luh,pls,456,luh_P042_2_S13_C05,204.0,310.0470684666026,-106.04706846660258
sandia_to_luh,sandia,luh,pls,456,luh_P042_3_S14_C05,197.0,282.4111154010044,-85.4111154010044
sandia_to_luh,sandia,luh,pls,456,luh_P043_1_S11_C04,160.0,189.1222879491086,-29.122287949108596
sandia_to_luh,sandia,luh,pls,456,luh_P043_2_S12_C04,156.0,181.41342189715314,-25.413421897153142
sandia_to_luh,sandia,luh,pls,456,luh_P043_3_S14_C03,153.0,168.264288183492,-15.264288183491999
sandia_to_luh,sandia,luh,pls,456,luh_P045_1_S12_C08,975.0,597.8378398354496,377.1621601645504
sandia_to_luh,sandia,luh,pls,456,luh_P045_2_S13_C08,980.0,607.51221156424,372.48778843575997
sandia_to_luh,sandia,luh,pls,456,luh_P045_3_S14_C08,845.0,511.18192596957016,333.81807403042984
sandia_to_luh,sandia,luh,pls,456,luh_P046_1_S12_C06,1095.0,642.7737864066625,452.22621359333755
sandia_to_luh,sandia,luh,pls,456,luh_P046_2_S13_C06,937.0,633.1497753047511,303.8502246952489
sandia_to_luh,sandia,luh,pls,456,luh_P046_3_S14_C06,1044.0,640.6881310145242,403.3118689854758
sandia_to_luh,sandia,luh,pls,456,luh_P047_1_S13_C04,1015.0,673.1993238156942,341.80067618430576
sandia_to_luh,sandia,luh,pls,456,luh_P047_2_S14_C04,923.0,617.6847188810548,305.3152811189452
sandia_to_luh,sandia,luh,pls,456,luh_P047_3_S15_C01,866.0,643.3953090312991,222.60469096870088
sandia_to_luh,sandia,luh,pls,456,luh_P049_1_S10_C10,1466.0,782.9166324876313,683.0833675123687
sandia_to_luh,sandia,luh,pls,456,luh_P049_3_S15_C02,1380.0,735.6929608492254,644.3070391507746
sandia_to_luh,sandia,luh,pls,456,luh_P050_1_S10_C09,1615.0,834.9552541475006,780.0447458524994
sandia_to_luh,sandia,luh,pls,456,luh_P050_2_S11_C07,1575.0,791.0931446624693,783.9068553375307
sandia_to_luh,sandia,luh,pls,456,luh_P050_3_S12_C07,1555.0,806.3220116642808,748.6779883357192
sandia_to_luh,sandia,luh,pls,456,luh_P051_1_S10_C08,1234.0,823.7156855942625,410.2843144057375
sandia_to_luh,sandia,luh,pls,456,luh_P051_2_S11_C05,1318.0,938.196539724917,379.803460275083
sandia_to_luh,sandia,luh,pls,456,luh_P051_3_S12_C05,1238.0,829.6340752873982,408.3659247126018
sandia_to_luh,sandia,luh,pls,456,luh_P053_1_S15_C08,323.0,246.26212316190146,76.73787683809854
sandia_to_luh,sandia,luh,pls,456,luh_P053_2_S16_C08,332.0,244.75677349591268,87.24322650408732
sandia_to_luh,sandia,luh,pls,456,luh_P053_3_S19_C07,377.0,277.8278586930754,99.17214130692457
sandia_to_luh,sandia,luh,pls,456,luh_P054_1_S16_C06,359.0,312.43363190996456,46.56636809003544
sandia_to_luh,sandia,luh,pls,456,luh_P054_2_S17_C06,376.0,318.0824301589759,57.91756984102409
sandia_to_luh,sandia,luh,pls,456,luh_P054_3_S19_C05,384.0,348.3680012386476,35.631998761352406
sandia_to_luh,sandia,luh,pls,456,luh_P055_1_S15_C05,354.0,280.4690914002312,73.5309085997688
sandia_to_luh,sandia,luh,pls,456,luh_P055_2_S16_C04,350.0,277.0651484293009,72.9348515706991
sandia_to_luh,sandia,luh,pls,456,luh_P055_3_S17_C04,351.0,281.50506339769913,69.49493660230087
sandia_to_luh,sandia,luh,pls,456,luh_P057_1_S17_C08,555.0,501.8626720598391,53.1373279401609
sandia_to_luh,sandia,luh,pls,456,luh_P057_2_S18_C08,556.0,516.4644183909949,39.535581609005135
sandia_to_luh,sandia,luh,pls,456,luh_P057_3_S19_C08,539.0,565.79237932496,-26.792379324960052
sandia_to_luh,sandia,luh,pls,456,luh_P058_1_S15_C07,707.0,613.1830852747305,93.8169147252695
sandia_to_luh,sandia,luh,pls,456,luh_P058_2_S18_C06,672.0,601.2570391524976,70.74296084750245
sandia_to_luh,sandia,luh,pls,456,luh_P058_3_S19_C06,712.0,690.7362509656265,21.263749034373518
sandia_to_luh,sandia,luh,pls,456,luh_P059_1_S15_C06,605.0,663.5451668514933,-58.54516685149326
sandia_to_luh,sandia,luh,pls,456,luh_P059_2_S18_C04,660.0,675.0241485421155,-15.02414854211554
sandia_to_luh,sandia,luh,pls,456,luh_P059_3_S19_C04,664.0,685.8056828839069,-21.80568288390691
sandia_to_luh,sandia,luh,pls,456,luh_P061_1_S16_C09,947.0,644.534542003213,302.465457996787
sandia_to_luh,sandia,luh,pls,456,luh_P061_2_S17_C09,942.0,648.8836236300665,293.1163763699335
sandia_to_luh,sandia,luh,pls,456,luh_P061_3_S18_C09,1033.0,679.07928784477,353.92071215523004
sandia_to_luh,sandia,luh,pls,456,luh_P062_1_S16_C07,1120.0,744.5422822110651,375.45771778893493
sandia_to_luh,sandia,luh,pls,456,luh_P062_2_S17_C07,1148.0,732.0815996335983,415.91840036640167
sandia_to_luh,sandia,luh,pls,456,luh_P062_3_S18_C07,1128.0,750.1772206487219,377.8227793512781
sandia_to_luh,sandia,luh,pls,456,luh_P063_1_S16_C05,1149.0,899.1102052951693,249.8897947048307
sandia_to_luh,sandia,luh,pls,456,luh_P063_2_S17_C05,1236.0,808.411852149683,427.588147850317
sandia_to_luh,sandia,luh,pls,456,luh_P063_3_S18_C05,1335.0,827.4957466752329,507.5042533247671
sandia_to_luh,sandia,luh,pls,789,luh_P017_1_S01_C08,139.0,166.95876637180828,-27.95876637180828
sandia_to_luh,sandia,luh,pls,789,luh_P017_2_S04_C07,127.0,147.28371675488813,-20.283716754888133
sandia_to_luh,sandia,luh,pls,789,luh_P017_3_S05_C05,126.0,147.16315015050807,-21.163150150508073
sandia_to_luh,sandia,luh,pls,789,luh_P018_1_S01_C06,109.0,151.6255186965753,-42.62551869657531
sandia_to_luh,sandia,luh,pls,789,luh_P018_2_S02_C06,107.0,148.44288810141524,-41.442888101415235
sandia_to_luh,sandia,luh,pls,789,luh_P018_3_S04_C05,107.0,147.2318601427131,-40.23186014271309
sandia_to_luh,sandia,luh,pls,789,luh_P019_1_S01_C04,63.0,28.685243839558378,34.31475616044162
sandia_to_luh,sandia,luh,pls,789,luh_P019_2_S02_C04,62.0,25.072052406750004,36.927947593249996
sandia_to_luh,sandia,luh,pls,789,luh_P019_3_S05_C02,60.0,20.970299478819648,39.02970052118035
sandia_to_luh,sandia,luh,pls,789,luh_P021_1_S02_C08,451.0,404.8961732085725,46.10382679142748
sandia_to_luh,sandia,luh,pls,789,luh_P021_2_S03_C08,428.0,382.9161723352016,45.08382766479838
sandia_to_luh,sandia,luh,pls,789,luh_P021_3_S04_C08,430.0,396.41147613935215,33.588523860647854
sandia_to_luh,sandia,luh,pls,789,luh_P022_1_S03_C06,341.0,397.20093143970007,-56.20093143970007
sandia_to_luh,sandia,luh,pls,789,luh_P022_2_S04_C06,344.0,402.2625871277527,-58.26258712775268
sandia_to_luh,sandia,luh,pls,789,luh_P022_3_S05_C04,314.0,381.9731267238601,-67.9731267238601
sandia_to_luh,sandia,luh,pls,789,luh_P023_1_S03_C04,82.0,55.54971383407508,26.450286165924922
sandia_to_luh,sandia,luh,pls,789,luh_P023_2_S04_C04,72.0,29.647150988307324,42.352849011692676
sandia_to_luh,sandia,luh,pls,789,luh_P023_3_S05_C03,79.0,48.78074885815557,30.21925114184443
sandia_to_luh,sandia,luh,pls,789,luh_P025_1_S01_C09,718.0,604.3921362369496,113.60786376305043
sandia_to_luh,sandia,luh,pls,789,luh_P025_2_S02_C09,690.0,587.9486046021187,102.05139539788127
sandia_to_luh,sandia,luh,pls,789,luh_P025_3_S03_C09,702.0,595.4124659070814,106.58753409291865
sandia_to_luh,sandia,luh,pls,789,luh_P026_1_S01_C07,581.0,562.6998176361017,18.30018236389833
sandia_to_luh,sandia,luh,pls,789,luh_P026_2_S02_C07,613.0,587.2920218251285,25.707978174871528
sandia_to_luh,sandia,luh,pls,789,luh_P026_3_S03_C07,563.0,564.9363397367644,-1.936339736764353
sandia_to_luh,sandia,luh,pls,789,luh_P027_1_S01_C05,269.0,536.033228026347,-267.03322802634705
sandia_to_luh,sandia,luh,pls,789,luh_P027_2_S02_C05,285.0,560.301620206009,-275.30162020600903
sandia_to_luh,sandia,luh,pls,789,luh_P027_3_S03_C05,298.0,537.3772459836649,-239.37724598366492
sandia_to_luh,sandia,luh,pls,789,luh_P029_1_S06_C08,132.0,162.94994192662227,-30.949941926622273
sandia_to_luh,sandia,luh,pls,789,luh_P029_2_S08_C07,135.0,167.79551490308074,-32.79551490308074
sandia_to_luh,sandia,luh,pls,789,luh_P029_3_S09_C07,135.0,168.48335557749877,-33.48335557749877
sandia_to_luh,sandia,luh,pls,789,luh_P030_1_S06_C06,118.0,169.72688351501483,-51.72688351501483
sandia_to_luh,sandia,luh,pls,789,luh_P030_2_S08_C05,123.0,171.5753324469475,-48.5753324469475
sandia_to_luh,sandia,luh,pls,789,luh_P030_3_S09_C05,123.0,172.8892794260096,-49.88927942600961
sandia_to_luh,sandia,luh,pls,789,luh_P031_1_S06_C04,97.0,121.77711769016754,-24.777117690167543
sandia_to_luh,sandia,luh,pls,789,luh_P031_2_S07_C04,94.0,116.17148390652775,-22.171483906527754
sandia_to_luh,sandia,luh,pls,789,luh_P031_3_S09_C03,90.0,105.77978314724461,-15.779783147244615
sandia_to_luh,sandia,luh,pls,789,luh_P033_1_S07_C08,524.0,422.5297724065851,101.4702275934149
sandia_to_luh,sandia,luh,pls,789,luh_P033_2_S08_C08,508.0,414.41324934905197,93.58675065094803
sandia_to_luh,sandia,luh,pls,789,luh_P033_3_S09_C08,523.0,412.2879034071799,110.7120965928201
sandia_to_luh,sandia,luh,pls,789,luh_P034_1_S07_C06,446.0,460.41421744727586,-14.41421744727586
sandia_to_luh,sandia,luh,pls,789,luh_P034_2_S08_C06,448.0,452.47165858695365,-4.471658586953652
sandia_to_luh,sandia,luh,pls,789,luh_P034_3_S09_C06,440.0,451.44333697548876,-11.443336975488762
sandia_to_luh,sandia,luh,pls,789,luh_P035_1_S08_C04,279.0,463.40445749013116,-184.40445749013116
sandia_to_luh,sandia,luh,pls,789,luh_P035_2_S09_C04,360.0,488.9567006946375,-128.9567006946375
sandia_to_luh,sandia,luh,pls,789,luh_P035_3_S10_C02,342.0,471.962837450708,-129.96283745070798
sandia_to_luh,sandia,luh,pls,789,luh_P037_1_S05_C11,741.0,575.8921176569296,165.1078823430704
sandia_to_luh,sandia,luh,pls,789,luh_P037_3_S10_C04,783.0,640.6272320686098,142.37276793139017
sandia_to_luh,sandia,luh,pls,789,luh_P038_1_S06_C07,734.0,633.5943141434818,100.40568585651818
sandia_to_luh,sandia,luh,pls,789,luh_P038_2_S07_C07,816.0,693.4265440224665,122.57345597753351
sandia_to_luh,sandia,luh,pls,789,luh_P038_3_S10_C03,697.0,625.0263217256899,71.97367827431015
sandia_to_luh,sandia,luh,pls,789,luh_P039_1_S05_C10,552.0,645.9036611134604,-93.90366111346043
sandia_to_luh,sandia,luh,pls,789,luh_P039_2_S06_C05,588.0,637.0158638313596,-49.01586383135964
sandia_to_luh,sandia,luh,pls,789,luh_P039_3_S07_C05,547.0,621.426912306664,-74.42691230666401
sandia_to_luh,sandia,luh,pls,789,luh_P041_1_S11_C08,236.0,280.52181620115294,-44.521816201152944
sandia_to_luh,sandia,luh,pls,789,luh_P041_2_S13_C07,220.0,265.9679580591124,-45.96795805911239
sandia_to_luh,sandia,luh,pls,789,luh_P041_3_S14_C07,237.0,296.02045908305206,-59.02045908305206
sandia_to_luh,sandia,luh,pls,789,luh_P042_1_S11_C06,180.0,287.1066304563073,-107.1066304563073
sandia_to_luh,sandia,luh,pls,789,luh_P042_2_S13_C05,204.0,333.8473311957014,-129.84733119570137
sandia_to_luh,sandia,luh,pls,789,luh_P042_3_S14_C05,197.0,316.7421224118492,-119.74212241184921
sandia_to_luh,sandia,luh,pls,789,luh_P043_1_S11_C04,160.0,239.39957064665393,-79.39957064665393
sandia_to_luh,sandia,luh,pls,789,luh_P043_2_S12_C04,156.0,231.04542130835713,-75.04542130835713
sandia_to_luh,sandia,luh,pls,789,luh_P043_3_S14_C03,153.0,219.58755640710882,-66.58755640710882
sandia_to_luh,sandia,luh,pls,789,luh_P045_1_S12_C08,975.0,496.16962545444227,478.83037454555773
sandia_to_luh,sandia,luh,pls,789,luh_P045_2_S13_C08,980.0,503.9825921959802,476.0174078040198
sandia_to_luh,sandia,luh,pls,789,luh_P045_3_S14_C08,845.0,439.7728325937106,405.2271674062894
sandia_to_luh,sandia,luh,pls,789,luh_P046_1_S12_C06,1095.0,554.8858590979036,540.1141409020964
sandia_to_luh,sandia,luh,pls,789,luh_P046_2_S13_C06,937.0,547.0890143742843,389.91098562571574
sandia_to_luh,sandia,luh,pls,789,luh_P046_3_S14_C06,1044.0,554.7168097716935,489.28319022830647
sandia_to_luh,sandia,luh,pls,789,luh_P047_1_S13_C04,1015.0,613.9898868318809,401.0101131681191
sandia_to_luh,sandia,luh,pls,789,luh_P047_2_S14_C04,923.0,568.693191730057,354.30680826994296
sandia_to_luh,sandia,luh,pls,789,luh_P047_3_S15_C01,866.0,591.7105928127925,274.28940718720753
sandia_to_luh,sandia,luh,pls,789,luh_P049_1_S10_C10,1466.0,639.2035523091085,826.7964476908915
sandia_to_luh,sandia,luh,pls,789,luh_P049_3_S15_C02,1380.0,604.1582208107516,775.8417791892484
sandia_to_luh,sandia,luh,pls,789,luh_P050_1_S10_C09,1615.0,714.167179789504,900.832820210496
sandia_to_luh,sandia,luh,pls,789,luh_P050_2_S11_C07,1575.0,673.2492227642338,901.7507772357662
sandia_to_luh,sandia,luh,pls,789,luh_P050_3_S12_C07,1555.0,690.7084549812621,864.2915450187379
sandia_to_luh,sandia,luh,pls,789,luh_P051_1_S10_C08,1234.0,735.1855361564621,498.81446384353785
sandia_to_luh,sandia,luh,pls,789,luh_P051_2_S11_C05,1318.0,845.3412654682962,472.6587345317038
sandia_to_luh,sandia,luh,pls,789,luh_P051_3_S12_C05,1238.0,748.0487448416086,489.9512551583914
sandia_to_luh,sandia,luh,pls,789,luh_P053_1_S15_C08,323.0,260.22479063714854,62.775209362851456
sandia_to_luh,sandia,luh,pls,789,luh_P053_2_S16_C08,332.0,254.55128543419244,77.44871456580756
sandia_to_luh,sandia,luh,pls,789,luh_P053_3_S19_C07,377.0,279.8171463611522,97.1828536388478
sandia_to_luh,sandia,luh,pls,789,luh_P054_1_S16_C06,359.0,343.43575661724077,15.56424338275923
sandia_to_luh,sandia,luh,pls,789,luh_P054_2_S17_C06,376.0,347.698441374896,28.301558625104008
sandia_to_luh,sandia,luh,pls,789,luh_P054_3_S19_C05,384.0,376.07685402860903,7.923145971390966
sandia_to_luh,sandia,luh,pls,789,luh_P055_1_S15_C05,354.0,326.94284435335555,27.057155646644446
sandia_to_luh,sandia,luh,pls,789,luh_P055_2_S16_C04,350.0,324.1421250822335,25.85787491776648
sandia_to_luh,sandia,luh,pls,789,luh_P055_3_S17_C04,351.0,327.5365892546149,23.46341074538509
sandia_to_luh,sandia,luh,pls,789,luh_P057_1_S17_C08,555.0,435.33505731500776,119.66494268499224
sandia_to_luh,sandia,luh,pls,789,luh_P057_2_S18_C08,556.0,446.11513503287733,109.88486496712267
sandia_to_luh,sandia,luh,pls,789,luh_P057_3_S19_C08,539.0,477.46858940490387,61.53141059509613
sandia_to_luh,sandia,luh,pls,789,luh_P058_1_S15_C07,707.0,536.1504277454799,170.84957225452013
sandia_to_luh,sandia,luh,pls,789,luh_P058_2_S18_C06,672.0,525.8948899537614,146.10511004623856
sandia_to_luh,sandia,luh,pls,789,luh_P058_3_S19_C06,712.0,594.5355481828319,117.46445181716808
sandia_to_luh,sandia,luh,pls,789,luh_P059_1_S15_C06,605.0,610.5413694464096,-5.54136944640959
sandia_to_luh,sandia,luh,pls,789,luh_P059_2_S18_C04,660.0,620.499140273733,39.50085972626698
sandia_to_luh,sandia,luh,pls,789,luh_P059_3_S19_C04,664.0,626.8721809574346,37.12781904256542
sandia_to_luh,sandia,luh,pls,789,luh_P061_1_S16_C09,947.0,530.8303577403013,416.16964225969866
sandia_to_luh,sandia,luh,pls,789,luh_P061_2_S17_C09,942.0,529.3247820948918,412.6752179051082
sandia_to_luh,sandia,luh,pls,789,luh_P061_3_S18_C09,1033.0,553.9890127358569,479.01098726414307
sandia_to_luh,sandia,luh,pls,789,luh_P062_1_S16_C07,1120.0,634.6303161375882,485.36968386241176
sandia_to_luh,sandia,luh,pls,789,luh_P062_2_S17_C07,1148.0,623.762130115778,524.237869884222
sandia_to_luh,sandia,luh,pls,789,luh_P062_3_S18_C07,1128.0,639.823935465664,488.176064534336
sandia_to_luh,sandia,luh,pls,789,luh_P063_1_S16_C05,1149.0,806.1440143039175,342.8559856960825
sandia_to_luh,sandia,luh,pls,789,luh_P063_2_S17_C05,1236.0,729.5262763674712,506.47372363252884
sandia_to_luh,sandia,luh,pls,789,luh_P063_3_S18_C05,1335.0,744.3187113545896,590.6812886454104
sandia_to_luh,sandia,luh,pls,1011,luh_P017_1_S01_C08,139.0,124.63204777866608,14.367952221333923
sandia_to_luh,sandia,luh,pls,1011,luh_P017_2_S04_C07,127.0,104.87287360021881,22.12712639978119
sandia_to_luh,sandia,luh,pls,1011,luh_P017_3_S05_C05,126.0,103.37462630889618,22.625373691103817
sandia_to_luh,sandia,luh,pls,1011,luh_P018_1_S01_C06,109.0,95.83105574473107,13.168944255268926
sandia_to_luh,sandia,luh,pls,1011,luh_P018_2_S02_C06,107.0,92.354728157232,14.645271842767997
sandia_to_luh,sandia,luh,pls,1011,luh_P018_3_S04_C05,107.0,91.68853127116076,15.311468728839245
sandia_to_luh,sandia,luh,pls,1011,luh_P019_1_S01_C04,63.0,7.523961071240303,55.4760389287597
sandia_to_luh,sandia,luh,pls,1011,luh_P019_2_S02_C04,62.0,6.092750874865678,55.90724912513432
sandia_to_luh,sandia,luh,pls,1011,luh_P019_3_S05_C02,60.0,4.58828180964113,55.41171819035887
sandia_to_luh,sandia,luh,pls,1011,luh_P021_1_S02_C08,451.0,429.56145999228755,21.438540007712447
sandia_to_luh,sandia,luh,pls,1011,luh_P021_2_S03_C08,428.0,400.7139662668652,27.286033733134786
sandia_to_luh,sandia,luh,pls,1011,luh_P021_3_S04_C08,430.0,421.36383011509906,8.636169884900937
sandia_to_luh,sandia,luh,pls,1011,luh_P022_1_S03_C06,341.0,386.7155320481321,-45.715532048132104
sandia_to_luh,sandia,luh,pls,1011,luh_P022_2_S04_C06,344.0,390.37864846699426,-46.378648466994264
sandia_to_luh,sandia,luh,pls,1011,luh_P022_3_S05_C04,314.0,360.6112715795793,-46.611271579579295
sandia_to_luh,sandia,luh,pls,1011,luh_P023_1_S03_C04,82.0,20.460156176062018,61.539843823937986
sandia_to_luh,sandia,luh,pls,1011,luh_P023_2_S04_C04,72.0,7.647229585608918,64.35277041439109
sandia_to_luh,sandia,luh,pls,1011,luh_P023_3_S05_C03,79.0,16.722260336105183,62.27773966389482
sandia_to_luh,sandia,luh,pls,1011,luh_P025_1_S01_C09,718.0,712.7608356002054,5.239164399794618
sandia_to_luh,sandia,luh,pls,1011,luh_P025_2_S02_C09,690.0,686.485323494761,3.514676505238981
sandia_to_luh,sandia,luh,pls,1011,luh_P025_3_S03_C09,702.0,696.2023742550012,5.797625744998754
sandia_to_luh,sandia,luh,pls,1011,luh_P026_1_S01_C07,581.0,632.1780330098896,-51.178033009889646
sandia_to_luh,sandia,luh,pls,1011,luh_P026_2_S02_C07,613.0,661.3851929227155,-48.38519292271553
sandia_to_luh,sandia,luh,pls,1011,luh_P026_3_S03_C07,563.0,632.5032291007644,-69.50322910076443
sandia_to_luh,sandia,luh,pls,1011,luh_P027_1_S01_C05,269.0,555.1885208935748,-286.18852089357483
sandia_to_luh,sandia,luh,pls,1011,luh_P027_2_S02_C05,285.0,589.7013750794484,-304.70137507944844
sandia_to_luh,sandia,luh,pls,1011,luh_P027_3_S03_C05,298.0,562.0299199398106,-264.0299199398106
sandia_to_luh,sandia,luh,pls,1011,luh_P029_1_S06_C08,132.0,119.3322366304523,12.6677633695477
sandia_to_luh,sandia,luh,pls,1011,luh_P029_2_S08_C07,135.0,123.89953674649993,11.100463253500067
sandia_to_luh,sandia,luh,pls,1011,luh_P029_3_S09_C07,135.0,124.28268230517286,10.717317694827145
sandia_to_luh,sandia,luh,pls,1011,luh_P030_1_S06_C06,118.0,111.51062481013106,6.489375189868937
sandia_to_luh,sandia,luh,pls,1011,luh_P030_2_S08_C05,123.0,114.2424100847616,8.757589915238398
sandia_to_luh,sandia,luh,pls,1011,luh_P030_3_S09_C05,123.0,114.50843139685352,8.491568603146476
sandia_to_luh,sandia,luh,pls,1011,luh_P031_1_S06_C04,97.0,64.02862876486161,32.97137123513839
sandia_to_luh,sandia,luh,pls,1011,luh_P031_2_S07_C04,94.0,59.88469543150129,34.11530456849871
sandia_to_luh,sandia,luh,pls,1011,luh_P031_3_S09_C03,90.0,52.466546582172256,37.533453417827744
sandia_to_luh,sandia,luh,pls,1011,luh_P033_1_S07_C08,524.0,457.76870230876915,66.23129769123085
sandia_to_luh,sandia,luh,pls,1011,luh_P033_2_S08_C08,508.0,441.19101856168305,66.80898143831695
sandia_to_luh,sandia,luh,pls,1011,luh_P033_3_S09_C08,523.0,440.5715712190063,82.42842878099373
sandia_to_luh,sandia,luh,pls,1011,luh_P034_1_S07_C06,446.0,471.66450995042175,-25.664509950421746
sandia_to_luh,sandia,luh,pls,1011,luh_P034_2_S08_C06,448.0,460.70360349908225,-12.703603499082249
sandia_to_luh,sandia,luh,pls,1011,luh_P034_3_S09_C06,440.0,456.69145984608014,-16.691459846080136
sandia_to_luh,sandia,luh,pls,1011,luh_P035_1_S08_C04,279.0,433.4257870631623,-154.42578706316232
sandia_to_luh,sandia,luh,pls,1011,luh_P035_2_S09_C04,360.0,469.6041030149809,-109.60410301498092
sandia_to_luh,sandia,luh,pls,1011,luh_P035_3_S10_C02,342.0,441.6290108506231,-99.6290108506231
sandia_to_luh,sandia,luh,pls,1011,luh_P037_1_S05_C11,741.0,681.0365240929955,59.96347590700452
sandia_to_luh,sandia,luh,pls,1011,luh_P037_3_S10_C04,783.0,760.0273395143217,22.97266048567826
sandia_to_luh,sandia,luh,pls,1011,luh_P038_1_S06_C07,734.0,718.8827160121266,15.117283987873407
sandia_to_luh,sandia,luh,pls,1011,luh_P038_2_S07_C07,816.0,789.6826489410255,26.31735105897451
sandia_to_luh,sandia,luh,pls,1011,luh_P038_3_S10_C03,697.0,707.6752064272437,-10.675206427243666
sandia_to_luh,sandia,luh,pls,1011,luh_P039_1_S05_C10,552.0,687.8196634938635,-135.81966349386346
sandia_to_luh,sandia,luh,pls,1011,luh_P039_2_S06_C05,588.0,678.9033248619983,-90.90332486199827
sandia_to_luh,sandia,luh,pls,1011,luh_P039_3_S07_C05,547.0,657.2289927686119,-110.22899276861187
sandia_to_luh,sandia,luh,pls,1011,luh_P041_1_S11_C08,236.0,258.3751959755635,-22.375195975563486
sandia_to_luh,sandia,luh,pls,1011,luh_P041_2_S13_C07,220.0,242.76266403931618,-22.762664039316178
sandia_to_luh,sandia,luh,pls,1011,luh_P041_3_S14_C07,237.0,269.4170529836304,-32.41705298363041
sandia_to_luh,sandia,luh,pls,1011,luh_P042_1_S11_C06,180.0,234.89352292336432,-54.893522923364316
sandia_to_luh,sandia,luh,pls,1011,luh_P042_2_S13_C05,204.0,284.36636360857636,-80.36636360857636
sandia_to_luh,sandia,luh,pls,1011,luh_P042_3_S14_C05,197.0,257.91283506339073,-60.91283506339073
sandia_to_luh,sandia,luh,pls,1011,luh_P043_1_S11_C04,160.0,164.36908905536654,-4.369089055366544
sandia_to_luh,sandia,luh,pls,1011,luh_P043_2_S12_C04,156.0,157.16728524746085,-1.1672852474608533
sandia_to_luh,sandia,luh,pls,1011,luh_P043_3_S14_C03,153.0,144.74386364268594,8.256136357314062
sandia_to_luh,sandia,luh,pls,1011,luh_P045_1_S12_C08,975.0,569.7604864027235,405.2395135972765
sandia_to_luh,sandia,luh,pls,1011,luh_P045_2_S13_C08,980.0,581.5212152170328,398.4787847829672
sandia_to_luh,sandia,luh,pls,1011,luh_P045_3_S14_C08,845.0,481.87443121337867,363.12556878662133
sandia_to_luh,sandia,luh,pls,1011,luh_P046_1_S12_C06,1095.0,618.8166806679554,476.18331933204456
sandia_to_luh,sandia,luh,pls,1011,luh_P046_2_S13_C06,937.0,609.0945665958234,327.9054334041766
sandia_to_luh,sandia,luh,pls,1011,luh_P046_3_S14_C06,1044.0,616.39153976901,427.60846023099
sandia_to_luh,sandia,luh,pls,1011,luh_P047_1_S13_C04,1015.0,637.0644729753816,377.9355270246184
sandia_to_luh,sandia,luh,pls,1011,luh_P047_2_S14_C04,923.0,580.8844798488859,342.1155201511141
sandia_to_luh,sandia,luh,pls,1011,luh_P047_3_S15_C01,866.0,608.262494606947,257.73750539305297
sandia_to_luh,sandia,luh,pls,1011,luh_P049_1_S10_C10,1466.0,762.5081475733591,703.4918524266409
sandia_to_luh,sandia,luh,pls,1011,luh_P049_3_S15_C02,1380.0,714.8509640278819,665.1490359721181
sandia_to_luh,sandia,luh,pls,1011,luh_P050_1_S10_C09,1615.0,816.5904704658282,798.4095295341718
sandia_to_luh,sandia,luh,pls,1011,luh_P050_2_S11_C07,1575.0,773.3840223276273,801.6159776723727
sandia_to_luh,sandia,luh,pls,1011,luh_P050_3_S12_C07,1555.0,787.2350734720357,767.7649265279643
sandia_to_luh,sandia,luh,pls,1011,luh_P051_1_S10_C08,1234.0,791.1228597305661,442.8771402694339
sandia_to_luh,sandia,luh,pls,1011,luh_P051_2_S11_C05,1318.0,913.8328374924496,404.1671625075504
sandia_to_luh,sandia,luh,pls,1011,luh_P051_3_S12_C05,1238.0,799.4382377027274,438.5617622972726
sandia_to_luh,sandia,luh,pls,1011,luh_P053_1_S15_C08,323.0,225.42304792605705,97.57695207394295
sandia_to_luh,sandia,luh,pls,1011,luh_P053_2_S16_C08,332.0,224.44155804391488,107.55844195608512
sandia_to_luh,sandia,luh,pls,1011,luh_P053_3_S19_C07,377.0,259.7592892063774,117.24071079362261
sandia_to_luh,sandia,luh,pls,1011,luh_P054_1_S16_C06,359.0,286.711479458652,72.28852054134802
sandia_to_luh,sandia,luh,pls,1011,luh_P054_2_S17_C06,376.0,291.50935180057013,84.49064819942987
sandia_to_luh,sandia,luh,pls,1011,luh_P054_3_S19_C05,384.0,321.2321319042102,62.76786809578982
sandia_to_luh,sandia,luh,pls,1011,luh_P055_1_S15_C05,354.0,245.8279343626245,108.17206563737551
sandia_to_luh,sandia,luh,pls,1011,luh_P055_2_S16_C04,350.0,242.4008141053624,107.5991858946376
sandia_to_luh,sandia,luh,pls,1011,luh_P055_3_S17_C04,351.0,246.5873525724366,104.4126474275634
sandia_to_luh,sandia,luh,pls,1011,luh_P057_1_S17_C08,555.0,474.44506011469247,80.55493988530753
sandia_to_luh,sandia,luh,pls,1011,luh_P057_2_S18_C08,556.0,489.77044562899937,66.22955437100063
sandia_to_luh,sandia,luh,pls,1011,luh_P057_3_S19_C08,539.0,545.4652524525001,-6.465252452500067
sandia_to_luh,sandia,luh,pls,1011,luh_P058_1_S15_C07,707.0,588.0227019757476,118.97729802425238
sandia_to_luh,sandia,luh,pls,1011,luh_P058_2_S18_C06,672.0,575.4890058558216,96.51099414417843
sandia_to_luh,sandia,luh,pls,1011,luh_P058_3_S19_C06,712.0,666.8199134177607,45.180086582239255
sandia_to_luh,sandia,luh,pls,1011,luh_P059_1_S15_C06,605.0,627.4452880049408,-22.445288004940835
sandia_to_luh,sandia,luh,pls,1011,luh_P059_2_S18_C04,660.0,639.4053655002322,20.594634499767835
sandia_to_luh,sandia,luh,pls,1011,luh_P059_3_S19_C04,664.0,647.8890423070394,16.110957692960596
sandia_to_luh,sandia,luh,pls,1011,luh_P061_1_S16_C09,947.0,623.4538888611755,323.5461111388245
sandia_to_luh,sandia,luh,pls,1011,luh_P061_2_S17_C09,942.0,624.6031730264974,317.3968269735026
sandia_to_luh,sandia,luh,pls,1011,luh_P061_3_S18_C09,1033.0,651.8270230297836,381.1729769702164
sandia_to_luh,sandia,luh,pls,1011,luh_P062_1_S16_C07,1120.0,722.7632407405246,397.23675925947543
sandia_to_luh,sandia,luh,pls,1011,luh_P062_2_S17_C07,1148.0,710.731743115798,437.26825688420195
sandia_to_luh,sandia,luh,pls,1011,luh_P062_3_S18_C07,1128.0,728.9561269933397,399.0438730066603
sandia_to_luh,sandia,luh,pls,1011,luh_P063_1_S16_C05,1149.0,868.6738196829814,280.3261803170186
sandia_to_luh,sandia,luh,pls,1011,luh_P063_2_S17_C05,1236.0,773.8415258669799,462.15847413302015
sandia_to_luh,sandia,luh,pls,1011,luh_P063_3_S18_C05,1335.0,793.7713043827401,541.2286956172599
luh_to_matr,luh,matr,stacking,42,matr_b1c0,1717.0,830.0921114847301,886.9078885152699
luh_to_matr,luh,matr,stacking,42,matr_b1c1,2066.0,1069.3981132336705,996.6018867663295
luh_to_matr,luh,matr,stacking,42,matr_b1c11,771.0,1072.3496059814856,-301.34960598148564
luh_to_matr,luh,matr,stacking,42,matr_b1c12,897.0,1156.6476107496546,-259.64761074965463
luh_to_matr,luh,matr,stacking,42,matr_b1c14,845.0,1074.1910488819544,-229.19104888195443
luh_to_matr,luh,matr,stacking,42,matr_b1c15,699.0,1071.2933125375441,-372.2933125375441
luh_to_matr,luh,matr,stacking,42,matr_b1c16,824.0,1068.2908960988213,-244.29089609882135
luh_to_matr,luh,matr,stacking,42,matr_b1c17,825.0,1091.1771713717283,-266.17717137172826
luh_to_matr,luh,matr,stacking,42,matr_b1c18,665.0,882.6766615130125,-217.6766615130125
luh_to_matr,luh,matr,stacking,42,matr_b1c19,740.0,1081.3705188811496,-341.37051888114956
luh_to_matr,luh,matr,stacking,42,matr_b1c2,1487.0,1081.3044678572285,405.6955321427715
luh_to_matr,luh,matr,stacking,42,matr_b1c20,504.0,902.5779993684821,-398.5779993684821
luh_to_matr,luh,matr,stacking,42,matr_b1c21,535.0,901.5449878465353,-366.54498784653526
luh_to_matr,luh,matr,stacking,42,matr_b1c23,974.0,1125.9108409976081,-151.91084099760815
luh_to_matr,luh,matr,stacking,42,matr_b1c24,979.0,1120.5572221451678,-141.55722214516777
luh_to_matr,luh,matr,stacking,42,matr_b1c25,817.0,1140.0604259276215,-323.0604259276215
luh_to_matr,luh,matr,stacking,42,matr_b1c26,826.0,1076.1519006629883,-250.15190066298828
luh_to_matr,luh,matr,stacking,42,matr_b1c27,809.0,1121.0976302982938,-312.0976302982938
luh_to_matr,luh,matr,stacking,42,matr_b1c28,815.0,1151.5401398168053,-336.5401398168053
luh_to_matr,luh,matr,stacking,42,matr_b1c29,872.0,1151.199420360251,-279.199420360251
luh_to_matr,luh,matr,stacking,42,matr_b1c3,1344.0,1064.8944800488705,279.1055199511295
luh_to_matr,luh,matr,stacking,42,matr_b1c30,679.0,1025.7888652907889,-346.78886529078886
luh_to_matr,luh,matr,stacking,42,matr_b1c31,827.0,949.0280497806683,-122.02804978066831
luh_to_matr,luh,matr,stacking,42,matr_b1c32,694.0,1060.141591655953,-366.1415916559531
luh_to_matr,luh,matr,stacking,42,matr_b1c33,708.0,1043.480727109101,-335.48072710910105
luh_to_matr,luh,matr,stacking,42,matr_b1c34,714.0,1120.5572221451678,-406.55722214516777
luh_to_matr,luh,matr,stacking,42,matr_b1c35,676.0,1120.7423919000603,-444.7423919000603
luh_to_matr,luh,matr,stacking,42,matr_b1c36,670.0,1126.0804766601086,-456.0804766601086
luh_to_matr,luh,matr,stacking,42,matr_b1c37,622.0,1126.7292435051972,-504.72924350519725
luh_to_matr,luh,matr,stacking,42,matr_b1c38,592.0,1050.0144743573305,-458.0144743573305
luh_to_matr,luh,matr,stacking,42,matr_b1c39,592.0,1161.2055058524127,-569.2055058524127
luh_to_matr,luh,matr,stacking,42,matr_b1c4,1618.0,1062.4552201128931,555.5447798871069
luh_to_matr,luh,matr,stacking,42,matr_b1c40,919.0,1116.2559271592077,-197.25592715920766
luh_to_matr,luh,matr,stacking,42,matr_b1c41,1005.0,1166.112540010001,-161.1125400100011
luh_to_matr,luh,matr,stacking,42,matr_b1c42,661.0,1161.329693164714,-500.32969316471394
luh_to_matr,luh,matr,stacking,42,matr_b1c43,626.0,1035.0725113354886,-409.07251133548857
luh_to_matr,luh,matr,stacking,42,matr_b1c44,575.0,1000.7170979573071,-425.71709795730715
luh_to_matr,luh,matr,stacking,42,matr_b1c45,563.0,1079.9550323412586,-516.9550323412586
luh_to_matr,luh,matr,stacking,42,matr_b1c5,909.0,1071.6485021034453,-162.64850210344525
luh_to_matr,luh,matr,stacking,42,matr_b1c6,613.0,1069.5500272241495,-456.5500272241495
luh_to_matr,luh,matr,stacking,42,matr_b1c7,818.0,1068.309387694859,-250.30938769485897
luh_to_matr,luh,matr,stacking,42,matr_b1c9,1012.0,1146.0429122018163,-134.0429122018163
luh_to_matr,luh,matr,stacking,42,matr_b2c0,278.0,803.5911370556189,-525.5911370556189
luh_to_matr,luh,matr,stacking,42,matr_b2c1,133.0,247.31039972331345,-114.31039972331345
luh_to_matr,luh,matr,stacking,42,matr_b2c10,251.0,1031.6344675254265,-780.6344675254265
luh_to_matr,luh,matr,stacking,42,matr_b2c11,250.0,1047.456360440339,-797.456360440339
luh_to_matr,luh,matr,stacking,42,matr_b2c12,435.0,941.9522291938076,-506.9522291938076
luh_to_matr,luh,matr,stacking,42,matr_b2c13,454.0,960.0314468399341,-506.0314468399341
luh_to_matr,luh,matr,stacking,42,matr_b2c14,466.0,1078.944486310628,-612.944486310628
luh_to_matr,luh,matr,stacking,42,matr_b2c17,476.0,1065.4504662674829,-589.4504662674829
luh_to_matr,luh,matr,stacking,42,matr_b2c18,468.0,953.2769584785832,-485.2769584785832
luh_to_matr,luh,matr,stacking,42,matr_b2c19,455.0,974.5223450232949,-519.5223450232949
luh_to_matr,luh,matr,stacking,42,matr_b2c2,422.0,1024.5365956603134,-602.5365956603134
luh_to_matr,luh,matr,stacking,42,matr_b2c20,475.0,1022.3745034787028,-547.3745034787028
luh_to_matr,luh,matr,stacking,42,matr_b2c21,468.0,961.4058507591714,-493.40585075917136
luh_to_matr,luh,matr,stacking,42,matr_b2c22,490.0,1050.6486770531892,-560.6486770531892
luh_to_matr,luh,matr,stacking,42,matr_b2c23,502.0,943.3662013686595,-441.3662013686595
luh_to_matr,luh,matr,stacking,42,matr_b2c24,478.0,1105.5673838979537,-627.5673838979537
luh_to_matr,luh,matr,stacking,42,matr_b2c25,446.0,1023.1248076771092,-577.1248076771092
luh_to_matr,luh,matr,stacking,42,matr_b2c26,450.0,1027.75251758302,-577.7525175830201
luh_to_matr,luh,matr,stacking,42,matr_b2c27,453.0,1110.4348281633977,-657.4348281633977
luh_to_matr,luh,matr,stacking,42,matr_b2c28,491.0,1071.754936763942,-580.7549367639419
luh_to_matr,luh,matr,stacking,42,matr_b2c29,481.0,1106.3891020751494,-625.3891020751494
luh_to_matr,luh,matr,stacking,42,matr_b2c3,314.0,909.9339109399364,-595.9339109399364
luh_to_matr,luh,matr,stacking,42,matr_b2c30,466.0,1115.0088807386755,-649.0088807386755
luh_to_matr,luh,matr,stacking,42,matr_b2c31,474.0,1115.9166203141203,-641.9166203141203
luh_to_matr,luh,matr,stacking,42,matr_b2c32,500.0,1061.8477710345285,-561.8477710345285
luh_to_matr,luh,matr,stacking,42,matr_b2c33,499.0,1112.531480523358,-613.5314805233579
luh_to_matr,luh,matr,stacking,42,matr_b2c34,483.0,1114.3149315029475,-631.3149315029475
luh_to_matr,luh,matr,stacking,42,matr_b2c35,449.0,1075.8691926584124,-626.8691926584124
luh_to_matr,luh,matr,stacking,42,matr_b2c36,513.0,1125.3930570596258,-612.3930570596258
luh_to_matr,luh,matr,stacking,42,matr_b2c37,461.0,1144.3796703475357,-683.3796703475357
luh_to_matr,luh,matr,stacking,42,matr_b2c38,451.0,1121.0275066665713,-670.0275066665713
luh_to_matr,luh,matr,stacking,42,matr_b2c39,442.0,1111.85527775473,-669.85527775473
luh_to_matr,luh,matr,stacking,42,matr_b2c4,247.0,940.6801702202863,-693.6801702202863
luh_to_matr,luh,matr,stacking,42,matr_b2c40,476.0,1065.8199734683453,-589.8199734683453
luh_to_matr,luh,matr,stacking,42,matr_b2c41,416.0,1110.6136331451821,-694.6136331451821
luh_to_matr,luh,matr,stacking,42,matr_b2c42,444.0,1110.2385799528067,-666.2385799528067
luh_to_matr,luh,matr,stacking,42,matr_b2c43,443.0,1120.7037587137995,-677.7037587137995
luh_to_matr,luh,matr,stacking,42,matr_b2c44,442.0,1118.8323481190955,-676.8323481190955
luh_to_matr,luh,matr,stacking,42,matr_b2c45,470.0,1049.888576561302,-579.888576561302
luh_to_matr,luh,matr,stacking,42,matr_b2c46,417.0,1132.3034309396032,-715.3034309396032
luh_to_matr,luh,matr,stacking,42,matr_b2c47,705.0,1071.4601471107535,-366.4601471107535
luh_to_matr,luh,matr,stacking,42,matr_b2c5,464.0,1051.1392305324953,-587.1392305324953
luh_to_matr,luh,matr,stacking,42,matr_b2c6,475.0,929.044212991548,-454.04421299154797
luh_to_matr,luh,matr,stacking,42,matr_b3c0,985.0,1067.3322488906751,-82.33224889067515
luh_to_matr,luh,matr,stacking,42,matr_b3c1,1033.0,1040.8020152566712,-7.802015256671211
luh_to_matr,luh,matr,stacking,42,matr_b3c10,1046.0,1115.8882787215048,-69.88827872150478
luh_to_matr,luh,matr,stacking,42,matr_b3c11,792.0,999.4837705987575,-207.48377059875747
luh_to_matr,luh,matr,stacking,42,matr_b3c12,903.0,1055.61440984842,-152.6144098484201
luh_to_matr,luh,matr,stacking,42,matr_b3c13,794.0,1039.5823392892462,-245.5823392892462
luh_to_matr,luh,matr,stacking,42,matr_b3c14,834.0,1125.0516091717307,-291.05160917173066
luh_to_matr,luh,matr,stacking,42,matr_b3c15,850.0,1031.9287388175237,-181.9287388175237
luh_to_matr,luh,matr,stacking,42,matr_b3c16,1589.0,1077.0864471605253,511.91355283947473
luh_to_matr,luh,matr,stacking,42,matr_b3c17,1269.0,1066.5048721700068,202.49512782999318
luh_to_matr,luh,matr,stacking,42,matr_b3c18,1100.0,952.6135537941184,147.3864462058816
luh_to_matr,luh,matr,stacking,42,matr_b3c19,1105.0,971.3739393508332,133.6260606491668
luh_to_matr,luh,matr,stacking,42,matr_b3c2,1224.0,978.3744529826057,245.6255470173943
luh_to_matr,luh,matr,stacking,42,matr_b3c20,793.0,1058.342964708817,-265.3429647088169
luh_to_matr,luh,matr,stacking,42,matr_b3c21,745.0,977.430885844763,-232.430885844763
luh_to_matr,luh,matr,stacking,42,matr_b3c22,991.0,1023.2535839602093,-32.25358396020931
luh_to_matr,luh,matr,stacking,42,matr_b3c24,817.0,1142.8704599709909,-325.87045997099085
luh_to_matr,luh,matr,stacking,42,matr_b3c25,970.0,1124.3583608069077,-154.35836080690774
luh_to_matr,luh,matr,stacking,42,matr_b3c26,989.0,1138.5345873914819,-149.53458739148186
luh_to_matr,luh,matr,stacking,42,matr_b3c27,828.0,1163.7130394570447,-335.7130394570447
luh_to_matr,luh,matr,stacking,42,matr_b3c28,524.0,1013.2001805373202,-489.2001805373202
luh_to_matr,luh,matr,stacking,42,matr_b3c29,833.0,1160.1397788767756,-327.1397788767756
luh_to_matr,luh,matr,stacking,42,matr_b3c3,1084.0,1041.1168280501615,42.88317194983847
luh_to_matr,luh,matr,stacking,42,matr_b3c30,913.0,1164.257849965409,-251.25784996540892
luh_to_matr,luh,matr,stacking,42,matr_b3c31,713.0,1036.8392504745414,-323.83925047454136
luh_to_matr,luh,matr,stacking,42,matr_b3c33,1257.0,1039.3472806806842,217.6527193193158
luh_to_matr,luh,matr,stacking,42,matr_b3c34,1125.0,999.523525892457,125.47647410754303
luh_to_matr,luh,matr,stacking,42,matr_b3c35,1056.0,972.3448178440292,83.6551821559708
luh_to_matr,luh,matr,stacking,42,matr_b3c36,910.0,966.4812650431799,-56.48126504317986
luh_to_matr,luh,matr,stacking,42,matr_b3c37,1376.0,1032.010670364157,343.989329635843
luh_to_matr,luh,matr,stacking,42,matr_b3c38,1873.0,1052.5518984023931,820.4481015976069
luh_to_matr,luh,matr,stacking,42,matr_b3c39,1146.0,1044.959030338644,101.04096966135603
luh_to_matr,luh,matr,stacking,42,matr_b3c4,1006.0,1036.556321158189,-30.556321158188894
luh_to_matr,luh,matr,stacking,42,matr_b3c40,779.0,1101.706772912274,-322.7067729122739
luh_to_matr,luh,matr,stacking,42,matr_b3c41,773.0,1159.459519649716,-386.45951964971596
luh_to_matr,luh,matr,stacking,42,matr_b3c42,1587.0,1158.510827123912,428.4891728760881
luh_to_matr,luh,matr,stacking,42,matr_b3c43,1018.0,1148.5052364066328,-130.50523640663278
luh_to_matr,luh,matr,stacking,42,matr_b3c44,921.0,1157.705145517491,-236.70514551749102
luh_to_matr,luh,matr,stacking,42,matr_b3c45,1735.0,1106.3452653710829,628.6547346289171
luh_to_matr,luh,matr,stacking,42,matr_b3c5,815.0,1029.3244319168805,-214.32443191688049
luh_to_matr,luh,matr,stacking,42,matr_b3c6,630.0,1003.5397330728772,-373.5397330728772
luh_to_matr,luh,matr,stacking,42,matr_b3c7,1774.0,1074.8236746877687,699.1763253122313
luh_to_matr,luh,matr,stacking,42,matr_b3c8,810.0,1093.3891398289527,-283.3891398289527
luh_to_matr,luh,matr,stacking,42,matr_b3c9,1010.0,1140.7152834651024,-130.7152834651024
luh_to_matr,luh,matr,stacking,123,matr_b1c0,1717.0,617.9010653653014,1099.0989346346987
luh_to_matr,luh,matr,stacking,123,matr_b1c1,2066.0,895.0355673641861,1170.9644326358139
luh_to_matr,luh,matr,stacking,123,matr_b1c11,771.0,871.5134999693803,-100.51349996938029
luh_to_matr,luh,matr,stacking,123,matr_b1c12,897.0,1047.5535903181626,-150.5535903181626
luh_to_matr,luh,matr,stacking,123,matr_b1c14,845.0,910.0308254407109,-65.03082544071094
luh_to_matr,luh,matr,stacking,123,matr_b1c15,699.0,893.6169287539474,-194.61692875394738
luh_to_matr,luh,matr,stacking,123,matr_b1c16,824.0,924.0862566469075,-100.08625664690749
luh_to_matr,luh,matr,stacking,123,matr_b1c17,825.0,943.209799047583,-118.20979904758303
luh_to_matr,luh,matr,stacking,123,matr_b1c18,665.0,639.5073645508309,25.492635449169143
luh_to_matr,luh,matr,stacking,123,matr_b1c19,740.0,1019.4096692106111,-279.4096692106111
luh_to_matr,luh,matr,stacking,123,matr_b1c2,1487.0,911.8133915370713,575.1866084629287
luh_to_matr,luh,matr,stacking,123,matr_b1c20,504.0,887.7671998903538,-383.7671998903538
luh_to_matr,luh,matr,stacking,123,matr_b1c21,535.0,927.3854751519928,-392.38547515199275
luh_to_matr,luh,matr,stacking,123,matr_b1c23,974.0,966.3147509625616,7.685249037438439
luh_to_matr,luh,matr,stacking,123,matr_b1c24,979.0,971.5908739851446,7.40912601485536
luh_to_matr,luh,matr,stacking,123,matr_b1c25,817.0,983.9156139015081,-166.9156139015081
luh_to_matr,luh,matr,stacking,123,matr_b1c26,826.0,908.1141618534815,-82.1141618534815
luh_to_matr,luh,matr,stacking,123,matr_b1c27,809.0,964.323792491084,-155.32379249108396
luh_to_matr,luh,matr,stacking,123,matr_b1c28,815.0,1035.3159666607,-220.31596666070004
luh_to_matr,luh,matr,stacking,123,matr_b1c29,872.0,1035.3077907467325,-163.3077907467325
luh_to_matr,luh,matr,stacking,123,matr_b1c3,1344.0,914.6308212476561,429.36917875234394
luh_to_matr,luh,matr,stacking,123,matr_b1c30,679.0,965.3870727127746,-286.3870727127746
luh_to_matr,luh,matr,stacking,123,matr_b1c31,827.0,935.3488650356106,-108.34886503561063
luh_to_matr,luh,matr,stacking,123,matr_b1c32,694.0,1025.5046229628156,-331.5046229628156
luh_to_matr,luh,matr,stacking,123,matr_b1c33,708.0,1006.5045303596952,-298.5045303596952
luh_to_matr,luh,matr,stacking,123,matr_b1c34,714.0,971.5908739851446,-257.59087398514464
luh_to_matr,luh,matr,stacking,123,matr_b1c35,676.0,961.8075902989848,-285.8075902989848
luh_to_matr,luh,matr,stacking,123,matr_b1c36,670.0,964.323792491084,-294.32379249108396
luh_to_matr,luh,matr,stacking,123,matr_b1c37,622.0,968.4284204083289,-346.42842040832886
luh_to_matr,luh,matr,stacking,123,matr_b1c38,592.0,1083.5876536830742,-491.5876536830742
luh_to_matr,luh,matr,stacking,123,matr_b1c39,592.0,1032.2842255012579,-440.2842255012579
luh_to_matr,luh,matr,stacking,123,matr_b1c4,1618.0,916.0991577768899,701.9008422231101
luh_to_matr,luh,matr,stacking,123,matr_b1c40,919.0,1100.4694148611052,-181.46941486110518
luh_to_matr,luh,matr,stacking,123,matr_b1c41,1005.0,1031.0539605038637,-26.053960503863664
luh_to_matr,luh,matr,stacking,123,matr_b1c42,661.0,1032.5833939274441,-371.58339392744415
luh_to_matr,luh,matr,stacking,123,matr_b1c43,626.0,1053.92742475239,-427.9274247523899
luh_to_matr,luh,matr,stacking,123,matr_b1c44,575.0,961.7365515598282,-386.7365515598282
luh_to_matr,luh,matr,stacking,123,matr_b1c45,563.0,1025.6575666600752,-462.6575666600752
luh_to_matr,luh,matr,stacking,123,matr_b1c5,909.0,893.6169287539474,15.383071246052623
luh_to_matr,luh,matr,stacking,123,matr_b1c6,613.0,905.4648447137927,-292.4648447137927
luh_to_matr,luh,matr,stacking,123,matr_b1c7,818.0,923.9663957267998,-105.96639572679976
luh_to_matr,luh,matr,stacking,123,matr_b1c9,1012.0,1002.1034814021908,9.896518597809177
luh_to_matr,luh,matr,stacking,123,matr_b2c0,278.0,793.6362215550375,-515.6362215550375
luh_to_matr,luh,matr,stacking,123,matr_b2c1,133.0,238.31621102989428,-105.31621102989428
luh_to_matr,luh,matr,stacking,123,matr_b2c10,251.0,969.2439933326714,-718.2439933326714
luh_to_matr,luh,matr,stacking,123,matr_b2c11,250.0,960.2079920217049,-710.2079920217049
luh_to_matr,luh,matr,stacking,123,matr_b2c12,435.0,920.5739576592377,-485.57395765923775
luh_to_matr,luh,matr,stacking,123,matr_b2c13,454.0,956.5156601248622,-502.51566012486217
luh_to_matr,luh,matr,stacking,123,matr_b2c14,466.0,1022.5178877537528,-556.5178877537528
luh_to_matr,luh,matr,stacking,123,matr_b2c17,476.0,908.7174755474506,-432.7174755474506
luh_to_matr,luh,matr,stacking,123,matr_b2c18,468.0,955.7581122039745,-487.7581122039745
luh_to_matr,luh,matr,stacking,123,matr_b2c19,455.0,926.2612212620619,-471.2612212620619
luh_to_matr,luh,matr,stacking,123,matr_b2c2,422.0,951.6544990300737,-529.6544990300737
luh_to_matr,luh,matr,stacking,123,matr_b2c20,475.0,960.4144861491891,-485.4144861491891
luh_to_matr,luh,matr,stacking,123,matr_b2c21,468.0,910.6256555232643,-442.6256555232643
luh_to_matr,luh,matr,stacking,123,matr_b2c22,490.0,970.438993083879,-480.43899308387904
luh_to_matr,luh,matr,stacking,123,matr_b2c23,502.0,933.1314879908296,-431.13148799082956
luh_to_matr,luh,matr,stacking,123,matr_b2c24,478.0,982.3146448151651,-504.31464481516514
luh_to_matr,luh,matr,stacking,123,matr_b2c25,446.0,971.635679096627,-525.635679096627
luh_to_matr,luh,matr,stacking,123,matr_b2c26,450.0,946.7767888456594,-496.77678884565944
luh_to_matr,luh,matr,stacking,123,matr_b2c27,453.0,957.5285379667047,-504.5285379667047
luh_to_matr,luh,matr,stacking,123,matr_b2c28,491.0,887.685753950735,-396.68575395073503
luh_to_matr,luh,matr,stacking,123,matr_b2c29,481.0,1025.26361658837,-544.26361658837
luh_to_matr,luh,matr,stacking,123,matr_b2c3,314.0,863.4990829974208,-549.4990829974208
luh_to_matr,luh,matr,stacking,123,matr_b2c30,466.0,947.945168587561,-481.94516858756106
luh_to_matr,luh,matr,stacking,123,matr_b2c31,474.0,933.0315823256813,-459.03158232568126
luh_to_matr,luh,matr,stacking,123,matr_b2c32,500.0,878.297960347093,-378.29796034709295
luh_to_matr,luh,matr,stacking,123,matr_b2c33,499.0,959.9468545133963,-460.94685451339626
luh_to_matr,luh,matr,stacking,123,matr_b2c34,483.0,913.4276775887354,-430.4276775887354
luh_to_matr,luh,matr,stacking,123,matr_b2c35,449.0,971.0762609742777,-522.0762609742777
luh_to_matr,luh,matr,stacking,123,matr_b2c36,513.0,981.0598008283528,-468.05980082835276
luh_to_matr,luh,matr,stacking,123,matr_b2c37,461.0,1086.8689843103775,-625.8689843103775
luh_to_matr,luh,matr,stacking,123,matr_b2c38,451.0,963.7207158618041,-512.7207158618041
luh_to_matr,luh,matr,stacking,123,matr_b2c39,442.0,954.985557563866,-512.985557563866
luh_to_matr,luh,matr,stacking,123,matr_b2c4,247.0,955.0570870747266,-708.0570870747266
luh_to_matr,luh,matr,stacking,123,matr_b2c40,476.0,871.9829572057405,-395.9829572057405
luh_to_matr,luh,matr,stacking,123,matr_b2c41,416.0,962.3764792555872,-546.3764792555872
luh_to_matr,luh,matr,stacking,123,matr_b2c42,444.0,1038.9877608428437,-594.9877608428437
luh_to_matr,luh,matr,stacking,123,matr_b2c43,443.0,981.1520173085181,-538.1520173085181
luh_to_matr,luh,matr,stacking,123,matr_b2c44,442.0,984.5067838274063,-542.5067838274063
luh_to_matr,luh,matr,stacking,123,matr_b2c45,470.0,969.2083264530266,-499.20832645302664
luh_to_matr,luh,matr,stacking,123,matr_b2c46,417.0,982.6330503450099,-565.6330503450099
luh_to_matr,luh,matr,stacking,123,matr_b2c47,705.0,969.9280016032201,-264.9280016032201
luh_to_matr,luh,matr,stacking,123,matr_b2c5,464.0,1051.218973577353,-587.2189735773529
luh_to_matr,luh,matr,stacking,123,matr_b2c6,475.0,863.6317480239967,-388.6317480239967
luh_to_matr,luh,matr,stacking,123,matr_b3c0,985.0,1081.6217682335168,-96.62176823351683
luh_to_matr,luh,matr,stacking,123,matr_b3c1,1033.0,985.3403780468042,47.659621953195824
luh_to_matr,luh,matr,stacking,123,matr_b3c10,1046.0,962.1549146827041,83.84508531729591
luh_to_matr,luh,matr,stacking,123,matr_b3c11,792.0,1027.6592867914833,-235.65928679148328
luh_to_matr,luh,matr,stacking,123,matr_b3c12,903.0,1085.1441104058113,-182.14411040581126
luh_to_matr,luh,matr,stacking,123,matr_b3c13,794.0,954.5100755615968,-160.51007556159675
luh_to_matr,luh,matr,stacking,123,matr_b3c14,834.0,978.3684301336376,-144.36843013363762
luh_to_matr,luh,matr,stacking,123,matr_b3c15,850.0,986.2668934686625,-136.2668934686625
luh_to_matr,luh,matr,stacking,123,matr_b3c16,1589.0,997.7784491624699,591.2215508375301
luh_to_matr,luh,matr,stacking,123,matr_b3c17,1269.0,958.5347687144224,310.4652312855776
luh_to_matr,luh,matr,stacking,123,matr_b3c18,1100.0,965.3300839785919,134.66991602140808
luh_to_matr,luh,matr,stacking,123,matr_b3c19,1105.0,1008.0439811034141,96.95601889658587
luh_to_matr,luh,matr,stacking,123,matr_b3c2,1224.0,981.554675112141,242.445324887859
luh_to_matr,luh,matr,stacking,123,matr_b3c20,793.0,993.6814348701447,-200.6814348701447
luh_to_matr,luh,matr,stacking,123,matr_b3c21,745.0,975.4448656300127,-230.4448656300127
luh_to_matr,luh,matr,stacking,123,matr_b3c22,991.0,1047.4327834054407,-56.43278340544066
luh_to_matr,luh,matr,stacking,123,matr_b3c24,817.0,972.4315775019039,-155.43157750190392
luh_to_matr,luh,matr,stacking,123,matr_b3c25,970.0,979.8068130768755,-9.806813076875528
luh_to_matr,luh,matr,stacking,123,matr_b3c26,989.0,1000.1680164461607,-11.168016446160664
luh_to_matr,luh,matr,stacking,123,matr_b3c27,828.0,1056.037649499924,-228.0376494999241
luh_to_matr,luh,matr,stacking,123,matr_b3c28,524.0,984.9873766056268,-460.98737660562676
luh_to_matr,luh,matr,stacking,123,matr_b3c29,833.0,1051.4163211399186,-218.41632113991864
luh_to_matr,luh,matr,stacking,123,matr_b3c3,1084.0,1006.7363405585738,77.26365944142617
luh_to_matr,luh,matr,stacking,123,matr_b3c30,913.0,1059.2382091956083,-146.2382091956083
luh_to_matr,luh,matr,stacking,123,matr_b3c31,713.0,1000.552400827517,-287.552400827517
luh_to_matr,luh,matr,stacking,123,matr_b3c33,1257.0,1016.6974703924907,240.3025296075093
luh_to_matr,luh,matr,stacking,123,matr_b3c34,1125.0,1022.9294627483749,102.07053725162507
luh_to_matr,luh,matr,stacking,123,matr_b3c35,1056.0,1009.8592318308074,46.1407681691926
luh_to_matr,luh,matr,stacking,123,matr_b3c36,910.0,1006.4876999378357,-96.48769993783571
luh_to_matr,luh,matr,stacking,123,matr_b3c37,1376.0,886.6688410978035,489.33115890219653
luh_to_matr,luh,matr,stacking,123,matr_b3c38,1873.0,1031.2576491721584,841.7423508278416
luh_to_matr,luh,matr,stacking,123,matr_b3c39,1146.0,1051.5288022926693,94.4711977073307
luh_to_matr,luh,matr,stacking,123,matr_b3c4,1006.0,1053.7918898132798,-47.791889813279795
luh_to_matr,luh,matr,stacking,123,matr_b3c40,779.0,1053.6819549942234,-274.68195499422336
luh_to_matr,luh,matr,stacking,123,matr_b3c41,773.0,1051.765878120233,-278.7658781202331
luh_to_matr,luh,matr,stacking,123,matr_b3c42,1587.0,1059.5991196465654,527.4008803534346
luh_to_matr,luh,matr,stacking,123,matr_b3c43,1018.0,1024.5283183644244,-6.528318364424422
luh_to_matr,luh,matr,stacking,123,matr_b3c44,921.0,1018.1291184638119,-97.12911846381189
luh_to_matr,luh,matr,stacking,123,matr_b3c45,1735.0,959.6230865216812,775.3769134783188
luh_to_matr,luh,matr,stacking,123,matr_b3c5,815.0,1025.3891682538122,-210.38916825381216
luh_to_matr,luh,matr,stacking,123,matr_b3c6,630.0,995.767978800189,-365.767978800189
luh_to_matr,luh,matr,stacking,123,matr_b3c7,1774.0,908.1141618534815,865.8858381465185
luh_to_matr,luh,matr,stacking,123,matr_b3c8,810.0,1064.174647316798,-254.17464731679797
luh_to_matr,luh,matr,stacking,123,matr_b3c9,1010.0,1012.2453201821025,-2.245320182102546
luh_to_matr,luh,matr,stacking,456,matr_b1c0,1717.0,638.7464815698573,1078.2535184301428
luh_to_matr,luh,matr,stacking,456,matr_b1c1,2066.0,892.1520123406415,1173.8479876593585
luh_to_matr,luh,matr,stacking,456,matr_b1c11,771.0,875.4565038943118,-104.45650389431182
luh_to_matr,luh,matr,stacking,456,matr_b1c12,897.0,977.368567031559,-80.368567031559
luh_to_matr,luh,matr,stacking,456,matr_b1c14,845.0,893.1588837220386,-48.15888372203858
luh_to_matr,luh,matr,stacking,456,matr_b1c15,699.0,893.3230892271802,-194.32308922718016
luh_to_matr,luh,matr,stacking,456,matr_b1c16,824.0,898.7080574011545,-74.70805740115452
luh_to_matr,luh,matr,stacking,456,matr_b1c17,825.0,933.5133401000111,-108.51334010001108
luh_to_matr,luh,matr,stacking,456,matr_b1c18,665.0,651.7679240782196,13.232075921780392
luh_to_matr,luh,matr,stacking,456,matr_b1c19,740.0,918.9701461017149,-178.97014610171493
luh_to_matr,luh,matr,stacking,456,matr_b1c2,1487.0,892.1163584916093,594.8836415083907
luh_to_matr,luh,matr,stacking,456,matr_b1c20,504.0,840.9276143877146,-336.9276143877146
luh_to_matr,luh,matr,stacking,456,matr_b1c21,535.0,825.0416389513565,-290.0416389513565
luh_to_matr,luh,matr,stacking,456,matr_b1c23,974.0,960.5972405769776,13.402759423022417
luh_to_matr,luh,matr,stacking,456,matr_b1c24,979.0,934.7705919382321,44.22940806176791
luh_to_matr,luh,matr,stacking,456,matr_b1c25,817.0,972.0171391631483,-155.01713916314827
luh_to_matr,luh,matr,stacking,456,matr_b1c26,826.0,889.9628271361147,-63.9628271361147
luh_to_matr,luh,matr,stacking,456,matr_b1c27,809.0,930.6349706129442,-121.63497061294424
luh_to_matr,luh,matr,stacking,456,matr_b1c28,815.0,984.3063330038383,-169.3063330038383
luh_to_matr,luh,matr,stacking,456,matr_b1c29,872.0,995.2309151106147,-123.23091511061466
luh_to_matr,luh,matr,stacking,456,matr_b1c3,1344.0,905.7193563368807,438.28064366311935
luh_to_matr,luh,matr,stacking,456,matr_b1c30,679.0,869.0430938116906,-190.0430938116906
luh_to_matr,luh,matr,stacking,456,matr_b1c31,827.0,882.2480660057605,-55.248066005760506
luh_to_matr,luh,matr,stacking,456,matr_b1c32,694.0,934.0800131634128,-240.0800131634128
luh_to_matr,luh,matr,stacking,456,matr_b1c33,708.0,955.7911535498218,-247.79115354982184
luh_to_matr,luh,matr,stacking,456,matr_b1c34,714.0,940.9168711440591,-226.9168711440591
luh_to_matr,luh,matr,stacking,456,matr_b1c35,676.0,948.5453488890743,-272.54534888907426
luh_to_matr,luh,matr,stacking,456,matr_b1c36,670.0,930.6349706129442,-260.63497061294424
luh_to_matr,luh,matr,stacking,456,matr_b1c37,622.0,938.9344806151113,-316.9344806151113
luh_to_matr,luh,matr,stacking,456,matr_b1c38,592.0,942.8792360836725,-350.8792360836725
luh_to_matr,luh,matr,stacking,456,matr_b1c39,592.0,979.4891259400558,-387.4891259400558
luh_to_matr,luh,matr,stacking,456,matr_b1c4,1618.0,905.1979051695483,712.8020948304517
luh_to_matr,luh,matr,stacking,456,matr_b1c40,919.0,959.522479305891,-40.52247930589101
luh_to_matr,luh,matr,stacking,456,matr_b1c41,1005.0,980.6912840535681,24.308715946431903
luh_to_matr,luh,matr,stacking,456,matr_b1c42,661.0,986.1418693477381,-325.14186934773807
luh_to_matr,luh,matr,stacking,456,matr_b1c43,626.0,968.2851590196624,-342.2851590196624
luh_to_matr,luh,matr,stacking,456,matr_b1c44,575.0,937.0160306632039,-362.0160306632039
luh_to_matr,luh,matr,stacking,456,matr_b1c45,563.0,943.1280537006677,-380.1280537006677
luh_to_matr,luh,matr,stacking,456,matr_b1c5,909.0,890.9462795009017,18.05372049909829
luh_to_matr,luh,matr,stacking,456,matr_b1c6,613.0,892.0504878353842,-279.05048783538416
luh_to_matr,luh,matr,stacking,456,matr_b1c7,818.0,909.5678149001423,-91.56781490014225
luh_to_matr,luh,matr,stacking,456,matr_b1c9,1012.0,975.4733601551708,36.52663984482922
luh_to_matr,luh,matr,stacking,456,matr_b2c0,278.0,673.4197114761919,-395.4197114761919
luh_to_matr,luh,matr,stacking,456,matr_b2c1,133.0,273.41185083469173,-140.41185083469173
luh_to_matr,luh,matr,stacking,456,matr_b2c10,251.0,949.2530882625146,-698.2530882625146
luh_to_matr,luh,matr,stacking,456,matr_b2c11,250.0,914.8549287535773,-664.8549287535773
luh_to_matr,luh,matr,stacking,456,matr_b2c12,435.0,903.5123913725242,-468.51239137252423
luh_to_matr,luh,matr,stacking,456,matr_b2c13,454.0,954.9224713304129,-500.9224713304129
luh_to_matr,luh,matr,stacking,456,matr_b2c14,466.0,952.5156449891598,-486.5156449891598
luh_to_matr,luh,matr,stacking,456,matr_b2c17,476.0,905.4233674565526,-429.42336745655257
luh_to_matr,luh,matr,stacking,456,matr_b2c18,468.0,840.4381099613888,-372.4381099613888
luh_to_matr,luh,matr,stacking,456,matr_b2c19,455.0,928.1371632168475,-473.1371632168475
luh_to_matr,luh,matr,stacking,456,matr_b2c2,422.0,893.297801572828,-471.297801572828
luh_to_matr,luh,matr,stacking,456,matr_b2c20,475.0,902.1801514358165,-427.18015143581647
luh_to_matr,luh,matr,stacking,456,matr_b2c21,468.0,933.5349722951761,-465.5349722951761
luh_to_matr,luh,matr,stacking,456,matr_b2c22,490.0,935.032156706512,-445.03215670651196
luh_to_matr,luh,matr,stacking,456,matr_b2c23,502.0,882.5585442337509,-380.5585442337509
luh_to_matr,luh,matr,stacking,456,matr_b2c24,478.0,953.3535283929275,-475.3535283929275
luh_to_matr,luh,matr,stacking,456,matr_b2c25,446.0,941.1744512700801,-495.1744512700801
luh_to_matr,luh,matr,stacking,456,matr_b2c26,450.0,909.2718405405212,-459.2718405405212
luh_to_matr,luh,matr,stacking,456,matr_b2c27,453.0,945.0200333393622,-492.02003333936216
luh_to_matr,luh,matr,stacking,456,matr_b2c28,491.0,875.9179572782242,-384.9179572782242
luh_to_matr,luh,matr,stacking,456,matr_b2c29,481.0,982.9127971134617,-501.9127971134617
luh_to_matr,luh,matr,stacking,456,matr_b2c3,314.0,788.7847995614663,-474.78479956146634
luh_to_matr,luh,matr,stacking,456,matr_b2c30,466.0,968.9423119454482,-502.9423119454482
luh_to_matr,luh,matr,stacking,456,matr_b2c31,474.0,932.5872094640913,-458.5872094640913
luh_to_matr,luh,matr,stacking,456,matr_b2c32,500.0,891.9932551565888,-391.9932551565888
luh_to_matr,luh,matr,stacking,456,matr_b2c33,499.0,922.8292941286101,-423.82929412861006
luh_to_matr,luh,matr,stacking,456,matr_b2c34,483.0,916.2110873416066,-433.21108734160657
luh_to_matr,luh,matr,stacking,456,matr_b2c35,449.0,913.036618503695,-464.03661850369497
luh_to_matr,luh,matr,stacking,456,matr_b2c36,513.0,970.8889060214963,-457.88890602149627
luh_to_matr,luh,matr,stacking,456,matr_b2c37,461.0,993.2988723451098,-532.2988723451098
luh_to_matr,luh,matr,stacking,456,matr_b2c38,451.0,951.2955805770698,-500.2955805770698
luh_to_matr,luh,matr,stacking,456,matr_b2c39,442.0,940.8274955697707,-498.8274955697707
luh_to_matr,luh,matr,stacking,456,matr_b2c4,247.0,963.5515975520423,-716.5515975520423
luh_to_matr,luh,matr,stacking,456,matr_b2c40,476.0,874.0706434297434,-398.0706434297434
luh_to_matr,luh,matr,stacking,456,matr_b2c41,416.0,957.7524970080656,-541.7524970080656
luh_to_matr,luh,matr,stacking,456,matr_b2c42,444.0,974.8735038966759,-530.8735038966759
luh_to_matr,luh,matr,stacking,456,matr_b2c43,443.0,953.4715806434527,-510.47158064345274
luh_to_matr,luh,matr,stacking,456,matr_b2c44,442.0,969.9322030610265,-527.9322030610265
luh_to_matr,luh,matr,stacking,456,matr_b2c45,470.0,903.985935866836,-433.98593586683603
luh_to_matr,luh,matr,stacking,456,matr_b2c46,417.0,953.4475550414159,-536.4475550414159
luh_to_matr,luh,matr,stacking,456,matr_b2c47,705.0,926.6329761781021,-221.63297617810213
luh_to_matr,luh,matr,stacking,456,matr_b2c5,464.0,958.4920466680734,-494.4920466680734
luh_to_matr,luh,matr,stacking,456,matr_b2c6,475.0,843.9536557322893,-368.95365573228935
luh_to_matr,luh,matr,stacking,456,matr_b3c0,985.0,973.8914576443929,11.108542355607142
luh_to_matr,luh,matr,stacking,456,matr_b3c1,1033.0,922.7898429896136,110.21015701038641
luh_to_matr,luh,matr,stacking,456,matr_b3c10,1046.0,942.8453327546978,103.15466724530222
luh_to_matr,luh,matr,stacking,456,matr_b3c11,792.0,1019.7003051993083,-227.70030519930833
luh_to_matr,luh,matr,stacking,456,matr_b3c12,903.0,985.3392799721653,-82.33927997216529
luh_to_matr,luh,matr,stacking,456,matr_b3c13,794.0,918.704457979601,-124.70445797960099
luh_to_matr,luh,matr,stacking,456,matr_b3c14,834.0,991.0864597656997,-157.08645976569971
luh_to_matr,luh,matr,stacking,456,matr_b3c15,850.0,894.7396803884092,-44.73968038840917
luh_to_matr,luh,matr,stacking,456,matr_b3c16,1589.0,910.4270260515723,678.5729739484277
luh_to_matr,luh,matr,stacking,456,matr_b3c17,1269.0,889.9452812323585,379.0547187676415
luh_to_matr,luh,matr,stacking,456,matr_b3c18,1100.0,916.1468198645545,183.85318013544554
luh_to_matr,luh,matr,stacking,456,matr_b3c19,1105.0,924.6351131183574,180.36488688164263
luh_to_matr,luh,matr,stacking,456,matr_b3c2,1224.0,943.7892847628992,280.21071523710077
luh_to_matr,luh,matr,stacking,456,matr_b3c20,793.0,901.7956779598261,-108.7956779598261
luh_to_matr,luh,matr,stacking,456,matr_b3c21,745.0,922.0124828797618,-177.01248287976182
luh_to_matr,luh,matr,stacking,456,matr_b3c22,991.0,967.6252507954332,23.374749204566797
luh_to_matr,luh,matr,stacking,456,matr_b3c24,817.0,963.5209910351424,-146.5209910351424
luh_to_matr,luh,matr,stacking,456,matr_b3c25,970.0,953.0882324264668,16.91176757353321
luh_to_matr,luh,matr,stacking,456,matr_b3c26,989.0,991.5415445682728,-2.5415445682727977
luh_to_matr,luh,matr,stacking,456,matr_b3c27,828.0,974.8563464225173,-146.85634642251728
luh_to_matr,luh,matr,stacking,456,matr_b3c28,524.0,935.0194854242609,-411.0194854242609
luh_to_matr,luh,matr,stacking,456,matr_b3c29,833.0,973.3573265850429,-140.35732658504287
luh_to_matr,luh,matr,stacking,456,matr_b3c3,1084.0,928.6613604232261,155.33863957677386
luh_to_matr,luh,matr,stacking,456,matr_b3c30,913.0,969.6836883516869,-56.6836883516869
luh_to_matr,luh,matr,stacking,456,matr_b3c31,713.0,942.1342683807403,-229.1342683807403
luh_to_matr,luh,matr,stacking,456,matr_b3c33,1257.0,924.440395762575,332.559604237425
luh_to_matr,luh,matr,stacking,456,matr_b3c34,1125.0,959.3014500410083,165.69854995899175
luh_to_matr,luh,matr,stacking,456,matr_b3c35,1056.0,953.2196269212577,102.78037307874229
luh_to_matr,luh,matr,stacking,456,matr_b3c36,910.0,962.7538164922826,-52.75381649228257
luh_to_matr,luh,matr,stacking,456,matr_b3c37,1376.0,871.5365976040558,504.4634023959442
luh_to_matr,luh,matr,stacking,456,matr_b3c38,1873.0,917.8282574957022,955.1717425042978
luh_to_matr,luh,matr,stacking,456,matr_b3c39,1146.0,915.283799703077,230.71620029692303
luh_to_matr,luh,matr,stacking,456,matr_b3c4,1006.0,948.9579353850573,57.04206461494266
luh_to_matr,luh,matr,stacking,456,matr_b3c40,779.0,953.0466733899767,-174.04667338997672
luh_to_matr,luh,matr,stacking,456,matr_b3c41,773.0,970.4309598353348,-197.43095983533476
luh_to_matr,luh,matr,stacking,456,matr_b3c42,1587.0,984.7597441987441,602.2402558012559
luh_to_matr,luh,matr,stacking,456,matr_b3c43,1018.0,979.0515985593298,38.94840144067018
luh_to_matr,luh,matr,stacking,456,matr_b3c44,921.0,974.0070767774343,-53.00707677743435
luh_to_matr,luh,matr,stacking,456,matr_b3c45,1735.0,966.9763058019759,768.0236941980241
luh_to_matr,luh,matr,stacking,456,matr_b3c5,815.0,939.7976069529785,-124.79760695297853
luh_to_matr,luh,matr,stacking,456,matr_b3c6,630.0,929.98121963756,-299.98121963756
luh_to_matr,luh,matr,stacking,456,matr_b3c7,1774.0,889.9628271361147,884.0371728638853
luh_to_matr,luh,matr,stacking,456,matr_b3c8,810.0,946.2628925239659,-136.2628925239659
luh_to_matr,luh,matr,stacking,456,matr_b3c9,1010.0,964.2265070708405,45.77349292915949
luh_to_matr,luh,matr,stacking,789,matr_b1c0,1717.0,790.5393203504561,926.4606796495439
luh_to_matr,luh,matr,stacking,789,matr_b1c1,2066.0,996.3997126461361,1069.600287353864
luh_to_matr,luh,matr,stacking,789,matr_b1c11,771.0,975.3619060492921,-204.3619060492921
luh_to_matr,luh,matr,stacking,789,matr_b1c12,897.0,1054.6622288891083,-157.6622288891083
luh_to_matr,luh,matr,stacking,789,matr_b1c14,845.0,988.0378840459825,-143.03788404598254
luh_to_matr,luh,matr,stacking,789,matr_b1c15,699.0,976.7384816630238,-277.7384816630238
luh_to_matr,luh,matr,stacking,789,matr_b1c16,824.0,1005.9180824702779,-181.9180824702779
luh_to_matr,luh,matr,stacking,789,matr_b1c17,825.0,1062.7434564770901,-237.74345647709015
luh_to_matr,luh,matr,stacking,789,matr_b1c18,665.0,809.4915639695513,-144.4915639695513
luh_to_matr,luh,matr,stacking,789,matr_b1c19,740.0,1061.9035528368474,-321.90355283684744
luh_to_matr,luh,matr,stacking,789,matr_b1c2,1487.0,998.6288167281425,488.3711832718575
luh_to_matr,luh,matr,stacking,789,matr_b1c20,504.0,934.1316865244639,-430.13168652446393
luh_to_matr,luh,matr,stacking,789,matr_b1c21,535.0,950.3992467992676,-415.39924679926764
luh_to_matr,luh,matr,stacking,789,matr_b1c23,974.0,1062.5950674182413,-88.59506741824134
luh_to_matr,luh,matr,stacking,789,matr_b1c24,979.0,1047.7152220184566,-68.71522201845664
luh_to_matr,luh,matr,stacking,789,matr_b1c25,817.0,1084.623339829253,-267.6233398292529
luh_to_matr,luh,matr,stacking,789,matr_b1c26,826.0,988.1580937502358,-162.15809375023582
luh_to_matr,luh,matr,stacking,789,matr_b1c27,809.0,1054.330965014304,-245.33096501430396
luh_to_matr,luh,matr,stacking,789,matr_b1c28,815.0,1064.424067392211,-249.4240673922111
luh_to_matr,luh,matr,stacking,789,matr_b1c29,872.0,1063.659889498802,-191.65988949880193
luh_to_matr,luh,matr,stacking,789,matr_b1c3,1344.0,999.0013202028869,344.99867979711314
luh_to_matr,luh,matr,stacking,789,matr_b1c30,679.0,1064.757096456082,-385.7570964560821
luh_to_matr,luh,matr,stacking,789,matr_b1c31,827.0,1000.9898475293728,-173.9898475293728
luh_to_matr,luh,matr,stacking,789,matr_b1c32,694.0,1034.3396117536429,-340.3396117536429
luh_to_matr,luh,matr,stacking,789,matr_b1c33,708.0,1104.7169527117671,-396.71695271176714
luh_to_matr,luh,matr,stacking,789,matr_b1c34,714.0,1047.7152220184566,-333.71522201845664
luh_to_matr,luh,matr,stacking,789,matr_b1c35,676.0,1060.306666792391,-384.30666679239107
luh_to_matr,luh,matr,stacking,789,matr_b1c36,670.0,1054.330965014304,-384.33096501430396
luh_to_matr,luh,matr,stacking,789,matr_b1c37,622.0,1054.3258449689852,-432.32584496898517
luh_to_matr,luh,matr,stacking,789,matr_b1c38,592.0,1029.0687792066713,-437.06877920667125
luh_to_matr,luh,matr,stacking,789,matr_b1c39,592.0,1109.1535518256678,-517.1535518256678
luh_to_matr,luh,matr,stacking,789,matr_b1c4,1618.0,992.2847603130316,625.7152396869684
luh_to_matr,luh,matr,stacking,789,matr_b1c40,919.0,1114.8800875368527,-195.88008753685267
luh_to_matr,luh,matr,stacking,789,matr_b1c41,1005.0,1117.0721266780781,-112.07212667807812
luh_to_matr,luh,matr,stacking,789,matr_b1c42,661.0,1112.9306498171666,-451.93064981716657
luh_to_matr,luh,matr,stacking,789,matr_b1c43,626.0,1017.9250951414266,-391.9250951414266
luh_to_matr,luh,matr,stacking,789,matr_b1c44,575.0,1050.5026859091,-475.5026859090999
luh_to_matr,luh,matr,stacking,789,matr_b1c45,563.0,1093.109861268691,-530.109861268691
luh_to_matr,luh,matr,stacking,789,matr_b1c5,909.0,976.7384816630238,-67.73848166302378
luh_to_matr,luh,matr,stacking,789,matr_b1c6,613.0,994.4964085594016,-381.49640855940163
luh_to_matr,luh,matr,stacking,789,matr_b1c7,818.0,1017.3702338513096,-199.37023385130965
luh_to_matr,luh,matr,stacking,789,matr_b1c9,1012.0,1060.3999031607393,-48.39990316073931
luh_to_matr,luh,matr,stacking,789,matr_b2c0,278.0,921.7830914974958,-643.7830914974958
luh_to_matr,luh,matr,stacking,789,matr_b2c1,133.0,246.23975656482585,-113.23975656482585
luh_to_matr,luh,matr,stacking,789,matr_b2c10,251.0,1095.1949273539105,-844.1949273539105
luh_to_matr,luh,matr,stacking,789,matr_b2c11,250.0,1081.3215419100811,-831.3215419100811
luh_to_matr,luh,matr,stacking,789,matr_b2c12,435.0,1009.5227237324182,-574.5227237324182
luh_to_matr,luh,matr,stacking,789,matr_b2c13,454.0,1041.849389812708,-587.8493898127081
luh_to_matr,luh,matr,stacking,789,matr_b2c14,466.0,1064.0054336748603,-598.0054336748603
luh_to_matr,luh,matr,stacking,789,matr_b2c17,476.0,1008.9641368520428,-532.9641368520428
luh_to_matr,luh,matr,stacking,789,matr_b2c18,468.0,982.0114968831588,-514.0114968831588
luh_to_matr,luh,matr,stacking,789,matr_b2c19,455.0,1008.1430427983814,-553.1430427983814
luh_to_matr,luh,matr,stacking,789,matr_b2c2,422.0,1045.4716142581678,-623.4716142581678
luh_to_matr,luh,matr,stacking,789,matr_b2c20,475.0,1051.2791312088818,-576.2791312088818
luh_to_matr,luh,matr,stacking,789,matr_b2c21,468.0,1009.741127055727,-541.741127055727
luh_to_matr,luh,matr,stacking,789,matr_b2c22,490.0,1096.1153978413622,-606.1153978413622
luh_to_matr,luh,matr,stacking,789,matr_b2c23,502.0,998.3359208528284,-496.3359208528284
luh_to_matr,luh,matr,stacking,789,matr_b2c24,478.0,1060.2531647913984,-582.2531647913984
luh_to_matr,luh,matr,stacking,789,matr_b2c25,446.0,1052.752769786477,-606.7527697864771
luh_to_matr,luh,matr,stacking,789,matr_b2c26,450.0,1043.8545039404985,-593.8545039404985
luh_to_matr,luh,matr,stacking,789,matr_b2c27,453.0,1058.64648592584,-605.6464859258399
luh_to_matr,luh,matr,stacking,789,matr_b2c28,491.0,976.7504912368212,-485.7504912368212
luh_to_matr,luh,matr,stacking,789,matr_b2c29,481.0,1080.6254663219895,-599.6254663219895
luh_to_matr,luh,matr,stacking,789,matr_b2c3,314.0,977.1307263218364,-663.1307263218364
luh_to_matr,luh,matr,stacking,789,matr_b2c30,466.0,1066.9547771048206,-600.9547771048206
luh_to_matr,luh,matr,stacking,789,matr_b2c31,474.0,1070.6253480645535,-596.6253480645535
luh_to_matr,luh,matr,stacking,789,matr_b2c32,500.0,983.0537127556827,-483.0537127556827
luh_to_matr,luh,matr,stacking,789,matr_b2c33,499.0,1052.9366840007274,-553.9366840007274
luh_to_matr,luh,matr,stacking,789,matr_b2c34,483.0,1028.6924710967046,-545.6924710967046
luh_to_matr,luh,matr,stacking,789,matr_b2c35,449.0,1061.6075347013402,-612.6075347013402
luh_to_matr,luh,matr,stacking,789,matr_b2c36,513.0,1092.0454428533376,-579.0454428533376
luh_to_matr,luh,matr,stacking,789,matr_b2c37,461.0,1118.381160449198,-657.381160449198
luh_to_matr,luh,matr,stacking,789,matr_b2c38,451.0,1069.5008086663747,-618.5008086663747
luh_to_matr,luh,matr,stacking,789,matr_b2c39,442.0,1062.8453064693736,-620.8453064693736
luh_to_matr,luh,matr,stacking,789,matr_b2c4,247.0,1035.6535419008326,-788.6535419008326
luh_to_matr,luh,matr,stacking,789,matr_b2c40,476.0,978.9177769718084,-502.9177769718084
luh_to_matr,luh,matr,stacking,789,matr_b2c41,416.0,1057.029210545342,-641.029210545342
luh_to_matr,luh,matr,stacking,789,matr_b2c42,444.0,1089.754257342835,-645.754257342835
luh_to_matr,luh,matr,stacking,789,matr_b2c43,443.0,1073.9694102888175,-630.9694102888175
luh_to_matr,luh,matr,stacking,789,matr_b2c44,442.0,1076.3078937468629,-634.3078937468629
luh_to_matr,luh,matr,stacking,789,matr_b2c45,470.0,1066.834885005486,-596.8348850054861
luh_to_matr,luh,matr,stacking,789,matr_b2c46,417.0,1104.1221066234452,-687.1221066234452
luh_to_matr,luh,matr,stacking,789,matr_b2c47,705.0,1070.6165075091246,-365.61650750912463
luh_to_matr,luh,matr,stacking,789,matr_b2c5,464.0,1103.1236719076512,-639.1236719076512
luh_to_matr,luh,matr,stacking,789,matr_b2c6,475.0,1014.114163470595,-539.114163470595
luh_to_matr,luh,matr,stacking,789,matr_b3c0,985.0,1043.1167518331551,-58.11675183315515
luh_to_matr,luh,matr,stacking,789,matr_b3c1,1033.0,1048.4482274959967,-15.448227495996662
luh_to_matr,luh,matr,stacking,789,matr_b3c10,1046.0,1060.457611994991,-14.457611994991112
luh_to_matr,luh,matr,stacking,789,matr_b3c11,792.0,1052.0293323944973,-260.02933239449726
luh_to_matr,luh,matr,stacking,789,matr_b3c12,903.0,1076.1002463453206,-173.10024634532056
luh_to_matr,luh,matr,stacking,789,matr_b3c13,794.0,1080.3074189665217,-286.3074189665217
luh_to_matr,luh,matr,stacking,789,matr_b3c14,834.0,1076.8811920854498,-242.8811920854498
luh_to_matr,luh,matr,stacking,789,matr_b3c15,850.0,1054.9833467739106,-204.98334677391063
luh_to_matr,luh,matr,stacking,789,matr_b3c16,1589.0,1066.922721858415,522.0772781415851
luh_to_matr,luh,matr,stacking,789,matr_b3c17,1269.0,1008.3665151037777,260.6334848962223
luh_to_matr,luh,matr,stacking,789,matr_b3c18,1100.0,1011.6891885054351,88.31081149456486
luh_to_matr,luh,matr,stacking,789,matr_b3c19,1105.0,868.3858731252013,236.61412687479867
luh_to_matr,luh,matr,stacking,789,matr_b3c2,1224.0,998.7835235929791,225.21647640702088
luh_to_matr,luh,matr,stacking,789,matr_b3c20,793.0,910.0216175127472,-117.02161751274718
luh_to_matr,luh,matr,stacking,789,matr_b3c21,745.0,1018.2412303119914,-273.24123031199144
luh_to_matr,luh,matr,stacking,789,matr_b3c22,991.0,887.3170391927193,103.68296080728066
luh_to_matr,luh,matr,stacking,789,matr_b3c24,817.0,1092.5608260780327,-275.56082607803273
luh_to_matr,luh,matr,stacking,789,matr_b3c25,970.0,1069.1047349073883,-99.10473490738832
luh_to_matr,luh,matr,stacking,789,matr_b3c26,989.0,1093.0146674318926,-104.01466743189258
luh_to_matr,luh,matr,stacking,789,matr_b3c27,828.0,1051.865713478096,-223.86571347809604
luh_to_matr,luh,matr,stacking,789,matr_b3c28,524.0,861.5704871685795,-337.57048716857946
luh_to_matr,luh,matr,stacking,789,matr_b3c29,833.0,1060.6103683412925,-227.61036834129254
luh_to_matr,luh,matr,stacking,789,matr_b3c3,1084.0,1040.5207822786942,43.47921772130576
luh_to_matr,luh,matr,stacking,789,matr_b3c30,913.0,1040.9620408693854,-127.96204086938542
luh_to_matr,luh,matr,stacking,789,matr_b3c31,713.0,1085.3736876663938,-372.37368766639383
luh_to_matr,luh,matr,stacking,789,matr_b3c33,1257.0,915.4524207048937,341.5475792951063
luh_to_matr,luh,matr,stacking,789,matr_b3c34,1125.0,995.0322606524956,129.96773934750445
luh_to_matr,luh,matr,stacking,789,matr_b3c35,1056.0,876.0972218585632,179.90277814143678
luh_to_matr,luh,matr,stacking,789,matr_b3c36,910.0,990.1009645320759,-80.10096453207586
luh_to_matr,luh,matr,stacking,789,matr_b3c37,1376.0,1010.2380220812811,365.7619779187189
luh_to_matr,luh,matr,stacking,789,matr_b3c38,1873.0,917.6678362412279,955.3321637587721
luh_to_matr,luh,matr,stacking,789,matr_b3c39,1146.0,1032.5217970634524,113.47820293654763
luh_to_matr,luh,matr,stacking,789,matr_b3c4,1006.0,913.9992442762276,92.00075572377239
luh_to_matr,luh,matr,stacking,789,matr_b3c40,779.0,1065.4681949891092,-286.4681949891092
luh_to_matr,luh,matr,stacking,789,matr_b3c41,773.0,1042.8128585521374,-269.8128585521374
luh_to_matr,luh,matr,stacking,789,matr_b3c42,1587.0,932.8015553789471,654.1984446210529
luh_to_matr,luh,matr,stacking,789,matr_b3c43,1018.0,929.1364743414958,88.86352565850416
luh_to_matr,luh,matr,stacking,789,matr_b3c44,921.0,936.9614412636467,-15.961441263646748
luh_to_matr,luh,matr,stacking,789,matr_b3c45,1735.0,1081.739034535556,653.2609654644441
luh_to_matr,luh,matr,stacking,789,matr_b3c5,815.0,1035.8568665158773,-220.8568665158773
luh_to_matr,luh,matr,stacking,789,matr_b3c6,630.0,861.5924430931283,-231.59244309312828
luh_to_matr,luh,matr,stacking,789,matr_b3c7,1774.0,988.0351552654433,785.9648447345567
luh_to_matr,luh,matr,stacking,789,matr_b3c8,810.0,1048.6425510149259,-238.64255101492586
luh_to_matr,luh,matr,stacking,789,matr_b3c9,1010.0,1049.880711492256,-39.88071149225607
luh_to_matr,luh,matr,stacking,1011,matr_b1c0,1717.0,764.1801374509387,952.8198625490613
luh_to_matr,luh,matr,stacking,1011,matr_b1c1,2066.0,828.1970440165787,1237.8029559834213
luh_to_matr,luh,matr,stacking,1011,matr_b1c11,771.0,824.6798389264741,-53.679838926474076
luh_to_matr,luh,matr,stacking,1011,matr_b1c12,897.0,889.4328040673928,7.567195932607206
luh_to_matr,luh,matr,stacking,1011,matr_b1c14,845.0,835.4485920346353,9.55140796536466
luh_to_matr,luh,matr,stacking,1011,matr_b1c15,699.0,835.5293656898627,-136.52936568986274
luh_to_matr,luh,matr,stacking,1011,matr_b1c16,824.0,839.2193365903855,-15.219336590385524
luh_to_matr,luh,matr,stacking,1011,matr_b1c17,825.0,824.2648429829591,0.7351570170409332
luh_to_matr,luh,matr,stacking,1011,matr_b1c18,665.0,713.5545656624563,-48.5545656624563
luh_to_matr,luh,matr,stacking,1011,matr_b1c19,740.0,843.6310236022996,-103.63102360229959
luh_to_matr,luh,matr,stacking,1011,matr_b1c2,1487.0,825.087283433888,661.912716566112
luh_to_matr,luh,matr,stacking,1011,matr_b1c20,504.0,762.2805720870878,-258.28057208708776
luh_to_matr,luh,matr,stacking,1011,matr_b1c21,535.0,783.621647646611,-248.621647646611
luh_to_matr,luh,matr,stacking,1011,matr_b1c23,974.0,839.1175155634796,134.88248443652037
luh_to_matr,luh,matr,stacking,1011,matr_b1c24,979.0,844.311143849339,134.68885615066097
luh_to_matr,luh,matr,stacking,1011,matr_b1c25,817.0,856.4209678054369,-39.42096780543693
luh_to_matr,luh,matr,stacking,1011,matr_b1c26,826.0,836.0741098164342,-10.074109816434202
luh_to_matr,luh,matr,stacking,1011,matr_b1c27,809.0,839.0996433721458,-30.099643372145806
luh_to_matr,luh,matr,stacking,1011,matr_b1c28,815.0,904.8176319035881,-89.81763190358811
luh_to_matr,luh,matr,stacking,1011,matr_b1c29,872.0,877.9929658904657,-5.992965890465712
luh_to_matr,luh,matr,stacking,1011,matr_b1c3,1344.0,837.557983591385,506.442016408615
luh_to_matr,luh,matr,stacking,1011,matr_b1c30,679.0,839.9288468204161,-160.92884682041608
luh_to_matr,luh,matr,stacking,1011,matr_b1c31,827.0,815.7609214221035,11.239078577896521
luh_to_matr,luh,matr,stacking,1011,matr_b1c32,694.0,859.1360433962292,-165.13604339622918
luh_to_matr,luh,matr,stacking,1011,matr_b1c33,708.0,878.8994986196653,-170.89949861966534
luh_to_matr,luh,matr,stacking,1011,matr_b1c34,714.0,844.8727457602932,-130.87274576029324
luh_to_matr,luh,matr,stacking,1011,matr_b1c35,676.0,846.4834631063314,-170.48346310633144
luh_to_matr,luh,matr,stacking,1011,matr_b1c36,670.0,839.0996433721458,-169.0996433721458
luh_to_matr,luh,matr,stacking,1011,matr_b1c37,622.0,839.1182718613584,-217.11827186135838
luh_to_matr,luh,matr,stacking,1011,matr_b1c38,592.0,865.9045782646959,-273.90457826469594
luh_to_matr,luh,matr,stacking,1011,matr_b1c39,592.0,874.9515601979956,-282.9515601979956
luh_to_matr,luh,matr,stacking,1011,matr_b1c4,1618.0,821.8508522481986,796.1491477518014
luh_to_matr,luh,matr,stacking,1011,matr_b1c40,919.0,897.4634660362735,21.53653396372647
luh_to_matr,luh,matr,stacking,1011,matr_b1c41,1005.0,903.3415196340793,101.6584803659207
luh_to_matr,luh,matr,stacking,1011,matr_b1c42,661.0,886.1913449142523,-225.19134491425234
luh_to_matr,luh,matr,stacking,1011,matr_b1c43,626.0,891.9931768742515,-265.9931768742515
luh_to_matr,luh,matr,stacking,1011,matr_b1c44,575.0,820.0815015353434,-245.08150153534336
luh_to_matr,luh,matr,stacking,1011,matr_b1c45,563.0,883.8972975276135,-320.89729752761355
luh_to_matr,luh,matr,stacking,1011,matr_b1c5,909.0,828.5531068386439,80.44689316135612
luh_to_matr,luh,matr,stacking,1011,matr_b1c6,613.0,821.5876196362873,-208.5876196362873
luh_to_matr,luh,matr,stacking,1011,matr_b1c7,818.0,838.8002012338602,-20.800201233860207
luh_to_matr,luh,matr,stacking,1011,matr_b1c9,1012.0,862.1686094901403,149.83139050985972
luh_to_matr,luh,matr,stacking,1011,matr_b2c0,278.0,596.4367621456402,-318.43676214564016
luh_to_matr,luh,matr,stacking,1011,matr_b2c1,133.0,224.21698895882005,-91.21698895882005
luh_to_matr,luh,matr,stacking,1011,matr_b2c10,251.0,900.0197376587969,-649.0197376587969
luh_to_matr,luh,matr,stacking,1011,matr_b2c11,250.0,901.7075945655582,-651.7075945655582
luh_to_matr,luh,matr,stacking,1011,matr_b2c12,435.0,755.0087090338517,-320.0087090338517
luh_to_matr,luh,matr,stacking,1011,matr_b2c13,454.0,842.927678778988,-388.927678778988
luh_to_matr,luh,matr,stacking,1011,matr_b2c14,466.0,839.7586455223731,-373.75864552237306
luh_to_matr,luh,matr,stacking,1011,matr_b2c17,476.0,847.5451232510659,-371.5451232510659
luh_to_matr,luh,matr,stacking,1011,matr_b2c18,468.0,775.5413067653407,-307.54130676534066
luh_to_matr,luh,matr,stacking,1011,matr_b2c19,455.0,804.5078949366311,-349.50789493663115
luh_to_matr,luh,matr,stacking,1011,matr_b2c2,422.0,836.0413785607473,-414.04137856074726
luh_to_matr,luh,matr,stacking,1011,matr_b2c20,475.0,851.3725874756537,-376.37258747565375
luh_to_matr,luh,matr,stacking,1011,matr_b2c21,468.0,807.9894167214486,-339.9894167214486
luh_to_matr,luh,matr,stacking,1011,matr_b2c22,490.0,893.5407961864298,-403.5407961864298
luh_to_matr,luh,matr,stacking,1011,matr_b2c23,502.0,798.4892133675528,-296.4892133675528
luh_to_matr,luh,matr,stacking,1011,matr_b2c24,478.0,860.7119183539846,-382.71191835398463
luh_to_matr,luh,matr,stacking,1011,matr_b2c25,446.0,880.3408549742346,-434.3408549742346
luh_to_matr,luh,matr,stacking,1011,matr_b2c26,450.0,872.6604306897123,-422.66043068971226
luh_to_matr,luh,matr,stacking,1011,matr_b2c27,453.0,835.3194817131379,-382.31948171313786
luh_to_matr,luh,matr,stacking,1011,matr_b2c28,491.0,829.8201075789369,-338.8201075789369
luh_to_matr,luh,matr,stacking,1011,matr_b2c29,481.0,857.6428515452393,-376.6428515452393
luh_to_matr,luh,matr,stacking,1011,matr_b2c3,314.0,712.6603736597289,-398.66037365972886
luh_to_matr,luh,matr,stacking,1011,matr_b2c30,466.0,829.6561153140295,-363.65611531402953
luh_to_matr,luh,matr,stacking,1011,matr_b2c31,474.0,823.9695341516596,-349.96953415165956
luh_to_matr,luh,matr,stacking,1011,matr_b2c32,500.0,816.7495108468953,-316.7495108468953
luh_to_matr,luh,matr,stacking,1011,matr_b2c33,499.0,833.2766749566056,-334.2766749566056
luh_to_matr,luh,matr,stacking,1011,matr_b2c34,483.0,835.2437354873476,-352.24373548734764
luh_to_matr,luh,matr,stacking,1011,matr_b2c35,449.0,837.1633883140166,-388.16338831401663
luh_to_matr,luh,matr,stacking,1011,matr_b2c36,513.0,838.017207483903,-325.017207483903
luh_to_matr,luh,matr,stacking,1011,matr_b2c37,461.0,893.7491727641004,-432.7491727641004
luh_to_matr,luh,matr,stacking,1011,matr_b2c38,451.0,839.3907279638564,-388.3907279638564
luh_to_matr,luh,matr,stacking,1011,matr_b2c39,442.0,844.4398431113331,-402.43984311133306
luh_to_matr,luh,matr,stacking,1011,matr_b2c4,247.0,821.4870203014592,-574.4870203014592
luh_to_matr,luh,matr,stacking,1011,matr_b2c40,476.0,824.9973220298883,-348.9973220298883
luh_to_matr,luh,matr,stacking,1011,matr_b2c41,416.0,845.2417162012651,-429.24171620126515
luh_to_matr,luh,matr,stacking,1011,matr_b2c42,444.0,857.543717241674,-413.543717241674
luh_to_matr,luh,matr,stacking,1011,matr_b2c43,443.0,846.0921588511508,-403.09215885115077
luh_to_matr,luh,matr,stacking,1011,matr_b2c44,442.0,851.7763639364806,-409.7763639364806
luh_to_matr,luh,matr,stacking,1011,matr_b2c45,470.0,872.2021998475682,-402.2021998475682
luh_to_matr,luh,matr,stacking,1011,matr_b2c46,417.0,862.2120792966888,-445.2120792966888
luh_to_matr,luh,matr,stacking,1011,matr_b2c47,705.0,843.8176201924302,-138.81762019243024
luh_to_matr,luh,matr,stacking,1011,matr_b2c5,464.0,909.0055999918987,-445.00559999189875
luh_to_matr,luh,matr,stacking,1011,matr_b2c6,475.0,810.1487217618657,-335.14872176186566
luh_to_matr,luh,matr,stacking,1011,matr_b3c0,985.0,882.3027654241282,102.69723457587179
luh_to_matr,luh,matr,stacking,1011,matr_b3c1,1033.0,863.0745233241088,169.92547667589122
luh_to_matr,luh,matr,stacking,1011,matr_b3c10,1046.0,846.2887060905316,199.7112939094684
luh_to_matr,luh,matr,stacking,1011,matr_b3c11,792.0,898.6727884703664,-106.67278847036641
luh_to_matr,luh,matr,stacking,1011,matr_b3c12,903.0,882.6541395570189,20.34586044298112
luh_to_matr,luh,matr,stacking,1011,matr_b3c13,794.0,851.2749439977744,-57.27494399777436
luh_to_matr,luh,matr,stacking,1011,matr_b3c14,834.0,848.7067688269885,-14.706768826988537
luh_to_matr,luh,matr,stacking,1011,matr_b3c15,850.0,845.4191755903183,4.580824409681668
luh_to_matr,luh,matr,stacking,1011,matr_b3c16,1589.0,841.4079602791396,747.5920397208604
luh_to_matr,luh,matr,stacking,1011,matr_b3c17,1269.0,797.150654943391,471.84934505660897
luh_to_matr,luh,matr,stacking,1011,matr_b3c18,1100.0,795.3917664239406,304.60823357605943
luh_to_matr,luh,matr,stacking,1011,matr_b3c19,1105.0,849.8194786068593,255.18052139314068
luh_to_matr,luh,matr,stacking,1011,matr_b3c2,1224.0,847.9432444641753,376.05675553582466
luh_to_matr,luh,matr,stacking,1011,matr_b3c20,793.0,862.1604407345833,-69.16044073458329
luh_to_matr,luh,matr,stacking,1011,matr_b3c21,745.0,807.8214832177767,-62.821483217776745
luh_to_matr,luh,matr,stacking,1011,matr_b3c22,991.0,865.43188813249,125.56811186750997
luh_to_matr,luh,matr,stacking,1011,matr_b3c24,817.0,850.0214994846509,-33.02149948465092
luh_to_matr,luh,matr,stacking,1011,matr_b3c25,970.0,839.427440326707,130.57255967329297
luh_to_matr,luh,matr,stacking,1011,matr_b3c26,989.0,852.9334781372106,136.0665218627894
luh_to_matr,luh,matr,stacking,1011,matr_b3c27,828.0,881.9479812560847,-53.947981256084745
luh_to_matr,luh,matr,stacking,1011,matr_b3c28,524.0,835.1295743778593,-311.1295743778593
luh_to_matr,luh,matr,stacking,1011,matr_b3c29,833.0,880.5996408991454,-47.599640899145356
luh_to_matr,luh,matr,stacking,1011,matr_b3c3,1084.0,885.7412942057593,198.25870579424065
luh_to_matr,luh,matr,stacking,1011,matr_b3c30,913.0,879.5891216245348,33.410878375465245
luh_to_matr,luh,matr,stacking,1011,matr_b3c31,713.0,847.574932728972,-134.57493272897204
luh_to_matr,luh,matr,stacking,1011,matr_b3c33,1257.0,871.515691082767,385.48430891723297
luh_to_matr,luh,matr,stacking,1011,matr_b3c34,1125.0,849.4727161927742,275.5272838072258
luh_to_matr,luh,matr,stacking,1011,matr_b3c35,1056.0,861.3344779043059,194.6655220956941
luh_to_matr,luh,matr,stacking,1011,matr_b3c36,910.0,840.4982494735079,69.50175052649206
luh_to_matr,luh,matr,stacking,1011,matr_b3c37,1376.0,829.3465494448811,546.6534505551189
luh_to_matr,luh,matr,stacking,1011,matr_b3c38,1873.0,868.6755674806444,1004.3244325193556
luh_to_matr,luh,matr,stacking,1011,matr_b3c39,1146.0,838.3254380773857,307.6745619226143
luh_to_matr,luh,matr,stacking,1011,matr_b3c4,1006.0,892.0389904486269,113.96100955137308
luh_to_matr,luh,matr,stacking,1011,matr_b3c40,779.0,884.4086817631863,-105.40868176318634
luh_to_matr,luh,matr,stacking,1011,matr_b3c41,773.0,874.1028282439853,-101.1028282439853
luh_to_matr,luh,matr,stacking,1011,matr_b3c42,1587.0,901.5763706936151,685.4236293063849
luh_to_matr,luh,matr,stacking,1011,matr_b3c43,1018.0,863.7937720614646,154.20622793853545
luh_to_matr,luh,matr,stacking,1011,matr_b3c44,921.0,852.1806045021675,68.81939549783249
luh_to_matr,luh,matr,stacking,1011,matr_b3c45,1735.0,824.3948408602243,910.6051591397757
luh_to_matr,luh,matr,stacking,1011,matr_b3c5,815.0,895.3663344988786,-80.36633449887859
luh_to_matr,luh,matr,stacking,1011,matr_b3c6,630.0,846.5208954770114,-216.52089547701144
luh_to_matr,luh,matr,stacking,1011,matr_b3c7,1774.0,829.714142881201,944.285857118799
luh_to_matr,luh,matr,stacking,1011,matr_b3c8,810.0,871.2770334208573,-61.277033420857265
luh_to_matr,luh,matr,stacking,1011,matr_b3c9,1010.0,861.9996897407802,148.00031025921976
luh_to_hust,luh,hust,random_forest,42,hust_1-1,1198.0,1341.0778289096763,-143.07782890967633
luh_to_hust,luh,hust,random_forest,42,hust_1-2,1966.0,1364.768103407435,601.2318965925649
luh_to_hust,luh,hust,random_forest,42,hust_1-3,1513.0,1311.0978788475545,201.9021211524455
luh_to_hust,luh,hust,random_forest,42,hust_1-4,1213.0,1317.2920686329594,-104.2920686329594
luh_to_hust,luh,hust,random_forest,42,hust_1-5,1538.0,1292.188607137222,245.8113928627779
luh_to_hust,luh,hust,random_forest,42,hust_1-6,829.0,1345.384388416386,-516.384388416386
luh_to_hust,luh,hust,random_forest,42,hust_1-7,1321.0,1366.3394710521516,-45.339471052151566
luh_to_hust,luh,hust,random_forest,42,hust_1-8,1733.0,1343.9503337707563,389.0496662292437
luh_to_hust,luh,hust,random_forest,42,hust_10-1,1378.0,1341.0584407494619,36.94155925053815
luh_to_hust,luh,hust,random_forest,42,hust_10-2,1375.0,1281.4117169179292,93.5882830820708
luh_to_hust,luh,hust,random_forest,42,hust_10-3,1477.0,1363.6122198357484,113.38778016425158
luh_to_hust,luh,hust,random_forest,42,hust_10-4,1489.0,1304.9286612111948,184.07133878880518
luh_to_hust,luh,hust,random_forest,42,hust_10-5,1657.0,1311.8384847185675,345.16151528143246
luh_to_hust,luh,hust,random_forest,42,hust_10-6,1659.0,1362.7254329948819,296.2745670051181
luh_to_hust,luh,hust,random_forest,42,hust_10-7,1435.0,1301.5498249035174,133.45017509648255
luh_to_hust,luh,hust,random_forest,42,hust_10-8,1093.0,1315.503384843278,-222.5033848432779
luh_to_hust,luh,hust,random_forest,42,hust_2-2,2021.0,1322.4962308736974,698.5037691263026
luh_to_hust,luh,hust,random_forest,42,hust_2-3,1413.0,1313.6180008471335,99.38199915286646
luh_to_hust,luh,hust,random_forest,42,hust_2-4,1165.0,1363.823014323083,-198.82301432308304
luh_to_hust,luh,hust,random_forest,42,hust_2-5,1092.0,1311.4723377532523,-219.4723377532523
luh_to_hust,luh,hust,random_forest,42,hust_2-6,1297.0,1317.6598403956425,-20.659840395642505
luh_to_hust,luh,hust,random_forest,42,hust_2-7,1789.0,1317.6585760518358,471.3414239481642
luh_to_hust,luh,hust,random_forest,42,hust_2-8,1192.0,1331.4291457188435,-139.42914571884353
luh_to_hust,luh,hust,random_forest,42,hust_3-1,1571.0,1304.966204992985,266.033795007015
luh_to_hust,luh,hust,random_forest,42,hust_3-2,1773.0,1281.3789651535626,491.6210348464374
luh_to_hust,luh,hust,random_forest,42,hust_3-3,1360.0,1281.3789651535626,78.6210348464374
luh_to_hust,luh,hust,random_forest,42,hust_3-4,1396.0,1351.3604898768688,44.63951012313123
luh_to_hust,luh,hust,random_forest,42,hust_3-5,1879.0,1332.894133245609,546.105866754391
luh_to_hust,luh,hust,random_forest,42,hust_3-6,1979.0,1302.1992263901273,676.8007736098727
luh_to_hust,luh,hust,random_forest,42,hust_3-7,1870.0,1359.8265835333636,510.17341646663635
luh_to_hust,luh,hust,random_forest,42,hust_3-8,1856.0,1275.8721053489624,580.1278946510376
luh_to_hust,luh,hust,random_forest,42,hust_4-1,1762.0,1354.6147921834472,407.3852078165528
luh_to_hust,luh,hust,random_forest,42,hust_4-2,1453.0,1305.4327609878933,147.5672390121067
luh_to_hust,luh,hust,random_forest,42,hust_4-3,931.0,1332.2907585690912,-401.29075856909117
luh_to_hust,luh,hust,random_forest,42,hust_4-4,1204.0,1359.0913978428725,-155.09139784287254
luh_to_hust,luh,hust,random_forest,42,hust_4-5,1220.0,1366.358726329835,-146.358726329835
luh_to_hust,luh,hust,random_forest,42,hust_4-6,1089.0,1335.4576261511083,-246.45762615110834
luh_to_hust,luh,hust,random_forest,42,hust_4-7,1579.0,1345.17802908476,233.82197091523994
luh_to_hust,luh,hust,random_forest,42,hust_4-8,1389.0,1317.6935194911962,71.30648050880382
luh_to_hust,luh,hust,random_forest,42,hust_5-1,1832.0,1363.78420867768,468.21579132232
luh_to_hust,luh,hust,random_forest,42,hust_5-2,1574.0,1317.6598403956425,256.3401596043575
luh_to_hust,luh,hust,random_forest,42,hust_5-3,2024.0,1347.9735290547485,676.0264709452515
luh_to_hust,luh,hust,random_forest,42,hust_5-4,1520.0,1366.8038504579301,153.19614954206986
luh_to_hust,luh,hust,random_forest,42,hust_5-5,1242.0,1305.083705657565,-63.083705657564906
luh_to_hust,luh,hust,random_forest,42,hust_5-6,1807.0,1375.1345541684627,431.8654458315373
luh_to_hust,luh,hust,random_forest,42,hust_5-7,1171.0,1365.3842729478324,-194.38427294783241
luh_to_hust,luh,hust,random_forest,42,hust_6-1,1255.0,1320.9683004893068,-65.96830048930678
luh_to_hust,luh,hust,random_forest,42,hust_6-2,1496.0,1313.612485758464,182.3875142415361
luh_to_hust,luh,hust,random_forest,42,hust_6-3,1437.0,1301.5498249035174,135.45017509648255
luh_to_hust,luh,hust,random_forest,42,hust_6-4,1332.0,1377.4559275653955,-45.45592756539554
luh_to_hust,luh,hust,random_forest,42,hust_6-5,1686.0,1338.979919782824,347.020080217176
luh_to_hust,luh,hust,random_forest,42,hust_6-6,1924.0,1309.4902549140156,614.5097450859844
luh_to_hust,luh,hust,random_forest,42,hust_6-8,1700.0,1337.0630273378538,362.9369726621462
luh_to_hust,luh,hust,random_forest,42,hust_7-1,1308.0,1360.2102126914451,-52.21021269144512
luh_to_hust,luh,hust,random_forest,42,hust_7-2,1637.0,1263.5960383140387,373.40396168596135
luh_to_hust,luh,hust,random_forest,42,hust_7-3,1063.0,1297.2016907078366,-234.20169070783663
luh_to_hust,luh,hust,random_forest,42,hust_7-4,1148.0,1318.505239892483,-170.5052398924829
luh_to_hust,luh,hust,random_forest,42,hust_7-5,1528.0,1281.0213197383864,246.9786802616136
luh_to_hust,luh,hust,random_forest,42,hust_7-6,1162.0,1309.4882161901107,-147.48821619011073
luh_to_hust,luh,hust,random_forest,42,hust_7-7,1367.0,1349.0100274529511,17.989972547048865
luh_to_hust,luh,hust,random_forest,42,hust_7-8,1566.0,1311.4723377532523,254.5276622467477
luh_to_hust,luh,hust,random_forest,42,hust_8-1,1062.0,1314.9602063679276,-252.96020636792764
luh_to_hust,luh,hust,random_forest,42,hust_8-2,1564.0,1311.7850712788288,252.2149287211712
luh_to_hust,luh,hust,random_forest,42,hust_8-3,1844.0,1308.9826800572182,535.0173199427818
luh_to_hust,luh,hust,random_forest,42,hust_8-4,1517.0,1362.9414380528137,154.05856194718626
luh_to_hust,luh,hust,random_forest,42,hust_8-5,1089.0,1321.383709756713,-232.38370975671296
luh_to_hust,luh,hust,random_forest,42,hust_8-6,1746.0,1370.3038643385419,375.69613566145813
luh_to_hust,luh,hust,random_forest,42,hust_8-7,1593.0,1365.8635858828898,227.13641411711023
luh_to_hust,luh,hust,random_forest,42,hust_8-8,1351.0,1311.4723377532523,39.527662246747695
luh_to_hust,luh,hust,random_forest,42,hust_9-1,1647.0,1280.7646837390782,366.23531626092176
luh_to_hust,luh,hust,random_forest,42,hust_9-2,1679.0,1281.4087621293193,397.59123787068074
luh_to_hust,luh,hust,random_forest,42,hust_9-3,1526.0,1281.0213197383864,244.9786802616136
luh_to_hust,luh,hust,random_forest,42,hust_9-4,1589.0,1275.8721053489624,313.12789465103765
luh_to_hust,luh,hust,random_forest,42,hust_9-5,1719.0,1279.7767194472985,439.22328055270145
luh_to_hust,luh,hust,random_forest,42,hust_9-6,1381.0,1281.4117169179292,99.5882830820708
luh_to_hust,luh,hust,random_forest,42,hust_9-7,1617.0,1275.8721053489624,341.12789465103765
luh_to_hust,luh,hust,random_forest,42,hust_9-8,1839.0,1317.6598403956425,521.3401596043575
luh_to_hust,luh,hust,random_forest,123,hust_1-1,1198.0,1284.4308223596993,-86.43082235969928
luh_to_hust,luh,hust,random_forest,123,hust_1-2,1966.0,1335.5852272722004,630.4147727277996
luh_to_hust,luh,hust,random_forest,123,hust_1-3,1513.0,1259.6345317783394,253.36546822166065
luh_to_hust,luh,hust,random_forest,123,hust_1-4,1213.0,1285.4878944054165,-72.48789440541645
luh_to_hust,luh,hust,random_forest,123,hust_1-5,1538.0,1231.2627273014134,306.7372726985866
luh_to_hust,luh,hust,random_forest,123,hust_1-6,829.0,1298.7113860538493,-469.7113860538493
luh_to_hust,luh,hust,random_forest,123,hust_1-7,1321.0,1299.1532995238674,21.846700476132582
luh_to_hust,luh,hust,random_forest,123,hust_1-8,1733.0,1250.9288754069155,482.0711245930845
luh_to_hust,luh,hust,random_forest,123,hust_10-1,1378.0,1267.9832695445446,110.01673045545544
luh_to_hust,luh,hust,random_forest,123,hust_10-2,1375.0,1295.292178362096,79.70782163790409
luh_to_hust,luh,hust,random_forest,123,hust_10-3,1477.0,1314.6761920226563,162.32380797734368
luh_to_hust,luh,hust,random_forest,123,hust_10-4,1489.0,1307.5990594327568,181.4009405672432
luh_to_hust,luh,hust,random_forest,123,hust_10-5,1657.0,1284.9414267976765,372.0585732023235
luh_to_hust,luh,hust,random_forest,123,hust_10-6,1659.0,1305.1895036275953,353.8104963724047
luh_to_hust,luh,hust,random_forest,123,hust_10-7,1435.0,1274.3632477680248,160.63675223197515
luh_to_hust,luh,hust,random_forest,123,hust_10-8,1093.0,1181.83885027387,-88.8388502738701
luh_to_hust,luh,hust,random_forest,123,hust_2-2,2021.0,1217.778539396816,803.2214606031839
luh_to_hust,luh,hust,random_forest,123,hust_2-3,1413.0,1280.2860890928898,132.71391090711018
luh_to_hust,luh,hust,random_forest,123,hust_2-4,1165.0,1339.181619190794,-174.18161919079398
luh_to_hust,luh,hust,random_forest,123,hust_2-5,1092.0,1284.8562323329515,-192.85623233295155
luh_to_hust,luh,hust,random_forest,123,hust_2-6,1297.0,1286.199731895125,10.800268104874931
luh_to_hust,luh,hust,random_forest,123,hust_2-7,1789.0,1285.5402726270454,503.4597273729546
luh_to_hust,luh,hust,random_forest,123,hust_2-8,1192.0,1319.0135330408932,-127.01353304089321
luh_to_hust,luh,hust,random_forest,123,hust_3-1,1571.0,1307.689079715027,263.310920284973
luh_to_hust,luh,hust,random_forest,123,hust_3-2,1773.0,1293.527272790613,479.4727272093869
luh_to_hust,luh,hust,random_forest,123,hust_3-3,1360.0,1292.8113799289542,67.18862007104576
luh_to_hust,luh,hust,random_forest,123,hust_3-4,1396.0,1281.478269507129,114.52173049287103
luh_to_hust,luh,hust,random_forest,123,hust_3-5,1879.0,1301.0013216086709,577.9986783913291
luh_to_hust,luh,hust,random_forest,123,hust_3-6,1979.0,1256.3783807272823,722.6216192727177
luh_to_hust,luh,hust,random_forest,123,hust_3-7,1870.0,1299.972253439818,570.0277465601821
luh_to_hust,luh,hust,random_forest,123,hust_3-8,1856.0,1265.5412496213696,590.4587503786304
luh_to_hust,luh,hust,random_forest,123,hust_4-1,1762.0,1325.0900724608446,436.90992753915543
luh_to_hust,luh,hust,random_forest,123,hust_4-2,1453.0,1310.1159054294303,142.8840945705697
luh_to_hust,luh,hust,random_forest,123,hust_4-3,931.0,1294.5673772590255,-363.56737725902553
luh_to_hust,luh,hust,random_forest,123,hust_4-4,1204.0,1309.4293385626331,-105.42933856263312
luh_to_hust,luh,hust,random_forest,123,hust_4-5,1220.0,1341.6692915716276,-121.66929157162758
luh_to_hust,luh,hust,random_forest,123,hust_4-6,1089.0,1237.6879228802702,-148.6879228802702
luh_to_hust,luh,hust,random_forest,123,hust_4-7,1579.0,1359.970913512789,219.0290864872111
luh_to_hust,luh,hust,random_forest,123,hust_4-8,1389.0,1287.605824714569,101.39417528543095
luh_to_hust,luh,hust,random_forest,123,hust_5-1,1832.0,1298.104484143918,533.895515856082
luh_to_hust,luh,hust,random_forest,123,hust_5-2,1574.0,1286.1680918795753,287.8319081204247
luh_to_hust,luh,hust,random_forest,123,hust_5-3,2024.0,1270.9270983691936,753.0729016308064
luh_to_hust,luh,hust,random_forest,123,hust_5-4,1520.0,1285.1374706215136,234.86252937848644
luh_to_hust,luh,hust,random_forest,123,hust_5-5,1242.0,1276.8344135296759,-34.834413529675885
luh_to_hust,luh,hust,random_forest,123,hust_5-6,1807.0,1333.2916898190774,473.7083101809226
luh_to_hust,luh,hust,random_forest,123,hust_5-7,1171.0,1299.945324785379,-128.94532478537894
luh_to_hust,luh,hust,random_forest,123,hust_6-1,1255.0,1167.456011950382,87.54398804961806
luh_to_hust,luh,hust,random_forest,123,hust_6-2,1496.0,1280.5823570567268,215.41764294327322
luh_to_hust,luh,hust,random_forest,123,hust_6-3,1437.0,1305.7809197707104,131.2190802292896
luh_to_hust,luh,hust,random_forest,123,hust_6-4,1332.0,1292.434815478773,39.56518452122691
luh_to_hust,luh,hust,random_forest,123,hust_6-5,1686.0,1230.4305282481016,455.5694717518984
luh_to_hust,luh,hust,random_forest,123,hust_6-6,1924.0,1311.1890401747428,612.8109598252572
luh_to_hust,luh,hust,random_forest,123,hust_6-8,1700.0,1309.8542574082744,390.1457425917256
luh_to_hust,luh,hust,random_forest,123,hust_7-1,1308.0,1315.0491425899263,-7.049142589926305
luh_to_hust,luh,hust,random_forest,123,hust_7-2,1637.0,1270.4416681616847,366.5583318383153
luh_to_hust,luh,hust,random_forest,123,hust_7-3,1063.0,1256.3667229576758,-193.36672295767585
luh_to_hust,luh,hust,random_forest,123,hust_7-4,1148.0,1239.129755861705,-91.12975586170501
luh_to_hust,luh,hust,random_forest,123,hust_7-5,1528.0,1292.8113799289542,235.18862007104576
luh_to_hust,luh,hust,random_forest,123,hust_7-6,1162.0,1232.5231755347208,-70.52317553472085
luh_to_hust,luh,hust,random_forest,123,hust_7-7,1367.0,1363.2364790149677,3.763520985032301
luh_to_hust,luh,hust,random_forest,123,hust_7-8,1566.0,1284.8562323329515,281.14376766704845
luh_to_hust,luh,hust,random_forest,123,hust_8-1,1062.0,1235.0882654367504,-173.08826543675036
luh_to_hust,luh,hust,random_forest,123,hust_8-2,1564.0,1216.88910395246,347.1108960475401
luh_to_hust,luh,hust,random_forest,123,hust_8-3,1844.0,1283.216164831167,560.7838351688331
luh_to_hust,luh,hust,random_forest,123,hust_8-4,1517.0,1322.423647621176,194.5763523788239
luh_to_hust,luh,hust,random_forest,123,hust_8-5,1089.0,1305.8509515827495,-216.85095158274953
luh_to_hust,luh,hust,random_forest,123,hust_8-6,1746.0,1330.470348238242,415.52965176175803
luh_to_hust,luh,hust,random_forest,123,hust_8-7,1593.0,1286.330362307335,306.669637692665
luh_to_hust,luh,hust,random_forest,123,hust_8-8,1351.0,1284.8562323329515,66.14376766704845
luh_to_hust,luh,hust,random_forest,123,hust_9-1,1647.0,1293.8319041473433,353.16809585265673
luh_to_hust,luh,hust,random_forest,123,hust_9-2,1679.0,1300.6599284525544,378.34007154744563
luh_to_hust,luh,hust,random_forest,123,hust_9-3,1526.0,1292.8113799289542,233.18862007104576
luh_to_hust,luh,hust,random_forest,123,hust_9-4,1589.0,1265.6544849249665,323.3455150750335
luh_to_hust,luh,hust,random_forest,123,hust_9-5,1719.0,1289.4191238137955,429.5808761862045
luh_to_hust,luh,hust,random_forest,123,hust_9-6,1381.0,1295.292178362096,85.70782163790409
luh_to_hust,luh,hust,random_forest,123,hust_9-7,1617.0,1273.0535071302515,343.94649286974845
luh_to_hust,luh,hust,random_forest,123,hust_9-8,1839.0,1285.5731307535152,553.4268692464848
luh_to_hust,luh,hust,random_forest,456,hust_1-1,1198.0,1272.1549639279492,-74.15496392794921
luh_to_hust,luh,hust,random_forest,456,hust_1-2,1966.0,1303.223415157686,662.7765848423139
luh_to_hust,luh,hust,random_forest,456,hust_1-3,1513.0,1202.1752235498377,310.8247764501623
luh_to_hust,luh,hust,random_forest,456,hust_1-4,1213.0,1235.7997297834056,-22.79972978340561
luh_to_hust,luh,hust,random_forest,456,hust_1-5,1538.0,1174.2198055351832,363.78019446481676
luh_to_hust,luh,hust,random_forest,456,hust_1-6,829.0,1261.2810507151453,-432.2810507151453
luh_to_hust,luh,hust,random_forest,456,hust_1-7,1321.0,1272.4868595265407,48.513140473459316
luh_to_hust,luh,hust,random_forest,456,hust_1-8,1733.0,1260.9865699753886,472.01343002461135
luh_to_hust,luh,hust,random_forest,456,hust_10-1,1378.0,1248.4211647356092,129.57883526439082
luh_to_hust,luh,hust,random_forest,456,hust_10-2,1375.0,1218.7429921616508,156.25700783834918
luh_to_hust,luh,hust,random_forest,456,hust_10-3,1477.0,1304.6023057103569,172.39769428964314
luh_to_hust,luh,hust,random_forest,456,hust_10-4,1489.0,1233.7775494032526,255.22245059674742
luh_to_hust,luh,hust,random_forest,456,hust_10-5,1657.0,1238.0405104144202,418.95948958557983
luh_to_hust,luh,hust,random_forest,456,hust_10-6,1659.0,1292.4945793027398,366.5054206972602
luh_to_hust,luh,hust,random_forest,456,hust_10-7,1435.0,1231.2011458128,203.79885418720005
luh_to_hust,luh,hust,random_forest,456,hust_10-8,1093.0,1169.015273503547,-76.01527350354695
luh_to_hust,luh,hust,random_forest,456,hust_2-2,2021.0,1224.705804580651,796.2941954193491
luh_to_hust,luh,hust,random_forest,456,hust_2-3,1413.0,1233.7252604319926,179.27473956800736
luh_to_hust,luh,hust,random_forest,456,hust_2-4,1165.0,1297.7048125710446,-132.7048125710446
luh_to_hust,luh,hust,random_forest,456,hust_2-5,1092.0,1237.1682005909352,-145.16820059093516
luh_to_hust,luh,hust,random_forest,456,hust_2-6,1297.0,1236.6710747174548,60.32892528254524
luh_to_hust,luh,hust,random_forest,456,hust_2-7,1789.0,1239.7777331579973,549.2222668420027
luh_to_hust,luh,hust,random_forest,456,hust_2-8,1192.0,1271.9194513031323,-79.91945130313229
luh_to_hust,luh,hust,random_forest,456,hust_3-1,1571.0,1233.1083806541876,337.8916193458124
luh_to_hust,luh,hust,random_forest,456,hust_3-2,1773.0,1218.7429921616508,554.2570078383492
luh_to_hust,luh,hust,random_forest,456,hust_3-3,1360.0,1217.884279158786,142.11572084121394
luh_to_hust,luh,hust,random_forest,456,hust_3-4,1396.0,1259.9626017518901,136.03739824810987
luh_to_hust,luh,hust,random_forest,456,hust_3-5,1879.0,1248.686231061896,630.313768938104
luh_to_hust,luh,hust,random_forest,456,hust_3-6,1979.0,1203.3937910834602,775.6062089165398
luh_to_hust,luh,hust,random_forest,456,hust_3-7,1870.0,1267.9457355281006,602.0542644718994
luh_to_hust,luh,hust,random_forest,456,hust_3-8,1856.0,1183.5029442629998,672.4970557370002
luh_to_hust,luh,hust,random_forest,456,hust_4-1,1762.0,1293.4619803892663,468.5380196107337
luh_to_hust,luh,hust,random_forest,456,hust_4-2,1453.0,1233.320771904132,219.67922809586798
luh_to_hust,luh,hust,random_forest,456,hust_4-3,931.0,1257.970784447542,-326.970784447542
luh_to_hust,luh,hust,random_forest,456,hust_4-4,1204.0,1315.0057390181723,-111.00573901817233
luh_to_hust,luh,hust,random_forest,456,hust_4-5,1220.0,1315.1168350832593,-95.11683508325928
luh_to_hust,luh,hust,random_forest,456,hust_4-6,1089.0,1245.4178196631426,-156.4178196631426
luh_to_hust,luh,hust,random_forest,456,hust_4-7,1579.0,1292.086873954178,286.9131260458221
luh_to_hust,luh,hust,random_forest,456,hust_4-8,1389.0,1236.6710747174548,152.32892528254524
luh_to_hust,luh,hust,random_forest,456,hust_5-1,1832.0,1316.802085610177,515.1979143898229
luh_to_hust,luh,hust,random_forest,456,hust_5-2,1574.0,1236.6710747174548,337.32892528254524
luh_to_hust,luh,hust,random_forest,456,hust_5-3,2024.0,1257.8486402011977,766.1513597988023
luh_to_hust,luh,hust,random_forest,456,hust_5-4,1520.0,1322.431728481082,197.56827151891798
luh_to_hust,luh,hust,random_forest,456,hust_5-5,1242.0,1231.4330518907193,10.566948109280702
luh_to_hust,luh,hust,random_forest,456,hust_5-6,1807.0,1317.7877093263617,489.21229067363834
luh_to_hust,luh,hust,random_forest,456,hust_5-7,1171.0,1320.1392511552938,-149.13925115529378
luh_to_hust,luh,hust,random_forest,456,hust_6-1,1255.0,1217.6306742326433,37.36932576735671
luh_to_hust,luh,hust,random_forest,456,hust_6-2,1496.0,1234.063898940636,261.9361010593641
luh_to_hust,luh,hust,random_forest,456,hust_6-3,1437.0,1236.3063380839412,200.69366191605877
luh_to_hust,luh,hust,random_forest,456,hust_6-4,1332.0,1324.2905936347167,7.709406365283257
luh_to_hust,luh,hust,random_forest,456,hust_6-5,1686.0,1244.6218861676791,441.3781138323209
luh_to_hust,luh,hust,random_forest,456,hust_6-6,1924.0,1235.183173669516,688.816826330484
luh_to_hust,luh,hust,random_forest,456,hust_6-8,1700.0,1262.72550807871,437.27449192129006
luh_to_hust,luh,hust,random_forest,456,hust_7-1,1308.0,1319.895177736564,-11.895177736563937
luh_to_hust,luh,hust,random_forest,456,hust_7-2,1637.0,1178.6666088294185,458.33339117058154
luh_to_hust,luh,hust,random_forest,456,hust_7-3,1063.0,1152.7512551754048,-89.75125517540482
luh_to_hust,luh,hust,random_forest,456,hust_7-4,1148.0,1192.228042018122,-44.228042018122096
luh_to_hust,luh,hust,random_forest,456,hust_7-5,1528.0,1221.6569011413137,306.3430988586863
luh_to_hust,luh,hust,random_forest,456,hust_7-6,1162.0,1185.4074019011932,-23.407401901193225
luh_to_hust,luh,hust,random_forest,456,hust_7-7,1367.0,1304.356327083167,62.64367291683311
luh_to_hust,luh,hust,random_forest,456,hust_7-8,1566.0,1237.1682005909352,328.83179940906484
luh_to_hust,luh,hust,random_forest,456,hust_8-1,1062.0,1187.8045709258377,-125.80457092583765
luh_to_hust,luh,hust,random_forest,456,hust_8-2,1564.0,1195.4501133458766,368.5498866541234
luh_to_hust,luh,hust,random_forest,456,hust_8-3,1844.0,1240.614893445335,603.3851065546651
luh_to_hust,luh,hust,random_forest,456,hust_8-4,1517.0,1295.0166535136625,221.9833464863375
luh_to_hust,luh,hust,random_forest,456,hust_8-5,1089.0,1236.2397875958,-147.23978759579995
luh_to_hust,luh,hust,random_forest,456,hust_8-6,1746.0,1322.9135098772545,423.08649012274554
luh_to_hust,luh,hust,random_forest,456,hust_8-7,1593.0,1306.4167438002942,286.58325619970583
luh_to_hust,luh,hust,random_forest,456,hust_8-8,1351.0,1242.298135335748,108.70186466425207
luh_to_hust,luh,hust,random_forest,456,hust_9-1,1647.0,1222.3194389135217,424.6805610864783
luh_to_hust,luh,hust,random_forest,456,hust_9-2,1679.0,1223.016766626053,455.9832333739471
luh_to_hust,luh,hust,random_forest,456,hust_9-3,1526.0,1221.6569011413137,304.3430988586863
luh_to_hust,luh,hust,random_forest,456,hust_9-4,1589.0,1183.5029442629998,405.4970557370002
luh_to_hust,luh,hust,random_forest,456,hust_9-5,1719.0,1221.191773806618,497.8082261933821
luh_to_hust,luh,hust,random_forest,456,hust_9-6,1381.0,1218.7429921616508,162.25700783834918
luh_to_hust,luh,hust,random_forest,456,hust_9-7,1617.0,1183.5029442629998,433.4970557370002
luh_to_hust,luh,hust,random_forest,456,hust_9-8,1839.0,1236.6710747174548,602.3289252825452
luh_to_hust,luh,hust,random_forest,789,hust_1-1,1198.0,1349.627339418002,-151.62733941800207
luh_to_hust,luh,hust,random_forest,789,hust_1-2,1966.0,1371.152000109709,594.847999890291
luh_to_hust,luh,hust,random_forest,789,hust_1-3,1513.0,1182.934629416787,330.06537058321305
luh_to_hust,luh,hust,random_forest,789,hust_1-4,1213.0,1223.7326834199368,-10.732683419936848
luh_to_hust,luh,hust,random_forest,789,hust_1-5,1538.0,1148.2068981927434,389.79310180725656
luh_to_hust,luh,hust,random_forest,789,hust_1-6,829.0,1309.4377279475266,-480.4377279475266
luh_to_hust,luh,hust,random_forest,789,hust_1-7,1321.0,1314.4276635712542,6.572336428745757
luh_to_hust,luh,hust,random_forest,789,hust_1-8,1733.0,1270.155639324753,462.8443606752469
luh_to_hust,luh,hust,random_forest,789,hust_10-1,1378.0,1263.9251227448074,114.07487725519263
luh_to_hust,luh,hust,random_forest,789,hust_10-2,1375.0,1219.611376543763,155.38862345623693
luh_to_hust,luh,hust,random_forest,789,hust_10-3,1477.0,1338.8530189083592,138.14698109164078
luh_to_hust,luh,hust,random_forest,789,hust_10-4,1489.0,1224.6223557519709,264.3776442480291
luh_to_hust,luh,hust,random_forest,789,hust_10-5,1657.0,1223.8519004191191,433.14809958088085
luh_to_hust,luh,hust,random_forest,789,hust_10-6,1659.0,1373.4890615024951,285.51093849750487
luh_to_hust,luh,hust,random_forest,789,hust_10-7,1435.0,1220.665341369641,214.33465863035894
luh_to_hust,luh,hust,random_forest,789,hust_10-8,1093.0,1269.962330887312,-176.96233088731196
luh_to_hust,luh,hust,random_forest,789,hust_2-2,2021.0,1246.7652891943399,774.2347108056601
luh_to_hust,luh,hust,random_forest,789,hust_2-3,1413.0,1221.6434086132847,191.3565913867153
luh_to_hust,luh,hust,random_forest,789,hust_2-4,1165.0,1366.5367115285487,-201.53671152854872
luh_to_hust,luh,hust,random_forest,789,hust_2-5,1092.0,1223.8519004191191,-131.85190041911915
luh_to_hust,luh,hust,random_forest,789,hust_2-6,1297.0,1223.7326834199368,73.26731658006315
luh_to_hust,luh,hust,random_forest,789,hust_2-7,1789.0,1223.726356067183,565.2736439328171
luh_to_hust,luh,hust,random_forest,789,hust_2-8,1192.0,1352.766371877453,-160.7663718774529
luh_to_hust,luh,hust,random_forest,789,hust_3-1,1571.0,1220.0698158010869,350.93018419891314
luh_to_hust,luh,hust,random_forest,789,hust_3-2,1773.0,1215.9893478647582,557.0106521352418
luh_to_hust,luh,hust,random_forest,789,hust_3-3,1360.0,1217.73008998775,142.26991001224997
luh_to_hust,luh,hust,random_forest,789,hust_3-4,1396.0,1307.824516618414,88.17548338158599
luh_to_hust,luh,hust,random_forest,789,hust_3-5,1879.0,1313.5048684670091,565.4951315329909
luh_to_hust,luh,hust,random_forest,789,hust_3-6,1979.0,1184.1228018673846,794.8771981326154
luh_to_hust,luh,hust,random_forest,789,hust_3-7,1870.0,1313.8241124602841,556.1758875397159
luh_to_hust,luh,hust,random_forest,789,hust_3-8,1856.0,1177.2893667503542,678.7106332496458
luh_to_hust,luh,hust,random_forest,789,hust_4-1,1762.0,1365.8783244434155,396.1216755565845
luh_to_hust,luh,hust,random_forest,789,hust_4-2,1453.0,1221.56410289009,231.43589710991
luh_to_hust,luh,hust,random_forest,789,hust_4-3,931.0,1347.037925766994,-416.037925766994
luh_to_hust,luh,hust,random_forest,789,hust_4-4,1204.0,1359.8627330405093,-155.86273304050928
luh_to_hust,luh,hust,random_forest,789,hust_4-5,1220.0,1372.8199353997738,-152.81993539977384
luh_to_hust,luh,hust,random_forest,789,hust_4-6,1089.0,1330.099156652369,-241.09915665236895
luh_to_hust,luh,hust,random_forest,789,hust_4-7,1579.0,1359.8087837616745,219.19121623832552
luh_to_hust,luh,hust,random_forest,789,hust_4-8,1389.0,1225.6253777627091,163.37462223729085
luh_to_hust,luh,hust,random_forest,789,hust_5-1,1832.0,1328.6073699205824,503.3926300794176
luh_to_hust,luh,hust,random_forest,789,hust_5-2,1574.0,1221.9833606046232,352.01663939537684
luh_to_hust,luh,hust,random_forest,789,hust_5-3,2024.0,1257.5238567581914,766.4761432418086
luh_to_hust,luh,hust,random_forest,789,hust_5-4,1520.0,1332.5014850067396,187.49851499326041
luh_to_hust,luh,hust,random_forest,789,hust_5-5,1242.0,1221.2572021226724,20.742797877327575
luh_to_hust,luh,hust,random_forest,789,hust_5-6,1807.0,1357.6322961450421,449.3677038549579
luh_to_hust,luh,hust,random_forest,789,hust_5-7,1171.0,1361.2669053310751,-190.26690533107512
luh_to_hust,luh,hust,random_forest,789,hust_6-1,1255.0,1251.1452145704943,3.8547854295056823
luh_to_hust,luh,hust,random_forest,789,hust_6-2,1496.0,1221.3582496324755,274.64175036752454
luh_to_hust,luh,hust,random_forest,789,hust_6-3,1437.0,1220.665341369641,216.33465863035894
luh_to_hust,luh,hust,random_forest,789,hust_6-4,1332.0,1344.305493389877,-12.305493389877029
luh_to_hust,luh,hust,random_forest,789,hust_6-5,1686.0,1237.9241001829448,448.0758998170552
luh_to_hust,luh,hust,random_forest,789,hust_6-6,1924.0,1217.651526281707,706.348473718293
luh_to_hust,luh,hust,random_forest,789,hust_6-8,1700.0,1298.4695796729773,401.53042032702274
luh_to_hust,luh,hust,random_forest,789,hust_7-1,1308.0,1329.7877338809187,-21.787733880918722
luh_to_hust,luh,hust,random_forest,789,hust_7-2,1637.0,1208.306919026787,428.693080973213
luh_to_hust,luh,hust,random_forest,789,hust_7-3,1063.0,1273.7209465990204,-210.7209465990204
luh_to_hust,luh,hust,random_forest,789,hust_7-4,1148.0,1307.71632934173,-159.71632934173
luh_to_hust,luh,hust,random_forest,789,hust_7-5,1528.0,1217.73008998775,310.26991001224997
luh_to_hust,luh,hust,random_forest,789,hust_7-6,1162.0,1279.604205346923,-117.60420534692298
luh_to_hust,luh,hust,random_forest,789,hust_7-7,1367.0,1364.6333610229658,2.3666389770341993
luh_to_hust,luh,hust,random_forest,789,hust_7-8,1566.0,1223.8519004191191,342.14809958088085
luh_to_hust,luh,hust,random_forest,789,hust_8-1,1062.0,1286.6379094996087,-224.63790949960867
luh_to_hust,luh,hust,random_forest,789,hust_8-2,1564.0,1289.2547714317848,274.7452285682152
luh_to_hust,luh,hust,random_forest,789,hust_8-3,1844.0,1224.8965445736228,619.1034554263772
luh_to_hust,luh,hust,random_forest,789,hust_8-4,1517.0,1354.6350214005722,162.3649785994278
luh_to_hust,luh,hust,random_forest,789,hust_8-5,1089.0,1307.3949592063125,-218.39495920631248
luh_to_hust,luh,hust,random_forest,789,hust_8-6,1746.0,1366.4347628153184,379.56523718468156
luh_to_hust,luh,hust,random_forest,789,hust_8-7,1593.0,1323.4159384707946,269.5840615292054
luh_to_hust,luh,hust,random_forest,789,hust_8-8,1351.0,1223.8519004191191,127.14809958088085
luh_to_hust,luh,hust,random_forest,789,hust_9-1,1647.0,1219.5918230542209,427.40817694577913
luh_to_hust,luh,hust,random_forest,789,hust_9-2,1679.0,1222.344723596403,456.6552764035971
luh_to_hust,luh,hust,random_forest,789,hust_9-3,1526.0,1217.73008998775,308.26991001224997
luh_to_hust,luh,hust,random_forest,789,hust_9-4,1589.0,1175.1424140633808,413.8575859366192
luh_to_hust,luh,hust,random_forest,789,hust_9-5,1719.0,1217.73008998775,501.26991001224997
luh_to_hust,luh,hust,random_forest,789,hust_9-6,1381.0,1219.611376543763,161.38862345623693
luh_to_hust,luh,hust,random_forest,789,hust_9-7,1617.0,1176.1157779936111,440.8842220063889
luh_to_hust,luh,hust,random_forest,789,hust_9-8,1839.0,1223.7326834199368,615.2673165800632
luh_to_hust,luh,hust,random_forest,1011,hust_1-1,1198.0,1183.2108858914319,14.789114108568128
luh_to_hust,luh,hust,random_forest,1011,hust_1-2,1966.0,1257.6713470500413,708.3286529499587
luh_to_hust,luh,hust,random_forest,1011,hust_1-3,1513.0,1123.12982242876,389.87017757124
luh_to_hust,luh,hust,random_forest,1011,hust_1-4,1213.0,1153.0364603777168,59.96353962228318
luh_to_hust,luh,hust,random_forest,1011,hust_1-5,1538.0,1114.4493252651362,423.55067473486383
luh_to_hust,luh,hust,random_forest,1011,hust_1-6,829.0,1199.3591171101011,-370.3591171101011
luh_to_hust,luh,hust,random_forest,1011,hust_1-7,1321.0,1222.0965533904719,98.90344660952815
luh_to_hust,luh,hust,random_forest,1011,hust_1-8,1733.0,1184.198558370319,548.801441629681
luh_to_hust,luh,hust,random_forest,1011,hust_10-1,1378.0,1212.0325174914053,165.96748250859468
luh_to_hust,luh,hust,random_forest,1011,hust_10-2,1375.0,1156.0502508910542,218.94974910894575
luh_to_hust,luh,hust,random_forest,1011,hust_10-3,1477.0,1253.9025470762995,223.09745292370053
luh_to_hust,luh,hust,random_forest,1011,hust_10-4,1489.0,1154.1727719665469,334.82722803345314
luh_to_hust,luh,hust,random_forest,1011,hust_10-5,1657.0,1150.0637426960477,506.9362573039523
luh_to_hust,luh,hust,random_forest,1011,hust_10-6,1659.0,1231.3163286466317,427.68367135336825
luh_to_hust,luh,hust,random_forest,1011,hust_10-7,1435.0,1141.88771741894,293.1122825810601
luh_to_hust,luh,hust,random_forest,1011,hust_10-8,1093.0,1047.1545100295875,45.84548997041247
luh_to_hust,luh,hust,random_forest,1011,hust_2-2,2021.0,1179.258934487617,841.7410655123831
luh_to_hust,luh,hust,random_forest,1011,hust_2-3,1413.0,1153.1620549751465,259.8379450248535
luh_to_hust,luh,hust,random_forest,1011,hust_2-4,1165.0,1258.5664316052219,-93.56643160522185
luh_to_hust,luh,hust,random_forest,1011,hust_2-5,1092.0,1146.2284539258897,-54.22845392588965
luh_to_hust,luh,hust,random_forest,1011,hust_2-6,1297.0,1143.8539406097218,153.1460593902782
luh_to_hust,luh,hust,random_forest,1011,hust_2-7,1789.0,1150.655327693931,638.344672306069
luh_to_hust,luh,hust,random_forest,1011,hust_2-8,1192.0,1203.6885817020393,-11.6885817020393
luh_to_hust,luh,hust,random_forest,1011,hust_3-1,1571.0,1161.9038438640978,409.0961561359022
luh_to_hust,luh,hust,random_forest,1011,hust_3-2,1773.0,1159.74738617614,613.25261382386
luh_to_hust,luh,hust,random_forest,1011,hust_3-3,1360.0,1149.9671991638118,210.03280083618824
luh_to_hust,luh,hust,random_forest,1011,hust_3-4,1396.0,1192.9665841034407,203.0334158965593
luh_to_hust,luh,hust,random_forest,1011,hust_3-5,1879.0,1191.4477045771255,687.5522954228745
luh_to_hust,luh,hust,random_forest,1011,hust_3-6,1979.0,1120.308778743414,858.691221256586
luh_to_hust,luh,hust,random_forest,1011,hust_3-7,1870.0,1219.3273670704696,650.6726329295304
luh_to_hust,luh,hust,random_forest,1011,hust_3-8,1856.0,1125.9781432069456,730.0218567930544
luh_to_hust,luh,hust,random_forest,1011,hust_4-1,1762.0,1227.2583972554828,534.7416027445172
luh_to_hust,luh,hust,random_forest,1011,hust_4-2,1453.0,1154.9780216171634,298.02197838283655
luh_to_hust,luh,hust,random_forest,1011,hust_4-3,931.0,1178.422011133086,-247.42201113308602
luh_to_hust,luh,hust,random_forest,1011,hust_4-4,1204.0,1226.3705769138264,-22.370576913826426
luh_to_hust,luh,hust,random_forest,1011,hust_4-5,1220.0,1259.2617224186683,-39.26172241866834
luh_to_hust,luh,hust,random_forest,1011,hust_4-6,1089.0,1090.3329407408592,-1.3329407408591578
luh_to_hust,luh,hust,random_forest,1011,hust_4-7,1579.0,1240.917190255037,338.082809744963
luh_to_hust,luh,hust,random_forest,1011,hust_4-8,1389.0,1148.4846692307065,240.51533076929354
luh_to_hust,luh,hust,random_forest,1011,hust_5-1,1832.0,1233.2569104932911,598.7430895067089
luh_to_hust,luh,hust,random_forest,1011,hust_5-2,1574.0,1147.2514284420242,426.74857155797577
luh_to_hust,luh,hust,random_forest,1011,hust_5-3,2024.0,1207.7735155244025,816.2264844755975
luh_to_hust,luh,hust,random_forest,1011,hust_5-4,1520.0,1233.3872642810795,286.6127357189205
luh_to_hust,luh,hust,random_forest,1011,hust_5-5,1242.0,1155.5969653348825,86.4030346651175
luh_to_hust,luh,hust,random_forest,1011,hust_5-6,1807.0,1264.9752881001643,542.0247118998357
luh_to_hust,luh,hust,random_forest,1011,hust_5-7,1171.0,1253.2585734857196,-82.25857348571958
luh_to_hust,luh,hust,random_forest,1011,hust_6-1,1255.0,1079.5744810788608,175.4255189211392
luh_to_hust,luh,hust,random_forest,1011,hust_6-2,1496.0,1148.563392047592,347.43660795240794
luh_to_hust,luh,hust,random_forest,1011,hust_6-3,1437.0,1169.7921639724457,267.2078360275543
luh_to_hust,luh,hust,random_forest,1011,hust_6-4,1332.0,1223.803386545509,108.19661345449094
luh_to_hust,luh,hust,random_forest,1011,hust_6-5,1686.0,1179.5936966182003,506.4063033817997
luh_to_hust,luh,hust,random_forest,1011,hust_6-6,1924.0,1155.3158888213545,768.6841111786455
luh_to_hust,luh,hust,random_forest,1011,hust_6-8,1700.0,1215.0792983726847,484.92070162731534
luh_to_hust,luh,hust,random_forest,1011,hust_7-1,1308.0,1251.5383572779679,56.46164272203214
luh_to_hust,luh,hust,random_forest,1011,hust_7-2,1637.0,1126.3742249969,510.6257750031
luh_to_hust,luh,hust,random_forest,1011,hust_7-3,1063.0,1069.9561285442153,-6.956128544215289
luh_to_hust,luh,hust,random_forest,1011,hust_7-4,1148.0,1071.2413655370933,76.75863446290668
luh_to_hust,luh,hust,random_forest,1011,hust_7-5,1528.0,1162.2604330277418,365.7395669722582
luh_to_hust,luh,hust,random_forest,1011,hust_7-6,1162.0,1063.0250740448205,98.97492595517951
luh_to_hust,luh,hust,random_forest,1011,hust_7-7,1367.0,1237.4542237031137,129.5457762968863
luh_to_hust,luh,hust,random_forest,1011,hust_7-8,1566.0,1145.4311168050865,420.5688831949135
luh_to_hust,luh,hust,random_forest,1011,hust_8-1,1062.0,1080.597714654162,-18.59771465416202
luh_to_hust,luh,hust,random_forest,1011,hust_8-2,1564.0,1085.600979887504,478.3990201124959
luh_to_hust,luh,hust,random_forest,1011,hust_8-3,1844.0,1158.0247290568325,685.9752709431675
luh_to_hust,luh,hust,random_forest,1011,hust_8-4,1517.0,1239.9773925845607,277.0226074154393
luh_to_hust,luh,hust,random_forest,1011,hust_8-5,1089.0,1200.8675479511448,-111.86754795114484
luh_to_hust,luh,hust,random_forest,1011,hust_8-6,1746.0,1267.1343571817981,478.8656428182019
luh_to_hust,luh,hust,random_forest,1011,hust_8-7,1593.0,1213.4533953159375,379.54660468406246
luh_to_hust,luh,hust,random_forest,1011,hust_8-8,1351.0,1153.478521061058,197.52147893894198
luh_to_hust,luh,hust,random_forest,1011,hust_9-1,1647.0,1156.5002862765089,490.49971372349114
luh_to_hust,luh,hust,random_forest,1011,hust_9-2,1679.0,1164.7137050610452,514.2862949389548
luh_to_hust,luh,hust,random_forest,1011,hust_9-3,1526.0,1160.8132273111014,365.1867726888986
luh_to_hust,luh,hust,random_forest,1011,hust_9-4,1589.0,1121.19168136536,467.80831863464005
luh_to_hust,luh,hust,random_forest,1011,hust_9-5,1719.0,1157.056261459048,561.9437385409519
luh_to_hust,luh,hust,random_forest,1011,hust_9-6,1381.0,1151.8961913212652,229.10380867873482
luh_to_hust,luh,hust,random_forest,1011,hust_9-7,1617.0,1121.0701024467126,495.92989755328745
luh_to_hust,luh,hust,random_forest,1011,hust_9-8,1839.0,1148.274398889556,690.7256011104439
luh_to_sandia,luh,sandia,xgboost,42,sandia_SNL_18650_LFP_25C_0_100_0_5_3C_a,3183.0,1292.8836795611505,1890.1163204388495
luh_to_sandia,luh,sandia,xgboost,42,sandia_SNL_18650_LFP_25C_0_100_0_5_3C_b,1610.0,1303.4309267848835,306.56907321511653
luh_to_sandia,luh,sandia,xgboost,42,sandia_SNL_18650_LFP_25C_0_100_0_5_3C_c,2305.0,1303.4309267848835,1001.5690732151165
luh_to_sandia,luh,sandia,xgboost,42,sandia_SNL_18650_LFP_25C_0_100_0_5_3C_d,2788.0,1303.4309267848835,1484.5690732151165
luh_to_sandia,luh,sandia,xgboost,42,sandia_SNL_18650_LFP_35C_0_100_0_5_1C_a,3089.0,1191.3505122360582,1897.6494877639418
luh_to_sandia,luh,sandia,xgboost,42,sandia_SNL_18650_LFP_35C_0_100_0_5_1C_b,3126.0,1303.4309267848835,1822.5690732151165
luh_to_sandia,luh,sandia,xgboost,42,sandia_SNL_18650_LFP_35C_0_100_0_5_1C_c,3246.0,1399.275055807023,1846.724944192977
luh_to_sandia,luh,sandia,xgboost,42,sandia_SNL_18650_LFP_35C_0_100_0_5_1C_d,3374.0,1303.4309267848835,2070.5690732151165
luh_to_sandia,luh,sandia,xgboost,42,sandia_SNL_18650_LFP_35C_0_100_0_5_2C_a,3442.0,1303.4309267848835,2138.5690732151165
luh_to_sandia,luh,sandia,xgboost,42,sandia_SNL_18650_LFP_35C_0_100_0_5_2C_b,2465.0,1303.4309267848835,1161.5690732151165
luh_to_sandia,luh,sandia,xgboost,42,sandia_SNL_18650_NCA_15C_0_100_0_5_1C_a,176.0,342.11955617469965,-166.11955617469965
luh_to_sandia,luh,sandia,xgboost,42,sandia_SNL_18650_NCA_15C_0_100_0_5_1C_b,325.0,414.27925664470223,-89.27925664470223
luh_to_sandia,luh,sandia,xgboost,42,sandia_SNL_18650_NCA_15C_0_100_0_5_2C_a,158.0,236.88371132348487,-78.88371132348487
luh_to_sandia,luh,sandia,xgboost,42,sandia_SNL_18650_NCA_15C_0_100_0_5_2C_b,157.0,236.9856186075083,-79.98561860750829
luh_to_sandia,luh,sandia,xgboost,42,sandia_SNL_18650_NCA_25C_0_100_0_5_0_5C_a,249.0,338.8065987928459,-89.80659879284588
luh_to_sandia,luh,sandia,xgboost,42,sandia_SNL_18650_NCA_25C_0_100_0_5_0_5C_b,135.0,173.53382673395205,-38.533826733952054
luh_to_sandia,luh,sandia,xgboost,42,sandia_SNL_18650_NCA_25C_0_100_0_5_1C_a,337.0,349.6856762869833,-12.685676286983323
luh_to_sandia,luh,sandia,xgboost,42,sandia_SNL_18650_NCA_25C_0_100_0_5_1C_b,228.0,441.5964271628666,-213.59642716286658
luh_to_sandia,luh,sandia,xgboost,42,sandia_SNL_18650_NCA_25C_0_100_0_5_1C_c,228.0,375.2048391472869,-147.20483914728692
luh_to_sandia,luh,sandia,xgboost,42,sandia_SNL_18650_NCA_25C_0_100_0_5_1C_d,251.0,369.31825939195085,-118.31825939195085
luh_to_sandia,luh,sandia,xgboost,42,sandia_SNL_18650_NCA_25C_0_100_0_5_2C_a,225.0,369.43662069222114,-144.43662069222114
luh_to_sandia,luh,sandia,xgboost,42,sandia_SNL_18650_NCA_25C_0_100_0_5_2C_b,304.0,359.46569886340393,-55.46569886340393
luh_to_sandia,luh,sandia,xgboost,42,sandia_SNL_18650_NCA_35C_0_100_0_5_1C_a,171.0,780.0347533544394,-609.0347533544394
luh_to_sandia,luh,sandia,xgboost,42,sandia_SNL_18650_NCA_35C_0_100_0_5_1C_b,320.0,926.4489177944777,-606.4489177944777
luh_to_sandia,luh,sandia,xgboost,42,sandia_SNL_18650_NCA_35C_0_100_0_5_1C_c,346.0,527.6763709223205,-181.67637092232053
luh_to_sandia,luh,sandia,xgboost,42,sandia_SNL_18650_NCA_35C_0_100_0_5_1C_d,320.0,617.1412588495031,-297.14125884950306
luh_to_sandia,luh,sandia,xgboost,42,sandia_SNL_18650_NCA_35C_0_100_0_5_2C_a,210.0,217.60154913766482,-7.6015491376648185
luh_to_sandia,luh,sandia,xgboost,42,sandia_SNL_18650_NCA_35C_0_100_0_5_2C_b,216.0,369.4316882141153,-153.4316882141153
luh_to_sandia,luh,sandia,xgboost,42,sandia_SNL_18650_NMC_15C_0_100_0_5_1C_a,105.0,107.74364348222772,-2.743643482227725
luh_to_sandia,luh,sandia,xgboost,42,sandia_SNL_18650_NMC_15C_0_100_0_5_1C_b,142.0,157.18921872904863,-15.189218729048633
luh_to_sandia,luh,sandia,xgboost,42,sandia_SNL_18650_NMC_15C_0_100_0_5_2C_a,102.0,105.86762401666722,-3.8676240166672216
luh_to_sandia,luh,sandia,xgboost,42,sandia_SNL_18650_NMC_15C_0_100_0_5_2C_b,103.0,104.00978661648689,-1.0097866164868918
luh_to_sandia,luh,sandia,xgboost,42,sandia_SNL_18650_NMC_25C_0_100_0_5_0_5C_a,49.0,404.99560259563333,-355.99560259563333
luh_to_sandia,luh,sandia,xgboost,42,sandia_SNL_18650_NMC_25C_0_100_0_5_0_5C_b,327.0,371.0743103297276,-44.07431032972761
luh_to_sandia,luh,sandia,xgboost,42,sandia_SNL_18650_NMC_25C_0_100_0_5_1C_a,271.0,316.8335630685633,-45.83356306856331
luh_to_sandia,luh,sandia,xgboost,42,sandia_SNL_18650_NMC_25C_0_100_0_5_1C_b,340.0,316.8335630685633,23.166436931436692
luh_to_sandia,luh,sandia,xgboost,42,sandia_SNL_18650_NMC_25C_0_100_0_5_1C_c,282.0,323.58531832494054,-41.585318324940545
luh_to_sandia,luh,sandia,xgboost,42,sandia_SNL_18650_NMC_25C_0_100_0_5_1C_d,285.0,316.8335630685633,-31.833563068563308
luh_to_sandia,luh,sandia,xgboost,42,sandia_SNL_18650_NMC_25C_0_100_0_5_2C_a,233.0,323.58531832494054,-90.58531832494054
luh_to_sandia,luh,sandia,xgboost,42,sandia_SNL_18650_NMC_25C_0_100_0_5_2C_b,135.0,319.8590531184285,-184.8590531184285
luh_to_sandia,luh,sandia,xgboost,42,sandia_SNL_18650_NMC_25C_0_100_0_5_3C_a,261.0,316.8335630685633,-55.83356306856331
luh_to_sandia,luh,sandia,xgboost,42,sandia_SNL_18650_NMC_25C_0_100_0_5_3C_b,287.0,323.58531832494054,-36.585318324940545
luh_to_sandia,luh,sandia,xgboost,42,sandia_SNL_18650_NMC_25C_0_100_0_5_3C_c,305.0,323.58531832494054,-18.585318324940545
luh_to_sandia,luh,sandia,xgboost,42,sandia_SNL_18650_NMC_25C_0_100_0_5_3C_d,304.0,323.58531832494054,-19.585318324940545
luh_to_sandia,luh,sandia,xgboost,42,sandia_SNL_18650_NMC_35C_0_100_0_5_1C_a,280.0,323.58531832494054,-43.585318324940545
luh_to_sandia,luh,sandia,xgboost,42,sandia_SNL_18650_NMC_35C_0_100_0_5_1C_b,90.0,238.73250620192994,-148.73250620192994
luh_to_sandia,luh,sandia,xgboost,42,sandia_SNL_18650_NMC_35C_0_100_0_5_1C_c,256.0,323.58531832494054,-67.58531832494054
luh_to_sandia,luh,sandia,xgboost,42,sandia_SNL_18650_NMC_35C_0_100_0_5_1C_d,390.0,453.41894463454514,-63.41894463454514
luh_to_sandia,luh,sandia,xgboost,42,sandia_SNL_18650_NMC_35C_0_100_0_5_2C_a,170.0,356.83536510636856,-186.83536510636856
luh_to_sandia,luh,sandia,xgboost,42,sandia_SNL_18650_NMC_35C_0_100_0_5_2C_b,400.0,359.2758305095553,40.724169490444694
luh_to_sandia,luh,sandia,xgboost,123,sandia_SNL_18650_LFP_25C_0_100_0_5_3C_a,3183.0,1396.317036294226,1786.682963705774
luh_to_sandia,luh,sandia,xgboost,123,sandia_SNL_18650_LFP_25C_0_100_0_5_3C_b,1610.0,1409.3764517266707,200.62354827332933
luh_to_sandia,luh,sandia,xgboost,123,sandia_SNL_18650_LFP_25C_0_100_0_5_3C_c,2305.0,1409.3764517266707,895.6235482733293
luh_to_sandia,luh,sandia,xgboost,123,sandia_SNL_18650_LFP_25C_0_100_0_5_3C_d,2788.0,1409.3764517266707,1378.6235482733293
luh_to_sandia,luh,sandia,xgboost,123,sandia_SNL_18650_LFP_35C_0_100_0_5_1C_a,3089.0,986.8620831892897,2102.1379168107105
luh_to_sandia,luh,sandia,xgboost,123,sandia_SNL_18650_LFP_35C_0_100_0_5_1C_b,3126.0,1417.8216812692685,1708.1783187307315
luh_to_sandia,luh,sandia,xgboost,123,sandia_SNL_18650_LFP_35C_0_100_0_5_1C_c,3246.0,1367.9015049891368,1878.0984950108632
luh_to_sandia,luh,sandia,xgboost,123,sandia_SNL_18650_LFP_35C_0_100_0_5_1C_d,3374.0,1409.3764517266707,1964.6235482733293
luh_to_sandia,luh,sandia,xgboost,123,sandia_SNL_18650_LFP_35C_0_100_0_5_2C_a,3442.0,1409.3764517266707,2032.6235482733293
luh_to_sandia,luh,sandia,xgboost,123,sandia_SNL_18650_LFP_35C_0_100_0_5_2C_b,2465.0,1417.8216812692685,1047.1783187307315
luh_to_sandia,luh,sandia,xgboost,123,sandia_SNL_18650_NCA_15C_0_100_0_5_1C_a,176.0,279.40418780413415,-103.40418780413415
luh_to_sandia,luh,sandia,xgboost,123,sandia_SNL_18650_NCA_15C_0_100_0_5_1C_b,325.0,408.4985501843086,-83.49855018430861
luh_to_sandia,luh,sandia,xgboost,123,sandia_SNL_18650_NCA_15C_0_100_0_5_2C_a,158.0,202.132367538351,-44.13236753835099
luh_to_sandia,luh,sandia,xgboost,123,sandia_SNL_18650_NCA_15C_0_100_0_5_2C_b,157.0,202.132367538351,-45.13236753835099
luh_to_sandia,luh,sandia,xgboost,123,sandia_SNL_18650_NCA_25C_0_100_0_5_0_5C_a,249.0,389.6560084820426,-140.65600848204258
luh_to_sandia,luh,sandia,xgboost,123,sandia_SNL_18650_NCA_25C_0_100_0_5_0_5C_b,135.0,201.83697317801088,-66.83697317801088
luh_to_sandia,luh,sandia,xgboost,123,sandia_SNL_18650_NCA_25C_0_100_0_5_1C_a,337.0,362.11145015950154,-25.111450159501544
luh_to_sandia,luh,sandia,xgboost,123,sandia_SNL_18650_NCA_25C_0_100_0_5_1C_b,228.0,455.7008950059976,-227.7008950059976
luh_to_sandia,luh,sandia,xgboost,123,sandia_SNL_18650_NCA_25C_0_100_0_5_1C_c,228.0,410.4403101768742,-182.44031017687422
luh_to_sandia,luh,sandia,xgboost,123,sandia_SNL_18650_NCA_25C_0_100_0_5_1C_d,251.0,408.46290566585554,-157.46290566585554
luh_to_sandia,luh,sandia,xgboost,123,sandia_SNL_18650_NCA_25C_0_100_0_5_2C_a,225.0,420.34796612379114,-195.34796612379114
luh_to_sandia,luh,sandia,xgboost,123,sandia_SNL_18650_NCA_25C_0_100_0_5_2C_b,304.0,383.4699223924049,-79.4699223924049
luh_to_sandia,luh,sandia,xgboost,123,sandia_SNL_18650_NCA_35C_0_100_0_5_1C_a,171.0,718.8830640590761,-547.8830640590761
luh_to_sandia,luh,sandia,xgboost,123,sandia_SNL_18650_NCA_35C_0_100_0_5_1C_b,320.0,810.0020213555604,-490.0020213555604
luh_to_sandia,luh,sandia,xgboost,123,sandia_SNL_18650_NCA_35C_0_100_0_5_1C_c,346.0,513.1546290572403,-167.1546290572403
luh_to_sandia,luh,sandia,xgboost,123,sandia_SNL_18650_NCA_35C_0_100_0_5_1C_d,320.0,469.59124335346496,-149.59124335346496
luh_to_sandia,luh,sandia,xgboost,123,sandia_SNL_18650_NCA_35C_0_100_0_5_2C_a,210.0,429.0084893635713,-219.0084893635713
luh_to_sandia,luh,sandia,xgboost,123,sandia_SNL_18650_NCA_35C_0_100_0_5_2C_b,216.0,426.508625757924,-210.508625757924
luh_to_sandia,luh,sandia,xgboost,123,sandia_SNL_18650_NMC_15C_0_100_0_5_1C_a,105.0,102.89945496060149,2.1005450393985114
luh_to_sandia,luh,sandia,xgboost,123,sandia_SNL_18650_NMC_15C_0_100_0_5_1C_b,142.0,162.91239535577415,-20.91239535577415
luh_to_sandia,luh,sandia,xgboost,123,sandia_SNL_18650_NMC_15C_0_100_0_5_2C_a,102.0,102.88866094436958,-0.8886609443695761
luh_to_sandia,luh,sandia,xgboost,123,sandia_SNL_18650_NMC_15C_0_100_0_5_2C_b,103.0,102.66973808582185,0.330261914178152
luh_to_sandia,luh,sandia,xgboost,123,sandia_SNL_18650_NMC_25C_0_100_0_5_0_5C_a,49.0,265.6829084012876,-216.6829084012876
luh_to_sandia,luh,sandia,xgboost,123,sandia_SNL_18650_NMC_25C_0_100_0_5_0_5C_b,327.0,236.80928570186305,90.19071429813695
luh_to_sandia,luh,sandia,xgboost,123,sandia_SNL_18650_NMC_25C_0_100_0_5_1C_a,271.0,225.48839192629958,45.511608073700415
luh_to_sandia,luh,sandia,xgboost,123,sandia_SNL_18650_NMC_25C_0_100_0_5_1C_b,340.0,224.61325880852053,115.38674119147947
luh_to_sandia,luh,sandia,xgboost,123,sandia_SNL_18650_NMC_25C_0_100_0_5_1C_c,282.0,224.61325880852053,57.38674119147947
luh_to_sandia,luh,sandia,xgboost,123,sandia_SNL_18650_NMC_25C_0_100_0_5_1C_d,285.0,225.48839192629958,59.511608073700415
luh_to_sandia,luh,sandia,xgboost,123,sandia_SNL_18650_NMC_25C_0_100_0_5_2C_a,233.0,224.61325880852053,8.386741191479473
luh_to_sandia,luh,sandia,xgboost,123,sandia_SNL_18650_NMC_25C_0_100_0_5_2C_b,135.0,399.54557351496624,-264.54557351496624
luh_to_sandia,luh,sandia,xgboost,123,sandia_SNL_18650_NMC_25C_0_100_0_5_3C_a,261.0,215.21198434720074,45.78801565279926
luh_to_sandia,luh,sandia,xgboost,123,sandia_SNL_18650_NMC_25C_0_100_0_5_3C_b,287.0,225.48839192629958,61.511608073700415
luh_to_sandia,luh,sandia,xgboost,123,sandia_SNL_18650_NMC_25C_0_100_0_5_3C_c,305.0,226.5394888366036,78.4605111633964
luh_to_sandia,luh,sandia,xgboost,123,sandia_SNL_18650_NMC_25C_0_100_0_5_3C_d,304.0,290.41845249192033,13.581547508079666
luh_to_sandia,luh,sandia,xgboost,123,sandia_SNL_18650_NMC_35C_0_100_0_5_1C_a,280.0,287.9490695743009,-7.949069574300893
luh_to_sandia,luh,sandia,xgboost,123,sandia_SNL_18650_NMC_35C_0_100_0_5_1C_b,90.0,276.4686663777147,-186.46866637771473
luh_to_sandia,luh,sandia,xgboost,123,sandia_SNL_18650_NMC_35C_0_100_0_5_1C_c,256.0,287.9490695743009,-31.949069574300893
luh_to_sandia,luh,sandia,xgboost,123,sandia_SNL_18650_NMC_35C_0_100_0_5_1C_d,390.0,468.79633428967907,-78.79633428967907
luh_to_sandia,luh,sandia,xgboost,123,sandia_SNL_18650_NMC_35C_0_100_0_5_2C_a,170.0,320.0421303105355,-150.04213031053553
luh_to_sandia,luh,sandia,xgboost,123,sandia_SNL_18650_NMC_35C_0_100_0_5_2C_b,400.0,378.1174957953019,21.88250420469808
luh_to_sandia,luh,sandia,xgboost,456,sandia_SNL_18650_LFP_25C_0_100_0_5_3C_a,3183.0,1372.079768329139,1810.920231670861
luh_to_sandia,luh,sandia,xgboost,456,sandia_SNL_18650_LFP_25C_0_100_0_5_3C_b,1610.0,1346.4090717218637,263.5909282781363
luh_to_sandia,luh,sandia,xgboost,456,sandia_SNL_18650_LFP_25C_0_100_0_5_3C_c,2305.0,1346.4090717218637,958.5909282781363
luh_to_sandia,luh,sandia,xgboost,456,sandia_SNL_18650_LFP_25C_0_100_0_5_3C_d,2788.0,1346.4090717218637,1441.5909282781363
luh_to_sandia,luh,sandia,xgboost,456,sandia_SNL_18650_LFP_35C_0_100_0_5_1C_a,3089.0,1301.3337282176806,1787.6662717823194
luh_to_sandia,luh,sandia,xgboost,456,sandia_SNL_18650_LFP_35C_0_100_0_5_1C_b,3126.0,1369.5240004042298,1756.4759995957702
luh_to_sandia,luh,sandia,xgboost,456,sandia_SNL_18650_LFP_35C_0_100_0_5_1C_c,3246.0,1399.2110035443231,1846.7889964556769
luh_to_sandia,luh,sandia,xgboost,456,sandia_SNL_18650_LFP_35C_0_100_0_5_1C_d,3374.0,1368.668785228472,2005.331214771528
luh_to_sandia,luh,sandia,xgboost,456,sandia_SNL_18650_LFP_35C_0_100_0_5_2C_a,3442.0,1365.8288700711635,2076.1711299288363
luh_to_sandia,luh,sandia,xgboost,456,sandia_SNL_18650_LFP_35C_0_100_0_5_2C_b,2465.0,1369.5240004042298,1095.4759995957702
luh_to_sandia,luh,sandia,xgboost,456,sandia_SNL_18650_NCA_15C_0_100_0_5_1C_a,176.0,325.07058988726715,-149.07058988726715
luh_to_sandia,luh,sandia,xgboost,456,sandia_SNL_18650_NCA_15C_0_100_0_5_1C_b,325.0,423.1481438625251,-98.1481438625251
luh_to_sandia,luh,sandia,xgboost,456,sandia_SNL_18650_NCA_15C_0_100_0_5_2C_a,158.0,219.64300772983322,-61.643007729833215
luh_to_sandia,luh,sandia,xgboost,456,sandia_SNL_18650_NCA_15C_0_100_0_5_2C_b,157.0,211.46262144385847,-54.46262144385847
luh_to_sandia,luh,sandia,xgboost,456,sandia_SNL_18650_NCA_25C_0_100_0_5_0_5C_a,249.0,372.3448007377421,-123.3448007377421
luh_to_sandia,luh,sandia,xgboost,456,sandia_SNL_18650_NCA_25C_0_100_0_5_0_5C_b,135.0,206.0023414722675,-71.00234147226749
luh_to_sandia,luh,sandia,xgboost,456,sandia_SNL_18650_NCA_25C_0_100_0_5_1C_a,337.0,355.41707865223515,-18.417078652235148
luh_to_sandia,luh,sandia,xgboost,456,sandia_SNL_18650_NCA_25C_0_100_0_5_1C_b,228.0,390.1955804706278,-162.19558047062782
luh_to_sandia,luh,sandia,xgboost,456,sandia_SNL_18650_NCA_25C_0_100_0_5_1C_c,228.0,425.79476688688914,-197.79476688688914
luh_to_sandia,luh,sandia,xgboost,456,sandia_SNL_18650_NCA_25C_0_100_0_5_1C_d,251.0,382.1968255974214,-131.19682559742142
luh_to_sandia,luh,sandia,xgboost,456,sandia_SNL_18650_NCA_25C_0_100_0_5_2C_a,225.0,368.6936166540024,-143.69361665400243
luh_to_sandia,luh,sandia,xgboost,456,sandia_SNL_18650_NCA_25C_0_100_0_5_2C_b,304.0,407.00299077309603,-103.00299077309603
luh_to_sandia,luh,sandia,xgboost,456,sandia_SNL_18650_NCA_35C_0_100_0_5_1C_a,171.0,582.6405245675619,-411.6405245675619
luh_to_sandia,luh,sandia,xgboost,456,sandia_SNL_18650_NCA_35C_0_100_0_5_1C_b,320.0,808.6331893101043,-488.6331893101043
luh_to_sandia,luh,sandia,xgboost,456,sandia_SNL_18650_NCA_35C_0_100_0_5_1C_c,346.0,525.7038770835175,-179.70387708351745
luh_to_sandia,luh,sandia,xgboost,456,sandia_SNL_18650_NCA_35C_0_100_0_5_1C_d,320.0,455.60638143143814,-135.60638143143814
luh_to_sandia,luh,sandia,xgboost,456,sandia_SNL_18650_NCA_35C_0_100_0_5_2C_a,210.0,440.6156319851755,-230.61563198517553
luh_to_sandia,luh,sandia,xgboost,456,sandia_SNL_18650_NCA_35C_0_100_0_5_2C_b,216.0,356.3050543424696,-140.3050543424696
luh_to_sandia,luh,sandia,xgboost,456,sandia_SNL_18650_NMC_15C_0_100_0_5_1C_a,105.0,110.82908233841113,-5.829082338411126
luh_to_sandia,luh,sandia,xgboost,456,sandia_SNL_18650_NMC_15C_0_100_0_5_1C_b,142.0,158.072923701506,-16.072923701506
luh_to_sandia,luh,sandia,xgboost,456,sandia_SNL_18650_NMC_15C_0_100_0_5_2C_a,102.0,112.4380154241178,-10.438015424117793
luh_to_sandia,luh,sandia,xgboost,456,sandia_SNL_18650_NMC_15C_0_100_0_5_2C_b,103.0,105.14693904420804,-2.1469390442080396
luh_to_sandia,luh,sandia,xgboost,456,sandia_SNL_18650_NMC_25C_0_100_0_5_0_5C_a,49.0,236.70598692628988,-187.70598692628988
luh_to_sandia,luh,sandia,xgboost,456,sandia_SNL_18650_NMC_25C_0_100_0_5_0_5C_b,327.0,228.92281522597924,98.07718477402076
luh_to_sandia,luh,sandia,xgboost,456,sandia_SNL_18650_NMC_25C_0_100_0_5_1C_a,271.0,227.53287447543192,43.467125524568075
luh_to_sandia,luh,sandia,xgboost,456,sandia_SNL_18650_NMC_25C_0_100_0_5_1C_b,340.0,227.53287447543192,112.46712552456808
luh_to_sandia,luh,sandia,xgboost,456,sandia_SNL_18650_NMC_25C_0_100_0_5_1C_c,282.0,227.59581093303115,54.404189066968854
luh_to_sandia,luh,sandia,xgboost,456,sandia_SNL_18650_NMC_25C_0_100_0_5_1C_d,285.0,227.53287447543192,57.467125524568075
luh_to_sandia,luh,sandia,xgboost,456,sandia_SNL_18650_NMC_25C_0_100_0_5_2C_a,233.0,227.59581093303115,5.404189066968854
luh_to_sandia,luh,sandia,xgboost,456,sandia_SNL_18650_NMC_25C_0_100_0_5_2C_b,135.0,356.0737263640449,-221.0737263640449
luh_to_sandia,luh,sandia,xgboost,456,sandia_SNL_18650_NMC_25C_0_100_0_5_3C_a,261.0,227.53287447543192,33.467125524568075
luh_to_sandia,luh,sandia,xgboost,456,sandia_SNL_18650_NMC_25C_0_100_0_5_3C_b,287.0,227.59581093303115,59.404189066968854
luh_to_sandia,luh,sandia,xgboost,456,sandia_SNL_18650_NMC_25C_0_100_0_5_3C_c,305.0,227.59581093303115,77.40418906696885
luh_to_sandia,luh,sandia,xgboost,456,sandia_SNL_18650_NMC_25C_0_100_0_5_3C_d,304.0,227.59581093303115,76.40418906696885
luh_to_sandia,luh,sandia,xgboost,456,sandia_SNL_18650_NMC_35C_0_100_0_5_1C_a,280.0,325.41240211223004,-45.41240211223004
luh_to_sandia,luh,sandia,xgboost,456,sandia_SNL_18650_NMC_35C_0_100_0_5_1C_b,90.0,337.2526161982133,-247.25261619821327
luh_to_sandia,luh,sandia,xgboost,456,sandia_SNL_18650_NMC_35C_0_100_0_5_1C_c,256.0,324.29122677589123,-68.29122677589123
luh_to_sandia,luh,sandia,xgboost,456,sandia_SNL_18650_NMC_35C_0_100_0_5_1C_d,390.0,417.7453578115894,-27.745357811589372
luh_to_sandia,luh,sandia,xgboost,456,sandia_SNL_18650_NMC_35C_0_100_0_5_2C_a,170.0,335.62093107606086,-165.62093107606086
luh_to_sandia,luh,sandia,xgboost,456,sandia_SNL_18650_NMC_35C_0_100_0_5_2C_b,400.0,368.52804382177766,31.471956178222342
luh_to_sandia,luh,sandia,xgboost,789,sandia_SNL_18650_LFP_25C_0_100_0_5_3C_a,3183.0,1265.898621080594,1917.101378919406
luh_to_sandia,luh,sandia,xgboost,789,sandia_SNL_18650_LFP_25C_0_100_0_5_3C_b,1610.0,1245.0419645174877,364.9580354825123
luh_to_sandia,luh,sandia,xgboost,789,sandia_SNL_18650_LFP_25C_0_100_0_5_3C_c,2305.0,1245.0419645174877,1059.9580354825123
luh_to_sandia,luh,sandia,xgboost,789,sandia_SNL_18650_LFP_25C_0_100_0_5_3C_d,2788.0,1245.0419645174877,1542.9580354825123
luh_to_sandia,luh,sandia,xgboost,789,sandia_SNL_18650_LFP_35C_0_100_0_5_1C_a,3089.0,1242.273737678416,1846.726262321584
luh_to_sandia,luh,sandia,xgboost,789,sandia_SNL_18650_LFP_35C_0_100_0_5_1C_b,3126.0,1251.1194328700824,1874.8805671299176
luh_to_sandia,luh,sandia,xgboost,789,sandia_SNL_18650_LFP_35C_0_100_0_5_1C_c,3246.0,1280.1306798989779,1965.8693201010221
luh_to_sandia,luh,sandia,xgboost,789,sandia_SNL_18650_LFP_35C_0_100_0_5_1C_d,3374.0,1232.7626388290637,2141.2373611709363
luh_to_sandia,luh,sandia,xgboost,789,sandia_SNL_18650_LFP_35C_0_100_0_5_2C_a,3442.0,1233.3776592706756,2208.6223407293246
luh_to_sandia,luh,sandia,xgboost,789,sandia_SNL_18650_LFP_35C_0_100_0_5_2C_b,2465.0,1251.1194328700824,1213.8805671299176
luh_to_sandia,luh,sandia,xgboost,789,sandia_SNL_18650_NCA_15C_0_100_0_5_1C_a,176.0,317.2954427439924,-141.2954427439924
luh_to_sandia,luh,sandia,xgboost,789,sandia_SNL_18650_NCA_15C_0_100_0_5_1C_b,325.0,432.45407148055864,-107.45407148055864
luh_to_sandia,luh,sandia,xgboost,789,sandia_SNL_18650_NCA_15C_0_100_0_5_2C_a,158.0,227.3085066801362,-69.30850668013619
luh_to_sandia,luh,sandia,xgboost,789,sandia_SNL_18650_NCA_15C_0_100_0_5_2C_b,157.0,225.79288244789117,-68.79288244789117
luh_to_sandia,luh,sandia,xgboost,789,sandia_SNL_18650_NCA_25C_0_100_0_5_0_5C_a,249.0,408.6887068225597,-159.6887068225597
luh_to_sandia,luh,sandia,xgboost,789,sandia_SNL_18650_NCA_25C_0_100_0_5_0_5C_b,135.0,226.31556102954133,-91.31556102954133
luh_to_sandia,luh,sandia,xgboost,789,sandia_SNL_18650_NCA_25C_0_100_0_5_1C_a,337.0,349.7700584872432,-12.770058487243205
luh_to_sandia,luh,sandia,xgboost,789,sandia_SNL_18650_NCA_25C_0_100_0_5_1C_b,228.0,371.24102715238786,-143.24102715238786
luh_to_sandia,luh,sandia,xgboost,789,sandia_SNL_18650_NCA_25C_0_100_0_5_1C_c,228.0,516.1384708922733,-288.1384708922733
luh_to_sandia,luh,sandia,xgboost,789,sandia_SNL_18650_NCA_25C_0_100_0_5_1C_d,251.0,507.83152351174977,-256.83152351174977
luh_to_sandia,luh,sandia,xgboost,789,sandia_SNL_18650_NCA_25C_0_100_0_5_2C_a,225.0,390.62449770675835,-165.62449770675835
luh_to_sandia,luh,sandia,xgboost,789,sandia_SNL_18650_NCA_25C_0_100_0_5_2C_b,304.0,358.13821225416103,-54.13821225416103
luh_to_sandia,luh,sandia,xgboost,789,sandia_SNL_18650_NCA_35C_0_100_0_5_1C_a,171.0,903.9918931600356,-732.9918931600356
luh_to_sandia,luh,sandia,xgboost,789,sandia_SNL_18650_NCA_35C_0_100_0_5_1C_b,320.0,1242.6155777372076,-922.6155777372076
luh_to_sandia,luh,sandia,xgboost,789,sandia_SNL_18650_NCA_35C_0_100_0_5_1C_c,346.0,565.4938461173685,-219.49384611736855
luh_to_sandia,luh,sandia,xgboost,789,sandia_SNL_18650_NCA_35C_0_100_0_5_1C_d,320.0,568.1420433488249,-248.14204334882493
luh_to_sandia,luh,sandia,xgboost,789,sandia_SNL_18650_NCA_35C_0_100_0_5_2C_a,210.0,448.598258029707,-238.59825802970698
luh_to_sandia,luh,sandia,xgboost,789,sandia_SNL_18650_NCA_35C_0_100_0_5_2C_b,216.0,366.2176416891296,-150.2176416891296
luh_to_sandia,luh,sandia,xgboost,789,sandia_SNL_18650_NMC_15C_0_100_0_5_1C_a,105.0,117.79492833797534,-12.794928337975335
luh_to_sandia,luh,sandia,xgboost,789,sandia_SNL_18650_NMC_15C_0_100_0_5_1C_b,142.0,162.20670505725835,-20.206705057258347
luh_to_sandia,luh,sandia,xgboost,789,sandia_SNL_18650_NMC_15C_0_100_0_5_2C_a,102.0,116.05957775371729,-14.059577753717292
luh_to_sandia,luh,sandia,xgboost,789,sandia_SNL_18650_NMC_15C_0_100_0_5_2C_b,103.0,111.00663321171085,-8.006633211710849
luh_to_sandia,luh,sandia,xgboost,789,sandia_SNL_18650_NMC_25C_0_100_0_5_0_5C_a,49.0,236.6036357802825,-187.6036357802825
luh_to_sandia,luh,sandia,xgboost,789,sandia_SNL_18650_NMC_25C_0_100_0_5_0_5C_b,327.0,234.74166305910666,92.25833694089334
luh_to_sandia,luh,sandia,xgboost,789,sandia_SNL_18650_NMC_25C_0_100_0_5_1C_a,271.0,228.45075371663413,42.549246283365875
luh_to_sandia,luh,sandia,xgboost,789,sandia_SNL_18650_NMC_25C_0_100_0_5_1C_b,340.0,228.45075371663413,111.54924628336587
luh_to_sandia,luh,sandia,xgboost,789,sandia_SNL_18650_NMC_25C_0_100_0_5_1C_c,282.0,229.47965598956233,52.52034401043767
luh_to_sandia,luh,sandia,xgboost,789,sandia_SNL_18650_NMC_25C_0_100_0_5_1C_d,285.0,228.45075371663413,56.549246283365875
luh_to_sandia,luh,sandia,xgboost,789,sandia_SNL_18650_NMC_25C_0_100_0_5_2C_a,233.0,229.47965598956233,3.520344010437668
luh_to_sandia,luh,sandia,xgboost,789,sandia_SNL_18650_NMC_25C_0_100_0_5_2C_b,135.0,324.1746536165425,-189.1746536165425
luh_to_sandia,luh,sandia,xgboost,789,sandia_SNL_18650_NMC_25C_0_100_0_5_3C_a,261.0,228.45075371663413,32.549246283365875
luh_to_sandia,luh,sandia,xgboost,789,sandia_SNL_18650_NMC_25C_0_100_0_5_3C_b,287.0,229.47965598956233,57.52034401043767
luh_to_sandia,luh,sandia,xgboost,789,sandia_SNL_18650_NMC_25C_0_100_0_5_3C_c,305.0,229.47965598956233,75.52034401043767
luh_to_sandia,luh,sandia,xgboost,789,sandia_SNL_18650_NMC_25C_0_100_0_5_3C_d,304.0,303.1293125858787,0.8706874141212779
luh_to_sandia,luh,sandia,xgboost,789,sandia_SNL_18650_NMC_35C_0_100_0_5_1C_a,280.0,303.1293125858787,-23.129312585878722
luh_to_sandia,luh,sandia,xgboost,789,sandia_SNL_18650_NMC_35C_0_100_0_5_1C_b,90.0,344.8439392608436,-254.84393926084363
luh_to_sandia,luh,sandia,xgboost,789,sandia_SNL_18650_NMC_35C_0_100_0_5_1C_c,256.0,303.1293125858787,-47.12931258587872
luh_to_sandia,luh,sandia,xgboost,789,sandia_SNL_18650_NMC_35C_0_100_0_5_1C_d,390.0,411.1844984365593,-21.184498436559295
luh_to_sandia,luh,sandia,xgboost,789,sandia_SNL_18650_NMC_35C_0_100_0_5_2C_a,170.0,339.04287539347484,-169.04287539347484
luh_to_sandia,luh,sandia,xgboost,789,sandia_SNL_18650_NMC_35C_0_100_0_5_2C_b,400.0,361.81337493598716,38.186625064012844
luh_to_sandia,luh,sandia,xgboost,1011,sandia_SNL_18650_LFP_25C_0_100_0_5_3C_a,3183.0,1137.6882759871726,2045.3117240128274
luh_to_sandia,luh,sandia,xgboost,1011,sandia_SNL_18650_LFP_25C_0_100_0_5_3C_b,1610.0,1137.6882759871726,472.3117240128274
luh_to_sandia,luh,sandia,xgboost,1011,sandia_SNL_18650_LFP_25C_0_100_0_5_3C_c,2305.0,1137.6882759871726,1167.3117240128274
luh_to_sandia,luh,sandia,xgboost,1011,sandia_SNL_18650_LFP_25C_0_100_0_5_3C_d,2788.0,1137.6882759871726,1650.3117240128274
luh_to_sandia,luh,sandia,xgboost,1011,sandia_SNL_18650_LFP_35C_0_100_0_5_1C_a,3089.0,854.4714033419752,2234.528596658025
luh_to_sandia,luh,sandia,xgboost,1011,sandia_SNL_18650_LFP_35C_0_100_0_5_1C_b,3126.0,1137.6882759871726,1988.3117240128274
luh_to_sandia,luh,sandia,xgboost,1011,sandia_SNL_18650_LFP_35C_0_100_0_5_1C_c,3246.0,1137.6882759871726,2108.3117240128277
luh_to_sandia,luh,sandia,xgboost,1011,sandia_SNL_18650_LFP_35C_0_100_0_5_1C_d,3374.0,1137.6882759871726,2236.3117240128277
luh_to_sandia,luh,sandia,xgboost,1011,sandia_SNL_18650_LFP_35C_0_100_0_5_2C_a,3442.0,1137.6882759871726,2304.3117240128277
luh_to_sandia,luh,sandia,xgboost,1011,sandia_SNL_18650_LFP_35C_0_100_0_5_2C_b,2465.0,1137.6882759871726,1327.3117240128274
luh_to_sandia,luh,sandia,xgboost,1011,sandia_SNL_18650_NCA_15C_0_100_0_5_1C_a,176.0,339.9255994419166,-163.92559944191657
luh_to_sandia,luh,sandia,xgboost,1011,sandia_SNL_18650_NCA_15C_0_100_0_5_1C_b,325.0,464.67106367361896,-139.67106367361896
luh_to_sandia,luh,sandia,xgboost,1011,sandia_SNL_18650_NCA_15C_0_100_0_5_2C_a,158.0,229.13533704136321,-71.13533704136321
luh_to_sandia,luh,sandia,xgboost,1011,sandia_SNL_18650_NCA_15C_0_100_0_5_2C_b,157.0,229.13533704136321,-72.13533704136321
luh_to_sandia,luh,sandia,xgboost,1011,sandia_SNL_18650_NCA_25C_0_100_0_5_0_5C_a,249.0,377.3561332548488,-128.35613325484883
luh_to_sandia,luh,sandia,xgboost,1011,sandia_SNL_18650_NCA_25C_0_100_0_5_0_5C_b,135.0,229.13533704136321,-94.13533704136321
luh_to_sandia,luh,sandia,xgboost,1011,sandia_SNL_18650_NCA_25C_0_100_0_5_1C_a,337.0,381.16088985004393,-44.16088985004393
luh_to_sandia,luh,sandia,xgboost,1011,sandia_SNL_18650_NCA_25C_0_100_0_5_1C_b,228.0,570.5449458521113,-342.54494585211125
luh_to_sandia,luh,sandia,xgboost,1011,sandia_SNL_18650_NCA_25C_0_100_0_5_1C_c,228.0,454.56368989560247,-226.56368989560247
luh_to_sandia,luh,sandia,xgboost,1011,sandia_SNL_18650_NCA_25C_0_100_0_5_1C_d,251.0,451.340568204861,-200.34056820486097
luh_to_sandia,luh,sandia,xgboost,1011,sandia_SNL_18650_NCA_25C_0_100_0_5_2C_a,225.0,377.94372608164844,-152.94372608164844
luh_to_sandia,luh,sandia,xgboost,1011,sandia_SNL_18650_NCA_25C_0_100_0_5_2C_b,304.0,388.1751967263828,-84.17519672638281
luh_to_sandia,luh,sandia,xgboost,1011,sandia_SNL_18650_NCA_35C_0_100_0_5_1C_a,171.0,570.6551395894196,-399.6551395894196
luh_to_sandia,luh,sandia,xgboost,1011,sandia_SNL_18650_NCA_35C_0_100_0_5_1C_b,320.0,708.404981412993,-388.40498141299304
luh_to_sandia,luh,sandia,xgboost,1011,sandia_SNL_18650_NCA_35C_0_100_0_5_1C_c,346.0,562.6824917959312,-216.68249179593124
luh_to_sandia,luh,sandia,xgboost,1011,sandia_SNL_18650_NCA_35C_0_100_0_5_1C_d,320.0,432.48562278756077,-112.48562278756077
luh_to_sandia,luh,sandia,xgboost,1011,sandia_SNL_18650_NCA_35C_0_100_0_5_2C_a,210.0,613.2836380427489,-403.28363804274886
luh_to_sandia,luh,sandia,xgboost,1011,sandia_SNL_18650_NCA_35C_0_100_0_5_2C_b,216.0,377.94372608164844,-161.94372608164844
luh_to_sandia,luh,sandia,xgboost,1011,sandia_SNL_18650_NMC_15C_0_100_0_5_1C_a,105.0,107.9200594023789,-2.9200594023788966
luh_to_sandia,luh,sandia,xgboost,1011,sandia_SNL_18650_NMC_15C_0_100_0_5_1C_b,142.0,162.17020176627744,-20.170201766277444
luh_to_sandia,luh,sandia,xgboost,1011,sandia_SNL_18650_NMC_15C_0_100_0_5_2C_a,102.0,107.80839691038284,-5.8083969103828395
luh_to_sandia,luh,sandia,xgboost,1011,sandia_SNL_18650_NMC_15C_0_100_0_5_2C_b,103.0,107.9200594023789,-4.920059402378897
luh_to_sandia,luh,sandia,xgboost,1011,sandia_SNL_18650_NMC_25C_0_100_0_5_0_5C_a,49.0,208.75339387311035,-159.75339387311035
luh_to_sandia,luh,sandia,xgboost,1011,sandia_SNL_18650_NMC_25C_0_100_0_5_0_5C_b,327.0,235.20956325723782,91.79043674276218
luh_to_sandia,luh,sandia,xgboost,1011,sandia_SNL_18650_NMC_25C_0_100_0_5_1C_a,271.0,233.18448240933097,37.81551759066903
luh_to_sandia,luh,sandia,xgboost,1011,sandia_SNL_18650_NMC_25C_0_100_0_5_1C_b,340.0,233.18448240933097,106.81551759066903
luh_to_sandia,luh,sandia,xgboost,1011,sandia_SNL_18650_NMC_25C_0_100_0_5_1C_c,282.0,233.18448240933097,48.81551759066903
luh_to_sandia,luh,sandia,xgboost,1011,sandia_SNL_18650_NMC_25C_0_100_0_5_1C_d,285.0,233.18448240933097,51.81551759066903
luh_to_sandia,luh,sandia,xgboost,1011,sandia_SNL_18650_NMC_25C_0_100_0_5_2C_a,233.0,233.18448240933097,-0.18448240933096827
luh_to_sandia,luh,sandia,xgboost,1011,sandia_SNL_18650_NMC_25C_0_100_0_5_2C_b,135.0,426.48625507690747,-291.48625507690747
luh_to_sandia,luh,sandia,xgboost,1011,sandia_SNL_18650_NMC_25C_0_100_0_5_3C_a,261.0,232.75301613338584,28.24698386661416
luh_to_sandia,luh,sandia,xgboost,1011,sandia_SNL_18650_NMC_25C_0_100_0_5_3C_b,287.0,233.18448240933097,53.81551759066903
luh_to_sandia,luh,sandia,xgboost,1011,sandia_SNL_18650_NMC_25C_0_100_0_5_3C_c,305.0,233.18448240933097,71.81551759066903
luh_to_sandia,luh,sandia,xgboost,1011,sandia_SNL_18650_NMC_25C_0_100_0_5_3C_d,304.0,233.18448240933097,70.81551759066903
luh_to_sandia,luh,sandia,xgboost,1011,sandia_SNL_18650_NMC_35C_0_100_0_5_1C_a,280.0,374.5752412872795,-94.57524128727948
luh_to_sandia,luh,sandia,xgboost,1011,sandia_SNL_18650_NMC_35C_0_100_0_5_1C_b,90.0,360.74787322686484,-270.74787322686484
luh_to_sandia,luh,sandia,xgboost,1011,sandia_SNL_18650_NMC_35C_0_100_0_5_1C_c,256.0,371.6896935549124,-115.68969355491242
luh_to_sandia,luh,sandia,xgboost,1011,sandia_SNL_18650_NMC_35C_0_100_0_5_1C_d,390.0,384.9247083287303,5.075291671269724
luh_to_sandia,luh,sandia,xgboost,1011,sandia_SNL_18650_NMC_35C_0_100_0_5_2C_a,170.0,289.3620965261134,-119.36209652611342
luh_to_sandia,luh,sandia,xgboost,1011,sandia_SNL_18650_NMC_35C_0_100_0_5_2C_b,400.0,381.0972820716012,18.902717928398772
