dataset,model,n_cycles,seed,feature,mean_abs_shap_log_cycles,mean_shap_log_cycles,relative_importance,rank,train_cells,test_cells,MAE,SMAPE,R2,attribution_MAE,attribution_SMAPE,attribution_R2,metric_source
matr,catboost,100,42,Qdis_N,0.01650751262440377,-0.006699953748049517,0.03202272164151343,8,89,20,159.92502983700646,23.179327159072493,0.6009600777757226,159.92502983700646,23.179327159072493,0.6009600777757226,benchmark_evaluate_split
matr,catboost,100,42,delta_Qdis,0.008739449733142236,-0.0001908330884352333,0.01695355154177996,18,89,20,159.92502983700646,23.179327159072493,0.6009600777757226,159.92502983700646,23.179327159072493,0.6009600777757226,benchmark_evaluate_split
matr,catboost,100,42,retention_ratio,0.010293910055003713,-0.0033319775562699995,0.019969030089175308,14,89,20,159.92502983700646,23.179327159072493,0.6009600777757226,159.92502983700646,23.179327159072493,0.6009600777757226,benchmark_evaluate_split
matr,catboost,100,42,slope_linear,0.007361900580339897,0.0001272035182206574,0.01428126080535017,19,89,20,159.92502983700646,23.179327159072493,0.6009600777757226,159.92502983700646,23.179327159072493,0.6009600777757226,benchmark_evaluate_split
matr,catboost,100,42,variance_Qdis,0.031045261661626345,-0.0033750828267995665,0.06022432301572247,6,89,20,159.92502983700646,23.179327159072493,0.6009600777757226,159.92502983700646,23.179327159072493,0.6009600777757226,benchmark_evaluate_split
matr,catboost,100,42,range_Qdis,0.08524939706965673,-0.008581513242487869,0.16537426168208486,1,89,20,159.92502983700646,23.179327159072493,0.6009600777757226,159.92502983700646,23.179327159072493,0.6009600777757226,benchmark_evaluate_split
matr,catboost,100,42,max_drop,0.010927041921292882,-0.0035576413973146892,0.021197234845267823,13,89,20,159.92502983700646,23.179327159072493,0.6009600777757226,159.92502983700646,23.179327159072493,0.6009600777757226,benchmark_evaluate_split
matr,catboost,100,42,std_diff,0.006784389179822399,-0.0006026419990634456,0.013160953509856561,23,89,20,159.92502983700646,23.179327159072493,0.6009600777757226,159.92502983700646,23.179327159072493,0.6009600777757226,benchmark_evaluate_split
matr,catboost,100,42,skewness_Qdis,0.007348042977797825,-0.0038992443354232964,0.014254378611834992,20,89,20,159.92502983700646,23.179327159072493,0.6009600777757226,159.92502983700646,23.179327159072493,0.6009600777757226,benchmark_evaluate_split
matr,catboost,100,42,slope_ratio,0.006547378978702273,-0.0012495418254449293,0.012701180322377745,24,89,20,159.92502983700646,23.179327159072493,0.6009600777757226,159.92502983700646,23.179327159072493,0.6009600777757226,benchmark_evaluate_split
matr,catboost,100,42,Qdis_cycle10,0.0071709890922827604,-0.0028012654568115754,0.01391091394696383,21,89,20,159.92502983700646,23.179327159072493,0.6009600777757226,159.92502983700646,23.179327159072493,0.6009600777757226,benchmark_evaluate_split
matr,catboost,100,42,mean_diff,0.003877220432237413,0.001207334571504743,0.007521372448371005,30,89,20,159.92502983700646,23.179327159072493,0.6009600777757226,159.92502983700646,23.179327159072493,0.6009600777757226,benchmark_evaluate_split
matr,catboost,100,42,poly2_a,0.015075035716742005,0.006682732352252458,0.029243877225902663,12,89,20,159.92502983700646,23.179327159072493,0.6009600777757226,159.92502983700646,23.179327159072493,0.6009600777757226,benchmark_evaluate_split
matr,catboost,100,42,poly2_b,0.010084516148971505,0.0017778923629388824,0.01956282941443611,15,89,20,159.92502983700646,23.179327159072493,0.6009600777757226,159.92502983700646,23.179327159072493,0.6009600777757226,benchmark_evaluate_split
matr,catboost,100,42,poly2_c,0.051745553618059284,0.005903994811919573,0.10038056595198094,2,89,20,159.92502983700646,23.179327159072493,0.6009600777757226,159.92502983700646,23.179327159072493,0.6009600777757226,benchmark_evaluate_split
matr,catboost,100,42,exp_decay_k,0.005617112345028108,0.0020572470968131676,0.01089656746880366,25,89,20,159.92502983700646,23.179327159072493,0.6009600777757226,159.92502983700646,23.179327159072493,0.6009600777757226,benchmark_evaluate_split
matr,catboost,100,42,cycle_to_99pct,0.0029375492387387135,-0.0003847593065589592,0.005698515804331674,31,89,20,159.92502983700646,23.179327159072493,0.6009600777757226,159.92502983700646,23.179327159072493,0.6009600777757226,benchmark_evaluate_split
matr,catboost,100,42,cycle_to_98pct,0.00041112173959027387,0.00041112173959027387,0.0007975300293401789,33,89,20,159.92502983700646,23.179327159072493,0.6009600777757226,159.92502983700646,23.179327159072493,0.6009600777757226,benchmark_evaluate_split
matr,catboost,100,42,cycle_to_95pct,0.0,0.0,0.0,34,89,20,159.92502983700646,23.179327159072493,0.6009600777757226,159.92502983700646,23.179327159072493,0.6009600777757226,benchmark_evaluate_split
matr,catboost,100,42,slope_first_quarter,0.008994838837255416,0.004436266496150953,0.01744897773816533,16,89,20,159.92502983700646,23.179327159072493,0.6009600777757226,159.92502983700646,23.179327159072493,0.6009600777757226,benchmark_evaluate_split
matr,catboost,100,42,slope_last_quarter,0.036761894926792715,0.0012237758891181167,0.07131394989908527,5,89,20,159.92502983700646,23.179327159072493,0.6009600777757226,159.92502983700646,23.179327159072493,0.6009600777757226,benchmark_evaluate_split
matr,catboost,100,42,autocorr_lag1,0.004317938425789978,-0.0012405905741352929,0.008376315888430913,29,89,20,159.92502983700646,23.179327159072493,0.6009600777757226,159.92502983700646,23.179327159072493,0.6009600777757226,benchmark_evaluate_split
matr,catboost,100,42,knee_cycle,0.01943669187863755,-0.006949411392660465,0.03770500061537623,7,89,20,159.92502983700646,23.179327159072493,0.6009600777757226,159.92502983700646,23.179327159072493,0.6009600777757226,benchmark_evaluate_split
matr,catboost,100,42,n_capacity_jumps,0.0006943317380145657,0.0004190767068404136,0.0013469256379933705,32,89,20,159.92502983700646,23.179327159072493,0.6009600777757226,159.92502983700646,23.179327159072493,0.6009600777757226,benchmark_evaluate_split
matr,catboost,100,42,accel_mean,0.03687970696033506,0.013570953598233867,0.07154249202060209,4,89,20,159.92502983700646,23.179327159072493,0.6009600777757226,159.92502983700646,23.179327159072493,0.6009600777757226,benchmark_evaluate_split
matr,catboost,100,42,accel_std,0.006840387188156066,-0.003343517270187364,0.013269583360649297,22,89,20,159.92502983700646,23.179327159072493,0.6009600777757226,159.92502983700646,23.179327159072493,0.6009600777757226,benchmark_evaluate_split
matr,catboost,100,42,accel_max_abs,0.016091024995960206,-0.009679664828365814,0.031214782390080385,9,89,20,159.92502983700646,23.179327159072493,0.6009600777757226,159.92502983700646,23.179327159072493,0.6009600777757226,benchmark_evaluate_split
matr,catboost,100,42,linearity_r2,0.015715186205099145,-0.006064295978598889,0.030485697321017084,11,89,20,159.92502983700646,23.179327159072493,0.6009600777757226,159.92502983700646,23.179327159072493,0.6009600777757226,benchmark_evaluate_split
matr,catboost,100,42,kurtosis_Qdis,0.005495086708767741,-0.0006677157756542933,0.01065985143096053,26,89,20,159.92502983700646,23.179327159072493,0.6009600777757226,159.92502983700646,23.179327159072493,0.6009600777757226,benchmark_evaluate_split
matr,catboost,100,42,fft_top3_energy_ratio,0.008836108889984682,-0.00217195375247433,0.017141059456757597,17,89,20,159.92502983700646,23.179327159072493,0.6009600777757226,159.92502983700646,23.179327159072493,0.6009600777757226,benchmark_evaluate_split
matr,catboost,100,42,spectral_entropy,0.005371856833731926,-0.00116985173289427,0.010420799305060192,28,89,20,159.92502983700646,23.179327159072493,0.6009600777757226,159.92502983700646,23.179327159072493,0.6009600777757226,benchmark_evaluate_split
matr,catboost,100,42,sample_entropy,0.01608905786070295,0.003315544952278618,0.031210966368478126,10,89,20,159.92502983700646,23.179327159072493,0.6009600777757226,159.92502983700646,23.179327159072493,0.6009600777757226,benchmark_evaluate_split
matr,catboost,100,42,pos_neg_diff_ratio,0.005473107585819459,0.003574227295736635,0.010617214399439688,27,89,20,159.92502983700646,23.179327159072493,0.6009600777757226,159.92502983700646,23.179327159072493,0.6009600777757226,benchmark_evaluate_split
matr,catboost,100,42,mad_Qdis,0.04077314036351427,-0.008364227435011416,0.07909531581281054,3,89,20,159.92502983700646,23.179327159072493,0.6009600777757226,159.92502983700646,23.179327159072493,0.6009600777757226,benchmark_evaluate_split
matr,catboost,100,123,Qdis_N,0.0024136170675043813,0.0012011070481817003,0.005640216827561567,30,89,20,193.39933763028841,22.096010547405555,0.4287501638704496,193.39933763028841,22.096010547405555,0.4287501638704496,benchmark_evaluate_split
matr,catboost,100,123,delta_Qdis,0.002860262936116446,0.0023351798185327595,0.006683953043228699,28,89,20,193.39933763028841,22.096010547405555,0.4287501638704496,193.39933763028841,22.096010547405555,0.4287501638704496,benchmark_evaluate_split
matr,catboost,100,123,retention_ratio,0.001731765838472145,2.356688829878099e-05,0.004046845274278012,32,89,20,193.39933763028841,22.096010547405555,0.4287501638704496,193.39933763028841,22.096010547405555,0.4287501638704496,benchmark_evaluate_split
matr,catboost,100,123,slope_linear,0.003383163756947489,0.0005204263314466444,0.007905884247024202,25,89,20,193.39933763028841,22.096010547405555,0.4287501638704496,193.39933763028841,22.096010547405555,0.4287501638704496,benchmark_evaluate_split
matr,catboost,100,123,variance_Qdis,0.041795360916234744,0.0007791665096231994,0.09766872348044014,3,89,20,193.39933763028841,22.096010547405555,0.4287501638704496,193.39933763028841,22.096010547405555,0.4287501638704496,benchmark_evaluate_split
matr,catboost,100,123,range_Qdis,0.05989246450350767,0.0007770756523400792,0.13995860846563418,1,89,20,193.39933763028841,22.096010547405555,0.4287501638704496,193.39933763028841,22.096010547405555,0.4287501638704496,benchmark_evaluate_split
matr,catboost,100,123,max_drop,0.004418573848393866,-0.0014670264590461311,0.010325463350863266,23,89,20,193.39933763028841,22.096010547405555,0.4287501638704496,193.39933763028841,22.096010547405555,0.4287501638704496,benchmark_evaluate_split
matr,catboost,100,123,std_diff,0.014656458099248173,-0.0019840538106009344,0.03424967560794749,8,89,20,193.39933763028841,22.096010547405555,0.4287501638704496,193.39933763028841,22.096010547405555,0.4287501638704496,benchmark_evaluate_split
matr,catboost,100,123,skewness_Qdis,0.0026482054015515948,0.0002997014208726958,0.006188410278402056,29,89,20,193.39933763028841,22.096010547405555,0.4287501638704496,193.39933763028841,22.096010547405555,0.4287501638704496,benchmark_evaluate_split
matr,catboost,100,123,slope_ratio,0.004691738364862305,-0.0016330251585319887,0.010963802846892377,22,89,20,193.39933763028841,22.096010547405555,0.4287501638704496,193.39933763028841,22.096010547405555,0.4287501638704496,benchmark_evaluate_split
matr,catboost,100,123,Qdis_cycle10,0.008168093085839007,0.0019325755826317844,0.01908745869098178,18,89,20,193.39933763028841,22.096010547405555,0.4287501638704496,193.39933763028841,22.096010547405555,0.4287501638704496,benchmark_evaluate_split
matr,catboost,100,123,mean_diff,0.009859386268334717,-0.005611254087328887,0.02303972618058642,15,89,20,193.39933763028841,22.096010547405555,0.4287501638704496,193.39933763028841,22.096010547405555,0.4287501638704496,benchmark_evaluate_split
matr,catboost,100,123,poly2_a,0.007010241411264845,-0.0012391537128544675,0.016381754216698317,20,89,20,193.39933763028841,22.096010547405555,0.4287501638704496,193.39933763028841,22.096010547405555,0.4287501638704496,benchmark_evaluate_split
matr,catboost,100,123,poly2_b,0.010254672011263042,-0.003001758437172029,0.023963442427449373,14,89,20,193.39933763028841,22.096010547405555,0.4287501638704496,193.39933763028841,22.096010547405555,0.4287501638704496,benchmark_evaluate_split
matr,catboost,100,123,poly2_c,0.04296222686741324,0.0014808132181545635,0.10039549280186798,2,89,20,193.39933763028841,22.096010547405555,0.4287501638704496,193.39933763028841,22.096010547405555,0.4287501638704496,benchmark_evaluate_split
matr,catboost,100,123,exp_decay_k,0.004414668153602023,0.001072674440499904,0.010316336399539933,24,89,20,193.39933763028841,22.096010547405555,0.4287501638704496,193.39933763028841,22.096010547405555,0.4287501638704496,benchmark_evaluate_split
matr,catboost,100,123,cycle_to_99pct,0.001977486967271467,0.001977486967271467,0.004621054192585988,31,89,20,193.39933763028841,22.096010547405555,0.4287501638704496,193.39933763028841,22.096010547405555,0.4287501638704496,benchmark_evaluate_split
matr,catboost,100,123,cycle_to_98pct,0.003330890606794642,0.003330890606794642,0.0077837306937156864,26,89,20,193.39933763028841,22.096010547405555,0.4287501638704496,193.39933763028841,22.096010547405555,0.4287501638704496,benchmark_evaluate_split
matr,catboost,100,123,cycle_to_95pct,0.0,0.0,0.0,34,89,20,193.39933763028841,22.096010547405555,0.4287501638704496,193.39933763028841,22.096010547405555,0.4287501638704496,benchmark_evaluate_split
matr,catboost,100,123,slope_first_quarter,0.008511279625943821,0.0009656924738254819,0.01988942787016612,17,89,20,193.39933763028841,22.096010547405555,0.4287501638704496,193.39933763028841,22.096010547405555,0.4287501638704496,benchmark_evaluate_split
matr,catboost,100,123,slope_last_quarter,0.03639470616366747,0.022044516306231714,0.08504830236004425,4,89,20,193.39933763028841,22.096010547405555,0.4287501638704496,193.39933763028841,22.096010547405555,0.4287501638704496,benchmark_evaluate_split
matr,catboost,100,123,autocorr_lag1,0.012987314139705917,-0.0010609543519278252,0.03034916712423547,10,89,20,193.39933763028841,22.096010547405555,0.4287501638704496,193.39933763028841,22.096010547405555,0.4287501638704496,benchmark_evaluate_split
matr,catboost,100,123,knee_cycle,0.024690942354295815,0.0017346781840098934,0.057698576311049014,6,89,20,193.39933763028841,22.096010547405555,0.4287501638704496,193.39933763028841,22.096010547405555,0.4287501638704496,benchmark_evaluate_split
matr,catboost,100,123,n_capacity_jumps,0.0003521812142030404,-1.8422331640352784e-05,0.0008229882185714398,33,89,20,193.39933763028841,22.096010547405555,0.4287501638704496,193.39933763028841,22.096010547405555,0.4287501638704496,benchmark_evaluate_split
matr,catboost,100,123,accel_mean,0.02538128874222243,0.0006738763501375995,0.059311799620766506,5,89,20,193.39933763028841,22.096010547405555,0.4287501638704496,193.39933763028841,22.096010547405555,0.4287501638704496,benchmark_evaluate_split
matr,catboost,100,123,accel_std,0.0032871119621250946,0.00102807302715474,0.0076814273699293955,27,89,20,193.39933763028841,22.096010547405555,0.4287501638704496,193.39933763028841,22.096010547405555,0.4287501638704496,benchmark_evaluate_split
matr,catboost,100,123,accel_max_abs,0.009472100035477257,0.0024783439198248648,0.02213470344228429,16,89,20,193.39933763028841,22.096010547405555,0.4287501638704496,193.39933763028841,22.096010547405555,0.4287501638704496,benchmark_evaluate_split
matr,catboost,100,123,linearity_r2,0.006286712462528441,0.004971970543177375,0.014690988847645595,21,89,20,193.39933763028841,22.096010547405555,0.4287501638704496,193.39933763028841,22.096010547405555,0.4287501638704496,benchmark_evaluate_split
matr,catboost,100,123,kurtosis_Qdis,0.011260649488855629,0.00586961996233429,0.02631424246679959,13,89,20,193.39933763028841,22.096010547405555,0.4287501638704496,193.39933763028841,22.096010547405555,0.4287501638704496,benchmark_evaluate_split
matr,catboost,100,123,fft_top3_energy_ratio,0.011551602946819074,0.0011708639515876811,0.026994151724874002,12,89,20,193.39933763028841,22.096010547405555,0.4287501638704496,193.39933763028841,22.096010547405555,0.4287501638704496,benchmark_evaluate_split
matr,catboost,100,123,spectral_entropy,0.007699534586463568,0.0011493926936412206,0.01799251634554713,19,89,20,193.39933763028841,22.096010547405555,0.4287501638704496,193.39933763028841,22.096010547405555,0.4287501638704496,benchmark_evaluate_split
matr,catboost,100,123,sample_entropy,0.01801482458945759,-0.0015914294814950193,0.042097612816472244,7,89,20,193.39933763028841,22.096010547405555,0.4287501638704496,193.39933763028841,22.096010547405555,0.4287501638704496,benchmark_evaluate_split
matr,catboost,100,123,pos_neg_diff_ratio,0.012391423872732238,-0.0006837333386662009,0.02895667187036314,11,89,20,193.39933763028841,22.096010547405555,0.4287501638704496,193.39933763028841,22.096010547405555,0.4287501638704496,benchmark_evaluate_split
matr,catboost,100,123,mad_Qdis,0.013178888682744153,0.004299080002417332,0.03079684458555451,9,89,20,193.39933763028841,22.096010547405555,0.4287501638704496,193.39933763028841,22.096010547405555,0.4287501638704496,benchmark_evaluate_split
matr,catboost,100,456,Qdis_N,0.006502622217307736,0.003742826716909886,0.01396146329721123,18,89,20,211.08461014688191,27.358650659585333,0.4182780325996459,211.08461014688191,27.358650659585333,0.4182780325996459,benchmark_evaluate_split
matr,catboost,100,456,delta_Qdis,0.005757633458802068,0.0023061618278143155,0.012361934236299832,21,89,20,211.08461014688191,27.358650659585333,0.4182780325996459,211.08461014688191,27.358650659585333,0.4182780325996459,benchmark_evaluate_split
matr,catboost,100,456,retention_ratio,0.005490543994073167,-0.0011754760971635402,0.011788479461553862,22,89,20,211.08461014688191,27.358650659585333,0.4182780325996459,211.08461014688191,27.358650659585333,0.4182780325996459,benchmark_evaluate_split
matr,catboost,100,456,slope_linear,0.004037250772861537,0.0020494468872022174,0.008668184403657556,28,89,20,211.08461014688191,27.358650659585333,0.4182780325996459,211.08461014688191,27.358650659585333,0.4182780325996459,benchmark_evaluate_split
matr,catboost,100,456,variance_Qdis,0.025333873484193935,0.004067459741019535,0.05439312526634941,5,89,20,211.08461014688191,27.358650659585333,0.4182780325996459,211.08461014688191,27.358650659585333,0.4182780325996459,benchmark_evaluate_split
matr,catboost,100,456,range_Qdis,0.011043853122466833,-0.0015266128069857871,0.02371171888453187,9,89,20,211.08461014688191,27.358650659585333,0.4182780325996459,211.08461014688191,27.358650659585333,0.4182780325996459,benchmark_evaluate_split
matr,catboost,100,456,max_drop,0.005197108002473719,0.004294927059346587,0.011158457342801182,23,89,20,211.08461014688191,27.358650659585333,0.4182780325996459,211.08461014688191,27.358650659585333,0.4182780325996459,benchmark_evaluate_split
matr,catboost,100,456,std_diff,0.01901107929011955,0.006276653406804956,0.040817761955002335,6,89,20,211.08461014688191,27.358650659585333,0.4182780325996459,211.08461014688191,27.358650659585333,0.4182780325996459,benchmark_evaluate_split
matr,catboost,100,456,skewness_Qdis,0.007246650302856536,0.004331722046571646,0.015558929744029467,15,89,20,211.08461014688191,27.358650659585333,0.4182780325996459,211.08461014688191,27.358650659585333,0.4182780325996459,benchmark_evaluate_split
matr,catboost,100,456,slope_ratio,0.01865937908308837,0.0015823130515690942,0.0400626435784468,7,89,20,211.08461014688191,27.358650659585333,0.4182780325996459,211.08461014688191,27.358650659585333,0.4182780325996459,benchmark_evaluate_split
matr,catboost,100,456,Qdis_cycle10,0.004711811272105572,-0.003548200199308321,0.010116500380999283,25,89,20,211.08461014688191,27.358650659585333,0.4182780325996459,211.08461014688191,27.358650659585333,0.4182780325996459,benchmark_evaluate_split
matr,catboost,100,456,mean_diff,0.008913255481717845,-0.004665916813042675,0.019137216511740236,11,89,20,211.08461014688191,27.358650659585333,0.4182780325996459,211.08461014688191,27.358650659585333,0.4182780325996459,benchmark_evaluate_split
matr,catboost,100,456,poly2_a,0.008533293094647652,-0.0028094104598124225,0.018321417785607624,12,89,20,211.08461014688191,27.358650659585333,0.4182780325996459,211.08461014688191,27.358650659585333,0.4182780325996459,benchmark_evaluate_split
matr,catboost,100,456,poly2_b,0.007384860351902467,0.0013307533168573874,0.015855673805513552,14,89,20,211.08461014688191,27.358650659585333,0.4182780325996459,211.08461014688191,27.358650659585333,0.4182780325996459,benchmark_evaluate_split
matr,catboost,100,456,poly2_c,0.04637198913533319,0.006540455559608427,0.09956303821686296,4,89,20,211.08461014688191,27.358650659585333,0.4182780325996459,211.08461014688191,27.358650659585333,0.4182780325996459,benchmark_evaluate_split
matr,catboost,100,456,exp_decay_k,0.006722867084553291,0.003025771622345054,0.014434340319386,16,89,20,211.08461014688191,27.358650659585333,0.4182780325996459,211.08461014688191,27.358650659585333,0.4182780325996459,benchmark_evaluate_split
matr,catboost,100,456,cycle_to_99pct,0.001464236972309362,-0.00043204629219654024,0.0031437918526013913,31,89,20,211.08461014688191,27.358650659585333,0.4182780325996459,211.08461014688191,27.358650659585333,0.4182780325996459,benchmark_evaluate_split
matr,catboost,100,456,cycle_to_98pct,0.0006652894570143013,-0.00021858631179553551,0.001428410574337873,32,89,20,211.08461014688191,27.358650659585333,0.4182780325996459,211.08461014688191,27.358650659585333,0.4182780325996459,benchmark_evaluate_split
matr,catboost,100,456,cycle_to_95pct,0.0,0.0,0.0,34,89,20,211.08461014688191,27.358650659585333,0.4182780325996459,211.08461014688191,27.358650659585333,0.4182780325996459,benchmark_evaluate_split
matr,catboost,100,456,slope_first_quarter,0.005090684374033102,0.0012303822323593973,0.01092996035608174,24,89,20,211.08461014688191,27.358650659585333,0.4182780325996459,211.08461014688191,27.358650659585333,0.4182780325996459,benchmark_evaluate_split
matr,catboost,100,456,slope_last_quarter,0.059143692191114414,0.008031797220126868,0.12698453949700284,2,89,20,211.08461014688191,27.358650659585333,0.4182780325996459,211.08461014688191,27.358650659585333,0.4182780325996459,benchmark_evaluate_split
matr,catboost,100,456,autocorr_lag1,0.003898023535500036,0.000800743606465782,0.00836925638670757,29,89,20,211.08461014688191,27.358650659585333,0.4182780325996459,211.08461014688191,27.358650659585333,0.4182780325996459,benchmark_evaluate_split
matr,catboost,100,456,knee_cycle,0.006302294645290753,-0.0035594383834152846,0.013531349729074018,19,89,20,211.08461014688191,27.358650659585333,0.4182780325996459,211.08461014688191,27.358650659585333,0.4182780325996459,benchmark_evaluate_split
matr,catboost,100,456,n_capacity_jumps,0.0005135959306100676,0.00014815419638561678,0.001102716795652679,33,89,20,211.08461014688191,27.358650659585333,0.4182780325996459,211.08461014688191,27.358650659585333,0.4182780325996459,benchmark_evaluate_split
matr,catboost,100,456,accel_mean,0.08887978549936879,0.02441622574877102,0.19082945643230179,1,89,20,211.08461014688191,27.358650659585333,0.4182780325996459,211.08461014688191,27.358650659585333,0.4182780325996459,benchmark_evaluate_split
matr,catboost,100,456,accel_std,0.003639125403545087,0.0005238523780890299,0.00781338882340599,30,89,20,211.08461014688191,27.358650659585333,0.4182780325996459,211.08461014688191,27.358650659585333,0.4182780325996459,benchmark_evaluate_split
matr,catboost,100,456,accel_max_abs,0.01779062391135249,0.004130828577450388,0.03819738168268889,8,89,20,211.08461014688191,27.358650659585333,0.4182780325996459,211.08461014688191,27.358650659585333,0.4182780325996459,benchmark_evaluate_split
matr,catboost,100,456,linearity_r2,0.007960870905055486,0.00022670507783564543,0.017092397995832852,13,89,20,211.08461014688191,27.358650659585333,0.4182780325996459,211.08461014688191,27.358650659585333,0.4182780325996459,benchmark_evaluate_split
matr,catboost,100,456,kurtosis_Qdis,0.006041660631162659,-0.0003955272972407043,0.012971755137746092,20,89,20,211.08461014688191,27.358650659585333,0.4182780325996459,211.08461014688191,27.358650659585333,0.4182780325996459,benchmark_evaluate_split
matr,catboost,100,456,fft_top3_energy_ratio,0.010775619719323214,0.0032414469572993017,0.02313580801535851,10,89,20,211.08461014688191,27.358650659585333,0.4182780325996459,211.08461014688191,27.358650659585333,0.4182780325996459,benchmark_evaluate_split
matr,catboost,100,456,spectral_entropy,0.0046987387933245545,0.001581556397439995,0.010088433098815955,26,89,20,211.08461014688191,27.358650659585333,0.4182780325996459,211.08461014688191,27.358650659585333,0.4182780325996459,benchmark_evaluate_split
matr,catboost,100,456,sample_entropy,0.006664410882225723,-0.001694571867039912,0.0143088318558744,17,89,20,211.08461014688191,27.358650659585333,0.4182780325996459,211.08461014688191,27.358650659585333,0.4182780325996459,benchmark_evaluate_split
matr,catboost,100,456,pos_neg_diff_ratio,0.004489720593911089,0.00101515980397424,0.009639660308080389,27,89,20,211.08461014688191,27.358650659585333,0.4182780325996459,211.08461014688191,27.358650659585333,0.4182780325996459,benchmark_evaluate_split
matr,catboost,100,456,mad_Qdis,0.0468186193879427,0.003045916755066994,0.10052197626844388,3,89,20,211.08461014688191,27.358650659585333,0.4182780325996459,211.08461014688191,27.358650659585333,0.4182780325996459,benchmark_evaluate_split
matr,catboost,100,789,Qdis_N,0.002611766209774902,-0.000973623789768047,0.0051639453686523505,30,89,20,102.17690077944633,17.79208810207881,0.7669233750139525,102.17690077944633,17.79208810207881,0.7669233750139525,benchmark_evaluate_split
matr,catboost,100,789,delta_Qdis,0.005050783960951518,0.0021078997496560272,0.009986335050052994,28,89,20,102.17690077944633,17.79208810207881,0.7669233750139525,102.17690077944633,17.79208810207881,0.7669233750139525,benchmark_evaluate_split
matr,catboost,100,789,retention_ratio,0.006135450327205752,-0.0006517168366405991,0.012130921283533005,24,89,20,102.17690077944633,17.79208810207881,0.7669233750139525,102.17690077944633,17.79208810207881,0.7669233750139525,benchmark_evaluate_split
matr,catboost,100,789,slope_linear,0.005436923844324272,-0.0013645504509439688,0.010749805093785026,26,89,20,102.17690077944633,17.79208810207881,0.7669233750139525,102.17690077944633,17.79208810207881,0.7669233750139525,benchmark_evaluate_split
matr,catboost,100,789,variance_Qdis,0.03441306985424046,0.002074237677665415,0.06804101072669545,5,89,20,102.17690077944633,17.79208810207881,0.7669233750139525,102.17690077944633,17.79208810207881,0.7669233750139525,benchmark_evaluate_split
matr,catboost,100,789,range_Qdis,0.03604519940467069,0.010012617047541986,0.07126803303881551,3,89,20,102.17690077944633,17.79208810207881,0.7669233750139525,102.17690077944633,17.79208810207881,0.7669233750139525,benchmark_evaluate_split
matr,catboost,100,789,max_drop,0.006833733929839049,-0.0020054252145192937,0.013511557254060733,20,89,20,102.17690077944633,17.79208810207881,0.7669233750139525,102.17690077944633,17.79208810207881,0.7669233750139525,benchmark_evaluate_split
matr,catboost,100,789,std_diff,0.008605679294924742,0.002540130660390673,0.01701502131883546,17,89,20,102.17690077944633,17.79208810207881,0.7669233750139525,102.17690077944633,17.79208810207881,0.7669233750139525,benchmark_evaluate_split
matr,catboost,100,789,skewness_Qdis,0.006331708847706516,0.0026998320069651616,0.012518960716084602,23,89,20,102.17690077944633,17.79208810207881,0.7669233750139525,102.17690077944633,17.79208810207881,0.7669233750139525,benchmark_evaluate_split
matr,catboost,100,789,slope_ratio,0.009123072048816138,0.0006668858258006043,0.018038002589223376,16,89,20,102.17690077944633,17.79208810207881,0.7669233750139525,102.17690077944633,17.79208810207881,0.7669233750139525,benchmark_evaluate_split
matr,catboost,100,789,Qdis_cycle10,0.016874515825480385,-0.0029283419508102154,0.03336404212563513,10,89,20,102.17690077944633,17.79208810207881,0.7669233750139525,102.17690077944633,17.79208810207881,0.7669233750139525,benchmark_evaluate_split
matr,catboost,100,789,mean_diff,0.01376569954899495,0.0007666818465459586,0.02721733674562655,12,89,20,102.17690077944633,17.79208810207881,0.7669233750139525,102.17690077944633,17.79208810207881,0.7669233750139525,benchmark_evaluate_split
matr,catboost,100,789,poly2_a,0.004959632256840119,-0.0021028306751772236,0.009806111254167605,29,89,20,102.17690077944633,17.79208810207881,0.7669233750139525,102.17690077944633,17.79208810207881,0.7669233750139525,benchmark_evaluate_split
matr,catboost,100,789,poly2_b,0.008408062342782777,-0.0007022375914847259,0.016624296015413816,18,89,20,102.17690077944633,17.79208810207881,0.7669233750139525,102.17690077944633,17.79208810207881,0.7669233750139525,benchmark_evaluate_split
matr,catboost,100,789,poly2_c,0.034608111979910525,-0.002620247600044788,0.06842664512144966,4,89,20,102.17690077944633,17.79208810207881,0.7669233750139525,102.17690077944633,17.79208810207881,0.7669233750139525,benchmark_evaluate_split
matr,catboost,100,789,exp_decay_k,0.005728863838065274,-0.003999485220960724,0.011327024514482401,25,89,20,102.17690077944633,17.79208810207881,0.7669233750139525,102.17690077944633,17.79208810207881,0.7669233750139525,benchmark_evaluate_split
matr,catboost,100,789,cycle_to_99pct,0.013153864992089181,-0.004255511457500899,0.026007626544655955,14,89,20,102.17690077944633,17.79208810207881,0.7669233750139525,102.17690077944633,17.79208810207881,0.7669233750139525,benchmark_evaluate_split
matr,catboost,100,789,cycle_to_98pct,0.0022033150191094995,-0.0016193379969712777,0.004356361739435044,32,89,20,102.17690077944633,17.79208810207881,0.7669233750139525,102.17690077944633,17.79208810207881,0.7669233750139525,benchmark_evaluate_split
matr,catboost,100,789,cycle_to_95pct,0.0,0.0,0.0,34,89,20,102.17690077944633,17.79208810207881,0.7669233750139525,102.17690077944633,17.79208810207881,0.7669233750139525,benchmark_evaluate_split
matr,catboost,100,789,slope_first_quarter,0.013322619769287575,-0.0014552557349018368,0.026341285984344744,13,89,20,102.17690077944633,17.79208810207881,0.7669233750139525,102.17690077944633,17.79208810207881,0.7669233750139525,benchmark_evaluate_split
matr,catboost,100,789,slope_last_quarter,0.04945612761987426,-0.005701409923542524,0.09778392117116035,2,89,20,102.17690077944633,17.79208810207881,0.7669233750139525,102.17690077944633,17.79208810207881,0.7669233750139525,benchmark_evaluate_split
matr,catboost,100,789,autocorr_lag1,0.009214833456989441,0.0019127059381273928,0.018219431882926653,15,89,20,102.17690077944633,17.79208810207881,0.7669233750139525,102.17690077944633,17.79208810207881,0.7669233750139525,benchmark_evaluate_split
matr,catboost,100,789,knee_cycle,0.018139111543025242,0.005459362848179901,0.035864382000771265,9,89,20,102.17690077944633,17.79208810207881,0.7669233750139525,102.17690077944633,17.79208810207881,0.7669233750139525,benchmark_evaluate_split
matr,catboost,100,789,n_capacity_jumps,0.0010317402302860274,0.00029832739494494007,0.002039941463327618,33,89,20,102.17690077944633,17.79208810207881,0.7669233750139525,102.17690077944633,17.79208810207881,0.7669233750139525,benchmark_evaluate_split
matr,catboost,100,789,accel_mean,0.08053552946852233,0.0414925502886273,0.15923365301781123,1,89,20,102.17690077944633,17.79208810207881,0.7669233750139525,102.17690077944633,17.79208810207881,0.7669233750139525,benchmark_evaluate_split
matr,catboost,100,789,accel_std,0.00534039365574102,0.0005241633001432787,0.010558947038265355,27,89,20,102.17690077944633,17.79208810207881,0.7669233750139525,102.17690077944633,17.79208810207881,0.7669233750139525,benchmark_evaluate_split
matr,catboost,100,789,accel_max_abs,0.006549447352510901,0.0028007666729205154,0.012949470054651623,22,89,20,102.17690077944633,17.79208810207881,0.7669233750139525,102.17690077944633,17.79208810207881,0.7669233750139525,benchmark_evaluate_split
matr,catboost,100,789,linearity_r2,0.02296972378462995,-0.011534184509037038,0.04541539679659401,7,89,20,102.17690077944633,17.79208810207881,0.7669233750139525,102.17690077944633,17.79208810207881,0.7669233750139525,benchmark_evaluate_split
matr,catboost,100,789,kurtosis_Qdis,0.007579116321498182,-0.003934645445751068,0.014985316250894883,19,89,20,102.17690077944633,17.79208810207881,0.7669233750139525,102.17690077944633,17.79208810207881,0.7669233750139525,benchmark_evaluate_split
matr,catboost,100,789,fft_top3_energy_ratio,0.006607867049061222,-0.0017166980394317244,0.013064976611214781,21,89,20,102.17690077944633,17.79208810207881,0.7669233750139525,102.17690077944633,17.79208810207881,0.7669233750139525,benchmark_evaluate_split
matr,catboost,100,789,spectral_entropy,0.0025065313344494224,0.00014992413583020918,0.004955876535759167,31,89,20,102.17690077944633,17.79208810207881,0.7669233750139525,102.17690077944633,17.79208810207881,0.7669233750139525,benchmark_evaluate_split
matr,catboost,100,789,sample_entropy,0.027194744014404408,0.004156415552888195,0.05376904405887584,6,89,20,102.17690077944633,17.79208810207881,0.7669233750139525,102.17690077944633,17.79208810207881,0.7669233750139525,benchmark_evaluate_split
matr,catboost,100,789,pos_neg_diff_ratio,0.019863555280497495,-0.00026347018460962205,0.039273926552765785,8,89,20,102.17690077944633,17.79208810207881,0.7669233750139525,102.17690077944633,17.79208810207881,0.7669233750139525,benchmark_evaluate_split
matr,catboost,100,789,mad_Qdis,0.015168733216616609,0.0033727895632471422,0.02999139408003192,11,89,20,102.17690077944633,17.79208810207881,0.7669233750139525,102.17690077944633,17.79208810207881,0.7669233750139525,benchmark_evaluate_split
matr,catboost,100,1011,Qdis_N,0.007758863703703582,0.0004244775150501241,0.01898822977897469,18,89,20,209.57573237639957,31.012947371332842,0.4235993870653256,209.57573237639957,31.012947371332842,0.4235993870653256,benchmark_evaluate_split
matr,catboost,100,1011,delta_Qdis,0.0034428272468551577,0.0005269074163198588,0.00842561454216493,27,89,20,209.57573237639957,31.012947371332842,0.4235993870653256,209.57573237639957,31.012947371332842,0.4235993870653256,benchmark_evaluate_split
matr,catboost,100,1011,retention_ratio,0.00428315190545978,-0.0013373011371054318,0.01048213703255312,25,89,20,209.57573237639957,31.012947371332842,0.4235993870653256,209.57573237639957,31.012947371332842,0.4235993870653256,benchmark_evaluate_split
matr,catboost,100,1011,slope_linear,0.006897390459354684,-0.002856218007047581,0.01687995045653634,21,89,20,209.57573237639957,31.012947371332842,0.4235993870653256,209.57573237639957,31.012947371332842,0.4235993870653256,benchmark_evaluate_split
matr,catboost,100,1011,variance_Qdis,0.03101072747163102,-0.006279976610073873,0.07589240400800171,3,89,20,209.57573237639957,31.012947371332842,0.4235993870653256,209.57573237639957,31.012947371332842,0.4235993870653256,benchmark_evaluate_split
matr,catboost,100,1011,range_Qdis,0.028085443437575124,-0.010255407603275911,0.06873337047827166,4,89,20,209.57573237639957,31.012947371332842,0.4235993870653256,209.57573237639957,31.012947371332842,0.4235993870653256,benchmark_evaluate_split
matr,catboost,100,1011,max_drop,0.01558333498729073,0.0005328284766808347,0.03813702067226267,9,89,20,209.57573237639957,31.012947371332842,0.4235993870653256,209.57573237639957,31.012947371332842,0.4235993870653256,benchmark_evaluate_split
matr,catboost,100,1011,std_diff,0.008596443702774922,0.0004090444673691294,0.02103803527730409,15,89,20,209.57573237639957,31.012947371332842,0.4235993870653256,209.57573237639957,31.012947371332842,0.4235993870653256,benchmark_evaluate_split
matr,catboost,100,1011,skewness_Qdis,0.003752203513478614,-0.0007307683760859323,0.009182749589659504,26,89,20,209.57573237639957,31.012947371332842,0.4235993870653256,209.57573237639957,31.012947371332842,0.4235993870653256,benchmark_evaluate_split
matr,catboost,100,1011,slope_ratio,0.007639746877245083,0.00027138743418545993,0.01869671574319435,19,89,20,209.57573237639957,31.012947371332842,0.4235993870653256,209.57573237639957,31.012947371332842,0.4235993870653256,benchmark_evaluate_split
matr,catboost,100,1011,Qdis_cycle10,0.0029966614042620425,-0.0016611402174233248,0.007333715024115144,28,89,20,209.57573237639957,31.012947371332842,0.4235993870653256,209.57573237639957,31.012947371332842,0.4235993870653256,benchmark_evaluate_split
matr,catboost,100,1011,mean_diff,0.0029086407978798096,-0.0008969436668463832,0.007118302617982435,29,89,20,209.57573237639957,31.012947371332842,0.4235993870653256,209.57573237639957,31.012947371332842,0.4235993870653256,benchmark_evaluate_split
matr,catboost,100,1011,poly2_a,0.00545051904482821,0.0009923682968587051,0.013339029011229249,23,89,20,209.57573237639957,31.012947371332842,0.4235993870653256,209.57573237639957,31.012947371332842,0.4235993870653256,benchmark_evaluate_split
matr,catboost,100,1011,poly2_b,0.011274481026409825,0.0005963277702749023,0.027591983123246643,12,89,20,209.57573237639957,31.012947371332842,0.4235993870653256,209.57573237639957,31.012947371332842,0.4235993870653256,benchmark_evaluate_split
matr,catboost,100,1011,poly2_c,0.061299785216439494,-0.016938096130756555,0.1500186691687782,1,89,20,209.57573237639957,31.012947371332842,0.4235993870653256,209.57573237639957,31.012947371332842,0.4235993870653256,benchmark_evaluate_split
matr,catboost,100,1011,exp_decay_k,0.0027117787265380656,-0.000640190720751723,0.0066365230187844714,31,89,20,209.57573237639957,31.012947371332842,0.4235993870653256,209.57573237639957,31.012947371332842,0.4235993870653256,benchmark_evaluate_split
matr,catboost,100,1011,cycle_to_99pct,0.0016245798238278739,-0.0011909212197985949,0.0039758263796289,32,89,20,209.57573237639957,31.012947371332842,0.4235993870653256,209.57573237639957,31.012947371332842,0.4235993870653256,benchmark_evaluate_split
matr,catboost,100,1011,cycle_to_98pct,0.0,0.0,0.0,34,89,20,209.57573237639957,31.012947371332842,0.4235993870653256,209.57573237639957,31.012947371332842,0.4235993870653256,benchmark_evaluate_split
matr,catboost,100,1011,cycle_to_95pct,0.0,0.0,0.0,33,89,20,209.57573237639957,31.012947371332842,0.4235993870653256,209.57573237639957,31.012947371332842,0.4235993870653256,benchmark_evaluate_split
matr,catboost,100,1011,slope_first_quarter,0.013604399901336817,0.0026952001519894332,0.033293982366043764,10,89,20,209.57573237639957,31.012947371332842,0.4235993870653256,209.57573237639957,31.012947371332842,0.4235993870653256,benchmark_evaluate_split
matr,catboost,100,1011,slope_last_quarter,0.023748881894677012,-0.002924693970707049,0.05812052429721182,5,89,20,209.57573237639957,31.012947371332842,0.4235993870653256,209.57573237639957,31.012947371332842,0.4235993870653256,benchmark_evaluate_split
matr,catboost,100,1011,autocorr_lag1,0.007802575095468221,0.00233861795173091,0.019095204457546446,16,89,20,209.57573237639957,31.012947371332842,0.4235993870653256,209.57573237639957,31.012947371332842,0.4235993870653256,benchmark_evaluate_split
matr,catboost,100,1011,knee_cycle,0.01020962234607958,-0.0006284103993514855,0.024985959602741335,14,89,20,209.57573237639957,31.012947371332842,0.4235993870653256,209.57573237639957,31.012947371332842,0.4235993870653256,benchmark_evaluate_split
matr,catboost,100,1011,n_capacity_jumps,0.0028432750264462845,0.0003331714789956118,0.0069583332803244925,30,89,20,209.57573237639957,31.012947371332842,0.4235993870653256,209.57573237639957,31.012947371332842,0.4235993870653256,benchmark_evaluate_split
matr,catboost,100,1011,accel_mean,0.04465183337524809,0.0064652474192065015,0.1092762167966668,2,89,20,209.57573237639957,31.012947371332842,0.4235993870653256,209.57573237639957,31.012947371332842,0.4235993870653256,benchmark_evaluate_split
matr,catboost,100,1011,accel_std,0.005989650912601553,0.001446038032846589,0.014658443835021228,22,89,20,209.57573237639957,31.012947371332842,0.4235993870653256,209.57573237639957,31.012947371332842,0.4235993870653256,benchmark_evaluate_split
matr,catboost,100,1011,accel_max_abs,0.017034881110825757,-0.0010204895709433697,0.04168938251041516,7,89,20,209.57573237639957,31.012947371332842,0.4235993870653256,209.57573237639957,31.012947371332842,0.4235993870653256,benchmark_evaluate_split
matr,catboost,100,1011,linearity_r2,0.010866807422519909,-0.002805260292413233,0.026594285475614377,13,89,20,209.57573237639957,31.012947371332842,0.4235993870653256,209.57573237639957,31.012947371332842,0.4235993870653256,benchmark_evaluate_split
matr,catboost,100,1011,kurtosis_Qdis,0.004883121341966299,-0.002321844776160205,0.011950439345340206,24,89,20,209.57573237639957,31.012947371332842,0.4235993870653256,209.57573237639957,31.012947371332842,0.4235993870653256,benchmark_evaluate_split
matr,catboost,100,1011,fft_top3_energy_ratio,0.0078000039502288164,-0.001832382145140618,0.019088912106183496,17,89,20,209.57573237639957,31.012947371332842,0.4235993870653256,209.57573237639957,31.012947371332842,0.4235993870653256,benchmark_evaluate_split
matr,catboost,100,1011,spectral_entropy,0.007216771517665509,-0.0003824619263849705,0.01766157018254896,20,89,20,209.57573237639957,31.012947371332842,0.4235993870653256,209.57573237639957,31.012947371332842,0.4235993870653256,benchmark_evaluate_split
matr,catboost,100,1011,sample_entropy,0.016372633123342917,0.007394762247791374,0.04006866619972842,8,89,20,209.57573237639957,31.012947371332842,0.4235993870653256,209.57573237639957,31.012947371332842,0.4235993870653256,benchmark_evaluate_split
matr,catboost,100,1011,pos_neg_diff_ratio,0.012960746539501817,1.0186566920540249e-05,0.031718772593161866,11,89,20,209.57573237639957,31.012947371332842,0.4235993870653256,209.57573237639957,31.012947371332842,0.4235993870653256,benchmark_evaluate_split
matr,catboost,100,1011,mad_Qdis,0.017312595267525533,0.001042759757011779,0.04236903102876358,6,89,20,209.57573237639957,31.012947371332842,0.4235993870653256,209.57573237639957,31.012947371332842,0.4235993870653256,benchmark_evaluate_split
hust,random_forest,100,42,Qdis_N,0.0006198172166082075,-0.00047909643030062996,0.004018472875886359,29,53,12,225.1235547158983,15.556085817259827,0.1150916364702751,225.123554715898,15.556085817259804,0.11509163647027498,benchmark_evaluate_split
hust,random_forest,100,42,delta_Qdis,0.0015522593045027462,-0.0015522593045027462,0.010063792589726379,21,53,12,225.1235547158983,15.556085817259827,0.1150916364702751,225.123554715898,15.556085817259804,0.11509163647027498,benchmark_evaluate_split
hust,random_forest,100,42,retention_ratio,0.0009342980145416554,-0.0009079363812147242,0.0060573522787498585,27,53,12,225.1235547158983,15.556085817259827,0.1150916364702751,225.123554715898,15.556085817259804,0.11509163647027498,benchmark_evaluate_split
hust,random_forest,100,42,slope_linear,0.0004920122356679464,-0.00022636268521640133,0.0031898723860160493,30,53,12,225.1235547158983,15.556085817259827,0.1150916364702751,225.123554715898,15.556085817259804,0.11509163647027498,benchmark_evaluate_split
hust,random_forest,100,42,variance_Qdis,0.006185318520768385,-0.0024520540709441316,0.04010139447310111,7,53,12,225.1235547158983,15.556085817259827,0.1150916364702751,225.123554715898,15.556085817259804,0.11509163647027498,benchmark_evaluate_split
hust,random_forest,100,42,range_Qdis,0.00563639254188318,-0.0009578683033740292,0.03654253212156708,8,53,12,225.1235547158983,15.556085817259827,0.1150916364702751,225.123554715898,15.556085817259804,0.11509163647027498,benchmark_evaluate_split
hust,random_forest,100,42,max_drop,0.007763241624620052,0.0009426448472728068,0.050331573666510705,4,53,12,225.1235547158983,15.556085817259827,0.1150916364702751,225.123554715898,15.556085817259804,0.11509163647027498,benchmark_evaluate_split
hust,random_forest,100,42,std_diff,0.0038792317260712065,-0.0017812363286512582,0.025150297624515098,12,53,12,225.1235547158983,15.556085817259827,0.1150916364702751,225.123554715898,15.556085817259804,0.11509163647027498,benchmark_evaluate_split
hust,random_forest,100,42,skewness_Qdis,0.0018805622624335488,0.0007377356273393368,0.012192285468219809,18,53,12,225.1235547158983,15.556085817259827,0.1150916364702751,225.123554715898,15.556085817259804,0.11509163647027498,benchmark_evaluate_split
hust,random_forest,100,42,slope_ratio,0.03975231648671712,0.018272969460706643,0.2577269576822651,1,53,12,225.1235547158983,15.556085817259827,0.1150916364702751,225.123554715898,15.556085817259804,0.11509163647027498,benchmark_evaluate_split
hust,random_forest,100,42,Qdis_cycle10,0.006450015171074815,0.0009290579062100627,0.04181750735459715,6,53,12,225.1235547158983,15.556085817259827,0.1150916364702751,225.123554715898,15.556085817259804,0.11509163647027498,benchmark_evaluate_split
hust,random_forest,100,42,mean_diff,0.0014215151406421613,-0.0014215151406421613,0.009216136438725483,24,53,12,225.1235547158983,15.556085817259827,0.1150916364702751,225.123554715898,15.556085817259804,0.11509163647027498,benchmark_evaluate_split
hust,random_forest,100,42,poly2_a,0.0013905393276166637,-6.915452006504547e-05,0.009015310354654037,26,53,12,225.1235547158983,15.556085817259827,0.1150916364702751,225.123554715898,15.556085817259804,0.11509163647027498,benchmark_evaluate_split
hust,random_forest,100,42,poly2_b,0.0006269828247825258,-0.00044401272584661814,0.00406492980111554,28,53,12,225.1235547158983,15.556085817259827,0.1150916364702751,225.123554715898,15.556085817259804,0.11509163647027498,benchmark_evaluate_split
hust,random_forest,100,42,poly2_c,0.003115030027391216,-0.0003687628442367188,0.020195734060345853,13,53,12,225.1235547158983,15.556085817259827,0.1150916364702751,225.123554715898,15.556085817259804,0.11509163647027498,benchmark_evaluate_split
hust,random_forest,100,42,exp_decay_k,0.0014110254497870529,-0.0006278886402612981,0.009148128424349316,25,53,12,225.1235547158983,15.556085817259827,0.1150916364702751,225.123554715898,15.556085817259804,0.11509163647027498,benchmark_evaluate_split
hust,random_forest,100,42,cycle_to_99pct,0.00013494248608218498,-0.00013348068910706002,0.0008748752141693125,31,53,12,225.1235547158983,15.556085817259827,0.1150916364702751,225.123554715898,15.556085817259804,0.11509163647027498,benchmark_evaluate_split
hust,random_forest,100,42,cycle_to_98pct,0.0,0.0,0.0,33,53,12,225.1235547158983,15.556085817259827,0.1150916364702751,225.123554715898,15.556085817259804,0.11509163647027498,benchmark_evaluate_split
hust,random_forest,100,42,cycle_to_95pct,0.0,0.0,0.0,32,53,12,225.1235547158983,15.556085817259827,0.1150916364702751,225.123554715898,15.556085817259804,0.11509163647027498,benchmark_evaluate_split
hust,random_forest,100,42,slope_first_quarter,0.004411480677110022,-0.0036829901673498984,0.02860103748081119,11,53,12,225.1235547158983,15.556085817259827,0.1150916364702751,225.123554715898,15.556085817259804,0.11509163647027498,benchmark_evaluate_split
hust,random_forest,100,42,slope_last_quarter,0.0019221196717779023,-0.0003538696500465734,0.012461715419127339,17,53,12,225.1235547158983,15.556085817259827,0.1150916364702751,225.123554715898,15.556085817259804,0.11509163647027498,benchmark_evaluate_split
hust,random_forest,100,42,autocorr_lag1,0.0015609943946237107,0.00013468145653373298,0.010120424967432186,20,53,12,225.1235547158983,15.556085817259827,0.1150916364702751,225.123554715898,15.556085817259804,0.11509163647027498,benchmark_evaluate_split
hust,random_forest,100,42,knee_cycle,0.005493138214455733,-0.0021567873226200473,0.035613768586616065,9,53,12,225.1235547158983,15.556085817259827,0.1150916364702751,225.123554715898,15.556085817259804,0.11509163647027498,benchmark_evaluate_split
hust,random_forest,100,42,n_capacity_jumps,0.0,0.0,0.0,34,53,12,225.1235547158983,15.556085817259827,0.1150916364702751,225.123554715898,15.556085817259804,0.11509163647027498,benchmark_evaluate_split
hust,random_forest,100,42,accel_mean,0.005095222093738702,-0.00035074789028206703,0.03303395135157777,10,53,12,225.1235547158983,15.556085817259827,0.1150916364702751,225.123554715898,15.556085817259804,0.11509163647027498,benchmark_evaluate_split
hust,random_forest,100,42,accel_std,0.0016566442580965585,-4.604092484923598e-05,0.010740553566071669,19,53,12,225.1235547158983,15.556085817259827,0.1150916364702751,225.123554715898,15.556085817259804,0.11509163647027498,benchmark_evaluate_split
hust,random_forest,100,42,accel_max_abs,0.010168776955955425,0.002555100964134854,0.0659274271244953,3,53,12,225.1235547158983,15.556085817259827,0.1150916364702751,225.123554715898,15.556085817259804,0.11509163647027498,benchmark_evaluate_split
hust,random_forest,100,42,linearity_r2,0.02253703024442762,0.00030143375147719903,0.14611476143862837,2,53,12,225.1235547158983,15.556085817259827,0.1150916364702751,225.123554715898,15.556085817259804,0.11509163647027498,benchmark_evaluate_split
hust,random_forest,100,42,kurtosis_Qdis,0.007517654476313745,-0.0021032593697881173,0.04873935378669573,5,53,12,225.1235547158983,15.556085817259827,0.1150916364702751,225.123554715898,15.556085817259804,0.11509163647027498,benchmark_evaluate_split
hust,random_forest,100,42,fft_top3_energy_ratio,0.0014352946434663437,-0.0006424963033613366,0.009305473354284539,22,53,12,225.1235547158983,15.556085817259827,0.1150916364702751,225.123554715898,15.556085817259804,0.11509163647027498,benchmark_evaluate_split
hust,random_forest,100,42,spectral_entropy,0.0014331519803197645,-0.00014816390776798482,0.009291581785115475,23,53,12,225.1235547158983,15.556085817259827,0.1150916364702751,225.123554715898,15.556085817259804,0.11509163647027498,benchmark_evaluate_split
hust,random_forest,100,42,sample_entropy,0.003037240452182066,-0.0011949701018477367,0.019691399411955014,14,53,12,225.1235547158983,15.556085817259827,0.1150916364702751,225.123554715898,15.556085817259804,0.11509163647027498,benchmark_evaluate_split
hust,random_forest,100,42,pos_neg_diff_ratio,0.0020439182966155395,-0.0011821560370918977,0.0132513747850105,16,53,12,225.1235547158983,15.556085817259827,0.1150916364702751,225.123554715898,15.556085817259804,0.11509163647027498,benchmark_evaluate_split
hust,random_forest,100,42,mad_Qdis,0.002683814189325838,-0.0007454845811808987,0.017400024127664743,15,53,12,225.1235547158983,15.556085817259827,0.1150916364702751,225.123554715898,15.556085817259804,0.11509163647027498,benchmark_evaluate_split
hust,random_forest,100,123,Qdis_N,0.000642694243789737,4.632760866280282e-06,0.003236270873642075,30,53,12,209.37771966885805,14.077208433767725,0.10112338323062364,209.37771966885794,14.077208433767712,0.10112338323062176,benchmark_evaluate_split
hust,random_forest,100,123,delta_Qdis,0.0011321219235113744,-0.0003892869216489247,0.005700771777365045,22,53,12,209.37771966885805,14.077208433767725,0.10112338323062364,209.37771966885794,14.077208433767712,0.10112338323062176,benchmark_evaluate_split
hust,random_forest,100,123,retention_ratio,0.0008010943187343752,-0.00034865690898121785,0.0040338905098524225,28,53,12,209.37771966885805,14.077208433767725,0.10112338323062364,209.37771966885794,14.077208433767712,0.10112338323062176,benchmark_evaluate_split
hust,random_forest,100,123,slope_linear,0.0010974049976936095,-0.0005838890197513311,0.005525955561206148,24,53,12,209.37771966885805,14.077208433767725,0.10112338323062364,209.37771966885794,14.077208433767712,0.10112338323062176,benchmark_evaluate_split
hust,random_forest,100,123,variance_Qdis,0.0043676228307733,-0.0011609743759910405,0.02199305609295313,11,53,12,209.37771966885805,14.077208433767725,0.10112338323062364,209.37771966885794,14.077208433767712,0.10112338323062176,benchmark_evaluate_split
hust,random_forest,100,123,range_Qdis,0.005880098891212271,-0.0007431929508288562,0.029609091663175113,8,53,12,209.37771966885805,14.077208433767725,0.10112338323062364,209.37771966885794,14.077208433767712,0.10112338323062176,benchmark_evaluate_split
hust,random_forest,100,123,max_drop,0.005488677709954981,5.8330374719114054e-05,0.02763810004395661,9,53,12,209.37771966885805,14.077208433767725,0.10112338323062364,209.37771966885794,14.077208433767712,0.10112338323062176,benchmark_evaluate_split
hust,random_forest,100,123,std_diff,0.002777401246591965,0.0008289405817204924,0.013985534872323218,14,53,12,209.37771966885805,14.077208433767725,0.10112338323062364,209.37771966885794,14.077208433767712,0.10112338323062176,benchmark_evaluate_split
hust,random_forest,100,123,skewness_Qdis,0.0008874801874903608,-0.0006462577852067972,0.0044688844025948735,27,53,12,209.37771966885805,14.077208433767725,0.10112338323062364,209.37771966885794,14.077208433767712,0.10112338323062176,benchmark_evaluate_split
hust,random_forest,100,123,slope_ratio,0.02236190416743415,0.0037147566365516604,0.11260281204559641,2,53,12,209.37771966885805,14.077208433767725,0.10112338323062364,209.37771966885794,14.077208433767712,0.10112338323062176,benchmark_evaluate_split
hust,random_forest,100,123,Qdis_cycle10,0.013022841438898277,0.003701000911865824,0.0655761940425186,3,53,12,209.37771966885805,14.077208433767725,0.10112338323062364,209.37771966885794,14.077208433767712,0.10112338323062176,benchmark_evaluate_split
hust,random_forest,100,123,mean_diff,0.0010200190368011709,-0.00015797903949319662,0.005136280480582681,25,53,12,209.37771966885805,14.077208433767725,0.10112338323062364,209.37771966885794,14.077208433767712,0.10112338323062176,benchmark_evaluate_split
hust,random_forest,100,123,poly2_a,0.0038575604017954345,0.0013152279025836218,0.019424649422766373,12,53,12,209.37771966885805,14.077208433767725,0.10112338323062364,209.37771966885794,14.077208433767712,0.10112338323062176,benchmark_evaluate_split
hust,random_forest,100,123,poly2_b,0.0014418533142907114,-0.0001442449391290125,0.007260416489166378,19,53,12,209.37771966885805,14.077208433767725,0.10112338323062364,209.37771966885794,14.077208433767712,0.10112338323062176,benchmark_evaluate_split
hust,random_forest,100,123,poly2_c,0.0016833594414037804,0.00017187804933865817,0.008476514583298098,17,53,12,209.37771966885805,14.077208433767725,0.10112338323062364,209.37771966885794,14.077208433767712,0.10112338323062176,benchmark_evaluate_split
hust,random_forest,100,123,exp_decay_k,0.0011885392186928854,-0.00044933805924182095,0.005984859663525302,21,53,12,209.37771966885805,14.077208433767725,0.10112338323062364,209.37771966885794,14.077208433767712,0.10112338323062176,benchmark_evaluate_split
hust,random_forest,100,123,cycle_to_99pct,0.0004986666069439303,-0.00027541003512948837,0.0025110232918758454,31,53,12,209.37771966885805,14.077208433767725,0.10112338323062364,209.37771966885794,14.077208433767712,0.10112338323062176,benchmark_evaluate_split
hust,random_forest,100,123,cycle_to_98pct,0.0,0.0,0.0,33,53,12,209.37771966885805,14.077208433767725,0.10112338323062364,209.37771966885794,14.077208433767712,0.10112338323062176,benchmark_evaluate_split
hust,random_forest,100,123,cycle_to_95pct,0.0,0.0,0.0,32,53,12,209.37771966885805,14.077208433767725,0.10112338323062364,209.37771966885794,14.077208433767712,0.10112338323062176,benchmark_evaluate_split
hust,random_forest,100,123,slope_first_quarter,0.002580118388414714,-0.0005534703799109223,0.012992121948592764,15,53,12,209.37771966885805,14.077208433767725,0.10112338323062364,209.37771966885794,14.077208433767712,0.10112338323062176,benchmark_evaluate_split
hust,random_forest,100,123,slope_last_quarter,0.0006645804020391747,-0.0003866742552586242,0.0033464780789546986,29,53,12,209.37771966885805,14.077208433767725,0.10112338323062364,209.37771966885794,14.077208433767712,0.10112338323062176,benchmark_evaluate_split
hust,random_forest,100,123,autocorr_lag1,0.0016523675457683048,-0.0005691891083545255,0.008320455663939146,18,53,12,209.37771966885805,14.077208433767725,0.10112338323062364,209.37771966885794,14.077208433767712,0.10112338323062176,benchmark_evaluate_split
hust,random_forest,100,123,knee_cycle,0.011275316786763185,0.00011013903817523797,0.05677657713708614,5,53,12,209.37771966885805,14.077208433767725,0.10112338323062364,209.37771966885794,14.077208433767712,0.10112338323062176,benchmark_evaluate_split
hust,random_forest,100,123,n_capacity_jumps,0.0,0.0,0.0,34,53,12,209.37771966885805,14.077208433767725,0.10112338323062364,209.37771966885794,14.077208433767712,0.10112338323062176,benchmark_evaluate_split
hust,random_forest,100,123,accel_mean,0.005181301363712548,0.0006695261391694393,0.026090314100324682,10,53,12,209.37771966885805,14.077208433767725,0.10112338323062364,209.37771966885794,14.077208433767712,0.10112338323062176,benchmark_evaluate_split
hust,random_forest,100,123,accel_std,0.0013278374154022745,-5.763556071184992e-05,0.006686292267158432,20,53,12,209.37771966885805,14.077208433767725,0.10112338323062364,209.37771966885794,14.077208433767712,0.10112338323062176,benchmark_evaluate_split
hust,random_forest,100,123,accel_max_abs,0.0102872166687114,0.002555940799433161,0.05180102357768713,6,53,12,209.37771966885805,14.077208433767725,0.10112338323062364,209.37771966885794,14.077208433767712,0.10112338323062176,benchmark_evaluate_split
hust,random_forest,100,123,linearity_r2,0.06796220986497237,0.013235260487162977,0.3422220167982659,1,53,12,209.37771966885805,14.077208433767725,0.10112338323062364,209.37771966885794,14.077208433767712,0.10112338323062176,benchmark_evaluate_split
hust,random_forest,100,123,kurtosis_Qdis,0.012660619995216268,-0.0019694805508322466,0.06375223697533787,4,53,12,209.37771966885805,14.077208433767725,0.10112338323062364,209.37771966885794,14.077208433767712,0.10112338323062176,benchmark_evaluate_split
hust,random_forest,100,123,fft_top3_energy_ratio,0.0010178126582598972,-0.0005747099646082066,0.005125170316335297,26,53,12,209.37771966885805,14.077208433767725,0.10112338323062364,209.37771966885794,14.077208433767712,0.10112338323062176,benchmark_evaluate_split
hust,random_forest,100,123,spectral_entropy,0.0011266128278280211,0.00019932217256572195,0.0056730308631240635,23,53,12,209.37771966885805,14.077208433767725,0.10112338323062364,209.37771966885794,14.077208433767712,0.10112338323062176,benchmark_evaluate_split
hust,random_forest,100,123,sample_entropy,0.008742118579934921,-0.0009025229935528733,0.04402072059544466,7,53,12,209.37771966885805,14.077208433767725,0.10112338323062364,209.37771966885794,14.077208433767712,0.10112338323062176,benchmark_evaluate_split
hust,random_forest,100,123,pos_neg_diff_ratio,0.0024258603109287903,-0.0004013522154009221,0.012215359237528181,16,53,12,209.37771966885805,14.077208433767725,0.10112338323062364,209.37771966885794,14.077208433767712,0.10112338323062176,benchmark_evaluate_split
hust,random_forest,100,123,mad_Qdis,0.0035376794052816123,-0.0009597413554703295,0.017813896623822732,13,53,12,209.37771966885805,14.077208433767725,0.10112338323062364,209.37771966885794,14.077208433767712,0.10112338323062176,benchmark_evaluate_split
hust,random_forest,100,456,Qdis_N,0.00030270727149825616,3.8880797273124744e-05,0.0019160077028067175,31,53,12,194.06198755068726,12.489191951511378,0.33439246547464807,194.0619875506869,12.489191951511353,0.3343924654746485,benchmark_evaluate_split
hust,random_forest,100,456,delta_Qdis,0.0005076554267634404,-0.00045362452158986583,0.003213241965533645,28,53,12,194.06198755068726,12.489191951511378,0.33439246547464807,194.0619875506869,12.489191951511353,0.3343924654746485,benchmark_evaluate_split
hust,random_forest,100,456,retention_ratio,0.0010894406306191891,-0.001074431510743808,0.0068956937495602885,23,53,12,194.06198755068726,12.489191951511378,0.33439246547464807,194.0619875506869,12.489191951511353,0.3343924654746485,benchmark_evaluate_split
hust,random_forest,100,456,slope_linear,0.0005358432294252332,0.0005358432294252332,0.003391658713693928,27,53,12,194.06198755068726,12.489191951511378,0.33439246547464807,194.0619875506869,12.489191951511353,0.3343924654746485,benchmark_evaluate_split
hust,random_forest,100,456,variance_Qdis,0.003632972879584901,0.0013239144679140346,0.02299516621097314,12,53,12,194.06198755068726,12.489191951511378,0.33439246547464807,194.0619875506869,12.489191951511353,0.3343924654746485,benchmark_evaluate_split
hust,random_forest,100,456,range_Qdis,0.0015459099792091292,-0.00038292404443359887,0.009784949708509159,17,53,12,194.06198755068726,12.489191951511378,0.33439246547464807,194.0619875506869,12.489191951511353,0.3343924654746485,benchmark_evaluate_split
hust,random_forest,100,456,max_drop,0.0013468526177023415,-0.00043750385999669533,0.008525001653546152,20,53,12,194.06198755068726,12.489191951511378,0.33439246547464807,194.0619875506869,12.489191951511353,0.3343924654746485,benchmark_evaluate_split
hust,random_forest,100,456,std_diff,0.003090091164983284,-0.0007085948973395887,0.0195589568931682,13,53,12,194.06198755068726,12.489191951511378,0.33439246547464807,194.0619875506869,12.489191951511353,0.3343924654746485,benchmark_evaluate_split
hust,random_forest,100,456,skewness_Qdis,0.001542346544787617,0.0009975072657270323,0.009762394691028835,18,53,12,194.06198755068726,12.489191951511378,0.33439246547464807,194.0619875506869,12.489191951511353,0.3343924654746485,benchmark_evaluate_split
hust,random_forest,100,456,slope_ratio,0.028926138396041027,0.012193090759205645,0.18309009791853328,2,53,12,194.06198755068726,12.489191951511378,0.33439246547464807,194.0619875506869,12.489191951511353,0.3343924654746485,benchmark_evaluate_split
hust,random_forest,100,456,Qdis_cycle10,0.009830954990929345,-0.0026002112358009225,0.0622257450088221,3,53,12,194.06198755068726,12.489191951511378,0.33439246547464807,194.0619875506869,12.489191951511353,0.3343924654746485,benchmark_evaluate_split
hust,random_forest,100,456,mean_diff,0.0008178832649619047,-0.0007931007701175941,0.0051768516425372505,26,53,12,194.06198755068726,12.489191951511378,0.33439246547464807,194.0619875506869,12.489191951511353,0.3343924654746485,benchmark_evaluate_split
hust,random_forest,100,456,poly2_a,0.002429551615007072,0.00034111721201872896,0.01537802374445725,15,53,12,194.06198755068726,12.489191951511378,0.33439246547464807,194.0619875506869,12.489191951511353,0.3343924654746485,benchmark_evaluate_split
hust,random_forest,100,456,poly2_b,0.0014200791987971733,0.0006570596490303109,0.008988494627247996,19,53,12,194.06198755068726,12.489191951511378,0.33439246547464807,194.0619875506869,12.489191951511353,0.3343924654746485,benchmark_evaluate_split
hust,random_forest,100,456,poly2_c,0.005833677008419083,-0.0006786783852884403,0.03692468313858064,7,53,12,194.06198755068726,12.489191951511378,0.33439246547464807,194.0619875506869,12.489191951511353,0.3343924654746485,benchmark_evaluate_split
hust,random_forest,100,456,exp_decay_k,0.0003471317326918711,0.0002544655388200602,0.002197195562677783,29,53,12,194.06198755068726,12.489191951511378,0.33439246547464807,194.0619875506869,12.489191951511353,0.3343924654746485,benchmark_evaluate_split
hust,random_forest,100,456,cycle_to_99pct,0.00031097030805832645,0.00028247113098910776,0.001968309194010768,30,53,12,194.06198755068726,12.489191951511378,0.33439246547464807,194.0619875506869,12.489191951511353,0.3343924654746485,benchmark_evaluate_split
hust,random_forest,100,456,cycle_to_98pct,0.00013199206169497662,0.00013199206169497662,0.0008354533594954345,32,53,12,194.06198755068726,12.489191951511378,0.33439246547464807,194.0619875506869,12.489191951511353,0.3343924654746485,benchmark_evaluate_split
hust,random_forest,100,456,cycle_to_95pct,0.0,0.0,0.0,33,53,12,194.06198755068726,12.489191951511378,0.33439246547464807,194.0619875506869,12.489191951511353,0.3343924654746485,benchmark_evaluate_split
hust,random_forest,100,456,slope_first_quarter,0.002708021403206211,8.870086360354705e-05,0.01714061853297253,14,53,12,194.06198755068726,12.489191951511378,0.33439246547464807,194.0619875506869,12.489191951511353,0.3343924654746485,benchmark_evaluate_split
hust,random_forest,100,456,slope_last_quarter,0.007999262472981364,-0.00034881454199669446,0.050631913925111315,4,53,12,194.06198755068726,12.489191951511378,0.33439246547464807,194.0619875506869,12.489191951511353,0.3343924654746485,benchmark_evaluate_split
hust,random_forest,100,456,autocorr_lag1,0.0011346294219441724,0.0002799962710805373,0.007181719492617776,21,53,12,194.06198755068726,12.489191951511378,0.33439246547464807,194.0619875506869,12.489191951511353,0.3343924654746485,benchmark_evaluate_split
hust,random_forest,100,456,knee_cycle,0.004657595874626077,0.00031680779622609824,0.029480592019395093,9,53,12,194.06198755068726,12.489191951511378,0.33439246547464807,194.0619875506869,12.489191951511353,0.3343924654746485,benchmark_evaluate_split
hust,random_forest,100,456,n_capacity_jumps,0.0,0.0,0.0,34,53,12,194.06198755068726,12.489191951511378,0.33439246547464807,194.0619875506869,12.489191951511353,0.3343924654746485,benchmark_evaluate_split
hust,random_forest,100,456,accel_mean,0.0058296039100733795,-0.0005074067330659397,0.03689890216620416,8,53,12,194.06198755068726,12.489191951511378,0.33439246547464807,194.0619875506869,12.489191951511353,0.3343924654746485,benchmark_evaluate_split
hust,random_forest,100,456,accel_std,0.0010459319035419402,-0.00038400679424001804,0.0066203020954162806,24,53,12,194.06198755068726,12.489191951511378,0.33439246547464807,194.0619875506869,12.489191951511353,0.3343924654746485,benchmark_evaluate_split
hust,random_forest,100,456,accel_max_abs,0.003875047442975375,-0.0005709252767644521,0.024527394775599454,11,53,12,194.06198755068726,12.489191951511378,0.33439246547464807,194.0619875506869,12.489191951511353,0.3343924654746485,benchmark_evaluate_split
hust,random_forest,100,456,linearity_r2,0.04445901719884653,0.018158860802683707,0.28140658462080265,1,53,12,194.06198755068726,12.489191951511378,0.33439246547464807,194.0619875506869,12.489191951511353,0.3343924654746485,benchmark_evaluate_split
hust,random_forest,100,456,kurtosis_Qdis,0.0072027079422354165,-0.003909583957431157,0.045590064057875405,5,53,12,194.06198755068726,12.489191951511378,0.33439246547464807,194.0619875506869,12.489191951511353,0.3343924654746485,benchmark_evaluate_split
hust,random_forest,100,456,fft_top3_energy_ratio,0.0011060853907574333,0.0002577440031968386,0.007001047970086272,22,53,12,194.06198755068726,12.489191951511378,0.33439246547464807,194.0619875506869,12.489191951511353,0.3343924654746485,benchmark_evaluate_split
hust,random_forest,100,456,spectral_entropy,0.0019390097666067434,-0.0015913064677911162,0.01227310341851956,16,53,12,194.06198755068726,12.489191951511378,0.33439246547464807,194.0619875506869,12.489191951511353,0.3343924654746485,benchmark_evaluate_split
hust,random_forest,100,456,sample_entropy,0.006856255834374597,0.0021083768506451315,0.04339717023002172,6,53,12,194.06198755068726,12.489191951511378,0.33439246547464807,194.0619875506869,12.489191951511353,0.3343924654746485,benchmark_evaluate_split
hust,random_forest,100,456,pos_neg_diff_ratio,0.0009695284205276849,-0.00021032210916766816,0.006136700689833863,25,53,12,194.06198755068726,12.489191951511378,0.33439246547464807,194.0619875506869,12.489191951511353,0.3343924654746485,benchmark_evaluate_split
hust,random_forest,100,456,mad_Qdis,0.00456365090856163,-0.002571846022822097,0.02888596052036144,10,53,12,194.06198755068726,12.489191951511378,0.33439246547464807,194.0619875506869,12.489191951511353,0.3343924654746485,benchmark_evaluate_split
hust,random_forest,100,789,Qdis_N,0.0005154710534126821,2.1514035683450943e-05,0.0030514335429342927,19,53,12,219.11405703650166,15.311064088797085,0.0608679497902912,219.06269210268337,15.30775473993867,0.061304076954132314,benchmark_evaluate_split
hust,random_forest,100,789,delta_Qdis,3.583459853841169e-05,-2.2055757365259464e-05,0.00021213004154891182,31,53,12,219.11405703650166,15.311064088797085,0.0608679497902912,219.06269210268337,15.30775473993867,0.061304076954132314,benchmark_evaluate_split
hust,random_forest,100,789,retention_ratio,0.0003625576633973134,1.5180236334631853e-05,0.0021462322821311384,22,53,12,219.11405703650166,15.311064088797085,0.0608679497902912,219.06269210268337,15.30775473993867,0.061304076954132314,benchmark_evaluate_split
hust,random_forest,100,789,slope_linear,0.0001773816815149291,8.34554233073291e-05,0.0010500461845398856,27,53,12,219.11405703650166,15.311064088797085,0.0608679497902912,219.06269210268337,15.30775473993867,0.061304076954132314,benchmark_evaluate_split
hust,random_forest,100,789,variance_Qdis,0.004725541982973544,-0.002469800667711093,0.027973786733365653,12,53,12,219.11405703650166,15.311064088797085,0.0608679497902912,219.06269210268337,15.30775473993867,0.061304076954132314,benchmark_evaluate_split
hust,random_forest,100,789,range_Qdis,0.008254350714123322,0.0021184643884146685,0.048863272685177414,5,53,12,219.11405703650166,15.311064088797085,0.0608679497902912,219.06269210268337,15.30775473993867,0.061304076954132314,benchmark_evaluate_split
hust,random_forest,100,789,max_drop,0.008013068029846722,-0.0030200182084279812,0.047434951790616145,7,53,12,219.11405703650166,15.311064088797085,0.0608679497902912,219.06269210268337,15.30775473993867,0.061304076954132314,benchmark_evaluate_split
hust,random_forest,100,789,std_diff,0.0008217659682120981,-0.00032805483211233665,0.0048646072815202975,17,53,12,219.11405703650166,15.311064088797085,0.0608679497902912,219.06269210268337,15.30775473993867,0.061304076954132314,benchmark_evaluate_split
hust,random_forest,100,789,skewness_Qdis,0.00028403359049123316,-0.00015658676298829747,0.001681393396597055,23,53,12,219.11405703650166,15.311064088797085,0.0608679497902912,219.06269210268337,15.30775473993867,0.061304076954132314,benchmark_evaluate_split
hust,random_forest,100,789,slope_ratio,0.016685531684982605,0.0017819687410671502,0.09877332728611413,3,53,12,219.11405703650166,15.311064088797085,0.0608679497902912,219.06269210268337,15.30775473993867,0.061304076954132314,benchmark_evaluate_split
hust,random_forest,100,789,Qdis_cycle10,0.004899370669858759,-0.0026598552062556103,0.0290028002587112,11,53,12,219.11405703650166,15.311064088797085,0.0608679497902912,219.06269210268337,15.30775473993867,0.061304076954132314,benchmark_evaluate_split
hust,random_forest,100,789,mean_diff,0.00018634846029037987,2.9353142370776326e-05,0.001103126816995063,26,53,12,219.11405703650166,15.311064088797085,0.0608679497902912,219.06269210268337,15.30775473993867,0.061304076954132314,benchmark_evaluate_split
hust,random_forest,100,789,poly2_a,0.001533011998010228,-0.0005773366258746832,0.009074969780512683,16,53,12,219.11405703650166,15.311064088797085,0.0608679497902912,219.06269210268337,15.30775473993867,0.061304076954132314,benchmark_evaluate_split
hust,random_forest,100,789,poly2_b,0.00011317576925851346,-5.267615886644165e-05,0.000669966502049799,29,53,12,219.11405703650166,15.311064088797085,0.0608679497902912,219.06269210268337,15.30775473993867,0.061304076954132314,benchmark_evaluate_split
hust,random_forest,100,789,poly2_c,0.0019109058771071225,-0.0010478095226083368,0.011311987845274202,15,53,12,219.11405703650166,15.311064088797085,0.0608679497902912,219.06269210268337,15.30775473993867,0.061304076954132314,benchmark_evaluate_split
hust,random_forest,100,789,exp_decay_k,0.00040371800119823803,9.397616768211038e-05,0.0023898890977228668,21,53,12,219.11405703650166,15.311064088797085,0.0608679497902912,219.06269210268337,15.30775473993867,0.061304076954132314,benchmark_evaluate_split
hust,random_forest,100,789,cycle_to_99pct,8.026803014427055e-05,2.4566075475660452e-05,0.00047516258766793835,30,53,12,219.11405703650166,15.311064088797085,0.0608679497902912,219.06269210268337,15.30775473993867,0.061304076954132314,benchmark_evaluate_split
hust,random_forest,100,789,cycle_to_98pct,0.0,0.0,0.0,33,53,12,219.11405703650166,15.311064088797085,0.0608679497902912,219.06269210268337,15.30775473993867,0.061304076954132314,benchmark_evaluate_split
hust,random_forest,100,789,cycle_to_95pct,0.0,0.0,0.0,32,53,12,219.11405703650166,15.311064088797085,0.0608679497902912,219.06269210268337,15.30775473993867,0.061304076954132314,benchmark_evaluate_split
hust,random_forest,100,789,slope_first_quarter,0.00020198885161234285,5.9676424201692635e-05,0.0011957132277905641,25,53,12,219.11405703650166,15.311064088797085,0.0608679497902912,219.06269210268337,15.30775473993867,0.061304076954132314,benchmark_evaluate_split
hust,random_forest,100,789,slope_last_quarter,0.0028260319635254644,-0.0001298690447433466,0.01672925893668407,14,53,12,219.11405703650166,15.311064088797085,0.0608679497902912,219.06269210268337,15.30775473993867,0.061304076954132314,benchmark_evaluate_split
hust,random_forest,100,789,autocorr_lag1,0.005285983921824392,-0.0003582380020601767,0.031291434387398856,8,53,12,219.11405703650166,15.311064088797085,0.0608679497902912,219.06269210268337,15.30775473993867,0.061304076954132314,benchmark_evaluate_split
hust,random_forest,100,789,knee_cycle,0.008083328315704215,0.001497487413034346,0.0478508715432042,6,53,12,219.11405703650166,15.311064088797085,0.0608679497902912,219.06269210268337,15.30775473993867,0.061304076954132314,benchmark_evaluate_split
hust,random_forest,100,789,n_capacity_jumps,0.0,0.0,0.0,34,53,12,219.11405703650166,15.311064088797085,0.0608679497902912,219.06269210268337,15.30775473993867,0.061304076954132314,benchmark_evaluate_split
hust,random_forest,100,789,accel_mean,0.003918902026713494,0.0011007486310183985,0.023198720891535768,13,53,12,219.11405703650166,15.311064088797085,0.0608679497902912,219.06269210268337,15.30775473993867,0.061304076954132314,benchmark_evaluate_split
hust,random_forest,100,789,accel_std,0.005254094500446811,-0.0015093718754001673,0.031102658607629872,9,53,12,219.11405703650166,15.311064088797085,0.0608679497902912,219.06269210268337,15.30775473993867,0.061304076954132314,benchmark_evaluate_split
hust,random_forest,100,789,accel_max_abs,0.0006654872452258161,-0.0004054690806252513,0.003939484262079873,18,53,12,219.11405703650166,15.311064088797085,0.0608679497902912,219.06269210268337,15.30775473993867,0.061304076954132314,benchmark_evaluate_split
hust,random_forest,100,789,linearity_r2,0.057890745341309814,0.01154498785381996,0.34269579443972287,1,53,12,219.11405703650166,15.311064088797085,0.0608679497902912,219.06269210268337,15.30775473993867,0.061304076954132314,benchmark_evaluate_split
hust,random_forest,100,789,kurtosis_Qdis,0.01978101181618438,-0.001842231110500769,0.11709763830474591,2,53,12,219.11405703650166,15.311064088797085,0.0608679497902912,219.06269210268337,15.30775473993867,0.061304076954132314,benchmark_evaluate_split
hust,random_forest,100,789,fft_top3_energy_ratio,0.00021482485572224433,6.479465031076252e-05,0.0012716985100656448,24,53,12,219.11405703650166,15.311064088797085,0.0608679497902912,219.06269210268337,15.30775473993867,0.061304076954132314,benchmark_evaluate_split
hust,random_forest,100,789,spectral_entropy,0.00045219587135763916,-4.20108945038905e-06,0.0026768635032012296,20,53,12,219.11405703650166,15.311064088797085,0.0608679497902912,219.06269210268337,15.30775473993867,0.061304076954132314,benchmark_evaluate_split
hust,random_forest,100,789,sample_entropy,0.01025200724805948,-0.003999514281912777,0.06068879831762154,4,53,12,219.11405703650166,15.311064088797085,0.0608679497902912,219.06269210268337,15.30775473993867,0.061304076954132314,benchmark_evaluate_split
hust,random_forest,100,789,pos_neg_diff_ratio,0.004942260944085648,-0.0018362782343892424,0.029256697777446942,10,53,12,219.11405703650166,15.311064088797085,0.0608679497902912,219.06269210268337,15.30775473993867,0.061304076954132314,benchmark_evaluate_split
hust,random_forest,100,789,mad_Qdis,0.0001563057780697073,0.00010160005794114811,0.0009252831773940571,28,53,12,219.11405703650166,15.311064088797085,0.0608679497902912,219.06269210268337,15.30775473993867,0.061304076954132314,benchmark_evaluate_split
hust,random_forest,100,1011,Qdis_N,0.0010268001195942336,-0.0004963587906759663,0.00607588290417886,25,53,12,195.21410251830116,13.635370315459571,0.12028960669592825,195.21410251830108,13.635370315459575,0.12028960669593092,benchmark_evaluate_split
hust,random_forest,100,1011,delta_Qdis,0.0011858705464404364,-0.0004149932272418875,0.007017150117331515,23,53,12,195.21410251830116,13.635370315459571,0.12028960669592825,195.21410251830108,13.635370315459575,0.12028960669593092,benchmark_evaluate_split
hust,random_forest,100,1011,retention_ratio,0.0011482903306531233,-0.00046948009565612737,0.006794776759284265,24,53,12,195.21410251830116,13.635370315459571,0.12028960669592825,195.21410251830108,13.635370315459575,0.12028960669593092,benchmark_evaluate_split
hust,random_forest,100,1011,slope_linear,0.0008916831839089835,-0.0002846348024293193,0.005276355650598614,26,53,12,195.21410251830116,13.635370315459571,0.12028960669592825,195.21410251830108,13.635370315459575,0.12028960669593092,benchmark_evaluate_split
hust,random_forest,100,1011,variance_Qdis,0.020794675973657927,-0.00790061705615318,0.12304830690535559,2,53,12,195.21410251830116,13.635370315459571,0.12028960669592825,195.21410251830108,13.635370315459575,0.12028960669593092,benchmark_evaluate_split
hust,random_forest,100,1011,range_Qdis,0.009441901584544235,0.0026803136803874934,0.055870550972609935,5,53,12,195.21410251830116,13.635370315459571,0.12028960669592825,195.21410251830108,13.635370315459575,0.12028960669593092,benchmark_evaluate_split
hust,random_forest,100,1011,max_drop,0.01097009614455817,-0.00498326732686251,0.06491333449421398,3,53,12,195.21410251830116,13.635370315459571,0.12028960669592825,195.21410251830108,13.635370315459575,0.12028960669593092,benchmark_evaluate_split
hust,random_forest,100,1011,std_diff,0.004784871436588467,0.0006955603941551257,0.028313513025057184,8,53,12,195.21410251830116,13.635370315459571,0.12028960669592825,195.21410251830108,13.635370315459575,0.12028960669593092,benchmark_evaluate_split
hust,random_forest,100,1011,skewness_Qdis,0.0005577800348331214,-0.0002175500036587035,0.0033005510159797254,29,53,12,195.21410251830116,13.635370315459571,0.12028960669592825,195.21410251830108,13.635370315459575,0.12028960669593092,benchmark_evaluate_split
hust,random_forest,100,1011,slope_ratio,0.06432608595514124,0.004055376269421842,0.3806366579914619,1,53,12,195.21410251830116,13.635370315459571,0.12028960669592825,195.21410251830108,13.635370315459575,0.12028960669593092,benchmark_evaluate_split
hust,random_forest,100,1011,Qdis_cycle10,0.002188436404547194,-0.0002239457475866634,0.012949631660079543,12,53,12,195.21410251830116,13.635370315459571,0.12028960669592825,195.21410251830108,13.635370315459575,0.12028960669593092,benchmark_evaluate_split
hust,random_forest,100,1011,mean_diff,0.001406945356817183,-0.00042609830594401743,0.008325315781982458,17,53,12,195.21410251830116,13.635370315459571,0.12028960669592825,195.21410251830108,13.635370315459575,0.12028960669593092,benchmark_evaluate_split
hust,random_forest,100,1011,poly2_a,0.0008372211437373418,-9.673578806962905e-05,0.0049540874968547815,27,53,12,195.21410251830116,13.635370315459571,0.12028960669592825,195.21410251830108,13.635370315459575,0.12028960669593092,benchmark_evaluate_split
hust,random_forest,100,1011,poly2_b,0.003530424290479846,-0.0014602959626761312,0.020890574690915473,11,53,12,195.21410251830116,13.635370315459571,0.12028960669592825,195.21410251830108,13.635370315459575,0.12028960669593092,benchmark_evaluate_split
hust,random_forest,100,1011,poly2_c,0.006670890352962778,-0.0026827559558874315,0.03947365010751587,6,53,12,195.21410251830116,13.635370315459571,0.12028960669592825,195.21410251830108,13.635370315459575,0.12028960669593092,benchmark_evaluate_split
hust,random_forest,100,1011,exp_decay_k,0.001198786616225052,-0.00043008458736961574,0.0070935783589103525,22,53,12,195.21410251830116,13.635370315459571,0.12028960669592825,195.21410251830108,13.635370315459575,0.12028960669593092,benchmark_evaluate_split
hust,random_forest,100,1011,cycle_to_99pct,0.0002641013887124116,2.347562360368059e-05,0.0015627667761489504,31,53,12,195.21410251830116,13.635370315459571,0.12028960669592825,195.21410251830108,13.635370315459575,0.12028960669593092,benchmark_evaluate_split
hust,random_forest,100,1011,cycle_to_98pct,0.0,0.0,0.0,34,53,12,195.21410251830116,13.635370315459571,0.12028960669592825,195.21410251830108,13.635370315459575,0.12028960669593092,benchmark_evaluate_split
hust,random_forest,100,1011,cycle_to_95pct,0.0,0.0,0.0,33,53,12,195.21410251830116,13.635370315459571,0.12028960669592825,195.21410251830108,13.635370315459575,0.12028960669593092,benchmark_evaluate_split
hust,random_forest,100,1011,slope_first_quarter,0.0013193550017664456,-0.0007105189629308669,0.007807017497176999,19,53,12,195.21410251830116,13.635370315459571,0.12028960669592825,195.21410251830108,13.635370315459575,0.12028960669593092,benchmark_evaluate_split
hust,random_forest,100,1011,slope_last_quarter,0.0016136796796598005,-0.0007930210717468823,0.009548624499907841,15,53,12,195.21410251830116,13.635370315459571,0.12028960669592825,195.21410251830108,13.635370315459575,0.12028960669593092,benchmark_evaluate_split
hust,random_forest,100,1011,autocorr_lag1,0.0013909553272622541,0.0006303910879608488,0.008230698002576179,18,53,12,195.21410251830116,13.635370315459571,0.12028960669592825,195.21410251830108,13.635370315459575,0.12028960669593092,benchmark_evaluate_split
hust,random_forest,100,1011,knee_cycle,0.003791761065892217,0.0013477865109514928,0.02243698242467064,10,53,12,195.21410251830116,13.635370315459571,0.12028960669592825,195.21410251830108,13.635370315459575,0.12028960669593092,benchmark_evaluate_split
hust,random_forest,100,1011,n_capacity_jumps,0.0,0.0,0.0,32,53,12,195.21410251830116,13.635370315459571,0.12028960669592825,195.21410251830108,13.635370315459575,0.12028960669593092,benchmark_evaluate_split
hust,random_forest,100,1011,accel_mean,0.001312220204090165,2.0719428307681303e-05,0.007764798768917384,20,53,12,195.21410251830116,13.635370315459571,0.12028960669592825,195.21410251830108,13.635370315459575,0.12028960669593092,benchmark_evaluate_split
hust,random_forest,100,1011,accel_std,0.0016164132810888557,-7.591701499606618e-05,0.009564800035801038,14,53,12,195.21410251830116,13.635370315459571,0.12028960669592825,195.21410251830108,13.635370315459575,0.12028960669593092,benchmark_evaluate_split
hust,random_forest,100,1011,accel_max_abs,0.00048381135402871716,-0.0004303473229611602,0.0028628562450424716,30,53,12,195.21410251830116,13.635370315459571,0.12028960669592825,195.21410251830108,13.635370315459575,0.12028960669593092,benchmark_evaluate_split
hust,random_forest,100,1011,linearity_r2,0.010172056797184472,-0.0012572653878910416,0.060191097385899235,4,53,12,195.21410251830116,13.635370315459571,0.12028960669592825,195.21410251830108,13.635370315459575,0.12028960669593092,benchmark_evaluate_split
hust,random_forest,100,1011,kurtosis_Qdis,0.0047611578870178405,-0.0005314532785581162,0.028173192871519898,9,53,12,195.21410251830116,13.635370315459571,0.12028960669592825,195.21410251830108,13.635370315459575,0.12028960669593092,benchmark_evaluate_split
hust,random_forest,100,1011,fft_top3_energy_ratio,0.0020988691764124595,-0.00015198191991499285,0.012419635626953274,13,53,12,195.21410251830116,13.635370315459571,0.12028960669592825,195.21410251830108,13.635370315459575,0.12028960669593092,benchmark_evaluate_split
hust,random_forest,100,1011,spectral_entropy,0.0012872703537988868,-0.0006273138776542357,0.007617163054863801,21,53,12,195.21410251830116,13.635370315459571,0.12028960669592825,195.21410251830108,13.635370315459575,0.12028960669593092,benchmark_evaluate_split
hust,random_forest,100,1011,sample_entropy,0.005679839265411216,0.002673375746731987,0.033609304900386404,7,53,12,195.21410251830116,13.635370315459571,0.12028960669592825,195.21410251830108,13.635370315459575,0.12028960669593092,benchmark_evaluate_split
hust,random_forest,100,1011,pos_neg_diff_ratio,0.0015331448189576866,-1.1163645407003789e-05,0.009072075681892737,16,53,12,195.21410251830116,13.635370315459571,0.12028960669592825,195.21410251830108,13.635370315459575,0.12028960669593092,benchmark_evaluate_split
hust,random_forest,100,1011,mad_Qdis,0.0007106398686807901,-5.3833585587099405e-05,0.00420506829591313,28,53,12,195.21410251830116,13.635370315459571,0.12028960669592825,195.21410251830108,13.635370315459575,0.12028960669593092,benchmark_evaluate_split
sandia,xgboost,100,42,Qdis_N,0.6546294093132019,0.059188783168792725,0.4997478723526001,1,34,8,111.38919490836463,17.774217706626448,0.9836330097139719,111.38919490836463,17.774217706626448,0.9836330097139719,benchmark_evaluate_split
sandia,xgboost,100,42,delta_Qdis,0.020679011940956116,-0.017856977880001068,0.01578647643327713,9,34,8,111.38919490836463,17.774217706626448,0.9836330097139719,111.38919490836463,17.774217706626448,0.9836330097139719,benchmark_evaluate_split
sandia,xgboost,100,42,retention_ratio,0.0,0.0,0.0,34,34,8,111.38919490836463,17.774217706626448,0.9836330097139719,111.38919490836463,17.774217706626448,0.9836330097139719,benchmark_evaluate_split
sandia,xgboost,100,42,slope_linear,0.04172476753592491,-0.006501575466245413,0.031852927058935165,5,34,8,111.38919490836463,17.774217706626448,0.9836330097139719,111.38919490836463,17.774217706626448,0.9836330097139719,benchmark_evaluate_split
sandia,xgboost,100,42,variance_Qdis,0.07248228043317795,0.004948548506945372,0.05533339083194733,4,34,8,111.38919490836463,17.774217706626448,0.9836330097139719,111.38919490836463,17.774217706626448,0.9836330097139719,benchmark_evaluate_split
sandia,xgboost,100,42,range_Qdis,0.0008272789418697357,0.0001671940553933382,0.0006315495120361447,26,34,8,111.38919490836463,17.774217706626448,0.9836330097139719,111.38919490836463,17.774217706626448,0.9836330097139719,benchmark_evaluate_split
sandia,xgboost,100,42,max_drop,0.013957572169601917,-0.0020018485374748707,0.010655291378498077,12,34,8,111.38919490836463,17.774217706626448,0.9836330097139719,111.38919490836463,17.774217706626448,0.9836330097139719,benchmark_evaluate_split
sandia,xgboost,100,42,std_diff,0.012277117930352688,-0.0031232007313519716,0.009372422471642494,14,34,8,111.38919490836463,17.774217706626448,0.9836330097139719,111.38919490836463,17.774217706626448,0.9836330097139719,benchmark_evaluate_split
sandia,xgboost,100,42,skewness_Qdis,0.0029552034102380276,0.001989571377635002,0.0022560192737728357,21,34,8,111.38919490836463,17.774217706626448,0.9836330097139719,111.38919490836463,17.774217706626448,0.9836330097139719,benchmark_evaluate_split
sandia,xgboost,100,42,slope_ratio,0.034901466220617294,-0.005065777339041233,0.02664398029446602,7,34,8,111.38919490836463,17.774217706626448,0.9836330097139719,111.38919490836463,17.774217706626448,0.9836330097139719,benchmark_evaluate_split
sandia,xgboost,100,42,Qdis_cycle10,0.014556065201759338,0.0036300248466432095,0.011112184263765812,11,34,8,111.38919490836463,17.774217706626448,0.9836330097139719,111.38919490836463,17.774217706626448,0.9836330097139719,benchmark_evaluate_split
sandia,xgboost,100,42,mean_diff,0.0,0.0,0.0,33,34,8,111.38919490836463,17.774217706626448,0.9836330097139719,111.38919490836463,17.774217706626448,0.9836330097139719,benchmark_evaluate_split
sandia,xgboost,100,42,poly2_a,0.01358872465789318,0.01358872465789318,0.01037371065467596,13,34,8,111.38919490836463,17.774217706626448,0.9836330097139719,111.38919490836463,17.774217706626448,0.9836330097139719,benchmark_evaluate_split
sandia,xgboost,100,42,poly2_b,0.0052744424901902676,-0.0052744424901902676,0.004026539623737335,17,34,8,111.38919490836463,17.774217706626448,0.9836330097139719,111.38919490836463,17.774217706626448,0.9836330097139719,benchmark_evaluate_split
sandia,xgboost,100,42,poly2_c,0.0,0.0,0.0,31,34,8,111.38919490836463,17.774217706626448,0.9836330097139719,111.38919490836463,17.774217706626448,0.9836330097139719,benchmark_evaluate_split
sandia,xgboost,100,42,exp_decay_k,0.0,0.0,0.0,29,34,8,111.38919490836463,17.774217706626448,0.9836330097139719,111.38919490836463,17.774217706626448,0.9836330097139719,benchmark_evaluate_split
sandia,xgboost,100,42,cycle_to_99pct,0.020615996792912483,0.011126223020255566,0.01573837175965309,10,34,8,111.38919490836463,17.774217706626448,0.9836330097139719,111.38919490836463,17.774217706626448,0.9836330097139719,benchmark_evaluate_split
sandia,xgboost,100,42,cycle_to_98pct,0.0028163501992821693,0.0009002881124615669,0.002150018000975251,22,34,8,111.38919490836463,17.774217706626448,0.9836330097139719,111.38919490836463,17.774217706626448,0.9836330097139719,benchmark_evaluate_split
sandia,xgboost,100,42,cycle_to_95pct,0.0,0.0,0.0,27,34,8,111.38919490836463,17.774217706626448,0.9836330097139719,111.38919490836463,17.774217706626448,0.9836330097139719,benchmark_evaluate_split
sandia,xgboost,100,42,slope_first_quarter,0.028800582513213158,-0.019858011975884438,0.02198653109371662,8,34,8,111.38919490836463,17.774217706626448,0.9836330097139719,111.38919490836463,17.774217706626448,0.9836330097139719,benchmark_evaluate_split
sandia,xgboost,100,42,slope_last_quarter,0.011523469351232052,-0.00044502527453005314,0.008797083050012589,15,34,8,111.38919490836463,17.774217706626448,0.9836330097139719,111.38919490836463,17.774217706626448,0.9836330097139719,benchmark_evaluate_split
sandia,xgboost,100,42,autocorr_lag1,0.0010815219720825553,0.0005322654033079743,0.000825640105176717,25,34,8,111.38919490836463,17.774217706626448,0.9836330097139719,111.38919490836463,17.774217706626448,0.9836330097139719,benchmark_evaluate_split
sandia,xgboost,100,42,knee_cycle,0.005245401989668608,-0.0027137387078255415,0.004004369955509901,18,34,8,111.38919490836463,17.774217706626448,0.9836330097139719,111.38919490836463,17.774217706626448,0.9836330097139719,benchmark_evaluate_split
sandia,xgboost,100,42,n_capacity_jumps,0.0,0.0,0.0,28,34,8,111.38919490836463,17.774217706626448,0.9836330097139719,111.38919490836463,17.774217706626448,0.9836330097139719,benchmark_evaluate_split
sandia,xgboost,100,42,accel_mean,0.03706996515393257,-0.02302442118525505,0.028299424797296524,6,34,8,111.38919490836463,17.774217706626448,0.9836330097139719,111.38919490836463,17.774217706626448,0.9836330097139719,benchmark_evaluate_split
sandia,xgboost,100,42,accel_std,0.0,0.0,0.0,30,34,8,111.38919490836463,17.774217706626448,0.9836330097139719,111.38919490836463,17.774217706626448,0.9836330097139719,benchmark_evaluate_split
sandia,xgboost,100,42,accel_max_abs,0.0018739050719887018,0.00035563489655032754,0.0014305500080808997,24,34,8,111.38919490836463,17.774217706626448,0.9836330097139719,111.38919490836463,17.774217706626448,0.9836330097139719,benchmark_evaluate_split
sandia,xgboost,100,42,linearity_r2,0.011482477188110352,-0.0018608602695167065,0.008765789680182934,16,34,8,111.38919490836463,17.774217706626448,0.9836330097139719,111.38919490836463,17.774217706626448,0.9836330097139719,benchmark_evaluate_split
sandia,xgboost,100,42,kurtosis_Qdis,0.002263064496219158,-0.00014789827400818467,0.0017276365542784333,23,34,8,111.38919490836463,17.774217706626448,0.9836330097139719,111.38919490836463,17.774217706626448,0.9836330097139719,benchmark_evaluate_split
sandia,xgboost,100,42,fft_top3_energy_ratio,0.0,0.0,0.0,32,34,8,111.38919490836463,17.774217706626448,0.9836330097139719,111.38919490836463,17.774217706626448,0.9836330097139719,benchmark_evaluate_split
sandia,xgboost,100,42,spectral_entropy,0.07484526932239532,-0.011633433401584625,0.05713731050491333,3,34,8,111.38919490836463,17.774217706626448,0.9836330097139719,111.38919490836463,17.774217706626448,0.9836330097139719,benchmark_evaluate_split
sandia,xgboost,100,42,sample_entropy,0.004603353329002857,-4.8627378419041634e-05,0.0035142265260219574,19,34,8,111.38919490836463,17.774217706626448,0.9836330097139719,111.38919490836463,17.774217706626448,0.9836330097139719,benchmark_evaluate_split
sandia,xgboost,100,42,pos_neg_diff_ratio,0.004162523429840803,-0.0009317785734310746,0.003177694510668516,20,34,8,111.38919490836463,17.774217706626448,0.9836330097139719,111.38919490836463,17.774217706626448,0.9836330097139719,benchmark_evaluate_split
sandia,xgboost,100,42,mad_Qdis,0.21568208932876587,0.08650913089513779,0.1646529585123062,2,34,8,111.38919490836463,17.774217706626448,0.9836330097139719,111.38919490836463,17.774217706626448,0.9836330097139719,benchmark_evaluate_split
sandia,xgboost,100,123,Qdis_N,0.5971713066101074,-0.2250256985425949,0.4979276955127716,1,34,8,130.25166475755032,34.96956427566536,0.9637130633568268,130.25166475755032,34.96956427566536,0.9637130633568268,benchmark_evaluate_split
sandia,xgboost,100,123,delta_Qdis,0.0007017516763880849,0.000590434530749917,0.000585127912927419,26,34,8,130.25166475755032,34.96956427566536,0.9637130633568268,130.25166475755032,34.96956427566536,0.9637130633568268,benchmark_evaluate_split
sandia,xgboost,100,123,retention_ratio,0.0,0.0,0.0,34,34,8,130.25166475755032,34.96956427566536,0.9637130633568268,130.25166475755032,34.96956427566536,0.9637130633568268,benchmark_evaluate_split
sandia,xgboost,100,123,slope_linear,0.09326452761888504,-0.027752533555030823,0.07776494324207306,3,34,8,130.25166475755032,34.96956427566536,0.9637130633568268,130.25166475755032,34.96956427566536,0.9637130633568268,benchmark_evaluate_split
sandia,xgboost,100,123,variance_Qdis,0.04254046082496643,-0.00048335175961256027,0.03547068312764168,6,34,8,130.25166475755032,34.96956427566536,0.9637130633568268,130.25166475755032,34.96956427566536,0.9637130633568268,benchmark_evaluate_split
sandia,xgboost,100,123,range_Qdis,0.0288469810038805,-0.004721346776932478,0.02405291609466076,10,34,8,130.25166475755032,34.96956427566536,0.9637130633568268,130.25166475755032,34.96956427566536,0.9637130633568268,benchmark_evaluate_split
sandia,xgboost,100,123,max_drop,0.002999961841851473,-0.001654063817113638,0.0025013997219502926,18,34,8,130.25166475755032,34.96956427566536,0.9637130633568268,130.25166475755032,34.96956427566536,0.9637130633568268,benchmark_evaluate_split
sandia,xgboost,100,123,std_diff,0.0004183500132057816,0.0002679320168681443,0.0003488246293272823,27,34,8,130.25166475755032,34.96956427566536,0.9637130633568268,130.25166475755032,34.96956427566536,0.9637130633568268,benchmark_evaluate_split
sandia,xgboost,100,123,skewness_Qdis,0.042292725294828415,-0.006744713056832552,0.03526411950588226,7,34,8,130.25166475755032,34.96956427566536,0.9637130633568268,130.25166475755032,34.96956427566536,0.9637130633568268,benchmark_evaluate_split
sandia,xgboost,100,123,slope_ratio,0.04604111984372139,-0.024052511900663376,0.03838956728577614,4,34,8,130.25166475755032,34.96956427566536,0.9637130633568268,130.25166475755032,34.96956427566536,0.9637130633568268,benchmark_evaluate_split
sandia,xgboost,100,123,Qdis_cycle10,0.0015887799672782421,-0.0002494327782187611,0.0013247414026409388,23,34,8,130.25166475755032,34.96956427566536,0.9637130633568268,130.25166475755032,34.96956427566536,0.9637130633568268,benchmark_evaluate_split
sandia,xgboost,100,123,mean_diff,0.0,0.0,0.0,32,34,8,130.25166475755032,34.96956427566536,0.9637130633568268,130.25166475755032,34.96956427566536,0.9637130633568268,benchmark_evaluate_split
sandia,xgboost,100,123,poly2_a,0.0007948949933052063,-0.0005374671309255064,0.0006627917755395174,25,34,8,130.25166475755032,34.96956427566536,0.9637130633568268,130.25166475755032,34.96956427566536,0.9637130633568268,benchmark_evaluate_split
sandia,xgboost,100,123,poly2_b,0.0009770146571099758,-0.000185854994924739,0.0008146450854837894,24,34,8,130.25166475755032,34.96956427566536,0.9637130633568268,130.25166475755032,34.96956427566536,0.9637130633568268,benchmark_evaluate_split
sandia,xgboost,100,123,poly2_c,0.0,0.0,0.0,30,34,8,130.25166475755032,34.96956427566536,0.9637130633568268,130.25166475755032,34.96956427566536,0.9637130633568268,benchmark_evaluate_split
sandia,xgboost,100,123,exp_decay_k,0.0,0.0,0.0,29,34,8,130.25166475755032,34.96956427566536,0.9637130633568268,130.25166475755032,34.96956427566536,0.9637130633568268,benchmark_evaluate_split
sandia,xgboost,100,123,cycle_to_99pct,0.002818447072058916,-0.0022363229654729366,0.002350050723180175,19,34,8,130.25166475755032,34.96956427566536,0.9637130633568268,130.25166475755032,34.96956427566536,0.9637130633568268,benchmark_evaluate_split
sandia,xgboost,100,123,cycle_to_98pct,0.005076877772808075,0.0018028892809525132,0.004233154002577066,14,34,8,130.25166475755032,34.96956427566536,0.9637130633568268,130.25166475755032,34.96956427566536,0.9637130633568268,benchmark_evaluate_split
sandia,xgboost,100,123,cycle_to_95pct,0.0,0.0,0.0,33,34,8,130.25166475755032,34.96956427566536,0.9637130633568268,130.25166475755032,34.96956427566536,0.9637130633568268,benchmark_evaluate_split
sandia,xgboost,100,123,slope_first_quarter,0.005031378008425236,0.0005770812858827412,0.00419521564617753,15,34,8,130.25166475755032,34.96956427566536,0.9637130633568268,130.25166475755032,34.96956427566536,0.9637130633568268,benchmark_evaluate_split
sandia,xgboost,100,123,slope_last_quarter,0.039640359580516815,0.021274439990520477,0.03305254876613617,8,34,8,130.25166475755032,34.96956427566536,0.9637130633568268,130.25166475755032,34.96956427566536,0.9637130633568268,benchmark_evaluate_split
sandia,xgboost,100,123,autocorr_lag1,0.03955097123980522,0.009777616709470749,0.03297801315784454,9,34,8,130.25166475755032,34.96956427566536,0.9637130633568268,130.25166475755032,34.96956427566536,0.9637130633568268,benchmark_evaluate_split
sandia,xgboost,100,123,knee_cycle,0.003192630596458912,-0.002205137861892581,0.0026620489079505205,17,34,8,130.25166475755032,34.96956427566536,0.9637130633568268,130.25166475755032,34.96956427566536,0.9637130633568268,benchmark_evaluate_split
sandia,xgboost,100,123,n_capacity_jumps,0.0,0.0,0.0,31,34,8,130.25166475755032,34.96956427566536,0.9637130633568268,130.25166475755032,34.96956427566536,0.9637130633568268,benchmark_evaluate_split
sandia,xgboost,100,123,accel_mean,0.004334175959229469,0.001406008843332529,0.0036138813011348248,16,34,8,130.25166475755032,34.96956427566536,0.9637130633568268,130.25166475755032,34.96956427566536,0.9637130633568268,benchmark_evaluate_split
sandia,xgboost,100,123,accel_std,0.0016202853294089437,-0.0014246279606595635,0.001351010869257152,22,34,8,130.25166475755032,34.96956427566536,0.9637130633568268,130.25166475755032,34.96956427566536,0.9637130633568268,benchmark_evaluate_split
sandia,xgboost,100,123,accel_max_abs,0.020669512450695038,-0.01559419371187687,0.017234455794095993,11,34,8,130.25166475755032,34.96956427566536,0.9637130633568268,130.25166475755032,34.96956427566536,0.9637130633568268,benchmark_evaluate_split
sandia,xgboost,100,123,linearity_r2,0.002644553314894438,0.0006584455259144306,0.002205056371167302,20,34,8,130.25166475755032,34.96956427566536,0.9637130633568268,130.25166475755032,34.96956427566536,0.9637130633568268,benchmark_evaluate_split
sandia,xgboost,100,123,kurtosis_Qdis,0.013422533869743347,-0.004154570400714874,0.01119184959679842,13,34,8,130.25166475755032,34.96956427566536,0.9637130633568268,130.25166475755032,34.96956427566536,0.9637130633568268,benchmark_evaluate_split
sandia,xgboost,100,123,fft_top3_energy_ratio,0.00035748572554439306,0.000167900652741082,0.00029807534883730114,28,34,8,130.25166475755032,34.96956427566536,0.9637130633568268,130.25166475755032,34.96956427566536,0.9637130633568268,benchmark_evaluate_split
sandia,xgboost,100,123,spectral_entropy,0.04584400728344917,-0.025757836177945137,0.038225214928388596,5,34,8,130.25166475755032,34.96956427566536,0.9637130633568268,130.25166475755032,34.96956427566536,0.9637130633568268,benchmark_evaluate_split
sandia,xgboost,100,123,sample_entropy,0.01918869838118553,0.0042994203977286816,0.01599973812699318,12,34,8,130.25166475755032,34.96956427566536,0.9637130633568268,130.25166475755032,34.96956427566536,0.9637130633568268,benchmark_evaluate_split
sandia,xgboost,100,123,pos_neg_diff_ratio,0.0016681365668773651,0.00010786461643874645,0.0013909097760915756,21,34,8,130.25166475755032,34.96956427566536,0.9637130633568268,130.25166475755032,34.96956427566536,0.9637130633568268,benchmark_evaluate_split
sandia,xgboost,100,123,mad_Qdis,0.13661536574363708,-0.057152532041072845,0.11391132324934006,2,34,8,130.25166475755032,34.96956427566536,0.9637130633568268,130.25166475755032,34.96956427566536,0.9637130633568268,benchmark_evaluate_split
sandia,xgboost,100,456,Qdis_N,0.7158647775650024,-0.26135045289993286,0.6189132928848267,1,34,8,137.07322281030957,24.85894964286539,0.8944130707585999,137.07322281030957,24.85894964286539,0.8944130707585999,benchmark_evaluate_split
sandia,xgboost,100,456,delta_Qdis,0.0021605854853987694,0.0021605854853987694,0.0018679716158658266,18,34,8,137.07322281030957,24.85894964286539,0.8944130707585999,137.07322281030957,24.85894964286539,0.8944130707585999,benchmark_evaluate_split
sandia,xgboost,100,456,retention_ratio,0.0,0.0,0.0,32,34,8,137.07322281030957,24.85894964286539,0.8944130707585999,137.07322281030957,24.85894964286539,0.8944130707585999,benchmark_evaluate_split
sandia,xgboost,100,456,slope_linear,0.13596348464488983,0.06522274017333984,0.1175495833158493,2,34,8,137.07322281030957,24.85894964286539,0.8944130707585999,137.07322281030957,24.85894964286539,0.8944130707585999,benchmark_evaluate_split
sandia,xgboost,100,456,variance_Qdis,0.004282331094145775,0.004282331094145775,0.0037023634649813175,16,34,8,137.07322281030957,24.85894964286539,0.8944130707585999,137.07322281030957,24.85894964286539,0.8944130707585999,benchmark_evaluate_split
sandia,xgboost,100,456,range_Qdis,0.08145774155855179,0.023129664361476898,0.07042570412158966,3,34,8,137.07322281030957,24.85894964286539,0.8944130707585999,137.07322281030957,24.85894964286539,0.8944130707585999,benchmark_evaluate_split
sandia,xgboost,100,456,max_drop,0.001289921347051859,0.00039057142566889524,0.0011152238585054874,21,34,8,137.07322281030957,24.85894964286539,0.8944130707585999,137.07322281030957,24.85894964286539,0.8944130707585999,benchmark_evaluate_split
sandia,xgboost,100,456,std_diff,0.0016653711209073663,-0.0007996439235284925,0.0014398253988474607,19,34,8,137.07322281030957,24.85894964286539,0.8944130707585999,137.07322281030957,24.85894964286539,0.8944130707585999,benchmark_evaluate_split
sandia,xgboost,100,456,skewness_Qdis,0.0009917810093611479,0.0007358375005424023,0.0008574614766985178,23,34,8,137.07322281030957,24.85894964286539,0.8944130707585999,137.07322281030957,24.85894964286539,0.8944130707585999,benchmark_evaluate_split
sandia,xgboost,100,456,slope_ratio,0.03616882115602493,-0.020073840394616127,0.031270381063222885,5,34,8,137.07322281030957,24.85894964286539,0.8944130707585999,137.07322281030957,24.85894964286539,0.8944130707585999,benchmark_evaluate_split
sandia,xgboost,100,456,Qdis_cycle10,0.009429089725017548,-0.003635396948084235,0.008152082562446594,11,34,8,137.07322281030957,24.85894964286539,0.8944130707585999,137.07322281030957,24.85894964286539,0.8944130707585999,benchmark_evaluate_split
sandia,xgboost,100,456,mean_diff,0.0,0.0,0.0,31,34,8,137.07322281030957,24.85894964286539,0.8944130707585999,137.07322281030957,24.85894964286539,0.8944130707585999,benchmark_evaluate_split
sandia,xgboost,100,456,poly2_a,0.00026637071277946234,-0.00010452978312969208,0.00023029540898278356,25,34,8,137.07322281030957,24.85894964286539,0.8944130707585999,137.07322281030957,24.85894964286539,0.8944130707585999,benchmark_evaluate_split
sandia,xgboost,100,456,poly2_b,0.007985983043909073,-0.001972261583432555,0.006904419977217913,12,34,8,137.07322281030957,24.85894964286539,0.8944130707585999,137.07322281030957,24.85894964286539,0.8944130707585999,benchmark_evaluate_split
sandia,xgboost,100,456,poly2_c,0.0,0.0,0.0,30,34,8,137.07322281030957,24.85894964286539,0.8944130707585999,137.07322281030957,24.85894964286539,0.8944130707585999,benchmark_evaluate_split
sandia,xgboost,100,456,exp_decay_k,0.0,0.0,0.0,29,34,8,137.07322281030957,24.85894964286539,0.8944130707585999,137.07322281030957,24.85894964286539,0.8944130707585999,benchmark_evaluate_split
sandia,xgboost,100,456,cycle_to_99pct,0.03355546295642853,0.0005607251077890396,0.0290109571069479,6,34,8,137.07322281030957,24.85894964286539,0.8944130707585999,137.07322281030957,24.85894964286539,0.8944130707585999,benchmark_evaluate_split
sandia,xgboost,100,456,cycle_to_98pct,0.004505973309278488,0.0036223737988620996,0.0038957172073423862,15,34,8,137.07322281030957,24.85894964286539,0.8944130707585999,137.07322281030957,24.85894964286539,0.8944130707585999,benchmark_evaluate_split
sandia,xgboost,100,456,cycle_to_95pct,0.0,0.0,0.0,33,34,8,137.07322281030957,24.85894964286539,0.8944130707585999,137.07322281030957,24.85894964286539,0.8944130707585999,benchmark_evaluate_split
sandia,xgboost,100,456,slope_first_quarter,0.0,0.0,0.0,28,34,8,137.07322281030957,24.85894964286539,0.8944130707585999,137.07322281030957,24.85894964286539,0.8944130707585999,benchmark_evaluate_split
sandia,xgboost,100,456,slope_last_quarter,0.013716950081288815,0.0029581328853964806,0.0118592269718647,10,34,8,137.07322281030957,24.85894964286539,0.8944130707585999,137.07322281030957,24.85894964286539,0.8944130707585999,benchmark_evaluate_split
sandia,xgboost,100,456,autocorr_lag1,0.0013318929122760892,-0.0013318929122760892,0.0011515110963955522,20,34,8,137.07322281030957,24.85894964286539,0.8944130707585999,137.07322281030957,24.85894964286539,0.8944130707585999,benchmark_evaluate_split
sandia,xgboost,100,456,knee_cycle,0.001224400708451867,0.0009538831654936075,0.001058576861396432,22,34,8,137.07322281030957,24.85894964286539,0.8944130707585999,137.07322281030957,24.85894964286539,0.8944130707585999,benchmark_evaluate_split
sandia,xgboost,100,456,n_capacity_jumps,0.005598295014351606,0.0009319600649178028,0.004840102978050709,13,34,8,137.07322281030957,24.85894964286539,0.8944130707585999,137.07322281030957,24.85894964286539,0.8944130707585999,benchmark_evaluate_split
sandia,xgboost,100,456,accel_mean,0.01386746671050787,0.0011800905922427773,0.011989358812570572,9,34,8,137.07322281030957,24.85894964286539,0.8944130707585999,137.07322281030957,24.85894964286539,0.8944130707585999,benchmark_evaluate_split
sandia,xgboost,100,456,accel_std,0.0009844409069046378,-0.0005985077004879713,0.0008511154446750879,24,34,8,137.07322281030957,24.85894964286539,0.8944130707585999,137.07322281030957,24.85894964286539,0.8944130707585999,benchmark_evaluate_split
sandia,xgboost,100,456,accel_max_abs,0.005236614495515823,-0.0005614048568531871,0.004527405835688114,14,34,8,137.07322281030957,24.85894964286539,0.8944130707585999,137.07322281030957,24.85894964286539,0.8944130707585999,benchmark_evaluate_split
sandia,xgboost,100,456,linearity_r2,0.020917002111673355,-0.006474398076534271,0.01808415725827217,7,34,8,137.07322281030957,24.85894964286539,0.8944130707585999,137.07322281030957,24.85894964286539,0.8944130707585999,benchmark_evaluate_split
sandia,xgboost,100,456,kurtosis_Qdis,0.03847627714276314,-0.012437202967703342,0.033265333622694016,4,34,8,137.07322281030957,24.85894964286539,0.8944130707585999,137.07322281030957,24.85894964286539,0.8944130707585999,benchmark_evaluate_split
sandia,xgboost,100,456,fft_top3_energy_ratio,0.0,0.0,0.0,26,34,8,137.07322281030957,24.85894964286539,0.8944130707585999,137.07322281030957,24.85894964286539,0.8944130707585999,benchmark_evaluate_split
sandia,xgboost,100,456,spectral_entropy,0.0,0.0,0.0,27,34,8,137.07322281030957,24.85894964286539,0.8944130707585999,137.07322281030957,24.85894964286539,0.8944130707585999,benchmark_evaluate_split
sandia,xgboost,100,456,sample_entropy,0.017408233135938644,-0.012514016591012478,0.01505059003829956,8,34,8,137.07322281030957,24.85894964286539,0.8944130707585999,137.07322281030957,24.85894964286539,0.8944130707585999,benchmark_evaluate_split
sandia,xgboost,100,456,pos_neg_diff_ratio,0.0022986310068517923,-0.0006009249482303858,0.001987321302294731,17,34,8,137.07322281030957,24.85894964286539,0.8944130707585999,137.07322281030957,24.85894964286539,0.8944130707585999,benchmark_evaluate_split
sandia,xgboost,100,456,mad_Qdis,0.0,0.0,0.0,34,34,8,137.07322281030957,24.85894964286539,0.8944130707585999,137.07322281030957,24.85894964286539,0.8944130707585999,benchmark_evaluate_split
sandia,xgboost,100,789,Qdis_N,0.49952417612075806,-0.13660432398319244,0.45366171002388,1,34,8,89.18868744012299,29.61020298720276,0.9733370660068931,89.18868744012299,29.61020298720276,0.9733370660068931,benchmark_evaluate_split
sandia,xgboost,100,789,delta_Qdis,0.00037169671850278974,0.00020638192654587328,0.0003375703818164766,23,34,8,89.18868744012299,29.61020298720276,0.9733370660068931,89.18868744012299,29.61020298720276,0.9733370660068931,benchmark_evaluate_split
sandia,xgboost,100,789,retention_ratio,0.0,0.0,0.0,34,34,8,89.18868744012299,29.61020298720276,0.9733370660068931,89.18868744012299,29.61020298720276,0.9733370660068931,benchmark_evaluate_split
sandia,xgboost,100,789,slope_linear,0.04911913350224495,-0.008379952982068062,0.04460939019918442,6,34,8,89.18868744012299,29.61020298720276,0.9733370660068931,89.18868744012299,29.61020298720276,0.9733370660068931,benchmark_evaluate_split
sandia,xgboost,100,789,variance_Qdis,0.03852132707834244,0.03852132707834244,0.03498459607362747,7,34,8,89.18868744012299,29.61020298720276,0.9733370660068931,89.18868744012299,29.61020298720276,0.9733370660068931,benchmark_evaluate_split
sandia,xgboost,100,789,range_Qdis,0.014942392706871033,-0.0035965079441666603,0.013570496812462807,13,34,8,89.18868744012299,29.61020298720276,0.9733370660068931,89.18868744012299,29.61020298720276,0.9733370660068931,benchmark_evaluate_split
sandia,xgboost,100,789,max_drop,0.0164283849298954,-0.008654682897031307,0.01492005679756403,11,34,8,89.18868744012299,29.61020298720276,0.9733370660068931,89.18868744012299,29.61020298720276,0.9733370660068931,benchmark_evaluate_split
sandia,xgboost,100,789,std_diff,0.0,0.0,0.0,32,34,8,89.18868744012299,29.61020298720276,0.9733370660068931,89.18868744012299,29.61020298720276,0.9733370660068931,benchmark_evaluate_split
sandia,xgboost,100,789,skewness_Qdis,0.013588864356279373,-0.0018947548232972622,0.012341239489614964,14,34,8,89.18868744012299,29.61020298720276,0.9733370660068931,89.18868744012299,29.61020298720276,0.9733370660068931,benchmark_evaluate_split
sandia,xgboost,100,789,slope_ratio,0.05237913876771927,-0.022038312628865242,0.047570087015628815,5,34,8,89.18868744012299,29.61020298720276,0.9733370660068931,89.18868744012299,29.61020298720276,0.9733370660068931,benchmark_evaluate_split
sandia,xgboost,100,789,Qdis_cycle10,0.0,0.0,0.0,31,34,8,89.18868744012299,29.61020298720276,0.9733370660068931,89.18868744012299,29.61020298720276,0.9733370660068931,benchmark_evaluate_split
sandia,xgboost,100,789,mean_diff,0.0,0.0,0.0,29,34,8,89.18868744012299,29.61020298720276,0.9733370660068931,89.18868744012299,29.61020298720276,0.9733370660068931,benchmark_evaluate_split
sandia,xgboost,100,789,poly2_a,0.0057256040163338184,0.004785630386322737,0.005199923180043697,17,34,8,89.18868744012299,29.61020298720276,0.9733370660068931,89.18868744012299,29.61020298720276,0.9733370660068931,benchmark_evaluate_split
sandia,xgboost,100,789,poly2_b,0.0,0.0,0.0,25,34,8,89.18868744012299,29.61020298720276,0.9733370660068931,89.18868744012299,29.61020298720276,0.9733370660068931,benchmark_evaluate_split
sandia,xgboost,100,789,poly2_c,0.0,0.0,0.0,33,34,8,89.18868744012299,29.61020298720276,0.9733370660068931,89.18868744012299,29.61020298720276,0.9733370660068931,benchmark_evaluate_split
sandia,xgboost,100,789,exp_decay_k,0.0,0.0,0.0,26,34,8,89.18868744012299,29.61020298720276,0.9733370660068931,89.18868744012299,29.61020298720276,0.9733370660068931,benchmark_evaluate_split
sandia,xgboost,100,789,cycle_to_99pct,0.006620917469263077,0.002231375314295292,0.006013035774230957,16,34,8,89.18868744012299,29.61020298720276,0.9733370660068931,89.18868744012299,29.61020298720276,0.9733370660068931,benchmark_evaluate_split
sandia,xgboost,100,789,cycle_to_98pct,0.020183181390166283,0.0028103962540626526,0.01833011582493782,9,34,8,89.18868744012299,29.61020298720276,0.9733370660068931,89.18868744012299,29.61020298720276,0.9733370660068931,benchmark_evaluate_split
sandia,xgboost,100,789,cycle_to_95pct,0.0,0.0,0.0,28,34,8,89.18868744012299,29.61020298720276,0.9733370660068931,89.18868744012299,29.61020298720276,0.9733370660068931,benchmark_evaluate_split
sandia,xgboost,100,789,slope_first_quarter,0.03020845353603363,0.003653286723420024,0.027434945106506348,8,34,8,89.18868744012299,29.61020298720276,0.9733370660068931,89.18868744012299,29.61020298720276,0.9733370660068931,benchmark_evaluate_split
sandia,xgboost,100,789,slope_last_quarter,0.0,0.0,0.0,24,34,8,89.18868744012299,29.61020298720276,0.9733370660068931,89.18868744012299,29.61020298720276,0.9733370660068931,benchmark_evaluate_split
sandia,xgboost,100,789,autocorr_lag1,0.07398407906293869,-0.04759988188743591,0.06719142943620682,3,34,8,89.18868744012299,29.61020298720276,0.9733370660068931,89.18868744012299,29.61020298720276,0.9733370660068931,benchmark_evaluate_split
sandia,xgboost,100,789,knee_cycle,0.0008895177161321044,0.0003358842805027962,0.0008078490500338376,21,34,8,89.18868744012299,29.61020298720276,0.9733370660068931,89.18868744012299,29.61020298720276,0.9733370660068931,benchmark_evaluate_split
sandia,xgboost,100,789,n_capacity_jumps,0.000771757448092103,0.0001872068824013695,0.0007009006221778691,22,34,8,89.18868744012299,29.61020298720276,0.9733370660068931,89.18868744012299,29.61020298720276,0.9733370660068931,benchmark_evaluate_split
sandia,xgboost,100,789,accel_mean,0.0025493158027529716,-0.001373174600303173,0.0023152572102844715,18,34,8,89.18868744012299,29.61020298720276,0.9733370660068931,89.18868744012299,29.61020298720276,0.9733370660068931,benchmark_evaluate_split
sandia,xgboost,100,789,accel_std,0.0,0.0,0.0,27,34,8,89.18868744012299,29.61020298720276,0.9733370660068931,89.18868744012299,29.61020298720276,0.9733370660068931,benchmark_evaluate_split
sandia,xgboost,100,789,accel_max_abs,0.015263124369084835,-0.004826887045055628,0.013861780986189842,12,34,8,89.18868744012299,29.61020298720276,0.9733370660068931,89.18868744012299,29.61020298720276,0.9733370660068931,benchmark_evaluate_split
sandia,xgboost,100,789,linearity_r2,0.001449762610718608,0.0008682619081810117,0.00131665647495538,19,34,8,89.18868744012299,29.61020298720276,0.9733370660068931,89.18868744012299,29.61020298720276,0.9733370660068931,benchmark_evaluate_split
sandia,xgboost,100,789,kurtosis_Qdis,0.008434654213488102,-0.0034325981978327036,0.0076602487824857235,15,34,8,89.18868744012299,29.61020298720276,0.9733370660068931,89.18868744012299,29.61020298720276,0.9733370660068931,benchmark_evaluate_split
sandia,xgboost,100,789,fft_top3_energy_ratio,0.0,0.0,0.0,30,34,8,89.18868744012299,29.61020298720276,0.9733370660068931,89.18868744012299,29.61020298720276,0.9733370660068931,benchmark_evaluate_split
sandia,xgboost,100,789,spectral_entropy,0.0555339977145195,0.030126404017210007,0.05043529346585274,4,34,8,89.18868744012299,29.61020298720276,0.9733370660068931,89.18868744012299,29.61020298720276,0.9733370660068931,benchmark_evaluate_split
sandia,xgboost,100,789,sample_entropy,0.01933598518371582,0.0006010972429066896,0.017560703679919243,10,34,8,89.18868744012299,29.61020298720276,0.9733370660068931,89.18868744012299,29.61020298720276,0.9733370660068931,benchmark_evaluate_split
sandia,xgboost,100,789,pos_neg_diff_ratio,0.0012685484252870083,-0.0008598731365054846,0.0011520800180733204,20,34,8,89.18868744012299,29.61020298720276,0.9733370660068931,89.18868744012299,29.61020298720276,0.9733370660068931,benchmark_evaluate_split
sandia,xgboost,100,789,mad_Qdis,0.17400002479553223,-0.0029813144356012344,0.15802468359470367,2,34,8,89.18868744012299,29.61020298720276,0.9733370660068931,89.18868744012299,29.61020298720276,0.9733370660068931,benchmark_evaluate_split
sandia,xgboost,100,1011,Qdis_N,0.9173689484596252,0.13117796182632446,0.669846773147583,1,34,8,210.76535537416186,19.593761053573854,0.8138491965078132,210.76535537416186,19.593761053573854,0.8138491965078132,benchmark_evaluate_split
sandia,xgboost,100,1011,delta_Qdis,0.01779724843800068,-0.014924642629921436,0.012995240278542042,9,34,8,210.76535537416186,19.593761053573854,0.8138491965078132,210.76535537416186,19.593761053573854,0.8138491965078132,benchmark_evaluate_split
sandia,xgboost,100,1011,retention_ratio,0.0,0.0,0.0,33,34,8,210.76535537416186,19.593761053573854,0.8138491965078132,210.76535537416186,19.593761053573854,0.8138491965078132,benchmark_evaluate_split
sandia,xgboost,100,1011,slope_linear,0.12802916765213013,-0.004281152039766312,0.09348466247320175,2,34,8,210.76535537416186,19.593761053573854,0.8138491965078132,210.76535537416186,19.593761053573854,0.8138491965078132,benchmark_evaluate_split
sandia,xgboost,100,1011,variance_Qdis,0.015655292198061943,0.015655292198061943,0.011431220918893814,10,34,8,210.76535537416186,19.593761053573854,0.8138491965078132,210.76535537416186,19.593761053573854,0.8138491965078132,benchmark_evaluate_split
sandia,xgboost,100,1011,range_Qdis,0.06273537129163742,0.06273537129163742,0.045808274298906326,3,34,8,210.76535537416186,19.593761053573854,0.8138491965078132,210.76535537416186,19.593761053573854,0.8138491965078132,benchmark_evaluate_split
sandia,xgboost,100,1011,max_drop,0.02176951989531517,-0.02176951989531517,0.015895724296569824,8,34,8,210.76535537416186,19.593761053573854,0.8138491965078132,210.76535537416186,19.593761053573854,0.8138491965078132,benchmark_evaluate_split
sandia,xgboost,100,1011,std_diff,0.010070588439702988,0.0038514561019837856,0.0073533677496016026,12,34,8,210.76535537416186,19.593761053573854,0.8138491965078132,210.76535537416186,19.593761053573854,0.8138491965078132,benchmark_evaluate_split
sandia,xgboost,100,1011,skewness_Qdis,0.02907191775739193,-0.008944213390350342,0.02122780680656433,6,34,8,210.76535537416186,19.593761053573854,0.8138491965078132,210.76535537416186,19.593761053573854,0.8138491965078132,benchmark_evaluate_split
sandia,xgboost,100,1011,slope_ratio,0.005997302941977978,-0.0008257415611296892,0.004379125777631998,14,34,8,210.76535537416186,19.593761053573854,0.8138491965078132,210.76535537416186,19.593761053573854,0.8138491965078132,benchmark_evaluate_split
sandia,xgboost,100,1011,Qdis_cycle10,0.0009955661371350288,0.0006505397032015026,0.00072694499976933,25,34,8,210.76535537416186,19.593761053573854,0.8138491965078132,210.76535537416186,19.593761053573854,0.8138491965078132,benchmark_evaluate_split
sandia,xgboost,100,1011,mean_diff,0.0,0.0,0.0,31,34,8,210.76535537416186,19.593761053573854,0.8138491965078132,210.76535537416186,19.593761053573854,0.8138491965078132,benchmark_evaluate_split
sandia,xgboost,100,1011,poly2_a,0.003966273739933968,-0.0024472984950989485,0.002896103775128722,16,34,8,210.76535537416186,19.593761053573854,0.8138491965078132,210.76535537416186,19.593761053573854,0.8138491965078132,benchmark_evaluate_split
sandia,xgboost,100,1011,poly2_b,0.0018968697404488921,0.0010598324006423354,0.0013850611867383122,23,34,8,210.76535537416186,19.593761053573854,0.8138491965078132,210.76535537416186,19.593761053573854,0.8138491965078132,benchmark_evaluate_split
sandia,xgboost,100,1011,poly2_c,0.00018367142183706164,2.7161680918652564e-05,0.00013411366671789438,27,34,8,210.76535537416186,19.593761053573854,0.8138491965078132,210.76535537416186,19.593761053573854,0.8138491965078132,benchmark_evaluate_split
sandia,xgboost,100,1011,exp_decay_k,0.0,0.0,0.0,34,34,8,210.76535537416186,19.593761053573854,0.8138491965078132,210.76535537416186,19.593761053573854,0.8138491965078132,benchmark_evaluate_split
sandia,xgboost,100,1011,cycle_to_99pct,0.003587353741750121,-0.0027577653527259827,0.0026194232050329447,17,34,8,210.76535537416186,19.593761053573854,0.8138491965078132,210.76535537416186,19.593761053573854,0.8138491965078132,benchmark_evaluate_split
sandia,xgboost,100,1011,cycle_to_98pct,0.051645953208208084,-0.010923905298113823,0.037710972130298615,4,34,8,210.76535537416186,19.593761053573854,0.8138491965078132,210.76535537416186,19.593761053573854,0.8138491965078132,benchmark_evaluate_split
sandia,xgboost,100,1011,cycle_to_95pct,0.00646163709461689,-0.0010236832313239574,0.004718174692243338,13,34,8,210.76535537416186,19.593761053573854,0.8138491965078132,210.76535537416186,19.593761053573854,0.8138491965078132,benchmark_evaluate_split
sandia,xgboost,100,1011,slope_first_quarter,0.031097471714019775,-0.017156081274151802,0.022706830874085426,5,34,8,210.76535537416186,19.593761053573854,0.8138491965078132,210.76535537416186,19.593761053573854,0.8138491965078132,benchmark_evaluate_split
sandia,xgboost,100,1011,slope_last_quarter,0.0030215056613087654,-0.002137474250048399,0.0022062507923692465,20,34,8,210.76535537416186,19.593761053573854,0.8138491965078132,210.76535537416186,19.593761053573854,0.8138491965078132,benchmark_evaluate_split
sandia,xgboost,100,1011,autocorr_lag1,0.0031940608751028776,0.0010622271802276373,0.0023322475608438253,19,34,8,210.76535537416186,19.593761053573854,0.8138491965078132,210.76535537416186,19.593761053573854,0.8138491965078132,benchmark_evaluate_split
sandia,xgboost,100,1011,knee_cycle,0.0006992169073782861,-0.00044252676889300346,0.000510555983055383,26,34,8,210.76535537416186,19.593761053573854,0.8138491965078132,210.76535537416186,19.593761053573854,0.8138491965078132,benchmark_evaluate_split
sandia,xgboost,100,1011,n_capacity_jumps,0.0,0.0,0.0,30,34,8,210.76535537416186,19.593761053573854,0.8138491965078132,210.76535537416186,19.593761053573854,0.8138491965078132,benchmark_evaluate_split
sandia,xgboost,100,1011,accel_mean,0.023999003693461418,0.017551567405462265,0.01752365380525589,7,34,8,210.76535537416186,19.593761053573854,0.8138491965078132,210.76535537416186,19.593761053573854,0.8138491965078132,benchmark_evaluate_split
sandia,xgboost,100,1011,accel_std,0.0,0.0,0.0,29,34,8,210.76535537416186,19.593761053573854,0.8138491965078132,210.76535537416186,19.593761053573854,0.8138491965078132,benchmark_evaluate_split
sandia,xgboost,100,1011,accel_max_abs,0.0033024149015545845,0.00153695372864604,0.0024113657418638468,18,34,8,210.76535537416186,19.593761053573854,0.8138491965078132,210.76535537416186,19.593761053573854,0.8138491965078132,benchmark_evaluate_split
sandia,xgboost,100,1011,linearity_r2,0.002554902108386159,-0.0015228729462251067,0.0018655449384823442,22,34,8,210.76535537416186,19.593761053573854,0.8138491965078132,210.76535537416186,19.593761053573854,0.8138491965078132,benchmark_evaluate_split
sandia,xgboost,100,1011,kurtosis_Qdis,0.0016485946252942085,-0.00012418575352057815,0.0012037750566378236,24,34,8,210.76535537416186,19.593761053573854,0.8138491965078132,210.76535537416186,19.593761053573854,0.8138491965078132,benchmark_evaluate_split
sandia,xgboost,100,1011,fft_top3_energy_ratio,0.0,0.0,0.0,32,34,8,210.76535537416186,19.593761053573854,0.8138491965078132,210.76535537416186,19.593761053573854,0.8138491965078132,benchmark_evaluate_split
sandia,xgboost,100,1011,spectral_entropy,0.0026141449343413115,5.081723793409765e-05,0.001908803009428084,21,34,8,210.76535537416186,19.593761053573854,0.8138491965078132,210.76535537416186,19.593761053573854,0.8138491965078132,benchmark_evaluate_split
sandia,xgboost,100,1011,sample_entropy,0.014801403507590294,0.004146761726588011,0.01080772653222084,11,34,8,210.76535537416186,19.593761053573854,0.8138491965078132,210.76535537416186,19.593761053573854,0.8138491965078132,benchmark_evaluate_split
sandia,xgboost,100,1011,pos_neg_diff_ratio,7.790327799739316e-05,6.612670404138044e-05,5.688361488864757e-05,28,34,8,210.76535537416186,19.593761053573854,0.8138491965078132,210.76535537416186,19.593761053573854,0.8138491965078132,benchmark_evaluate_split
sandia,xgboost,100,1011,mad_Qdis,0.005277301650494337,0.0006583224749192595,0.0038533934857696295,15,34,8,210.76535537416186,19.593761053573854,0.8138491965078132,210.76535537416186,19.593761053573854,0.8138491965078132,benchmark_evaluate_split
luh,catboost,100,42,Qdis_N,0.05618184810644864,0.009955165802387039,0.05176901984486233,8,74,16,84.45375085010559,13.03942812479174,0.8334720638054629,84.45375085010559,13.03942812479174,0.8334720638054629,benchmark_evaluate_split
luh,catboost,100,42,delta_Qdis,0.04953028803677117,-0.0016725304486364914,0.045639909520937216,10,74,16,84.45375085010559,13.03942812479174,0.8334720638054629,84.45375085010559,13.03942812479174,0.8334720638054629,benchmark_evaluate_split
luh,catboost,100,42,retention_ratio,0.04427388671191194,0.007020101077247981,0.04079637457734457,11,74,16,84.45375085010559,13.03942812479174,0.8334720638054629,84.45375085010559,13.03942812479174,0.8334720638054629,benchmark_evaluate_split
luh,catboost,100,42,slope_linear,0.08193948591630519,0.002592052892485021,0.07550351253027089,2,74,16,84.45375085010559,13.03942812479174,0.8334720638054629,84.45375085010559,13.03942812479174,0.8334720638054629,benchmark_evaluate_split
luh,catboost,100,42,variance_Qdis,0.042656998249334714,0.0026529858859092236,0.03930648533860874,12,74,16,84.45375085010559,13.03942812479174,0.8334720638054629,84.45375085010559,13.03942812479174,0.8334720638054629,benchmark_evaluate_split
luh,catboost,100,42,range_Qdis,0.06342049026180732,0.0021451576558217922,0.05843909963078535,6,74,16,84.45375085010559,13.03942812479174,0.8334720638054629,84.45375085010559,13.03942812479174,0.8334720638054629,benchmark_evaluate_split
luh,catboost,100,42,max_drop,0.029845989507351744,-0.004715301390833615,0.027501722979424322,16,74,16,84.45375085010559,13.03942812479174,0.8334720638054629,84.45375085010559,13.03942812479174,0.8334720638054629,benchmark_evaluate_split
luh,catboost,100,42,std_diff,0.008749338531435771,-0.0020361172565240837,0.008062117842850516,27,74,16,84.45375085010559,13.03942812479174,0.8334720638054629,84.45375085010559,13.03942812479174,0.8334720638054629,benchmark_evaluate_split
luh,catboost,100,42,skewness_Qdis,0.014361306803896747,-0.0031130512443530017,0.013233291569911,23,74,16,84.45375085010559,13.03942812479174,0.8334720638054629,84.45375085010559,13.03942812479174,0.8334720638054629,benchmark_evaluate_split
luh,catboost,100,42,slope_ratio,0.02027133763040484,-0.004860562418799771,0.018679116395067072,18,74,16,84.45375085010559,13.03942812479174,0.8334720638054629,84.45375085010559,13.03942812479174,0.8334720638054629,benchmark_evaluate_split
luh,catboost,100,42,Qdis_cycle10,0.007077946875681366,-0.002768152599014955,0.006522006388500629,29,74,16,84.45375085010559,13.03942812479174,0.8334720638054629,84.45375085010559,13.03942812479174,0.8334720638054629,benchmark_evaluate_split
luh,catboost,100,42,mean_diff,0.03789340436186055,0.011342184599070732,0.034917050052922415,13,74,16,84.45375085010559,13.03942812479174,0.8334720638054629,84.45375085010559,13.03942812479174,0.8334720638054629,benchmark_evaluate_split
luh,catboost,100,42,poly2_a,0.06249001930438948,0.011542154039088749,0.0575817129287964,7,74,16,84.45375085010559,13.03942812479174,0.8334720638054629,84.45375085010559,13.03942812479174,0.8334720638054629,benchmark_evaluate_split
luh,catboost,100,42,poly2_b,0.07275636233329544,0.008299832604934481,0.06704168147576545,4,74,16,84.45375085010559,13.03942812479174,0.8334720638054629,84.45375085010559,13.03942812479174,0.8334720638054629,benchmark_evaluate_split
luh,catboost,100,42,poly2_c,0.004942817162696287,0.0023516915730674914,0.0045545813889981196,31,74,16,84.45375085010559,13.03942812479174,0.8334720638054629,84.45375085010559,13.03942812479174,0.8334720638054629,benchmark_evaluate_split
luh,catboost,100,42,exp_decay_k,0.03637541220102827,0.006167835024414109,0.0335182892619001,14,74,16,84.45375085010559,13.03942812479174,0.8334720638054629,84.45375085010559,13.03942812479174,0.8334720638054629,benchmark_evaluate_split
luh,catboost,100,42,cycle_to_99pct,0.005880053731139545,-0.0011573292541357258,0.005418202294083663,30,74,16,84.45375085010559,13.03942812479174,0.8334720638054629,84.45375085010559,13.03942812479174,0.8334720638054629,benchmark_evaluate_split
luh,catboost,100,42,cycle_to_98pct,0.06701489787435493,-0.006557305836577217,0.061751182897820896,5,74,16,84.45375085010559,13.03942812479174,0.8334720638054629,84.45375085010559,13.03942812479174,0.8334720638054629,benchmark_evaluate_split
luh,catboost,100,42,cycle_to_95pct,0.032645759566393595,-0.0010364809616742962,0.030081583853224098,15,74,16,84.45375085010559,13.03942812479174,0.8334720638054629,84.45375085010559,13.03942812479174,0.8334720638054629,benchmark_evaluate_split
luh,catboost,100,42,slope_first_quarter,0.011478722122010261,-0.003069361462696235,0.010577120784672113,26,74,16,84.45375085010559,13.03942812479174,0.8334720638054629,84.45375085010559,13.03942812479174,0.8334720638054629,benchmark_evaluate_split
luh,catboost,100,42,slope_last_quarter,0.07482249622171963,0.01703049225100912,0.06894552995845175,3,74,16,84.45375085010559,13.03942812479174,0.8334720638054629,84.45375085010559,13.03942812479174,0.8334720638054629,benchmark_evaluate_split
luh,catboost,100,42,autocorr_lag1,0.013107564810817776,0.00393789441809339,0.012078025299619108,25,74,16,84.45375085010559,13.03942812479174,0.8334720638054629,84.45375085010559,13.03942812479174,0.8334720638054629,benchmark_evaluate_split
luh,catboost,100,42,knee_cycle,0.014560588045872569,0.004331328376612454,0.013416920178051624,22,74,16,84.45375085010559,13.03942812479174,0.8334720638054629,84.45375085010559,13.03942812479174,0.8334720638054629,benchmark_evaluate_split
luh,catboost,100,42,n_capacity_jumps,0.0,0.0,0.0,33,74,16,84.45375085010559,13.03942812479174,0.8334720638054629,84.45375085010559,13.03942812479174,0.8334720638054629,benchmark_evaluate_split
luh,catboost,100,42,accel_mean,0.018648487675893364,0.0017809665210357145,0.01718373391243394,19,74,16,84.45375085010559,13.03942812479174,0.8334720638054629,84.45375085010559,13.03942812479174,0.8334720638054629,benchmark_evaluate_split
luh,catboost,100,42,accel_std,0.007944477251495434,0.001790805432399515,0.007320474750322736,28,74,16,84.45375085010559,13.03942812479174,0.8334720638054629,84.45375085010559,13.03942812479174,0.8334720638054629,benchmark_evaluate_split
luh,catboost,100,42,accel_max_abs,0.02136904842619703,0.0016688395745550015,0.01969060700790013,17,74,16,84.45375085010559,13.03942812479174,0.8334720638054629,84.45375085010559,13.03942812479174,0.8334720638054629,benchmark_evaluate_split
luh,catboost,100,42,linearity_r2,0.01580089143374058,-0.00246115780931979,0.014559803384359303,21,74,16,84.45375085010559,13.03942812479174,0.8334720638054629,84.45375085010559,13.03942812479174,0.8334720638054629,benchmark_evaluate_split
luh,catboost,100,42,kurtosis_Qdis,0.016838864625992347,-0.0016717173910576915,0.01551624851030647,20,74,16,84.45375085010559,13.03942812479174,0.8334720638054629,84.45375085010559,13.03942812479174,0.8334720638054629,benchmark_evaluate_split
luh,catboost,100,42,fft_top3_energy_ratio,0.0043914260832304455,-0.0018683504658594382,0.00404649956724917,32,74,16,84.45375085010559,13.03942812479174,0.8334720638054629,84.45375085010559,13.03942812479174,0.8334720638054629,benchmark_evaluate_split
luh,catboost,100,42,spectral_entropy,0.013573974098317171,0.0002338953622805992,0.012507800262070243,24,74,16,84.45375085010559,13.03942812479174,0.8334720638054629,84.45375085010559,13.03942812479174,0.8334720638054629,benchmark_evaluate_split
luh,catboost,100,42,sample_entropy,0.051065618563603365,-0.005959299669943036,0.04705464682828606,9,74,16,84.45375085010559,13.03942812479174,0.8334720638054629,84.45375085010559,13.03942812479174,0.8334720638054629,benchmark_evaluate_split
luh,catboost,100,42,pos_neg_diff_ratio,0.0,0.0,0.0,34,74,16,84.45375085010559,13.03942812479174,0.8334720638054629,84.45375085010559,13.03942812479174,0.8334720638054629,benchmark_evaluate_split
luh,catboost,100,42,mad_Qdis,0.08333091238113062,0.026928162264582337,0.07678564878420352,1,74,16,84.45375085010559,13.03942812479174,0.8334720638054629,84.45375085010559,13.03942812479174,0.8334720638054629,benchmark_evaluate_split
luh,catboost,100,123,Qdis_N,0.0359132789895985,0.002198514261168719,0.038246539993731586,11,74,16,90.90262027797206,16.46596499940586,0.7761891274838509,90.90262027797206,16.46596499940586,0.7761891274838509,benchmark_evaluate_split
luh,catboost,100,123,delta_Qdis,0.013106627930839717,-0.0012686389276498032,0.013958156521575388,23,74,16,90.90262027797206,16.46596499940586,0.7761891274838509,90.90262027797206,16.46596499940586,0.7761891274838509,benchmark_evaluate_split
luh,catboost,100,123,retention_ratio,0.046730871721199004,-0.02545860833101212,0.049766944275526304,7,74,16,90.90262027797206,16.46596499940586,0.7761891274838509,90.90262027797206,16.46596499940586,0.7761891274838509,benchmark_evaluate_split
luh,catboost,100,123,slope_linear,0.09867887188316722,0.04041407641097237,0.10508997023382252,1,74,16,90.90262027797206,16.46596499940586,0.7761891274838509,90.90262027797206,16.46596499940586,0.7761891274838509,benchmark_evaluate_split
luh,catboost,100,123,variance_Qdis,0.016868294671772054,0.0039632033231585,0.017964216160179472,20,74,16,90.90262027797206,16.46596499940586,0.7761891274838509,90.90262027797206,16.46596499940586,0.7761891274838509,benchmark_evaluate_split
luh,catboost,100,123,range_Qdis,0.033123455405470965,-0.005137235548871923,0.03527546349256629,13,74,16,90.90262027797206,16.46596499940586,0.7761891274838509,90.90262027797206,16.46596499940586,0.7761891274838509,benchmark_evaluate_split
luh,catboost,100,123,max_drop,0.06867754064255584,0.03210552127749093,0.07313947316304363,3,74,16,90.90262027797206,16.46596499940586,0.7761891274838509,90.90262027797206,16.46596499940586,0.7761891274838509,benchmark_evaluate_split
luh,catboost,100,123,std_diff,0.006449454988508775,-0.0035546296384920064,0.006868471637669592,27,74,16,90.90262027797206,16.46596499940586,0.7761891274838509,90.90262027797206,16.46596499940586,0.7761891274838509,benchmark_evaluate_split
luh,catboost,100,123,skewness_Qdis,0.010988292813449511,-0.004518437993185203,0.01170219463040817,24,74,16,90.90262027797206,16.46596499940586,0.7761891274838509,90.90262027797206,16.46596499940586,0.7761891274838509,benchmark_evaluate_split
luh,catboost,100,123,slope_ratio,0.017897413919762243,0.001333310412196464,0.019060196577004557,18,74,16,90.90262027797206,16.46596499940586,0.7761891274838509,90.90262027797206,16.46596499940586,0.7761891274838509,benchmark_evaluate_split
luh,catboost,100,123,Qdis_cycle10,0.0,0.0,0.0,32,74,16,90.90262027797206,16.46596499940586,0.7761891274838509,90.90262027797206,16.46596499940586,0.7761891274838509,benchmark_evaluate_split
luh,catboost,100,123,mean_diff,0.04320588184018558,-0.007607021099851931,0.046012938229441615,8,74,16,90.90262027797206,16.46596499940586,0.7761891274838509,90.90262027797206,16.46596499940586,0.7761891274838509,benchmark_evaluate_split
luh,catboost,100,123,poly2_a,0.019076385174246913,-0.0031608944241769245,0.020315764781989893,17,74,16,90.90262027797206,16.46596499940586,0.7761891274838509,90.90262027797206,16.46596499940586,0.7761891274838509,benchmark_evaluate_split
luh,catboost,100,123,poly2_b,0.051274527497640936,-0.0300732009427931,0.054605798238757206,5,74,16,90.90262027797206,16.46596499940586,0.7761891274838509,90.90262027797206,16.46596499940586,0.7761891274838509,benchmark_evaluate_split
luh,catboost,100,123,poly2_c,0.005781172038038008,0.00024005378726218844,0.006156770804122426,28,74,16,90.90262027797206,16.46596499940586,0.7761891274838509,90.90262027797206,16.46596499940586,0.7761891274838509,benchmark_evaluate_split
luh,catboost,100,123,exp_decay_k,0.03220834539760775,-0.00842365877643609,0.03430089941768632,14,74,16,90.90262027797206,16.46596499940586,0.7761891274838509,90.90262027797206,16.46596499940586,0.7761891274838509,benchmark_evaluate_split
luh,catboost,100,123,cycle_to_99pct,0.022948681582088667,-0.005931532876218614,0.024439641620776942,16,74,16,90.90262027797206,16.46596499940586,0.7761891274838509,90.90262027797206,16.46596499940586,0.7761891274838509,benchmark_evaluate_split
luh,catboost,100,123,cycle_to_98pct,0.000672845980425389,1.3440212019496123e-06,0.0007165603204155901,31,74,16,90.90262027797206,16.46596499940586,0.7761891274838509,90.90262027797206,16.46596499940586,0.7761891274838509,benchmark_evaluate_split
luh,catboost,100,123,cycle_to_95pct,0.08875674652207771,0.031437660467394546,0.09452321122093377,2,74,16,90.90262027797206,16.46596499940586,0.7761891274838509,90.90262027797206,16.46596499940586,0.7761891274838509,benchmark_evaluate_split
luh,catboost,100,123,slope_first_quarter,0.014581552243741993,0.0003049039486281743,0.015528905651374483,22,74,16,90.90262027797206,16.46596499940586,0.7761891274838509,90.90262027797206,16.46596499940586,0.7761891274838509,benchmark_evaluate_split
luh,catboost,100,123,slope_last_quarter,0.04131932823074619,0.00348782737947831,0.04400381653117952,10,74,16,90.90262027797206,16.46596499940586,0.7761891274838509,90.90262027797206,16.46596499940586,0.7761891274838509,benchmark_evaluate_split
luh,catboost,100,123,autocorr_lag1,0.009479702126125237,0.0012963627889377226,0.01009559184502536,25,74,16,90.90262027797206,16.46596499940586,0.7761891274838509,90.90262027797206,16.46596499940586,0.7761891274838509,benchmark_evaluate_split
luh,catboost,100,123,knee_cycle,0.03581287811969496,0.009571878828997921,0.03813961614845187,12,74,16,90.90262027797206,16.46596499940586,0.7761891274838509,90.90262027797206,16.46596499940586,0.7761891274838509,benchmark_evaluate_split
luh,catboost,100,123,n_capacity_jumps,0.0,0.0,0.0,33,74,16,90.90262027797206,16.46596499940586,0.7761891274838509,90.90262027797206,16.46596499940586,0.7761891274838509,benchmark_evaluate_split
luh,catboost,100,123,accel_mean,0.0253723889147543,0.014867411549755776,0.027020815549750252,15,74,16,90.90262027797206,16.46596499940586,0.7761891274838509,90.90262027797206,16.46596499940586,0.7761891274838509,benchmark_evaluate_split
luh,catboost,100,123,accel_std,0.0032807736248753054,0.00285663142387924,0.003493923227965766,30,74,16,90.90262027797206,16.46596499940586,0.7761891274838509,90.90262027797206,16.46596499940586,0.7761891274838509,benchmark_evaluate_split
luh,catboost,100,123,accel_max_abs,0.005600125751434386,-0.0023095557336444295,0.005963962064956406,29,74,16,90.90262027797206,16.46596499940586,0.7761891274838509,90.90262027797206,16.46596499940586,0.7761891274838509,benchmark_evaluate_split
luh,catboost,100,123,linearity_r2,0.00945779519095041,0.002170356467626839,0.010072261631358522,26,74,16,90.90262027797206,16.46596499940586,0.7761891274838509,90.90262027797206,16.46596499940586,0.7761891274838509,benchmark_evaluate_split
luh,catboost,100,123,kurtosis_Qdis,0.042330362637278046,-0.006179246739253307,0.045080537146850924,9,74,16,90.90262027797206,16.46596499940586,0.7761891274838509,90.90262027797206,16.46596499940586,0.7761891274838509,benchmark_evaluate_split
luh,catboost,100,123,fft_top3_energy_ratio,0.017368108960247118,-0.003855292606986248,0.01849650303877768,19,74,16,90.90262027797206,16.46596499940586,0.7761891274838509,90.90262027797206,16.46596499940586,0.7761891274838509,benchmark_evaluate_split
luh,catboost,100,123,spectral_entropy,0.01616280148600608,-0.005969753643379028,0.017212887567974944,21,74,16,90.90262027797206,16.46596499940586,0.7761891274838509,90.90262027797206,16.46596499940586,0.7761891274838509,benchmark_evaluate_split
luh,catboost,100,123,sample_entropy,0.05469745652069531,0.012930326606613769,0.05825111260322586,4,74,16,90.90262027797206,16.46596499940586,0.7761891274838509,90.90262027797206,16.46596499940586,0.7761891274838509,benchmark_evaluate_split
luh,catboost,100,123,pos_neg_diff_ratio,0.0,0.0,0.0,34,74,16,90.90262027797206,16.46596499940586,0.7761891274838509,90.90262027797206,16.46596499940586,0.7761891274838509,benchmark_evaluate_split
luh,catboost,100,123,mad_Qdis,0.05117223106135921,0.0045993718712305,0.0544968556734571,6,74,16,90.90262027797206,16.46596499940586,0.7761891274838509,90.90262027797206,16.46596499940586,0.7761891274838509,benchmark_evaluate_split
luh,catboost,100,456,Qdis_N,0.03866979917986708,-0.00018719932147846004,0.04352666811493677,7,74,16,107.79701079235022,15.435547919726512,0.8230491335686578,107.79701079235022,15.435547919726512,0.8230491335686578,benchmark_evaluate_split
luh,catboost,100,456,delta_Qdis,0.0446577117008194,0.005068400980812692,0.05026665349185752,4,74,16,107.79701079235022,15.435547919726512,0.8230491335686578,107.79701079235022,15.435547919726512,0.8230491335686578,benchmark_evaluate_split
luh,catboost,100,456,retention_ratio,0.04061258208720332,0.003074175374129525,0.04571346164943806,6,74,16,107.79701079235022,15.435547919726512,0.8230491335686578,107.79701079235022,15.435547919726512,0.8230491335686578,benchmark_evaluate_split
luh,catboost,100,456,slope_linear,0.05699360456972553,0.009528107931303152,0.06415191605318583,2,74,16,107.79701079235022,15.435547919726512,0.8230491335686578,107.79701079235022,15.435547919726512,0.8230491335686578,benchmark_evaluate_split
luh,catboost,100,456,variance_Qdis,0.03395182085885527,0.008888882324462642,0.03821611877391345,10,74,16,107.79701079235022,15.435547919726512,0.8230491335686578,107.79701079235022,15.435547919726512,0.8230491335686578,benchmark_evaluate_split
luh,catboost,100,456,range_Qdis,0.03783178636342863,0.00410162510955902,0.04258340214224533,8,74,16,107.79701079235022,15.435547919726512,0.8230491335686578,107.79701079235022,15.435547919726512,0.8230491335686578,benchmark_evaluate_split
luh,catboost,100,456,max_drop,0.029116240197388954,0.0029451905909409055,0.032773196414383,14,74,16,107.79701079235022,15.435547919726512,0.8230491335686578,107.79701079235022,15.435547919726512,0.8230491335686578,benchmark_evaluate_split
luh,catboost,100,456,std_diff,0.014231117982818469,0.0013475453015977233,0.01601852511468815,26,74,16,107.79701079235022,15.435547919726512,0.8230491335686578,107.79701079235022,15.435547919726512,0.8230491335686578,benchmark_evaluate_split
luh,catboost,100,456,skewness_Qdis,0.020032879711736753,0.0005106340282370781,0.022548979438537987,21,74,16,107.79701079235022,15.435547919726512,0.8230491335686578,107.79701079235022,15.435547919726512,0.8230491335686578,benchmark_evaluate_split
luh,catboost,100,456,slope_ratio,0.010300705058769727,0.00035557105245997,0.01159445820645354,30,74,16,107.79701079235022,15.435547919726512,0.8230491335686578,107.79701079235022,15.435547919726512,0.8230491335686578,benchmark_evaluate_split
luh,catboost,100,456,Qdis_cycle10,0.02081294059759275,6.209300661485628e-05,0.02342701480484977,19,74,16,107.79701079235022,15.435547919726512,0.8230491335686578,107.79701079235022,15.435547919726512,0.8230491335686578,benchmark_evaluate_split
luh,catboost,100,456,mean_diff,0.042164341007985974,0.007682638453878125,0.047460119169564635,5,74,16,107.79701079235022,15.435547919726512,0.8230491335686578,107.79701079235022,15.435547919726512,0.8230491335686578,benchmark_evaluate_split
luh,catboost,100,456,poly2_a,0.032914426054792646,-0.010951907510646083,0.037048428734185936,12,74,16,107.79701079235022,15.435547919726512,0.8230491335686578,107.79701079235022,15.435547919726512,0.8230491335686578,benchmark_evaluate_split
luh,catboost,100,456,poly2_b,0.03360912780442883,-0.003783797174358813,0.03783038398444809,11,74,16,107.79701079235022,15.435547919726512,0.8230491335686578,107.79701079235022,15.435547919726512,0.8230491335686578,benchmark_evaluate_split
luh,catboost,100,456,poly2_c,0.010746005635504333,-0.0023633872008765773,0.012095687869549602,29,74,16,107.79701079235022,15.435547919726512,0.8230491335686578,107.79701079235022,15.435547919726512,0.8230491335686578,benchmark_evaluate_split
luh,catboost,100,456,exp_decay_k,0.030789286756570014,0.0023126747827775717,0.0346563751188699,13,74,16,107.79701079235022,15.435547919726512,0.8230491335686578,107.79701079235022,15.435547919726512,0.8230491335686578,benchmark_evaluate_split
luh,catboost,100,456,cycle_to_99pct,0.02093750103279566,-0.0011420913740343075,0.023567219844397837,18,74,16,107.79701079235022,15.435547919726512,0.8230491335686578,107.79701079235022,15.435547919726512,0.8230491335686578,benchmark_evaluate_split
luh,catboost,100,456,cycle_to_98pct,0.020519022045139636,0.00040486993416418435,0.023096180521849148,20,74,16,107.79701079235022,15.435547919726512,0.8230491335686578,107.79701079235022,15.435547919726512,0.8230491335686578,benchmark_evaluate_split
luh,catboost,100,456,cycle_to_95pct,0.05567521608122501,0.0003154746618350833,0.06266793994256274,3,74,16,107.79701079235022,15.435547919726512,0.8230491335686578,107.79701079235022,15.435547919726512,0.8230491335686578,benchmark_evaluate_split
luh,catboost,100,456,slope_first_quarter,0.017104377172833793,0.0010131567510773681,0.019252661361175347,24,74,16,107.79701079235022,15.435547919726512,0.8230491335686578,107.79701079235022,15.435547919726512,0.8230491335686578,benchmark_evaluate_split
luh,catboost,100,456,slope_last_quarter,0.06438617254689484,0.009331094722921006,0.07247297951055401,1,74,16,107.79701079235022,15.435547919726512,0.8230491335686578,107.79701079235022,15.435547919726512,0.8230491335686578,benchmark_evaluate_split
luh,catboost,100,456,autocorr_lag1,0.024548486878253267,0.0034011895134092407,0.027631740110766283,17,74,16,107.79701079235022,15.435547919726512,0.8230491335686578,107.79701079235022,15.435547919726512,0.8230491335686578,benchmark_evaluate_split
luh,catboost,100,456,knee_cycle,0.01752790610228612,0.00041169120101933816,0.0197293848906563,23,74,16,107.79701079235022,15.435547919726512,0.8230491335686578,107.79701079235022,15.435547919726512,0.8230491335686578,benchmark_evaluate_split
luh,catboost,100,456,n_capacity_jumps,0.0,0.0,0.0,34,74,16,107.79701079235022,15.435547919726512,0.8230491335686578,107.79701079235022,15.435547919726512,0.8230491335686578,benchmark_evaluate_split
luh,catboost,100,456,accel_mean,0.009768112467667442,0.0038964506365869256,0.010994972782555791,31,74,16,107.79701079235022,15.435547919726512,0.8230491335686578,107.79701079235022,15.435547919726512,0.8230491335686578,benchmark_evaluate_split
luh,catboost,100,456,accel_std,0.008625311264733404,0.0006368555522077737,0.00970863745792452,32,74,16,107.79701079235022,15.435547919726512,0.8230491335686578,107.79701079235022,15.435547919726512,0.8230491335686578,benchmark_evaluate_split
luh,catboost,100,456,accel_max_abs,0.01231495270349245,0.0025765035999570154,0.013861692342460772,28,74,16,107.79701079235022,15.435547919726512,0.8230491335686578,107.79701079235022,15.435547919726512,0.8230491335686578,benchmark_evaluate_split
luh,catboost,100,456,linearity_r2,0.013210011011496178,-0.001478802757188733,0.014869168635129975,27,74,16,107.79701079235022,15.435547919726512,0.8230491335686578,107.79701079235022,15.435547919726512,0.8230491335686578,benchmark_evaluate_split
luh,catboost,100,456,kurtosis_Qdis,0.029113490032202646,-0.0076051263324218975,0.03277010083256296,15,74,16,107.79701079235022,15.435547919726512,0.8230491335686578,107.79701079235022,15.435547919726512,0.8230491335686578,benchmark_evaluate_split
luh,catboost,100,456,fft_top3_energy_ratio,0.016714741782579826,-0.004939117540366444,0.018814088348718432,25,74,16,107.79701079235022,15.435547919726512,0.8230491335686578,107.79701079235022,15.435547919726512,0.8230491335686578,benchmark_evaluate_split
luh,catboost,100,456,spectral_entropy,0.01779448824800631,-0.0025293458955122504,0.020029449355127883,22,74,16,107.79701079235022,15.435547919726512,0.8230491335686578,107.79701079235022,15.435547919726512,0.8230491335686578,benchmark_evaluate_split
luh,catboost,100,456,sample_entropy,0.027490124280255976,0.003925113742139361,0.030942842770386995,16,74,16,107.79701079235022,15.435547919726512,0.8230491335686578,107.79701079235022,15.435547919726512,0.8230491335686578,benchmark_evaluate_split
luh,catboost,100,456,pos_neg_diff_ratio,0.0,0.0,0.0,33,74,16,107.79701079235022,15.435547919726512,0.8230491335686578,107.79701079235022,15.435547919726512,0.8230491335686578,benchmark_evaluate_split
luh,catboost,100,456,mad_Qdis,0.03525195890335076,0.0006618404330825068,0.039679552212063325,9,74,16,107.79701079235022,15.435547919726512,0.8230491335686578,107.79701079235022,15.435547919726512,0.8230491335686578,benchmark_evaluate_split
luh,catboost,100,789,Qdis_N,0.05689936839278093,0.008952816548578895,0.05955610212619492,4,74,16,112.32631189336666,18.79468850740414,0.7397029977380416,112.32631189336666,18.79468850740414,0.7397029977380416,benchmark_evaluate_split
luh,catboost,100,789,delta_Qdis,0.03110399801559225,0.005229644982428766,0.032556299563153014,13,74,16,112.32631189336666,18.79468850740414,0.7397029977380416,112.32631189336666,18.79468850740414,0.7397029977380416,benchmark_evaluate_split
luh,catboost,100,789,retention_ratio,0.07332079664530962,0.000972830471626857,0.07674427636592275,1,74,16,112.32631189336666,18.79468850740414,0.7397029977380416,112.32631189336666,18.79468850740414,0.7397029977380416,benchmark_evaluate_split
luh,catboost,100,789,slope_linear,0.024509732181560887,0.00431253912324826,0.02565413561033351,15,74,16,112.32631189336666,18.79468850740414,0.7397029977380416,112.32631189336666,18.79468850740414,0.7397029977380416,benchmark_evaluate_split
luh,catboost,100,789,variance_Qdis,0.035759395584453374,0.0058335025158312796,0.037429066008207425,11,74,16,112.32631189336666,18.79468850740414,0.7397029977380416,112.32631189336666,18.79468850740414,0.7397029977380416,benchmark_evaluate_split
luh,catboost,100,789,range_Qdis,0.053926307594664886,-0.00021446005445062161,0.05644422377813138,7,74,16,112.32631189336666,18.79468850740414,0.7397029977380416,112.32631189336666,18.79468850740414,0.7397029977380416,benchmark_evaluate_split
luh,catboost,100,789,max_drop,0.018566045382171093,0.00014566805511170822,0.01943292739608756,21,74,16,112.32631189336666,18.79468850740414,0.7397029977380416,112.32631189336666,18.79468850740414,0.7397029977380416,benchmark_evaluate_split
luh,catboost,100,789,std_diff,0.018822295704680303,0.005461809637201692,0.01970114250652392,20,74,16,112.32631189336666,18.79468850740414,0.7397029977380416,112.32631189336666,18.79468850740414,0.7397029977380416,benchmark_evaluate_split
luh,catboost,100,789,skewness_Qdis,0.020813055684975882,-0.0026033584541927343,0.021784854646820152,19,74,16,112.32631189336666,18.79468850740414,0.7397029977380416,112.32631189336666,18.79468850740414,0.7397029977380416,benchmark_evaluate_split
luh,catboost,100,789,slope_ratio,0.014026360484380794,0.0003439878981273321,0.014681276454601077,24,74,16,112.32631189336666,18.79468850740414,0.7397029977380416,112.32631189336666,18.79468850740414,0.7397029977380416,benchmark_evaluate_split
luh,catboost,100,789,Qdis_cycle10,0.013380181485560848,-0.0074971499968298815,0.014004926197426593,25,74,16,112.32631189336666,18.79468850740414,0.7397029977380416,112.32631189336666,18.79468850740414,0.7397029977380416,benchmark_evaluate_split
luh,catboost,100,789,mean_diff,0.02100985824602504,0.007577958815519417,0.021990846273012392,17,74,16,112.32631189336666,18.79468850740414,0.7397029977380416,112.32631189336666,18.79468850740414,0.7397029977380416,benchmark_evaluate_split
luh,catboost,100,789,poly2_a,0.04199939951601901,0.002141304813501262,0.043960426933882156,10,74,16,112.32631189336666,18.79468850740414,0.7397029977380416,112.32631189336666,18.79468850740414,0.7397029977380416,benchmark_evaluate_split
luh,catboost,100,789,poly2_b,0.06204061162785518,-0.012848472778653922,0.06493739924446906,3,74,16,112.32631189336666,18.79468850740414,0.7397029977380416,112.32631189336666,18.79468850740414,0.7397029977380416,benchmark_evaluate_split
luh,catboost,100,789,poly2_c,0.006430094246513892,-0.0029958305345656787,0.006730326898936657,32,74,16,112.32631189336666,18.79468850740414,0.7397029977380416,112.32631189336666,18.79468850740414,0.7397029977380416,benchmark_evaluate_split
luh,catboost,100,789,exp_decay_k,0.0545945233781868,0.007470593861182042,0.05714363975707598,6,74,16,112.32631189336666,18.79468850740414,0.7397029977380416,112.32631189336666,18.79468850740414,0.7397029977380416,benchmark_evaluate_split
luh,catboost,100,789,cycle_to_99pct,0.03279447323684356,-0.005245334888178848,0.034325706109525476,12,74,16,112.32631189336666,18.79468850740414,0.7397029977380416,112.32631189336666,18.79468850740414,0.7397029977380416,benchmark_evaluate_split
luh,catboost,100,789,cycle_to_98pct,0.04317009800337619,-0.0015885009411962957,0.04518578743684464,8,74,16,112.32631189336666,18.79468850740414,0.7397029977380416,112.32631189336666,18.79468850740414,0.7397029977380416,benchmark_evaluate_split
luh,catboost,100,789,cycle_to_95pct,0.04230211036053353,0.002582904926217431,0.044277271891565384,9,74,16,112.32631189336666,18.79468850740414,0.7397029977380416,112.32631189336666,18.79468850740414,0.7397029977380416,benchmark_evaluate_split
luh,catboost,100,789,slope_first_quarter,0.009779149979566802,0.00023969203599600165,0.010235756060946892,29,74,16,112.32631189336666,18.79468850740414,0.7397029977380416,112.32631189336666,18.79468850740414,0.7397029977380416,benchmark_evaluate_split
luh,catboost,100,789,slope_last_quarter,0.07051608484411823,0.021863090104012183,0.07380860753189943,2,74,16,112.32631189336666,18.79468850740414,0.7397029977380416,112.32631189336666,18.79468850740414,0.7397029977380416,benchmark_evaluate_split
luh,catboost,100,789,autocorr_lag1,0.01047036033962298,0.00219828280576045,0.010959240274515291,28,74,16,112.32631189336666,18.79468850740414,0.7397029977380416,112.32631189336666,18.79468850740414,0.7397029977380416,benchmark_evaluate_split
luh,catboost,100,789,knee_cycle,0.011069966485087535,0.00018504652984202227,0.011586843108140274,27,74,16,112.32631189336666,18.79468850740414,0.7397029977380416,112.32631189336666,18.79468850740414,0.7397029977380416,benchmark_evaluate_split
luh,catboost,100,789,n_capacity_jumps,0.0,0.0,0.0,33,74,16,112.32631189336666,18.79468850740414,0.7397029977380416,112.32631189336666,18.79468850740414,0.7397029977380416,benchmark_evaluate_split
luh,catboost,100,789,accel_mean,0.02092093449123688,0.0026896064359118784,0.021897770508356274,18,74,16,112.32631189336666,18.79468850740414,0.7397029977380416,112.32631189336666,18.79468850740414,0.7397029977380416,benchmark_evaluate_split
luh,catboost,100,789,accel_std,0.007096065701986882,0.0007633720214410693,0.00742739375812366,30,74,16,112.32631189336666,18.79468850740414,0.7397029977380416,112.32631189336666,18.79468850740414,0.7397029977380416,benchmark_evaluate_split
luh,catboost,100,789,accel_max_abs,0.006821731110723886,0.0003075181980325401,0.0071402499919359175,31,74,16,112.32631189336666,18.79468850740414,0.7397029977380416,112.32631189336666,18.79468850740414,0.7397029977380416,benchmark_evaluate_split
luh,catboost,100,789,linearity_r2,0.013313067036222391,-0.0005985871906578584,0.013934678053873358,26,74,16,112.32631189336666,18.79468850740414,0.7397029977380416,112.32631189336666,18.79468850740414,0.7397029977380416,benchmark_evaluate_split
luh,catboost,100,789,kurtosis_Qdis,0.028886128370643718,0.007141603616459081,0.03023487359994494,14,74,16,112.32631189336666,18.79468850740414,0.7397029977380416,112.32631189336666,18.79468850740414,0.7397029977380416,benchmark_evaluate_split
luh,catboost,100,789,fft_top3_energy_ratio,0.018316620728482964,0.0019850019145947672,0.019171856657212265,22,74,16,112.32631189336666,18.79468850740414,0.7397029977380416,112.32631189336666,18.79468850740414,0.7397029977380416,benchmark_evaluate_split
luh,catboost,100,789,spectral_entropy,0.02216198206378807,0.004347016626636619,0.023196764821686866,16,74,16,112.32631189336666,18.79468850740414,0.7397029977380416,112.32631189336666,18.79468850740414,0.7397029977380416,benchmark_evaluate_split
luh,catboost,100,789,sample_entropy,0.0155715735498957,0.0006375182003273098,0.016298638294213557,23,74,16,112.32631189336666,18.79468850740414,0.7397029977380416,112.32631189336666,18.79468850740414,0.7397029977380416,benchmark_evaluate_split
luh,catboost,100,789,pos_neg_diff_ratio,0.0,0.0,0.0,34,74,16,112.32631189336666,18.79468850740414,0.7397029977380416,112.32631189336666,18.79468850740414,0.7397029977380416,benchmark_evaluate_split
luh,catboost,100,789,mad_Qdis,0.05499870384922079,-0.007495207575026431,0.0575666921404372,5,74,16,112.32631189336666,18.79468850740414,0.7397029977380416,112.32631189336666,18.79468850740414,0.7397029977380416,benchmark_evaluate_split
luh,catboost,100,1011,Qdis_N,0.021204884294248497,-0.006196631831900353,0.022387324946100417,18,74,16,125.53733394113397,19.860587662476682,0.6788942165993022,125.53733394113397,19.860587662476682,0.6788942165993022,benchmark_evaluate_split
luh,catboost,100,1011,delta_Qdis,0.039551536734513164,-0.009557956579608385,0.04175703544080829,9,74,16,125.53733394113397,19.860587662476682,0.6788942165993022,125.53733394113397,19.860587662476682,0.6788942165993022,benchmark_evaluate_split
luh,catboost,100,1011,retention_ratio,0.04221223081697312,-0.006352295142121064,0.044566096890030805,6,74,16,125.53733394113397,19.860587662476682,0.6788942165993022,125.53733394113397,19.860587662476682,0.6788942165993022,benchmark_evaluate_split
luh,catboost,100,1011,slope_linear,0.04338795062999461,-0.008369548395109495,0.04580737796161957,5,74,16,125.53733394113397,19.860587662476682,0.6788942165993022,125.53733394113397,19.860587662476682,0.6788942165993022,benchmark_evaluate_split
luh,catboost,100,1011,variance_Qdis,0.033455963134937046,-0.00643704515664125,0.035321556472238995,11,74,16,125.53733394113397,19.860587662476682,0.6788942165993022,125.53733394113397,19.860587662476682,0.6788942165993022,benchmark_evaluate_split
luh,catboost,100,1011,range_Qdis,0.018578525492417366,0.00411812922258734,0.019614513403922264,21,74,16,125.53733394113397,19.860587662476682,0.6788942165993022,125.53733394113397,19.860587662476682,0.6788942165993022,benchmark_evaluate_split
luh,catboost,100,1011,max_drop,0.03971633695252123,-0.0014531838773796657,0.0419310253565531,8,74,16,125.53733394113397,19.860587662476682,0.6788942165993022,125.53733394113397,19.860587662476682,0.6788942165993022,benchmark_evaluate_split
luh,catboost,100,1011,std_diff,0.010593630939125015,-0.0003928382932668279,0.011184359928697254,30,74,16,125.53733394113397,19.860587662476682,0.6788942165993022,125.53733394113397,19.860587662476682,0.6788942165993022,benchmark_evaluate_split
luh,catboost,100,1011,skewness_Qdis,0.01593797043596551,0.004363957458450382,0.01682671398627157,24,74,16,125.53733394113397,19.860587662476682,0.6788942165993022,125.53733394113397,19.860587662476682,0.6788942165993022,benchmark_evaluate_split
luh,catboost,100,1011,slope_ratio,0.011501017575423652,0.0028874172916694874,0.012142344853145838,28,74,16,125.53733394113397,19.860587662476682,0.6788942165993022,125.53733394113397,19.860587662476682,0.6788942165993022,benchmark_evaluate_split
luh,catboost,100,1011,Qdis_cycle10,0.027925961814018442,-0.0025273777961560863,0.029483187594303233,14,74,16,125.53733394113397,19.860587662476682,0.6788942165993022,125.53733394113397,19.860587662476682,0.6788942165993022,benchmark_evaluate_split
luh,catboost,100,1011,mean_diff,0.029023320428948306,-0.009718817101410591,0.030641737839328664,13,74,16,125.53733394113397,19.860587662476682,0.6788942165993022,125.53733394113397,19.860587662476682,0.6788942165993022,benchmark_evaluate_split
luh,catboost,100,1011,poly2_a,0.04128765116928589,-0.020710511791349535,0.0435899602262274,7,74,16,125.53733394113397,19.860587662476682,0.6788942165993022,125.53733394113397,19.860587662476682,0.6788942165993022,benchmark_evaluate_split
luh,catboost,100,1011,poly2_b,0.06090135523849479,-0.015156167314748774,0.06429737651300857,3,74,16,125.53733394113397,19.860587662476682,0.6788942165993022,125.53733394113397,19.860587662476682,0.6788942165993022,benchmark_evaluate_split
luh,catboost,100,1011,poly2_c,0.012423758343403667,-0.0018819725296305892,0.013116540096426932,27,74,16,125.53733394113397,19.860587662476682,0.6788942165993022,125.53733394113397,19.860587662476682,0.6788942165993022,benchmark_evaluate_split
luh,catboost,100,1011,exp_decay_k,0.06745264262729062,-0.0018459889553860184,0.07121398108170422,2,74,16,125.53733394113397,19.860587662476682,0.6788942165993022,125.53733394113397,19.860587662476682,0.6788942165993022,benchmark_evaluate_split
luh,catboost,100,1011,cycle_to_99pct,0.022350989369517436,-0.002783103104997915,0.023597339883525942,17,74,16,125.53733394113397,19.860587662476682,0.6788942165993022,125.53733394113397,19.860587662476682,0.6788942165993022,benchmark_evaluate_split
luh,catboost,100,1011,cycle_to_98pct,0.010595672255046285,0.00035405593703488115,0.011186515073814433,29,74,16,125.53733394113397,19.860587662476682,0.6788942165993022,125.53733394113397,19.860587662476682,0.6788942165993022,benchmark_evaluate_split
luh,catboost,100,1011,cycle_to_95pct,0.03388672571722533,-0.006622952056246181,0.03577633951988452,10,74,16,125.53733394113397,19.860587662476682,0.6788942165993022,125.53733394113397,19.860587662476682,0.6788942165993022,benchmark_evaluate_split
luh,catboost,100,1011,slope_first_quarter,0.019212657814906105,0.0005611781981430821,0.020284006628472954,20,74,16,125.53733394113397,19.860587662476682,0.6788942165993022,125.53733394113397,19.860587662476682,0.6788942165993022,benchmark_evaluate_split
luh,catboost,100,1011,slope_last_quarter,0.11376236417680949,0.00043376795806604647,0.12010605566726143,1,74,16,125.53733394113397,19.860587662476682,0.6788942165993022,125.53733394113397,19.860587662476682,0.6788942165993022,benchmark_evaluate_split
luh,catboost,100,1011,autocorr_lag1,0.009226907898656054,-0.0014188489992890763,0.009741424782543213,31,74,16,125.53733394113397,19.860587662476682,0.6788942165993022,125.53733394113397,19.860587662476682,0.6788942165993022,benchmark_evaluate_split
luh,catboost,100,1011,knee_cycle,0.017051856309722037,-0.00389184024611662,0.01800271309395933,23,74,16,125.53733394113397,19.860587662476682,0.6788942165993022,125.53733394113397,19.860587662476682,0.6788942165993022,benchmark_evaluate_split
luh,catboost,100,1011,n_capacity_jumps,0.0,0.0,0.0,34,74,16,125.53733394113397,19.860587662476682,0.6788942165993022,125.53733394113397,19.860587662476682,0.6788942165993022,benchmark_evaluate_split
luh,catboost,100,1011,accel_mean,0.007740671522456683,0.0035512587951795536,0.008172311919724394,32,74,16,125.53733394113397,19.860587662476682,0.6788942165993022,125.53733394113397,19.860587662476682,0.6788942165993022,benchmark_evaluate_split
luh,catboost,100,1011,accel_std,0.025184877014070017,-0.00010579407848858345,0.026589252627730153,16,74,16,125.53733394113397,19.860587662476682,0.6788942165993022,125.53733394113397,19.860587662476682,0.6788942165993022,benchmark_evaluate_split
luh,catboost,100,1011,accel_max_abs,0.01380247332283592,0.0034927502650148705,0.014572135883902078,25,74,16,125.53733394113397,19.860587662476682,0.6788942165993022,125.53733394113397,19.860587662476682,0.6788942165993022,benchmark_evaluate_split
luh,catboost,100,1011,linearity_r2,0.017234305287104294,-0.0009891883171007391,0.01819533591076235,22,74,16,125.53733394113397,19.860587662476682,0.6788942165993022,125.53733394113397,19.860587662476682,0.6788942165993022,benchmark_evaluate_split
luh,catboost,100,1011,kurtosis_Qdis,0.019521832632321066,-0.0064702460499210315,0.02061042185463372,19,74,16,125.53733394113397,19.860587662476682,0.6788942165993022,125.53733394113397,19.860587662476682,0.6788942165993022,benchmark_evaluate_split
luh,catboost,100,1011,fft_top3_energy_ratio,0.01297999154372265,-0.005682970436315015,0.013703790336916478,26,74,16,125.53733394113397,19.860587662476682,0.6788942165993022,125.53733394113397,19.860587662476682,0.6788942165993022,benchmark_evaluate_split
luh,catboost,100,1011,spectral_entropy,0.03145422920376931,-0.014533558004231995,0.03320820054202804,12,74,16,125.53733394113397,19.860587662476682,0.6788942165993022,125.53733394113397,19.860587662476682,0.6788942165993022,benchmark_evaluate_split
luh,catboost,100,1011,sample_entropy,0.02783986557660361,0.010170582491251474,0.02939229040208581,15,74,16,125.53733394113397,19.860587662476682,0.6788942165993022,125.53733394113397,19.860587662476682,0.6788942165993022,benchmark_evaluate_split
luh,catboost,100,1011,pos_neg_diff_ratio,0.0,0.0,0.0,33,74,16,125.53733394113397,19.860587662476682,0.6788942165993022,125.53733394113397,19.860587662476682,0.6788942165993022,benchmark_evaluate_split
luh,catboost,100,1011,mad_Qdis,0.05018242785959754,-0.0018802712962719802,0.052980733282367944,4,74,16,125.53733394113397,19.860587662476682,0.6788942165993022,125.53733394113397,19.860587662476682,0.6788942165993022,benchmark_evaluate_split
