protocol,target,source,source_set,model,n_cycles,k,adapter_type,MAE_mean,MAE_std,SMAPE_mean,SMAPE_std,R2_mean,R2_std,n_test_mean,n_test_std,n_runs,selected_source_mode,selected_model_mode,weight_matr_mean,weight_hust_mean,weight_sandia_mean,weight_luh_mean
pooled_erm,hust,,matr+sandia+luh,catboost,100,0,none,604.9112897709953,43.50850687025568,53.53095527999206,4.260299124652167,-6.132285086684624,0.6740409755312335,77.0,0.0,5,,,,,,
pooled_erm,hust,,matr+sandia+luh,stacking,100,0,none,598.9492189170069,23.00977313830687,53.45238111077998,2.815296453531573,-6.167704858611289,0.5400462221041021,77.0,0.0,5,,,,,,
pooled_erm,hust,,matr+sandia+luh,xgboost,100,0,none,620.7756549474317,54.32576005234641,53.57828208420868,5.674001145534232,-6.177178164115952,1.1647983063213685,77.0,0.0,5,,,,,,
pooled_erm,hust,,matr+sandia+luh,random_forest,100,0,none,619.8982966385508,34.26822809731542,55.408218083184636,4.07046398923211,-6.5915435341018265,0.7314548073479968,77.0,0.0,5,,,,,,
pooled_erm,hust,,matr+sandia+luh,pls,100,0,none,744.27208203886,32.605272027594495,65.7806246628429,3.593967823602435,-7.769764224155492,0.5614068216314644,77.0,0.0,5,,,,,,
pooled_erm,hust,,matr+sandia+luh,elastic_net,100,0,none,768.1933739125436,9.8361061537905,67.54074112546337,1.1977635103620998,-7.923762622589568,0.20280609215201362,77.0,0.0,5,,,,,,
pooled_erm,hust,,matr+sandia+luh,gaussian_process,100,0,none,677.720347882307,40.74521279623353,64.00373624207748,4.599923967748681,-8.097060134235736,0.796179917472614,77.0,0.0,5,,,,,,
pooled_erm_kshot,hust,,matr+sandia+luh,elastic_net,100,5,linear,284.00559868669313,63.338724704078814,19.36673166635942,4.684613075034049,-0.7086354048685688,0.9133715055756952,72.0,0.0,100,,,,,,
pooled_erm_kshot,hust,,matr+sandia+luh,pls,100,5,linear,290.38567278456526,69.86507305880826,19.83563609431203,5.011236818740481,-0.7663564556353069,1.0039598063041215,72.0,0.0,100,,,,,,
pooled_erm_kshot,hust,,matr+sandia+luh,gaussian_process,100,5,linear,294.7639361918485,145.42555426948724,20.605220441967013,11.580696768645307,-1.2223412494277919,4.55838578942866,72.0,0.0,100,,,,,,
pooled_erm_kshot,hust,,matr+sandia+luh,xgboost,100,5,linear,305.6680563986029,191.39017915234024,20.759349684321467,10.273166438483244,-1.7041888113325925,7.90854147438989,72.0,0.0,100,,,,,,
pooled_erm_kshot,hust,,matr+sandia+luh,stacking,100,5,linear,313.54710089066816,240.90307980243907,20.706871827519535,9.340600539191488,-2.2865001816066153,11.501089326114384,72.0,0.0,100,,,,,,
pooled_erm_kshot,hust,,matr+sandia+luh,random_forest,100,5,linear,317.94538859531457,295.0466559391694,20.98534995552599,12.092635524564184,-2.9921114998756093,19.845338306918713,72.0,0.0,100,,,,,,
pooled_erm_kshot,hust,,matr+sandia+luh,catboost,100,5,linear,349.66266708770627,487.2582620240011,21.339580171710722,11.882093437947438,-6.762986330779114,47.410034113228015,72.0,0.0,100,,,,,,
pooled_erm_kshot,hust,,matr+sandia+luh,catboost,100,5,none,605.8891076965107,45.47438511117684,53.6098296504007,4.476227318396757,-6.138179567832363,0.7790906359661347,72.0,0.0,100,,,,,,
pooled_erm_kshot,hust,,matr+sandia+luh,xgboost,100,5,none,621.1672076866307,54.95274134256086,53.622156193987685,5.788467986277591,-6.168690862151582,1.1516868368044384,72.0,0.0,100,,,,,,
pooled_erm_kshot,hust,,matr+sandia+luh,stacking,100,5,none,600.2492689677553,25.752429886107315,53.56462904729135,3.070300298349072,-6.175953252441161,0.6120817029812289,72.0,0.0,100,,,,,,
pooled_erm_kshot,hust,,matr+sandia+luh,random_forest,100,5,none,621.6849945708874,35.96049567435471,55.55869897360212,4.242340037050559,-6.605928289667093,0.7967711487377566,72.0,0.0,100,,,,,,
pooled_erm_kshot,hust,,matr+sandia+luh,pls,100,5,none,745.5570880718542,34.954179291472634,65.8696565779786,3.7244799528026613,-7.787374171364252,0.7178450560536394,72.0,0.0,100,,,,,,
pooled_erm_kshot,hust,,matr+sandia+luh,elastic_net,100,5,none,769.1447288074392,12.078847003715644,67.59055746575554,1.2637248366127636,-7.930862010907302,0.39664193067127235,72.0,0.0,100,,,,,,
pooled_erm_kshot,hust,,matr+sandia+luh,gaussian_process,100,5,none,679.1551077037855,43.16943868906955,64.14347256916697,4.837582240974329,-8.117844801655373,0.9701402419308508,72.0,0.0,100,,,,,,
pooled_erm_kshot,hust,,matr+sandia+luh,elastic_net,100,5,residual_mean,257.48612432095405,26.999926324091216,17.60931358004192,2.0158456321889484,-0.2888381737388277,0.2980303871392691,72.0,0.0,100,,,,,,
pooled_erm_kshot,hust,,matr+sandia+luh,pls,100,5,residual_mean,297.9682347369626,37.923076236993026,20.569903596085027,3.232601841017205,-0.7252341525228202,0.4642268452669163,72.0,0.0,100,,,,,,
pooled_erm_kshot,hust,,matr+sandia+luh,random_forest,100,5,residual_mean,436.6852545015409,35.0610022572081,30.686525181405923,4.700812017830591,-2.453512427756292,0.7420975164482493,72.0,0.0,100,,,,,,
pooled_erm_kshot,hust,,matr+sandia+luh,catboost,100,5,residual_mean,472.696110417238,60.683953562406344,33.272709596910445,6.5964942935923405,-3.064244231884716,1.159299638939202,72.0,0.0,100,,,,,,
pooled_erm_kshot,hust,,matr+sandia+luh,stacking,100,5,residual_mean,510.1521149988073,48.08273706174921,36.122897128443704,6.221676163325667,-3.603378714612126,1.0972208291557137,72.0,0.0,100,,,,,,
pooled_erm_kshot,hust,,matr+sandia+luh,gaussian_process,100,5,residual_mean,504.2604930195584,70.83474952448213,35.983571963241594,8.198994399191205,-3.6384661617412077,1.4844481725597787,72.0,0.0,100,,,,,,
pooled_erm_kshot,hust,,matr+sandia+luh,xgboost,100,5,residual_mean,584.342000696814,75.9754395112182,41.73762326933937,9.008614384133013,-5.122769892666339,1.853858020541097,72.0,0.0,100,,,,,,
pooled_erm_kshot,hust,,matr+sandia+luh,gaussian_process,100,10,linear,251.0114627354708,21.709586264505994,17.14130830523104,1.5196046431005195,-0.26439965723660463,0.2602659561887337,67.0,0.0,100,,,,,,
pooled_erm_kshot,hust,,matr+sandia+luh,random_forest,100,10,linear,251.2610930404387,25.923345377131046,17.219142681189517,2.0274510839926503,-0.2791060117591928,0.34113101439196836,67.0,0.0,100,,,,,,
pooled_erm_kshot,hust,,matr+sandia+luh,catboost,100,10,linear,251.90446025244256,25.473793652936205,17.264568058076808,1.9194121479242872,-0.28211939910375383,0.32288970588186156,67.0,0.0,100,,,,,,
pooled_erm_kshot,hust,,matr+sandia+luh,pls,100,10,linear,253.6789277643921,28.855712325522436,17.25816767546615,1.854475058494594,-0.2824274100809162,0.31243618469796897,67.0,0.0,100,,,,,,
pooled_erm_kshot,hust,,matr+sandia+luh,stacking,100,10,linear,252.58661142862675,27.741653101730616,17.3366225466616,2.1750065691733123,-0.2978691247099467,0.37009030151684463,67.0,0.0,100,,,,,,
pooled_erm_kshot,hust,,matr+sandia+luh,xgboost,100,10,linear,253.38561752264394,28.267170125267018,17.405694890399797,2.253325935784664,-0.3073731819189294,0.3799117948096026,67.0,0.0,100,,,,,,
pooled_erm_kshot,hust,,matr+sandia+luh,elastic_net,100,10,linear,258.2601417975751,36.283206511586926,17.558115748637118,2.3310044183930376,-0.3455451003751429,0.4331889719966688,67.0,0.0,100,,,,,,
pooled_erm_kshot,hust,,matr+sandia+luh,catboost,100,10,none,606.469661134652,48.5732364478988,53.681409393974924,4.778232378563066,-6.207322647816108,0.9200031547239184,67.0,0.0,100,,,,,,
pooled_erm_kshot,hust,,matr+sandia+luh,stacking,100,10,none,600.3768128362756,26.574581338053733,53.59101566596557,3.010012295156319,-6.233853550110448,0.715786474236861,67.0,0.0,100,,,,,,
pooled_erm_kshot,hust,,matr+sandia+luh,xgboost,100,10,none,621.5058824928842,54.353935905790955,53.6563179168674,5.552156727809608,-6.235875884952284,1.1824124618554157,67.0,0.0,100,,,,,,
pooled_erm_kshot,hust,,matr+sandia+luh,random_forest,100,10,none,622.0759036377835,37.60756507317102,55.5945841765298,4.289812826272309,-6.668042816069925,0.9045352448765971,67.0,0.0,100,,,,,,
pooled_erm_kshot,hust,,matr+sandia+luh,pls,100,10,none,746.7053227639622,36.883663630670966,65.98727450641313,3.9930132196926866,-7.8885110851740174,0.8707574313294023,67.0,0.0,100,,,,,,
pooled_erm_kshot,hust,,matr+sandia+luh,elastic_net,100,10,none,769.8808656917187,15.985141636146514,67.65272941275727,1.5041736086393573,-8.025162930332911,0.5893428212655667,67.0,0.0,100,,,,,,
pooled_erm_kshot,hust,,matr+sandia+luh,gaussian_process,100,10,none,680.6067908067058,47.92674817730839,64.29524856531259,5.426277607317502,-8.214443785218998,1.132439705067541,67.0,0.0,100,,,,,,
pooled_erm_kshot,hust,,matr+sandia+luh,elastic_net,100,10,residual_mean,246.70034855161725,20.911981055790037,16.85068461090442,1.4757122982704145,-0.18640768016283926,0.20625593244860588,67.0,0.0,100,,,,,,
pooled_erm_kshot,hust,,matr+sandia+luh,pls,100,10,residual_mean,285.62465028660785,29.44341653148905,19.66130166303337,2.277704304321689,-0.5742779120583761,0.31169273307321926,67.0,0.0,100,,,,,,
pooled_erm_kshot,hust,,matr+sandia+luh,random_forest,100,10,residual_mean,423.40724655668856,24.178909803611575,29.516555900524732,2.945685739493176,-2.178268579075316,0.4540293456036823,67.0,0.0,100,,,,,,
pooled_erm_kshot,hust,,matr+sandia+luh,catboost,100,10,residual_mean,458.52209921105947,49.42921015337198,32.08735261347287,4.4678673208963815,-2.676520035183789,0.7638325911829617,67.0,0.0,100,,,,,,
pooled_erm_kshot,hust,,matr+sandia+luh,gaussian_process,100,10,residual_mean,488.8461278977296,58.60471850848518,34.601991514422,5.642205281270772,-3.176277308959874,0.9453195486564686,67.0,0.0,100,,,,,,
pooled_erm_kshot,hust,,matr+sandia+luh,stacking,100,10,residual_mean,497.5312231112202,40.73804932069774,34.85151807780457,4.103575221442548,-3.220475102523703,0.7517792848964645,67.0,0.0,100,,,,,,
pooled_erm_kshot,hust,,matr+sandia+luh,xgboost,100,10,residual_mean,572.058017324653,68.96069459988948,40.52111136323558,6.219460894931415,-4.644501434941882,1.4615842319354713,67.0,0.0,100,,,,,,
pooled_erm_kshot,hust,,matr+sandia+luh,elastic_net,100,15,linear,238.97876346082222,15.53233090264199,16.28871809544281,1.033381289690711,-0.1494926798518274,0.16791574027644499,62.0,0.0,100,,,,,,
pooled_erm_kshot,hust,,matr+sandia+luh,gaussian_process,100,15,linear,239.96454910550776,17.535217128185785,16.35572100894686,1.176132586467624,-0.15812146410003505,0.17768063877852444,62.0,0.0,100,,,,,,
pooled_erm_kshot,hust,,matr+sandia+luh,pls,100,15,linear,240.78299523863328,17.276013728848945,16.394855004822436,1.1458801136988315,-0.16479119546353807,0.186780094481439,62.0,0.0,100,,,,,,
pooled_erm_kshot,hust,,matr+sandia+luh,catboost,100,15,linear,241.25371640360262,18.245165340458612,16.464213069225597,1.2548927774219545,-0.16831487725123545,0.18910912754816384,62.0,0.0,100,,,,,,
pooled_erm_kshot,hust,,matr+sandia+luh,random_forest,100,15,linear,241.02930294778128,18.926229945739635,16.441105554599325,1.2757944151580531,-0.16961367473696476,0.19831770018482925,62.0,0.0,100,,,,,,
pooled_erm_kshot,hust,,matr+sandia+luh,stacking,100,15,linear,242.0941089673073,18.65414180715575,16.528870405452857,1.2828029781326276,-0.17900289972055752,0.20125923870178897,62.0,0.0,100,,,,,,
pooled_erm_kshot,hust,,matr+sandia+luh,xgboost,100,15,linear,241.93372901620452,19.800219403157296,16.514618525100826,1.3620054487847677,-0.18217564234470415,0.2225762060768309,62.0,0.0,100,,,,,,
pooled_erm_kshot,hust,,matr+sandia+luh,catboost,100,15,none,609.3277159420371,51.64480831727864,54.01255156663729,5.002689377361248,-6.2921950785559435,0.9797162836328449,62.0,0.0,100,,,,,,
pooled_erm_kshot,hust,,matr+sandia+luh,xgboost,100,15,none,623.1132651619586,56.558237409756934,53.91983530288322,5.975125870755609,-6.332043973425738,1.3980967011607395,62.0,0.0,100,,,,,,
pooled_erm_kshot,hust,,matr+sandia+luh,stacking,100,15,none,603.1391055473865,33.697281235650046,53.94481966542213,3.6681677367022765,-6.333853867875956,0.9130004241593561,62.0,0.0,100,,,,,,
pooled_erm_kshot,hust,,matr+sandia+luh,random_forest,100,15,none,624.6657834222397,43.38468495820408,55.95421509588416,4.817254774118503,-6.767427579937271,1.060586147590635,62.0,0.0,100,,,,,,
pooled_erm_kshot,hust,,matr+sandia+luh,pls,100,15,none,746.5782538843384,38.47738532093227,66.05052918463988,3.9341749245326785,-7.9329270131627485,0.9188303135087573,62.0,0.0,100,,,,,,
pooled_erm_kshot,hust,,matr+sandia+luh,elastic_net,100,15,none,768.8868606051095,19.97847072107643,67.61746036111714,1.7210024019661627,-8.064657652638811,0.7577600517973443,62.0,0.0,100,,,,,,
pooled_erm_kshot,hust,,matr+sandia+luh,gaussian_process,100,15,none,682.1876682463356,49.914761621531646,64.59789423634686,5.544108261923555,-8.306914321622079,1.1752892512116835,62.0,0.0,100,,,,,,
pooled_erm_kshot,hust,,matr+sandia+luh,elastic_net,100,15,residual_mean,243.41786583408052,16.346459758558083,16.619712061249633,1.1171812271981305,-0.1623794180198628,0.15258694795095368,62.0,0.0,100,,,,,,
pooled_erm_kshot,hust,,matr+sandia+luh,pls,100,15,residual_mean,283.0942732488952,22.624404842098468,19.461814798696818,1.705590552539938,-0.5555257880274044,0.23850398125451203,62.0,0.0,100,,,,,,
pooled_erm_kshot,hust,,matr+sandia+luh,random_forest,100,15,residual_mean,423.4548099163558,22.51275087283646,29.631426337112966,2.699911370395091,-2.17852826475836,0.4284701805613177,62.0,0.0,100,,,,,,
pooled_erm_kshot,hust,,matr+sandia+luh,catboost,100,15,residual_mean,457.8797113182329,48.90435646992346,32.093022931542485,4.2367365574877445,-2.676390350051907,0.7763329890265407,62.0,0.0,100,,,,,,
pooled_erm_kshot,hust,,matr+sandia+luh,gaussian_process,100,15,residual_mean,486.9537587751136,56.5148946009391,34.45302857653424,5.029489358843939,-3.134422216728168,0.8797626457849111,62.0,0.0,100,,,,,,
pooled_erm_kshot,hust,,matr+sandia+luh,stacking,100,15,residual_mean,497.5774887675314,39.07079818052748,35.09349108155922,3.96940005137316,-3.2351195911202892,0.7607378569482999,62.0,0.0,100,,,,,,
pooled_erm_kshot,hust,,matr+sandia+luh,xgboost,100,15,residual_mean,572.0929725487548,68.08562256314464,40.77938123330017,6.183738379384992,-4.649244990513189,1.4806647001416626,62.0,0.0,100,,,,,,
pooled_erm_kshot,hust,,matr+sandia+luh,elastic_net,100,20,linear,237.0020692188618,15.47813596951549,16.147930050742733,1.0529968247576824,-0.11323160594999367,0.15709653548776553,57.0,0.0,100,,,,,,
pooled_erm_kshot,hust,,matr+sandia+luh,gaussian_process,100,20,linear,237.64566054468003,20.6896403156293,16.233856557200177,1.5630211073656533,-0.1299582832568408,0.3083400258743155,57.0,0.0,100,,,,,,
pooled_erm_kshot,hust,,matr+sandia+luh,pls,100,20,linear,238.10740756961502,17.361393142180606,16.231649339643717,1.1753420362053706,-0.130209910860743,0.21034969379390714,57.0,0.0,100,,,,,,
pooled_erm_kshot,hust,,matr+sandia+luh,xgboost,100,20,linear,238.7868991169921,21.80640281493656,16.318394623138257,1.677559161034707,-0.14272802009831753,0.3417802442209369,57.0,0.0,100,,,,,,
pooled_erm_kshot,hust,,matr+sandia+luh,random_forest,100,20,linear,238.81927758580395,23.613698957121358,16.333237551054307,1.8661778528141486,-0.1455252039102416,0.3779765050937601,57.0,0.0,100,,,,,,
pooled_erm_kshot,hust,,matr+sandia+luh,stacking,100,20,linear,239.36277111017793,23.73285198348311,16.37446639578344,1.8879157944330802,-0.15005900045604062,0.387797883099887,57.0,0.0,100,,,,,,
pooled_erm_kshot,hust,,matr+sandia+luh,catboost,100,20,linear,239.87571128184874,23.706630774614002,16.408355880409697,1.8725476402051917,-0.15476453351718764,0.3789812676487217,57.0,0.0,100,,,,,,
pooled_erm_kshot,hust,,matr+sandia+luh,catboost,100,20,none,604.2856495034121,49.86719670818369,53.41154225526335,4.915643795937335,-6.196431660560682,0.9911789966583526,57.0,0.0,100,,,,,,
pooled_erm_kshot,hust,,matr+sandia+luh,stacking,100,20,none,598.9728539475008,35.01215553351396,53.39274179856011,3.8016138722313166,-6.241848679872983,0.9316470536176913,57.0,0.0,100,,,,,,
pooled_erm_kshot,hust,,matr+sandia+luh,xgboost,100,20,none,619.9609171557112,58.52254684796238,53.483962369613494,6.104297236953989,-6.24332455084946,1.382202540008548,57.0,0.0,100,,,,,,
pooled_erm_kshot,hust,,matr+sandia+luh,random_forest,100,20,none,619.845929765545,41.254220692809376,55.3412742920696,4.629893345624911,-6.665458106596131,1.0378687621916185,57.0,0.0,100,,,,,,
pooled_erm_kshot,hust,,matr+sandia+luh,pls,100,20,none,744.1644661924562,40.148628141679275,65.70001502838983,4.223458407047808,-7.857823194385324,1.0771538828026719,57.0,0.0,100,,,,,,
pooled_erm_kshot,hust,,matr+sandia+luh,elastic_net,100,20,none,768.8613946649112,19.917402055566765,67.5576992263754,1.711019756930176,-8.021773289923328,0.8519458955121428,57.0,0.0,100,,,,,,
pooled_erm_kshot,hust,,matr+sandia+luh,gaussian_process,100,20,none,677.8021731760692,50.00704331075009,63.9245207477435,5.508640422813104,-8.17661933277237,1.1867819213184378,57.0,0.0,100,,,,,,
pooled_erm_kshot,hust,,matr+sandia+luh,elastic_net,100,20,residual_mean,242.39649313575376,17.075011776978318,16.534929490185533,1.1575177407632689,-0.1314859720967859,0.13166006840782382,57.0,0.0,100,,,,,,
pooled_erm_kshot,hust,,matr+sandia+luh,pls,100,20,residual_mean,280.0348685284964,24.133872343072227,19.17617200768643,1.6627107566954658,-0.5043461849019758,0.22514033907771566,57.0,0.0,100,,,,,,
pooled_erm_kshot,hust,,matr+sandia+luh,random_forest,100,20,residual_mean,420.39701439332595,23.811382172783482,29.06096258225867,2.2373621685601552,-2.0852594843631236,0.37064333807645883,57.0,0.0,100,,,,,,
pooled_erm_kshot,hust,,matr+sandia+luh,catboost,100,20,residual_mean,456.90379888483005,55.938236659832924,31.57290898441652,4.332226222685433,-2.5984821718523143,0.7826832730503475,57.0,0.0,100,,,,,,
pooled_erm_kshot,hust,,matr+sandia+luh,gaussian_process,100,20,residual_mean,484.935047094201,63.285114214937614,33.82347933304148,5.032379278675545,-3.037389355791478,0.9042302236216416,57.0,0.0,100,,,,,,
pooled_erm_kshot,hust,,matr+sandia+luh,stacking,100,20,residual_mean,495.5693331206255,43.797852460058664,34.43597780847109,3.8394907942257297,-3.118790633346292,0.7495236579550262,57.0,0.0,100,,,,,,
pooled_erm_kshot,hust,,matr+sandia+luh,xgboost,100,20,residual_mean,569.685522655856,72.71457236276393,39.851856458846854,6.108077061551638,-4.482752895328979,1.4520534012935356,57.0,0.0,100,,,,,,
source_expert_convex,hust,,matr+sandia+luh,source_primary_experts,100,5,linear,393.9308755212928,835.239240097814,22.182974247061335,17.75448179962437,-19.34105829104268,167.5798991736114,72.0,0.0,100,,,0.34049999999999997,,0.4435,0.21600000000000003
source_expert_convex,hust,,matr+sandia+luh,source_primary_experts,100,5,none,406.35359362665906,70.26574918240975,28.896201083272043,4.799888479908298,-2.0091954629180773,1.1521462463176326,72.0,0.0,100,,,0.34049999999999997,,0.4435,0.21600000000000003
source_expert_convex,hust,,matr+sandia+luh,source_primary_experts,100,5,residual_mean,391.40257631146306,73.65841562168966,26.633661922788882,4.106278079095685,-1.9268240299900705,1.3684498757470513,72.0,0.0,100,,,0.34049999999999997,,0.4435,0.21600000000000003
source_expert_convex,hust,,matr+sandia+luh,source_primary_experts,100,10,linear,252.79304961435307,21.438261419192816,17.09134443184286,1.4185128657631816,-0.3707396709233124,0.3255344913600887,67.0,0.0,100,,,0.3835,,0.4335,0.18300000000000005
source_expert_convex,hust,,matr+sandia+luh,source_primary_experts,100,10,none,390.31293694524953,56.021486076084365,28.105102021905488,4.366615819073333,-1.7157191524102091,0.67755757148252,67.0,0.0,100,,,0.3835,,0.4335,0.18300000000000005
source_expert_convex,hust,,matr+sandia+luh,source_primary_experts,100,10,residual_mean,372.33030228679337,52.08869926544816,25.51385475503784,3.260448250043742,-1.570029835900518,0.7007421302385143,67.0,0.0,100,,,0.3835,,0.4335,0.18300000000000005
source_expert_convex,hust,,matr+sandia+luh,source_primary_experts,100,15,linear,243.51801864213428,18.02896660057728,16.47097439617085,1.1198205118112716,-0.2753963983175942,0.32089066003892175,62.0,0.0,100,,,0.3844999999999999,,0.43150000000000005,0.18400000000000002
source_expert_convex,hust,,matr+sandia+luh,source_primary_experts,100,15,none,388.96628368531526,60.04074550237047,28.100512211205547,4.690850379343481,-1.7136810383601147,0.7416384742237634,62.0,0.0,100,,,0.3844999999999999,,0.43150000000000005,0.18400000000000002
source_expert_convex,hust,,matr+sandia+luh,source_primary_experts,100,15,residual_mean,368.7613987360696,54.92477111566899,25.332302225614946,3.4505462152995108,-1.5331075347835046,0.7700569926264744,62.0,0.0,100,,,0.3844999999999999,,0.43150000000000005,0.18400000000000002
source_expert_convex,hust,,matr+sandia+luh,source_primary_experts,100,20,linear,240.01282612264515,17.1012108125174,16.296790507990362,1.120699948777368,-0.17988000133975293,0.19769622492561043,57.0,0.0,100,,,0.36650000000000005,,0.4395,0.19400000000000003
source_expert_convex,hust,,matr+sandia+luh,source_primary_experts,100,20,none,387.0892859063159,59.391703998932016,27.827055064426236,4.525681127281033,-1.6506432615618352,0.7234340246198288,57.0,0.0,100,,,0.36650000000000005,,0.4395,0.19400000000000003
source_expert_convex,hust,,matr+sandia+luh,source_primary_experts,100,20,residual_mean,368.6651892052053,55.10797712895313,25.24816266351891,3.426310661139645,-1.4893868351676611,0.7131854074750469,57.0,0.0,100,,,0.36650000000000005,,0.4395,0.19400000000000003
source_expert_select,hust,,matr+sandia+luh,source_primary_experts,100,5,linear,340.90655856293927,523.152851359085,20.244015756156287,9.479295139036312,-7.7308286340285886,67.87617601598427,72.0,0.0,100,matr,,0.61,,0.39,0.0
source_expert_select,hust,,matr+sandia+luh,source_primary_experts,100,5,none,889.3137784488789,63.53487183718353,66.33092883626976,18.012938644953866,-12.795621291614223,3.6396849234319113,72.0,0.0,100,matr,,0.61,,0.39,0.0
source_expert_select,hust,,matr+sandia+luh,source_primary_experts,100,5,residual_mean,442.65786033426093,221.83337302358308,29.354013471853055,13.96956491853129,-3.219035688262897,3.8482127176030048,72.0,0.0,100,matr,,0.61,,0.39,0.0
source_expert_select,hust,,matr+sandia+luh,source_primary_experts,100,10,linear,253.71844459033463,23.65313891919136,17.301072637799134,1.6775857920775432,-0.307817077769698,0.2927643769356576,67.0,0.0,100,matr,,0.66,,0.34,0.0
source_expert_select,hust,,matr+sandia+luh,source_primary_experts,100,10,none,889.9910934606274,64.3740996054314,68.48515554288879,17.809645668542,-12.595163565144047,3.4803006120936923,67.0,0.0,100,matr,,0.66,,0.34,0.0
source_expert_select,hust,,matr+sandia+luh,source_primary_experts,100,10,residual_mean,406.0048550277876,214.71012613724716,27.002534642561113,13.648134743033367,-2.569567246812046,3.3309047523255675,67.0,0.0,100,matr,,0.66,,0.34,0.0
source_expert_select,hust,,matr+sandia+luh,source_primary_experts,100,15,linear,246.45093844359562,21.8781996080312,16.77717590892242,1.4558800228056594,-0.22574862396762058,0.23016848420957678,62.0,0.0,100,matr,,0.62,,0.38,0.0
source_expert_select,hust,,matr+sandia+luh,source_primary_experts,100,15,none,894.9883081819473,67.54021154620806,67.38104613045039,18.376977496276545,-13.06669492380539,3.7024517269414754,62.0,0.0,100,matr,,0.62,,0.38,0.0
source_expert_select,hust,,matr+sandia+luh,source_primary_experts,100,15,residual_mean,425.0070540095066,225.64346201049523,28.952135439939546,15.42400096786237,-2.7932928916275053,3.414622897341603,62.0,0.0,100,matr,,0.62,,0.38,0.0
source_expert_select,hust,,matr+sandia+luh,source_primary_experts,100,20,linear,237.62364698639925,17.490600382620837,16.189746102653775,1.1782254528268001,-0.1288638132711837,0.17794394002883732,57.0,0.0,100,matr,,0.61,,0.39,0.0
source_expert_select,hust,,matr+sandia+luh,source_primary_experts,100,20,none,894.2828438977267,72.26556873462275,66.64053147349124,18.037111886608773,-13.027156193075662,3.80045596706726,57.0,0.0,100,matr,,0.61,,0.39,0.0
source_expert_select,hust,,matr+sandia+luh,source_primary_experts,100,20,residual_mean,427.43763827272204,227.18719566252463,29.1643765085924,15.64432686253321,-2.7712974045055994,3.309647617780452,57.0,0.0,100,matr,,0.61,,0.39,0.0
source_expert_single,hust,matr,matr,catboost,100,0,none,875.900754060016,52.98186845763551,81.62002447427163,6.981009364629876,-10.35458107369234,1.1907897028877996,77.0,0.0,5,,,,,,
source_expert_single,hust,luh,luh,gaussian_process,100,0,none,1086.4268650749036,4.779305121755787,112.90433722997155,0.8032089775479874,-15.709829120135328,0.13832095840732983,77.0,0.0,5,,,,,,
source_expert_single,hust,sandia,sandia,xgboost,100,0,none,1038.3019274976082,258.5591037286004,49.27662254054751,10.290790710040149,-20.067199813158,6.811864396002126,77.0,0.0,5,,,,,,
source_expert_uniform,hust,,matr+sandia+luh,source_primary_experts,100,0,none,422.27364789555486,70.39745749780751,32.456549780204554,6.315422020393876,-2.324409478666701,0.9288832842673997,77.0,0.0,5,,,0.3333333333333333,,0.3333333333333333,0.3333333333333333
source_model_select,hust,,matr+sandia+luh,source_model_experts,100,5,linear,479.96261014822375,1413.8163223969693,23.193791141886436,15.776552151574876,-60.27630919568852,532.8343581599812,72.0,0.0,100,luh,random_forest,0.0,,0.36,0.64
source_model_select,hust,,matr+sandia+luh,source_model_experts,100,5,none,317.130573365723,55.0238444881899,21.787318314720956,4.2509515868497685,-1.1342162559476834,0.9972832299930379,72.0,0.0,100,luh,random_forest,0.0,,0.36,0.64
source_model_select,hust,,matr+sandia+luh,source_model_experts,100,5,residual_mean,281.38264774791116,59.29426974720829,18.90927374298843,4.102343570212751,-0.7233652191522387,1.0247858809541188,72.0,0.0,100,luh,random_forest,0.0,,0.36,0.64
source_model_select,hust,,matr+sandia+luh,source_model_experts,100,10,linear,255.5922009076135,66.72308242692645,17.12505164267115,2.988730244499269,-0.6056814164846575,3.173083827863323,67.0,0.0,100,luh,random_forest,0.0,,0.31,0.69
source_model_select,hust,,matr+sandia+luh,source_model_experts,100,10,none,309.95485232640544,50.60756255086423,21.03662081397927,2.899284602858343,-1.1262652164820608,1.201084034076066,67.0,0.0,100,luh,random_forest,0.0,,0.31,0.69
source_model_select,hust,,matr+sandia+luh,source_model_experts,100,10,residual_mean,268.2935314956065,57.68492610621809,17.825312775435815,2.999467183552401,-0.6767348135849426,1.282592434621014,67.0,0.0,100,luh,random_forest,0.0,,0.31,0.69
source_model_select,hust,,matr+sandia+luh,source_model_experts,100,15,linear,240.76770767110486,29.097592629108465,16.322377355683148,1.6713860173375317,-0.21561879498993922,0.53525692273214,62.0,0.0,100,luh,xgboost,0.0,,0.32,0.68
source_model_select,hust,,matr+sandia+luh,source_model_experts,100,15,none,302.39583770744423,44.41524767235428,20.728765099065782,2.9647857602797925,-0.9522079654360887,0.8116957290265031,62.0,0.0,100,luh,xgboost,0.0,,0.32,0.68
source_model_select,hust,,matr+sandia+luh,source_model_experts,100,15,residual_mean,257.2096367311485,45.02145906384876,17.27841060788795,2.6456261486632457,-0.46621019778334116,0.8002510507164035,62.0,0.0,100,luh,xgboost,0.0,,0.32,0.68
source_model_select,hust,,matr+sandia+luh,source_model_experts,100,20,linear,235.95474500299832,21.495898621334348,16.046810176188455,1.4399668462962214,-0.10996689557810745,0.21918366713624976,57.0,0.0,100,luh,xgboost,0.0,,0.34,0.66
source_model_select,hust,,matr+sandia+luh,source_model_experts,100,20,none,306.4784568912922,50.506904879800814,20.729311970603057,3.1951160930464217,-1.0226707312933407,0.9096738256995809,57.0,0.0,100,luh,xgboost,0.0,,0.34,0.66
source_model_select,hust,,matr+sandia+luh,source_model_experts,100,20,residual_mean,264.82342451199185,53.81668963380106,17.68676146791837,3.1247386408632205,-0.547104155622917,0.8656533138773378,57.0,0.0,100,luh,xgboost,0.0,,0.34,0.66
pooled_erm,luh,,matr+hust+sandia,pls,100,0,none,207.4134573354367,80.17720760301114,42.44396935861925,16.216429409786755,0.34562851540778017,0.47867314852442594,106.0,0.0,5,,,,,,
pooled_erm,luh,,matr+hust+sandia,elastic_net,100,0,none,253.1610331841608,46.05727897143504,50.176809403356984,9.432918058113785,0.16874657189414793,0.3038687278700265,106.0,0.0,5,,,,,,
pooled_erm,luh,,matr+hust+sandia,catboost,100,0,none,265.4308669807585,15.039788327740986,51.47661464983545,2.3876258771501697,0.15945935587479215,0.12984553955486983,106.0,0.0,5,,,,,,
pooled_erm,luh,,matr+hust+sandia,stacking,100,0,none,282.22066386177715,6.647729593507895,53.195784012634974,1.9339124578038185,0.01017546598362733,0.07067730801591691,106.0,0.0,5,,,,,,
pooled_erm,luh,,matr+hust+sandia,xgboost,100,0,none,294.92657952903903,15.701629662538336,55.40261718874543,3.3828451752531334,-0.10719600743456548,0.11301694781544358,106.0,0.0,5,,,,,,
pooled_erm,luh,,matr+hust+sandia,gaussian_process,100,0,none,323.0243019266425,39.96615070702744,62.02845344412005,8.84664395105206,-0.21365400421380212,0.2479727046273563,106.0,0.0,5,,,,,,
pooled_erm,luh,,matr+hust+sandia,random_forest,100,0,none,317.98101782945633,8.094470352790088,58.44700687063662,1.4101936184310038,-0.2868864263786005,0.08348875580159977,106.0,0.0,5,,,,,,
pooled_erm_kshot,luh,,matr+hust+sandia,stacking,100,5,linear,207.57908732315866,32.24561863623288,53.46981684298119,14.596876701231638,0.5411829816306213,0.1555661901955214,101.0,0.0,100,,,,,,
pooled_erm_kshot,luh,,matr+hust+sandia,pls,100,5,linear,208.28777926940566,65.16155267251487,51.06424408914245,18.06981644874389,0.5070044145560471,0.30436996619567447,101.0,0.0,100,,,,,,
pooled_erm_kshot,luh,,matr+hust+sandia,elastic_net,100,5,linear,215.85101959534313,58.5902155669293,55.76372684624802,14.714067250291533,0.4858400760817985,0.4246416329876332,101.0,0.0,100,,,,,,
pooled_erm_kshot,luh,,matr+hust+sandia,catboost,100,5,linear,234.65379653860657,75.06831425355122,55.6090878036113,17.2717252420764,0.3813841842875224,0.632274390663202,101.0,0.0,100,,,,,,
pooled_erm_kshot,luh,,matr+hust+sandia,xgboost,100,5,linear,259.7034923622326,97.30975779822501,56.76922218549994,17.229071613488443,0.21219660119230194,0.8521559750320472,101.0,0.0,100,,,,,,
pooled_erm_kshot,luh,,matr+hust+sandia,random_forest,100,5,linear,251.1078267744213,175.3680402624897,57.01191465451107,18.218011374133706,-0.1538315535495952,5.243050751219317,101.0,0.0,100,,,,,,
pooled_erm_kshot,luh,,matr+hust+sandia,gaussian_process,100,5,linear,355.0319985497803,160.43612462872682,65.43501639032304,20.20634192798356,-1.2850054367835853,3.3261873166863114,101.0,0.0,100,,,,,,
pooled_erm_kshot,luh,,matr+hust+sandia,pls,100,5,none,206.83293659089617,80.5288703572166,42.32222023467736,16.269515551095573,0.3464885609586912,0.48010137332813074,101.0,0.0,100,,,,,,
pooled_erm_kshot,luh,,matr+hust+sandia,elastic_net,100,5,none,252.48188686794256,47.05257595372119,50.07823652546978,9.58044339427983,0.17043817642138145,0.30498915001826854,101.0,0.0,100,,,,,,
pooled_erm_kshot,luh,,matr+hust+sandia,catboost,100,5,none,264.64190104549726,15.933472700095434,51.4045716595344,2.470960026514679,0.1609861904157638,0.13071629362612852,101.0,0.0,100,,,,,,
pooled_erm_kshot,luh,,matr+hust+sandia,stacking,100,5,none,281.5148767560029,9.007338586444943,53.13954501171309,2.181068587601074,0.011009044322709423,0.07250720261575361,101.0,0.0,100,,,,,,
pooled_erm_kshot,luh,,matr+hust+sandia,xgboost,100,5,none,294.0853891211846,17.998967698240435,55.314582992572696,3.552560798521382,-0.10536970347668576,0.11503568684132844,101.0,0.0,100,,,,,,
pooled_erm_kshot,luh,,matr+hust+sandia,gaussian_process,100,5,none,321.8765439947257,40.59232356717865,61.872658682461534,8.848433765224213,-0.21140817915909513,0.24793872040033685,101.0,0.0,100,,,,,,
pooled_erm_kshot,luh,,matr+hust+sandia,random_forest,100,5,none,317.178003034179,11.407432424557694,58.353478264217244,1.6956067289920709,-0.28641866845469965,0.0858763291177955,101.0,0.0,100,,,,,,
pooled_erm_kshot,luh,,matr+hust+sandia,pls,100,5,residual_mean,223.78089999964376,67.02149209510452,46.253872799543,13.821118848019175,0.48807033140683914,0.26041968199583243,101.0,0.0,100,,,,,,
pooled_erm_kshot,luh,,matr+hust+sandia,elastic_net,100,5,residual_mean,269.47341428406014,52.95394893024662,54.35799359369494,9.61451167741931,0.31034667885698597,0.21995521931674564,101.0,0.0,100,,,,,,
pooled_erm_kshot,luh,,matr+hust+sandia,catboost,100,5,residual_mean,291.0223730844296,45.617725436006296,58.3329056161157,6.670239636224453,0.21733880178695827,0.22964558134048302,101.0,0.0,100,,,,,,
pooled_erm_kshot,luh,,matr+hust+sandia,stacking,100,5,residual_mean,297.6652970229602,43.411195905095525,59.52112587581385,6.040633741174637,0.18562484011189276,0.2254358551165149,101.0,0.0,100,,,,,,
pooled_erm_kshot,luh,,matr+hust+sandia,xgboost,100,5,residual_mean,309.1117180794353,48.86726306334832,61.160022684025826,6.4035168669303415,0.1147645168878374,0.2579500577951441,101.0,0.0,100,,,,,,
pooled_erm_kshot,luh,,matr+hust+sandia,random_forest,100,5,residual_mean,314.04559562351784,44.74491035018639,62.04789850521862,5.516450681455927,0.09569359393608426,0.24704312494763234,101.0,0.0,100,,,,,,
pooled_erm_kshot,luh,,matr+hust+sandia,gaussian_process,100,5,residual_mean,328.1066873161562,55.53878877933916,62.689436266168485,7.552210039231551,-0.04183097589970895,0.3450452330239282,101.0,0.0,100,,,,,,
pooled_erm_kshot,luh,,matr+hust+sandia,elastic_net,100,10,linear,195.47722910413947,27.329276107278258,49.775848781981075,9.610866235527013,0.6100817724304549,0.10581504465416305,96.0,0.0,100,,,,,,
pooled_erm_kshot,luh,,matr+hust+sandia,stacking,100,10,linear,192.77578460190063,24.630704014521974,49.50219890807938,12.408581280877316,0.6047579594884238,0.11460711944287695,96.0,0.0,100,,,,,,
pooled_erm_kshot,luh,,matr+hust+sandia,pls,100,10,linear,190.0066765929776,52.96124238068241,44.86079439978363,12.815849287810533,0.5996462765944949,0.20026429794244308,96.0,0.0,100,,,,,,
pooled_erm_kshot,luh,,matr+hust+sandia,catboost,100,10,linear,204.54993749942275,27.14750473965017,49.516525993926116,11.633583030164536,0.5493484492411417,0.12362735399119851,96.0,0.0,100,,,,,,
pooled_erm_kshot,luh,,matr+hust+sandia,random_forest,100,10,linear,209.06452099893613,33.63913198335723,50.77483320586472,12.77474132785265,0.5214227562676974,0.17583446104495937,96.0,0.0,100,,,,,,
pooled_erm_kshot,luh,,matr+hust+sandia,xgboost,100,10,linear,225.1420321623801,37.231212605369095,51.25754957246421,12.37914283103472,0.44889076524874333,0.1602325851781392,96.0,0.0,100,,,,,,
pooled_erm_kshot,luh,,matr+hust+sandia,gaussian_process,100,10,linear,300.2850722950491,75.78941551044099,57.43696723137305,11.784605363337196,-0.2853244563746553,0.8131423435341285,96.0,0.0,100,,,,,,
pooled_erm_kshot,luh,,matr+hust+sandia,pls,100,10,none,207.92624607484439,80.09935955664498,42.50860384437656,16.18858263315623,0.3418551544936178,0.48071416576960074,96.0,0.0,100,,,,,,
pooled_erm_kshot,luh,,matr+hust+sandia,elastic_net,100,10,none,254.01731602731255,46.77481108445545,50.32690680014315,9.336579016616396,0.16445546788434892,0.30834509977167907,96.0,0.0,100,,,,,,
pooled_erm_kshot,luh,,matr+hust+sandia,catboost,100,10,none,265.4461006326026,17.085472591276,51.392379171806716,2.5454747529143416,0.1580695063773148,0.1282535987193524,96.0,0.0,100,,,,,,
pooled_erm_kshot,luh,,matr+hust+sandia,stacking,100,10,none,282.4050147211707,10.921285478849173,53.160187683390824,2.16752411253863,0.007378432170139031,0.07103381220388819,96.0,0.0,100,,,,,,
pooled_erm_kshot,luh,,matr+hust+sandia,xgboost,100,10,none,295.3194324150494,18.831687932007817,55.44670766205663,3.5634452976377764,-0.1105510114435505,0.12063562754595514,96.0,0.0,100,,,,,,
pooled_erm_kshot,luh,,matr+hust+sandia,gaussian_process,100,10,none,323.78983487193,42.62013022335246,62.165366680809846,9.200636481883034,-0.21932359466622697,0.2553183170859974,96.0,0.0,100,,,,,,
pooled_erm_kshot,luh,,matr+hust+sandia,random_forest,100,10,none,318.6835144760527,13.086139241155953,58.56139204310752,1.8129003083447455,-0.2930303818175052,0.09225997916981496,96.0,0.0,100,,,,,,
pooled_erm_kshot,luh,,matr+hust+sandia,pls,100,10,residual_mean,209.15611163257068,59.252061395373936,42.28013291833882,13.056754146764911,0.5341804772883803,0.2194567549443623,96.0,0.0,100,,,,,,
pooled_erm_kshot,luh,,matr+hust+sandia,elastic_net,100,10,residual_mean,254.0686896294831,37.82526443590372,52.13801539933066,8.508028765625381,0.37399535408138823,0.12682274849894204,96.0,0.0,100,,,,,,
pooled_erm_kshot,luh,,matr+hust+sandia,catboost,100,10,residual_mean,276.8970621404414,26.958123375052665,56.74702476600285,5.0312851862833545,0.2897695729545136,0.10800005982162761,96.0,0.0,100,,,,,,
pooled_erm_kshot,luh,,matr+hust+sandia,stacking,100,10,residual_mean,283.6968045825071,25.369187059212734,58.019668426140626,4.4784078681927495,0.2598631109273235,0.10725720727357589,96.0,0.0,100,,,,,,
pooled_erm_kshot,luh,,matr+hust+sandia,xgboost,100,10,residual_mean,294.14335575478873,31.465369897455936,59.52133608618172,5.200152601283455,0.1926436964423749,0.13723081598188056,96.0,0.0,100,,,,,,
pooled_erm_kshot,luh,,matr+hust+sandia,random_forest,100,10,residual_mean,299.0537167400858,26.074274768478638,60.44111292942739,4.118653826560147,0.1762707852452686,0.1261252547761401,96.0,0.0,100,,,,,,
pooled_erm_kshot,luh,,matr+hust+sandia,gaussian_process,100,10,residual_mean,310.52270981096996,41.329145083603265,60.5670021452519,6.106803610748406,0.06480972701043546,0.2196119512498309,96.0,0.0,100,,,,,,
pooled_erm_kshot,luh,,matr+hust+sandia,elastic_net,100,15,linear,189.33778183520445,21.588014722647074,48.79157524010867,8.598343049611213,0.6388875572879884,0.07597647141796453,91.0,0.0,100,,,,,,
pooled_erm_kshot,luh,,matr+hust+sandia,stacking,100,15,linear,191.10185325556358,21.33057632871266,52.216573370626705,12.953863252520716,0.6204867280705487,0.08300221310029442,91.0,0.0,100,,,,,,
pooled_erm_kshot,luh,,matr+hust+sandia,pls,100,15,linear,189.09565443006343,55.60445249770241,45.89476363181068,12.24180895194758,0.6129614345096245,0.20935063420843827,91.0,0.0,100,,,,,,
pooled_erm_kshot,luh,,matr+hust+sandia,catboost,100,15,linear,199.75873684955886,21.163684104818756,48.93644130788578,12.821881904272633,0.5715148030989197,0.08898471218569778,91.0,0.0,100,,,,,,
pooled_erm_kshot,luh,,matr+hust+sandia,random_forest,100,15,linear,206.16891558961422,27.861685159426276,50.35381363367103,12.825502773156694,0.545744379253595,0.13963065075524198,91.0,0.0,100,,,,,,
pooled_erm_kshot,luh,,matr+hust+sandia,xgboost,100,15,linear,220.14010380698386,34.86791147299746,50.75583087709573,12.520605818965894,0.4787782699684694,0.12705285600576516,91.0,0.0,100,,,,,,
pooled_erm_kshot,luh,,matr+hust+sandia,gaussian_process,100,15,linear,296.64234861236656,72.31451591158408,57.2038466524069,11.011022469000736,-0.23100333094009792,0.818511459095462,91.0,0.0,100,,,,,,
pooled_erm_kshot,luh,,matr+hust+sandia,pls,100,15,none,205.7144200415166,79.16351364063215,42.279368354121324,15.96242782317585,0.349776547152301,0.4764836236894478,91.0,0.0,100,,,,,,
pooled_erm_kshot,luh,,matr+hust+sandia,elastic_net,100,15,none,252.08181531747974,47.38944867193005,50.174588668720986,9.52065124473856,0.17166378497143697,0.3057988992892028,91.0,0.0,100,,,,,,
pooled_erm_kshot,luh,,matr+hust+sandia,catboost,100,15,none,263.7087745716825,17.45236773516402,51.308408547118546,2.5726910860796988,0.16319445079106548,0.13064474640542179,91.0,0.0,100,,,,,,
pooled_erm_kshot,luh,,matr+hust+sandia,stacking,100,15,none,280.20996842218517,12.870882153909514,52.96942641685064,2.2777603343636006,0.015064078119191382,0.0731006882452369,91.0,0.0,100,,,,,,
pooled_erm_kshot,luh,,matr+hust+sandia,xgboost,100,15,none,293.04604194252954,20.54974024053006,55.22175317462384,3.5828462416945985,-0.10324888890958796,0.11908077566680016,91.0,0.0,100,,,,,,
pooled_erm_kshot,luh,,matr+hust+sandia,gaussian_process,100,15,none,321.49845878720856,44.62270609299334,61.90243245752344,9.382277231844531,-0.21076411469955247,0.258338367131907,91.0,0.0,100,,,,,,
pooled_erm_kshot,luh,,matr+hust+sandia,random_forest,100,15,none,315.87530008122644,16.467842033296932,58.197072804558886,2.0920141501947045,-0.2809919914414793,0.09521348517215433,91.0,0.0,100,,,,,,
pooled_erm_kshot,luh,,matr+hust+sandia,pls,100,15,residual_mean,212.507002757,62.838572895053105,43.64562389599181,12.907078255832719,0.535951417004449,0.24340804421712464,91.0,0.0,100,,,,,,
pooled_erm_kshot,luh,,matr+hust+sandia,elastic_net,100,15,residual_mean,255.5492776449203,33.85916705550217,53.475285902228606,7.501843221598397,0.3888303430963262,0.11676228343628677,91.0,0.0,100,,,,,,
pooled_erm_kshot,luh,,matr+hust+sandia,catboost,100,15,residual_mean,277.87030053098596,27.299814575957548,57.491618395570434,5.063869287984491,0.30100951261480097,0.10858621440644599,91.0,0.0,100,,,,,,
pooled_erm_kshot,luh,,matr+hust+sandia,stacking,100,15,residual_mean,284.92007010519666,24.412101141074942,58.704639959020085,4.537365212763623,0.27029840850888676,0.09640771726263607,91.0,0.0,100,,,,,,
pooled_erm_kshot,luh,,matr+hust+sandia,xgboost,100,15,residual_mean,294.943187992524,30.351633352697327,60.149941336382746,5.2076462044970695,0.2083491957536393,0.12293399569379924,91.0,0.0,100,,,,,,
pooled_erm_kshot,luh,,matr+hust+sandia,random_forest,100,15,residual_mean,300.4652326881429,24.096651451567432,61.10275839779501,4.176222401058355,0.19184968854258547,0.10237907751858145,91.0,0.0,100,,,,,,
pooled_erm_kshot,luh,,matr+hust+sandia,gaussian_process,100,15,residual_mean,309.66885983562304,36.49106230929359,60.70805596446757,5.554506686327644,0.08491212709089264,0.1907498994919783,91.0,0.0,100,,,,,,
pooled_erm_kshot,luh,,matr+hust+sandia,elastic_net,100,20,linear,185.9989667561887,19.025504258588413,48.39208335945967,8.239502797581109,0.6581265718219105,0.05557729972141025,86.0,0.0,100,,,,,,
pooled_erm_kshot,luh,,matr+hust+sandia,pls,100,20,linear,182.8502887488974,50.324275941860066,45.38595418682936,11.427502417701831,0.6379519826666281,0.19344040494382098,86.0,0.0,100,,,,,,
pooled_erm_kshot,luh,,matr+hust+sandia,stacking,100,20,linear,187.23530867225244,21.947302331847716,52.734369808358586,11.889271009210091,0.6364870763184332,0.0826762225146287,86.0,0.0,100,,,,,,
pooled_erm_kshot,luh,,matr+hust+sandia,catboost,100,20,linear,194.44210623957161,18.42613332064814,49.120502293906426,11.517560443420514,0.5949235111661979,0.07783388870293646,86.0,0.0,100,,,,,,
pooled_erm_kshot,luh,,matr+hust+sandia,random_forest,100,20,linear,201.89082515993397,28.30447743601479,50.000974029272136,11.80517960958295,0.566616669511982,0.13538199351786787,86.0,0.0,100,,,,,,
pooled_erm_kshot,luh,,matr+hust+sandia,xgboost,100,20,linear,213.75422408107963,33.407614917979785,48.7142159834587,11.809649910717818,0.49790310471264626,0.12858173400923673,86.0,0.0,100,,,,,,
pooled_erm_kshot,luh,,matr+hust+sandia,gaussian_process,100,20,linear,289.87800521366484,71.36065890472132,56.611226268348325,10.362667997870522,-0.0870424783357076,0.6500279719711803,86.0,0.0,100,,,,,,
pooled_erm_kshot,luh,,matr+hust+sandia,pls,100,20,none,206.1458973795631,80.599731389463,42.39072704704514,16.330167660764893,0.34574707549254463,0.48554803353637405,86.0,0.0,100,,,,,,
pooled_erm_kshot,luh,,matr+hust+sandia,elastic_net,100,20,none,251.8728324048735,48.014329741922694,50.09785311871205,9.700531652702752,0.17046390770283715,0.3085610288118943,86.0,0.0,100,,,,,,
pooled_erm_kshot,luh,,matr+hust+sandia,catboost,100,20,none,263.74492853683523,19.083397993880308,51.358376127497756,2.591241466339654,0.16349479578079795,0.13477779129267775,86.0,0.0,100,,,,,,
pooled_erm_kshot,luh,,matr+hust+sandia,stacking,100,20,none,280.34075339284226,15.820178120566382,53.01715758734251,2.568804519074202,0.014309079721711778,0.08452054464969733,86.0,0.0,100,,,,,,
pooled_erm_kshot,luh,,matr+hust+sandia,xgboost,100,20,none,293.1000833035214,22.254521710751174,55.22645582798367,3.72832228667089,-0.104197944060817,0.12812965974235038,86.0,0.0,100,,,,,,
pooled_erm_kshot,luh,,matr+hust+sandia,gaussian_process,100,20,none,320.96000094496054,41.5140218998838,61.86311949839135,8.951847857304918,-0.20899738518690544,0.24698633564223937,86.0,0.0,100,,,,,,
pooled_erm_kshot,luh,,matr+hust+sandia,random_forest,100,20,none,315.99210475635016,19.0173089589919,58.224942546872626,2.513071533442496,-0.28379595715568123,0.10580764107666252,86.0,0.0,100,,,,,,
pooled_erm_kshot,luh,,matr+hust+sandia,pls,100,20,residual_mean,207.5920756817153,57.62941647483018,42.70797206232334,12.457345327534126,0.5539652934423664,0.22750636736273666,86.0,0.0,100,,,,,,
pooled_erm_kshot,luh,,matr+hust+sandia,elastic_net,100,20,residual_mean,251.93353530683055,27.53286931828767,53.22464989179522,6.595616412489466,0.4047951949994736,0.10031157904575458,86.0,0.0,100,,,,,,
pooled_erm_kshot,luh,,matr+hust+sandia,catboost,100,20,residual_mean,275.423034467666,22.46828107783707,57.3578330518673,4.88225613390313,0.3138447119371766,0.08868221843287476,86.0,0.0,100,,,,,,
pooled_erm_kshot,luh,,matr+hust+sandia,stacking,100,20,residual_mean,282.1682473011111,19.47423102731075,58.49769174395722,4.4032888630396245,0.28405435764907183,0.07289052637962345,86.0,0.0,100,,,,,,
pooled_erm_kshot,luh,,matr+hust+sandia,xgboost,100,20,residual_mean,291.7331021960771,25.5650146447451,59.88555593515567,4.940648405154842,0.2225236986231411,0.1076363076229077,86.0,0.0,100,,,,,,
pooled_erm_kshot,luh,,matr+hust+sandia,random_forest,100,20,residual_mean,297.84738628881126,20.08006838509974,60.90488046217793,4.191105847508704,0.20525380176989597,0.08147180720178766,86.0,0.0,100,,,,,,
pooled_erm_kshot,luh,,matr+hust+sandia,gaussian_process,100,20,residual_mean,306.2472013601341,38.30761826965467,60.201563157166696,6.195088494320022,0.09619041290380079,0.18966247675410716,86.0,0.0,100,,,,,,
source_expert_convex,luh,,matr+hust+sandia,source_primary_experts,100,5,linear,326.4971837752076,96.88465840101544,65.1813332510923,13.72408898179301,-0.15851649884594668,0.7733066935059097,101.0,0.0,100,,,0.22400000000000003,0.20950000000000002,0.5665,
source_expert_convex,luh,,matr+hust+sandia,source_primary_experts,100,5,none,327.3320036246834,56.384822162225,63.71286668774016,6.290361006145509,-0.007258960814639599,0.3822662799093775,101.0,0.0,100,,,0.22400000000000003,0.20950000000000002,0.5665,
source_expert_convex,luh,,matr+hust+sandia,source_primary_experts,100,5,residual_mean,328.9462889112912,54.77878829433053,63.942602032514294,6.251772473497552,-0.008079389964663102,0.36053224975811055,101.0,0.0,100,,,0.22400000000000003,0.20950000000000002,0.5665,
source_expert_convex,luh,,matr+hust+sandia,source_primary_experts,100,10,linear,292.3896987815349,70.53521078632723,59.05099109165983,11.013226317525453,0.09194917887677687,0.6794678071557926,96.0,0.0,100,,,0.1435,0.20700000000000002,0.6495000000000001,
source_expert_convex,luh,,matr+hust+sandia,source_primary_experts,100,10,none,312.8249027664356,36.731445385045056,62.135367196147165,5.102335112465391,0.09323697310953602,0.18385784384386583,96.0,0.0,100,,,0.1435,0.20700000000000002,0.6495000000000001,
source_expert_convex,luh,,matr+hust+sandia,source_primary_experts,100,10,residual_mean,311.68845277772084,34.55868535360613,62.13167468665341,4.949577731518199,0.10771111813754292,0.1717670848609155,96.0,0.0,100,,,0.1435,0.20700000000000002,0.6495000000000001,
source_expert_convex,luh,,matr+hust+sandia,source_primary_experts,100,15,linear,294.84946443479834,82.17601508635451,57.99527382372006,9.258058722839923,-0.1441132369442245,2.040038239770787,91.0,0.0,100,,,0.17550000000000002,0.20550000000000002,0.6189999999999999,
source_expert_convex,luh,,matr+hust+sandia,source_primary_experts,100,15,none,311.58058043512386,29.945276332978853,62.506219134265514,4.56800893311908,0.1176731288823394,0.15119418798785472,91.0,0.0,100,,,0.17550000000000002,0.20550000000000002,0.6189999999999999,
source_expert_convex,luh,,matr+hust+sandia,source_primary_experts,100,15,residual_mean,311.8023488105796,29.473208161791575,62.5990775191867,4.559353933443604,0.1234791020281859,0.15070132536728395,91.0,0.0,100,,,0.17550000000000002,0.20550000000000002,0.6189999999999999,
source_expert_convex,luh,,matr+hust+sandia,source_primary_experts,100,20,linear,287.39460957676727,65.97399164847879,58.394260033641594,8.317559994391063,0.11355553133972394,0.8791518556745103,86.0,0.0,100,,,0.14350000000000002,0.21450000000000002,0.6419999999999999,
source_expert_convex,luh,,matr+hust+sandia,source_primary_experts,100,20,none,308.11995279657776,33.39744475789236,62.13495528957038,5.3370578233201185,0.13626167374147335,0.17585649698819208,86.0,0.0,100,,,0.14350000000000002,0.21450000000000002,0.6419999999999999,
source_expert_convex,luh,,matr+hust+sandia,source_primary_experts,100,20,residual_mean,309.1483412040566,31.5300860588309,62.33463169695969,5.243166525619404,0.13842549371207397,0.16458741826956672,86.0,0.0,100,,,0.14350000000000002,0.21450000000000002,0.6419999999999999,
source_expert_select,luh,,matr+hust+sandia,source_primary_experts,100,5,linear,342.0015608945952,133.72879084334835,67.36395507667224,15.576802114028498,-0.7052140575507027,4.306903451026845,101.0,0.0,100,matr,,0.54,0.02,0.44,
source_expert_select,luh,,matr+hust+sandia,source_primary_experts,100,5,none,337.86768078847666,76.81197542182034,64.1597159922736,7.796394870609239,-0.22853740534543993,0.6739362423088819,101.0,0.0,100,matr,,0.54,0.02,0.44,
source_expert_select,luh,,matr+hust+sandia,source_primary_experts,100,5,residual_mean,337.8891565475422,63.58021415495225,64.69181388858057,7.535909965365856,-0.06966509056716136,0.392198232580664,101.0,0.0,100,matr,,0.54,0.02,0.44,
source_expert_select,luh,,matr+hust+sandia,source_primary_experts,100,10,linear,280.7297443979383,80.72960979412325,58.687972027979896,11.878838385923077,0.15938054199919438,0.6435912006230465,96.0,0.0,100,sandia,,0.38,0.0,0.62,
source_expert_select,luh,,matr+hust+sandia,source_primary_experts,100,10,none,326.8480617267421,31.548085130849312,62.650084173055866,6.758070678447631,-0.1981796637294695,0.2567224370811374,96.0,0.0,100,sandia,,0.38,0.0,0.62,
source_expert_select,luh,,matr+hust+sandia,source_primary_experts,100,10,residual_mean,313.6207288221543,45.473494689599384,62.14883585311666,6.739329524658677,0.07646266429241771,0.20245268000242586,96.0,0.0,100,sandia,,0.38,0.0,0.62,
source_expert_select,luh,,matr+hust+sandia,source_primary_experts,100,15,linear,284.21392711018257,79.67892815964616,58.57935663716672,11.822558472899786,0.13934326767044958,0.5909225479730897,91.0,0.0,100,sandia,,0.45,0.0,0.55,
source_expert_select,luh,,matr+hust+sandia,source_primary_experts,100,15,none,329.2736045484533,31.46394267816546,63.42602268473822,6.674937955137475,-0.18625793175811048,0.2562710077670277,91.0,0.0,100,sandia,,0.45,0.0,0.55,
source_expert_select,luh,,matr+hust+sandia,source_primary_experts,100,15,residual_mean,318.02039937536335,42.7147063259063,63.107664889136394,6.546575653397889,0.07330059663612298,0.19331139659403127,91.0,0.0,100,sandia,,0.45,0.0,0.55,
source_expert_select,luh,,matr+hust+sandia,source_primary_experts,100,20,linear,279.9677862295951,72.82557302573794,59.28051634258588,11.19443788062266,0.21780019106577606,0.35719664423456904,86.0,0.0,100,sandia,,0.49,0.0,0.51,
source_expert_select,luh,,matr+hust+sandia,source_primary_experts,100,20,none,326.86012298342166,34.670196712449474,63.14785535263887,7.023232671854673,-0.15147801270631486,0.2373108484084387,86.0,0.0,100,sandia,,0.49,0.0,0.51,
source_expert_select,luh,,matr+hust+sandia,source_primary_experts,100,20,residual_mean,313.85440473271683,42.65415474512473,62.66249854297283,7.019064928864885,0.09308980389936394,0.1902602074078216,86.0,0.0,100,sandia,,0.49,0.0,0.51,
source_expert_single,luh,matr,matr,catboost,100,0,none,335.8828467049199,19.229427987441092,65.5960070952562,1.8126643209311495,-0.005091577256423308,0.06576520318703734,106.0,0.0,5,,,,,,
source_expert_single,luh,sandia,sandia,xgboost,100,0,none,323.09813839815314,33.02363438871178,61.21358841099702,7.5290152930878,-0.3258436922844231,0.2798036802247768,106.0,0.0,5,,,,,,
source_expert_single,luh,hust,hust,random_forest,100,0,none,802.9438098035314,55.26818054360235,95.12993767423549,2.8072014592050456,-3.921429707230152,0.5672593978099414,106.0,0.0,5,,,,,,
source_expert_uniform,luh,,matr+hust+sandia,source_primary_experts,100,0,none,365.08844804630775,22.793671007322043,68.16784000928155,2.196209612130793,-0.054427148799333594,0.1178904730267974,106.0,0.0,5,,,0.3333333333333333,0.3333333333333333,0.3333333333333333,
source_model_select,luh,,matr+hust+sandia,source_model_experts,100,5,linear,451.05113509904703,2379.230701025518,50.72527277937463,18.769258657403373,-2171.239402551024,21608.007265011332,101.0,0.0,100,sandia,pls,0.18,0.14,0.68,
source_model_select,luh,,matr+hust+sandia,source_model_experts,100,5,none,211.82776062750875,81.86394527153475,41.225002711244585,13.204032616448844,0.4187786896231891,0.4368805295096134,101.0,0.0,100,sandia,pls,0.18,0.14,0.68,
source_model_select,luh,,matr+hust+sandia,source_model_experts,100,5,residual_mean,227.45148648635512,76.1546481871048,45.49474263986233,13.044672495997318,0.4396632512493736,0.45655913292890976,101.0,0.0,100,sandia,pls,0.18,0.14,0.68,
source_model_select,luh,,matr+hust+sandia,source_model_experts,100,10,linear,183.8535189936679,39.41653108834481,44.503155798747486,10.417248693187863,0.621033436502521,0.16547706542831214,96.0,0.0,100,sandia,pls,0.11,0.12,0.77,
source_model_select,luh,,matr+hust+sandia,source_model_experts,100,10,none,198.00984739545075,60.12897147501883,38.88771206010105,10.390387901117858,0.4848295243056517,0.26509828778416206,96.0,0.0,100,sandia,pls,0.11,0.12,0.77,
source_model_select,luh,,matr+hust+sandia,source_model_experts,100,10,residual_mean,206.93122673260993,45.56348264211984,42.32906597886681,10.027183798625611,0.5464500905600947,0.18307315585431216,96.0,0.0,100,sandia,pls,0.11,0.12,0.77,
source_model_select,luh,,matr+hust+sandia,source_model_experts,100,15,linear,181.96222900056472,40.91820690319511,46.17014485199482,11.858831083200231,0.6402959204915252,0.15492075984329934,91.0,0.0,100,sandia,pls,0.14,0.1,0.76,
source_model_select,luh,,matr+hust+sandia,source_model_experts,100,15,none,186.75906253105546,48.15314899178409,37.4668749627531,9.357073341020145,0.5364481729870935,0.18529016012527852,91.0,0.0,100,sandia,pls,0.14,0.1,0.76,
source_model_select,luh,,matr+hust+sandia,source_model_experts,100,15,residual_mean,203.1845475988808,42.683633462388755,41.81441398792651,10.253931215783842,0.5755566574113504,0.15517858923291525,91.0,0.0,100,sandia,pls,0.14,0.1,0.76,
source_model_select,luh,,matr+hust+sandia,source_model_experts,100,20,linear,178.2166753959974,36.244888542717895,45.02125886740163,10.155153423072885,0.6595684662991407,0.1389379482855606,86.0,0.0,100,sandia,pls,0.15,0.08,0.77,
source_model_select,luh,,matr+hust+sandia,source_model_experts,100,20,none,184.80410285646786,45.16505665456636,37.291617160978305,9.32493784031142,0.5474825173778016,0.1755204287596804,86.0,0.0,100,sandia,pls,0.15,0.08,0.77,
source_model_select,luh,,matr+hust+sandia,source_model_experts,100,20,residual_mean,199.06619960377512,39.27416976056974,41.04616414729301,9.634595278354892,0.5908922842629388,0.1450038921470121,86.0,0.0,100,sandia,pls,0.15,0.08,0.77,
pooled_erm,matr,,hust+sandia+luh,catboost,100,0,none,840.0379190776875,88.4387319365246,74.57484317848976,4.147691838008151,-5.371662070762905,1.3387969517954519,129.0,0.0,5,,,,,,
pooled_erm,matr,,hust+sandia+luh,stacking,100,0,none,864.633008357607,63.92242771785124,75.98267084134953,3.0221303957759273,-5.634922545363223,0.9291017004351085,129.0,0.0,5,,,,,,
pooled_erm,matr,,hust+sandia+luh,xgboost,100,0,none,931.7366565680568,38.35764202165118,78.8883755839252,1.7150100471541248,-6.692451389911744,0.6153093082377233,129.0,0.0,5,,,,,,
pooled_erm,matr,,hust+sandia+luh,random_forest,100,0,none,975.8667592842263,55.94559773743808,80.82884342527974,2.254996791790724,-7.464404364969174,1.0103309123050428,129.0,0.0,5,,,,,,
pooled_erm,matr,,hust+sandia+luh,gaussian_process,100,0,none,923.1054568496756,93.13769271131855,71.56375991912212,3.7261824728917787,-8.830824190779897,1.9794991188815756,129.0,0.0,5,,,,,,
pooled_erm,matr,,hust+sandia+luh,elastic_net,100,0,none,67526.12063880547,99552.16169693905,88.17321356536107,3.3804525946462274,-13926748.771614278,25402094.922487225,129.0,0.0,5,,,,,,
pooled_erm,matr,,hust+sandia+luh,pls,100,0,none,489433.3619057297,973776.4199245659,93.92959405803376,8.847359803108676,-1169294824.6293185,2338587095.4443893,129.0,0.0,5,,,,,,
pooled_erm_kshot,matr,,hust+sandia+luh,random_forest,100,5,linear,343.2019203779025,126.51361825561423,45.3320037885556,19.08187912516293,-0.7129967776223363,1.976850231027855,124.0,0.0,100,,,,,,
pooled_erm_kshot,matr,,hust+sandia+luh,stacking,100,5,linear,339.66284260107835,120.61195318249298,44.78876380484403,16.734605736072613,-0.7419846821518417,2.1100093082853597,124.0,0.0,100,,,,,,
pooled_erm_kshot,matr,,hust+sandia+luh,gaussian_process,100,5,linear,350.7050932366639,125.734524598992,44.91317664691574,14.545057768033898,-0.7759459524641521,1.5981280381786247,124.0,0.0,100,,,,,,
pooled_erm_kshot,matr,,hust+sandia+luh,catboost,100,5,linear,346.76916614621643,100.60752583501079,45.77454891485282,16.08410915779023,-0.8043105981066115,1.6620420411379757,124.0,0.0,100,,,,,,
pooled_erm_kshot,matr,,hust+sandia+luh,xgboost,100,5,linear,351.12702500611334,132.33993126373284,46.173915744654394,19.928960733660382,-0.908756714909734,2.1053474309865936,124.0,0.0,100,,,,,,
pooled_erm_kshot,matr,,hust+sandia+luh,elastic_net,100,5,linear,15041.509506927472,38467.50879231357,45.28729341239439,10.937807930108209,-1657766.045659666,6968564.6044684965,124.0,0.0,100,,,,,,
pooled_erm_kshot,matr,,hust+sandia+luh,pls,100,5,linear,57140.43200217606,190991.6944417802,45.9975106019908,11.000570915022537,-38488107.04097741,163059619.08524227,124.0,0.0,100,,,,,,
pooled_erm_kshot,matr,,hust+sandia+luh,catboost,100,5,none,839.6757141120182,88.61639409231532,74.50210557139683,4.175772228426051,-5.382355681901819,1.3346065845179302,124.0,0.0,100,,,,,,
pooled_erm_kshot,matr,,hust+sandia+luh,stacking,100,5,none,864.2344095339031,64.39268647900639,75.90705602234011,3.113683713352603,-5.649346374619415,0.9563454517921499,124.0,0.0,100,,,,,,
pooled_erm_kshot,matr,,hust+sandia+luh,xgboost,100,5,none,931.3534994778705,38.69176045778126,78.81558713713417,1.7672999436248924,-6.709260137777685,0.6681737522401373,124.0,0.0,100,,,,,,
pooled_erm_kshot,matr,,hust+sandia+luh,random_forest,100,5,none,975.7485239697124,56.528416209969436,80.76569608568096,2.3287045593800575,-7.486668672043822,1.0433764438630257,124.0,0.0,100,,,,,,
pooled_erm_kshot,matr,,hust+sandia+luh,gaussian_process,100,5,none,921.6222372953521,91.08722210018887,71.49337260863352,3.638451402990186,-8.822236954003934,1.949602579042678,124.0,0.0,100,,,,,,
pooled_erm_kshot,matr,,hust+sandia+luh,elastic_net,100,5,none,67475.53680814055,101799.49733141833,88.05997037491728,3.5085262940579214,-13886743.226623546,26112262.54020755,124.0,0.0,100,,,,,,
pooled_erm_kshot,matr,,hust+sandia+luh,pls,100,5,none,483753.13508176984,993447.577979206,93.92406569234618,8.987153094030036,-1162406016.3380592,2402655225.7847886,124.0,0.0,100,,,,,,
pooled_erm_kshot,matr,,hust+sandia+luh,stacking,100,5,residual_mean,313.66176561684375,45.50890408145019,42.45370242917434,5.557878586735743,-0.27185427583141897,0.287053125324905,124.0,0.0,100,,,,,,
pooled_erm_kshot,matr,,hust+sandia+luh,catboost,100,5,residual_mean,325.81307704986114,49.21893105509157,43.994086258155555,5.606328309555793,-0.3541181901674917,0.3053325964629387,124.0,0.0,100,,,,,,
pooled_erm_kshot,matr,,hust+sandia+luh,xgboost,100,5,residual_mean,329.09998286490344,48.892546506048014,45.52239959146595,8.477836999393567,-0.3573577303219569,0.36711252373632974,124.0,0.0,100,,,,,,
pooled_erm_kshot,matr,,hust+sandia+luh,random_forest,100,5,residual_mean,352.5344320918086,52.74969449614677,48.743057427128115,9.299583348678262,-0.5788207969591981,0.3851627057168051,124.0,0.0,100,,,,,,
pooled_erm_kshot,matr,,hust+sandia+luh,gaussian_process,100,5,residual_mean,599.4066200694257,84.04792983665727,92.31329557834123,19.549470353153637,-3.2860374153057648,1.3521501774479388,124.0,0.0,100,,,,,,
pooled_erm_kshot,matr,,hust+sandia+luh,elastic_net,100,5,residual_mean,66761.81666564492,101828.56170976449,82.12790891186607,36.15283956322995,-13882951.006005472,26105225.06780612,124.0,0.0,100,,,,,,
pooled_erm_kshot,matr,,hust+sandia+luh,pls,100,5,residual_mean,482974.55449392163,993457.8765324459,110.34922572951,44.90705038634322,-1162353593.3504636,2402546725.937442,124.0,0.0,100,,,,,,
pooled_erm_kshot,matr,,hust+sandia+luh,random_forest,100,10,linear,295.4851267445714,41.85698408293193,38.17270273354528,5.186339983584033,-0.20715155734806084,0.33312075783688055,119.0,0.0,100,,,,,,
pooled_erm_kshot,matr,,hust+sandia+luh,stacking,100,10,linear,297.5696979643637,44.57293129712735,38.73567352042258,6.1166553667388674,-0.22017225017629577,0.3514883441737396,119.0,0.0,100,,,,,,
pooled_erm_kshot,matr,,hust+sandia+luh,gaussian_process,100,10,linear,299.7929249395578,46.69614642137244,37.988015518586685,5.627708254611344,-0.22506792846165496,0.3359161934349824,119.0,0.0,100,,,,,,
pooled_erm_kshot,matr,,hust+sandia+luh,xgboost,100,10,linear,301.439299132477,50.61270115228662,39.0928624483707,6.954213462663348,-0.23359797394957094,0.38229271949847743,119.0,0.0,100,,,,,,
pooled_erm_kshot,matr,,hust+sandia+luh,catboost,100,10,linear,300.62340464104307,36.73646652126614,38.98447827164355,4.963294099978166,-0.23919815831879615,0.35083390553427696,119.0,0.0,100,,,,,,
pooled_erm_kshot,matr,,hust+sandia+luh,elastic_net,100,10,linear,11528.901991496052,26416.075611001637,40.287685807004465,6.290602946679135,-773519.6799477768,2748333.1500025834,119.0,0.0,100,,,,,,
pooled_erm_kshot,matr,,hust+sandia+luh,pls,100,10,linear,34631.959890439095,121862.89019280329,41.07621366340397,5.308549462740253,-15223060.175302584,68264562.85620347,119.0,0.0,100,,,,,,
pooled_erm_kshot,matr,,hust+sandia+luh,catboost,100,10,none,838.6312446344958,87.15174329935364,74.39945020744403,4.1617821191692705,-5.364206852579142,1.3377281530337477,119.0,0.0,100,,,,,,
pooled_erm_kshot,matr,,hust+sandia+luh,stacking,100,10,none,863.5468014893921,63.17591651823253,75.82014035349225,3.1122953488151475,-5.639036068395546,0.9775962124157581,119.0,0.0,100,,,,,,
pooled_erm_kshot,matr,,hust+sandia+luh,xgboost,100,10,none,931.0139063365492,38.8715274268496,78.74140700683718,1.8571530437093497,-6.708087631998237,0.7556027783983054,119.0,0.0,100,,,,,,
pooled_erm_kshot,matr,,hust+sandia+luh,random_forest,100,10,none,974.8820761424658,54.91417675833835,80.67561935357861,2.3366819313370533,-7.473010232694138,1.0627679598652815,119.0,0.0,100,,,,,,
pooled_erm_kshot,matr,,hust+sandia+luh,gaussian_process,100,10,none,925.1986906383817,96.29233050200905,71.57479474266658,3.8721713127662074,-8.892152658083532,2.0769725996817976,119.0,0.0,100,,,,,,
pooled_erm_kshot,matr,,hust+sandia+luh,elastic_net,100,10,none,63954.14440248984,102291.16591176338,88.2182640416784,3.5373337226071837,-13204029.358628374,26547514.464654442,119.0,0.0,100,,,,,,
pooled_erm_kshot,matr,,hust+sandia+luh,pls,100,10,none,451289.00215535477,991086.3301516911,93.99511487395766,9.043049468730699,-1101178175.7620897,2438397396.634351,119.0,0.0,100,,,,,,
pooled_erm_kshot,matr,,hust+sandia+luh,stacking,100,10,residual_mean,301.2799064239984,31.079316994505216,41.0922075921232,4.795677845093739,-0.20156200760534645,0.1994779186069732,119.0,0.0,100,,,,,,
pooled_erm_kshot,matr,,hust+sandia+luh,catboost,100,10,residual_mean,310.7799616305378,32.5714410547829,42.557965094168736,5.740585969371124,-0.2640769858436662,0.21542145258275214,119.0,0.0,100,,,,,,
pooled_erm_kshot,matr,,hust+sandia+luh,xgboost,100,10,residual_mean,319.2484004879601,34.61955555773403,43.851699995184326,5.496231583539157,-0.29199540231091253,0.2421319849029982,119.0,0.0,100,,,,,,
pooled_erm_kshot,matr,,hust+sandia+luh,random_forest,100,10,residual_mean,339.1048780574707,38.79842888125148,47.43866002143159,8.130665233159405,-0.4801950131798758,0.2912251334045588,119.0,0.0,100,,,,,,
pooled_erm_kshot,matr,,hust+sandia+luh,gaussian_process,100,10,residual_mean,589.735019651468,76.9273673689876,86.37508833291764,11.689448251156993,-3.177262699473676,1.175714866862064,119.0,0.0,100,,,,,,
pooled_erm_kshot,matr,,hust+sandia+luh,elastic_net,100,10,residual_mean,63186.683403984054,102335.53112730947,80.4379566146332,39.31041072686094,-13201328.60753674,26542120.32891762,119.0,0.0,100,,,,,,
pooled_erm_kshot,matr,,hust+sandia+luh,pls,100,10,residual_mean,450389.17741865816,991109.3635397677,107.94021614078018,43.83961205949991,-1101130071.693393,2438290933.0491495,119.0,0.0,100,,,,,,
pooled_erm_kshot,matr,,hust+sandia+luh,xgboost,100,15,linear,281.36312135168197,27.325433126332104,36.28507127092927,3.2369003286832063,-0.06658527148844666,0.17641144142992848,114.0,0.0,100,,,,,,
pooled_erm_kshot,matr,,hust+sandia+luh,gaussian_process,100,15,linear,287.67863551687606,24.38677432149002,36.67659380624819,2.8136649924495836,-0.11064590903845808,0.15285324897986435,114.0,0.0,100,,,,,,
pooled_erm_kshot,matr,,hust+sandia+luh,stacking,100,15,linear,287.6524111136183,30.1275188891403,37.52788171141781,3.987822979116469,-0.12272799402849204,0.2220365555053608,114.0,0.0,100,,,,,,
pooled_erm_kshot,matr,,hust+sandia+luh,random_forest,100,15,linear,290.18923614110605,32.175096368224246,37.597682303340214,4.243362408461,-0.15179453782214117,0.27784500952498226,114.0,0.0,100,,,,,,
pooled_erm_kshot,matr,,hust+sandia+luh,catboost,100,15,linear,297.6129208041427,32.15932235058386,38.849733207111896,4.905296689290461,-0.19715983313057442,0.28001494333641547,114.0,0.0,100,,,,,,
pooled_erm_kshot,matr,,hust+sandia+luh,elastic_net,100,15,linear,11267.729450922083,28584.11136486538,37.84103095754304,3.4022182726294554,-824900.601476351,2888805.247908692,114.0,0.0,100,,,,,,
pooled_erm_kshot,matr,,hust+sandia+luh,pls,100,15,linear,29972.756295359297,126203.9260596793,39.2419356482076,3.7331419095263745,-14567445.547966324,75221948.46983102,114.0,0.0,100,,,,,,
pooled_erm_kshot,matr,,hust+sandia+luh,catboost,100,15,none,841.4999662214519,89.39002431339351,74.6498620105246,4.313645395624669,-5.558696529075865,1.5774020004841633,114.0,0.0,100,,,,,,
pooled_erm_kshot,matr,,hust+sandia+luh,stacking,100,15,none,866.0931594335734,65.46413589080377,76.06179304132425,3.2978754010826092,-5.8191042926121375,1.1713632403192933,114.0,0.0,100,,,,,,
pooled_erm_kshot,matr,,hust+sandia+luh,xgboost,100,15,none,933.2968048641555,40.03758534252739,78.97542166003092,1.9696478427838988,-6.89256978267647,0.8864448740480493,114.0,0.0,100,,,,,,
pooled_erm_kshot,matr,,hust+sandia+luh,random_forest,100,15,none,977.5865689952618,56.126956186138266,80.92633934170622,2.459369536026793,-7.703130032939374,1.3459684561201672,114.0,0.0,100,,,,,,
pooled_erm_kshot,matr,,hust+sandia+luh,gaussian_process,100,15,none,928.7750361225239,96.8711979721004,71.84770121312208,4.003287463724083,-9.2002187244703,2.3606994214157084,114.0,0.0,100,,,,,,
pooled_erm_kshot,matr,,hust+sandia+luh,elastic_net,100,15,none,64510.51113595099,104322.86998290817,88.26580227761043,3.8152416114406216,-13264681.459703933,27251601.197964013,114.0,0.0,100,,,,,,
pooled_erm_kshot,matr,,hust+sandia+luh,pls,100,15,none,443360.81461056526,1009649.6205898437,94.05441581300805,9.115923727714435,-1091784964.49333,2505402145.3834333,114.0,0.0,100,,,,,,
pooled_erm_kshot,matr,,hust+sandia+luh,stacking,100,15,residual_mean,298.39465616167644,24.014312437590586,39.8784560428775,2.9582280163416037,-0.1706700817108295,0.14725374978741043,114.0,0.0,100,,,,,,
pooled_erm_kshot,matr,,hust+sandia+luh,catboost,100,15,residual_mean,308.5559317221165,27.292092925674464,41.40308737542961,3.8601439997541895,-0.23657812973889886,0.18281065588182402,114.0,0.0,100,,,,,,
pooled_erm_kshot,matr,,hust+sandia+luh,xgboost,100,15,residual_mean,313.8546548712349,25.779571712342992,42.4090660745278,4.012245162828662,-0.25082105752961964,0.16663894228969015,114.0,0.0,100,,,,,,
pooled_erm_kshot,matr,,hust+sandia+luh,random_forest,100,15,residual_mean,330.14974724115075,28.565316547248994,44.72453287122252,4.882516272897896,-0.44498546007550593,0.2507913615904207,114.0,0.0,100,,,,,,
pooled_erm_kshot,matr,,hust+sandia+luh,gaussian_process,100,15,residual_mean,593.4241356345832,69.73503382108525,84.71356569357111,10.110103007102067,-3.3192140009466375,1.19625610714208,114.0,0.0,100,,,,,,
pooled_erm_kshot,matr,,hust+sandia+luh,elastic_net,100,15,residual_mean,63738.02511018663,104360.57290645938,88.86120696882367,48.225094684268385,-13261454.85480586,27245727.881414317,114.0,0.0,100,,,,,,
pooled_erm_kshot,matr,,hust+sandia+luh,pls,100,15,residual_mean,442386.7828636012,1009672.5536414989,122.96357747634374,50.6751279961784,-1091738415.6226761,2505297488.7784276,114.0,0.0,100,,,,,,
pooled_erm_kshot,matr,,hust+sandia+luh,xgboost,100,20,linear,274.71648237643166,18.347222683438574,35.61899477555578,2.422747264812443,-0.002556859710810445,0.09896011420461565,109.0,0.0,100,,,,,,
pooled_erm_kshot,matr,,hust+sandia+luh,stacking,100,20,linear,277.78097857878646,20.794936350440526,36.09366009161117,2.6318279040356107,-0.03584150099680925,0.11625999070157084,109.0,0.0,100,,,,,,
pooled_erm_kshot,matr,,hust+sandia+luh,random_forest,100,20,linear,277.5599764384316,19.75177001434412,35.877510387827385,2.5589244373908557,-0.04118022735813206,0.11420251515089962,109.0,0.0,100,,,,,,
pooled_erm_kshot,matr,,hust+sandia+luh,gaussian_process,100,20,linear,284.3097183467514,18.843496895046695,36.474779295992015,2.435197528764795,-0.06973754101720506,0.12253649142947087,109.0,0.0,100,,,,,,
pooled_erm_kshot,matr,,hust+sandia+luh,catboost,100,20,linear,284.38564057529663,20.245644184676323,36.80041301244511,2.487241980178318,-0.07313000331342516,0.13692492177525517,109.0,0.0,100,,,,,,
pooled_erm_kshot,matr,,hust+sandia+luh,elastic_net,100,20,linear,11861.868066193902,26855.606411179302,37.66468585362214,3.418536032661735,-725273.649049972,2444797.926193031,109.0,0.0,100,,,,,,
pooled_erm_kshot,matr,,hust+sandia+luh,pls,100,20,linear,25905.17799978619,92281.00884128734,38.801577794551264,3.963795830789193,-8065703.594239678,36971654.9773272,109.0,0.0,100,,,,,,
pooled_erm_kshot,matr,,hust+sandia+luh,catboost,100,20,none,841.9514282540197,87.5822876789815,74.75410211798257,4.131025090804557,-5.430847120502273,1.4099608674679884,109.0,0.0,100,,,,,,
pooled_erm_kshot,matr,,hust+sandia+luh,stacking,100,20,none,866.6812950194194,63.48411060277436,76.1730634273093,3.043513039386022,-5.69374232198985,1.0194010005975864,109.0,0.0,100,,,,,,
pooled_erm_kshot,matr,,hust+sandia+luh,xgboost,100,20,none,934.3281301256445,40.95318802525493,79.10023104362529,2.125480701945373,-6.784341947235606,0.9321424948078617,109.0,0.0,100,,,,,,
pooled_erm_kshot,matr,,hust+sandia+luh,random_forest,100,20,none,977.4663707544482,55.194644852804004,80.9950464802003,2.314564561286804,-7.530239344240597,1.166118771808164,109.0,0.0,100,,,,,,
pooled_erm_kshot,matr,,hust+sandia+luh,gaussian_process,100,20,none,927.6811351565696,97.89681300018441,71.87207463373605,3.952461305962111,-8.976685579572388,2.256819574854228,109.0,0.0,100,,,,,,
pooled_erm_kshot,matr,,hust+sandia+luh,elastic_net,100,20,none,67932.10949401159,112103.46558692066,88.48319709921762,3.467075721777699,-14187995.914477987,28785954.689309247,109.0,0.0,100,,,,,,
pooled_erm_kshot,matr,,hust+sandia+luh,pls,100,20,none,492391.3842552057,1082019.421825552,94.46384141129464,8.821328750222321,-1192584647.411297,2639915224.67674,109.0,0.0,100,,,,,,
pooled_erm_kshot,matr,,hust+sandia+luh,stacking,100,20,residual_mean,295.66407214983235,21.738812684989767,39.42929140562035,3.002307329929848,-0.129762796467178,0.11619782255882558,109.0,0.0,100,,,,,,
pooled_erm_kshot,matr,,hust+sandia+luh,catboost,100,20,residual_mean,305.8210360808955,24.000722126097973,41.00656315342454,3.832753907944558,-0.19663287328004025,0.14073866267935795,109.0,0.0,100,,,,,,
pooled_erm_kshot,matr,,hust+sandia+luh,xgboost,100,20,residual_mean,312.7154696276522,24.147170941224207,41.87744079308773,3.5597276345188233,-0.2107975996546304,0.15366749682470424,109.0,0.0,100,,,,,,
pooled_erm_kshot,matr,,hust+sandia+luh,random_forest,100,20,residual_mean,326.53556092606965,25.929810210975777,44.10440441915477,4.1108048986338375,-0.3870468740375256,0.1858280671423031,109.0,0.0,100,,,,,,
pooled_erm_kshot,matr,,hust+sandia+luh,gaussian_process,100,20,residual_mean,583.3070127828415,68.09970163065064,84.8481552352169,9.270639131907698,-3.071675183763578,1.0064835081044756,109.0,0.0,100,,,,,,
pooled_erm_kshot,matr,,hust+sandia+luh,elastic_net,100,20,residual_mean,67157.39542711672,112141.86365371711,89.38653846714442,49.68997077153311,-14185877.716615696,28782656.261687774,109.0,0.0,100,,,,,,
pooled_erm_kshot,matr,,hust+sandia+luh,pls,100,20,residual_mean,491468.5377924451,1082042.180893952,127.64234730967085,50.535441668594075,-1192548214.1155164,2639839182.2345276,109.0,0.0,100,,,,,,
source_expert_convex,matr,,hust+sandia+luh,source_primary_experts,100,5,linear,401.45935266100014,460.06535084297843,46.476614318784776,12.354211176956163,-15.476280701146855,131.56007027853516,124.0,0.0,100,,,,0.20800000000000002,0.088,0.7040000000000001
source_expert_convex,matr,,hust+sandia+luh,source_primary_experts,100,5,none,302.01127148610345,49.95524106416908,38.31079301143881,4.9534786594682965,-0.2054314987731494,0.3559249557295049,124.0,0.0,100,,,,0.20800000000000002,0.088,0.7040000000000001
source_expert_convex,matr,,hust+sandia+luh,source_primary_experts,100,5,residual_mean,299.59226961536643,46.14442579644286,38.11082318134208,4.6231222444487425,-0.19633286233222047,0.332447594481844,124.0,0.0,100,,,,0.20800000000000002,0.088,0.7040000000000001
source_expert_convex,matr,,hust+sandia+luh,source_primary_experts,100,10,linear,335.0796628028688,387.07537252728264,40.55047519792349,8.162904343242495,-10.046893012598025,97.88680436663373,119.0,0.0,100,,,,0.20800000000000002,0.0815,0.7104999999999998
source_expert_convex,matr,,hust+sandia+luh,source_primary_experts,100,10,none,285.36303843840864,20.75652011554893,36.65959974436083,2.423007597433063,-0.0793150269845151,0.13350906413975056,119.0,0.0,100,,,,0.20800000000000002,0.0815,0.7104999999999998
source_expert_convex,matr,,hust+sandia+luh,source_primary_experts,100,10,residual_mean,284.0806511356589,20.53258490768213,36.55140678048704,2.459962441685415,-0.08151663537036105,0.13850648131265011,119.0,0.0,100,,,,0.20800000000000002,0.0815,0.7104999999999998
source_expert_convex,matr,,hust+sandia+luh,source_primary_experts,100,15,linear,286.8977646828694,31.93266202475678,38.74382452341965,7.0605462152421,-0.12056464003072515,0.40491672627894265,114.0,0.0,100,,,,0.265,0.0585,0.6764999999999999
source_expert_convex,matr,,hust+sandia+luh,source_primary_experts,100,15,none,282.25203245346887,21.701813100042063,36.371510990217615,2.552267039014153,-0.054414705666194704,0.13461769065514897,114.0,0.0,100,,,,0.265,0.0585,0.6764999999999999
source_expert_convex,matr,,hust+sandia+luh,source_primary_experts,100,15,residual_mean,280.0274981449795,19.984544977969367,36.15173420219755,2.413540758501945,-0.0474283477836872,0.12725287647872613,114.0,0.0,100,,,,0.265,0.0585,0.6764999999999999
source_expert_convex,matr,,hust+sandia+luh,source_primary_experts,100,20,linear,281.16015771254706,22.865804753749256,37.294715161448366,3.240766589800647,-0.03682516804882207,0.15125019421125607,109.0,0.0,100,,,,0.24850000000000005,0.061500000000000006,0.69
source_expert_convex,matr,,hust+sandia+luh,source_primary_experts,100,20,none,279.13968052731565,19.24240154418369,36.038749829619285,2.1533847856151653,-0.02200157661877901,0.12546610062153984,109.0,0.0,100,,,,0.24850000000000005,0.061500000000000006,0.69
source_expert_convex,matr,,hust+sandia+luh,source_primary_experts,100,20,residual_mean,278.130548147493,20.089021543236658,35.93566052446275,2.18390041272298,-0.020766839939214066,0.13316964304562393,109.0,0.0,100,,,,0.24850000000000005,0.061500000000000006,0.69
source_expert_select,matr,,hust+sandia+luh,source_primary_experts,100,5,linear,1826.336992000105,9875.085600972561,40.64081832752933,6.618724754812941,-46642.36128164475,342967.58590420545,124.0,0.0,100,luh,,,0.05,0.02,0.93
source_expert_select,matr,,hust+sandia+luh,source_primary_experts,100,5,none,421.90072365920105,115.29558871209032,57.907653964967125,4.84434904903754,-1.4242158120933601,1.2833544036761586,124.0,0.0,100,luh,,,0.05,0.02,0.93
source_expert_select,matr,,hust+sandia+luh,source_primary_experts,100,5,residual_mean,304.2825666456669,51.2073749198703,38.860424615103625,4.81892006917525,-0.24873023184160906,0.49620573492929465,124.0,0.0,100,luh,,,0.05,0.02,0.93
source_expert_select,matr,,hust+sandia+luh,source_primary_experts,100,10,linear,3671.8865518315115,22593.26478709261,39.174175836721254,4.654125582336115,-259193.44391822253,1919581.2703967085,119.0,0.0,100,luh,,,0.0,0.01,0.99
source_expert_select,matr,,hust+sandia+luh,source_primary_experts,100,10,none,396.1762316609263,52.80432185116462,56.887835220311835,2.3400201882752456,-1.1603607165798528,0.698778250263132,119.0,0.0,100,luh,,,0.0,0.01,0.99
source_expert_select,matr,,hust+sandia+luh,source_primary_experts,100,10,residual_mean,290.1700920681422,28.15205435126491,37.32889726974279,2.798804650489502,-0.13629380069191646,0.3061722374976548,119.0,0.0,100,luh,,,0.0,0.01,0.99
source_expert_select,matr,,hust+sandia+luh,source_primary_experts,100,15,linear,5809.228109049432,27848.055748315837,39.98163937533064,5.15065502162282,-386208.56850381463,2087740.1917980802,114.0,0.0,100,luh,,,0.01,0.0,0.99
source_expert_select,matr,,hust+sandia+luh,source_primary_experts,100,15,none,392.35804040347864,44.89963834006813,56.67827862666406,2.50029219351729,-1.1386924286018725,0.4671928132614436,114.0,0.0,100,luh,,,0.01,0.0,0.99
source_expert_select,matr,,hust+sandia+luh,source_primary_experts,100,15,residual_mean,286.0864079003519,18.749333878382117,36.93941274613135,2.264593903710422,-0.08606113802075237,0.11895670681207786,114.0,0.0,100,luh,,,0.01,0.0,0.99
source_expert_select,matr,,hust+sandia+luh,source_primary_experts,100,20,linear,7366.9148076084875,31019.25428279859,38.98849201987807,4.014369620524256,-482372.4215088252,2363586.6556138396,109.0,0.0,100,luh,,,0.0,0.0,1.0
source_expert_select,matr,,hust+sandia+luh,source_primary_experts,100,20,none,388.3199936939447,12.732011201375485,56.38318353723329,1.5459901588101568,-1.07462239482831,0.06841263503138838,109.0,0.0,100,luh,,,0.0,0.0,1.0
source_expert_select,matr,,hust+sandia+luh,source_primary_experts,100,20,residual_mean,283.60590182220875,13.95548157232125,36.659504258512385,1.760006216644209,-0.05486217163359269,0.07751726393877377,109.0,0.0,100,luh,,,0.0,0.0,1.0
source_expert_single,matr,luh,luh,gaussian_process,100,0,none,389.0667021914775,4.334723195517701,56.48369371576043,0.9556671811963113,-1.075523000424735,0.02751464820413777,129.0,0.0,5,,,,,,
source_expert_single,matr,hust,hust,random_forest,100,0,none,795.3060056515611,16.090848898748224,73.45774713299895,0.8880417555259903,-4.554559712130965,0.20373349409512523,129.0,0.0,5,,,,,,
source_expert_single,matr,sandia,sandia,xgboost,100,0,none,1222.5013107337697,419.79119269088886,87.38437055528944,14.221171199292458,-13.922386037790863,9.730160368761123,129.0,0.0,5,,,,,,
source_expert_uniform,matr,,hust+sandia+luh,source_primary_experts,100,0,none,597.5604086543474,115.64208004308026,61.09289361156959,6.947805547689746,-2.405437585055169,1.264470661348898,129.0,0.0,5,,,,0.3333333333333333,0.3333333333333333,0.3333333333333333
source_model_select,matr,,hust+sandia+luh,source_model_experts,100,5,linear,350479.07855394925,2065094.102134834,43.58164243592818,10.749957944965782,-2302094124.693651,15213696200.909203,124.0,0.0,100,luh,gaussian_process,,0.03,0.28,0.69
source_model_select,matr,,hust+sandia+luh,source_model_experts,100,5,none,484238.6814705934,2751529.240087908,46.1065763816468,10.713526288569494,-4028063242.7573676,22916980067.34571,124.0,0.0,100,luh,gaussian_process,,0.03,0.28,0.69
source_model_select,matr,,hust+sandia+luh,source_model_experts,100,5,residual_mean,484195.26015023334,2751503.2759699067,40.38541865281706,8.723144855059175,-4028061236.12541,22916968722.48306,124.0,0.0,100,luh,gaussian_process,,0.03,0.28,0.69
source_model_select,matr,,hust+sandia+luh,source_model_experts,100,10,linear,306.5059287280004,49.31956476518849,39.20617785508257,5.487931771177531,-0.6273723489092493,3.086018213453209,119.0,0.0,100,luh,gaussian_process,,0.0,0.31,0.69
source_model_select,matr,,hust+sandia+luh,source_model_experts,100,10,none,337.61148524622183,57.359063237533256,43.906297242897566,8.433649447562187,-0.5255061826648795,0.7468870577125772,119.0,0.0,100,luh,gaussian_process,,0.0,0.31,0.69
source_model_select,matr,,hust+sandia+luh,source_model_experts,100,10,residual_mean,298.63212231653216,37.15143218826383,37.8871299202245,3.6097550182439346,-0.25785190055960006,0.6665035794894758,119.0,0.0,100,luh,gaussian_process,,0.0,0.31,0.69
source_model_select,matr,,hust+sandia+luh,source_model_experts,100,15,linear,302.96827766781655,50.11837549357451,38.583889728960095,4.81670789197927,-0.3019624119944554,0.6356038924879024,114.0,0.0,100,luh,catboost,,0.0,0.32,0.68
source_model_select,matr,,hust+sandia+luh,source_model_experts,100,15,none,324.395710345622,50.01553062742995,42.03489059451385,7.267636599703454,-0.4007139195439177,0.4252443836908031,114.0,0.0,100,luh,catboost,,0.0,0.32,0.68
source_model_select,matr,,hust+sandia+luh,source_model_experts,100,15,residual_mean,294.9245295216793,33.31872577523912,37.512847356936305,3.374700217362421,-0.190652322735361,0.2716123338622202,114.0,0.0,100,luh,catboost,,0.0,0.32,0.68
source_model_select,matr,,hust+sandia+luh,source_model_experts,100,20,linear,288.54727713262037,21.541119212101513,37.252079150385974,2.388663242986724,-0.12809750932361638,0.17999188041029782,109.0,0.0,100,luh,catboost,,0.0,0.28,0.72
source_model_select,matr,,hust+sandia+luh,source_model_experts,100,20,none,318.4291938332253,43.61814138054638,40.81290904675823,5.848942661647314,-0.3057225253446625,0.3264836802959868,109.0,0.0,100,luh,catboost,,0.0,0.28,0.72
source_model_select,matr,,hust+sandia+luh,source_model_experts,100,20,residual_mean,287.87736523961235,26.897845456588673,36.73089483715427,2.928109234118068,-0.12525354787485654,0.18437500257758116,109.0,0.0,100,luh,catboost,,0.0,0.28,0.72
pooled_erm,sandia,,matr+hust+luh,gaussian_process,100,0,none,469.28749829086166,41.73382634399255,70.3555264451957,2.751528502464931,0.6307943066816785,0.07053682588020477,50.0,0.0,5,,,,,,
pooled_erm,sandia,,matr+hust+luh,xgboost,100,0,none,369.84275204639584,32.631632684333745,44.44465876681398,7.27073426513072,0.6083874449276001,0.029938017857414317,50.0,0.0,5,,,,,,
pooled_erm,sandia,,matr+hust+luh,stacking,100,0,none,392.36300884619084,18.09004708480456,50.68005976605495,7.137600623676301,0.5993432217256173,0.0340712792025311,50.0,0.0,5,,,,,,
pooled_erm,sandia,,matr+hust+luh,random_forest,100,0,none,381.5108115834644,31.20488821690074,44.12681862680934,6.612144368720113,0.574097978404218,0.03408506632935407,50.0,0.0,5,,,,,,
pooled_erm,sandia,,matr+hust+luh,catboost,100,0,none,448.8821542669496,14.546219351135546,58.48970771854382,4.801581687981669,0.5005259903648541,0.05836190988472161,50.0,0.0,5,,,,,,
pooled_erm,sandia,,matr+hust+luh,elastic_net,100,0,none,601.4610849524335,23.84996512572546,73.41936051895621,1.2547001750766844,0.07428805263707447,0.06201527470584552,50.0,0.0,5,,,,,,
pooled_erm,sandia,,matr+hust+luh,pls,100,0,none,87996.8505396295,174642.54171675217,85.48493913298282,6.700767265193909,-1623284.9888040079,3246568.946656994,50.0,0.0,5,,,,,,
pooled_erm_kshot,sandia,,matr+hust+luh,random_forest,100,5,linear,412.4552511390724,133.7283476241841,71.99326159074408,26.134701631700615,0.509536359962577,0.39848118509533864,45.0,0.0,100,,,,,,
pooled_erm_kshot,sandia,,matr+hust+luh,catboost,100,5,linear,406.85706314517114,141.6411384825673,72.79189601822272,24.86991546110796,0.5069468726217793,0.4215124839954312,45.0,0.0,100,,,,,,
pooled_erm_kshot,sandia,,matr+hust+luh,stacking,100,5,linear,403.35876380943955,151.77956641215954,69.45925220497574,23.66886357166462,0.502173518526196,0.44629046777368364,45.0,0.0,100,,,,,,
pooled_erm_kshot,sandia,,matr+hust+luh,xgboost,100,5,linear,435.07753775782055,153.0142201050011,74.01378387579528,24.63814815156283,0.4501612589058163,0.4627815662076076,45.0,0.0,100,,,,,,
pooled_erm_kshot,sandia,,matr+hust+luh,gaussian_process,100,5,linear,576.9290167708963,235.0864257687664,80.356677903227,22.911137552139312,-0.05732422451159097,1.5558587291330641,45.0,0.0,100,,,,,,
pooled_erm_kshot,sandia,,matr+hust+luh,elastic_net,100,5,linear,771.4944408726313,224.05926817432024,89.87763086657495,26.4802178333509,-0.9428597373800297,1.263734203326545,45.0,0.0,100,,,,,,
pooled_erm_kshot,sandia,,matr+hust+luh,pls,100,5,linear,56492.831137018446,229662.41603662173,89.66981162868412,26.131499357971908,-2241344.835874024,11921538.88898945,45.0,0.0,100,,,,,,
pooled_erm_kshot,sandia,,matr+hust+luh,gaussian_process,100,5,none,470.2713371402119,47.25528353986183,70.2310076124333,3.311298654166027,0.6296216591241043,0.07848799866317045,45.0,0.0,100,,,,,,
pooled_erm_kshot,sandia,,matr+hust+luh,xgboost,100,5,none,371.6045804226458,44.000227248692894,44.39261595557484,7.609244389004242,0.6079054178712265,0.032490491793833974,45.0,0.0,100,,,,,,
pooled_erm_kshot,sandia,,matr+hust+luh,stacking,100,5,none,394.3031942303601,30.91739415483271,50.63767608626341,7.375612891533242,0.5984500255352314,0.03819555036881991,45.0,0.0,100,,,,,,
pooled_erm_kshot,sandia,,matr+hust+luh,random_forest,100,5,none,383.7582376731859,44.67587911511881,44.167396163579085,6.991653323631815,0.5733452859953038,0.03742140950511738,45.0,0.0,100,,,,,,
pooled_erm_kshot,sandia,,matr+hust+luh,catboost,100,5,none,450.93410865755715,33.737634307692616,58.366477159375314,5.062403539157949,0.49981197973831193,0.06145087255458985,45.0,0.0,100,,,,,,
pooled_erm_kshot,sandia,,matr+hust+luh,elastic_net,100,5,none,602.000096228358,49.73878933288131,73.17763954853078,3.0037606336913423,0.07694647743853444,0.0939880863333298,45.0,0.0,100,,,,,,
pooled_erm_kshot,sandia,,matr+hust+luh,pls,100,5,none,83153.67962947,182160.4131277994,85.26848308337796,7.331191616682767,-1599765.5161898015,3550043.9823694704,45.0,0.0,100,,,,,,
pooled_erm_kshot,sandia,,matr+hust+luh,gaussian_process,100,5,residual_mean,436.07150509930113,119.90245770106483,81.09235008775936,22.71929111465732,0.6084281180064726,0.13977903732720606,45.0,0.0,100,,,,,,
pooled_erm_kshot,sandia,,matr+hust+luh,xgboost,100,5,residual_mean,512.3830153892121,131.42203392263173,75.9653024733249,21.71297483831942,0.5523749460979341,0.13231903150620078,45.0,0.0,100,,,,,,
pooled_erm_kshot,sandia,,matr+hust+luh,stacking,100,5,residual_mean,522.1970686154659,133.45369453044646,74.5309168842665,22.800730978357727,0.5336671509307575,0.11575977782561508,45.0,0.0,100,,,,,,
pooled_erm_kshot,sandia,,matr+hust+luh,random_forest,100,5,residual_mean,530.1523842012485,134.2629534316948,75.84091161724649,22.25274166534714,0.5225063443218888,0.12385361634139824,45.0,0.0,100,,,,,,
pooled_erm_kshot,sandia,,matr+hust+luh,catboost,100,5,residual_mean,586.0866887797175,148.58565189247332,79.00996349280562,23.949478197040865,0.41497845971980846,0.14738322364066403,45.0,0.0,100,,,,,,
pooled_erm_kshot,sandia,,matr+hust+luh,elastic_net,100,5,residual_mean,746.7862152958879,148.2000765849895,99.72436259461833,30.137575137973858,-0.021909461536118995,0.2031016322237726,45.0,0.0,100,,,,,,
pooled_erm_kshot,sandia,,matr+hust+luh,pls,100,5,residual_mean,83226.6620457152,182152.0599855981,110.74851751262511,43.27206650861248,-1599633.2798788396,3549777.265427238,45.0,0.0,100,,,,,,
pooled_erm_kshot,sandia,,matr+hust+luh,catboost,100,10,linear,334.410959833688,116.08004900372865,71.74624613103043,16.460012171392528,0.7234257171547561,0.283285518933315,40.0,0.0,100,,,,,,
pooled_erm_kshot,sandia,,matr+hust+luh,stacking,100,10,linear,327.18733308794305,133.83531230999813,68.2491092303172,17.043961724128852,0.7230444675684368,0.3254256525816692,40.0,0.0,100,,,,,,
pooled_erm_kshot,sandia,,matr+hust+luh,random_forest,100,10,linear,351.9536281924245,128.9235531708617,75.20994160201069,18.71317497984567,0.700202494744465,0.31637645711702317,40.0,0.0,100,,,,,,
pooled_erm_kshot,sandia,,matr+hust+luh,xgboost,100,10,linear,357.15945685687007,137.525486934347,75.09923829117659,18.249923462447956,0.6862538005538478,0.3470224355821022,40.0,0.0,100,,,,,,
pooled_erm_kshot,sandia,,matr+hust+luh,gaussian_process,100,10,linear,466.87237467616666,117.39231262689462,72.51329743189036,15.838740765862342,0.43899113182173766,0.33558909833106676,40.0,0.0,100,,,,,,
pooled_erm_kshot,sandia,,matr+hust+luh,elastic_net,100,10,linear,759.3862649186907,135.58616324434172,87.4458103754789,18.869339533360176,-1.194368767957633,1.6954165892053765,40.0,0.0,100,,,,,,
pooled_erm_kshot,sandia,,matr+hust+luh,pls,100,10,linear,54476.93931590311,201703.39994875336,86.67240741112833,18.14721892143411,-1536856.8390751663,9420549.715614794,40.0,0.0,100,,,,,,
pooled_erm_kshot,sandia,,matr+hust+luh,gaussian_process,100,10,none,469.4210005429424,51.154521934439856,70.98377845636092,4.586694965454795,0.6211869586467411,0.10665418707303569,40.0,0.0,100,,,,,,
pooled_erm_kshot,sandia,,matr+hust+luh,xgboost,100,10,none,368.5734269186394,57.05117900601343,44.57691948367668,7.704212722491246,0.6068195165576077,0.03715181490492333,40.0,0.0,100,,,,,,
pooled_erm_kshot,sandia,,matr+hust+luh,stacking,100,10,none,391.243955688243,51.18013074801689,50.93424488899284,7.6100892519540775,0.5982537477538329,0.03861336992945204,40.0,0.0,100,,,,,,
pooled_erm_kshot,sandia,,matr+hust+luh,random_forest,100,10,none,380.77475288229385,59.91588663791425,44.41629466654707,7.1901636770893695,0.5724774443073759,0.040935412060753434,40.0,0.0,100,,,,,,
pooled_erm_kshot,sandia,,matr+hust+luh,catboost,100,10,none,447.2698455449532,47.65467328825218,58.730564662136786,5.64207944299068,0.49944008254221894,0.061450150112619194,40.0,0.0,100,,,,,,
pooled_erm_kshot,sandia,,matr+hust+luh,elastic_net,100,10,none,600.0127449986878,68.57594168652577,73.86962396499848,3.4772851737141632,0.05747491573804482,0.11445897024214155,40.0,0.0,100,,,,,,
pooled_erm_kshot,sandia,,matr+hust+luh,pls,100,10,none,98891.51391368434,209567.71482562812,85.76249554752494,7.273220498279102,-1834295.8799646175,3939837.6412656177,40.0,0.0,100,,,,,,
pooled_erm_kshot,sandia,,matr+hust+luh,gaussian_process,100,10,residual_mean,412.827844677857,71.04197047852203,77.89652654688797,18.386756813017627,0.6208261852414703,0.11069748946892821,40.0,0.0,100,,,,,,
pooled_erm_kshot,sandia,,matr+hust+luh,xgboost,100,10,residual_mean,509.59231306007297,99.89004681385148,75.34674525069926,19.143178748099455,0.5676897729559944,0.12713959226326,40.0,0.0,100,,,,,,
pooled_erm_kshot,sandia,,matr+hust+luh,stacking,100,10,residual_mean,524.6205464902221,102.70928673182404,75.91042769493689,20.527171272348962,0.5487932730186065,0.13280626540594176,40.0,0.0,100,,,,,,
pooled_erm_kshot,sandia,,matr+hust+luh,random_forest,100,10,residual_mean,531.6854823634383,99.68188229164917,76.8955675210264,19.507505291890684,0.5358462535252216,0.1300885631481121,40.0,0.0,100,,,,,,
pooled_erm_kshot,sandia,,matr+hust+luh,catboost,100,10,residual_mean,590.586242313904,120.64234134878797,80.86848742979792,21.899781190061912,0.43348292258609744,0.17262734320745096,40.0,0.0,100,,,,,,
pooled_erm_kshot,sandia,,matr+hust+luh,elastic_net,100,10,residual_mean,757.0244434437291,140.51392294278696,96.00676984886955,24.106703296109202,-0.045483272191744965,0.32140804633255027,40.0,0.0,100,,,,,,
pooled_erm_kshot,sandia,,matr+hust+luh,pls,100,10,residual_mean,98994.24282370713,209537.61706566563,109.36788461195759,37.74223539799258,-1834143.6626078207,3939529.669466208,40.0,0.0,100,,,,,,
pooled_erm_kshot,sandia,,matr+hust+luh,stacking,100,15,linear,297.2907871354486,92.4471335848367,69.40264563946228,18.750138334278653,0.8080517088245476,0.167042271987178,35.0,0.0,100,,,,,,
pooled_erm_kshot,sandia,,matr+hust+luh,catboost,100,15,linear,310.8009154789087,88.50834275661535,73.00742436648346,14.986576867280304,0.7930227019352597,0.16934140577289933,35.0,0.0,100,,,,,,
pooled_erm_kshot,sandia,,matr+hust+luh,random_forest,100,15,linear,326.84631399379026,95.9857465910286,76.558206306277,18.428863099360015,0.7785583415471727,0.1718452455326059,35.0,0.0,100,,,,,,
pooled_erm_kshot,sandia,,matr+hust+luh,xgboost,100,15,linear,331.17128533980207,95.1194103437391,78.27810785481674,18.97033696237929,0.7752930883139193,0.1699182085025832,35.0,0.0,100,,,,,,
pooled_erm_kshot,sandia,,matr+hust+luh,gaussian_process,100,15,linear,427.50433765369485,93.48754362022252,68.90728566203948,13.613894282385228,0.5425586795602086,0.2206118407645151,35.0,0.0,100,,,,,,
pooled_erm_kshot,sandia,,matr+hust+luh,elastic_net,100,15,linear,747.6491348994718,87.19027210004425,88.82485813341393,18.796769148692768,-0.8075584523232545,1.2108063582478386,35.0,0.0,100,,,,,,
pooled_erm_kshot,sandia,,matr+hust+luh,pls,100,15,linear,16830.203559508194,101948.28905061113,88.53738029855057,20.376499291290024,-338456.2941807679,2390536.8231700193,35.0,0.0,100,,,,,,
pooled_erm_kshot,sandia,,matr+hust+luh,gaussian_process,100,15,none,467.9368678091931,59.4487382982174,70.26488411020681,4.214354995809769,0.6346876674903612,0.10148977876462636,35.0,0.0,100,,,,,,
pooled_erm_kshot,sandia,,matr+hust+luh,xgboost,100,15,none,373.2891322183431,71.77583654801604,44.56197882041635,8.4077638458696,0.6092649113649248,0.04545154260830405,35.0,0.0,100,,,,,,
pooled_erm_kshot,sandia,,matr+hust+luh,stacking,100,15,none,396.17429717794187,60.53160288390271,50.70964837103828,7.566173576414847,0.6000807435892421,0.04282783284440618,35.0,0.0,100,,,,,,
pooled_erm_kshot,sandia,,matr+hust+luh,random_forest,100,15,none,384.22921690541295,71.56432704498594,44.112226620881444,7.484146813473928,0.577245079415699,0.04727844654220812,35.0,0.0,100,,,,,,
pooled_erm_kshot,sandia,,matr+hust+luh,catboost,100,15,none,453.8721224607123,66.89664806251817,58.470964340854046,5.5996697286874335,0.5001477187723052,0.07191903540902837,35.0,0.0,100,,,,,,
pooled_erm_kshot,sandia,,matr+hust+luh,elastic_net,100,15,none,609.360308636586,80.6684519143225,73.50766731550348,4.348577770757063,0.051933918947386734,0.1511873817431776,35.0,0.0,100,,,,,,
pooled_erm_kshot,sandia,,matr+hust+luh,pls,100,15,none,69315.7399234342,194891.64553871678,85.56548806537849,8.229495772382652,-1294833.9557785473,3757132.5611037444,35.0,0.0,100,,,,,,
pooled_erm_kshot,sandia,,matr+hust+luh,gaussian_process,100,15,residual_mean,401.20598674517163,50.33622275173864,72.98612607230581,13.47706640342548,0.6459388811521096,0.09478011216273353,35.0,0.0,100,,,,,,
pooled_erm_kshot,sandia,,matr+hust+luh,xgboost,100,15,residual_mean,485.5948842075257,56.70214283170967,70.65320348024342,15.656796502583562,0.5975972996550396,0.08139441720847296,35.0,0.0,100,,,,,,
pooled_erm_kshot,sandia,,matr+hust+luh,stacking,100,15,residual_mean,498.72943745804,55.18722368060312,71.92421093191132,16.750818595187813,0.579743317903356,0.08115674290906129,35.0,0.0,100,,,,,,
pooled_erm_kshot,sandia,,matr+hust+luh,random_forest,100,15,residual_mean,505.9642683116999,58.20840005945082,72.45540442158557,16.815700077595892,0.5683898434133453,0.08242807333788545,35.0,0.0,100,,,,,,
pooled_erm_kshot,sandia,,matr+hust+luh,catboost,100,15,residual_mean,564.4820459552727,55.42495799230849,78.21748319036098,16.93854096030981,0.472921047552788,0.10165708133107838,35.0,0.0,100,,,,,,
pooled_erm_kshot,sandia,,matr+hust+luh,elastic_net,100,15,residual_mean,716.8899703992158,97.60614281163762,89.46215161183557,20.449473012214213,0.01383145017385559,0.2550770624353999,35.0,0.0,100,,,,,,
pooled_erm_kshot,sandia,,matr+hust+luh,pls,100,15,residual_mean,69277.74845613209,194910.34936351446,112.83047257772652,47.20574207152268,-1294635.796572437,3756594.717445906,35.0,0.0,100,,,,,,
pooled_erm_kshot,sandia,,matr+hust+luh,stacking,100,20,linear,277.52336666036865,64.9687286099901,68.99493467948022,14.252347395959124,0.8554359922894331,0.059144878852604464,30.0,0.0,100,,,,,,
pooled_erm_kshot,sandia,,matr+hust+luh,catboost,100,20,linear,287.4404636974133,51.583090383335296,73.144112419732,12.848403984418601,0.843770130588305,0.06313325503136945,30.0,0.0,100,,,,,,
pooled_erm_kshot,sandia,,matr+hust+luh,random_forest,100,20,linear,309.86331378662004,75.48993584589437,77.47672511275935,16.253557158076788,0.825996258855434,0.0738988188673002,30.0,0.0,100,,,,,,
pooled_erm_kshot,sandia,,matr+hust+luh,xgboost,100,20,linear,316.70227470463544,75.04387930258866,80.26483499259308,16.58919764693851,0.8176113262332966,0.08462075369418785,30.0,0.0,100,,,,,,
pooled_erm_kshot,sandia,,matr+hust+luh,gaussian_process,100,20,linear,408.04141698771457,80.1448249082369,69.97375693637912,12.77879139033899,0.592024268310809,0.1905211454682974,30.0,0.0,100,,,,,,
pooled_erm_kshot,sandia,,matr+hust+luh,elastic_net,100,20,linear,773.1692980045275,65.16554773117207,89.74878208949362,15.405784981966356,-0.7171465016907185,1.2764525913973324,30.0,0.0,100,,,,,,
pooled_erm_kshot,sandia,,matr+hust+luh,pls,100,20,linear,14496.379776608512,98021.36087764651,94.20161625091534,17.99192625504573,-293797.4566406787,2283697.9161899765,30.0,0.0,100,,,,,,
pooled_erm_kshot,sandia,,matr+hust+luh,gaussian_process,100,20,none,473.1722543122907,58.504344747520314,70.35740290527815,5.35783343447461,0.6239478466922159,0.11207979506571657,30.0,0.0,100,,,,,,
pooled_erm_kshot,sandia,,matr+hust+luh,xgboost,100,20,none,380.1233366676697,79.76504861016294,44.926171557418236,8.467140636338147,0.6001781818366224,0.05039794667926421,30.0,0.0,100,,,,,,
pooled_erm_kshot,sandia,,matr+hust+luh,stacking,100,20,none,402.48501964776057,70.44378713279285,51.211679356712395,7.839639955445101,0.59152297933597,0.04433793276487576,30.0,0.0,100,,,,,,
pooled_erm_kshot,sandia,,matr+hust+luh,random_forest,100,20,none,391.9879287009302,81.70176556795566,44.56653713257691,7.598332981922289,0.5666877955085188,0.052035678353724676,30.0,0.0,100,,,,,,
pooled_erm_kshot,sandia,,matr+hust+luh,catboost,100,20,none,458.9526791911437,73.26012913060377,58.96576200381107,5.6558499995304015,0.49221316081825833,0.06482891243707438,30.0,0.0,100,,,,,,
pooled_erm_kshot,sandia,,matr+hust+luh,elastic_net,100,20,none,607.1018339463724,104.14296929939665,73.84319160671278,4.9391938633891135,0.07172822179002601,0.19536535886371081,30.0,0.0,100,,,,,,
pooled_erm_kshot,sandia,,matr+hust+luh,pls,100,20,none,73457.97975079963,217999.7581233706,85.2107308885399,8.529025357660489,-1546792.9625251105,4802992.905578098,30.0,0.0,100,,,,,,
pooled_erm_kshot,sandia,,matr+hust+luh,gaussian_process,100,20,residual_mean,391.33896325845706,54.16200835493534,70.71734299036957,12.828880216947951,0.645641948602388,0.0977974906566708,30.0,0.0,100,,,,,,
pooled_erm_kshot,sandia,,matr+hust+luh,xgboost,100,20,residual_mean,486.38024975529225,48.14929806729632,70.29941326935007,15.262180793448396,0.5976851672720911,0.06983990886775325,30.0,0.0,100,,,,,,
pooled_erm_kshot,sandia,,matr+hust+luh,stacking,100,20,residual_mean,500.48221270250474,39.30209108797677,72.39366482388796,15.57532009071052,0.5814159548784219,0.05908965524732474,30.0,0.0,100,,,,,,
pooled_erm_kshot,sandia,,matr+hust+luh,random_forest,100,20,residual_mean,506.23858538164893,44.126436435446735,72.50043967664135,15.366544969839213,0.5693652579264841,0.06762948240811363,30.0,0.0,100,,,,,,
pooled_erm_kshot,sandia,,matr+hust+luh,catboost,100,20,residual_mean,566.7364464166402,49.97767537775394,78.82486044682997,16.6450059398337,0.4747665046893594,0.08392282322001475,30.0,0.0,100,,,,,,
pooled_erm_kshot,sandia,,matr+hust+luh,elastic_net,100,20,residual_mean,699.7573580274445,107.88206015288233,85.08714008345272,16.285432292906563,0.0523549402689511,0.28637297970239134,30.0,0.0,100,,,,,,
pooled_erm_kshot,sandia,,matr+hust+luh,pls,100,20,residual_mean,73413.90067857748,218023.85816868095,114.10906664157926,46.688804007312605,-1546625.03396689,4802495.324275943,30.0,0.0,100,,,,,,
source_expert_convex,sandia,,matr+hust+luh,source_primary_experts,100,5,linear,3078.8954757194315,21121.115760173398,103.96493578564721,25.299620554310486,-4859.439282391397,48292.84836429981,45.0,0.0,100,,,0.22550000000000003,0.31,,0.46449999999999997
source_expert_convex,sandia,,matr+hust+luh,source_primary_experts,100,5,none,843.7937518617312,179.68047662093392,100.37723942171567,19.93349902351645,-0.10606218485082648,0.19455024009542027,45.0,0.0,100,,,0.22550000000000003,0.31,,0.46449999999999997
source_expert_convex,sandia,,matr+hust+luh,source_primary_experts,100,5,residual_mean,833.2788847844644,205.03610695946304,96.02364189540242,24.68484682699461,-0.17767402299944962,0.29315937287983057,45.0,0.0,100,,,0.22550000000000003,0.31,,0.46449999999999997
source_expert_convex,sandia,,matr+hust+luh,source_primary_experts,100,10,linear,771.7285301673145,166.15094287442184,107.71639909261131,22.646573818997318,-0.013727909520039683,0.41670242042319244,40.0,0.0,100,,,0.37,0.32300000000000006,,0.30700000000000005
source_expert_convex,sandia,,matr+hust+luh,source_primary_experts,100,10,none,865.1325871725265,136.0385983005464,106.04861669140877,15.659837817106277,-0.08784018602922108,0.2565812636678404,40.0,0.0,100,,,0.37,0.32300000000000006,,0.30700000000000005
source_expert_convex,sandia,,matr+hust+luh,source_primary_experts,100,10,residual_mean,838.7519690990662,134.70546356327162,102.19586768466796,19.063856672464702,-0.09398423628390536,0.26600636886942713,40.0,0.0,100,,,0.37,0.32300000000000006,,0.30700000000000005
source_expert_convex,sandia,,matr+hust+luh,source_primary_experts,100,15,linear,736.5329309972943,137.3414471860599,104.13166513318193,17.087453263736123,0.11317255934105643,0.40676874052103884,35.0,0.0,100,,,0.429,0.276,,0.295
source_expert_convex,sandia,,matr+hust+luh,source_primary_experts,100,15,none,846.0549617120408,83.24766531969603,105.16426653569239,12.632571102874586,-0.04522445940173923,0.21427496342402833,35.0,0.0,100,,,0.429,0.276,,0.295
source_expert_convex,sandia,,matr+hust+luh,source_primary_experts,100,15,residual_mean,816.3640528747471,70.6909144405673,101.7600911917484,14.10138217256129,-0.03995258554910176,0.20031347838318264,35.0,0.0,100,,,0.429,0.276,,0.295
source_expert_convex,sandia,,matr+hust+luh,source_primary_experts,100,20,linear,734.6528786366775,130.33389816239793,103.82978726872538,17.32399126105923,0.11742881791748484,0.3239781057054173,30.0,0.0,100,,,0.43750000000000006,0.2675,,0.295
source_expert_convex,sandia,,matr+hust+luh,source_primary_experts,100,20,none,850.5914609381193,63.5117608434507,106.3807255153769,11.428032561318174,-0.037789250087363745,0.1586352395852598,30.0,0.0,100,,,0.43750000000000006,0.2675,,0.295
source_expert_convex,sandia,,matr+hust+luh,source_primary_experts,100,20,residual_mean,823.5142215824397,49.318421196592645,103.56120719237961,11.908927417433347,-0.029986654287566958,0.14466671341034798,30.0,0.0,100,,,0.43750000000000006,0.2675,,0.295
source_expert_select,sandia,,matr+hust+luh,source_primary_experts,100,5,linear,1443622.4675988974,6962172.631109526,105.78915003102856,28.09126126547839,-1133889129.9435005,5802397887.786763,45.0,0.0,100,luh,,0.19,0.06,,0.75
source_expert_select,sandia,,matr+hust+luh,source_primary_experts,100,5,none,672.239748774316,145.39354258289583,80.05663808835573,13.609256355340712,-0.10847491257625828,0.1513761683980408,45.0,0.0,100,luh,,0.19,0.06,,0.75
source_expert_select,sandia,,matr+hust+luh,source_primary_experts,100,5,residual_mean,848.5498937478146,216.3058709107729,97.0992817281312,25.49640470419453,-0.20664868877445677,0.28834953163624183,45.0,0.0,100,luh,,0.19,0.06,,0.75
source_expert_select,sandia,,matr+hust+luh,source_primary_experts,100,10,linear,60355.34371480082,586136.145186996,107.81252626680275,22.7192714785675,-5316338.790747392,52895036.261259444,40.0,0.0,100,luh,,0.17,0.02,,0.81
source_expert_select,sandia,,matr+hust+luh,source_primary_experts,100,10,none,632.9353278334886,111.80875721812147,76.78608328732645,9.022269120044584,-0.09353076020748094,0.1570668461280568,40.0,0.0,100,luh,,0.17,0.02,,0.81
source_expert_select,sandia,,matr+hust+luh,source_primary_experts,100,10,residual_mean,864.8821803915982,147.2436664150881,104.27237846843833,19.669765716485024,-0.1445925523574877,0.2777378124672145,40.0,0.0,100,luh,,0.17,0.02,,0.81
source_expert_select,sandia,,matr+hust+luh,source_primary_experts,100,15,linear,1007.8993369335512,1717.3103199424838,105.57531516784789,17.559548167104655,-53.86573399424504,520.2630137705675,35.0,0.0,100,luh,,0.15,0.0,,0.85
source_expert_select,sandia,,matr+hust+luh,source_primary_experts,100,15,none,630.1980484348319,95.42427649910063,75.73831932319997,4.920807312017423,-0.08778301540675114,0.09404243620151595,35.0,0.0,100,luh,,0.15,0.0,,0.85
source_expert_select,sandia,,matr+hust+luh,source_primary_experts,100,15,residual_mean,839.2002014747827,74.47413111105445,103.820121297086,14.53566491076681,-0.0899677492961847,0.17656004055607832,35.0,0.0,100,luh,,0.15,0.0,,0.85
source_expert_select,sandia,,matr+hust+luh,source_primary_experts,100,20,linear,827.0586520658155,173.0634074133131,106.15954228796475,15.384114503065723,-0.09345734965905261,0.4989784322753787,30.0,0.0,100,luh,,0.13,0.0,,0.87
source_expert_select,sandia,,matr+hust+luh,source_primary_experts,100,20,none,639.1684938682452,119.94170660363609,76.69203805887861,5.823271447441236,-0.09547573595650025,0.09852444698783287,30.0,0.0,100,luh,,0.13,0.0,,0.87
source_expert_select,sandia,,matr+hust+luh,source_primary_experts,100,20,residual_mean,850.7989641624923,50.48130699078551,106.12037484049341,11.877618645803059,-0.08527292444003574,0.1475983103071272,30.0,0.0,100,luh,,0.13,0.0,,0.87
source_expert_single,sandia,matr,matr,catboost,100,0,none,725.5381009289755,68.19681151329837,94.67470096431376,10.06452358907492,0.03955847363272438,0.033348000818387645,50.0,0.0,5,,,,,,
source_expert_single,sandia,luh,luh,gaussian_process,100,0,none,625.4088106825964,2.3443431274453346,75.4684071953116,0.6073268044377386,-0.11021509297802959,0.0030310080070132233,50.0,0.0,5,,,,,,
source_expert_single,sandia,hust,hust,random_forest,100,0,none,1227.7132756099004,26.08168082468198,126.32792717799266,0.9659674674319018,-0.37235192437565834,0.05190878664656731,50.0,0.0,5,,,,,,
source_expert_uniform,sandia,,matr+hust+luh,source_primary_experts,100,0,none,857.9135339647435,26.149063317273416,110.27911281709518,2.2287729267134755,0.06187969158247619,0.026727498753195147,50.0,0.0,5,,,0.3333333333333333,0.3333333333333333,,0.3333333333333333
source_model_select,sandia,,matr+hust+luh,source_model_experts,100,5,linear,2112414.3710294217,6352692.023476453,59.89211173096471,25.875228661142458,-1896049595.3879876,5772745672.664669,45.0,0.0,100,luh,random_forest,0.0,0.3,,0.7
source_model_select,sandia,,matr+hust+luh,source_model_experts,100,5,none,2222710.244845143,6666760.461657594,76.88447236847257,50.79471288620884,-2083542049.119895,6264880438.510719,45.0,0.0,100,luh,random_forest,0.0,0.3,,0.7
source_model_select,sandia,,matr+hust+luh,source_model_experts,100,5,residual_mean,2222771.51818966,6666728.599910797,70.22274304573634,33.79532304047746,-2083542037.2825155,6264880404.37471,45.0,0.0,100,luh,random_forest,0.0,0.3,,0.7
source_model_select,sandia,,matr+hust+luh,source_model_experts,100,10,linear,3675348.6435049498,8762792.978809487,58.20861707196714,20.106045561649225,-3174368758.0306745,7636146506.253809,40.0,0.0,100,luh,random_forest,0.0,0.33,,0.67
source_model_select,sandia,,matr+hust+luh,source_model_experts,100,10,none,3750447.531495547,8926835.06560096,78.57498801374581,51.827796936080446,-3297885531.5309105,7888908526.964903,40.0,0.0,100,luh,random_forest,0.0,0.33,,0.67
source_model_select,sandia,,matr+hust+luh,source_model_experts,100,10,residual_mean,3750527.329015338,8926762.663397348,72.04360161522226,29.927426034808043,-3297885531.533842,7888908526.96434,40.0,0.0,100,luh,random_forest,0.0,0.33,,0.67
source_model_select,sandia,,matr+hust+luh,source_model_experts,100,15,linear,1714592.2353862075,6785307.19023,62.104698683867554,22.052963412197446,-1653720744.4655561,6642471320.573881,35.0,0.0,100,luh,random_forest,0.0,0.25,,0.75
source_model_select,sandia,,matr+hust+luh,source_model_experts,100,15,none,1714700.2636157754,6785316.704965939,71.40130388830866,50.663126607707746,-1653720744.7329857,6642471320.516449,35.0,0.0,100,luh,random_forest,0.0,0.25,,0.75
source_model_select,sandia,,matr+hust+luh,source_model_experts,100,15,residual_mean,1714770.574914055,6785278.715474873,67.24962302675485,24.1125263394482,-1653720744.7098708,6642471320.510066,35.0,0.0,100,luh,random_forest,0.0,0.25,,0.75
source_model_select,sandia,,matr+hust+luh,source_model_experts,100,20,linear,2330364.277667807,8493053.499775557,61.439204148448134,17.045189896012847,-2552421613.294272,9473845663.117622,30.0,0.0,100,luh,random_forest,0.0,0.23,,0.77
source_model_select,sandia,,matr+hust+luh,source_model_experts,100,20,none,2333793.5400882605,8505030.715396535,68.77870890228581,48.71372482180538,-2557968831.654498,9488659404.134993,30.0,0.0,100,luh,random_forest,0.0,0.23,,0.77
source_model_select,sandia,,matr+hust+luh,source_model_experts,100,20,residual_mean,2333869.4472921523,8504986.074091151,68.79587825639119,20.000956215594368,-2557968831.644183,9488659404.181343,30.0,0.0,100,luh,random_forest,0.0,0.23,,0.77
