experiment,scenario,source,target,model,n_cycles,seed,dataset,cell_id,y_true,y_pred
hust_to_luh,naive_cross,hust,luh,pytorch_1d_cnn,100,1011,luh,luh_P017_1_S01_C08,139.0,996.7557247641735
hust_to_luh,naive_cross,hust,luh,pytorch_1d_cnn,100,1011,luh,luh_P017_2_S04_C07,127.0,978.0063537464852
hust_to_luh,naive_cross,hust,luh,pytorch_1d_cnn,100,1011,luh,luh_P017_3_S05_C05,126.0,972.59354296213
hust_to_luh,naive_cross,hust,luh,pytorch_1d_cnn,100,1011,luh,luh_P018_1_S01_C06,109.0,931.0000817461979
hust_to_luh,naive_cross,hust,luh,pytorch_1d_cnn,100,1011,luh,luh_P018_2_S02_C06,107.0,931.0000817461979
hust_to_luh,naive_cross,hust,luh,pytorch_1d_cnn,100,1011,luh,luh_P018_3_S04_C05,107.0,931.0000817461979
hust_to_luh,naive_cross,hust,luh,pytorch_1d_cnn,100,1011,luh,luh_P019_1_S01_C04,63.0,931.0000817461979
hust_to_luh,naive_cross,hust,luh,pytorch_1d_cnn,100,1011,luh,luh_P019_2_S02_C04,62.0,931.0000817461979
hust_to_luh,naive_cross,hust,luh,pytorch_1d_cnn,100,1011,luh,luh_P019_3_S05_C02,60.0,931.0000817461979
hust_to_luh,naive_cross,hust,luh,pytorch_1d_cnn,100,1011,luh,luh_P021_1_S02_C08,451.0,1148.4218891599846
hust_to_luh,naive_cross,hust,luh,pytorch_1d_cnn,100,1011,luh,luh_P021_2_S03_C08,428.0,1143.9467984250014
hust_to_luh,naive_cross,hust,luh,pytorch_1d_cnn,100,1011,luh,luh_P021_3_S04_C08,430.0,1147.0307072652786
hust_to_luh,naive_cross,hust,luh,pytorch_1d_cnn,100,1011,luh,luh_P022_1_S03_C06,341.0,1103.7768652322786
hust_to_luh,naive_cross,hust,luh,pytorch_1d_cnn,100,1011,luh,luh_P022_2_S04_C06,344.0,1105.9416416624351
hust_to_luh,naive_cross,hust,luh,pytorch_1d_cnn,100,1011,luh,luh_P022_3_S05_C04,314.0,1094.6343078442842
hust_to_luh,naive_cross,hust,luh,pytorch_1d_cnn,100,1011,luh,luh_P023_1_S03_C04,82.0,931.0000817461979
hust_to_luh,naive_cross,hust,luh,pytorch_1d_cnn,100,1011,luh,luh_P023_2_S04_C04,72.0,931.0000817461979
hust_to_luh,naive_cross,hust,luh,pytorch_1d_cnn,100,1011,luh,luh_P023_3_S05_C03,79.0,931.0000817461979
hust_to_luh,naive_cross,hust,luh,pytorch_1d_cnn,100,1011,luh,luh_P025_1_S01_C09,718.0,1200.6611834990201
hust_to_luh,naive_cross,hust,luh,pytorch_1d_cnn,100,1011,luh,luh_P025_2_S02_C09,690.0,1194.776977268347
hust_to_luh,naive_cross,hust,luh,pytorch_1d_cnn,100,1011,luh,luh_P025_3_S03_C09,702.0,1195.7954901708047
hust_to_luh,naive_cross,hust,luh,pytorch_1d_cnn,100,1011,luh,luh_P026_1_S01_C07,581.0,1169.664457836559
hust_to_luh,naive_cross,hust,luh,pytorch_1d_cnn,100,1011,luh,luh_P026_2_S02_C07,613.0,1174.9710801407
hust_to_luh,naive_cross,hust,luh,pytorch_1d_cnn,100,1011,luh,luh_P026_3_S03_C07,563.0,1168.2792960674872
hust_to_luh,naive_cross,hust,luh,pytorch_1d_cnn,100,1011,luh,luh_P027_1_S01_C05,269.0,1152.2725542313901
hust_to_luh,naive_cross,hust,luh,pytorch_1d_cnn,100,1011,luh,luh_P027_2_S02_C05,285.0,1159.5829536212439
hust_to_luh,naive_cross,hust,luh,pytorch_1d_cnn,100,1011,luh,luh_P027_3_S03_C05,298.0,1153.3516223981876
hust_to_luh,naive_cross,hust,luh,pytorch_1d_cnn,100,1011,luh,luh_P029_1_S06_C08,132.0,990.0322348486702
hust_to_luh,naive_cross,hust,luh,pytorch_1d_cnn,100,1011,luh,luh_P029_2_S08_C07,135.0,990.464758389397
hust_to_luh,naive_cross,hust,luh,pytorch_1d_cnn,100,1011,luh,luh_P029_3_S09_C07,135.0,985.8057430874924
hust_to_luh,naive_cross,hust,luh,pytorch_1d_cnn,100,1011,luh,luh_P030_1_S06_C06,118.0,941.7071988123321
hust_to_luh,naive_cross,hust,luh,pytorch_1d_cnn,100,1011,luh,luh_P030_2_S08_C05,123.0,944.6426549827011
hust_to_luh,naive_cross,hust,luh,pytorch_1d_cnn,100,1011,luh,luh_P030_3_S09_C05,123.0,944.6367992715019
hust_to_luh,naive_cross,hust,luh,pytorch_1d_cnn,100,1011,luh,luh_P031_1_S06_C04,97.0,931.0000817461979
hust_to_luh,naive_cross,hust,luh,pytorch_1d_cnn,100,1011,luh,luh_P031_2_S07_C04,94.0,931.0000817461979
hust_to_luh,naive_cross,hust,luh,pytorch_1d_cnn,100,1011,luh,luh_P031_3_S09_C03,90.0,931.0000817461979
hust_to_luh,naive_cross,hust,luh,pytorch_1d_cnn,100,1011,luh,luh_P033_1_S07_C08,524.0,1158.7090971819562
hust_to_luh,naive_cross,hust,luh,pytorch_1d_cnn,100,1011,luh,luh_P033_2_S08_C08,508.0,1155.1337712886334
hust_to_luh,naive_cross,hust,luh,pytorch_1d_cnn,100,1011,luh,luh_P033_3_S09_C08,523.0,1155.164066274657
hust_to_luh,naive_cross,hust,luh,pytorch_1d_cnn,100,1011,luh,luh_P034_1_S07_C06,446.0,1130.809201182167
hust_to_luh,naive_cross,hust,luh,pytorch_1d_cnn,100,1011,luh,luh_P034_2_S08_C06,448.0,1127.52908910875
hust_to_luh,naive_cross,hust,luh,pytorch_1d_cnn,100,1011,luh,luh_P034_3_S09_C06,440.0,1127.0066165682074
hust_to_luh,naive_cross,hust,luh,pytorch_1d_cnn,100,1011,luh,luh_P035_1_S08_C04,279.0,1125.4342113079579
hust_to_luh,naive_cross,hust,luh,pytorch_1d_cnn,100,1011,luh,luh_P035_2_S09_C04,360.0,1135.4597342259297
hust_to_luh,naive_cross,hust,luh,pytorch_1d_cnn,100,1011,luh,luh_P035_3_S10_C02,342.0,1127.4484448278524
hust_to_luh,naive_cross,hust,luh,pytorch_1d_cnn,100,1011,luh,luh_P037_1_S05_C11,741.0,1199.0454754862133
hust_to_luh,naive_cross,hust,luh,pytorch_1d_cnn,100,1011,luh,luh_P037_3_S10_C04,783.0,1208.2780002555444
hust_to_luh,naive_cross,hust,luh,pytorch_1d_cnn,100,1011,luh,luh_P038_1_S06_C07,734.0,1184.5315525792298
hust_to_luh,naive_cross,hust,luh,pytorch_1d_cnn,100,1011,luh,luh_P038_2_S07_C07,816.0,1195.1786931982872
hust_to_luh,naive_cross,hust,luh,pytorch_1d_cnn,100,1011,luh,luh_P038_3_S10_C03,697.0,1183.6411526034315
hust_to_luh,naive_cross,hust,luh,pytorch_1d_cnn,100,1011,luh,luh_P039_1_S05_C10,552.0,1179.6029726905422
hust_to_luh,naive_cross,hust,luh,pytorch_1d_cnn,100,1011,luh,luh_P039_2_S06_C05,588.0,1179.30939543677
hust_to_luh,naive_cross,hust,luh,pytorch_1d_cnn,100,1011,luh,luh_P039_3_S07_C05,547.0,1174.8763983475706
hust_to_luh,naive_cross,hust,luh,pytorch_1d_cnn,100,1011,luh,luh_P041_1_S11_C08,236.0,1116.8831638509673
hust_to_luh,naive_cross,hust,luh,pytorch_1d_cnn,100,1011,luh,luh_P041_2_S13_C07,220.0,1105.311106008716
hust_to_luh,naive_cross,hust,luh,pytorch_1d_cnn,100,1011,luh,luh_P041_3_S14_C07,237.0,1116.2235027774082
hust_to_luh,naive_cross,hust,luh,pytorch_1d_cnn,100,1011,luh,luh_P042_1_S11_C06,180.0,1036.9538279995757
hust_to_luh,naive_cross,hust,luh,pytorch_1d_cnn,100,1011,luh,luh_P042_2_S13_C05,204.0,1062.5841836531868
hust_to_luh,naive_cross,hust,luh,pytorch_1d_cnn,100,1011,luh,luh_P042_3_S14_C05,197.0,1050.9100331800869
hust_to_luh,naive_cross,hust,luh,pytorch_1d_cnn,100,1011,luh,luh_P043_1_S11_C04,160.0,996.4496848887306
hust_to_luh,naive_cross,hust,luh,pytorch_1d_cnn,100,1011,luh,luh_P043_2_S12_C04,156.0,991.3856802460119
hust_to_luh,naive_cross,hust,luh,pytorch_1d_cnn,100,1011,luh,luh_P043_3_S14_C03,153.0,985.338135560126
hust_to_luh,naive_cross,hust,luh,pytorch_1d_cnn,100,1011,luh,luh_P045_1_S12_C08,975.0,1179.71828642501
hust_to_luh,naive_cross,hust,luh,pytorch_1d_cnn,100,1011,luh,luh_P045_2_S13_C08,980.0,1182.7130719255022
hust_to_luh,naive_cross,hust,luh,pytorch_1d_cnn,100,1011,luh,luh_P045_3_S14_C08,845.0,1168.8437533893853
hust_to_luh,naive_cross,hust,luh,pytorch_1d_cnn,100,1011,luh,luh_P046_1_S12_C06,1095.0,1167.9902078501464
hust_to_luh,naive_cross,hust,luh,pytorch_1d_cnn,100,1011,luh,luh_P046_2_S13_C06,937.0,1165.052701866917
hust_to_luh,naive_cross,hust,luh,pytorch_1d_cnn,100,1011,luh,luh_P046_3_S14_C06,1044.0,1166.0809050904327
hust_to_luh,naive_cross,hust,luh,pytorch_1d_cnn,100,1011,luh,luh_P047_1_S13_C04,1015.0,1175.847108358622
hust_to_luh,naive_cross,hust,luh,pytorch_1d_cnn,100,1011,luh,luh_P047_2_S14_C04,923.0,1165.2410452913723
hust_to_luh,naive_cross,hust,luh,pytorch_1d_cnn,100,1011,luh,luh_P047_3_S15_C01,866.0,1170.3808145994328
hust_to_luh,naive_cross,hust,luh,pytorch_1d_cnn,100,1011,luh,luh_P049_1_S10_C10,1466.0,1214.6282666177174
hust_to_luh,naive_cross,hust,luh,pytorch_1d_cnn,100,1011,luh,luh_P049_3_S15_C02,1380.0,1206.5409998695789
hust_to_luh,naive_cross,hust,luh,pytorch_1d_cnn,100,1011,luh,luh_P050_1_S10_C09,1615.0,1200.9990177402638
hust_to_luh,naive_cross,hust,luh,pytorch_1d_cnn,100,1011,luh,luh_P050_2_S11_C07,1575.0,1195.9671326049772
hust_to_luh,naive_cross,hust,luh,pytorch_1d_cnn,100,1011,luh,luh_P050_3_S12_C07,1555.0,1196.606589134167
hust_to_luh,naive_cross,hust,luh,pytorch_1d_cnn,100,1011,luh,luh_P051_1_S10_C08,1234.0,1199.723190023118
hust_to_luh,naive_cross,hust,luh,pytorch_1d_cnn,100,1011,luh,luh_P051_2_S11_C05,1318.0,1213.565936353109
hust_to_luh,naive_cross,hust,luh,pytorch_1d_cnn,100,1011,luh,luh_P051_3_S12_C05,1238.0,1200.4299077503226
hust_to_luh,naive_cross,hust,luh,pytorch_1d_cnn,100,1011,luh,luh_P053_1_S15_C08,323.0,1097.3142057193484
hust_to_luh,naive_cross,hust,luh,pytorch_1d_cnn,100,1011,luh,luh_P053_2_S16_C08,332.0,1104.1069183524137
hust_to_luh,naive_cross,hust,luh,pytorch_1d_cnn,100,1011,luh,luh_P053_3_S19_C07,377.0,1114.2447310620678
hust_to_luh,naive_cross,hust,luh,pytorch_1d_cnn,100,1011,luh,luh_P054_1_S16_C06,359.0,1066.0707803626792
hust_to_luh,naive_cross,hust,luh,pytorch_1d_cnn,100,1011,luh,luh_P054_2_S17_C06,376.0,1066.4449858537037
hust_to_luh,naive_cross,hust,luh,pytorch_1d_cnn,100,1011,luh,luh_P054_3_S19_C05,384.0,1081.625069265304
hust_to_luh,naive_cross,hust,luh,pytorch_1d_cnn,100,1011,luh,luh_P055_1_S15_C05,354.0,1071.9818433318521
hust_to_luh,naive_cross,hust,luh,pytorch_1d_cnn,100,1011,luh,luh_P055_2_S16_C04,350.0,1071.991044265303
hust_to_luh,naive_cross,hust,luh,pytorch_1d_cnn,100,1011,luh,luh_P055_3_S17_C04,351.0,1072.202687532477
hust_to_luh,naive_cross,hust,luh,pytorch_1d_cnn,100,1011,luh,luh_P057_1_S17_C08,555.0,1166.4774223842362
hust_to_luh,naive_cross,hust,luh,pytorch_1d_cnn,100,1011,luh,luh_P057_2_S18_C08,556.0,1168.2196901372852
hust_to_luh,naive_cross,hust,luh,pytorch_1d_cnn,100,1011,luh,luh_P057_3_S19_C08,539.0,1168.5885158159901
hust_to_luh,naive_cross,hust,luh,pytorch_1d_cnn,100,1011,luh,luh_P058_1_S15_C07,707.0,1160.0093427528761
hust_to_luh,naive_cross,hust,luh,pytorch_1d_cnn,100,1011,luh,luh_P058_2_S18_C06,672.0,1157.0725978243972
hust_to_luh,naive_cross,hust,luh,pytorch_1d_cnn,100,1011,luh,luh_P058_3_S19_C06,712.0,1177.601686237867
hust_to_luh,naive_cross,hust,luh,pytorch_1d_cnn,100,1011,luh,luh_P059_1_S15_C06,605.0,1175.0999492775638
hust_to_luh,naive_cross,hust,luh,pytorch_1d_cnn,100,1011,luh,luh_P059_2_S18_C04,660.0,1176.9970798918825
hust_to_luh,naive_cross,hust,luh,pytorch_1d_cnn,100,1011,luh,luh_P059_3_S19_C04,664.0,1180.8742962844021
hust_to_luh,naive_cross,hust,luh,pytorch_1d_cnn,100,1011,luh,luh_P061_1_S16_C09,947.0,1194.7467828047895
hust_to_luh,naive_cross,hust,luh,pytorch_1d_cnn,100,1011,luh,luh_P061_2_S17_C09,942.0,1195.9118165720838
hust_to_luh,naive_cross,hust,luh,pytorch_1d_cnn,100,1011,luh,luh_P061_3_S18_C09,1033.0,1199.5538684841595
hust_to_luh,naive_cross,hust,luh,pytorch_1d_cnn,100,1011,luh,luh_P062_1_S16_C07,1120.0,1187.9984510305947
hust_to_luh,naive_cross,hust,luh,pytorch_1d_cnn,100,1011,luh,luh_P062_2_S17_C07,1148.0,1185.7188522322815
hust_to_luh,naive_cross,hust,luh,pytorch_1d_cnn,100,1011,luh,luh_P062_3_S18_C07,1128.0,1189.0491726776966
hust_to_luh,naive_cross,hust,luh,pytorch_1d_cnn,100,1011,luh,luh_P063_1_S16_C05,1149.0,1211.0108936995866
hust_to_luh,naive_cross,hust,luh,pytorch_1d_cnn,100,1011,luh,luh_P063_2_S17_C05,1236.0,1198.5715888722552
hust_to_luh,naive_cross,hust,luh,pytorch_1d_cnn,100,1011,luh,luh_P063_3_S18_C05,1335.0,1200.7963057903166
hust_to_luh,naive_cross,hust,luh,pytorch_1d_cnn,100,123,luh,luh_P017_1_S01_C08,139.0,828.9999451396379
hust_to_luh,naive_cross,hust,luh,pytorch_1d_cnn,100,123,luh,luh_P017_2_S04_C07,127.0,828.9999451396379
hust_to_luh,naive_cross,hust,luh,pytorch_1d_cnn,100,123,luh,luh_P017_3_S05_C05,126.0,828.9999451396379
hust_to_luh,naive_cross,hust,luh,pytorch_1d_cnn,100,123,luh,luh_P018_1_S01_C06,109.0,828.9999451396379
hust_to_luh,naive_cross,hust,luh,pytorch_1d_cnn,100,123,luh,luh_P018_2_S02_C06,107.0,828.9999451396379
hust_to_luh,naive_cross,hust,luh,pytorch_1d_cnn,100,123,luh,luh_P018_3_S04_C05,107.0,828.9999451396379
hust_to_luh,naive_cross,hust,luh,pytorch_1d_cnn,100,123,luh,luh_P019_1_S01_C04,63.0,828.9999451396379
hust_to_luh,naive_cross,hust,luh,pytorch_1d_cnn,100,123,luh,luh_P019_2_S02_C04,62.0,828.9999451396379
hust_to_luh,naive_cross,hust,luh,pytorch_1d_cnn,100,123,luh,luh_P019_3_S05_C02,60.0,828.9999451396379
hust_to_luh,naive_cross,hust,luh,pytorch_1d_cnn,100,123,luh,luh_P021_1_S02_C08,451.0,828.9999451396379
hust_to_luh,naive_cross,hust,luh,pytorch_1d_cnn,100,123,luh,luh_P021_2_S03_C08,428.0,828.9999451396379
hust_to_luh,naive_cross,hust,luh,pytorch_1d_cnn,100,123,luh,luh_P021_3_S04_C08,430.0,828.9999451396379
hust_to_luh,naive_cross,hust,luh,pytorch_1d_cnn,100,123,luh,luh_P022_1_S03_C06,341.0,828.9999451396379
hust_to_luh,naive_cross,hust,luh,pytorch_1d_cnn,100,123,luh,luh_P022_2_S04_C06,344.0,828.9999451396379
hust_to_luh,naive_cross,hust,luh,pytorch_1d_cnn,100,123,luh,luh_P022_3_S05_C04,314.0,828.9999451396379
hust_to_luh,naive_cross,hust,luh,pytorch_1d_cnn,100,123,luh,luh_P023_1_S03_C04,82.0,828.9999451396379
hust_to_luh,naive_cross,hust,luh,pytorch_1d_cnn,100,123,luh,luh_P023_2_S04_C04,72.0,828.9999451396379
hust_to_luh,naive_cross,hust,luh,pytorch_1d_cnn,100,123,luh,luh_P023_3_S05_C03,79.0,828.9999451396379
hust_to_luh,naive_cross,hust,luh,pytorch_1d_cnn,100,123,luh,luh_P025_1_S01_C09,718.0,828.9999451396379
hust_to_luh,naive_cross,hust,luh,pytorch_1d_cnn,100,123,luh,luh_P025_2_S02_C09,690.0,828.9999451396379
hust_to_luh,naive_cross,hust,luh,pytorch_1d_cnn,100,123,luh,luh_P025_3_S03_C09,702.0,828.9999451396379
hust_to_luh,naive_cross,hust,luh,pytorch_1d_cnn,100,123,luh,luh_P026_1_S01_C07,581.0,828.9999451396379
hust_to_luh,naive_cross,hust,luh,pytorch_1d_cnn,100,123,luh,luh_P026_2_S02_C07,613.0,828.9999451396379
hust_to_luh,naive_cross,hust,luh,pytorch_1d_cnn,100,123,luh,luh_P026_3_S03_C07,563.0,828.9999451396379
hust_to_luh,naive_cross,hust,luh,pytorch_1d_cnn,100,123,luh,luh_P027_1_S01_C05,269.0,828.9999451396379
hust_to_luh,naive_cross,hust,luh,pytorch_1d_cnn,100,123,luh,luh_P027_2_S02_C05,285.0,828.9999451396379
hust_to_luh,naive_cross,hust,luh,pytorch_1d_cnn,100,123,luh,luh_P027_3_S03_C05,298.0,828.9999451396379
hust_to_luh,naive_cross,hust,luh,pytorch_1d_cnn,100,123,luh,luh_P029_1_S06_C08,132.0,828.9999451396379
hust_to_luh,naive_cross,hust,luh,pytorch_1d_cnn,100,123,luh,luh_P029_2_S08_C07,135.0,828.9999451396379
hust_to_luh,naive_cross,hust,luh,pytorch_1d_cnn,100,123,luh,luh_P029_3_S09_C07,135.0,828.9999451396379
hust_to_luh,naive_cross,hust,luh,pytorch_1d_cnn,100,123,luh,luh_P030_1_S06_C06,118.0,828.9999451396379
hust_to_luh,naive_cross,hust,luh,pytorch_1d_cnn,100,123,luh,luh_P030_2_S08_C05,123.0,828.9999451396379
hust_to_luh,naive_cross,hust,luh,pytorch_1d_cnn,100,123,luh,luh_P030_3_S09_C05,123.0,828.9999451396379
hust_to_luh,naive_cross,hust,luh,pytorch_1d_cnn,100,123,luh,luh_P031_1_S06_C04,97.0,828.9999451396379
hust_to_luh,naive_cross,hust,luh,pytorch_1d_cnn,100,123,luh,luh_P031_2_S07_C04,94.0,828.9999451396379
hust_to_luh,naive_cross,hust,luh,pytorch_1d_cnn,100,123,luh,luh_P031_3_S09_C03,90.0,828.9999451396379
hust_to_luh,naive_cross,hust,luh,pytorch_1d_cnn,100,123,luh,luh_P033_1_S07_C08,524.0,828.9999451396379
hust_to_luh,naive_cross,hust,luh,pytorch_1d_cnn,100,123,luh,luh_P033_2_S08_C08,508.0,828.9999451396379
hust_to_luh,naive_cross,hust,luh,pytorch_1d_cnn,100,123,luh,luh_P033_3_S09_C08,523.0,828.9999451396379
hust_to_luh,naive_cross,hust,luh,pytorch_1d_cnn,100,123,luh,luh_P034_1_S07_C06,446.0,828.9999451396379
hust_to_luh,naive_cross,hust,luh,pytorch_1d_cnn,100,123,luh,luh_P034_2_S08_C06,448.0,828.9999451396379
hust_to_luh,naive_cross,hust,luh,pytorch_1d_cnn,100,123,luh,luh_P034_3_S09_C06,440.0,828.9999451396379
hust_to_luh,naive_cross,hust,luh,pytorch_1d_cnn,100,123,luh,luh_P035_1_S08_C04,279.0,828.9999451396379
hust_to_luh,naive_cross,hust,luh,pytorch_1d_cnn,100,123,luh,luh_P035_2_S09_C04,360.0,828.9999451396379
hust_to_luh,naive_cross,hust,luh,pytorch_1d_cnn,100,123,luh,luh_P035_3_S10_C02,342.0,828.9999451396379
hust_to_luh,naive_cross,hust,luh,pytorch_1d_cnn,100,123,luh,luh_P037_1_S05_C11,741.0,828.9999451396379
hust_to_luh,naive_cross,hust,luh,pytorch_1d_cnn,100,123,luh,luh_P037_3_S10_C04,783.0,828.9999451396379
hust_to_luh,naive_cross,hust,luh,pytorch_1d_cnn,100,123,luh,luh_P038_1_S06_C07,734.0,828.9999451396379
hust_to_luh,naive_cross,hust,luh,pytorch_1d_cnn,100,123,luh,luh_P038_2_S07_C07,816.0,828.9999451396379
hust_to_luh,naive_cross,hust,luh,pytorch_1d_cnn,100,123,luh,luh_P038_3_S10_C03,697.0,828.9999451396379
hust_to_luh,naive_cross,hust,luh,pytorch_1d_cnn,100,123,luh,luh_P039_1_S05_C10,552.0,828.9999451396379
hust_to_luh,naive_cross,hust,luh,pytorch_1d_cnn,100,123,luh,luh_P039_2_S06_C05,588.0,828.9999451396379
hust_to_luh,naive_cross,hust,luh,pytorch_1d_cnn,100,123,luh,luh_P039_3_S07_C05,547.0,828.9999451396379
hust_to_luh,naive_cross,hust,luh,pytorch_1d_cnn,100,123,luh,luh_P041_1_S11_C08,236.0,828.9999451396379
hust_to_luh,naive_cross,hust,luh,pytorch_1d_cnn,100,123,luh,luh_P041_2_S13_C07,220.0,828.9999451396379
hust_to_luh,naive_cross,hust,luh,pytorch_1d_cnn,100,123,luh,luh_P041_3_S14_C07,237.0,828.9999451396379
hust_to_luh,naive_cross,hust,luh,pytorch_1d_cnn,100,123,luh,luh_P042_1_S11_C06,180.0,828.9999451396379
hust_to_luh,naive_cross,hust,luh,pytorch_1d_cnn,100,123,luh,luh_P042_2_S13_C05,204.0,828.9999451396379
hust_to_luh,naive_cross,hust,luh,pytorch_1d_cnn,100,123,luh,luh_P042_3_S14_C05,197.0,828.9999451396379
hust_to_luh,naive_cross,hust,luh,pytorch_1d_cnn,100,123,luh,luh_P043_1_S11_C04,160.0,828.9999451396379
hust_to_luh,naive_cross,hust,luh,pytorch_1d_cnn,100,123,luh,luh_P043_2_S12_C04,156.0,828.9999451396379
hust_to_luh,naive_cross,hust,luh,pytorch_1d_cnn,100,123,luh,luh_P043_3_S14_C03,153.0,828.9999451396379
hust_to_luh,naive_cross,hust,luh,pytorch_1d_cnn,100,123,luh,luh_P045_1_S12_C08,975.0,828.9999451396379
hust_to_luh,naive_cross,hust,luh,pytorch_1d_cnn,100,123,luh,luh_P045_2_S13_C08,980.0,828.9999451396379
hust_to_luh,naive_cross,hust,luh,pytorch_1d_cnn,100,123,luh,luh_P045_3_S14_C08,845.0,828.9999451396379
hust_to_luh,naive_cross,hust,luh,pytorch_1d_cnn,100,123,luh,luh_P046_1_S12_C06,1095.0,828.9999451396379
hust_to_luh,naive_cross,hust,luh,pytorch_1d_cnn,100,123,luh,luh_P046_2_S13_C06,937.0,828.9999451396379
hust_to_luh,naive_cross,hust,luh,pytorch_1d_cnn,100,123,luh,luh_P046_3_S14_C06,1044.0,828.9999451396379
hust_to_luh,naive_cross,hust,luh,pytorch_1d_cnn,100,123,luh,luh_P047_1_S13_C04,1015.0,828.9999451396379
hust_to_luh,naive_cross,hust,luh,pytorch_1d_cnn,100,123,luh,luh_P047_2_S14_C04,923.0,828.9999451396379
hust_to_luh,naive_cross,hust,luh,pytorch_1d_cnn,100,123,luh,luh_P047_3_S15_C01,866.0,828.9999451396379
hust_to_luh,naive_cross,hust,luh,pytorch_1d_cnn,100,123,luh,luh_P049_1_S10_C10,1466.0,828.9999451396379
hust_to_luh,naive_cross,hust,luh,pytorch_1d_cnn,100,123,luh,luh_P049_3_S15_C02,1380.0,828.9999451396379
hust_to_luh,naive_cross,hust,luh,pytorch_1d_cnn,100,123,luh,luh_P050_1_S10_C09,1615.0,828.9999451396379
hust_to_luh,naive_cross,hust,luh,pytorch_1d_cnn,100,123,luh,luh_P050_2_S11_C07,1575.0,828.9999451396379
hust_to_luh,naive_cross,hust,luh,pytorch_1d_cnn,100,123,luh,luh_P050_3_S12_C07,1555.0,828.9999451396379
hust_to_luh,naive_cross,hust,luh,pytorch_1d_cnn,100,123,luh,luh_P051_1_S10_C08,1234.0,828.9999451396379
hust_to_luh,naive_cross,hust,luh,pytorch_1d_cnn,100,123,luh,luh_P051_2_S11_C05,1318.0,828.9999451396379
hust_to_luh,naive_cross,hust,luh,pytorch_1d_cnn,100,123,luh,luh_P051_3_S12_C05,1238.0,828.9999451396379
hust_to_luh,naive_cross,hust,luh,pytorch_1d_cnn,100,123,luh,luh_P053_1_S15_C08,323.0,828.9999451396379
hust_to_luh,naive_cross,hust,luh,pytorch_1d_cnn,100,123,luh,luh_P053_2_S16_C08,332.0,828.9999451396379
hust_to_luh,naive_cross,hust,luh,pytorch_1d_cnn,100,123,luh,luh_P053_3_S19_C07,377.0,828.9999451396379
hust_to_luh,naive_cross,hust,luh,pytorch_1d_cnn,100,123,luh,luh_P054_1_S16_C06,359.0,828.9999451396379
hust_to_luh,naive_cross,hust,luh,pytorch_1d_cnn,100,123,luh,luh_P054_2_S17_C06,376.0,828.9999451396379
hust_to_luh,naive_cross,hust,luh,pytorch_1d_cnn,100,123,luh,luh_P054_3_S19_C05,384.0,828.9999451396379
hust_to_luh,naive_cross,hust,luh,pytorch_1d_cnn,100,123,luh,luh_P055_1_S15_C05,354.0,828.9999451396379
hust_to_luh,naive_cross,hust,luh,pytorch_1d_cnn,100,123,luh,luh_P055_2_S16_C04,350.0,828.9999451396379
hust_to_luh,naive_cross,hust,luh,pytorch_1d_cnn,100,123,luh,luh_P055_3_S17_C04,351.0,828.9999451396379
hust_to_luh,naive_cross,hust,luh,pytorch_1d_cnn,100,123,luh,luh_P057_1_S17_C08,555.0,828.9999451396379
hust_to_luh,naive_cross,hust,luh,pytorch_1d_cnn,100,123,luh,luh_P057_2_S18_C08,556.0,828.9999451396379
hust_to_luh,naive_cross,hust,luh,pytorch_1d_cnn,100,123,luh,luh_P057_3_S19_C08,539.0,828.9999451396379
hust_to_luh,naive_cross,hust,luh,pytorch_1d_cnn,100,123,luh,luh_P058_1_S15_C07,707.0,828.9999451396379
hust_to_luh,naive_cross,hust,luh,pytorch_1d_cnn,100,123,luh,luh_P058_2_S18_C06,672.0,828.9999451396379
hust_to_luh,naive_cross,hust,luh,pytorch_1d_cnn,100,123,luh,luh_P058_3_S19_C06,712.0,828.9999451396379
hust_to_luh,naive_cross,hust,luh,pytorch_1d_cnn,100,123,luh,luh_P059_1_S15_C06,605.0,828.9999451396379
hust_to_luh,naive_cross,hust,luh,pytorch_1d_cnn,100,123,luh,luh_P059_2_S18_C04,660.0,828.9999451396379
hust_to_luh,naive_cross,hust,luh,pytorch_1d_cnn,100,123,luh,luh_P059_3_S19_C04,664.0,828.9999451396379
hust_to_luh,naive_cross,hust,luh,pytorch_1d_cnn,100,123,luh,luh_P061_1_S16_C09,947.0,828.9999451396379
hust_to_luh,naive_cross,hust,luh,pytorch_1d_cnn,100,123,luh,luh_P061_2_S17_C09,942.0,828.9999451396379
hust_to_luh,naive_cross,hust,luh,pytorch_1d_cnn,100,123,luh,luh_P061_3_S18_C09,1033.0,828.9999451396379
hust_to_luh,naive_cross,hust,luh,pytorch_1d_cnn,100,123,luh,luh_P062_1_S16_C07,1120.0,828.9999451396379
hust_to_luh,naive_cross,hust,luh,pytorch_1d_cnn,100,123,luh,luh_P062_2_S17_C07,1148.0,828.9999451396379
hust_to_luh,naive_cross,hust,luh,pytorch_1d_cnn,100,123,luh,luh_P062_3_S18_C07,1128.0,828.9999451396379
hust_to_luh,naive_cross,hust,luh,pytorch_1d_cnn,100,123,luh,luh_P063_1_S16_C05,1149.0,828.9999451396379
hust_to_luh,naive_cross,hust,luh,pytorch_1d_cnn,100,123,luh,luh_P063_2_S17_C05,1236.0,828.9999451396379
hust_to_luh,naive_cross,hust,luh,pytorch_1d_cnn,100,123,luh,luh_P063_3_S18_C05,1335.0,828.9999451396379
hust_to_luh,naive_cross,hust,luh,pytorch_1d_cnn,100,42,luh,luh_P017_1_S01_C08,139.0,1086.8903331707868
hust_to_luh,naive_cross,hust,luh,pytorch_1d_cnn,100,42,luh,luh_P017_2_S04_C07,127.0,1070.147835640075
hust_to_luh,naive_cross,hust,luh,pytorch_1d_cnn,100,42,luh,luh_P017_3_S05_C05,126.0,1069.1277496266966
hust_to_luh,naive_cross,hust,luh,pytorch_1d_cnn,100,42,luh,luh_P018_1_S01_C06,109.0,1062.000142614082
hust_to_luh,naive_cross,hust,luh,pytorch_1d_cnn,100,42,luh,luh_P018_2_S02_C06,107.0,1062.000142614082
hust_to_luh,naive_cross,hust,luh,pytorch_1d_cnn,100,42,luh,luh_P018_3_S04_C05,107.0,1062.000142614082
hust_to_luh,naive_cross,hust,luh,pytorch_1d_cnn,100,42,luh,luh_P019_1_S01_C04,63.0,1062.000142614082
hust_to_luh,naive_cross,hust,luh,pytorch_1d_cnn,100,42,luh,luh_P019_2_S02_C04,62.0,1062.000142614082
hust_to_luh,naive_cross,hust,luh,pytorch_1d_cnn,100,42,luh,luh_P019_3_S05_C02,60.0,1062.000142614082
hust_to_luh,naive_cross,hust,luh,pytorch_1d_cnn,100,42,luh,luh_P021_1_S02_C08,451.0,1217.4144165917287
hust_to_luh,naive_cross,hust,luh,pytorch_1d_cnn,100,42,luh,luh_P021_2_S03_C08,428.0,1207.8476914670937
hust_to_luh,naive_cross,hust,luh,pytorch_1d_cnn,100,42,luh,luh_P021_3_S04_C08,430.0,1213.0365657461623
hust_to_luh,naive_cross,hust,luh,pytorch_1d_cnn,100,42,luh,luh_P022_1_S03_C06,341.0,1201.5827214355734
hust_to_luh,naive_cross,hust,luh,pytorch_1d_cnn,100,42,luh,luh_P022_2_S04_C06,344.0,1197.1910123651091
hust_to_luh,naive_cross,hust,luh,pytorch_1d_cnn,100,42,luh,luh_P022_3_S05_C04,314.0,1188.8388406534452
hust_to_luh,naive_cross,hust,luh,pytorch_1d_cnn,100,42,luh,luh_P023_1_S03_C04,82.0,1062.000142614082
hust_to_luh,naive_cross,hust,luh,pytorch_1d_cnn,100,42,luh,luh_P023_2_S04_C04,72.0,1062.000142614082
hust_to_luh,naive_cross,hust,luh,pytorch_1d_cnn,100,42,luh,luh_P023_3_S05_C03,79.0,1062.000142614082
hust_to_luh,naive_cross,hust,luh,pytorch_1d_cnn,100,42,luh,luh_P025_1_S01_C09,718.0,1269.2144566551117
hust_to_luh,naive_cross,hust,luh,pytorch_1d_cnn,100,42,luh,luh_P025_2_S02_C09,690.0,1265.6487439601651
hust_to_luh,naive_cross,hust,luh,pytorch_1d_cnn,100,42,luh,luh_P025_3_S03_C09,702.0,1268.6009234573987
hust_to_luh,naive_cross,hust,luh,pytorch_1d_cnn,100,42,luh,luh_P026_1_S01_C07,581.0,1254.7866063244944
hust_to_luh,naive_cross,hust,luh,pytorch_1d_cnn,100,42,luh,luh_P026_2_S02_C07,613.0,1257.5959089133253
hust_to_luh,naive_cross,hust,luh,pytorch_1d_cnn,100,42,luh,luh_P026_3_S03_C07,563.0,1256.693132401776
hust_to_luh,naive_cross,hust,luh,pytorch_1d_cnn,100,42,luh,luh_P027_1_S01_C05,269.0,1238.9745220304162
hust_to_luh,naive_cross,hust,luh,pytorch_1d_cnn,100,42,luh,luh_P027_2_S02_C05,285.0,1247.967500423769
hust_to_luh,naive_cross,hust,luh,pytorch_1d_cnn,100,42,luh,luh_P027_3_S03_C05,298.0,1242.884613334613
hust_to_luh,naive_cross,hust,luh,pytorch_1d_cnn,100,42,luh,luh_P029_1_S06_C08,132.0,1076.5588081110843
hust_to_luh,naive_cross,hust,luh,pytorch_1d_cnn,100,42,luh,luh_P029_2_S08_C07,135.0,1083.8197845080335
hust_to_luh,naive_cross,hust,luh,pytorch_1d_cnn,100,42,luh,luh_P029_3_S09_C07,135.0,1087.6955041004458
hust_to_luh,naive_cross,hust,luh,pytorch_1d_cnn,100,42,luh,luh_P030_1_S06_C06,118.0,1067.7771240960035
hust_to_luh,naive_cross,hust,luh,pytorch_1d_cnn,100,42,luh,luh_P030_2_S08_C05,123.0,1071.0733846299845
hust_to_luh,naive_cross,hust,luh,pytorch_1d_cnn,100,42,luh,luh_P030_3_S09_C05,123.0,1072.2195594459456
hust_to_luh,naive_cross,hust,luh,pytorch_1d_cnn,100,42,luh,luh_P031_1_S06_C04,97.0,1062.000142614082
hust_to_luh,naive_cross,hust,luh,pytorch_1d_cnn,100,42,luh,luh_P031_2_S07_C04,94.0,1062.000142614082
hust_to_luh,naive_cross,hust,luh,pytorch_1d_cnn,100,42,luh,luh_P031_3_S09_C03,90.0,1062.000142614082
hust_to_luh,naive_cross,hust,luh,pytorch_1d_cnn,100,42,luh,luh_P033_1_S07_C08,524.0,1223.499369345759
hust_to_luh,naive_cross,hust,luh,pytorch_1d_cnn,100,42,luh,luh_P033_2_S08_C08,508.0,1221.2541367975075
hust_to_luh,naive_cross,hust,luh,pytorch_1d_cnn,100,42,luh,luh_P033_3_S09_C08,523.0,1221.1306870947144
hust_to_luh,naive_cross,hust,luh,pytorch_1d_cnn,100,42,luh,luh_P034_1_S07_C06,446.0,1219.8160236639203
hust_to_luh,naive_cross,hust,luh,pytorch_1d_cnn,100,42,luh,luh_P034_2_S08_C06,448.0,1218.1925464601047
hust_to_luh,naive_cross,hust,luh,pytorch_1d_cnn,100,42,luh,luh_P034_3_S09_C06,440.0,1215.5014043913793
hust_to_luh,naive_cross,hust,luh,pytorch_1d_cnn,100,42,luh,luh_P035_1_S08_C04,279.0,1213.8524134605334
hust_to_luh,naive_cross,hust,luh,pytorch_1d_cnn,100,42,luh,luh_P035_2_S09_C04,360.0,1222.084835106378
hust_to_luh,naive_cross,hust,luh,pytorch_1d_cnn,100,42,luh,luh_P035_3_S10_C02,342.0,1212.5588841532888
hust_to_luh,naive_cross,hust,luh,pytorch_1d_cnn,100,42,luh,luh_P037_1_S05_C11,741.0,1261.5948460333775
hust_to_luh,naive_cross,hust,luh,pytorch_1d_cnn,100,42,luh,luh_P037_3_S10_C04,783.0,1270.3364038097018
hust_to_luh,naive_cross,hust,luh,pytorch_1d_cnn,100,42,luh,luh_P038_1_S06_C07,734.0,1267.6533740429372
hust_to_luh,naive_cross,hust,luh,pytorch_1d_cnn,100,42,luh,luh_P038_2_S07_C07,816.0,1276.82833479443
hust_to_luh,naive_cross,hust,luh,pytorch_1d_cnn,100,42,luh,luh_P038_3_S10_C03,697.0,1264.0275527078084
hust_to_luh,naive_cross,hust,luh,pytorch_1d_cnn,100,42,luh,luh_P039_1_S05_C10,552.0,1265.8092873627008
hust_to_luh,naive_cross,hust,luh,pytorch_1d_cnn,100,42,luh,luh_P039_2_S06_C05,588.0,1261.9684796121012
hust_to_luh,naive_cross,hust,luh,pytorch_1d_cnn,100,42,luh,luh_P039_3_S07_C05,547.0,1257.5083603657793
hust_to_luh,naive_cross,hust,luh,pytorch_1d_cnn,100,42,luh,luh_P041_1_S11_C08,236.0,1149.0474303458502
hust_to_luh,naive_cross,hust,luh,pytorch_1d_cnn,100,42,luh,luh_P041_2_S13_C07,220.0,1148.732973896389
hust_to_luh,naive_cross,hust,luh,pytorch_1d_cnn,100,42,luh,luh_P041_3_S14_C07,237.0,1150.7038547325446
hust_to_luh,naive_cross,hust,luh,pytorch_1d_cnn,100,42,luh,luh_P042_1_S11_C06,180.0,1135.0277557629595
hust_to_luh,naive_cross,hust,luh,pytorch_1d_cnn,100,42,luh,luh_P042_2_S13_C05,204.0,1154.5384983498582
hust_to_luh,naive_cross,hust,luh,pytorch_1d_cnn,100,42,luh,luh_P042_3_S14_C05,197.0,1137.2608725591037
hust_to_luh,naive_cross,hust,luh,pytorch_1d_cnn,100,42,luh,luh_P043_1_S11_C04,160.0,1106.989462908876
hust_to_luh,naive_cross,hust,luh,pytorch_1d_cnn,100,42,luh,luh_P043_2_S12_C04,156.0,1105.071849660594
hust_to_luh,naive_cross,hust,luh,pytorch_1d_cnn,100,42,luh,luh_P043_3_S14_C03,153.0,1095.4561849122738
hust_to_luh,naive_cross,hust,luh,pytorch_1d_cnn,100,42,luh,luh_P045_1_S12_C08,975.0,1246.5526142551885
hust_to_luh,naive_cross,hust,luh,pytorch_1d_cnn,100,42,luh,luh_P045_2_S13_C08,980.0,1247.9942791885123
hust_to_luh,naive_cross,hust,luh,pytorch_1d_cnn,100,42,luh,luh_P045_3_S14_C08,845.0,1226.3403687450405
hust_to_luh,naive_cross,hust,luh,pytorch_1d_cnn,100,42,luh,luh_P046_1_S12_C06,1095.0,1248.7609905872062
hust_to_luh,naive_cross,hust,luh,pytorch_1d_cnn,100,42,luh,luh_P046_2_S13_C06,937.0,1243.0114476691278
hust_to_luh,naive_cross,hust,luh,pytorch_1d_cnn,100,42,luh,luh_P046_3_S14_C06,1044.0,1250.793146036104
hust_to_luh,naive_cross,hust,luh,pytorch_1d_cnn,100,42,luh,luh_P047_1_S13_C04,1015.0,1251.9089575327384
hust_to_luh,naive_cross,hust,luh,pytorch_1d_cnn,100,42,luh,luh_P047_2_S14_C04,923.0,1242.1712632309477
hust_to_luh,naive_cross,hust,luh,pytorch_1d_cnn,100,42,luh,luh_P047_3_S15_C01,866.0,1250.4317649141135
hust_to_luh,naive_cross,hust,luh,pytorch_1d_cnn,100,42,luh,luh_P049_1_S10_C10,1466.0,1272.1330972173819
hust_to_luh,naive_cross,hust,luh,pytorch_1d_cnn,100,42,luh,luh_P049_3_S15_C02,1380.0,1262.2302695185874
hust_to_luh,naive_cross,hust,luh,pytorch_1d_cnn,100,42,luh,luh_P050_1_S10_C09,1615.0,1275.475602345614
hust_to_luh,naive_cross,hust,luh,pytorch_1d_cnn,100,42,luh,luh_P050_2_S11_C07,1575.0,1269.0843434726744
hust_to_luh,naive_cross,hust,luh,pytorch_1d_cnn,100,42,luh,luh_P050_3_S12_C07,1555.0,1271.9668995840839
hust_to_luh,naive_cross,hust,luh,pytorch_1d_cnn,100,42,luh,luh_P051_1_S10_C08,1234.0,1276.2050356441093
hust_to_luh,naive_cross,hust,luh,pytorch_1d_cnn,100,42,luh,luh_P051_2_S11_C05,1318.0,1290.102583708929
hust_to_luh,naive_cross,hust,luh,pytorch_1d_cnn,100,42,luh,luh_P051_3_S12_C05,1238.0,1279.930479804118
hust_to_luh,naive_cross,hust,luh,pytorch_1d_cnn,100,42,luh,luh_P053_1_S15_C08,323.0,1130.034619167433
hust_to_luh,naive_cross,hust,luh,pytorch_1d_cnn,100,42,luh,luh_P053_2_S16_C08,332.0,1132.4814539478023
hust_to_luh,naive_cross,hust,luh,pytorch_1d_cnn,100,42,luh,luh_P053_3_S19_C07,377.0,1150.237555634521
hust_to_luh,naive_cross,hust,luh,pytorch_1d_cnn,100,42,luh,luh_P054_1_S16_C06,359.0,1146.6511889419905
hust_to_luh,naive_cross,hust,luh,pytorch_1d_cnn,100,42,luh,luh_P054_2_S17_C06,376.0,1151.4497774593342
hust_to_luh,naive_cross,hust,luh,pytorch_1d_cnn,100,42,luh,luh_P054_3_S19_C05,384.0,1157.6189446281749
hust_to_luh,naive_cross,hust,luh,pytorch_1d_cnn,100,42,luh,luh_P055_1_S15_C05,354.0,1140.8722690076886
hust_to_luh,naive_cross,hust,luh,pytorch_1d_cnn,100,42,luh,luh_P055_2_S16_C04,350.0,1138.1277794141913
hust_to_luh,naive_cross,hust,luh,pytorch_1d_cnn,100,42,luh,luh_P055_3_S17_C04,351.0,1140.7928462699242
hust_to_luh,naive_cross,hust,luh,pytorch_1d_cnn,100,42,luh,luh_P057_1_S17_C08,555.0,1221.8902169609921
hust_to_luh,naive_cross,hust,luh,pytorch_1d_cnn,100,42,luh,luh_P057_2_S18_C08,556.0,1224.7473358742718
hust_to_luh,naive_cross,hust,luh,pytorch_1d_cnn,100,42,luh,luh_P057_3_S19_C08,539.0,1237.268317455451
hust_to_luh,naive_cross,hust,luh,pytorch_1d_cnn,100,42,luh,luh_P058_1_S15_C07,707.0,1241.368937778311
hust_to_luh,naive_cross,hust,luh,pytorch_1d_cnn,100,42,luh,luh_P058_2_S18_C06,672.0,1240.9499214800971
hust_to_luh,naive_cross,hust,luh,pytorch_1d_cnn,100,42,luh,luh_P058_3_S19_C06,712.0,1251.7609210219948
hust_to_luh,naive_cross,hust,luh,pytorch_1d_cnn,100,42,luh,luh_P059_1_S15_C06,605.0,1254.7465189299285
hust_to_luh,naive_cross,hust,luh,pytorch_1d_cnn,100,42,luh,luh_P059_2_S18_C04,660.0,1256.2755329279153
hust_to_luh,naive_cross,hust,luh,pytorch_1d_cnn,100,42,luh,luh_P059_3_S19_C04,664.0,1256.0119834801012
hust_to_luh,naive_cross,hust,luh,pytorch_1d_cnn,100,42,luh,luh_P061_1_S16_C09,947.0,1246.672689364418
hust_to_luh,naive_cross,hust,luh,pytorch_1d_cnn,100,42,luh,luh_P061_2_S17_C09,942.0,1249.3899500850418
hust_to_luh,naive_cross,hust,luh,pytorch_1d_cnn,100,42,luh,luh_P061_3_S18_C09,1033.0,1258.9861085605992
hust_to_luh,naive_cross,hust,luh,pytorch_1d_cnn,100,42,luh,luh_P062_1_S16_C07,1120.0,1263.0436690654587
hust_to_luh,naive_cross,hust,luh,pytorch_1d_cnn,100,42,luh,luh_P062_2_S17_C07,1148.0,1261.0824079767049
hust_to_luh,naive_cross,hust,luh,pytorch_1d_cnn,100,42,luh,luh_P062_3_S18_C07,1128.0,1263.3333923094567
hust_to_luh,naive_cross,hust,luh,pytorch_1d_cnn,100,42,luh,luh_P063_1_S16_C05,1149.0,1286.4168456148464
hust_to_luh,naive_cross,hust,luh,pytorch_1d_cnn,100,42,luh,luh_P063_2_S17_C05,1236.0,1275.0438575795574
hust_to_luh,naive_cross,hust,luh,pytorch_1d_cnn,100,42,luh,luh_P063_3_S18_C05,1335.0,1276.965330962148
hust_to_luh,naive_cross,hust,luh,pytorch_1d_cnn,100,456,luh,luh_P017_1_S01_C08,139.0,1026.4869212525925
hust_to_luh,naive_cross,hust,luh,pytorch_1d_cnn,100,456,luh,luh_P017_2_S04_C07,127.0,1003.2693790738404
hust_to_luh,naive_cross,hust,luh,pytorch_1d_cnn,100,456,luh,luh_P017_3_S05_C05,126.0,1001.926463948724
hust_to_luh,naive_cross,hust,luh,pytorch_1d_cnn,100,456,luh,luh_P018_1_S01_C06,109.0,973.1409440647009
hust_to_luh,naive_cross,hust,luh,pytorch_1d_cnn,100,456,luh,luh_P018_2_S02_C06,107.0,968.6336209877946
hust_to_luh,naive_cross,hust,luh,pytorch_1d_cnn,100,456,luh,luh_P018_3_S04_C05,107.0,966.3380281054868
hust_to_luh,naive_cross,hust,luh,pytorch_1d_cnn,100,456,luh,luh_P019_1_S01_C04,63.0,828.9999451396379
hust_to_luh,naive_cross,hust,luh,pytorch_1d_cnn,100,456,luh,luh_P019_2_S02_C04,62.0,828.9999451396379
hust_to_luh,naive_cross,hust,luh,pytorch_1d_cnn,100,456,luh,luh_P019_3_S05_C02,60.0,828.9999451396379
hust_to_luh,naive_cross,hust,luh,pytorch_1d_cnn,100,456,luh,luh_P021_1_S02_C08,451.0,1214.930636150469
hust_to_luh,naive_cross,hust,luh,pytorch_1d_cnn,100,456,luh,luh_P021_2_S03_C08,428.0,1200.9532041374046
hust_to_luh,naive_cross,hust,luh,pytorch_1d_cnn,100,456,luh,luh_P021_3_S04_C08,430.0,1208.193885013753
hust_to_luh,naive_cross,hust,luh,pytorch_1d_cnn,100,456,luh,luh_P022_1_S03_C06,341.0,1190.5855539090524
hust_to_luh,naive_cross,hust,luh,pytorch_1d_cnn,100,456,luh,luh_P022_2_S04_C06,344.0,1183.4656359480125
hust_to_luh,naive_cross,hust,luh,pytorch_1d_cnn,100,456,luh,luh_P022_3_S05_C04,314.0,1171.9081620313584
hust_to_luh,naive_cross,hust,luh,pytorch_1d_cnn,100,456,luh,luh_P023_1_S03_C04,82.0,876.4953142225884
hust_to_luh,naive_cross,hust,luh,pytorch_1d_cnn,100,456,luh,luh_P023_2_S04_C04,72.0,834.1909760351953
hust_to_luh,naive_cross,hust,luh,pytorch_1d_cnn,100,456,luh,luh_P023_3_S05_C03,79.0,858.3881454998251
hust_to_luh,naive_cross,hust,luh,pytorch_1d_cnn,100,456,luh,luh_P025_1_S01_C09,718.0,1291.3088782686916
hust_to_luh,naive_cross,hust,luh,pytorch_1d_cnn,100,456,luh,luh_P025_2_S02_C09,690.0,1285.8912594829421
hust_to_luh,naive_cross,hust,luh,pytorch_1d_cnn,100,456,luh,luh_P025_3_S03_C09,702.0,1290.3535970161224
hust_to_luh,naive_cross,hust,luh,pytorch_1d_cnn,100,456,luh,luh_P026_1_S01_C07,581.0,1268.6475028490697
hust_to_luh,naive_cross,hust,luh,pytorch_1d_cnn,100,456,luh,luh_P026_2_S02_C07,613.0,1272.9097826424463
hust_to_luh,naive_cross,hust,luh,pytorch_1d_cnn,100,456,luh,luh_P026_3_S03_C07,563.0,1271.381135138278
hust_to_luh,naive_cross,hust,luh,pytorch_1d_cnn,100,456,luh,luh_P027_1_S01_C05,269.0,1245.907854231121
hust_to_luh,naive_cross,hust,luh,pytorch_1d_cnn,100,456,luh,luh_P027_2_S02_C05,285.0,1258.9488885665762
hust_to_luh,naive_cross,hust,luh,pytorch_1d_cnn,100,456,luh,luh_P027_3_S03_C05,298.0,1251.402243860826
hust_to_luh,naive_cross,hust,luh,pytorch_1d_cnn,100,456,luh,luh_P029_1_S06_C08,132.0,1010.5110380244687
hust_to_luh,naive_cross,hust,luh,pytorch_1d_cnn,100,456,luh,luh_P029_2_S08_C07,135.0,1021.879659181902
hust_to_luh,naive_cross,hust,luh,pytorch_1d_cnn,100,456,luh,luh_P029_3_S09_C07,135.0,1027.3061264381404
hust_to_luh,naive_cross,hust,luh,pytorch_1d_cnn,100,456,luh,luh_P030_1_S06_C06,118.0,997.4346702516852
hust_to_luh,naive_cross,hust,luh,pytorch_1d_cnn,100,456,luh,luh_P030_2_S08_C05,123.0,1002.0291867042783
hust_to_luh,naive_cross,hust,luh,pytorch_1d_cnn,100,456,luh,luh_P030_3_S09_C05,123.0,1003.9723891649013
hust_to_luh,naive_cross,hust,luh,pytorch_1d_cnn,100,456,luh,luh_P031_1_S06_C04,97.0,937.1130772733421
hust_to_luh,naive_cross,hust,luh,pytorch_1d_cnn,100,456,luh,luh_P031_2_S07_C04,94.0,928.1809293509485
hust_to_luh,naive_cross,hust,luh,pytorch_1d_cnn,100,456,luh,luh_P031_3_S09_C03,90.0,916.5142555170206
hust_to_luh,naive_cross,hust,luh,pytorch_1d_cnn,100,456,luh,luh_P033_1_S07_C08,524.0,1224.1086009770966
hust_to_luh,naive_cross,hust,luh,pytorch_1d_cnn,100,456,luh,luh_P033_2_S08_C08,508.0,1221.1213706424678
hust_to_luh,naive_cross,hust,luh,pytorch_1d_cnn,100,456,luh,luh_P033_3_S09_C08,523.0,1220.8832429617373
hust_to_luh,naive_cross,hust,luh,pytorch_1d_cnn,100,456,luh,luh_P034_1_S07_C06,446.0,1217.609483050557
hust_to_luh,naive_cross,hust,luh,pytorch_1d_cnn,100,456,luh,luh_P034_2_S08_C06,448.0,1215.181509371693
hust_to_luh,naive_cross,hust,luh,pytorch_1d_cnn,100,456,luh,luh_P034_3_S09_C06,440.0,1211.3371997242587
hust_to_luh,naive_cross,hust,luh,pytorch_1d_cnn,100,456,luh,luh_P035_1_S08_C04,279.0,1209.8876874892221
hust_to_luh,naive_cross,hust,luh,pytorch_1d_cnn,100,456,luh,luh_P035_2_S09_C04,360.0,1221.9123575826138
hust_to_luh,naive_cross,hust,luh,pytorch_1d_cnn,100,456,luh,luh_P035_3_S10_C02,342.0,1208.0291282911278
hust_to_luh,naive_cross,hust,luh,pytorch_1d_cnn,100,456,luh,luh_P037_1_S05_C11,741.0,1280.2539894403956
hust_to_luh,naive_cross,hust,luh,pytorch_1d_cnn,100,456,luh,luh_P037_3_S10_C04,783.0,1293.2172463682225
hust_to_luh,naive_cross,hust,luh,pytorch_1d_cnn,100,456,luh,luh_P038_1_S06_C07,734.0,1288.0980769634962
hust_to_luh,naive_cross,hust,luh,pytorch_1d_cnn,100,456,luh,luh_P038_2_S07_C07,816.0,1302.2766460380365
hust_to_luh,naive_cross,hust,luh,pytorch_1d_cnn,100,456,luh,luh_P038_3_S10_C03,697.0,1282.7177829572952
hust_to_luh,naive_cross,hust,luh,pytorch_1d_cnn,100,456,luh,luh_P039_1_S05_C10,552.0,1286.1917433452593
hust_to_luh,naive_cross,hust,luh,pytorch_1d_cnn,100,456,luh,luh_P039_2_S06_C05,588.0,1280.755896335832
hust_to_luh,naive_cross,hust,luh,pytorch_1d_cnn,100,456,luh,luh_P039_3_S07_C05,547.0,1274.0696247358724
hust_to_luh,naive_cross,hust,luh,pytorch_1d_cnn,100,456,luh,luh_P041_1_S11_C08,236.0,1117.250698572143
hust_to_luh,naive_cross,hust,luh,pytorch_1d_cnn,100,456,luh,luh_P041_2_S13_C07,220.0,1115.1706633248984
hust_to_luh,naive_cross,hust,luh,pytorch_1d_cnn,100,456,luh,luh_P041_3_S14_C07,237.0,1119.8417817195477
hust_to_luh,naive_cross,hust,luh,pytorch_1d_cnn,100,456,luh,luh_P042_1_S11_C06,180.0,1092.3796679609547
hust_to_luh,naive_cross,hust,luh,pytorch_1d_cnn,100,456,luh,luh_P042_2_S13_C05,204.0,1122.0835438048648
hust_to_luh,naive_cross,hust,luh,pytorch_1d_cnn,100,456,luh,luh_P042_3_S14_C05,197.0,1096.3382737752936
hust_to_luh,naive_cross,hust,luh,pytorch_1d_cnn,100,456,luh,luh_P043_1_S11_C04,160.0,1054.7560801416112
hust_to_luh,naive_cross,hust,luh,pytorch_1d_cnn,100,456,luh,luh_P043_2_S12_C04,156.0,1052.167074558399
hust_to_luh,naive_cross,hust,luh,pytorch_1d_cnn,100,456,luh,luh_P043_3_S14_C03,153.0,1038.5803861997972
hust_to_luh,naive_cross,hust,luh,pytorch_1d_cnn,100,456,luh,luh_P045_1_S12_C08,975.0,1258.0139472943383
hust_to_luh,naive_cross,hust,luh,pytorch_1d_cnn,100,456,luh,luh_P045_2_S13_C08,980.0,1260.1308602552926
hust_to_luh,naive_cross,hust,luh,pytorch_1d_cnn,100,456,luh,luh_P045_3_S14_C08,845.0,1229.016243128385
hust_to_luh,naive_cross,hust,luh,pytorch_1d_cnn,100,456,luh,luh_P046_1_S12_C06,1095.0,1260.0130938238085
hust_to_luh,naive_cross,hust,luh,pytorch_1d_cnn,100,456,luh,luh_P046_2_S13_C06,937.0,1251.8462786473397
hust_to_luh,naive_cross,hust,luh,pytorch_1d_cnn,100,456,luh,luh_P046_3_S14_C06,1044.0,1262.8593890670568
hust_to_luh,naive_cross,hust,luh,pytorch_1d_cnn,100,456,luh,luh_P047_1_S13_C04,1015.0,1266.9312450465989
hust_to_luh,naive_cross,hust,luh,pytorch_1d_cnn,100,456,luh,luh_P047_2_S14_C04,923.0,1252.0593996621726
hust_to_luh,naive_cross,hust,luh,pytorch_1d_cnn,100,456,luh,luh_P047_3_S15_C01,866.0,1264.3675411360036
hust_to_luh,naive_cross,hust,luh,pytorch_1d_cnn,100,456,luh,luh_P049_1_S10_C10,1466.0,1296.4877914437375
hust_to_luh,naive_cross,hust,luh,pytorch_1d_cnn,100,456,luh,luh_P049_3_S15_C02,1380.0,1281.7364642770299
hust_to_luh,naive_cross,hust,luh,pytorch_1d_cnn,100,456,luh,luh_P050_1_S10_C09,1615.0,1300.6990866855308
hust_to_luh,naive_cross,hust,luh,pytorch_1d_cnn,100,456,luh,luh_P050_2_S11_C07,1575.0,1290.7197456378194
hust_to_luh,naive_cross,hust,luh,pytorch_1d_cnn,100,456,luh,luh_P050_3_S12_C07,1555.0,1295.1982215263722
hust_to_luh,naive_cross,hust,luh,pytorch_1d_cnn,100,456,luh,luh_P051_1_S10_C08,1234.0,1303.3339726003237
hust_to_luh,naive_cross,hust,luh,pytorch_1d_cnn,100,456,luh,luh_P051_2_S11_C05,1318.0,1324.4974904581088
hust_to_luh,naive_cross,hust,luh,pytorch_1d_cnn,100,456,luh,luh_P051_3_S12_C05,1238.0,1308.7620474702505
hust_to_luh,naive_cross,hust,luh,pytorch_1d_cnn,100,456,luh,luh_P053_1_S15_C08,323.0,1089.5564675445723
hust_to_luh,naive_cross,hust,luh,pytorch_1d_cnn,100,456,luh,luh_P053_2_S16_C08,332.0,1093.133130604941
hust_to_luh,naive_cross,hust,luh,pytorch_1d_cnn,100,456,luh,luh_P053_3_S19_C07,377.0,1108.4134716333172
hust_to_luh,naive_cross,hust,luh,pytorch_1d_cnn,100,456,luh,luh_P054_1_S16_C06,359.0,1109.476331684331
hust_to_luh,naive_cross,hust,luh,pytorch_1d_cnn,100,456,luh,luh_P054_2_S17_C06,376.0,1117.0472078862251
hust_to_luh,naive_cross,hust,luh,pytorch_1d_cnn,100,456,luh,luh_P054_3_S19_C05,384.0,1126.400056797436
hust_to_luh,naive_cross,hust,luh,pytorch_1d_cnn,100,456,luh,luh_P055_1_S15_C05,354.0,1106.8928698944817
hust_to_luh,naive_cross,hust,luh,pytorch_1d_cnn,100,456,luh,luh_P055_2_S16_C04,350.0,1103.0313191110995
hust_to_luh,naive_cross,hust,luh,pytorch_1d_cnn,100,456,luh,luh_P055_3_S17_C04,351.0,1107.6706036644812
hust_to_luh,naive_cross,hust,luh,pytorch_1d_cnn,100,456,luh,luh_P057_1_S17_C08,555.0,1222.3039632825266
hust_to_luh,naive_cross,hust,luh,pytorch_1d_cnn,100,456,luh,luh_P057_2_S18_C08,556.0,1226.384226878512
hust_to_luh,naive_cross,hust,luh,pytorch_1d_cnn,100,456,luh,luh_P057_3_S19_C08,539.0,1242.0907112184073
hust_to_luh,naive_cross,hust,luh,pytorch_1d_cnn,100,456,luh,luh_P058_1_S15_C07,707.0,1249.272591753271
hust_to_luh,naive_cross,hust,luh,pytorch_1d_cnn,100,456,luh,luh_P058_2_S18_C06,672.0,1248.461512315498
hust_to_luh,naive_cross,hust,luh,pytorch_1d_cnn,100,456,luh,luh_P058_3_S19_C06,712.0,1264.6810866681635
hust_to_luh,naive_cross,hust,luh,pytorch_1d_cnn,100,456,luh,luh_P059_1_S15_C06,605.0,1270.9489582290435
hust_to_luh,naive_cross,hust,luh,pytorch_1d_cnn,100,456,luh,luh_P059_2_S18_C04,660.0,1273.2248394104108
hust_to_luh,naive_cross,hust,luh,pytorch_1d_cnn,100,456,luh,luh_P059_3_S19_C04,664.0,1273.4106319645173
hust_to_luh,naive_cross,hust,luh,pytorch_1d_cnn,100,456,luh,luh_P061_1_S16_C09,947.0,1259.1542125628048
hust_to_luh,naive_cross,hust,luh,pytorch_1d_cnn,100,456,luh,luh_P061_2_S17_C09,942.0,1263.2996581187983
hust_to_luh,naive_cross,hust,luh,pytorch_1d_cnn,100,456,luh,luh_P061_3_S18_C09,1033.0,1276.9720289294291
hust_to_luh,naive_cross,hust,luh,pytorch_1d_cnn,100,456,luh,luh_P062_1_S16_C07,1120.0,1281.6949047398389
hust_to_luh,naive_cross,hust,luh,pytorch_1d_cnn,100,456,luh,luh_P062_2_S17_C07,1148.0,1278.656159428817
hust_to_luh,naive_cross,hust,luh,pytorch_1d_cnn,100,456,luh,luh_P062_3_S18_C07,1128.0,1282.1839258121238
hust_to_luh,naive_cross,hust,luh,pytorch_1d_cnn,100,456,luh,luh_P063_1_S16_C05,1149.0,1319.3677363400243
hust_to_luh,naive_cross,hust,luh,pytorch_1d_cnn,100,456,luh,luh_P063_2_S17_C05,1236.0,1301.7265793706238
hust_to_luh,naive_cross,hust,luh,pytorch_1d_cnn,100,456,luh,luh_P063_3_S18_C05,1335.0,1304.7392701081078
hust_to_luh,naive_cross,hust,luh,pytorch_1d_cnn,100,789,luh,luh_P017_1_S01_C08,139.0,1362.2612779433884
hust_to_luh,naive_cross,hust,luh,pytorch_1d_cnn,100,789,luh,luh_P017_2_S04_C07,127.0,1355.5450253802846
hust_to_luh,naive_cross,hust,luh,pytorch_1d_cnn,100,789,luh,luh_P017_3_S05_C05,126.0,1355.1979668506992
hust_to_luh,naive_cross,hust,luh,pytorch_1d_cnn,100,789,luh,luh_P018_1_S01_C06,109.0,1348.4573811904775
hust_to_luh,naive_cross,hust,luh,pytorch_1d_cnn,100,789,luh,luh_P018_2_S02_C06,107.0,1347.0724395523523
hust_to_luh,naive_cross,hust,luh,pytorch_1d_cnn,100,789,luh,luh_P018_3_S04_C05,107.0,1346.3474394164743
hust_to_luh,naive_cross,hust,luh,pytorch_1d_cnn,100,789,luh,luh_P019_1_S01_C04,63.0,1298.2756602268782
hust_to_luh,naive_cross,hust,luh,pytorch_1d_cnn,100,789,luh,luh_P019_2_S02_C04,62.0,1296.097139344162
hust_to_luh,naive_cross,hust,luh,pytorch_1d_cnn,100,789,luh,luh_P019_3_S05_C02,60.0,1293.356000969723
hust_to_luh,naive_cross,hust,luh,pytorch_1d_cnn,100,789,luh,luh_P021_1_S02_C08,451.0,1412.2059012369148
hust_to_luh,naive_cross,hust,luh,pytorch_1d_cnn,100,789,luh,luh_P021_2_S03_C08,428.0,1408.3700906853485
hust_to_luh,naive_cross,hust,luh,pytorch_1d_cnn,100,789,luh,luh_P021_3_S04_C08,430.0,1410.4823962569415
hust_to_luh,naive_cross,hust,luh,pytorch_1d_cnn,100,789,luh,luh_P022_1_S03_C06,341.0,1407.1966873166346
hust_to_luh,naive_cross,hust,luh,pytorch_1d_cnn,100,789,luh,luh_P022_2_S04_C06,344.0,1405.1274927962195
hust_to_luh,naive_cross,hust,luh,pytorch_1d_cnn,100,789,luh,luh_P022_3_S05_C04,314.0,1402.0621633601259
hust_to_luh,naive_cross,hust,luh,pytorch_1d_cnn,100,789,luh,luh_P023_1_S03_C04,82.0,1326.0552248738954
hust_to_luh,naive_cross,hust,luh,pytorch_1d_cnn,100,789,luh,luh_P023_2_S04_C04,72.0,1314.978737324928
hust_to_luh,naive_cross,hust,luh,pytorch_1d_cnn,100,789,luh,luh_P023_3_S05_C03,79.0,1322.2825351946494
hust_to_luh,naive_cross,hust,luh,pytorch_1d_cnn,100,789,luh,luh_P025_1_S01_C09,718.0,1432.1744701389714
hust_to_luh,naive_cross,hust,luh,pytorch_1d_cnn,100,789,luh,luh_P025_2_S02_C09,690.0,1430.7629000663617
hust_to_luh,naive_cross,hust,luh,pytorch_1d_cnn,100,789,luh,luh_P025_3_S03_C09,702.0,1431.9976063334714
hust_to_luh,naive_cross,hust,luh,pytorch_1d_cnn,100,789,luh,luh_P026_1_S01_C07,581.0,1426.7508191026752
hust_to_luh,naive_cross,hust,luh,pytorch_1d_cnn,100,789,luh,luh_P026_2_S02_C07,613.0,1427.8132061489368
hust_to_luh,naive_cross,hust,luh,pytorch_1d_cnn,100,789,luh,luh_P026_3_S03_C07,563.0,1427.581060495503
hust_to_luh,naive_cross,hust,luh,pytorch_1d_cnn,100,789,luh,luh_P027_1_S01_C05,269.0,1420.1465620367683
hust_to_luh,naive_cross,hust,luh,pytorch_1d_cnn,100,789,luh,luh_P027_2_S02_C05,285.0,1423.8358749142826
hust_to_luh,naive_cross,hust,luh,pytorch_1d_cnn,100,789,luh,luh_P027_3_S03_C05,298.0,1421.8045853151405
hust_to_luh,naive_cross,hust,luh,pytorch_1d_cnn,100,789,luh,luh_P029_1_S06_C08,132.0,1357.6790920854378
hust_to_luh,naive_cross,hust,luh,pytorch_1d_cnn,100,789,luh,luh_P029_2_S08_C07,135.0,1361.038673796285
hust_to_luh,naive_cross,hust,luh,pytorch_1d_cnn,100,789,luh,luh_P029_3_S09_C07,135.0,1363.0903901444108
hust_to_luh,naive_cross,hust,luh,pytorch_1d_cnn,100,789,luh,luh_P030_1_S06_C06,118.0,1355.8359249962848
hust_to_luh,naive_cross,hust,luh,pytorch_1d_cnn,100,789,luh,luh_P030_2_S08_C05,123.0,1357.3632016222402
hust_to_luh,naive_cross,hust,luh,pytorch_1d_cnn,100,789,luh,luh_P030_3_S09_C05,123.0,1357.8707335942713
hust_to_luh,naive_cross,hust,luh,pytorch_1d_cnn,100,789,luh,luh_P031_1_S06_C04,97.0,1337.3901718185086
hust_to_luh,naive_cross,hust,luh,pytorch_1d_cnn,100,789,luh,luh_P031_2_S07_C04,94.0,1334.788905023262
hust_to_luh,naive_cross,hust,luh,pytorch_1d_cnn,100,789,luh,luh_P031_3_S09_C03,90.0,1331.8833723091677
hust_to_luh,naive_cross,hust,luh,pytorch_1d_cnn,100,789,luh,luh_P033_1_S07_C08,524.0,1414.4298449562314
hust_to_luh,naive_cross,hust,luh,pytorch_1d_cnn,100,789,luh,luh_P033_2_S08_C08,508.0,1413.5802897826957
hust_to_luh,naive_cross,hust,luh,pytorch_1d_cnn,100,789,luh,luh_P033_3_S09_C08,523.0,1413.5135606445263
hust_to_luh,naive_cross,hust,luh,pytorch_1d_cnn,100,789,luh,luh_P034_1_S07_C06,446.0,1413.6119703752854
hust_to_luh,naive_cross,hust,luh,pytorch_1d_cnn,100,789,luh,luh_P034_2_S08_C06,448.0,1413.0889944718474
hust_to_luh,naive_cross,hust,luh,pytorch_1d_cnn,100,789,luh,luh_P034_3_S09_C06,440.0,1411.929164141045
hust_to_luh,naive_cross,hust,luh,pytorch_1d_cnn,100,789,luh,luh_P035_1_S08_C04,279.0,1410.7918125822396
hust_to_luh,naive_cross,hust,luh,pytorch_1d_cnn,100,789,luh,luh_P035_2_S09_C04,360.0,1413.7649908930116
hust_to_luh,naive_cross,hust,luh,pytorch_1d_cnn,100,789,luh,luh_P035_3_S10_C02,342.0,1410.07420508981
hust_to_luh,naive_cross,hust,luh,pytorch_1d_cnn,100,789,luh,luh_P037_1_S05_C11,741.0,1428.9813146909496
hust_to_luh,naive_cross,hust,luh,pytorch_1d_cnn,100,789,luh,luh_P037_3_S10_C04,783.0,1432.4893281000705
hust_to_luh,naive_cross,hust,luh,pytorch_1d_cnn,100,789,luh,luh_P038_1_S06_C07,734.0,1431.8624124411604
hust_to_luh,naive_cross,hust,luh,pytorch_1d_cnn,100,789,luh,luh_P038_2_S07_C07,816.0,1435.5013878980953
hust_to_luh,naive_cross,hust,luh,pytorch_1d_cnn,100,789,luh,luh_P038_3_S10_C03,697.0,1430.3399732187806
hust_to_luh,naive_cross,hust,luh,pytorch_1d_cnn,100,789,luh,luh_P039_1_S05_C10,552.0,1430.9969278380213
hust_to_luh,naive_cross,hust,luh,pytorch_1d_cnn,100,789,luh,luh_P039_2_S06_C05,588.0,1429.3281850008273
hust_to_luh,naive_cross,hust,luh,pytorch_1d_cnn,100,789,luh,luh_P039_3_S07_C05,547.0,1427.5170739021162
hust_to_luh,naive_cross,hust,luh,pytorch_1d_cnn,100,789,luh,luh_P041_1_S11_C08,236.0,1385.0102378123006
hust_to_luh,naive_cross,hust,luh,pytorch_1d_cnn,100,789,luh,luh_P041_2_S13_C07,220.0,1385.3616281323104
hust_to_luh,naive_cross,hust,luh,pytorch_1d_cnn,100,789,luh,luh_P041_3_S14_C07,237.0,1385.473933307421
hust_to_luh,naive_cross,hust,luh,pytorch_1d_cnn,100,789,luh,luh_P042_1_S11_C06,180.0,1381.0513791913804
hust_to_luh,naive_cross,hust,luh,pytorch_1d_cnn,100,789,luh,luh_P042_2_S13_C05,204.0,1388.327553167014
hust_to_luh,naive_cross,hust,luh,pytorch_1d_cnn,100,789,luh,luh_P042_3_S14_C05,197.0,1381.0210868393162
hust_to_luh,naive_cross,hust,luh,pytorch_1d_cnn,100,789,luh,luh_P043_1_S11_C04,160.0,1369.649389811043
hust_to_luh,naive_cross,hust,luh,pytorch_1d_cnn,100,789,luh,luh_P043_2_S12_C04,156.0,1369.1113413497385
hust_to_luh,naive_cross,hust,luh,pytorch_1d_cnn,100,789,luh,luh_P043_3_S14_C03,153.0,1364.852302425108
hust_to_luh,naive_cross,hust,luh,pytorch_1d_cnn,100,789,luh,luh_P045_1_S12_C08,975.0,1422.8931424703303
hust_to_luh,naive_cross,hust,luh,pytorch_1d_cnn,100,789,luh,luh_P045_2_S13_C08,980.0,1423.4855860781706
hust_to_luh,naive_cross,hust,luh,pytorch_1d_cnn,100,789,luh,luh_P045_3_S14_C08,845.0,1415.099060306784
hust_to_luh,naive_cross,hust,luh,pytorch_1d_cnn,100,789,luh,luh_P046_1_S12_C06,1095.0,1424.1699515239372
hust_to_luh,naive_cross,hust,luh,pytorch_1d_cnn,100,789,luh,luh_P046_2_S13_C06,937.0,1421.7666195435934
hust_to_luh,naive_cross,hust,luh,pytorch_1d_cnn,100,789,luh,luh_P046_3_S14_C06,1044.0,1425.0911050354823
hust_to_luh,naive_cross,hust,luh,pytorch_1d_cnn,100,789,luh,luh_P047_1_S13_C04,1015.0,1424.998011590458
hust_to_luh,naive_cross,hust,luh,pytorch_1d_cnn,100,789,luh,luh_P047_2_S14_C04,923.0,1421.0386864152674
hust_to_luh,naive_cross,hust,luh,pytorch_1d_cnn,100,789,luh,luh_P047_3_S15_C01,866.0,1424.4939177075437
hust_to_luh,naive_cross,hust,luh,pytorch_1d_cnn,100,789,luh,luh_P049_1_S10_C10,1466.0,1433.1001176197806
hust_to_luh,naive_cross,hust,luh,pytorch_1d_cnn,100,789,luh,luh_P049_3_S15_C02,1380.0,1429.0487740307426
hust_to_luh,naive_cross,hust,luh,pytorch_1d_cnn,100,789,luh,luh_P050_1_S10_C09,1615.0,1434.7814740560236
hust_to_luh,naive_cross,hust,luh,pytorch_1d_cnn,100,789,luh,luh_P050_2_S11_C07,1575.0,1432.2475438015922
hust_to_luh,naive_cross,hust,luh,pytorch_1d_cnn,100,789,luh,luh_P050_3_S12_C07,1555.0,1433.4144955754039
hust_to_luh,naive_cross,hust,luh,pytorch_1d_cnn,100,789,luh,luh_P051_1_S10_C08,1234.0,1434.9107855786751
hust_to_luh,naive_cross,hust,luh,pytorch_1d_cnn,100,789,luh,luh_P051_2_S11_C05,1318.0,1440.6477665027442
hust_to_luh,naive_cross,hust,luh,pytorch_1d_cnn,100,789,luh,luh_P051_3_S12_C05,1238.0,1436.4853520513448
hust_to_luh,naive_cross,hust,luh,pytorch_1d_cnn,100,789,luh,luh_P053_1_S15_C08,323.0,1377.2180990005559
hust_to_luh,naive_cross,hust,luh,pytorch_1d_cnn,100,789,luh,luh_P053_2_S16_C08,332.0,1378.3172111129193
hust_to_luh,naive_cross,hust,luh,pytorch_1d_cnn,100,789,luh,luh_P053_3_S19_C07,377.0,1385.3741794353023
hust_to_luh,naive_cross,hust,luh,pytorch_1d_cnn,100,789,luh,luh_P054_1_S16_C06,359.0,1384.3928786816725
hust_to_luh,naive_cross,hust,luh,pytorch_1d_cnn,100,789,luh,luh_P054_2_S17_C06,376.0,1386.5432701062423
hust_to_luh,naive_cross,hust,luh,pytorch_1d_cnn,100,789,luh,luh_P054_3_S19_C05,384.0,1388.4050100489692
hust_to_luh,naive_cross,hust,luh,pytorch_1d_cnn,100,789,luh,luh_P055_1_S15_C05,354.0,1382.3143710427905
hust_to_luh,naive_cross,hust,luh,pytorch_1d_cnn,100,789,luh,luh_P055_2_S16_C04,350.0,1381.1350158739065
hust_to_luh,naive_cross,hust,luh,pytorch_1d_cnn,100,789,luh,luh_P055_3_S17_C04,351.0,1382.413245407236
hust_to_luh,naive_cross,hust,luh,pytorch_1d_cnn,100,789,luh,luh_P057_1_S17_C08,555.0,1413.3174356572567
hust_to_luh,naive_cross,hust,luh,pytorch_1d_cnn,100,789,luh,luh_P057_2_S18_C08,556.0,1414.4467063744266
hust_to_luh,naive_cross,hust,luh,pytorch_1d_cnn,100,789,luh,luh_P057_3_S19_C08,539.0,1419.502711135043
hust_to_luh,naive_cross,hust,luh,pytorch_1d_cnn,100,789,luh,luh_P058_1_S15_C07,707.0,1421.16269336664
hust_to_luh,naive_cross,hust,luh,pytorch_1d_cnn,100,789,luh,luh_P058_2_S18_C06,672.0,1421.1355870979444
hust_to_luh,naive_cross,hust,luh,pytorch_1d_cnn,100,789,luh,luh_P058_3_S19_C06,712.0,1425.1876024701726
hust_to_luh,naive_cross,hust,luh,pytorch_1d_cnn,100,789,luh,luh_P059_1_S15_C06,605.0,1426.219582011249
hust_to_luh,naive_cross,hust,luh,pytorch_1d_cnn,100,789,luh,luh_P059_2_S18_C04,660.0,1426.8338215092858
hust_to_luh,naive_cross,hust,luh,pytorch_1d_cnn,100,789,luh,luh_P059_3_S19_C04,664.0,1426.6031956064674
hust_to_luh,naive_cross,hust,luh,pytorch_1d_cnn,100,789,luh,luh_P061_1_S16_C09,947.0,1422.633305170407
hust_to_luh,naive_cross,hust,luh,pytorch_1d_cnn,100,789,luh,luh_P061_2_S17_C09,942.0,1423.8100755096345
hust_to_luh,naive_cross,hust,luh,pytorch_1d_cnn,100,789,luh,luh_P061_3_S18_C09,1033.0,1427.7580596282032
hust_to_luh,naive_cross,hust,luh,pytorch_1d_cnn,100,789,luh,luh_P062_1_S16_C07,1120.0,1429.814217609199
hust_to_luh,naive_cross,hust,luh,pytorch_1d_cnn,100,789,luh,luh_P062_2_S17_C07,1148.0,1429.0528625779293
hust_to_luh,naive_cross,hust,luh,pytorch_1d_cnn,100,789,luh,luh_P062_3_S18_C07,1128.0,1429.9185350623366
hust_to_luh,naive_cross,hust,luh,pytorch_1d_cnn,100,789,luh,luh_P063_1_S16_C05,1149.0,1439.0905961188466
hust_to_luh,naive_cross,hust,luh,pytorch_1d_cnn,100,789,luh,luh_P063_2_S17_C05,1236.0,1434.3949773487657
hust_to_luh,naive_cross,hust,luh,pytorch_1d_cnn,100,789,luh,luh_P063_3_S18_C05,1335.0,1435.209135979908
hust_to_matr,naive_cross,hust,matr,pytorch_1d_cnn,100,1011,matr,matr_b1c0,1717.0,2024.0001726781747
hust_to_matr,naive_cross,hust,matr,pytorch_1d_cnn,100,1011,matr,matr_b1c1,2066.0,1915.7750404297133
hust_to_matr,naive_cross,hust,matr,pytorch_1d_cnn,100,1011,matr,matr_b1c11,771.0,2024.0001726781747
hust_to_matr,naive_cross,hust,matr,pytorch_1d_cnn,100,1011,matr,matr_b1c12,897.0,1411.4949780264135
hust_to_matr,naive_cross,hust,matr,pytorch_1d_cnn,100,1011,matr,matr_b1c14,845.0,2024.0001726781747
hust_to_matr,naive_cross,hust,matr,pytorch_1d_cnn,100,1011,matr,matr_b1c15,699.0,2024.0001726781747
hust_to_matr,naive_cross,hust,matr,pytorch_1d_cnn,100,1011,matr,matr_b1c16,824.0,2024.0001726781747
hust_to_matr,naive_cross,hust,matr,pytorch_1d_cnn,100,1011,matr,matr_b1c17,825.0,1359.0535528256798
hust_to_matr,naive_cross,hust,matr,pytorch_1d_cnn,100,1011,matr,matr_b1c18,665.0,2024.0001726781747
hust_to_matr,naive_cross,hust,matr,pytorch_1d_cnn,100,1011,matr,matr_b1c19,740.0,1345.2257110928474
hust_to_matr,naive_cross,hust,matr,pytorch_1d_cnn,100,1011,matr,matr_b1c2,1487.0,1924.420791422272
hust_to_matr,naive_cross,hust,matr,pytorch_1d_cnn,100,1011,matr,matr_b1c20,504.0,2024.0001726781747
hust_to_matr,naive_cross,hust,matr,pytorch_1d_cnn,100,1011,matr,matr_b1c21,535.0,2024.0001726781747
hust_to_matr,naive_cross,hust,matr,pytorch_1d_cnn,100,1011,matr,matr_b1c23,974.0,1365.3476604508853
hust_to_matr,naive_cross,hust,matr,pytorch_1d_cnn,100,1011,matr,matr_b1c24,979.0,1353.9623331687892
hust_to_matr,naive_cross,hust,matr,pytorch_1d_cnn,100,1011,matr,matr_b1c25,817.0,1334.7418065600516
hust_to_matr,naive_cross,hust,matr,pytorch_1d_cnn,100,1011,matr,matr_b1c26,826.0,1686.40224205115
hust_to_matr,naive_cross,hust,matr,pytorch_1d_cnn,100,1011,matr,matr_b1c27,809.0,1370.8039033328353
hust_to_matr,naive_cross,hust,matr,pytorch_1d_cnn,100,1011,matr,matr_b1c28,815.0,1387.8681968988553
hust_to_matr,naive_cross,hust,matr,pytorch_1d_cnn,100,1011,matr,matr_b1c29,872.0,1385.2466899096487
hust_to_matr,naive_cross,hust,matr,pytorch_1d_cnn,100,1011,matr,matr_b1c3,1344.0,1689.1143698640797
hust_to_matr,naive_cross,hust,matr,pytorch_1d_cnn,100,1011,matr,matr_b1c30,679.0,1378.2449173940886
hust_to_matr,naive_cross,hust,matr,pytorch_1d_cnn,100,1011,matr,matr_b1c31,827.0,1390.126063841631
hust_to_matr,naive_cross,hust,matr,pytorch_1d_cnn,100,1011,matr,matr_b1c32,694.0,1371.9822872581171
hust_to_matr,naive_cross,hust,matr,pytorch_1d_cnn,100,1011,matr,matr_b1c33,708.0,1376.190733167662
hust_to_matr,naive_cross,hust,matr,pytorch_1d_cnn,100,1011,matr,matr_b1c34,714.0,1371.049044088618
hust_to_matr,naive_cross,hust,matr,pytorch_1d_cnn,100,1011,matr,matr_b1c35,676.0,1364.0969184652104
hust_to_matr,naive_cross,hust,matr,pytorch_1d_cnn,100,1011,matr,matr_b1c36,670.0,1342.8070421377815
hust_to_matr,naive_cross,hust,matr,pytorch_1d_cnn,100,1011,matr,matr_b1c37,622.0,1324.714136553871
hust_to_matr,naive_cross,hust,matr,pytorch_1d_cnn,100,1011,matr,matr_b1c38,592.0,1357.3094816647256
hust_to_matr,naive_cross,hust,matr,pytorch_1d_cnn,100,1011,matr,matr_b1c39,592.0,1403.813534176876
hust_to_matr,naive_cross,hust,matr,pytorch_1d_cnn,100,1011,matr,matr_b1c4,1618.0,1620.533279740669
hust_to_matr,naive_cross,hust,matr,pytorch_1d_cnn,100,1011,matr,matr_b1c40,919.0,1430.3290606324395
hust_to_matr,naive_cross,hust,matr,pytorch_1d_cnn,100,1011,matr,matr_b1c41,1005.0,1411.3738336396957
hust_to_matr,naive_cross,hust,matr,pytorch_1d_cnn,100,1011,matr,matr_b1c42,661.0,1431.3483825316803
hust_to_matr,naive_cross,hust,matr,pytorch_1d_cnn,100,1011,matr,matr_b1c43,626.0,1388.077999274294
hust_to_matr,naive_cross,hust,matr,pytorch_1d_cnn,100,1011,matr,matr_b1c44,575.0,1373.3391395163965
hust_to_matr,naive_cross,hust,matr,pytorch_1d_cnn,100,1011,matr,matr_b1c45,563.0,1382.9294844143028
hust_to_matr,naive_cross,hust,matr,pytorch_1d_cnn,100,1011,matr,matr_b1c5,909.0,2024.0001726781747
hust_to_matr,naive_cross,hust,matr,pytorch_1d_cnn,100,1011,matr,matr_b1c6,613.0,1902.8642173293883
hust_to_matr,naive_cross,hust,matr,pytorch_1d_cnn,100,1011,matr,matr_b1c7,818.0,1512.7282012585806
hust_to_matr,naive_cross,hust,matr,pytorch_1d_cnn,100,1011,matr,matr_b1c9,1012.0,1371.0307387311816
hust_to_matr,naive_cross,hust,matr,pytorch_1d_cnn,100,1011,matr,matr_b2c0,278.0,2024.0001726781747
hust_to_matr,naive_cross,hust,matr,pytorch_1d_cnn,100,1011,matr,matr_b2c1,133.0,1092.2770579988019
hust_to_matr,naive_cross,hust,matr,pytorch_1d_cnn,100,1011,matr,matr_b2c10,251.0,1449.8651430023358
hust_to_matr,naive_cross,hust,matr,pytorch_1d_cnn,100,1011,matr,matr_b2c11,250.0,1449.9190692719937
hust_to_matr,naive_cross,hust,matr,pytorch_1d_cnn,100,1011,matr,matr_b2c12,435.0,1276.4904737499107
hust_to_matr,naive_cross,hust,matr,pytorch_1d_cnn,100,1011,matr,matr_b2c13,454.0,1392.9620324329392
hust_to_matr,naive_cross,hust,matr,pytorch_1d_cnn,100,1011,matr,matr_b2c14,466.0,1381.710072838689
hust_to_matr,naive_cross,hust,matr,pytorch_1d_cnn,100,1011,matr,matr_b2c17,476.0,2024.0001726781747
hust_to_matr,naive_cross,hust,matr,pytorch_1d_cnn,100,1011,matr,matr_b2c18,468.0,1536.5597290674102
hust_to_matr,naive_cross,hust,matr,pytorch_1d_cnn,100,1011,matr,matr_b2c19,455.0,1355.9710529359666
hust_to_matr,naive_cross,hust,matr,pytorch_1d_cnn,100,1011,matr,matr_b2c2,422.0,1549.179815982196
hust_to_matr,naive_cross,hust,matr,pytorch_1d_cnn,100,1011,matr,matr_b2c20,475.0,1491.392540295355
hust_to_matr,naive_cross,hust,matr,pytorch_1d_cnn,100,1011,matr,matr_b2c21,468.0,1415.986663495494
hust_to_matr,naive_cross,hust,matr,pytorch_1d_cnn,100,1011,matr,matr_b2c22,490.0,1462.5756882907676
hust_to_matr,naive_cross,hust,matr,pytorch_1d_cnn,100,1011,matr,matr_b2c23,502.0,1426.9617363110053
hust_to_matr,naive_cross,hust,matr,pytorch_1d_cnn,100,1011,matr,matr_b2c24,478.0,1475.5883306657854
hust_to_matr,naive_cross,hust,matr,pytorch_1d_cnn,100,1011,matr,matr_b2c25,446.0,1438.520467019435
hust_to_matr,naive_cross,hust,matr,pytorch_1d_cnn,100,1011,matr,matr_b2c26,450.0,1475.8733223988063
hust_to_matr,naive_cross,hust,matr,pytorch_1d_cnn,100,1011,matr,matr_b2c27,453.0,1451.662382197781
hust_to_matr,naive_cross,hust,matr,pytorch_1d_cnn,100,1011,matr,matr_b2c28,491.0,2024.0001726781747
hust_to_matr,naive_cross,hust,matr,pytorch_1d_cnn,100,1011,matr,matr_b2c29,481.0,1396.488161452279
hust_to_matr,naive_cross,hust,matr,pytorch_1d_cnn,100,1011,matr,matr_b2c3,314.0,1327.635049281411
hust_to_matr,naive_cross,hust,matr,pytorch_1d_cnn,100,1011,matr,matr_b2c30,466.0,1352.102290815567
hust_to_matr,naive_cross,hust,matr,pytorch_1d_cnn,100,1011,matr,matr_b2c31,474.0,1463.4400351230095
hust_to_matr,naive_cross,hust,matr,pytorch_1d_cnn,100,1011,matr,matr_b2c32,500.0,1469.7009956458148
hust_to_matr,naive_cross,hust,matr,pytorch_1d_cnn,100,1011,matr,matr_b2c33,499.0,1508.4927506190509
hust_to_matr,naive_cross,hust,matr,pytorch_1d_cnn,100,1011,matr,matr_b2c34,483.0,1458.0460620992405
hust_to_matr,naive_cross,hust,matr,pytorch_1d_cnn,100,1011,matr,matr_b2c35,449.0,1458.5961090033254
hust_to_matr,naive_cross,hust,matr,pytorch_1d_cnn,100,1011,matr,matr_b2c36,513.0,1445.3411108044938
hust_to_matr,naive_cross,hust,matr,pytorch_1d_cnn,100,1011,matr,matr_b2c37,461.0,1435.6047511800161
hust_to_matr,naive_cross,hust,matr,pytorch_1d_cnn,100,1011,matr,matr_b2c38,451.0,1414.7063975989947
hust_to_matr,naive_cross,hust,matr,pytorch_1d_cnn,100,1011,matr,matr_b2c39,442.0,1511.4815442795311
hust_to_matr,naive_cross,hust,matr,pytorch_1d_cnn,100,1011,matr,matr_b2c4,247.0,1321.455560261953
hust_to_matr,naive_cross,hust,matr,pytorch_1d_cnn,100,1011,matr,matr_b2c40,476.0,2024.0001726781747
hust_to_matr,naive_cross,hust,matr,pytorch_1d_cnn,100,1011,matr,matr_b2c41,416.0,1486.1655139680356
hust_to_matr,naive_cross,hust,matr,pytorch_1d_cnn,100,1011,matr,matr_b2c42,444.0,1514.8951695582527
hust_to_matr,naive_cross,hust,matr,pytorch_1d_cnn,100,1011,matr,matr_b2c43,443.0,1467.063421310676
hust_to_matr,naive_cross,hust,matr,pytorch_1d_cnn,100,1011,matr,matr_b2c44,442.0,1434.0215767965606
hust_to_matr,naive_cross,hust,matr,pytorch_1d_cnn,100,1011,matr,matr_b2c45,470.0,1429.9485362618523
hust_to_matr,naive_cross,hust,matr,pytorch_1d_cnn,100,1011,matr,matr_b2c46,417.0,1436.932021656735
hust_to_matr,naive_cross,hust,matr,pytorch_1d_cnn,100,1011,matr,matr_b2c47,705.0,1520.985301321952
hust_to_matr,naive_cross,hust,matr,pytorch_1d_cnn,100,1011,matr,matr_b2c5,464.0,1441.0455680045145
hust_to_matr,naive_cross,hust,matr,pytorch_1d_cnn,100,1011,matr,matr_b2c6,475.0,1376.6298136277785
hust_to_matr,naive_cross,hust,matr,pytorch_1d_cnn,100,1011,matr,matr_b3c0,985.0,1360.4942768915369
hust_to_matr,naive_cross,hust,matr,pytorch_1d_cnn,100,1011,matr,matr_b3c1,1033.0,1376.7893349339004
hust_to_matr,naive_cross,hust,matr,pytorch_1d_cnn,100,1011,matr,matr_b3c10,1046.0,1371.200072613331
hust_to_matr,naive_cross,hust,matr,pytorch_1d_cnn,100,1011,matr,matr_b3c11,792.0,1323.6464081683075
hust_to_matr,naive_cross,hust,matr,pytorch_1d_cnn,100,1011,matr,matr_b3c12,903.0,1326.4068371790272
hust_to_matr,naive_cross,hust,matr,pytorch_1d_cnn,100,1011,matr,matr_b3c13,794.0,1323.2974206059298
hust_to_matr,naive_cross,hust,matr,pytorch_1d_cnn,100,1011,matr,matr_b3c14,834.0,1370.6385397976048
hust_to_matr,naive_cross,hust,matr,pytorch_1d_cnn,100,1011,matr,matr_b3c15,850.0,1391.9408426408088
hust_to_matr,naive_cross,hust,matr,pytorch_1d_cnn,100,1011,matr,matr_b3c16,1589.0,1356.6462477724529
hust_to_matr,naive_cross,hust,matr,pytorch_1d_cnn,100,1011,matr,matr_b3c17,1269.0,2024.0001726781747
hust_to_matr,naive_cross,hust,matr,pytorch_1d_cnn,100,1011,matr,matr_b3c18,1100.0,1295.0314806276162
hust_to_matr,naive_cross,hust,matr,pytorch_1d_cnn,100,1011,matr,matr_b3c19,1105.0,1368.1807034404515
hust_to_matr,naive_cross,hust,matr,pytorch_1d_cnn,100,1011,matr,matr_b3c2,1224.0,1342.0753783073576
hust_to_matr,naive_cross,hust,matr,pytorch_1d_cnn,100,1011,matr,matr_b3c20,793.0,1370.4895336215804
hust_to_matr,naive_cross,hust,matr,pytorch_1d_cnn,100,1011,matr,matr_b3c21,745.0,1259.7373471331102
hust_to_matr,naive_cross,hust,matr,pytorch_1d_cnn,100,1011,matr,matr_b3c22,991.0,1365.9956074047866
hust_to_matr,naive_cross,hust,matr,pytorch_1d_cnn,100,1011,matr,matr_b3c24,817.0,1364.33890810755
hust_to_matr,naive_cross,hust,matr,pytorch_1d_cnn,100,1011,matr,matr_b3c25,970.0,1330.4240970017547
hust_to_matr,naive_cross,hust,matr,pytorch_1d_cnn,100,1011,matr,matr_b3c26,989.0,1326.9173468106746
hust_to_matr,naive_cross,hust,matr,pytorch_1d_cnn,100,1011,matr,matr_b3c27,828.0,1403.5391109159912
hust_to_matr,naive_cross,hust,matr,pytorch_1d_cnn,100,1011,matr,matr_b3c28,524.0,1262.1255470397616
hust_to_matr,naive_cross,hust,matr,pytorch_1d_cnn,100,1011,matr,matr_b3c29,833.0,1384.2747204604407
hust_to_matr,naive_cross,hust,matr,pytorch_1d_cnn,100,1011,matr,matr_b3c3,1084.0,1357.2201688510536
hust_to_matr,naive_cross,hust,matr,pytorch_1d_cnn,100,1011,matr,matr_b3c30,913.0,1386.8223057386278
hust_to_matr,naive_cross,hust,matr,pytorch_1d_cnn,100,1011,matr,matr_b3c31,713.0,1308.3508523382854
hust_to_matr,naive_cross,hust,matr,pytorch_1d_cnn,100,1011,matr,matr_b3c33,1257.0,1360.5812100549717
hust_to_matr,naive_cross,hust,matr,pytorch_1d_cnn,100,1011,matr,matr_b3c34,1125.0,1354.9595367997856
hust_to_matr,naive_cross,hust,matr,pytorch_1d_cnn,100,1011,matr,matr_b3c35,1056.0,1357.1483345481975
hust_to_matr,naive_cross,hust,matr,pytorch_1d_cnn,100,1011,matr,matr_b3c36,910.0,1348.7679833417071
hust_to_matr,naive_cross,hust,matr,pytorch_1d_cnn,100,1011,matr,matr_b3c37,1376.0,2024.0001726781747
hust_to_matr,naive_cross,hust,matr,pytorch_1d_cnn,100,1011,matr,matr_b3c38,1873.0,1358.1601894415348
hust_to_matr,naive_cross,hust,matr,pytorch_1d_cnn,100,1011,matr,matr_b3c39,1146.0,1365.9057230322032
hust_to_matr,naive_cross,hust,matr,pytorch_1d_cnn,100,1011,matr,matr_b3c4,1006.0,1350.7947609631135
hust_to_matr,naive_cross,hust,matr,pytorch_1d_cnn,100,1011,matr,matr_b3c40,779.0,1371.6611066998457
hust_to_matr,naive_cross,hust,matr,pytorch_1d_cnn,100,1011,matr,matr_b3c41,773.0,1397.0989229315528
hust_to_matr,naive_cross,hust,matr,pytorch_1d_cnn,100,1011,matr,matr_b3c42,1587.0,1379.270528293278
hust_to_matr,naive_cross,hust,matr,pytorch_1d_cnn,100,1011,matr,matr_b3c43,1018.0,1367.0127549116442
hust_to_matr,naive_cross,hust,matr,pytorch_1d_cnn,100,1011,matr,matr_b3c44,921.0,1370.30068503742
hust_to_matr,naive_cross,hust,matr,pytorch_1d_cnn,100,1011,matr,matr_b3c45,1735.0,1367.0916301268164
hust_to_matr,naive_cross,hust,matr,pytorch_1d_cnn,100,1011,matr,matr_b3c5,815.0,1357.4318109245867
hust_to_matr,naive_cross,hust,matr,pytorch_1d_cnn,100,1011,matr,matr_b3c6,630.0,1266.5682210100294
hust_to_matr,naive_cross,hust,matr,pytorch_1d_cnn,100,1011,matr,matr_b3c7,1774.0,1342.177134438845
hust_to_matr,naive_cross,hust,matr,pytorch_1d_cnn,100,1011,matr,matr_b3c8,810.0,1389.5521423299003
hust_to_matr,naive_cross,hust,matr,pytorch_1d_cnn,100,1011,matr,matr_b3c9,1010.0,1386.5432701062423
hust_to_matr,naive_cross,hust,matr,pytorch_1d_cnn,100,123,matr,matr_b1c0,1717.0,1647.618013270393
hust_to_matr,naive_cross,hust,matr,pytorch_1d_cnn,100,123,matr,matr_b1c1,2066.0,1533.7268381650526
hust_to_matr,naive_cross,hust,matr,pytorch_1d_cnn,100,123,matr,matr_b1c11,771.0,1576.244815510116
hust_to_matr,naive_cross,hust,matr,pytorch_1d_cnn,100,123,matr,matr_b1c12,897.0,1512.7592185522835
hust_to_matr,naive_cross,hust,matr,pytorch_1d_cnn,100,123,matr,matr_b1c14,845.0,1487.7523392252915
hust_to_matr,naive_cross,hust,matr,pytorch_1d_cnn,100,123,matr,matr_b1c15,699.0,1486.5248474846132
hust_to_matr,naive_cross,hust,matr,pytorch_1d_cnn,100,123,matr,matr_b1c16,824.0,1521.6018992330876
hust_to_matr,naive_cross,hust,matr,pytorch_1d_cnn,100,123,matr,matr_b1c17,825.0,1505.1466619766422
hust_to_matr,naive_cross,hust,matr,pytorch_1d_cnn,100,123,matr,matr_b1c18,665.0,1824.579317888229
hust_to_matr,naive_cross,hust,matr,pytorch_1d_cnn,100,123,matr,matr_b1c19,740.0,1486.2966216547302
hust_to_matr,naive_cross,hust,matr,pytorch_1d_cnn,100,123,matr,matr_b1c2,1487.0,1541.1392505221806
hust_to_matr,naive_cross,hust,matr,pytorch_1d_cnn,100,123,matr,matr_b1c20,504.0,1299.1252967782364
hust_to_matr,naive_cross,hust,matr,pytorch_1d_cnn,100,123,matr,matr_b1c21,535.0,1425.6239611627134
hust_to_matr,naive_cross,hust,matr,pytorch_1d_cnn,100,123,matr,matr_b1c23,974.0,1489.8465878506809
hust_to_matr,naive_cross,hust,matr,pytorch_1d_cnn,100,123,matr,matr_b1c24,979.0,1534.0267160359024
hust_to_matr,naive_cross,hust,matr,pytorch_1d_cnn,100,123,matr,matr_b1c25,817.0,1463.1155835913305
hust_to_matr,naive_cross,hust,matr,pytorch_1d_cnn,100,123,matr,matr_b1c26,826.0,1557.0611104720508
hust_to_matr,naive_cross,hust,matr,pytorch_1d_cnn,100,123,matr,matr_b1c27,809.0,1490.0512011934181
hust_to_matr,naive_cross,hust,matr,pytorch_1d_cnn,100,123,matr,matr_b1c28,815.0,1519.4840244803097
hust_to_matr,naive_cross,hust,matr,pytorch_1d_cnn,100,123,matr,matr_b1c29,872.0,1539.1460966483874
hust_to_matr,naive_cross,hust,matr,pytorch_1d_cnn,100,123,matr,matr_b1c3,1344.0,1481.4582766003598
hust_to_matr,naive_cross,hust,matr,pytorch_1d_cnn,100,123,matr,matr_b1c30,679.0,1489.2939881007562
hust_to_matr,naive_cross,hust,matr,pytorch_1d_cnn,100,123,matr,matr_b1c31,827.0,1490.7846297945644
hust_to_matr,naive_cross,hust,matr,pytorch_1d_cnn,100,123,matr,matr_b1c32,694.0,1542.1463547113256
hust_to_matr,naive_cross,hust,matr,pytorch_1d_cnn,100,123,matr,matr_b1c33,708.0,1548.3489940323088
hust_to_matr,naive_cross,hust,matr,pytorch_1d_cnn,100,123,matr,matr_b1c34,714.0,1521.131086032214
hust_to_matr,naive_cross,hust,matr,pytorch_1d_cnn,100,123,matr,matr_b1c35,676.0,1529.4099861244167
hust_to_matr,naive_cross,hust,matr,pytorch_1d_cnn,100,123,matr,matr_b1c36,670.0,1495.1656963842267
hust_to_matr,naive_cross,hust,matr,pytorch_1d_cnn,100,123,matr,matr_b1c37,622.0,1492.3009571574896
hust_to_matr,naive_cross,hust,matr,pytorch_1d_cnn,100,123,matr,matr_b1c38,592.0,1499.0313121796598
hust_to_matr,naive_cross,hust,matr,pytorch_1d_cnn,100,123,matr,matr_b1c39,592.0,1518.9001522535223
hust_to_matr,naive_cross,hust,matr,pytorch_1d_cnn,100,123,matr,matr_b1c4,1618.0,1485.4400243490716
hust_to_matr,naive_cross,hust,matr,pytorch_1d_cnn,100,123,matr,matr_b1c40,919.0,1535.6910058478966
hust_to_matr,naive_cross,hust,matr,pytorch_1d_cnn,100,123,matr,matr_b1c41,1005.0,1530.4079659585018
hust_to_matr,naive_cross,hust,matr,pytorch_1d_cnn,100,123,matr,matr_b1c42,661.0,1519.6108253985121
hust_to_matr,naive_cross,hust,matr,pytorch_1d_cnn,100,123,matr,matr_b1c43,626.0,1525.9440074862969
hust_to_matr,naive_cross,hust,matr,pytorch_1d_cnn,100,123,matr,matr_b1c44,575.0,1530.5823874343102
hust_to_matr,naive_cross,hust,matr,pytorch_1d_cnn,100,123,matr,matr_b1c45,563.0,1540.9033745149325
hust_to_matr,naive_cross,hust,matr,pytorch_1d_cnn,100,123,matr,matr_b1c5,909.0,1508.4726102024044
hust_to_matr,naive_cross,hust,matr,pytorch_1d_cnn,100,123,matr,matr_b1c6,613.0,1511.792211075255
hust_to_matr,naive_cross,hust,matr,pytorch_1d_cnn,100,123,matr,matr_b1c7,818.0,1550.6875104285766
hust_to_matr,naive_cross,hust,matr,pytorch_1d_cnn,100,123,matr,matr_b1c9,1012.0,1469.1607719526116
hust_to_matr,naive_cross,hust,matr,pytorch_1d_cnn,100,123,matr,matr_b2c0,278.0,828.9999451396379
hust_to_matr,naive_cross,hust,matr,pytorch_1d_cnn,100,123,matr,matr_b2c1,133.0,828.9999451396379
hust_to_matr,naive_cross,hust,matr,pytorch_1d_cnn,100,123,matr,matr_b2c10,251.0,1553.0310398390964
hust_to_matr,naive_cross,hust,matr,pytorch_1d_cnn,100,123,matr,matr_b2c11,250.0,1558.4479090816267
hust_to_matr,naive_cross,hust,matr,pytorch_1d_cnn,100,123,matr,matr_b2c12,435.0,1321.9231913667197
hust_to_matr,naive_cross,hust,matr,pytorch_1d_cnn,100,123,matr,matr_b2c13,454.0,1332.2054026155804
hust_to_matr,naive_cross,hust,matr,pytorch_1d_cnn,100,123,matr,matr_b2c14,466.0,1498.5210362539979
hust_to_matr,naive_cross,hust,matr,pytorch_1d_cnn,100,123,matr,matr_b2c17,476.0,1531.9872411483227
hust_to_matr,naive_cross,hust,matr,pytorch_1d_cnn,100,123,matr,matr_b2c18,468.0,1417.1464481179037
hust_to_matr,naive_cross,hust,matr,pytorch_1d_cnn,100,123,matr,matr_b2c19,455.0,1284.214745564915
hust_to_matr,naive_cross,hust,matr,pytorch_1d_cnn,100,123,matr,matr_b2c2,422.0,1540.4199782829216
hust_to_matr,naive_cross,hust,matr,pytorch_1d_cnn,100,123,matr,matr_b2c20,475.0,1544.2479526831419
hust_to_matr,naive_cross,hust,matr,pytorch_1d_cnn,100,123,matr,matr_b2c21,468.0,1569.7298140774726
hust_to_matr,naive_cross,hust,matr,pytorch_1d_cnn,100,123,matr,matr_b2c22,490.0,1538.4350904558826
hust_to_matr,naive_cross,hust,matr,pytorch_1d_cnn,100,123,matr,matr_b2c23,502.0,1488.4072739364153
hust_to_matr,naive_cross,hust,matr,pytorch_1d_cnn,100,123,matr,matr_b2c24,478.0,1553.7599050414462
hust_to_matr,naive_cross,hust,matr,pytorch_1d_cnn,100,123,matr,matr_b2c25,446.0,1542.0537030563282
hust_to_matr,naive_cross,hust,matr,pytorch_1d_cnn,100,123,matr,matr_b2c26,450.0,1547.7163913410538
hust_to_matr,naive_cross,hust,matr,pytorch_1d_cnn,100,123,matr,matr_b2c27,453.0,1436.64084856445
hust_to_matr,naive_cross,hust,matr,pytorch_1d_cnn,100,123,matr,matr_b2c28,491.0,1711.6373200201247
hust_to_matr,naive_cross,hust,matr,pytorch_1d_cnn,100,123,matr,matr_b2c29,481.0,1506.605755173715
hust_to_matr,naive_cross,hust,matr,pytorch_1d_cnn,100,123,matr,matr_b2c3,314.0,1094.9663262179142
hust_to_matr,naive_cross,hust,matr,pytorch_1d_cnn,100,123,matr,matr_b2c30,466.0,1503.6330557457043
hust_to_matr,naive_cross,hust,matr,pytorch_1d_cnn,100,123,matr,matr_b2c31,474.0,1505.7489410144078
hust_to_matr,naive_cross,hust,matr,pytorch_1d_cnn,100,123,matr,matr_b2c32,500.0,1543.0231442677755
hust_to_matr,naive_cross,hust,matr,pytorch_1d_cnn,100,123,matr,matr_b2c33,499.0,1513.3645437272564
hust_to_matr,naive_cross,hust,matr,pytorch_1d_cnn,100,123,matr,matr_b2c34,483.0,1536.284262783173
hust_to_matr,naive_cross,hust,matr,pytorch_1d_cnn,100,123,matr,matr_b2c35,449.0,1548.4220884806634
hust_to_matr,naive_cross,hust,matr,pytorch_1d_cnn,100,123,matr,matr_b2c36,513.0,1477.318126678616
hust_to_matr,naive_cross,hust,matr,pytorch_1d_cnn,100,123,matr,matr_b2c37,461.0,1503.9320695160704
hust_to_matr,naive_cross,hust,matr,pytorch_1d_cnn,100,123,matr,matr_b2c38,451.0,1513.5810477469681
hust_to_matr,naive_cross,hust,matr,pytorch_1d_cnn,100,123,matr,matr_b2c39,442.0,1559.5622529713216
hust_to_matr,naive_cross,hust,matr,pytorch_1d_cnn,100,123,matr,matr_b2c4,247.0,1395.6507136660498
hust_to_matr,naive_cross,hust,matr,pytorch_1d_cnn,100,123,matr,matr_b2c40,476.0,2024.0001726781747
hust_to_matr,naive_cross,hust,matr,pytorch_1d_cnn,100,123,matr,matr_b2c41,416.0,1533.245693281626
hust_to_matr,naive_cross,hust,matr,pytorch_1d_cnn,100,123,matr,matr_b2c42,444.0,1531.0911694514234
hust_to_matr,naive_cross,hust,matr,pytorch_1d_cnn,100,123,matr,matr_b2c43,443.0,1528.4425383274622
hust_to_matr,naive_cross,hust,matr,pytorch_1d_cnn,100,123,matr,matr_b2c44,442.0,1544.8128401118222
hust_to_matr,naive_cross,hust,matr,pytorch_1d_cnn,100,123,matr,matr_b2c45,470.0,1549.2810220785266
hust_to_matr,naive_cross,hust,matr,pytorch_1d_cnn,100,123,matr,matr_b2c46,417.0,1525.3802008965542
hust_to_matr,naive_cross,hust,matr,pytorch_1d_cnn,100,123,matr,matr_b2c47,705.0,1550.5632919326072
hust_to_matr,naive_cross,hust,matr,pytorch_1d_cnn,100,123,matr,matr_b2c5,464.0,1538.3096528741485
hust_to_matr,naive_cross,hust,matr,pytorch_1d_cnn,100,123,matr,matr_b2c6,475.0,1160.7314092944748
hust_to_matr,naive_cross,hust,matr,pytorch_1d_cnn,100,123,matr,matr_b3c0,985.0,1503.0330564365242
hust_to_matr,naive_cross,hust,matr,pytorch_1d_cnn,100,123,matr,matr_b3c1,1033.0,1528.1641551311864
hust_to_matr,naive_cross,hust,matr,pytorch_1d_cnn,100,123,matr,matr_b3c10,1046.0,1399.626728273408
hust_to_matr,naive_cross,hust,matr,pytorch_1d_cnn,100,123,matr,matr_b3c11,792.0,1343.6678815461441
hust_to_matr,naive_cross,hust,matr,pytorch_1d_cnn,100,123,matr,matr_b3c12,903.0,1402.3984870267896
hust_to_matr,naive_cross,hust,matr,pytorch_1d_cnn,100,123,matr,matr_b3c13,794.0,1484.945704142585
hust_to_matr,naive_cross,hust,matr,pytorch_1d_cnn,100,123,matr,matr_b3c14,834.0,1364.9076225911224
hust_to_matr,naive_cross,hust,matr,pytorch_1d_cnn,100,123,matr,matr_b3c15,850.0,1485.7609247951834
hust_to_matr,naive_cross,hust,matr,pytorch_1d_cnn,100,123,matr,matr_b3c16,1589.0,1499.2972390695898
hust_to_matr,naive_cross,hust,matr,pytorch_1d_cnn,100,123,matr,matr_b3c17,1269.0,1544.0336883007594
hust_to_matr,naive_cross,hust,matr,pytorch_1d_cnn,100,123,matr,matr_b3c18,1100.0,1469.619704160722
hust_to_matr,naive_cross,hust,matr,pytorch_1d_cnn,100,123,matr,matr_b3c19,1105.0,1480.3799745007475
hust_to_matr,naive_cross,hust,matr,pytorch_1d_cnn,100,123,matr,matr_b3c2,1224.0,1551.4729790950037
hust_to_matr,naive_cross,hust,matr,pytorch_1d_cnn,100,123,matr,matr_b3c20,793.0,1523.027559323431
hust_to_matr,naive_cross,hust,matr,pytorch_1d_cnn,100,123,matr,matr_b3c21,745.0,1202.7962886763285
hust_to_matr,naive_cross,hust,matr,pytorch_1d_cnn,100,123,matr,matr_b3c22,991.0,1475.2457097753502
hust_to_matr,naive_cross,hust,matr,pytorch_1d_cnn,100,123,matr,matr_b3c24,817.0,1501.4514111643523
hust_to_matr,naive_cross,hust,matr,pytorch_1d_cnn,100,123,matr,matr_b3c25,970.0,1499.552487461167
hust_to_matr,naive_cross,hust,matr,pytorch_1d_cnn,100,123,matr,matr_b3c26,989.0,1502.7112916795709
hust_to_matr,naive_cross,hust,matr,pytorch_1d_cnn,100,123,matr,matr_b3c27,828.0,1523.1408563740572
hust_to_matr,naive_cross,hust,matr,pytorch_1d_cnn,100,123,matr,matr_b3c28,524.0,1010.2817038271878
hust_to_matr,naive_cross,hust,matr,pytorch_1d_cnn,100,123,matr,matr_b3c29,833.0,1504.963657089439
hust_to_matr,naive_cross,hust,matr,pytorch_1d_cnn,100,123,matr,matr_b3c3,1084.0,1518.373700649407
hust_to_matr,naive_cross,hust,matr,pytorch_1d_cnn,100,123,matr,matr_b3c30,913.0,1512.1007786457287
hust_to_matr,naive_cross,hust,matr,pytorch_1d_cnn,100,123,matr,matr_b3c31,713.0,1494.2113602791446
hust_to_matr,naive_cross,hust,matr,pytorch_1d_cnn,100,123,matr,matr_b3c33,1257.0,1507.56153767425
hust_to_matr,naive_cross,hust,matr,pytorch_1d_cnn,100,123,matr,matr_b3c34,1125.0,1516.9950745128474
hust_to_matr,naive_cross,hust,matr,pytorch_1d_cnn,100,123,matr,matr_b3c35,1056.0,1523.217118749727
hust_to_matr,naive_cross,hust,matr,pytorch_1d_cnn,100,123,matr,matr_b3c36,910.0,1522.1105992323146
hust_to_matr,naive_cross,hust,matr,pytorch_1d_cnn,100,123,matr,matr_b3c37,1376.0,1738.736771191023
hust_to_matr,naive_cross,hust,matr,pytorch_1d_cnn,100,123,matr,matr_b3c38,1873.0,1479.223456094871
hust_to_matr,naive_cross,hust,matr,pytorch_1d_cnn,100,123,matr,matr_b3c39,1146.0,1491.9103483705778
hust_to_matr,naive_cross,hust,matr,pytorch_1d_cnn,100,123,matr,matr_b3c4,1006.0,1487.539529767709
hust_to_matr,naive_cross,hust,matr,pytorch_1d_cnn,100,123,matr,matr_b3c40,779.0,1526.7773676546844
hust_to_matr,naive_cross,hust,matr,pytorch_1d_cnn,100,123,matr,matr_b3c41,773.0,1516.7722961094528
hust_to_matr,naive_cross,hust,matr,pytorch_1d_cnn,100,123,matr,matr_b3c42,1587.0,1502.508522112555
hust_to_matr,naive_cross,hust,matr,pytorch_1d_cnn,100,123,matr,matr_b3c43,1018.0,1482.1160943679938
hust_to_matr,naive_cross,hust,matr,pytorch_1d_cnn,100,123,matr,matr_b3c44,921.0,1508.765391999585
hust_to_matr,naive_cross,hust,matr,pytorch_1d_cnn,100,123,matr,matr_b3c45,1735.0,1508.6171955854618
hust_to_matr,naive_cross,hust,matr,pytorch_1d_cnn,100,123,matr,matr_b3c5,815.0,1525.2325543766938
hust_to_matr,naive_cross,hust,matr,pytorch_1d_cnn,100,123,matr,matr_b3c6,630.0,1066.2334622656401
hust_to_matr,naive_cross,hust,matr,pytorch_1d_cnn,100,123,matr,matr_b3c7,1774.0,1437.023839056047
hust_to_matr,naive_cross,hust,matr,pytorch_1d_cnn,100,123,matr,matr_b3c8,810.0,1523.4422966140503
hust_to_matr,naive_cross,hust,matr,pytorch_1d_cnn,100,123,matr,matr_b3c9,1010.0,1515.0158081988993
hust_to_matr,naive_cross,hust,matr,pytorch_1d_cnn,100,42,matr,matr_b1c0,1717.0,2024.0001726781747
hust_to_matr,naive_cross,hust,matr,pytorch_1d_cnn,100,42,matr,matr_b1c1,2066.0,1690.1021187962283
hust_to_matr,naive_cross,hust,matr,pytorch_1d_cnn,100,42,matr,matr_b1c11,771.0,2017.7597055655938
hust_to_matr,naive_cross,hust,matr,pytorch_1d_cnn,100,42,matr,matr_b1c12,897.0,1412.7352867434877
hust_to_matr,naive_cross,hust,matr,pytorch_1d_cnn,100,42,matr,matr_b1c14,845.0,1635.5384306691874
hust_to_matr,naive_cross,hust,matr,pytorch_1d_cnn,100,42,matr,matr_b1c15,699.0,1655.7648053483802
hust_to_matr,naive_cross,hust,matr,pytorch_1d_cnn,100,42,matr,matr_b1c16,824.0,1626.3306033921485
hust_to_matr,naive_cross,hust,matr,pytorch_1d_cnn,100,42,matr,matr_b1c17,825.0,1473.3707958061834
hust_to_matr,naive_cross,hust,matr,pytorch_1d_cnn,100,42,matr,matr_b1c18,665.0,2024.0001726781747
hust_to_matr,naive_cross,hust,matr,pytorch_1d_cnn,100,42,matr,matr_b1c19,740.0,1426.3317987169473
hust_to_matr,naive_cross,hust,matr,pytorch_1d_cnn,100,42,matr,matr_b1c2,1487.0,1675.706673031256
hust_to_matr,naive_cross,hust,matr,pytorch_1d_cnn,100,42,matr,matr_b1c20,504.0,1709.4530056149
hust_to_matr,naive_cross,hust,matr,pytorch_1d_cnn,100,42,matr,matr_b1c21,535.0,1721.2854492585088
hust_to_matr,naive_cross,hust,matr,pytorch_1d_cnn,100,42,matr,matr_b1c23,974.0,1445.111627972541
hust_to_matr,naive_cross,hust,matr,pytorch_1d_cnn,100,42,matr,matr_b1c24,979.0,1483.297507509858
hust_to_matr,naive_cross,hust,matr,pytorch_1d_cnn,100,42,matr,matr_b1c25,817.0,1432.6976778132205
hust_to_matr,naive_cross,hust,matr,pytorch_1d_cnn,100,42,matr,matr_b1c26,826.0,1473.2998391625842
hust_to_matr,naive_cross,hust,matr,pytorch_1d_cnn,100,42,matr,matr_b1c27,809.0,1445.0537461663116
hust_to_matr,naive_cross,hust,matr,pytorch_1d_cnn,100,42,matr,matr_b1c28,815.0,1402.8512806431368
hust_to_matr,naive_cross,hust,matr,pytorch_1d_cnn,100,42,matr,matr_b1c29,872.0,1413.768361575433
hust_to_matr,naive_cross,hust,matr,pytorch_1d_cnn,100,42,matr,matr_b1c3,1344.0,1583.434548969588
hust_to_matr,naive_cross,hust,matr,pytorch_1d_cnn,100,42,matr,matr_b1c30,679.0,1448.2047814104221
hust_to_matr,naive_cross,hust,matr,pytorch_1d_cnn,100,42,matr,matr_b1c31,827.0,1453.3842280695694
hust_to_matr,naive_cross,hust,matr,pytorch_1d_cnn,100,42,matr,matr_b1c32,694.0,1406.5835235898137
hust_to_matr,naive_cross,hust,matr,pytorch_1d_cnn,100,42,matr,matr_b1c33,708.0,1419.121683549868
hust_to_matr,naive_cross,hust,matr,pytorch_1d_cnn,100,42,matr,matr_b1c34,714.0,1459.8012347910949
hust_to_matr,naive_cross,hust,matr,pytorch_1d_cnn,100,42,matr,matr_b1c35,676.0,1460.1541938029086
hust_to_matr,naive_cross,hust,matr,pytorch_1d_cnn,100,42,matr,matr_b1c36,670.0,1441.6572560163688
hust_to_matr,naive_cross,hust,matr,pytorch_1d_cnn,100,42,matr,matr_b1c37,622.0,1429.2947891082727
hust_to_matr,naive_cross,hust,matr,pytorch_1d_cnn,100,42,matr,matr_b1c38,592.0,1389.8768494087758
hust_to_matr,naive_cross,hust,matr,pytorch_1d_cnn,100,42,matr,matr_b1c39,592.0,1414.7684607415151
hust_to_matr,naive_cross,hust,matr,pytorch_1d_cnn,100,42,matr,matr_b1c4,1618.0,1562.4488237839466
hust_to_matr,naive_cross,hust,matr,pytorch_1d_cnn,100,42,matr,matr_b1c40,919.0,1412.667923881614
hust_to_matr,naive_cross,hust,matr,pytorch_1d_cnn,100,42,matr,matr_b1c41,1005.0,1419.7626536420782
hust_to_matr,naive_cross,hust,matr,pytorch_1d_cnn,100,42,matr,matr_b1c42,661.0,1422.9711707667866
hust_to_matr,naive_cross,hust,matr,pytorch_1d_cnn,100,42,matr,matr_b1c43,626.0,1397.1642109476504
hust_to_matr,naive_cross,hust,matr,pytorch_1d_cnn,100,42,matr,matr_b1c44,575.0,1395.5701907165126
hust_to_matr,naive_cross,hust,matr,pytorch_1d_cnn,100,42,matr,matr_b1c45,563.0,1412.8639587366274
hust_to_matr,naive_cross,hust,matr,pytorch_1d_cnn,100,42,matr,matr_b1c5,909.0,1657.0633018639755
hust_to_matr,naive_cross,hust,matr,pytorch_1d_cnn,100,42,matr,matr_b1c6,613.0,1598.6998312920448
hust_to_matr,naive_cross,hust,matr,pytorch_1d_cnn,100,42,matr,matr_b1c7,818.0,1578.7090209340504
hust_to_matr,naive_cross,hust,matr,pytorch_1d_cnn,100,42,matr,matr_b1c9,1012.0,1414.1169335173233
hust_to_matr,naive_cross,hust,matr,pytorch_1d_cnn,100,42,matr,matr_b2c0,278.0,1647.330492110766
hust_to_matr,naive_cross,hust,matr,pytorch_1d_cnn,100,42,matr,matr_b2c1,133.0,1288.4881612894749
hust_to_matr,naive_cross,hust,matr,pytorch_1d_cnn,100,42,matr,matr_b2c10,251.0,1407.0551126646076
hust_to_matr,naive_cross,hust,matr,pytorch_1d_cnn,100,42,matr,matr_b2c11,250.0,1402.0467866716813
hust_to_matr,naive_cross,hust,matr,pytorch_1d_cnn,100,42,matr,matr_b2c12,435.0,1375.8397008452048
hust_to_matr,naive_cross,hust,matr,pytorch_1d_cnn,100,42,matr,matr_b2c13,454.0,1378.6419223893677
hust_to_matr,naive_cross,hust,matr,pytorch_1d_cnn,100,42,matr,matr_b2c14,466.0,1432.4387822454678
hust_to_matr,naive_cross,hust,matr,pytorch_1d_cnn,100,42,matr,matr_b2c17,476.0,1707.028897005707
hust_to_matr,naive_cross,hust,matr,pytorch_1d_cnn,100,42,matr,matr_b2c18,468.0,1477.1166705250585
hust_to_matr,naive_cross,hust,matr,pytorch_1d_cnn,100,42,matr,matr_b2c19,455.0,1378.2672623204717
hust_to_matr,naive_cross,hust,matr,pytorch_1d_cnn,100,42,matr,matr_b2c2,422.0,1494.6225267425036
hust_to_matr,naive_cross,hust,matr,pytorch_1d_cnn,100,42,matr,matr_b2c20,475.0,1454.145371617469
hust_to_matr,naive_cross,hust,matr,pytorch_1d_cnn,100,42,matr,matr_b2c21,468.0,1429.697636520469
hust_to_matr,naive_cross,hust,matr,pytorch_1d_cnn,100,42,matr,matr_b2c22,490.0,1426.9658188871208
hust_to_matr,naive_cross,hust,matr,pytorch_1d_cnn,100,42,matr,matr_b2c23,502.0,1419.8784246076812
hust_to_matr,naive_cross,hust,matr,pytorch_1d_cnn,100,42,matr,matr_b2c24,478.0,1487.944603274415
hust_to_matr,naive_cross,hust,matr,pytorch_1d_cnn,100,42,matr,matr_b2c25,446.0,1419.0797293930905
hust_to_matr,naive_cross,hust,matr,pytorch_1d_cnn,100,42,matr,matr_b2c26,450.0,1443.6363658873615
hust_to_matr,naive_cross,hust,matr,pytorch_1d_cnn,100,42,matr,matr_b2c27,453.0,1454.216099173212
hust_to_matr,naive_cross,hust,matr,pytorch_1d_cnn,100,42,matr,matr_b2c28,491.0,1694.7246439264115
hust_to_matr,naive_cross,hust,matr,pytorch_1d_cnn,100,42,matr,matr_b2c29,481.0,1430.7390218335813
hust_to_matr,naive_cross,hust,matr,pytorch_1d_cnn,100,42,matr,matr_b2c3,314.0,1365.7318331027886
hust_to_matr,naive_cross,hust,matr,pytorch_1d_cnn,100,42,matr,matr_b2c30,466.0,1456.596490522292
hust_to_matr,naive_cross,hust,matr,pytorch_1d_cnn,100,42,matr,matr_b2c31,474.0,1473.3272378575764
hust_to_matr,naive_cross,hust,matr,pytorch_1d_cnn,100,42,matr,matr_b2c32,500.0,1507.704597872205
hust_to_matr,naive_cross,hust,matr,pytorch_1d_cnn,100,42,matr,matr_b2c33,499.0,1475.2689238730666
hust_to_matr,naive_cross,hust,matr,pytorch_1d_cnn,100,42,matr,matr_b2c34,483.0,1490.1471233711327
hust_to_matr,naive_cross,hust,matr,pytorch_1d_cnn,100,42,matr,matr_b2c35,449.0,1468.9050932898092
hust_to_matr,naive_cross,hust,matr,pytorch_1d_cnn,100,42,matr,matr_b2c36,513.0,1435.567101440778
hust_to_matr,naive_cross,hust,matr,pytorch_1d_cnn,100,42,matr,matr_b2c37,461.0,1437.8223495415978
hust_to_matr,naive_cross,hust,matr,pytorch_1d_cnn,100,42,matr,matr_b2c38,451.0,1449.3916458779674
hust_to_matr,naive_cross,hust,matr,pytorch_1d_cnn,100,42,matr,matr_b2c39,442.0,1469.083012910815
hust_to_matr,naive_cross,hust,matr,pytorch_1d_cnn,100,42,matr,matr_b2c4,247.0,1385.669498162604
hust_to_matr,naive_cross,hust,matr,pytorch_1d_cnn,100,42,matr,matr_b2c40,476.0,1857.6413914489672
hust_to_matr,naive_cross,hust,matr,pytorch_1d_cnn,100,42,matr,matr_b2c41,416.0,1477.662638089192
hust_to_matr,naive_cross,hust,matr,pytorch_1d_cnn,100,42,matr,matr_b2c42,444.0,1464.9362332519606
hust_to_matr,naive_cross,hust,matr,pytorch_1d_cnn,100,42,matr,matr_b2c43,443.0,1452.1982489597044
hust_to_matr,naive_cross,hust,matr,pytorch_1d_cnn,100,42,matr,matr_b2c44,442.0,1444.850489142498
hust_to_matr,naive_cross,hust,matr,pytorch_1d_cnn,100,42,matr,matr_b2c45,470.0,1422.5614003588526
hust_to_matr,naive_cross,hust,matr,pytorch_1d_cnn,100,42,matr,matr_b2c46,417.0,1435.59653660724
hust_to_matr,naive_cross,hust,matr,pytorch_1d_cnn,100,42,matr,matr_b2c47,705.0,1455.997903406952
hust_to_matr,naive_cross,hust,matr,pytorch_1d_cnn,100,42,matr,matr_b2c5,464.0,1423.843343250245
hust_to_matr,naive_cross,hust,matr,pytorch_1d_cnn,100,42,matr,matr_b2c6,475.0,1367.7143173795132
hust_to_matr,naive_cross,hust,matr,pytorch_1d_cnn,100,42,matr,matr_b3c0,985.0,1392.7813773811338
hust_to_matr,naive_cross,hust,matr,pytorch_1d_cnn,100,42,matr,matr_b3c1,1033.0,1397.2088483880839
hust_to_matr,naive_cross,hust,matr,pytorch_1d_cnn,100,42,matr,matr_b3c10,1046.0,1445.3562731156771
hust_to_matr,naive_cross,hust,matr,pytorch_1d_cnn,100,42,matr,matr_b3c11,792.0,1421.7056052489233
hust_to_matr,naive_cross,hust,matr,pytorch_1d_cnn,100,42,matr,matr_b3c12,903.0,1401.9505190640239
hust_to_matr,naive_cross,hust,matr,pytorch_1d_cnn,100,42,matr,matr_b3c13,794.0,1415.8320522691104
hust_to_matr,naive_cross,hust,matr,pytorch_1d_cnn,100,42,matr,matr_b3c14,834.0,1447.2887010016204
hust_to_matr,naive_cross,hust,matr,pytorch_1d_cnn,100,42,matr,matr_b3c15,850.0,1435.113328631443
hust_to_matr,naive_cross,hust,matr,pytorch_1d_cnn,100,42,matr,matr_b3c16,1589.0,1419.2705631479375
hust_to_matr,naive_cross,hust,matr,pytorch_1d_cnn,100,42,matr,matr_b3c17,1269.0,1884.0620296336733
hust_to_matr,naive_cross,hust,matr,pytorch_1d_cnn,100,42,matr,matr_b3c18,1100.0,1386.3541925684444
hust_to_matr,naive_cross,hust,matr,pytorch_1d_cnn,100,42,matr,matr_b3c19,1105.0,1377.5602867703515
hust_to_matr,naive_cross,hust,matr,pytorch_1d_cnn,100,42,matr,matr_b3c2,1224.0,1387.7027599781177
hust_to_matr,naive_cross,hust,matr,pytorch_1d_cnn,100,42,matr,matr_b3c20,793.0,1390.077675629198
hust_to_matr,naive_cross,hust,matr,pytorch_1d_cnn,100,42,matr,matr_b3c21,745.0,1339.3794146738514
hust_to_matr,naive_cross,hust,matr,pytorch_1d_cnn,100,42,matr,matr_b3c22,991.0,1381.5058442151255
hust_to_matr,naive_cross,hust,matr,pytorch_1d_cnn,100,42,matr,matr_b3c24,817.0,1438.768798735881
hust_to_matr,naive_cross,hust,matr,pytorch_1d_cnn,100,42,matr,matr_b3c25,970.0,1438.2879521487976
hust_to_matr,naive_cross,hust,matr,pytorch_1d_cnn,100,42,matr,matr_b3c26,989.0,1423.4625080573123
hust_to_matr,naive_cross,hust,matr,pytorch_1d_cnn,100,42,matr,matr_b3c27,828.0,1403.722500026629
hust_to_matr,naive_cross,hust,matr,pytorch_1d_cnn,100,42,matr,matr_b3c28,524.0,1328.1802307761263
hust_to_matr,naive_cross,hust,matr,pytorch_1d_cnn,100,42,matr,matr_b3c29,833.0,1401.4044592199375
hust_to_matr,naive_cross,hust,matr,pytorch_1d_cnn,100,42,matr,matr_b3c3,1084.0,1384.2087146717663
hust_to_matr,naive_cross,hust,matr,pytorch_1d_cnn,100,42,matr,matr_b3c30,913.0,1393.2370450248545
hust_to_matr,naive_cross,hust,matr,pytorch_1d_cnn,100,42,matr,matr_b3c31,713.0,1403.9346990781096
hust_to_matr,naive_cross,hust,matr,pytorch_1d_cnn,100,42,matr,matr_b3c33,1257.0,1379.6862493927265
hust_to_matr,naive_cross,hust,matr,pytorch_1d_cnn,100,42,matr,matr_b3c34,1125.0,1381.514408034839
hust_to_matr,naive_cross,hust,matr,pytorch_1d_cnn,100,42,matr,matr_b3c35,1056.0,1369.9949231424057
hust_to_matr,naive_cross,hust,matr,pytorch_1d_cnn,100,42,matr,matr_b3c36,910.0,1380.410771685438
hust_to_matr,naive_cross,hust,matr,pytorch_1d_cnn,100,42,matr,matr_b3c37,1376.0,2024.0001726781747
hust_to_matr,naive_cross,hust,matr,pytorch_1d_cnn,100,42,matr,matr_b3c38,1873.0,1382.981580536593
hust_to_matr,naive_cross,hust,matr,pytorch_1d_cnn,100,42,matr,matr_b3c39,1146.0,1391.7702747095707
hust_to_matr,naive_cross,hust,matr,pytorch_1d_cnn,100,42,matr,matr_b3c4,1006.0,1377.0749439305325
hust_to_matr,naive_cross,hust,matr,pytorch_1d_cnn,100,42,matr,matr_b3c40,779.0,1404.6324374623728
hust_to_matr,naive_cross,hust,matr,pytorch_1d_cnn,100,42,matr,matr_b3c41,773.0,1402.1042829790438
hust_to_matr,naive_cross,hust,matr,pytorch_1d_cnn,100,42,matr,matr_b3c42,1587.0,1391.7450563223063
hust_to_matr,naive_cross,hust,matr,pytorch_1d_cnn,100,42,matr,matr_b3c43,1018.0,1386.7264222343813
hust_to_matr,naive_cross,hust,matr,pytorch_1d_cnn,100,42,matr,matr_b3c44,921.0,1393.1307535286844
hust_to_matr,naive_cross,hust,matr,pytorch_1d_cnn,100,42,matr,matr_b3c45,1735.0,1451.1578513080512
hust_to_matr,naive_cross,hust,matr,pytorch_1d_cnn,100,42,matr,matr_b3c5,815.0,1385.464023661064
hust_to_matr,naive_cross,hust,matr,pytorch_1d_cnn,100,42,matr,matr_b3c6,630.0,1323.3927046408353
hust_to_matr,naive_cross,hust,matr,pytorch_1d_cnn,100,42,matr,matr_b3c7,1774.0,1492.5272582006817
hust_to_matr,naive_cross,hust,matr,pytorch_1d_cnn,100,42,matr,matr_b3c8,810.0,1393.3406870417427
hust_to_matr,naive_cross,hust,matr,pytorch_1d_cnn,100,42,matr,matr_b3c9,1010.0,1402.387787616257
hust_to_matr,naive_cross,hust,matr,pytorch_1d_cnn,100,456,matr,matr_b1c0,1717.0,1396.3123755910717
hust_to_matr,naive_cross,hust,matr,pytorch_1d_cnn,100,456,matr,matr_b1c1,2066.0,1408.6474735956688
hust_to_matr,naive_cross,hust,matr,pytorch_1d_cnn,100,456,matr,matr_b1c11,771.0,1496.8342180446484
hust_to_matr,naive_cross,hust,matr,pytorch_1d_cnn,100,456,matr,matr_b1c12,897.0,1473.8598572847322
hust_to_matr,naive_cross,hust,matr,pytorch_1d_cnn,100,456,matr,matr_b1c14,845.0,1545.1163590808746
hust_to_matr,naive_cross,hust,matr,pytorch_1d_cnn,100,456,matr,matr_b1c15,699.0,1554.4246259300076
hust_to_matr,naive_cross,hust,matr,pytorch_1d_cnn,100,456,matr,matr_b1c16,824.0,1531.6008509171643
hust_to_matr,naive_cross,hust,matr,pytorch_1d_cnn,100,456,matr,matr_b1c17,825.0,1475.6270300172937
hust_to_matr,naive_cross,hust,matr,pytorch_1d_cnn,100,456,matr,matr_b1c18,665.0,1451.4616561727273
hust_to_matr,naive_cross,hust,matr,pytorch_1d_cnn,100,456,matr,matr_b1c19,740.0,1471.0394472978494
hust_to_matr,naive_cross,hust,matr,pytorch_1d_cnn,100,456,matr,matr_b1c2,1487.0,1412.0240970332902
hust_to_matr,naive_cross,hust,matr,pytorch_1d_cnn,100,456,matr,matr_b1c20,504.0,1556.6349941121316
hust_to_matr,naive_cross,hust,matr,pytorch_1d_cnn,100,456,matr,matr_b1c21,535.0,1571.2942211082805
hust_to_matr,naive_cross,hust,matr,pytorch_1d_cnn,100,456,matr,matr_b1c23,974.0,1473.7010350436592
hust_to_matr,naive_cross,hust,matr,pytorch_1d_cnn,100,456,matr,matr_b1c24,979.0,1458.4208503017958
hust_to_matr,naive_cross,hust,matr,pytorch_1d_cnn,100,456,matr,matr_b1c25,817.0,1474.612738831184
hust_to_matr,naive_cross,hust,matr,pytorch_1d_cnn,100,456,matr,matr_b1c26,826.0,1480.3249153106224
hust_to_matr,naive_cross,hust,matr,pytorch_1d_cnn,100,456,matr,matr_b1c27,809.0,1468.1782283735688
hust_to_matr,naive_cross,hust,matr,pytorch_1d_cnn,100,456,matr,matr_b1c28,815.0,1468.3812661724648
hust_to_matr,naive_cross,hust,matr,pytorch_1d_cnn,100,456,matr,matr_b1c29,872.0,1468.6445569846112
hust_to_matr,naive_cross,hust,matr,pytorch_1d_cnn,100,456,matr,matr_b1c3,1344.0,1525.728645151168
hust_to_matr,naive_cross,hust,matr,pytorch_1d_cnn,100,456,matr,matr_b1c30,679.0,1469.9729343230242
hust_to_matr,naive_cross,hust,matr,pytorch_1d_cnn,100,456,matr,matr_b1c31,827.0,1466.2892234217486
hust_to_matr,naive_cross,hust,matr,pytorch_1d_cnn,100,456,matr,matr_b1c32,694.0,1466.250768960753
hust_to_matr,naive_cross,hust,matr,pytorch_1d_cnn,100,456,matr,matr_b1c33,708.0,1468.9043928614458
hust_to_matr,naive_cross,hust,matr,pytorch_1d_cnn,100,456,matr,matr_b1c34,714.0,1471.3088273271221
hust_to_matr,naive_cross,hust,matr,pytorch_1d_cnn,100,456,matr,matr_b1c35,676.0,1474.6141451321503
hust_to_matr,naive_cross,hust,matr,pytorch_1d_cnn,100,456,matr,matr_b1c36,670.0,1474.740014500287
hust_to_matr,naive_cross,hust,matr,pytorch_1d_cnn,100,456,matr,matr_b1c37,622.0,1476.0401208677083
hust_to_matr,naive_cross,hust,matr,pytorch_1d_cnn,100,456,matr,matr_b1c38,592.0,1462.2904752358506
hust_to_matr,naive_cross,hust,matr,pytorch_1d_cnn,100,456,matr,matr_b1c39,592.0,1470.7708179070275
hust_to_matr,naive_cross,hust,matr,pytorch_1d_cnn,100,456,matr,matr_b1c4,1618.0,1525.8741569118677
hust_to_matr,naive_cross,hust,matr,pytorch_1d_cnn,100,456,matr,matr_b1c40,919.0,1471.770535921714
hust_to_matr,naive_cross,hust,matr,pytorch_1d_cnn,100,456,matr,matr_b1c41,1005.0,1472.278723130458
hust_to_matr,naive_cross,hust,matr,pytorch_1d_cnn,100,456,matr,matr_b1c42,661.0,1473.9849594177817
hust_to_matr,naive_cross,hust,matr,pytorch_1d_cnn,100,456,matr,matr_b1c43,626.0,1467.5783807280504
hust_to_matr,naive_cross,hust,matr,pytorch_1d_cnn,100,456,matr,matr_b1c44,575.0,1466.6528427174837
hust_to_matr,naive_cross,hust,matr,pytorch_1d_cnn,100,456,matr,matr_b1c45,563.0,1470.0493385196842
hust_to_matr,naive_cross,hust,matr,pytorch_1d_cnn,100,456,matr,matr_b1c5,909.0,1552.0027663045435
hust_to_matr,naive_cross,hust,matr,pytorch_1d_cnn,100,456,matr,matr_b1c6,613.0,1523.1357723514398
hust_to_matr,naive_cross,hust,matr,pytorch_1d_cnn,100,456,matr,matr_b1c7,818.0,1479.5387805717764
hust_to_matr,naive_cross,hust,matr,pytorch_1d_cnn,100,456,matr,matr_b1c9,1012.0,1475.3343473865225
hust_to_matr,naive_cross,hust,matr,pytorch_1d_cnn,100,456,matr,matr_b2c0,278.0,1657.109921331748
hust_to_matr,naive_cross,hust,matr,pytorch_1d_cnn,100,456,matr,matr_b2c1,133.0,1138.3557369188604
hust_to_matr,naive_cross,hust,matr,pytorch_1d_cnn,100,456,matr,matr_b2c10,251.0,1470.2582436581804
hust_to_matr,naive_cross,hust,matr,pytorch_1d_cnn,100,456,matr,matr_b2c11,250.0,1469.8215395729537
hust_to_matr,naive_cross,hust,matr,pytorch_1d_cnn,100,456,matr,matr_b2c12,435.0,1438.3627094677818
hust_to_matr,naive_cross,hust,matr,pytorch_1d_cnn,100,456,matr,matr_b2c13,454.0,1445.7526172055477
hust_to_matr,naive_cross,hust,matr,pytorch_1d_cnn,100,456,matr,matr_b2c14,466.0,1475.1289413694753
hust_to_matr,naive_cross,hust,matr,pytorch_1d_cnn,100,456,matr,matr_b2c17,476.0,1541.1385156498952
hust_to_matr,naive_cross,hust,matr,pytorch_1d_cnn,100,456,matr,matr_b2c18,468.0,1464.563960857052
hust_to_matr,naive_cross,hust,matr,pytorch_1d_cnn,100,456,matr,matr_b2c19,455.0,1393.702830250336
hust_to_matr,naive_cross,hust,matr,pytorch_1d_cnn,100,456,matr,matr_b2c2,422.0,1472.1298987659602
hust_to_matr,naive_cross,hust,matr,pytorch_1d_cnn,100,456,matr,matr_b2c20,475.0,1480.0447098849563
hust_to_matr,naive_cross,hust,matr,pytorch_1d_cnn,100,456,matr,matr_b2c21,468.0,1458.7560857251165
hust_to_matr,naive_cross,hust,matr,pytorch_1d_cnn,100,456,matr,matr_b2c22,490.0,1477.1673841719276
hust_to_matr,naive_cross,hust,matr,pytorch_1d_cnn,100,456,matr,matr_b2c23,502.0,1446.4594132012962
hust_to_matr,naive_cross,hust,matr,pytorch_1d_cnn,100,456,matr,matr_b2c24,478.0,1447.1506833766612
hust_to_matr,naive_cross,hust,matr,pytorch_1d_cnn,100,456,matr,matr_b2c25,446.0,1467.623868166768
hust_to_matr,naive_cross,hust,matr,pytorch_1d_cnn,100,456,matr,matr_b2c26,450.0,1463.4721353140865
hust_to_matr,naive_cross,hust,matr,pytorch_1d_cnn,100,456,matr,matr_b2c27,453.0,1473.767091772946
hust_to_matr,naive_cross,hust,matr,pytorch_1d_cnn,100,456,matr,matr_b2c28,491.0,1408.8906483387507
hust_to_matr,naive_cross,hust,matr,pytorch_1d_cnn,100,456,matr,matr_b2c29,481.0,1467.1046953620735
hust_to_matr,naive_cross,hust,matr,pytorch_1d_cnn,100,456,matr,matr_b2c3,314.0,1382.4211556619082
hust_to_matr,naive_cross,hust,matr,pytorch_1d_cnn,100,456,matr,matr_b2c30,466.0,1481.0309575566675
hust_to_matr,naive_cross,hust,matr,pytorch_1d_cnn,100,456,matr,matr_b2c31,474.0,1486.2519728735638
hust_to_matr,naive_cross,hust,matr,pytorch_1d_cnn,100,456,matr,matr_b2c32,500.0,1479.939558313736
hust_to_matr,naive_cross,hust,matr,pytorch_1d_cnn,100,456,matr,matr_b2c33,499.0,1477.134983585582
hust_to_matr,naive_cross,hust,matr,pytorch_1d_cnn,100,456,matr,matr_b2c34,483.0,1489.927577272225
hust_to_matr,naive_cross,hust,matr,pytorch_1d_cnn,100,456,matr,matr_b2c35,449.0,1483.7155756137724
hust_to_matr,naive_cross,hust,matr,pytorch_1d_cnn,100,456,matr,matr_b2c36,513.0,1478.6451832149528
hust_to_matr,naive_cross,hust,matr,pytorch_1d_cnn,100,456,matr,matr_b2c37,461.0,1476.7962287154323
hust_to_matr,naive_cross,hust,matr,pytorch_1d_cnn,100,456,matr,matr_b2c38,451.0,1468.4505855048885
hust_to_matr,naive_cross,hust,matr,pytorch_1d_cnn,100,456,matr,matr_b2c39,442.0,1470.0332162026662
hust_to_matr,naive_cross,hust,matr,pytorch_1d_cnn,100,456,matr,matr_b2c4,247.0,1439.8353286319596
hust_to_matr,naive_cross,hust,matr,pytorch_1d_cnn,100,456,matr,matr_b2c40,476.0,1397.61798031094
hust_to_matr,naive_cross,hust,matr,pytorch_1d_cnn,100,456,matr,matr_b2c41,416.0,1475.1662218440526
hust_to_matr,naive_cross,hust,matr,pytorch_1d_cnn,100,456,matr,matr_b2c42,444.0,1476.7455278109558
hust_to_matr,naive_cross,hust,matr,pytorch_1d_cnn,100,456,matr,matr_b2c43,443.0,1480.307974433339
hust_to_matr,naive_cross,hust,matr,pytorch_1d_cnn,100,456,matr,matr_b2c44,442.0,1471.6617617351196
hust_to_matr,naive_cross,hust,matr,pytorch_1d_cnn,100,456,matr,matr_b2c45,470.0,1467.9759186346603
hust_to_matr,naive_cross,hust,matr,pytorch_1d_cnn,100,456,matr,matr_b2c46,417.0,1480.4780978775723
hust_to_matr,naive_cross,hust,matr,pytorch_1d_cnn,100,456,matr,matr_b2c47,705.0,1491.315737923859
hust_to_matr,naive_cross,hust,matr,pytorch_1d_cnn,100,456,matr,matr_b2c5,464.0,1466.3920066584062
hust_to_matr,naive_cross,hust,matr,pytorch_1d_cnn,100,456,matr,matr_b2c6,475.0,1408.70658403617
hust_to_matr,naive_cross,hust,matr,pytorch_1d_cnn,100,456,matr,matr_b3c0,985.0,1464.008172962199
hust_to_matr,naive_cross,hust,matr,pytorch_1d_cnn,100,456,matr,matr_b3c1,1033.0,1465.777512103586
hust_to_matr,naive_cross,hust,matr,pytorch_1d_cnn,100,456,matr,matr_b3c10,1046.0,1473.4515921849234
hust_to_matr,naive_cross,hust,matr,pytorch_1d_cnn,100,456,matr,matr_b3c11,792.0,1465.6600953598809
hust_to_matr,naive_cross,hust,matr,pytorch_1d_cnn,100,456,matr,matr_b3c12,903.0,1459.1122708254652
hust_to_matr,naive_cross,hust,matr,pytorch_1d_cnn,100,456,matr,matr_b3c13,794.0,1472.8552085084837
hust_to_matr,naive_cross,hust,matr,pytorch_1d_cnn,100,456,matr,matr_b3c14,834.0,1464.836346005192
hust_to_matr,naive_cross,hust,matr,pytorch_1d_cnn,100,456,matr,matr_b3c15,850.0,1464.9627778616073
hust_to_matr,naive_cross,hust,matr,pytorch_1d_cnn,100,456,matr,matr_b3c16,1589.0,1469.4725499790381
hust_to_matr,naive_cross,hust,matr,pytorch_1d_cnn,100,456,matr,matr_b3c17,1269.0,1626.4352985684193
hust_to_matr,naive_cross,hust,matr,pytorch_1d_cnn,100,456,matr,matr_b3c18,1100.0,1462.4355155108467
hust_to_matr,naive_cross,hust,matr,pytorch_1d_cnn,100,456,matr,matr_b3c19,1105.0,1458.750521022879
hust_to_matr,naive_cross,hust,matr,pytorch_1d_cnn,100,456,matr,matr_b3c2,1224.0,1458.3791251434586
hust_to_matr,naive_cross,hust,matr,pytorch_1d_cnn,100,456,matr,matr_b3c20,793.0,1462.6879756809205
hust_to_matr,naive_cross,hust,matr,pytorch_1d_cnn,100,456,matr,matr_b3c21,745.0,1425.9258200880909
hust_to_matr,naive_cross,hust,matr,pytorch_1d_cnn,100,456,matr,matr_b3c22,991.0,1461.4518946335613
hust_to_matr,naive_cross,hust,matr,pytorch_1d_cnn,100,456,matr,matr_b3c24,817.0,1475.1064328598457
hust_to_matr,naive_cross,hust,matr,pytorch_1d_cnn,100,456,matr,matr_b3c25,970.0,1470.9124910017626
hust_to_matr,naive_cross,hust,matr,pytorch_1d_cnn,100,456,matr,matr_b3c26,989.0,1466.2067223628098
hust_to_matr,naive_cross,hust,matr,pytorch_1d_cnn,100,456,matr,matr_b3c27,828.0,1469.223822845797
hust_to_matr,naive_cross,hust,matr,pytorch_1d_cnn,100,456,matr,matr_b3c28,524.0,1389.310980465105
hust_to_matr,naive_cross,hust,matr,pytorch_1d_cnn,100,456,matr,matr_b3c29,833.0,1468.8483596744918
hust_to_matr,naive_cross,hust,matr,pytorch_1d_cnn,100,456,matr,matr_b3c3,1084.0,1458.270645318443
hust_to_matr,naive_cross,hust,matr,pytorch_1d_cnn,100,456,matr,matr_b3c30,913.0,1465.9976938520097
hust_to_matr,naive_cross,hust,matr,pytorch_1d_cnn,100,456,matr,matr_b3c31,713.0,1466.1221286397815
hust_to_matr,naive_cross,hust,matr,pytorch_1d_cnn,100,456,matr,matr_b3c33,1257.0,1461.7864327097234
hust_to_matr,naive_cross,hust,matr,pytorch_1d_cnn,100,456,matr,matr_b3c34,1125.0,1462.452251852899
hust_to_matr,naive_cross,hust,matr,pytorch_1d_cnn,100,456,matr,matr_b3c35,1056.0,1457.2300663856583
hust_to_matr,naive_cross,hust,matr,pytorch_1d_cnn,100,456,matr,matr_b3c36,910.0,1461.9627929719268
hust_to_matr,naive_cross,hust,matr,pytorch_1d_cnn,100,456,matr,matr_b3c37,1376.0,1458.3916425656146
hust_to_matr,naive_cross,hust,matr,pytorch_1d_cnn,100,456,matr,matr_b3c38,1873.0,1460.5044524613245
hust_to_matr,naive_cross,hust,matr,pytorch_1d_cnn,100,456,matr,matr_b3c39,1146.0,1466.4780144948668
hust_to_matr,naive_cross,hust,matr,pytorch_1d_cnn,100,456,matr,matr_b3c4,1006.0,1460.9439613608258
hust_to_matr,naive_cross,hust,matr,pytorch_1d_cnn,100,456,matr,matr_b3c40,779.0,1469.1712802469037
hust_to_matr,naive_cross,hust,matr,pytorch_1d_cnn,100,456,matr,matr_b3c41,773.0,1468.1908299024633
hust_to_matr,naive_cross,hust,matr,pytorch_1d_cnn,100,456,matr,matr_b3c42,1587.0,1461.4909201304297
hust_to_matr,naive_cross,hust,matr,pytorch_1d_cnn,100,456,matr,matr_b3c43,1018.0,1463.8245858844462
hust_to_matr,naive_cross,hust,matr,pytorch_1d_cnn,100,456,matr,matr_b3c44,921.0,1468.0704197141101
hust_to_matr,naive_cross,hust,matr,pytorch_1d_cnn,100,456,matr,matr_b3c45,1735.0,1469.2742655085942
hust_to_matr,naive_cross,hust,matr,pytorch_1d_cnn,100,456,matr,matr_b3c5,815.0,1461.6581840636688
hust_to_matr,naive_cross,hust,matr,pytorch_1d_cnn,100,456,matr,matr_b3c6,630.0,1378.1036269829688
hust_to_matr,naive_cross,hust,matr,pytorch_1d_cnn,100,456,matr,matr_b3c7,1774.0,1477.7521255643176
hust_to_matr,naive_cross,hust,matr,pytorch_1d_cnn,100,456,matr,matr_b3c8,810.0,1466.9983645703821
hust_to_matr,naive_cross,hust,matr,pytorch_1d_cnn,100,456,matr,matr_b3c9,1010.0,1466.724178618772
hust_to_matr,naive_cross,hust,matr,pytorch_1d_cnn,100,789,matr,matr_b1c0,1717.0,1524.3091787981061
hust_to_matr,naive_cross,hust,matr,pytorch_1d_cnn,100,789,matr,matr_b1c1,2066.0,1482.155671665893
hust_to_matr,naive_cross,hust,matr,pytorch_1d_cnn,100,789,matr,matr_b1c11,771.0,1500.9438899526763
hust_to_matr,naive_cross,hust,matr,pytorch_1d_cnn,100,789,matr,matr_b1c12,897.0,1463.339552120252
hust_to_matr,naive_cross,hust,matr,pytorch_1d_cnn,100,789,matr,matr_b1c14,845.0,1476.1942678562298
hust_to_matr,naive_cross,hust,matr,pytorch_1d_cnn,100,789,matr,matr_b1c15,699.0,1477.206124936305
hust_to_matr,naive_cross,hust,matr,pytorch_1d_cnn,100,789,matr,matr_b1c16,824.0,1478.6945391463648
hust_to_matr,naive_cross,hust,matr,pytorch_1d_cnn,100,789,matr,matr_b1c17,825.0,1467.8702246345492
hust_to_matr,naive_cross,hust,matr,pytorch_1d_cnn,100,789,matr,matr_b1c18,665.0,1542.8149351882332
hust_to_matr,naive_cross,hust,matr,pytorch_1d_cnn,100,789,matr,matr_b1c19,740.0,1463.0995373181515
hust_to_matr,naive_cross,hust,matr,pytorch_1d_cnn,100,789,matr,matr_b1c2,1487.0,1478.144666139178
hust_to_matr,naive_cross,hust,matr,pytorch_1d_cnn,100,789,matr,matr_b1c20,504.0,1454.9138513328285
hust_to_matr,naive_cross,hust,matr,pytorch_1d_cnn,100,789,matr,matr_b1c21,535.0,1462.181007247232
hust_to_matr,naive_cross,hust,matr,pytorch_1d_cnn,100,789,matr,matr_b1c23,974.0,1463.3500187777865
hust_to_matr,naive_cross,hust,matr,pytorch_1d_cnn,100,789,matr,matr_b1c24,979.0,1468.8882831012695
hust_to_matr,naive_cross,hust,matr,pytorch_1d_cnn,100,789,matr,matr_b1c25,817.0,1463.7457133364067
hust_to_matr,naive_cross,hust,matr,pytorch_1d_cnn,100,789,matr,matr_b1c26,826.0,1463.083491220955
hust_to_matr,naive_cross,hust,matr,pytorch_1d_cnn,100,789,matr,matr_b1c27,809.0,1462.6328770644782
hust_to_matr,naive_cross,hust,matr,pytorch_1d_cnn,100,789,matr,matr_b1c28,815.0,1464.247638613981
hust_to_matr,naive_cross,hust,matr,pytorch_1d_cnn,100,789,matr,matr_b1c29,872.0,1464.5967840751607
hust_to_matr,naive_cross,hust,matr,pytorch_1d_cnn,100,789,matr,matr_b1c3,1344.0,1467.9283203947052
hust_to_matr,naive_cross,hust,matr,pytorch_1d_cnn,100,789,matr,matr_b1c30,679.0,1462.8958347140358
hust_to_matr,naive_cross,hust,matr,pytorch_1d_cnn,100,789,matr,matr_b1c31,827.0,1461.2874414888686
hust_to_matr,naive_cross,hust,matr,pytorch_1d_cnn,100,789,matr,matr_b1c32,694.0,1464.415916334424
hust_to_matr,naive_cross,hust,matr,pytorch_1d_cnn,100,789,matr,matr_b1c33,708.0,1465.1688642189597
hust_to_matr,naive_cross,hust,matr,pytorch_1d_cnn,100,789,matr,matr_b1c34,714.0,1463.4560851305353
hust_to_matr,naive_cross,hust,matr,pytorch_1d_cnn,100,789,matr,matr_b1c35,676.0,1463.6996481504207
hust_to_matr,naive_cross,hust,matr,pytorch_1d_cnn,100,789,matr,matr_b1c36,670.0,1463.9055568146568
hust_to_matr,naive_cross,hust,matr,pytorch_1d_cnn,100,789,matr,matr_b1c37,622.0,1463.501444799131
hust_to_matr,naive_cross,hust,matr,pytorch_1d_cnn,100,789,matr,matr_b1c38,592.0,1462.5010672778944
hust_to_matr,naive_cross,hust,matr,pytorch_1d_cnn,100,789,matr,matr_b1c39,592.0,1463.7610687205668
hust_to_matr,naive_cross,hust,matr,pytorch_1d_cnn,100,789,matr,matr_b1c4,1618.0,1468.296546987758
hust_to_matr,naive_cross,hust,matr,pytorch_1d_cnn,100,789,matr,matr_b1c40,919.0,1463.3876993647852
hust_to_matr,naive_cross,hust,matr,pytorch_1d_cnn,100,789,matr,matr_b1c41,1005.0,1463.8546004482469
hust_to_matr,naive_cross,hust,matr,pytorch_1d_cnn,100,789,matr,matr_b1c42,661.0,1464.3132716070866
hust_to_matr,naive_cross,hust,matr,pytorch_1d_cnn,100,789,matr,matr_b1c43,626.0,1463.8134178317587
hust_to_matr,naive_cross,hust,matr,pytorch_1d_cnn,100,789,matr,matr_b1c44,575.0,1463.517495480156
hust_to_matr,naive_cross,hust,matr,pytorch_1d_cnn,100,789,matr,matr_b1c45,563.0,1465.0542905978905
hust_to_matr,naive_cross,hust,matr,pytorch_1d_cnn,100,789,matr,matr_b1c5,909.0,1475.420176179994
hust_to_matr,naive_cross,hust,matr,pytorch_1d_cnn,100,789,matr,matr_b1c6,613.0,1479.9543778815735
hust_to_matr,naive_cross,hust,matr,pytorch_1d_cnn,100,789,matr,matr_b1c7,818.0,1474.9875654898478
hust_to_matr,naive_cross,hust,matr,pytorch_1d_cnn,100,789,matr,matr_b1c9,1012.0,1463.5865852037273
hust_to_matr,naive_cross,hust,matr,pytorch_1d_cnn,100,789,matr,matr_b2c0,278.0,1480.4703324812792
hust_to_matr,naive_cross,hust,matr,pytorch_1d_cnn,100,789,matr,matr_b2c1,133.0,1398.0918967708737
hust_to_matr,naive_cross,hust,matr,pytorch_1d_cnn,100,789,matr,matr_b2c10,251.0,1463.2188420806579
hust_to_matr,naive_cross,hust,matr,pytorch_1d_cnn,100,789,matr,matr_b2c11,250.0,1463.1916313662077
hust_to_matr,naive_cross,hust,matr,pytorch_1d_cnn,100,789,matr,matr_b2c12,435.0,1454.1495319667001
hust_to_matr,naive_cross,hust,matr,pytorch_1d_cnn,100,789,matr,matr_b2c13,454.0,1461.0568201632332
hust_to_matr,naive_cross,hust,matr,pytorch_1d_cnn,100,789,matr,matr_b2c14,466.0,1464.473875379043
hust_to_matr,naive_cross,hust,matr,pytorch_1d_cnn,100,789,matr,matr_b2c17,476.0,1462.3560205016572
hust_to_matr,naive_cross,hust,matr,pytorch_1d_cnn,100,789,matr,matr_b2c18,468.0,1458.8381675488936
hust_to_matr,naive_cross,hust,matr,pytorch_1d_cnn,100,789,matr,matr_b2c19,455.0,1450.5186155702454
hust_to_matr,naive_cross,hust,matr,pytorch_1d_cnn,100,789,matr,matr_b2c2,422.0,1464.3076857059075
hust_to_matr,naive_cross,hust,matr,pytorch_1d_cnn,100,789,matr,matr_b2c20,475.0,1469.0227699963064
hust_to_matr,naive_cross,hust,matr,pytorch_1d_cnn,100,789,matr,matr_b2c21,468.0,1465.5035543325955
hust_to_matr,naive_cross,hust,matr,pytorch_1d_cnn,100,789,matr,matr_b2c22,490.0,1464.6240209209857
hust_to_matr,naive_cross,hust,matr,pytorch_1d_cnn,100,789,matr,matr_b2c23,502.0,1460.8777827849176
hust_to_matr,naive_cross,hust,matr,pytorch_1d_cnn,100,789,matr,matr_b2c24,478.0,1467.0053597803724
hust_to_matr,naive_cross,hust,matr,pytorch_1d_cnn,100,789,matr,matr_b2c25,446.0,1464.3789075421055
hust_to_matr,naive_cross,hust,matr,pytorch_1d_cnn,100,789,matr,matr_b2c26,450.0,1462.5380286121406
hust_to_matr,naive_cross,hust,matr,pytorch_1d_cnn,100,789,matr,matr_b2c27,453.0,1463.9837398936977
hust_to_matr,naive_cross,hust,matr,pytorch_1d_cnn,100,789,matr,matr_b2c28,491.0,1463.0618641510014
hust_to_matr,naive_cross,hust,matr,pytorch_1d_cnn,100,789,matr,matr_b2c29,481.0,1466.666130514575
hust_to_matr,naive_cross,hust,matr,pytorch_1d_cnn,100,789,matr,matr_b2c3,314.0,1447.99348612322
hust_to_matr,naive_cross,hust,matr,pytorch_1d_cnn,100,789,matr,matr_b2c30,466.0,1464.6275128609284
hust_to_matr,naive_cross,hust,matr,pytorch_1d_cnn,100,789,matr,matr_b2c31,474.0,1465.11367214887
hust_to_matr,naive_cross,hust,matr,pytorch_1d_cnn,100,789,matr,matr_b2c32,500.0,1466.5703211994319
hust_to_matr,naive_cross,hust,matr,pytorch_1d_cnn,100,789,matr,matr_b2c33,499.0,1463.1630257761174
hust_to_matr,naive_cross,hust,matr,pytorch_1d_cnn,100,789,matr,matr_b2c34,483.0,1466.1228277414575
hust_to_matr,naive_cross,hust,matr,pytorch_1d_cnn,100,789,matr,matr_b2c35,449.0,1465.6342369837846
hust_to_matr,naive_cross,hust,matr,pytorch_1d_cnn,100,789,matr,matr_b2c36,513.0,1463.6808037194496
hust_to_matr,naive_cross,hust,matr,pytorch_1d_cnn,100,789,matr,matr_b2c37,461.0,1464.3055909984591
hust_to_matr,naive_cross,hust,matr,pytorch_1d_cnn,100,789,matr,matr_b2c38,451.0,1461.696518077753
hust_to_matr,naive_cross,hust,matr,pytorch_1d_cnn,100,789,matr,matr_b2c39,442.0,1462.6447335535117
hust_to_matr,naive_cross,hust,matr,pytorch_1d_cnn,100,789,matr,matr_b2c4,247.0,1461.7062759873172
hust_to_matr,naive_cross,hust,matr,pytorch_1d_cnn,100,789,matr,matr_b2c40,476.0,1478.4978303074586
hust_to_matr,naive_cross,hust,matr,pytorch_1d_cnn,100,789,matr,matr_b2c41,416.0,1466.1319160935823
hust_to_matr,naive_cross,hust,matr,pytorch_1d_cnn,100,789,matr,matr_b2c42,444.0,1465.235237183243
hust_to_matr,naive_cross,hust,matr,pytorch_1d_cnn,100,789,matr,matr_b2c43,443.0,1464.4298821594978
hust_to_matr,naive_cross,hust,matr,pytorch_1d_cnn,100,789,matr,matr_b2c44,442.0,1465.9718295197242
hust_to_matr,naive_cross,hust,matr,pytorch_1d_cnn,100,789,matr,matr_b2c45,470.0,1466.2011292387033
hust_to_matr,naive_cross,hust,matr,pytorch_1d_cnn,100,789,matr,matr_b2c46,417.0,1463.036749245148
hust_to_matr,naive_cross,hust,matr,pytorch_1d_cnn,100,789,matr,matr_b2c47,705.0,1463.6221781523843
hust_to_matr,naive_cross,hust,matr,pytorch_1d_cnn,100,789,matr,matr_b2c5,464.0,1463.9446478322488
hust_to_matr,naive_cross,hust,matr,pytorch_1d_cnn,100,789,matr,matr_b2c6,475.0,1452.765486162546
hust_to_matr,naive_cross,hust,matr,pytorch_1d_cnn,100,789,matr,matr_b3c0,985.0,1462.6900680743502
hust_to_matr,naive_cross,hust,matr,pytorch_1d_cnn,100,789,matr,matr_b3c1,1033.0,1463.788290024742
hust_to_matr,naive_cross,hust,matr,pytorch_1d_cnn,100,789,matr,matr_b3c10,1046.0,1463.430265639393
hust_to_matr,naive_cross,hust,matr,pytorch_1d_cnn,100,789,matr,matr_b3c11,792.0,1464.5646592157354
hust_to_matr,naive_cross,hust,matr,pytorch_1d_cnn,100,789,matr,matr_b3c12,903.0,1463.7533910083512
hust_to_matr,naive_cross,hust,matr,pytorch_1d_cnn,100,789,matr,matr_b3c13,794.0,1463.9481381524379
hust_to_matr,naive_cross,hust,matr,pytorch_1d_cnn,100,789,matr,matr_b3c14,834.0,1465.8523002901024
hust_to_matr,naive_cross,hust,matr,pytorch_1d_cnn,100,789,matr,matr_b3c15,850.0,1463.2314010426157
hust_to_matr,naive_cross,hust,matr,pytorch_1d_cnn,100,789,matr,matr_b3c16,1589.0,1462.0896739869063
hust_to_matr,naive_cross,hust,matr,pytorch_1d_cnn,100,789,matr,matr_b3c17,1269.0,1491.2048081474352
hust_to_matr,naive_cross,hust,matr,pytorch_1d_cnn,100,789,matr,matr_b3c18,1100.0,1461.9851009239976
hust_to_matr,naive_cross,hust,matr,pytorch_1d_cnn,100,789,matr,matr_b3c19,1105.0,1463.1832589404887
hust_to_matr,naive_cross,hust,matr,pytorch_1d_cnn,100,789,matr,matr_b3c2,1224.0,1463.2809402215141
hust_to_matr,naive_cross,hust,matr,pytorch_1d_cnn,100,789,matr,matr_b3c20,793.0,1463.1476766656442
hust_to_matr,naive_cross,hust,matr,pytorch_1d_cnn,100,789,matr,matr_b3c21,745.0,1455.0491402348603
hust_to_matr,naive_cross,hust,matr,pytorch_1d_cnn,100,789,matr,matr_b3c22,991.0,1463.0618641510014
hust_to_matr,naive_cross,hust,matr,pytorch_1d_cnn,100,789,matr,matr_b3c24,817.0,1464.1743286425296
hust_to_matr,naive_cross,hust,matr,pytorch_1d_cnn,100,789,matr,matr_b3c25,970.0,1464.577229728984
hust_to_matr,naive_cross,hust,matr,pytorch_1d_cnn,100,789,matr,matr_b3c26,989.0,1463.6033347188022
hust_to_matr,naive_cross,hust,matr,pytorch_1d_cnn,100,789,matr,matr_b3c27,828.0,1462.97117346793
hust_to_matr,naive_cross,hust,matr,pytorch_1d_cnn,100,789,matr,matr_b3c28,524.0,1452.720459243554
hust_to_matr,naive_cross,hust,matr,pytorch_1d_cnn,100,789,matr,matr_b3c29,833.0,1462.347652857328
hust_to_matr,naive_cross,hust,matr,pytorch_1d_cnn,100,789,matr,matr_b3c3,1084.0,1462.784228876703
hust_to_matr,naive_cross,hust,matr,pytorch_1d_cnn,100,789,matr,matr_b3c30,913.0,1462.6300873163202
hust_to_matr,naive_cross,hust,matr,pytorch_1d_cnn,100,789,matr,matr_b3c31,713.0,1464.1498928010294
hust_to_matr,naive_cross,hust,matr,pytorch_1d_cnn,100,789,matr,matr_b3c33,1257.0,1462.09664579038
hust_to_matr,naive_cross,hust,matr,pytorch_1d_cnn,100,789,matr,matr_b3c34,1125.0,1463.2795447287292
hust_to_matr,naive_cross,hust,matr,pytorch_1d_cnn,100,789,matr,matr_b3c35,1056.0,1462.8749079709387
hust_to_matr,naive_cross,hust,matr,pytorch_1d_cnn,100,789,matr,matr_b3c36,910.0,1462.6900680743502
hust_to_matr,naive_cross,hust,matr,pytorch_1d_cnn,100,789,matr,matr_b3c37,1376.0,1485.9763140752725
hust_to_matr,naive_cross,hust,matr,pytorch_1d_cnn,100,789,matr,matr_b3c38,1873.0,1462.560345341678
hust_to_matr,naive_cross,hust,matr,pytorch_1d_cnn,100,789,matr,matr_b3c39,1146.0,1462.1454493455446
hust_to_matr,naive_cross,hust,matr,pytorch_1d_cnn,100,789,matr,matr_b3c4,1006.0,1463.0137276268451
hust_to_matr,naive_cross,hust,matr,pytorch_1d_cnn,100,789,matr,matr_b3c40,779.0,1462.5080410430492
hust_to_matr,naive_cross,hust,matr,pytorch_1d_cnn,100,789,matr,matr_b3c41,773.0,1462.386702273841
hust_to_matr,naive_cross,hust,matr,pytorch_1d_cnn,100,789,matr,matr_b3c42,1587.0,1462.510830558422
hust_to_matr,naive_cross,hust,matr,pytorch_1d_cnn,100,789,matr,matr_b3c43,1018.0,1462.5331468729466
hust_to_matr,naive_cross,hust,matr,pytorch_1d_cnn,100,789,matr,matr_b3c44,921.0,1462.2242356648783
hust_to_matr,naive_cross,hust,matr,pytorch_1d_cnn,100,789,matr,matr_b3c45,1735.0,1468.516406889614
hust_to_matr,naive_cross,hust,matr,pytorch_1d_cnn,100,789,matr,matr_b3c5,815.0,1463.1183742655
hust_to_matr,naive_cross,hust,matr,pytorch_1d_cnn,100,789,matr,matr_b3c6,630.0,1451.4741142215162
hust_to_matr,naive_cross,hust,matr,pytorch_1d_cnn,100,789,matr,matr_b3c7,1774.0,1461.4079921951934
hust_to_matr,naive_cross,hust,matr,pytorch_1d_cnn,100,789,matr,matr_b3c8,810.0,1463.5377335462667
hust_to_matr,naive_cross,hust,matr,pytorch_1d_cnn,100,789,matr,matr_b3c9,1010.0,1462.7953890772721
hust_to_sandia,naive_cross,hust,sandia,pytorch_1d_cnn,100,1011,sandia,sandia_SNL_18650_LFP_25C_0_100_0_5_3C_a,3183.0,1403.4099497563977
hust_to_sandia,naive_cross,hust,sandia,pytorch_1d_cnn,100,1011,sandia,sandia_SNL_18650_LFP_25C_0_100_0_5_3C_b,1610.0,1444.5955970199652
hust_to_sandia,naive_cross,hust,sandia,pytorch_1d_cnn,100,1011,sandia,sandia_SNL_18650_LFP_25C_0_100_0_5_3C_c,2305.0,1295.3075410987524
hust_to_sandia,naive_cross,hust,sandia,pytorch_1d_cnn,100,1011,sandia,sandia_SNL_18650_LFP_25C_0_100_0_5_3C_d,2788.0,1537.4296768173522
hust_to_sandia,naive_cross,hust,sandia,pytorch_1d_cnn,100,1011,sandia,sandia_SNL_18650_LFP_35C_0_100_0_5_1C_a,3089.0,1427.9786584915262
hust_to_sandia,naive_cross,hust,sandia,pytorch_1d_cnn,100,1011,sandia,sandia_SNL_18650_LFP_35C_0_100_0_5_1C_b,3126.0,1431.7361064495938
hust_to_sandia,naive_cross,hust,sandia,pytorch_1d_cnn,100,1011,sandia,sandia_SNL_18650_LFP_35C_0_100_0_5_1C_c,3246.0,1394.868307268558
hust_to_sandia,naive_cross,hust,sandia,pytorch_1d_cnn,100,1011,sandia,sandia_SNL_18650_LFP_35C_0_100_0_5_1C_d,3374.0,1450.9419739792215
hust_to_sandia,naive_cross,hust,sandia,pytorch_1d_cnn,100,1011,sandia,sandia_SNL_18650_LFP_35C_0_100_0_5_2C_a,3442.0,1477.4329548899361
hust_to_sandia,naive_cross,hust,sandia,pytorch_1d_cnn,100,1011,sandia,sandia_SNL_18650_LFP_35C_0_100_0_5_2C_b,2465.0,1366.5708771444647
hust_to_sandia,naive_cross,hust,sandia,pytorch_1d_cnn,100,1011,sandia,sandia_SNL_18650_NCA_15C_0_100_0_5_1C_a,176.0,931.0000817461979
hust_to_sandia,naive_cross,hust,sandia,pytorch_1d_cnn,100,1011,sandia,sandia_SNL_18650_NCA_15C_0_100_0_5_1C_b,325.0,1422.4684721656656
hust_to_sandia,naive_cross,hust,sandia,pytorch_1d_cnn,100,1011,sandia,sandia_SNL_18650_NCA_15C_0_100_0_5_2C_a,158.0,2024.0001726781747
hust_to_sandia,naive_cross,hust,sandia,pytorch_1d_cnn,100,1011,sandia,sandia_SNL_18650_NCA_15C_0_100_0_5_2C_b,157.0,1991.4924931684377
hust_to_sandia,naive_cross,hust,sandia,pytorch_1d_cnn,100,1011,sandia,sandia_SNL_18650_NCA_25C_0_100_0_5_0_5C_a,249.0,2024.0001726781747
hust_to_sandia,naive_cross,hust,sandia,pytorch_1d_cnn,100,1011,sandia,sandia_SNL_18650_NCA_25C_0_100_0_5_0_5C_b,135.0,1050.3464322901739
hust_to_sandia,naive_cross,hust,sandia,pytorch_1d_cnn,100,1011,sandia,sandia_SNL_18650_NCA_25C_0_100_0_5_1C_a,337.0,1309.3500500457417
hust_to_sandia,naive_cross,hust,sandia,pytorch_1d_cnn,100,1011,sandia,sandia_SNL_18650_NCA_25C_0_100_0_5_1C_b,228.0,2024.0001726781747
hust_to_sandia,naive_cross,hust,sandia,pytorch_1d_cnn,100,1011,sandia,sandia_SNL_18650_NCA_25C_0_100_0_5_1C_c,228.0,1384.3684540883885
hust_to_sandia,naive_cross,hust,sandia,pytorch_1d_cnn,100,1011,sandia,sandia_SNL_18650_NCA_25C_0_100_0_5_1C_d,251.0,2024.0001726781747
hust_to_sandia,naive_cross,hust,sandia,pytorch_1d_cnn,100,1011,sandia,sandia_SNL_18650_NCA_25C_0_100_0_5_2C_a,225.0,2024.0001726781747
hust_to_sandia,naive_cross,hust,sandia,pytorch_1d_cnn,100,1011,sandia,sandia_SNL_18650_NCA_25C_0_100_0_5_2C_b,304.0,1389.1069531170624
hust_to_sandia,naive_cross,hust,sandia,pytorch_1d_cnn,100,1011,sandia,sandia_SNL_18650_NCA_35C_0_100_0_5_1C_a,171.0,1250.228459399155
hust_to_sandia,naive_cross,hust,sandia,pytorch_1d_cnn,100,1011,sandia,sandia_SNL_18650_NCA_35C_0_100_0_5_1C_b,320.0,1201.823961510237
hust_to_sandia,naive_cross,hust,sandia,pytorch_1d_cnn,100,1011,sandia,sandia_SNL_18650_NCA_35C_0_100_0_5_1C_c,346.0,1229.6839246846814
hust_to_sandia,naive_cross,hust,sandia,pytorch_1d_cnn,100,1011,sandia,sandia_SNL_18650_NCA_35C_0_100_0_5_1C_d,320.0,931.0000817461979
hust_to_sandia,naive_cross,hust,sandia,pytorch_1d_cnn,100,1011,sandia,sandia_SNL_18650_NCA_35C_0_100_0_5_2C_a,210.0,1040.5140908660321
hust_to_sandia,naive_cross,hust,sandia,pytorch_1d_cnn,100,1011,sandia,sandia_SNL_18650_NCA_35C_0_100_0_5_2C_b,216.0,2024.0001726781747
hust_to_sandia,naive_cross,hust,sandia,pytorch_1d_cnn,100,1011,sandia,sandia_SNL_18650_NMC_15C_0_100_0_5_1C_a,105.0,1056.8352974732695
hust_to_sandia,naive_cross,hust,sandia,pytorch_1d_cnn,100,1011,sandia,sandia_SNL_18650_NMC_15C_0_100_0_5_1C_b,142.0,2024.0001726781747
hust_to_sandia,naive_cross,hust,sandia,pytorch_1d_cnn,100,1011,sandia,sandia_SNL_18650_NMC_15C_0_100_0_5_2C_a,102.0,1060.9817521386638
hust_to_sandia,naive_cross,hust,sandia,pytorch_1d_cnn,100,1011,sandia,sandia_SNL_18650_NMC_15C_0_100_0_5_2C_b,103.0,931.0000817461979
hust_to_sandia,naive_cross,hust,sandia,pytorch_1d_cnn,100,1011,sandia,sandia_SNL_18650_NMC_25C_0_100_0_5_0_5C_a,49.0,2024.0001726781747
hust_to_sandia,naive_cross,hust,sandia,pytorch_1d_cnn,100,1011,sandia,sandia_SNL_18650_NMC_25C_0_100_0_5_0_5C_b,327.0,1146.974373121823
hust_to_sandia,naive_cross,hust,sandia,pytorch_1d_cnn,100,1011,sandia,sandia_SNL_18650_NMC_25C_0_100_0_5_1C_a,271.0,1211.3343116747617
hust_to_sandia,naive_cross,hust,sandia,pytorch_1d_cnn,100,1011,sandia,sandia_SNL_18650_NMC_25C_0_100_0_5_1C_b,340.0,1250.0001527347395
hust_to_sandia,naive_cross,hust,sandia,pytorch_1d_cnn,100,1011,sandia,sandia_SNL_18650_NMC_25C_0_100_0_5_1C_c,282.0,1227.1511204407298
hust_to_sandia,naive_cross,hust,sandia,pytorch_1d_cnn,100,1011,sandia,sandia_SNL_18650_NMC_25C_0_100_0_5_1C_d,285.0,1255.4203966171453
hust_to_sandia,naive_cross,hust,sandia,pytorch_1d_cnn,100,1011,sandia,sandia_SNL_18650_NMC_25C_0_100_0_5_2C_a,233.0,1244.7285397349012
hust_to_sandia,naive_cross,hust,sandia,pytorch_1d_cnn,100,1011,sandia,sandia_SNL_18650_NMC_25C_0_100_0_5_2C_b,135.0,2024.0001726781747
hust_to_sandia,naive_cross,hust,sandia,pytorch_1d_cnn,100,1011,sandia,sandia_SNL_18650_NMC_25C_0_100_0_5_3C_a,261.0,1027.9284341707712
hust_to_sandia,naive_cross,hust,sandia,pytorch_1d_cnn,100,1011,sandia,sandia_SNL_18650_NMC_25C_0_100_0_5_3C_b,287.0,1199.3342437186413
hust_to_sandia,naive_cross,hust,sandia,pytorch_1d_cnn,100,1011,sandia,sandia_SNL_18650_NMC_25C_0_100_0_5_3C_c,305.0,1090.7973179750982
hust_to_sandia,naive_cross,hust,sandia,pytorch_1d_cnn,100,1011,sandia,sandia_SNL_18650_NMC_25C_0_100_0_5_3C_d,304.0,1193.9204345014607
hust_to_sandia,naive_cross,hust,sandia,pytorch_1d_cnn,100,1011,sandia,sandia_SNL_18650_NMC_35C_0_100_0_5_1C_a,280.0,1433.4575570557597
hust_to_sandia,naive_cross,hust,sandia,pytorch_1d_cnn,100,1011,sandia,sandia_SNL_18650_NMC_35C_0_100_0_5_1C_b,90.0,2024.0001726781747
hust_to_sandia,naive_cross,hust,sandia,pytorch_1d_cnn,100,1011,sandia,sandia_SNL_18650_NMC_35C_0_100_0_5_1C_c,256.0,1423.5616104402422
hust_to_sandia,naive_cross,hust,sandia,pytorch_1d_cnn,100,1011,sandia,sandia_SNL_18650_NMC_35C_0_100_0_5_1C_d,390.0,1165.3710700188162
hust_to_sandia,naive_cross,hust,sandia,pytorch_1d_cnn,100,1011,sandia,sandia_SNL_18650_NMC_35C_0_100_0_5_2C_a,170.0,1655.2990480592982
hust_to_sandia,naive_cross,hust,sandia,pytorch_1d_cnn,100,1011,sandia,sandia_SNL_18650_NMC_35C_0_100_0_5_2C_b,400.0,2024.0001726781747
hust_to_sandia,naive_cross,hust,sandia,pytorch_1d_cnn,100,123,sandia,sandia_SNL_18650_LFP_25C_0_100_0_5_3C_a,3183.0,1767.138030104391
hust_to_sandia,naive_cross,hust,sandia,pytorch_1d_cnn,100,123,sandia,sandia_SNL_18650_LFP_25C_0_100_0_5_3C_b,1610.0,1962.5618746244622
hust_to_sandia,naive_cross,hust,sandia,pytorch_1d_cnn,100,123,sandia,sandia_SNL_18650_LFP_25C_0_100_0_5_3C_c,2305.0,1840.7512901814116
hust_to_sandia,naive_cross,hust,sandia,pytorch_1d_cnn,100,123,sandia,sandia_SNL_18650_LFP_25C_0_100_0_5_3C_d,2788.0,2024.0001726781747
hust_to_sandia,naive_cross,hust,sandia,pytorch_1d_cnn,100,123,sandia,sandia_SNL_18650_LFP_35C_0_100_0_5_1C_a,3089.0,1575.6150903957694
hust_to_sandia,naive_cross,hust,sandia,pytorch_1d_cnn,100,123,sandia,sandia_SNL_18650_LFP_35C_0_100_0_5_1C_b,3126.0,1776.0570246205036
hust_to_sandia,naive_cross,hust,sandia,pytorch_1d_cnn,100,123,sandia,sandia_SNL_18650_LFP_35C_0_100_0_5_1C_c,3246.0,1864.1260546905714
hust_to_sandia,naive_cross,hust,sandia,pytorch_1d_cnn,100,123,sandia,sandia_SNL_18650_LFP_35C_0_100_0_5_1C_d,3374.0,1839.5605841574268
hust_to_sandia,naive_cross,hust,sandia,pytorch_1d_cnn,100,123,sandia,sandia_SNL_18650_LFP_35C_0_100_0_5_2C_a,3442.0,1951.6730179955796
hust_to_sandia,naive_cross,hust,sandia,pytorch_1d_cnn,100,123,sandia,sandia_SNL_18650_LFP_35C_0_100_0_5_2C_b,2465.0,1707.882970166349
hust_to_sandia,naive_cross,hust,sandia,pytorch_1d_cnn,100,123,sandia,sandia_SNL_18650_NCA_15C_0_100_0_5_1C_a,176.0,828.9999451396379
hust_to_sandia,naive_cross,hust,sandia,pytorch_1d_cnn,100,123,sandia,sandia_SNL_18650_NCA_15C_0_100_0_5_1C_b,325.0,1162.989587003897
hust_to_sandia,naive_cross,hust,sandia,pytorch_1d_cnn,100,123,sandia,sandia_SNL_18650_NCA_15C_0_100_0_5_2C_a,158.0,828.9999451396379
hust_to_sandia,naive_cross,hust,sandia,pytorch_1d_cnn,100,123,sandia,sandia_SNL_18650_NCA_15C_0_100_0_5_2C_b,157.0,1180.289396137382
hust_to_sandia,naive_cross,hust,sandia,pytorch_1d_cnn,100,123,sandia,sandia_SNL_18650_NCA_25C_0_100_0_5_0_5C_a,249.0,1838.6003327992598
hust_to_sandia,naive_cross,hust,sandia,pytorch_1d_cnn,100,123,sandia,sandia_SNL_18650_NCA_25C_0_100_0_5_0_5C_b,135.0,828.9999451396379
hust_to_sandia,naive_cross,hust,sandia,pytorch_1d_cnn,100,123,sandia,sandia_SNL_18650_NCA_25C_0_100_0_5_1C_a,337.0,1899.1630853720094
hust_to_sandia,naive_cross,hust,sandia,pytorch_1d_cnn,100,123,sandia,sandia_SNL_18650_NCA_25C_0_100_0_5_1C_b,228.0,2024.0001726781747
hust_to_sandia,naive_cross,hust,sandia,pytorch_1d_cnn,100,123,sandia,sandia_SNL_18650_NCA_25C_0_100_0_5_1C_c,228.0,1006.8268056220661
hust_to_sandia,naive_cross,hust,sandia,pytorch_1d_cnn,100,123,sandia,sandia_SNL_18650_NCA_25C_0_100_0_5_1C_d,251.0,1762.095314783271
hust_to_sandia,naive_cross,hust,sandia,pytorch_1d_cnn,100,123,sandia,sandia_SNL_18650_NCA_25C_0_100_0_5_2C_a,225.0,2024.0001726781747
hust_to_sandia,naive_cross,hust,sandia,pytorch_1d_cnn,100,123,sandia,sandia_SNL_18650_NCA_25C_0_100_0_5_2C_b,304.0,1760.3342278102327
hust_to_sandia,naive_cross,hust,sandia,pytorch_1d_cnn,100,123,sandia,sandia_SNL_18650_NCA_35C_0_100_0_5_1C_a,171.0,2024.0001726781747
hust_to_sandia,naive_cross,hust,sandia,pytorch_1d_cnn,100,123,sandia,sandia_SNL_18650_NCA_35C_0_100_0_5_1C_b,320.0,2024.0001726781747
hust_to_sandia,naive_cross,hust,sandia,pytorch_1d_cnn,100,123,sandia,sandia_SNL_18650_NCA_35C_0_100_0_5_1C_c,346.0,1821.8294960126548
hust_to_sandia,naive_cross,hust,sandia,pytorch_1d_cnn,100,123,sandia,sandia_SNL_18650_NCA_35C_0_100_0_5_1C_d,320.0,828.9999451396379
hust_to_sandia,naive_cross,hust,sandia,pytorch_1d_cnn,100,123,sandia,sandia_SNL_18650_NCA_35C_0_100_0_5_2C_a,210.0,898.7268380598379
hust_to_sandia,naive_cross,hust,sandia,pytorch_1d_cnn,100,123,sandia,sandia_SNL_18650_NCA_35C_0_100_0_5_2C_b,216.0,2024.0001726781747
hust_to_sandia,naive_cross,hust,sandia,pytorch_1d_cnn,100,123,sandia,sandia_SNL_18650_NMC_15C_0_100_0_5_1C_a,105.0,828.9999451396379
hust_to_sandia,naive_cross,hust,sandia,pytorch_1d_cnn,100,123,sandia,sandia_SNL_18650_NMC_15C_0_100_0_5_1C_b,142.0,828.9999451396379
hust_to_sandia,naive_cross,hust,sandia,pytorch_1d_cnn,100,123,sandia,sandia_SNL_18650_NMC_15C_0_100_0_5_2C_a,102.0,828.9999451396379
hust_to_sandia,naive_cross,hust,sandia,pytorch_1d_cnn,100,123,sandia,sandia_SNL_18650_NMC_15C_0_100_0_5_2C_b,103.0,828.9999451396379
hust_to_sandia,naive_cross,hust,sandia,pytorch_1d_cnn,100,123,sandia,sandia_SNL_18650_NMC_25C_0_100_0_5_0_5C_a,49.0,2024.0001726781747
hust_to_sandia,naive_cross,hust,sandia,pytorch_1d_cnn,100,123,sandia,sandia_SNL_18650_NMC_25C_0_100_0_5_0_5C_b,327.0,828.9999451396379
hust_to_sandia,naive_cross,hust,sandia,pytorch_1d_cnn,100,123,sandia,sandia_SNL_18650_NMC_25C_0_100_0_5_1C_a,271.0,828.9999451396379
hust_to_sandia,naive_cross,hust,sandia,pytorch_1d_cnn,100,123,sandia,sandia_SNL_18650_NMC_25C_0_100_0_5_1C_b,340.0,890.0650720688593
hust_to_sandia,naive_cross,hust,sandia,pytorch_1d_cnn,100,123,sandia,sandia_SNL_18650_NMC_25C_0_100_0_5_1C_c,282.0,894.7890069258799
hust_to_sandia,naive_cross,hust,sandia,pytorch_1d_cnn,100,123,sandia,sandia_SNL_18650_NMC_25C_0_100_0_5_1C_d,285.0,953.6249883397526
hust_to_sandia,naive_cross,hust,sandia,pytorch_1d_cnn,100,123,sandia,sandia_SNL_18650_NMC_25C_0_100_0_5_2C_a,233.0,1327.4356485540804
hust_to_sandia,naive_cross,hust,sandia,pytorch_1d_cnn,100,123,sandia,sandia_SNL_18650_NMC_25C_0_100_0_5_2C_b,135.0,828.9999451396379
hust_to_sandia,naive_cross,hust,sandia,pytorch_1d_cnn,100,123,sandia,sandia_SNL_18650_NMC_25C_0_100_0_5_3C_a,261.0,2024.0001726781747
hust_to_sandia,naive_cross,hust,sandia,pytorch_1d_cnn,100,123,sandia,sandia_SNL_18650_NMC_25C_0_100_0_5_3C_b,287.0,828.9999451396379
hust_to_sandia,naive_cross,hust,sandia,pytorch_1d_cnn,100,123,sandia,sandia_SNL_18650_NMC_25C_0_100_0_5_3C_c,305.0,828.9999451396379
hust_to_sandia,naive_cross,hust,sandia,pytorch_1d_cnn,100,123,sandia,sandia_SNL_18650_NMC_25C_0_100_0_5_3C_d,304.0,828.9999451396379
hust_to_sandia,naive_cross,hust,sandia,pytorch_1d_cnn,100,123,sandia,sandia_SNL_18650_NMC_35C_0_100_0_5_1C_a,280.0,1699.3346922555918
hust_to_sandia,naive_cross,hust,sandia,pytorch_1d_cnn,100,123,sandia,sandia_SNL_18650_NMC_35C_0_100_0_5_1C_b,90.0,2024.0001726781747
hust_to_sandia,naive_cross,hust,sandia,pytorch_1d_cnn,100,123,sandia,sandia_SNL_18650_NMC_35C_0_100_0_5_1C_c,256.0,1526.87201373171
hust_to_sandia,naive_cross,hust,sandia,pytorch_1d_cnn,100,123,sandia,sandia_SNL_18650_NMC_35C_0_100_0_5_1C_d,390.0,2024.0001726781747
hust_to_sandia,naive_cross,hust,sandia,pytorch_1d_cnn,100,123,sandia,sandia_SNL_18650_NMC_35C_0_100_0_5_2C_a,170.0,2024.0001726781747
hust_to_sandia,naive_cross,hust,sandia,pytorch_1d_cnn,100,123,sandia,sandia_SNL_18650_NMC_35C_0_100_0_5_2C_b,400.0,828.9999451396379
hust_to_sandia,naive_cross,hust,sandia,pytorch_1d_cnn,100,42,sandia,sandia_SNL_18650_LFP_25C_0_100_0_5_3C_a,3183.0,1346.8315857642622
hust_to_sandia,naive_cross,hust,sandia,pytorch_1d_cnn,100,42,sandia,sandia_SNL_18650_LFP_25C_0_100_0_5_3C_b,1610.0,1455.5702934873107
hust_to_sandia,naive_cross,hust,sandia,pytorch_1d_cnn,100,42,sandia,sandia_SNL_18650_LFP_25C_0_100_0_5_3C_c,2305.0,1429.3827105840037
hust_to_sandia,naive_cross,hust,sandia,pytorch_1d_cnn,100,42,sandia,sandia_SNL_18650_LFP_25C_0_100_0_5_3C_d,2788.0,1415.2502172657391
hust_to_sandia,naive_cross,hust,sandia,pytorch_1d_cnn,100,42,sandia,sandia_SNL_18650_LFP_35C_0_100_0_5_1C_a,3089.0,1763.2341977357905
hust_to_sandia,naive_cross,hust,sandia,pytorch_1d_cnn,100,42,sandia,sandia_SNL_18650_LFP_35C_0_100_0_5_1C_b,3126.0,1384.6800650005905
hust_to_sandia,naive_cross,hust,sandia,pytorch_1d_cnn,100,42,sandia,sandia_SNL_18650_LFP_35C_0_100_0_5_1C_c,3246.0,1343.062546260167
hust_to_sandia,naive_cross,hust,sandia,pytorch_1d_cnn,100,42,sandia,sandia_SNL_18650_LFP_35C_0_100_0_5_1C_d,3374.0,1348.899834037823
hust_to_sandia,naive_cross,hust,sandia,pytorch_1d_cnn,100,42,sandia,sandia_SNL_18650_LFP_35C_0_100_0_5_2C_a,3442.0,1368.7431873139653
hust_to_sandia,naive_cross,hust,sandia,pytorch_1d_cnn,100,42,sandia,sandia_SNL_18650_LFP_35C_0_100_0_5_2C_b,2465.0,1372.3657091358407
hust_to_sandia,naive_cross,hust,sandia,pytorch_1d_cnn,100,42,sandia,sandia_SNL_18650_NCA_15C_0_100_0_5_1C_a,176.0,1216.9663465596254
hust_to_sandia,naive_cross,hust,sandia,pytorch_1d_cnn,100,42,sandia,sandia_SNL_18650_NCA_15C_0_100_0_5_1C_b,325.0,1226.7246193105625
hust_to_sandia,naive_cross,hust,sandia,pytorch_1d_cnn,100,42,sandia,sandia_SNL_18650_NCA_15C_0_100_0_5_2C_a,158.0,2024.0001726781747
hust_to_sandia,naive_cross,hust,sandia,pytorch_1d_cnn,100,42,sandia,sandia_SNL_18650_NCA_15C_0_100_0_5_2C_b,157.0,1403.7352176781478
hust_to_sandia,naive_cross,hust,sandia,pytorch_1d_cnn,100,42,sandia,sandia_SNL_18650_NCA_25C_0_100_0_5_0_5C_a,249.0,1945.935756415842
hust_to_sandia,naive_cross,hust,sandia,pytorch_1d_cnn,100,42,sandia,sandia_SNL_18650_NCA_25C_0_100_0_5_0_5C_b,135.0,1142.9446521292002
hust_to_sandia,naive_cross,hust,sandia,pytorch_1d_cnn,100,42,sandia,sandia_SNL_18650_NCA_25C_0_100_0_5_1C_a,337.0,1185.7906595471313
hust_to_sandia,naive_cross,hust,sandia,pytorch_1d_cnn,100,42,sandia,sandia_SNL_18650_NCA_25C_0_100_0_5_1C_b,228.0,1542.354473563244
hust_to_sandia,naive_cross,hust,sandia,pytorch_1d_cnn,100,42,sandia,sandia_SNL_18650_NCA_25C_0_100_0_5_1C_c,228.0,1209.890572089694
hust_to_sandia,naive_cross,hust,sandia,pytorch_1d_cnn,100,42,sandia,sandia_SNL_18650_NCA_25C_0_100_0_5_1C_d,251.0,1167.6972935503493
hust_to_sandia,naive_cross,hust,sandia,pytorch_1d_cnn,100,42,sandia,sandia_SNL_18650_NCA_25C_0_100_0_5_2C_a,225.0,2024.0001726781747
hust_to_sandia,naive_cross,hust,sandia,pytorch_1d_cnn,100,42,sandia,sandia_SNL_18650_NCA_25C_0_100_0_5_2C_b,304.0,1182.5726538382526
hust_to_sandia,naive_cross,hust,sandia,pytorch_1d_cnn,100,42,sandia,sandia_SNL_18650_NCA_35C_0_100_0_5_1C_a,171.0,1304.5389537775698
hust_to_sandia,naive_cross,hust,sandia,pytorch_1d_cnn,100,42,sandia,sandia_SNL_18650_NCA_35C_0_100_0_5_1C_b,320.0,1554.7589464241175
hust_to_sandia,naive_cross,hust,sandia,pytorch_1d_cnn,100,42,sandia,sandia_SNL_18650_NCA_35C_0_100_0_5_1C_c,346.0,1291.3679910510298
hust_to_sandia,naive_cross,hust,sandia,pytorch_1d_cnn,100,42,sandia,sandia_SNL_18650_NCA_35C_0_100_0_5_1C_d,320.0,1298.505973233545
hust_to_sandia,naive_cross,hust,sandia,pytorch_1d_cnn,100,42,sandia,sandia_SNL_18650_NCA_35C_0_100_0_5_2C_a,210.0,1339.505876486647
hust_to_sandia,naive_cross,hust,sandia,pytorch_1d_cnn,100,42,sandia,sandia_SNL_18650_NCA_35C_0_100_0_5_2C_b,216.0,1725.0914708067812
hust_to_sandia,naive_cross,hust,sandia,pytorch_1d_cnn,100,42,sandia,sandia_SNL_18650_NMC_15C_0_100_0_5_1C_a,105.0,1091.7953888158931
hust_to_sandia,naive_cross,hust,sandia,pytorch_1d_cnn,100,42,sandia,sandia_SNL_18650_NMC_15C_0_100_0_5_1C_b,142.0,2024.0001726781747
hust_to_sandia,naive_cross,hust,sandia,pytorch_1d_cnn,100,42,sandia,sandia_SNL_18650_NMC_15C_0_100_0_5_2C_a,102.0,1086.3799573857114
hust_to_sandia,naive_cross,hust,sandia,pytorch_1d_cnn,100,42,sandia,sandia_SNL_18650_NMC_15C_0_100_0_5_2C_b,103.0,1603.3926834543677
hust_to_sandia,naive_cross,hust,sandia,pytorch_1d_cnn,100,42,sandia,sandia_SNL_18650_NMC_25C_0_100_0_5_0_5C_a,49.0,1224.803985673177
hust_to_sandia,naive_cross,hust,sandia,pytorch_1d_cnn,100,42,sandia,sandia_SNL_18650_NMC_25C_0_100_0_5_0_5C_b,327.0,1104.2180110533031
hust_to_sandia,naive_cross,hust,sandia,pytorch_1d_cnn,100,42,sandia,sandia_SNL_18650_NMC_25C_0_100_0_5_1C_a,271.0,1141.304839174104
hust_to_sandia,naive_cross,hust,sandia,pytorch_1d_cnn,100,42,sandia,sandia_SNL_18650_NMC_25C_0_100_0_5_1C_b,340.0,1150.6555702902695
hust_to_sandia,naive_cross,hust,sandia,pytorch_1d_cnn,100,42,sandia,sandia_SNL_18650_NMC_25C_0_100_0_5_1C_c,282.0,1155.5695447331202
hust_to_sandia,naive_cross,hust,sandia,pytorch_1d_cnn,100,42,sandia,sandia_SNL_18650_NMC_25C_0_100_0_5_1C_d,285.0,1137.6405376888579
hust_to_sandia,naive_cross,hust,sandia,pytorch_1d_cnn,100,42,sandia,sandia_SNL_18650_NMC_25C_0_100_0_5_2C_a,233.0,1163.443857597281
hust_to_sandia,naive_cross,hust,sandia,pytorch_1d_cnn,100,42,sandia,sandia_SNL_18650_NMC_25C_0_100_0_5_2C_b,135.0,1869.913659199166
hust_to_sandia,naive_cross,hust,sandia,pytorch_1d_cnn,100,42,sandia,sandia_SNL_18650_NMC_25C_0_100_0_5_3C_a,261.0,1141.8121617262645
hust_to_sandia,naive_cross,hust,sandia,pytorch_1d_cnn,100,42,sandia,sandia_SNL_18650_NMC_25C_0_100_0_5_3C_b,287.0,1140.5752780519404
hust_to_sandia,naive_cross,hust,sandia,pytorch_1d_cnn,100,42,sandia,sandia_SNL_18650_NMC_25C_0_100_0_5_3C_c,305.0,1131.3426074629913
hust_to_sandia,naive_cross,hust,sandia,pytorch_1d_cnn,100,42,sandia,sandia_SNL_18650_NMC_25C_0_100_0_5_3C_d,304.0,1134.436352704334
hust_to_sandia,naive_cross,hust,sandia,pytorch_1d_cnn,100,42,sandia,sandia_SNL_18650_NMC_35C_0_100_0_5_1C_a,280.0,1159.4192972279277
hust_to_sandia,naive_cross,hust,sandia,pytorch_1d_cnn,100,42,sandia,sandia_SNL_18650_NMC_35C_0_100_0_5_1C_b,90.0,1062.000142614082
hust_to_sandia,naive_cross,hust,sandia,pytorch_1d_cnn,100,42,sandia,sandia_SNL_18650_NMC_35C_0_100_0_5_1C_c,256.0,1138.0225001702631
hust_to_sandia,naive_cross,hust,sandia,pytorch_1d_cnn,100,42,sandia,sandia_SNL_18650_NMC_35C_0_100_0_5_1C_d,390.0,1258.4627284350213
hust_to_sandia,naive_cross,hust,sandia,pytorch_1d_cnn,100,42,sandia,sandia_SNL_18650_NMC_35C_0_100_0_5_2C_a,170.0,1306.0364713117838
hust_to_sandia,naive_cross,hust,sandia,pytorch_1d_cnn,100,42,sandia,sandia_SNL_18650_NMC_35C_0_100_0_5_2C_b,400.0,1864.1447213600106
hust_to_sandia,naive_cross,hust,sandia,pytorch_1d_cnn,100,456,sandia,sandia_SNL_18650_LFP_25C_0_100_0_5_3C_a,3183.0,1415.0133668810945
hust_to_sandia,naive_cross,hust,sandia,pytorch_1d_cnn,100,456,sandia,sandia_SNL_18650_LFP_25C_0_100_0_5_3C_b,1610.0,1454.3395339319661
hust_to_sandia,naive_cross,hust,sandia,pytorch_1d_cnn,100,456,sandia,sandia_SNL_18650_LFP_25C_0_100_0_5_3C_c,2305.0,1423.069560369889
hust_to_sandia,naive_cross,hust,sandia,pytorch_1d_cnn,100,456,sandia,sandia_SNL_18650_LFP_25C_0_100_0_5_3C_d,2788.0,1451.5177182343466
hust_to_sandia,naive_cross,hust,sandia,pytorch_1d_cnn,100,456,sandia,sandia_SNL_18650_LFP_35C_0_100_0_5_1C_a,3089.0,1496.6764884510083
hust_to_sandia,naive_cross,hust,sandia,pytorch_1d_cnn,100,456,sandia,sandia_SNL_18650_LFP_35C_0_100_0_5_1C_b,3126.0,1404.3833010497553
hust_to_sandia,naive_cross,hust,sandia,pytorch_1d_cnn,100,456,sandia,sandia_SNL_18650_LFP_35C_0_100_0_5_1C_c,3246.0,1395.9602046022521
hust_to_sandia,naive_cross,hust,sandia,pytorch_1d_cnn,100,456,sandia,sandia_SNL_18650_LFP_35C_0_100_0_5_1C_d,3374.0,1419.3314729396952
hust_to_sandia,naive_cross,hust,sandia,pytorch_1d_cnn,100,456,sandia,sandia_SNL_18650_LFP_35C_0_100_0_5_2C_a,3442.0,1411.1981927472054
hust_to_sandia,naive_cross,hust,sandia,pytorch_1d_cnn,100,456,sandia,sandia_SNL_18650_LFP_35C_0_100_0_5_2C_b,2465.0,1416.6991734840376
hust_to_sandia,naive_cross,hust,sandia,pytorch_1d_cnn,100,456,sandia,sandia_SNL_18650_NCA_15C_0_100_0_5_1C_a,176.0,1257.6049039723848
hust_to_sandia,naive_cross,hust,sandia,pytorch_1d_cnn,100,456,sandia,sandia_SNL_18650_NCA_15C_0_100_0_5_1C_b,325.0,1252.820842373579
hust_to_sandia,naive_cross,hust,sandia,pytorch_1d_cnn,100,456,sandia,sandia_SNL_18650_NCA_15C_0_100_0_5_2C_a,158.0,1285.212056829008
hust_to_sandia,naive_cross,hust,sandia,pytorch_1d_cnn,100,456,sandia,sandia_SNL_18650_NCA_15C_0_100_0_5_2C_b,157.0,1243.6962209437042
hust_to_sandia,naive_cross,hust,sandia,pytorch_1d_cnn,100,456,sandia,sandia_SNL_18650_NCA_25C_0_100_0_5_0_5C_a,249.0,1202.0383104194527
hust_to_sandia,naive_cross,hust,sandia,pytorch_1d_cnn,100,456,sandia,sandia_SNL_18650_NCA_25C_0_100_0_5_0_5C_b,135.0,1104.034266612479
hust_to_sandia,naive_cross,hust,sandia,pytorch_1d_cnn,100,456,sandia,sandia_SNL_18650_NCA_25C_0_100_0_5_1C_a,337.0,1207.9467583552203
hust_to_sandia,naive_cross,hust,sandia,pytorch_1d_cnn,100,456,sandia,sandia_SNL_18650_NCA_25C_0_100_0_5_1C_b,228.0,1281.3374261441425
hust_to_sandia,naive_cross,hust,sandia,pytorch_1d_cnn,100,456,sandia,sandia_SNL_18650_NCA_25C_0_100_0_5_1C_c,228.0,1237.2453086245664
hust_to_sandia,naive_cross,hust,sandia,pytorch_1d_cnn,100,456,sandia,sandia_SNL_18650_NCA_25C_0_100_0_5_1C_d,251.0,1170.0036125990325
hust_to_sandia,naive_cross,hust,sandia,pytorch_1d_cnn,100,456,sandia,sandia_SNL_18650_NCA_25C_0_100_0_5_2C_a,225.0,1308.5055813218762
hust_to_sandia,naive_cross,hust,sandia,pytorch_1d_cnn,100,456,sandia,sandia_SNL_18650_NCA_25C_0_100_0_5_2C_b,304.0,1227.3945675067598
hust_to_sandia,naive_cross,hust,sandia,pytorch_1d_cnn,100,456,sandia,sandia_SNL_18650_NCA_35C_0_100_0_5_1C_a,171.0,1376.7965565002926
hust_to_sandia,naive_cross,hust,sandia,pytorch_1d_cnn,100,456,sandia,sandia_SNL_18650_NCA_35C_0_100_0_5_1C_b,320.0,1445.7746778080789
hust_to_sandia,naive_cross,hust,sandia,pytorch_1d_cnn,100,456,sandia,sandia_SNL_18650_NCA_35C_0_100_0_5_1C_c,346.0,1304.258438197572
hust_to_sandia,naive_cross,hust,sandia,pytorch_1d_cnn,100,456,sandia,sandia_SNL_18650_NCA_35C_0_100_0_5_1C_d,320.0,1262.357874166702
hust_to_sandia,naive_cross,hust,sandia,pytorch_1d_cnn,100,456,sandia,sandia_SNL_18650_NCA_35C_0_100_0_5_2C_a,210.0,1245.502153304315
hust_to_sandia,naive_cross,hust,sandia,pytorch_1d_cnn,100,456,sandia,sandia_SNL_18650_NCA_35C_0_100_0_5_2C_b,216.0,1232.4570066648027
hust_to_sandia,naive_cross,hust,sandia,pytorch_1d_cnn,100,456,sandia,sandia_SNL_18650_NMC_15C_0_100_0_5_1C_a,105.0,1017.8869913131305
hust_to_sandia,naive_cross,hust,sandia,pytorch_1d_cnn,100,456,sandia,sandia_SNL_18650_NMC_15C_0_100_0_5_1C_b,142.0,1157.4930964433881
hust_to_sandia,naive_cross,hust,sandia,pytorch_1d_cnn,100,456,sandia,sandia_SNL_18650_NMC_15C_0_100_0_5_2C_a,102.0,974.5544762785349
hust_to_sandia,naive_cross,hust,sandia,pytorch_1d_cnn,100,456,sandia,sandia_SNL_18650_NMC_15C_0_100_0_5_2C_b,103.0,986.1028713440253
hust_to_sandia,naive_cross,hust,sandia,pytorch_1d_cnn,100,456,sandia,sandia_SNL_18650_NMC_25C_0_100_0_5_0_5C_a,49.0,828.9999451396379
hust_to_sandia,naive_cross,hust,sandia,pytorch_1d_cnn,100,456,sandia,sandia_SNL_18650_NMC_25C_0_100_0_5_0_5C_b,327.0,1029.9223533008828
hust_to_sandia,naive_cross,hust,sandia,pytorch_1d_cnn,100,456,sandia,sandia_SNL_18650_NMC_25C_0_100_0_5_1C_a,271.0,1108.5308121099567
hust_to_sandia,naive_cross,hust,sandia,pytorch_1d_cnn,100,456,sandia,sandia_SNL_18650_NMC_25C_0_100_0_5_1C_b,340.0,1128.0996777142855
hust_to_sandia,naive_cross,hust,sandia,pytorch_1d_cnn,100,456,sandia,sandia_SNL_18650_NMC_25C_0_100_0_5_1C_c,282.0,1063.1954150101262
hust_to_sandia,naive_cross,hust,sandia,pytorch_1d_cnn,100,456,sandia,sandia_SNL_18650_NMC_25C_0_100_0_5_1C_d,285.0,1110.4300706338327
hust_to_sandia,naive_cross,hust,sandia,pytorch_1d_cnn,100,456,sandia,sandia_SNL_18650_NMC_25C_0_100_0_5_2C_a,233.0,1148.207793519009
hust_to_sandia,naive_cross,hust,sandia,pytorch_1d_cnn,100,456,sandia,sandia_SNL_18650_NMC_25C_0_100_0_5_2C_b,135.0,1487.9758219220628
hust_to_sandia,naive_cross,hust,sandia,pytorch_1d_cnn,100,456,sandia,sandia_SNL_18650_NMC_25C_0_100_0_5_3C_a,261.0,1135.4889717895678
hust_to_sandia,naive_cross,hust,sandia,pytorch_1d_cnn,100,456,sandia,sandia_SNL_18650_NMC_25C_0_100_0_5_3C_b,287.0,1096.943291128883
hust_to_sandia,naive_cross,hust,sandia,pytorch_1d_cnn,100,456,sandia,sandia_SNL_18650_NMC_25C_0_100_0_5_3C_c,305.0,1070.3994363347847
hust_to_sandia,naive_cross,hust,sandia,pytorch_1d_cnn,100,456,sandia,sandia_SNL_18650_NMC_25C_0_100_0_5_3C_d,304.0,1085.9153871270173
hust_to_sandia,naive_cross,hust,sandia,pytorch_1d_cnn,100,456,sandia,sandia_SNL_18650_NMC_35C_0_100_0_5_1C_a,280.0,1166.8078637281837
hust_to_sandia,naive_cross,hust,sandia,pytorch_1d_cnn,100,456,sandia,sandia_SNL_18650_NMC_35C_0_100_0_5_1C_b,90.0,872.7901396021194
hust_to_sandia,naive_cross,hust,sandia,pytorch_1d_cnn,100,456,sandia,sandia_SNL_18650_NMC_35C_0_100_0_5_1C_c,256.0,1128.2949595181963
hust_to_sandia,naive_cross,hust,sandia,pytorch_1d_cnn,100,456,sandia,sandia_SNL_18650_NMC_35C_0_100_0_5_1C_d,390.0,1238.4092658535003
hust_to_sandia,naive_cross,hust,sandia,pytorch_1d_cnn,100,456,sandia,sandia_SNL_18650_NMC_35C_0_100_0_5_2C_a,170.0,1163.3057272552867
hust_to_sandia,naive_cross,hust,sandia,pytorch_1d_cnn,100,456,sandia,sandia_SNL_18650_NMC_35C_0_100_0_5_2C_b,400.0,1004.4972158434126
hust_to_sandia,naive_cross,hust,sandia,pytorch_1d_cnn,100,789,sandia,sandia_SNL_18650_LFP_25C_0_100_0_5_3C_a,3183.0,1455.7459037904785
hust_to_sandia,naive_cross,hust,sandia,pytorch_1d_cnn,100,789,sandia,sandia_SNL_18650_LFP_25C_0_100_0_5_3C_b,1610.0,1461.122310132058
hust_to_sandia,naive_cross,hust,sandia,pytorch_1d_cnn,100,789,sandia,sandia_SNL_18650_LFP_25C_0_100_0_5_3C_c,2305.0,1460.1075454110633
hust_to_sandia,naive_cross,hust,sandia,pytorch_1d_cnn,100,789,sandia,sandia_SNL_18650_LFP_25C_0_100_0_5_3C_d,2788.0,1460.4856491669655
hust_to_sandia,naive_cross,hust,sandia,pytorch_1d_cnn,100,789,sandia,sandia_SNL_18650_LFP_35C_0_100_0_5_1C_a,3089.0,1440.4155946301391
hust_to_sandia,naive_cross,hust,sandia,pytorch_1d_cnn,100,789,sandia,sandia_SNL_18650_LFP_35C_0_100_0_5_1C_b,3126.0,1456.5478721805196
hust_to_sandia,naive_cross,hust,sandia,pytorch_1d_cnn,100,789,sandia,sandia_SNL_18650_LFP_35C_0_100_0_5_1C_c,3246.0,1448.3049157607036
hust_to_sandia,naive_cross,hust,sandia,pytorch_1d_cnn,100,789,sandia,sandia_SNL_18650_LFP_35C_0_100_0_5_1C_d,3374.0,1454.3589515892445
hust_to_sandia,naive_cross,hust,sandia,pytorch_1d_cnn,100,789,sandia,sandia_SNL_18650_LFP_35C_0_100_0_5_2C_a,3442.0,1453.9373693313216
hust_to_sandia,naive_cross,hust,sandia,pytorch_1d_cnn,100,789,sandia,sandia_SNL_18650_LFP_35C_0_100_0_5_2C_b,2465.0,1455.6140205542497
hust_to_sandia,naive_cross,hust,sandia,pytorch_1d_cnn,100,789,sandia,sandia_SNL_18650_NCA_15C_0_100_0_5_1C_a,176.0,1401.695174517709
hust_to_sandia,naive_cross,hust,sandia,pytorch_1d_cnn,100,789,sandia,sandia_SNL_18650_NCA_15C_0_100_0_5_1C_b,325.0,1417.1498268623568
hust_to_sandia,naive_cross,hust,sandia,pytorch_1d_cnn,100,789,sandia,sandia_SNL_18650_NCA_15C_0_100_0_5_2C_a,158.0,1432.4005325140186
hust_to_sandia,naive_cross,hust,sandia,pytorch_1d_cnn,100,789,sandia,sandia_SNL_18650_NCA_15C_0_100_0_5_2C_b,157.0,1413.639607216744
hust_to_sandia,naive_cross,hust,sandia,pytorch_1d_cnn,100,789,sandia,sandia_SNL_18650_NCA_25C_0_100_0_5_0_5C_a,249.0,1414.3017047465385
hust_to_sandia,naive_cross,hust,sandia,pytorch_1d_cnn,100,789,sandia,sandia_SNL_18650_NCA_25C_0_100_0_5_0_5C_b,135.0,1401.6577457181934
hust_to_sandia,naive_cross,hust,sandia,pytorch_1d_cnn,100,789,sandia,sandia_SNL_18650_NCA_25C_0_100_0_5_1C_a,337.0,1404.1824167757707
hust_to_sandia,naive_cross,hust,sandia,pytorch_1d_cnn,100,789,sandia,sandia_SNL_18650_NCA_25C_0_100_0_5_1C_b,228.0,1400.1400483921047
hust_to_sandia,naive_cross,hust,sandia,pytorch_1d_cnn,100,789,sandia,sandia_SNL_18650_NCA_25C_0_100_0_5_1C_c,228.0,1408.5265736017284
hust_to_sandia,naive_cross,hust,sandia,pytorch_1d_cnn,100,789,sandia,sandia_SNL_18650_NCA_25C_0_100_0_5_1C_d,251.0,1391.16383279835
hust_to_sandia,naive_cross,hust,sandia,pytorch_1d_cnn,100,789,sandia,sandia_SNL_18650_NCA_25C_0_100_0_5_2C_a,225.0,1458.3214073089473
hust_to_sandia,naive_cross,hust,sandia,pytorch_1d_cnn,100,789,sandia,sandia_SNL_18650_NCA_25C_0_100_0_5_2C_b,304.0,1394.690730187356
hust_to_sandia,naive_cross,hust,sandia,pytorch_1d_cnn,100,789,sandia,sandia_SNL_18650_NCA_35C_0_100_0_5_1C_a,171.0,1437.8669146952348
hust_to_sandia,naive_cross,hust,sandia,pytorch_1d_cnn,100,789,sandia,sandia_SNL_18650_NCA_35C_0_100_0_5_1C_b,320.0,1473.1214088446868
hust_to_sandia,naive_cross,hust,sandia,pytorch_1d_cnn,100,789,sandia,sandia_SNL_18650_NCA_35C_0_100_0_5_1C_c,346.0,1426.3678459565274
hust_to_sandia,naive_cross,hust,sandia,pytorch_1d_cnn,100,789,sandia,sandia_SNL_18650_NCA_35C_0_100_0_5_1C_d,320.0,1427.598759421312
hust_to_sandia,naive_cross,hust,sandia,pytorch_1d_cnn,100,789,sandia,sandia_SNL_18650_NCA_35C_0_100_0_5_2C_a,210.0,1401.5214064002562
hust_to_sandia,naive_cross,hust,sandia,pytorch_1d_cnn,100,789,sandia,sandia_SNL_18650_NCA_35C_0_100_0_5_2C_b,216.0,1415.4243377000853
hust_to_sandia,naive_cross,hust,sandia,pytorch_1d_cnn,100,789,sandia,sandia_SNL_18650_NMC_15C_0_100_0_5_1C_a,105.0,1373.0935892962502
hust_to_sandia,naive_cross,hust,sandia,pytorch_1d_cnn,100,789,sandia,sandia_SNL_18650_NMC_15C_0_100_0_5_1C_b,142.0,1457.9146656679911
hust_to_sandia,naive_cross,hust,sandia,pytorch_1d_cnn,100,789,sandia,sandia_SNL_18650_NMC_15C_0_100_0_5_2C_a,102.0,1365.2740939525645
hust_to_sandia,naive_cross,hust,sandia,pytorch_1d_cnn,100,789,sandia,sandia_SNL_18650_NMC_15C_0_100_0_5_2C_b,103.0,1394.9228485881074
hust_to_sandia,naive_cross,hust,sandia,pytorch_1d_cnn,100,789,sandia,sandia_SNL_18650_NMC_25C_0_100_0_5_0_5C_a,49.0,1337.8245278390684
hust_to_sandia,naive_cross,hust,sandia,pytorch_1d_cnn,100,789,sandia,sandia_SNL_18650_NMC_25C_0_100_0_5_0_5C_b,327.0,1368.2857437755786
hust_to_sandia,naive_cross,hust,sandia,pytorch_1d_cnn,100,789,sandia,sandia_SNL_18650_NMC_25C_0_100_0_5_1C_a,271.0,1384.6939306750644
hust_to_sandia,naive_cross,hust,sandia,pytorch_1d_cnn,100,789,sandia,sandia_SNL_18650_NMC_25C_0_100_0_5_1C_b,340.0,1386.7945319036419
hust_to_sandia,naive_cross,hust,sandia,pytorch_1d_cnn,100,789,sandia,sandia_SNL_18650_NMC_25C_0_100_0_5_1C_c,282.0,1388.710245465295
hust_to_sandia,naive_cross,hust,sandia,pytorch_1d_cnn,100,789,sandia,sandia_SNL_18650_NMC_25C_0_100_0_5_1C_d,285.0,1381.7449923672802
hust_to_sandia,naive_cross,hust,sandia,pytorch_1d_cnn,100,789,sandia,sandia_SNL_18650_NMC_25C_0_100_0_5_2C_a,233.0,1386.601452997992
hust_to_sandia,naive_cross,hust,sandia,pytorch_1d_cnn,100,789,sandia,sandia_SNL_18650_NMC_25C_0_100_0_5_2C_b,135.0,1445.9856493205232
hust_to_sandia,naive_cross,hust,sandia,pytorch_1d_cnn,100,789,sandia,sandia_SNL_18650_NMC_25C_0_100_0_5_3C_a,261.0,1388.8228220980873
hust_to_sandia,naive_cross,hust,sandia,pytorch_1d_cnn,100,789,sandia,sandia_SNL_18650_NMC_25C_0_100_0_5_3C_b,287.0,1377.719915897973
hust_to_sandia,naive_cross,hust,sandia,pytorch_1d_cnn,100,789,sandia,sandia_SNL_18650_NMC_25C_0_100_0_5_3C_c,305.0,1375.0808586137966
hust_to_sandia,naive_cross,hust,sandia,pytorch_1d_cnn,100,789,sandia,sandia_SNL_18650_NMC_25C_0_100_0_5_3C_d,304.0,1376.110676793131
hust_to_sandia,naive_cross,hust,sandia,pytorch_1d_cnn,100,789,sandia,sandia_SNL_18650_NMC_35C_0_100_0_5_1C_a,280.0,1387.6842322710697
hust_to_sandia,naive_cross,hust,sandia,pytorch_1d_cnn,100,789,sandia,sandia_SNL_18650_NMC_35C_0_100_0_5_1C_b,90.0,1371.4080092264983
hust_to_sandia,naive_cross,hust,sandia,pytorch_1d_cnn,100,789,sandia,sandia_SNL_18650_NMC_35C_0_100_0_5_1C_c,256.0,1383.0758861037564
hust_to_sandia,naive_cross,hust,sandia,pytorch_1d_cnn,100,789,sandia,sandia_SNL_18650_NMC_35C_0_100_0_5_1C_d,390.0,1411.6955621470581
hust_to_sandia,naive_cross,hust,sandia,pytorch_1d_cnn,100,789,sandia,sandia_SNL_18650_NMC_35C_0_100_0_5_2C_a,170.0,1397.6013195055968
hust_to_sandia,naive_cross,hust,sandia,pytorch_1d_cnn,100,789,sandia,sandia_SNL_18650_NMC_35C_0_100_0_5_2C_b,400.0,1413.5418695911515
luh_to_hust,naive_cross,luh,hust,pytorch_1d_cnn,100,1011,hust,hust_1-1,1198.0,1614.9999523405163
luh_to_hust,naive_cross,luh,hust,pytorch_1d_cnn,100,1011,hust,hust_1-2,1966.0,1614.9999523405163
luh_to_hust,naive_cross,luh,hust,pytorch_1d_cnn,100,1011,hust,hust_1-3,1513.0,1614.9999523405163
luh_to_hust,naive_cross,luh,hust,pytorch_1d_cnn,100,1011,hust,hust_1-4,1213.0,1614.9999523405163
luh_to_hust,naive_cross,luh,hust,pytorch_1d_cnn,100,1011,hust,hust_1-5,1538.0,1614.9999523405163
luh_to_hust,naive_cross,luh,hust,pytorch_1d_cnn,100,1011,hust,hust_1-6,829.0,1602.3501664853611
luh_to_hust,naive_cross,luh,hust,pytorch_1d_cnn,100,1011,hust,hust_1-7,1321.0,1614.9999523405163
luh_to_hust,naive_cross,luh,hust,pytorch_1d_cnn,100,1011,hust,hust_1-8,1733.0,1614.9999523405163
luh_to_hust,naive_cross,luh,hust,pytorch_1d_cnn,100,1011,hust,hust_10-1,1378.0,1614.9999523405163
luh_to_hust,naive_cross,luh,hust,pytorch_1d_cnn,100,1011,hust,hust_10-2,1375.0,1614.9999523405163
luh_to_hust,naive_cross,luh,hust,pytorch_1d_cnn,100,1011,hust,hust_10-3,1477.0,1614.9999523405163
luh_to_hust,naive_cross,luh,hust,pytorch_1d_cnn,100,1011,hust,hust_10-4,1489.0,1614.9999523405163
luh_to_hust,naive_cross,luh,hust,pytorch_1d_cnn,100,1011,hust,hust_10-5,1657.0,1614.9999523405163
luh_to_hust,naive_cross,luh,hust,pytorch_1d_cnn,100,1011,hust,hust_10-6,1659.0,1614.9999523405163
luh_to_hust,naive_cross,luh,hust,pytorch_1d_cnn,100,1011,hust,hust_10-7,1435.0,1614.9999523405163
luh_to_hust,naive_cross,luh,hust,pytorch_1d_cnn,100,1011,hust,hust_10-8,1093.0,1614.9999523405163
luh_to_hust,naive_cross,luh,hust,pytorch_1d_cnn,100,1011,hust,hust_2-2,2021.0,1614.9999523405163
luh_to_hust,naive_cross,luh,hust,pytorch_1d_cnn,100,1011,hust,hust_2-3,1413.0,1614.9999523405163
luh_to_hust,naive_cross,luh,hust,pytorch_1d_cnn,100,1011,hust,hust_2-4,1165.0,1614.9999523405163
luh_to_hust,naive_cross,luh,hust,pytorch_1d_cnn,100,1011,hust,hust_2-5,1092.0,1614.9999523405163
luh_to_hust,naive_cross,luh,hust,pytorch_1d_cnn,100,1011,hust,hust_2-6,1297.0,1614.9999523405163
luh_to_hust,naive_cross,luh,hust,pytorch_1d_cnn,100,1011,hust,hust_2-7,1789.0,1614.9999523405163
luh_to_hust,naive_cross,luh,hust,pytorch_1d_cnn,100,1011,hust,hust_2-8,1192.0,1614.9999523405163
luh_to_hust,naive_cross,luh,hust,pytorch_1d_cnn,100,1011,hust,hust_3-1,1571.0,1614.9999523405163
luh_to_hust,naive_cross,luh,hust,pytorch_1d_cnn,100,1011,hust,hust_3-2,1773.0,1614.9999523405163
luh_to_hust,naive_cross,luh,hust,pytorch_1d_cnn,100,1011,hust,hust_3-3,1360.0,1614.9999523405163
luh_to_hust,naive_cross,luh,hust,pytorch_1d_cnn,100,1011,hust,hust_3-4,1396.0,1614.9999523405163
luh_to_hust,naive_cross,luh,hust,pytorch_1d_cnn,100,1011,hust,hust_3-5,1879.0,1614.9999523405163
luh_to_hust,naive_cross,luh,hust,pytorch_1d_cnn,100,1011,hust,hust_3-6,1979.0,1614.9999523405163
luh_to_hust,naive_cross,luh,hust,pytorch_1d_cnn,100,1011,hust,hust_3-7,1870.0,1614.9999523405163
luh_to_hust,naive_cross,luh,hust,pytorch_1d_cnn,100,1011,hust,hust_3-8,1856.0,1614.9999523405163
luh_to_hust,naive_cross,luh,hust,pytorch_1d_cnn,100,1011,hust,hust_4-1,1762.0,1614.9999523405163
luh_to_hust,naive_cross,luh,hust,pytorch_1d_cnn,100,1011,hust,hust_4-2,1453.0,1614.9999523405163
luh_to_hust,naive_cross,luh,hust,pytorch_1d_cnn,100,1011,hust,hust_4-3,931.0,1614.9999523405163
luh_to_hust,naive_cross,luh,hust,pytorch_1d_cnn,100,1011,hust,hust_4-4,1204.0,1614.9999523405163
luh_to_hust,naive_cross,luh,hust,pytorch_1d_cnn,100,1011,hust,hust_4-5,1220.0,1614.9999523405163
luh_to_hust,naive_cross,luh,hust,pytorch_1d_cnn,100,1011,hust,hust_4-6,1089.0,1614.9999523405163
luh_to_hust,naive_cross,luh,hust,pytorch_1d_cnn,100,1011,hust,hust_4-7,1579.0,1614.9999523405163
luh_to_hust,naive_cross,luh,hust,pytorch_1d_cnn,100,1011,hust,hust_4-8,1389.0,1614.9999523405163
luh_to_hust,naive_cross,luh,hust,pytorch_1d_cnn,100,1011,hust,hust_5-1,1832.0,1614.9999523405163
luh_to_hust,naive_cross,luh,hust,pytorch_1d_cnn,100,1011,hust,hust_5-2,1574.0,1614.9999523405163
luh_to_hust,naive_cross,luh,hust,pytorch_1d_cnn,100,1011,hust,hust_5-3,2024.0,1614.9999523405163
luh_to_hust,naive_cross,luh,hust,pytorch_1d_cnn,100,1011,hust,hust_5-4,1520.0,1614.9999523405163
luh_to_hust,naive_cross,luh,hust,pytorch_1d_cnn,100,1011,hust,hust_5-5,1242.0,1614.9999523405163
luh_to_hust,naive_cross,luh,hust,pytorch_1d_cnn,100,1011,hust,hust_5-6,1807.0,1614.9999523405163
luh_to_hust,naive_cross,luh,hust,pytorch_1d_cnn,100,1011,hust,hust_5-7,1171.0,1614.9999523405163
luh_to_hust,naive_cross,luh,hust,pytorch_1d_cnn,100,1011,hust,hust_6-1,1255.0,1614.9999523405163
luh_to_hust,naive_cross,luh,hust,pytorch_1d_cnn,100,1011,hust,hust_6-2,1496.0,1614.9999523405163
luh_to_hust,naive_cross,luh,hust,pytorch_1d_cnn,100,1011,hust,hust_6-3,1437.0,1614.9999523405163
luh_to_hust,naive_cross,luh,hust,pytorch_1d_cnn,100,1011,hust,hust_6-4,1332.0,1614.9999523405163
luh_to_hust,naive_cross,luh,hust,pytorch_1d_cnn,100,1011,hust,hust_6-5,1686.0,1614.9999523405163
luh_to_hust,naive_cross,luh,hust,pytorch_1d_cnn,100,1011,hust,hust_6-6,1924.0,1614.9999523405163
luh_to_hust,naive_cross,luh,hust,pytorch_1d_cnn,100,1011,hust,hust_6-8,1700.0,1614.9999523405163
luh_to_hust,naive_cross,luh,hust,pytorch_1d_cnn,100,1011,hust,hust_7-1,1308.0,1614.9999523405163
luh_to_hust,naive_cross,luh,hust,pytorch_1d_cnn,100,1011,hust,hust_7-2,1637.0,1614.9999523405163
luh_to_hust,naive_cross,luh,hust,pytorch_1d_cnn,100,1011,hust,hust_7-3,1063.0,1614.9999523405163
luh_to_hust,naive_cross,luh,hust,pytorch_1d_cnn,100,1011,hust,hust_7-4,1148.0,1614.9999523405163
luh_to_hust,naive_cross,luh,hust,pytorch_1d_cnn,100,1011,hust,hust_7-5,1528.0,1614.9999523405163
luh_to_hust,naive_cross,luh,hust,pytorch_1d_cnn,100,1011,hust,hust_7-6,1162.0,1614.9999523405163
luh_to_hust,naive_cross,luh,hust,pytorch_1d_cnn,100,1011,hust,hust_7-7,1367.0,1614.9999523405163
luh_to_hust,naive_cross,luh,hust,pytorch_1d_cnn,100,1011,hust,hust_7-8,1566.0,1614.9999523405163
luh_to_hust,naive_cross,luh,hust,pytorch_1d_cnn,100,1011,hust,hust_8-1,1062.0,1614.9999523405163
luh_to_hust,naive_cross,luh,hust,pytorch_1d_cnn,100,1011,hust,hust_8-2,1564.0,1614.9999523405163
luh_to_hust,naive_cross,luh,hust,pytorch_1d_cnn,100,1011,hust,hust_8-3,1844.0,1614.9999523405163
luh_to_hust,naive_cross,luh,hust,pytorch_1d_cnn,100,1011,hust,hust_8-4,1517.0,1614.9999523405163
luh_to_hust,naive_cross,luh,hust,pytorch_1d_cnn,100,1011,hust,hust_8-5,1089.0,1614.9999523405163
luh_to_hust,naive_cross,luh,hust,pytorch_1d_cnn,100,1011,hust,hust_8-6,1746.0,1614.9999523405163
luh_to_hust,naive_cross,luh,hust,pytorch_1d_cnn,100,1011,hust,hust_8-7,1593.0,1614.9999523405163
luh_to_hust,naive_cross,luh,hust,pytorch_1d_cnn,100,1011,hust,hust_8-8,1351.0,1614.9999523405163
luh_to_hust,naive_cross,luh,hust,pytorch_1d_cnn,100,1011,hust,hust_9-1,1647.0,1614.9999523405163
luh_to_hust,naive_cross,luh,hust,pytorch_1d_cnn,100,1011,hust,hust_9-2,1679.0,1614.9999523405163
luh_to_hust,naive_cross,luh,hust,pytorch_1d_cnn,100,1011,hust,hust_9-3,1526.0,1614.9999523405163
luh_to_hust,naive_cross,luh,hust,pytorch_1d_cnn,100,1011,hust,hust_9-4,1589.0,1614.9999523405163
luh_to_hust,naive_cross,luh,hust,pytorch_1d_cnn,100,1011,hust,hust_9-5,1719.0,1614.9999523405163
luh_to_hust,naive_cross,luh,hust,pytorch_1d_cnn,100,1011,hust,hust_9-6,1381.0,1614.9999523405163
luh_to_hust,naive_cross,luh,hust,pytorch_1d_cnn,100,1011,hust,hust_9-7,1617.0,1614.9999523405163
luh_to_hust,naive_cross,luh,hust,pytorch_1d_cnn,100,1011,hust,hust_9-8,1839.0,1614.9999523405163
luh_to_hust,naive_cross,luh,hust,pytorch_1d_cnn,100,123,hust,hust_1-1,1198.0,1614.9999523405163
luh_to_hust,naive_cross,luh,hust,pytorch_1d_cnn,100,123,hust,hust_1-2,1966.0,1614.9999523405163
luh_to_hust,naive_cross,luh,hust,pytorch_1d_cnn,100,123,hust,hust_1-3,1513.0,1614.9999523405163
luh_to_hust,naive_cross,luh,hust,pytorch_1d_cnn,100,123,hust,hust_1-4,1213.0,1614.9999523405163
luh_to_hust,naive_cross,luh,hust,pytorch_1d_cnn,100,123,hust,hust_1-5,1538.0,1614.9999523405163
luh_to_hust,naive_cross,luh,hust,pytorch_1d_cnn,100,123,hust,hust_1-6,829.0,1614.9999523405163
luh_to_hust,naive_cross,luh,hust,pytorch_1d_cnn,100,123,hust,hust_1-7,1321.0,1614.9999523405163
luh_to_hust,naive_cross,luh,hust,pytorch_1d_cnn,100,123,hust,hust_1-8,1733.0,1614.9999523405163
luh_to_hust,naive_cross,luh,hust,pytorch_1d_cnn,100,123,hust,hust_10-1,1378.0,1614.9999523405163
luh_to_hust,naive_cross,luh,hust,pytorch_1d_cnn,100,123,hust,hust_10-2,1375.0,1614.9999523405163
luh_to_hust,naive_cross,luh,hust,pytorch_1d_cnn,100,123,hust,hust_10-3,1477.0,1614.9999523405163
luh_to_hust,naive_cross,luh,hust,pytorch_1d_cnn,100,123,hust,hust_10-4,1489.0,1614.9999523405163
luh_to_hust,naive_cross,luh,hust,pytorch_1d_cnn,100,123,hust,hust_10-5,1657.0,1614.9999523405163
luh_to_hust,naive_cross,luh,hust,pytorch_1d_cnn,100,123,hust,hust_10-6,1659.0,1614.9999523405163
luh_to_hust,naive_cross,luh,hust,pytorch_1d_cnn,100,123,hust,hust_10-7,1435.0,1614.9999523405163
luh_to_hust,naive_cross,luh,hust,pytorch_1d_cnn,100,123,hust,hust_10-8,1093.0,1614.9999523405163
luh_to_hust,naive_cross,luh,hust,pytorch_1d_cnn,100,123,hust,hust_2-2,2021.0,1614.9999523405163
luh_to_hust,naive_cross,luh,hust,pytorch_1d_cnn,100,123,hust,hust_2-3,1413.0,1614.9999523405163
luh_to_hust,naive_cross,luh,hust,pytorch_1d_cnn,100,123,hust,hust_2-4,1165.0,1614.9999523405163
luh_to_hust,naive_cross,luh,hust,pytorch_1d_cnn,100,123,hust,hust_2-5,1092.0,1614.9999523405163
luh_to_hust,naive_cross,luh,hust,pytorch_1d_cnn,100,123,hust,hust_2-6,1297.0,1614.9999523405163
luh_to_hust,naive_cross,luh,hust,pytorch_1d_cnn,100,123,hust,hust_2-7,1789.0,1614.9999523405163
luh_to_hust,naive_cross,luh,hust,pytorch_1d_cnn,100,123,hust,hust_2-8,1192.0,1614.9999523405163
luh_to_hust,naive_cross,luh,hust,pytorch_1d_cnn,100,123,hust,hust_3-1,1571.0,1614.9999523405163
luh_to_hust,naive_cross,luh,hust,pytorch_1d_cnn,100,123,hust,hust_3-2,1773.0,1614.9999523405163
luh_to_hust,naive_cross,luh,hust,pytorch_1d_cnn,100,123,hust,hust_3-3,1360.0,1614.9999523405163
luh_to_hust,naive_cross,luh,hust,pytorch_1d_cnn,100,123,hust,hust_3-4,1396.0,1614.9999523405163
luh_to_hust,naive_cross,luh,hust,pytorch_1d_cnn,100,123,hust,hust_3-5,1879.0,1614.9999523405163
luh_to_hust,naive_cross,luh,hust,pytorch_1d_cnn,100,123,hust,hust_3-6,1979.0,1614.9999523405163
luh_to_hust,naive_cross,luh,hust,pytorch_1d_cnn,100,123,hust,hust_3-7,1870.0,1614.9999523405163
luh_to_hust,naive_cross,luh,hust,pytorch_1d_cnn,100,123,hust,hust_3-8,1856.0,1614.9999523405163
luh_to_hust,naive_cross,luh,hust,pytorch_1d_cnn,100,123,hust,hust_4-1,1762.0,1614.9999523405163
luh_to_hust,naive_cross,luh,hust,pytorch_1d_cnn,100,123,hust,hust_4-2,1453.0,1614.9999523405163
luh_to_hust,naive_cross,luh,hust,pytorch_1d_cnn,100,123,hust,hust_4-3,931.0,1614.9999523405163
luh_to_hust,naive_cross,luh,hust,pytorch_1d_cnn,100,123,hust,hust_4-4,1204.0,1614.9999523405163
luh_to_hust,naive_cross,luh,hust,pytorch_1d_cnn,100,123,hust,hust_4-5,1220.0,1614.9999523405163
luh_to_hust,naive_cross,luh,hust,pytorch_1d_cnn,100,123,hust,hust_4-6,1089.0,1614.9999523405163
luh_to_hust,naive_cross,luh,hust,pytorch_1d_cnn,100,123,hust,hust_4-7,1579.0,1614.9999523405163
luh_to_hust,naive_cross,luh,hust,pytorch_1d_cnn,100,123,hust,hust_4-8,1389.0,1614.9999523405163
luh_to_hust,naive_cross,luh,hust,pytorch_1d_cnn,100,123,hust,hust_5-1,1832.0,1614.9999523405163
luh_to_hust,naive_cross,luh,hust,pytorch_1d_cnn,100,123,hust,hust_5-2,1574.0,1614.9999523405163
luh_to_hust,naive_cross,luh,hust,pytorch_1d_cnn,100,123,hust,hust_5-3,2024.0,1614.9999523405163
luh_to_hust,naive_cross,luh,hust,pytorch_1d_cnn,100,123,hust,hust_5-4,1520.0,1614.9999523405163
luh_to_hust,naive_cross,luh,hust,pytorch_1d_cnn,100,123,hust,hust_5-5,1242.0,1614.9999523405163
luh_to_hust,naive_cross,luh,hust,pytorch_1d_cnn,100,123,hust,hust_5-6,1807.0,1614.9999523405163
luh_to_hust,naive_cross,luh,hust,pytorch_1d_cnn,100,123,hust,hust_5-7,1171.0,1614.9999523405163
luh_to_hust,naive_cross,luh,hust,pytorch_1d_cnn,100,123,hust,hust_6-1,1255.0,1614.9999523405163
luh_to_hust,naive_cross,luh,hust,pytorch_1d_cnn,100,123,hust,hust_6-2,1496.0,1614.9999523405163
luh_to_hust,naive_cross,luh,hust,pytorch_1d_cnn,100,123,hust,hust_6-3,1437.0,1614.9999523405163
luh_to_hust,naive_cross,luh,hust,pytorch_1d_cnn,100,123,hust,hust_6-4,1332.0,1614.9999523405163
luh_to_hust,naive_cross,luh,hust,pytorch_1d_cnn,100,123,hust,hust_6-5,1686.0,1614.9999523405163
luh_to_hust,naive_cross,luh,hust,pytorch_1d_cnn,100,123,hust,hust_6-6,1924.0,1614.9999523405163
luh_to_hust,naive_cross,luh,hust,pytorch_1d_cnn,100,123,hust,hust_6-8,1700.0,1614.9999523405163
luh_to_hust,naive_cross,luh,hust,pytorch_1d_cnn,100,123,hust,hust_7-1,1308.0,1614.9999523405163
luh_to_hust,naive_cross,luh,hust,pytorch_1d_cnn,100,123,hust,hust_7-2,1637.0,1614.9999523405163
luh_to_hust,naive_cross,luh,hust,pytorch_1d_cnn,100,123,hust,hust_7-3,1063.0,1614.9999523405163
luh_to_hust,naive_cross,luh,hust,pytorch_1d_cnn,100,123,hust,hust_7-4,1148.0,1614.9999523405163
luh_to_hust,naive_cross,luh,hust,pytorch_1d_cnn,100,123,hust,hust_7-5,1528.0,1614.9999523405163
luh_to_hust,naive_cross,luh,hust,pytorch_1d_cnn,100,123,hust,hust_7-6,1162.0,1614.9999523405163
luh_to_hust,naive_cross,luh,hust,pytorch_1d_cnn,100,123,hust,hust_7-7,1367.0,1614.9999523405163
luh_to_hust,naive_cross,luh,hust,pytorch_1d_cnn,100,123,hust,hust_7-8,1566.0,1614.9999523405163
luh_to_hust,naive_cross,luh,hust,pytorch_1d_cnn,100,123,hust,hust_8-1,1062.0,1614.9999523405163
luh_to_hust,naive_cross,luh,hust,pytorch_1d_cnn,100,123,hust,hust_8-2,1564.0,1614.9999523405163
luh_to_hust,naive_cross,luh,hust,pytorch_1d_cnn,100,123,hust,hust_8-3,1844.0,1614.9999523405163
luh_to_hust,naive_cross,luh,hust,pytorch_1d_cnn,100,123,hust,hust_8-4,1517.0,1614.9999523405163
luh_to_hust,naive_cross,luh,hust,pytorch_1d_cnn,100,123,hust,hust_8-5,1089.0,1614.9999523405163
luh_to_hust,naive_cross,luh,hust,pytorch_1d_cnn,100,123,hust,hust_8-6,1746.0,1614.9999523405163
luh_to_hust,naive_cross,luh,hust,pytorch_1d_cnn,100,123,hust,hust_8-7,1593.0,1614.9999523405163
luh_to_hust,naive_cross,luh,hust,pytorch_1d_cnn,100,123,hust,hust_8-8,1351.0,1614.9999523405163
luh_to_hust,naive_cross,luh,hust,pytorch_1d_cnn,100,123,hust,hust_9-1,1647.0,1614.9999523405163
luh_to_hust,naive_cross,luh,hust,pytorch_1d_cnn,100,123,hust,hust_9-2,1679.0,1614.9999523405163
luh_to_hust,naive_cross,luh,hust,pytorch_1d_cnn,100,123,hust,hust_9-3,1526.0,1614.9999523405163
luh_to_hust,naive_cross,luh,hust,pytorch_1d_cnn,100,123,hust,hust_9-4,1589.0,1614.9999523405163
luh_to_hust,naive_cross,luh,hust,pytorch_1d_cnn,100,123,hust,hust_9-5,1719.0,1614.9999523405163
luh_to_hust,naive_cross,luh,hust,pytorch_1d_cnn,100,123,hust,hust_9-6,1381.0,1614.9999523405163
luh_to_hust,naive_cross,luh,hust,pytorch_1d_cnn,100,123,hust,hust_9-7,1617.0,1614.9999523405163
luh_to_hust,naive_cross,luh,hust,pytorch_1d_cnn,100,123,hust,hust_9-8,1839.0,1614.9999523405163
luh_to_hust,naive_cross,luh,hust,pytorch_1d_cnn,100,42,hust,hust_1-1,1198.0,1184.6038528540314
luh_to_hust,naive_cross,luh,hust,pytorch_1d_cnn,100,42,hust,hust_1-2,1966.0,1184.7467718478197
luh_to_hust,naive_cross,luh,hust,pytorch_1d_cnn,100,42,hust,hust_1-3,1513.0,1614.9999523405163
luh_to_hust,naive_cross,luh,hust,pytorch_1d_cnn,100,42,hust,hust_1-4,1213.0,1614.9999523405163
luh_to_hust,naive_cross,luh,hust,pytorch_1d_cnn,100,42,hust,hust_1-5,1538.0,1614.9999523405163
luh_to_hust,naive_cross,luh,hust,pytorch_1d_cnn,100,42,hust,hust_1-6,829.0,1044.0114034451838
luh_to_hust,naive_cross,luh,hust,pytorch_1d_cnn,100,42,hust,hust_1-7,1321.0,1202.4568021202047
luh_to_hust,naive_cross,luh,hust,pytorch_1d_cnn,100,42,hust,hust_1-8,1733.0,1231.65567000144
luh_to_hust,naive_cross,luh,hust,pytorch_1d_cnn,100,42,hust,hust_10-1,1378.0,1221.1458264812138
luh_to_hust,naive_cross,luh,hust,pytorch_1d_cnn,100,42,hust,hust_10-2,1375.0,1614.9999523405163
luh_to_hust,naive_cross,luh,hust,pytorch_1d_cnn,100,42,hust,hust_10-3,1477.0,1185.6707946475292
luh_to_hust,naive_cross,luh,hust,pytorch_1d_cnn,100,42,hust,hust_10-4,1489.0,1614.9999523405163
luh_to_hust,naive_cross,luh,hust,pytorch_1d_cnn,100,42,hust,hust_10-5,1657.0,1614.9999523405163
luh_to_hust,naive_cross,luh,hust,pytorch_1d_cnn,100,42,hust,hust_10-6,1659.0,1151.365775255534
luh_to_hust,naive_cross,luh,hust,pytorch_1d_cnn,100,42,hust,hust_10-7,1435.0,1614.9999523405163
luh_to_hust,naive_cross,luh,hust,pytorch_1d_cnn,100,42,hust,hust_10-8,1093.0,1169.4296730842354
luh_to_hust,naive_cross,luh,hust,pytorch_1d_cnn,100,42,hust,hust_2-2,2021.0,1155.6935305461272
luh_to_hust,naive_cross,luh,hust,pytorch_1d_cnn,100,42,hust,hust_2-3,1413.0,1614.9999523405163
luh_to_hust,naive_cross,luh,hust,pytorch_1d_cnn,100,42,hust,hust_2-4,1165.0,1170.8178736565753
luh_to_hust,naive_cross,luh,hust,pytorch_1d_cnn,100,42,hust,hust_2-5,1092.0,1614.9999523405163
luh_to_hust,naive_cross,luh,hust,pytorch_1d_cnn,100,42,hust,hust_2-6,1297.0,1614.9999523405163
luh_to_hust,naive_cross,luh,hust,pytorch_1d_cnn,100,42,hust,hust_2-7,1789.0,1614.9999523405163
luh_to_hust,naive_cross,luh,hust,pytorch_1d_cnn,100,42,hust,hust_2-8,1192.0,1197.513023613734
luh_to_hust,naive_cross,luh,hust,pytorch_1d_cnn,100,42,hust,hust_3-1,1571.0,1614.9999523405163
luh_to_hust,naive_cross,luh,hust,pytorch_1d_cnn,100,42,hust,hust_3-2,1773.0,1614.9999523405163
luh_to_hust,naive_cross,luh,hust,pytorch_1d_cnn,100,42,hust,hust_3-3,1360.0,1614.9999523405163
luh_to_hust,naive_cross,luh,hust,pytorch_1d_cnn,100,42,hust,hust_3-4,1396.0,1183.6191410488445
luh_to_hust,naive_cross,luh,hust,pytorch_1d_cnn,100,42,hust,hust_3-5,1879.0,1155.7976889095128
luh_to_hust,naive_cross,luh,hust,pytorch_1d_cnn,100,42,hust,hust_3-6,1979.0,1614.9999523405163
luh_to_hust,naive_cross,luh,hust,pytorch_1d_cnn,100,42,hust,hust_3-7,1870.0,1239.4129650942148
luh_to_hust,naive_cross,luh,hust,pytorch_1d_cnn,100,42,hust,hust_3-8,1856.0,1614.9999523405163
luh_to_hust,naive_cross,luh,hust,pytorch_1d_cnn,100,42,hust,hust_4-1,1762.0,1216.065482373896
luh_to_hust,naive_cross,luh,hust,pytorch_1d_cnn,100,42,hust,hust_4-2,1453.0,1614.9999523405163
luh_to_hust,naive_cross,luh,hust,pytorch_1d_cnn,100,42,hust,hust_4-3,931.0,1161.594051320715
luh_to_hust,naive_cross,luh,hust,pytorch_1d_cnn,100,42,hust,hust_4-4,1204.0,1183.541257296295
luh_to_hust,naive_cross,luh,hust,pytorch_1d_cnn,100,42,hust,hust_4-5,1220.0,1168.5400381223935
luh_to_hust,naive_cross,luh,hust,pytorch_1d_cnn,100,42,hust,hust_4-6,1089.0,1179.6102849340868
luh_to_hust,naive_cross,luh,hust,pytorch_1d_cnn,100,42,hust,hust_4-7,1579.0,1155.7817063287412
luh_to_hust,naive_cross,luh,hust,pytorch_1d_cnn,100,42,hust,hust_4-8,1389.0,1614.9999523405163
luh_to_hust,naive_cross,luh,hust,pytorch_1d_cnn,100,42,hust,hust_5-1,1832.0,1171.9349851874915
luh_to_hust,naive_cross,luh,hust,pytorch_1d_cnn,100,42,hust,hust_5-2,1574.0,1614.9999523405163
luh_to_hust,naive_cross,luh,hust,pytorch_1d_cnn,100,42,hust,hust_5-3,2024.0,1187.1173322587417
luh_to_hust,naive_cross,luh,hust,pytorch_1d_cnn,100,42,hust,hust_5-4,1520.0,1209.0474078404097
luh_to_hust,naive_cross,luh,hust,pytorch_1d_cnn,100,42,hust,hust_5-5,1242.0,1614.9999523405163
luh_to_hust,naive_cross,luh,hust,pytorch_1d_cnn,100,42,hust,hust_5-6,1807.0,1205.9175102592035
luh_to_hust,naive_cross,luh,hust,pytorch_1d_cnn,100,42,hust,hust_5-7,1171.0,1155.7828085685953
luh_to_hust,naive_cross,luh,hust,pytorch_1d_cnn,100,42,hust,hust_6-1,1255.0,1214.4041446798453
luh_to_hust,naive_cross,luh,hust,pytorch_1d_cnn,100,42,hust,hust_6-2,1496.0,1614.9999523405163
luh_to_hust,naive_cross,luh,hust,pytorch_1d_cnn,100,42,hust,hust_6-3,1437.0,1614.9999523405163
luh_to_hust,naive_cross,luh,hust,pytorch_1d_cnn,100,42,hust,hust_6-4,1332.0,1201.4435003940725
luh_to_hust,naive_cross,luh,hust,pytorch_1d_cnn,100,42,hust,hust_6-5,1686.0,1203.4749754930274
luh_to_hust,naive_cross,luh,hust,pytorch_1d_cnn,100,42,hust,hust_6-6,1924.0,1614.9999523405163
luh_to_hust,naive_cross,luh,hust,pytorch_1d_cnn,100,42,hust,hust_6-8,1700.0,1182.895809580208
luh_to_hust,naive_cross,luh,hust,pytorch_1d_cnn,100,42,hust,hust_7-1,1308.0,1194.5536702283491
luh_to_hust,naive_cross,luh,hust,pytorch_1d_cnn,100,42,hust,hust_7-2,1637.0,1614.9999523405163
luh_to_hust,naive_cross,luh,hust,pytorch_1d_cnn,100,42,hust,hust_7-3,1063.0,1219.6461926345032
luh_to_hust,naive_cross,luh,hust,pytorch_1d_cnn,100,42,hust,hust_7-4,1148.0,1213.4432638072
luh_to_hust,naive_cross,luh,hust,pytorch_1d_cnn,100,42,hust,hust_7-5,1528.0,1614.9999523405163
luh_to_hust,naive_cross,luh,hust,pytorch_1d_cnn,100,42,hust,hust_7-6,1162.0,1211.550356783462
luh_to_hust,naive_cross,luh,hust,pytorch_1d_cnn,100,42,hust,hust_7-7,1367.0,1193.2733094431962
luh_to_hust,naive_cross,luh,hust,pytorch_1d_cnn,100,42,hust,hust_7-8,1566.0,1614.9999523405163
luh_to_hust,naive_cross,luh,hust,pytorch_1d_cnn,100,42,hust,hust_8-1,1062.0,1185.3887076347478
luh_to_hust,naive_cross,luh,hust,pytorch_1d_cnn,100,42,hust,hust_8-2,1564.0,1165.3321722119474
luh_to_hust,naive_cross,luh,hust,pytorch_1d_cnn,100,42,hust,hust_8-3,1844.0,1614.9999523405163
luh_to_hust,naive_cross,luh,hust,pytorch_1d_cnn,100,42,hust,hust_8-4,1517.0,1214.6334792479208
luh_to_hust,naive_cross,luh,hust,pytorch_1d_cnn,100,42,hust,hust_8-5,1089.0,1195.834834598961
luh_to_hust,naive_cross,luh,hust,pytorch_1d_cnn,100,42,hust,hust_8-6,1746.0,1155.9966629845853
luh_to_hust,naive_cross,luh,hust,pytorch_1d_cnn,100,42,hust,hust_8-7,1593.0,1222.7411714180075
luh_to_hust,naive_cross,luh,hust,pytorch_1d_cnn,100,42,hust,hust_8-8,1351.0,1614.9999523405163
luh_to_hust,naive_cross,luh,hust,pytorch_1d_cnn,100,42,hust,hust_9-1,1647.0,1614.9999523405163
luh_to_hust,naive_cross,luh,hust,pytorch_1d_cnn,100,42,hust,hust_9-2,1679.0,1614.9999523405163
luh_to_hust,naive_cross,luh,hust,pytorch_1d_cnn,100,42,hust,hust_9-3,1526.0,1614.9999523405163
luh_to_hust,naive_cross,luh,hust,pytorch_1d_cnn,100,42,hust,hust_9-4,1589.0,1614.9999523405163
luh_to_hust,naive_cross,luh,hust,pytorch_1d_cnn,100,42,hust,hust_9-5,1719.0,1614.9999523405163
luh_to_hust,naive_cross,luh,hust,pytorch_1d_cnn,100,42,hust,hust_9-6,1381.0,1614.9999523405163
luh_to_hust,naive_cross,luh,hust,pytorch_1d_cnn,100,42,hust,hust_9-7,1617.0,1614.9999523405163
luh_to_hust,naive_cross,luh,hust,pytorch_1d_cnn,100,42,hust,hust_9-8,1839.0,1614.9999523405163
luh_to_hust,naive_cross,luh,hust,pytorch_1d_cnn,100,456,hust,hust_1-1,1198.0,1614.9999523405163
luh_to_hust,naive_cross,luh,hust,pytorch_1d_cnn,100,456,hust,hust_1-2,1966.0,1614.9999523405163
luh_to_hust,naive_cross,luh,hust,pytorch_1d_cnn,100,456,hust,hust_1-3,1513.0,1614.9999523405163
luh_to_hust,naive_cross,luh,hust,pytorch_1d_cnn,100,456,hust,hust_1-4,1213.0,1614.9999523405163
luh_to_hust,naive_cross,luh,hust,pytorch_1d_cnn,100,456,hust,hust_1-5,1538.0,1614.9999523405163
luh_to_hust,naive_cross,luh,hust,pytorch_1d_cnn,100,456,hust,hust_1-6,829.0,1520.118134895499
luh_to_hust,naive_cross,luh,hust,pytorch_1d_cnn,100,456,hust,hust_1-7,1321.0,1614.9999523405163
luh_to_hust,naive_cross,luh,hust,pytorch_1d_cnn,100,456,hust,hust_1-8,1733.0,1614.9999523405163
luh_to_hust,naive_cross,luh,hust,pytorch_1d_cnn,100,456,hust,hust_10-1,1378.0,1614.9999523405163
luh_to_hust,naive_cross,luh,hust,pytorch_1d_cnn,100,456,hust,hust_10-2,1375.0,1614.9999523405163
luh_to_hust,naive_cross,luh,hust,pytorch_1d_cnn,100,456,hust,hust_10-3,1477.0,1403.2192412817105
luh_to_hust,naive_cross,luh,hust,pytorch_1d_cnn,100,456,hust,hust_10-4,1489.0,1614.9999523405163
luh_to_hust,naive_cross,luh,hust,pytorch_1d_cnn,100,456,hust,hust_10-5,1657.0,1614.9999523405163
luh_to_hust,naive_cross,luh,hust,pytorch_1d_cnn,100,456,hust,hust_10-6,1659.0,1614.9999523405163
luh_to_hust,naive_cross,luh,hust,pytorch_1d_cnn,100,456,hust,hust_10-7,1435.0,1614.9999523405163
luh_to_hust,naive_cross,luh,hust,pytorch_1d_cnn,100,456,hust,hust_10-8,1093.0,1614.9999523405163
luh_to_hust,naive_cross,luh,hust,pytorch_1d_cnn,100,456,hust,hust_2-2,2021.0,1614.9999523405163
luh_to_hust,naive_cross,luh,hust,pytorch_1d_cnn,100,456,hust,hust_2-3,1413.0,1614.9999523405163
luh_to_hust,naive_cross,luh,hust,pytorch_1d_cnn,100,456,hust,hust_2-4,1165.0,1320.9540806245939
luh_to_hust,naive_cross,luh,hust,pytorch_1d_cnn,100,456,hust,hust_2-5,1092.0,1614.9999523405163
luh_to_hust,naive_cross,luh,hust,pytorch_1d_cnn,100,456,hust,hust_2-6,1297.0,1614.9999523405163
luh_to_hust,naive_cross,luh,hust,pytorch_1d_cnn,100,456,hust,hust_2-7,1789.0,1614.9999523405163
luh_to_hust,naive_cross,luh,hust,pytorch_1d_cnn,100,456,hust,hust_2-8,1192.0,1614.9999523405163
luh_to_hust,naive_cross,luh,hust,pytorch_1d_cnn,100,456,hust,hust_3-1,1571.0,1614.9999523405163
luh_to_hust,naive_cross,luh,hust,pytorch_1d_cnn,100,456,hust,hust_3-2,1773.0,1614.9999523405163
luh_to_hust,naive_cross,luh,hust,pytorch_1d_cnn,100,456,hust,hust_3-3,1360.0,1614.9999523405163
luh_to_hust,naive_cross,luh,hust,pytorch_1d_cnn,100,456,hust,hust_3-4,1396.0,1614.9999523405163
luh_to_hust,naive_cross,luh,hust,pytorch_1d_cnn,100,456,hust,hust_3-5,1879.0,1614.9999523405163
luh_to_hust,naive_cross,luh,hust,pytorch_1d_cnn,100,456,hust,hust_3-6,1979.0,1614.9999523405163
luh_to_hust,naive_cross,luh,hust,pytorch_1d_cnn,100,456,hust,hust_3-7,1870.0,1614.9999523405163
luh_to_hust,naive_cross,luh,hust,pytorch_1d_cnn,100,456,hust,hust_3-8,1856.0,1614.9999523405163
luh_to_hust,naive_cross,luh,hust,pytorch_1d_cnn,100,456,hust,hust_4-1,1762.0,1614.9999523405163
luh_to_hust,naive_cross,luh,hust,pytorch_1d_cnn,100,456,hust,hust_4-2,1453.0,1614.9999523405163
luh_to_hust,naive_cross,luh,hust,pytorch_1d_cnn,100,456,hust,hust_4-3,931.0,1614.9999523405163
luh_to_hust,naive_cross,luh,hust,pytorch_1d_cnn,100,456,hust,hust_4-4,1204.0,1595.9251121152085
luh_to_hust,naive_cross,luh,hust,pytorch_1d_cnn,100,456,hust,hust_4-5,1220.0,1555.4760134638273
luh_to_hust,naive_cross,luh,hust,pytorch_1d_cnn,100,456,hust,hust_4-6,1089.0,1496.6101185230289
luh_to_hust,naive_cross,luh,hust,pytorch_1d_cnn,100,456,hust,hust_4-7,1579.0,1614.9999523405163
luh_to_hust,naive_cross,luh,hust,pytorch_1d_cnn,100,456,hust,hust_4-8,1389.0,1614.9999523405163
luh_to_hust,naive_cross,luh,hust,pytorch_1d_cnn,100,456,hust,hust_5-1,1832.0,1404.7717588068306
luh_to_hust,naive_cross,luh,hust,pytorch_1d_cnn,100,456,hust,hust_5-2,1574.0,1614.9999523405163
luh_to_hust,naive_cross,luh,hust,pytorch_1d_cnn,100,456,hust,hust_5-3,2024.0,1361.6930168032025
luh_to_hust,naive_cross,luh,hust,pytorch_1d_cnn,100,456,hust,hust_5-4,1520.0,1614.9999523405163
luh_to_hust,naive_cross,luh,hust,pytorch_1d_cnn,100,456,hust,hust_5-5,1242.0,1614.9999523405163
luh_to_hust,naive_cross,luh,hust,pytorch_1d_cnn,100,456,hust,hust_5-6,1807.0,1614.9999523405163
luh_to_hust,naive_cross,luh,hust,pytorch_1d_cnn,100,456,hust,hust_5-7,1171.0,1614.9999523405163
luh_to_hust,naive_cross,luh,hust,pytorch_1d_cnn,100,456,hust,hust_6-1,1255.0,1614.9999523405163
luh_to_hust,naive_cross,luh,hust,pytorch_1d_cnn,100,456,hust,hust_6-2,1496.0,1614.9999523405163
luh_to_hust,naive_cross,luh,hust,pytorch_1d_cnn,100,456,hust,hust_6-3,1437.0,1614.9999523405163
luh_to_hust,naive_cross,luh,hust,pytorch_1d_cnn,100,456,hust,hust_6-4,1332.0,1573.9315493615948
luh_to_hust,naive_cross,luh,hust,pytorch_1d_cnn,100,456,hust,hust_6-5,1686.0,1614.9999523405163
luh_to_hust,naive_cross,luh,hust,pytorch_1d_cnn,100,456,hust,hust_6-6,1924.0,1614.9999523405163
luh_to_hust,naive_cross,luh,hust,pytorch_1d_cnn,100,456,hust,hust_6-8,1700.0,1614.9999523405163
luh_to_hust,naive_cross,luh,hust,pytorch_1d_cnn,100,456,hust,hust_7-1,1308.0,1556.5793255020485
luh_to_hust,naive_cross,luh,hust,pytorch_1d_cnn,100,456,hust,hust_7-2,1637.0,1614.9999523405163
luh_to_hust,naive_cross,luh,hust,pytorch_1d_cnn,100,456,hust,hust_7-3,1063.0,1434.9456811608259
luh_to_hust,naive_cross,luh,hust,pytorch_1d_cnn,100,456,hust,hust_7-4,1148.0,1290.9050133368505
luh_to_hust,naive_cross,luh,hust,pytorch_1d_cnn,100,456,hust,hust_7-5,1528.0,1614.9999523405163
luh_to_hust,naive_cross,luh,hust,pytorch_1d_cnn,100,456,hust,hust_7-6,1162.0,1126.4306724494152
luh_to_hust,naive_cross,luh,hust,pytorch_1d_cnn,100,456,hust,hust_7-7,1367.0,1574.5545951555664
luh_to_hust,naive_cross,luh,hust,pytorch_1d_cnn,100,456,hust,hust_7-8,1566.0,1614.9999523405163
luh_to_hust,naive_cross,luh,hust,pytorch_1d_cnn,100,456,hust,hust_8-1,1062.0,1162.4196424695879
luh_to_hust,naive_cross,luh,hust,pytorch_1d_cnn,100,456,hust,hust_8-2,1564.0,1452.3422882165721
luh_to_hust,naive_cross,luh,hust,pytorch_1d_cnn,100,456,hust,hust_8-3,1844.0,1614.9999523405163
luh_to_hust,naive_cross,luh,hust,pytorch_1d_cnn,100,456,hust,hust_8-4,1517.0,1297.7495606862708
luh_to_hust,naive_cross,luh,hust,pytorch_1d_cnn,100,456,hust,hust_8-5,1089.0,1279.3654497080106
luh_to_hust,naive_cross,luh,hust,pytorch_1d_cnn,100,456,hust,hust_8-6,1746.0,1614.9999523405163
luh_to_hust,naive_cross,luh,hust,pytorch_1d_cnn,100,456,hust,hust_8-7,1593.0,1344.129272502047
luh_to_hust,naive_cross,luh,hust,pytorch_1d_cnn,100,456,hust,hust_8-8,1351.0,1614.9999523405163
luh_to_hust,naive_cross,luh,hust,pytorch_1d_cnn,100,456,hust,hust_9-1,1647.0,1614.9999523405163
luh_to_hust,naive_cross,luh,hust,pytorch_1d_cnn,100,456,hust,hust_9-2,1679.0,1614.9999523405163
luh_to_hust,naive_cross,luh,hust,pytorch_1d_cnn,100,456,hust,hust_9-3,1526.0,1614.9999523405163
luh_to_hust,naive_cross,luh,hust,pytorch_1d_cnn,100,456,hust,hust_9-4,1589.0,1614.9999523405163
luh_to_hust,naive_cross,luh,hust,pytorch_1d_cnn,100,456,hust,hust_9-5,1719.0,1614.9999523405163
luh_to_hust,naive_cross,luh,hust,pytorch_1d_cnn,100,456,hust,hust_9-6,1381.0,1614.9999523405163
luh_to_hust,naive_cross,luh,hust,pytorch_1d_cnn,100,456,hust,hust_9-7,1617.0,1614.9999523405163
luh_to_hust,naive_cross,luh,hust,pytorch_1d_cnn,100,456,hust,hust_9-8,1839.0,1614.9999523405163
luh_to_hust,naive_cross,luh,hust,pytorch_1d_cnn,100,789,hust,hust_1-1,1198.0,1506.523859160467
luh_to_hust,naive_cross,luh,hust,pytorch_1d_cnn,100,789,hust,hust_1-2,1966.0,1614.9999523405163
luh_to_hust,naive_cross,luh,hust,pytorch_1d_cnn,100,789,hust,hust_1-3,1513.0,1614.9999523405163
luh_to_hust,naive_cross,luh,hust,pytorch_1d_cnn,100,789,hust,hust_1-4,1213.0,1614.9999523405163
luh_to_hust,naive_cross,luh,hust,pytorch_1d_cnn,100,789,hust,hust_1-5,1538.0,1614.9999523405163
luh_to_hust,naive_cross,luh,hust,pytorch_1d_cnn,100,789,hust,hust_1-6,829.0,1614.9999523405163
luh_to_hust,naive_cross,luh,hust,pytorch_1d_cnn,100,789,hust,hust_1-7,1321.0,1614.9999523405163
luh_to_hust,naive_cross,luh,hust,pytorch_1d_cnn,100,789,hust,hust_1-8,1733.0,1614.9999523405163
luh_to_hust,naive_cross,luh,hust,pytorch_1d_cnn,100,789,hust,hust_10-1,1378.0,1614.9999523405163
luh_to_hust,naive_cross,luh,hust,pytorch_1d_cnn,100,789,hust,hust_10-2,1375.0,1614.9999523405163
luh_to_hust,naive_cross,luh,hust,pytorch_1d_cnn,100,789,hust,hust_10-3,1477.0,1614.9999523405163
luh_to_hust,naive_cross,luh,hust,pytorch_1d_cnn,100,789,hust,hust_10-4,1489.0,1614.9999523405163
luh_to_hust,naive_cross,luh,hust,pytorch_1d_cnn,100,789,hust,hust_10-5,1657.0,1614.9999523405163
luh_to_hust,naive_cross,luh,hust,pytorch_1d_cnn,100,789,hust,hust_10-6,1659.0,1410.05672342798
luh_to_hust,naive_cross,luh,hust,pytorch_1d_cnn,100,789,hust,hust_10-7,1435.0,1614.9999523405163
luh_to_hust,naive_cross,luh,hust,pytorch_1d_cnn,100,789,hust,hust_10-8,1093.0,1614.9999523405163
luh_to_hust,naive_cross,luh,hust,pytorch_1d_cnn,100,789,hust,hust_2-2,2021.0,1614.9999523405163
luh_to_hust,naive_cross,luh,hust,pytorch_1d_cnn,100,789,hust,hust_2-3,1413.0,1614.9999523405163
luh_to_hust,naive_cross,luh,hust,pytorch_1d_cnn,100,789,hust,hust_2-4,1165.0,1614.9999523405163
luh_to_hust,naive_cross,luh,hust,pytorch_1d_cnn,100,789,hust,hust_2-5,1092.0,1614.9999523405163
luh_to_hust,naive_cross,luh,hust,pytorch_1d_cnn,100,789,hust,hust_2-6,1297.0,1614.9999523405163
luh_to_hust,naive_cross,luh,hust,pytorch_1d_cnn,100,789,hust,hust_2-7,1789.0,1614.9999523405163
luh_to_hust,naive_cross,luh,hust,pytorch_1d_cnn,100,789,hust,hust_2-8,1192.0,1578.9424021909613
luh_to_hust,naive_cross,luh,hust,pytorch_1d_cnn,100,789,hust,hust_3-1,1571.0,1614.9999523405163
luh_to_hust,naive_cross,luh,hust,pytorch_1d_cnn,100,789,hust,hust_3-2,1773.0,1614.9999523405163
luh_to_hust,naive_cross,luh,hust,pytorch_1d_cnn,100,789,hust,hust_3-3,1360.0,1614.9999523405163
luh_to_hust,naive_cross,luh,hust,pytorch_1d_cnn,100,789,hust,hust_3-4,1396.0,1614.9999523405163
luh_to_hust,naive_cross,luh,hust,pytorch_1d_cnn,100,789,hust,hust_3-5,1879.0,1614.9999523405163
luh_to_hust,naive_cross,luh,hust,pytorch_1d_cnn,100,789,hust,hust_3-6,1979.0,1614.9999523405163
luh_to_hust,naive_cross,luh,hust,pytorch_1d_cnn,100,789,hust,hust_3-7,1870.0,1614.9999523405163
luh_to_hust,naive_cross,luh,hust,pytorch_1d_cnn,100,789,hust,hust_3-8,1856.0,1614.9999523405163
luh_to_hust,naive_cross,luh,hust,pytorch_1d_cnn,100,789,hust,hust_4-1,1762.0,1614.9999523405163
luh_to_hust,naive_cross,luh,hust,pytorch_1d_cnn,100,789,hust,hust_4-2,1453.0,1614.9999523405163
luh_to_hust,naive_cross,luh,hust,pytorch_1d_cnn,100,789,hust,hust_4-3,931.0,1306.1435915802635
luh_to_hust,naive_cross,luh,hust,pytorch_1d_cnn,100,789,hust,hust_4-4,1204.0,1603.2856490175745
luh_to_hust,naive_cross,luh,hust,pytorch_1d_cnn,100,789,hust,hust_4-5,1220.0,1462.2298136183108
luh_to_hust,naive_cross,luh,hust,pytorch_1d_cnn,100,789,hust,hust_4-6,1089.0,1599.6034351485825
luh_to_hust,naive_cross,luh,hust,pytorch_1d_cnn,100,789,hust,hust_4-7,1579.0,1364.5223804744126
luh_to_hust,naive_cross,luh,hust,pytorch_1d_cnn,100,789,hust,hust_4-8,1389.0,1614.9999523405163
luh_to_hust,naive_cross,luh,hust,pytorch_1d_cnn,100,789,hust,hust_5-1,1832.0,1614.9999523405163
luh_to_hust,naive_cross,luh,hust,pytorch_1d_cnn,100,789,hust,hust_5-2,1574.0,1614.9999523405163
luh_to_hust,naive_cross,luh,hust,pytorch_1d_cnn,100,789,hust,hust_5-3,2024.0,1614.9999523405163
luh_to_hust,naive_cross,luh,hust,pytorch_1d_cnn,100,789,hust,hust_5-4,1520.0,1614.9999523405163
luh_to_hust,naive_cross,luh,hust,pytorch_1d_cnn,100,789,hust,hust_5-5,1242.0,1614.9999523405163
luh_to_hust,naive_cross,luh,hust,pytorch_1d_cnn,100,789,hust,hust_5-6,1807.0,1614.9999523405163
luh_to_hust,naive_cross,luh,hust,pytorch_1d_cnn,100,789,hust,hust_5-7,1171.0,1595.6123732430895
luh_to_hust,naive_cross,luh,hust,pytorch_1d_cnn,100,789,hust,hust_6-1,1255.0,1614.9999523405163
luh_to_hust,naive_cross,luh,hust,pytorch_1d_cnn,100,789,hust,hust_6-2,1496.0,1614.9999523405163
luh_to_hust,naive_cross,luh,hust,pytorch_1d_cnn,100,789,hust,hust_6-3,1437.0,1614.9999523405163
luh_to_hust,naive_cross,luh,hust,pytorch_1d_cnn,100,789,hust,hust_6-4,1332.0,1614.9999523405163
luh_to_hust,naive_cross,luh,hust,pytorch_1d_cnn,100,789,hust,hust_6-5,1686.0,1614.9999523405163
luh_to_hust,naive_cross,luh,hust,pytorch_1d_cnn,100,789,hust,hust_6-6,1924.0,1614.9999523405163
luh_to_hust,naive_cross,luh,hust,pytorch_1d_cnn,100,789,hust,hust_6-8,1700.0,1614.9999523405163
luh_to_hust,naive_cross,luh,hust,pytorch_1d_cnn,100,789,hust,hust_7-1,1308.0,1614.9999523405163
luh_to_hust,naive_cross,luh,hust,pytorch_1d_cnn,100,789,hust,hust_7-2,1637.0,1614.9999523405163
luh_to_hust,naive_cross,luh,hust,pytorch_1d_cnn,100,789,hust,hust_7-3,1063.0,1614.9999523405163
luh_to_hust,naive_cross,luh,hust,pytorch_1d_cnn,100,789,hust,hust_7-4,1148.0,1445.50583716191
luh_to_hust,naive_cross,luh,hust,pytorch_1d_cnn,100,789,hust,hust_7-5,1528.0,1614.9999523405163
luh_to_hust,naive_cross,luh,hust,pytorch_1d_cnn,100,789,hust,hust_7-6,1162.0,1455.759786931475
luh_to_hust,naive_cross,luh,hust,pytorch_1d_cnn,100,789,hust,hust_7-7,1367.0,1198.998592948947
luh_to_hust,naive_cross,luh,hust,pytorch_1d_cnn,100,789,hust,hust_7-8,1566.0,1614.9999523405163
luh_to_hust,naive_cross,luh,hust,pytorch_1d_cnn,100,789,hust,hust_8-1,1062.0,1446.054600933227
luh_to_hust,naive_cross,luh,hust,pytorch_1d_cnn,100,789,hust,hust_8-2,1564.0,1614.9999523405163
luh_to_hust,naive_cross,luh,hust,pytorch_1d_cnn,100,789,hust,hust_8-3,1844.0,1614.9999523405163
luh_to_hust,naive_cross,luh,hust,pytorch_1d_cnn,100,789,hust,hust_8-4,1517.0,1614.9999523405163
luh_to_hust,naive_cross,luh,hust,pytorch_1d_cnn,100,789,hust,hust_8-5,1089.0,1195.3194681743441
luh_to_hust,naive_cross,luh,hust,pytorch_1d_cnn,100,789,hust,hust_8-6,1746.0,1614.9999523405163
luh_to_hust,naive_cross,luh,hust,pytorch_1d_cnn,100,789,hust,hust_8-7,1593.0,1614.9999523405163
luh_to_hust,naive_cross,luh,hust,pytorch_1d_cnn,100,789,hust,hust_8-8,1351.0,1614.9999523405163
luh_to_hust,naive_cross,luh,hust,pytorch_1d_cnn,100,789,hust,hust_9-1,1647.0,1614.9999523405163
luh_to_hust,naive_cross,luh,hust,pytorch_1d_cnn,100,789,hust,hust_9-2,1679.0,1614.9999523405163
luh_to_hust,naive_cross,luh,hust,pytorch_1d_cnn,100,789,hust,hust_9-3,1526.0,1614.9999523405163
luh_to_hust,naive_cross,luh,hust,pytorch_1d_cnn,100,789,hust,hust_9-4,1589.0,1614.9999523405163
luh_to_hust,naive_cross,luh,hust,pytorch_1d_cnn,100,789,hust,hust_9-5,1719.0,1614.9999523405163
luh_to_hust,naive_cross,luh,hust,pytorch_1d_cnn,100,789,hust,hust_9-6,1381.0,1614.9999523405163
luh_to_hust,naive_cross,luh,hust,pytorch_1d_cnn,100,789,hust,hust_9-7,1617.0,1614.9999523405163
luh_to_hust,naive_cross,luh,hust,pytorch_1d_cnn,100,789,hust,hust_9-8,1839.0,1614.9999523405163
luh_to_matr,naive_cross,luh,matr,pytorch_1d_cnn,100,1011,matr,matr_b1c0,1717.0,1614.9999523405163
luh_to_matr,naive_cross,luh,matr,pytorch_1d_cnn,100,1011,matr,matr_b1c1,2066.0,1614.9999523405163
luh_to_matr,naive_cross,luh,matr,pytorch_1d_cnn,100,1011,matr,matr_b1c11,771.0,1614.9999523405163
luh_to_matr,naive_cross,luh,matr,pytorch_1d_cnn,100,1011,matr,matr_b1c12,897.0,1614.9999523405163
luh_to_matr,naive_cross,luh,matr,pytorch_1d_cnn,100,1011,matr,matr_b1c14,845.0,1614.9999523405163
luh_to_matr,naive_cross,luh,matr,pytorch_1d_cnn,100,1011,matr,matr_b1c15,699.0,1614.9999523405163
luh_to_matr,naive_cross,luh,matr,pytorch_1d_cnn,100,1011,matr,matr_b1c16,824.0,1614.9999523405163
luh_to_matr,naive_cross,luh,matr,pytorch_1d_cnn,100,1011,matr,matr_b1c17,825.0,1614.9999523405163
luh_to_matr,naive_cross,luh,matr,pytorch_1d_cnn,100,1011,matr,matr_b1c18,665.0,1614.9999523405163
luh_to_matr,naive_cross,luh,matr,pytorch_1d_cnn,100,1011,matr,matr_b1c19,740.0,1614.9999523405163
luh_to_matr,naive_cross,luh,matr,pytorch_1d_cnn,100,1011,matr,matr_b1c2,1487.0,1614.9999523405163
luh_to_matr,naive_cross,luh,matr,pytorch_1d_cnn,100,1011,matr,matr_b1c20,504.0,1614.9999523405163
luh_to_matr,naive_cross,luh,matr,pytorch_1d_cnn,100,1011,matr,matr_b1c21,535.0,1614.9999523405163
luh_to_matr,naive_cross,luh,matr,pytorch_1d_cnn,100,1011,matr,matr_b1c23,974.0,1614.9999523405163
luh_to_matr,naive_cross,luh,matr,pytorch_1d_cnn,100,1011,matr,matr_b1c24,979.0,1614.9999523405163
luh_to_matr,naive_cross,luh,matr,pytorch_1d_cnn,100,1011,matr,matr_b1c25,817.0,1614.9999523405163
luh_to_matr,naive_cross,luh,matr,pytorch_1d_cnn,100,1011,matr,matr_b1c26,826.0,1614.9999523405163
luh_to_matr,naive_cross,luh,matr,pytorch_1d_cnn,100,1011,matr,matr_b1c27,809.0,1614.9999523405163
luh_to_matr,naive_cross,luh,matr,pytorch_1d_cnn,100,1011,matr,matr_b1c28,815.0,1614.9999523405163
luh_to_matr,naive_cross,luh,matr,pytorch_1d_cnn,100,1011,matr,matr_b1c29,872.0,1614.9999523405163
luh_to_matr,naive_cross,luh,matr,pytorch_1d_cnn,100,1011,matr,matr_b1c3,1344.0,1614.9999523405163
luh_to_matr,naive_cross,luh,matr,pytorch_1d_cnn,100,1011,matr,matr_b1c30,679.0,1614.9999523405163
luh_to_matr,naive_cross,luh,matr,pytorch_1d_cnn,100,1011,matr,matr_b1c31,827.0,1614.9999523405163
luh_to_matr,naive_cross,luh,matr,pytorch_1d_cnn,100,1011,matr,matr_b1c32,694.0,1614.9999523405163
luh_to_matr,naive_cross,luh,matr,pytorch_1d_cnn,100,1011,matr,matr_b1c33,708.0,1614.9999523405163
luh_to_matr,naive_cross,luh,matr,pytorch_1d_cnn,100,1011,matr,matr_b1c34,714.0,1614.9999523405163
luh_to_matr,naive_cross,luh,matr,pytorch_1d_cnn,100,1011,matr,matr_b1c35,676.0,1614.9999523405163
luh_to_matr,naive_cross,luh,matr,pytorch_1d_cnn,100,1011,matr,matr_b1c36,670.0,1614.9999523405163
luh_to_matr,naive_cross,luh,matr,pytorch_1d_cnn,100,1011,matr,matr_b1c37,622.0,1614.9999523405163
luh_to_matr,naive_cross,luh,matr,pytorch_1d_cnn,100,1011,matr,matr_b1c38,592.0,1614.9999523405163
luh_to_matr,naive_cross,luh,matr,pytorch_1d_cnn,100,1011,matr,matr_b1c39,592.0,1614.9999523405163
luh_to_matr,naive_cross,luh,matr,pytorch_1d_cnn,100,1011,matr,matr_b1c4,1618.0,1614.9999523405163
luh_to_matr,naive_cross,luh,matr,pytorch_1d_cnn,100,1011,matr,matr_b1c40,919.0,1614.9999523405163
luh_to_matr,naive_cross,luh,matr,pytorch_1d_cnn,100,1011,matr,matr_b1c41,1005.0,1614.9999523405163
luh_to_matr,naive_cross,luh,matr,pytorch_1d_cnn,100,1011,matr,matr_b1c42,661.0,1614.9999523405163
luh_to_matr,naive_cross,luh,matr,pytorch_1d_cnn,100,1011,matr,matr_b1c43,626.0,1614.9999523405163
luh_to_matr,naive_cross,luh,matr,pytorch_1d_cnn,100,1011,matr,matr_b1c44,575.0,1614.9999523405163
luh_to_matr,naive_cross,luh,matr,pytorch_1d_cnn,100,1011,matr,matr_b1c45,563.0,1614.9999523405163
luh_to_matr,naive_cross,luh,matr,pytorch_1d_cnn,100,1011,matr,matr_b1c5,909.0,1614.9999523405163
luh_to_matr,naive_cross,luh,matr,pytorch_1d_cnn,100,1011,matr,matr_b1c6,613.0,1614.9999523405163
luh_to_matr,naive_cross,luh,matr,pytorch_1d_cnn,100,1011,matr,matr_b1c7,818.0,1614.9999523405163
luh_to_matr,naive_cross,luh,matr,pytorch_1d_cnn,100,1011,matr,matr_b1c9,1012.0,1614.9999523405163
luh_to_matr,naive_cross,luh,matr,pytorch_1d_cnn,100,1011,matr,matr_b2c0,278.0,1614.9999523405163
luh_to_matr,naive_cross,luh,matr,pytorch_1d_cnn,100,1011,matr,matr_b2c1,133.0,333.7242763512667
luh_to_matr,naive_cross,luh,matr,pytorch_1d_cnn,100,1011,matr,matr_b2c10,251.0,1614.9999523405163
luh_to_matr,naive_cross,luh,matr,pytorch_1d_cnn,100,1011,matr,matr_b2c11,250.0,1614.9999523405163
luh_to_matr,naive_cross,luh,matr,pytorch_1d_cnn,100,1011,matr,matr_b2c12,435.0,1614.9999523405163
luh_to_matr,naive_cross,luh,matr,pytorch_1d_cnn,100,1011,matr,matr_b2c13,454.0,1614.9999523405163
luh_to_matr,naive_cross,luh,matr,pytorch_1d_cnn,100,1011,matr,matr_b2c14,466.0,1614.9999523405163
luh_to_matr,naive_cross,luh,matr,pytorch_1d_cnn,100,1011,matr,matr_b2c17,476.0,1614.9999523405163
luh_to_matr,naive_cross,luh,matr,pytorch_1d_cnn,100,1011,matr,matr_b2c18,468.0,1614.9999523405163
luh_to_matr,naive_cross,luh,matr,pytorch_1d_cnn,100,1011,matr,matr_b2c19,455.0,1614.9999523405163
luh_to_matr,naive_cross,luh,matr,pytorch_1d_cnn,100,1011,matr,matr_b2c2,422.0,1614.9999523405163
luh_to_matr,naive_cross,luh,matr,pytorch_1d_cnn,100,1011,matr,matr_b2c20,475.0,1614.9999523405163
luh_to_matr,naive_cross,luh,matr,pytorch_1d_cnn,100,1011,matr,matr_b2c21,468.0,1614.9999523405163
luh_to_matr,naive_cross,luh,matr,pytorch_1d_cnn,100,1011,matr,matr_b2c22,490.0,1614.9999523405163
luh_to_matr,naive_cross,luh,matr,pytorch_1d_cnn,100,1011,matr,matr_b2c23,502.0,1614.9999523405163
luh_to_matr,naive_cross,luh,matr,pytorch_1d_cnn,100,1011,matr,matr_b2c24,478.0,1614.9999523405163
luh_to_matr,naive_cross,luh,matr,pytorch_1d_cnn,100,1011,matr,matr_b2c25,446.0,1614.9999523405163
luh_to_matr,naive_cross,luh,matr,pytorch_1d_cnn,100,1011,matr,matr_b2c26,450.0,1614.9999523405163
luh_to_matr,naive_cross,luh,matr,pytorch_1d_cnn,100,1011,matr,matr_b2c27,453.0,1614.9999523405163
luh_to_matr,naive_cross,luh,matr,pytorch_1d_cnn,100,1011,matr,matr_b2c28,491.0,1614.9999523405163
luh_to_matr,naive_cross,luh,matr,pytorch_1d_cnn,100,1011,matr,matr_b2c29,481.0,1614.9999523405163
luh_to_matr,naive_cross,luh,matr,pytorch_1d_cnn,100,1011,matr,matr_b2c3,314.0,1614.9999523405163
luh_to_matr,naive_cross,luh,matr,pytorch_1d_cnn,100,1011,matr,matr_b2c30,466.0,1614.9999523405163
luh_to_matr,naive_cross,luh,matr,pytorch_1d_cnn,100,1011,matr,matr_b2c31,474.0,1614.9999523405163
luh_to_matr,naive_cross,luh,matr,pytorch_1d_cnn,100,1011,matr,matr_b2c32,500.0,1614.9999523405163
luh_to_matr,naive_cross,luh,matr,pytorch_1d_cnn,100,1011,matr,matr_b2c33,499.0,1614.9999523405163
luh_to_matr,naive_cross,luh,matr,pytorch_1d_cnn,100,1011,matr,matr_b2c34,483.0,1614.9999523405163
luh_to_matr,naive_cross,luh,matr,pytorch_1d_cnn,100,1011,matr,matr_b2c35,449.0,1614.9999523405163
luh_to_matr,naive_cross,luh,matr,pytorch_1d_cnn,100,1011,matr,matr_b2c36,513.0,1614.9999523405163
luh_to_matr,naive_cross,luh,matr,pytorch_1d_cnn,100,1011,matr,matr_b2c37,461.0,1614.9999523405163
luh_to_matr,naive_cross,luh,matr,pytorch_1d_cnn,100,1011,matr,matr_b2c38,451.0,1614.9999523405163
luh_to_matr,naive_cross,luh,matr,pytorch_1d_cnn,100,1011,matr,matr_b2c39,442.0,1614.9999523405163
luh_to_matr,naive_cross,luh,matr,pytorch_1d_cnn,100,1011,matr,matr_b2c4,247.0,1614.9999523405163
luh_to_matr,naive_cross,luh,matr,pytorch_1d_cnn,100,1011,matr,matr_b2c40,476.0,1614.9999523405163
luh_to_matr,naive_cross,luh,matr,pytorch_1d_cnn,100,1011,matr,matr_b2c41,416.0,1614.9999523405163
luh_to_matr,naive_cross,luh,matr,pytorch_1d_cnn,100,1011,matr,matr_b2c42,444.0,1614.9999523405163
luh_to_matr,naive_cross,luh,matr,pytorch_1d_cnn,100,1011,matr,matr_b2c43,443.0,1614.9999523405163
luh_to_matr,naive_cross,luh,matr,pytorch_1d_cnn,100,1011,matr,matr_b2c44,442.0,1614.9999523405163
luh_to_matr,naive_cross,luh,matr,pytorch_1d_cnn,100,1011,matr,matr_b2c45,470.0,1614.9999523405163
luh_to_matr,naive_cross,luh,matr,pytorch_1d_cnn,100,1011,matr,matr_b2c46,417.0,1614.9999523405163
luh_to_matr,naive_cross,luh,matr,pytorch_1d_cnn,100,1011,matr,matr_b2c47,705.0,1614.9999523405163
luh_to_matr,naive_cross,luh,matr,pytorch_1d_cnn,100,1011,matr,matr_b2c5,464.0,1614.9999523405163
luh_to_matr,naive_cross,luh,matr,pytorch_1d_cnn,100,1011,matr,matr_b2c6,475.0,1614.9999523405163
luh_to_matr,naive_cross,luh,matr,pytorch_1d_cnn,100,1011,matr,matr_b3c0,985.0,1614.9999523405163
luh_to_matr,naive_cross,luh,matr,pytorch_1d_cnn,100,1011,matr,matr_b3c1,1033.0,1614.9999523405163
luh_to_matr,naive_cross,luh,matr,pytorch_1d_cnn,100,1011,matr,matr_b3c10,1046.0,1614.9999523405163
luh_to_matr,naive_cross,luh,matr,pytorch_1d_cnn,100,1011,matr,matr_b3c11,792.0,1614.9999523405163
luh_to_matr,naive_cross,luh,matr,pytorch_1d_cnn,100,1011,matr,matr_b3c12,903.0,1614.9999523405163
luh_to_matr,naive_cross,luh,matr,pytorch_1d_cnn,100,1011,matr,matr_b3c13,794.0,1614.9999523405163
luh_to_matr,naive_cross,luh,matr,pytorch_1d_cnn,100,1011,matr,matr_b3c14,834.0,1614.9999523405163
luh_to_matr,naive_cross,luh,matr,pytorch_1d_cnn,100,1011,matr,matr_b3c15,850.0,1614.9999523405163
luh_to_matr,naive_cross,luh,matr,pytorch_1d_cnn,100,1011,matr,matr_b3c16,1589.0,1614.9999523405163
luh_to_matr,naive_cross,luh,matr,pytorch_1d_cnn,100,1011,matr,matr_b3c17,1269.0,1614.9999523405163
luh_to_matr,naive_cross,luh,matr,pytorch_1d_cnn,100,1011,matr,matr_b3c18,1100.0,1614.9999523405163
luh_to_matr,naive_cross,luh,matr,pytorch_1d_cnn,100,1011,matr,matr_b3c19,1105.0,1614.9999523405163
luh_to_matr,naive_cross,luh,matr,pytorch_1d_cnn,100,1011,matr,matr_b3c2,1224.0,1614.9999523405163
luh_to_matr,naive_cross,luh,matr,pytorch_1d_cnn,100,1011,matr,matr_b3c20,793.0,1614.9999523405163
luh_to_matr,naive_cross,luh,matr,pytorch_1d_cnn,100,1011,matr,matr_b3c21,745.0,1614.9999523405163
luh_to_matr,naive_cross,luh,matr,pytorch_1d_cnn,100,1011,matr,matr_b3c22,991.0,1614.9999523405163
luh_to_matr,naive_cross,luh,matr,pytorch_1d_cnn,100,1011,matr,matr_b3c24,817.0,1614.9999523405163
luh_to_matr,naive_cross,luh,matr,pytorch_1d_cnn,100,1011,matr,matr_b3c25,970.0,1614.9999523405163
luh_to_matr,naive_cross,luh,matr,pytorch_1d_cnn,100,1011,matr,matr_b3c26,989.0,1614.9999523405163
luh_to_matr,naive_cross,luh,matr,pytorch_1d_cnn,100,1011,matr,matr_b3c27,828.0,1614.9999523405163
luh_to_matr,naive_cross,luh,matr,pytorch_1d_cnn,100,1011,matr,matr_b3c28,524.0,1614.9999523405163
luh_to_matr,naive_cross,luh,matr,pytorch_1d_cnn,100,1011,matr,matr_b3c29,833.0,1614.9999523405163
luh_to_matr,naive_cross,luh,matr,pytorch_1d_cnn,100,1011,matr,matr_b3c3,1084.0,1614.9999523405163
luh_to_matr,naive_cross,luh,matr,pytorch_1d_cnn,100,1011,matr,matr_b3c30,913.0,1614.9999523405163
luh_to_matr,naive_cross,luh,matr,pytorch_1d_cnn,100,1011,matr,matr_b3c31,713.0,1614.9999523405163
luh_to_matr,naive_cross,luh,matr,pytorch_1d_cnn,100,1011,matr,matr_b3c33,1257.0,1614.9999523405163
luh_to_matr,naive_cross,luh,matr,pytorch_1d_cnn,100,1011,matr,matr_b3c34,1125.0,1614.9999523405163
luh_to_matr,naive_cross,luh,matr,pytorch_1d_cnn,100,1011,matr,matr_b3c35,1056.0,1614.9999523405163
luh_to_matr,naive_cross,luh,matr,pytorch_1d_cnn,100,1011,matr,matr_b3c36,910.0,1614.9999523405163
luh_to_matr,naive_cross,luh,matr,pytorch_1d_cnn,100,1011,matr,matr_b3c37,1376.0,1614.9999523405163
luh_to_matr,naive_cross,luh,matr,pytorch_1d_cnn,100,1011,matr,matr_b3c38,1873.0,1614.9999523405163
luh_to_matr,naive_cross,luh,matr,pytorch_1d_cnn,100,1011,matr,matr_b3c39,1146.0,1614.9999523405163
luh_to_matr,naive_cross,luh,matr,pytorch_1d_cnn,100,1011,matr,matr_b3c4,1006.0,1614.9999523405163
luh_to_matr,naive_cross,luh,matr,pytorch_1d_cnn,100,1011,matr,matr_b3c40,779.0,1614.9999523405163
luh_to_matr,naive_cross,luh,matr,pytorch_1d_cnn,100,1011,matr,matr_b3c41,773.0,1614.9999523405163
luh_to_matr,naive_cross,luh,matr,pytorch_1d_cnn,100,1011,matr,matr_b3c42,1587.0,1614.9999523405163
luh_to_matr,naive_cross,luh,matr,pytorch_1d_cnn,100,1011,matr,matr_b3c43,1018.0,1614.9999523405163
luh_to_matr,naive_cross,luh,matr,pytorch_1d_cnn,100,1011,matr,matr_b3c44,921.0,1614.9999523405163
luh_to_matr,naive_cross,luh,matr,pytorch_1d_cnn,100,1011,matr,matr_b3c45,1735.0,1614.9999523405163
luh_to_matr,naive_cross,luh,matr,pytorch_1d_cnn,100,1011,matr,matr_b3c5,815.0,1614.9999523405163
luh_to_matr,naive_cross,luh,matr,pytorch_1d_cnn,100,1011,matr,matr_b3c6,630.0,1614.9999523405163
luh_to_matr,naive_cross,luh,matr,pytorch_1d_cnn,100,1011,matr,matr_b3c7,1774.0,1614.9999523405163
luh_to_matr,naive_cross,luh,matr,pytorch_1d_cnn,100,1011,matr,matr_b3c8,810.0,1614.9999523405163
luh_to_matr,naive_cross,luh,matr,pytorch_1d_cnn,100,1011,matr,matr_b3c9,1010.0,1614.9999523405163
luh_to_matr,naive_cross,luh,matr,pytorch_1d_cnn,100,123,matr,matr_b1c0,1717.0,1614.9999523405163
luh_to_matr,naive_cross,luh,matr,pytorch_1d_cnn,100,123,matr,matr_b1c1,2066.0,1614.9999523405163
luh_to_matr,naive_cross,luh,matr,pytorch_1d_cnn,100,123,matr,matr_b1c11,771.0,1614.9999523405163
luh_to_matr,naive_cross,luh,matr,pytorch_1d_cnn,100,123,matr,matr_b1c12,897.0,1614.9999523405163
luh_to_matr,naive_cross,luh,matr,pytorch_1d_cnn,100,123,matr,matr_b1c14,845.0,1614.9999523405163
luh_to_matr,naive_cross,luh,matr,pytorch_1d_cnn,100,123,matr,matr_b1c15,699.0,1614.9999523405163
luh_to_matr,naive_cross,luh,matr,pytorch_1d_cnn,100,123,matr,matr_b1c16,824.0,1614.9999523405163
luh_to_matr,naive_cross,luh,matr,pytorch_1d_cnn,100,123,matr,matr_b1c17,825.0,1614.9999523405163
luh_to_matr,naive_cross,luh,matr,pytorch_1d_cnn,100,123,matr,matr_b1c18,665.0,1614.9999523405163
luh_to_matr,naive_cross,luh,matr,pytorch_1d_cnn,100,123,matr,matr_b1c19,740.0,1614.9999523405163
luh_to_matr,naive_cross,luh,matr,pytorch_1d_cnn,100,123,matr,matr_b1c2,1487.0,1614.9999523405163
luh_to_matr,naive_cross,luh,matr,pytorch_1d_cnn,100,123,matr,matr_b1c20,504.0,1614.9999523405163
luh_to_matr,naive_cross,luh,matr,pytorch_1d_cnn,100,123,matr,matr_b1c21,535.0,1614.9999523405163
luh_to_matr,naive_cross,luh,matr,pytorch_1d_cnn,100,123,matr,matr_b1c23,974.0,1614.9999523405163
luh_to_matr,naive_cross,luh,matr,pytorch_1d_cnn,100,123,matr,matr_b1c24,979.0,1614.9999523405163
luh_to_matr,naive_cross,luh,matr,pytorch_1d_cnn,100,123,matr,matr_b1c25,817.0,1614.9999523405163
luh_to_matr,naive_cross,luh,matr,pytorch_1d_cnn,100,123,matr,matr_b1c26,826.0,1614.9999523405163
luh_to_matr,naive_cross,luh,matr,pytorch_1d_cnn,100,123,matr,matr_b1c27,809.0,1614.9999523405163
luh_to_matr,naive_cross,luh,matr,pytorch_1d_cnn,100,123,matr,matr_b1c28,815.0,1614.9999523405163
luh_to_matr,naive_cross,luh,matr,pytorch_1d_cnn,100,123,matr,matr_b1c29,872.0,1614.9999523405163
luh_to_matr,naive_cross,luh,matr,pytorch_1d_cnn,100,123,matr,matr_b1c3,1344.0,1614.9999523405163
luh_to_matr,naive_cross,luh,matr,pytorch_1d_cnn,100,123,matr,matr_b1c30,679.0,1614.9999523405163
luh_to_matr,naive_cross,luh,matr,pytorch_1d_cnn,100,123,matr,matr_b1c31,827.0,1614.9999523405163
luh_to_matr,naive_cross,luh,matr,pytorch_1d_cnn,100,123,matr,matr_b1c32,694.0,1614.9999523405163
luh_to_matr,naive_cross,luh,matr,pytorch_1d_cnn,100,123,matr,matr_b1c33,708.0,1614.9999523405163
luh_to_matr,naive_cross,luh,matr,pytorch_1d_cnn,100,123,matr,matr_b1c34,714.0,1614.9999523405163
luh_to_matr,naive_cross,luh,matr,pytorch_1d_cnn,100,123,matr,matr_b1c35,676.0,1614.9999523405163
luh_to_matr,naive_cross,luh,matr,pytorch_1d_cnn,100,123,matr,matr_b1c36,670.0,1614.9999523405163
luh_to_matr,naive_cross,luh,matr,pytorch_1d_cnn,100,123,matr,matr_b1c37,622.0,1614.9999523405163
luh_to_matr,naive_cross,luh,matr,pytorch_1d_cnn,100,123,matr,matr_b1c38,592.0,1614.9999523405163
luh_to_matr,naive_cross,luh,matr,pytorch_1d_cnn,100,123,matr,matr_b1c39,592.0,1614.9999523405163
luh_to_matr,naive_cross,luh,matr,pytorch_1d_cnn,100,123,matr,matr_b1c4,1618.0,1614.9999523405163
luh_to_matr,naive_cross,luh,matr,pytorch_1d_cnn,100,123,matr,matr_b1c40,919.0,1614.9999523405163
luh_to_matr,naive_cross,luh,matr,pytorch_1d_cnn,100,123,matr,matr_b1c41,1005.0,1614.9999523405163
luh_to_matr,naive_cross,luh,matr,pytorch_1d_cnn,100,123,matr,matr_b1c42,661.0,1614.9999523405163
luh_to_matr,naive_cross,luh,matr,pytorch_1d_cnn,100,123,matr,matr_b1c43,626.0,1614.9999523405163
luh_to_matr,naive_cross,luh,matr,pytorch_1d_cnn,100,123,matr,matr_b1c44,575.0,1614.9999523405163
luh_to_matr,naive_cross,luh,matr,pytorch_1d_cnn,100,123,matr,matr_b1c45,563.0,1614.9999523405163
luh_to_matr,naive_cross,luh,matr,pytorch_1d_cnn,100,123,matr,matr_b1c5,909.0,1614.9999523405163
luh_to_matr,naive_cross,luh,matr,pytorch_1d_cnn,100,123,matr,matr_b1c6,613.0,1614.9999523405163
luh_to_matr,naive_cross,luh,matr,pytorch_1d_cnn,100,123,matr,matr_b1c7,818.0,1614.9999523405163
luh_to_matr,naive_cross,luh,matr,pytorch_1d_cnn,100,123,matr,matr_b1c9,1012.0,1614.9999523405163
luh_to_matr,naive_cross,luh,matr,pytorch_1d_cnn,100,123,matr,matr_b2c0,278.0,1212.6519768209698
luh_to_matr,naive_cross,luh,matr,pytorch_1d_cnn,100,123,matr,matr_b2c1,133.0,284.907741236736
luh_to_matr,naive_cross,luh,matr,pytorch_1d_cnn,100,123,matr,matr_b2c10,251.0,1614.9999523405163
luh_to_matr,naive_cross,luh,matr,pytorch_1d_cnn,100,123,matr,matr_b2c11,250.0,1614.9999523405163
luh_to_matr,naive_cross,luh,matr,pytorch_1d_cnn,100,123,matr,matr_b2c12,435.0,1614.9999523405163
luh_to_matr,naive_cross,luh,matr,pytorch_1d_cnn,100,123,matr,matr_b2c13,454.0,1614.9999523405163
luh_to_matr,naive_cross,luh,matr,pytorch_1d_cnn,100,123,matr,matr_b2c14,466.0,1614.9999523405163
luh_to_matr,naive_cross,luh,matr,pytorch_1d_cnn,100,123,matr,matr_b2c17,476.0,1614.9999523405163
luh_to_matr,naive_cross,luh,matr,pytorch_1d_cnn,100,123,matr,matr_b2c18,468.0,1614.9999523405163
luh_to_matr,naive_cross,luh,matr,pytorch_1d_cnn,100,123,matr,matr_b2c19,455.0,1614.9999523405163
luh_to_matr,naive_cross,luh,matr,pytorch_1d_cnn,100,123,matr,matr_b2c2,422.0,1614.9999523405163
luh_to_matr,naive_cross,luh,matr,pytorch_1d_cnn,100,123,matr,matr_b2c20,475.0,1614.9999523405163
luh_to_matr,naive_cross,luh,matr,pytorch_1d_cnn,100,123,matr,matr_b2c21,468.0,1614.9999523405163
luh_to_matr,naive_cross,luh,matr,pytorch_1d_cnn,100,123,matr,matr_b2c22,490.0,1614.9999523405163
luh_to_matr,naive_cross,luh,matr,pytorch_1d_cnn,100,123,matr,matr_b2c23,502.0,1614.9999523405163
luh_to_matr,naive_cross,luh,matr,pytorch_1d_cnn,100,123,matr,matr_b2c24,478.0,1614.9999523405163
luh_to_matr,naive_cross,luh,matr,pytorch_1d_cnn,100,123,matr,matr_b2c25,446.0,1614.9999523405163
luh_to_matr,naive_cross,luh,matr,pytorch_1d_cnn,100,123,matr,matr_b2c26,450.0,1614.9999523405163
luh_to_matr,naive_cross,luh,matr,pytorch_1d_cnn,100,123,matr,matr_b2c27,453.0,1614.9999523405163
luh_to_matr,naive_cross,luh,matr,pytorch_1d_cnn,100,123,matr,matr_b2c28,491.0,1614.9999523405163
luh_to_matr,naive_cross,luh,matr,pytorch_1d_cnn,100,123,matr,matr_b2c29,481.0,1614.9999523405163
luh_to_matr,naive_cross,luh,matr,pytorch_1d_cnn,100,123,matr,matr_b2c3,314.0,1614.9999523405163
luh_to_matr,naive_cross,luh,matr,pytorch_1d_cnn,100,123,matr,matr_b2c30,466.0,1614.9999523405163
luh_to_matr,naive_cross,luh,matr,pytorch_1d_cnn,100,123,matr,matr_b2c31,474.0,1614.9999523405163
luh_to_matr,naive_cross,luh,matr,pytorch_1d_cnn,100,123,matr,matr_b2c32,500.0,1614.9999523405163
luh_to_matr,naive_cross,luh,matr,pytorch_1d_cnn,100,123,matr,matr_b2c33,499.0,1614.9999523405163
luh_to_matr,naive_cross,luh,matr,pytorch_1d_cnn,100,123,matr,matr_b2c34,483.0,1614.9999523405163
luh_to_matr,naive_cross,luh,matr,pytorch_1d_cnn,100,123,matr,matr_b2c35,449.0,1614.9999523405163
luh_to_matr,naive_cross,luh,matr,pytorch_1d_cnn,100,123,matr,matr_b2c36,513.0,1614.9999523405163
luh_to_matr,naive_cross,luh,matr,pytorch_1d_cnn,100,123,matr,matr_b2c37,461.0,1614.9999523405163
luh_to_matr,naive_cross,luh,matr,pytorch_1d_cnn,100,123,matr,matr_b2c38,451.0,1614.9999523405163
luh_to_matr,naive_cross,luh,matr,pytorch_1d_cnn,100,123,matr,matr_b2c39,442.0,1614.9999523405163
luh_to_matr,naive_cross,luh,matr,pytorch_1d_cnn,100,123,matr,matr_b2c4,247.0,1614.9999523405163
luh_to_matr,naive_cross,luh,matr,pytorch_1d_cnn,100,123,matr,matr_b2c40,476.0,1614.9999523405163
luh_to_matr,naive_cross,luh,matr,pytorch_1d_cnn,100,123,matr,matr_b2c41,416.0,1614.9999523405163
luh_to_matr,naive_cross,luh,matr,pytorch_1d_cnn,100,123,matr,matr_b2c42,444.0,1614.9999523405163
luh_to_matr,naive_cross,luh,matr,pytorch_1d_cnn,100,123,matr,matr_b2c43,443.0,1614.9999523405163
luh_to_matr,naive_cross,luh,matr,pytorch_1d_cnn,100,123,matr,matr_b2c44,442.0,1614.9999523405163
luh_to_matr,naive_cross,luh,matr,pytorch_1d_cnn,100,123,matr,matr_b2c45,470.0,1614.9999523405163
luh_to_matr,naive_cross,luh,matr,pytorch_1d_cnn,100,123,matr,matr_b2c46,417.0,1614.9999523405163
luh_to_matr,naive_cross,luh,matr,pytorch_1d_cnn,100,123,matr,matr_b2c47,705.0,1614.9999523405163
luh_to_matr,naive_cross,luh,matr,pytorch_1d_cnn,100,123,matr,matr_b2c5,464.0,1614.9999523405163
luh_to_matr,naive_cross,luh,matr,pytorch_1d_cnn,100,123,matr,matr_b2c6,475.0,1614.9999523405163
luh_to_matr,naive_cross,luh,matr,pytorch_1d_cnn,100,123,matr,matr_b3c0,985.0,1614.9999523405163
luh_to_matr,naive_cross,luh,matr,pytorch_1d_cnn,100,123,matr,matr_b3c1,1033.0,1614.9999523405163
luh_to_matr,naive_cross,luh,matr,pytorch_1d_cnn,100,123,matr,matr_b3c10,1046.0,1614.9999523405163
luh_to_matr,naive_cross,luh,matr,pytorch_1d_cnn,100,123,matr,matr_b3c11,792.0,1614.9999523405163
luh_to_matr,naive_cross,luh,matr,pytorch_1d_cnn,100,123,matr,matr_b3c12,903.0,1614.9999523405163
luh_to_matr,naive_cross,luh,matr,pytorch_1d_cnn,100,123,matr,matr_b3c13,794.0,1614.9999523405163
luh_to_matr,naive_cross,luh,matr,pytorch_1d_cnn,100,123,matr,matr_b3c14,834.0,1614.9999523405163
luh_to_matr,naive_cross,luh,matr,pytorch_1d_cnn,100,123,matr,matr_b3c15,850.0,1614.9999523405163
luh_to_matr,naive_cross,luh,matr,pytorch_1d_cnn,100,123,matr,matr_b3c16,1589.0,1614.9999523405163
luh_to_matr,naive_cross,luh,matr,pytorch_1d_cnn,100,123,matr,matr_b3c17,1269.0,1614.9999523405163
luh_to_matr,naive_cross,luh,matr,pytorch_1d_cnn,100,123,matr,matr_b3c18,1100.0,1614.9999523405163
luh_to_matr,naive_cross,luh,matr,pytorch_1d_cnn,100,123,matr,matr_b3c19,1105.0,1614.9999523405163
luh_to_matr,naive_cross,luh,matr,pytorch_1d_cnn,100,123,matr,matr_b3c2,1224.0,1614.9999523405163
luh_to_matr,naive_cross,luh,matr,pytorch_1d_cnn,100,123,matr,matr_b3c20,793.0,1614.9999523405163
luh_to_matr,naive_cross,luh,matr,pytorch_1d_cnn,100,123,matr,matr_b3c21,745.0,1614.9999523405163
luh_to_matr,naive_cross,luh,matr,pytorch_1d_cnn,100,123,matr,matr_b3c22,991.0,1614.9999523405163
luh_to_matr,naive_cross,luh,matr,pytorch_1d_cnn,100,123,matr,matr_b3c24,817.0,1614.9999523405163
luh_to_matr,naive_cross,luh,matr,pytorch_1d_cnn,100,123,matr,matr_b3c25,970.0,1614.9999523405163
luh_to_matr,naive_cross,luh,matr,pytorch_1d_cnn,100,123,matr,matr_b3c26,989.0,1614.9999523405163
luh_to_matr,naive_cross,luh,matr,pytorch_1d_cnn,100,123,matr,matr_b3c27,828.0,1614.9999523405163
luh_to_matr,naive_cross,luh,matr,pytorch_1d_cnn,100,123,matr,matr_b3c28,524.0,1614.9999523405163
luh_to_matr,naive_cross,luh,matr,pytorch_1d_cnn,100,123,matr,matr_b3c29,833.0,1614.9999523405163
luh_to_matr,naive_cross,luh,matr,pytorch_1d_cnn,100,123,matr,matr_b3c3,1084.0,1614.9999523405163
luh_to_matr,naive_cross,luh,matr,pytorch_1d_cnn,100,123,matr,matr_b3c30,913.0,1614.9999523405163
luh_to_matr,naive_cross,luh,matr,pytorch_1d_cnn,100,123,matr,matr_b3c31,713.0,1614.9999523405163
luh_to_matr,naive_cross,luh,matr,pytorch_1d_cnn,100,123,matr,matr_b3c33,1257.0,1614.9999523405163
luh_to_matr,naive_cross,luh,matr,pytorch_1d_cnn,100,123,matr,matr_b3c34,1125.0,1614.9999523405163
luh_to_matr,naive_cross,luh,matr,pytorch_1d_cnn,100,123,matr,matr_b3c35,1056.0,1614.9999523405163
luh_to_matr,naive_cross,luh,matr,pytorch_1d_cnn,100,123,matr,matr_b3c36,910.0,1614.9999523405163
luh_to_matr,naive_cross,luh,matr,pytorch_1d_cnn,100,123,matr,matr_b3c37,1376.0,1614.9999523405163
luh_to_matr,naive_cross,luh,matr,pytorch_1d_cnn,100,123,matr,matr_b3c38,1873.0,1614.9999523405163
luh_to_matr,naive_cross,luh,matr,pytorch_1d_cnn,100,123,matr,matr_b3c39,1146.0,1614.9999523405163
luh_to_matr,naive_cross,luh,matr,pytorch_1d_cnn,100,123,matr,matr_b3c4,1006.0,1614.9999523405163
luh_to_matr,naive_cross,luh,matr,pytorch_1d_cnn,100,123,matr,matr_b3c40,779.0,1614.9999523405163
luh_to_matr,naive_cross,luh,matr,pytorch_1d_cnn,100,123,matr,matr_b3c41,773.0,1614.9999523405163
luh_to_matr,naive_cross,luh,matr,pytorch_1d_cnn,100,123,matr,matr_b3c42,1587.0,1614.9999523405163
luh_to_matr,naive_cross,luh,matr,pytorch_1d_cnn,100,123,matr,matr_b3c43,1018.0,1614.9999523405163
luh_to_matr,naive_cross,luh,matr,pytorch_1d_cnn,100,123,matr,matr_b3c44,921.0,1614.9999523405163
luh_to_matr,naive_cross,luh,matr,pytorch_1d_cnn,100,123,matr,matr_b3c45,1735.0,1614.9999523405163
luh_to_matr,naive_cross,luh,matr,pytorch_1d_cnn,100,123,matr,matr_b3c5,815.0,1614.9999523405163
luh_to_matr,naive_cross,luh,matr,pytorch_1d_cnn,100,123,matr,matr_b3c6,630.0,1614.9999523405163
luh_to_matr,naive_cross,luh,matr,pytorch_1d_cnn,100,123,matr,matr_b3c7,1774.0,1614.9999523405163
luh_to_matr,naive_cross,luh,matr,pytorch_1d_cnn,100,123,matr,matr_b3c8,810.0,1614.9999523405163
luh_to_matr,naive_cross,luh,matr,pytorch_1d_cnn,100,123,matr,matr_b3c9,1010.0,1614.9999523405163
luh_to_matr,naive_cross,luh,matr,pytorch_1d_cnn,100,42,matr,matr_b1c0,1717.0,1614.9999523405163
luh_to_matr,naive_cross,luh,matr,pytorch_1d_cnn,100,42,matr,matr_b1c1,2066.0,1614.9999523405163
luh_to_matr,naive_cross,luh,matr,pytorch_1d_cnn,100,42,matr,matr_b1c11,771.0,1614.9999523405163
luh_to_matr,naive_cross,luh,matr,pytorch_1d_cnn,100,42,matr,matr_b1c12,897.0,1559.7972663623977
luh_to_matr,naive_cross,luh,matr,pytorch_1d_cnn,100,42,matr,matr_b1c14,845.0,1614.9999523405163
luh_to_matr,naive_cross,luh,matr,pytorch_1d_cnn,100,42,matr,matr_b1c15,699.0,1614.9999523405163
luh_to_matr,naive_cross,luh,matr,pytorch_1d_cnn,100,42,matr,matr_b1c16,824.0,1614.9999523405163
luh_to_matr,naive_cross,luh,matr,pytorch_1d_cnn,100,42,matr,matr_b1c17,825.0,1574.2603066543238
luh_to_matr,naive_cross,luh,matr,pytorch_1d_cnn,100,42,matr,matr_b1c18,665.0,1614.9999523405163
luh_to_matr,naive_cross,luh,matr,pytorch_1d_cnn,100,42,matr,matr_b1c19,740.0,1519.3927343707944
luh_to_matr,naive_cross,luh,matr,pytorch_1d_cnn,100,42,matr,matr_b1c2,1487.0,1614.9999523405163
luh_to_matr,naive_cross,luh,matr,pytorch_1d_cnn,100,42,matr,matr_b1c20,504.0,1403.521710274228
luh_to_matr,naive_cross,luh,matr,pytorch_1d_cnn,100,42,matr,matr_b1c21,535.0,1467.8877231155113
luh_to_matr,naive_cross,luh,matr,pytorch_1d_cnn,100,42,matr,matr_b1c23,974.0,1511.7395878459183
luh_to_matr,naive_cross,luh,matr,pytorch_1d_cnn,100,42,matr,matr_b1c24,979.0,1516.6406697038724
luh_to_matr,naive_cross,luh,matr,pytorch_1d_cnn,100,42,matr,matr_b1c25,817.0,1501.6841122377966
luh_to_matr,naive_cross,luh,matr,pytorch_1d_cnn,100,42,matr,matr_b1c26,826.0,1509.4490104576898
luh_to_matr,naive_cross,luh,matr,pytorch_1d_cnn,100,42,matr,matr_b1c27,809.0,1505.3863961588313
luh_to_matr,naive_cross,luh,matr,pytorch_1d_cnn,100,42,matr,matr_b1c28,815.0,1503.7614020953315
luh_to_matr,naive_cross,luh,matr,pytorch_1d_cnn,100,42,matr,matr_b1c29,872.0,1519.2000288172808
luh_to_matr,naive_cross,luh,matr,pytorch_1d_cnn,100,42,matr,matr_b1c3,1344.0,1614.9999523405163
luh_to_matr,naive_cross,luh,matr,pytorch_1d_cnn,100,42,matr,matr_b1c30,679.0,1513.4785653172514
luh_to_matr,naive_cross,luh,matr,pytorch_1d_cnn,100,42,matr,matr_b1c31,827.0,1511.7266125366402
luh_to_matr,naive_cross,luh,matr,pytorch_1d_cnn,100,42,matr,matr_b1c32,694.0,1509.5807325366372
luh_to_matr,naive_cross,luh,matr,pytorch_1d_cnn,100,42,matr,matr_b1c33,708.0,1546.4401627855934
luh_to_matr,naive_cross,luh,matr,pytorch_1d_cnn,100,42,matr,matr_b1c34,714.0,1490.0973851748602
luh_to_matr,naive_cross,luh,matr,pytorch_1d_cnn,100,42,matr,matr_b1c35,676.0,1529.734549940831
luh_to_matr,naive_cross,luh,matr,pytorch_1d_cnn,100,42,matr,matr_b1c36,670.0,1541.2487504086803
luh_to_matr,naive_cross,luh,matr,pytorch_1d_cnn,100,42,matr,matr_b1c37,622.0,1519.6948821244869
luh_to_matr,naive_cross,luh,matr,pytorch_1d_cnn,100,42,matr,matr_b1c38,592.0,1500.6375991180437
luh_to_matr,naive_cross,luh,matr,pytorch_1d_cnn,100,42,matr,matr_b1c39,592.0,1558.3572503622433
luh_to_matr,naive_cross,luh,matr,pytorch_1d_cnn,100,42,matr,matr_b1c4,1618.0,1583.0555640345099
luh_to_matr,naive_cross,luh,matr,pytorch_1d_cnn,100,42,matr,matr_b1c40,919.0,1550.7718072182524
luh_to_matr,naive_cross,luh,matr,pytorch_1d_cnn,100,42,matr,matr_b1c41,1005.0,1566.3106276623923
luh_to_matr,naive_cross,luh,matr,pytorch_1d_cnn,100,42,matr,matr_b1c42,661.0,1555.599883759009
luh_to_matr,naive_cross,luh,matr,pytorch_1d_cnn,100,42,matr,matr_b1c43,626.0,1500.6039681857942
luh_to_matr,naive_cross,luh,matr,pytorch_1d_cnn,100,42,matr,matr_b1c44,575.0,1507.097943392586
luh_to_matr,naive_cross,luh,matr,pytorch_1d_cnn,100,42,matr,matr_b1c45,563.0,1532.9532777617449
luh_to_matr,naive_cross,luh,matr,pytorch_1d_cnn,100,42,matr,matr_b1c5,909.0,1614.9999523405163
luh_to_matr,naive_cross,luh,matr,pytorch_1d_cnn,100,42,matr,matr_b1c6,613.0,1614.9999523405163
luh_to_matr,naive_cross,luh,matr,pytorch_1d_cnn,100,42,matr,matr_b1c7,818.0,1560.6736727148177
luh_to_matr,naive_cross,luh,matr,pytorch_1d_cnn,100,42,matr,matr_b1c9,1012.0,1574.5606016161314
luh_to_matr,naive_cross,luh,matr,pytorch_1d_cnn,100,42,matr,matr_b2c0,278.0,1614.9999523405163
luh_to_matr,naive_cross,luh,matr,pytorch_1d_cnn,100,42,matr,matr_b2c1,133.0,407.1598328983661
luh_to_matr,naive_cross,luh,matr,pytorch_1d_cnn,100,42,matr,matr_b2c10,251.0,1541.4861493598905
luh_to_matr,naive_cross,luh,matr,pytorch_1d_cnn,100,42,matr,matr_b2c11,250.0,1518.6430588627306
luh_to_matr,naive_cross,luh,matr,pytorch_1d_cnn,100,42,matr,matr_b2c12,435.0,1402.7328847431309
luh_to_matr,naive_cross,luh,matr,pytorch_1d_cnn,100,42,matr,matr_b2c13,454.0,1404.5098728980327
luh_to_matr,naive_cross,luh,matr,pytorch_1d_cnn,100,42,matr,matr_b2c14,466.0,1546.241077565795
luh_to_matr,naive_cross,luh,matr,pytorch_1d_cnn,100,42,matr,matr_b2c17,476.0,1614.9999523405163
luh_to_matr,naive_cross,luh,matr,pytorch_1d_cnn,100,42,matr,matr_b2c18,468.0,1484.993146078827
luh_to_matr,naive_cross,luh,matr,pytorch_1d_cnn,100,42,matr,matr_b2c19,455.0,1289.6197665308482
luh_to_matr,naive_cross,luh,matr,pytorch_1d_cnn,100,42,matr,matr_b2c2,422.0,1602.6848597589988
luh_to_matr,naive_cross,luh,matr,pytorch_1d_cnn,100,42,matr,matr_b2c20,475.0,1589.8244791046948
luh_to_matr,naive_cross,luh,matr,pytorch_1d_cnn,100,42,matr,matr_b2c21,468.0,1567.1735060047595
luh_to_matr,naive_cross,luh,matr,pytorch_1d_cnn,100,42,matr,matr_b2c22,490.0,1575.0644750617428
luh_to_matr,naive_cross,luh,matr,pytorch_1d_cnn,100,42,matr,matr_b2c23,502.0,1484.5308288171457
luh_to_matr,naive_cross,luh,matr,pytorch_1d_cnn,100,42,matr,matr_b2c24,478.0,1588.3143286322659
luh_to_matr,naive_cross,luh,matr,pytorch_1d_cnn,100,42,matr,matr_b2c25,446.0,1544.8680879120716
luh_to_matr,naive_cross,luh,matr,pytorch_1d_cnn,100,42,matr,matr_b2c26,450.0,1614.9999523405163
luh_to_matr,naive_cross,luh,matr,pytorch_1d_cnn,100,42,matr,matr_b2c27,453.0,1614.9999523405163
luh_to_matr,naive_cross,luh,matr,pytorch_1d_cnn,100,42,matr,matr_b2c28,491.0,1614.9999523405163
luh_to_matr,naive_cross,luh,matr,pytorch_1d_cnn,100,42,matr,matr_b2c29,481.0,1582.2925847853949
luh_to_matr,naive_cross,luh,matr,pytorch_1d_cnn,100,42,matr,matr_b2c3,314.0,1288.9742425886125
luh_to_matr,naive_cross,luh,matr,pytorch_1d_cnn,100,42,matr,matr_b2c30,466.0,1587.37774154251
luh_to_matr,naive_cross,luh,matr,pytorch_1d_cnn,100,42,matr,matr_b2c31,474.0,1614.9999523405163
luh_to_matr,naive_cross,luh,matr,pytorch_1d_cnn,100,42,matr,matr_b2c32,500.0,1614.9999523405163
luh_to_matr,naive_cross,luh,matr,pytorch_1d_cnn,100,42,matr,matr_b2c33,499.0,1614.9999523405163
luh_to_matr,naive_cross,luh,matr,pytorch_1d_cnn,100,42,matr,matr_b2c34,483.0,1614.9999523405163
luh_to_matr,naive_cross,luh,matr,pytorch_1d_cnn,100,42,matr,matr_b2c35,449.0,1614.9999523405163
luh_to_matr,naive_cross,luh,matr,pytorch_1d_cnn,100,42,matr,matr_b2c36,513.0,1614.9999523405163
luh_to_matr,naive_cross,luh,matr,pytorch_1d_cnn,100,42,matr,matr_b2c37,461.0,1567.0419890887677
luh_to_matr,naive_cross,luh,matr,pytorch_1d_cnn,100,42,matr,matr_b2c38,451.0,1614.9999523405163
luh_to_matr,naive_cross,luh,matr,pytorch_1d_cnn,100,42,matr,matr_b2c39,442.0,1614.9999523405163
luh_to_matr,naive_cross,luh,matr,pytorch_1d_cnn,100,42,matr,matr_b2c4,247.0,1396.4315613163799
luh_to_matr,naive_cross,luh,matr,pytorch_1d_cnn,100,42,matr,matr_b2c40,476.0,1614.9999523405163
luh_to_matr,naive_cross,luh,matr,pytorch_1d_cnn,100,42,matr,matr_b2c41,416.0,1614.9999523405163
luh_to_matr,naive_cross,luh,matr,pytorch_1d_cnn,100,42,matr,matr_b2c42,444.0,1584.589426738173
luh_to_matr,naive_cross,luh,matr,pytorch_1d_cnn,100,42,matr,matr_b2c43,443.0,1614.9999523405163
luh_to_matr,naive_cross,luh,matr,pytorch_1d_cnn,100,42,matr,matr_b2c44,442.0,1582.7966683242137
luh_to_matr,naive_cross,luh,matr,pytorch_1d_cnn,100,42,matr,matr_b2c45,470.0,1553.4406140651552
luh_to_matr,naive_cross,luh,matr,pytorch_1d_cnn,100,42,matr,matr_b2c46,417.0,1614.9999523405163
luh_to_matr,naive_cross,luh,matr,pytorch_1d_cnn,100,42,matr,matr_b2c47,705.0,1614.9999523405163
luh_to_matr,naive_cross,luh,matr,pytorch_1d_cnn,100,42,matr,matr_b2c5,464.0,1529.2583035082491
luh_to_matr,naive_cross,luh,matr,pytorch_1d_cnn,100,42,matr,matr_b2c6,475.0,1413.2978920465644
luh_to_matr,naive_cross,luh,matr,pytorch_1d_cnn,100,42,matr,matr_b3c0,985.0,1488.975874560727
luh_to_matr,naive_cross,luh,matr,pytorch_1d_cnn,100,42,matr,matr_b3c1,1033.0,1516.7607240993354
luh_to_matr,naive_cross,luh,matr,pytorch_1d_cnn,100,42,matr,matr_b3c10,1046.0,1464.3879850838393
luh_to_matr,naive_cross,luh,matr,pytorch_1d_cnn,100,42,matr,matr_b3c11,792.0,1468.07742003607
luh_to_matr,naive_cross,luh,matr,pytorch_1d_cnn,100,42,matr,matr_b3c12,903.0,1453.0717062253457
luh_to_matr,naive_cross,luh,matr,pytorch_1d_cnn,100,42,matr,matr_b3c13,794.0,1517.2880634490466
luh_to_matr,naive_cross,luh,matr,pytorch_1d_cnn,100,42,matr,matr_b3c14,834.0,1563.3535564842175
luh_to_matr,naive_cross,luh,matr,pytorch_1d_cnn,100,42,matr,matr_b3c15,850.0,1481.393994288775
luh_to_matr,naive_cross,luh,matr,pytorch_1d_cnn,100,42,matr,matr_b3c16,1589.0,1481.158787190253
luh_to_matr,naive_cross,luh,matr,pytorch_1d_cnn,100,42,matr,matr_b3c17,1269.0,1614.9999523405163
luh_to_matr,naive_cross,luh,matr,pytorch_1d_cnn,100,42,matr,matr_b3c18,1100.0,1409.549177376927
luh_to_matr,naive_cross,luh,matr,pytorch_1d_cnn,100,42,matr,matr_b3c19,1105.0,1399.781572253496
luh_to_matr,naive_cross,luh,matr,pytorch_1d_cnn,100,42,matr,matr_b3c2,1224.0,1450.531065524817
luh_to_matr,naive_cross,luh,matr,pytorch_1d_cnn,100,42,matr,matr_b3c20,793.0,1455.1997072894535
luh_to_matr,naive_cross,luh,matr,pytorch_1d_cnn,100,42,matr,matr_b3c21,745.0,1249.777847152812
luh_to_matr,naive_cross,luh,matr,pytorch_1d_cnn,100,42,matr,matr_b3c22,991.0,1456.0652495329803
luh_to_matr,naive_cross,luh,matr,pytorch_1d_cnn,100,42,matr,matr_b3c24,817.0,1580.4783085825313
luh_to_matr,naive_cross,luh,matr,pytorch_1d_cnn,100,42,matr,matr_b3c25,970.0,1533.2720134142244
luh_to_matr,naive_cross,luh,matr,pytorch_1d_cnn,100,42,matr,matr_b3c26,989.0,1529.3764396348013
luh_to_matr,naive_cross,luh,matr,pytorch_1d_cnn,100,42,matr,matr_b3c27,828.0,1528.5715445922335
luh_to_matr,naive_cross,luh,matr,pytorch_1d_cnn,100,42,matr,matr_b3c28,524.0,1202.9706568552112
luh_to_matr,naive_cross,luh,matr,pytorch_1d_cnn,100,42,matr,matr_b3c29,833.0,1556.0123613472203
luh_to_matr,naive_cross,luh,matr,pytorch_1d_cnn,100,42,matr,matr_b3c3,1084.0,1456.7534693894183
luh_to_matr,naive_cross,luh,matr,pytorch_1d_cnn,100,42,matr,matr_b3c30,913.0,1495.464452513544
luh_to_matr,naive_cross,luh,matr,pytorch_1d_cnn,100,42,matr,matr_b3c31,713.0,1470.1243446670767
luh_to_matr,naive_cross,luh,matr,pytorch_1d_cnn,100,42,matr,matr_b3c33,1257.0,1452.2058660626292
luh_to_matr,naive_cross,luh,matr,pytorch_1d_cnn,100,42,matr,matr_b3c34,1125.0,1466.0962621121157
luh_to_matr,naive_cross,luh,matr,pytorch_1d_cnn,100,42,matr,matr_b3c35,1056.0,1395.2142151722855
luh_to_matr,naive_cross,luh,matr,pytorch_1d_cnn,100,42,matr,matr_b3c36,910.0,1453.627501116674
luh_to_matr,naive_cross,luh,matr,pytorch_1d_cnn,100,42,matr,matr_b3c37,1376.0,1614.9999523405163
luh_to_matr,naive_cross,luh,matr,pytorch_1d_cnn,100,42,matr,matr_b3c38,1873.0,1422.1720921412077
luh_to_matr,naive_cross,luh,matr,pytorch_1d_cnn,100,42,matr,matr_b3c39,1146.0,1508.5035402385831
luh_to_matr,naive_cross,luh,matr,pytorch_1d_cnn,100,42,matr,matr_b3c4,1006.0,1447.559253730977
luh_to_matr,naive_cross,luh,matr,pytorch_1d_cnn,100,42,matr,matr_b3c40,779.0,1594.438817686422
luh_to_matr,naive_cross,luh,matr,pytorch_1d_cnn,100,42,matr,matr_b3c41,773.0,1531.9309930308746
luh_to_matr,naive_cross,luh,matr,pytorch_1d_cnn,100,42,matr,matr_b3c42,1587.0,1442.1722373499993
luh_to_matr,naive_cross,luh,matr,pytorch_1d_cnn,100,42,matr,matr_b3c43,1018.0,1468.8392544835033
luh_to_matr,naive_cross,luh,matr,pytorch_1d_cnn,100,42,matr,matr_b3c44,921.0,1529.234239860519
luh_to_matr,naive_cross,luh,matr,pytorch_1d_cnn,100,42,matr,matr_b3c45,1735.0,1420.554959474262
luh_to_matr,naive_cross,luh,matr,pytorch_1d_cnn,100,42,matr,matr_b3c5,815.0,1442.6612616549007
luh_to_matr,naive_cross,luh,matr,pytorch_1d_cnn,100,42,matr,matr_b3c6,630.0,1152.8364241284276
luh_to_matr,naive_cross,luh,matr,pytorch_1d_cnn,100,42,matr,matr_b3c7,1774.0,1503.5735469099145
luh_to_matr,naive_cross,luh,matr,pytorch_1d_cnn,100,42,matr,matr_b3c8,810.0,1506.388093999248
luh_to_matr,naive_cross,luh,matr,pytorch_1d_cnn,100,42,matr,matr_b3c9,1010.0,1525.1329192358608
luh_to_matr,naive_cross,luh,matr,pytorch_1d_cnn,100,456,matr,matr_b1c0,1717.0,1614.9999523405163
luh_to_matr,naive_cross,luh,matr,pytorch_1d_cnn,100,456,matr,matr_b1c1,2066.0,1614.9999523405163
luh_to_matr,naive_cross,luh,matr,pytorch_1d_cnn,100,456,matr,matr_b1c11,771.0,1614.9999523405163
luh_to_matr,naive_cross,luh,matr,pytorch_1d_cnn,100,456,matr,matr_b1c12,897.0,1614.9999523405163
luh_to_matr,naive_cross,luh,matr,pytorch_1d_cnn,100,456,matr,matr_b1c14,845.0,1614.9999523405163
luh_to_matr,naive_cross,luh,matr,pytorch_1d_cnn,100,456,matr,matr_b1c15,699.0,1614.9999523405163
luh_to_matr,naive_cross,luh,matr,pytorch_1d_cnn,100,456,matr,matr_b1c16,824.0,1614.9999523405163
luh_to_matr,naive_cross,luh,matr,pytorch_1d_cnn,100,456,matr,matr_b1c17,825.0,1614.9999523405163
luh_to_matr,naive_cross,luh,matr,pytorch_1d_cnn,100,456,matr,matr_b1c18,665.0,1614.9999523405163
luh_to_matr,naive_cross,luh,matr,pytorch_1d_cnn,100,456,matr,matr_b1c19,740.0,1614.9999523405163
luh_to_matr,naive_cross,luh,matr,pytorch_1d_cnn,100,456,matr,matr_b1c2,1487.0,1614.9999523405163
luh_to_matr,naive_cross,luh,matr,pytorch_1d_cnn,100,456,matr,matr_b1c20,504.0,1614.9999523405163
luh_to_matr,naive_cross,luh,matr,pytorch_1d_cnn,100,456,matr,matr_b1c21,535.0,1614.9999523405163
luh_to_matr,naive_cross,luh,matr,pytorch_1d_cnn,100,456,matr,matr_b1c23,974.0,1614.9999523405163
luh_to_matr,naive_cross,luh,matr,pytorch_1d_cnn,100,456,matr,matr_b1c24,979.0,1614.9999523405163
luh_to_matr,naive_cross,luh,matr,pytorch_1d_cnn,100,456,matr,matr_b1c25,817.0,1584.0077283724784
luh_to_matr,naive_cross,luh,matr,pytorch_1d_cnn,100,456,matr,matr_b1c26,826.0,1614.9999523405163
luh_to_matr,naive_cross,luh,matr,pytorch_1d_cnn,100,456,matr,matr_b1c27,809.0,1614.9999523405163
luh_to_matr,naive_cross,luh,matr,pytorch_1d_cnn,100,456,matr,matr_b1c28,815.0,1614.9999523405163
luh_to_matr,naive_cross,luh,matr,pytorch_1d_cnn,100,456,matr,matr_b1c29,872.0,1614.9999523405163
luh_to_matr,naive_cross,luh,matr,pytorch_1d_cnn,100,456,matr,matr_b1c3,1344.0,1614.9999523405163
luh_to_matr,naive_cross,luh,matr,pytorch_1d_cnn,100,456,matr,matr_b1c30,679.0,1614.9999523405163
luh_to_matr,naive_cross,luh,matr,pytorch_1d_cnn,100,456,matr,matr_b1c31,827.0,1614.9999523405163
luh_to_matr,naive_cross,luh,matr,pytorch_1d_cnn,100,456,matr,matr_b1c32,694.0,1614.9999523405163
luh_to_matr,naive_cross,luh,matr,pytorch_1d_cnn,100,456,matr,matr_b1c33,708.0,1614.9999523405163
luh_to_matr,naive_cross,luh,matr,pytorch_1d_cnn,100,456,matr,matr_b1c34,714.0,1614.9999523405163
luh_to_matr,naive_cross,luh,matr,pytorch_1d_cnn,100,456,matr,matr_b1c35,676.0,1614.9999523405163
luh_to_matr,naive_cross,luh,matr,pytorch_1d_cnn,100,456,matr,matr_b1c36,670.0,1614.9999523405163
luh_to_matr,naive_cross,luh,matr,pytorch_1d_cnn,100,456,matr,matr_b1c37,622.0,1614.9999523405163
luh_to_matr,naive_cross,luh,matr,pytorch_1d_cnn,100,456,matr,matr_b1c38,592.0,1614.9999523405163
luh_to_matr,naive_cross,luh,matr,pytorch_1d_cnn,100,456,matr,matr_b1c39,592.0,1614.9999523405163
luh_to_matr,naive_cross,luh,matr,pytorch_1d_cnn,100,456,matr,matr_b1c4,1618.0,1614.9999523405163
luh_to_matr,naive_cross,luh,matr,pytorch_1d_cnn,100,456,matr,matr_b1c40,919.0,1614.9999523405163
luh_to_matr,naive_cross,luh,matr,pytorch_1d_cnn,100,456,matr,matr_b1c41,1005.0,1614.9999523405163
luh_to_matr,naive_cross,luh,matr,pytorch_1d_cnn,100,456,matr,matr_b1c42,661.0,1614.9999523405163
luh_to_matr,naive_cross,luh,matr,pytorch_1d_cnn,100,456,matr,matr_b1c43,626.0,1614.9999523405163
luh_to_matr,naive_cross,luh,matr,pytorch_1d_cnn,100,456,matr,matr_b1c44,575.0,1614.9999523405163
luh_to_matr,naive_cross,luh,matr,pytorch_1d_cnn,100,456,matr,matr_b1c45,563.0,1614.9999523405163
luh_to_matr,naive_cross,luh,matr,pytorch_1d_cnn,100,456,matr,matr_b1c5,909.0,1614.9999523405163
luh_to_matr,naive_cross,luh,matr,pytorch_1d_cnn,100,456,matr,matr_b1c6,613.0,1614.9999523405163
luh_to_matr,naive_cross,luh,matr,pytorch_1d_cnn,100,456,matr,matr_b1c7,818.0,1614.9999523405163
luh_to_matr,naive_cross,luh,matr,pytorch_1d_cnn,100,456,matr,matr_b1c9,1012.0,1614.9999523405163
luh_to_matr,naive_cross,luh,matr,pytorch_1d_cnn,100,456,matr,matr_b2c0,278.0,1614.9999523405163
luh_to_matr,naive_cross,luh,matr,pytorch_1d_cnn,100,456,matr,matr_b2c1,133.0,838.4100506014024
luh_to_matr,naive_cross,luh,matr,pytorch_1d_cnn,100,456,matr,matr_b2c10,251.0,1614.9999523405163
luh_to_matr,naive_cross,luh,matr,pytorch_1d_cnn,100,456,matr,matr_b2c11,250.0,1614.9999523405163
luh_to_matr,naive_cross,luh,matr,pytorch_1d_cnn,100,456,matr,matr_b2c12,435.0,1614.9999523405163
luh_to_matr,naive_cross,luh,matr,pytorch_1d_cnn,100,456,matr,matr_b2c13,454.0,1614.9999523405163
luh_to_matr,naive_cross,luh,matr,pytorch_1d_cnn,100,456,matr,matr_b2c14,466.0,1614.9999523405163
luh_to_matr,naive_cross,luh,matr,pytorch_1d_cnn,100,456,matr,matr_b2c17,476.0,1614.9999523405163
luh_to_matr,naive_cross,luh,matr,pytorch_1d_cnn,100,456,matr,matr_b2c18,468.0,1614.9999523405163
luh_to_matr,naive_cross,luh,matr,pytorch_1d_cnn,100,456,matr,matr_b2c19,455.0,1614.9999523405163
luh_to_matr,naive_cross,luh,matr,pytorch_1d_cnn,100,456,matr,matr_b2c2,422.0,1614.9999523405163
luh_to_matr,naive_cross,luh,matr,pytorch_1d_cnn,100,456,matr,matr_b2c20,475.0,1614.9999523405163
luh_to_matr,naive_cross,luh,matr,pytorch_1d_cnn,100,456,matr,matr_b2c21,468.0,1614.9999523405163
luh_to_matr,naive_cross,luh,matr,pytorch_1d_cnn,100,456,matr,matr_b2c22,490.0,1614.9999523405163
luh_to_matr,naive_cross,luh,matr,pytorch_1d_cnn,100,456,matr,matr_b2c23,502.0,1614.9999523405163
luh_to_matr,naive_cross,luh,matr,pytorch_1d_cnn,100,456,matr,matr_b2c24,478.0,1614.9999523405163
luh_to_matr,naive_cross,luh,matr,pytorch_1d_cnn,100,456,matr,matr_b2c25,446.0,1614.9999523405163
luh_to_matr,naive_cross,luh,matr,pytorch_1d_cnn,100,456,matr,matr_b2c26,450.0,1614.9999523405163
luh_to_matr,naive_cross,luh,matr,pytorch_1d_cnn,100,456,matr,matr_b2c27,453.0,1614.9999523405163
luh_to_matr,naive_cross,luh,matr,pytorch_1d_cnn,100,456,matr,matr_b2c28,491.0,1614.9999523405163
luh_to_matr,naive_cross,luh,matr,pytorch_1d_cnn,100,456,matr,matr_b2c29,481.0,1614.9999523405163
luh_to_matr,naive_cross,luh,matr,pytorch_1d_cnn,100,456,matr,matr_b2c3,314.0,1614.9999523405163
luh_to_matr,naive_cross,luh,matr,pytorch_1d_cnn,100,456,matr,matr_b2c30,466.0,1614.9999523405163
luh_to_matr,naive_cross,luh,matr,pytorch_1d_cnn,100,456,matr,matr_b2c31,474.0,1614.9999523405163
luh_to_matr,naive_cross,luh,matr,pytorch_1d_cnn,100,456,matr,matr_b2c32,500.0,1614.9999523405163
luh_to_matr,naive_cross,luh,matr,pytorch_1d_cnn,100,456,matr,matr_b2c33,499.0,1614.9999523405163
luh_to_matr,naive_cross,luh,matr,pytorch_1d_cnn,100,456,matr,matr_b2c34,483.0,1614.9999523405163
luh_to_matr,naive_cross,luh,matr,pytorch_1d_cnn,100,456,matr,matr_b2c35,449.0,1614.9999523405163
luh_to_matr,naive_cross,luh,matr,pytorch_1d_cnn,100,456,matr,matr_b2c36,513.0,1614.9999523405163
luh_to_matr,naive_cross,luh,matr,pytorch_1d_cnn,100,456,matr,matr_b2c37,461.0,1614.9999523405163
luh_to_matr,naive_cross,luh,matr,pytorch_1d_cnn,100,456,matr,matr_b2c38,451.0,1614.9999523405163
luh_to_matr,naive_cross,luh,matr,pytorch_1d_cnn,100,456,matr,matr_b2c39,442.0,1614.9999523405163
luh_to_matr,naive_cross,luh,matr,pytorch_1d_cnn,100,456,matr,matr_b2c4,247.0,1614.9999523405163
luh_to_matr,naive_cross,luh,matr,pytorch_1d_cnn,100,456,matr,matr_b2c40,476.0,1614.9999523405163
luh_to_matr,naive_cross,luh,matr,pytorch_1d_cnn,100,456,matr,matr_b2c41,416.0,1614.9999523405163
luh_to_matr,naive_cross,luh,matr,pytorch_1d_cnn,100,456,matr,matr_b2c42,444.0,1614.9999523405163
luh_to_matr,naive_cross,luh,matr,pytorch_1d_cnn,100,456,matr,matr_b2c43,443.0,1614.9999523405163
luh_to_matr,naive_cross,luh,matr,pytorch_1d_cnn,100,456,matr,matr_b2c44,442.0,1614.9999523405163
luh_to_matr,naive_cross,luh,matr,pytorch_1d_cnn,100,456,matr,matr_b2c45,470.0,1614.9999523405163
luh_to_matr,naive_cross,luh,matr,pytorch_1d_cnn,100,456,matr,matr_b2c46,417.0,1614.9999523405163
luh_to_matr,naive_cross,luh,matr,pytorch_1d_cnn,100,456,matr,matr_b2c47,705.0,1614.9999523405163
luh_to_matr,naive_cross,luh,matr,pytorch_1d_cnn,100,456,matr,matr_b2c5,464.0,1614.9999523405163
luh_to_matr,naive_cross,luh,matr,pytorch_1d_cnn,100,456,matr,matr_b2c6,475.0,1614.9999523405163
luh_to_matr,naive_cross,luh,matr,pytorch_1d_cnn,100,456,matr,matr_b3c0,985.0,1611.9601832335306
luh_to_matr,naive_cross,luh,matr,pytorch_1d_cnn,100,456,matr,matr_b3c1,1033.0,1614.9999523405163
luh_to_matr,naive_cross,luh,matr,pytorch_1d_cnn,100,456,matr,matr_b3c10,1046.0,1509.06614596942
luh_to_matr,naive_cross,luh,matr,pytorch_1d_cnn,100,456,matr,matr_b3c11,792.0,1336.632778177122
luh_to_matr,naive_cross,luh,matr,pytorch_1d_cnn,100,456,matr,matr_b3c12,903.0,1386.7059238626068
luh_to_matr,naive_cross,luh,matr,pytorch_1d_cnn,100,456,matr,matr_b3c13,794.0,1614.9999523405163
luh_to_matr,naive_cross,luh,matr,pytorch_1d_cnn,100,456,matr,matr_b3c14,834.0,1614.9999523405163
luh_to_matr,naive_cross,luh,matr,pytorch_1d_cnn,100,456,matr,matr_b3c15,850.0,1614.9999523405163
luh_to_matr,naive_cross,luh,matr,pytorch_1d_cnn,100,456,matr,matr_b3c16,1589.0,1614.9999523405163
luh_to_matr,naive_cross,luh,matr,pytorch_1d_cnn,100,456,matr,matr_b3c17,1269.0,1614.9999523405163
luh_to_matr,naive_cross,luh,matr,pytorch_1d_cnn,100,456,matr,matr_b3c18,1100.0,1381.9360771119416
luh_to_matr,naive_cross,luh,matr,pytorch_1d_cnn,100,456,matr,matr_b3c19,1105.0,1379.6895388249998
luh_to_matr,naive_cross,luh,matr,pytorch_1d_cnn,100,456,matr,matr_b3c2,1224.0,1280.9537823102942
luh_to_matr,naive_cross,luh,matr,pytorch_1d_cnn,100,456,matr,matr_b3c20,793.0,1388.3500615590854
luh_to_matr,naive_cross,luh,matr,pytorch_1d_cnn,100,456,matr,matr_b3c21,745.0,972.3732777558189
luh_to_matr,naive_cross,luh,matr,pytorch_1d_cnn,100,456,matr,matr_b3c22,991.0,1374.1075041435176
luh_to_matr,naive_cross,luh,matr,pytorch_1d_cnn,100,456,matr,matr_b3c24,817.0,1614.9999523405163
luh_to_matr,naive_cross,luh,matr,pytorch_1d_cnn,100,456,matr,matr_b3c25,970.0,1614.9999523405163
luh_to_matr,naive_cross,luh,matr,pytorch_1d_cnn,100,456,matr,matr_b3c26,989.0,1614.9999523405163
luh_to_matr,naive_cross,luh,matr,pytorch_1d_cnn,100,456,matr,matr_b3c27,828.0,1614.9999523405163
luh_to_matr,naive_cross,luh,matr,pytorch_1d_cnn,100,456,matr,matr_b3c28,524.0,1156.758151489799
luh_to_matr,naive_cross,luh,matr,pytorch_1d_cnn,100,456,matr,matr_b3c29,833.0,1614.9999523405163
luh_to_matr,naive_cross,luh,matr,pytorch_1d_cnn,100,456,matr,matr_b3c3,1084.0,1464.162459754294
luh_to_matr,naive_cross,luh,matr,pytorch_1d_cnn,100,456,matr,matr_b3c30,913.0,1614.9999523405163
luh_to_matr,naive_cross,luh,matr,pytorch_1d_cnn,100,456,matr,matr_b3c31,713.0,1614.9999523405163
luh_to_matr,naive_cross,luh,matr,pytorch_1d_cnn,100,456,matr,matr_b3c33,1257.0,1369.0075432219828
luh_to_matr,naive_cross,luh,matr,pytorch_1d_cnn,100,456,matr,matr_b3c34,1125.0,1455.9916549552363
luh_to_matr,naive_cross,luh,matr,pytorch_1d_cnn,100,456,matr,matr_b3c35,1056.0,1319.272113023992
luh_to_matr,naive_cross,luh,matr,pytorch_1d_cnn,100,456,matr,matr_b3c36,910.0,1456.7159596263782
luh_to_matr,naive_cross,luh,matr,pytorch_1d_cnn,100,456,matr,matr_b3c37,1376.0,1614.9999523405163
luh_to_matr,naive_cross,luh,matr,pytorch_1d_cnn,100,456,matr,matr_b3c38,1873.0,1330.1411866280607
luh_to_matr,naive_cross,luh,matr,pytorch_1d_cnn,100,456,matr,matr_b3c39,1146.0,1380.88280410716
luh_to_matr,naive_cross,luh,matr,pytorch_1d_cnn,100,456,matr,matr_b3c4,1006.0,1525.9723851955214
luh_to_matr,naive_cross,luh,matr,pytorch_1d_cnn,100,456,matr,matr_b3c40,779.0,1614.9999523405163
luh_to_matr,naive_cross,luh,matr,pytorch_1d_cnn,100,456,matr,matr_b3c41,773.0,1614.9999523405163
luh_to_matr,naive_cross,luh,matr,pytorch_1d_cnn,100,456,matr,matr_b3c42,1587.0,1416.129136819641
luh_to_matr,naive_cross,luh,matr,pytorch_1d_cnn,100,456,matr,matr_b3c43,1018.0,1515.7969410183996
luh_to_matr,naive_cross,luh,matr,pytorch_1d_cnn,100,456,matr,matr_b3c44,921.0,1614.9999523405163
luh_to_matr,naive_cross,luh,matr,pytorch_1d_cnn,100,456,matr,matr_b3c45,1735.0,1614.9999523405163
luh_to_matr,naive_cross,luh,matr,pytorch_1d_cnn,100,456,matr,matr_b3c5,815.0,1557.2155507665564
luh_to_matr,naive_cross,luh,matr,pytorch_1d_cnn,100,456,matr,matr_b3c6,630.0,966.0413275574894
luh_to_matr,naive_cross,luh,matr,pytorch_1d_cnn,100,456,matr,matr_b3c7,1774.0,1614.9999523405163
luh_to_matr,naive_cross,luh,matr,pytorch_1d_cnn,100,456,matr,matr_b3c8,810.0,1541.7728407877632
luh_to_matr,naive_cross,luh,matr,pytorch_1d_cnn,100,456,matr,matr_b3c9,1010.0,1614.9999523405163
luh_to_matr,naive_cross,luh,matr,pytorch_1d_cnn,100,789,matr,matr_b1c0,1717.0,1614.9999523405163
luh_to_matr,naive_cross,luh,matr,pytorch_1d_cnn,100,789,matr,matr_b1c1,2066.0,984.8566612496019
luh_to_matr,naive_cross,luh,matr,pytorch_1d_cnn,100,789,matr,matr_b1c11,771.0,1168.7473361391671
luh_to_matr,naive_cross,luh,matr,pytorch_1d_cnn,100,789,matr,matr_b1c12,897.0,863.1085673081678
luh_to_matr,naive_cross,luh,matr,pytorch_1d_cnn,100,789,matr,matr_b1c14,845.0,1353.131675715231
luh_to_matr,naive_cross,luh,matr,pytorch_1d_cnn,100,789,matr,matr_b1c15,699.0,1514.349887195995
luh_to_matr,naive_cross,luh,matr,pytorch_1d_cnn,100,789,matr,matr_b1c16,824.0,1523.551265595349
luh_to_matr,naive_cross,luh,matr,pytorch_1d_cnn,100,789,matr,matr_b1c17,825.0,1080.1128903343213
luh_to_matr,naive_cross,luh,matr,pytorch_1d_cnn,100,789,matr,matr_b1c18,665.0,1614.9999523405163
luh_to_matr,naive_cross,luh,matr,pytorch_1d_cnn,100,789,matr,matr_b1c19,740.0,921.0289125962737
luh_to_matr,naive_cross,luh,matr,pytorch_1d_cnn,100,789,matr,matr_b1c2,1487.0,903.5381041530436
luh_to_matr,naive_cross,luh,matr,pytorch_1d_cnn,100,789,matr,matr_b1c20,504.0,913.5324668261927
luh_to_matr,naive_cross,luh,matr,pytorch_1d_cnn,100,789,matr,matr_b1c21,535.0,954.8334999467709
luh_to_matr,naive_cross,luh,matr,pytorch_1d_cnn,100,789,matr,matr_b1c23,974.0,1018.42200557603
luh_to_matr,naive_cross,luh,matr,pytorch_1d_cnn,100,789,matr,matr_b1c24,979.0,1002.8958212670248
luh_to_matr,naive_cross,luh,matr,pytorch_1d_cnn,100,789,matr,matr_b1c25,817.0,845.2779500752929
luh_to_matr,naive_cross,luh,matr,pytorch_1d_cnn,100,789,matr,matr_b1c26,826.0,1243.4608061199826
luh_to_matr,naive_cross,luh,matr,pytorch_1d_cnn,100,789,matr,matr_b1c27,809.0,1010.1068473927802
luh_to_matr,naive_cross,luh,matr,pytorch_1d_cnn,100,789,matr,matr_b1c28,815.0,814.6082237829453
luh_to_matr,naive_cross,luh,matr,pytorch_1d_cnn,100,789,matr,matr_b1c29,872.0,820.318726029017
luh_to_matr,naive_cross,luh,matr,pytorch_1d_cnn,100,789,matr,matr_b1c3,1344.0,1328.5672491464568
luh_to_matr,naive_cross,luh,matr,pytorch_1d_cnn,100,789,matr,matr_b1c30,679.0,983.5430821518738
luh_to_matr,naive_cross,luh,matr,pytorch_1d_cnn,100,789,matr,matr_b1c31,827.0,1024.0918204951147
luh_to_matr,naive_cross,luh,matr,pytorch_1d_cnn,100,789,matr,matr_b1c32,694.0,824.0938507898965
luh_to_matr,naive_cross,luh,matr,pytorch_1d_cnn,100,789,matr,matr_b1c33,708.0,916.5994799495268
luh_to_matr,naive_cross,luh,matr,pytorch_1d_cnn,100,789,matr,matr_b1c34,714.0,1111.601929976805
luh_to_matr,naive_cross,luh,matr,pytorch_1d_cnn,100,789,matr,matr_b1c35,676.0,1034.9028688427306
luh_to_matr,naive_cross,luh,matr,pytorch_1d_cnn,100,789,matr,matr_b1c36,670.0,958.3900821798512
luh_to_matr,naive_cross,luh,matr,pytorch_1d_cnn,100,789,matr,matr_b1c37,622.0,961.7076610912651
luh_to_matr,naive_cross,luh,matr,pytorch_1d_cnn,100,789,matr,matr_b1c38,592.0,817.7013665535501
luh_to_matr,naive_cross,luh,matr,pytorch_1d_cnn,100,789,matr,matr_b1c39,592.0,887.0902291114977
luh_to_matr,naive_cross,luh,matr,pytorch_1d_cnn,100,789,matr,matr_b1c4,1618.0,1247.2934599633365
luh_to_matr,naive_cross,luh,matr,pytorch_1d_cnn,100,789,matr,matr_b1c40,919.0,898.7409802007036
luh_to_matr,naive_cross,luh,matr,pytorch_1d_cnn,100,789,matr,matr_b1c41,1005.0,911.8130068553969
luh_to_matr,naive_cross,luh,matr,pytorch_1d_cnn,100,789,matr,matr_b1c42,661.0,915.1360322844336
luh_to_matr,naive_cross,luh,matr,pytorch_1d_cnn,100,789,matr,matr_b1c43,626.0,820.3195083462903
luh_to_matr,naive_cross,luh,matr,pytorch_1d_cnn,100,789,matr,matr_b1c44,575.0,857.6263459799924
luh_to_matr,naive_cross,luh,matr,pytorch_1d_cnn,100,789,matr,matr_b1c45,563.0,880.4731240769952
luh_to_matr,naive_cross,luh,matr,pytorch_1d_cnn,100,789,matr,matr_b1c5,909.0,1521.427050205452
luh_to_matr,naive_cross,luh,matr,pytorch_1d_cnn,100,789,matr,matr_b1c6,613.0,1563.39083018191
luh_to_matr,naive_cross,luh,matr,pytorch_1d_cnn,100,789,matr,matr_b1c7,818.0,1225.9901447346713
luh_to_matr,naive_cross,luh,matr,pytorch_1d_cnn,100,789,matr,matr_b1c9,1012.0,915.8720493827216
luh_to_matr,naive_cross,luh,matr,pytorch_1d_cnn,100,789,matr,matr_b2c0,278.0,1614.9999523405163
luh_to_matr,naive_cross,luh,matr,pytorch_1d_cnn,100,789,matr,matr_b2c1,133.0,366.99607822306785
luh_to_matr,naive_cross,luh,matr,pytorch_1d_cnn,100,789,matr,matr_b2c10,251.0,1091.0334837799917
luh_to_matr,naive_cross,luh,matr,pytorch_1d_cnn,100,789,matr,matr_b2c11,250.0,955.1477086979907
luh_to_matr,naive_cross,luh,matr,pytorch_1d_cnn,100,789,matr,matr_b2c12,435.0,962.7349654143329
luh_to_matr,naive_cross,luh,matr,pytorch_1d_cnn,100,789,matr,matr_b2c13,454.0,896.8603168978588
luh_to_matr,naive_cross,luh,matr,pytorch_1d_cnn,100,789,matr,matr_b2c14,466.0,930.3432890877493
luh_to_matr,naive_cross,luh,matr,pytorch_1d_cnn,100,789,matr,matr_b2c17,476.0,1614.9999523405163
luh_to_matr,naive_cross,luh,matr,pytorch_1d_cnn,100,789,matr,matr_b2c18,468.0,1495.8581316691168
luh_to_matr,naive_cross,luh,matr,pytorch_1d_cnn,100,789,matr,matr_b2c19,455.0,829.3720040027915
luh_to_matr,naive_cross,luh,matr,pytorch_1d_cnn,100,789,matr,matr_b2c2,422.0,1578.5991178397408
luh_to_matr,naive_cross,luh,matr,pytorch_1d_cnn,100,789,matr,matr_b2c20,475.0,1140.8010058853888
luh_to_matr,naive_cross,luh,matr,pytorch_1d_cnn,100,789,matr,matr_b2c21,468.0,1098.0935870102721
luh_to_matr,naive_cross,luh,matr,pytorch_1d_cnn,100,789,matr,matr_b2c22,490.0,999.4518834651576
luh_to_matr,naive_cross,luh,matr,pytorch_1d_cnn,100,789,matr,matr_b2c23,502.0,925.3561936812657
luh_to_matr,naive_cross,luh,matr,pytorch_1d_cnn,100,789,matr,matr_b2c24,478.0,1109.79327163035
luh_to_matr,naive_cross,luh,matr,pytorch_1d_cnn,100,789,matr,matr_b2c25,446.0,980.2614189876748
luh_to_matr,naive_cross,luh,matr,pytorch_1d_cnn,100,789,matr,matr_b2c26,450.0,1291.1992804779782
luh_to_matr,naive_cross,luh,matr,pytorch_1d_cnn,100,789,matr,matr_b2c27,453.0,1097.2472330192122
luh_to_matr,naive_cross,luh,matr,pytorch_1d_cnn,100,789,matr,matr_b2c28,491.0,1614.9999523405163
luh_to_matr,naive_cross,luh,matr,pytorch_1d_cnn,100,789,matr,matr_b2c29,481.0,937.0125413408529
luh_to_matr,naive_cross,luh,matr,pytorch_1d_cnn,100,789,matr,matr_b2c3,314.0,1000.051595670407
luh_to_matr,naive_cross,luh,matr,pytorch_1d_cnn,100,789,matr,matr_b2c30,466.0,1024.13772407701
luh_to_matr,naive_cross,luh,matr,pytorch_1d_cnn,100,789,matr,matr_b2c31,474.0,1171.2053906631168
luh_to_matr,naive_cross,luh,matr,pytorch_1d_cnn,100,789,matr,matr_b2c32,500.0,1614.9999523405163
luh_to_matr,naive_cross,luh,matr,pytorch_1d_cnn,100,789,matr,matr_b2c33,499.0,1067.8855797910453
luh_to_matr,naive_cross,luh,matr,pytorch_1d_cnn,100,789,matr,matr_b2c34,483.0,1614.9999523405163
luh_to_matr,naive_cross,luh,matr,pytorch_1d_cnn,100,789,matr,matr_b2c35,449.0,1016.6389095131073
luh_to_matr,naive_cross,luh,matr,pytorch_1d_cnn,100,789,matr,matr_b2c36,513.0,1128.0356670689062
luh_to_matr,naive_cross,luh,matr,pytorch_1d_cnn,100,789,matr,matr_b2c37,461.0,877.3236554970099
luh_to_matr,naive_cross,luh,matr,pytorch_1d_cnn,100,789,matr,matr_b2c38,451.0,906.897998534658
luh_to_matr,naive_cross,luh,matr,pytorch_1d_cnn,100,789,matr,matr_b2c39,442.0,1271.112598398984
luh_to_matr,naive_cross,luh,matr,pytorch_1d_cnn,100,789,matr,matr_b2c4,247.0,842.1162299564353
luh_to_matr,naive_cross,luh,matr,pytorch_1d_cnn,100,789,matr,matr_b2c40,476.0,1614.9999523405163
luh_to_matr,naive_cross,luh,matr,pytorch_1d_cnn,100,789,matr,matr_b2c41,416.0,1391.210268675932
luh_to_matr,naive_cross,luh,matr,pytorch_1d_cnn,100,789,matr,matr_b2c42,444.0,959.4065229180386
luh_to_matr,naive_cross,luh,matr,pytorch_1d_cnn,100,789,matr,matr_b2c43,443.0,1164.4939622287934
luh_to_matr,naive_cross,luh,matr,pytorch_1d_cnn,100,789,matr,matr_b2c44,442.0,937.5381283106441
luh_to_matr,naive_cross,luh,matr,pytorch_1d_cnn,100,789,matr,matr_b2c45,470.0,1026.2441742751118
luh_to_matr,naive_cross,luh,matr,pytorch_1d_cnn,100,789,matr,matr_b2c46,417.0,1026.9490822105342
luh_to_matr,naive_cross,luh,matr,pytorch_1d_cnn,100,789,matr,matr_b2c47,705.0,1614.9999523405163
luh_to_matr,naive_cross,luh,matr,pytorch_1d_cnn,100,789,matr,matr_b2c5,464.0,861.7933943010912
luh_to_matr,naive_cross,luh,matr,pytorch_1d_cnn,100,789,matr,matr_b2c6,475.0,1343.4949007726418
luh_to_matr,naive_cross,luh,matr,pytorch_1d_cnn,100,789,matr,matr_b3c0,985.0,832.3945801655699
luh_to_matr,naive_cross,luh,matr,pytorch_1d_cnn,100,789,matr,matr_b3c1,1033.0,843.8454810401169
luh_to_matr,naive_cross,luh,matr,pytorch_1d_cnn,100,789,matr,matr_b3c10,1046.0,864.0861692814145
luh_to_matr,naive_cross,luh,matr,pytorch_1d_cnn,100,789,matr,matr_b3c11,792.0,661.5386091613452
luh_to_matr,naive_cross,luh,matr,pytorch_1d_cnn,100,789,matr,matr_b3c12,903.0,652.6932310881266
luh_to_matr,naive_cross,luh,matr,pytorch_1d_cnn,100,789,matr,matr_b3c13,794.0,860.4190914450589
luh_to_matr,naive_cross,luh,matr,pytorch_1d_cnn,100,789,matr,matr_b3c14,834.0,895.2465126372418
luh_to_matr,naive_cross,luh,matr,pytorch_1d_cnn,100,789,matr,matr_b3c15,850.0,706.7170131633982
luh_to_matr,naive_cross,luh,matr,pytorch_1d_cnn,100,789,matr,matr_b3c16,1589.0,843.4673315265723
luh_to_matr,naive_cross,luh,matr,pytorch_1d_cnn,100,789,matr,matr_b3c17,1269.0,1614.9999523405163
luh_to_matr,naive_cross,luh,matr,pytorch_1d_cnn,100,789,matr,matr_b3c18,1100.0,747.7789338841449
luh_to_matr,naive_cross,luh,matr,pytorch_1d_cnn,100,789,matr,matr_b3c19,1105.0,659.2555728619352
luh_to_matr,naive_cross,luh,matr,pytorch_1d_cnn,100,789,matr,matr_b3c2,1224.0,737.2673442109008
luh_to_matr,naive_cross,luh,matr,pytorch_1d_cnn,100,789,matr,matr_b3c20,793.0,722.7763527947114
luh_to_matr,naive_cross,luh,matr,pytorch_1d_cnn,100,789,matr,matr_b3c21,745.0,689.3429827213469
luh_to_matr,naive_cross,luh,matr,pytorch_1d_cnn,100,789,matr,matr_b3c22,991.0,706.8204763383378
luh_to_matr,naive_cross,luh,matr,pytorch_1d_cnn,100,789,matr,matr_b3c24,817.0,951.9349150923048
luh_to_matr,naive_cross,luh,matr,pytorch_1d_cnn,100,789,matr,matr_b3c25,970.0,883.4144029948153
luh_to_matr,naive_cross,luh,matr,pytorch_1d_cnn,100,789,matr,matr_b3c26,989.0,839.440129410837
luh_to_matr,naive_cross,luh,matr,pytorch_1d_cnn,100,789,matr,matr_b3c27,828.0,841.4206272515491
luh_to_matr,naive_cross,luh,matr,pytorch_1d_cnn,100,789,matr,matr_b3c28,524.0,613.2087788865351
luh_to_matr,naive_cross,luh,matr,pytorch_1d_cnn,100,789,matr,matr_b3c29,833.0,905.4366560870043
luh_to_matr,naive_cross,luh,matr,pytorch_1d_cnn,100,789,matr,matr_b3c3,1084.0,709.6501691192459
luh_to_matr,naive_cross,luh,matr,pytorch_1d_cnn,100,789,matr,matr_b3c30,913.0,766.6239418442226
luh_to_matr,naive_cross,luh,matr,pytorch_1d_cnn,100,789,matr,matr_b3c31,713.0,788.9755716331833
luh_to_matr,naive_cross,luh,matr,pytorch_1d_cnn,100,789,matr,matr_b3c33,1257.0,692.7386169498845
luh_to_matr,naive_cross,luh,matr,pytorch_1d_cnn,100,789,matr,matr_b3c34,1125.0,752.117721764751
luh_to_matr,naive_cross,luh,matr,pytorch_1d_cnn,100,789,matr,matr_b3c35,1056.0,624.0435571556662
luh_to_matr,naive_cross,luh,matr,pytorch_1d_cnn,100,789,matr,matr_b3c36,910.0,739.9207339058703
luh_to_matr,naive_cross,luh,matr,pytorch_1d_cnn,100,789,matr,matr_b3c37,1376.0,1614.9999523405163
luh_to_matr,naive_cross,luh,matr,pytorch_1d_cnn,100,789,matr,matr_b3c38,1873.0,648.2531677568097
luh_to_matr,naive_cross,luh,matr,pytorch_1d_cnn,100,789,matr,matr_b3c39,1146.0,813.7292803989113
luh_to_matr,naive_cross,luh,matr,pytorch_1d_cnn,100,789,matr,matr_b3c4,1006.0,711.7546702719393
luh_to_matr,naive_cross,luh,matr,pytorch_1d_cnn,100,789,matr,matr_b3c40,779.0,926.3853057796857
luh_to_matr,naive_cross,luh,matr,pytorch_1d_cnn,100,789,matr,matr_b3c41,773.0,830.513735647343
luh_to_matr,naive_cross,luh,matr,pytorch_1d_cnn,100,789,matr,matr_b3c42,1587.0,688.4576934549287
luh_to_matr,naive_cross,luh,matr,pytorch_1d_cnn,100,789,matr,matr_b3c43,1018.0,709.0183425743343
luh_to_matr,naive_cross,luh,matr,pytorch_1d_cnn,100,789,matr,matr_b3c44,921.0,800.3888678640052
luh_to_matr,naive_cross,luh,matr,pytorch_1d_cnn,100,789,matr,matr_b3c45,1735.0,796.147362869495
luh_to_matr,naive_cross,luh,matr,pytorch_1d_cnn,100,789,matr,matr_b3c5,815.0,716.5531325509465
luh_to_matr,naive_cross,luh,matr,pytorch_1d_cnn,100,789,matr,matr_b3c6,630.0,584.3956808063992
luh_to_matr,naive_cross,luh,matr,pytorch_1d_cnn,100,789,matr,matr_b3c7,1774.0,930.4280247961544
luh_to_matr,naive_cross,luh,matr,pytorch_1d_cnn,100,789,matr,matr_b3c8,810.0,787.232999762417
luh_to_matr,naive_cross,luh,matr,pytorch_1d_cnn,100,789,matr,matr_b3c9,1010.0,820.6187994304676
luh_to_sandia,naive_cross,luh,sandia,pytorch_1d_cnn,100,1011,sandia,sandia_SNL_18650_LFP_25C_0_100_0_5_3C_a,3183.0,1614.9999523405163
luh_to_sandia,naive_cross,luh,sandia,pytorch_1d_cnn,100,1011,sandia,sandia_SNL_18650_LFP_25C_0_100_0_5_3C_b,1610.0,1614.9999523405163
luh_to_sandia,naive_cross,luh,sandia,pytorch_1d_cnn,100,1011,sandia,sandia_SNL_18650_LFP_25C_0_100_0_5_3C_c,2305.0,1614.9999523405163
luh_to_sandia,naive_cross,luh,sandia,pytorch_1d_cnn,100,1011,sandia,sandia_SNL_18650_LFP_25C_0_100_0_5_3C_d,2788.0,1614.9999523405163
luh_to_sandia,naive_cross,luh,sandia,pytorch_1d_cnn,100,1011,sandia,sandia_SNL_18650_LFP_35C_0_100_0_5_1C_a,3089.0,1614.9999523405163
luh_to_sandia,naive_cross,luh,sandia,pytorch_1d_cnn,100,1011,sandia,sandia_SNL_18650_LFP_35C_0_100_0_5_1C_b,3126.0,1614.9999523405163
luh_to_sandia,naive_cross,luh,sandia,pytorch_1d_cnn,100,1011,sandia,sandia_SNL_18650_LFP_35C_0_100_0_5_1C_c,3246.0,1614.9999523405163
luh_to_sandia,naive_cross,luh,sandia,pytorch_1d_cnn,100,1011,sandia,sandia_SNL_18650_LFP_35C_0_100_0_5_1C_d,3374.0,1614.9999523405163
luh_to_sandia,naive_cross,luh,sandia,pytorch_1d_cnn,100,1011,sandia,sandia_SNL_18650_LFP_35C_0_100_0_5_2C_a,3442.0,1614.9999523405163
luh_to_sandia,naive_cross,luh,sandia,pytorch_1d_cnn,100,1011,sandia,sandia_SNL_18650_LFP_35C_0_100_0_5_2C_b,2465.0,1614.9999523405163
luh_to_sandia,naive_cross,luh,sandia,pytorch_1d_cnn,100,1011,sandia,sandia_SNL_18650_NCA_15C_0_100_0_5_1C_a,176.0,264.86526126516816
luh_to_sandia,naive_cross,luh,sandia,pytorch_1d_cnn,100,1011,sandia,sandia_SNL_18650_NCA_15C_0_100_0_5_1C_b,325.0,454.77745846263167
luh_to_sandia,naive_cross,luh,sandia,pytorch_1d_cnn,100,1011,sandia,sandia_SNL_18650_NCA_15C_0_100_0_5_2C_a,158.0,1614.9999523405163
luh_to_sandia,naive_cross,luh,sandia,pytorch_1d_cnn,100,1011,sandia,sandia_SNL_18650_NCA_15C_0_100_0_5_2C_b,157.0,725.0812255182997
luh_to_sandia,naive_cross,luh,sandia,pytorch_1d_cnn,100,1011,sandia,sandia_SNL_18650_NCA_25C_0_100_0_5_0_5C_a,249.0,964.1632656766117
luh_to_sandia,naive_cross,luh,sandia,pytorch_1d_cnn,100,1011,sandia,sandia_SNL_18650_NCA_25C_0_100_0_5_0_5C_b,135.0,171.47374431667768
luh_to_sandia,naive_cross,luh,sandia,pytorch_1d_cnn,100,1011,sandia,sandia_SNL_18650_NCA_25C_0_100_0_5_1C_a,337.0,715.4138558480524
luh_to_sandia,naive_cross,luh,sandia,pytorch_1d_cnn,100,1011,sandia,sandia_SNL_18650_NCA_25C_0_100_0_5_1C_b,228.0,1332.7181440085715
luh_to_sandia,naive_cross,luh,sandia,pytorch_1d_cnn,100,1011,sandia,sandia_SNL_18650_NCA_25C_0_100_0_5_1C_c,228.0,445.0492999384613
luh_to_sandia,naive_cross,luh,sandia,pytorch_1d_cnn,100,1011,sandia,sandia_SNL_18650_NCA_25C_0_100_0_5_1C_d,251.0,516.0661184474412
luh_to_sandia,naive_cross,luh,sandia,pytorch_1d_cnn,100,1011,sandia,sandia_SNL_18650_NCA_25C_0_100_0_5_2C_a,225.0,661.6808906917574
luh_to_sandia,naive_cross,luh,sandia,pytorch_1d_cnn,100,1011,sandia,sandia_SNL_18650_NCA_25C_0_100_0_5_2C_b,304.0,508.68170689874376
luh_to_sandia,naive_cross,luh,sandia,pytorch_1d_cnn,100,1011,sandia,sandia_SNL_18650_NCA_35C_0_100_0_5_1C_a,171.0,1061.4822205906705
luh_to_sandia,naive_cross,luh,sandia,pytorch_1d_cnn,100,1011,sandia,sandia_SNL_18650_NCA_35C_0_100_0_5_1C_b,320.0,1614.9999523405163
luh_to_sandia,naive_cross,luh,sandia,pytorch_1d_cnn,100,1011,sandia,sandia_SNL_18650_NCA_35C_0_100_0_5_1C_c,346.0,1408.2203400555745
luh_to_sandia,naive_cross,luh,sandia,pytorch_1d_cnn,100,1011,sandia,sandia_SNL_18650_NCA_35C_0_100_0_5_1C_d,320.0,951.6403679281459
luh_to_sandia,naive_cross,luh,sandia,pytorch_1d_cnn,100,1011,sandia,sandia_SNL_18650_NCA_35C_0_100_0_5_2C_a,210.0,1525.9461903682707
luh_to_sandia,naive_cross,luh,sandia,pytorch_1d_cnn,100,1011,sandia,sandia_SNL_18650_NCA_35C_0_100_0_5_2C_b,216.0,1614.9999523405163
luh_to_sandia,naive_cross,luh,sandia,pytorch_1d_cnn,100,1011,sandia,sandia_SNL_18650_NMC_15C_0_100_0_5_1C_a,105.0,66.16202936143206
luh_to_sandia,naive_cross,luh,sandia,pytorch_1d_cnn,100,1011,sandia,sandia_SNL_18650_NMC_15C_0_100_0_5_1C_b,142.0,1614.9999523405163
luh_to_sandia,naive_cross,luh,sandia,pytorch_1d_cnn,100,1011,sandia,sandia_SNL_18650_NMC_15C_0_100_0_5_2C_a,102.0,62.2197488410457
luh_to_sandia,naive_cross,luh,sandia,pytorch_1d_cnn,100,1011,sandia,sandia_SNL_18650_NMC_15C_0_100_0_5_2C_b,103.0,114.5809988275621
luh_to_sandia,naive_cross,luh,sandia,pytorch_1d_cnn,100,1011,sandia,sandia_SNL_18650_NMC_25C_0_100_0_5_0_5C_a,49.0,378.7075382337756
luh_to_sandia,naive_cross,luh,sandia,pytorch_1d_cnn,100,1011,sandia,sandia_SNL_18650_NMC_25C_0_100_0_5_0_5C_b,327.0,458.02971023256737
luh_to_sandia,naive_cross,luh,sandia,pytorch_1d_cnn,100,1011,sandia,sandia_SNL_18650_NMC_25C_0_100_0_5_1C_a,271.0,233.0742069950394
luh_to_sandia,naive_cross,luh,sandia,pytorch_1d_cnn,100,1011,sandia,sandia_SNL_18650_NMC_25C_0_100_0_5_1C_b,340.0,237.54847862590205
luh_to_sandia,naive_cross,luh,sandia,pytorch_1d_cnn,100,1011,sandia,sandia_SNL_18650_NMC_25C_0_100_0_5_1C_c,282.0,256.42381624880596
luh_to_sandia,naive_cross,luh,sandia,pytorch_1d_cnn,100,1011,sandia,sandia_SNL_18650_NMC_25C_0_100_0_5_1C_d,285.0,211.9972080178988
luh_to_sandia,naive_cross,luh,sandia,pytorch_1d_cnn,100,1011,sandia,sandia_SNL_18650_NMC_25C_0_100_0_5_2C_a,233.0,213.67000918399913
luh_to_sandia,naive_cross,luh,sandia,pytorch_1d_cnn,100,1011,sandia,sandia_SNL_18650_NMC_25C_0_100_0_5_2C_b,135.0,1614.9999523405163
luh_to_sandia,naive_cross,luh,sandia,pytorch_1d_cnn,100,1011,sandia,sandia_SNL_18650_NMC_25C_0_100_0_5_3C_a,261.0,328.60112439791277
luh_to_sandia,naive_cross,luh,sandia,pytorch_1d_cnn,100,1011,sandia,sandia_SNL_18650_NMC_25C_0_100_0_5_3C_b,287.0,208.46204069289286
luh_to_sandia,naive_cross,luh,sandia,pytorch_1d_cnn,100,1011,sandia,sandia_SNL_18650_NMC_25C_0_100_0_5_3C_c,305.0,1614.9999523405163
luh_to_sandia,naive_cross,luh,sandia,pytorch_1d_cnn,100,1011,sandia,sandia_SNL_18650_NMC_25C_0_100_0_5_3C_d,304.0,201.56699876028236
luh_to_sandia,naive_cross,luh,sandia,pytorch_1d_cnn,100,1011,sandia,sandia_SNL_18650_NMC_35C_0_100_0_5_1C_a,280.0,243.28256693293483
luh_to_sandia,naive_cross,luh,sandia,pytorch_1d_cnn,100,1011,sandia,sandia_SNL_18650_NMC_35C_0_100_0_5_1C_b,90.0,433.238793658964
luh_to_sandia,naive_cross,luh,sandia,pytorch_1d_cnn,100,1011,sandia,sandia_SNL_18650_NMC_35C_0_100_0_5_1C_c,256.0,269.6375905660153
luh_to_sandia,naive_cross,luh,sandia,pytorch_1d_cnn,100,1011,sandia,sandia_SNL_18650_NMC_35C_0_100_0_5_1C_d,390.0,908.0304073972418
luh_to_sandia,naive_cross,luh,sandia,pytorch_1d_cnn,100,1011,sandia,sandia_SNL_18650_NMC_35C_0_100_0_5_2C_a,170.0,338.8211391066623
luh_to_sandia,naive_cross,luh,sandia,pytorch_1d_cnn,100,1011,sandia,sandia_SNL_18650_NMC_35C_0_100_0_5_2C_b,400.0,281.6718606729605
luh_to_sandia,naive_cross,luh,sandia,pytorch_1d_cnn,100,123,sandia,sandia_SNL_18650_LFP_25C_0_100_0_5_3C_a,3183.0,1614.9999523405163
luh_to_sandia,naive_cross,luh,sandia,pytorch_1d_cnn,100,123,sandia,sandia_SNL_18650_LFP_25C_0_100_0_5_3C_b,1610.0,1614.9999523405163
luh_to_sandia,naive_cross,luh,sandia,pytorch_1d_cnn,100,123,sandia,sandia_SNL_18650_LFP_25C_0_100_0_5_3C_c,2305.0,1614.70195423778
luh_to_sandia,naive_cross,luh,sandia,pytorch_1d_cnn,100,123,sandia,sandia_SNL_18650_LFP_25C_0_100_0_5_3C_d,2788.0,1586.9266809081241
luh_to_sandia,naive_cross,luh,sandia,pytorch_1d_cnn,100,123,sandia,sandia_SNL_18650_LFP_35C_0_100_0_5_1C_a,3089.0,1329.262391665809
luh_to_sandia,naive_cross,luh,sandia,pytorch_1d_cnn,100,123,sandia,sandia_SNL_18650_LFP_35C_0_100_0_5_1C_b,3126.0,1614.9999523405163
luh_to_sandia,naive_cross,luh,sandia,pytorch_1d_cnn,100,123,sandia,sandia_SNL_18650_LFP_35C_0_100_0_5_1C_c,3246.0,1614.9999523405163
luh_to_sandia,naive_cross,luh,sandia,pytorch_1d_cnn,100,123,sandia,sandia_SNL_18650_LFP_35C_0_100_0_5_1C_d,3374.0,1614.9999523405163
luh_to_sandia,naive_cross,luh,sandia,pytorch_1d_cnn,100,123,sandia,sandia_SNL_18650_LFP_35C_0_100_0_5_2C_a,3442.0,1614.9999523405163
luh_to_sandia,naive_cross,luh,sandia,pytorch_1d_cnn,100,123,sandia,sandia_SNL_18650_LFP_35C_0_100_0_5_2C_b,2465.0,1614.9999523405163
luh_to_sandia,naive_cross,luh,sandia,pytorch_1d_cnn,100,123,sandia,sandia_SNL_18650_NCA_15C_0_100_0_5_1C_a,176.0,196.78619673721695
luh_to_sandia,naive_cross,luh,sandia,pytorch_1d_cnn,100,123,sandia,sandia_SNL_18650_NCA_15C_0_100_0_5_1C_b,325.0,331.9237967074497
luh_to_sandia,naive_cross,luh,sandia,pytorch_1d_cnn,100,123,sandia,sandia_SNL_18650_NCA_15C_0_100_0_5_2C_a,158.0,524.0487732749888
luh_to_sandia,naive_cross,luh,sandia,pytorch_1d_cnn,100,123,sandia,sandia_SNL_18650_NCA_15C_0_100_0_5_2C_b,157.0,206.05372194446264
luh_to_sandia,naive_cross,luh,sandia,pytorch_1d_cnn,100,123,sandia,sandia_SNL_18650_NCA_25C_0_100_0_5_0_5C_a,249.0,247.0652852838366
luh_to_sandia,naive_cross,luh,sandia,pytorch_1d_cnn,100,123,sandia,sandia_SNL_18650_NCA_25C_0_100_0_5_0_5C_b,135.0,196.21257670813122
luh_to_sandia,naive_cross,luh,sandia,pytorch_1d_cnn,100,123,sandia,sandia_SNL_18650_NCA_25C_0_100_0_5_1C_a,337.0,324.45533507310574
luh_to_sandia,naive_cross,luh,sandia,pytorch_1d_cnn,100,123,sandia,sandia_SNL_18650_NCA_25C_0_100_0_5_1C_b,228.0,239.5567362105255
luh_to_sandia,naive_cross,luh,sandia,pytorch_1d_cnn,100,123,sandia,sandia_SNL_18650_NCA_25C_0_100_0_5_1C_c,228.0,341.5666484454317
luh_to_sandia,naive_cross,luh,sandia,pytorch_1d_cnn,100,123,sandia,sandia_SNL_18650_NCA_25C_0_100_0_5_1C_d,251.0,277.6662966922944
luh_to_sandia,naive_cross,luh,sandia,pytorch_1d_cnn,100,123,sandia,sandia_SNL_18650_NCA_25C_0_100_0_5_2C_a,225.0,222.8588221572144
luh_to_sandia,naive_cross,luh,sandia,pytorch_1d_cnn,100,123,sandia,sandia_SNL_18650_NCA_25C_0_100_0_5_2C_b,304.0,220.63024255567763
luh_to_sandia,naive_cross,luh,sandia,pytorch_1d_cnn,100,123,sandia,sandia_SNL_18650_NCA_35C_0_100_0_5_1C_a,171.0,384.8902031514085
luh_to_sandia,naive_cross,luh,sandia,pytorch_1d_cnn,100,123,sandia,sandia_SNL_18650_NCA_35C_0_100_0_5_1C_b,320.0,315.28698748743165
luh_to_sandia,naive_cross,luh,sandia,pytorch_1d_cnn,100,123,sandia,sandia_SNL_18650_NCA_35C_0_100_0_5_1C_c,346.0,577.1225513110186
luh_to_sandia,naive_cross,luh,sandia,pytorch_1d_cnn,100,123,sandia,sandia_SNL_18650_NCA_35C_0_100_0_5_1C_d,320.0,292.9038445109403
luh_to_sandia,naive_cross,luh,sandia,pytorch_1d_cnn,100,123,sandia,sandia_SNL_18650_NCA_35C_0_100_0_5_2C_a,210.0,189.20890728091373
luh_to_sandia,naive_cross,luh,sandia,pytorch_1d_cnn,100,123,sandia,sandia_SNL_18650_NCA_35C_0_100_0_5_2C_b,216.0,509.4230197090627
luh_to_sandia,naive_cross,luh,sandia,pytorch_1d_cnn,100,123,sandia,sandia_SNL_18650_NMC_15C_0_100_0_5_1C_a,105.0,94.01570094217674
luh_to_sandia,naive_cross,luh,sandia,pytorch_1d_cnn,100,123,sandia,sandia_SNL_18650_NMC_15C_0_100_0_5_1C_b,142.0,1614.9999523405163
luh_to_sandia,naive_cross,luh,sandia,pytorch_1d_cnn,100,123,sandia,sandia_SNL_18650_NMC_15C_0_100_0_5_2C_a,102.0,84.44516512555454
luh_to_sandia,naive_cross,luh,sandia,pytorch_1d_cnn,100,123,sandia,sandia_SNL_18650_NMC_15C_0_100_0_5_2C_b,103.0,67.49002883662833
luh_to_sandia,naive_cross,luh,sandia,pytorch_1d_cnn,100,123,sandia,sandia_SNL_18650_NMC_25C_0_100_0_5_0_5C_a,49.0,60.0000032228508
luh_to_sandia,naive_cross,luh,sandia,pytorch_1d_cnn,100,123,sandia,sandia_SNL_18650_NMC_25C_0_100_0_5_0_5C_b,327.0,322.05722651873316
luh_to_sandia,naive_cross,luh,sandia,pytorch_1d_cnn,100,123,sandia,sandia_SNL_18650_NMC_25C_0_100_0_5_1C_a,271.0,267.1876400565213
luh_to_sandia,naive_cross,luh,sandia,pytorch_1d_cnn,100,123,sandia,sandia_SNL_18650_NMC_25C_0_100_0_5_1C_b,340.0,271.3333815826558
luh_to_sandia,naive_cross,luh,sandia,pytorch_1d_cnn,100,123,sandia,sandia_SNL_18650_NMC_25C_0_100_0_5_1C_c,282.0,264.87511266105207
luh_to_sandia,naive_cross,luh,sandia,pytorch_1d_cnn,100,123,sandia,sandia_SNL_18650_NMC_25C_0_100_0_5_1C_d,285.0,261.2705671684903
luh_to_sandia,naive_cross,luh,sandia,pytorch_1d_cnn,100,123,sandia,sandia_SNL_18650_NMC_25C_0_100_0_5_2C_a,233.0,257.4469488325703
luh_to_sandia,naive_cross,luh,sandia,pytorch_1d_cnn,100,123,sandia,sandia_SNL_18650_NMC_25C_0_100_0_5_2C_b,135.0,1614.9999523405163
luh_to_sandia,naive_cross,luh,sandia,pytorch_1d_cnn,100,123,sandia,sandia_SNL_18650_NMC_25C_0_100_0_5_3C_a,261.0,176.95554661112362
luh_to_sandia,naive_cross,luh,sandia,pytorch_1d_cnn,100,123,sandia,sandia_SNL_18650_NMC_25C_0_100_0_5_3C_b,287.0,260.40378564307395
luh_to_sandia,naive_cross,luh,sandia,pytorch_1d_cnn,100,123,sandia,sandia_SNL_18650_NMC_25C_0_100_0_5_3C_c,305.0,590.0313024634163
luh_to_sandia,naive_cross,luh,sandia,pytorch_1d_cnn,100,123,sandia,sandia_SNL_18650_NMC_25C_0_100_0_5_3C_d,304.0,260.6938845329398
luh_to_sandia,naive_cross,luh,sandia,pytorch_1d_cnn,100,123,sandia,sandia_SNL_18650_NMC_35C_0_100_0_5_1C_a,280.0,260.1408018710112
luh_to_sandia,naive_cross,luh,sandia,pytorch_1d_cnn,100,123,sandia,sandia_SNL_18650_NMC_35C_0_100_0_5_1C_b,90.0,100.50855453500361
luh_to_sandia,naive_cross,luh,sandia,pytorch_1d_cnn,100,123,sandia,sandia_SNL_18650_NMC_35C_0_100_0_5_1C_c,256.0,266.91665973358045
luh_to_sandia,naive_cross,luh,sandia,pytorch_1d_cnn,100,123,sandia,sandia_SNL_18650_NMC_35C_0_100_0_5_1C_d,390.0,314.2861087078331
luh_to_sandia,naive_cross,luh,sandia,pytorch_1d_cnn,100,123,sandia,sandia_SNL_18650_NMC_35C_0_100_0_5_2C_a,170.0,257.232698598799
luh_to_sandia,naive_cross,luh,sandia,pytorch_1d_cnn,100,123,sandia,sandia_SNL_18650_NMC_35C_0_100_0_5_2C_b,400.0,228.1742293361475
luh_to_sandia,naive_cross,luh,sandia,pytorch_1d_cnn,100,42,sandia,sandia_SNL_18650_LFP_25C_0_100_0_5_3C_a,3183.0,1138.8530597701856
luh_to_sandia,naive_cross,luh,sandia,pytorch_1d_cnn,100,42,sandia,sandia_SNL_18650_LFP_25C_0_100_0_5_3C_b,1610.0,962.0562434905096
luh_to_sandia,naive_cross,luh,sandia,pytorch_1d_cnn,100,42,sandia,sandia_SNL_18650_LFP_25C_0_100_0_5_3C_c,2305.0,968.5149249715572
luh_to_sandia,naive_cross,luh,sandia,pytorch_1d_cnn,100,42,sandia,sandia_SNL_18650_LFP_25C_0_100_0_5_3C_d,2788.0,919.4176516916107
luh_to_sandia,naive_cross,luh,sandia,pytorch_1d_cnn,100,42,sandia,sandia_SNL_18650_LFP_35C_0_100_0_5_1C_a,3089.0,1127.0340242317136
luh_to_sandia,naive_cross,luh,sandia,pytorch_1d_cnn,100,42,sandia,sandia_SNL_18650_LFP_35C_0_100_0_5_1C_b,3126.0,1044.8600392957565
luh_to_sandia,naive_cross,luh,sandia,pytorch_1d_cnn,100,42,sandia,sandia_SNL_18650_LFP_35C_0_100_0_5_1C_c,3246.0,1028.302490075611
luh_to_sandia,naive_cross,luh,sandia,pytorch_1d_cnn,100,42,sandia,sandia_SNL_18650_LFP_35C_0_100_0_5_1C_d,3374.0,1084.8911347628539
luh_to_sandia,naive_cross,luh,sandia,pytorch_1d_cnn,100,42,sandia,sandia_SNL_18650_LFP_35C_0_100_0_5_2C_a,3442.0,1034.044076436444
luh_to_sandia,naive_cross,luh,sandia,pytorch_1d_cnn,100,42,sandia,sandia_SNL_18650_LFP_35C_0_100_0_5_2C_b,2465.0,1029.484871466074
luh_to_sandia,naive_cross,luh,sandia,pytorch_1d_cnn,100,42,sandia,sandia_SNL_18650_NCA_15C_0_100_0_5_1C_a,176.0,347.0097357982999
luh_to_sandia,naive_cross,luh,sandia,pytorch_1d_cnn,100,42,sandia,sandia_SNL_18650_NCA_15C_0_100_0_5_1C_b,325.0,265.0733551125177
luh_to_sandia,naive_cross,luh,sandia,pytorch_1d_cnn,100,42,sandia,sandia_SNL_18650_NCA_15C_0_100_0_5_2C_a,158.0,669.6501099479224
luh_to_sandia,naive_cross,luh,sandia,pytorch_1d_cnn,100,42,sandia,sandia_SNL_18650_NCA_15C_0_100_0_5_2C_b,157.0,212.2093970683934
luh_to_sandia,naive_cross,luh,sandia,pytorch_1d_cnn,100,42,sandia,sandia_SNL_18650_NCA_25C_0_100_0_5_0_5C_a,249.0,280.09570801416504
luh_to_sandia,naive_cross,luh,sandia,pytorch_1d_cnn,100,42,sandia,sandia_SNL_18650_NCA_25C_0_100_0_5_0_5C_b,135.0,158.5499368942511
luh_to_sandia,naive_cross,luh,sandia,pytorch_1d_cnn,100,42,sandia,sandia_SNL_18650_NCA_25C_0_100_0_5_1C_a,337.0,207.7786779672691
luh_to_sandia,naive_cross,luh,sandia,pytorch_1d_cnn,100,42,sandia,sandia_SNL_18650_NCA_25C_0_100_0_5_1C_b,228.0,231.08029231356898
luh_to_sandia,naive_cross,luh,sandia,pytorch_1d_cnn,100,42,sandia,sandia_SNL_18650_NCA_25C_0_100_0_5_1C_c,228.0,326.5148772271226
luh_to_sandia,naive_cross,luh,sandia,pytorch_1d_cnn,100,42,sandia,sandia_SNL_18650_NCA_25C_0_100_0_5_1C_d,251.0,386.8748565251686
luh_to_sandia,naive_cross,luh,sandia,pytorch_1d_cnn,100,42,sandia,sandia_SNL_18650_NCA_25C_0_100_0_5_2C_a,225.0,607.0923467611609
luh_to_sandia,naive_cross,luh,sandia,pytorch_1d_cnn,100,42,sandia,sandia_SNL_18650_NCA_25C_0_100_0_5_2C_b,304.0,92.95969426224924
luh_to_sandia,naive_cross,luh,sandia,pytorch_1d_cnn,100,42,sandia,sandia_SNL_18650_NCA_35C_0_100_0_5_1C_a,171.0,494.74167564870754
luh_to_sandia,naive_cross,luh,sandia,pytorch_1d_cnn,100,42,sandia,sandia_SNL_18650_NCA_35C_0_100_0_5_1C_b,320.0,623.4100608764279
luh_to_sandia,naive_cross,luh,sandia,pytorch_1d_cnn,100,42,sandia,sandia_SNL_18650_NCA_35C_0_100_0_5_1C_c,346.0,620.2894796079347
luh_to_sandia,naive_cross,luh,sandia,pytorch_1d_cnn,100,42,sandia,sandia_SNL_18650_NCA_35C_0_100_0_5_1C_d,320.0,696.1768703637634
luh_to_sandia,naive_cross,luh,sandia,pytorch_1d_cnn,100,42,sandia,sandia_SNL_18650_NCA_35C_0_100_0_5_2C_a,210.0,217.06462946614093
luh_to_sandia,naive_cross,luh,sandia,pytorch_1d_cnn,100,42,sandia,sandia_SNL_18650_NCA_35C_0_100_0_5_2C_b,216.0,588.2188292012829
luh_to_sandia,naive_cross,luh,sandia,pytorch_1d_cnn,100,42,sandia,sandia_SNL_18650_NMC_15C_0_100_0_5_1C_a,105.0,81.29822779584276
luh_to_sandia,naive_cross,luh,sandia,pytorch_1d_cnn,100,42,sandia,sandia_SNL_18650_NMC_15C_0_100_0_5_1C_b,142.0,1062.6546144547758
luh_to_sandia,naive_cross,luh,sandia,pytorch_1d_cnn,100,42,sandia,sandia_SNL_18650_NMC_15C_0_100_0_5_2C_a,102.0,77.86144318765712
luh_to_sandia,naive_cross,luh,sandia,pytorch_1d_cnn,100,42,sandia,sandia_SNL_18650_NMC_15C_0_100_0_5_2C_b,103.0,120.13414913711992
luh_to_sandia,naive_cross,luh,sandia,pytorch_1d_cnn,100,42,sandia,sandia_SNL_18650_NMC_25C_0_100_0_5_0_5C_a,49.0,61.999996160651705
luh_to_sandia,naive_cross,luh,sandia,pytorch_1d_cnn,100,42,sandia,sandia_SNL_18650_NMC_25C_0_100_0_5_0_5C_b,327.0,183.0644708179861
luh_to_sandia,naive_cross,luh,sandia,pytorch_1d_cnn,100,42,sandia,sandia_SNL_18650_NMC_25C_0_100_0_5_1C_a,271.0,118.56809334725978
luh_to_sandia,naive_cross,luh,sandia,pytorch_1d_cnn,100,42,sandia,sandia_SNL_18650_NMC_25C_0_100_0_5_1C_b,340.0,124.23981002591968
luh_to_sandia,naive_cross,luh,sandia,pytorch_1d_cnn,100,42,sandia,sandia_SNL_18650_NMC_25C_0_100_0_5_1C_c,282.0,124.72410826638853
luh_to_sandia,naive_cross,luh,sandia,pytorch_1d_cnn,100,42,sandia,sandia_SNL_18650_NMC_25C_0_100_0_5_1C_d,285.0,113.27509143984494
luh_to_sandia,naive_cross,luh,sandia,pytorch_1d_cnn,100,42,sandia,sandia_SNL_18650_NMC_25C_0_100_0_5_2C_a,233.0,108.98811942170323
luh_to_sandia,naive_cross,luh,sandia,pytorch_1d_cnn,100,42,sandia,sandia_SNL_18650_NMC_25C_0_100_0_5_2C_b,135.0,1614.9999523405163
luh_to_sandia,naive_cross,luh,sandia,pytorch_1d_cnn,100,42,sandia,sandia_SNL_18650_NMC_25C_0_100_0_5_3C_a,261.0,158.63584460121945
luh_to_sandia,naive_cross,luh,sandia,pytorch_1d_cnn,100,42,sandia,sandia_SNL_18650_NMC_25C_0_100_0_5_3C_b,287.0,110.26468694750064
luh_to_sandia,naive_cross,luh,sandia,pytorch_1d_cnn,100,42,sandia,sandia_SNL_18650_NMC_25C_0_100_0_5_3C_c,305.0,369.1698329895025
luh_to_sandia,naive_cross,luh,sandia,pytorch_1d_cnn,100,42,sandia,sandia_SNL_18650_NMC_25C_0_100_0_5_3C_d,304.0,109.82406966743387
luh_to_sandia,naive_cross,luh,sandia,pytorch_1d_cnn,100,42,sandia,sandia_SNL_18650_NMC_35C_0_100_0_5_1C_a,280.0,109.30705478635919
luh_to_sandia,naive_cross,luh,sandia,pytorch_1d_cnn,100,42,sandia,sandia_SNL_18650_NMC_35C_0_100_0_5_1C_b,90.0,118.17327115283388
luh_to_sandia,naive_cross,luh,sandia,pytorch_1d_cnn,100,42,sandia,sandia_SNL_18650_NMC_35C_0_100_0_5_1C_c,256.0,110.46945901828262
luh_to_sandia,naive_cross,luh,sandia,pytorch_1d_cnn,100,42,sandia,sandia_SNL_18650_NMC_35C_0_100_0_5_1C_d,390.0,166.9391755893899
luh_to_sandia,naive_cross,luh,sandia,pytorch_1d_cnn,100,42,sandia,sandia_SNL_18650_NMC_35C_0_100_0_5_2C_a,170.0,130.95073530097463
luh_to_sandia,naive_cross,luh,sandia,pytorch_1d_cnn,100,42,sandia,sandia_SNL_18650_NMC_35C_0_100_0_5_2C_b,400.0,212.6055177717118
luh_to_sandia,naive_cross,luh,sandia,pytorch_1d_cnn,100,456,sandia,sandia_SNL_18650_LFP_25C_0_100_0_5_3C_a,3183.0,1110.6567173294343
luh_to_sandia,naive_cross,luh,sandia,pytorch_1d_cnn,100,456,sandia,sandia_SNL_18650_LFP_25C_0_100_0_5_3C_b,1610.0,1476.6793375831373
luh_to_sandia,naive_cross,luh,sandia,pytorch_1d_cnn,100,456,sandia,sandia_SNL_18650_LFP_25C_0_100_0_5_3C_c,2305.0,1614.9999523405163
luh_to_sandia,naive_cross,luh,sandia,pytorch_1d_cnn,100,456,sandia,sandia_SNL_18650_LFP_25C_0_100_0_5_3C_d,2788.0,1183.2241314655196
luh_to_sandia,naive_cross,luh,sandia,pytorch_1d_cnn,100,456,sandia,sandia_SNL_18650_LFP_35C_0_100_0_5_1C_a,3089.0,1614.9999523405163
luh_to_sandia,naive_cross,luh,sandia,pytorch_1d_cnn,100,456,sandia,sandia_SNL_18650_LFP_35C_0_100_0_5_1C_b,3126.0,1335.8051088655327
luh_to_sandia,naive_cross,luh,sandia,pytorch_1d_cnn,100,456,sandia,sandia_SNL_18650_LFP_35C_0_100_0_5_1C_c,3246.0,1614.9999523405163
luh_to_sandia,naive_cross,luh,sandia,pytorch_1d_cnn,100,456,sandia,sandia_SNL_18650_LFP_35C_0_100_0_5_1C_d,3374.0,1368.3842671948344
luh_to_sandia,naive_cross,luh,sandia,pytorch_1d_cnn,100,456,sandia,sandia_SNL_18650_LFP_35C_0_100_0_5_2C_a,3442.0,1614.9999523405163
luh_to_sandia,naive_cross,luh,sandia,pytorch_1d_cnn,100,456,sandia,sandia_SNL_18650_LFP_35C_0_100_0_5_2C_b,2465.0,1440.1745326727028
luh_to_sandia,naive_cross,luh,sandia,pytorch_1d_cnn,100,456,sandia,sandia_SNL_18650_NCA_15C_0_100_0_5_1C_a,176.0,1614.9999523405163
luh_to_sandia,naive_cross,luh,sandia,pytorch_1d_cnn,100,456,sandia,sandia_SNL_18650_NCA_15C_0_100_0_5_1C_b,325.0,332.3839001121342
luh_to_sandia,naive_cross,luh,sandia,pytorch_1d_cnn,100,456,sandia,sandia_SNL_18650_NCA_15C_0_100_0_5_2C_a,158.0,1614.9999523405163
luh_to_sandia,naive_cross,luh,sandia,pytorch_1d_cnn,100,456,sandia,sandia_SNL_18650_NCA_15C_0_100_0_5_2C_b,157.0,555.5389144647664
luh_to_sandia,naive_cross,luh,sandia,pytorch_1d_cnn,100,456,sandia,sandia_SNL_18650_NCA_25C_0_100_0_5_0_5C_a,249.0,1614.9999523405163
luh_to_sandia,naive_cross,luh,sandia,pytorch_1d_cnn,100,456,sandia,sandia_SNL_18650_NCA_25C_0_100_0_5_0_5C_b,135.0,226.91409599765157
luh_to_sandia,naive_cross,luh,sandia,pytorch_1d_cnn,100,456,sandia,sandia_SNL_18650_NCA_25C_0_100_0_5_1C_a,337.0,348.87507846969885
luh_to_sandia,naive_cross,luh,sandia,pytorch_1d_cnn,100,456,sandia,sandia_SNL_18650_NCA_25C_0_100_0_5_1C_b,228.0,1614.9999523405163
luh_to_sandia,naive_cross,luh,sandia,pytorch_1d_cnn,100,456,sandia,sandia_SNL_18650_NCA_25C_0_100_0_5_1C_c,228.0,249.88310605311244
luh_to_sandia,naive_cross,luh,sandia,pytorch_1d_cnn,100,456,sandia,sandia_SNL_18650_NCA_25C_0_100_0_5_1C_d,251.0,1614.9999523405163
luh_to_sandia,naive_cross,luh,sandia,pytorch_1d_cnn,100,456,sandia,sandia_SNL_18650_NCA_25C_0_100_0_5_2C_a,225.0,1614.9999523405163
luh_to_sandia,naive_cross,luh,sandia,pytorch_1d_cnn,100,456,sandia,sandia_SNL_18650_NCA_25C_0_100_0_5_2C_b,304.0,277.532206251414
luh_to_sandia,naive_cross,luh,sandia,pytorch_1d_cnn,100,456,sandia,sandia_SNL_18650_NCA_35C_0_100_0_5_1C_a,171.0,574.0020681834701
luh_to_sandia,naive_cross,luh,sandia,pytorch_1d_cnn,100,456,sandia,sandia_SNL_18650_NCA_35C_0_100_0_5_1C_b,320.0,1614.9999523405163
luh_to_sandia,naive_cross,luh,sandia,pytorch_1d_cnn,100,456,sandia,sandia_SNL_18650_NCA_35C_0_100_0_5_1C_c,346.0,1614.9999523405163
luh_to_sandia,naive_cross,luh,sandia,pytorch_1d_cnn,100,456,sandia,sandia_SNL_18650_NCA_35C_0_100_0_5_1C_d,320.0,1614.9999523405163
luh_to_sandia,naive_cross,luh,sandia,pytorch_1d_cnn,100,456,sandia,sandia_SNL_18650_NCA_35C_0_100_0_5_2C_a,210.0,1614.9999523405163
luh_to_sandia,naive_cross,luh,sandia,pytorch_1d_cnn,100,456,sandia,sandia_SNL_18650_NCA_35C_0_100_0_5_2C_b,216.0,1614.9999523405163
luh_to_sandia,naive_cross,luh,sandia,pytorch_1d_cnn,100,456,sandia,sandia_SNL_18650_NMC_15C_0_100_0_5_1C_a,105.0,67.75469426625877
luh_to_sandia,naive_cross,luh,sandia,pytorch_1d_cnn,100,456,sandia,sandia_SNL_18650_NMC_15C_0_100_0_5_1C_b,142.0,1614.9999523405163
luh_to_sandia,naive_cross,luh,sandia,pytorch_1d_cnn,100,456,sandia,sandia_SNL_18650_NMC_15C_0_100_0_5_2C_a,102.0,60.84837329593792
luh_to_sandia,naive_cross,luh,sandia,pytorch_1d_cnn,100,456,sandia,sandia_SNL_18650_NMC_15C_0_100_0_5_2C_b,103.0,237.21082861895582
luh_to_sandia,naive_cross,luh,sandia,pytorch_1d_cnn,100,456,sandia,sandia_SNL_18650_NMC_25C_0_100_0_5_0_5C_a,49.0,1614.9999523405163
luh_to_sandia,naive_cross,luh,sandia,pytorch_1d_cnn,100,456,sandia,sandia_SNL_18650_NMC_25C_0_100_0_5_0_5C_b,327.0,427.6900382856188
luh_to_sandia,naive_cross,luh,sandia,pytorch_1d_cnn,100,456,sandia,sandia_SNL_18650_NMC_25C_0_100_0_5_1C_a,271.0,292.0316654870877
luh_to_sandia,naive_cross,luh,sandia,pytorch_1d_cnn,100,456,sandia,sandia_SNL_18650_NMC_25C_0_100_0_5_1C_b,340.0,296.4818741886268
luh_to_sandia,naive_cross,luh,sandia,pytorch_1d_cnn,100,456,sandia,sandia_SNL_18650_NMC_25C_0_100_0_5_1C_c,282.0,294.66810836396616
luh_to_sandia,naive_cross,luh,sandia,pytorch_1d_cnn,100,456,sandia,sandia_SNL_18650_NMC_25C_0_100_0_5_1C_d,285.0,284.36538314424655
luh_to_sandia,naive_cross,luh,sandia,pytorch_1d_cnn,100,456,sandia,sandia_SNL_18650_NMC_25C_0_100_0_5_2C_a,233.0,280.13577889261956
luh_to_sandia,naive_cross,luh,sandia,pytorch_1d_cnn,100,456,sandia,sandia_SNL_18650_NMC_25C_0_100_0_5_2C_b,135.0,1614.9999523405163
luh_to_sandia,naive_cross,luh,sandia,pytorch_1d_cnn,100,456,sandia,sandia_SNL_18650_NMC_25C_0_100_0_5_3C_a,261.0,881.5603466635221
luh_to_sandia,naive_cross,luh,sandia,pytorch_1d_cnn,100,456,sandia,sandia_SNL_18650_NMC_25C_0_100_0_5_3C_b,287.0,284.75779723173656
luh_to_sandia,naive_cross,luh,sandia,pytorch_1d_cnn,100,456,sandia,sandia_SNL_18650_NMC_25C_0_100_0_5_3C_c,305.0,1614.9999523405163
luh_to_sandia,naive_cross,luh,sandia,pytorch_1d_cnn,100,456,sandia,sandia_SNL_18650_NMC_25C_0_100_0_5_3C_d,304.0,285.49591866848914
luh_to_sandia,naive_cross,luh,sandia,pytorch_1d_cnn,100,456,sandia,sandia_SNL_18650_NMC_35C_0_100_0_5_1C_a,280.0,291.5363504984689
luh_to_sandia,naive_cross,luh,sandia,pytorch_1d_cnn,100,456,sandia,sandia_SNL_18650_NMC_35C_0_100_0_5_1C_b,90.0,1614.9999523405163
luh_to_sandia,naive_cross,luh,sandia,pytorch_1d_cnn,100,456,sandia,sandia_SNL_18650_NMC_35C_0_100_0_5_1C_c,256.0,289.4330262182867
luh_to_sandia,naive_cross,luh,sandia,pytorch_1d_cnn,100,456,sandia,sandia_SNL_18650_NMC_35C_0_100_0_5_1C_d,390.0,368.2213506568435
luh_to_sandia,naive_cross,luh,sandia,pytorch_1d_cnn,100,456,sandia,sandia_SNL_18650_NMC_35C_0_100_0_5_2C_a,170.0,302.5531330268855
luh_to_sandia,naive_cross,luh,sandia,pytorch_1d_cnn,100,456,sandia,sandia_SNL_18650_NMC_35C_0_100_0_5_2C_b,400.0,525.3605642875283
luh_to_sandia,naive_cross,luh,sandia,pytorch_1d_cnn,100,789,sandia,sandia_SNL_18650_LFP_25C_0_100_0_5_3C_a,3183.0,1614.9999523405163
luh_to_sandia,naive_cross,luh,sandia,pytorch_1d_cnn,100,789,sandia,sandia_SNL_18650_LFP_25C_0_100_0_5_3C_b,1610.0,1614.9999523405163
luh_to_sandia,naive_cross,luh,sandia,pytorch_1d_cnn,100,789,sandia,sandia_SNL_18650_LFP_25C_0_100_0_5_3C_c,2305.0,1614.9999523405163
luh_to_sandia,naive_cross,luh,sandia,pytorch_1d_cnn,100,789,sandia,sandia_SNL_18650_LFP_25C_0_100_0_5_3C_d,2788.0,1614.9999523405163
luh_to_sandia,naive_cross,luh,sandia,pytorch_1d_cnn,100,789,sandia,sandia_SNL_18650_LFP_35C_0_100_0_5_1C_a,3089.0,1019.7403491432079
luh_to_sandia,naive_cross,luh,sandia,pytorch_1d_cnn,100,789,sandia,sandia_SNL_18650_LFP_35C_0_100_0_5_1C_b,3126.0,1614.9999523405163
luh_to_sandia,naive_cross,luh,sandia,pytorch_1d_cnn,100,789,sandia,sandia_SNL_18650_LFP_35C_0_100_0_5_1C_c,3246.0,1614.9999523405163
luh_to_sandia,naive_cross,luh,sandia,pytorch_1d_cnn,100,789,sandia,sandia_SNL_18650_LFP_35C_0_100_0_5_1C_d,3374.0,1614.9999523405163
luh_to_sandia,naive_cross,luh,sandia,pytorch_1d_cnn,100,789,sandia,sandia_SNL_18650_LFP_35C_0_100_0_5_2C_a,3442.0,1614.9999523405163
luh_to_sandia,naive_cross,luh,sandia,pytorch_1d_cnn,100,789,sandia,sandia_SNL_18650_LFP_35C_0_100_0_5_2C_b,2465.0,1614.9999523405163
luh_to_sandia,naive_cross,luh,sandia,pytorch_1d_cnn,100,789,sandia,sandia_SNL_18650_NCA_15C_0_100_0_5_1C_a,176.0,233.8780094071768
luh_to_sandia,naive_cross,luh,sandia,pytorch_1d_cnn,100,789,sandia,sandia_SNL_18650_NCA_15C_0_100_0_5_1C_b,325.0,458.6060080093907
luh_to_sandia,naive_cross,luh,sandia,pytorch_1d_cnn,100,789,sandia,sandia_SNL_18650_NCA_15C_0_100_0_5_2C_a,158.0,1614.9999523405163
luh_to_sandia,naive_cross,luh,sandia,pytorch_1d_cnn,100,789,sandia,sandia_SNL_18650_NCA_15C_0_100_0_5_2C_b,157.0,1614.9999523405163
luh_to_sandia,naive_cross,luh,sandia,pytorch_1d_cnn,100,789,sandia,sandia_SNL_18650_NCA_25C_0_100_0_5_0_5C_a,249.0,1265.4761523408595
luh_to_sandia,naive_cross,luh,sandia,pytorch_1d_cnn,100,789,sandia,sandia_SNL_18650_NCA_25C_0_100_0_5_0_5C_b,135.0,235.31164796437716
luh_to_sandia,naive_cross,luh,sandia,pytorch_1d_cnn,100,789,sandia,sandia_SNL_18650_NCA_25C_0_100_0_5_1C_a,337.0,325.23462733072
luh_to_sandia,naive_cross,luh,sandia,pytorch_1d_cnn,100,789,sandia,sandia_SNL_18650_NCA_25C_0_100_0_5_1C_b,228.0,1308.3103013970615
luh_to_sandia,naive_cross,luh,sandia,pytorch_1d_cnn,100,789,sandia,sandia_SNL_18650_NCA_25C_0_100_0_5_1C_c,228.0,422.2562406972416
luh_to_sandia,naive_cross,luh,sandia,pytorch_1d_cnn,100,789,sandia,sandia_SNL_18650_NCA_25C_0_100_0_5_1C_d,251.0,254.19269298999018
luh_to_sandia,naive_cross,luh,sandia,pytorch_1d_cnn,100,789,sandia,sandia_SNL_18650_NCA_25C_0_100_0_5_2C_a,225.0,819.0523511469039
luh_to_sandia,naive_cross,luh,sandia,pytorch_1d_cnn,100,789,sandia,sandia_SNL_18650_NCA_25C_0_100_0_5_2C_b,304.0,1225.9889755399156
luh_to_sandia,naive_cross,luh,sandia,pytorch_1d_cnn,100,789,sandia,sandia_SNL_18650_NCA_35C_0_100_0_5_1C_a,171.0,1283.9832938493812
luh_to_sandia,naive_cross,luh,sandia,pytorch_1d_cnn,100,789,sandia,sandia_SNL_18650_NCA_35C_0_100_0_5_1C_b,320.0,1614.9999523405163
luh_to_sandia,naive_cross,luh,sandia,pytorch_1d_cnn,100,789,sandia,sandia_SNL_18650_NCA_35C_0_100_0_5_1C_c,346.0,1614.9999523405163
luh_to_sandia,naive_cross,luh,sandia,pytorch_1d_cnn,100,789,sandia,sandia_SNL_18650_NCA_35C_0_100_0_5_1C_d,320.0,311.83050095508014
luh_to_sandia,naive_cross,luh,sandia,pytorch_1d_cnn,100,789,sandia,sandia_SNL_18650_NCA_35C_0_100_0_5_2C_a,210.0,1112.2456007328806
luh_to_sandia,naive_cross,luh,sandia,pytorch_1d_cnn,100,789,sandia,sandia_SNL_18650_NCA_35C_0_100_0_5_2C_b,216.0,1614.9999523405163
luh_to_sandia,naive_cross,luh,sandia,pytorch_1d_cnn,100,789,sandia,sandia_SNL_18650_NMC_15C_0_100_0_5_1C_a,105.0,164.54329593651204
luh_to_sandia,naive_cross,luh,sandia,pytorch_1d_cnn,100,789,sandia,sandia_SNL_18650_NMC_15C_0_100_0_5_1C_b,142.0,1614.9999523405163
luh_to_sandia,naive_cross,luh,sandia,pytorch_1d_cnn,100,789,sandia,sandia_SNL_18650_NMC_15C_0_100_0_5_2C_a,102.0,103.71842379194428
luh_to_sandia,naive_cross,luh,sandia,pytorch_1d_cnn,100,789,sandia,sandia_SNL_18650_NMC_15C_0_100_0_5_2C_b,103.0,171.98004362941919
luh_to_sandia,naive_cross,luh,sandia,pytorch_1d_cnn,100,789,sandia,sandia_SNL_18650_NMC_25C_0_100_0_5_0_5C_a,49.0,117.09479248874563
luh_to_sandia,naive_cross,luh,sandia,pytorch_1d_cnn,100,789,sandia,sandia_SNL_18650_NMC_25C_0_100_0_5_0_5C_b,327.0,177.30902521951788
luh_to_sandia,naive_cross,luh,sandia,pytorch_1d_cnn,100,789,sandia,sandia_SNL_18650_NMC_25C_0_100_0_5_1C_a,271.0,332.7849706760134
luh_to_sandia,naive_cross,luh,sandia,pytorch_1d_cnn,100,789,sandia,sandia_SNL_18650_NMC_25C_0_100_0_5_1C_b,340.0,340.2041827063591
luh_to_sandia,naive_cross,luh,sandia,pytorch_1d_cnn,100,789,sandia,sandia_SNL_18650_NMC_25C_0_100_0_5_1C_c,282.0,374.7102958422034
luh_to_sandia,naive_cross,luh,sandia,pytorch_1d_cnn,100,789,sandia,sandia_SNL_18650_NMC_25C_0_100_0_5_1C_d,285.0,301.73148703640953
luh_to_sandia,naive_cross,luh,sandia,pytorch_1d_cnn,100,789,sandia,sandia_SNL_18650_NMC_25C_0_100_0_5_2C_a,233.0,409.8135284650155
luh_to_sandia,naive_cross,luh,sandia,pytorch_1d_cnn,100,789,sandia,sandia_SNL_18650_NMC_25C_0_100_0_5_2C_b,135.0,1614.9999523405163
luh_to_sandia,naive_cross,luh,sandia,pytorch_1d_cnn,100,789,sandia,sandia_SNL_18650_NMC_25C_0_100_0_5_3C_a,261.0,250.19071138793646
luh_to_sandia,naive_cross,luh,sandia,pytorch_1d_cnn,100,789,sandia,sandia_SNL_18650_NMC_25C_0_100_0_5_3C_b,287.0,321.59930292525667
luh_to_sandia,naive_cross,luh,sandia,pytorch_1d_cnn,100,789,sandia,sandia_SNL_18650_NMC_25C_0_100_0_5_3C_c,305.0,258.2999468396488
luh_to_sandia,naive_cross,luh,sandia,pytorch_1d_cnn,100,789,sandia,sandia_SNL_18650_NMC_25C_0_100_0_5_3C_d,304.0,314.14152389596387
luh_to_sandia,naive_cross,luh,sandia,pytorch_1d_cnn,100,789,sandia,sandia_SNL_18650_NMC_35C_0_100_0_5_1C_a,280.0,402.6381597232071
luh_to_sandia,naive_cross,luh,sandia,pytorch_1d_cnn,100,789,sandia,sandia_SNL_18650_NMC_35C_0_100_0_5_1C_b,90.0,201.03215884726677
luh_to_sandia,naive_cross,luh,sandia,pytorch_1d_cnn,100,789,sandia,sandia_SNL_18650_NMC_35C_0_100_0_5_1C_c,256.0,302.42634752072854
luh_to_sandia,naive_cross,luh,sandia,pytorch_1d_cnn,100,789,sandia,sandia_SNL_18650_NMC_35C_0_100_0_5_1C_d,390.0,1614.9999523405163
luh_to_sandia,naive_cross,luh,sandia,pytorch_1d_cnn,100,789,sandia,sandia_SNL_18650_NMC_35C_0_100_0_5_2C_a,170.0,427.1348704379904
luh_to_sandia,naive_cross,luh,sandia,pytorch_1d_cnn,100,789,sandia,sandia_SNL_18650_NMC_35C_0_100_0_5_2C_b,400.0,475.4155856540245
matr_to_hust,naive_cross,matr,hust,pytorch_1d_cnn,100,1011,hust,hust_1-1,1198.0,693.195935577977
matr_to_hust,naive_cross,matr,hust,pytorch_1d_cnn,100,1011,hust,hust_1-2,1966.0,695.7205708411022
matr_to_hust,naive_cross,matr,hust,pytorch_1d_cnn,100,1011,hust,hust_1-3,1513.0,519.7075941817627
matr_to_hust,naive_cross,matr,hust,pytorch_1d_cnn,100,1011,hust,hust_1-4,1213.0,552.4750656383212
matr_to_hust,naive_cross,matr,hust,pytorch_1d_cnn,100,1011,hust,hust_1-5,1538.0,552.6168148840746
matr_to_hust,naive_cross,matr,hust,pytorch_1d_cnn,100,1011,hust,hust_1-6,829.0,692.958316917579
matr_to_hust,naive_cross,matr,hust,pytorch_1d_cnn,100,1011,hust,hust_1-7,1321.0,693.6221346413341
matr_to_hust,naive_cross,matr,hust,pytorch_1d_cnn,100,1011,hust,hust_1-8,1733.0,706.2753587341457
matr_to_hust,naive_cross,matr,hust,pytorch_1d_cnn,100,1011,hust,hust_10-1,1378.0,695.06336202892
matr_to_hust,naive_cross,matr,hust,pytorch_1d_cnn,100,1011,hust,hust_10-2,1375.0,538.3161083234997
matr_to_hust,naive_cross,matr,hust,pytorch_1d_cnn,100,1011,hust,hust_10-3,1477.0,696.2628540903066
matr_to_hust,naive_cross,matr,hust,pytorch_1d_cnn,100,1011,hust,hust_10-4,1489.0,479.08674436367886
matr_to_hust,naive_cross,matr,hust,pytorch_1d_cnn,100,1011,hust,hust_10-5,1657.0,510.14887104254956
matr_to_hust,naive_cross,matr,hust,pytorch_1d_cnn,100,1011,hust,hust_10-6,1659.0,696.253226040856
matr_to_hust,naive_cross,matr,hust,pytorch_1d_cnn,100,1011,hust,hust_10-7,1435.0,490.6170717843111
matr_to_hust,naive_cross,matr,hust,pytorch_1d_cnn,100,1011,hust,hust_10-8,1093.0,696.5045949590482
matr_to_hust,naive_cross,matr,hust,pytorch_1d_cnn,100,1011,hust,hust_2-2,2021.0,701.3493849264861
matr_to_hust,naive_cross,matr,hust,pytorch_1d_cnn,100,1011,hust,hust_2-3,1413.0,625.3411067942933
matr_to_hust,naive_cross,matr,hust,pytorch_1d_cnn,100,1011,hust,hust_2-4,1165.0,697.6417021942293
matr_to_hust,naive_cross,matr,hust,pytorch_1d_cnn,100,1011,hust,hust_2-5,1092.0,524.8818046958531
matr_to_hust,naive_cross,matr,hust,pytorch_1d_cnn,100,1011,hust,hust_2-6,1297.0,545.7165516322777
matr_to_hust,naive_cross,matr,hust,pytorch_1d_cnn,100,1011,hust,hust_2-7,1789.0,551.7195081174349
matr_to_hust,naive_cross,matr,hust,pytorch_1d_cnn,100,1011,hust,hust_2-8,1192.0,686.7792661161649
matr_to_hust,naive_cross,matr,hust,pytorch_1d_cnn,100,1011,hust,hust_3-1,1571.0,517.9105735474246
matr_to_hust,naive_cross,matr,hust,pytorch_1d_cnn,100,1011,hust,hust_3-2,1773.0,520.3480969947902
matr_to_hust,naive_cross,matr,hust,pytorch_1d_cnn,100,1011,hust,hust_3-3,1360.0,548.5025061239447
matr_to_hust,naive_cross,matr,hust,pytorch_1d_cnn,100,1011,hust,hust_3-4,1396.0,684.251185772608
matr_to_hust,naive_cross,matr,hust,pytorch_1d_cnn,100,1011,hust,hust_3-5,1879.0,693.5202727208106
matr_to_hust,naive_cross,matr,hust,pytorch_1d_cnn,100,1011,hust,hust_3-6,1979.0,525.697359570206
matr_to_hust,naive_cross,matr,hust,pytorch_1d_cnn,100,1011,hust,hust_3-7,1870.0,676.0205200146694
matr_to_hust,naive_cross,matr,hust,pytorch_1d_cnn,100,1011,hust,hust_3-8,1856.0,566.9948104622744
matr_to_hust,naive_cross,matr,hust,pytorch_1d_cnn,100,1011,hust,hust_4-1,1762.0,689.9388523888138
matr_to_hust,naive_cross,matr,hust,pytorch_1d_cnn,100,1011,hust,hust_4-2,1453.0,658.3254169498414
matr_to_hust,naive_cross,matr,hust,pytorch_1d_cnn,100,1011,hust,hust_4-3,931.0,691.3223182122947
matr_to_hust,naive_cross,matr,hust,pytorch_1d_cnn,100,1011,hust,hust_4-4,1204.0,687.265748918095
matr_to_hust,naive_cross,matr,hust,pytorch_1d_cnn,100,1011,hust,hust_4-5,1220.0,691.1430128648785
matr_to_hust,naive_cross,matr,hust,pytorch_1d_cnn,100,1011,hust,hust_4-6,1089.0,685.8177980120779
matr_to_hust,naive_cross,matr,hust,pytorch_1d_cnn,100,1011,hust,hust_4-7,1579.0,695.1840137612496
matr_to_hust,naive_cross,matr,hust,pytorch_1d_cnn,100,1011,hust,hust_4-8,1389.0,533.9119827120579
matr_to_hust,naive_cross,matr,hust,pytorch_1d_cnn,100,1011,hust,hust_5-1,1832.0,701.2644449907152
matr_to_hust,naive_cross,matr,hust,pytorch_1d_cnn,100,1011,hust,hust_5-2,1574.0,573.1006433561381
matr_to_hust,naive_cross,matr,hust,pytorch_1d_cnn,100,1011,hust,hust_5-3,2024.0,695.7016616091427
matr_to_hust,naive_cross,matr,hust,pytorch_1d_cnn,100,1011,hust,hust_5-4,1520.0,702.9739151495139
matr_to_hust,naive_cross,matr,hust,pytorch_1d_cnn,100,1011,hust,hust_5-5,1242.0,593.6045177638138
matr_to_hust,naive_cross,matr,hust,pytorch_1d_cnn,100,1011,hust,hust_5-6,1807.0,691.0626042511501
matr_to_hust,naive_cross,matr,hust,pytorch_1d_cnn,100,1011,hust,hust_5-7,1171.0,700.2820302772285
matr_to_hust,naive_cross,matr,hust,pytorch_1d_cnn,100,1011,hust,hust_6-1,1255.0,694.2802981249163
matr_to_hust,naive_cross,matr,hust,pytorch_1d_cnn,100,1011,hust,hust_6-2,1496.0,569.2869827061182
matr_to_hust,naive_cross,matr,hust,pytorch_1d_cnn,100,1011,hust,hust_6-3,1437.0,567.3461223425294
matr_to_hust,naive_cross,matr,hust,pytorch_1d_cnn,100,1011,hust,hust_6-4,1332.0,705.5072485561641
matr_to_hust,naive_cross,matr,hust,pytorch_1d_cnn,100,1011,hust,hust_6-5,1686.0,707.3892886478126
matr_to_hust,naive_cross,matr,hust,pytorch_1d_cnn,100,1011,hust,hust_6-6,1924.0,572.1111474833499
matr_to_hust,naive_cross,matr,hust,pytorch_1d_cnn,100,1011,hust,hust_6-8,1700.0,694.4090918821556
matr_to_hust,naive_cross,matr,hust,pytorch_1d_cnn,100,1011,hust,hust_7-1,1308.0,697.1668232876385
matr_to_hust,naive_cross,matr,hust,pytorch_1d_cnn,100,1011,hust,hust_7-2,1637.0,435.03255026118626
matr_to_hust,naive_cross,matr,hust,pytorch_1d_cnn,100,1011,hust,hust_7-3,1063.0,683.4411950145033
matr_to_hust,naive_cross,matr,hust,pytorch_1d_cnn,100,1011,hust,hust_7-4,1148.0,679.478821315469
matr_to_hust,naive_cross,matr,hust,pytorch_1d_cnn,100,1011,hust,hust_7-5,1528.0,557.4649011434889
matr_to_hust,naive_cross,matr,hust,pytorch_1d_cnn,100,1011,hust,hust_7-6,1162.0,683.1616384504684
matr_to_hust,naive_cross,matr,hust,pytorch_1d_cnn,100,1011,hust,hust_7-7,1367.0,690.1783975786443
matr_to_hust,naive_cross,matr,hust,pytorch_1d_cnn,100,1011,hust,hust_7-8,1566.0,536.3063996506396
matr_to_hust,naive_cross,matr,hust,pytorch_1d_cnn,100,1011,hust,hust_8-1,1062.0,677.9958704936996
matr_to_hust,naive_cross,matr,hust,pytorch_1d_cnn,100,1011,hust,hust_8-2,1564.0,687.295571525169
matr_to_hust,naive_cross,matr,hust,pytorch_1d_cnn,100,1011,hust,hust_8-3,1844.0,526.0717461689233
matr_to_hust,naive_cross,matr,hust,pytorch_1d_cnn,100,1011,hust,hust_8-4,1517.0,696.7427651888397
matr_to_hust,naive_cross,matr,hust,pytorch_1d_cnn,100,1011,hust,hust_8-5,1089.0,686.0693251273926
matr_to_hust,naive_cross,matr,hust,pytorch_1d_cnn,100,1011,hust,hust_8-6,1746.0,692.5510186002699
matr_to_hust,naive_cross,matr,hust,pytorch_1d_cnn,100,1011,hust,hust_8-7,1593.0,722.7163867701839
matr_to_hust,naive_cross,matr,hust,pytorch_1d_cnn,100,1011,hust,hust_8-8,1351.0,535.5425646944492
matr_to_hust,naive_cross,matr,hust,pytorch_1d_cnn,100,1011,hust,hust_9-1,1647.0,552.3349329926857
matr_to_hust,naive_cross,matr,hust,pytorch_1d_cnn,100,1011,hust,hust_9-2,1679.0,577.3559625674343
matr_to_hust,naive_cross,matr,hust,pytorch_1d_cnn,100,1011,hust,hust_9-3,1526.0,525.1008481433254
matr_to_hust,naive_cross,matr,hust,pytorch_1d_cnn,100,1011,hust,hust_9-4,1589.0,541.2616882447057
matr_to_hust,naive_cross,matr,hust,pytorch_1d_cnn,100,1011,hust,hust_9-5,1719.0,581.3281719975932
matr_to_hust,naive_cross,matr,hust,pytorch_1d_cnn,100,1011,hust,hust_9-6,1381.0,597.8532700224316
matr_to_hust,naive_cross,matr,hust,pytorch_1d_cnn,100,1011,hust,hust_9-7,1617.0,641.611244484984
matr_to_hust,naive_cross,matr,hust,pytorch_1d_cnn,100,1011,hust,hust_9-8,1839.0,516.0567675111082
matr_to_hust,naive_cross,matr,hust,pytorch_1d_cnn,100,123,hust,hust_1-1,1198.0,767.1172338837874
matr_to_hust,naive_cross,matr,hust,pytorch_1d_cnn,100,123,hust,hust_1-2,1966.0,780.3081841900098
matr_to_hust,naive_cross,matr,hust,pytorch_1d_cnn,100,123,hust,hust_1-3,1513.0,542.69704039374
matr_to_hust,naive_cross,matr,hust,pytorch_1d_cnn,100,123,hust,hust_1-4,1213.0,529.0449190384932
matr_to_hust,naive_cross,matr,hust,pytorch_1d_cnn,100,123,hust,hust_1-5,1538.0,530.8466529206314
matr_to_hust,naive_cross,matr,hust,pytorch_1d_cnn,100,123,hust,hust_1-6,829.0,729.6361506898663
matr_to_hust,naive_cross,matr,hust,pytorch_1d_cnn,100,123,hust,hust_1-7,1321.0,764.1225192231412
matr_to_hust,naive_cross,matr,hust,pytorch_1d_cnn,100,123,hust,hust_1-8,1733.0,739.2503237524652
matr_to_hust,naive_cross,matr,hust,pytorch_1d_cnn,100,123,hust,hust_10-1,1378.0,778.9984469917154
matr_to_hust,naive_cross,matr,hust,pytorch_1d_cnn,100,123,hust,hust_10-2,1375.0,655.057235518311
matr_to_hust,naive_cross,matr,hust,pytorch_1d_cnn,100,123,hust,hust_10-3,1477.0,782.2812097581202
matr_to_hust,naive_cross,matr,hust,pytorch_1d_cnn,100,123,hust,hust_10-4,1489.0,589.5059768093862
matr_to_hust,naive_cross,matr,hust,pytorch_1d_cnn,100,123,hust,hust_10-5,1657.0,580.6635521125885
matr_to_hust,naive_cross,matr,hust,pytorch_1d_cnn,100,123,hust,hust_10-6,1659.0,770.4656463562137
matr_to_hust,naive_cross,matr,hust,pytorch_1d_cnn,100,123,hust,hust_10-7,1435.0,580.8288741716974
matr_to_hust,naive_cross,matr,hust,pytorch_1d_cnn,100,123,hust,hust_10-8,1093.0,755.7602306760767
matr_to_hust,naive_cross,matr,hust,pytorch_1d_cnn,100,123,hust,hust_2-2,2021.0,761.5174094006118
matr_to_hust,naive_cross,matr,hust,pytorch_1d_cnn,100,123,hust,hust_2-3,1413.0,536.2230378828871
matr_to_hust,naive_cross,matr,hust,pytorch_1d_cnn,100,123,hust,hust_2-4,1165.0,792.9145389013694
matr_to_hust,naive_cross,matr,hust,pytorch_1d_cnn,100,123,hust,hust_2-5,1092.0,546.1296737800857
matr_to_hust,naive_cross,matr,hust,pytorch_1d_cnn,100,123,hust,hust_2-6,1297.0,543.6299601091125
matr_to_hust,naive_cross,matr,hust,pytorch_1d_cnn,100,123,hust,hust_2-7,1789.0,565.8884794761369
matr_to_hust,naive_cross,matr,hust,pytorch_1d_cnn,100,123,hust,hust_2-8,1192.0,773.4955479266395
matr_to_hust,naive_cross,matr,hust,pytorch_1d_cnn,100,123,hust,hust_3-1,1571.0,570.8938295917136
matr_to_hust,naive_cross,matr,hust,pytorch_1d_cnn,100,123,hust,hust_3-2,1773.0,594.9970695501571
matr_to_hust,naive_cross,matr,hust,pytorch_1d_cnn,100,123,hust,hust_3-3,1360.0,602.195602444513
matr_to_hust,naive_cross,matr,hust,pytorch_1d_cnn,100,123,hust,hust_3-4,1396.0,760.4872097646481
matr_to_hust,naive_cross,matr,hust,pytorch_1d_cnn,100,123,hust,hust_3-5,1879.0,759.539527049769
matr_to_hust,naive_cross,matr,hust,pytorch_1d_cnn,100,123,hust,hust_3-6,1979.0,578.6952193738426
matr_to_hust,naive_cross,matr,hust,pytorch_1d_cnn,100,123,hust,hust_3-7,1870.0,771.0893538157936
matr_to_hust,naive_cross,matr,hust,pytorch_1d_cnn,100,123,hust,hust_3-8,1856.0,609.627427365667
matr_to_hust,naive_cross,matr,hust,pytorch_1d_cnn,100,123,hust,hust_4-1,1762.0,767.2108818399531
matr_to_hust,naive_cross,matr,hust,pytorch_1d_cnn,100,123,hust,hust_4-2,1453.0,723.8945612434236
matr_to_hust,naive_cross,matr,hust,pytorch_1d_cnn,100,123,hust,hust_4-3,931.0,764.0376275906222
matr_to_hust,naive_cross,matr,hust,pytorch_1d_cnn,100,123,hust,hust_4-4,1204.0,755.428038359638
matr_to_hust,naive_cross,matr,hust,pytorch_1d_cnn,100,123,hust,hust_4-5,1220.0,769.2795340253575
matr_to_hust,naive_cross,matr,hust,pytorch_1d_cnn,100,123,hust,hust_4-6,1089.0,764.275931027673
matr_to_hust,naive_cross,matr,hust,pytorch_1d_cnn,100,123,hust,hust_4-7,1579.0,776.5992042980888
matr_to_hust,naive_cross,matr,hust,pytorch_1d_cnn,100,123,hust,hust_4-8,1389.0,553.1847032060865
matr_to_hust,naive_cross,matr,hust,pytorch_1d_cnn,100,123,hust,hust_5-1,1832.0,784.6441274783075
matr_to_hust,naive_cross,matr,hust,pytorch_1d_cnn,100,123,hust,hust_5-2,1574.0,546.8707962309895
matr_to_hust,naive_cross,matr,hust,pytorch_1d_cnn,100,123,hust,hust_5-3,2024.0,797.3178706585031
matr_to_hust,naive_cross,matr,hust,pytorch_1d_cnn,100,123,hust,hust_5-4,1520.0,762.5515498902993
matr_to_hust,naive_cross,matr,hust,pytorch_1d_cnn,100,123,hust,hust_5-5,1242.0,545.6155964148603
matr_to_hust,naive_cross,matr,hust,pytorch_1d_cnn,100,123,hust,hust_5-6,1807.0,771.9785584922349
matr_to_hust,naive_cross,matr,hust,pytorch_1d_cnn,100,123,hust,hust_5-7,1171.0,740.3237660125402
matr_to_hust,naive_cross,matr,hust,pytorch_1d_cnn,100,123,hust,hust_6-1,1255.0,722.6419531094053
matr_to_hust,naive_cross,matr,hust,pytorch_1d_cnn,100,123,hust,hust_6-2,1496.0,544.0985778694182
matr_to_hust,naive_cross,matr,hust,pytorch_1d_cnn,100,123,hust,hust_6-3,1437.0,537.4035827310053
matr_to_hust,naive_cross,matr,hust,pytorch_1d_cnn,100,123,hust,hust_6-4,1332.0,748.4713542718877
matr_to_hust,naive_cross,matr,hust,pytorch_1d_cnn,100,123,hust,hust_6-5,1686.0,736.8185432608177
matr_to_hust,naive_cross,matr,hust,pytorch_1d_cnn,100,123,hust,hust_6-6,1924.0,507.45826092108854
matr_to_hust,naive_cross,matr,hust,pytorch_1d_cnn,100,123,hust,hust_6-8,1700.0,716.4093000623848
matr_to_hust,naive_cross,matr,hust,pytorch_1d_cnn,100,123,hust,hust_7-1,1308.0,767.3528388182543
matr_to_hust,naive_cross,matr,hust,pytorch_1d_cnn,100,123,hust,hust_7-2,1637.0,1002.6844711870156
matr_to_hust,naive_cross,matr,hust,pytorch_1d_cnn,100,123,hust,hust_7-3,1063.0,756.1394398178097
matr_to_hust,naive_cross,matr,hust,pytorch_1d_cnn,100,123,hust,hust_7-4,1148.0,765.8906243499251
matr_to_hust,naive_cross,matr,hust,pytorch_1d_cnn,100,123,hust,hust_7-5,1528.0,635.2975401205086
matr_to_hust,naive_cross,matr,hust,pytorch_1d_cnn,100,123,hust,hust_7-6,1162.0,764.5394630747035
matr_to_hust,naive_cross,matr,hust,pytorch_1d_cnn,100,123,hust,hust_7-7,1367.0,754.5086062646487
matr_to_hust,naive_cross,matr,hust,pytorch_1d_cnn,100,123,hust,hust_7-8,1566.0,549.022183255171
matr_to_hust,naive_cross,matr,hust,pytorch_1d_cnn,100,123,hust,hust_8-1,1062.0,775.3378383566973
matr_to_hust,naive_cross,matr,hust,pytorch_1d_cnn,100,123,hust,hust_8-2,1564.0,761.3859713783623
matr_to_hust,naive_cross,matr,hust,pytorch_1d_cnn,100,123,hust,hust_8-3,1844.0,573.132344211995
matr_to_hust,naive_cross,matr,hust,pytorch_1d_cnn,100,123,hust,hust_8-4,1517.0,753.1825528236683
matr_to_hust,naive_cross,matr,hust,pytorch_1d_cnn,100,123,hust,hust_8-5,1089.0,742.6704305049509
matr_to_hust,naive_cross,matr,hust,pytorch_1d_cnn,100,123,hust,hust_8-6,1746.0,758.9960943681023
matr_to_hust,naive_cross,matr,hust,pytorch_1d_cnn,100,123,hust,hust_8-7,1593.0,758.4639003352689
matr_to_hust,naive_cross,matr,hust,pytorch_1d_cnn,100,123,hust,hust_8-8,1351.0,571.8217758007737
matr_to_hust,naive_cross,matr,hust,pytorch_1d_cnn,100,123,hust,hust_9-1,1647.0,649.0100043194233
matr_to_hust,naive_cross,matr,hust,pytorch_1d_cnn,100,123,hust,hust_9-2,1679.0,694.8926954854309
matr_to_hust,naive_cross,matr,hust,pytorch_1d_cnn,100,123,hust,hust_9-3,1526.0,617.5430761850664
matr_to_hust,naive_cross,matr,hust,pytorch_1d_cnn,100,123,hust,hust_9-4,1589.0,615.3552394115059
matr_to_hust,naive_cross,matr,hust,pytorch_1d_cnn,100,123,hust,hust_9-5,1719.0,624.3599512227137
matr_to_hust,naive_cross,matr,hust,pytorch_1d_cnn,100,123,hust,hust_9-6,1381.0,635.3941832486589
matr_to_hust,naive_cross,matr,hust,pytorch_1d_cnn,100,123,hust,hust_9-7,1617.0,915.6519680294547
matr_to_hust,naive_cross,matr,hust,pytorch_1d_cnn,100,123,hust,hust_9-8,1839.0,576.7459343798624
matr_to_hust,naive_cross,matr,hust,pytorch_1d_cnn,100,42,hust,hust_1-1,1198.0,1417.9285043629493
matr_to_hust,naive_cross,matr,hust,pytorch_1d_cnn,100,42,hust,hust_1-2,1966.0,1320.1430442786477
matr_to_hust,naive_cross,matr,hust,pytorch_1d_cnn,100,42,hust,hust_1-3,1513.0,1683.9754892479307
matr_to_hust,naive_cross,matr,hust,pytorch_1d_cnn,100,42,hust,hust_1-4,1213.0,1853.234494833873
matr_to_hust,naive_cross,matr,hust,pytorch_1d_cnn,100,42,hust,hust_1-5,1538.0,1792.5936893021205
matr_to_hust,naive_cross,matr,hust,pytorch_1d_cnn,100,42,hust,hust_1-6,829.0,1830.5251806572403
matr_to_hust,naive_cross,matr,hust,pytorch_1d_cnn,100,42,hust,hust_1-7,1321.0,1629.7082841988167
matr_to_hust,naive_cross,matr,hust,pytorch_1d_cnn,100,42,hust,hust_1-8,1733.0,1647.488386863785
matr_to_hust,naive_cross,matr,hust,pytorch_1d_cnn,100,42,hust,hust_10-1,1378.0,1294.3888027340658
matr_to_hust,naive_cross,matr,hust,pytorch_1d_cnn,100,42,hust,hust_10-2,1375.0,2019.2689096132049
matr_to_hust,naive_cross,matr,hust,pytorch_1d_cnn,100,42,hust,hust_10-3,1477.0,1400.2094845491804
matr_to_hust,naive_cross,matr,hust,pytorch_1d_cnn,100,42,hust,hust_10-4,1489.0,1630.3184261765475
matr_to_hust,naive_cross,matr,hust,pytorch_1d_cnn,100,42,hust,hust_10-5,1657.0,2065.999578786437
matr_to_hust,naive_cross,matr,hust,pytorch_1d_cnn,100,42,hust,hust_10-6,1659.0,1361.408001376897
matr_to_hust,naive_cross,matr,hust,pytorch_1d_cnn,100,42,hust,hust_10-7,1435.0,1825.3102871330018
matr_to_hust,naive_cross,matr,hust,pytorch_1d_cnn,100,42,hust,hust_10-8,1093.0,1296.4877914437375
matr_to_hust,naive_cross,matr,hust,pytorch_1d_cnn,100,42,hust,hust_2-2,2021.0,1447.6807428359862
matr_to_hust,naive_cross,matr,hust,pytorch_1d_cnn,100,42,hust,hust_2-3,1413.0,1769.7470733509417
matr_to_hust,naive_cross,matr,hust,pytorch_1d_cnn,100,42,hust,hust_2-4,1165.0,1385.4970560912313
matr_to_hust,naive_cross,matr,hust,pytorch_1d_cnn,100,42,hust,hust_2-5,1092.0,1864.6212291521485
matr_to_hust,naive_cross,matr,hust,pytorch_1d_cnn,100,42,hust,hust_2-6,1297.0,1933.0290541086258
matr_to_hust,naive_cross,matr,hust,pytorch_1d_cnn,100,42,hust,hust_2-7,1789.0,2065.999578786437
matr_to_hust,naive_cross,matr,hust,pytorch_1d_cnn,100,42,hust,hust_2-8,1192.0,1320.2821696190454
matr_to_hust,naive_cross,matr,hust,pytorch_1d_cnn,100,42,hust,hust_3-1,1571.0,1685.84506561307
matr_to_hust,naive_cross,matr,hust,pytorch_1d_cnn,100,42,hust,hust_3-2,1773.0,1065.7185574437738
matr_to_hust,naive_cross,matr,hust,pytorch_1d_cnn,100,42,hust,hust_3-3,1360.0,2065.999578786437
matr_to_hust,naive_cross,matr,hust,pytorch_1d_cnn,100,42,hust,hust_3-4,1396.0,1483.8231181002607
matr_to_hust,naive_cross,matr,hust,pytorch_1d_cnn,100,42,hust,hust_3-5,1879.0,1371.8050072241067
matr_to_hust,naive_cross,matr,hust,pytorch_1d_cnn,100,42,hust,hust_3-6,1979.0,1772.6921347181326
matr_to_hust,naive_cross,matr,hust,pytorch_1d_cnn,100,42,hust,hust_3-7,1870.0,911.3074905446724
matr_to_hust,naive_cross,matr,hust,pytorch_1d_cnn,100,42,hust,hust_3-8,1856.0,1381.6376011618459
matr_to_hust,naive_cross,matr,hust,pytorch_1d_cnn,100,42,hust,hust_4-1,1762.0,1366.0509739112154
matr_to_hust,naive_cross,matr,hust,pytorch_1d_cnn,100,42,hust,hust_4-2,1453.0,2065.999578786437
matr_to_hust,naive_cross,matr,hust,pytorch_1d_cnn,100,42,hust,hust_4-3,931.0,1280.6722315243658
matr_to_hust,naive_cross,matr,hust,pytorch_1d_cnn,100,42,hust,hust_4-4,1204.0,1446.0973525843008
matr_to_hust,naive_cross,matr,hust,pytorch_1d_cnn,100,42,hust,hust_4-5,1220.0,1511.1450005786892
matr_to_hust,naive_cross,matr,hust,pytorch_1d_cnn,100,42,hust,hust_4-6,1089.0,1354.852289265298
matr_to_hust,naive_cross,matr,hust,pytorch_1d_cnn,100,42,hust,hust_4-7,1579.0,1320.2475442952118
matr_to_hust,naive_cross,matr,hust,pytorch_1d_cnn,100,42,hust,hust_4-8,1389.0,1668.5927883936731
matr_to_hust,naive_cross,matr,hust,pytorch_1d_cnn,100,42,hust,hust_5-1,1832.0,1830.5094692010136
matr_to_hust,naive_cross,matr,hust,pytorch_1d_cnn,100,42,hust,hust_5-2,1574.0,2017.5211082582307
matr_to_hust,naive_cross,matr,hust,pytorch_1d_cnn,100,42,hust,hust_5-3,2024.0,1806.483472394669
matr_to_hust,naive_cross,matr,hust,pytorch_1d_cnn,100,42,hust,hust_5-4,1520.0,1444.7457712604871
matr_to_hust,naive_cross,matr,hust,pytorch_1d_cnn,100,42,hust,hust_5-5,1242.0,2065.999578786437
matr_to_hust,naive_cross,matr,hust,pytorch_1d_cnn,100,42,hust,hust_5-6,1807.0,1390.076349948453
matr_to_hust,naive_cross,matr,hust,pytorch_1d_cnn,100,42,hust,hust_5-7,1171.0,1403.988925432126
matr_to_hust,naive_cross,matr,hust,pytorch_1d_cnn,100,42,hust,hust_6-1,1255.0,1284.3176263857274
matr_to_hust,naive_cross,matr,hust,pytorch_1d_cnn,100,42,hust,hust_6-2,1496.0,2065.999578786437
matr_to_hust,naive_cross,matr,hust,pytorch_1d_cnn,100,42,hust,hust_6-3,1437.0,2048.3897284229392
matr_to_hust,naive_cross,matr,hust,pytorch_1d_cnn,100,42,hust,hust_6-4,1332.0,1774.9022422610747
matr_to_hust,naive_cross,matr,hust,pytorch_1d_cnn,100,42,hust,hust_6-5,1686.0,1867.3029655228738
matr_to_hust,naive_cross,matr,hust,pytorch_1d_cnn,100,42,hust,hust_6-6,1924.0,1436.6655103507483
matr_to_hust,naive_cross,matr,hust,pytorch_1d_cnn,100,42,hust,hust_6-8,1700.0,1461.0073562816194
matr_to_hust,naive_cross,matr,hust,pytorch_1d_cnn,100,42,hust,hust_7-1,1308.0,1403.2132193309542
matr_to_hust,naive_cross,matr,hust,pytorch_1d_cnn,100,42,hust,hust_7-2,1637.0,1160.478496553106
matr_to_hust,naive_cross,matr,hust,pytorch_1d_cnn,100,42,hust,hust_7-3,1063.0,1240.8487395984766
matr_to_hust,naive_cross,matr,hust,pytorch_1d_cnn,100,42,hust,hust_7-4,1148.0,1176.3535182738387
matr_to_hust,naive_cross,matr,hust,pytorch_1d_cnn,100,42,hust,hust_7-5,1528.0,1248.603800191876
matr_to_hust,naive_cross,matr,hust,pytorch_1d_cnn,100,42,hust,hust_7-6,1162.0,1441.2070559095189
matr_to_hust,naive_cross,matr,hust,pytorch_1d_cnn,100,42,hust,hust_7-7,1367.0,1240.3890872295992
matr_to_hust,naive_cross,matr,hust,pytorch_1d_cnn,100,42,hust,hust_7-8,1566.0,1809.7002105620656
matr_to_hust,naive_cross,matr,hust,pytorch_1d_cnn,100,42,hust,hust_8-1,1062.0,1143.4150826042517
matr_to_hust,naive_cross,matr,hust,pytorch_1d_cnn,100,42,hust,hust_8-2,1564.0,1265.7724692190611
matr_to_hust,naive_cross,matr,hust,pytorch_1d_cnn,100,42,hust,hust_8-3,1844.0,1733.9388018162538
matr_to_hust,naive_cross,matr,hust,pytorch_1d_cnn,100,42,hust,hust_8-4,1517.0,1449.5609810984956
matr_to_hust,naive_cross,matr,hust,pytorch_1d_cnn,100,42,hust,hust_8-5,1089.0,1206.2309403058
matr_to_hust,naive_cross,matr,hust,pytorch_1d_cnn,100,42,hust,hust_8-6,1746.0,1286.412551742542
matr_to_hust,naive_cross,matr,hust,pytorch_1d_cnn,100,42,hust,hust_8-7,1593.0,1808.3174586105365
matr_to_hust,naive_cross,matr,hust,pytorch_1d_cnn,100,42,hust,hust_8-8,1351.0,2065.999578786437
matr_to_hust,naive_cross,matr,hust,pytorch_1d_cnn,100,42,hust,hust_9-1,1647.0,1481.0634436002274
matr_to_hust,naive_cross,matr,hust,pytorch_1d_cnn,100,42,hust,hust_9-2,1679.0,2065.999578786437
matr_to_hust,naive_cross,matr,hust,pytorch_1d_cnn,100,42,hust,hust_9-3,1526.0,1417.3201260174171
matr_to_hust,naive_cross,matr,hust,pytorch_1d_cnn,100,42,hust,hust_9-4,1589.0,1465.8334281447676
matr_to_hust,naive_cross,matr,hust,pytorch_1d_cnn,100,42,hust,hust_9-5,1719.0,1435.3761297896217
matr_to_hust,naive_cross,matr,hust,pytorch_1d_cnn,100,42,hust,hust_9-6,1381.0,2030.332549173414
matr_to_hust,naive_cross,matr,hust,pytorch_1d_cnn,100,42,hust,hust_9-7,1617.0,2065.999578786437
matr_to_hust,naive_cross,matr,hust,pytorch_1d_cnn,100,42,hust,hust_9-8,1839.0,1715.0907594198356
matr_to_hust,naive_cross,matr,hust,pytorch_1d_cnn,100,456,hust,hust_1-1,1198.0,617.9313063139596
matr_to_hust,naive_cross,matr,hust,pytorch_1d_cnn,100,456,hust,hust_1-2,1966.0,632.430704073598
matr_to_hust,naive_cross,matr,hust,pytorch_1d_cnn,100,456,hust,hust_1-3,1513.0,680.1686448379695
matr_to_hust,naive_cross,matr,hust,pytorch_1d_cnn,100,456,hust,hust_1-4,1213.0,694.3488306465032
matr_to_hust,naive_cross,matr,hust,pytorch_1d_cnn,100,456,hust,hust_1-5,1538.0,691.8925149150158
matr_to_hust,naive_cross,matr,hust,pytorch_1d_cnn,100,456,hust,hust_1-6,829.0,606.8087185305086
matr_to_hust,naive_cross,matr,hust,pytorch_1d_cnn,100,456,hust,hust_1-7,1321.0,625.4609890062102
matr_to_hust,naive_cross,matr,hust,pytorch_1d_cnn,100,456,hust,hust_1-8,1733.0,648.8057848794872
matr_to_hust,naive_cross,matr,hust,pytorch_1d_cnn,100,456,hust,hust_10-1,1378.0,617.85470138461
matr_to_hust,naive_cross,matr,hust,pytorch_1d_cnn,100,456,hust,hust_10-2,1375.0,726.1330545318452
matr_to_hust,naive_cross,matr,hust,pytorch_1d_cnn,100,456,hust,hust_10-3,1477.0,620.2179056860377
matr_to_hust,naive_cross,matr,hust,pytorch_1d_cnn,100,456,hust,hust_10-4,1489.0,642.4519172016503
matr_to_hust,naive_cross,matr,hust,pytorch_1d_cnn,100,456,hust,hust_10-5,1657.0,655.1959361003446
matr_to_hust,naive_cross,matr,hust,pytorch_1d_cnn,100,456,hust,hust_10-6,1659.0,645.0562119954274
matr_to_hust,naive_cross,matr,hust,pytorch_1d_cnn,100,456,hust,hust_10-7,1435.0,624.3072573560347
matr_to_hust,naive_cross,matr,hust,pytorch_1d_cnn,100,456,hust,hust_10-8,1093.0,632.3094859752334
matr_to_hust,naive_cross,matr,hust,pytorch_1d_cnn,100,456,hust,hust_2-2,2021.0,603.7277665832174
matr_to_hust,naive_cross,matr,hust,pytorch_1d_cnn,100,456,hust,hust_2-3,1413.0,612.7081009436894
matr_to_hust,naive_cross,matr,hust,pytorch_1d_cnn,100,456,hust,hust_2-4,1165.0,632.8304058870406
matr_to_hust,naive_cross,matr,hust,pytorch_1d_cnn,100,456,hust,hust_2-5,1092.0,620.6116644842696
matr_to_hust,naive_cross,matr,hust,pytorch_1d_cnn,100,456,hust,hust_2-6,1297.0,658.5370290029812
matr_to_hust,naive_cross,matr,hust,pytorch_1d_cnn,100,456,hust,hust_2-7,1789.0,638.3213249556064
matr_to_hust,naive_cross,matr,hust,pytorch_1d_cnn,100,456,hust,hust_2-8,1192.0,630.0353857830185
matr_to_hust,naive_cross,matr,hust,pytorch_1d_cnn,100,456,hust,hust_3-1,1571.0,619.9384915626052
matr_to_hust,naive_cross,matr,hust,pytorch_1d_cnn,100,456,hust,hust_3-2,1773.0,629.0657622401925
matr_to_hust,naive_cross,matr,hust,pytorch_1d_cnn,100,456,hust,hust_3-3,1360.0,651.0821260665174
matr_to_hust,naive_cross,matr,hust,pytorch_1d_cnn,100,456,hust,hust_3-4,1396.0,620.4894571379319
matr_to_hust,naive_cross,matr,hust,pytorch_1d_cnn,100,456,hust,hust_3-5,1879.0,619.2412450421423
matr_to_hust,naive_cross,matr,hust,pytorch_1d_cnn,100,456,hust,hust_3-6,1979.0,690.2649570177748
matr_to_hust,naive_cross,matr,hust,pytorch_1d_cnn,100,456,hust,hust_3-7,1870.0,616.9991399639878
matr_to_hust,naive_cross,matr,hust,pytorch_1d_cnn,100,456,hust,hust_3-8,1856.0,683.7123894170377
matr_to_hust,naive_cross,matr,hust,pytorch_1d_cnn,100,456,hust,hust_4-1,1762.0,623.7172113467225
matr_to_hust,naive_cross,matr,hust,pytorch_1d_cnn,100,456,hust,hust_4-2,1453.0,931.3175496964427
matr_to_hust,naive_cross,matr,hust,pytorch_1d_cnn,100,456,hust,hust_4-3,931.0,627.4256125586769
matr_to_hust,naive_cross,matr,hust,pytorch_1d_cnn,100,456,hust,hust_4-4,1204.0,620.91092255216
matr_to_hust,naive_cross,matr,hust,pytorch_1d_cnn,100,456,hust,hust_4-5,1220.0,616.1432942623728
matr_to_hust,naive_cross,matr,hust,pytorch_1d_cnn,100,456,hust,hust_4-6,1089.0,624.0251082646821
matr_to_hust,naive_cross,matr,hust,pytorch_1d_cnn,100,456,hust,hust_4-7,1579.0,626.7620835826931
matr_to_hust,naive_cross,matr,hust,pytorch_1d_cnn,100,456,hust,hust_4-8,1389.0,640.2081915158941
matr_to_hust,naive_cross,matr,hust,pytorch_1d_cnn,100,456,hust,hust_5-1,1832.0,620.3796981754389
matr_to_hust,naive_cross,matr,hust,pytorch_1d_cnn,100,456,hust,hust_5-2,1574.0,595.8042231462388
matr_to_hust,naive_cross,matr,hust,pytorch_1d_cnn,100,456,hust,hust_5-3,2024.0,620.3338477555523
matr_to_hust,naive_cross,matr,hust,pytorch_1d_cnn,100,456,hust,hust_5-4,1520.0,630.1723941508873
matr_to_hust,naive_cross,matr,hust,pytorch_1d_cnn,100,456,hust,hust_5-5,1242.0,644.1623695285111
matr_to_hust,naive_cross,matr,hust,pytorch_1d_cnn,100,456,hust,hust_5-6,1807.0,643.1480034019786
matr_to_hust,naive_cross,matr,hust,pytorch_1d_cnn,100,456,hust,hust_5-7,1171.0,644.3645128833256
matr_to_hust,naive_cross,matr,hust,pytorch_1d_cnn,100,456,hust,hust_6-1,1255.0,629.7305289155956
matr_to_hust,naive_cross,matr,hust,pytorch_1d_cnn,100,456,hust,hust_6-2,1496.0,628.2000683980054
matr_to_hust,naive_cross,matr,hust,pytorch_1d_cnn,100,456,hust,hust_6-3,1437.0,582.2689137411684
matr_to_hust,naive_cross,matr,hust,pytorch_1d_cnn,100,456,hust,hust_6-4,1332.0,620.3589911145672
matr_to_hust,naive_cross,matr,hust,pytorch_1d_cnn,100,456,hust,hust_6-5,1686.0,630.5544322070829
matr_to_hust,naive_cross,matr,hust,pytorch_1d_cnn,100,456,hust,hust_6-6,1924.0,640.5932591172378
matr_to_hust,naive_cross,matr,hust,pytorch_1d_cnn,100,456,hust,hust_6-8,1700.0,654.2131701652744
matr_to_hust,naive_cross,matr,hust,pytorch_1d_cnn,100,456,hust,hust_7-1,1308.0,603.5829803915591
matr_to_hust,naive_cross,matr,hust,pytorch_1d_cnn,100,456,hust,hust_7-2,1637.0,658.9522876058102
matr_to_hust,naive_cross,matr,hust,pytorch_1d_cnn,100,456,hust,hust_7-3,1063.0,630.4946013608944
matr_to_hust,naive_cross,matr,hust,pytorch_1d_cnn,100,456,hust,hust_7-4,1148.0,645.338638460892
matr_to_hust,naive_cross,matr,hust,pytorch_1d_cnn,100,456,hust,hust_7-5,1528.0,703.8422944334247
matr_to_hust,naive_cross,matr,hust,pytorch_1d_cnn,100,456,hust,hust_7-6,1162.0,623.1149465239102
matr_to_hust,naive_cross,matr,hust,pytorch_1d_cnn,100,456,hust,hust_7-7,1367.0,645.1924873278007
matr_to_hust,naive_cross,matr,hust,pytorch_1d_cnn,100,456,hust,hust_7-8,1566.0,565.8647343487447
matr_to_hust,naive_cross,matr,hust,pytorch_1d_cnn,100,456,hust,hust_8-1,1062.0,626.9145224774273
matr_to_hust,naive_cross,matr,hust,pytorch_1d_cnn,100,456,hust,hust_8-2,1564.0,614.4474681838583
matr_to_hust,naive_cross,matr,hust,pytorch_1d_cnn,100,456,hust,hust_8-3,1844.0,622.2850370946057
matr_to_hust,naive_cross,matr,hust,pytorch_1d_cnn,100,456,hust,hust_8-4,1517.0,628.7328925973923
matr_to_hust,naive_cross,matr,hust,pytorch_1d_cnn,100,456,hust,hust_8-5,1089.0,630.6677956587127
matr_to_hust,naive_cross,matr,hust,pytorch_1d_cnn,100,456,hust,hust_8-6,1746.0,630.5258690346001
matr_to_hust,naive_cross,matr,hust,pytorch_1d_cnn,100,456,hust,hust_8-7,1593.0,629.953675677066
matr_to_hust,naive_cross,matr,hust,pytorch_1d_cnn,100,456,hust,hust_8-8,1351.0,622.369016962723
matr_to_hust,naive_cross,matr,hust,pytorch_1d_cnn,100,456,hust,hust_9-1,1647.0,685.8871304792983
matr_to_hust,naive_cross,matr,hust,pytorch_1d_cnn,100,456,hust,hust_9-2,1679.0,675.2360491283887
matr_to_hust,naive_cross,matr,hust,pytorch_1d_cnn,100,456,hust,hust_9-3,1526.0,635.2272634419165
matr_to_hust,naive_cross,matr,hust,pytorch_1d_cnn,100,456,hust,hust_9-4,1589.0,652.7996798754724
matr_to_hust,naive_cross,matr,hust,pytorch_1d_cnn,100,456,hust,hust_9-5,1719.0,678.2749303054281
matr_to_hust,naive_cross,matr,hust,pytorch_1d_cnn,100,456,hust,hust_9-6,1381.0,747.4028484246576
matr_to_hust,naive_cross,matr,hust,pytorch_1d_cnn,100,456,hust,hust_9-7,1617.0,800.4831422384993
matr_to_hust,naive_cross,matr,hust,pytorch_1d_cnn,100,456,hust,hust_9-8,1839.0,639.3549063333777
matr_to_hust,naive_cross,matr,hust,pytorch_1d_cnn,100,789,hust,hust_1-1,1198.0,1740.6754445696715
matr_to_hust,naive_cross,matr,hust,pytorch_1d_cnn,100,789,hust,hust_1-2,1966.0,1565.6169343446154
matr_to_hust,naive_cross,matr,hust,pytorch_1d_cnn,100,789,hust,hust_1-3,1513.0,1261.704939116852
matr_to_hust,naive_cross,matr,hust,pytorch_1d_cnn,100,789,hust,hust_1-4,1213.0,1545.237193904109
matr_to_hust,naive_cross,matr,hust,pytorch_1d_cnn,100,789,hust,hust_1-5,1538.0,1607.719789145709
matr_to_hust,naive_cross,matr,hust,pytorch_1d_cnn,100,789,hust,hust_1-6,829.0,910.9256052860488
matr_to_hust,naive_cross,matr,hust,pytorch_1d_cnn,100,789,hust,hust_1-7,1321.0,1728.3454024445946
matr_to_hust,naive_cross,matr,hust,pytorch_1d_cnn,100,789,hust,hust_1-8,1733.0,2065.999578786437
matr_to_hust,naive_cross,matr,hust,pytorch_1d_cnn,100,789,hust,hust_10-1,1378.0,1873.2219077032219
matr_to_hust,naive_cross,matr,hust,pytorch_1d_cnn,100,789,hust,hust_10-2,1375.0,1143.171393984837
matr_to_hust,naive_cross,matr,hust,pytorch_1d_cnn,100,789,hust,hust_10-3,1477.0,1717.3256780060638
matr_to_hust,naive_cross,matr,hust,pytorch_1d_cnn,100,789,hust,hust_10-4,1489.0,1006.0234515610315
matr_to_hust,naive_cross,matr,hust,pytorch_1d_cnn,100,789,hust,hust_10-5,1657.0,1146.0455323400633
matr_to_hust,naive_cross,matr,hust,pytorch_1d_cnn,100,789,hust,hust_10-6,1659.0,1629.5280057024356
matr_to_hust,naive_cross,matr,hust,pytorch_1d_cnn,100,789,hust,hust_10-7,1435.0,982.7100401050419
matr_to_hust,naive_cross,matr,hust,pytorch_1d_cnn,100,789,hust,hust_10-8,1093.0,1556.0509439802076
matr_to_hust,naive_cross,matr,hust,pytorch_1d_cnn,100,789,hust,hust_2-2,2021.0,1462.200529600173
matr_to_hust,naive_cross,matr,hust,pytorch_1d_cnn,100,789,hust,hust_2-3,1413.0,1732.1331705185567
matr_to_hust,naive_cross,matr,hust,pytorch_1d_cnn,100,789,hust,hust_2-4,1165.0,1561.86482656454
matr_to_hust,naive_cross,matr,hust,pytorch_1d_cnn,100,789,hust,hust_2-5,1092.0,1215.2348193611947
matr_to_hust,naive_cross,matr,hust,pytorch_1d_cnn,100,789,hust,hust_2-6,1297.0,1319.363961604052
matr_to_hust,naive_cross,matr,hust,pytorch_1d_cnn,100,789,hust,hust_2-7,1789.0,1353.4369008327428
matr_to_hust,naive_cross,matr,hust,pytorch_1d_cnn,100,789,hust,hust_2-8,1192.0,1621.7391877568898
matr_to_hust,naive_cross,matr,hust,pytorch_1d_cnn,100,789,hust,hust_3-1,1571.0,1124.0923165132515
matr_to_hust,naive_cross,matr,hust,pytorch_1d_cnn,100,789,hust,hust_3-2,1773.0,966.8371880883135
matr_to_hust,naive_cross,matr,hust,pytorch_1d_cnn,100,789,hust,hust_3-3,1360.0,1600.512892011814
matr_to_hust,naive_cross,matr,hust,pytorch_1d_cnn,100,789,hust,hust_3-4,1396.0,1430.7369751464573
matr_to_hust,naive_cross,matr,hust,pytorch_1d_cnn,100,789,hust,hust_3-5,1879.0,1443.647380000772
matr_to_hust,naive_cross,matr,hust,pytorch_1d_cnn,100,789,hust,hust_3-6,1979.0,1314.0209833339313
matr_to_hust,naive_cross,matr,hust,pytorch_1d_cnn,100,789,hust,hust_3-7,1870.0,1896.9384453615646
matr_to_hust,naive_cross,matr,hust,pytorch_1d_cnn,100,789,hust,hust_3-8,1856.0,1273.6632561743959
matr_to_hust,naive_cross,matr,hust,pytorch_1d_cnn,100,789,hust,hust_4-1,1762.0,1624.249732046523
matr_to_hust,naive_cross,matr,hust,pytorch_1d_cnn,100,789,hust,hust_4-2,1453.0,2065.999578786437
matr_to_hust,naive_cross,matr,hust,pytorch_1d_cnn,100,789,hust,hust_4-3,931.0,1570.8889283411313
matr_to_hust,naive_cross,matr,hust,pytorch_1d_cnn,100,789,hust,hust_4-4,1204.0,1630.1963795093882
matr_to_hust,naive_cross,matr,hust,pytorch_1d_cnn,100,789,hust,hust_4-5,1220.0,1548.6665000256223
matr_to_hust,naive_cross,matr,hust,pytorch_1d_cnn,100,789,hust,hust_4-6,1089.0,1436.1750943358445
matr_to_hust,naive_cross,matr,hust,pytorch_1d_cnn,100,789,hust,hust_4-7,1579.0,1593.166603943098
matr_to_hust,naive_cross,matr,hust,pytorch_1d_cnn,100,789,hust,hust_4-8,1389.0,1195.236824984349
matr_to_hust,naive_cross,matr,hust,pytorch_1d_cnn,100,789,hust,hust_5-1,1832.0,1813.3575566618808
matr_to_hust,naive_cross,matr,hust,pytorch_1d_cnn,100,789,hust,hust_5-2,1574.0,1485.2764130571036
matr_to_hust,naive_cross,matr,hust,pytorch_1d_cnn,100,789,hust,hust_5-3,2024.0,1546.125324982059
matr_to_hust,naive_cross,matr,hust,pytorch_1d_cnn,100,789,hust,hust_5-4,1520.0,2065.999578786437
matr_to_hust,naive_cross,matr,hust,pytorch_1d_cnn,100,789,hust,hust_5-5,1242.0,1671.4340733763918
matr_to_hust,naive_cross,matr,hust,pytorch_1d_cnn,100,789,hust,hust_5-6,1807.0,1667.6358994792179
matr_to_hust,naive_cross,matr,hust,pytorch_1d_cnn,100,789,hust,hust_5-7,1171.0,1663.881265820581
matr_to_hust,naive_cross,matr,hust,pytorch_1d_cnn,100,789,hust,hust_6-1,1255.0,1708.6657706697197
matr_to_hust,naive_cross,matr,hust,pytorch_1d_cnn,100,789,hust,hust_6-2,1496.0,1532.959856497623
matr_to_hust,naive_cross,matr,hust,pytorch_1d_cnn,100,789,hust,hust_6-3,1437.0,1358.5818563158448
matr_to_hust,naive_cross,matr,hust,pytorch_1d_cnn,100,789,hust,hust_6-4,1332.0,1716.6772437767547
matr_to_hust,naive_cross,matr,hust,pytorch_1d_cnn,100,789,hust,hust_6-5,1686.0,1807.2175329716383
matr_to_hust,naive_cross,matr,hust,pytorch_1d_cnn,100,789,hust,hust_6-6,1924.0,1473.0778582688229
matr_to_hust,naive_cross,matr,hust,pytorch_1d_cnn,100,789,hust,hust_6-8,1700.0,1311.8441904458164
matr_to_hust,naive_cross,matr,hust,pytorch_1d_cnn,100,789,hust,hust_7-1,1308.0,1614.5633692048727
matr_to_hust,naive_cross,matr,hust,pytorch_1d_cnn,100,789,hust,hust_7-2,1637.0,662.9988415839265
matr_to_hust,naive_cross,matr,hust,pytorch_1d_cnn,100,789,hust,hust_7-3,1063.0,1845.0088499425112
matr_to_hust,naive_cross,matr,hust,pytorch_1d_cnn,100,789,hust,hust_7-4,1148.0,1710.299320722787
matr_to_hust,naive_cross,matr,hust,pytorch_1d_cnn,100,789,hust,hust_7-5,1528.0,1089.781452027295
matr_to_hust,naive_cross,matr,hust,pytorch_1d_cnn,100,789,hust,hust_7-6,1162.0,1554.1526266069327
matr_to_hust,naive_cross,matr,hust,pytorch_1d_cnn,100,789,hust,hust_7-7,1367.0,1827.533709558235
matr_to_hust,naive_cross,matr,hust,pytorch_1d_cnn,100,789,hust,hust_7-8,1566.0,1169.8211931296942
matr_to_hust,naive_cross,matr,hust,pytorch_1d_cnn,100,789,hust,hust_8-1,1062.0,1728.8267668220467
matr_to_hust,naive_cross,matr,hust,pytorch_1d_cnn,100,789,hust,hust_8-2,1564.0,1582.6412002893715
matr_to_hust,naive_cross,matr,hust,pytorch_1d_cnn,100,789,hust,hust_8-3,1844.0,1153.4429195225161
matr_to_hust,naive_cross,matr,hust,pytorch_1d_cnn,100,789,hust,hust_8-4,1517.0,1909.6260269620113
matr_to_hust,naive_cross,matr,hust,pytorch_1d_cnn,100,789,hust,hust_8-5,1089.0,1730.9598995624447
matr_to_hust,naive_cross,matr,hust,pytorch_1d_cnn,100,789,hust,hust_8-6,1746.0,1681.3028789917573
matr_to_hust,naive_cross,matr,hust,pytorch_1d_cnn,100,789,hust,hust_8-7,1593.0,2065.999578786437
matr_to_hust,naive_cross,matr,hust,pytorch_1d_cnn,100,789,hust,hust_8-8,1351.0,1247.6033662647824
matr_to_hust,naive_cross,matr,hust,pytorch_1d_cnn,100,789,hust,hust_9-1,1647.0,1156.1912607855945
matr_to_hust,naive_cross,matr,hust,pytorch_1d_cnn,100,789,hust,hust_9-2,1679.0,1829.490258487761
matr_to_hust,naive_cross,matr,hust,pytorch_1d_cnn,100,789,hust,hust_9-3,1526.0,1022.5298844014334
matr_to_hust,naive_cross,matr,hust,pytorch_1d_cnn,100,789,hust,hust_9-4,1589.0,1169.1642725044678
matr_to_hust,naive_cross,matr,hust,pytorch_1d_cnn,100,789,hust,hust_9-5,1719.0,1303.077327430247
matr_to_hust,naive_cross,matr,hust,pytorch_1d_cnn,100,789,hust,hust_9-6,1381.0,1365.5215014660448
matr_to_hust,naive_cross,matr,hust,pytorch_1d_cnn,100,789,hust,hust_9-7,1617.0,2065.999578786437
matr_to_hust,naive_cross,matr,hust,pytorch_1d_cnn,100,789,hust,hust_9-8,1839.0,1014.8816799797862
matr_to_luh,naive_cross,matr,luh,pytorch_1d_cnn,100,1011,luh,luh_P017_1_S01_C08,139.0,478.7437407742443
matr_to_luh,naive_cross,matr,luh,pytorch_1d_cnn,100,1011,luh,luh_P017_2_S04_C07,127.0,462.94203525585806
matr_to_luh,naive_cross,matr,luh,pytorch_1d_cnn,100,1011,luh,luh_P017_3_S05_C05,126.0,463.84887192511894
matr_to_luh,naive_cross,matr,luh,pytorch_1d_cnn,100,1011,luh,luh_P018_1_S01_C06,109.0,453.1630277942674
matr_to_luh,naive_cross,matr,luh,pytorch_1d_cnn,100,1011,luh,luh_P018_2_S02_C06,107.0,453.4016484043638
matr_to_luh,naive_cross,matr,luh,pytorch_1d_cnn,100,1011,luh,luh_P018_3_S04_C05,107.0,455.07030667785966
matr_to_luh,naive_cross,matr,luh,pytorch_1d_cnn,100,1011,luh,luh_P019_1_S01_C04,63.0,247.0000272144329
matr_to_luh,naive_cross,matr,luh,pytorch_1d_cnn,100,1011,luh,luh_P019_2_S02_C04,62.0,247.0000272144329
matr_to_luh,naive_cross,matr,luh,pytorch_1d_cnn,100,1011,luh,luh_P019_3_S05_C02,60.0,247.0000272144329
matr_to_luh,naive_cross,matr,luh,pytorch_1d_cnn,100,1011,luh,luh_P021_1_S02_C08,451.0,604.7096586537223
matr_to_luh,naive_cross,matr,luh,pytorch_1d_cnn,100,1011,luh,luh_P021_2_S03_C08,428.0,615.3567065344731
matr_to_luh,naive_cross,matr,luh,pytorch_1d_cnn,100,1011,luh,luh_P021_3_S04_C08,430.0,607.9182274349361
matr_to_luh,naive_cross,matr,luh,pytorch_1d_cnn,100,1011,luh,luh_P022_1_S03_C06,341.0,566.921546499455
matr_to_luh,naive_cross,matr,luh,pytorch_1d_cnn,100,1011,luh,luh_P022_2_S04_C06,344.0,598.6374651022085
matr_to_luh,naive_cross,matr,luh,pytorch_1d_cnn,100,1011,luh,luh_P022_3_S05_C04,314.0,589.1507755436046
matr_to_luh,naive_cross,matr,luh,pytorch_1d_cnn,100,1011,luh,luh_P023_1_S03_C04,82.0,247.0000272144329
matr_to_luh,naive_cross,matr,luh,pytorch_1d_cnn,100,1011,luh,luh_P023_2_S04_C04,72.0,247.0000272144329
matr_to_luh,naive_cross,matr,luh,pytorch_1d_cnn,100,1011,luh,luh_P023_3_S05_C03,79.0,247.0000272144329
matr_to_luh,naive_cross,matr,luh,pytorch_1d_cnn,100,1011,luh,luh_P025_1_S01_C09,718.0,630.6807270023809
matr_to_luh,naive_cross,matr,luh,pytorch_1d_cnn,100,1011,luh,luh_P025_2_S02_C09,690.0,627.8865187293582
matr_to_luh,naive_cross,matr,luh,pytorch_1d_cnn,100,1011,luh,luh_P025_3_S03_C09,702.0,621.5987857227527
matr_to_luh,naive_cross,matr,luh,pytorch_1d_cnn,100,1011,luh,luh_P026_1_S01_C07,581.0,608.7458121711998
matr_to_luh,naive_cross,matr,luh,pytorch_1d_cnn,100,1011,luh,luh_P026_2_S02_C07,613.0,621.260979951407
matr_to_luh,naive_cross,matr,luh,pytorch_1d_cnn,100,1011,luh,luh_P026_3_S03_C07,563.0,599.2529315962281
matr_to_luh,naive_cross,matr,luh,pytorch_1d_cnn,100,1011,luh,luh_P027_1_S01_C05,269.0,631.3210095057144
matr_to_luh,naive_cross,matr,luh,pytorch_1d_cnn,100,1011,luh,luh_P027_2_S02_C05,285.0,624.182834124788
matr_to_luh,naive_cross,matr,luh,pytorch_1d_cnn,100,1011,luh,luh_P027_3_S03_C05,298.0,618.0860182976479
matr_to_luh,naive_cross,matr,luh,pytorch_1d_cnn,100,1011,luh,luh_P029_1_S06_C08,132.0,506.8672185952655
matr_to_luh,naive_cross,matr,luh,pytorch_1d_cnn,100,1011,luh,luh_P029_2_S08_C07,135.0,485.5826278110919
matr_to_luh,naive_cross,matr,luh,pytorch_1d_cnn,100,1011,luh,luh_P029_3_S09_C07,135.0,459.7362265680545
matr_to_luh,naive_cross,matr,luh,pytorch_1d_cnn,100,1011,luh,luh_P030_1_S06_C06,118.0,460.0778971619981
matr_to_luh,naive_cross,matr,luh,pytorch_1d_cnn,100,1011,luh,luh_P030_2_S08_C05,123.0,448.58307079617776
matr_to_luh,naive_cross,matr,luh,pytorch_1d_cnn,100,1011,luh,luh_P030_3_S09_C05,123.0,448.1157266566616
matr_to_luh,naive_cross,matr,luh,pytorch_1d_cnn,100,1011,luh,luh_P031_1_S06_C04,97.0,414.0156196688089
matr_to_luh,naive_cross,matr,luh,pytorch_1d_cnn,100,1011,luh,luh_P031_2_S07_C04,94.0,407.8389491674919
matr_to_luh,naive_cross,matr,luh,pytorch_1d_cnn,100,1011,luh,luh_P031_3_S09_C03,90.0,366.6541177859302
matr_to_luh,naive_cross,matr,luh,pytorch_1d_cnn,100,1011,luh,luh_P033_1_S07_C08,524.0,605.7029675135532
matr_to_luh,naive_cross,matr,luh,pytorch_1d_cnn,100,1011,luh,luh_P033_2_S08_C08,508.0,603.5326156041768
matr_to_luh,naive_cross,matr,luh,pytorch_1d_cnn,100,1011,luh,luh_P033_3_S09_C08,523.0,605.9381139950589
matr_to_luh,naive_cross,matr,luh,pytorch_1d_cnn,100,1011,luh,luh_P034_1_S07_C06,446.0,603.9321958675873
matr_to_luh,naive_cross,matr,luh,pytorch_1d_cnn,100,1011,luh,luh_P034_2_S08_C06,448.0,596.9619240330488
matr_to_luh,naive_cross,matr,luh,pytorch_1d_cnn,100,1011,luh,luh_P034_3_S09_C06,440.0,609.7879110270579
matr_to_luh,naive_cross,matr,luh,pytorch_1d_cnn,100,1011,luh,luh_P035_1_S08_C04,279.0,636.4242388276404
matr_to_luh,naive_cross,matr,luh,pytorch_1d_cnn,100,1011,luh,luh_P035_2_S09_C04,360.0,640.9816147573717
matr_to_luh,naive_cross,matr,luh,pytorch_1d_cnn,100,1011,luh,luh_P035_3_S10_C02,342.0,657.7380321029066
matr_to_luh,naive_cross,matr,luh,pytorch_1d_cnn,100,1011,luh,luh_P037_1_S05_C11,741.0,645.1964868129749
matr_to_luh,naive_cross,matr,luh,pytorch_1d_cnn,100,1011,luh,luh_P037_3_S10_C04,783.0,653.8928727144483
matr_to_luh,naive_cross,matr,luh,pytorch_1d_cnn,100,1011,luh,luh_P038_1_S06_C07,734.0,624.2786794918845
matr_to_luh,naive_cross,matr,luh,pytorch_1d_cnn,100,1011,luh,luh_P038_2_S07_C07,816.0,632.802644847152
matr_to_luh,naive_cross,matr,luh,pytorch_1d_cnn,100,1011,luh,luh_P038_3_S10_C03,697.0,634.52522665
matr_to_luh,naive_cross,matr,luh,pytorch_1d_cnn,100,1011,luh,luh_P039_1_S05_C10,552.0,637.485753298695
matr_to_luh,naive_cross,matr,luh,pytorch_1d_cnn,100,1011,luh,luh_P039_2_S06_C05,588.0,654.4992937534292
matr_to_luh,naive_cross,matr,luh,pytorch_1d_cnn,100,1011,luh,luh_P039_3_S07_C05,547.0,654.3857030033016
matr_to_luh,naive_cross,matr,luh,pytorch_1d_cnn,100,1011,luh,luh_P041_1_S11_C08,236.0,681.4200856200167
matr_to_luh,naive_cross,matr,luh,pytorch_1d_cnn,100,1011,luh,luh_P041_2_S13_C07,220.0,617.8414438032494
matr_to_luh,naive_cross,matr,luh,pytorch_1d_cnn,100,1011,luh,luh_P041_3_S14_C07,237.0,695.0835796772922
matr_to_luh,naive_cross,matr,luh,pytorch_1d_cnn,100,1011,luh,luh_P042_1_S11_C06,180.0,594.0462442345906
matr_to_luh,naive_cross,matr,luh,pytorch_1d_cnn,100,1011,luh,luh_P042_2_S13_C05,204.0,628.1656211919216
matr_to_luh,naive_cross,matr,luh,pytorch_1d_cnn,100,1011,luh,luh_P042_3_S14_C05,197.0,673.8458947433725
matr_to_luh,naive_cross,matr,luh,pytorch_1d_cnn,100,1011,luh,luh_P043_1_S11_C04,160.0,596.1645728937377
matr_to_luh,naive_cross,matr,luh,pytorch_1d_cnn,100,1011,luh,luh_P043_2_S12_C04,156.0,574.9361632099243
matr_to_luh,naive_cross,matr,luh,pytorch_1d_cnn,100,1011,luh,luh_P043_3_S14_C03,153.0,598.2833232338603
matr_to_luh,naive_cross,matr,luh,pytorch_1d_cnn,100,1011,luh,luh_P045_1_S12_C08,975.0,616.3057870950435
matr_to_luh,naive_cross,matr,luh,pytorch_1d_cnn,100,1011,luh,luh_P045_2_S13_C08,980.0,614.5989634025912
matr_to_luh,naive_cross,matr,luh,pytorch_1d_cnn,100,1011,luh,luh_P045_3_S14_C08,845.0,637.7137767412821
matr_to_luh,naive_cross,matr,luh,pytorch_1d_cnn,100,1011,luh,luh_P046_1_S12_C06,1095.0,631.4384249763214
matr_to_luh,naive_cross,matr,luh,pytorch_1d_cnn,100,1011,luh,luh_P046_2_S13_C06,937.0,646.2288746214097
matr_to_luh,naive_cross,matr,luh,pytorch_1d_cnn,100,1011,luh,luh_P046_3_S14_C06,1044.0,616.2193931659426
matr_to_luh,naive_cross,matr,luh,pytorch_1d_cnn,100,1011,luh,luh_P047_1_S13_C04,1015.0,688.1626309957629
matr_to_luh,naive_cross,matr,luh,pytorch_1d_cnn,100,1011,luh,luh_P047_2_S14_C04,923.0,683.5301688184525
matr_to_luh,naive_cross,matr,luh,pytorch_1d_cnn,100,1011,luh,luh_P047_3_S15_C01,866.0,667.3148963640272
matr_to_luh,naive_cross,matr,luh,pytorch_1d_cnn,100,1011,luh,luh_P049_1_S10_C10,1466.0,660.1039405809511
matr_to_luh,naive_cross,matr,luh,pytorch_1d_cnn,100,1011,luh,luh_P049_3_S15_C02,1380.0,670.1366018837572
matr_to_luh,naive_cross,matr,luh,pytorch_1d_cnn,100,1011,luh,luh_P050_1_S10_C09,1615.0,661.9778560189623
matr_to_luh,naive_cross,matr,luh,pytorch_1d_cnn,100,1011,luh,luh_P050_2_S11_C07,1575.0,656.4659101158188
matr_to_luh,naive_cross,matr,luh,pytorch_1d_cnn,100,1011,luh,luh_P050_3_S12_C07,1555.0,656.6744194303864
matr_to_luh,naive_cross,matr,luh,pytorch_1d_cnn,100,1011,luh,luh_P051_1_S10_C08,1234.0,686.4800129001002
matr_to_luh,naive_cross,matr,luh,pytorch_1d_cnn,100,1011,luh,luh_P051_2_S11_C05,1318.0,673.7144898200432
matr_to_luh,naive_cross,matr,luh,pytorch_1d_cnn,100,1011,luh,luh_P051_3_S12_C05,1238.0,671.5540072213996
matr_to_luh,naive_cross,matr,luh,pytorch_1d_cnn,100,1011,luh,luh_P053_1_S15_C08,323.0,685.2493400232381
matr_to_luh,naive_cross,matr,luh,pytorch_1d_cnn,100,1011,luh,luh_P053_2_S16_C08,332.0,659.3200193103042
matr_to_luh,naive_cross,matr,luh,pytorch_1d_cnn,100,1011,luh,luh_P053_3_S19_C07,377.0,582.5871846761238
matr_to_luh,naive_cross,matr,luh,pytorch_1d_cnn,100,1011,luh,luh_P054_1_S16_C06,359.0,703.466837890049
matr_to_luh,naive_cross,matr,luh,pytorch_1d_cnn,100,1011,luh,luh_P054_2_S17_C06,376.0,679.9264137078484
matr_to_luh,naive_cross,matr,luh,pytorch_1d_cnn,100,1011,luh,luh_P054_3_S19_C05,384.0,729.9775377238591
matr_to_luh,naive_cross,matr,luh,pytorch_1d_cnn,100,1011,luh,luh_P055_1_S15_C05,354.0,779.9339615374545
matr_to_luh,naive_cross,matr,luh,pytorch_1d_cnn,100,1011,luh,luh_P055_2_S16_C04,350.0,796.3299871146581
matr_to_luh,naive_cross,matr,luh,pytorch_1d_cnn,100,1011,luh,luh_P055_3_S17_C04,351.0,783.0343279181993
matr_to_luh,naive_cross,matr,luh,pytorch_1d_cnn,100,1011,luh,luh_P057_1_S17_C08,555.0,648.8540491288148
matr_to_luh,naive_cross,matr,luh,pytorch_1d_cnn,100,1011,luh,luh_P057_2_S18_C08,556.0,646.1345888426205
matr_to_luh,naive_cross,matr,luh,pytorch_1d_cnn,100,1011,luh,luh_P057_3_S19_C08,539.0,605.7789323790598
matr_to_luh,naive_cross,matr,luh,pytorch_1d_cnn,100,1011,luh,luh_P058_1_S15_C07,707.0,635.3399522224598
matr_to_luh,naive_cross,matr,luh,pytorch_1d_cnn,100,1011,luh,luh_P058_2_S18_C06,672.0,622.3509143369229
matr_to_luh,naive_cross,matr,luh,pytorch_1d_cnn,100,1011,luh,luh_P058_3_S19_C06,712.0,664.8220083045552
matr_to_luh,naive_cross,matr,luh,pytorch_1d_cnn,100,1011,luh,luh_P059_1_S15_C06,605.0,668.667663352779
matr_to_luh,naive_cross,matr,luh,pytorch_1d_cnn,100,1011,luh,luh_P059_2_S18_C04,660.0,671.2661894241446
matr_to_luh,naive_cross,matr,luh,pytorch_1d_cnn,100,1011,luh,luh_P059_3_S19_C04,664.0,691.9782994483434
matr_to_luh,naive_cross,matr,luh,pytorch_1d_cnn,100,1011,luh,luh_P061_1_S16_C09,947.0,666.9465218534914
matr_to_luh,naive_cross,matr,luh,pytorch_1d_cnn,100,1011,luh,luh_P061_2_S17_C09,942.0,664.5636938539042
matr_to_luh,naive_cross,matr,luh,pytorch_1d_cnn,100,1011,luh,luh_P061_3_S18_C09,1033.0,644.8904440292117
matr_to_luh,naive_cross,matr,luh,pytorch_1d_cnn,100,1011,luh,luh_P062_1_S16_C07,1120.0,656.4734228149437
matr_to_luh,naive_cross,matr,luh,pytorch_1d_cnn,100,1011,luh,luh_P062_2_S17_C07,1148.0,651.5184687272381
matr_to_luh,naive_cross,matr,luh,pytorch_1d_cnn,100,1011,luh,luh_P062_3_S18_C07,1128.0,658.9485170613632
matr_to_luh,naive_cross,matr,luh,pytorch_1d_cnn,100,1011,luh,luh_P063_1_S16_C05,1149.0,686.2944366738259
matr_to_luh,naive_cross,matr,luh,pytorch_1d_cnn,100,1011,luh,luh_P063_2_S17_C05,1236.0,687.3224457520735
matr_to_luh,naive_cross,matr,luh,pytorch_1d_cnn,100,1011,luh,luh_P063_3_S18_C05,1335.0,688.3385373254433
matr_to_luh,naive_cross,matr,luh,pytorch_1d_cnn,100,123,luh,luh_P017_1_S01_C08,139.0,312.03829339775535
matr_to_luh,naive_cross,matr,luh,pytorch_1d_cnn,100,123,luh,luh_P017_2_S04_C07,127.0,291.0846228636308
matr_to_luh,naive_cross,matr,luh,pytorch_1d_cnn,100,123,luh,luh_P017_3_S05_C05,126.0,289.44710382764765
matr_to_luh,naive_cross,matr,luh,pytorch_1d_cnn,100,123,luh,luh_P018_1_S01_C06,109.0,268.00236057137704
matr_to_luh,naive_cross,matr,luh,pytorch_1d_cnn,100,123,luh,luh_P018_2_S02_C06,107.0,264.67651363982753
matr_to_luh,naive_cross,matr,luh,pytorch_1d_cnn,100,123,luh,luh_P018_3_S04_C05,107.0,264.18211597989
matr_to_luh,naive_cross,matr,luh,pytorch_1d_cnn,100,123,luh,luh_P019_1_S01_C04,63.0,132.99997114746813
matr_to_luh,naive_cross,matr,luh,pytorch_1d_cnn,100,123,luh,luh_P019_2_S02_C04,62.0,132.99997114746813
matr_to_luh,naive_cross,matr,luh,pytorch_1d_cnn,100,123,luh,luh_P019_3_S05_C02,60.0,132.99997114746813
matr_to_luh,naive_cross,matr,luh,pytorch_1d_cnn,100,123,luh,luh_P021_1_S02_C08,451.0,528.7543857894678
matr_to_luh,naive_cross,matr,luh,pytorch_1d_cnn,100,123,luh,luh_P021_2_S03_C08,428.0,517.2602452096181
matr_to_luh,naive_cross,matr,luh,pytorch_1d_cnn,100,123,luh,luh_P021_3_S04_C08,430.0,523.2427619776835
matr_to_luh,naive_cross,matr,luh,pytorch_1d_cnn,100,123,luh,luh_P022_1_S03_C06,341.0,475.5906270406072
matr_to_luh,naive_cross,matr,luh,pytorch_1d_cnn,100,123,luh,luh_P022_2_S04_C06,344.0,485.7868924290651
matr_to_luh,naive_cross,matr,luh,pytorch_1d_cnn,100,123,luh,luh_P022_3_S05_C04,314.0,466.55268946115046
matr_to_luh,naive_cross,matr,luh,pytorch_1d_cnn,100,123,luh,luh_P023_1_S03_C04,82.0,132.99997114746813
matr_to_luh,naive_cross,matr,luh,pytorch_1d_cnn,100,123,luh,luh_P023_2_S04_C04,72.0,132.99997114746813
matr_to_luh,naive_cross,matr,luh,pytorch_1d_cnn,100,123,luh,luh_P023_3_S05_C03,79.0,132.99997114746813
matr_to_luh,naive_cross,matr,luh,pytorch_1d_cnn,100,123,luh,luh_P025_1_S01_C09,718.0,639.0510250006145
matr_to_luh,naive_cross,matr,luh,pytorch_1d_cnn,100,123,luh,luh_P025_2_S02_C09,690.0,631.7959238920117
matr_to_luh,naive_cross,matr,luh,pytorch_1d_cnn,100,123,luh,luh_P025_3_S03_C09,702.0,633.4323955940175
matr_to_luh,naive_cross,matr,luh,pytorch_1d_cnn,100,123,luh,luh_P026_1_S01_C07,581.0,600.9085411744982
matr_to_luh,naive_cross,matr,luh,pytorch_1d_cnn,100,123,luh,luh_P026_2_S02_C07,613.0,613.3219484112327
matr_to_luh,naive_cross,matr,luh,pytorch_1d_cnn,100,123,luh,luh_P026_3_S03_C07,563.0,598.5578291276588
matr_to_luh,naive_cross,matr,luh,pytorch_1d_cnn,100,123,luh,luh_P027_1_S01_C05,269.0,580.1064561445289
matr_to_luh,naive_cross,matr,luh,pytorch_1d_cnn,100,123,luh,luh_P027_2_S02_C05,285.0,592.8956113588961
matr_to_luh,naive_cross,matr,luh,pytorch_1d_cnn,100,123,luh,luh_P027_3_S03_C05,298.0,579.727615549829
matr_to_luh,naive_cross,matr,luh,pytorch_1d_cnn,100,123,luh,luh_P029_1_S06_C08,132.0,314.7235641044316
matr_to_luh,naive_cross,matr,luh,pytorch_1d_cnn,100,123,luh,luh_P029_2_S08_C07,135.0,312.2006671051807
matr_to_luh,naive_cross,matr,luh,pytorch_1d_cnn,100,123,luh,luh_P029_3_S09_C07,135.0,304.3910480854723
matr_to_luh,naive_cross,matr,luh,pytorch_1d_cnn,100,123,luh,luh_P030_1_S06_C06,118.0,283.9759472026035
matr_to_luh,naive_cross,matr,luh,pytorch_1d_cnn,100,123,luh,luh_P030_2_S08_C05,123.0,282.956921806123
matr_to_luh,naive_cross,matr,luh,pytorch_1d_cnn,100,123,luh,luh_P030_3_S09_C05,123.0,283.12198244080116
matr_to_luh,naive_cross,matr,luh,pytorch_1d_cnn,100,123,luh,luh_P031_1_S06_C04,97.0,226.48850797932798
matr_to_luh,naive_cross,matr,luh,pytorch_1d_cnn,100,123,luh,luh_P031_2_S07_C04,94.0,219.93058578056764
matr_to_luh,naive_cross,matr,luh,pytorch_1d_cnn,100,123,luh,luh_P031_3_S09_C03,90.0,201.0160550789411
matr_to_luh,naive_cross,matr,luh,pytorch_1d_cnn,100,123,luh,luh_P033_1_S07_C08,524.0,541.6112599307107
matr_to_luh,naive_cross,matr,luh,pytorch_1d_cnn,100,123,luh,luh_P033_2_S08_C08,508.0,535.148934138148
matr_to_luh,naive_cross,matr,luh,pytorch_1d_cnn,100,123,luh,luh_P033_3_S09_C08,523.0,536.4634413618929
matr_to_luh,naive_cross,matr,luh,pytorch_1d_cnn,100,123,luh,luh_P034_1_S07_C06,446.0,530.6897371231514
matr_to_luh,naive_cross,matr,luh,pytorch_1d_cnn,100,123,luh,luh_P034_2_S08_C06,448.0,523.3650320412593
matr_to_luh,naive_cross,matr,luh,pytorch_1d_cnn,100,123,luh,luh_P034_3_S09_C06,440.0,525.7775807416439
matr_to_luh,naive_cross,matr,luh,pytorch_1d_cnn,100,123,luh,luh_P035_1_S08_C04,279.0,533.6238656487733
matr_to_luh,naive_cross,matr,luh,pytorch_1d_cnn,100,123,luh,luh_P035_2_S09_C04,360.0,552.0634613202452
matr_to_luh,naive_cross,matr,luh,pytorch_1d_cnn,100,123,luh,luh_P035_3_S10_C02,342.0,542.8991837389169
matr_to_luh,naive_cross,matr,luh,pytorch_1d_cnn,100,123,luh,luh_P037_1_S05_C11,741.0,633.7985788507101
matr_to_luh,naive_cross,matr,luh,pytorch_1d_cnn,100,123,luh,luh_P037_3_S10_C04,783.0,651.6564200174739
matr_to_luh,naive_cross,matr,luh,pytorch_1d_cnn,100,123,luh,luh_P038_1_S06_C07,734.0,631.7495309743878
matr_to_luh,naive_cross,matr,luh,pytorch_1d_cnn,100,123,luh,luh_P038_2_S07_C07,816.0,649.6422540805602
matr_to_luh,naive_cross,matr,luh,pytorch_1d_cnn,100,123,luh,luh_P038_3_S10_C03,697.0,630.6145694313128
matr_to_luh,naive_cross,matr,luh,pytorch_1d_cnn,100,123,luh,luh_P039_1_S05_C10,552.0,631.5691129926221
matr_to_luh,naive_cross,matr,luh,pytorch_1d_cnn,100,123,luh,luh_P039_2_S06_C05,588.0,632.7407903883391
matr_to_luh,naive_cross,matr,luh,pytorch_1d_cnn,100,123,luh,luh_P039_3_S07_C05,547.0,625.8658357798316
matr_to_luh,naive_cross,matr,luh,pytorch_1d_cnn,100,123,luh,luh_P041_1_S11_C08,236.0,461.63330795650853
matr_to_luh,naive_cross,matr,luh,pytorch_1d_cnn,100,123,luh,luh_P041_2_S13_C07,220.0,435.360636056206
matr_to_luh,naive_cross,matr,luh,pytorch_1d_cnn,100,123,luh,luh_P041_3_S14_C07,237.0,466.57604936008863
matr_to_luh,naive_cross,matr,luh,pytorch_1d_cnn,100,123,luh,luh_P042_1_S11_C06,180.0,405.52586234373206
matr_to_luh,naive_cross,matr,luh,pytorch_1d_cnn,100,123,luh,luh_P042_2_S13_C05,204.0,439.99521805444346
matr_to_luh,naive_cross,matr,luh,pytorch_1d_cnn,100,123,luh,luh_P042_3_S14_C05,197.0,437.10377198795686
matr_to_luh,naive_cross,matr,luh,pytorch_1d_cnn,100,123,luh,luh_P043_1_S11_C04,160.0,363.7140662751065
matr_to_luh,naive_cross,matr,luh,pytorch_1d_cnn,100,123,luh,luh_P043_2_S12_C04,156.0,353.6266823166108
matr_to_luh,naive_cross,matr,luh,pytorch_1d_cnn,100,123,luh,luh_P043_3_S14_C03,153.0,351.1144075411856
matr_to_luh,naive_cross,matr,luh,pytorch_1d_cnn,100,123,luh,luh_P045_1_S12_C08,975.0,591.0067002197873
matr_to_luh,naive_cross,matr,luh,pytorch_1d_cnn,100,123,luh,luh_P045_2_S13_C08,980.0,593.2301571493149
matr_to_luh,naive_cross,matr,luh,pytorch_1d_cnn,100,123,luh,luh_P045_3_S14_C08,845.0,565.6594345223463
matr_to_luh,naive_cross,matr,luh,pytorch_1d_cnn,100,123,luh,luh_P046_1_S12_C06,1095.0,601.6290365346766
matr_to_luh,naive_cross,matr,luh,pytorch_1d_cnn,100,123,luh,luh_P046_2_S13_C06,937.0,599.0909354775653
matr_to_luh,naive_cross,matr,luh,pytorch_1d_cnn,100,123,luh,luh_P046_3_S14_C06,1044.0,596.8765340525383
matr_to_luh,naive_cross,matr,luh,pytorch_1d_cnn,100,123,luh,luh_P047_1_S13_C04,1015.0,629.7986959186927
matr_to_luh,naive_cross,matr,luh,pytorch_1d_cnn,100,123,luh,luh_P047_2_S14_C04,923.0,611.5067415109801
matr_to_luh,naive_cross,matr,luh,pytorch_1d_cnn,100,123,luh,luh_P047_3_S15_C01,866.0,618.8383227574478
matr_to_luh,naive_cross,matr,luh,pytorch_1d_cnn,100,123,luh,luh_P049_1_S10_C10,1466.0,656.8284958710459
matr_to_luh,naive_cross,matr,luh,pytorch_1d_cnn,100,123,luh,luh_P049_3_S15_C02,1380.0,645.0322206734496
matr_to_luh,naive_cross,matr,luh,pytorch_1d_cnn,100,123,luh,luh_P050_1_S10_C09,1615.0,660.3195878275308
matr_to_luh,naive_cross,matr,luh,pytorch_1d_cnn,100,123,luh,luh_P050_2_S11_C07,1575.0,648.6668905053497
matr_to_luh,naive_cross,matr,luh,pytorch_1d_cnn,100,123,luh,luh_P050_3_S12_C07,1555.0,652.486297022565
matr_to_luh,naive_cross,matr,luh,pytorch_1d_cnn,100,123,luh,luh_P051_1_S10_C08,1234.0,667.9057379757901
matr_to_luh,naive_cross,matr,luh,pytorch_1d_cnn,100,123,luh,luh_P051_2_S11_C05,1318.0,685.1111377183695
matr_to_luh,naive_cross,matr,luh,pytorch_1d_cnn,100,123,luh,luh_P051_3_S12_C05,1238.0,667.5274881802942
matr_to_luh,naive_cross,matr,luh,pytorch_1d_cnn,100,123,luh,luh_P053_1_S15_C08,323.0,439.54562369970023
matr_to_luh,naive_cross,matr,luh,pytorch_1d_cnn,100,123,luh,luh_P053_2_S16_C08,332.0,434.561088073462
matr_to_luh,naive_cross,matr,luh,pytorch_1d_cnn,100,123,luh,luh_P053_3_S19_C07,377.0,423.73328551935276
matr_to_luh,naive_cross,matr,luh,pytorch_1d_cnn,100,123,luh,luh_P054_1_S16_C06,359.0,458.8897241937058
matr_to_luh,naive_cross,matr,luh,pytorch_1d_cnn,100,123,luh,luh_P054_2_S17_C06,376.0,455.3275177415386
matr_to_luh,naive_cross,matr,luh,pytorch_1d_cnn,100,123,luh,luh_P054_3_S19_C05,384.0,485.47659231126926
matr_to_luh,naive_cross,matr,luh,pytorch_1d_cnn,100,123,luh,luh_P055_1_S15_C05,354.0,462.96587664991625
matr_to_luh,naive_cross,matr,luh,pytorch_1d_cnn,100,123,luh,luh_P055_2_S16_C04,350.0,464.3153545703239
matr_to_luh,naive_cross,matr,luh,pytorch_1d_cnn,100,123,luh,luh_P055_3_S17_C04,351.0,463.8855893210174
matr_to_luh,naive_cross,matr,luh,pytorch_1d_cnn,100,123,luh,luh_P057_1_S17_C08,555.0,563.5621554335798
matr_to_luh,naive_cross,matr,luh,pytorch_1d_cnn,100,123,luh,luh_P057_2_S18_C08,556.0,567.5436448687218
matr_to_luh,naive_cross,matr,luh,pytorch_1d_cnn,100,123,luh,luh_P057_3_S19_C08,539.0,568.5236144476438
matr_to_luh,naive_cross,matr,luh,pytorch_1d_cnn,100,123,luh,luh_P058_1_S15_C07,707.0,589.5385851203596
matr_to_luh,naive_cross,matr,luh,pytorch_1d_cnn,100,123,luh,luh_P058_2_S18_C06,672.0,581.7308041305706
matr_to_luh,naive_cross,matr,luh,pytorch_1d_cnn,100,123,luh,luh_P058_3_S19_C06,712.0,623.6681403726283
matr_to_luh,naive_cross,matr,luh,pytorch_1d_cnn,100,123,luh,luh_P059_1_S15_C06,605.0,626.2906544427664
matr_to_luh,naive_cross,matr,luh,pytorch_1d_cnn,100,123,luh,luh_P059_2_S18_C04,660.0,629.7809777941256
matr_to_luh,naive_cross,matr,luh,pytorch_1d_cnn,100,123,luh,luh_P059_3_S19_C04,664.0,637.3501940186904
matr_to_luh,naive_cross,matr,luh,pytorch_1d_cnn,100,123,luh,luh_P061_1_S16_C09,947.0,619.5073469899871
matr_to_luh,naive_cross,matr,luh,pytorch_1d_cnn,100,123,luh,luh_P061_2_S17_C09,942.0,622.7766137630316
matr_to_luh,naive_cross,matr,luh,pytorch_1d_cnn,100,123,luh,luh_P061_3_S18_C09,1033.0,628.9250958245075
matr_to_luh,naive_cross,matr,luh,pytorch_1d_cnn,100,123,luh,luh_P062_1_S16_C07,1120.0,638.3493280998855
matr_to_luh,naive_cross,matr,luh,pytorch_1d_cnn,100,123,luh,luh_P062_2_S17_C07,1148.0,633.5332863584632
matr_to_luh,naive_cross,matr,luh,pytorch_1d_cnn,100,123,luh,luh_P062_3_S18_C07,1128.0,639.9112277830234
matr_to_luh,naive_cross,matr,luh,pytorch_1d_cnn,100,123,luh,luh_P063_1_S16_C05,1149.0,683.7000007893115
matr_to_luh,naive_cross,matr,luh,pytorch_1d_cnn,100,123,luh,luh_P063_2_S17_C05,1236.0,665.9013577982279
matr_to_luh,naive_cross,matr,luh,pytorch_1d_cnn,100,123,luh,luh_P063_3_S18_C05,1335.0,669.649471320116
matr_to_luh,naive_cross,matr,luh,pytorch_1d_cnn,100,42,luh,luh_P017_1_S01_C08,139.0,2065.999578786437
matr_to_luh,naive_cross,matr,luh,pytorch_1d_cnn,100,42,luh,luh_P017_2_S04_C07,127.0,2065.999578786437
matr_to_luh,naive_cross,matr,luh,pytorch_1d_cnn,100,42,luh,luh_P017_3_S05_C05,126.0,2065.999578786437
matr_to_luh,naive_cross,matr,luh,pytorch_1d_cnn,100,42,luh,luh_P018_1_S01_C06,109.0,2065.999578786437
matr_to_luh,naive_cross,matr,luh,pytorch_1d_cnn,100,42,luh,luh_P018_2_S02_C06,107.0,2065.999578786437
matr_to_luh,naive_cross,matr,luh,pytorch_1d_cnn,100,42,luh,luh_P018_3_S04_C05,107.0,2065.999578786437
matr_to_luh,naive_cross,matr,luh,pytorch_1d_cnn,100,42,luh,luh_P019_1_S01_C04,63.0,247.0000272144329
matr_to_luh,naive_cross,matr,luh,pytorch_1d_cnn,100,42,luh,luh_P019_2_S02_C04,62.0,247.0000272144329
matr_to_luh,naive_cross,matr,luh,pytorch_1d_cnn,100,42,luh,luh_P019_3_S05_C02,60.0,247.0000272144329
matr_to_luh,naive_cross,matr,luh,pytorch_1d_cnn,100,42,luh,luh_P021_1_S02_C08,451.0,1951.2328795407348
matr_to_luh,naive_cross,matr,luh,pytorch_1d_cnn,100,42,luh,luh_P021_2_S03_C08,428.0,2065.999578786437
matr_to_luh,naive_cross,matr,luh,pytorch_1d_cnn,100,42,luh,luh_P021_3_S04_C08,430.0,2065.999578786437
matr_to_luh,naive_cross,matr,luh,pytorch_1d_cnn,100,42,luh,luh_P022_1_S03_C06,341.0,1507.5040298623762
matr_to_luh,naive_cross,matr,luh,pytorch_1d_cnn,100,42,luh,luh_P022_2_S04_C06,344.0,2065.999578786437
matr_to_luh,naive_cross,matr,luh,pytorch_1d_cnn,100,42,luh,luh_P022_3_S05_C04,314.0,2065.999578786437
matr_to_luh,naive_cross,matr,luh,pytorch_1d_cnn,100,42,luh,luh_P023_1_S03_C04,82.0,247.0000272144329
matr_to_luh,naive_cross,matr,luh,pytorch_1d_cnn,100,42,luh,luh_P023_2_S04_C04,72.0,247.0000272144329
matr_to_luh,naive_cross,matr,luh,pytorch_1d_cnn,100,42,luh,luh_P023_3_S05_C03,79.0,247.0000272144329
matr_to_luh,naive_cross,matr,luh,pytorch_1d_cnn,100,42,luh,luh_P025_1_S01_C09,718.0,1263.3129107291275
matr_to_luh,naive_cross,matr,luh,pytorch_1d_cnn,100,42,luh,luh_P025_2_S02_C09,690.0,1286.7984440632295
matr_to_luh,naive_cross,matr,luh,pytorch_1d_cnn,100,42,luh,luh_P025_3_S03_C09,702.0,1108.253866241128
matr_to_luh,naive_cross,matr,luh,pytorch_1d_cnn,100,42,luh,luh_P026_1_S01_C07,581.0,1176.2592859647593
matr_to_luh,naive_cross,matr,luh,pytorch_1d_cnn,100,42,luh,luh_P026_2_S02_C07,613.0,1375.062499426188
matr_to_luh,naive_cross,matr,luh,pytorch_1d_cnn,100,42,luh,luh_P026_3_S03_C07,563.0,974.6088481382994
matr_to_luh,naive_cross,matr,luh,pytorch_1d_cnn,100,42,luh,luh_P027_1_S01_C05,269.0,2065.999578786437
matr_to_luh,naive_cross,matr,luh,pytorch_1d_cnn,100,42,luh,luh_P027_2_S02_C05,285.0,1681.9491795760348
matr_to_luh,naive_cross,matr,luh,pytorch_1d_cnn,100,42,luh,luh_P027_3_S03_C05,298.0,1666.1265157068788
matr_to_luh,naive_cross,matr,luh,pytorch_1d_cnn,100,42,luh,luh_P029_1_S06_C08,132.0,2065.999578786437
matr_to_luh,naive_cross,matr,luh,pytorch_1d_cnn,100,42,luh,luh_P029_2_S08_C07,135.0,2065.999578786437
matr_to_luh,naive_cross,matr,luh,pytorch_1d_cnn,100,42,luh,luh_P029_3_S09_C07,135.0,1664.7677301399503
matr_to_luh,naive_cross,matr,luh,pytorch_1d_cnn,100,42,luh,luh_P030_1_S06_C06,118.0,2065.999578786437
matr_to_luh,naive_cross,matr,luh,pytorch_1d_cnn,100,42,luh,luh_P030_2_S08_C05,123.0,2040.264687963075
matr_to_luh,naive_cross,matr,luh,pytorch_1d_cnn,100,42,luh,luh_P030_3_S09_C05,123.0,1969.407160251411
matr_to_luh,naive_cross,matr,luh,pytorch_1d_cnn,100,42,luh,luh_P031_1_S06_C04,97.0,2065.999578786437
matr_to_luh,naive_cross,matr,luh,pytorch_1d_cnn,100,42,luh,luh_P031_2_S07_C04,94.0,2065.999578786437
matr_to_luh,naive_cross,matr,luh,pytorch_1d_cnn,100,42,luh,luh_P031_3_S09_C03,90.0,1287.6970582939543
matr_to_luh,naive_cross,matr,luh,pytorch_1d_cnn,100,42,luh,luh_P033_1_S07_C08,524.0,1767.822383889978
matr_to_luh,naive_cross,matr,luh,pytorch_1d_cnn,100,42,luh,luh_P033_2_S08_C08,508.0,1763.6109054327555
matr_to_luh,naive_cross,matr,luh,pytorch_1d_cnn,100,42,luh,luh_P033_3_S09_C08,523.0,1839.2562310557043
matr_to_luh,naive_cross,matr,luh,pytorch_1d_cnn,100,42,luh,luh_P034_1_S07_C06,446.0,1980.307139594759
matr_to_luh,naive_cross,matr,luh,pytorch_1d_cnn,100,42,luh,luh_P034_2_S08_C06,448.0,1827.442211070861
matr_to_luh,naive_cross,matr,luh,pytorch_1d_cnn,100,42,luh,luh_P034_3_S09_C06,440.0,2065.999578786437
matr_to_luh,naive_cross,matr,luh,pytorch_1d_cnn,100,42,luh,luh_P035_1_S08_C04,279.0,2065.999578786437
matr_to_luh,naive_cross,matr,luh,pytorch_1d_cnn,100,42,luh,luh_P035_2_S09_C04,360.0,2065.999578786437
matr_to_luh,naive_cross,matr,luh,pytorch_1d_cnn,100,42,luh,luh_P035_3_S10_C02,342.0,2065.999578786437
matr_to_luh,naive_cross,matr,luh,pytorch_1d_cnn,100,42,luh,luh_P037_1_S05_C11,741.0,1778.4977433005852
matr_to_luh,naive_cross,matr,luh,pytorch_1d_cnn,100,42,luh,luh_P037_3_S10_C04,783.0,1797.4133966374884
matr_to_luh,naive_cross,matr,luh,pytorch_1d_cnn,100,42,luh,luh_P038_1_S06_C07,734.0,1222.0253975349287
matr_to_luh,naive_cross,matr,luh,pytorch_1d_cnn,100,42,luh,luh_P038_2_S07_C07,816.0,1201.5076661127675
matr_to_luh,naive_cross,matr,luh,pytorch_1d_cnn,100,42,luh,luh_P038_3_S10_C03,697.0,1522.435065915504
matr_to_luh,naive_cross,matr,luh,pytorch_1d_cnn,100,42,luh,luh_P039_1_S05_C10,552.0,1551.4160155433487
matr_to_luh,naive_cross,matr,luh,pytorch_1d_cnn,100,42,luh,luh_P039_2_S06_C05,588.0,2065.999578786437
matr_to_luh,naive_cross,matr,luh,pytorch_1d_cnn,100,42,luh,luh_P039_3_S07_C05,547.0,2065.999578786437
matr_to_luh,naive_cross,matr,luh,pytorch_1d_cnn,100,42,luh,luh_P041_1_S11_C08,236.0,2065.999578786437
matr_to_luh,naive_cross,matr,luh,pytorch_1d_cnn,100,42,luh,luh_P041_2_S13_C07,220.0,2065.999578786437
matr_to_luh,naive_cross,matr,luh,pytorch_1d_cnn,100,42,luh,luh_P041_3_S14_C07,237.0,2065.999578786437
matr_to_luh,naive_cross,matr,luh,pytorch_1d_cnn,100,42,luh,luh_P042_1_S11_C06,180.0,2065.999578786437
matr_to_luh,naive_cross,matr,luh,pytorch_1d_cnn,100,42,luh,luh_P042_2_S13_C05,204.0,2065.999578786437
matr_to_luh,naive_cross,matr,luh,pytorch_1d_cnn,100,42,luh,luh_P042_3_S14_C05,197.0,2065.999578786437
matr_to_luh,naive_cross,matr,luh,pytorch_1d_cnn,100,42,luh,luh_P043_1_S11_C04,160.0,2065.999578786437
matr_to_luh,naive_cross,matr,luh,pytorch_1d_cnn,100,42,luh,luh_P043_2_S12_C04,156.0,2065.999578786437
matr_to_luh,naive_cross,matr,luh,pytorch_1d_cnn,100,42,luh,luh_P043_3_S14_C03,153.0,2065.999578786437
matr_to_luh,naive_cross,matr,luh,pytorch_1d_cnn,100,42,luh,luh_P045_1_S12_C08,975.0,1433.943626311075
matr_to_luh,naive_cross,matr,luh,pytorch_1d_cnn,100,42,luh,luh_P045_2_S13_C08,980.0,1354.2102737754217
matr_to_luh,naive_cross,matr,luh,pytorch_1d_cnn,100,42,luh,luh_P045_3_S14_C08,845.0,2065.999578786437
matr_to_luh,naive_cross,matr,luh,pytorch_1d_cnn,100,42,luh,luh_P046_1_S12_C06,1095.0,1849.733087912422
matr_to_luh,naive_cross,matr,luh,pytorch_1d_cnn,100,42,luh,luh_P046_2_S13_C06,937.0,2065.999578786437
matr_to_luh,naive_cross,matr,luh,pytorch_1d_cnn,100,42,luh,luh_P046_3_S14_C06,1044.0,1423.6817643625714
matr_to_luh,naive_cross,matr,luh,pytorch_1d_cnn,100,42,luh,luh_P047_1_S13_C04,1015.0,2065.999578786437
matr_to_luh,naive_cross,matr,luh,pytorch_1d_cnn,100,42,luh,luh_P047_2_S14_C04,923.0,2065.999578786437
matr_to_luh,naive_cross,matr,luh,pytorch_1d_cnn,100,42,luh,luh_P047_3_S15_C01,866.0,2065.999578786437
matr_to_luh,naive_cross,matr,luh,pytorch_1d_cnn,100,42,luh,luh_P049_1_S10_C10,1466.0,1896.473573533497
matr_to_luh,naive_cross,matr,luh,pytorch_1d_cnn,100,42,luh,luh_P049_3_S15_C02,1380.0,2065.999578786437
matr_to_luh,naive_cross,matr,luh,pytorch_1d_cnn,100,42,luh,luh_P050_1_S10_C09,1615.0,1965.9806006908684
matr_to_luh,naive_cross,matr,luh,pytorch_1d_cnn,100,42,luh,luh_P050_2_S11_C07,1575.0,1990.607646178618
matr_to_luh,naive_cross,matr,luh,pytorch_1d_cnn,100,42,luh,luh_P050_3_S12_C07,1555.0,1907.3218280305923
matr_to_luh,naive_cross,matr,luh,pytorch_1d_cnn,100,42,luh,luh_P051_1_S10_C08,1234.0,2065.999578786437
matr_to_luh,naive_cross,matr,luh,pytorch_1d_cnn,100,42,luh,luh_P051_2_S11_C05,1318.0,1887.8516545433044
matr_to_luh,naive_cross,matr,luh,pytorch_1d_cnn,100,42,luh,luh_P051_3_S12_C05,1238.0,2065.999578786437
matr_to_luh,naive_cross,matr,luh,pytorch_1d_cnn,100,42,luh,luh_P053_1_S15_C08,323.0,2065.999578786437
matr_to_luh,naive_cross,matr,luh,pytorch_1d_cnn,100,42,luh,luh_P053_2_S16_C08,332.0,2065.999578786437
matr_to_luh,naive_cross,matr,luh,pytorch_1d_cnn,100,42,luh,luh_P053_3_S19_C07,377.0,2065.999578786437
matr_to_luh,naive_cross,matr,luh,pytorch_1d_cnn,100,42,luh,luh_P054_1_S16_C06,359.0,2065.999578786437
matr_to_luh,naive_cross,matr,luh,pytorch_1d_cnn,100,42,luh,luh_P054_2_S17_C06,376.0,2065.999578786437
matr_to_luh,naive_cross,matr,luh,pytorch_1d_cnn,100,42,luh,luh_P054_3_S19_C05,384.0,2065.999578786437
matr_to_luh,naive_cross,matr,luh,pytorch_1d_cnn,100,42,luh,luh_P055_1_S15_C05,354.0,2065.999578786437
matr_to_luh,naive_cross,matr,luh,pytorch_1d_cnn,100,42,luh,luh_P055_2_S16_C04,350.0,2065.999578786437
matr_to_luh,naive_cross,matr,luh,pytorch_1d_cnn,100,42,luh,luh_P055_3_S17_C04,351.0,2065.999578786437
matr_to_luh,naive_cross,matr,luh,pytorch_1d_cnn,100,42,luh,luh_P057_1_S17_C08,555.0,2065.999578786437
matr_to_luh,naive_cross,matr,luh,pytorch_1d_cnn,100,42,luh,luh_P057_2_S18_C08,556.0,2065.999578786437
matr_to_luh,naive_cross,matr,luh,pytorch_1d_cnn,100,42,luh,luh_P057_3_S19_C08,539.0,1419.8053050048268
matr_to_luh,naive_cross,matr,luh,pytorch_1d_cnn,100,42,luh,luh_P058_1_S15_C07,707.0,2065.999578786437
matr_to_luh,naive_cross,matr,luh,pytorch_1d_cnn,100,42,luh,luh_P058_2_S18_C06,672.0,1837.378601030394
matr_to_luh,naive_cross,matr,luh,pytorch_1d_cnn,100,42,luh,luh_P058_3_S19_C06,712.0,2065.999578786437
matr_to_luh,naive_cross,matr,luh,pytorch_1d_cnn,100,42,luh,luh_P059_1_S15_C06,605.0,2065.999578786437
matr_to_luh,naive_cross,matr,luh,pytorch_1d_cnn,100,42,luh,luh_P059_2_S18_C04,660.0,2065.999578786437
matr_to_luh,naive_cross,matr,luh,pytorch_1d_cnn,100,42,luh,luh_P059_3_S19_C04,664.0,2065.999578786437
matr_to_luh,naive_cross,matr,luh,pytorch_1d_cnn,100,42,luh,luh_P061_1_S16_C09,947.0,2065.999578786437
matr_to_luh,naive_cross,matr,luh,pytorch_1d_cnn,100,42,luh,luh_P061_2_S17_C09,942.0,2065.999578786437
matr_to_luh,naive_cross,matr,luh,pytorch_1d_cnn,100,42,luh,luh_P061_3_S18_C09,1033.0,1801.9306985233475
matr_to_luh,naive_cross,matr,luh,pytorch_1d_cnn,100,42,luh,luh_P062_1_S16_C07,1120.0,2065.999578786437
matr_to_luh,naive_cross,matr,luh,pytorch_1d_cnn,100,42,luh,luh_P062_2_S17_C07,1148.0,2065.999578786437
matr_to_luh,naive_cross,matr,luh,pytorch_1d_cnn,100,42,luh,luh_P062_3_S18_C07,1128.0,2065.999578786437
matr_to_luh,naive_cross,matr,luh,pytorch_1d_cnn,100,42,luh,luh_P063_1_S16_C05,1149.0,2065.999578786437
matr_to_luh,naive_cross,matr,luh,pytorch_1d_cnn,100,42,luh,luh_P063_2_S17_C05,1236.0,2065.999578786437
matr_to_luh,naive_cross,matr,luh,pytorch_1d_cnn,100,42,luh,luh_P063_3_S18_C05,1335.0,2065.999578786437
matr_to_luh,naive_cross,matr,luh,pytorch_1d_cnn,100,456,luh,luh_P017_1_S01_C08,139.0,450.68979434500176
matr_to_luh,naive_cross,matr,luh,pytorch_1d_cnn,100,456,luh,luh_P017_2_S04_C07,127.0,475.8347041589832
matr_to_luh,naive_cross,matr,luh,pytorch_1d_cnn,100,456,luh,luh_P017_3_S05_C05,126.0,476.72678552399714
matr_to_luh,naive_cross,matr,luh,pytorch_1d_cnn,100,456,luh,luh_P018_1_S01_C06,109.0,497.70767802025443
matr_to_luh,naive_cross,matr,luh,pytorch_1d_cnn,100,456,luh,luh_P018_2_S02_C06,107.0,501.55145456291217
matr_to_luh,naive_cross,matr,luh,pytorch_1d_cnn,100,456,luh,luh_P018_3_S04_C05,107.0,504.10857514883037
matr_to_luh,naive_cross,matr,luh,pytorch_1d_cnn,100,456,luh,luh_P019_1_S01_C04,63.0,530.3277423907065
matr_to_luh,naive_cross,matr,luh,pytorch_1d_cnn,100,456,luh,luh_P019_2_S02_C04,62.0,529.1392757870302
matr_to_luh,naive_cross,matr,luh,pytorch_1d_cnn,100,456,luh,luh_P019_3_S05_C02,60.0,527.158297067555
matr_to_luh,naive_cross,matr,luh,pytorch_1d_cnn,100,456,luh,luh_P021_1_S02_C08,451.0,525.9523548539548
matr_to_luh,naive_cross,matr,luh,pytorch_1d_cnn,100,456,luh,luh_P021_2_S03_C08,428.0,523.3071373481109
matr_to_luh,naive_cross,matr,luh,pytorch_1d_cnn,100,456,luh,luh_P021_3_S04_C08,430.0,522.7611961444894
matr_to_luh,naive_cross,matr,luh,pytorch_1d_cnn,100,456,luh,luh_P022_1_S03_C06,341.0,489.1034514222008
matr_to_luh,naive_cross,matr,luh,pytorch_1d_cnn,100,456,luh,luh_P022_2_S04_C06,344.0,498.7465852893874
matr_to_luh,naive_cross,matr,luh,pytorch_1d_cnn,100,456,luh,luh_P022_3_S05_C04,314.0,488.74232284509304
matr_to_luh,naive_cross,matr,luh,pytorch_1d_cnn,100,456,luh,luh_P023_1_S03_C04,82.0,426.40105386563187
matr_to_luh,naive_cross,matr,luh,pytorch_1d_cnn,100,456,luh,luh_P023_2_S04_C04,72.0,439.63869226002106
matr_to_luh,naive_cross,matr,luh,pytorch_1d_cnn,100,456,luh,luh_P023_3_S05_C03,79.0,434.1414734597421
matr_to_luh,naive_cross,matr,luh,pytorch_1d_cnn,100,456,luh,luh_P025_1_S01_C09,718.0,568.1030334699517
matr_to_luh,naive_cross,matr,luh,pytorch_1d_cnn,100,456,luh,luh_P025_2_S02_C09,690.0,565.288141750869
matr_to_luh,naive_cross,matr,luh,pytorch_1d_cnn,100,456,luh,luh_P025_3_S03_C09,702.0,565.3423239759622
matr_to_luh,naive_cross,matr,luh,pytorch_1d_cnn,100,456,luh,luh_P026_1_S01_C07,581.0,550.8885375029198
matr_to_luh,naive_cross,matr,luh,pytorch_1d_cnn,100,456,luh,luh_P026_2_S02_C07,613.0,556.0244262232467
matr_to_luh,naive_cross,matr,luh,pytorch_1d_cnn,100,456,luh,luh_P026_3_S03_C07,563.0,548.1058837391857
matr_to_luh,naive_cross,matr,luh,pytorch_1d_cnn,100,456,luh,luh_P027_1_S01_C05,269.0,548.0813167080825
matr_to_luh,naive_cross,matr,luh,pytorch_1d_cnn,100,456,luh,luh_P027_2_S02_C05,285.0,552.577553552319
matr_to_luh,naive_cross,matr,luh,pytorch_1d_cnn,100,456,luh,luh_P027_3_S03_C05,298.0,547.6748138744849
matr_to_luh,naive_cross,matr,luh,pytorch_1d_cnn,100,456,luh,luh_P029_1_S06_C08,132.0,475.06954713758677
matr_to_luh,naive_cross,matr,luh,pytorch_1d_cnn,100,456,luh,luh_P029_2_S08_C07,135.0,459.9642711966921
matr_to_luh,naive_cross,matr,luh,pytorch_1d_cnn,100,456,luh,luh_P029_3_S09_C07,135.0,442.81435353160305
matr_to_luh,naive_cross,matr,luh,pytorch_1d_cnn,100,456,luh,luh_P030_1_S06_C06,118.0,477.8795581366527
matr_to_luh,naive_cross,matr,luh,pytorch_1d_cnn,100,456,luh,luh_P030_2_S08_C05,123.0,471.7329673300357
matr_to_luh,naive_cross,matr,luh,pytorch_1d_cnn,100,456,luh,luh_P030_3_S09_C05,123.0,470.2015938021894
matr_to_luh,naive_cross,matr,luh,pytorch_1d_cnn,100,456,luh,luh_P031_1_S06_C04,97.0,517.458588947333
matr_to_luh,naive_cross,matr,luh,pytorch_1d_cnn,100,456,luh,luh_P031_2_S07_C04,94.0,520.7079972968634
matr_to_luh,naive_cross,matr,luh,pytorch_1d_cnn,100,456,luh,luh_P031_3_S09_C03,90.0,520.4674570314713
matr_to_luh,naive_cross,matr,luh,pytorch_1d_cnn,100,456,luh,luh_P033_1_S07_C08,524.0,531.1292182864939
matr_to_luh,naive_cross,matr,luh,pytorch_1d_cnn,100,456,luh,luh_P033_2_S08_C08,508.0,530.1846316385871
matr_to_luh,naive_cross,matr,luh,pytorch_1d_cnn,100,456,luh,luh_P033_3_S09_C08,523.0,530.7565472109977
matr_to_luh,naive_cross,matr,luh,pytorch_1d_cnn,100,456,luh,luh_P034_1_S07_C06,446.0,518.8533322141043
matr_to_luh,naive_cross,matr,luh,pytorch_1d_cnn,100,456,luh,luh_P034_2_S08_C06,448.0,514.6982559510433
matr_to_luh,naive_cross,matr,luh,pytorch_1d_cnn,100,456,luh,luh_P034_3_S09_C06,440.0,518.0708747450907
matr_to_luh,naive_cross,matr,luh,pytorch_1d_cnn,100,456,luh,luh_P035_1_S08_C04,279.0,533.097156317033
matr_to_luh,naive_cross,matr,luh,pytorch_1d_cnn,100,456,luh,luh_P035_2_S09_C04,360.0,539.8254990071821
matr_to_luh,naive_cross,matr,luh,pytorch_1d_cnn,100,456,luh,luh_P035_3_S10_C02,342.0,536.7848295559724
matr_to_luh,naive_cross,matr,luh,pytorch_1d_cnn,100,456,luh,luh_P037_1_S05_C11,741.0,565.9205909490641
matr_to_luh,naive_cross,matr,luh,pytorch_1d_cnn,100,456,luh,luh_P037_3_S10_C04,783.0,573.2668190582965
matr_to_luh,naive_cross,matr,luh,pytorch_1d_cnn,100,456,luh,luh_P038_1_S06_C07,734.0,562.9868352545293
matr_to_luh,naive_cross,matr,luh,pytorch_1d_cnn,100,456,luh,luh_P038_2_S07_C07,816.0,570.704121414975
matr_to_luh,naive_cross,matr,luh,pytorch_1d_cnn,100,456,luh,luh_P038_3_S10_C03,697.0,563.6226223369696
matr_to_luh,naive_cross,matr,luh,pytorch_1d_cnn,100,456,luh,luh_P039_1_S05_C10,552.0,566.6612791840788
matr_to_luh,naive_cross,matr,luh,pytorch_1d_cnn,100,456,luh,luh_P039_2_S06_C05,588.0,568.9287719644642
matr_to_luh,naive_cross,matr,luh,pytorch_1d_cnn,100,456,luh,luh_P039_3_S07_C05,547.0,566.3409064699474
matr_to_luh,naive_cross,matr,luh,pytorch_1d_cnn,100,456,luh,luh_P041_1_S11_C08,236.0,501.60407216422993
matr_to_luh,naive_cross,matr,luh,pytorch_1d_cnn,100,456,luh,luh_P041_2_S13_C07,220.0,486.81345133441374
matr_to_luh,naive_cross,matr,luh,pytorch_1d_cnn,100,456,luh,luh_P041_3_S14_C07,237.0,505.26925093903185
matr_to_luh,naive_cross,matr,luh,pytorch_1d_cnn,100,456,luh,luh_P042_1_S11_C06,180.0,449.605397717873
matr_to_luh,naive_cross,matr,luh,pytorch_1d_cnn,100,456,luh,luh_P042_2_S13_C05,204.0,478.6195710338766
matr_to_luh,naive_cross,matr,luh,pytorch_1d_cnn,100,456,luh,luh_P042_3_S14_C05,197.0,481.2564002004346
matr_to_luh,naive_cross,matr,luh,pytorch_1d_cnn,100,456,luh,luh_P043_1_S11_C04,160.0,444.826104646467
matr_to_luh,naive_cross,matr,luh,pytorch_1d_cnn,100,456,luh,luh_P043_2_S12_C04,156.0,436.3074721317447
matr_to_luh,naive_cross,matr,luh,pytorch_1d_cnn,100,456,luh,luh_P043_3_S14_C03,153.0,450.5112431354692
matr_to_luh,naive_cross,matr,luh,pytorch_1d_cnn,100,456,luh,luh_P045_1_S12_C08,975.0,551.2535266098346
matr_to_luh,naive_cross,matr,luh,pytorch_1d_cnn,100,456,luh,luh_P045_2_S13_C08,980.0,551.5461653952902
matr_to_luh,naive_cross,matr,luh,pytorch_1d_cnn,100,456,luh,luh_P045_3_S14_C08,845.0,542.207135901782
matr_to_luh,naive_cross,matr,luh,pytorch_1d_cnn,100,456,luh,luh_P046_1_S12_C06,1095.0,552.1145330906184
matr_to_luh,naive_cross,matr,luh,pytorch_1d_cnn,100,456,luh,luh_P046_2_S13_C06,937.0,550.9339837309627
matr_to_luh,naive_cross,matr,luh,pytorch_1d_cnn,100,456,luh,luh_P046_3_S14_C06,1044.0,550.2841704090972
matr_to_luh,naive_cross,matr,luh,pytorch_1d_cnn,100,456,luh,luh_P047_1_S13_C04,1015.0,572.4918354597888
matr_to_luh,naive_cross,matr,luh,pytorch_1d_cnn,100,456,luh,luh_P047_2_S14_C04,923.0,564.8688769001695
matr_to_luh,naive_cross,matr,luh,pytorch_1d_cnn,100,456,luh,luh_P047_3_S15_C01,866.0,566.7453192182435
matr_to_luh,naive_cross,matr,luh,pytorch_1d_cnn,100,456,luh,luh_P049_1_S10_C10,1466.0,577.7902814773222
matr_to_luh,naive_cross,matr,luh,pytorch_1d_cnn,100,456,luh,luh_P049_3_S15_C02,1380.0,572.4020303142707
matr_to_luh,naive_cross,matr,luh,pytorch_1d_cnn,100,456,luh,luh_P050_1_S10_C09,1615.0,577.4682978432659
matr_to_luh,naive_cross,matr,luh,pytorch_1d_cnn,100,456,luh,luh_P050_2_S11_C07,1575.0,571.994944844329
matr_to_luh,naive_cross,matr,luh,pytorch_1d_cnn,100,456,luh,luh_P050_3_S12_C07,1555.0,574.017395896956
matr_to_luh,naive_cross,matr,luh,pytorch_1d_cnn,100,456,luh,luh_P051_1_S10_C08,1234.0,586.1787643276674
matr_to_luh,naive_cross,matr,luh,pytorch_1d_cnn,100,456,luh,luh_P051_2_S11_C05,1318.0,592.758510603541
matr_to_luh,naive_cross,matr,luh,pytorch_1d_cnn,100,456,luh,luh_P051_3_S12_C05,1238.0,585.3517138397721
matr_to_luh,naive_cross,matr,luh,pytorch_1d_cnn,100,456,luh,luh_P053_1_S15_C08,323.0,492.1985061798705
matr_to_luh,naive_cross,matr,luh,pytorch_1d_cnn,100,456,luh,luh_P053_2_S16_C08,332.0,488.9192401878136
matr_to_luh,naive_cross,matr,luh,pytorch_1d_cnn,100,456,luh,luh_P053_3_S19_C07,377.0,468.814664888015
matr_to_luh,naive_cross,matr,luh,pytorch_1d_cnn,100,456,luh,luh_P054_1_S16_C06,359.0,495.7268768735883
matr_to_luh,naive_cross,matr,luh,pytorch_1d_cnn,100,456,luh,luh_P054_2_S17_C06,376.0,495.3962901399536
matr_to_luh,naive_cross,matr,luh,pytorch_1d_cnn,100,456,luh,luh_P054_3_S19_C05,384.0,508.75229627291594
matr_to_luh,naive_cross,matr,luh,pytorch_1d_cnn,100,456,luh,luh_P055_1_S15_C05,354.0,516.2251102917359
matr_to_luh,naive_cross,matr,luh,pytorch_1d_cnn,100,456,luh,luh_P055_2_S16_C04,350.0,517.3475662918291
matr_to_luh,naive_cross,matr,luh,pytorch_1d_cnn,100,456,luh,luh_P055_3_S17_C04,351.0,516.3861209718805
matr_to_luh,naive_cross,matr,luh,pytorch_1d_cnn,100,456,luh,luh_P057_1_S17_C08,555.0,540.8826813787329
matr_to_luh,naive_cross,matr,luh,pytorch_1d_cnn,100,456,luh,luh_P057_2_S18_C08,556.0,541.957439417874
matr_to_luh,naive_cross,matr,luh,pytorch_1d_cnn,100,456,luh,luh_P057_3_S19_C08,539.0,538.973376716577
matr_to_luh,naive_cross,matr,luh,pytorch_1d_cnn,100,456,luh,luh_P058_1_S15_C07,707.0,547.7928671653082
matr_to_luh,naive_cross,matr,luh,pytorch_1d_cnn,100,456,luh,luh_P058_2_S18_C06,672.0,544.503464856233
matr_to_luh,naive_cross,matr,luh,pytorch_1d_cnn,100,456,luh,luh_P058_3_S19_C06,712.0,561.7675016138986
matr_to_luh,naive_cross,matr,luh,pytorch_1d_cnn,100,456,luh,luh_P059_1_S15_C06,605.0,569.8717301381927
matr_to_luh,naive_cross,matr,luh,pytorch_1d_cnn,100,456,luh,luh_P059_2_S18_C04,660.0,571.2865107101599
matr_to_luh,naive_cross,matr,luh,pytorch_1d_cnn,100,456,luh,luh_P059_3_S19_C04,664.0,576.348951007004
matr_to_luh,naive_cross,matr,luh,pytorch_1d_cnn,100,456,luh,luh_P061_1_S16_C09,947.0,560.4350835897941
matr_to_luh,naive_cross,matr,luh,pytorch_1d_cnn,100,456,luh,luh_P061_2_S17_C09,942.0,562.3531061160279
matr_to_luh,naive_cross,matr,luh,pytorch_1d_cnn,100,456,luh,luh_P061_3_S18_C09,1033.0,566.3112014862727
matr_to_luh,naive_cross,matr,luh,pytorch_1d_cnn,100,456,luh,luh_P062_1_S16_C07,1120.0,568.1967700544071
matr_to_luh,naive_cross,matr,luh,pytorch_1d_cnn,100,456,luh,luh_P062_2_S17_C07,1148.0,565.4124181399936
matr_to_luh,naive_cross,matr,luh,pytorch_1d_cnn,100,456,luh,luh_P062_3_S18_C07,1128.0,568.9086971266117
matr_to_luh,naive_cross,matr,luh,pytorch_1d_cnn,100,456,luh,luh_P063_1_S16_C05,1149.0,593.741247958456
matr_to_luh,naive_cross,matr,luh,pytorch_1d_cnn,100,456,luh,luh_P063_2_S17_C05,1236.0,586.2005666547773
matr_to_luh,naive_cross,matr,luh,pytorch_1d_cnn,100,456,luh,luh_P063_3_S18_C05,1335.0,587.5449305594702
matr_to_luh,naive_cross,matr,luh,pytorch_1d_cnn,100,789,luh,luh_P017_1_S01_C08,139.0,385.3606942158675
matr_to_luh,naive_cross,matr,luh,pytorch_1d_cnn,100,789,luh,luh_P017_2_S04_C07,127.0,365.92909834591455
matr_to_luh,naive_cross,matr,luh,pytorch_1d_cnn,100,789,luh,luh_P017_3_S05_C05,126.0,366.07936386722935
matr_to_luh,naive_cross,matr,luh,pytorch_1d_cnn,100,789,luh,luh_P018_1_S01_C06,109.0,356.2231721985713
matr_to_luh,naive_cross,matr,luh,pytorch_1d_cnn,100,789,luh,luh_P018_2_S02_C06,107.0,354.6430780669836
matr_to_luh,naive_cross,matr,luh,pytorch_1d_cnn,100,789,luh,luh_P018_3_S04_C05,107.0,355.36030870321434
matr_to_luh,naive_cross,matr,luh,pytorch_1d_cnn,100,789,luh,luh_P019_1_S01_C04,63.0,250.00002302925145
matr_to_luh,naive_cross,matr,luh,pytorch_1d_cnn,100,789,luh,luh_P019_2_S02_C04,62.0,250.00002302925145
matr_to_luh,naive_cross,matr,luh,pytorch_1d_cnn,100,789,luh,luh_P019_3_S05_C02,60.0,250.00002302925145
matr_to_luh,naive_cross,matr,luh,pytorch_1d_cnn,100,789,luh,luh_P021_1_S02_C08,451.0,550.5707813891792
matr_to_luh,naive_cross,matr,luh,pytorch_1d_cnn,100,789,luh,luh_P021_2_S03_C08,428.0,555.297641517792
matr_to_luh,naive_cross,matr,luh,pytorch_1d_cnn,100,789,luh,luh_P021_3_S04_C08,430.0,552.3773378053819
matr_to_luh,naive_cross,matr,luh,pytorch_1d_cnn,100,789,luh,luh_P022_1_S03_C06,341.0,512.72244181545
matr_to_luh,naive_cross,matr,luh,pytorch_1d_cnn,100,789,luh,luh_P022_2_S04_C06,344.0,538.5448669243339
matr_to_luh,naive_cross,matr,luh,pytorch_1d_cnn,100,789,luh,luh_P022_3_S05_C04,314.0,526.1402328284169
matr_to_luh,naive_cross,matr,luh,pytorch_1d_cnn,100,789,luh,luh_P023_1_S03_C04,82.0,250.00002302925145
matr_to_luh,naive_cross,matr,luh,pytorch_1d_cnn,100,789,luh,luh_P023_2_S04_C04,72.0,250.00002302925145
matr_to_luh,naive_cross,matr,luh,pytorch_1d_cnn,100,789,luh,luh_P023_3_S05_C03,79.0,250.00002302925145
matr_to_luh,naive_cross,matr,luh,pytorch_1d_cnn,100,789,luh,luh_P025_1_S01_C09,718.0,616.7632301661321
matr_to_luh,naive_cross,matr,luh,pytorch_1d_cnn,100,789,luh,luh_P025_2_S02_C09,690.0,605.1674401746163
matr_to_luh,naive_cross,matr,luh,pytorch_1d_cnn,100,789,luh,luh_P025_3_S03_C09,702.0,596.3809442222267
matr_to_luh,naive_cross,matr,luh,pytorch_1d_cnn,100,789,luh,luh_P026_1_S01_C07,581.0,575.3475367003309
matr_to_luh,naive_cross,matr,luh,pytorch_1d_cnn,100,789,luh,luh_P026_2_S02_C07,613.0,588.1526385612866
matr_to_luh,naive_cross,matr,luh,pytorch_1d_cnn,100,789,luh,luh_P026_3_S03_C07,563.0,567.9621867617747
matr_to_luh,naive_cross,matr,luh,pytorch_1d_cnn,100,789,luh,luh_P027_1_S01_C05,269.0,583.6788459145237
matr_to_luh,naive_cross,matr,luh,pytorch_1d_cnn,100,789,luh,luh_P027_2_S02_C05,285.0,582.791680782313
matr_to_luh,naive_cross,matr,luh,pytorch_1d_cnn,100,789,luh,luh_P027_3_S03_C05,298.0,574.3286917566933
matr_to_luh,naive_cross,matr,luh,pytorch_1d_cnn,100,789,luh,luh_P029_1_S06_C08,132.0,403.3935913480331
matr_to_luh,naive_cross,matr,luh,pytorch_1d_cnn,100,789,luh,luh_P029_2_S08_C07,135.0,390.3122573759462
matr_to_luh,naive_cross,matr,luh,pytorch_1d_cnn,100,789,luh,luh_P029_3_S09_C07,135.0,372.2851494433377
matr_to_luh,naive_cross,matr,luh,pytorch_1d_cnn,100,789,luh,luh_P030_1_S06_C06,118.0,367.74320145203535
matr_to_luh,naive_cross,matr,luh,pytorch_1d_cnn,100,789,luh,luh_P030_2_S08_C05,123.0,360.7621510026301
matr_to_luh,naive_cross,matr,luh,pytorch_1d_cnn,100,789,luh,luh_P030_3_S09_C05,123.0,360.52088092395917
matr_to_luh,naive_cross,matr,luh,pytorch_1d_cnn,100,789,luh,luh_P031_1_S06_C04,97.0,312.0067512040224
matr_to_luh,naive_cross,matr,luh,pytorch_1d_cnn,100,789,luh,luh_P031_2_S07_C04,94.0,305.26025363519494
matr_to_luh,naive_cross,matr,luh,pytorch_1d_cnn,100,789,luh,luh_P031_3_S09_C03,90.0,273.81077023767233
matr_to_luh,naive_cross,matr,luh,pytorch_1d_cnn,100,789,luh,luh_P033_1_S07_C08,524.0,554.3639955557531
matr_to_luh,naive_cross,matr,luh,pytorch_1d_cnn,100,789,luh,luh_P033_2_S08_C08,508.0,550.0281315556106
matr_to_luh,naive_cross,matr,luh,pytorch_1d_cnn,100,789,luh,luh_P033_3_S09_C08,523.0,552.387610268459
matr_to_luh,naive_cross,matr,luh,pytorch_1d_cnn,100,789,luh,luh_P034_1_S07_C06,446.0,553.4918272124382
matr_to_luh,naive_cross,matr,luh,pytorch_1d_cnn,100,789,luh,luh_P034_2_S08_C06,448.0,546.493334035181
matr_to_luh,naive_cross,matr,luh,pytorch_1d_cnn,100,789,luh,luh_P034_3_S09_C06,440.0,556.5713995489562
matr_to_luh,naive_cross,matr,luh,pytorch_1d_cnn,100,789,luh,luh_P035_1_S08_C04,279.0,573.6411641160722
matr_to_luh,naive_cross,matr,luh,pytorch_1d_cnn,100,789,luh,luh_P035_2_S09_C04,360.0,581.9255651120304
matr_to_luh,naive_cross,matr,luh,pytorch_1d_cnn,100,789,luh,luh_P035_3_S10_C02,342.0,592.832003972976
matr_to_luh,naive_cross,matr,luh,pytorch_1d_cnn,100,789,luh,luh_P037_1_S05_C11,741.0,637.4064202658794
matr_to_luh,naive_cross,matr,luh,pytorch_1d_cnn,100,789,luh,luh_P037_3_S10_C04,783.0,671.2863550607548
matr_to_luh,naive_cross,matr,luh,pytorch_1d_cnn,100,789,luh,luh_P038_1_S06_C07,734.0,604.384777720676
matr_to_luh,naive_cross,matr,luh,pytorch_1d_cnn,100,789,luh,luh_P038_2_S07_C07,816.0,637.0013982253087
matr_to_luh,naive_cross,matr,luh,pytorch_1d_cnn,100,789,luh,luh_P038_3_S10_C03,697.0,620.6971943504012
matr_to_luh,naive_cross,matr,luh,pytorch_1d_cnn,100,789,luh,luh_P039_1_S05_C10,552.0,627.5105853884174
matr_to_luh,naive_cross,matr,luh,pytorch_1d_cnn,100,789,luh,luh_P039_2_S06_C05,588.0,658.0200494524369
matr_to_luh,naive_cross,matr,luh,pytorch_1d_cnn,100,789,luh,luh_P039_3_S07_C05,547.0,650.1495513764869
matr_to_luh,naive_cross,matr,luh,pytorch_1d_cnn,100,789,luh,luh_P041_1_S11_C08,236.0,576.1126503089043
matr_to_luh,naive_cross,matr,luh,pytorch_1d_cnn,100,789,luh,luh_P041_2_S13_C07,220.0,522.5570822654914
matr_to_luh,naive_cross,matr,luh,pytorch_1d_cnn,100,789,luh,luh_P041_3_S14_C07,237.0,587.7035243622676
matr_to_luh,naive_cross,matr,luh,pytorch_1d_cnn,100,789,luh,luh_P042_1_S11_C06,180.0,504.583544724119
matr_to_luh,naive_cross,matr,luh,pytorch_1d_cnn,100,789,luh,luh_P042_2_S13_C05,204.0,541.5578026715858
matr_to_luh,naive_cross,matr,luh,pytorch_1d_cnn,100,789,luh,luh_P042_3_S14_C05,197.0,569.7095268248867
matr_to_luh,naive_cross,matr,luh,pytorch_1d_cnn,100,789,luh,luh_P043_1_S11_C04,160.0,482.56576053611485
matr_to_luh,naive_cross,matr,luh,pytorch_1d_cnn,100,789,luh,luh_P043_2_S12_C04,156.0,464.83195310448554
matr_to_luh,naive_cross,matr,luh,pytorch_1d_cnn,100,789,luh,luh_P043_3_S14_C03,153.0,476.5240582682132
matr_to_luh,naive_cross,matr,luh,pytorch_1d_cnn,100,789,luh,luh_P045_1_S12_C08,975.0,574.811986252393
matr_to_luh,naive_cross,matr,luh,pytorch_1d_cnn,100,789,luh,luh_P045_2_S13_C08,980.0,574.219979126188
matr_to_luh,naive_cross,matr,luh,pytorch_1d_cnn,100,789,luh,luh_P045_3_S14_C08,845.0,583.5519458998918
matr_to_luh,naive_cross,matr,luh,pytorch_1d_cnn,100,789,luh,luh_P046_1_S12_C06,1095.0,592.5183073942586
matr_to_luh,naive_cross,matr,luh,pytorch_1d_cnn,100,789,luh,luh_P046_2_S13_C06,937.0,617.3622996139537
matr_to_luh,naive_cross,matr,luh,pytorch_1d_cnn,100,789,luh,luh_P046_3_S14_C06,1044.0,579.2396356502627
matr_to_luh,naive_cross,matr,luh,pytorch_1d_cnn,100,789,luh,luh_P047_1_S13_C04,1015.0,713.6710718768378
matr_to_luh,naive_cross,matr,luh,pytorch_1d_cnn,100,789,luh,luh_P047_2_S14_C04,923.0,685.8923634027826
matr_to_luh,naive_cross,matr,luh,pytorch_1d_cnn,100,789,luh,luh_P047_3_S15_C01,866.0,664.1281147515346
matr_to_luh,naive_cross,matr,luh,pytorch_1d_cnn,100,789,luh,luh_P049_1_S10_C10,1466.0,685.2751539449306
matr_to_luh,naive_cross,matr,luh,pytorch_1d_cnn,100,789,luh,luh_P049_3_S15_C02,1380.0,694.3117494084887
matr_to_luh,naive_cross,matr,luh,pytorch_1d_cnn,100,789,luh,luh_P050_1_S10_C09,1615.0,700.7787461297825
matr_to_luh,naive_cross,matr,luh,pytorch_1d_cnn,100,789,luh,luh_P050_2_S11_C07,1575.0,677.795134875065
matr_to_luh,naive_cross,matr,luh,pytorch_1d_cnn,100,789,luh,luh_P050_3_S12_C07,1555.0,682.6516936351522
matr_to_luh,naive_cross,matr,luh,pytorch_1d_cnn,100,789,luh,luh_P051_1_S10_C08,1234.0,756.6862393892775
matr_to_luh,naive_cross,matr,luh,pytorch_1d_cnn,100,789,luh,luh_P051_2_S11_C05,1318.0,754.4373736349208
matr_to_luh,naive_cross,matr,luh,pytorch_1d_cnn,100,789,luh,luh_P051_3_S12_C05,1238.0,728.1496233436214
matr_to_luh,naive_cross,matr,luh,pytorch_1d_cnn,100,789,luh,luh_P053_1_S15_C08,323.0,566.6977580539877
matr_to_luh,naive_cross,matr,luh,pytorch_1d_cnn,100,789,luh,luh_P053_2_S16_C08,332.0,547.2130313038188
matr_to_luh,naive_cross,matr,luh,pytorch_1d_cnn,100,789,luh,luh_P053_3_S19_C07,377.0,502.58927836568967
matr_to_luh,naive_cross,matr,luh,pytorch_1d_cnn,100,789,luh,luh_P054_1_S16_C06,359.0,607.4612616632629
matr_to_luh,naive_cross,matr,luh,pytorch_1d_cnn,100,789,luh,luh_P054_2_S17_C06,376.0,581.9921650186959
matr_to_luh,naive_cross,matr,luh,pytorch_1d_cnn,100,789,luh,luh_P054_3_S19_C05,384.0,676.1639817430097
matr_to_luh,naive_cross,matr,luh,pytorch_1d_cnn,100,789,luh,luh_P055_1_S15_C05,354.0,721.5704074986228
matr_to_luh,naive_cross,matr,luh,pytorch_1d_cnn,100,789,luh,luh_P055_2_S16_C04,350.0,743.3772617032574
matr_to_luh,naive_cross,matr,luh,pytorch_1d_cnn,100,789,luh,luh_P055_3_S17_C04,351.0,727.0220686760155
matr_to_luh,naive_cross,matr,luh,pytorch_1d_cnn,100,789,luh,luh_P057_1_S17_C08,555.0,592.0918334821522
matr_to_luh,naive_cross,matr,luh,pytorch_1d_cnn,100,789,luh,luh_P057_2_S18_C08,556.0,591.5553646974226
matr_to_luh,naive_cross,matr,luh,pytorch_1d_cnn,100,789,luh,luh_P057_3_S19_C08,539.0,564.3915203315861
matr_to_luh,naive_cross,matr,luh,pytorch_1d_cnn,100,789,luh,luh_P058_1_S15_C07,707.0,591.6526887773006
matr_to_luh,naive_cross,matr,luh,pytorch_1d_cnn,100,789,luh,luh_P058_2_S18_C06,672.0,579.7840111691413
matr_to_luh,naive_cross,matr,luh,pytorch_1d_cnn,100,789,luh,luh_P058_3_S19_C06,712.0,669.6216916000105
matr_to_luh,naive_cross,matr,luh,pytorch_1d_cnn,100,789,luh,luh_P059_1_S15_C06,605.0,673.9304058247307
matr_to_luh,naive_cross,matr,luh,pytorch_1d_cnn,100,789,luh,luh_P059_2_S18_C04,660.0,682.63802219692
matr_to_luh,naive_cross,matr,luh,pytorch_1d_cnn,100,789,luh,luh_P059_3_S19_C04,664.0,728.6035666814757
matr_to_luh,naive_cross,matr,luh,pytorch_1d_cnn,100,789,luh,luh_P061_1_S16_C09,947.0,663.8361990778901
matr_to_luh,naive_cross,matr,luh,pytorch_1d_cnn,100,789,luh,luh_P061_2_S17_C09,942.0,661.5070652943722
matr_to_luh,naive_cross,matr,luh,pytorch_1d_cnn,100,789,luh,luh_P061_3_S18_C09,1033.0,628.4670233831315
matr_to_luh,naive_cross,matr,luh,pytorch_1d_cnn,100,789,luh,luh_P062_1_S16_C07,1120.0,667.483882242889
matr_to_luh,naive_cross,matr,luh,pytorch_1d_cnn,100,789,luh,luh_P062_2_S17_C07,1148.0,653.4393604456794
matr_to_luh,naive_cross,matr,luh,pytorch_1d_cnn,100,789,luh,luh_P062_3_S18_C07,1128.0,673.6062365594754
matr_to_luh,naive_cross,matr,luh,pytorch_1d_cnn,100,789,luh,luh_P063_1_S16_C05,1149.0,777.0285137805256
matr_to_luh,naive_cross,matr,luh,pytorch_1d_cnn,100,789,luh,luh_P063_2_S17_C05,1236.0,755.4820727158898
matr_to_luh,naive_cross,matr,luh,pytorch_1d_cnn,100,789,luh,luh_P063_3_S18_C05,1335.0,762.1807548977986
matr_to_sandia,naive_cross,matr,sandia,pytorch_1d_cnn,100,1011,sandia,sandia_SNL_18650_LFP_25C_0_100_0_5_3C_a,3183.0,730.3730641909941
matr_to_sandia,naive_cross,matr,sandia,pytorch_1d_cnn,100,1011,sandia,sandia_SNL_18650_LFP_25C_0_100_0_5_3C_b,1610.0,787.4943089562208
matr_to_sandia,naive_cross,matr,sandia,pytorch_1d_cnn,100,1011,sandia,sandia_SNL_18650_LFP_25C_0_100_0_5_3C_c,2305.0,780.5452351096498
matr_to_sandia,naive_cross,matr,sandia,pytorch_1d_cnn,100,1011,sandia,sandia_SNL_18650_LFP_25C_0_100_0_5_3C_d,2788.0,806.9672467819696
matr_to_sandia,naive_cross,matr,sandia,pytorch_1d_cnn,100,1011,sandia,sandia_SNL_18650_LFP_35C_0_100_0_5_1C_a,3089.0,648.220093702343
matr_to_sandia,naive_cross,matr,sandia,pytorch_1d_cnn,100,1011,sandia,sandia_SNL_18650_LFP_35C_0_100_0_5_1C_b,3126.0,768.7921832649286
matr_to_sandia,naive_cross,matr,sandia,pytorch_1d_cnn,100,1011,sandia,sandia_SNL_18650_LFP_35C_0_100_0_5_1C_c,3246.0,757.2753204718606
matr_to_sandia,naive_cross,matr,sandia,pytorch_1d_cnn,100,1011,sandia,sandia_SNL_18650_LFP_35C_0_100_0_5_1C_d,3374.0,749.4155902062901
matr_to_sandia,naive_cross,matr,sandia,pytorch_1d_cnn,100,1011,sandia,sandia_SNL_18650_LFP_35C_0_100_0_5_2C_a,3442.0,777.0559324533278
matr_to_sandia,naive_cross,matr,sandia,pytorch_1d_cnn,100,1011,sandia,sandia_SNL_18650_LFP_35C_0_100_0_5_2C_b,2465.0,763.2227109052376
matr_to_sandia,naive_cross,matr,sandia,pytorch_1d_cnn,100,1011,sandia,sandia_SNL_18650_NCA_15C_0_100_0_5_1C_a,176.0,399.5676742345887
matr_to_sandia,naive_cross,matr,sandia,pytorch_1d_cnn,100,1011,sandia,sandia_SNL_18650_NCA_15C_0_100_0_5_1C_b,325.0,619.7256891044827
matr_to_sandia,naive_cross,matr,sandia,pytorch_1d_cnn,100,1011,sandia,sandia_SNL_18650_NCA_15C_0_100_0_5_2C_a,158.0,247.0000272144329
matr_to_sandia,naive_cross,matr,sandia,pytorch_1d_cnn,100,1011,sandia,sandia_SNL_18650_NCA_15C_0_100_0_5_2C_b,157.0,368.1295329178066
matr_to_sandia,naive_cross,matr,sandia,pytorch_1d_cnn,100,1011,sandia,sandia_SNL_18650_NCA_25C_0_100_0_5_0_5C_a,249.0,800.4041342157244
matr_to_sandia,naive_cross,matr,sandia,pytorch_1d_cnn,100,1011,sandia,sandia_SNL_18650_NCA_25C_0_100_0_5_0_5C_b,135.0,287.48644975629475
matr_to_sandia,naive_cross,matr,sandia,pytorch_1d_cnn,100,1011,sandia,sandia_SNL_18650_NCA_25C_0_100_0_5_1C_a,337.0,788.7171557210321
matr_to_sandia,naive_cross,matr,sandia,pytorch_1d_cnn,100,1011,sandia,sandia_SNL_18650_NCA_25C_0_100_0_5_1C_b,228.0,914.6125370339051
matr_to_sandia,naive_cross,matr,sandia,pytorch_1d_cnn,100,1011,sandia,sandia_SNL_18650_NCA_25C_0_100_0_5_1C_c,228.0,572.5172236630476
matr_to_sandia,naive_cross,matr,sandia,pytorch_1d_cnn,100,1011,sandia,sandia_SNL_18650_NCA_25C_0_100_0_5_1C_d,251.0,510.4028955534869
matr_to_sandia,naive_cross,matr,sandia,pytorch_1d_cnn,100,1011,sandia,sandia_SNL_18650_NCA_25C_0_100_0_5_2C_a,225.0,447.4977683390951
matr_to_sandia,naive_cross,matr,sandia,pytorch_1d_cnn,100,1011,sandia,sandia_SNL_18650_NCA_25C_0_100_0_5_2C_b,304.0,1104.3154238028758
matr_to_sandia,naive_cross,matr,sandia,pytorch_1d_cnn,100,1011,sandia,sandia_SNL_18650_NCA_35C_0_100_0_5_1C_a,171.0,653.048127898799
matr_to_sandia,naive_cross,matr,sandia,pytorch_1d_cnn,100,1011,sandia,sandia_SNL_18650_NCA_35C_0_100_0_5_1C_b,320.0,592.1553614521335
matr_to_sandia,naive_cross,matr,sandia,pytorch_1d_cnn,100,1011,sandia,sandia_SNL_18650_NCA_35C_0_100_0_5_1C_c,346.0,637.4638673379548
matr_to_sandia,naive_cross,matr,sandia,pytorch_1d_cnn,100,1011,sandia,sandia_SNL_18650_NCA_35C_0_100_0_5_1C_d,320.0,294.95741720620623
matr_to_sandia,naive_cross,matr,sandia,pytorch_1d_cnn,100,1011,sandia,sandia_SNL_18650_NCA_35C_0_100_0_5_2C_a,210.0,405.34220263557603
matr_to_sandia,naive_cross,matr,sandia,pytorch_1d_cnn,100,1011,sandia,sandia_SNL_18650_NCA_35C_0_100_0_5_2C_b,216.0,510.4717764766975
matr_to_sandia,naive_cross,matr,sandia,pytorch_1d_cnn,100,1011,sandia,sandia_SNL_18650_NMC_15C_0_100_0_5_1C_a,105.0,380.7004277078514
matr_to_sandia,naive_cross,matr,sandia,pytorch_1d_cnn,100,1011,sandia,sandia_SNL_18650_NMC_15C_0_100_0_5_1C_b,142.0,247.0000272144329
matr_to_sandia,naive_cross,matr,sandia,pytorch_1d_cnn,100,1011,sandia,sandia_SNL_18650_NMC_15C_0_100_0_5_2C_a,102.0,439.700958580217
matr_to_sandia,naive_cross,matr,sandia,pytorch_1d_cnn,100,1011,sandia,sandia_SNL_18650_NMC_15C_0_100_0_5_2C_b,103.0,247.0000272144329
matr_to_sandia,naive_cross,matr,sandia,pytorch_1d_cnn,100,1011,sandia,sandia_SNL_18650_NMC_25C_0_100_0_5_0_5C_a,49.0,247.0000272144329
matr_to_sandia,naive_cross,matr,sandia,pytorch_1d_cnn,100,1011,sandia,sandia_SNL_18650_NMC_25C_0_100_0_5_0_5C_b,327.0,934.7147777251296
matr_to_sandia,naive_cross,matr,sandia,pytorch_1d_cnn,100,1011,sandia,sandia_SNL_18650_NMC_25C_0_100_0_5_1C_a,271.0,950.507506593165
matr_to_sandia,naive_cross,matr,sandia,pytorch_1d_cnn,100,1011,sandia,sandia_SNL_18650_NMC_25C_0_100_0_5_1C_b,340.0,942.5045839600859
matr_to_sandia,naive_cross,matr,sandia,pytorch_1d_cnn,100,1011,sandia,sandia_SNL_18650_NMC_25C_0_100_0_5_1C_c,282.0,935.3024038400175
matr_to_sandia,naive_cross,matr,sandia,pytorch_1d_cnn,100,1011,sandia,sandia_SNL_18650_NMC_25C_0_100_0_5_1C_d,285.0,973.8813530608581
matr_to_sandia,naive_cross,matr,sandia,pytorch_1d_cnn,100,1011,sandia,sandia_SNL_18650_NMC_25C_0_100_0_5_2C_a,233.0,971.5913916025113
matr_to_sandia,naive_cross,matr,sandia,pytorch_1d_cnn,100,1011,sandia,sandia_SNL_18650_NMC_25C_0_100_0_5_2C_b,135.0,404.45080020409097
matr_to_sandia,naive_cross,matr,sandia,pytorch_1d_cnn,100,1011,sandia,sandia_SNL_18650_NMC_25C_0_100_0_5_3C_a,261.0,843.6471325525799
matr_to_sandia,naive_cross,matr,sandia,pytorch_1d_cnn,100,1011,sandia,sandia_SNL_18650_NMC_25C_0_100_0_5_3C_b,287.0,1042.631851342506
matr_to_sandia,naive_cross,matr,sandia,pytorch_1d_cnn,100,1011,sandia,sandia_SNL_18650_NMC_25C_0_100_0_5_3C_c,305.0,1011.2702355829341
matr_to_sandia,naive_cross,matr,sandia,pytorch_1d_cnn,100,1011,sandia,sandia_SNL_18650_NMC_25C_0_100_0_5_3C_d,304.0,1053.842118901369
matr_to_sandia,naive_cross,matr,sandia,pytorch_1d_cnn,100,1011,sandia,sandia_SNL_18650_NMC_35C_0_100_0_5_1C_a,280.0,1008.0498632184651
matr_to_sandia,naive_cross,matr,sandia,pytorch_1d_cnn,100,1011,sandia,sandia_SNL_18650_NMC_35C_0_100_0_5_1C_b,90.0,247.0000272144329
matr_to_sandia,naive_cross,matr,sandia,pytorch_1d_cnn,100,1011,sandia,sandia_SNL_18650_NMC_35C_0_100_0_5_1C_c,256.0,1038.688352762232
matr_to_sandia,naive_cross,matr,sandia,pytorch_1d_cnn,100,1011,sandia,sandia_SNL_18650_NMC_35C_0_100_0_5_1C_d,390.0,909.3606375168307
matr_to_sandia,naive_cross,matr,sandia,pytorch_1d_cnn,100,1011,sandia,sandia_SNL_18650_NMC_35C_0_100_0_5_2C_a,170.0,954.290026362396
matr_to_sandia,naive_cross,matr,sandia,pytorch_1d_cnn,100,1011,sandia,sandia_SNL_18650_NMC_35C_0_100_0_5_2C_b,400.0,908.7334102145902
matr_to_sandia,naive_cross,matr,sandia,pytorch_1d_cnn,100,123,sandia,sandia_SNL_18650_LFP_25C_0_100_0_5_3C_a,3183.0,829.8787627322733
matr_to_sandia,naive_cross,matr,sandia,pytorch_1d_cnn,100,123,sandia,sandia_SNL_18650_LFP_25C_0_100_0_5_3C_b,1610.0,903.316248515744
matr_to_sandia,naive_cross,matr,sandia,pytorch_1d_cnn,100,123,sandia,sandia_SNL_18650_LFP_25C_0_100_0_5_3C_c,2305.0,864.4022528569022
matr_to_sandia,naive_cross,matr,sandia,pytorch_1d_cnn,100,123,sandia,sandia_SNL_18650_LFP_25C_0_100_0_5_3C_d,2788.0,928.6865060947607
matr_to_sandia,naive_cross,matr,sandia,pytorch_1d_cnn,100,123,sandia,sandia_SNL_18650_LFP_35C_0_100_0_5_1C_a,3089.0,600.0844575344427
matr_to_sandia,naive_cross,matr,sandia,pytorch_1d_cnn,100,123,sandia,sandia_SNL_18650_LFP_35C_0_100_0_5_1C_b,3126.0,845.7791020791275
matr_to_sandia,naive_cross,matr,sandia,pytorch_1d_cnn,100,123,sandia,sandia_SNL_18650_LFP_35C_0_100_0_5_1C_c,3246.0,823.8247181257713
matr_to_sandia,naive_cross,matr,sandia,pytorch_1d_cnn,100,123,sandia,sandia_SNL_18650_LFP_35C_0_100_0_5_1C_d,3374.0,839.5017742160401
matr_to_sandia,naive_cross,matr,sandia,pytorch_1d_cnn,100,123,sandia,sandia_SNL_18650_LFP_35C_0_100_0_5_2C_a,3442.0,883.146953031125
matr_to_sandia,naive_cross,matr,sandia,pytorch_1d_cnn,100,123,sandia,sandia_SNL_18650_LFP_35C_0_100_0_5_2C_b,2465.0,831.4179447176392
matr_to_sandia,naive_cross,matr,sandia,pytorch_1d_cnn,100,123,sandia,sandia_SNL_18650_NCA_15C_0_100_0_5_1C_a,176.0,433.5613918843576
matr_to_sandia,naive_cross,matr,sandia,pytorch_1d_cnn,100,123,sandia,sandia_SNL_18650_NCA_15C_0_100_0_5_1C_b,325.0,595.1539855795324
matr_to_sandia,naive_cross,matr,sandia,pytorch_1d_cnn,100,123,sandia,sandia_SNL_18650_NCA_15C_0_100_0_5_2C_a,158.0,436.1724701199682
matr_to_sandia,naive_cross,matr,sandia,pytorch_1d_cnn,100,123,sandia,sandia_SNL_18650_NCA_15C_0_100_0_5_2C_b,157.0,493.8634508628045
matr_to_sandia,naive_cross,matr,sandia,pytorch_1d_cnn,100,123,sandia,sandia_SNL_18650_NCA_25C_0_100_0_5_0_5C_a,249.0,566.3444171618779
matr_to_sandia,naive_cross,matr,sandia,pytorch_1d_cnn,100,123,sandia,sandia_SNL_18650_NCA_25C_0_100_0_5_0_5C_b,135.0,277.9251299979426
matr_to_sandia,naive_cross,matr,sandia,pytorch_1d_cnn,100,123,sandia,sandia_SNL_18650_NCA_25C_0_100_0_5_1C_a,337.0,654.8401843225805
matr_to_sandia,naive_cross,matr,sandia,pytorch_1d_cnn,100,123,sandia,sandia_SNL_18650_NCA_25C_0_100_0_5_1C_b,228.0,665.6632554934534
matr_to_sandia,naive_cross,matr,sandia,pytorch_1d_cnn,100,123,sandia,sandia_SNL_18650_NCA_25C_0_100_0_5_1C_c,228.0,601.8453822506737
matr_to_sandia,naive_cross,matr,sandia,pytorch_1d_cnn,100,123,sandia,sandia_SNL_18650_NCA_25C_0_100_0_5_1C_d,251.0,489.42563804093794
matr_to_sandia,naive_cross,matr,sandia,pytorch_1d_cnn,100,123,sandia,sandia_SNL_18650_NCA_25C_0_100_0_5_2C_a,225.0,477.1063353598535
matr_to_sandia,naive_cross,matr,sandia,pytorch_1d_cnn,100,123,sandia,sandia_SNL_18650_NCA_25C_0_100_0_5_2C_b,304.0,807.2416500995141
matr_to_sandia,naive_cross,matr,sandia,pytorch_1d_cnn,100,123,sandia,sandia_SNL_18650_NCA_35C_0_100_0_5_1C_a,171.0,710.8517843881712
matr_to_sandia,naive_cross,matr,sandia,pytorch_1d_cnn,100,123,sandia,sandia_SNL_18650_NCA_35C_0_100_0_5_1C_b,320.0,789.8895454596151
matr_to_sandia,naive_cross,matr,sandia,pytorch_1d_cnn,100,123,sandia,sandia_SNL_18650_NCA_35C_0_100_0_5_1C_c,346.0,636.3216739878957
matr_to_sandia,naive_cross,matr,sandia,pytorch_1d_cnn,100,123,sandia,sandia_SNL_18650_NCA_35C_0_100_0_5_1C_d,320.0,132.99997114746813
matr_to_sandia,naive_cross,matr,sandia,pytorch_1d_cnn,100,123,sandia,sandia_SNL_18650_NCA_35C_0_100_0_5_2C_a,210.0,210.95231617088487
matr_to_sandia,naive_cross,matr,sandia,pytorch_1d_cnn,100,123,sandia,sandia_SNL_18650_NCA_35C_0_100_0_5_2C_b,216.0,628.6924204672832
matr_to_sandia,naive_cross,matr,sandia,pytorch_1d_cnn,100,123,sandia,sandia_SNL_18650_NMC_15C_0_100_0_5_1C_a,105.0,295.0798051819266
matr_to_sandia,naive_cross,matr,sandia,pytorch_1d_cnn,100,123,sandia,sandia_SNL_18650_NMC_15C_0_100_0_5_1C_b,142.0,575.4073474733516
matr_to_sandia,naive_cross,matr,sandia,pytorch_1d_cnn,100,123,sandia,sandia_SNL_18650_NMC_15C_0_100_0_5_2C_a,102.0,293.1631820149064
matr_to_sandia,naive_cross,matr,sandia,pytorch_1d_cnn,100,123,sandia,sandia_SNL_18650_NMC_15C_0_100_0_5_2C_b,103.0,461.5509889528958
matr_to_sandia,naive_cross,matr,sandia,pytorch_1d_cnn,100,123,sandia,sandia_SNL_18650_NMC_25C_0_100_0_5_0_5C_a,49.0,132.99997114746813
matr_to_sandia,naive_cross,matr,sandia,pytorch_1d_cnn,100,123,sandia,sandia_SNL_18650_NMC_25C_0_100_0_5_0_5C_b,327.0,524.0112917262782
matr_to_sandia,naive_cross,matr,sandia,pytorch_1d_cnn,100,123,sandia,sandia_SNL_18650_NMC_25C_0_100_0_5_1C_a,271.0,568.1973119293317
matr_to_sandia,naive_cross,matr,sandia,pytorch_1d_cnn,100,123,sandia,sandia_SNL_18650_NMC_25C_0_100_0_5_1C_b,340.0,580.0245834936284
matr_to_sandia,naive_cross,matr,sandia,pytorch_1d_cnn,100,123,sandia,sandia_SNL_18650_NMC_25C_0_100_0_5_1C_c,282.0,584.0956393396532
matr_to_sandia,naive_cross,matr,sandia,pytorch_1d_cnn,100,123,sandia,sandia_SNL_18650_NMC_25C_0_100_0_5_1C_d,285.0,572.3861998648455
matr_to_sandia,naive_cross,matr,sandia,pytorch_1d_cnn,100,123,sandia,sandia_SNL_18650_NMC_25C_0_100_0_5_2C_a,233.0,591.540414880644
matr_to_sandia,naive_cross,matr,sandia,pytorch_1d_cnn,100,123,sandia,sandia_SNL_18650_NMC_25C_0_100_0_5_2C_b,135.0,626.7085893080026
matr_to_sandia,naive_cross,matr,sandia,pytorch_1d_cnn,100,123,sandia,sandia_SNL_18650_NMC_25C_0_100_0_5_3C_a,261.0,580.3753895203151
matr_to_sandia,naive_cross,matr,sandia,pytorch_1d_cnn,100,123,sandia,sandia_SNL_18650_NMC_25C_0_100_0_5_3C_b,287.0,571.0996675744893
matr_to_sandia,naive_cross,matr,sandia,pytorch_1d_cnn,100,123,sandia,sandia_SNL_18650_NMC_25C_0_100_0_5_3C_c,305.0,531.0370388649183
matr_to_sandia,naive_cross,matr,sandia,pytorch_1d_cnn,100,123,sandia,sandia_SNL_18650_NMC_25C_0_100_0_5_3C_d,304.0,566.4100441011219
matr_to_sandia,naive_cross,matr,sandia,pytorch_1d_cnn,100,123,sandia,sandia_SNL_18650_NMC_35C_0_100_0_5_1C_a,280.0,617.7000473014361
matr_to_sandia,naive_cross,matr,sandia,pytorch_1d_cnn,100,123,sandia,sandia_SNL_18650_NMC_35C_0_100_0_5_1C_b,90.0,132.99997114746813
matr_to_sandia,naive_cross,matr,sandia,pytorch_1d_cnn,100,123,sandia,sandia_SNL_18650_NMC_35C_0_100_0_5_1C_c,256.0,607.9414181172596
matr_to_sandia,naive_cross,matr,sandia,pytorch_1d_cnn,100,123,sandia,sandia_SNL_18650_NMC_35C_0_100_0_5_1C_d,390.0,597.8447177239735
matr_to_sandia,naive_cross,matr,sandia,pytorch_1d_cnn,100,123,sandia,sandia_SNL_18650_NMC_35C_0_100_0_5_2C_a,170.0,611.7768126724337
matr_to_sandia,naive_cross,matr,sandia,pytorch_1d_cnn,100,123,sandia,sandia_SNL_18650_NMC_35C_0_100_0_5_2C_b,400.0,599.4081117984564
matr_to_sandia,naive_cross,matr,sandia,pytorch_1d_cnn,100,42,sandia,sandia_SNL_18650_LFP_25C_0_100_0_5_3C_a,3183.0,2065.999578786437
matr_to_sandia,naive_cross,matr,sandia,pytorch_1d_cnn,100,42,sandia,sandia_SNL_18650_LFP_25C_0_100_0_5_3C_b,1610.0,2065.999578786437
matr_to_sandia,naive_cross,matr,sandia,pytorch_1d_cnn,100,42,sandia,sandia_SNL_18650_LFP_25C_0_100_0_5_3C_c,2305.0,2065.999578786437
matr_to_sandia,naive_cross,matr,sandia,pytorch_1d_cnn,100,42,sandia,sandia_SNL_18650_LFP_25C_0_100_0_5_3C_d,2788.0,2065.999578786437
matr_to_sandia,naive_cross,matr,sandia,pytorch_1d_cnn,100,42,sandia,sandia_SNL_18650_LFP_35C_0_100_0_5_1C_a,3089.0,2065.999578786437
matr_to_sandia,naive_cross,matr,sandia,pytorch_1d_cnn,100,42,sandia,sandia_SNL_18650_LFP_35C_0_100_0_5_1C_b,3126.0,2065.999578786437
matr_to_sandia,naive_cross,matr,sandia,pytorch_1d_cnn,100,42,sandia,sandia_SNL_18650_LFP_35C_0_100_0_5_1C_c,3246.0,2065.999578786437
matr_to_sandia,naive_cross,matr,sandia,pytorch_1d_cnn,100,42,sandia,sandia_SNL_18650_LFP_35C_0_100_0_5_1C_d,3374.0,2065.999578786437
matr_to_sandia,naive_cross,matr,sandia,pytorch_1d_cnn,100,42,sandia,sandia_SNL_18650_LFP_35C_0_100_0_5_2C_a,3442.0,2065.999578786437
matr_to_sandia,naive_cross,matr,sandia,pytorch_1d_cnn,100,42,sandia,sandia_SNL_18650_LFP_35C_0_100_0_5_2C_b,2465.0,2065.999578786437
matr_to_sandia,naive_cross,matr,sandia,pytorch_1d_cnn,100,42,sandia,sandia_SNL_18650_NCA_15C_0_100_0_5_1C_a,176.0,551.5106618477109
matr_to_sandia,naive_cross,matr,sandia,pytorch_1d_cnn,100,42,sandia,sandia_SNL_18650_NCA_15C_0_100_0_5_1C_b,325.0,2065.999578786437
matr_to_sandia,naive_cross,matr,sandia,pytorch_1d_cnn,100,42,sandia,sandia_SNL_18650_NCA_15C_0_100_0_5_2C_a,158.0,269.680280254874
matr_to_sandia,naive_cross,matr,sandia,pytorch_1d_cnn,100,42,sandia,sandia_SNL_18650_NCA_15C_0_100_0_5_2C_b,157.0,564.9219414350837
matr_to_sandia,naive_cross,matr,sandia,pytorch_1d_cnn,100,42,sandia,sandia_SNL_18650_NCA_25C_0_100_0_5_0_5C_a,249.0,2065.999578786437
matr_to_sandia,naive_cross,matr,sandia,pytorch_1d_cnn,100,42,sandia,sandia_SNL_18650_NCA_25C_0_100_0_5_0_5C_b,135.0,318.98873613389105
matr_to_sandia,naive_cross,matr,sandia,pytorch_1d_cnn,100,42,sandia,sandia_SNL_18650_NCA_25C_0_100_0_5_1C_a,337.0,2065.999578786437
matr_to_sandia,naive_cross,matr,sandia,pytorch_1d_cnn,100,42,sandia,sandia_SNL_18650_NCA_25C_0_100_0_5_1C_b,228.0,2065.999578786437
matr_to_sandia,naive_cross,matr,sandia,pytorch_1d_cnn,100,42,sandia,sandia_SNL_18650_NCA_25C_0_100_0_5_1C_c,228.0,1581.0270470325281
matr_to_sandia,naive_cross,matr,sandia,pytorch_1d_cnn,100,42,sandia,sandia_SNL_18650_NCA_25C_0_100_0_5_1C_d,251.0,582.6663628331027
matr_to_sandia,naive_cross,matr,sandia,pytorch_1d_cnn,100,42,sandia,sandia_SNL_18650_NCA_25C_0_100_0_5_2C_a,225.0,597.9961114896424
matr_to_sandia,naive_cross,matr,sandia,pytorch_1d_cnn,100,42,sandia,sandia_SNL_18650_NCA_25C_0_100_0_5_2C_b,304.0,2065.999578786437
matr_to_sandia,naive_cross,matr,sandia,pytorch_1d_cnn,100,42,sandia,sandia_SNL_18650_NCA_35C_0_100_0_5_1C_a,171.0,2065.999578786437
matr_to_sandia,naive_cross,matr,sandia,pytorch_1d_cnn,100,42,sandia,sandia_SNL_18650_NCA_35C_0_100_0_5_1C_b,320.0,2065.999578786437
matr_to_sandia,naive_cross,matr,sandia,pytorch_1d_cnn,100,42,sandia,sandia_SNL_18650_NCA_35C_0_100_0_5_1C_c,346.0,2065.999578786437
matr_to_sandia,naive_cross,matr,sandia,pytorch_1d_cnn,100,42,sandia,sandia_SNL_18650_NCA_35C_0_100_0_5_1C_d,320.0,679.4081928229192
matr_to_sandia,naive_cross,matr,sandia,pytorch_1d_cnn,100,42,sandia,sandia_SNL_18650_NCA_35C_0_100_0_5_2C_a,210.0,2065.999578786437
matr_to_sandia,naive_cross,matr,sandia,pytorch_1d_cnn,100,42,sandia,sandia_SNL_18650_NCA_35C_0_100_0_5_2C_b,216.0,2065.999578786437
matr_to_sandia,naive_cross,matr,sandia,pytorch_1d_cnn,100,42,sandia,sandia_SNL_18650_NMC_15C_0_100_0_5_1C_a,105.0,826.6268168979532
matr_to_sandia,naive_cross,matr,sandia,pytorch_1d_cnn,100,42,sandia,sandia_SNL_18650_NMC_15C_0_100_0_5_1C_b,142.0,247.0000272144329
matr_to_sandia,naive_cross,matr,sandia,pytorch_1d_cnn,100,42,sandia,sandia_SNL_18650_NMC_15C_0_100_0_5_2C_a,102.0,2065.999578786437
matr_to_sandia,naive_cross,matr,sandia,pytorch_1d_cnn,100,42,sandia,sandia_SNL_18650_NMC_15C_0_100_0_5_2C_b,103.0,2065.999578786437
matr_to_sandia,naive_cross,matr,sandia,pytorch_1d_cnn,100,42,sandia,sandia_SNL_18650_NMC_25C_0_100_0_5_0_5C_a,49.0,247.0000272144329
matr_to_sandia,naive_cross,matr,sandia,pytorch_1d_cnn,100,42,sandia,sandia_SNL_18650_NMC_25C_0_100_0_5_0_5C_b,327.0,2065.999578786437
matr_to_sandia,naive_cross,matr,sandia,pytorch_1d_cnn,100,42,sandia,sandia_SNL_18650_NMC_25C_0_100_0_5_1C_a,271.0,2065.999578786437
matr_to_sandia,naive_cross,matr,sandia,pytorch_1d_cnn,100,42,sandia,sandia_SNL_18650_NMC_25C_0_100_0_5_1C_b,340.0,2065.999578786437
matr_to_sandia,naive_cross,matr,sandia,pytorch_1d_cnn,100,42,sandia,sandia_SNL_18650_NMC_25C_0_100_0_5_1C_c,282.0,2065.999578786437
matr_to_sandia,naive_cross,matr,sandia,pytorch_1d_cnn,100,42,sandia,sandia_SNL_18650_NMC_25C_0_100_0_5_1C_d,285.0,2065.999578786437
matr_to_sandia,naive_cross,matr,sandia,pytorch_1d_cnn,100,42,sandia,sandia_SNL_18650_NMC_25C_0_100_0_5_2C_a,233.0,2065.999578786437
matr_to_sandia,naive_cross,matr,sandia,pytorch_1d_cnn,100,42,sandia,sandia_SNL_18650_NMC_25C_0_100_0_5_2C_b,135.0,832.4445931679123
matr_to_sandia,naive_cross,matr,sandia,pytorch_1d_cnn,100,42,sandia,sandia_SNL_18650_NMC_25C_0_100_0_5_3C_a,261.0,2065.999578786437
matr_to_sandia,naive_cross,matr,sandia,pytorch_1d_cnn,100,42,sandia,sandia_SNL_18650_NMC_25C_0_100_0_5_3C_b,287.0,2065.999578786437
matr_to_sandia,naive_cross,matr,sandia,pytorch_1d_cnn,100,42,sandia,sandia_SNL_18650_NMC_25C_0_100_0_5_3C_c,305.0,2065.999578786437
matr_to_sandia,naive_cross,matr,sandia,pytorch_1d_cnn,100,42,sandia,sandia_SNL_18650_NMC_25C_0_100_0_5_3C_d,304.0,2065.999578786437
matr_to_sandia,naive_cross,matr,sandia,pytorch_1d_cnn,100,42,sandia,sandia_SNL_18650_NMC_35C_0_100_0_5_1C_a,280.0,2065.999578786437
matr_to_sandia,naive_cross,matr,sandia,pytorch_1d_cnn,100,42,sandia,sandia_SNL_18650_NMC_35C_0_100_0_5_1C_b,90.0,247.0000272144329
matr_to_sandia,naive_cross,matr,sandia,pytorch_1d_cnn,100,42,sandia,sandia_SNL_18650_NMC_35C_0_100_0_5_1C_c,256.0,2065.999578786437
matr_to_sandia,naive_cross,matr,sandia,pytorch_1d_cnn,100,42,sandia,sandia_SNL_18650_NMC_35C_0_100_0_5_1C_d,390.0,2065.999578786437
matr_to_sandia,naive_cross,matr,sandia,pytorch_1d_cnn,100,42,sandia,sandia_SNL_18650_NMC_35C_0_100_0_5_2C_a,170.0,2065.999578786437
matr_to_sandia,naive_cross,matr,sandia,pytorch_1d_cnn,100,42,sandia,sandia_SNL_18650_NMC_35C_0_100_0_5_2C_b,400.0,2065.999578786437
matr_to_sandia,naive_cross,matr,sandia,pytorch_1d_cnn,100,456,sandia,sandia_SNL_18650_LFP_25C_0_100_0_5_3C_a,3183.0,619.3880152189031
matr_to_sandia,naive_cross,matr,sandia,pytorch_1d_cnn,100,456,sandia,sandia_SNL_18650_LFP_25C_0_100_0_5_3C_b,1610.0,659.6508387534315
matr_to_sandia,naive_cross,matr,sandia,pytorch_1d_cnn,100,456,sandia,sandia_SNL_18650_LFP_25C_0_100_0_5_3C_c,2305.0,645.4429644616868
matr_to_sandia,naive_cross,matr,sandia,pytorch_1d_cnn,100,456,sandia,sandia_SNL_18650_LFP_25C_0_100_0_5_3C_d,2788.0,688.0878187975427
matr_to_sandia,naive_cross,matr,sandia,pytorch_1d_cnn,100,456,sandia,sandia_SNL_18650_LFP_35C_0_100_0_5_1C_a,3089.0,628.7604750973278
matr_to_sandia,naive_cross,matr,sandia,pytorch_1d_cnn,100,456,sandia,sandia_SNL_18650_LFP_35C_0_100_0_5_1C_b,3126.0,629.0360667100061
matr_to_sandia,naive_cross,matr,sandia,pytorch_1d_cnn,100,456,sandia,sandia_SNL_18650_LFP_35C_0_100_0_5_1C_c,3246.0,634.71617402
matr_to_sandia,naive_cross,matr,sandia,pytorch_1d_cnn,100,456,sandia,sandia_SNL_18650_LFP_35C_0_100_0_5_1C_d,3374.0,625.3083072081143
matr_to_sandia,naive_cross,matr,sandia,pytorch_1d_cnn,100,456,sandia,sandia_SNL_18650_LFP_35C_0_100_0_5_2C_a,3442.0,635.8157676108841
matr_to_sandia,naive_cross,matr,sandia,pytorch_1d_cnn,100,456,sandia,sandia_SNL_18650_LFP_35C_0_100_0_5_2C_b,2465.0,630.0083481777234
matr_to_sandia,naive_cross,matr,sandia,pytorch_1d_cnn,100,456,sandia,sandia_SNL_18650_NCA_15C_0_100_0_5_1C_a,176.0,505.49891050621653
matr_to_sandia,naive_cross,matr,sandia,pytorch_1d_cnn,100,456,sandia,sandia_SNL_18650_NCA_15C_0_100_0_5_1C_b,325.0,599.5790565658895
matr_to_sandia,naive_cross,matr,sandia,pytorch_1d_cnn,100,456,sandia,sandia_SNL_18650_NCA_15C_0_100_0_5_2C_a,158.0,605.910088063801
matr_to_sandia,naive_cross,matr,sandia,pytorch_1d_cnn,100,456,sandia,sandia_SNL_18650_NCA_15C_0_100_0_5_2C_b,157.0,608.9937554715414
matr_to_sandia,naive_cross,matr,sandia,pytorch_1d_cnn,100,456,sandia,sandia_SNL_18650_NCA_25C_0_100_0_5_0_5C_a,249.0,471.7545620458227
matr_to_sandia,naive_cross,matr,sandia,pytorch_1d_cnn,100,456,sandia,sandia_SNL_18650_NCA_25C_0_100_0_5_0_5C_b,135.0,304.7932199340278
matr_to_sandia,naive_cross,matr,sandia,pytorch_1d_cnn,100,456,sandia,sandia_SNL_18650_NCA_25C_0_100_0_5_1C_a,337.0,624.954479281492
matr_to_sandia,naive_cross,matr,sandia,pytorch_1d_cnn,100,456,sandia,sandia_SNL_18650_NCA_25C_0_100_0_5_1C_b,228.0,579.4658900689942
matr_to_sandia,naive_cross,matr,sandia,pytorch_1d_cnn,100,456,sandia,sandia_SNL_18650_NCA_25C_0_100_0_5_1C_c,228.0,604.7837686396522
matr_to_sandia,naive_cross,matr,sandia,pytorch_1d_cnn,100,456,sandia,sandia_SNL_18650_NCA_25C_0_100_0_5_1C_d,251.0,365.80627899357165
matr_to_sandia,naive_cross,matr,sandia,pytorch_1d_cnn,100,456,sandia,sandia_SNL_18650_NCA_25C_0_100_0_5_2C_a,225.0,624.8576362923457
matr_to_sandia,naive_cross,matr,sandia,pytorch_1d_cnn,100,456,sandia,sandia_SNL_18650_NCA_25C_0_100_0_5_2C_b,304.0,1045.6814418892977
matr_to_sandia,naive_cross,matr,sandia,pytorch_1d_cnn,100,456,sandia,sandia_SNL_18650_NCA_35C_0_100_0_5_1C_a,171.0,639.6656424921327
matr_to_sandia,naive_cross,matr,sandia,pytorch_1d_cnn,100,456,sandia,sandia_SNL_18650_NCA_35C_0_100_0_5_1C_b,320.0,2065.999578786437
matr_to_sandia,naive_cross,matr,sandia,pytorch_1d_cnn,100,456,sandia,sandia_SNL_18650_NCA_35C_0_100_0_5_1C_c,346.0,594.7244802506328
matr_to_sandia,naive_cross,matr,sandia,pytorch_1d_cnn,100,456,sandia,sandia_SNL_18650_NCA_35C_0_100_0_5_1C_d,320.0,2065.999578786437
matr_to_sandia,naive_cross,matr,sandia,pytorch_1d_cnn,100,456,sandia,sandia_SNL_18650_NCA_35C_0_100_0_5_2C_a,210.0,740.7831795587185
matr_to_sandia,naive_cross,matr,sandia,pytorch_1d_cnn,100,456,sandia,sandia_SNL_18650_NCA_35C_0_100_0_5_2C_b,216.0,636.9740616776064
matr_to_sandia,naive_cross,matr,sandia,pytorch_1d_cnn,100,456,sandia,sandia_SNL_18650_NMC_15C_0_100_0_5_1C_a,105.0,588.282222135449
matr_to_sandia,naive_cross,matr,sandia,pytorch_1d_cnn,100,456,sandia,sandia_SNL_18650_NMC_15C_0_100_0_5_1C_b,142.0,247.0000272144329
matr_to_sandia,naive_cross,matr,sandia,pytorch_1d_cnn,100,456,sandia,sandia_SNL_18650_NMC_15C_0_100_0_5_2C_a,102.0,593.5997058875639
matr_to_sandia,naive_cross,matr,sandia,pytorch_1d_cnn,100,456,sandia,sandia_SNL_18650_NMC_15C_0_100_0_5_2C_b,103.0,314.56902801051734
matr_to_sandia,naive_cross,matr,sandia,pytorch_1d_cnn,100,456,sandia,sandia_SNL_18650_NMC_25C_0_100_0_5_0_5C_a,49.0,247.0000272144329
matr_to_sandia,naive_cross,matr,sandia,pytorch_1d_cnn,100,456,sandia,sandia_SNL_18650_NMC_25C_0_100_0_5_0_5C_b,327.0,561.6531320763237
matr_to_sandia,naive_cross,matr,sandia,pytorch_1d_cnn,100,456,sandia,sandia_SNL_18650_NMC_25C_0_100_0_5_1C_a,271.0,609.0503843203535
matr_to_sandia,naive_cross,matr,sandia,pytorch_1d_cnn,100,456,sandia,sandia_SNL_18650_NMC_25C_0_100_0_5_1C_b,340.0,610.0685681948928
matr_to_sandia,naive_cross,matr,sandia,pytorch_1d_cnn,100,456,sandia,sandia_SNL_18650_NMC_25C_0_100_0_5_1C_c,282.0,608.300406720714
matr_to_sandia,naive_cross,matr,sandia,pytorch_1d_cnn,100,456,sandia,sandia_SNL_18650_NMC_25C_0_100_0_5_1C_d,285.0,612.5091709293619
matr_to_sandia,naive_cross,matr,sandia,pytorch_1d_cnn,100,456,sandia,sandia_SNL_18650_NMC_25C_0_100_0_5_2C_a,233.0,624.3117227654809
matr_to_sandia,naive_cross,matr,sandia,pytorch_1d_cnn,100,456,sandia,sandia_SNL_18650_NMC_25C_0_100_0_5_2C_b,135.0,575.8778194911962
matr_to_sandia,naive_cross,matr,sandia,pytorch_1d_cnn,100,456,sandia,sandia_SNL_18650_NMC_25C_0_100_0_5_3C_a,261.0,526.796701631549
matr_to_sandia,naive_cross,matr,sandia,pytorch_1d_cnn,100,456,sandia,sandia_SNL_18650_NMC_25C_0_100_0_5_3C_b,287.0,608.1287152945677
matr_to_sandia,naive_cross,matr,sandia,pytorch_1d_cnn,100,456,sandia,sandia_SNL_18650_NMC_25C_0_100_0_5_3C_c,305.0,572.9692128259697
matr_to_sandia,naive_cross,matr,sandia,pytorch_1d_cnn,100,456,sandia,sandia_SNL_18650_NMC_25C_0_100_0_5_3C_d,304.0,606.909130921408
matr_to_sandia,naive_cross,matr,sandia,pytorch_1d_cnn,100,456,sandia,sandia_SNL_18650_NMC_35C_0_100_0_5_1C_a,280.0,634.3016703538462
matr_to_sandia,naive_cross,matr,sandia,pytorch_1d_cnn,100,456,sandia,sandia_SNL_18650_NMC_35C_0_100_0_5_1C_b,90.0,357.2477121896933
matr_to_sandia,naive_cross,matr,sandia,pytorch_1d_cnn,100,456,sandia,sandia_SNL_18650_NMC_35C_0_100_0_5_1C_c,256.0,626.114780973268
matr_to_sandia,naive_cross,matr,sandia,pytorch_1d_cnn,100,456,sandia,sandia_SNL_18650_NMC_35C_0_100_0_5_1C_d,390.0,555.7991087470248
matr_to_sandia,naive_cross,matr,sandia,pytorch_1d_cnn,100,456,sandia,sandia_SNL_18650_NMC_35C_0_100_0_5_2C_a,170.0,621.1525654548743
matr_to_sandia,naive_cross,matr,sandia,pytorch_1d_cnn,100,456,sandia,sandia_SNL_18650_NMC_35C_0_100_0_5_2C_b,400.0,603.4195259973526
matr_to_sandia,naive_cross,matr,sandia,pytorch_1d_cnn,100,789,sandia,sandia_SNL_18650_LFP_25C_0_100_0_5_3C_a,3183.0,2065.999578786437
matr_to_sandia,naive_cross,matr,sandia,pytorch_1d_cnn,100,789,sandia,sandia_SNL_18650_LFP_25C_0_100_0_5_3C_b,1610.0,2065.999578786437
matr_to_sandia,naive_cross,matr,sandia,pytorch_1d_cnn,100,789,sandia,sandia_SNL_18650_LFP_25C_0_100_0_5_3C_c,2305.0,2065.999578786437
matr_to_sandia,naive_cross,matr,sandia,pytorch_1d_cnn,100,789,sandia,sandia_SNL_18650_LFP_25C_0_100_0_5_3C_d,2788.0,2065.999578786437
matr_to_sandia,naive_cross,matr,sandia,pytorch_1d_cnn,100,789,sandia,sandia_SNL_18650_LFP_35C_0_100_0_5_1C_a,3089.0,2065.999578786437
matr_to_sandia,naive_cross,matr,sandia,pytorch_1d_cnn,100,789,sandia,sandia_SNL_18650_LFP_35C_0_100_0_5_1C_b,3126.0,2065.999578786437
matr_to_sandia,naive_cross,matr,sandia,pytorch_1d_cnn,100,789,sandia,sandia_SNL_18650_LFP_35C_0_100_0_5_1C_c,3246.0,1693.9870021903716
matr_to_sandia,naive_cross,matr,sandia,pytorch_1d_cnn,100,789,sandia,sandia_SNL_18650_LFP_35C_0_100_0_5_1C_d,3374.0,2062.3115348040487
matr_to_sandia,naive_cross,matr,sandia,pytorch_1d_cnn,100,789,sandia,sandia_SNL_18650_LFP_35C_0_100_0_5_2C_a,3442.0,2065.999578786437
matr_to_sandia,naive_cross,matr,sandia,pytorch_1d_cnn,100,789,sandia,sandia_SNL_18650_LFP_35C_0_100_0_5_2C_b,2465.0,1964.4100577848221
matr_to_sandia,naive_cross,matr,sandia,pytorch_1d_cnn,100,789,sandia,sandia_SNL_18650_NCA_15C_0_100_0_5_1C_a,176.0,360.53188331599074
matr_to_sandia,naive_cross,matr,sandia,pytorch_1d_cnn,100,789,sandia,sandia_SNL_18650_NCA_15C_0_100_0_5_1C_b,325.0,570.8657912709517
matr_to_sandia,naive_cross,matr,sandia,pytorch_1d_cnn,100,789,sandia,sandia_SNL_18650_NCA_15C_0_100_0_5_2C_a,158.0,250.00002302925145
matr_to_sandia,naive_cross,matr,sandia,pytorch_1d_cnn,100,789,sandia,sandia_SNL_18650_NCA_15C_0_100_0_5_2C_b,157.0,336.93371094640196
matr_to_sandia,naive_cross,matr,sandia,pytorch_1d_cnn,100,789,sandia,sandia_SNL_18650_NCA_25C_0_100_0_5_0_5C_a,249.0,979.4320905051197
matr_to_sandia,naive_cross,matr,sandia,pytorch_1d_cnn,100,789,sandia,sandia_SNL_18650_NCA_25C_0_100_0_5_0_5C_b,135.0,250.00002302925145
matr_to_sandia,naive_cross,matr,sandia,pytorch_1d_cnn,100,789,sandia,sandia_SNL_18650_NCA_25C_0_100_0_5_1C_a,337.0,857.8709318195437
matr_to_sandia,naive_cross,matr,sandia,pytorch_1d_cnn,100,789,sandia,sandia_SNL_18650_NCA_25C_0_100_0_5_1C_b,228.0,1005.0021893332869
matr_to_sandia,naive_cross,matr,sandia,pytorch_1d_cnn,100,789,sandia,sandia_SNL_18650_NCA_25C_0_100_0_5_1C_c,228.0,537.2162937024277
matr_to_sandia,naive_cross,matr,sandia,pytorch_1d_cnn,100,789,sandia,sandia_SNL_18650_NCA_25C_0_100_0_5_1C_d,251.0,512.9266275305507
matr_to_sandia,naive_cross,matr,sandia,pytorch_1d_cnn,100,789,sandia,sandia_SNL_18650_NCA_25C_0_100_0_5_2C_a,225.0,431.42075154949606
matr_to_sandia,naive_cross,matr,sandia,pytorch_1d_cnn,100,789,sandia,sandia_SNL_18650_NCA_25C_0_100_0_5_2C_b,304.0,1241.844349251853
matr_to_sandia,naive_cross,matr,sandia,pytorch_1d_cnn,100,789,sandia,sandia_SNL_18650_NCA_35C_0_100_0_5_1C_a,171.0,629.8860926054547
matr_to_sandia,naive_cross,matr,sandia,pytorch_1d_cnn,100,789,sandia,sandia_SNL_18650_NCA_35C_0_100_0_5_1C_b,320.0,697.1006718519476
matr_to_sandia,naive_cross,matr,sandia,pytorch_1d_cnn,100,789,sandia,sandia_SNL_18650_NCA_35C_0_100_0_5_1C_c,346.0,600.7744575122144
matr_to_sandia,naive_cross,matr,sandia,pytorch_1d_cnn,100,789,sandia,sandia_SNL_18650_NCA_35C_0_100_0_5_1C_d,320.0,681.3076703533844
matr_to_sandia,naive_cross,matr,sandia,pytorch_1d_cnn,100,789,sandia,sandia_SNL_18650_NCA_35C_0_100_0_5_2C_a,210.0,926.1715307397993
matr_to_sandia,naive_cross,matr,sandia,pytorch_1d_cnn,100,789,sandia,sandia_SNL_18650_NCA_35C_0_100_0_5_2C_b,216.0,484.30364615601565
matr_to_sandia,naive_cross,matr,sandia,pytorch_1d_cnn,100,789,sandia,sandia_SNL_18650_NMC_15C_0_100_0_5_1C_a,105.0,310.057940790725
matr_to_sandia,naive_cross,matr,sandia,pytorch_1d_cnn,100,789,sandia,sandia_SNL_18650_NMC_15C_0_100_0_5_1C_b,142.0,250.00002302925145
matr_to_sandia,naive_cross,matr,sandia,pytorch_1d_cnn,100,789,sandia,sandia_SNL_18650_NMC_15C_0_100_0_5_2C_a,102.0,348.90153017198867
matr_to_sandia,naive_cross,matr,sandia,pytorch_1d_cnn,100,789,sandia,sandia_SNL_18650_NMC_15C_0_100_0_5_2C_b,103.0,298.6918219043424
matr_to_sandia,naive_cross,matr,sandia,pytorch_1d_cnn,100,789,sandia,sandia_SNL_18650_NMC_25C_0_100_0_5_0_5C_a,49.0,250.00002302925145
matr_to_sandia,naive_cross,matr,sandia,pytorch_1d_cnn,100,789,sandia,sandia_SNL_18650_NMC_25C_0_100_0_5_0_5C_b,327.0,937.5993765744986
matr_to_sandia,naive_cross,matr,sandia,pytorch_1d_cnn,100,789,sandia,sandia_SNL_18650_NMC_25C_0_100_0_5_1C_a,271.0,966.7316193797816
matr_to_sandia,naive_cross,matr,sandia,pytorch_1d_cnn,100,789,sandia,sandia_SNL_18650_NMC_25C_0_100_0_5_1C_b,340.0,986.3257763063281
matr_to_sandia,naive_cross,matr,sandia,pytorch_1d_cnn,100,789,sandia,sandia_SNL_18650_NMC_25C_0_100_0_5_1C_c,282.0,969.372449541149
matr_to_sandia,naive_cross,matr,sandia,pytorch_1d_cnn,100,789,sandia,sandia_SNL_18650_NMC_25C_0_100_0_5_1C_d,285.0,1020.1440165935074
matr_to_sandia,naive_cross,matr,sandia,pytorch_1d_cnn,100,789,sandia,sandia_SNL_18650_NMC_25C_0_100_0_5_2C_a,233.0,1016.5453529749109
matr_to_sandia,naive_cross,matr,sandia,pytorch_1d_cnn,100,789,sandia,sandia_SNL_18650_NMC_25C_0_100_0_5_2C_b,135.0,518.6410990975613
matr_to_sandia,naive_cross,matr,sandia,pytorch_1d_cnn,100,789,sandia,sandia_SNL_18650_NMC_25C_0_100_0_5_3C_a,261.0,732.8003444353609
matr_to_sandia,naive_cross,matr,sandia,pytorch_1d_cnn,100,789,sandia,sandia_SNL_18650_NMC_25C_0_100_0_5_3C_b,287.0,1112.0716562455946
matr_to_sandia,naive_cross,matr,sandia,pytorch_1d_cnn,100,789,sandia,sandia_SNL_18650_NMC_25C_0_100_0_5_3C_c,305.0,1059.30293630204
matr_to_sandia,naive_cross,matr,sandia,pytorch_1d_cnn,100,789,sandia,sandia_SNL_18650_NMC_25C_0_100_0_5_3C_d,304.0,1116.66057119241
matr_to_sandia,naive_cross,matr,sandia,pytorch_1d_cnn,100,789,sandia,sandia_SNL_18650_NMC_35C_0_100_0_5_1C_a,280.0,1073.408930967241
matr_to_sandia,naive_cross,matr,sandia,pytorch_1d_cnn,100,789,sandia,sandia_SNL_18650_NMC_35C_0_100_0_5_1C_b,90.0,250.00002302925145
matr_to_sandia,naive_cross,matr,sandia,pytorch_1d_cnn,100,789,sandia,sandia_SNL_18650_NMC_35C_0_100_0_5_1C_c,256.0,1118.5748252811136
matr_to_sandia,naive_cross,matr,sandia,pytorch_1d_cnn,100,789,sandia,sandia_SNL_18650_NMC_35C_0_100_0_5_1C_d,390.0,1015.6770939256719
matr_to_sandia,naive_cross,matr,sandia,pytorch_1d_cnn,100,789,sandia,sandia_SNL_18650_NMC_35C_0_100_0_5_2C_a,170.0,1016.3742588860483
matr_to_sandia,naive_cross,matr,sandia,pytorch_1d_cnn,100,789,sandia,sandia_SNL_18650_NMC_35C_0_100_0_5_2C_b,400.0,970.2446127255266
sandia_to_hust,naive_cross,sandia,hust,pytorch_1d_cnn,100,1011,hust,hust_1-1,1198.0,3207.680029731058
sandia_to_hust,naive_cross,sandia,hust,pytorch_1d_cnn,100,1011,hust,hust_1-2,1966.0,3128.4355845306072
sandia_to_hust,naive_cross,sandia,hust,pytorch_1d_cnn,100,1011,hust,hust_1-3,1513.0,3442.0013358290294
sandia_to_hust,naive_cross,sandia,hust,pytorch_1d_cnn,100,1011,hust,hust_1-4,1213.0,3442.0013358290294
sandia_to_hust,naive_cross,sandia,hust,pytorch_1d_cnn,100,1011,hust,hust_1-5,1538.0,3442.0013358290294
sandia_to_hust,naive_cross,sandia,hust,pytorch_1d_cnn,100,1011,hust,hust_1-6,829.0,2327.8443453225404
sandia_to_hust,naive_cross,sandia,hust,pytorch_1d_cnn,100,1011,hust,hust_1-7,1321.0,3156.4501120348414
sandia_to_hust,naive_cross,sandia,hust,pytorch_1d_cnn,100,1011,hust,hust_1-8,1733.0,3262.0862475049603
sandia_to_hust,naive_cross,sandia,hust,pytorch_1d_cnn,100,1011,hust,hust_10-1,1378.0,3264.759663797276
sandia_to_hust,naive_cross,sandia,hust,pytorch_1d_cnn,100,1011,hust,hust_10-2,1375.0,3442.0013358290294
sandia_to_hust,naive_cross,sandia,hust,pytorch_1d_cnn,100,1011,hust,hust_10-3,1477.0,3191.093889516964
sandia_to_hust,naive_cross,sandia,hust,pytorch_1d_cnn,100,1011,hust,hust_10-4,1489.0,3442.0013358290294
sandia_to_hust,naive_cross,sandia,hust,pytorch_1d_cnn,100,1011,hust,hust_10-5,1657.0,3442.0013358290294
sandia_to_hust,naive_cross,sandia,hust,pytorch_1d_cnn,100,1011,hust,hust_10-6,1659.0,3142.8012428244756
sandia_to_hust,naive_cross,sandia,hust,pytorch_1d_cnn,100,1011,hust,hust_10-7,1435.0,3442.0013358290294
sandia_to_hust,naive_cross,sandia,hust,pytorch_1d_cnn,100,1011,hust,hust_10-8,1093.0,3058.7966412194382
sandia_to_hust,naive_cross,sandia,hust,pytorch_1d_cnn,100,1011,hust,hust_2-2,2021.0,2976.486677312647
sandia_to_hust,naive_cross,sandia,hust,pytorch_1d_cnn,100,1011,hust,hust_2-3,1413.0,3442.0013358290294
sandia_to_hust,naive_cross,sandia,hust,pytorch_1d_cnn,100,1011,hust,hust_2-4,1165.0,3112.0989259576622
sandia_to_hust,naive_cross,sandia,hust,pytorch_1d_cnn,100,1011,hust,hust_2-5,1092.0,3442.0013358290294
sandia_to_hust,naive_cross,sandia,hust,pytorch_1d_cnn,100,1011,hust,hust_2-6,1297.0,3442.0013358290294
sandia_to_hust,naive_cross,sandia,hust,pytorch_1d_cnn,100,1011,hust,hust_2-7,1789.0,3442.0013358290294
sandia_to_hust,naive_cross,sandia,hust,pytorch_1d_cnn,100,1011,hust,hust_2-8,1192.0,3195.351210363102
sandia_to_hust,naive_cross,sandia,hust,pytorch_1d_cnn,100,1011,hust,hust_3-1,1571.0,3442.0013358290294
sandia_to_hust,naive_cross,sandia,hust,pytorch_1d_cnn,100,1011,hust,hust_3-2,1773.0,3442.0013358290294
sandia_to_hust,naive_cross,sandia,hust,pytorch_1d_cnn,100,1011,hust,hust_3-3,1360.0,3442.0013358290294
sandia_to_hust,naive_cross,sandia,hust,pytorch_1d_cnn,100,1011,hust,hust_3-4,1396.0,3060.795504664173
sandia_to_hust,naive_cross,sandia,hust,pytorch_1d_cnn,100,1011,hust,hust_3-5,1879.0,3013.0606546855233
sandia_to_hust,naive_cross,sandia,hust,pytorch_1d_cnn,100,1011,hust,hust_3-6,1979.0,3442.0013358290294
sandia_to_hust,naive_cross,sandia,hust,pytorch_1d_cnn,100,1011,hust,hust_3-7,1870.0,3375.8455070172768
sandia_to_hust,naive_cross,sandia,hust,pytorch_1d_cnn,100,1011,hust,hust_3-8,1856.0,3442.0013358290294
sandia_to_hust,naive_cross,sandia,hust,pytorch_1d_cnn,100,1011,hust,hust_4-1,1762.0,3168.2511294325473
sandia_to_hust,naive_cross,sandia,hust,pytorch_1d_cnn,100,1011,hust,hust_4-2,1453.0,3442.0013358290294
sandia_to_hust,naive_cross,sandia,hust,pytorch_1d_cnn,100,1011,hust,hust_4-3,931.0,3075.4928262439785
sandia_to_hust,naive_cross,sandia,hust,pytorch_1d_cnn,100,1011,hust,hust_4-4,1204.0,3194.0868209681557
sandia_to_hust,naive_cross,sandia,hust,pytorch_1d_cnn,100,1011,hust,hust_4-5,1220.0,3081.0823667000836
sandia_to_hust,naive_cross,sandia,hust,pytorch_1d_cnn,100,1011,hust,hust_4-6,1089.0,3101.6279205705164
sandia_to_hust,naive_cross,sandia,hust,pytorch_1d_cnn,100,1011,hust,hust_4-7,1579.0,3121.3190723892103
sandia_to_hust,naive_cross,sandia,hust,pytorch_1d_cnn,100,1011,hust,hust_4-8,1389.0,3442.0013358290294
sandia_to_hust,naive_cross,sandia,hust,pytorch_1d_cnn,100,1011,hust,hust_5-1,1832.0,3157.145550702231
sandia_to_hust,naive_cross,sandia,hust,pytorch_1d_cnn,100,1011,hust,hust_5-2,1574.0,3442.0013358290294
sandia_to_hust,naive_cross,sandia,hust,pytorch_1d_cnn,100,1011,hust,hust_5-3,2024.0,3115.276230625778
sandia_to_hust,naive_cross,sandia,hust,pytorch_1d_cnn,100,1011,hust,hust_5-4,1520.0,3323.9833391612715
sandia_to_hust,naive_cross,sandia,hust,pytorch_1d_cnn,100,1011,hust,hust_5-5,1242.0,3442.0013358290294
sandia_to_hust,naive_cross,sandia,hust,pytorch_1d_cnn,100,1011,hust,hust_5-6,1807.0,3172.021155929453
sandia_to_hust,naive_cross,sandia,hust,pytorch_1d_cnn,100,1011,hust,hust_5-7,1171.0,3108.714360957125
sandia_to_hust,naive_cross,sandia,hust,pytorch_1d_cnn,100,1011,hust,hust_6-1,1255.0,3129.1755821855754
sandia_to_hust,naive_cross,sandia,hust,pytorch_1d_cnn,100,1011,hust,hust_6-2,1496.0,3442.0013358290294
sandia_to_hust,naive_cross,sandia,hust,pytorch_1d_cnn,100,1011,hust,hust_6-3,1437.0,3442.0013358290294
sandia_to_hust,naive_cross,sandia,hust,pytorch_1d_cnn,100,1011,hust,hust_6-4,1332.0,3041.1033183740474
sandia_to_hust,naive_cross,sandia,hust,pytorch_1d_cnn,100,1011,hust,hust_6-5,1686.0,3138.170972207274
sandia_to_hust,naive_cross,sandia,hust,pytorch_1d_cnn,100,1011,hust,hust_6-6,1924.0,3442.0013358290294
sandia_to_hust,naive_cross,sandia,hust,pytorch_1d_cnn,100,1011,hust,hust_6-8,1700.0,2888.560293873279
sandia_to_hust,naive_cross,sandia,hust,pytorch_1d_cnn,100,1011,hust,hust_7-1,1308.0,3158.9887523794373
sandia_to_hust,naive_cross,sandia,hust,pytorch_1d_cnn,100,1011,hust,hust_7-2,1637.0,3442.0013358290294
sandia_to_hust,naive_cross,sandia,hust,pytorch_1d_cnn,100,1011,hust,hust_7-3,1063.0,3348.2841785688224
sandia_to_hust,naive_cross,sandia,hust,pytorch_1d_cnn,100,1011,hust,hust_7-4,1148.0,3342.6784720551427
sandia_to_hust,naive_cross,sandia,hust,pytorch_1d_cnn,100,1011,hust,hust_7-5,1528.0,3442.0013358290294
sandia_to_hust,naive_cross,sandia,hust,pytorch_1d_cnn,100,1011,hust,hust_7-6,1162.0,3240.8455722702397
sandia_to_hust,naive_cross,sandia,hust,pytorch_1d_cnn,100,1011,hust,hust_7-7,1367.0,3263.819516922396
sandia_to_hust,naive_cross,sandia,hust,pytorch_1d_cnn,100,1011,hust,hust_7-8,1566.0,3442.0013358290294
sandia_to_hust,naive_cross,sandia,hust,pytorch_1d_cnn,100,1011,hust,hust_8-1,1062.0,3307.0765054367803
sandia_to_hust,naive_cross,sandia,hust,pytorch_1d_cnn,100,1011,hust,hust_8-2,1564.0,3137.048875469509
sandia_to_hust,naive_cross,sandia,hust,pytorch_1d_cnn,100,1011,hust,hust_8-3,1844.0,3442.0013358290294
sandia_to_hust,naive_cross,sandia,hust,pytorch_1d_cnn,100,1011,hust,hust_8-4,1517.0,3361.7736947714425
sandia_to_hust,naive_cross,sandia,hust,pytorch_1d_cnn,100,1011,hust,hust_8-5,1089.0,3282.144968341478
sandia_to_hust,naive_cross,sandia,hust,pytorch_1d_cnn,100,1011,hust,hust_8-6,1746.0,3155.493005494166
sandia_to_hust,naive_cross,sandia,hust,pytorch_1d_cnn,100,1011,hust,hust_8-7,1593.0,3373.5154245433705
sandia_to_hust,naive_cross,sandia,hust,pytorch_1d_cnn,100,1011,hust,hust_8-8,1351.0,3442.0013358290294
sandia_to_hust,naive_cross,sandia,hust,pytorch_1d_cnn,100,1011,hust,hust_9-1,1647.0,3442.0013358290294
sandia_to_hust,naive_cross,sandia,hust,pytorch_1d_cnn,100,1011,hust,hust_9-2,1679.0,3442.0013358290294
sandia_to_hust,naive_cross,sandia,hust,pytorch_1d_cnn,100,1011,hust,hust_9-3,1526.0,3442.0013358290294
sandia_to_hust,naive_cross,sandia,hust,pytorch_1d_cnn,100,1011,hust,hust_9-4,1589.0,3442.0013358290294
sandia_to_hust,naive_cross,sandia,hust,pytorch_1d_cnn,100,1011,hust,hust_9-5,1719.0,3442.0013358290294
sandia_to_hust,naive_cross,sandia,hust,pytorch_1d_cnn,100,1011,hust,hust_9-6,1381.0,3442.0013358290294
sandia_to_hust,naive_cross,sandia,hust,pytorch_1d_cnn,100,1011,hust,hust_9-7,1617.0,3442.0013358290294
sandia_to_hust,naive_cross,sandia,hust,pytorch_1d_cnn,100,1011,hust,hust_9-8,1839.0,3442.0013358290294
sandia_to_hust,naive_cross,sandia,hust,pytorch_1d_cnn,100,123,hust,hust_1-1,1198.0,2471.7275918933997
sandia_to_hust,naive_cross,sandia,hust,pytorch_1d_cnn,100,123,hust,hust_1-2,1966.0,2409.4946543482515
sandia_to_hust,naive_cross,sandia,hust,pytorch_1d_cnn,100,123,hust,hust_1-3,1513.0,3374.0012620114744
sandia_to_hust,naive_cross,sandia,hust,pytorch_1d_cnn,100,123,hust,hust_1-4,1213.0,3374.0012620114744
sandia_to_hust,naive_cross,sandia,hust,pytorch_1d_cnn,100,123,hust,hust_1-5,1538.0,3374.0012620114744
sandia_to_hust,naive_cross,sandia,hust,pytorch_1d_cnn,100,123,hust,hust_1-6,829.0,1932.8825029913762
sandia_to_hust,naive_cross,sandia,hust,pytorch_1d_cnn,100,123,hust,hust_1-7,1321.0,2449.0415304229373
sandia_to_hust,naive_cross,sandia,hust,pytorch_1d_cnn,100,123,hust,hust_1-8,1733.0,2502.6839589427786
sandia_to_hust,naive_cross,sandia,hust,pytorch_1d_cnn,100,123,hust,hust_10-1,1378.0,2502.3176203363987
sandia_to_hust,naive_cross,sandia,hust,pytorch_1d_cnn,100,123,hust,hust_10-2,1375.0,3374.0012620114744
sandia_to_hust,naive_cross,sandia,hust,pytorch_1d_cnn,100,123,hust,hust_10-3,1477.0,2459.101661479361
sandia_to_hust,naive_cross,sandia,hust,pytorch_1d_cnn,100,123,hust,hust_10-4,1489.0,3374.0012620114744
sandia_to_hust,naive_cross,sandia,hust,pytorch_1d_cnn,100,123,hust,hust_10-5,1657.0,3374.0012620114744
sandia_to_hust,naive_cross,sandia,hust,pytorch_1d_cnn,100,123,hust,hust_10-6,1659.0,2426.7233683374243
sandia_to_hust,naive_cross,sandia,hust,pytorch_1d_cnn,100,123,hust,hust_10-7,1435.0,3374.0012620114744
sandia_to_hust,naive_cross,sandia,hust,pytorch_1d_cnn,100,123,hust,hust_10-8,1093.0,2398.404294701046
sandia_to_hust,naive_cross,sandia,hust,pytorch_1d_cnn,100,123,hust,hust_2-2,2021.0,2324.423612872665
sandia_to_hust,naive_cross,sandia,hust,pytorch_1d_cnn,100,123,hust,hust_2-3,1413.0,3374.0012620114744
sandia_to_hust,naive_cross,sandia,hust,pytorch_1d_cnn,100,123,hust,hust_2-4,1165.0,2414.2283211004956
sandia_to_hust,naive_cross,sandia,hust,pytorch_1d_cnn,100,123,hust,hust_2-5,1092.0,3374.0012620114744
sandia_to_hust,naive_cross,sandia,hust,pytorch_1d_cnn,100,123,hust,hust_2-6,1297.0,3374.0012620114744
sandia_to_hust,naive_cross,sandia,hust,pytorch_1d_cnn,100,123,hust,hust_2-7,1789.0,3374.0012620114744
sandia_to_hust,naive_cross,sandia,hust,pytorch_1d_cnn,100,123,hust,hust_2-8,1192.0,2484.7465217874606
sandia_to_hust,naive_cross,sandia,hust,pytorch_1d_cnn,100,123,hust,hust_3-1,1571.0,3374.0012620114744
sandia_to_hust,naive_cross,sandia,hust,pytorch_1d_cnn,100,123,hust,hust_3-2,1773.0,3374.0012620114744
sandia_to_hust,naive_cross,sandia,hust,pytorch_1d_cnn,100,123,hust,hust_3-3,1360.0,3374.0012620114744
sandia_to_hust,naive_cross,sandia,hust,pytorch_1d_cnn,100,123,hust,hust_3-4,1396.0,2401.2971808296775
sandia_to_hust,naive_cross,sandia,hust,pytorch_1d_cnn,100,123,hust,hust_3-5,1879.0,2362.8637680596394
sandia_to_hust,naive_cross,sandia,hust,pytorch_1d_cnn,100,123,hust,hust_3-6,1979.0,3374.0012620114744
sandia_to_hust,naive_cross,sandia,hust,pytorch_1d_cnn,100,123,hust,hust_3-7,1870.0,2554.2546245384165
sandia_to_hust,naive_cross,sandia,hust,pytorch_1d_cnn,100,123,hust,hust_3-8,1856.0,3374.0012620114744
sandia_to_hust,naive_cross,sandia,hust,pytorch_1d_cnn,100,123,hust,hust_4-1,1762.0,2454.3057564660926
sandia_to_hust,naive_cross,sandia,hust,pytorch_1d_cnn,100,123,hust,hust_4-2,1453.0,3374.0012620114744
sandia_to_hust,naive_cross,sandia,hust,pytorch_1d_cnn,100,123,hust,hust_4-3,931.0,2407.530773564848
sandia_to_hust,naive_cross,sandia,hust,pytorch_1d_cnn,100,123,hust,hust_4-4,1204.0,2473.7450191395187
sandia_to_hust,naive_cross,sandia,hust,pytorch_1d_cnn,100,123,hust,hust_4-5,1220.0,2405.163613788052
sandia_to_hust,naive_cross,sandia,hust,pytorch_1d_cnn,100,123,hust,hust_4-6,1089.0,2421.86934869145
sandia_to_hust,naive_cross,sandia,hust,pytorch_1d_cnn,100,123,hust,hust_4-7,1579.0,2424.9466337969284
sandia_to_hust,naive_cross,sandia,hust,pytorch_1d_cnn,100,123,hust,hust_4-8,1389.0,3374.0012620114744
sandia_to_hust,naive_cross,sandia,hust,pytorch_1d_cnn,100,123,hust,hust_5-1,1832.0,2443.193205341973
sandia_to_hust,naive_cross,sandia,hust,pytorch_1d_cnn,100,123,hust,hust_5-2,1574.0,3374.0012620114744
sandia_to_hust,naive_cross,sandia,hust,pytorch_1d_cnn,100,123,hust,hust_5-3,2024.0,2429.8856086618757
sandia_to_hust,naive_cross,sandia,hust,pytorch_1d_cnn,100,123,hust,hust_5-4,1520.0,2548.720113215397
sandia_to_hust,naive_cross,sandia,hust,pytorch_1d_cnn,100,123,hust,hust_5-5,1242.0,3374.0012620114744
sandia_to_hust,naive_cross,sandia,hust,pytorch_1d_cnn,100,123,hust,hust_5-6,1807.0,2450.026178656147
sandia_to_hust,naive_cross,sandia,hust,pytorch_1d_cnn,100,123,hust,hust_5-7,1171.0,2435.943669155328
sandia_to_hust,naive_cross,sandia,hust,pytorch_1d_cnn,100,123,hust,hust_6-1,1255.0,2455.708181406586
sandia_to_hust,naive_cross,sandia,hust,pytorch_1d_cnn,100,123,hust,hust_6-2,1496.0,3374.0012620114744
sandia_to_hust,naive_cross,sandia,hust,pytorch_1d_cnn,100,123,hust,hust_6-3,1437.0,3374.0012620114744
sandia_to_hust,naive_cross,sandia,hust,pytorch_1d_cnn,100,123,hust,hust_6-4,1332.0,2401.4975690420574
sandia_to_hust,naive_cross,sandia,hust,pytorch_1d_cnn,100,123,hust,hust_6-5,1686.0,2455.363939501092
sandia_to_hust,naive_cross,sandia,hust,pytorch_1d_cnn,100,123,hust,hust_6-6,1924.0,3374.0012620114744
sandia_to_hust,naive_cross,sandia,hust,pytorch_1d_cnn,100,123,hust,hust_6-8,1700.0,2277.706123878614
sandia_to_hust,naive_cross,sandia,hust,pytorch_1d_cnn,100,123,hust,hust_7-1,1308.0,2440.0089926290857
sandia_to_hust,naive_cross,sandia,hust,pytorch_1d_cnn,100,123,hust,hust_7-2,1637.0,3281.2561410634953
sandia_to_hust,naive_cross,sandia,hust,pytorch_1d_cnn,100,123,hust,hust_7-3,1063.0,2567.929857795828
sandia_to_hust,naive_cross,sandia,hust,pytorch_1d_cnn,100,123,hust,hust_7-4,1148.0,2563.0353662104617
sandia_to_hust,naive_cross,sandia,hust,pytorch_1d_cnn,100,123,hust,hust_7-5,1528.0,3374.0012620114744
sandia_to_hust,naive_cross,sandia,hust,pytorch_1d_cnn,100,123,hust,hust_7-6,1162.0,2506.1805946254726
sandia_to_hust,naive_cross,sandia,hust,pytorch_1d_cnn,100,123,hust,hust_7-7,1367.0,2522.285089815242
sandia_to_hust,naive_cross,sandia,hust,pytorch_1d_cnn,100,123,hust,hust_7-8,1566.0,3374.0012620114744
sandia_to_hust,naive_cross,sandia,hust,pytorch_1d_cnn,100,123,hust,hust_8-1,1062.0,2539.6795871427935
sandia_to_hust,naive_cross,sandia,hust,pytorch_1d_cnn,100,123,hust,hust_8-2,1564.0,2455.5360544214245
sandia_to_hust,naive_cross,sandia,hust,pytorch_1d_cnn,100,123,hust,hust_8-3,1844.0,3374.0012620114744
sandia_to_hust,naive_cross,sandia,hust,pytorch_1d_cnn,100,123,hust,hust_8-4,1517.0,2568.430720744714
sandia_to_hust,naive_cross,sandia,hust,pytorch_1d_cnn,100,123,hust,hust_8-5,1089.0,2530.359814480125
sandia_to_hust,naive_cross,sandia,hust,pytorch_1d_cnn,100,123,hust,hust_8-6,1746.0,2454.9108783140387
sandia_to_hust,naive_cross,sandia,hust,pytorch_1d_cnn,100,123,hust,hust_8-7,1593.0,2595.7578039649798
sandia_to_hust,naive_cross,sandia,hust,pytorch_1d_cnn,100,123,hust,hust_8-8,1351.0,3374.0012620114744
sandia_to_hust,naive_cross,sandia,hust,pytorch_1d_cnn,100,123,hust,hust_9-1,1647.0,3374.0012620114744
sandia_to_hust,naive_cross,sandia,hust,pytorch_1d_cnn,100,123,hust,hust_9-2,1679.0,3374.0012620114744
sandia_to_hust,naive_cross,sandia,hust,pytorch_1d_cnn,100,123,hust,hust_9-3,1526.0,3374.0012620114744
sandia_to_hust,naive_cross,sandia,hust,pytorch_1d_cnn,100,123,hust,hust_9-4,1589.0,3374.0012620114744
sandia_to_hust,naive_cross,sandia,hust,pytorch_1d_cnn,100,123,hust,hust_9-5,1719.0,3374.0012620114744
sandia_to_hust,naive_cross,sandia,hust,pytorch_1d_cnn,100,123,hust,hust_9-6,1381.0,3374.0012620114744
sandia_to_hust,naive_cross,sandia,hust,pytorch_1d_cnn,100,123,hust,hust_9-7,1617.0,3374.0012620114744
sandia_to_hust,naive_cross,sandia,hust,pytorch_1d_cnn,100,123,hust,hust_9-8,1839.0,3374.0012620114744
sandia_to_hust,naive_cross,sandia,hust,pytorch_1d_cnn,100,42,hust,hust_1-1,1198.0,2830.393816595774
sandia_to_hust,naive_cross,sandia,hust,pytorch_1d_cnn,100,42,hust,hust_1-2,1966.0,2730.7708487730997
sandia_to_hust,naive_cross,sandia,hust,pytorch_1d_cnn,100,42,hust,hust_1-3,1513.0,3442.0013358290294
sandia_to_hust,naive_cross,sandia,hust,pytorch_1d_cnn,100,42,hust,hust_1-4,1213.0,3442.0013358290294
sandia_to_hust,naive_cross,sandia,hust,pytorch_1d_cnn,100,42,hust,hust_1-5,1538.0,3442.0013358290294
sandia_to_hust,naive_cross,sandia,hust,pytorch_1d_cnn,100,42,hust,hust_1-6,829.0,1983.6735373992535
sandia_to_hust,naive_cross,sandia,hust,pytorch_1d_cnn,100,42,hust,hust_1-7,1321.0,2746.611489444804
sandia_to_hust,naive_cross,sandia,hust,pytorch_1d_cnn,100,42,hust,hust_1-8,1733.0,2846.1174119252382
sandia_to_hust,naive_cross,sandia,hust,pytorch_1d_cnn,100,42,hust,hust_10-1,1378.0,2828.4361707064877
sandia_to_hust,naive_cross,sandia,hust,pytorch_1d_cnn,100,42,hust,hust_10-2,1375.0,3442.0013358290294
sandia_to_hust,naive_cross,sandia,hust,pytorch_1d_cnn,100,42,hust,hust_10-3,1477.0,2793.610334543273
sandia_to_hust,naive_cross,sandia,hust,pytorch_1d_cnn,100,42,hust,hust_10-4,1489.0,3442.0013358290294
sandia_to_hust,naive_cross,sandia,hust,pytorch_1d_cnn,100,42,hust,hust_10-5,1657.0,3442.0013358290294
sandia_to_hust,naive_cross,sandia,hust,pytorch_1d_cnn,100,42,hust,hust_10-6,1659.0,2696.395277930905
sandia_to_hust,naive_cross,sandia,hust,pytorch_1d_cnn,100,42,hust,hust_10-7,1435.0,3442.0013358290294
sandia_to_hust,naive_cross,sandia,hust,pytorch_1d_cnn,100,42,hust,hust_10-8,1093.0,2661.142574934178
sandia_to_hust,naive_cross,sandia,hust,pytorch_1d_cnn,100,42,hust,hust_2-2,2021.0,2629.5424180748923
sandia_to_hust,naive_cross,sandia,hust,pytorch_1d_cnn,100,42,hust,hust_2-3,1413.0,3442.0013358290294
sandia_to_hust,naive_cross,sandia,hust,pytorch_1d_cnn,100,42,hust,hust_2-4,1165.0,2670.6103803845454
sandia_to_hust,naive_cross,sandia,hust,pytorch_1d_cnn,100,42,hust,hust_2-5,1092.0,3442.0013358290294
sandia_to_hust,naive_cross,sandia,hust,pytorch_1d_cnn,100,42,hust,hust_2-6,1297.0,3442.0013358290294
sandia_to_hust,naive_cross,sandia,hust,pytorch_1d_cnn,100,42,hust,hust_2-7,1789.0,3442.0013358290294
sandia_to_hust,naive_cross,sandia,hust,pytorch_1d_cnn,100,42,hust,hust_2-8,1192.0,2805.293210344903
sandia_to_hust,naive_cross,sandia,hust,pytorch_1d_cnn,100,42,hust,hust_3-1,1571.0,3442.0013358290294
sandia_to_hust,naive_cross,sandia,hust,pytorch_1d_cnn,100,42,hust,hust_3-2,1773.0,3442.0013358290294
sandia_to_hust,naive_cross,sandia,hust,pytorch_1d_cnn,100,42,hust,hust_3-3,1360.0,3442.0013358290294
sandia_to_hust,naive_cross,sandia,hust,pytorch_1d_cnn,100,42,hust,hust_3-4,1396.0,2689.353482826523
sandia_to_hust,naive_cross,sandia,hust,pytorch_1d_cnn,100,42,hust,hust_3-5,1879.0,2599.031249488006
sandia_to_hust,naive_cross,sandia,hust,pytorch_1d_cnn,100,42,hust,hust_3-6,1979.0,3442.0013358290294
sandia_to_hust,naive_cross,sandia,hust,pytorch_1d_cnn,100,42,hust,hust_3-7,1870.0,2890.428615456081
sandia_to_hust,naive_cross,sandia,hust,pytorch_1d_cnn,100,42,hust,hust_3-8,1856.0,3442.0013358290294
sandia_to_hust,naive_cross,sandia,hust,pytorch_1d_cnn,100,42,hust,hust_4-1,1762.0,2755.9891003517264
sandia_to_hust,naive_cross,sandia,hust,pytorch_1d_cnn,100,42,hust,hust_4-2,1453.0,3442.0013358290294
sandia_to_hust,naive_cross,sandia,hust,pytorch_1d_cnn,100,42,hust,hust_4-3,931.0,2674.804582099871
sandia_to_hust,naive_cross,sandia,hust,pytorch_1d_cnn,100,42,hust,hust_4-4,1204.0,2742.9154240996827
sandia_to_hust,naive_cross,sandia,hust,pytorch_1d_cnn,100,42,hust,hust_4-5,1220.0,2681.7072602275603
sandia_to_hust,naive_cross,sandia,hust,pytorch_1d_cnn,100,42,hust,hust_4-6,1089.0,2690.960789684325
sandia_to_hust,naive_cross,sandia,hust,pytorch_1d_cnn,100,42,hust,hust_4-7,1579.0,2728.4761529434218
sandia_to_hust,naive_cross,sandia,hust,pytorch_1d_cnn,100,42,hust,hust_4-8,1389.0,3442.0013358290294
sandia_to_hust,naive_cross,sandia,hust,pytorch_1d_cnn,100,42,hust,hust_5-1,1832.0,2748.253016864273
sandia_to_hust,naive_cross,sandia,hust,pytorch_1d_cnn,100,42,hust,hust_5-2,1574.0,3442.0013358290294
sandia_to_hust,naive_cross,sandia,hust,pytorch_1d_cnn,100,42,hust,hust_5-3,2024.0,2634.3126750070637
sandia_to_hust,naive_cross,sandia,hust,pytorch_1d_cnn,100,42,hust,hust_5-4,1520.0,2822.9630394278047
sandia_to_hust,naive_cross,sandia,hust,pytorch_1d_cnn,100,42,hust,hust_5-5,1242.0,3442.0013358290294
sandia_to_hust,naive_cross,sandia,hust,pytorch_1d_cnn,100,42,hust,hust_5-6,1807.0,2709.364785898655
sandia_to_hust,naive_cross,sandia,hust,pytorch_1d_cnn,100,42,hust,hust_5-7,1171.0,2684.2749151719963
sandia_to_hust,naive_cross,sandia,hust,pytorch_1d_cnn,100,42,hust,hust_6-1,1255.0,2662.4778259184313
sandia_to_hust,naive_cross,sandia,hust,pytorch_1d_cnn,100,42,hust,hust_6-2,1496.0,3442.0013358290294
sandia_to_hust,naive_cross,sandia,hust,pytorch_1d_cnn,100,42,hust,hust_6-3,1437.0,3442.0013358290294
sandia_to_hust,naive_cross,sandia,hust,pytorch_1d_cnn,100,42,hust,hust_6-4,1332.0,2632.70279798668
sandia_to_hust,naive_cross,sandia,hust,pytorch_1d_cnn,100,42,hust,hust_6-5,1686.0,2740.738594889872
sandia_to_hust,naive_cross,sandia,hust,pytorch_1d_cnn,100,42,hust,hust_6-6,1924.0,3442.0013358290294
sandia_to_hust,naive_cross,sandia,hust,pytorch_1d_cnn,100,42,hust,hust_6-8,1700.0,2456.857174547358
sandia_to_hust,naive_cross,sandia,hust,pytorch_1d_cnn,100,42,hust,hust_7-1,1308.0,2774.9913267934166
sandia_to_hust,naive_cross,sandia,hust,pytorch_1d_cnn,100,42,hust,hust_7-2,1637.0,3442.0013358290294
sandia_to_hust,naive_cross,sandia,hust,pytorch_1d_cnn,100,42,hust,hust_7-3,1063.0,2899.0652895005614
sandia_to_hust,naive_cross,sandia,hust,pytorch_1d_cnn,100,42,hust,hust_7-4,1148.0,2928.566500855486
sandia_to_hust,naive_cross,sandia,hust,pytorch_1d_cnn,100,42,hust,hust_7-5,1528.0,3442.0013358290294
sandia_to_hust,naive_cross,sandia,hust,pytorch_1d_cnn,100,42,hust,hust_7-6,1162.0,2823.1932308306405
sandia_to_hust,naive_cross,sandia,hust,pytorch_1d_cnn,100,42,hust,hust_7-7,1367.0,2854.2541854100696
sandia_to_hust,naive_cross,sandia,hust,pytorch_1d_cnn,100,42,hust,hust_7-8,1566.0,3442.0013358290294
sandia_to_hust,naive_cross,sandia,hust,pytorch_1d_cnn,100,42,hust,hust_8-1,1062.0,2884.458637550586
sandia_to_hust,naive_cross,sandia,hust,pytorch_1d_cnn,100,42,hust,hust_8-2,1564.0,2742.8552602557006
sandia_to_hust,naive_cross,sandia,hust,pytorch_1d_cnn,100,42,hust,hust_8-3,1844.0,3442.0013358290294
sandia_to_hust,naive_cross,sandia,hust,pytorch_1d_cnn,100,42,hust,hust_8-4,1517.0,2910.264807936252
sandia_to_hust,naive_cross,sandia,hust,pytorch_1d_cnn,100,42,hust,hust_8-5,1089.0,2841.7358863201516
sandia_to_hust,naive_cross,sandia,hust,pytorch_1d_cnn,100,42,hust,hust_8-6,1746.0,2678.04490115588
sandia_to_hust,naive_cross,sandia,hust,pytorch_1d_cnn,100,42,hust,hust_8-7,1593.0,2939.903818283359
sandia_to_hust,naive_cross,sandia,hust,pytorch_1d_cnn,100,42,hust,hust_8-8,1351.0,3442.0013358290294
sandia_to_hust,naive_cross,sandia,hust,pytorch_1d_cnn,100,42,hust,hust_9-1,1647.0,3442.0013358290294
sandia_to_hust,naive_cross,sandia,hust,pytorch_1d_cnn,100,42,hust,hust_9-2,1679.0,3442.0013358290294
sandia_to_hust,naive_cross,sandia,hust,pytorch_1d_cnn,100,42,hust,hust_9-3,1526.0,3442.0013358290294
sandia_to_hust,naive_cross,sandia,hust,pytorch_1d_cnn,100,42,hust,hust_9-4,1589.0,3442.0013358290294
sandia_to_hust,naive_cross,sandia,hust,pytorch_1d_cnn,100,42,hust,hust_9-5,1719.0,3442.0013358290294
sandia_to_hust,naive_cross,sandia,hust,pytorch_1d_cnn,100,42,hust,hust_9-6,1381.0,3442.0013358290294
sandia_to_hust,naive_cross,sandia,hust,pytorch_1d_cnn,100,42,hust,hust_9-7,1617.0,3442.0013358290294
sandia_to_hust,naive_cross,sandia,hust,pytorch_1d_cnn,100,42,hust,hust_9-8,1839.0,3442.0013358290294
sandia_to_hust,naive_cross,sandia,hust,pytorch_1d_cnn,100,456,hust,hust_1-1,1198.0,3442.0013358290294
sandia_to_hust,naive_cross,sandia,hust,pytorch_1d_cnn,100,456,hust,hust_1-2,1966.0,3442.0013358290294
sandia_to_hust,naive_cross,sandia,hust,pytorch_1d_cnn,100,456,hust,hust_1-3,1513.0,3442.0013358290294
sandia_to_hust,naive_cross,sandia,hust,pytorch_1d_cnn,100,456,hust,hust_1-4,1213.0,3442.0013358290294
sandia_to_hust,naive_cross,sandia,hust,pytorch_1d_cnn,100,456,hust,hust_1-5,1538.0,3442.0013358290294
sandia_to_hust,naive_cross,sandia,hust,pytorch_1d_cnn,100,456,hust,hust_1-6,829.0,2380.845265991668
sandia_to_hust,naive_cross,sandia,hust,pytorch_1d_cnn,100,456,hust,hust_1-7,1321.0,3442.0013358290294
sandia_to_hust,naive_cross,sandia,hust,pytorch_1d_cnn,100,456,hust,hust_1-8,1733.0,3442.0013358290294
sandia_to_hust,naive_cross,sandia,hust,pytorch_1d_cnn,100,456,hust,hust_10-1,1378.0,3442.0013358290294
sandia_to_hust,naive_cross,sandia,hust,pytorch_1d_cnn,100,456,hust,hust_10-2,1375.0,3442.0013358290294
sandia_to_hust,naive_cross,sandia,hust,pytorch_1d_cnn,100,456,hust,hust_10-3,1477.0,3442.0013358290294
sandia_to_hust,naive_cross,sandia,hust,pytorch_1d_cnn,100,456,hust,hust_10-4,1489.0,3442.0013358290294
sandia_to_hust,naive_cross,sandia,hust,pytorch_1d_cnn,100,456,hust,hust_10-5,1657.0,3442.0013358290294
sandia_to_hust,naive_cross,sandia,hust,pytorch_1d_cnn,100,456,hust,hust_10-6,1659.0,3442.0013358290294
sandia_to_hust,naive_cross,sandia,hust,pytorch_1d_cnn,100,456,hust,hust_10-7,1435.0,3442.0013358290294
sandia_to_hust,naive_cross,sandia,hust,pytorch_1d_cnn,100,456,hust,hust_10-8,1093.0,3442.0013358290294
sandia_to_hust,naive_cross,sandia,hust,pytorch_1d_cnn,100,456,hust,hust_2-2,2021.0,3442.0013358290294
sandia_to_hust,naive_cross,sandia,hust,pytorch_1d_cnn,100,456,hust,hust_2-3,1413.0,3442.0013358290294
sandia_to_hust,naive_cross,sandia,hust,pytorch_1d_cnn,100,456,hust,hust_2-4,1165.0,3442.0013358290294
sandia_to_hust,naive_cross,sandia,hust,pytorch_1d_cnn,100,456,hust,hust_2-5,1092.0,3442.0013358290294
sandia_to_hust,naive_cross,sandia,hust,pytorch_1d_cnn,100,456,hust,hust_2-6,1297.0,3442.0013358290294
sandia_to_hust,naive_cross,sandia,hust,pytorch_1d_cnn,100,456,hust,hust_2-7,1789.0,3442.0013358290294
sandia_to_hust,naive_cross,sandia,hust,pytorch_1d_cnn,100,456,hust,hust_2-8,1192.0,3442.0013358290294
sandia_to_hust,naive_cross,sandia,hust,pytorch_1d_cnn,100,456,hust,hust_3-1,1571.0,3442.0013358290294
sandia_to_hust,naive_cross,sandia,hust,pytorch_1d_cnn,100,456,hust,hust_3-2,1773.0,3442.0013358290294
sandia_to_hust,naive_cross,sandia,hust,pytorch_1d_cnn,100,456,hust,hust_3-3,1360.0,3442.0013358290294
sandia_to_hust,naive_cross,sandia,hust,pytorch_1d_cnn,100,456,hust,hust_3-4,1396.0,3442.0013358290294
sandia_to_hust,naive_cross,sandia,hust,pytorch_1d_cnn,100,456,hust,hust_3-5,1879.0,3442.0013358290294
sandia_to_hust,naive_cross,sandia,hust,pytorch_1d_cnn,100,456,hust,hust_3-6,1979.0,3442.0013358290294
sandia_to_hust,naive_cross,sandia,hust,pytorch_1d_cnn,100,456,hust,hust_3-7,1870.0,3442.0013358290294
sandia_to_hust,naive_cross,sandia,hust,pytorch_1d_cnn,100,456,hust,hust_3-8,1856.0,3442.0013358290294
sandia_to_hust,naive_cross,sandia,hust,pytorch_1d_cnn,100,456,hust,hust_4-1,1762.0,3442.0013358290294
sandia_to_hust,naive_cross,sandia,hust,pytorch_1d_cnn,100,456,hust,hust_4-2,1453.0,3442.0013358290294
sandia_to_hust,naive_cross,sandia,hust,pytorch_1d_cnn,100,456,hust,hust_4-3,931.0,3442.0013358290294
sandia_to_hust,naive_cross,sandia,hust,pytorch_1d_cnn,100,456,hust,hust_4-4,1204.0,3442.0013358290294
sandia_to_hust,naive_cross,sandia,hust,pytorch_1d_cnn,100,456,hust,hust_4-5,1220.0,3442.0013358290294
sandia_to_hust,naive_cross,sandia,hust,pytorch_1d_cnn,100,456,hust,hust_4-6,1089.0,3442.0013358290294
sandia_to_hust,naive_cross,sandia,hust,pytorch_1d_cnn,100,456,hust,hust_4-7,1579.0,3442.0013358290294
sandia_to_hust,naive_cross,sandia,hust,pytorch_1d_cnn,100,456,hust,hust_4-8,1389.0,3442.0013358290294
sandia_to_hust,naive_cross,sandia,hust,pytorch_1d_cnn,100,456,hust,hust_5-1,1832.0,3442.0013358290294
sandia_to_hust,naive_cross,sandia,hust,pytorch_1d_cnn,100,456,hust,hust_5-2,1574.0,3442.0013358290294
sandia_to_hust,naive_cross,sandia,hust,pytorch_1d_cnn,100,456,hust,hust_5-3,2024.0,3442.0013358290294
sandia_to_hust,naive_cross,sandia,hust,pytorch_1d_cnn,100,456,hust,hust_5-4,1520.0,3442.0013358290294
sandia_to_hust,naive_cross,sandia,hust,pytorch_1d_cnn,100,456,hust,hust_5-5,1242.0,3442.0013358290294
sandia_to_hust,naive_cross,sandia,hust,pytorch_1d_cnn,100,456,hust,hust_5-6,1807.0,3442.0013358290294
sandia_to_hust,naive_cross,sandia,hust,pytorch_1d_cnn,100,456,hust,hust_5-7,1171.0,3442.0013358290294
sandia_to_hust,naive_cross,sandia,hust,pytorch_1d_cnn,100,456,hust,hust_6-1,1255.0,3442.0013358290294
sandia_to_hust,naive_cross,sandia,hust,pytorch_1d_cnn,100,456,hust,hust_6-2,1496.0,3442.0013358290294
sandia_to_hust,naive_cross,sandia,hust,pytorch_1d_cnn,100,456,hust,hust_6-3,1437.0,3442.0013358290294
sandia_to_hust,naive_cross,sandia,hust,pytorch_1d_cnn,100,456,hust,hust_6-4,1332.0,3442.0013358290294
sandia_to_hust,naive_cross,sandia,hust,pytorch_1d_cnn,100,456,hust,hust_6-5,1686.0,3442.0013358290294
sandia_to_hust,naive_cross,sandia,hust,pytorch_1d_cnn,100,456,hust,hust_6-6,1924.0,3442.0013358290294
sandia_to_hust,naive_cross,sandia,hust,pytorch_1d_cnn,100,456,hust,hust_6-8,1700.0,3442.0013358290294
sandia_to_hust,naive_cross,sandia,hust,pytorch_1d_cnn,100,456,hust,hust_7-1,1308.0,3442.0013358290294
sandia_to_hust,naive_cross,sandia,hust,pytorch_1d_cnn,100,456,hust,hust_7-2,1637.0,3442.0013358290294
sandia_to_hust,naive_cross,sandia,hust,pytorch_1d_cnn,100,456,hust,hust_7-3,1063.0,3442.0013358290294
sandia_to_hust,naive_cross,sandia,hust,pytorch_1d_cnn,100,456,hust,hust_7-4,1148.0,3442.0013358290294
sandia_to_hust,naive_cross,sandia,hust,pytorch_1d_cnn,100,456,hust,hust_7-5,1528.0,3442.0013358290294
sandia_to_hust,naive_cross,sandia,hust,pytorch_1d_cnn,100,456,hust,hust_7-6,1162.0,3442.0013358290294
sandia_to_hust,naive_cross,sandia,hust,pytorch_1d_cnn,100,456,hust,hust_7-7,1367.0,3442.0013358290294
sandia_to_hust,naive_cross,sandia,hust,pytorch_1d_cnn,100,456,hust,hust_7-8,1566.0,3442.0013358290294
sandia_to_hust,naive_cross,sandia,hust,pytorch_1d_cnn,100,456,hust,hust_8-1,1062.0,3442.0013358290294
sandia_to_hust,naive_cross,sandia,hust,pytorch_1d_cnn,100,456,hust,hust_8-2,1564.0,3442.0013358290294
sandia_to_hust,naive_cross,sandia,hust,pytorch_1d_cnn,100,456,hust,hust_8-3,1844.0,3442.0013358290294
sandia_to_hust,naive_cross,sandia,hust,pytorch_1d_cnn,100,456,hust,hust_8-4,1517.0,3442.0013358290294
sandia_to_hust,naive_cross,sandia,hust,pytorch_1d_cnn,100,456,hust,hust_8-5,1089.0,3442.0013358290294
sandia_to_hust,naive_cross,sandia,hust,pytorch_1d_cnn,100,456,hust,hust_8-6,1746.0,3442.0013358290294
sandia_to_hust,naive_cross,sandia,hust,pytorch_1d_cnn,100,456,hust,hust_8-7,1593.0,3442.0013358290294
sandia_to_hust,naive_cross,sandia,hust,pytorch_1d_cnn,100,456,hust,hust_8-8,1351.0,3442.0013358290294
sandia_to_hust,naive_cross,sandia,hust,pytorch_1d_cnn,100,456,hust,hust_9-1,1647.0,3442.0013358290294
sandia_to_hust,naive_cross,sandia,hust,pytorch_1d_cnn,100,456,hust,hust_9-2,1679.0,3442.0013358290294
sandia_to_hust,naive_cross,sandia,hust,pytorch_1d_cnn,100,456,hust,hust_9-3,1526.0,3442.0013358290294
sandia_to_hust,naive_cross,sandia,hust,pytorch_1d_cnn,100,456,hust,hust_9-4,1589.0,3442.0013358290294
sandia_to_hust,naive_cross,sandia,hust,pytorch_1d_cnn,100,456,hust,hust_9-5,1719.0,3442.0013358290294
sandia_to_hust,naive_cross,sandia,hust,pytorch_1d_cnn,100,456,hust,hust_9-6,1381.0,3442.0013358290294
sandia_to_hust,naive_cross,sandia,hust,pytorch_1d_cnn,100,456,hust,hust_9-7,1617.0,3442.0013358290294
sandia_to_hust,naive_cross,sandia,hust,pytorch_1d_cnn,100,456,hust,hust_9-8,1839.0,3442.0013358290294
sandia_to_hust,naive_cross,sandia,hust,pytorch_1d_cnn,100,789,hust,hust_1-1,1198.0,2508.044354700088
sandia_to_hust,naive_cross,sandia,hust,pytorch_1d_cnn,100,789,hust,hust_1-2,1966.0,2483.3642221047216
sandia_to_hust,naive_cross,sandia,hust,pytorch_1d_cnn,100,789,hust,hust_1-3,1513.0,3374.0012620114744
sandia_to_hust,naive_cross,sandia,hust,pytorch_1d_cnn,100,789,hust,hust_1-4,1213.0,3374.0012620114744
sandia_to_hust,naive_cross,sandia,hust,pytorch_1d_cnn,100,789,hust,hust_1-5,1538.0,3374.0012620114744
sandia_to_hust,naive_cross,sandia,hust,pytorch_1d_cnn,100,789,hust,hust_1-6,829.0,2211.8769592979493
sandia_to_hust,naive_cross,sandia,hust,pytorch_1d_cnn,100,789,hust,hust_1-7,1321.0,2519.59844415678
sandia_to_hust,naive_cross,sandia,hust,pytorch_1d_cnn,100,789,hust,hust_1-8,1733.0,2524.5363816497843
sandia_to_hust,naive_cross,sandia,hust,pytorch_1d_cnn,100,789,hust,hust_10-1,1378.0,2526.060843370417
sandia_to_hust,naive_cross,sandia,hust,pytorch_1d_cnn,100,789,hust,hust_10-2,1375.0,3374.0012620114744
sandia_to_hust,naive_cross,sandia,hust,pytorch_1d_cnn,100,789,hust,hust_10-3,1477.0,2520.1415527320705
sandia_to_hust,naive_cross,sandia,hust,pytorch_1d_cnn,100,789,hust,hust_10-4,1489.0,3374.0012620114744
sandia_to_hust,naive_cross,sandia,hust,pytorch_1d_cnn,100,789,hust,hust_10-5,1657.0,3374.0012620114744
sandia_to_hust,naive_cross,sandia,hust,pytorch_1d_cnn,100,789,hust,hust_10-6,1659.0,2495.3269107121205
sandia_to_hust,naive_cross,sandia,hust,pytorch_1d_cnn,100,789,hust,hust_10-7,1435.0,3374.0012620114744
sandia_to_hust,naive_cross,sandia,hust,pytorch_1d_cnn,100,789,hust,hust_10-8,1093.0,2467.3211598547446
sandia_to_hust,naive_cross,sandia,hust,pytorch_1d_cnn,100,789,hust,hust_2-2,2021.0,2422.585453665144
sandia_to_hust,naive_cross,sandia,hust,pytorch_1d_cnn,100,789,hust,hust_2-3,1413.0,3374.0012620114744
sandia_to_hust,naive_cross,sandia,hust,pytorch_1d_cnn,100,789,hust,hust_2-4,1165.0,2479.5482398736494
sandia_to_hust,naive_cross,sandia,hust,pytorch_1d_cnn,100,789,hust,hust_2-5,1092.0,3374.0012620114744
sandia_to_hust,naive_cross,sandia,hust,pytorch_1d_cnn,100,789,hust,hust_2-6,1297.0,3374.0012620114744
sandia_to_hust,naive_cross,sandia,hust,pytorch_1d_cnn,100,789,hust,hust_2-7,1789.0,3374.0012620114744
sandia_to_hust,naive_cross,sandia,hust,pytorch_1d_cnn,100,789,hust,hust_2-8,1192.0,2538.2025802140006
sandia_to_hust,naive_cross,sandia,hust,pytorch_1d_cnn,100,789,hust,hust_3-1,1571.0,3374.0012620114744
sandia_to_hust,naive_cross,sandia,hust,pytorch_1d_cnn,100,789,hust,hust_3-2,1773.0,3374.0012620114744
sandia_to_hust,naive_cross,sandia,hust,pytorch_1d_cnn,100,789,hust,hust_3-3,1360.0,3374.0012620114744
sandia_to_hust,naive_cross,sandia,hust,pytorch_1d_cnn,100,789,hust,hust_3-4,1396.0,2482.884683473161
sandia_to_hust,naive_cross,sandia,hust,pytorch_1d_cnn,100,789,hust,hust_3-5,1879.0,2481.123617979893
sandia_to_hust,naive_cross,sandia,hust,pytorch_1d_cnn,100,789,hust,hust_3-6,1979.0,3374.0012620114744
sandia_to_hust,naive_cross,sandia,hust,pytorch_1d_cnn,100,789,hust,hust_3-7,1870.0,2601.852220198095
sandia_to_hust,naive_cross,sandia,hust,pytorch_1d_cnn,100,789,hust,hust_3-8,1856.0,3374.0012620114744
sandia_to_hust,naive_cross,sandia,hust,pytorch_1d_cnn,100,789,hust,hust_4-1,1762.0,2536.577655167271
sandia_to_hust,naive_cross,sandia,hust,pytorch_1d_cnn,100,789,hust,hust_4-2,1453.0,3374.0012620114744
sandia_to_hust,naive_cross,sandia,hust,pytorch_1d_cnn,100,789,hust,hust_4-3,931.0,2491.2858366702826
sandia_to_hust,naive_cross,sandia,hust,pytorch_1d_cnn,100,789,hust,hust_4-4,1204.0,2529.386300146372
sandia_to_hust,naive_cross,sandia,hust,pytorch_1d_cnn,100,789,hust,hust_4-5,1220.0,2498.1413365826875
sandia_to_hust,naive_cross,sandia,hust,pytorch_1d_cnn,100,789,hust,hust_4-6,1089.0,2509.400904627189
sandia_to_hust,naive_cross,sandia,hust,pytorch_1d_cnn,100,789,hust,hust_4-7,1579.0,2492.3492677784675
sandia_to_hust,naive_cross,sandia,hust,pytorch_1d_cnn,100,789,hust,hust_4-8,1389.0,3374.0012620114744
sandia_to_hust,naive_cross,sandia,hust,pytorch_1d_cnn,100,789,hust,hust_5-1,1832.0,2491.1361610217077
sandia_to_hust,naive_cross,sandia,hust,pytorch_1d_cnn,100,789,hust,hust_5-2,1574.0,3374.0012620114744
sandia_to_hust,naive_cross,sandia,hust,pytorch_1d_cnn,100,789,hust,hust_5-3,2024.0,2534.8619062699286
sandia_to_hust,naive_cross,sandia,hust,pytorch_1d_cnn,100,789,hust,hust_5-4,1520.0,2562.759175079535
sandia_to_hust,naive_cross,sandia,hust,pytorch_1d_cnn,100,789,hust,hust_5-5,1242.0,3374.0012620114744
sandia_to_hust,naive_cross,sandia,hust,pytorch_1d_cnn,100,789,hust,hust_5-6,1807.0,2511.5604557077745
sandia_to_hust,naive_cross,sandia,hust,pytorch_1d_cnn,100,789,hust,hust_5-7,1171.0,2496.726583877394
sandia_to_hust,naive_cross,sandia,hust,pytorch_1d_cnn,100,789,hust,hust_6-1,1255.0,2516.1202807174873
sandia_to_hust,naive_cross,sandia,hust,pytorch_1d_cnn,100,789,hust,hust_6-2,1496.0,3374.0012620114744
sandia_to_hust,naive_cross,sandia,hust,pytorch_1d_cnn,100,789,hust,hust_6-3,1437.0,3374.0012620114744
sandia_to_hust,naive_cross,sandia,hust,pytorch_1d_cnn,100,789,hust,hust_6-4,1332.0,2474.282963158607
sandia_to_hust,naive_cross,sandia,hust,pytorch_1d_cnn,100,789,hust,hust_6-5,1686.0,2493.623606215676
sandia_to_hust,naive_cross,sandia,hust,pytorch_1d_cnn,100,789,hust,hust_6-6,1924.0,3374.0012620114744
sandia_to_hust,naive_cross,sandia,hust,pytorch_1d_cnn,100,789,hust,hust_6-8,1700.0,2425.4658701722515
sandia_to_hust,naive_cross,sandia,hust,pytorch_1d_cnn,100,789,hust,hust_7-1,1308.0,2499.852495063765
sandia_to_hust,naive_cross,sandia,hust,pytorch_1d_cnn,100,789,hust,hust_7-2,1637.0,3225.84101348932
sandia_to_hust,naive_cross,sandia,hust,pytorch_1d_cnn,100,789,hust,hust_7-3,1063.0,2579.3600687610965
sandia_to_hust,naive_cross,sandia,hust,pytorch_1d_cnn,100,789,hust,hust_7-4,1148.0,2589.7801578668764
sandia_to_hust,naive_cross,sandia,hust,pytorch_1d_cnn,100,789,hust,hust_7-5,1528.0,3374.0012620114744
sandia_to_hust,naive_cross,sandia,hust,pytorch_1d_cnn,100,789,hust,hust_7-6,1162.0,2549.126063909376
sandia_to_hust,naive_cross,sandia,hust,pytorch_1d_cnn,100,789,hust,hust_7-7,1367.0,2544.6678003926945
sandia_to_hust,naive_cross,sandia,hust,pytorch_1d_cnn,100,789,hust,hust_7-8,1566.0,3374.0012620114744
sandia_to_hust,naive_cross,sandia,hust,pytorch_1d_cnn,100,789,hust,hust_8-1,1062.0,2579.521195242478
sandia_to_hust,naive_cross,sandia,hust,pytorch_1d_cnn,100,789,hust,hust_8-2,1564.0,2534.5537023394068
sandia_to_hust,naive_cross,sandia,hust,pytorch_1d_cnn,100,789,hust,hust_8-3,1844.0,3374.0012620114744
sandia_to_hust,naive_cross,sandia,hust,pytorch_1d_cnn,100,789,hust,hust_8-4,1517.0,2580.340513028892
sandia_to_hust,naive_cross,sandia,hust,pytorch_1d_cnn,100,789,hust,hust_8-5,1089.0,2555.8140937033345
sandia_to_hust,naive_cross,sandia,hust,pytorch_1d_cnn,100,789,hust,hust_8-6,1746.0,2510.0471386456084
sandia_to_hust,naive_cross,sandia,hust,pytorch_1d_cnn,100,789,hust,hust_8-7,1593.0,2581.8851299638145
sandia_to_hust,naive_cross,sandia,hust,pytorch_1d_cnn,100,789,hust,hust_8-8,1351.0,3374.0012620114744
sandia_to_hust,naive_cross,sandia,hust,pytorch_1d_cnn,100,789,hust,hust_9-1,1647.0,3374.0012620114744
sandia_to_hust,naive_cross,sandia,hust,pytorch_1d_cnn,100,789,hust,hust_9-2,1679.0,3374.0012620114744
sandia_to_hust,naive_cross,sandia,hust,pytorch_1d_cnn,100,789,hust,hust_9-3,1526.0,3374.0012620114744
sandia_to_hust,naive_cross,sandia,hust,pytorch_1d_cnn,100,789,hust,hust_9-4,1589.0,3374.0012620114744
sandia_to_hust,naive_cross,sandia,hust,pytorch_1d_cnn,100,789,hust,hust_9-5,1719.0,3374.0012620114744
sandia_to_hust,naive_cross,sandia,hust,pytorch_1d_cnn,100,789,hust,hust_9-6,1381.0,3374.0012620114744
sandia_to_hust,naive_cross,sandia,hust,pytorch_1d_cnn,100,789,hust,hust_9-7,1617.0,3374.0012620114744
sandia_to_hust,naive_cross,sandia,hust,pytorch_1d_cnn,100,789,hust,hust_9-8,1839.0,3374.0012620114744
sandia_to_luh,naive_cross,sandia,luh,pytorch_1d_cnn,100,1011,luh,luh_P017_1_S01_C08,139.0,150.22075944132217
sandia_to_luh,naive_cross,sandia,luh,pytorch_1d_cnn,100,1011,luh,luh_P017_2_S04_C07,127.0,140.2032702403251
sandia_to_luh,naive_cross,sandia,luh,pytorch_1d_cnn,100,1011,luh,luh_P017_3_S05_C05,126.0,139.1879072695742
sandia_to_luh,naive_cross,sandia,luh,pytorch_1d_cnn,100,1011,luh,luh_P018_1_S01_C06,109.0,127.59634265432625
sandia_to_luh,naive_cross,sandia,luh,pytorch_1d_cnn,100,1011,luh,luh_P018_2_S02_C06,107.0,125.68237328843247
sandia_to_luh,naive_cross,sandia,luh,pytorch_1d_cnn,100,1011,luh,luh_P018_3_S04_C05,107.0,125.13783354714947
sandia_to_luh,naive_cross,sandia,luh,pytorch_1d_cnn,100,1011,luh,luh_P019_1_S01_C04,63.0,48.99999481709434
sandia_to_luh,naive_cross,sandia,luh,pytorch_1d_cnn,100,1011,luh,luh_P019_2_S02_C04,62.0,48.99999481709434
sandia_to_luh,naive_cross,sandia,luh,pytorch_1d_cnn,100,1011,luh,luh_P019_3_S05_C02,60.0,48.99999481709434
sandia_to_luh,naive_cross,sandia,luh,pytorch_1d_cnn,100,1011,luh,luh_P021_1_S02_C08,451.0,274.0351696307677
sandia_to_luh,naive_cross,sandia,luh,pytorch_1d_cnn,100,1011,luh,luh_P021_2_S03_C08,428.0,262.00327162834185
sandia_to_luh,naive_cross,sandia,luh,pytorch_1d_cnn,100,1011,luh,luh_P021_3_S04_C08,430.0,268.6005895875421
sandia_to_luh,naive_cross,sandia,luh,pytorch_1d_cnn,100,1011,luh,luh_P022_1_S03_C06,341.0,247.6383872978388
sandia_to_luh,naive_cross,sandia,luh,pytorch_1d_cnn,100,1011,luh,luh_P022_2_S04_C06,344.0,243.55684400162744
sandia_to_luh,naive_cross,sandia,luh,pytorch_1d_cnn,100,1011,luh,luh_P022_3_S05_C04,314.0,232.95476378524364
sandia_to_luh,naive_cross,sandia,luh,pytorch_1d_cnn,100,1011,luh,luh_P023_1_S03_C04,82.0,62.93537714891664
sandia_to_luh,naive_cross,sandia,luh,pytorch_1d_cnn,100,1011,luh,luh_P023_2_S04_C04,72.0,48.99999481709434
sandia_to_luh,naive_cross,sandia,luh,pytorch_1d_cnn,100,1011,luh,luh_P023_3_S05_C03,79.0,57.34122439881562
sandia_to_luh,naive_cross,sandia,luh,pytorch_1d_cnn,100,1011,luh,luh_P025_1_S01_C09,718.0,822.4486059198359
sandia_to_luh,naive_cross,sandia,luh,pytorch_1d_cnn,100,1011,luh,luh_P025_2_S02_C09,690.0,689.4051106428016
sandia_to_luh,naive_cross,sandia,luh,pytorch_1d_cnn,100,1011,luh,luh_P025_3_S03_C09,702.0,788.4091984371444
sandia_to_luh,naive_cross,sandia,luh,pytorch_1d_cnn,100,1011,luh,luh_P026_1_S01_C07,581.0,421.58025487965836
sandia_to_luh,naive_cross,sandia,luh,pytorch_1d_cnn,100,1011,luh,luh_P026_2_S02_C07,613.0,468.5822323430347
sandia_to_luh,naive_cross,sandia,luh,pytorch_1d_cnn,100,1011,luh,luh_P026_3_S03_C07,563.0,445.349686967793
sandia_to_luh,naive_cross,sandia,luh,pytorch_1d_cnn,100,1011,luh,luh_P027_1_S01_C05,269.0,310.5143848823943
sandia_to_luh,naive_cross,sandia,luh,pytorch_1d_cnn,100,1011,luh,luh_P027_2_S02_C05,285.0,359.983204739901
sandia_to_luh,naive_cross,sandia,luh,pytorch_1d_cnn,100,1011,luh,luh_P027_3_S03_C05,298.0,327.2551078666893
sandia_to_luh,naive_cross,sandia,luh,pytorch_1d_cnn,100,1011,luh,luh_P029_1_S06_C08,132.0,147.42646734415024
sandia_to_luh,naive_cross,sandia,luh,pytorch_1d_cnn,100,1011,luh,luh_P029_2_S08_C07,135.0,149.15567776188925
sandia_to_luh,naive_cross,sandia,luh,pytorch_1d_cnn,100,1011,luh,luh_P029_3_S09_C07,135.0,148.65439384925858
sandia_to_luh,naive_cross,sandia,luh,pytorch_1d_cnn,100,1011,luh,luh_P030_1_S06_C06,118.0,136.32248974296692
sandia_to_luh,naive_cross,sandia,luh,pytorch_1d_cnn,100,1011,luh,luh_P030_2_S08_C05,123.0,137.3963973314229
sandia_to_luh,naive_cross,sandia,luh,pytorch_1d_cnn,100,1011,luh,luh_P030_3_S09_C05,123.0,137.66717816570326
sandia_to_luh,naive_cross,sandia,luh,pytorch_1d_cnn,100,1011,luh,luh_P031_1_S06_C04,97.0,109.24916295204568
sandia_to_luh,naive_cross,sandia,luh,pytorch_1d_cnn,100,1011,luh,luh_P031_2_S07_C04,94.0,106.1357173936487
sandia_to_luh,naive_cross,sandia,luh,pytorch_1d_cnn,100,1011,luh,luh_P031_3_S09_C03,90.0,100.04083198981795
sandia_to_luh,naive_cross,sandia,luh,pytorch_1d_cnn,100,1011,luh,luh_P033_1_S07_C08,524.0,283.23473245860947
sandia_to_luh,naive_cross,sandia,luh,pytorch_1d_cnn,100,1011,luh,luh_P033_2_S08_C08,508.0,279.56610951802276
sandia_to_luh,naive_cross,sandia,luh,pytorch_1d_cnn,100,1011,luh,luh_P033_3_S09_C08,523.0,279.55397879787733
sandia_to_luh,naive_cross,sandia,luh,pytorch_1d_cnn,100,1011,luh,luh_P034_1_S07_C06,446.0,273.44830593100977
sandia_to_luh,naive_cross,sandia,luh,pytorch_1d_cnn,100,1011,luh,luh_P034_2_S08_C06,448.0,270.8681356725646
sandia_to_luh,naive_cross,sandia,luh,pytorch_1d_cnn,100,1011,luh,luh_P034_3_S09_C06,440.0,267.35382783205415
sandia_to_luh,naive_cross,sandia,luh,pytorch_1d_cnn,100,1011,luh,luh_P035_1_S08_C04,279.0,264.90542694665635
sandia_to_luh,naive_cross,sandia,luh,pytorch_1d_cnn,100,1011,luh,luh_P035_2_S09_C04,360.0,275.70444831337176
sandia_to_luh,naive_cross,sandia,luh,pytorch_1d_cnn,100,1011,luh,luh_P035_3_S10_C02,342.0,264.06020336791664
sandia_to_luh,naive_cross,sandia,luh,pytorch_1d_cnn,100,1011,luh,luh_P037_1_S05_C11,741.0,583.0209906848753
sandia_to_luh,naive_cross,sandia,luh,pytorch_1d_cnn,100,1011,luh,luh_P037_3_S10_C04,783.0,891.5687738312772
sandia_to_luh,naive_cross,sandia,luh,pytorch_1d_cnn,100,1011,luh,luh_P038_1_S06_C07,734.0,747.2749155623851
sandia_to_luh,naive_cross,sandia,luh,pytorch_1d_cnn,100,1011,luh,luh_P038_2_S07_C07,816.0,1166.2199210525196
sandia_to_luh,naive_cross,sandia,luh,pytorch_1d_cnn,100,1011,luh,luh_P038_3_S10_C03,697.0,636.4992005111886
sandia_to_luh,naive_cross,sandia,luh,pytorch_1d_cnn,100,1011,luh,luh_P039_1_S05_C10,552.0,686.6712056001099
sandia_to_luh,naive_cross,sandia,luh,pytorch_1d_cnn,100,1011,luh,luh_P039_2_S06_C05,588.0,582.0165868942092
sandia_to_luh,naive_cross,sandia,luh,pytorch_1d_cnn,100,1011,luh,luh_P039_3_S07_C05,547.0,472.75777995784125
sandia_to_luh,naive_cross,sandia,luh,pytorch_1d_cnn,100,1011,luh,luh_P041_1_S11_C08,236.0,205.52902660423516
sandia_to_luh,naive_cross,sandia,luh,pytorch_1d_cnn,100,1011,luh,luh_P041_2_S13_C07,220.0,199.5873078309423
sandia_to_luh,naive_cross,sandia,luh,pytorch_1d_cnn,100,1011,luh,luh_P041_3_S14_C07,237.0,206.65236765256512
sandia_to_luh,naive_cross,sandia,luh,pytorch_1d_cnn,100,1011,luh,luh_P042_1_S11_C06,180.0,186.40735516340575
sandia_to_luh,naive_cross,sandia,luh,pytorch_1d_cnn,100,1011,luh,luh_P042_2_S13_C05,204.0,201.05056473364832
sandia_to_luh,naive_cross,sandia,luh,pytorch_1d_cnn,100,1011,luh,luh_P042_3_S14_C05,197.0,193.40708392191658
sandia_to_luh,naive_cross,sandia,luh,pytorch_1d_cnn,100,1011,luh,luh_P043_1_S11_C04,160.0,164.20117264566014
sandia_to_luh,naive_cross,sandia,luh,pytorch_1d_cnn,100,1011,luh,luh_P043_2_S12_C04,156.0,161.57162450486922
sandia_to_luh,naive_cross,sandia,luh,pytorch_1d_cnn,100,1011,luh,luh_P043_3_S14_C03,153.0,157.0240327635789
sandia_to_luh,naive_cross,sandia,luh,pytorch_1d_cnn,100,1011,luh,luh_P045_1_S12_C08,975.0,355.2405284519234
sandia_to_luh,naive_cross,sandia,luh,pytorch_1d_cnn,100,1011,luh,luh_P045_2_S13_C08,980.0,365.33144005326835
sandia_to_luh,naive_cross,sandia,luh,pytorch_1d_cnn,100,1011,luh,luh_P045_3_S14_C08,845.0,288.6176952836232
sandia_to_luh,naive_cross,sandia,luh,pytorch_1d_cnn,100,1011,luh,luh_P046_1_S12_C06,1095.0,369.3885318397306
sandia_to_luh,naive_cross,sandia,luh,pytorch_1d_cnn,100,1011,luh,luh_P046_2_S13_C06,937.0,333.7355749241494
sandia_to_luh,naive_cross,sandia,luh,pytorch_1d_cnn,100,1011,luh,luh_P046_3_S14_C06,1044.0,382.94019860820254
sandia_to_luh,naive_cross,sandia,luh,pytorch_1d_cnn,100,1011,luh,luh_P047_1_S13_C04,1015.0,396.40169319736765
sandia_to_luh,naive_cross,sandia,luh,pytorch_1d_cnn,100,1011,luh,luh_P047_2_S14_C04,923.0,324.7729602036683
sandia_to_luh,naive_cross,sandia,luh,pytorch_1d_cnn,100,1011,luh,luh_P047_3_S15_C01,866.0,380.7038768335672
sandia_to_luh,naive_cross,sandia,luh,pytorch_1d_cnn,100,1011,luh,luh_P049_1_S10_C10,1466.0,979.8034494327505
sandia_to_luh,naive_cross,sandia,luh,pytorch_1d_cnn,100,1011,luh,luh_P049_3_S15_C02,1380.0,617.3099019690167
sandia_to_luh,naive_cross,sandia,luh,pytorch_1d_cnn,100,1011,luh,luh_P050_1_S10_C09,1615.0,1129.641871253851
sandia_to_luh,naive_cross,sandia,luh,pytorch_1d_cnn,100,1011,luh,luh_P050_2_S11_C07,1575.0,831.2629468379637
sandia_to_luh,naive_cross,sandia,luh,pytorch_1d_cnn,100,1011,luh,luh_P050_3_S12_C07,1555.0,952.1260337276639
sandia_to_luh,naive_cross,sandia,luh,pytorch_1d_cnn,100,1011,luh,luh_P051_1_S10_C08,1234.0,1183.092678948902
sandia_to_luh,naive_cross,sandia,luh,pytorch_1d_cnn,100,1011,luh,luh_P051_2_S11_C05,1318.0,1710.8156318315014
sandia_to_luh,naive_cross,sandia,luh,pytorch_1d_cnn,100,1011,luh,luh_P051_3_S12_C05,1238.0,1351.0434099716347
sandia_to_luh,naive_cross,sandia,luh,pytorch_1d_cnn,100,1011,luh,luh_P053_1_S15_C08,323.0,193.13042648171032
sandia_to_luh,naive_cross,sandia,luh,pytorch_1d_cnn,100,1011,luh,luh_P053_2_S16_C08,332.0,193.51529256291738
sandia_to_luh,naive_cross,sandia,luh,pytorch_1d_cnn,100,1011,luh,luh_P053_3_S19_C07,377.0,197.48067205758957
sandia_to_luh,naive_cross,sandia,luh,pytorch_1d_cnn,100,1011,luh,luh_P054_1_S16_C06,359.0,201.73921359793644
sandia_to_luh,naive_cross,sandia,luh,pytorch_1d_cnn,100,1011,luh,luh_P054_2_S17_C06,376.0,202.68240825726699
sandia_to_luh,naive_cross,sandia,luh,pytorch_1d_cnn,100,1011,luh,luh_P054_3_S19_C05,384.0,210.47354939920325
sandia_to_luh,naive_cross,sandia,luh,pytorch_1d_cnn,100,1011,luh,luh_P055_1_S15_C05,354.0,196.64108756505954
sandia_to_luh,naive_cross,sandia,luh,pytorch_1d_cnn,100,1011,luh,luh_P055_2_S16_C04,350.0,195.60993916521608
sandia_to_luh,naive_cross,sandia,luh,pytorch_1d_cnn,100,1011,luh,luh_P055_3_S17_C04,351.0,196.7782209263323
sandia_to_luh,naive_cross,sandia,luh,pytorch_1d_cnn,100,1011,luh,luh_P057_1_S17_C08,555.0,282.62210283398144
sandia_to_luh,naive_cross,sandia,luh,pytorch_1d_cnn,100,1011,luh,luh_P057_2_S18_C08,556.0,286.7303296849156
sandia_to_luh,naive_cross,sandia,luh,pytorch_1d_cnn,100,1011,luh,luh_P057_3_S19_C08,539.0,309.01132709838083
sandia_to_luh,naive_cross,sandia,luh,pytorch_1d_cnn,100,1011,luh,luh_P058_1_S15_C07,707.0,322.31440340701334
sandia_to_luh,naive_cross,sandia,luh,pytorch_1d_cnn,100,1011,luh,luh_P058_2_S18_C06,672.0,319.0757524505929
sandia_to_luh,naive_cross,sandia,luh,pytorch_1d_cnn,100,1011,luh,luh_P058_3_S19_C06,712.0,397.7209684849923
sandia_to_luh,naive_cross,sandia,luh,pytorch_1d_cnn,100,1011,luh,luh_P059_1_S15_C06,605.0,425.05129430583247
sandia_to_luh,naive_cross,sandia,luh,pytorch_1d_cnn,100,1011,luh,luh_P059_2_S18_C04,660.0,450.57204143934695
sandia_to_luh,naive_cross,sandia,luh,pytorch_1d_cnn,100,1011,luh,luh_P059_3_S19_C04,664.0,451.5812437881999
sandia_to_luh,naive_cross,sandia,luh,pytorch_1d_cnn,100,1011,luh,luh_P061_1_S16_C09,947.0,364.41975261712423
sandia_to_luh,naive_cross,sandia,luh,pytorch_1d_cnn,100,1011,luh,luh_P061_2_S17_C09,942.0,384.04322805960055
sandia_to_luh,naive_cross,sandia,luh,pytorch_1d_cnn,100,1011,luh,luh_P061_3_S18_C09,1033.0,517.5168236859508
sandia_to_luh,naive_cross,sandia,luh,pytorch_1d_cnn,100,1011,luh,luh_P062_1_S16_C07,1120.0,620.8286196022036
sandia_to_luh,naive_cross,sandia,luh,pytorch_1d_cnn,100,1011,luh,luh_P062_2_S17_C07,1148.0,564.1563559682949
sandia_to_luh,naive_cross,sandia,luh,pytorch_1d_cnn,100,1011,luh,luh_P062_3_S18_C07,1128.0,631.1398110497237
sandia_to_luh,naive_cross,sandia,luh,pytorch_1d_cnn,100,1011,luh,luh_P063_1_S16_C05,1149.0,1603.3643950871194
sandia_to_luh,naive_cross,sandia,luh,pytorch_1d_cnn,100,1011,luh,luh_P063_2_S17_C05,1236.0,1123.9567144195225
sandia_to_luh,naive_cross,sandia,luh,pytorch_1d_cnn,100,1011,luh,luh_P063_3_S18_C05,1335.0,1223.4141944561538
sandia_to_luh,naive_cross,sandia,luh,pytorch_1d_cnn,100,123,luh,luh_P017_1_S01_C08,139.0,186.08480077244937
sandia_to_luh,naive_cross,sandia,luh,pytorch_1d_cnn,100,123,luh,luh_P017_2_S04_C07,127.0,176.80010446316066
sandia_to_luh,naive_cross,sandia,luh,pytorch_1d_cnn,100,123,luh,luh_P017_3_S05_C05,126.0,175.61087115654954
sandia_to_luh,naive_cross,sandia,luh,pytorch_1d_cnn,100,123,luh,luh_P018_1_S01_C06,109.0,165.58555508623868
sandia_to_luh,naive_cross,sandia,luh,pytorch_1d_cnn,100,123,luh,luh_P018_2_S02_C06,107.0,163.58940448138344
sandia_to_luh,naive_cross,sandia,luh,pytorch_1d_cnn,100,123,luh,luh_P018_3_S04_C05,107.0,163.23097239565988
sandia_to_luh,naive_cross,sandia,luh,pytorch_1d_cnn,100,123,luh,luh_P019_1_S01_C04,63.0,90.0000064479253
sandia_to_luh,naive_cross,sandia,luh,pytorch_1d_cnn,100,123,luh,luh_P019_2_S02_C04,62.0,90.0000064479253
sandia_to_luh,naive_cross,sandia,luh,pytorch_1d_cnn,100,123,luh,luh_P019_3_S05_C02,60.0,90.0000064479253
sandia_to_luh,naive_cross,sandia,luh,pytorch_1d_cnn,100,123,luh,luh_P021_1_S02_C08,451.0,251.87394817545038
sandia_to_luh,naive_cross,sandia,luh,pytorch_1d_cnn,100,123,luh,luh_P021_2_S03_C08,428.0,251.15256450856143
sandia_to_luh,naive_cross,sandia,luh,pytorch_1d_cnn,100,123,luh,luh_P021_3_S04_C08,430.0,252.34832020093884
sandia_to_luh,naive_cross,sandia,luh,pytorch_1d_cnn,100,123,luh,luh_P022_1_S03_C06,341.0,238.63223728178866
sandia_to_luh,naive_cross,sandia,luh,pytorch_1d_cnn,100,123,luh,luh_P022_2_S04_C06,344.0,240.34381146962284
sandia_to_luh,naive_cross,sandia,luh,pytorch_1d_cnn,100,123,luh,luh_P022_3_S05_C04,314.0,237.15902946607147
sandia_to_luh,naive_cross,sandia,luh,pytorch_1d_cnn,100,123,luh,luh_P023_1_S03_C04,82.0,90.0000064479253
sandia_to_luh,naive_cross,sandia,luh,pytorch_1d_cnn,100,123,luh,luh_P023_2_S04_C04,72.0,90.0000064479253
sandia_to_luh,naive_cross,sandia,luh,pytorch_1d_cnn,100,123,luh,luh_P023_3_S05_C03,79.0,90.0000064479253
sandia_to_luh,naive_cross,sandia,luh,pytorch_1d_cnn,100,123,luh,luh_P025_1_S01_C09,718.0,394.7196002771874
sandia_to_luh,naive_cross,sandia,luh,pytorch_1d_cnn,100,123,luh,luh_P025_2_S02_C09,690.0,357.6126155989033
sandia_to_luh,naive_cross,sandia,luh,pytorch_1d_cnn,100,123,luh,luh_P025_3_S03_C09,702.0,385.5542360775313
sandia_to_luh,naive_cross,sandia,luh,pytorch_1d_cnn,100,123,luh,luh_P026_1_S01_C07,581.0,292.86892973285376
sandia_to_luh,naive_cross,sandia,luh,pytorch_1d_cnn,100,123,luh,luh_P026_2_S02_C07,613.0,305.7535159677385
sandia_to_luh,naive_cross,sandia,luh,pytorch_1d_cnn,100,123,luh,luh_P026_3_S03_C07,563.0,302.25565329590603
sandia_to_luh,naive_cross,sandia,luh,pytorch_1d_cnn,100,123,luh,luh_P027_1_S01_C05,269.0,254.68139008406862
sandia_to_luh,naive_cross,sandia,luh,pytorch_1d_cnn,100,123,luh,luh_P027_2_S02_C05,285.0,265.2131868705018
sandia_to_luh,naive_cross,sandia,luh,pytorch_1d_cnn,100,123,luh,luh_P027_3_S03_C05,298.0,257.1589916372349
sandia_to_luh,naive_cross,sandia,luh,pytorch_1d_cnn,100,123,luh,luh_P029_1_S06_C08,132.0,185.42315071955505
sandia_to_luh,naive_cross,sandia,luh,pytorch_1d_cnn,100,123,luh,luh_P029_2_S08_C07,135.0,185.84174482887258
sandia_to_luh,naive_cross,sandia,luh,pytorch_1d_cnn,100,123,luh,luh_P029_3_S09_C07,135.0,183.61847645725533
sandia_to_luh,naive_cross,sandia,luh,pytorch_1d_cnn,100,123,luh,luh_P030_1_S06_C06,118.0,173.0449830833314
sandia_to_luh,naive_cross,sandia,luh,pytorch_1d_cnn,100,123,luh,luh_P030_2_S08_C05,123.0,173.6636231378459
sandia_to_luh,naive_cross,sandia,luh,pytorch_1d_cnn,100,123,luh,luh_P030_3_S09_C05,123.0,173.48178643857784
sandia_to_luh,naive_cross,sandia,luh,pytorch_1d_cnn,100,123,luh,luh_P031_1_S06_C04,97.0,144.37485299358903
sandia_to_luh,naive_cross,sandia,luh,pytorch_1d_cnn,100,123,luh,luh_P031_2_S07_C04,94.0,141.2694823469376
sandia_to_luh,naive_cross,sandia,luh,pytorch_1d_cnn,100,123,luh,luh_P031_3_S09_C03,90.0,134.37440853247077
sandia_to_luh,naive_cross,sandia,luh,pytorch_1d_cnn,100,123,luh,luh_P033_1_S07_C08,524.0,254.37808839535245
sandia_to_luh,naive_cross,sandia,luh,pytorch_1d_cnn,100,123,luh,luh_P033_2_S08_C08,508.0,252.80092219281477
sandia_to_luh,naive_cross,sandia,luh,pytorch_1d_cnn,100,123,luh,luh_P033_3_S09_C08,523.0,253.08182715395637
sandia_to_luh,naive_cross,sandia,luh,pytorch_1d_cnn,100,123,luh,luh_P034_1_S07_C06,446.0,246.29964936862115
sandia_to_luh,naive_cross,sandia,luh,pytorch_1d_cnn,100,123,luh,luh_P034_2_S08_C06,448.0,245.40529053109222
sandia_to_luh,naive_cross,sandia,luh,pytorch_1d_cnn,100,123,luh,luh_P034_3_S09_C06,440.0,245.05074721534322
sandia_to_luh,naive_cross,sandia,luh,pytorch_1d_cnn,100,123,luh,luh_P035_1_S08_C04,279.0,245.14389380752942
sandia_to_luh,naive_cross,sandia,luh,pytorch_1d_cnn,100,123,luh,luh_P035_2_S09_C04,360.0,248.19766945517716
sandia_to_luh,naive_cross,sandia,luh,pytorch_1d_cnn,100,123,luh,luh_P035_3_S10_C02,342.0,245.9719615961547
sandia_to_luh,naive_cross,sandia,luh,pytorch_1d_cnn,100,123,luh,luh_P037_1_S05_C11,741.0,332.55908101870426
sandia_to_luh,naive_cross,sandia,luh,pytorch_1d_cnn,100,123,luh,luh_P037_3_S10_C04,783.0,410.5557972040806
sandia_to_luh,naive_cross,sandia,luh,pytorch_1d_cnn,100,123,luh,luh_P038_1_S06_C07,734.0,371.78222197867586
sandia_to_luh,naive_cross,sandia,luh,pytorch_1d_cnn,100,123,luh,luh_P038_2_S07_C07,816.0,509.164869869795
sandia_to_luh,naive_cross,sandia,luh,pytorch_1d_cnn,100,123,luh,luh_P038_3_S10_C03,697.0,341.23048397940005
sandia_to_luh,naive_cross,sandia,luh,pytorch_1d_cnn,100,123,luh,luh_P039_1_S05_C10,552.0,344.5572848682218
sandia_to_luh,naive_cross,sandia,luh,pytorch_1d_cnn,100,123,luh,luh_P039_2_S06_C05,588.0,319.25564110129744
sandia_to_luh,naive_cross,sandia,luh,pytorch_1d_cnn,100,123,luh,luh_P039_3_S07_C05,547.0,296.11213029107495
sandia_to_luh,naive_cross,sandia,luh,pytorch_1d_cnn,100,123,luh,luh_P041_1_S11_C08,236.0,239.86432524063565
sandia_to_luh,naive_cross,sandia,luh,pytorch_1d_cnn,100,123,luh,luh_P041_2_S13_C07,220.0,230.1979454955383
sandia_to_luh,naive_cross,sandia,luh,pytorch_1d_cnn,100,123,luh,luh_P041_3_S14_C07,237.0,240.56292117232604
sandia_to_luh,naive_cross,sandia,luh,pytorch_1d_cnn,100,123,luh,luh_P042_1_S11_C06,180.0,219.80288989626382
sandia_to_luh,naive_cross,sandia,luh,pytorch_1d_cnn,100,123,luh,luh_P042_2_S13_C05,204.0,230.26074074521426
sandia_to_luh,naive_cross,sandia,luh,pytorch_1d_cnn,100,123,luh,luh_P042_3_S14_C05,197.0,228.62653153931274
sandia_to_luh,naive_cross,sandia,luh,pytorch_1d_cnn,100,123,luh,luh_P043_1_S11_C04,160.0,195.90658892836515
sandia_to_luh,naive_cross,sandia,luh,pytorch_1d_cnn,100,123,luh,luh_P043_2_S12_C04,156.0,192.7498183867003
sandia_to_luh,naive_cross,sandia,luh,pytorch_1d_cnn,100,123,luh,luh_P043_3_S14_C03,153.0,189.56805996686475
sandia_to_luh,naive_cross,sandia,luh,pytorch_1d_cnn,100,123,luh,luh_P045_1_S12_C08,975.0,271.9144097252399
sandia_to_luh,naive_cross,sandia,luh,pytorch_1d_cnn,100,123,luh,luh_P045_2_S13_C08,980.0,275.17829770304445
sandia_to_luh,naive_cross,sandia,luh,pytorch_1d_cnn,100,123,luh,luh_P045_3_S14_C08,845.0,256.63849413151763
sandia_to_luh,naive_cross,sandia,luh,pytorch_1d_cnn,100,123,luh,luh_P046_1_S12_C06,1095.0,269.99757853521567
sandia_to_luh,naive_cross,sandia,luh,pytorch_1d_cnn,100,123,luh,luh_P046_2_S13_C06,937.0,259.07496556580566
sandia_to_luh,naive_cross,sandia,luh,pytorch_1d_cnn,100,123,luh,luh_P046_3_S14_C06,1044.0,275.67184664191694
sandia_to_luh,naive_cross,sandia,luh,pytorch_1d_cnn,100,123,luh,luh_P047_1_S13_C04,1015.0,271.8340330925277
sandia_to_luh,naive_cross,sandia,luh,pytorch_1d_cnn,100,123,luh,luh_P047_2_S14_C04,923.0,257.54800036287145
sandia_to_luh,naive_cross,sandia,luh,pytorch_1d_cnn,100,123,luh,luh_P047_3_S15_C01,866.0,269.574725589751
sandia_to_luh,naive_cross,sandia,luh,pytorch_1d_cnn,100,123,luh,luh_P049_1_S10_C10,1466.0,434.84444314717564
sandia_to_luh,naive_cross,sandia,luh,pytorch_1d_cnn,100,123,luh,luh_P049_3_S15_C02,1380.0,335.4658914986946
sandia_to_luh,naive_cross,sandia,luh,pytorch_1d_cnn,100,123,luh,luh_P050_1_S10_C09,1615.0,484.3479875088441
sandia_to_luh,naive_cross,sandia,luh,pytorch_1d_cnn,100,123,luh,luh_P050_2_S11_C07,1575.0,389.42308183911126
sandia_to_luh,naive_cross,sandia,luh,pytorch_1d_cnn,100,123,luh,luh_P050_3_S12_C07,1555.0,425.98931862651784
sandia_to_luh,naive_cross,sandia,luh,pytorch_1d_cnn,100,123,luh,luh_P051_1_S10_C08,1234.0,476.9723554801855
sandia_to_luh,naive_cross,sandia,luh,pytorch_1d_cnn,100,123,luh,luh_P051_2_S11_C05,1318.0,963.6195361343401
sandia_to_luh,naive_cross,sandia,luh,pytorch_1d_cnn,100,123,luh,luh_P051_3_S12_C05,1238.0,567.7325731850495
sandia_to_luh,naive_cross,sandia,luh,pytorch_1d_cnn,100,123,luh,luh_P053_1_S15_C08,323.0,230.75106593244786
sandia_to_luh,naive_cross,sandia,luh,pytorch_1d_cnn,100,123,luh,luh_P053_2_S16_C08,332.0,230.29994156689727
sandia_to_luh,naive_cross,sandia,luh,pytorch_1d_cnn,100,123,luh,luh_P053_3_S19_C07,377.0,229.3132817764025
sandia_to_luh,naive_cross,sandia,luh,pytorch_1d_cnn,100,123,luh,luh_P054_1_S16_C06,359.0,236.04695394853678
sandia_to_luh,naive_cross,sandia,luh,pytorch_1d_cnn,100,123,luh,luh_P054_2_S17_C06,376.0,234.4035317080629
sandia_to_luh,naive_cross,sandia,luh,pytorch_1d_cnn,100,123,luh,luh_P054_3_S19_C05,384.0,243.02945722679974
sandia_to_luh,naive_cross,sandia,luh,pytorch_1d_cnn,100,123,luh,luh_P055_1_S15_C05,354.0,225.34188808441675
sandia_to_luh,naive_cross,sandia,luh,pytorch_1d_cnn,100,123,luh,luh_P055_2_S16_C04,350.0,225.06794624670016
sandia_to_luh,naive_cross,sandia,luh,pytorch_1d_cnn,100,123,luh,luh_P055_3_S17_C04,351.0,225.5952933752159
sandia_to_luh,naive_cross,sandia,luh,pytorch_1d_cnn,100,123,luh,luh_P057_1_S17_C08,555.0,256.6982199681166
sandia_to_luh,naive_cross,sandia,luh,pytorch_1d_cnn,100,123,luh,luh_P057_2_S18_C08,556.0,257.39699025003813
sandia_to_luh,naive_cross,sandia,luh,pytorch_1d_cnn,100,123,luh,luh_P057_3_S19_C08,539.0,260.4429021940822
sandia_to_luh,naive_cross,sandia,luh,pytorch_1d_cnn,100,123,luh,luh_P058_1_S15_C07,707.0,257.64823156212327
sandia_to_luh,naive_cross,sandia,luh,pytorch_1d_cnn,100,123,luh,luh_P058_2_S18_C06,672.0,257.8387291399612
sandia_to_luh,naive_cross,sandia,luh,pytorch_1d_cnn,100,123,luh,luh_P058_3_S19_C06,712.0,274.69545608862944
sandia_to_luh,naive_cross,sandia,luh,pytorch_1d_cnn,100,123,luh,luh_P059_1_S15_C06,605.0,283.37590203067424
sandia_to_luh,naive_cross,sandia,luh,pytorch_1d_cnn,100,123,luh,luh_P059_2_S18_C04,660.0,289.68832371380915
sandia_to_luh,naive_cross,sandia,luh,pytorch_1d_cnn,100,123,luh,luh_P059_3_S19_C04,664.0,288.01965289917894
sandia_to_luh,naive_cross,sandia,luh,pytorch_1d_cnn,100,123,luh,luh_P061_1_S16_C09,947.0,272.78113158770213
sandia_to_luh,naive_cross,sandia,luh,pytorch_1d_cnn,100,123,luh,luh_P061_2_S17_C09,942.0,278.9615480520302
sandia_to_luh,naive_cross,sandia,luh,pytorch_1d_cnn,100,123,luh,luh_P061_3_S18_C09,1033.0,318.46455479060995
sandia_to_luh,naive_cross,sandia,luh,pytorch_1d_cnn,100,123,luh,luh_P062_1_S16_C07,1120.0,333.3861328574918
sandia_to_luh,naive_cross,sandia,luh,pytorch_1d_cnn,100,123,luh,luh_P062_2_S17_C07,1148.0,322.8867970716445
sandia_to_luh,naive_cross,sandia,luh,pytorch_1d_cnn,100,123,luh,luh_P062_3_S18_C07,1128.0,335.1304577715657
sandia_to_luh,naive_cross,sandia,luh,pytorch_1d_cnn,100,123,luh,luh_P063_1_S16_C05,1149.0,802.8727091383693
sandia_to_luh,naive_cross,sandia,luh,pytorch_1d_cnn,100,123,luh,luh_P063_2_S17_C05,1236.0,450.9468947962294
sandia_to_luh,naive_cross,sandia,luh,pytorch_1d_cnn,100,123,luh,luh_P063_3_S18_C05,1335.0,491.4438254504582
sandia_to_luh,naive_cross,sandia,luh,pytorch_1d_cnn,100,42,luh,luh_P017_1_S01_C08,139.0,167.92829345224118
sandia_to_luh,naive_cross,sandia,luh,pytorch_1d_cnn,100,42,luh,luh_P017_2_S04_C07,127.0,158.85574113449016
sandia_to_luh,naive_cross,sandia,luh,pytorch_1d_cnn,100,42,luh,luh_P017_3_S05_C05,126.0,157.97880830080956
sandia_to_luh,naive_cross,sandia,luh,pytorch_1d_cnn,100,42,luh,luh_P018_1_S01_C06,109.0,146.08491757195821
sandia_to_luh,naive_cross,sandia,luh,pytorch_1d_cnn,100,42,luh,luh_P018_2_S02_C06,107.0,144.41230860363254
sandia_to_luh,naive_cross,sandia,luh,pytorch_1d_cnn,100,42,luh,luh_P018_3_S04_C05,107.0,143.9112509049976
sandia_to_luh,naive_cross,sandia,luh,pytorch_1d_cnn,100,42,luh,luh_P019_1_S01_C04,63.0,55.791030962714395
sandia_to_luh,naive_cross,sandia,luh,pytorch_1d_cnn,100,42,luh,luh_P019_2_S02_C04,62.0,51.31918070572489
sandia_to_luh,naive_cross,sandia,luh,pytorch_1d_cnn,100,42,luh,luh_P019_3_S05_C02,60.0,48.99999481709434
sandia_to_luh,naive_cross,sandia,luh,pytorch_1d_cnn,100,42,luh,luh_P021_1_S02_C08,451.0,253.92496325071238
sandia_to_luh,naive_cross,sandia,luh,pytorch_1d_cnn,100,42,luh,luh_P021_2_S03_C08,428.0,245.60769870424798
sandia_to_luh,naive_cross,sandia,luh,pytorch_1d_cnn,100,42,luh,luh_P021_3_S04_C08,430.0,249.2969633434062
sandia_to_luh,naive_cross,sandia,luh,pytorch_1d_cnn,100,42,luh,luh_P022_1_S03_C06,341.0,235.86659568570414
sandia_to_luh,naive_cross,sandia,luh,pytorch_1d_cnn,100,42,luh,luh_P022_2_S04_C06,344.0,235.3684307151402
sandia_to_luh,naive_cross,sandia,luh,pytorch_1d_cnn,100,42,luh,luh_P022_3_S05_C04,314.0,229.4630240793956
sandia_to_luh,naive_cross,sandia,luh,pytorch_1d_cnn,100,42,luh,luh_P023_1_S03_C04,82.0,73.34379520484849
sandia_to_luh,naive_cross,sandia,luh,pytorch_1d_cnn,100,42,luh,luh_P023_2_S04_C04,72.0,48.99999481709434
sandia_to_luh,naive_cross,sandia,luh,pytorch_1d_cnn,100,42,luh,luh_P023_3_S05_C03,79.0,67.40698667991627
sandia_to_luh,naive_cross,sandia,luh,pytorch_1d_cnn,100,42,luh,luh_P025_1_S01_C09,718.0,994.944615458825
sandia_to_luh,naive_cross,sandia,luh,pytorch_1d_cnn,100,42,luh,luh_P025_2_S02_C09,690.0,902.5563215056969
sandia_to_luh,naive_cross,sandia,luh,pytorch_1d_cnn,100,42,luh,luh_P025_3_S03_C09,702.0,973.212871335888
sandia_to_luh,naive_cross,sandia,luh,pytorch_1d_cnn,100,42,luh,luh_P026_1_S01_C07,581.0,594.876218505748
sandia_to_luh,naive_cross,sandia,luh,pytorch_1d_cnn,100,42,luh,luh_P026_2_S02_C07,613.0,669.7666697212113
sandia_to_luh,naive_cross,sandia,luh,pytorch_1d_cnn,100,42,luh,luh_P026_3_S03_C07,563.0,631.6898879430863
sandia_to_luh,naive_cross,sandia,luh,pytorch_1d_cnn,100,42,luh,luh_P027_1_S01_C05,269.0,322.25354732511477
sandia_to_luh,naive_cross,sandia,luh,pytorch_1d_cnn,100,42,luh,luh_P027_2_S02_C05,285.0,455.32143850389286
sandia_to_luh,naive_cross,sandia,luh,pytorch_1d_cnn,100,42,luh,luh_P027_3_S03_C05,298.0,361.60088524927954
sandia_to_luh,naive_cross,sandia,luh,pytorch_1d_cnn,100,42,luh,luh_P029_1_S06_C08,132.0,165.54568642718195
sandia_to_luh,naive_cross,sandia,luh,pytorch_1d_cnn,100,42,luh,luh_P029_2_S08_C07,135.0,166.7669244501256
sandia_to_luh,naive_cross,sandia,luh,pytorch_1d_cnn,100,42,luh,luh_P029_3_S09_C07,135.0,165.98279146783725
sandia_to_luh,naive_cross,sandia,luh,pytorch_1d_cnn,100,42,luh,luh_P030_1_S06_C06,118.0,154.30061722945393
sandia_to_luh,naive_cross,sandia,luh,pytorch_1d_cnn,100,42,luh,luh_P030_2_S08_C05,123.0,154.97996651730662
sandia_to_luh,naive_cross,sandia,luh,pytorch_1d_cnn,100,42,luh,luh_P030_3_S09_C05,123.0,155.31568875732228
sandia_to_luh,naive_cross,sandia,luh,pytorch_1d_cnn,100,42,luh,luh_P031_1_S06_C04,97.0,129.45301107614662
sandia_to_luh,naive_cross,sandia,luh,pytorch_1d_cnn,100,42,luh,luh_P031_2_S07_C04,94.0,126.38834667645824
sandia_to_luh,naive_cross,sandia,luh,pytorch_1d_cnn,100,42,luh,luh_P031_3_S09_C03,90.0,119.83692483201985
sandia_to_luh,naive_cross,sandia,luh,pytorch_1d_cnn,100,42,luh,luh_P033_1_S07_C08,524.0,263.9470311952265
sandia_to_luh,naive_cross,sandia,luh,pytorch_1d_cnn,100,42,luh,luh_P033_2_S08_C08,508.0,260.0803990667037
sandia_to_luh,naive_cross,sandia,luh,pytorch_1d_cnn,100,42,luh,luh_P033_3_S09_C08,523.0,259.9948421034578
sandia_to_luh,naive_cross,sandia,luh,pytorch_1d_cnn,100,42,luh,luh_P034_1_S07_C06,446.0,254.29416477036085
sandia_to_luh,naive_cross,sandia,luh,pytorch_1d_cnn,100,42,luh,luh_P034_2_S08_C06,448.0,251.43715295312745
sandia_to_luh,naive_cross,sandia,luh,pytorch_1d_cnn,100,42,luh,luh_P034_3_S09_C06,440.0,248.9811962528681
sandia_to_luh,naive_cross,sandia,luh,pytorch_1d_cnn,100,42,luh,luh_P035_1_S08_C04,279.0,248.11909757994871
sandia_to_luh,naive_cross,sandia,luh,pytorch_1d_cnn,100,42,luh,luh_P035_2_S09_C04,360.0,259.6753065751466
sandia_to_luh,naive_cross,sandia,luh,pytorch_1d_cnn,100,42,luh,luh_P035_3_S10_C02,342.0,247.7966693282524
sandia_to_luh,naive_cross,sandia,luh,pytorch_1d_cnn,100,42,luh,luh_P037_1_S05_C11,741.0,805.0632371289607
sandia_to_luh,naive_cross,sandia,luh,pytorch_1d_cnn,100,42,luh,luh_P037_3_S10_C04,783.0,1033.0022502920622
sandia_to_luh,naive_cross,sandia,luh,pytorch_1d_cnn,100,42,luh,luh_P038_1_S06_C07,734.0,935.724402657684
sandia_to_luh,naive_cross,sandia,luh,pytorch_1d_cnn,100,42,luh,luh_P038_2_S07_C07,816.0,1184.0250096095517
sandia_to_luh,naive_cross,sandia,luh,pytorch_1d_cnn,100,42,luh,luh_P038_3_S10_C03,697.0,845.5573167662286
sandia_to_luh,naive_cross,sandia,luh,pytorch_1d_cnn,100,42,luh,luh_P039_1_S05_C10,552.0,895.7529435727326
sandia_to_luh,naive_cross,sandia,luh,pytorch_1d_cnn,100,42,luh,luh_P039_2_S06_C05,588.0,804.6575739101647
sandia_to_luh,naive_cross,sandia,luh,pytorch_1d_cnn,100,42,luh,luh_P039_3_S07_C05,547.0,688.8409054069941
sandia_to_luh,naive_cross,sandia,luh,pytorch_1d_cnn,100,42,luh,luh_P041_1_S11_C08,236.0,223.08943531358824
sandia_to_luh,naive_cross,sandia,luh,pytorch_1d_cnn,100,42,luh,luh_P041_2_S13_C07,220.0,216.01597918578403
sandia_to_luh,naive_cross,sandia,luh,pytorch_1d_cnn,100,42,luh,luh_P041_3_S14_C07,237.0,224.1190900783539
sandia_to_luh,naive_cross,sandia,luh,pytorch_1d_cnn,100,42,luh,luh_P042_1_S11_C06,180.0,199.00599719675446
sandia_to_luh,naive_cross,sandia,luh,pytorch_1d_cnn,100,42,luh,luh_P042_2_S13_C05,204.0,212.64718829955999
sandia_to_luh,naive_cross,sandia,luh,pytorch_1d_cnn,100,42,luh,luh_P042_3_S14_C05,197.0,208.57847346204528
sandia_to_luh,naive_cross,sandia,luh,pytorch_1d_cnn,100,42,luh,luh_P043_1_S11_C04,160.0,183.3715592751522
sandia_to_luh,naive_cross,sandia,luh,pytorch_1d_cnn,100,42,luh,luh_P043_2_S12_C04,156.0,180.8007009175697
sandia_to_luh,naive_cross,sandia,luh,pytorch_1d_cnn,100,42,luh,luh_P043_3_S14_C03,153.0,177.1353651405377
sandia_to_luh,naive_cross,sandia,luh,pytorch_1d_cnn,100,42,luh,luh_P045_1_S12_C08,975.0,438.10139975022736
sandia_to_luh,naive_cross,sandia,luh,pytorch_1d_cnn,100,42,luh,luh_P045_2_S13_C08,980.0,468.3188736606681
sandia_to_luh,naive_cross,sandia,luh,pytorch_1d_cnn,100,42,luh,luh_P045_3_S14_C08,845.0,273.58694596766856
sandia_to_luh,naive_cross,sandia,luh,pytorch_1d_cnn,100,42,luh,luh_P046_1_S12_C06,1095.0,474.84827807877485
sandia_to_luh,naive_cross,sandia,luh,pytorch_1d_cnn,100,42,luh,luh_P046_2_S13_C06,937.0,377.33849979908933
sandia_to_luh,naive_cross,sandia,luh,pytorch_1d_cnn,100,42,luh,luh_P046_3_S14_C06,1044.0,507.5722439241738
sandia_to_luh,naive_cross,sandia,luh,pytorch_1d_cnn,100,42,luh,luh_P047_1_S13_C04,1015.0,584.1491173405625
sandia_to_luh,naive_cross,sandia,luh,pytorch_1d_cnn,100,42,luh,luh_P047_2_S14_C04,923.0,384.9381074494297
sandia_to_luh,naive_cross,sandia,luh,pytorch_1d_cnn,100,42,luh,luh_P047_3_S15_C01,866.0,540.8158860466332
sandia_to_luh,naive_cross,sandia,luh,pytorch_1d_cnn,100,42,luh,luh_P049_1_S10_C10,1466.0,1091.075624463582
sandia_to_luh,naive_cross,sandia,luh,pytorch_1d_cnn,100,42,luh,luh_P049_3_S15_C02,1380.0,844.2974712845435
sandia_to_luh,naive_cross,sandia,luh,pytorch_1d_cnn,100,42,luh,luh_P050_1_S10_C09,1615.0,1158.7190425045924
sandia_to_luh,naive_cross,sandia,luh,pytorch_1d_cnn,100,42,luh,luh_P050_2_S11_C07,1575.0,988.6589511959492
sandia_to_luh,naive_cross,sandia,luh,pytorch_1d_cnn,100,42,luh,luh_P050_3_S12_C07,1555.0,1063.088956413509
sandia_to_luh,naive_cross,sandia,luh,pytorch_1d_cnn,100,42,luh,luh_P051_1_S10_C08,1234.0,1182.2952502443613
sandia_to_luh,naive_cross,sandia,luh,pytorch_1d_cnn,100,42,luh,luh_P051_2_S11_C05,1318.0,1545.1038340604462
sandia_to_luh,naive_cross,sandia,luh,pytorch_1d_cnn,100,42,luh,luh_P051_3_S12_C05,1238.0,1270.3545762477036
sandia_to_luh,naive_cross,sandia,luh,pytorch_1d_cnn,100,42,luh,luh_P053_1_S15_C08,323.0,210.9586534299588
sandia_to_luh,naive_cross,sandia,luh,pytorch_1d_cnn,100,42,luh,luh_P053_2_S16_C08,332.0,211.26074889327106
sandia_to_luh,naive_cross,sandia,luh,pytorch_1d_cnn,100,42,luh,luh_P053_3_S19_C07,377.0,208.69467272231472
sandia_to_luh,naive_cross,sandia,luh,pytorch_1d_cnn,100,42,luh,luh_P054_1_S16_C06,359.0,216.71888962533535
sandia_to_luh,naive_cross,sandia,luh,pytorch_1d_cnn,100,42,luh,luh_P054_2_S17_C06,376.0,216.47390661906093
sandia_to_luh,naive_cross,sandia,luh,pytorch_1d_cnn,100,42,luh,luh_P054_3_S19_C05,384.0,225.1259069189276
sandia_to_luh,naive_cross,sandia,luh,pytorch_1d_cnn,100,42,luh,luh_P055_1_S15_C05,354.0,218.1727728377034
sandia_to_luh,naive_cross,sandia,luh,pytorch_1d_cnn,100,42,luh,luh_P055_2_S16_C04,350.0,217.40293846569722
sandia_to_luh,naive_cross,sandia,luh,pytorch_1d_cnn,100,42,luh,luh_P055_3_S17_C04,351.0,218.31065996491802
sandia_to_luh,naive_cross,sandia,luh,pytorch_1d_cnn,100,42,luh,luh_P057_1_S17_C08,555.0,264.29526292369854
sandia_to_luh,naive_cross,sandia,luh,pytorch_1d_cnn,100,42,luh,luh_P057_2_S18_C08,556.0,270.013028362603
sandia_to_luh,naive_cross,sandia,luh,pytorch_1d_cnn,100,42,luh,luh_P057_3_S19_C08,539.0,309.51006035162266
sandia_to_luh,naive_cross,sandia,luh,pytorch_1d_cnn,100,42,luh,luh_P058_1_S15_C07,707.0,350.60697637109536
sandia_to_luh,naive_cross,sandia,luh,pytorch_1d_cnn,100,42,luh,luh_P058_2_S18_C06,672.0,339.5447413534439
sandia_to_luh,naive_cross,sandia,luh,pytorch_1d_cnn,100,42,luh,luh_P058_3_S19_C06,712.0,564.4426559892195
sandia_to_luh,naive_cross,sandia,luh,pytorch_1d_cnn,100,42,luh,luh_P059_1_S15_C06,605.0,637.0530371274701
sandia_to_luh,naive_cross,sandia,luh,pytorch_1d_cnn,100,42,luh,luh_P059_2_S18_C04,660.0,672.4643741470004
sandia_to_luh,naive_cross,sandia,luh,pytorch_1d_cnn,100,42,luh,luh_P059_3_S19_C04,664.0,678.2697554981246
sandia_to_luh,naive_cross,sandia,luh,pytorch_1d_cnn,100,42,luh,luh_P061_1_S16_C09,947.0,476.55041702501904
sandia_to_luh,naive_cross,sandia,luh,pytorch_1d_cnn,100,42,luh,luh_P061_2_S17_C09,942.0,534.1681607582193
sandia_to_luh,naive_cross,sandia,luh,pytorch_1d_cnn,100,42,luh,luh_P061_3_S18_C09,1033.0,742.8064299729984
sandia_to_luh,naive_cross,sandia,luh,pytorch_1d_cnn,100,42,luh,luh_P062_1_S16_C07,1120.0,834.3103165472137
sandia_to_luh,naive_cross,sandia,luh,pytorch_1d_cnn,100,42,luh,luh_P062_2_S17_C07,1148.0,775.50311629175
sandia_to_luh,naive_cross,sandia,luh,pytorch_1d_cnn,100,42,luh,luh_P062_3_S18_C07,1128.0,844.794416505823
sandia_to_luh,naive_cross,sandia,luh,pytorch_1d_cnn,100,42,luh,luh_P063_1_S16_C05,1149.0,1444.616951120429
sandia_to_luh,naive_cross,sandia,luh,pytorch_1d_cnn,100,42,luh,luh_P063_2_S17_C05,1236.0,1153.4759202612267
sandia_to_luh,naive_cross,sandia,luh,pytorch_1d_cnn,100,42,luh,luh_P063_3_S18_C05,1335.0,1203.446856603751
sandia_to_luh,naive_cross,sandia,luh,pytorch_1d_cnn,100,456,luh,luh_P017_1_S01_C08,139.0,221.57299141875714
sandia_to_luh,naive_cross,sandia,luh,pytorch_1d_cnn,100,456,luh,luh_P017_2_S04_C07,127.0,219.38122425537316
sandia_to_luh,naive_cross,sandia,luh,pytorch_1d_cnn,100,456,luh,luh_P017_3_S05_C05,126.0,217.28126887615574
sandia_to_luh,naive_cross,sandia,luh,pytorch_1d_cnn,100,456,luh,luh_P018_1_S01_C06,109.0,213.4021157234257
sandia_to_luh,naive_cross,sandia,luh,pytorch_1d_cnn,100,456,luh,luh_P018_2_S02_C06,107.0,211.90695552014955
sandia_to_luh,naive_cross,sandia,luh,pytorch_1d_cnn,100,456,luh,luh_P018_3_S04_C05,107.0,212.02379586748617
sandia_to_luh,naive_cross,sandia,luh,pytorch_1d_cnn,100,456,luh,luh_P019_1_S01_C04,63.0,131.95092545433494
sandia_to_luh,naive_cross,sandia,luh,pytorch_1d_cnn,100,456,luh,luh_P019_2_S02_C04,62.0,126.81061580633722
sandia_to_luh,naive_cross,sandia,luh,pytorch_1d_cnn,100,456,luh,luh_P019_3_S05_C02,60.0,120.07647756718995
sandia_to_luh,naive_cross,sandia,luh,pytorch_1d_cnn,100,456,luh,luh_P021_1_S02_C08,451.0,240.35298003330243
sandia_to_luh,naive_cross,sandia,luh,pytorch_1d_cnn,100,456,luh,luh_P021_2_S03_C08,428.0,241.89400671206457
sandia_to_luh,naive_cross,sandia,luh,pytorch_1d_cnn,100,456,luh,luh_P021_3_S04_C08,430.0,242.05127175325597
sandia_to_luh,naive_cross,sandia,luh,pytorch_1d_cnn,100,456,luh,luh_P022_1_S03_C06,341.0,233.07598521690298
sandia_to_luh,naive_cross,sandia,luh,pytorch_1d_cnn,100,456,luh,luh_P022_2_S04_C06,344.0,236.16832046241043
sandia_to_luh,naive_cross,sandia,luh,pytorch_1d_cnn,100,456,luh,luh_P022_3_S05_C04,314.0,234.29681344875465
sandia_to_luh,naive_cross,sandia,luh,pytorch_1d_cnn,100,456,luh,luh_P023_1_S03_C04,82.0,135.70978152701912
sandia_to_luh,naive_cross,sandia,luh,pytorch_1d_cnn,100,456,luh,luh_P023_2_S04_C04,72.0,112.77301512449107
sandia_to_luh,naive_cross,sandia,luh,pytorch_1d_cnn,100,456,luh,luh_P023_3_S05_C03,79.0,131.0684917176954
sandia_to_luh,naive_cross,sandia,luh,pytorch_1d_cnn,100,456,luh,luh_P025_1_S01_C09,718.0,648.0244658222587
sandia_to_luh,naive_cross,sandia,luh,pytorch_1d_cnn,100,456,luh,luh_P025_2_S02_C09,690.0,553.5937118199583
sandia_to_luh,naive_cross,sandia,luh,pytorch_1d_cnn,100,456,luh,luh_P025_3_S03_C09,702.0,619.6612716571058
sandia_to_luh,naive_cross,sandia,luh,pytorch_1d_cnn,100,456,luh,luh_P026_1_S01_C07,581.0,343.2265851523826
sandia_to_luh,naive_cross,sandia,luh,pytorch_1d_cnn,100,456,luh,luh_P026_2_S02_C07,613.0,389.3645934421681
sandia_to_luh,naive_cross,sandia,luh,pytorch_1d_cnn,100,456,luh,luh_P026_3_S03_C07,563.0,362.2826047765925
sandia_to_luh,naive_cross,sandia,luh,pytorch_1d_cnn,100,456,luh,luh_P027_1_S01_C05,269.0,253.49077568524967
sandia_to_luh,naive_cross,sandia,luh,pytorch_1d_cnn,100,456,luh,luh_P027_2_S02_C05,285.0,285.5981744084921
sandia_to_luh,naive_cross,sandia,luh,pytorch_1d_cnn,100,456,luh,luh_P027_3_S03_C05,298.0,262.96702311807735
sandia_to_luh,naive_cross,sandia,luh,pytorch_1d_cnn,100,456,luh,luh_P029_1_S06_C08,132.0,227.71239785795456
sandia_to_luh,naive_cross,sandia,luh,pytorch_1d_cnn,100,456,luh,luh_P029_2_S08_C07,135.0,223.03827368412905
sandia_to_luh,naive_cross,sandia,luh,pytorch_1d_cnn,100,456,luh,luh_P029_3_S09_C07,135.0,217.52861772772363
sandia_to_luh,naive_cross,sandia,luh,pytorch_1d_cnn,100,456,luh,luh_P030_1_S06_C06,118.0,211.90867329398995
sandia_to_luh,naive_cross,sandia,luh,pytorch_1d_cnn,100,456,luh,luh_P030_2_S08_C05,123.0,211.52736629068045
sandia_to_luh,naive_cross,sandia,luh,pytorch_1d_cnn,100,456,luh,luh_P030_3_S09_C05,123.0,210.11917014602224
sandia_to_luh,naive_cross,sandia,luh,pytorch_1d_cnn,100,456,luh,luh_P031_1_S06_C04,97.0,192.30878675661125
sandia_to_luh,naive_cross,sandia,luh,pytorch_1d_cnn,100,456,luh,luh_P031_2_S07_C04,94.0,191.15792490361235
sandia_to_luh,naive_cross,sandia,luh,pytorch_1d_cnn,100,456,luh,luh_P031_3_S09_C03,90.0,186.226915180058
sandia_to_luh,naive_cross,sandia,luh,pytorch_1d_cnn,100,456,luh,luh_P033_1_S07_C08,524.0,241.94280216643833
sandia_to_luh,naive_cross,sandia,luh,pytorch_1d_cnn,100,456,luh,luh_P033_2_S08_C08,508.0,240.31481818893644
sandia_to_luh,naive_cross,sandia,luh,pytorch_1d_cnn,100,456,luh,luh_P033_3_S09_C08,523.0,240.63806752438688
sandia_to_luh,naive_cross,sandia,luh,pytorch_1d_cnn,100,456,luh,luh_P034_1_S07_C06,446.0,238.01834162626437
sandia_to_luh,naive_cross,sandia,luh,pytorch_1d_cnn,100,456,luh,luh_P034_2_S08_C06,448.0,237.20008332328177
sandia_to_luh,naive_cross,sandia,luh,pytorch_1d_cnn,100,456,luh,luh_P034_3_S09_C06,440.0,237.72796915818088
sandia_to_luh,naive_cross,sandia,luh,pytorch_1d_cnn,100,456,luh,luh_P035_1_S08_C04,279.0,233.87577898330488
sandia_to_luh,naive_cross,sandia,luh,pytorch_1d_cnn,100,456,luh,luh_P035_2_S09_C04,360.0,235.72020524879383
sandia_to_luh,naive_cross,sandia,luh,pytorch_1d_cnn,100,456,luh,luh_P035_3_S10_C02,342.0,234.89875836900512
sandia_to_luh,naive_cross,sandia,luh,pytorch_1d_cnn,100,456,luh,luh_P037_1_S05_C11,741.0,483.8163898142321
sandia_to_luh,naive_cross,sandia,luh,pytorch_1d_cnn,100,456,luh,luh_P037_3_S10_C04,783.0,705.823546784764
sandia_to_luh,naive_cross,sandia,luh,pytorch_1d_cnn,100,456,luh,luh_P038_1_S06_C07,734.0,588.6312860948826
sandia_to_luh,naive_cross,sandia,luh,pytorch_1d_cnn,100,456,luh,luh_P038_2_S07_C07,816.0,865.3738925305908
sandia_to_luh,naive_cross,sandia,luh,pytorch_1d_cnn,100,456,luh,luh_P038_3_S10_C03,697.0,513.9110370975612
sandia_to_luh,naive_cross,sandia,luh,pytorch_1d_cnn,100,456,luh,luh_P039_1_S05_C10,552.0,538.6211413917868
sandia_to_luh,naive_cross,sandia,luh,pytorch_1d_cnn,100,456,luh,luh_P039_2_S06_C05,588.0,468.8182416736998
sandia_to_luh,naive_cross,sandia,luh,pytorch_1d_cnn,100,456,luh,luh_P039_3_S07_C05,547.0,392.2904488040978
sandia_to_luh,naive_cross,sandia,luh,pytorch_1d_cnn,100,456,luh,luh_P041_1_S11_C08,236.0,250.68474355277888
sandia_to_luh,naive_cross,sandia,luh,pytorch_1d_cnn,100,456,luh,luh_P041_2_S13_C07,220.0,240.56831257170603
sandia_to_luh,naive_cross,sandia,luh,pytorch_1d_cnn,100,456,luh,luh_P041_3_S14_C07,237.0,248.54135852234148
sandia_to_luh,naive_cross,sandia,luh,pytorch_1d_cnn,100,456,luh,luh_P042_1_S11_C06,180.0,232.04235462913113
sandia_to_luh,naive_cross,sandia,luh,pytorch_1d_cnn,100,456,luh,luh_P042_2_S13_C05,204.0,234.62192471204827
sandia_to_luh,naive_cross,sandia,luh,pytorch_1d_cnn,100,456,luh,luh_P042_3_S14_C05,197.0,238.43193945743607
sandia_to_luh,naive_cross,sandia,luh,pytorch_1d_cnn,100,456,luh,luh_P043_1_S11_C04,160.0,214.470902413045
sandia_to_luh,naive_cross,sandia,luh,pytorch_1d_cnn,100,456,luh,luh_P043_2_S12_C04,156.0,212.17196032040695
sandia_to_luh,naive_cross,sandia,luh,pytorch_1d_cnn,100,456,luh,luh_P043_3_S14_C03,153.0,211.52151625329975
sandia_to_luh,naive_cross,sandia,luh,pytorch_1d_cnn,100,456,luh,luh_P045_1_S12_C08,975.0,285.04865729175515
sandia_to_luh,naive_cross,sandia,luh,pytorch_1d_cnn,100,456,luh,luh_P045_2_S13_C08,980.0,293.47480208480107
sandia_to_luh,naive_cross,sandia,luh,pytorch_1d_cnn,100,456,luh,luh_P045_3_S14_C08,845.0,244.43654036660962
sandia_to_luh,naive_cross,sandia,luh,pytorch_1d_cnn,100,456,luh,luh_P046_1_S12_C06,1095.0,295.8518769667918
sandia_to_luh,naive_cross,sandia,luh,pytorch_1d_cnn,100,456,luh,luh_P046_2_S13_C06,937.0,269.4030465032652
sandia_to_luh,naive_cross,sandia,luh,pytorch_1d_cnn,100,456,luh,luh_P046_3_S14_C06,1044.0,306.8796614444901
sandia_to_luh,naive_cross,sandia,luh,pytorch_1d_cnn,100,456,luh,luh_P047_1_S13_C04,1015.0,326.3984385629167
sandia_to_luh,naive_cross,sandia,luh,pytorch_1d_cnn,100,456,luh,luh_P047_2_S14_C04,923.0,263.5776398240825
sandia_to_luh,naive_cross,sandia,luh,pytorch_1d_cnn,100,456,luh,luh_P047_3_S15_C01,866.0,309.23596719004587
sandia_to_luh,naive_cross,sandia,luh,pytorch_1d_cnn,100,456,luh,luh_P049_1_S10_C10,1466.0,767.2203935999879
sandia_to_luh,naive_cross,sandia,luh,pytorch_1d_cnn,100,456,luh,luh_P049_3_S15_C02,1380.0,513.8331165080616
sandia_to_luh,naive_cross,sandia,luh,pytorch_1d_cnn,100,456,luh,luh_P050_1_S10_C09,1615.0,856.5960072081774
sandia_to_luh,naive_cross,sandia,luh,pytorch_1d_cnn,100,456,luh,luh_P050_2_S11_C07,1575.0,660.1426574530499
sandia_to_luh,naive_cross,sandia,luh,pytorch_1d_cnn,100,456,luh,luh_P050_3_S12_C07,1555.0,739.5528323665885
sandia_to_luh,naive_cross,sandia,luh,pytorch_1d_cnn,100,456,luh,luh_P051_1_S10_C08,1234.0,878.2666831489271
sandia_to_luh,naive_cross,sandia,luh,pytorch_1d_cnn,100,456,luh,luh_P051_2_S11_C05,1318.0,1382.8714556012542
sandia_to_luh,naive_cross,sandia,luh,pytorch_1d_cnn,100,456,luh,luh_P051_3_S12_C05,1238.0,988.3035573772353
sandia_to_luh,naive_cross,sandia,luh,pytorch_1d_cnn,100,456,luh,luh_P053_1_S15_C08,323.0,250.22698128594732
sandia_to_luh,naive_cross,sandia,luh,pytorch_1d_cnn,100,456,luh,luh_P053_2_S16_C08,332.0,249.64550775089455
sandia_to_luh,naive_cross,sandia,luh,pytorch_1d_cnn,100,456,luh,luh_P053_3_S19_C07,377.0,241.61284609969934
sandia_to_luh,naive_cross,sandia,luh,pytorch_1d_cnn,100,456,luh,luh_P054_1_S16_C06,359.0,241.19177531957106
sandia_to_luh,naive_cross,sandia,luh,pytorch_1d_cnn,100,456,luh,luh_P054_2_S17_C06,376.0,238.03252904778094
sandia_to_luh,naive_cross,sandia,luh,pytorch_1d_cnn,100,456,luh,luh_P054_3_S19_C05,384.0,243.17864760767893
sandia_to_luh,naive_cross,sandia,luh,pytorch_1d_cnn,100,456,luh,luh_P055_1_S15_C05,354.0,228.11385224288045
sandia_to_luh,naive_cross,sandia,luh,pytorch_1d_cnn,100,456,luh,luh_P055_2_S16_C04,350.0,228.408926963759
sandia_to_luh,naive_cross,sandia,luh,pytorch_1d_cnn,100,456,luh,luh_P055_3_S17_C04,351.0,228.33857944321548
sandia_to_luh,naive_cross,sandia,luh,pytorch_1d_cnn,100,456,luh,luh_P057_1_S17_C08,555.0,246.06745302416576
sandia_to_luh,naive_cross,sandia,luh,pytorch_1d_cnn,100,456,luh,luh_P057_2_S18_C08,556.0,246.16427270354242
sandia_to_luh,naive_cross,sandia,luh,pytorch_1d_cnn,100,456,luh,luh_P057_3_S19_C08,539.0,256.2969288981043
sandia_to_luh,naive_cross,sandia,luh,pytorch_1d_cnn,100,456,luh,luh_P058_1_S15_C07,707.0,263.713538831762
sandia_to_luh,naive_cross,sandia,luh,pytorch_1d_cnn,100,456,luh,luh_P058_2_S18_C06,672.0,261.79746309219433
sandia_to_luh,naive_cross,sandia,luh,pytorch_1d_cnn,100,456,luh,luh_P058_3_S19_C06,712.0,328.48315859005186
sandia_to_luh,naive_cross,sandia,luh,pytorch_1d_cnn,100,456,luh,luh_P059_1_S15_C06,605.0,351.05413993147744
sandia_to_luh,naive_cross,sandia,luh,pytorch_1d_cnn,100,456,luh,luh_P059_2_S18_C04,660.0,374.7537165753724
sandia_to_luh,naive_cross,sandia,luh,pytorch_1d_cnn,100,456,luh,luh_P059_3_S19_C04,664.0,377.9851784055281
sandia_to_luh,naive_cross,sandia,luh,pytorch_1d_cnn,100,456,luh,luh_P061_1_S16_C09,947.0,298.9428843667924
sandia_to_luh,naive_cross,sandia,luh,pytorch_1d_cnn,100,456,luh,luh_P061_2_S17_C09,942.0,317.385780661276
sandia_to_luh,naive_cross,sandia,luh,pytorch_1d_cnn,100,456,luh,luh_P061_3_S18_C09,1033.0,437.53855904917117
sandia_to_luh,naive_cross,sandia,luh,pytorch_1d_cnn,100,456,luh,luh_P062_1_S16_C07,1120.0,507.7869693252716
sandia_to_luh,naive_cross,sandia,luh,pytorch_1d_cnn,100,456,luh,luh_P062_2_S17_C07,1148.0,468.5127484576285
sandia_to_luh,naive_cross,sandia,luh,pytorch_1d_cnn,100,456,luh,luh_P062_3_S18_C07,1128.0,516.0031259399274
sandia_to_luh,naive_cross,sandia,luh,pytorch_1d_cnn,100,456,luh,luh_P063_1_S16_C05,1149.0,1241.4600984742
sandia_to_luh,naive_cross,sandia,luh,pytorch_1d_cnn,100,456,luh,luh_P063_2_S17_C05,1236.0,835.1501606094577
sandia_to_luh,naive_cross,sandia,luh,pytorch_1d_cnn,100,456,luh,luh_P063_3_S18_C05,1335.0,906.6839646764489
sandia_to_luh,naive_cross,sandia,luh,pytorch_1d_cnn,100,789,luh,luh_P017_1_S01_C08,139.0,165.32953662445053
sandia_to_luh,naive_cross,sandia,luh,pytorch_1d_cnn,100,789,luh,luh_P017_2_S04_C07,127.0,155.00354247631634
sandia_to_luh,naive_cross,sandia,luh,pytorch_1d_cnn,100,789,luh,luh_P017_3_S05_C05,126.0,154.5641715189465
sandia_to_luh,naive_cross,sandia,luh,pytorch_1d_cnn,100,789,luh,luh_P018_1_S01_C06,109.0,144.4583151818532
sandia_to_luh,naive_cross,sandia,luh,pytorch_1d_cnn,100,789,luh,luh_P018_2_S02_C06,107.0,142.7551063320515
sandia_to_luh,naive_cross,sandia,luh,pytorch_1d_cnn,100,789,luh,luh_P018_3_S04_C05,107.0,142.0695814699299
sandia_to_luh,naive_cross,sandia,luh,pytorch_1d_cnn,100,789,luh,luh_P019_1_S01_C04,63.0,49.00091774400809
sandia_to_luh,naive_cross,sandia,luh,pytorch_1d_cnn,100,789,luh,luh_P019_2_S02_C04,62.0,48.99999481709434
sandia_to_luh,naive_cross,sandia,luh,pytorch_1d_cnn,100,789,luh,luh_P019_3_S05_C02,60.0,48.99999481709434
sandia_to_luh,naive_cross,sandia,luh,pytorch_1d_cnn,100,789,luh,luh_P021_1_S02_C08,451.0,257.50637166077075
sandia_to_luh,naive_cross,sandia,luh,pytorch_1d_cnn,100,789,luh,luh_P021_2_S03_C08,428.0,253.36872251902915
sandia_to_luh,naive_cross,sandia,luh,pytorch_1d_cnn,100,789,luh,luh_P021_3_S04_C08,430.0,255.06835365950548
sandia_to_luh,naive_cross,sandia,luh,pytorch_1d_cnn,100,789,luh,luh_P022_1_S03_C06,341.0,246.09561482077225
sandia_to_luh,naive_cross,sandia,luh,pytorch_1d_cnn,100,789,luh,luh_P022_2_S04_C06,344.0,246.7390496049495
sandia_to_luh,naive_cross,sandia,luh,pytorch_1d_cnn,100,789,luh,luh_P022_3_S05_C04,314.0,240.12879438431273
sandia_to_luh,naive_cross,sandia,luh,pytorch_1d_cnn,100,789,luh,luh_P023_1_S03_C04,82.0,69.98864238868433
sandia_to_luh,naive_cross,sandia,luh,pytorch_1d_cnn,100,789,luh,luh_P023_2_S04_C04,72.0,48.99999481709434
sandia_to_luh,naive_cross,sandia,luh,pytorch_1d_cnn,100,789,luh,luh_P023_3_S05_C03,79.0,63.92637368057446
sandia_to_luh,naive_cross,sandia,luh,pytorch_1d_cnn,100,789,luh,luh_P025_1_S01_C09,718.0,961.2624849718254
sandia_to_luh,naive_cross,sandia,luh,pytorch_1d_cnn,100,789,luh,luh_P025_2_S02_C09,690.0,785.4542004916722
sandia_to_luh,naive_cross,sandia,luh,pytorch_1d_cnn,100,789,luh,luh_P025_3_S03_C09,702.0,919.130536343421
sandia_to_luh,naive_cross,sandia,luh,pytorch_1d_cnn,100,789,luh,luh_P026_1_S01_C07,581.0,395.88695076309864
sandia_to_luh,naive_cross,sandia,luh,pytorch_1d_cnn,100,789,luh,luh_P026_2_S02_C07,613.0,485.3715057379562
sandia_to_luh,naive_cross,sandia,luh,pytorch_1d_cnn,100,789,luh,luh_P026_3_S03_C07,563.0,437.6706447114823
sandia_to_luh,naive_cross,sandia,luh,pytorch_1d_cnn,100,789,luh,luh_P027_1_S01_C05,269.0,271.41089237297746
sandia_to_luh,naive_cross,sandia,luh,pytorch_1d_cnn,100,789,luh,luh_P027_2_S02_C05,285.0,306.5659405740869
sandia_to_luh,naive_cross,sandia,luh,pytorch_1d_cnn,100,789,luh,luh_P027_3_S03_C05,298.0,274.92464441166413
sandia_to_luh,naive_cross,sandia,luh,pytorch_1d_cnn,100,789,luh,luh_P029_1_S06_C08,132.0,162.61661547932954
sandia_to_luh,naive_cross,sandia,luh,pytorch_1d_cnn,100,789,luh,luh_P029_2_S08_C07,135.0,164.464383745261
sandia_to_luh,naive_cross,sandia,luh,pytorch_1d_cnn,100,789,luh,luh_P029_3_S09_C07,135.0,163.98521445625332
sandia_to_luh,naive_cross,sandia,luh,pytorch_1d_cnn,100,789,luh,luh_P030_1_S06_C06,118.0,154.40520453546333
sandia_to_luh,naive_cross,sandia,luh,pytorch_1d_cnn,100,789,luh,luh_P030_2_S08_C05,123.0,155.0817605176432
sandia_to_luh,naive_cross,sandia,luh,pytorch_1d_cnn,100,789,luh,luh_P030_3_S09_C05,123.0,155.6445679192265
sandia_to_luh,naive_cross,sandia,luh,pytorch_1d_cnn,100,789,luh,luh_P031_1_S06_C04,97.0,127.47374275394147
sandia_to_luh,naive_cross,sandia,luh,pytorch_1d_cnn,100,789,luh,luh_P031_2_S07_C04,94.0,124.02500614116303
sandia_to_luh,naive_cross,sandia,luh,pytorch_1d_cnn,100,789,luh,luh_P031_3_S09_C03,90.0,116.7855955406742
sandia_to_luh,naive_cross,sandia,luh,pytorch_1d_cnn,100,789,luh,luh_P033_1_S07_C08,524.0,260.11214910012177
sandia_to_luh,naive_cross,sandia,luh,pytorch_1d_cnn,100,789,luh,luh_P033_2_S08_C08,508.0,259.3687784719867
sandia_to_luh,naive_cross,sandia,luh,pytorch_1d_cnn,100,789,luh,luh_P033_3_S09_C08,523.0,259.515747981336
sandia_to_luh,naive_cross,sandia,luh,pytorch_1d_cnn,100,789,luh,luh_P034_1_S07_C06,446.0,258.0491774429933
sandia_to_luh,naive_cross,sandia,luh,pytorch_1d_cnn,100,789,luh,luh_P034_2_S08_C06,448.0,256.7234362760192
sandia_to_luh,naive_cross,sandia,luh,pytorch_1d_cnn,100,789,luh,luh_P034_3_S09_C06,440.0,256.6391060060982
sandia_to_luh,naive_cross,sandia,luh,pytorch_1d_cnn,100,789,luh,luh_P035_1_S08_C04,279.0,260.9872933485288
sandia_to_luh,naive_cross,sandia,luh,pytorch_1d_cnn,100,789,luh,luh_P035_2_S09_C04,360.0,264.44048453037055
sandia_to_luh,naive_cross,sandia,luh,pytorch_1d_cnn,100,789,luh,luh_P035_3_S10_C02,342.0,262.5550557829786
sandia_to_luh,naive_cross,sandia,luh,pytorch_1d_cnn,100,789,luh,luh_P037_1_S05_C11,741.0,633.9088982810578
sandia_to_luh,naive_cross,sandia,luh,pytorch_1d_cnn,100,789,luh,luh_P037_3_S10_C04,783.0,1049.523867515157
sandia_to_luh,naive_cross,sandia,luh,pytorch_1d_cnn,100,789,luh,luh_P038_1_S06_C07,734.0,886.2666123972881
sandia_to_luh,naive_cross,sandia,luh,pytorch_1d_cnn,100,789,luh,luh_P038_2_S07_C07,816.0,1308.188032321421
sandia_to_luh,naive_cross,sandia,luh,pytorch_1d_cnn,100,789,luh,luh_P038_3_S10_C03,697.0,730.6761210922027
sandia_to_luh,naive_cross,sandia,luh,pytorch_1d_cnn,100,789,luh,luh_P039_1_S05_C10,552.0,815.3574717248206
sandia_to_luh,naive_cross,sandia,luh,pytorch_1d_cnn,100,789,luh,luh_P039_2_S06_C05,588.0,668.9537290196132
sandia_to_luh,naive_cross,sandia,luh,pytorch_1d_cnn,100,789,luh,luh_P039_3_S07_C05,547.0,511.0935854936453
sandia_to_luh,naive_cross,sandia,luh,pytorch_1d_cnn,100,789,luh,luh_P041_1_S11_C08,236.0,221.10691320018572
sandia_to_luh,naive_cross,sandia,luh,pytorch_1d_cnn,100,789,luh,luh_P041_2_S13_C07,220.0,214.79041993033837
sandia_to_luh,naive_cross,sandia,luh,pytorch_1d_cnn,100,789,luh,luh_P041_3_S14_C07,237.0,224.0090427457022
sandia_to_luh,naive_cross,sandia,luh,pytorch_1d_cnn,100,789,luh,luh_P042_1_S11_C06,180.0,205.97100862218633
sandia_to_luh,naive_cross,sandia,luh,pytorch_1d_cnn,100,789,luh,luh_P042_2_S13_C05,204.0,222.3554715938208
sandia_to_luh,naive_cross,sandia,luh,pytorch_1d_cnn,100,789,luh,luh_P042_3_S14_C05,197.0,215.37613801233744
sandia_to_luh,naive_cross,sandia,luh,pytorch_1d_cnn,100,789,luh,luh_P043_1_S11_C04,160.0,188.67959574237693
sandia_to_luh,naive_cross,sandia,luh,pytorch_1d_cnn,100,789,luh,luh_P043_2_S12_C04,156.0,185.58847509345563
sandia_to_luh,naive_cross,sandia,luh,pytorch_1d_cnn,100,789,luh,luh_P043_3_S14_C03,153.0,181.6204516105371
sandia_to_luh,naive_cross,sandia,luh,pytorch_1d_cnn,100,789,luh,luh_P045_1_S12_C08,975.0,291.2413702120118
sandia_to_luh,naive_cross,sandia,luh,pytorch_1d_cnn,100,789,luh,luh_P045_2_S13_C08,980.0,301.8143714463857
sandia_to_luh,naive_cross,sandia,luh,pytorch_1d_cnn,100,789,luh,luh_P045_3_S14_C08,845.0,264.4378365475962
sandia_to_luh,naive_cross,sandia,luh,pytorch_1d_cnn,100,789,luh,luh_P046_1_S12_C06,1095.0,315.0319627681416
sandia_to_luh,naive_cross,sandia,luh,pytorch_1d_cnn,100,789,luh,luh_P046_2_S13_C06,937.0,279.9057165408319
sandia_to_luh,naive_cross,sandia,luh,pytorch_1d_cnn,100,789,luh,luh_P046_3_S14_C06,1044.0,328.8142908573332
sandia_to_luh,naive_cross,sandia,luh,pytorch_1d_cnn,100,789,luh,luh_P047_1_S13_C04,1015.0,378.857812120272
sandia_to_luh,naive_cross,sandia,luh,pytorch_1d_cnn,100,789,luh,luh_P047_2_S14_C04,923.0,282.1401912319892
sandia_to_luh,naive_cross,sandia,luh,pytorch_1d_cnn,100,789,luh,luh_P047_3_S15_C01,866.0,341.1091228807887
sandia_to_luh,naive_cross,sandia,luh,pytorch_1d_cnn,100,789,luh,luh_P049_1_S10_C10,1466.0,1129.5944705890317
sandia_to_luh,naive_cross,sandia,luh,pytorch_1d_cnn,100,789,luh,luh_P049_3_S15_C02,1380.0,684.9396487993104
sandia_to_luh,naive_cross,sandia,luh,pytorch_1d_cnn,100,789,luh,luh_P050_1_S10_C09,1615.0,1279.3105464774337
sandia_to_luh,naive_cross,sandia,luh,pytorch_1d_cnn,100,789,luh,luh_P050_2_S11_C07,1575.0,999.9576583156645
sandia_to_luh,naive_cross,sandia,luh,pytorch_1d_cnn,100,789,luh,luh_P050_3_S12_C07,1555.0,1133.6928020518135
sandia_to_luh,naive_cross,sandia,luh,pytorch_1d_cnn,100,789,luh,luh_P051_1_S10_C08,1234.0,1339.8374163945573
sandia_to_luh,naive_cross,sandia,luh,pytorch_1d_cnn,100,789,luh,luh_P051_2_S11_C05,1318.0,1922.57997827294
sandia_to_luh,naive_cross,sandia,luh,pytorch_1d_cnn,100,789,luh,luh_P051_3_S12_C05,1238.0,1489.5631595427603
sandia_to_luh,naive_cross,sandia,luh,pytorch_1d_cnn,100,789,luh,luh_P053_1_S15_C08,323.0,209.9049673719115
sandia_to_luh,naive_cross,sandia,luh,pytorch_1d_cnn,100,789,luh,luh_P053_2_S16_C08,332.0,208.7836566445106
sandia_to_luh,naive_cross,sandia,luh,pytorch_1d_cnn,100,789,luh,luh_P053_3_S19_C07,377.0,211.68305687807964
sandia_to_luh,naive_cross,sandia,luh,pytorch_1d_cnn,100,789,luh,luh_P054_1_S16_C06,359.0,224.6234339140449
sandia_to_luh,naive_cross,sandia,luh,pytorch_1d_cnn,100,789,luh,luh_P054_2_S17_C06,376.0,225.85878392233292
sandia_to_luh,naive_cross,sandia,luh,pytorch_1d_cnn,100,789,luh,luh_P054_3_S19_C05,384.0,235.15629487667732
sandia_to_luh,naive_cross,sandia,luh,pytorch_1d_cnn,100,789,luh,luh_P055_1_S15_C05,354.0,226.37362710722235
sandia_to_luh,naive_cross,sandia,luh,pytorch_1d_cnn,100,789,luh,luh_P055_2_S16_C04,350.0,225.7173132582411
sandia_to_luh,naive_cross,sandia,luh,pytorch_1d_cnn,100,789,luh,luh_P055_3_S17_C04,351.0,226.57708376699114
sandia_to_luh,naive_cross,sandia,luh,pytorch_1d_cnn,100,789,luh,luh_P057_1_S17_C08,555.0,262.99210280355186
sandia_to_luh,naive_cross,sandia,luh,pytorch_1d_cnn,100,789,luh,luh_P057_2_S18_C08,556.0,263.99486223440584
sandia_to_luh,naive_cross,sandia,luh,pytorch_1d_cnn,100,789,luh,luh_P057_3_S19_C08,539.0,265.81507630962875
sandia_to_luh,naive_cross,sandia,luh,pytorch_1d_cnn,100,789,luh,luh_P058_1_S15_C07,707.0,274.1314904564223
sandia_to_luh,naive_cross,sandia,luh,pytorch_1d_cnn,100,789,luh,luh_P058_2_S18_C06,672.0,272.06628268777797
sandia_to_luh,naive_cross,sandia,luh,pytorch_1d_cnn,100,789,luh,luh_P058_3_S19_C06,712.0,366.4179927012875
sandia_to_luh,naive_cross,sandia,luh,pytorch_1d_cnn,100,789,luh,luh_P059_1_S15_C06,605.0,434.04915468201597
sandia_to_luh,naive_cross,sandia,luh,pytorch_1d_cnn,100,789,luh,luh_P059_2_S18_C04,660.0,483.29574586677285
sandia_to_luh,naive_cross,sandia,luh,pytorch_1d_cnn,100,789,luh,luh_P059_3_S19_C04,664.0,490.2662805765649
sandia_to_luh,naive_cross,sandia,luh,pytorch_1d_cnn,100,789,luh,luh_P061_1_S16_C09,947.0,304.37000279349
sandia_to_luh,naive_cross,sandia,luh,pytorch_1d_cnn,100,789,luh,luh_P061_2_S17_C09,942.0,328.29055651675816
sandia_to_luh,naive_cross,sandia,luh,pytorch_1d_cnn,100,789,luh,luh_P061_3_S18_C09,1033.0,538.4313740786172
sandia_to_luh,naive_cross,sandia,luh,pytorch_1d_cnn,100,789,luh,luh_P062_1_S16_C07,1120.0,715.2770734257742
sandia_to_luh,naive_cross,sandia,luh,pytorch_1d_cnn,100,789,luh,luh_P062_2_S17_C07,1148.0,631.394466884076
sandia_to_luh,naive_cross,sandia,luh,pytorch_1d_cnn,100,789,luh,luh_P062_3_S18_C07,1128.0,730.6911030273784
sandia_to_luh,naive_cross,sandia,luh,pytorch_1d_cnn,100,789,luh,luh_P063_1_S16_C05,1149.0,1793.144249112328
sandia_to_luh,naive_cross,sandia,luh,pytorch_1d_cnn,100,789,luh,luh_P063_2_S17_C05,1236.0,1291.2485367611073
sandia_to_luh,naive_cross,sandia,luh,pytorch_1d_cnn,100,789,luh,luh_P063_3_S18_C05,1335.0,1376.013565475571
sandia_to_matr,naive_cross,sandia,matr,pytorch_1d_cnn,100,1011,matr,matr_b1c0,1717.0,3042.9193994727248
sandia_to_matr,naive_cross,sandia,matr,pytorch_1d_cnn,100,1011,matr,matr_b1c1,2066.0,3442.0013358290294
sandia_to_matr,naive_cross,sandia,matr,pytorch_1d_cnn,100,1011,matr,matr_b1c11,771.0,3442.0013358290294
sandia_to_matr,naive_cross,sandia,matr,pytorch_1d_cnn,100,1011,matr,matr_b1c12,897.0,3442.0013358290294
sandia_to_matr,naive_cross,sandia,matr,pytorch_1d_cnn,100,1011,matr,matr_b1c14,845.0,3442.0013358290294
sandia_to_matr,naive_cross,sandia,matr,pytorch_1d_cnn,100,1011,matr,matr_b1c15,699.0,3442.0013358290294
sandia_to_matr,naive_cross,sandia,matr,pytorch_1d_cnn,100,1011,matr,matr_b1c16,824.0,3442.0013358290294
sandia_to_matr,naive_cross,sandia,matr,pytorch_1d_cnn,100,1011,matr,matr_b1c17,825.0,3442.0013358290294
sandia_to_matr,naive_cross,sandia,matr,pytorch_1d_cnn,100,1011,matr,matr_b1c18,665.0,3442.0013358290294
sandia_to_matr,naive_cross,sandia,matr,pytorch_1d_cnn,100,1011,matr,matr_b1c19,740.0,3442.0013358290294
sandia_to_matr,naive_cross,sandia,matr,pytorch_1d_cnn,100,1011,matr,matr_b1c2,1487.0,3442.0013358290294
sandia_to_matr,naive_cross,sandia,matr,pytorch_1d_cnn,100,1011,matr,matr_b1c20,504.0,3268.54789712693
sandia_to_matr,naive_cross,sandia,matr,pytorch_1d_cnn,100,1011,matr,matr_b1c21,535.0,3442.0013358290294
sandia_to_matr,naive_cross,sandia,matr,pytorch_1d_cnn,100,1011,matr,matr_b1c23,974.0,3442.0013358290294
sandia_to_matr,naive_cross,sandia,matr,pytorch_1d_cnn,100,1011,matr,matr_b1c24,979.0,3442.0013358290294
sandia_to_matr,naive_cross,sandia,matr,pytorch_1d_cnn,100,1011,matr,matr_b1c25,817.0,3442.0013358290294
sandia_to_matr,naive_cross,sandia,matr,pytorch_1d_cnn,100,1011,matr,matr_b1c26,826.0,3442.0013358290294
sandia_to_matr,naive_cross,sandia,matr,pytorch_1d_cnn,100,1011,matr,matr_b1c27,809.0,3442.0013358290294
sandia_to_matr,naive_cross,sandia,matr,pytorch_1d_cnn,100,1011,matr,matr_b1c28,815.0,3442.0013358290294
sandia_to_matr,naive_cross,sandia,matr,pytorch_1d_cnn,100,1011,matr,matr_b1c29,872.0,3442.0013358290294
sandia_to_matr,naive_cross,sandia,matr,pytorch_1d_cnn,100,1011,matr,matr_b1c3,1344.0,3442.0013358290294
sandia_to_matr,naive_cross,sandia,matr,pytorch_1d_cnn,100,1011,matr,matr_b1c30,679.0,3442.0013358290294
sandia_to_matr,naive_cross,sandia,matr,pytorch_1d_cnn,100,1011,matr,matr_b1c31,827.0,3442.0013358290294
sandia_to_matr,naive_cross,sandia,matr,pytorch_1d_cnn,100,1011,matr,matr_b1c32,694.0,3442.0013358290294
sandia_to_matr,naive_cross,sandia,matr,pytorch_1d_cnn,100,1011,matr,matr_b1c33,708.0,3442.0013358290294
sandia_to_matr,naive_cross,sandia,matr,pytorch_1d_cnn,100,1011,matr,matr_b1c34,714.0,3442.0013358290294
sandia_to_matr,naive_cross,sandia,matr,pytorch_1d_cnn,100,1011,matr,matr_b1c35,676.0,3442.0013358290294
sandia_to_matr,naive_cross,sandia,matr,pytorch_1d_cnn,100,1011,matr,matr_b1c36,670.0,3442.0013358290294
sandia_to_matr,naive_cross,sandia,matr,pytorch_1d_cnn,100,1011,matr,matr_b1c37,622.0,3442.0013358290294
sandia_to_matr,naive_cross,sandia,matr,pytorch_1d_cnn,100,1011,matr,matr_b1c38,592.0,3442.0013358290294
sandia_to_matr,naive_cross,sandia,matr,pytorch_1d_cnn,100,1011,matr,matr_b1c39,592.0,3442.0013358290294
sandia_to_matr,naive_cross,sandia,matr,pytorch_1d_cnn,100,1011,matr,matr_b1c4,1618.0,3442.0013358290294
sandia_to_matr,naive_cross,sandia,matr,pytorch_1d_cnn,100,1011,matr,matr_b1c40,919.0,3442.0013358290294
sandia_to_matr,naive_cross,sandia,matr,pytorch_1d_cnn,100,1011,matr,matr_b1c41,1005.0,3442.0013358290294
sandia_to_matr,naive_cross,sandia,matr,pytorch_1d_cnn,100,1011,matr,matr_b1c42,661.0,3442.0013358290294
sandia_to_matr,naive_cross,sandia,matr,pytorch_1d_cnn,100,1011,matr,matr_b1c43,626.0,3442.0013358290294
sandia_to_matr,naive_cross,sandia,matr,pytorch_1d_cnn,100,1011,matr,matr_b1c44,575.0,3442.0013358290294
sandia_to_matr,naive_cross,sandia,matr,pytorch_1d_cnn,100,1011,matr,matr_b1c45,563.0,3442.0013358290294
sandia_to_matr,naive_cross,sandia,matr,pytorch_1d_cnn,100,1011,matr,matr_b1c5,909.0,3442.0013358290294
sandia_to_matr,naive_cross,sandia,matr,pytorch_1d_cnn,100,1011,matr,matr_b1c6,613.0,3442.0013358290294
sandia_to_matr,naive_cross,sandia,matr,pytorch_1d_cnn,100,1011,matr,matr_b1c7,818.0,3442.0013358290294
sandia_to_matr,naive_cross,sandia,matr,pytorch_1d_cnn,100,1011,matr,matr_b1c9,1012.0,3442.0013358290294
sandia_to_matr,naive_cross,sandia,matr,pytorch_1d_cnn,100,1011,matr,matr_b2c0,278.0,1892.6188096391272
sandia_to_matr,naive_cross,sandia,matr,pytorch_1d_cnn,100,1011,matr,matr_b2c1,133.0,178.08627835187238
sandia_to_matr,naive_cross,sandia,matr,pytorch_1d_cnn,100,1011,matr,matr_b2c10,251.0,3442.0013358290294
sandia_to_matr,naive_cross,sandia,matr,pytorch_1d_cnn,100,1011,matr,matr_b2c11,250.0,3442.0013358290294
sandia_to_matr,naive_cross,sandia,matr,pytorch_1d_cnn,100,1011,matr,matr_b2c12,435.0,3381.7874091235385
sandia_to_matr,naive_cross,sandia,matr,pytorch_1d_cnn,100,1011,matr,matr_b2c13,454.0,3442.0013358290294
sandia_to_matr,naive_cross,sandia,matr,pytorch_1d_cnn,100,1011,matr,matr_b2c14,466.0,3442.0013358290294
sandia_to_matr,naive_cross,sandia,matr,pytorch_1d_cnn,100,1011,matr,matr_b2c17,476.0,3442.0013358290294
sandia_to_matr,naive_cross,sandia,matr,pytorch_1d_cnn,100,1011,matr,matr_b2c18,468.0,3442.0013358290294
sandia_to_matr,naive_cross,sandia,matr,pytorch_1d_cnn,100,1011,matr,matr_b2c19,455.0,3001.8290983193124
sandia_to_matr,naive_cross,sandia,matr,pytorch_1d_cnn,100,1011,matr,matr_b2c2,422.0,3442.0013358290294
sandia_to_matr,naive_cross,sandia,matr,pytorch_1d_cnn,100,1011,matr,matr_b2c20,475.0,3442.0013358290294
sandia_to_matr,naive_cross,sandia,matr,pytorch_1d_cnn,100,1011,matr,matr_b2c21,468.0,3442.0013358290294
sandia_to_matr,naive_cross,sandia,matr,pytorch_1d_cnn,100,1011,matr,matr_b2c22,490.0,3442.0013358290294
sandia_to_matr,naive_cross,sandia,matr,pytorch_1d_cnn,100,1011,matr,matr_b2c23,502.0,3442.0013358290294
sandia_to_matr,naive_cross,sandia,matr,pytorch_1d_cnn,100,1011,matr,matr_b2c24,478.0,3442.0013358290294
sandia_to_matr,naive_cross,sandia,matr,pytorch_1d_cnn,100,1011,matr,matr_b2c25,446.0,3442.0013358290294
sandia_to_matr,naive_cross,sandia,matr,pytorch_1d_cnn,100,1011,matr,matr_b2c26,450.0,3442.0013358290294
sandia_to_matr,naive_cross,sandia,matr,pytorch_1d_cnn,100,1011,matr,matr_b2c27,453.0,3442.0013358290294
sandia_to_matr,naive_cross,sandia,matr,pytorch_1d_cnn,100,1011,matr,matr_b2c28,491.0,3442.0013358290294
sandia_to_matr,naive_cross,sandia,matr,pytorch_1d_cnn,100,1011,matr,matr_b2c29,481.0,3442.0013358290294
sandia_to_matr,naive_cross,sandia,matr,pytorch_1d_cnn,100,1011,matr,matr_b2c3,314.0,2792.783224640199
sandia_to_matr,naive_cross,sandia,matr,pytorch_1d_cnn,100,1011,matr,matr_b2c30,466.0,3442.0013358290294
sandia_to_matr,naive_cross,sandia,matr,pytorch_1d_cnn,100,1011,matr,matr_b2c31,474.0,3442.0013358290294
sandia_to_matr,naive_cross,sandia,matr,pytorch_1d_cnn,100,1011,matr,matr_b2c32,500.0,3442.0013358290294
sandia_to_matr,naive_cross,sandia,matr,pytorch_1d_cnn,100,1011,matr,matr_b2c33,499.0,3442.0013358290294
sandia_to_matr,naive_cross,sandia,matr,pytorch_1d_cnn,100,1011,matr,matr_b2c34,483.0,3442.0013358290294
sandia_to_matr,naive_cross,sandia,matr,pytorch_1d_cnn,100,1011,matr,matr_b2c35,449.0,3442.0013358290294
sandia_to_matr,naive_cross,sandia,matr,pytorch_1d_cnn,100,1011,matr,matr_b2c36,513.0,3442.0013358290294
sandia_to_matr,naive_cross,sandia,matr,pytorch_1d_cnn,100,1011,matr,matr_b2c37,461.0,3442.0013358290294
sandia_to_matr,naive_cross,sandia,matr,pytorch_1d_cnn,100,1011,matr,matr_b2c38,451.0,3442.0013358290294
sandia_to_matr,naive_cross,sandia,matr,pytorch_1d_cnn,100,1011,matr,matr_b2c39,442.0,3442.0013358290294
sandia_to_matr,naive_cross,sandia,matr,pytorch_1d_cnn,100,1011,matr,matr_b2c4,247.0,3442.0013358290294
sandia_to_matr,naive_cross,sandia,matr,pytorch_1d_cnn,100,1011,matr,matr_b2c40,476.0,3442.0013358290294
sandia_to_matr,naive_cross,sandia,matr,pytorch_1d_cnn,100,1011,matr,matr_b2c41,416.0,3442.0013358290294
sandia_to_matr,naive_cross,sandia,matr,pytorch_1d_cnn,100,1011,matr,matr_b2c42,444.0,3442.0013358290294
sandia_to_matr,naive_cross,sandia,matr,pytorch_1d_cnn,100,1011,matr,matr_b2c43,443.0,3442.0013358290294
sandia_to_matr,naive_cross,sandia,matr,pytorch_1d_cnn,100,1011,matr,matr_b2c44,442.0,3442.0013358290294
sandia_to_matr,naive_cross,sandia,matr,pytorch_1d_cnn,100,1011,matr,matr_b2c45,470.0,3442.0013358290294
sandia_to_matr,naive_cross,sandia,matr,pytorch_1d_cnn,100,1011,matr,matr_b2c46,417.0,3442.0013358290294
sandia_to_matr,naive_cross,sandia,matr,pytorch_1d_cnn,100,1011,matr,matr_b2c47,705.0,3442.0013358290294
sandia_to_matr,naive_cross,sandia,matr,pytorch_1d_cnn,100,1011,matr,matr_b2c5,464.0,3442.0013358290294
sandia_to_matr,naive_cross,sandia,matr,pytorch_1d_cnn,100,1011,matr,matr_b2c6,475.0,2937.2176893938645
sandia_to_matr,naive_cross,sandia,matr,pytorch_1d_cnn,100,1011,matr,matr_b3c0,985.0,3442.0013358290294
sandia_to_matr,naive_cross,sandia,matr,pytorch_1d_cnn,100,1011,matr,matr_b3c1,1033.0,3442.0013358290294
sandia_to_matr,naive_cross,sandia,matr,pytorch_1d_cnn,100,1011,matr,matr_b3c10,1046.0,3442.0013358290294
sandia_to_matr,naive_cross,sandia,matr,pytorch_1d_cnn,100,1011,matr,matr_b3c11,792.0,3442.0013358290294
sandia_to_matr,naive_cross,sandia,matr,pytorch_1d_cnn,100,1011,matr,matr_b3c12,903.0,3442.0013358290294
sandia_to_matr,naive_cross,sandia,matr,pytorch_1d_cnn,100,1011,matr,matr_b3c13,794.0,3442.0013358290294
sandia_to_matr,naive_cross,sandia,matr,pytorch_1d_cnn,100,1011,matr,matr_b3c14,834.0,3442.0013358290294
sandia_to_matr,naive_cross,sandia,matr,pytorch_1d_cnn,100,1011,matr,matr_b3c15,850.0,3442.0013358290294
sandia_to_matr,naive_cross,sandia,matr,pytorch_1d_cnn,100,1011,matr,matr_b3c16,1589.0,3442.0013358290294
sandia_to_matr,naive_cross,sandia,matr,pytorch_1d_cnn,100,1011,matr,matr_b3c17,1269.0,3442.0013358290294
sandia_to_matr,naive_cross,sandia,matr,pytorch_1d_cnn,100,1011,matr,matr_b3c18,1100.0,3442.0013358290294
sandia_to_matr,naive_cross,sandia,matr,pytorch_1d_cnn,100,1011,matr,matr_b3c19,1105.0,3442.0013358290294
sandia_to_matr,naive_cross,sandia,matr,pytorch_1d_cnn,100,1011,matr,matr_b3c2,1224.0,3442.0013358290294
sandia_to_matr,naive_cross,sandia,matr,pytorch_1d_cnn,100,1011,matr,matr_b3c20,793.0,3442.0013358290294
sandia_to_matr,naive_cross,sandia,matr,pytorch_1d_cnn,100,1011,matr,matr_b3c21,745.0,3138.9911046532166
sandia_to_matr,naive_cross,sandia,matr,pytorch_1d_cnn,100,1011,matr,matr_b3c22,991.0,3442.0013358290294
sandia_to_matr,naive_cross,sandia,matr,pytorch_1d_cnn,100,1011,matr,matr_b3c24,817.0,3442.0013358290294
sandia_to_matr,naive_cross,sandia,matr,pytorch_1d_cnn,100,1011,matr,matr_b3c25,970.0,3442.0013358290294
sandia_to_matr,naive_cross,sandia,matr,pytorch_1d_cnn,100,1011,matr,matr_b3c26,989.0,3442.0013358290294
sandia_to_matr,naive_cross,sandia,matr,pytorch_1d_cnn,100,1011,matr,matr_b3c27,828.0,3442.0013358290294
sandia_to_matr,naive_cross,sandia,matr,pytorch_1d_cnn,100,1011,matr,matr_b3c28,524.0,2821.8069817409055
sandia_to_matr,naive_cross,sandia,matr,pytorch_1d_cnn,100,1011,matr,matr_b3c29,833.0,3442.0013358290294
sandia_to_matr,naive_cross,sandia,matr,pytorch_1d_cnn,100,1011,matr,matr_b3c3,1084.0,3442.0013358290294
sandia_to_matr,naive_cross,sandia,matr,pytorch_1d_cnn,100,1011,matr,matr_b3c30,913.0,3442.0013358290294
sandia_to_matr,naive_cross,sandia,matr,pytorch_1d_cnn,100,1011,matr,matr_b3c31,713.0,3442.0013358290294
sandia_to_matr,naive_cross,sandia,matr,pytorch_1d_cnn,100,1011,matr,matr_b3c33,1257.0,3442.0013358290294
sandia_to_matr,naive_cross,sandia,matr,pytorch_1d_cnn,100,1011,matr,matr_b3c34,1125.0,3442.0013358290294
sandia_to_matr,naive_cross,sandia,matr,pytorch_1d_cnn,100,1011,matr,matr_b3c35,1056.0,3442.0013358290294
sandia_to_matr,naive_cross,sandia,matr,pytorch_1d_cnn,100,1011,matr,matr_b3c36,910.0,3442.0013358290294
sandia_to_matr,naive_cross,sandia,matr,pytorch_1d_cnn,100,1011,matr,matr_b3c37,1376.0,3442.0013358290294
sandia_to_matr,naive_cross,sandia,matr,pytorch_1d_cnn,100,1011,matr,matr_b3c38,1873.0,3442.0013358290294
sandia_to_matr,naive_cross,sandia,matr,pytorch_1d_cnn,100,1011,matr,matr_b3c39,1146.0,3442.0013358290294
sandia_to_matr,naive_cross,sandia,matr,pytorch_1d_cnn,100,1011,matr,matr_b3c4,1006.0,3442.0013358290294
sandia_to_matr,naive_cross,sandia,matr,pytorch_1d_cnn,100,1011,matr,matr_b3c40,779.0,3442.0013358290294
sandia_to_matr,naive_cross,sandia,matr,pytorch_1d_cnn,100,1011,matr,matr_b3c41,773.0,3442.0013358290294
sandia_to_matr,naive_cross,sandia,matr,pytorch_1d_cnn,100,1011,matr,matr_b3c42,1587.0,3442.0013358290294
sandia_to_matr,naive_cross,sandia,matr,pytorch_1d_cnn,100,1011,matr,matr_b3c43,1018.0,3442.0013358290294
sandia_to_matr,naive_cross,sandia,matr,pytorch_1d_cnn,100,1011,matr,matr_b3c44,921.0,3442.0013358290294
sandia_to_matr,naive_cross,sandia,matr,pytorch_1d_cnn,100,1011,matr,matr_b3c45,1735.0,3442.0013358290294
sandia_to_matr,naive_cross,sandia,matr,pytorch_1d_cnn,100,1011,matr,matr_b3c5,815.0,3442.0013358290294
sandia_to_matr,naive_cross,sandia,matr,pytorch_1d_cnn,100,1011,matr,matr_b3c6,630.0,2710.6130737003496
sandia_to_matr,naive_cross,sandia,matr,pytorch_1d_cnn,100,1011,matr,matr_b3c7,1774.0,3442.0013358290294
sandia_to_matr,naive_cross,sandia,matr,pytorch_1d_cnn,100,1011,matr,matr_b3c8,810.0,3442.0013358290294
sandia_to_matr,naive_cross,sandia,matr,pytorch_1d_cnn,100,1011,matr,matr_b3c9,1010.0,3442.0013358290294
sandia_to_matr,naive_cross,sandia,matr,pytorch_1d_cnn,100,123,matr,matr_b1c0,1717.0,1163.0295157680932
sandia_to_matr,naive_cross,sandia,matr,pytorch_1d_cnn,100,123,matr,matr_b1c1,2066.0,3374.0012620114744
sandia_to_matr,naive_cross,sandia,matr,pytorch_1d_cnn,100,123,matr,matr_b1c11,771.0,3374.0012620114744
sandia_to_matr,naive_cross,sandia,matr,pytorch_1d_cnn,100,123,matr,matr_b1c12,897.0,3374.0012620114744
sandia_to_matr,naive_cross,sandia,matr,pytorch_1d_cnn,100,123,matr,matr_b1c14,845.0,3374.0012620114744
sandia_to_matr,naive_cross,sandia,matr,pytorch_1d_cnn,100,123,matr,matr_b1c15,699.0,3374.0012620114744
sandia_to_matr,naive_cross,sandia,matr,pytorch_1d_cnn,100,123,matr,matr_b1c16,824.0,3374.0012620114744
sandia_to_matr,naive_cross,sandia,matr,pytorch_1d_cnn,100,123,matr,matr_b1c17,825.0,3374.0012620114744
sandia_to_matr,naive_cross,sandia,matr,pytorch_1d_cnn,100,123,matr,matr_b1c18,665.0,881.8575918013773
sandia_to_matr,naive_cross,sandia,matr,pytorch_1d_cnn,100,123,matr,matr_b1c19,740.0,3273.392386893988
sandia_to_matr,naive_cross,sandia,matr,pytorch_1d_cnn,100,123,matr,matr_b1c2,1487.0,3374.0012620114744
sandia_to_matr,naive_cross,sandia,matr,pytorch_1d_cnn,100,123,matr,matr_b1c20,504.0,2594.3520964381314
sandia_to_matr,naive_cross,sandia,matr,pytorch_1d_cnn,100,123,matr,matr_b1c21,535.0,2872.5885219642614
sandia_to_matr,naive_cross,sandia,matr,pytorch_1d_cnn,100,123,matr,matr_b1c23,974.0,3263.4864834839814
sandia_to_matr,naive_cross,sandia,matr,pytorch_1d_cnn,100,123,matr,matr_b1c24,979.0,3338.4891075190094
sandia_to_matr,naive_cross,sandia,matr,pytorch_1d_cnn,100,123,matr,matr_b1c25,817.0,3343.6253906542465
sandia_to_matr,naive_cross,sandia,matr,pytorch_1d_cnn,100,123,matr,matr_b1c26,826.0,3235.04641136328
sandia_to_matr,naive_cross,sandia,matr,pytorch_1d_cnn,100,123,matr,matr_b1c27,809.0,3266.927391278845
sandia_to_matr,naive_cross,sandia,matr,pytorch_1d_cnn,100,123,matr,matr_b1c28,815.0,3241.5812450187536
sandia_to_matr,naive_cross,sandia,matr,pytorch_1d_cnn,100,123,matr,matr_b1c29,872.0,3287.8811833736286
sandia_to_matr,naive_cross,sandia,matr,pytorch_1d_cnn,100,123,matr,matr_b1c3,1344.0,3374.0012620114744
sandia_to_matr,naive_cross,sandia,matr,pytorch_1d_cnn,100,123,matr,matr_b1c30,679.0,3234.525057843874
sandia_to_matr,naive_cross,sandia,matr,pytorch_1d_cnn,100,123,matr,matr_b1c31,827.0,3170.7629742795016
sandia_to_matr,naive_cross,sandia,matr,pytorch_1d_cnn,100,123,matr,matr_b1c32,694.0,3240.9661122481084
sandia_to_matr,naive_cross,sandia,matr,pytorch_1d_cnn,100,123,matr,matr_b1c33,708.0,3220.507869892214
sandia_to_matr,naive_cross,sandia,matr,pytorch_1d_cnn,100,123,matr,matr_b1c34,714.0,3312.1581426713747
sandia_to_matr,naive_cross,sandia,matr,pytorch_1d_cnn,100,123,matr,matr_b1c35,676.0,3331.269627759744
sandia_to_matr,naive_cross,sandia,matr,pytorch_1d_cnn,100,123,matr,matr_b1c36,670.0,3280.236164221429
sandia_to_matr,naive_cross,sandia,matr,pytorch_1d_cnn,100,123,matr,matr_b1c37,622.0,3267.6721009002117
sandia_to_matr,naive_cross,sandia,matr,pytorch_1d_cnn,100,123,matr,matr_b1c38,592.0,3267.7780566465467
sandia_to_matr,naive_cross,sandia,matr,pytorch_1d_cnn,100,123,matr,matr_b1c39,592.0,3318.8708987548653
sandia_to_matr,naive_cross,sandia,matr,pytorch_1d_cnn,100,123,matr,matr_b1c4,1618.0,3374.0012620114744
sandia_to_matr,naive_cross,sandia,matr,pytorch_1d_cnn,100,123,matr,matr_b1c40,919.0,3290.870737850064
sandia_to_matr,naive_cross,sandia,matr,pytorch_1d_cnn,100,123,matr,matr_b1c41,1005.0,3328.164022806878
sandia_to_matr,naive_cross,sandia,matr,pytorch_1d_cnn,100,123,matr,matr_b1c42,661.0,3326.7741078847075
sandia_to_matr,naive_cross,sandia,matr,pytorch_1d_cnn,100,123,matr,matr_b1c43,626.0,3176.3984320016666
sandia_to_matr,naive_cross,sandia,matr,pytorch_1d_cnn,100,123,matr,matr_b1c44,575.0,3134.3275885889634
sandia_to_matr,naive_cross,sandia,matr,pytorch_1d_cnn,100,123,matr,matr_b1c45,563.0,3255.354845876161
sandia_to_matr,naive_cross,sandia,matr,pytorch_1d_cnn,100,123,matr,matr_b1c5,909.0,3374.0012620114744
sandia_to_matr,naive_cross,sandia,matr,pytorch_1d_cnn,100,123,matr,matr_b1c6,613.0,3374.0012620114744
sandia_to_matr,naive_cross,sandia,matr,pytorch_1d_cnn,100,123,matr,matr_b1c7,818.0,3234.1148209594103
sandia_to_matr,naive_cross,sandia,matr,pytorch_1d_cnn,100,123,matr,matr_b1c9,1012.0,3374.0012620114744
sandia_to_matr,naive_cross,sandia,matr,pytorch_1d_cnn,100,123,matr,matr_b2c0,278.0,1154.775799808933
sandia_to_matr,naive_cross,sandia,matr,pytorch_1d_cnn,100,123,matr,matr_b2c1,133.0,188.35795953157017
sandia_to_matr,naive_cross,sandia,matr,pytorch_1d_cnn,100,123,matr,matr_b2c10,251.0,3114.058375574736
sandia_to_matr,naive_cross,sandia,matr,pytorch_1d_cnn,100,123,matr,matr_b2c11,250.0,3160.5105052439962
sandia_to_matr,naive_cross,sandia,matr,pytorch_1d_cnn,100,123,matr,matr_b2c12,435.0,2660.2443229505548
sandia_to_matr,naive_cross,sandia,matr,pytorch_1d_cnn,100,123,matr,matr_b2c13,454.0,2761.967108431994
sandia_to_matr,naive_cross,sandia,matr,pytorch_1d_cnn,100,123,matr,matr_b2c14,466.0,3324.6554465801782
sandia_to_matr,naive_cross,sandia,matr,pytorch_1d_cnn,100,123,matr,matr_b2c17,476.0,3374.0012620114744
sandia_to_matr,naive_cross,sandia,matr,pytorch_1d_cnn,100,123,matr,matr_b2c18,468.0,2966.0108555215693
sandia_to_matr,naive_cross,sandia,matr,pytorch_1d_cnn,100,123,matr,matr_b2c19,455.0,2411.004830080701
sandia_to_matr,naive_cross,sandia,matr,pytorch_1d_cnn,100,123,matr,matr_b2c2,422.0,3321.4641462282784
sandia_to_matr,naive_cross,sandia,matr,pytorch_1d_cnn,100,123,matr,matr_b2c20,475.0,3374.0012620114744
sandia_to_matr,naive_cross,sandia,matr,pytorch_1d_cnn,100,123,matr,matr_b2c21,468.0,3188.444306916561
sandia_to_matr,naive_cross,sandia,matr,pytorch_1d_cnn,100,123,matr,matr_b2c22,490.0,3343.2682720049997
sandia_to_matr,naive_cross,sandia,matr,pytorch_1d_cnn,100,123,matr,matr_b2c23,502.0,2986.0738396817455
sandia_to_matr,naive_cross,sandia,matr,pytorch_1d_cnn,100,123,matr,matr_b2c24,478.0,3365.2187427442536
sandia_to_matr,naive_cross,sandia,matr,pytorch_1d_cnn,100,123,matr,matr_b2c25,446.0,3225.853319119685
sandia_to_matr,naive_cross,sandia,matr,pytorch_1d_cnn,100,123,matr,matr_b2c26,450.0,3225.997913792792
sandia_to_matr,naive_cross,sandia,matr,pytorch_1d_cnn,100,123,matr,matr_b2c27,453.0,3374.0012620114744
sandia_to_matr,naive_cross,sandia,matr,pytorch_1d_cnn,100,123,matr,matr_b2c28,491.0,3351.411754367758
sandia_to_matr,naive_cross,sandia,matr,pytorch_1d_cnn,100,123,matr,matr_b2c29,481.0,3374.0012620114744
sandia_to_matr,naive_cross,sandia,matr,pytorch_1d_cnn,100,123,matr,matr_b2c3,314.0,2345.5783576209906
sandia_to_matr,naive_cross,sandia,matr,pytorch_1d_cnn,100,123,matr,matr_b2c30,466.0,3374.0012620114744
sandia_to_matr,naive_cross,sandia,matr,pytorch_1d_cnn,100,123,matr,matr_b2c31,474.0,3374.0012620114744
sandia_to_matr,naive_cross,sandia,matr,pytorch_1d_cnn,100,123,matr,matr_b2c32,500.0,3374.0012620114744
sandia_to_matr,naive_cross,sandia,matr,pytorch_1d_cnn,100,123,matr,matr_b2c33,499.0,3374.0012620114744
sandia_to_matr,naive_cross,sandia,matr,pytorch_1d_cnn,100,123,matr,matr_b2c34,483.0,3374.0012620114744
sandia_to_matr,naive_cross,sandia,matr,pytorch_1d_cnn,100,123,matr,matr_b2c35,449.0,3374.0012620114744
sandia_to_matr,naive_cross,sandia,matr,pytorch_1d_cnn,100,123,matr,matr_b2c36,513.0,3374.0012620114744
sandia_to_matr,naive_cross,sandia,matr,pytorch_1d_cnn,100,123,matr,matr_b2c37,461.0,3374.0012620114744
sandia_to_matr,naive_cross,sandia,matr,pytorch_1d_cnn,100,123,matr,matr_b2c38,451.0,3374.0012620114744
sandia_to_matr,naive_cross,sandia,matr,pytorch_1d_cnn,100,123,matr,matr_b2c39,442.0,3374.0012620114744
sandia_to_matr,naive_cross,sandia,matr,pytorch_1d_cnn,100,123,matr,matr_b2c4,247.0,2822.2362424203975
sandia_to_matr,naive_cross,sandia,matr,pytorch_1d_cnn,100,123,matr,matr_b2c40,476.0,3228.4262262881425
sandia_to_matr,naive_cross,sandia,matr,pytorch_1d_cnn,100,123,matr,matr_b2c41,416.0,3374.0012620114744
sandia_to_matr,naive_cross,sandia,matr,pytorch_1d_cnn,100,123,matr,matr_b2c42,444.0,3374.0012620114744
sandia_to_matr,naive_cross,sandia,matr,pytorch_1d_cnn,100,123,matr,matr_b2c43,443.0,3374.0012620114744
sandia_to_matr,naive_cross,sandia,matr,pytorch_1d_cnn,100,123,matr,matr_b2c44,442.0,3374.0012620114744
sandia_to_matr,naive_cross,sandia,matr,pytorch_1d_cnn,100,123,matr,matr_b2c45,470.0,3339.4507630532635
sandia_to_matr,naive_cross,sandia,matr,pytorch_1d_cnn,100,123,matr,matr_b2c46,417.0,3374.0012620114744
sandia_to_matr,naive_cross,sandia,matr,pytorch_1d_cnn,100,123,matr,matr_b2c47,705.0,3374.0012620114744
sandia_to_matr,naive_cross,sandia,matr,pytorch_1d_cnn,100,123,matr,matr_b2c5,464.0,3353.5698537469107
sandia_to_matr,naive_cross,sandia,matr,pytorch_1d_cnn,100,123,matr,matr_b2c6,475.0,2411.9040292527925
sandia_to_matr,naive_cross,sandia,matr,pytorch_1d_cnn,100,123,matr,matr_b3c0,985.0,3297.027791491372
sandia_to_matr,naive_cross,sandia,matr,pytorch_1d_cnn,100,123,matr,matr_b3c1,1033.0,3227.5488683805356
sandia_to_matr,naive_cross,sandia,matr,pytorch_1d_cnn,100,123,matr,matr_b3c10,1046.0,3262.5373690368715
sandia_to_matr,naive_cross,sandia,matr,pytorch_1d_cnn,100,123,matr,matr_b3c11,792.0,3199.388416126248
sandia_to_matr,naive_cross,sandia,matr,pytorch_1d_cnn,100,123,matr,matr_b3c12,903.0,3231.176825756772
sandia_to_matr,naive_cross,sandia,matr,pytorch_1d_cnn,100,123,matr,matr_b3c13,794.0,3292.4999804290633
sandia_to_matr,naive_cross,sandia,matr,pytorch_1d_cnn,100,123,matr,matr_b3c14,834.0,3367.2765474940534
sandia_to_matr,naive_cross,sandia,matr,pytorch_1d_cnn,100,123,matr,matr_b3c15,850.0,3231.2138038525677
sandia_to_matr,naive_cross,sandia,matr,pytorch_1d_cnn,100,123,matr,matr_b3c16,1589.0,3272.77433869919
sandia_to_matr,naive_cross,sandia,matr,pytorch_1d_cnn,100,123,matr,matr_b3c17,1269.0,2989.621384008283
sandia_to_matr,naive_cross,sandia,matr,pytorch_1d_cnn,100,123,matr,matr_b3c18,1100.0,3108.9900903814087
sandia_to_matr,naive_cross,sandia,matr,pytorch_1d_cnn,100,123,matr,matr_b3c19,1105.0,3088.015845228656
sandia_to_matr,naive_cross,sandia,matr,pytorch_1d_cnn,100,123,matr,matr_b3c2,1224.0,3178.947052829451
sandia_to_matr,naive_cross,sandia,matr,pytorch_1d_cnn,100,123,matr,matr_b3c20,793.0,3252.0315720992667
sandia_to_matr,naive_cross,sandia,matr,pytorch_1d_cnn,100,123,matr,matr_b3c21,745.0,2484.4041325527196
sandia_to_matr,naive_cross,sandia,matr,pytorch_1d_cnn,100,123,matr,matr_b3c22,991.0,3204.983053781683
sandia_to_matr,naive_cross,sandia,matr,pytorch_1d_cnn,100,123,matr,matr_b3c24,817.0,3374.0012620114744
sandia_to_matr,naive_cross,sandia,matr,pytorch_1d_cnn,100,123,matr,matr_b3c25,970.0,3373.434994626764
sandia_to_matr,naive_cross,sandia,matr,pytorch_1d_cnn,100,123,matr,matr_b3c26,989.0,3329.973685816742
sandia_to_matr,naive_cross,sandia,matr,pytorch_1d_cnn,100,123,matr,matr_b3c27,828.0,3307.054428392991
sandia_to_matr,naive_cross,sandia,matr,pytorch_1d_cnn,100,123,matr,matr_b3c28,524.0,2294.321780380725
sandia_to_matr,naive_cross,sandia,matr,pytorch_1d_cnn,100,123,matr,matr_b3c29,833.0,3374.0012620114744
sandia_to_matr,naive_cross,sandia,matr,pytorch_1d_cnn,100,123,matr,matr_b3c3,1084.0,3221.558431155979
sandia_to_matr,naive_cross,sandia,matr,pytorch_1d_cnn,100,123,matr,matr_b3c30,913.0,3290.701267593156
sandia_to_matr,naive_cross,sandia,matr,pytorch_1d_cnn,100,123,matr,matr_b3c31,713.0,3264.8873205080545
sandia_to_matr,naive_cross,sandia,matr,pytorch_1d_cnn,100,123,matr,matr_b3c33,1257.0,3215.8459189723294
sandia_to_matr,naive_cross,sandia,matr,pytorch_1d_cnn,100,123,matr,matr_b3c34,1125.0,3187.2799171390607
sandia_to_matr,naive_cross,sandia,matr,pytorch_1d_cnn,100,123,matr,matr_b3c35,1056.0,3157.31416496767
sandia_to_matr,naive_cross,sandia,matr,pytorch_1d_cnn,100,123,matr,matr_b3c36,910.0,3202.4776953019505
sandia_to_matr,naive_cross,sandia,matr,pytorch_1d_cnn,100,123,matr,matr_b3c37,1376.0,3058.0528722326203
sandia_to_matr,naive_cross,sandia,matr,pytorch_1d_cnn,100,123,matr,matr_b3c38,1873.0,3203.051921473791
sandia_to_matr,naive_cross,sandia,matr,pytorch_1d_cnn,100,123,matr,matr_b3c39,1146.0,3340.036808180156
sandia_to_matr,naive_cross,sandia,matr,pytorch_1d_cnn,100,123,matr,matr_b3c4,1006.0,3243.6438732917914
sandia_to_matr,naive_cross,sandia,matr,pytorch_1d_cnn,100,123,matr,matr_b3c40,779.0,3358.0503429434702
sandia_to_matr,naive_cross,sandia,matr,pytorch_1d_cnn,100,123,matr,matr_b3c41,773.0,3374.0012620114744
sandia_to_matr,naive_cross,sandia,matr,pytorch_1d_cnn,100,123,matr,matr_b3c42,1587.0,3277.3562860540733
sandia_to_matr,naive_cross,sandia,matr,pytorch_1d_cnn,100,123,matr,matr_b3c43,1018.0,3297.845408441978
sandia_to_matr,naive_cross,sandia,matr,pytorch_1d_cnn,100,123,matr,matr_b3c44,921.0,3374.0012620114744
sandia_to_matr,naive_cross,sandia,matr,pytorch_1d_cnn,100,123,matr,matr_b3c45,1735.0,3239.563180914026
sandia_to_matr,naive_cross,sandia,matr,pytorch_1d_cnn,100,123,matr,matr_b3c5,815.0,3183.513007393936
sandia_to_matr,naive_cross,sandia,matr,pytorch_1d_cnn,100,123,matr,matr_b3c6,630.0,2207.922190691992
sandia_to_matr,naive_cross,sandia,matr,pytorch_1d_cnn,100,123,matr,matr_b3c7,1774.0,3262.4875870471565
sandia_to_matr,naive_cross,sandia,matr,pytorch_1d_cnn,100,123,matr,matr_b3c8,810.0,3316.6813569408773
sandia_to_matr,naive_cross,sandia,matr,pytorch_1d_cnn,100,123,matr,matr_b3c9,1010.0,3335.917562717916
sandia_to_matr,naive_cross,sandia,matr,pytorch_1d_cnn,100,42,matr,matr_b1c0,1717.0,543.7064362625817
sandia_to_matr,naive_cross,sandia,matr,pytorch_1d_cnn,100,42,matr,matr_b1c1,2066.0,3442.0013358290294
sandia_to_matr,naive_cross,sandia,matr,pytorch_1d_cnn,100,42,matr,matr_b1c11,771.0,3442.0013358290294
sandia_to_matr,naive_cross,sandia,matr,pytorch_1d_cnn,100,42,matr,matr_b1c12,897.0,3442.0013358290294
sandia_to_matr,naive_cross,sandia,matr,pytorch_1d_cnn,100,42,matr,matr_b1c14,845.0,3442.0013358290294
sandia_to_matr,naive_cross,sandia,matr,pytorch_1d_cnn,100,42,matr,matr_b1c15,699.0,3442.0013358290294
sandia_to_matr,naive_cross,sandia,matr,pytorch_1d_cnn,100,42,matr,matr_b1c16,824.0,3442.0013358290294
sandia_to_matr,naive_cross,sandia,matr,pytorch_1d_cnn,100,42,matr,matr_b1c17,825.0,3442.0013358290294
sandia_to_matr,naive_cross,sandia,matr,pytorch_1d_cnn,100,42,matr,matr_b1c18,665.0,1093.3844002900312
sandia_to_matr,naive_cross,sandia,matr,pytorch_1d_cnn,100,42,matr,matr_b1c19,740.0,3442.0013358290294
sandia_to_matr,naive_cross,sandia,matr,pytorch_1d_cnn,100,42,matr,matr_b1c2,1487.0,3442.0013358290294
sandia_to_matr,naive_cross,sandia,matr,pytorch_1d_cnn,100,42,matr,matr_b1c20,504.0,2913.970996916585
sandia_to_matr,naive_cross,sandia,matr,pytorch_1d_cnn,100,42,matr,matr_b1c21,535.0,3333.650010582192
sandia_to_matr,naive_cross,sandia,matr,pytorch_1d_cnn,100,42,matr,matr_b1c23,974.0,3442.0013358290294
sandia_to_matr,naive_cross,sandia,matr,pytorch_1d_cnn,100,42,matr,matr_b1c24,979.0,3442.0013358290294
sandia_to_matr,naive_cross,sandia,matr,pytorch_1d_cnn,100,42,matr,matr_b1c25,817.0,3442.0013358290294
sandia_to_matr,naive_cross,sandia,matr,pytorch_1d_cnn,100,42,matr,matr_b1c26,826.0,3442.0013358290294
sandia_to_matr,naive_cross,sandia,matr,pytorch_1d_cnn,100,42,matr,matr_b1c27,809.0,3442.0013358290294
sandia_to_matr,naive_cross,sandia,matr,pytorch_1d_cnn,100,42,matr,matr_b1c28,815.0,3442.0013358290294
sandia_to_matr,naive_cross,sandia,matr,pytorch_1d_cnn,100,42,matr,matr_b1c29,872.0,3442.0013358290294
sandia_to_matr,naive_cross,sandia,matr,pytorch_1d_cnn,100,42,matr,matr_b1c3,1344.0,3442.0013358290294
sandia_to_matr,naive_cross,sandia,matr,pytorch_1d_cnn,100,42,matr,matr_b1c30,679.0,3442.0013358290294
sandia_to_matr,naive_cross,sandia,matr,pytorch_1d_cnn,100,42,matr,matr_b1c31,827.0,3442.0013358290294
sandia_to_matr,naive_cross,sandia,matr,pytorch_1d_cnn,100,42,matr,matr_b1c32,694.0,3442.0013358290294
sandia_to_matr,naive_cross,sandia,matr,pytorch_1d_cnn,100,42,matr,matr_b1c33,708.0,3442.0013358290294
sandia_to_matr,naive_cross,sandia,matr,pytorch_1d_cnn,100,42,matr,matr_b1c34,714.0,3442.0013358290294
sandia_to_matr,naive_cross,sandia,matr,pytorch_1d_cnn,100,42,matr,matr_b1c35,676.0,3442.0013358290294
sandia_to_matr,naive_cross,sandia,matr,pytorch_1d_cnn,100,42,matr,matr_b1c36,670.0,3442.0013358290294
sandia_to_matr,naive_cross,sandia,matr,pytorch_1d_cnn,100,42,matr,matr_b1c37,622.0,3442.0013358290294
sandia_to_matr,naive_cross,sandia,matr,pytorch_1d_cnn,100,42,matr,matr_b1c38,592.0,3442.0013358290294
sandia_to_matr,naive_cross,sandia,matr,pytorch_1d_cnn,100,42,matr,matr_b1c39,592.0,3442.0013358290294
sandia_to_matr,naive_cross,sandia,matr,pytorch_1d_cnn,100,42,matr,matr_b1c4,1618.0,3442.0013358290294
sandia_to_matr,naive_cross,sandia,matr,pytorch_1d_cnn,100,42,matr,matr_b1c40,919.0,3442.0013358290294
sandia_to_matr,naive_cross,sandia,matr,pytorch_1d_cnn,100,42,matr,matr_b1c41,1005.0,3442.0013358290294
sandia_to_matr,naive_cross,sandia,matr,pytorch_1d_cnn,100,42,matr,matr_b1c42,661.0,3442.0013358290294
sandia_to_matr,naive_cross,sandia,matr,pytorch_1d_cnn,100,42,matr,matr_b1c43,626.0,3442.0013358290294
sandia_to_matr,naive_cross,sandia,matr,pytorch_1d_cnn,100,42,matr,matr_b1c44,575.0,3442.0013358290294
sandia_to_matr,naive_cross,sandia,matr,pytorch_1d_cnn,100,42,matr,matr_b1c45,563.0,3442.0013358290294
sandia_to_matr,naive_cross,sandia,matr,pytorch_1d_cnn,100,42,matr,matr_b1c5,909.0,3442.0013358290294
sandia_to_matr,naive_cross,sandia,matr,pytorch_1d_cnn,100,42,matr,matr_b1c6,613.0,3442.0013358290294
sandia_to_matr,naive_cross,sandia,matr,pytorch_1d_cnn,100,42,matr,matr_b1c7,818.0,3442.0013358290294
sandia_to_matr,naive_cross,sandia,matr,pytorch_1d_cnn,100,42,matr,matr_b1c9,1012.0,3442.0013358290294
sandia_to_matr,naive_cross,sandia,matr,pytorch_1d_cnn,100,42,matr,matr_b2c0,278.0,1660.6275426042378
sandia_to_matr,naive_cross,sandia,matr,pytorch_1d_cnn,100,42,matr,matr_b2c1,133.0,175.61262965891777
sandia_to_matr,naive_cross,sandia,matr,pytorch_1d_cnn,100,42,matr,matr_b2c10,251.0,3442.0013358290294
sandia_to_matr,naive_cross,sandia,matr,pytorch_1d_cnn,100,42,matr,matr_b2c11,250.0,3442.0013358290294
sandia_to_matr,naive_cross,sandia,matr,pytorch_1d_cnn,100,42,matr,matr_b2c12,435.0,2975.3855046841177
sandia_to_matr,naive_cross,sandia,matr,pytorch_1d_cnn,100,42,matr,matr_b2c13,454.0,3151.282779060055
sandia_to_matr,naive_cross,sandia,matr,pytorch_1d_cnn,100,42,matr,matr_b2c14,466.0,3442.0013358290294
sandia_to_matr,naive_cross,sandia,matr,pytorch_1d_cnn,100,42,matr,matr_b2c17,476.0,3442.0013358290294
sandia_to_matr,naive_cross,sandia,matr,pytorch_1d_cnn,100,42,matr,matr_b2c18,468.0,3442.0013358290294
sandia_to_matr,naive_cross,sandia,matr,pytorch_1d_cnn,100,42,matr,matr_b2c19,455.0,2528.895462889203
sandia_to_matr,naive_cross,sandia,matr,pytorch_1d_cnn,100,42,matr,matr_b2c2,422.0,3442.0013358290294
sandia_to_matr,naive_cross,sandia,matr,pytorch_1d_cnn,100,42,matr,matr_b2c20,475.0,3442.0013358290294
sandia_to_matr,naive_cross,sandia,matr,pytorch_1d_cnn,100,42,matr,matr_b2c21,468.0,3442.0013358290294
sandia_to_matr,naive_cross,sandia,matr,pytorch_1d_cnn,100,42,matr,matr_b2c22,490.0,3442.0013358290294
sandia_to_matr,naive_cross,sandia,matr,pytorch_1d_cnn,100,42,matr,matr_b2c23,502.0,3442.0013358290294
sandia_to_matr,naive_cross,sandia,matr,pytorch_1d_cnn,100,42,matr,matr_b2c24,478.0,3442.0013358290294
sandia_to_matr,naive_cross,sandia,matr,pytorch_1d_cnn,100,42,matr,matr_b2c25,446.0,3442.0013358290294
sandia_to_matr,naive_cross,sandia,matr,pytorch_1d_cnn,100,42,matr,matr_b2c26,450.0,3442.0013358290294
sandia_to_matr,naive_cross,sandia,matr,pytorch_1d_cnn,100,42,matr,matr_b2c27,453.0,3442.0013358290294
sandia_to_matr,naive_cross,sandia,matr,pytorch_1d_cnn,100,42,matr,matr_b2c28,491.0,3442.0013358290294
sandia_to_matr,naive_cross,sandia,matr,pytorch_1d_cnn,100,42,matr,matr_b2c29,481.0,3442.0013358290294
sandia_to_matr,naive_cross,sandia,matr,pytorch_1d_cnn,100,42,matr,matr_b2c3,314.0,2456.426092718832
sandia_to_matr,naive_cross,sandia,matr,pytorch_1d_cnn,100,42,matr,matr_b2c30,466.0,3442.0013358290294
sandia_to_matr,naive_cross,sandia,matr,pytorch_1d_cnn,100,42,matr,matr_b2c31,474.0,3442.0013358290294
sandia_to_matr,naive_cross,sandia,matr,pytorch_1d_cnn,100,42,matr,matr_b2c32,500.0,3442.0013358290294
sandia_to_matr,naive_cross,sandia,matr,pytorch_1d_cnn,100,42,matr,matr_b2c33,499.0,3442.0013358290294
sandia_to_matr,naive_cross,sandia,matr,pytorch_1d_cnn,100,42,matr,matr_b2c34,483.0,3442.0013358290294
sandia_to_matr,naive_cross,sandia,matr,pytorch_1d_cnn,100,42,matr,matr_b2c35,449.0,3442.0013358290294
sandia_to_matr,naive_cross,sandia,matr,pytorch_1d_cnn,100,42,matr,matr_b2c36,513.0,3442.0013358290294
sandia_to_matr,naive_cross,sandia,matr,pytorch_1d_cnn,100,42,matr,matr_b2c37,461.0,3442.0013358290294
sandia_to_matr,naive_cross,sandia,matr,pytorch_1d_cnn,100,42,matr,matr_b2c38,451.0,3442.0013358290294
sandia_to_matr,naive_cross,sandia,matr,pytorch_1d_cnn,100,42,matr,matr_b2c39,442.0,3442.0013358290294
sandia_to_matr,naive_cross,sandia,matr,pytorch_1d_cnn,100,42,matr,matr_b2c4,247.0,3253.4833414173636
sandia_to_matr,naive_cross,sandia,matr,pytorch_1d_cnn,100,42,matr,matr_b2c40,476.0,3442.0013358290294
sandia_to_matr,naive_cross,sandia,matr,pytorch_1d_cnn,100,42,matr,matr_b2c41,416.0,3442.0013358290294
sandia_to_matr,naive_cross,sandia,matr,pytorch_1d_cnn,100,42,matr,matr_b2c42,444.0,3442.0013358290294
sandia_to_matr,naive_cross,sandia,matr,pytorch_1d_cnn,100,42,matr,matr_b2c43,443.0,3442.0013358290294
sandia_to_matr,naive_cross,sandia,matr,pytorch_1d_cnn,100,42,matr,matr_b2c44,442.0,3442.0013358290294
sandia_to_matr,naive_cross,sandia,matr,pytorch_1d_cnn,100,42,matr,matr_b2c45,470.0,3442.0013358290294
sandia_to_matr,naive_cross,sandia,matr,pytorch_1d_cnn,100,42,matr,matr_b2c46,417.0,3442.0013358290294
sandia_to_matr,naive_cross,sandia,matr,pytorch_1d_cnn,100,42,matr,matr_b2c47,705.0,3442.0013358290294
sandia_to_matr,naive_cross,sandia,matr,pytorch_1d_cnn,100,42,matr,matr_b2c5,464.0,3442.0013358290294
sandia_to_matr,naive_cross,sandia,matr,pytorch_1d_cnn,100,42,matr,matr_b2c6,475.0,2622.5626625576065
sandia_to_matr,naive_cross,sandia,matr,pytorch_1d_cnn,100,42,matr,matr_b3c0,985.0,3442.0013358290294
sandia_to_matr,naive_cross,sandia,matr,pytorch_1d_cnn,100,42,matr,matr_b3c1,1033.0,3442.0013358290294
sandia_to_matr,naive_cross,sandia,matr,pytorch_1d_cnn,100,42,matr,matr_b3c10,1046.0,3442.0013358290294
sandia_to_matr,naive_cross,sandia,matr,pytorch_1d_cnn,100,42,matr,matr_b3c11,792.0,3442.0013358290294
sandia_to_matr,naive_cross,sandia,matr,pytorch_1d_cnn,100,42,matr,matr_b3c12,903.0,3442.0013358290294
sandia_to_matr,naive_cross,sandia,matr,pytorch_1d_cnn,100,42,matr,matr_b3c13,794.0,3442.0013358290294
sandia_to_matr,naive_cross,sandia,matr,pytorch_1d_cnn,100,42,matr,matr_b3c14,834.0,3442.0013358290294
sandia_to_matr,naive_cross,sandia,matr,pytorch_1d_cnn,100,42,matr,matr_b3c15,850.0,3442.0013358290294
sandia_to_matr,naive_cross,sandia,matr,pytorch_1d_cnn,100,42,matr,matr_b3c16,1589.0,3442.0013358290294
sandia_to_matr,naive_cross,sandia,matr,pytorch_1d_cnn,100,42,matr,matr_b3c17,1269.0,3442.0013358290294
sandia_to_matr,naive_cross,sandia,matr,pytorch_1d_cnn,100,42,matr,matr_b3c18,1100.0,3442.0013358290294
sandia_to_matr,naive_cross,sandia,matr,pytorch_1d_cnn,100,42,matr,matr_b3c19,1105.0,3442.0013358290294
sandia_to_matr,naive_cross,sandia,matr,pytorch_1d_cnn,100,42,matr,matr_b3c2,1224.0,3442.0013358290294
sandia_to_matr,naive_cross,sandia,matr,pytorch_1d_cnn,100,42,matr,matr_b3c20,793.0,3442.0013358290294
sandia_to_matr,naive_cross,sandia,matr,pytorch_1d_cnn,100,42,matr,matr_b3c21,745.0,2743.6715083574964
sandia_to_matr,naive_cross,sandia,matr,pytorch_1d_cnn,100,42,matr,matr_b3c22,991.0,3442.0013358290294
sandia_to_matr,naive_cross,sandia,matr,pytorch_1d_cnn,100,42,matr,matr_b3c24,817.0,3442.0013358290294
sandia_to_matr,naive_cross,sandia,matr,pytorch_1d_cnn,100,42,matr,matr_b3c25,970.0,3442.0013358290294
sandia_to_matr,naive_cross,sandia,matr,pytorch_1d_cnn,100,42,matr,matr_b3c26,989.0,3442.0013358290294
sandia_to_matr,naive_cross,sandia,matr,pytorch_1d_cnn,100,42,matr,matr_b3c27,828.0,3442.0013358290294
sandia_to_matr,naive_cross,sandia,matr,pytorch_1d_cnn,100,42,matr,matr_b3c28,524.0,2458.8835692160656
sandia_to_matr,naive_cross,sandia,matr,pytorch_1d_cnn,100,42,matr,matr_b3c29,833.0,3442.0013358290294
sandia_to_matr,naive_cross,sandia,matr,pytorch_1d_cnn,100,42,matr,matr_b3c3,1084.0,3442.0013358290294
sandia_to_matr,naive_cross,sandia,matr,pytorch_1d_cnn,100,42,matr,matr_b3c30,913.0,3442.0013358290294
sandia_to_matr,naive_cross,sandia,matr,pytorch_1d_cnn,100,42,matr,matr_b3c31,713.0,3442.0013358290294
sandia_to_matr,naive_cross,sandia,matr,pytorch_1d_cnn,100,42,matr,matr_b3c33,1257.0,3442.0013358290294
sandia_to_matr,naive_cross,sandia,matr,pytorch_1d_cnn,100,42,matr,matr_b3c34,1125.0,3442.0013358290294
sandia_to_matr,naive_cross,sandia,matr,pytorch_1d_cnn,100,42,matr,matr_b3c35,1056.0,3442.0013358290294
sandia_to_matr,naive_cross,sandia,matr,pytorch_1d_cnn,100,42,matr,matr_b3c36,910.0,3442.0013358290294
sandia_to_matr,naive_cross,sandia,matr,pytorch_1d_cnn,100,42,matr,matr_b3c37,1376.0,3442.0013358290294
sandia_to_matr,naive_cross,sandia,matr,pytorch_1d_cnn,100,42,matr,matr_b3c38,1873.0,3442.0013358290294
sandia_to_matr,naive_cross,sandia,matr,pytorch_1d_cnn,100,42,matr,matr_b3c39,1146.0,3442.0013358290294
sandia_to_matr,naive_cross,sandia,matr,pytorch_1d_cnn,100,42,matr,matr_b3c4,1006.0,3442.0013358290294
sandia_to_matr,naive_cross,sandia,matr,pytorch_1d_cnn,100,42,matr,matr_b3c40,779.0,3442.0013358290294
sandia_to_matr,naive_cross,sandia,matr,pytorch_1d_cnn,100,42,matr,matr_b3c41,773.0,3442.0013358290294
sandia_to_matr,naive_cross,sandia,matr,pytorch_1d_cnn,100,42,matr,matr_b3c42,1587.0,3442.0013358290294
sandia_to_matr,naive_cross,sandia,matr,pytorch_1d_cnn,100,42,matr,matr_b3c43,1018.0,3442.0013358290294
sandia_to_matr,naive_cross,sandia,matr,pytorch_1d_cnn,100,42,matr,matr_b3c44,921.0,3442.0013358290294
sandia_to_matr,naive_cross,sandia,matr,pytorch_1d_cnn,100,42,matr,matr_b3c45,1735.0,3442.0013358290294
sandia_to_matr,naive_cross,sandia,matr,pytorch_1d_cnn,100,42,matr,matr_b3c5,815.0,3442.0013358290294
sandia_to_matr,naive_cross,sandia,matr,pytorch_1d_cnn,100,42,matr,matr_b3c6,630.0,2364.7190462924405
sandia_to_matr,naive_cross,sandia,matr,pytorch_1d_cnn,100,42,matr,matr_b3c7,1774.0,3442.0013358290294
sandia_to_matr,naive_cross,sandia,matr,pytorch_1d_cnn,100,42,matr,matr_b3c8,810.0,3442.0013358290294
sandia_to_matr,naive_cross,sandia,matr,pytorch_1d_cnn,100,42,matr,matr_b3c9,1010.0,3442.0013358290294
sandia_to_matr,naive_cross,sandia,matr,pytorch_1d_cnn,100,456,matr,matr_b1c0,1717.0,541.845294379081
sandia_to_matr,naive_cross,sandia,matr,pytorch_1d_cnn,100,456,matr,matr_b1c1,2066.0,3442.0013358290294
sandia_to_matr,naive_cross,sandia,matr,pytorch_1d_cnn,100,456,matr,matr_b1c11,771.0,3442.0013358290294
sandia_to_matr,naive_cross,sandia,matr,pytorch_1d_cnn,100,456,matr,matr_b1c12,897.0,3442.0013358290294
sandia_to_matr,naive_cross,sandia,matr,pytorch_1d_cnn,100,456,matr,matr_b1c14,845.0,3442.0013358290294
sandia_to_matr,naive_cross,sandia,matr,pytorch_1d_cnn,100,456,matr,matr_b1c15,699.0,3442.0013358290294
sandia_to_matr,naive_cross,sandia,matr,pytorch_1d_cnn,100,456,matr,matr_b1c16,824.0,3442.0013358290294
sandia_to_matr,naive_cross,sandia,matr,pytorch_1d_cnn,100,456,matr,matr_b1c17,825.0,3442.0013358290294
sandia_to_matr,naive_cross,sandia,matr,pytorch_1d_cnn,100,456,matr,matr_b1c18,665.0,1840.1106524996828
sandia_to_matr,naive_cross,sandia,matr,pytorch_1d_cnn,100,456,matr,matr_b1c19,740.0,3442.0013358290294
sandia_to_matr,naive_cross,sandia,matr,pytorch_1d_cnn,100,456,matr,matr_b1c2,1487.0,3442.0013358290294
sandia_to_matr,naive_cross,sandia,matr,pytorch_1d_cnn,100,456,matr,matr_b1c20,504.0,3442.0013358290294
sandia_to_matr,naive_cross,sandia,matr,pytorch_1d_cnn,100,456,matr,matr_b1c21,535.0,3442.0013358290294
sandia_to_matr,naive_cross,sandia,matr,pytorch_1d_cnn,100,456,matr,matr_b1c23,974.0,3442.0013358290294
sandia_to_matr,naive_cross,sandia,matr,pytorch_1d_cnn,100,456,matr,matr_b1c24,979.0,3442.0013358290294
sandia_to_matr,naive_cross,sandia,matr,pytorch_1d_cnn,100,456,matr,matr_b1c25,817.0,3442.0013358290294
sandia_to_matr,naive_cross,sandia,matr,pytorch_1d_cnn,100,456,matr,matr_b1c26,826.0,3442.0013358290294
sandia_to_matr,naive_cross,sandia,matr,pytorch_1d_cnn,100,456,matr,matr_b1c27,809.0,3442.0013358290294
sandia_to_matr,naive_cross,sandia,matr,pytorch_1d_cnn,100,456,matr,matr_b1c28,815.0,3442.0013358290294
sandia_to_matr,naive_cross,sandia,matr,pytorch_1d_cnn,100,456,matr,matr_b1c29,872.0,3442.0013358290294
sandia_to_matr,naive_cross,sandia,matr,pytorch_1d_cnn,100,456,matr,matr_b1c3,1344.0,3442.0013358290294
sandia_to_matr,naive_cross,sandia,matr,pytorch_1d_cnn,100,456,matr,matr_b1c30,679.0,3442.0013358290294
sandia_to_matr,naive_cross,sandia,matr,pytorch_1d_cnn,100,456,matr,matr_b1c31,827.0,3442.0013358290294
sandia_to_matr,naive_cross,sandia,matr,pytorch_1d_cnn,100,456,matr,matr_b1c32,694.0,3442.0013358290294
sandia_to_matr,naive_cross,sandia,matr,pytorch_1d_cnn,100,456,matr,matr_b1c33,708.0,3442.0013358290294
sandia_to_matr,naive_cross,sandia,matr,pytorch_1d_cnn,100,456,matr,matr_b1c34,714.0,3442.0013358290294
sandia_to_matr,naive_cross,sandia,matr,pytorch_1d_cnn,100,456,matr,matr_b1c35,676.0,3442.0013358290294
sandia_to_matr,naive_cross,sandia,matr,pytorch_1d_cnn,100,456,matr,matr_b1c36,670.0,3442.0013358290294
sandia_to_matr,naive_cross,sandia,matr,pytorch_1d_cnn,100,456,matr,matr_b1c37,622.0,3442.0013358290294
sandia_to_matr,naive_cross,sandia,matr,pytorch_1d_cnn,100,456,matr,matr_b1c38,592.0,3442.0013358290294
sandia_to_matr,naive_cross,sandia,matr,pytorch_1d_cnn,100,456,matr,matr_b1c39,592.0,3442.0013358290294
sandia_to_matr,naive_cross,sandia,matr,pytorch_1d_cnn,100,456,matr,matr_b1c4,1618.0,3442.0013358290294
sandia_to_matr,naive_cross,sandia,matr,pytorch_1d_cnn,100,456,matr,matr_b1c40,919.0,3442.0013358290294
sandia_to_matr,naive_cross,sandia,matr,pytorch_1d_cnn,100,456,matr,matr_b1c41,1005.0,3442.0013358290294
sandia_to_matr,naive_cross,sandia,matr,pytorch_1d_cnn,100,456,matr,matr_b1c42,661.0,3442.0013358290294
sandia_to_matr,naive_cross,sandia,matr,pytorch_1d_cnn,100,456,matr,matr_b1c43,626.0,3442.0013358290294
sandia_to_matr,naive_cross,sandia,matr,pytorch_1d_cnn,100,456,matr,matr_b1c44,575.0,3442.0013358290294
sandia_to_matr,naive_cross,sandia,matr,pytorch_1d_cnn,100,456,matr,matr_b1c45,563.0,3442.0013358290294
sandia_to_matr,naive_cross,sandia,matr,pytorch_1d_cnn,100,456,matr,matr_b1c5,909.0,3442.0013358290294
sandia_to_matr,naive_cross,sandia,matr,pytorch_1d_cnn,100,456,matr,matr_b1c6,613.0,3442.0013358290294
sandia_to_matr,naive_cross,sandia,matr,pytorch_1d_cnn,100,456,matr,matr_b1c7,818.0,3442.0013358290294
sandia_to_matr,naive_cross,sandia,matr,pytorch_1d_cnn,100,456,matr,matr_b1c9,1012.0,3442.0013358290294
sandia_to_matr,naive_cross,sandia,matr,pytorch_1d_cnn,100,456,matr,matr_b2c0,278.0,1081.701920089965
sandia_to_matr,naive_cross,sandia,matr,pytorch_1d_cnn,100,456,matr,matr_b2c1,133.0,192.51081614879314
sandia_to_matr,naive_cross,sandia,matr,pytorch_1d_cnn,100,456,matr,matr_b2c10,251.0,3442.0013358290294
sandia_to_matr,naive_cross,sandia,matr,pytorch_1d_cnn,100,456,matr,matr_b2c11,250.0,3442.0013358290294
sandia_to_matr,naive_cross,sandia,matr,pytorch_1d_cnn,100,456,matr,matr_b2c12,435.0,3442.0013358290294
sandia_to_matr,naive_cross,sandia,matr,pytorch_1d_cnn,100,456,matr,matr_b2c13,454.0,3442.0013358290294
sandia_to_matr,naive_cross,sandia,matr,pytorch_1d_cnn,100,456,matr,matr_b2c14,466.0,3442.0013358290294
sandia_to_matr,naive_cross,sandia,matr,pytorch_1d_cnn,100,456,matr,matr_b2c17,476.0,3442.0013358290294
sandia_to_matr,naive_cross,sandia,matr,pytorch_1d_cnn,100,456,matr,matr_b2c18,468.0,3442.0013358290294
sandia_to_matr,naive_cross,sandia,matr,pytorch_1d_cnn,100,456,matr,matr_b2c19,455.0,3442.0013358290294
sandia_to_matr,naive_cross,sandia,matr,pytorch_1d_cnn,100,456,matr,matr_b2c2,422.0,3442.0013358290294
sandia_to_matr,naive_cross,sandia,matr,pytorch_1d_cnn,100,456,matr,matr_b2c20,475.0,3442.0013358290294
sandia_to_matr,naive_cross,sandia,matr,pytorch_1d_cnn,100,456,matr,matr_b2c21,468.0,3442.0013358290294
sandia_to_matr,naive_cross,sandia,matr,pytorch_1d_cnn,100,456,matr,matr_b2c22,490.0,3442.0013358290294
sandia_to_matr,naive_cross,sandia,matr,pytorch_1d_cnn,100,456,matr,matr_b2c23,502.0,3442.0013358290294
sandia_to_matr,naive_cross,sandia,matr,pytorch_1d_cnn,100,456,matr,matr_b2c24,478.0,3442.0013358290294
sandia_to_matr,naive_cross,sandia,matr,pytorch_1d_cnn,100,456,matr,matr_b2c25,446.0,3442.0013358290294
sandia_to_matr,naive_cross,sandia,matr,pytorch_1d_cnn,100,456,matr,matr_b2c26,450.0,3442.0013358290294
sandia_to_matr,naive_cross,sandia,matr,pytorch_1d_cnn,100,456,matr,matr_b2c27,453.0,3442.0013358290294
sandia_to_matr,naive_cross,sandia,matr,pytorch_1d_cnn,100,456,matr,matr_b2c28,491.0,3442.0013358290294
sandia_to_matr,naive_cross,sandia,matr,pytorch_1d_cnn,100,456,matr,matr_b2c29,481.0,3442.0013358290294
sandia_to_matr,naive_cross,sandia,matr,pytorch_1d_cnn,100,456,matr,matr_b2c3,314.0,2807.169247960079
sandia_to_matr,naive_cross,sandia,matr,pytorch_1d_cnn,100,456,matr,matr_b2c30,466.0,3442.0013358290294
sandia_to_matr,naive_cross,sandia,matr,pytorch_1d_cnn,100,456,matr,matr_b2c31,474.0,3442.0013358290294
sandia_to_matr,naive_cross,sandia,matr,pytorch_1d_cnn,100,456,matr,matr_b2c32,500.0,3442.0013358290294
sandia_to_matr,naive_cross,sandia,matr,pytorch_1d_cnn,100,456,matr,matr_b2c33,499.0,3442.0013358290294
sandia_to_matr,naive_cross,sandia,matr,pytorch_1d_cnn,100,456,matr,matr_b2c34,483.0,3442.0013358290294
sandia_to_matr,naive_cross,sandia,matr,pytorch_1d_cnn,100,456,matr,matr_b2c35,449.0,3442.0013358290294
sandia_to_matr,naive_cross,sandia,matr,pytorch_1d_cnn,100,456,matr,matr_b2c36,513.0,3442.0013358290294
sandia_to_matr,naive_cross,sandia,matr,pytorch_1d_cnn,100,456,matr,matr_b2c37,461.0,3442.0013358290294
sandia_to_matr,naive_cross,sandia,matr,pytorch_1d_cnn,100,456,matr,matr_b2c38,451.0,3442.0013358290294
sandia_to_matr,naive_cross,sandia,matr,pytorch_1d_cnn,100,456,matr,matr_b2c39,442.0,3442.0013358290294
sandia_to_matr,naive_cross,sandia,matr,pytorch_1d_cnn,100,456,matr,matr_b2c4,247.0,3442.0013358290294
sandia_to_matr,naive_cross,sandia,matr,pytorch_1d_cnn,100,456,matr,matr_b2c40,476.0,3442.0013358290294
sandia_to_matr,naive_cross,sandia,matr,pytorch_1d_cnn,100,456,matr,matr_b2c41,416.0,3442.0013358290294
sandia_to_matr,naive_cross,sandia,matr,pytorch_1d_cnn,100,456,matr,matr_b2c42,444.0,3442.0013358290294
sandia_to_matr,naive_cross,sandia,matr,pytorch_1d_cnn,100,456,matr,matr_b2c43,443.0,3442.0013358290294
sandia_to_matr,naive_cross,sandia,matr,pytorch_1d_cnn,100,456,matr,matr_b2c44,442.0,3442.0013358290294
sandia_to_matr,naive_cross,sandia,matr,pytorch_1d_cnn,100,456,matr,matr_b2c45,470.0,3442.0013358290294
sandia_to_matr,naive_cross,sandia,matr,pytorch_1d_cnn,100,456,matr,matr_b2c46,417.0,3442.0013358290294
sandia_to_matr,naive_cross,sandia,matr,pytorch_1d_cnn,100,456,matr,matr_b2c47,705.0,3442.0013358290294
sandia_to_matr,naive_cross,sandia,matr,pytorch_1d_cnn,100,456,matr,matr_b2c5,464.0,3442.0013358290294
sandia_to_matr,naive_cross,sandia,matr,pytorch_1d_cnn,100,456,matr,matr_b2c6,475.0,3113.351643979558
sandia_to_matr,naive_cross,sandia,matr,pytorch_1d_cnn,100,456,matr,matr_b3c0,985.0,3442.0013358290294
sandia_to_matr,naive_cross,sandia,matr,pytorch_1d_cnn,100,456,matr,matr_b3c1,1033.0,3442.0013358290294
sandia_to_matr,naive_cross,sandia,matr,pytorch_1d_cnn,100,456,matr,matr_b3c10,1046.0,3442.0013358290294
sandia_to_matr,naive_cross,sandia,matr,pytorch_1d_cnn,100,456,matr,matr_b3c11,792.0,3442.0013358290294
sandia_to_matr,naive_cross,sandia,matr,pytorch_1d_cnn,100,456,matr,matr_b3c12,903.0,3442.0013358290294
sandia_to_matr,naive_cross,sandia,matr,pytorch_1d_cnn,100,456,matr,matr_b3c13,794.0,3442.0013358290294
sandia_to_matr,naive_cross,sandia,matr,pytorch_1d_cnn,100,456,matr,matr_b3c14,834.0,3442.0013358290294
sandia_to_matr,naive_cross,sandia,matr,pytorch_1d_cnn,100,456,matr,matr_b3c15,850.0,3442.0013358290294
sandia_to_matr,naive_cross,sandia,matr,pytorch_1d_cnn,100,456,matr,matr_b3c16,1589.0,3442.0013358290294
sandia_to_matr,naive_cross,sandia,matr,pytorch_1d_cnn,100,456,matr,matr_b3c17,1269.0,3442.0013358290294
sandia_to_matr,naive_cross,sandia,matr,pytorch_1d_cnn,100,456,matr,matr_b3c18,1100.0,3442.0013358290294
sandia_to_matr,naive_cross,sandia,matr,pytorch_1d_cnn,100,456,matr,matr_b3c19,1105.0,3442.0013358290294
sandia_to_matr,naive_cross,sandia,matr,pytorch_1d_cnn,100,456,matr,matr_b3c2,1224.0,3442.0013358290294
sandia_to_matr,naive_cross,sandia,matr,pytorch_1d_cnn,100,456,matr,matr_b3c20,793.0,3442.0013358290294
sandia_to_matr,naive_cross,sandia,matr,pytorch_1d_cnn,100,456,matr,matr_b3c21,745.0,3442.0013358290294
sandia_to_matr,naive_cross,sandia,matr,pytorch_1d_cnn,100,456,matr,matr_b3c22,991.0,3442.0013358290294
sandia_to_matr,naive_cross,sandia,matr,pytorch_1d_cnn,100,456,matr,matr_b3c24,817.0,3442.0013358290294
sandia_to_matr,naive_cross,sandia,matr,pytorch_1d_cnn,100,456,matr,matr_b3c25,970.0,3442.0013358290294
sandia_to_matr,naive_cross,sandia,matr,pytorch_1d_cnn,100,456,matr,matr_b3c26,989.0,3442.0013358290294
sandia_to_matr,naive_cross,sandia,matr,pytorch_1d_cnn,100,456,matr,matr_b3c27,828.0,3442.0013358290294
sandia_to_matr,naive_cross,sandia,matr,pytorch_1d_cnn,100,456,matr,matr_b3c28,524.0,3092.731380221811
sandia_to_matr,naive_cross,sandia,matr,pytorch_1d_cnn,100,456,matr,matr_b3c29,833.0,3442.0013358290294
sandia_to_matr,naive_cross,sandia,matr,pytorch_1d_cnn,100,456,matr,matr_b3c3,1084.0,3442.0013358290294
sandia_to_matr,naive_cross,sandia,matr,pytorch_1d_cnn,100,456,matr,matr_b3c30,913.0,3442.0013358290294
sandia_to_matr,naive_cross,sandia,matr,pytorch_1d_cnn,100,456,matr,matr_b3c31,713.0,3442.0013358290294
sandia_to_matr,naive_cross,sandia,matr,pytorch_1d_cnn,100,456,matr,matr_b3c33,1257.0,3442.0013358290294
sandia_to_matr,naive_cross,sandia,matr,pytorch_1d_cnn,100,456,matr,matr_b3c34,1125.0,3442.0013358290294
sandia_to_matr,naive_cross,sandia,matr,pytorch_1d_cnn,100,456,matr,matr_b3c35,1056.0,3442.0013358290294
sandia_to_matr,naive_cross,sandia,matr,pytorch_1d_cnn,100,456,matr,matr_b3c36,910.0,3442.0013358290294
sandia_to_matr,naive_cross,sandia,matr,pytorch_1d_cnn,100,456,matr,matr_b3c37,1376.0,3442.0013358290294
sandia_to_matr,naive_cross,sandia,matr,pytorch_1d_cnn,100,456,matr,matr_b3c38,1873.0,3442.0013358290294
sandia_to_matr,naive_cross,sandia,matr,pytorch_1d_cnn,100,456,matr,matr_b3c39,1146.0,3442.0013358290294
sandia_to_matr,naive_cross,sandia,matr,pytorch_1d_cnn,100,456,matr,matr_b3c4,1006.0,3442.0013358290294
sandia_to_matr,naive_cross,sandia,matr,pytorch_1d_cnn,100,456,matr,matr_b3c40,779.0,3442.0013358290294
sandia_to_matr,naive_cross,sandia,matr,pytorch_1d_cnn,100,456,matr,matr_b3c41,773.0,3442.0013358290294
sandia_to_matr,naive_cross,sandia,matr,pytorch_1d_cnn,100,456,matr,matr_b3c42,1587.0,3442.0013358290294
sandia_to_matr,naive_cross,sandia,matr,pytorch_1d_cnn,100,456,matr,matr_b3c43,1018.0,3442.0013358290294
sandia_to_matr,naive_cross,sandia,matr,pytorch_1d_cnn,100,456,matr,matr_b3c44,921.0,3442.0013358290294
sandia_to_matr,naive_cross,sandia,matr,pytorch_1d_cnn,100,456,matr,matr_b3c45,1735.0,3442.0013358290294
sandia_to_matr,naive_cross,sandia,matr,pytorch_1d_cnn,100,456,matr,matr_b3c5,815.0,3442.0013358290294
sandia_to_matr,naive_cross,sandia,matr,pytorch_1d_cnn,100,456,matr,matr_b3c6,630.0,2973.99259439756
sandia_to_matr,naive_cross,sandia,matr,pytorch_1d_cnn,100,456,matr,matr_b3c7,1774.0,3442.0013358290294
sandia_to_matr,naive_cross,sandia,matr,pytorch_1d_cnn,100,456,matr,matr_b3c8,810.0,3442.0013358290294
sandia_to_matr,naive_cross,sandia,matr,pytorch_1d_cnn,100,456,matr,matr_b3c9,1010.0,3442.0013358290294
sandia_to_matr,naive_cross,sandia,matr,pytorch_1d_cnn,100,789,matr,matr_b1c0,1717.0,3374.0012620114744
sandia_to_matr,naive_cross,sandia,matr,pytorch_1d_cnn,100,789,matr,matr_b1c1,2066.0,3365.7386931829683
sandia_to_matr,naive_cross,sandia,matr,pytorch_1d_cnn,100,789,matr,matr_b1c11,771.0,3374.0012620114744
sandia_to_matr,naive_cross,sandia,matr,pytorch_1d_cnn,100,789,matr,matr_b1c12,897.0,3155.4990241251758
sandia_to_matr,naive_cross,sandia,matr,pytorch_1d_cnn,100,789,matr,matr_b1c14,845.0,3228.0413908297764
sandia_to_matr,naive_cross,sandia,matr,pytorch_1d_cnn,100,789,matr,matr_b1c15,699.0,3282.670866825684
sandia_to_matr,naive_cross,sandia,matr,pytorch_1d_cnn,100,789,matr,matr_b1c16,824.0,3220.695225595908
sandia_to_matr,naive_cross,sandia,matr,pytorch_1d_cnn,100,789,matr,matr_b1c17,825.0,3214.6377993151964
sandia_to_matr,naive_cross,sandia,matr,pytorch_1d_cnn,100,789,matr,matr_b1c18,665.0,3374.0012620114744
sandia_to_matr,naive_cross,sandia,matr,pytorch_1d_cnn,100,789,matr,matr_b1c19,740.0,3054.1211964735676
sandia_to_matr,naive_cross,sandia,matr,pytorch_1d_cnn,100,789,matr,matr_b1c2,1487.0,3277.1843863839963
sandia_to_matr,naive_cross,sandia,matr,pytorch_1d_cnn,100,789,matr,matr_b1c20,504.0,2757.811125372967
sandia_to_matr,naive_cross,sandia,matr,pytorch_1d_cnn,100,789,matr,matr_b1c21,535.0,2870.277302513227
sandia_to_matr,naive_cross,sandia,matr,pytorch_1d_cnn,100,789,matr,matr_b1c23,974.0,3030.278698457245
sandia_to_matr,naive_cross,sandia,matr,pytorch_1d_cnn,100,789,matr,matr_b1c24,979.0,3087.0058886609686
sandia_to_matr,naive_cross,sandia,matr,pytorch_1d_cnn,100,789,matr,matr_b1c25,817.0,3094.894089116698
sandia_to_matr,naive_cross,sandia,matr,pytorch_1d_cnn,100,789,matr,matr_b1c26,826.0,3025.193857365881
sandia_to_matr,naive_cross,sandia,matr,pytorch_1d_cnn,100,789,matr,matr_b1c27,809.0,3041.8052531254475
sandia_to_matr,naive_cross,sandia,matr,pytorch_1d_cnn,100,789,matr,matr_b1c28,815.0,3000.172013589404
sandia_to_matr,naive_cross,sandia,matr,pytorch_1d_cnn,100,789,matr,matr_b1c29,872.0,3042.5247593110034
sandia_to_matr,naive_cross,sandia,matr,pytorch_1d_cnn,100,789,matr,matr_b1c3,1344.0,3174.1787679534677
sandia_to_matr,naive_cross,sandia,matr,pytorch_1d_cnn,100,789,matr,matr_b1c30,679.0,3022.278477814361
sandia_to_matr,naive_cross,sandia,matr,pytorch_1d_cnn,100,789,matr,matr_b1c31,827.0,2976.058079739957
sandia_to_matr,naive_cross,sandia,matr,pytorch_1d_cnn,100,789,matr,matr_b1c32,694.0,3008.618660871305
sandia_to_matr,naive_cross,sandia,matr,pytorch_1d_cnn,100,789,matr,matr_b1c33,708.0,3007.009446428243
sandia_to_matr,naive_cross,sandia,matr,pytorch_1d_cnn,100,789,matr,matr_b1c34,714.0,3070.109588048735
sandia_to_matr,naive_cross,sandia,matr,pytorch_1d_cnn,100,789,matr,matr_b1c35,676.0,3082.557771100947
sandia_to_matr,naive_cross,sandia,matr,pytorch_1d_cnn,100,789,matr,matr_b1c36,670.0,3056.224844500646
sandia_to_matr,naive_cross,sandia,matr,pytorch_1d_cnn,100,789,matr,matr_b1c37,622.0,3050.790956791091
sandia_to_matr,naive_cross,sandia,matr,pytorch_1d_cnn,100,789,matr,matr_b1c38,592.0,3024.7063232585238
sandia_to_matr,naive_cross,sandia,matr,pytorch_1d_cnn,100,789,matr,matr_b1c39,592.0,3060.436488467783
sandia_to_matr,naive_cross,sandia,matr,pytorch_1d_cnn,100,789,matr,matr_b1c4,1618.0,3188.927820827984
sandia_to_matr,naive_cross,sandia,matr,pytorch_1d_cnn,100,789,matr,matr_b1c40,919.0,3045.111163768621
sandia_to_matr,naive_cross,sandia,matr,pytorch_1d_cnn,100,789,matr,matr_b1c41,1005.0,3072.0426002054182
sandia_to_matr,naive_cross,sandia,matr,pytorch_1d_cnn,100,789,matr,matr_b1c42,661.0,3066.077612900544
sandia_to_matr,naive_cross,sandia,matr,pytorch_1d_cnn,100,789,matr,matr_b1c43,626.0,2973.024182851101
sandia_to_matr,naive_cross,sandia,matr,pytorch_1d_cnn,100,789,matr,matr_b1c44,575.0,2958.280460211945
sandia_to_matr,naive_cross,sandia,matr,pytorch_1d_cnn,100,789,matr,matr_b1c45,563.0,3027.600945931628
sandia_to_matr,naive_cross,sandia,matr,pytorch_1d_cnn,100,789,matr,matr_b1c5,909.0,3181.082072291987
sandia_to_matr,naive_cross,sandia,matr,pytorch_1d_cnn,100,789,matr,matr_b1c6,613.0,3155.414764335677
sandia_to_matr,naive_cross,sandia,matr,pytorch_1d_cnn,100,789,matr,matr_b1c7,818.0,3063.8882893486198
sandia_to_matr,naive_cross,sandia,matr,pytorch_1d_cnn,100,789,matr,matr_b1c9,1012.0,3203.6048641671778
sandia_to_matr,naive_cross,sandia,matr,pytorch_1d_cnn,100,789,matr,matr_b2c0,278.0,2436.87773315247
sandia_to_matr,naive_cross,sandia,matr,pytorch_1d_cnn,100,789,matr,matr_b2c1,133.0,175.96820841682646
sandia_to_matr,naive_cross,sandia,matr,pytorch_1d_cnn,100,789,matr,matr_b2c10,251.0,2986.045362398258
sandia_to_matr,naive_cross,sandia,matr,pytorch_1d_cnn,100,789,matr,matr_b2c11,250.0,2987.3157133311474
sandia_to_matr,naive_cross,sandia,matr,pytorch_1d_cnn,100,789,matr,matr_b2c12,435.0,2764.212202976539
sandia_to_matr,naive_cross,sandia,matr,pytorch_1d_cnn,100,789,matr,matr_b2c13,454.0,2781.7904023021315
sandia_to_matr,naive_cross,sandia,matr,pytorch_1d_cnn,100,789,matr,matr_b2c14,466.0,3066.8262583889264
sandia_to_matr,naive_cross,sandia,matr,pytorch_1d_cnn,100,789,matr,matr_b2c17,476.0,3374.0012620114744
sandia_to_matr,naive_cross,sandia,matr,pytorch_1d_cnn,100,789,matr,matr_b2c18,468.0,2916.206153070712
sandia_to_matr,naive_cross,sandia,matr,pytorch_1d_cnn,100,789,matr,matr_b2c19,455.0,2615.601433832947
sandia_to_matr,naive_cross,sandia,matr,pytorch_1d_cnn,100,789,matr,matr_b2c2,422.0,3108.2993305179803
sandia_to_matr,naive_cross,sandia,matr,pytorch_1d_cnn,100,789,matr,matr_b2c20,475.0,3134.6564098852737
sandia_to_matr,naive_cross,sandia,matr,pytorch_1d_cnn,100,789,matr,matr_b2c21,468.0,3040.8829094799307
sandia_to_matr,naive_cross,sandia,matr,pytorch_1d_cnn,100,789,matr,matr_b2c22,490.0,3094.938362248435
sandia_to_matr,naive_cross,sandia,matr,pytorch_1d_cnn,100,789,matr,matr_b2c23,502.0,2879.7887546919196
sandia_to_matr,naive_cross,sandia,matr,pytorch_1d_cnn,100,789,matr,matr_b2c24,478.0,3136.363845720858
sandia_to_matr,naive_cross,sandia,matr,pytorch_1d_cnn,100,789,matr,matr_b2c25,446.0,3021.425446489157
sandia_to_matr,naive_cross,sandia,matr,pytorch_1d_cnn,100,789,matr,matr_b2c26,450.0,3038.824597938685
sandia_to_matr,naive_cross,sandia,matr,pytorch_1d_cnn,100,789,matr,matr_b2c27,453.0,3124.633922734292
sandia_to_matr,naive_cross,sandia,matr,pytorch_1d_cnn,100,789,matr,matr_b2c28,491.0,3251.5632975900153
sandia_to_matr,naive_cross,sandia,matr,pytorch_1d_cnn,100,789,matr,matr_b2c29,481.0,3236.256028275547
sandia_to_matr,naive_cross,sandia,matr,pytorch_1d_cnn,100,789,matr,matr_b2c3,314.0,2598.3075904821426
sandia_to_matr,naive_cross,sandia,matr,pytorch_1d_cnn,100,789,matr,matr_b2c30,466.0,3187.662933152287
sandia_to_matr,naive_cross,sandia,matr,pytorch_1d_cnn,100,789,matr,matr_b2c31,474.0,3223.4023491756025
sandia_to_matr,naive_cross,sandia,matr,pytorch_1d_cnn,100,789,matr,matr_b2c32,500.0,3228.8696136055537
sandia_to_matr,naive_cross,sandia,matr,pytorch_1d_cnn,100,789,matr,matr_b2c33,499.0,3203.21993263936
sandia_to_matr,naive_cross,sandia,matr,pytorch_1d_cnn,100,789,matr,matr_b2c34,483.0,3273.1114414288104
sandia_to_matr,naive_cross,sandia,matr,pytorch_1d_cnn,100,789,matr,matr_b2c35,449.0,3187.3984647964867
sandia_to_matr,naive_cross,sandia,matr,pytorch_1d_cnn,100,789,matr,matr_b2c36,513.0,3285.2577602723427
sandia_to_matr,naive_cross,sandia,matr,pytorch_1d_cnn,100,789,matr,matr_b2c37,461.0,3247.816430781553
sandia_to_matr,naive_cross,sandia,matr,pytorch_1d_cnn,100,789,matr,matr_b2c38,451.0,3178.1043574589157
sandia_to_matr,naive_cross,sandia,matr,pytorch_1d_cnn,100,789,matr,matr_b2c39,442.0,3337.2635574648666
sandia_to_matr,naive_cross,sandia,matr,pytorch_1d_cnn,100,789,matr,matr_b2c4,247.0,2803.998646474235
sandia_to_matr,naive_cross,sandia,matr,pytorch_1d_cnn,100,789,matr,matr_b2c40,476.0,3128.4892881475625
sandia_to_matr,naive_cross,sandia,matr,pytorch_1d_cnn,100,789,matr,matr_b2c41,416.0,3234.108652380811
sandia_to_matr,naive_cross,sandia,matr,pytorch_1d_cnn,100,789,matr,matr_b2c42,444.0,3131.495176071272
sandia_to_matr,naive_cross,sandia,matr,pytorch_1d_cnn,100,789,matr,matr_b2c43,443.0,3205.423221448205
sandia_to_matr,naive_cross,sandia,matr,pytorch_1d_cnn,100,789,matr,matr_b2c44,442.0,3207.1049738564984
sandia_to_matr,naive_cross,sandia,matr,pytorch_1d_cnn,100,789,matr,matr_b2c45,470.0,3103.6902921272754
sandia_to_matr,naive_cross,sandia,matr,pytorch_1d_cnn,100,789,matr,matr_b2c46,417.0,3271.108063137353
sandia_to_matr,naive_cross,sandia,matr,pytorch_1d_cnn,100,789,matr,matr_b2c47,705.0,3272.4778418516908
sandia_to_matr,naive_cross,sandia,matr,pytorch_1d_cnn,100,789,matr,matr_b2c5,464.0,3104.6228037480323
sandia_to_matr,naive_cross,sandia,matr,pytorch_1d_cnn,100,789,matr,matr_b2c6,475.0,2669.250686023891
sandia_to_matr,naive_cross,sandia,matr,pytorch_1d_cnn,100,789,matr,matr_b3c0,985.0,3052.409046048366
sandia_to_matr,naive_cross,sandia,matr,pytorch_1d_cnn,100,789,matr,matr_b3c1,1033.0,3003.6446416061694
sandia_to_matr,naive_cross,sandia,matr,pytorch_1d_cnn,100,789,matr,matr_b3c10,1046.0,3041.729830880338
sandia_to_matr,naive_cross,sandia,matr,pytorch_1d_cnn,100,789,matr,matr_b3c11,792.0,2997.7610022463946
sandia_to_matr,naive_cross,sandia,matr,pytorch_1d_cnn,100,789,matr,matr_b3c12,903.0,3000.7471672986558
sandia_to_matr,naive_cross,sandia,matr,pytorch_1d_cnn,100,789,matr,matr_b3c13,794.0,3060.0424947746237
sandia_to_matr,naive_cross,sandia,matr,pytorch_1d_cnn,100,789,matr,matr_b3c14,834.0,3089.4945697889684
sandia_to_matr,naive_cross,sandia,matr,pytorch_1d_cnn,100,789,matr,matr_b3c15,850.0,3016.7898622600637
sandia_to_matr,naive_cross,sandia,matr,pytorch_1d_cnn,100,789,matr,matr_b3c16,1589.0,3039.9666437804067
sandia_to_matr,naive_cross,sandia,matr,pytorch_1d_cnn,100,789,matr,matr_b3c17,1269.0,2907.1219272439153
sandia_to_matr,naive_cross,sandia,matr,pytorch_1d_cnn,100,789,matr,matr_b3c18,1100.0,2927.6757016915703
sandia_to_matr,naive_cross,sandia,matr,pytorch_1d_cnn,100,789,matr,matr_b3c19,1105.0,2903.6016657551304
sandia_to_matr,naive_cross,sandia,matr,pytorch_1d_cnn,100,789,matr,matr_b3c2,1224.0,2971.2512335547667
sandia_to_matr,naive_cross,sandia,matr,pytorch_1d_cnn,100,789,matr,matr_b3c20,793.0,3002.94864905861
sandia_to_matr,naive_cross,sandia,matr,pytorch_1d_cnn,100,789,matr,matr_b3c21,745.0,2623.228031742673
sandia_to_matr,naive_cross,sandia,matr,pytorch_1d_cnn,100,789,matr,matr_b3c22,991.0,2979.0993342775105
sandia_to_matr,naive_cross,sandia,matr,pytorch_1d_cnn,100,789,matr,matr_b3c24,817.0,3125.1792889332287
sandia_to_matr,naive_cross,sandia,matr,pytorch_1d_cnn,100,789,matr,matr_b3c25,970.0,3116.6431715432814
sandia_to_matr,naive_cross,sandia,matr,pytorch_1d_cnn,100,789,matr,matr_b3c26,989.0,3075.04703974019
sandia_to_matr,naive_cross,sandia,matr,pytorch_1d_cnn,100,789,matr,matr_b3c27,828.0,3054.0658568729996
sandia_to_matr,naive_cross,sandia,matr,pytorch_1d_cnn,100,789,matr,matr_b3c28,524.0,2530.212617272555
sandia_to_matr,naive_cross,sandia,matr,pytorch_1d_cnn,100,789,matr,matr_b3c29,833.0,3125.4534980587637
sandia_to_matr,naive_cross,sandia,matr,pytorch_1d_cnn,100,789,matr,matr_b3c3,1084.0,3000.0318187023718
sandia_to_matr,naive_cross,sandia,matr,pytorch_1d_cnn,100,789,matr,matr_b3c30,913.0,3033.2943626443393
sandia_to_matr,naive_cross,sandia,matr,pytorch_1d_cnn,100,789,matr,matr_b3c31,713.0,3030.1948925461197
sandia_to_matr,naive_cross,sandia,matr,pytorch_1d_cnn,100,789,matr,matr_b3c33,1257.0,2984.5563789359326
sandia_to_matr,naive_cross,sandia,matr,pytorch_1d_cnn,100,789,matr,matr_b3c34,1125.0,2979.3522020650703
sandia_to_matr,naive_cross,sandia,matr,pytorch_1d_cnn,100,789,matr,matr_b3c35,1056.0,2937.2246922748927
sandia_to_matr,naive_cross,sandia,matr,pytorch_1d_cnn,100,789,matr,matr_b3c36,910.0,2992.647958730146
sandia_to_matr,naive_cross,sandia,matr,pytorch_1d_cnn,100,789,matr,matr_b3c37,1376.0,3335.9302882577927
sandia_to_matr,naive_cross,sandia,matr,pytorch_1d_cnn,100,789,matr,matr_b3c38,1873.0,2964.7905621066943
sandia_to_matr,naive_cross,sandia,matr,pytorch_1d_cnn,100,789,matr,matr_b3c39,1146.0,3087.6330239777553
sandia_to_matr,naive_cross,sandia,matr,pytorch_1d_cnn,100,789,matr,matr_b3c4,1006.0,2998.0612004822688
sandia_to_matr,naive_cross,sandia,matr,pytorch_1d_cnn,100,789,matr,matr_b3c40,779.0,3109.0108451986794
sandia_to_matr,naive_cross,sandia,matr,pytorch_1d_cnn,100,789,matr,matr_b3c41,773.0,3100.462709999373
sandia_to_matr,naive_cross,sandia,matr,pytorch_1d_cnn,100,789,matr,matr_b3c42,1587.0,3014.687482575372
sandia_to_matr,naive_cross,sandia,matr,pytorch_1d_cnn,100,789,matr,matr_b3c43,1018.0,3031.3828409716893
sandia_to_matr,naive_cross,sandia,matr,pytorch_1d_cnn,100,789,matr,matr_b3c44,921.0,3106.550882370748
sandia_to_matr,naive_cross,sandia,matr,pytorch_1d_cnn,100,789,matr,matr_b3c45,1735.0,3006.6194634748854
sandia_to_matr,naive_cross,sandia,matr,pytorch_1d_cnn,100,789,matr,matr_b3c5,815.0,2965.4932653557803
sandia_to_matr,naive_cross,sandia,matr,pytorch_1d_cnn,100,789,matr,matr_b3c6,630.0,2463.7694806610216
sandia_to_matr,naive_cross,sandia,matr,pytorch_1d_cnn,100,789,matr,matr_b3c7,1774.0,3079.798575666889
sandia_to_matr,naive_cross,sandia,matr,pytorch_1d_cnn,100,789,matr,matr_b3c8,810.0,3063.04396170363
sandia_to_matr,naive_cross,sandia,matr,pytorch_1d_cnn,100,789,matr,matr_b3c9,1010.0,3066.9315513200672
hust_to_hust,within_split,hust,hust,pytorch_1d_cnn,100,1011,hust,hust_1-1,1198.0,1411.139650640496
hust_to_hust,within_split,hust,hust,pytorch_1d_cnn,100,1011,hust,hust_1-6,829.0,1601.6550226244626
hust_to_hust,within_split,hust,hust,pytorch_1d_cnn,100,1011,hust,hust_10-2,1375.0,1647.9110851007736
hust_to_hust,within_split,hust,hust,pytorch_1d_cnn,100,1011,hust,hust_10-5,1657.0,1458.5015223263174
hust_to_hust,within_split,hust,hust,pytorch_1d_cnn,100,1011,hust,hust_2-3,1413.0,1320.9238467310786
hust_to_hust,within_split,hust,hust,pytorch_1d_cnn,100,1011,hust,hust_2-7,1789.0,1458.877123250787
hust_to_hust,within_split,hust,hust,pytorch_1d_cnn,100,1011,hust,hust_3-2,1773.0,1589.438659447946
hust_to_hust,within_split,hust,hust,pytorch_1d_cnn,100,1011,hust,hust_3-4,1396.0,1405.3084090322495
hust_to_hust,within_split,hust,hust,pytorch_1d_cnn,100,1011,hust,hust_5-4,1520.0,1424.5217672966726
hust_to_hust,within_split,hust,hust,pytorch_1d_cnn,100,1011,hust,hust_6-6,1924.0,1385.4303313936218
hust_to_hust,within_split,hust,hust,pytorch_1d_cnn,100,1011,hust,hust_7-6,1162.0,1544.6846728242476
hust_to_hust,within_split,hust,hust,pytorch_1d_cnn,100,1011,hust,hust_7-8,1566.0,1394.9753965105606
hust_to_hust,within_split,hust,hust,pytorch_1d_cnn,100,123,hust,hust_10-8,1093.0,1528.4651318585402
hust_to_hust,within_split,hust,hust,pytorch_1d_cnn,100,123,hust,hust_2-2,2021.0,1571.3983705142548
hust_to_hust,within_split,hust,hust,pytorch_1d_cnn,100,123,hust,hust_3-3,1360.0,1555.5576035674046
hust_to_hust,within_split,hust,hust,pytorch_1d_cnn,100,123,hust,hust_4-1,1762.0,1570.3025252383566
hust_to_hust,within_split,hust,hust,pytorch_1d_cnn,100,123,hust,hust_4-7,1579.0,1319.2733711805224
hust_to_hust,within_split,hust,hust,pytorch_1d_cnn,100,123,hust,hust_4-8,1389.0,1544.7774825565564
hust_to_hust,within_split,hust,hust,pytorch_1d_cnn,100,123,hust,hust_5-7,1171.0,1637.7165401422099
hust_to_hust,within_split,hust,hust,pytorch_1d_cnn,100,123,hust,hust_6-1,1255.0,1635.780213043022
hust_to_hust,within_split,hust,hust,pytorch_1d_cnn,100,123,hust,hust_6-3,1437.0,1544.1514932163789
hust_to_hust,within_split,hust,hust,pytorch_1d_cnn,100,123,hust,hust_9-1,1647.0,1577.2981758689764
hust_to_hust,within_split,hust,hust,pytorch_1d_cnn,100,123,hust,hust_9-5,1719.0,1627.0380085128306
hust_to_hust,within_split,hust,hust,pytorch_1d_cnn,100,123,hust,hust_9-7,1617.0,1563.1985074394265
hust_to_hust,within_split,hust,hust,pytorch_1d_cnn,100,42,hust,hust_1-4,1213.0,1508.7862557704952
hust_to_hust,within_split,hust,hust,pytorch_1d_cnn,100,42,hust,hust_1-5,1538.0,1548.3128172485692
hust_to_hust,within_split,hust,hust,pytorch_1d_cnn,100,42,hust,hust_10-2,1375.0,1583.0917977155586
hust_to_hust,within_split,hust,hust,pytorch_1d_cnn,100,42,hust,hust_3-7,1870.0,1504.0711993058367
hust_to_hust,within_split,hust,hust,pytorch_1d_cnn,100,42,hust,hust_4-1,1762.0,1436.4202814138484
hust_to_hust,within_split,hust,hust,pytorch_1d_cnn,100,42,hust,hust_4-3,931.0,1423.3410152350561
hust_to_hust,within_split,hust,hust,pytorch_1d_cnn,100,42,hust,hust_4-7,1579.0,1333.2819424460315
hust_to_hust,within_split,hust,hust,pytorch_1d_cnn,100,42,hust,hust_5-6,1807.0,1342.601521472795
hust_to_hust,within_split,hust,hust,pytorch_1d_cnn,100,42,hust,hust_5-7,1171.0,1339.8661664949852
hust_to_hust,within_split,hust,hust,pytorch_1d_cnn,100,42,hust,hust_6-3,1437.0,1528.976855437718
hust_to_hust,within_split,hust,hust,pytorch_1d_cnn,100,42,hust,hust_8-8,1351.0,1518.5583362095488
hust_to_hust,within_split,hust,hust,pytorch_1d_cnn,100,42,hust,hust_9-3,1526.0,1547.3688282811722
hust_to_hust,within_split,hust,hust,pytorch_1d_cnn,100,456,hust,hust_1-2,1966.0,1360.951711403599
hust_to_hust,within_split,hust,hust,pytorch_1d_cnn,100,456,hust,hust_1-4,1213.0,1525.292920438471
hust_to_hust,within_split,hust,hust,pytorch_1d_cnn,100,456,hust,hust_10-2,1375.0,1474.1810678353859
hust_to_hust,within_split,hust,hust,pytorch_1d_cnn,100,456,hust,hust_10-3,1477.0,1388.9208374211153
hust_to_hust,within_split,hust,hust,pytorch_1d_cnn,100,456,hust,hust_3-6,1979.0,1507.9627156821975
hust_to_hust,within_split,hust,hust,pytorch_1d_cnn,100,456,hust,hust_5-5,1242.0,1526.1251973168633
hust_to_hust,within_split,hust,hust,pytorch_1d_cnn,100,456,hust,hust_5-6,1807.0,1380.0257601648946
hust_to_hust,within_split,hust,hust,pytorch_1d_cnn,100,456,hust,hust_7-1,1308.0,1397.8919124251208
hust_to_hust,within_split,hust,hust,pytorch_1d_cnn,100,456,hust,hust_7-2,1637.0,1469.7900009626576
hust_to_hust,within_split,hust,hust,pytorch_1d_cnn,100,456,hust,hust_7-6,1162.0,1388.606285739153
hust_to_hust,within_split,hust,hust,pytorch_1d_cnn,100,456,hust,hust_9-2,1679.0,1476.306896837372
hust_to_hust,within_split,hust,hust,pytorch_1d_cnn,100,456,hust,hust_9-7,1617.0,1490.5792049739302
hust_to_hust,within_split,hust,hust,pytorch_1d_cnn,100,789,hust,hust_1-4,1213.0,1479.6199151890878
hust_to_hust,within_split,hust,hust,pytorch_1d_cnn,100,789,hust,hust_10-6,1659.0,1449.4842594250968
hust_to_hust,within_split,hust,hust,pytorch_1d_cnn,100,789,hust,hust_10-7,1435.0,1481.3212385541117
hust_to_hust,within_split,hust,hust,pytorch_1d_cnn,100,789,hust,hust_2-5,1092.0,1478.3406230629478
hust_to_hust,within_split,hust,hust,pytorch_1d_cnn,100,789,hust,hust_3-4,1396.0,1453.6510681903421
hust_to_hust,within_split,hust,hust,pytorch_1d_cnn,100,789,hust,hust_4-1,1762.0,1455.861137871905
hust_to_hust,within_split,hust,hust,pytorch_1d_cnn,100,789,hust,hust_4-3,931.0,1456.3298041557266
hust_to_hust,within_split,hust,hust,pytorch_1d_cnn,100,789,hust,hust_4-8,1389.0,1477.755648804138
hust_to_hust,within_split,hust,hust,pytorch_1d_cnn,100,789,hust,hust_5-2,1574.0,1481.319119508598
hust_to_hust,within_split,hust,hust,pytorch_1d_cnn,100,789,hust,hust_8-3,1844.0,1476.7053908293847
hust_to_hust,within_split,hust,hust,pytorch_1d_cnn,100,789,hust,hust_9-5,1719.0,1471.6687791819736
hust_to_hust,within_split,hust,hust,pytorch_1d_cnn,100,789,hust,hust_9-7,1617.0,1472.5574582818751
luh_to_luh,within_split,luh,luh,pytorch_1d_cnn,100,1011,luh,luh_P017_1_S01_C08,139.0,128.35553607107107
luh_to_luh,within_split,luh,luh,pytorch_1d_cnn,100,1011,luh,luh_P017_3_S05_C05,126.0,118.87396023384844
luh_to_luh,within_split,luh,luh,pytorch_1d_cnn,100,1011,luh,luh_P021_1_S02_C08,451.0,448.6399720911454
luh_to_luh,within_split,luh,luh,pytorch_1d_cnn,100,1011,luh,luh_P027_3_S03_C05,298.0,469.80759850206346
luh_to_luh,within_split,luh,luh,pytorch_1d_cnn,100,1011,luh,luh_P030_3_S09_C05,123.0,127.01691889625738
luh_to_luh,within_split,luh,luh,pytorch_1d_cnn,100,1011,luh,luh_P037_1_S05_C11,741.0,884.000127374182
luh_to_luh,within_split,luh,luh,pytorch_1d_cnn,100,1011,luh,luh_P039_1_S05_C10,552.0,731.9224127044996
luh_to_luh,within_split,luh,luh,pytorch_1d_cnn,100,1011,luh,luh_P043_3_S14_C03,153.0,146.58459626769283
luh_to_luh,within_split,luh,luh,pytorch_1d_cnn,100,1011,luh,luh_P046_1_S12_C06,1095.0,633.9636117506044
luh_to_luh,within_split,luh,luh,pytorch_1d_cnn,100,1011,luh,luh_P047_2_S14_C04,923.0,558.7063315819127
luh_to_luh,within_split,luh,luh,pytorch_1d_cnn,100,1011,luh,luh_P047_3_S15_C01,866.0,578.9392047444233
luh_to_luh,within_split,luh,luh,pytorch_1d_cnn,100,1011,luh,luh_P053_1_S15_C08,323.0,275.36219166898604
luh_to_luh,within_split,luh,luh,pytorch_1d_cnn,100,1011,luh,luh_P054_1_S16_C06,359.0,273.1725391744477
luh_to_luh,within_split,luh,luh,pytorch_1d_cnn,100,1011,luh,luh_P055_2_S16_C04,350.0,324.9859677715414
luh_to_luh,within_split,luh,luh,pytorch_1d_cnn,100,1011,luh,luh_P058_2_S18_C06,672.0,561.2510148343299
luh_to_luh,within_split,luh,luh,pytorch_1d_cnn,100,1011,luh,luh_P063_1_S16_C05,1149.0,1129.3698831169766
luh_to_luh,within_split,luh,luh,pytorch_1d_cnn,100,123,luh,luh_P018_1_S01_C06,109.0,111.00620975581835
luh_to_luh,within_split,luh,luh,pytorch_1d_cnn,100,123,luh,luh_P021_3_S04_C08,430.0,426.3229846484567
luh_to_luh,within_split,luh,luh,pytorch_1d_cnn,100,123,luh,luh_P025_2_S02_C09,690.0,980.4128764095606
luh_to_luh,within_split,luh,luh,pytorch_1d_cnn,100,123,luh,luh_P027_1_S01_C05,269.0,612.9895175472226
luh_to_luh,within_split,luh,luh,pytorch_1d_cnn,100,123,luh,luh_P029_2_S08_C07,135.0,147.95817693305182
luh_to_luh,within_split,luh,luh,pytorch_1d_cnn,100,123,luh,luh_P033_3_S09_C08,523.0,496.0378153576736
luh_to_luh,within_split,luh,luh,pytorch_1d_cnn,100,123,luh,luh_P034_1_S07_C06,446.0,448.2946110300127
luh_to_luh,within_split,luh,luh,pytorch_1d_cnn,100,123,luh,luh_P035_1_S08_C04,279.0,414.4582699416424
luh_to_luh,within_split,luh,luh,pytorch_1d_cnn,100,123,luh,luh_P042_2_S13_C05,204.0,324.9422704708908
luh_to_luh,within_split,luh,luh,pytorch_1d_cnn,100,123,luh,luh_P043_2_S12_C04,156.0,201.02765349639583
luh_to_luh,within_split,luh,luh,pytorch_1d_cnn,100,123,luh,luh_P045_3_S14_C08,845.0,566.8547791044115
luh_to_luh,within_split,luh,luh,pytorch_1d_cnn,100,123,luh,luh_P046_1_S12_C06,1095.0,790.8920666226979
luh_to_luh,within_split,luh,luh,pytorch_1d_cnn,100,123,luh,luh_P047_3_S15_C01,866.0,720.9798783661438
luh_to_luh,within_split,luh,luh,pytorch_1d_cnn,100,123,luh,luh_P057_1_S17_C08,555.0,500.47902083217133
luh_to_luh,within_split,luh,luh,pytorch_1d_cnn,100,123,luh,luh_P059_2_S18_C04,660.0,749.3730668579246
luh_to_luh,within_split,luh,luh,pytorch_1d_cnn,100,123,luh,luh_P062_1_S16_C07,1120.0,1031.4336096262098
luh_to_luh,within_split,luh,luh,pytorch_1d_cnn,100,42,luh,luh_P017_2_S04_C07,127.0,135.52625459310244
luh_to_luh,within_split,luh,luh,pytorch_1d_cnn,100,42,luh,luh_P019_3_S05_C02,60.0,61.999996160651705
luh_to_luh,within_split,luh,luh,pytorch_1d_cnn,100,42,luh,luh_P022_1_S03_C06,341.0,395.19456901929
luh_to_luh,within_split,luh,luh,pytorch_1d_cnn,100,42,luh,luh_P022_2_S04_C06,344.0,371.05679348324634
luh_to_luh,within_split,luh,luh,pytorch_1d_cnn,100,42,luh,luh_P025_2_S02_C09,690.0,782.9424818586949
luh_to_luh,within_split,luh,luh,pytorch_1d_cnn,100,42,luh,luh_P025_3_S03_C09,702.0,796.6968808656261
luh_to_luh,within_split,luh,luh,pytorch_1d_cnn,100,42,luh,luh_P029_2_S08_C07,135.0,144.08517603315929
luh_to_luh,within_split,luh,luh,pytorch_1d_cnn,100,42,luh,luh_P033_3_S09_C08,523.0,540.6900547056752
luh_to_luh,within_split,luh,luh,pytorch_1d_cnn,100,42,luh,luh_P037_3_S10_C04,783.0,804.3173122832587
luh_to_luh,within_split,luh,luh,pytorch_1d_cnn,100,42,luh,luh_P038_2_S07_C07,816.0,827.3109785398876
luh_to_luh,within_split,luh,luh,pytorch_1d_cnn,100,42,luh,luh_P041_2_S13_C07,220.0,211.77048753743406
luh_to_luh,within_split,luh,luh,pytorch_1d_cnn,100,42,luh,luh_P043_1_S11_C04,160.0,172.3833315469286
luh_to_luh,within_split,luh,luh,pytorch_1d_cnn,100,42,luh,luh_P051_3_S12_C05,1238.0,845.4270954079168
luh_to_luh,within_split,luh,luh,pytorch_1d_cnn,100,42,luh,luh_P055_2_S16_C04,350.0,221.00350860293182
luh_to_luh,within_split,luh,luh,pytorch_1d_cnn,100,42,luh,luh_P062_1_S16_C07,1120.0,766.6535523533832
luh_to_luh,within_split,luh,luh,pytorch_1d_cnn,100,42,luh,luh_P062_2_S17_C07,1148.0,759.4326924464564
luh_to_luh,within_split,luh,luh,pytorch_1d_cnn,100,456,luh,luh_P017_2_S04_C07,127.0,115.71382191771417
luh_to_luh,within_split,luh,luh,pytorch_1d_cnn,100,456,luh,luh_P021_1_S02_C08,451.0,514.081621510094
luh_to_luh,within_split,luh,luh,pytorch_1d_cnn,100,456,luh,luh_P025_3_S03_C09,702.0,931.8897091951386
luh_to_luh,within_split,luh,luh,pytorch_1d_cnn,100,456,luh,luh_P027_3_S03_C05,298.0,350.6360673214729
luh_to_luh,within_split,luh,luh,pytorch_1d_cnn,100,456,luh,luh_P029_1_S06_C08,132.0,116.54521666426145
luh_to_luh,within_split,luh,luh,pytorch_1d_cnn,100,456,luh,luh_P030_3_S09_C05,123.0,112.47324575014636
luh_to_luh,within_split,luh,luh,pytorch_1d_cnn,100,456,luh,luh_P034_3_S09_C06,440.0,449.0082936478659
luh_to_luh,within_split,luh,luh,pytorch_1d_cnn,100,456,luh,luh_P035_3_S10_C02,342.0,297.2618668002448
luh_to_luh,within_split,luh,luh,pytorch_1d_cnn,100,456,luh,luh_P037_3_S10_C04,783.0,1219.1223082461768
luh_to_luh,within_split,luh,luh,pytorch_1d_cnn,100,456,luh,luh_P041_3_S14_C07,237.0,305.1244768903078
luh_to_luh,within_split,luh,luh,pytorch_1d_cnn,100,456,luh,luh_P043_1_S11_C04,160.0,154.1194317661917
luh_to_luh,within_split,luh,luh,pytorch_1d_cnn,100,456,luh,luh_P045_3_S14_C08,845.0,656.9685112967234
luh_to_luh,within_split,luh,luh,pytorch_1d_cnn,100,456,luh,luh_P047_2_S14_C04,923.0,651.7282035238038
luh_to_luh,within_split,luh,luh,pytorch_1d_cnn,100,456,luh,luh_P050_3_S12_C07,1555.0,1263.7268235694792
luh_to_luh,within_split,luh,luh,pytorch_1d_cnn,100,456,luh,luh_P059_1_S15_C06,605.0,771.5045808737757
luh_to_luh,within_split,luh,luh,pytorch_1d_cnn,100,456,luh,luh_P063_2_S17_C05,1236.0,1349.0561420454103
luh_to_luh,within_split,luh,luh,pytorch_1d_cnn,100,789,luh,luh_P017_2_S04_C07,127.0,124.57521711881344
luh_to_luh,within_split,luh,luh,pytorch_1d_cnn,100,789,luh,luh_P018_3_S04_C05,107.0,107.868097018686
luh_to_luh,within_split,luh,luh,pytorch_1d_cnn,100,789,luh,luh_P019_3_S05_C02,60.0,61.999996160651705
luh_to_luh,within_split,luh,luh,pytorch_1d_cnn,100,789,luh,luh_P022_2_S04_C06,344.0,422.2562406972416
luh_to_luh,within_split,luh,luh,pytorch_1d_cnn,100,789,luh,luh_P022_3_S05_C04,314.0,417.9541679228125
luh_to_luh,within_split,luh,luh,pytorch_1d_cnn,100,789,luh,luh_P025_2_S02_C09,690.0,739.7097766077603
luh_to_luh,within_split,luh,luh,pytorch_1d_cnn,100,789,luh,luh_P027_3_S03_C05,298.0,405.263351158691
luh_to_luh,within_split,luh,luh,pytorch_1d_cnn,100,789,luh,luh_P037_3_S10_C04,783.0,1242.3815522913985
luh_to_luh,within_split,luh,luh,pytorch_1d_cnn,100,789,luh,luh_P041_2_S13_C07,220.0,282.5447584697286
luh_to_luh,within_split,luh,luh,pytorch_1d_cnn,100,789,luh,luh_P042_2_S13_C05,204.0,200.19322550033726
luh_to_luh,within_split,luh,luh,pytorch_1d_cnn,100,789,luh,luh_P047_2_S14_C04,923.0,552.2214305400721
luh_to_luh,within_split,luh,luh,pytorch_1d_cnn,100,789,luh,luh_P051_2_S11_C05,1318.0,1010.9221390024217
luh_to_luh,within_split,luh,luh,pytorch_1d_cnn,100,789,luh,luh_P057_1_S17_C08,555.0,630.0302785909088
luh_to_luh,within_split,luh,luh,pytorch_1d_cnn,100,789,luh,luh_P059_2_S18_C04,660.0,712.7280300435982
luh_to_luh,within_split,luh,luh,pytorch_1d_cnn,100,789,luh,luh_P061_1_S16_C09,947.0,1066.9587153536568
luh_to_luh,within_split,luh,luh,pytorch_1d_cnn,100,789,luh,luh_P061_2_S17_C09,942.0,1084.2596752729748
matr_to_matr,within_split,matr,matr,pytorch_1d_cnn,100,1011,matr,matr_b1c16,824.0,830.177582876783
matr_to_matr,within_split,matr,matr,pytorch_1d_cnn,100,1011,matr,matr_b1c17,825.0,644.3657419122703
matr_to_matr,within_split,matr,matr,pytorch_1d_cnn,100,1011,matr,matr_b1c2,1487.0,604.2438677139287
matr_to_matr,within_split,matr,matr,pytorch_1d_cnn,100,1011,matr,matr_b1c25,817.0,875.4694408127
matr_to_matr,within_split,matr,matr,pytorch_1d_cnn,100,1011,matr,matr_b1c42,661.0,682.6878266113771
matr_to_matr,within_split,matr,matr,pytorch_1d_cnn,100,1011,matr,matr_b1c45,563.0,672.8502339771877
matr_to_matr,within_split,matr,matr,pytorch_1d_cnn,100,1011,matr,matr_b1c7,818.0,953.7500455920595
matr_to_matr,within_split,matr,matr,pytorch_1d_cnn,100,1011,matr,matr_b1c9,1012.0,778.2443862590802
matr_to_matr,within_split,matr,matr,pytorch_1d_cnn,100,1011,matr,matr_b2c0,278.0,332.7516486540659
matr_to_matr,within_split,matr,matr,pytorch_1d_cnn,100,1011,matr,matr_b2c1,133.0,247.0000272144329
matr_to_matr,within_split,matr,matr,pytorch_1d_cnn,100,1011,matr,matr_b2c10,251.0,429.33837844237354
matr_to_matr,within_split,matr,matr,pytorch_1d_cnn,100,1011,matr,matr_b2c19,455.0,529.0895724076516
matr_to_matr,within_split,matr,matr,pytorch_1d_cnn,100,1011,matr,matr_b2c23,502.0,449.66800353584466
matr_to_matr,within_split,matr,matr,pytorch_1d_cnn,100,1011,matr,matr_b2c30,466.0,694.4994935419506
matr_to_matr,within_split,matr,matr,pytorch_1d_cnn,100,1011,matr,matr_b2c33,499.0,560.2827796132361
matr_to_matr,within_split,matr,matr,pytorch_1d_cnn,100,1011,matr,matr_b3c16,1589.0,979.4755252223536
matr_to_matr,within_split,matr,matr,pytorch_1d_cnn,100,1011,matr,matr_b3c26,989.0,1029.1329587363632
matr_to_matr,within_split,matr,matr,pytorch_1d_cnn,100,1011,matr,matr_b3c28,524.0,561.5604750092227
matr_to_matr,within_split,matr,matr,pytorch_1d_cnn,100,1011,matr,matr_b3c33,1257.0,1060.5841770461527
matr_to_matr,within_split,matr,matr,pytorch_1d_cnn,100,1011,matr,matr_b3c40,779.0,801.452865708082
matr_to_matr,within_split,matr,matr,pytorch_1d_cnn,100,123,matr,matr_b1c0,1717.0,672.4201250747286
matr_to_matr,within_split,matr,matr,pytorch_1d_cnn,100,123,matr,matr_b1c30,679.0,822.7561278582219
matr_to_matr,within_split,matr,matr,pytorch_1d_cnn,100,123,matr,matr_b1c31,827.0,762.4624699298503
matr_to_matr,within_split,matr,matr,pytorch_1d_cnn,100,123,matr,matr_b1c34,714.0,912.2966174507909
matr_to_matr,within_split,matr,matr,pytorch_1d_cnn,100,123,matr,matr_b1c36,670.0,660.0734093645867
matr_to_matr,within_split,matr,matr,pytorch_1d_cnn,100,123,matr,matr_b1c38,592.0,1041.3375389694081
matr_to_matr,within_split,matr,matr,pytorch_1d_cnn,100,123,matr,matr_b1c5,909.0,1190.3755177280268
matr_to_matr,within_split,matr,matr,pytorch_1d_cnn,100,123,matr,matr_b2c11,250.0,465.9168598937586
matr_to_matr,within_split,matr,matr,pytorch_1d_cnn,100,123,matr,matr_b2c25,446.0,496.36149294652273
matr_to_matr,within_split,matr,matr,pytorch_1d_cnn,100,123,matr,matr_b2c32,500.0,530.2870302777276
matr_to_matr,within_split,matr,matr,pytorch_1d_cnn,100,123,matr,matr_b2c39,442.0,529.521920989768
matr_to_matr,within_split,matr,matr,pytorch_1d_cnn,100,123,matr,matr_b2c41,416.0,456.21421768209615
matr_to_matr,within_split,matr,matr,pytorch_1d_cnn,100,123,matr,matr_b2c43,443.0,491.927738572709
matr_to_matr,within_split,matr,matr,pytorch_1d_cnn,100,123,matr,matr_b3c0,985.0,1035.5766885029175
matr_to_matr,within_split,matr,matr,pytorch_1d_cnn,100,123,matr,matr_b3c12,903.0,1066.0428219104263
matr_to_matr,within_split,matr,matr,pytorch_1d_cnn,100,123,matr,matr_b3c25,970.0,959.8416857043131
matr_to_matr,within_split,matr,matr,pytorch_1d_cnn,100,123,matr,matr_b3c37,1376.0,1221.5284494351417
matr_to_matr,within_split,matr,matr,pytorch_1d_cnn,100,123,matr,matr_b3c39,1146.0,964.044657763685
matr_to_matr,within_split,matr,matr,pytorch_1d_cnn,100,123,matr,matr_b3c41,773.0,858.0632137917282
matr_to_matr,within_split,matr,matr,pytorch_1d_cnn,100,123,matr,matr_b3c42,1587.0,1033.1682610201385
matr_to_matr,within_split,matr,matr,pytorch_1d_cnn,100,42,matr,matr_b1c12,897.0,663.6152896896803
matr_to_matr,within_split,matr,matr,pytorch_1d_cnn,100,42,matr,matr_b1c20,504.0,593.9026470883257
matr_to_matr,within_split,matr,matr,pytorch_1d_cnn,100,42,matr,matr_b1c31,827.0,738.4614928896603
matr_to_matr,within_split,matr,matr,pytorch_1d_cnn,100,42,matr,matr_b1c35,676.0,613.5234828003712
matr_to_matr,within_split,matr,matr,pytorch_1d_cnn,100,42,matr,matr_b1c38,592.0,940.0776934116151
matr_to_matr,within_split,matr,matr,pytorch_1d_cnn,100,42,matr,matr_b1c41,1005.0,560.1254423199973
matr_to_matr,within_split,matr,matr,pytorch_1d_cnn,100,42,matr,matr_b1c44,575.0,770.4222959512015
matr_to_matr,within_split,matr,matr,pytorch_1d_cnn,100,42,matr,matr_b2c1,133.0,247.0000272144329
matr_to_matr,within_split,matr,matr,pytorch_1d_cnn,100,42,matr,matr_b2c12,435.0,360.19920945722544
matr_to_matr,within_split,matr,matr,pytorch_1d_cnn,100,42,matr,matr_b2c18,468.0,388.5918870213125
matr_to_matr,within_split,matr,matr,pytorch_1d_cnn,100,42,matr,matr_b2c24,478.0,652.0741803579101
matr_to_matr,within_split,matr,matr,pytorch_1d_cnn,100,42,matr,matr_b2c25,446.0,470.6794028381021
matr_to_matr,within_split,matr,matr,pytorch_1d_cnn,100,42,matr,matr_b2c46,417.0,392.15279778415197
matr_to_matr,within_split,matr,matr,pytorch_1d_cnn,100,42,matr,matr_b3c17,1269.0,507.5640149944628
matr_to_matr,within_split,matr,matr,pytorch_1d_cnn,100,42,matr,matr_b3c21,745.0,574.4012695763621
matr_to_matr,within_split,matr,matr,pytorch_1d_cnn,100,42,matr,matr_b3c24,817.0,627.6341755680038
matr_to_matr,within_split,matr,matr,pytorch_1d_cnn,100,42,matr,matr_b3c27,828.0,784.4189230224752
matr_to_matr,within_split,matr,matr,pytorch_1d_cnn,100,42,matr,matr_b3c3,1084.0,1266.678144095757
matr_to_matr,within_split,matr,matr,pytorch_1d_cnn,100,42,matr,matr_b3c4,1006.0,1387.388484156592
matr_to_matr,within_split,matr,matr,pytorch_1d_cnn,100,42,matr,matr_b3c42,1587.0,1091.9776170354676
matr_to_matr,within_split,matr,matr,pytorch_1d_cnn,100,456,matr,matr_b1c18,665.0,2065.999578786437
matr_to_matr,within_split,matr,matr,pytorch_1d_cnn,100,456,matr,matr_b1c2,1487.0,1678.8586472411878
matr_to_matr,within_split,matr,matr,pytorch_1d_cnn,100,456,matr,matr_b1c24,979.0,1160.83436111509
matr_to_matr,within_split,matr,matr,pytorch_1d_cnn,100,456,matr,matr_b1c35,676.0,735.8515811760832
matr_to_matr,within_split,matr,matr,pytorch_1d_cnn,100,456,matr,matr_b1c38,592.0,1059.1084848758053
matr_to_matr,within_split,matr,matr,pytorch_1d_cnn,100,456,matr,matr_b1c6,613.0,921.0372570694506
matr_to_matr,within_split,matr,matr,pytorch_1d_cnn,100,456,matr,matr_b2c1,133.0,284.81184403343315
matr_to_matr,within_split,matr,matr,pytorch_1d_cnn,100,456,matr,matr_b2c21,468.0,360.4096724697446
matr_to_matr,within_split,matr,matr,pytorch_1d_cnn,100,456,matr,matr_b2c30,466.0,810.0414186979688
matr_to_matr,within_split,matr,matr,pytorch_1d_cnn,100,456,matr,matr_b2c34,483.0,464.567379346129
matr_to_matr,within_split,matr,matr,pytorch_1d_cnn,100,456,matr,matr_b2c38,451.0,459.83839411992426
matr_to_matr,within_split,matr,matr,pytorch_1d_cnn,100,456,matr,matr_b2c40,476.0,754.6536106256906
matr_to_matr,within_split,matr,matr,pytorch_1d_cnn,100,456,matr,matr_b3c0,985.0,1009.2874006332012
matr_to_matr,within_split,matr,matr,pytorch_1d_cnn,100,456,matr,matr_b3c19,1105.0,604.2798845283955
matr_to_matr,within_split,matr,matr,pytorch_1d_cnn,100,456,matr,matr_b3c20,793.0,999.9767311762815
matr_to_matr,within_split,matr,matr,pytorch_1d_cnn,100,456,matr,matr_b3c25,970.0,964.2234946599
matr_to_matr,within_split,matr,matr,pytorch_1d_cnn,100,456,matr,matr_b3c27,828.0,827.2261669749714
matr_to_matr,within_split,matr,matr,pytorch_1d_cnn,100,456,matr,matr_b3c36,910.0,913.2802856354739
matr_to_matr,within_split,matr,matr,pytorch_1d_cnn,100,456,matr,matr_b3c38,1873.0,1112.25832944647
matr_to_matr,within_split,matr,matr,pytorch_1d_cnn,100,456,matr,matr_b3c41,773.0,867.7568764168282
matr_to_matr,within_split,matr,matr,pytorch_1d_cnn,100,789,matr,matr_b1c11,771.0,944.5345553957383
matr_to_matr,within_split,matr,matr,pytorch_1d_cnn,100,789,matr,matr_b1c16,824.0,828.0351892847829
matr_to_matr,within_split,matr,matr,pytorch_1d_cnn,100,789,matr,matr_b1c19,740.0,806.020829164323
matr_to_matr,within_split,matr,matr,pytorch_1d_cnn,100,789,matr,matr_b1c30,679.0,885.0077222685373
matr_to_matr,within_split,matr,matr,pytorch_1d_cnn,100,789,matr,matr_b1c7,818.0,865.83741407096
matr_to_matr,within_split,matr,matr,pytorch_1d_cnn,100,789,matr,matr_b2c1,133.0,250.00002302925145
matr_to_matr,within_split,matr,matr,pytorch_1d_cnn,100,789,matr,matr_b2c29,481.0,705.023653814787
matr_to_matr,within_split,matr,matr,pytorch_1d_cnn,100,789,matr,matr_b2c3,314.0,436.91643598300027
matr_to_matr,within_split,matr,matr,pytorch_1d_cnn,100,789,matr,matr_b2c32,500.0,495.5333186360823
matr_to_matr,within_split,matr,matr,pytorch_1d_cnn,100,789,matr,matr_b2c39,442.0,641.5977830865705
matr_to_matr,within_split,matr,matr,pytorch_1d_cnn,100,789,matr,matr_b2c41,416.0,455.81129429748955
matr_to_matr,within_split,matr,matr,pytorch_1d_cnn,100,789,matr,matr_b2c5,464.0,739.3888700289048
matr_to_matr,within_split,matr,matr,pytorch_1d_cnn,100,789,matr,matr_b3c0,985.0,1091.0225586832673
matr_to_matr,within_split,matr,matr,pytorch_1d_cnn,100,789,matr,matr_b3c15,850.0,1060.4046595302104
matr_to_matr,within_split,matr,matr,pytorch_1d_cnn,100,789,matr,matr_b3c3,1084.0,1493.5068683602562
matr_to_matr,within_split,matr,matr,pytorch_1d_cnn,100,789,matr,matr_b3c33,1257.0,1376.2931071202622
matr_to_matr,within_split,matr,matr,pytorch_1d_cnn,100,789,matr,matr_b3c34,1125.0,871.1199495809856
matr_to_matr,within_split,matr,matr,pytorch_1d_cnn,100,789,matr,matr_b3c4,1006.0,1398.7680556607668
matr_to_matr,within_split,matr,matr,pytorch_1d_cnn,100,789,matr,matr_b3c6,630.0,682.8561468453662
matr_to_matr,within_split,matr,matr,pytorch_1d_cnn,100,789,matr,matr_b3c8,810.0,959.1741508778807
sandia_to_sandia,within_split,sandia,sandia,pytorch_1d_cnn,100,1011,sandia,sandia_SNL_18650_LFP_25C_0_100_0_5_3C_b,1610.0,2775.398908167894
sandia_to_sandia,within_split,sandia,sandia,pytorch_1d_cnn,100,1011,sandia,sandia_SNL_18650_LFP_35C_0_100_0_5_1C_a,3089.0,2505.8663188036667
sandia_to_sandia,within_split,sandia,sandia,pytorch_1d_cnn,100,1011,sandia,sandia_SNL_18650_NCA_15C_0_100_0_5_2C_a,158.0,173.53407497626
sandia_to_sandia,within_split,sandia,sandia,pytorch_1d_cnn,100,1011,sandia,sandia_SNL_18650_NCA_15C_0_100_0_5_2C_b,157.0,170.58294651390804
sandia_to_sandia,within_split,sandia,sandia,pytorch_1d_cnn,100,1011,sandia,sandia_SNL_18650_NCA_35C_0_100_0_5_1C_b,320.0,523.7939516029531
sandia_to_sandia,within_split,sandia,sandia,pytorch_1d_cnn,100,1011,sandia,sandia_SNL_18650_NCA_35C_0_100_0_5_2C_a,210.0,250.38214215164263
sandia_to_sandia,within_split,sandia,sandia,pytorch_1d_cnn,100,1011,sandia,sandia_SNL_18650_NMC_25C_0_100_0_5_1C_a,271.0,232.32954901572654
sandia_to_sandia,within_split,sandia,sandia,pytorch_1d_cnn,100,1011,sandia,sandia_SNL_18650_NMC_25C_0_100_0_5_1C_d,285.0,230.83305335282824
sandia_to_sandia,within_split,sandia,sandia,pytorch_1d_cnn,100,123,sandia,sandia_SNL_18650_LFP_35C_0_100_0_5_2C_a,3442.0,2140.072181647149
sandia_to_sandia,within_split,sandia,sandia,pytorch_1d_cnn,100,123,sandia,sandia_SNL_18650_NCA_25C_0_100_0_5_0_5C_b,135.0,185.22785284842325
sandia_to_sandia,within_split,sandia,sandia,pytorch_1d_cnn,100,123,sandia,sandia_SNL_18650_NCA_25C_0_100_0_5_1C_a,337.0,273.29957104859665
sandia_to_sandia,within_split,sandia,sandia,pytorch_1d_cnn,100,123,sandia,sandia_SNL_18650_NCA_35C_0_100_0_5_1C_c,346.0,268.87276664267426
sandia_to_sandia,within_split,sandia,sandia,pytorch_1d_cnn,100,123,sandia,sandia_SNL_18650_NMC_25C_0_100_0_5_0_5C_a,49.0,117.96648092311706
sandia_to_sandia,within_split,sandia,sandia,pytorch_1d_cnn,100,123,sandia,sandia_SNL_18650_NMC_25C_0_100_0_5_0_5C_b,327.0,248.42358376319575
sandia_to_sandia,within_split,sandia,sandia,pytorch_1d_cnn,100,123,sandia,sandia_SNL_18650_NMC_25C_0_100_0_5_2C_a,233.0,250.38667907009344
sandia_to_sandia,within_split,sandia,sandia,pytorch_1d_cnn,100,123,sandia,sandia_SNL_18650_NMC_25C_0_100_0_5_3C_a,261.0,246.98530530430273
sandia_to_sandia,within_split,sandia,sandia,pytorch_1d_cnn,100,42,sandia,sandia_SNL_18650_LFP_35C_0_100_0_5_1C_d,3374.0,2517.242324793977
sandia_to_sandia,within_split,sandia,sandia,pytorch_1d_cnn,100,42,sandia,sandia_SNL_18650_LFP_35C_0_100_0_5_2C_b,2465.0,2346.1667407970385
sandia_to_sandia,within_split,sandia,sandia,pytorch_1d_cnn,100,42,sandia,sandia_SNL_18650_NCA_15C_0_100_0_5_2C_a,158.0,162.1423657953904
sandia_to_sandia,within_split,sandia,sandia,pytorch_1d_cnn,100,42,sandia,sandia_SNL_18650_NCA_25C_0_100_0_5_0_5C_a,249.0,214.17759487138747
sandia_to_sandia,within_split,sandia,sandia,pytorch_1d_cnn,100,42,sandia,sandia_SNL_18650_NCA_25C_0_100_0_5_1C_a,337.0,251.59258434741693
sandia_to_sandia,within_split,sandia,sandia,pytorch_1d_cnn,100,42,sandia,sandia_SNL_18650_NCA_25C_0_100_0_5_1C_d,251.0,234.41873323566082
sandia_to_sandia,within_split,sandia,sandia,pytorch_1d_cnn,100,42,sandia,sandia_SNL_18650_NMC_15C_0_100_0_5_2C_b,103.0,112.32355288911471
sandia_to_sandia,within_split,sandia,sandia,pytorch_1d_cnn,100,42,sandia,sandia_SNL_18650_NMC_25C_0_100_0_5_1C_b,340.0,238.42886976056892
sandia_to_sandia,within_split,sandia,sandia,pytorch_1d_cnn,100,456,sandia,sandia_SNL_18650_LFP_35C_0_100_0_5_2C_b,2465.0,3093.498334509144
sandia_to_sandia,within_split,sandia,sandia,pytorch_1d_cnn,100,456,sandia,sandia_SNL_18650_NCA_15C_0_100_0_5_1C_b,325.0,236.6596018153513
sandia_to_sandia,within_split,sandia,sandia,pytorch_1d_cnn,100,456,sandia,sandia_SNL_18650_NCA_25C_0_100_0_5_0_5C_a,249.0,237.78159331658645
sandia_to_sandia,within_split,sandia,sandia,pytorch_1d_cnn,100,456,sandia,sandia_SNL_18650_NCA_35C_0_100_0_5_1C_c,346.0,240.00642258297825
sandia_to_sandia,within_split,sandia,sandia,pytorch_1d_cnn,100,456,sandia,sandia_SNL_18650_NCA_35C_0_100_0_5_2C_b,216.0,205.57156468826153
sandia_to_sandia,within_split,sandia,sandia,pytorch_1d_cnn,100,456,sandia,sandia_SNL_18650_NMC_15C_0_100_0_5_2C_b,103.0,196.05732615768042
sandia_to_sandia,within_split,sandia,sandia,pytorch_1d_cnn,100,456,sandia,sandia_SNL_18650_NMC_25C_0_100_0_5_1C_c,282.0,266.7754209974799
sandia_to_sandia,within_split,sandia,sandia,pytorch_1d_cnn,100,456,sandia,sandia_SNL_18650_NMC_35C_0_100_0_5_2C_a,170.0,266.6301885128989
sandia_to_sandia,within_split,sandia,sandia,pytorch_1d_cnn,100,789,sandia,sandia_SNL_18650_LFP_25C_0_100_0_5_3C_c,2305.0,2176.7762584089824
sandia_to_sandia,within_split,sandia,sandia,pytorch_1d_cnn,100,789,sandia,sandia_SNL_18650_NCA_25C_0_100_0_5_0_5C_a,249.0,228.96047814594334
sandia_to_sandia,within_split,sandia,sandia,pytorch_1d_cnn,100,789,sandia,sandia_SNL_18650_NCA_25C_0_100_0_5_2C_a,225.0,212.01034988422745
sandia_to_sandia,within_split,sandia,sandia,pytorch_1d_cnn,100,789,sandia,sandia_SNL_18650_NMC_15C_0_100_0_5_2C_b,103.0,128.42055191150845
sandia_to_sandia,within_split,sandia,sandia,pytorch_1d_cnn,100,789,sandia,sandia_SNL_18650_NMC_25C_0_100_0_5_1C_c,282.0,221.11271203579383
sandia_to_sandia,within_split,sandia,sandia,pytorch_1d_cnn,100,789,sandia,sandia_SNL_18650_NMC_25C_0_100_0_5_3C_d,304.0,212.24845974297935
sandia_to_sandia,within_split,sandia,sandia,pytorch_1d_cnn,100,789,sandia,sandia_SNL_18650_NMC_35C_0_100_0_5_1C_b,90.0,75.2469244760402
sandia_to_sandia,within_split,sandia,sandia,pytorch_1d_cnn,100,789,sandia,sandia_SNL_18650_NMC_35C_0_100_0_5_2C_b,400.0,231.49585266527123
