experiment,scenario,source,target,model,n_cycles,seed,dataset,cell_id,y_true,y_pred
hust_to_luh,naive_cross,hust,luh,pytorch_simple_transformer,100,1011,luh,luh_P017_1_S01_C08,139.0,1367.5708459631867
hust_to_luh,naive_cross,hust,luh,pytorch_simple_transformer,100,1011,luh,luh_P017_2_S04_C07,127.0,1367.8793281158526
hust_to_luh,naive_cross,hust,luh,pytorch_simple_transformer,100,1011,luh,luh_P017_3_S05_C05,126.0,1367.6875783835503
hust_to_luh,naive_cross,hust,luh,pytorch_simple_transformer,100,1011,luh,luh_P018_1_S01_C06,109.0,1367.9993484282002
hust_to_luh,naive_cross,hust,luh,pytorch_simple_transformer,100,1011,luh,luh_P018_2_S02_C06,107.0,1367.8545426241271
hust_to_luh,naive_cross,hust,luh,pytorch_simple_transformer,100,1011,luh,luh_P018_3_S04_C05,107.0,1367.9719515598292
hust_to_luh,naive_cross,hust,luh,pytorch_simple_transformer,100,1011,luh,luh_P019_1_S01_C04,63.0,1366.5786967481192
hust_to_luh,naive_cross,hust,luh,pytorch_simple_transformer,100,1011,luh,luh_P019_2_S02_C04,62.0,1366.3232795033102
hust_to_luh,naive_cross,hust,luh,pytorch_simple_transformer,100,1011,luh,luh_P019_3_S05_C02,60.0,1366.0385976738564
hust_to_luh,naive_cross,hust,luh,pytorch_simple_transformer,100,1011,luh,luh_P021_1_S02_C08,451.0,1365.7188085311716
hust_to_luh,naive_cross,hust,luh,pytorch_simple_transformer,100,1011,luh,luh_P021_2_S03_C08,428.0,1366.0568363785742
hust_to_luh,naive_cross,hust,luh,pytorch_simple_transformer,100,1011,luh,luh_P021_3_S04_C08,430.0,1366.1454278368478
hust_to_luh,naive_cross,hust,luh,pytorch_simple_transformer,100,1011,luh,luh_P022_1_S03_C06,341.0,1364.782667286192
hust_to_luh,naive_cross,hust,luh,pytorch_simple_transformer,100,1011,luh,luh_P022_2_S04_C06,344.0,1365.4270906780562
hust_to_luh,naive_cross,hust,luh,pytorch_simple_transformer,100,1011,luh,luh_P022_3_S05_C04,314.0,1365.319014617465
hust_to_luh,naive_cross,hust,luh,pytorch_simple_transformer,100,1011,luh,luh_P023_1_S03_C04,82.0,1364.4774860197494
hust_to_luh,naive_cross,hust,luh,pytorch_simple_transformer,100,1011,luh,luh_P023_2_S04_C04,72.0,1363.6312742565365
hust_to_luh,naive_cross,hust,luh,pytorch_simple_transformer,100,1011,luh,luh_P023_3_S05_C03,79.0,1364.377292129262
hust_to_luh,naive_cross,hust,luh,pytorch_simple_transformer,100,1011,luh,luh_P025_1_S01_C09,718.0,1368.296183007172
hust_to_luh,naive_cross,hust,luh,pytorch_simple_transformer,100,1011,luh,luh_P025_2_S02_C09,690.0,1367.73844814169
hust_to_luh,naive_cross,hust,luh,pytorch_simple_transformer,100,1011,luh,luh_P025_3_S03_C09,702.0,1368.0019576823754
hust_to_luh,naive_cross,hust,luh,pytorch_simple_transformer,100,1011,luh,luh_P026_1_S01_C07,581.0,1366.4737874592977
hust_to_luh,naive_cross,hust,luh,pytorch_simple_transformer,100,1011,luh,luh_P026_2_S02_C07,613.0,1366.5630575855541
hust_to_luh,naive_cross,hust,luh,pytorch_simple_transformer,100,1011,luh,luh_P026_3_S03_C07,563.0,1366.4249194223137
hust_to_luh,naive_cross,hust,luh,pytorch_simple_transformer,100,1011,luh,luh_P027_1_S01_C05,269.0,1364.2296171472387
hust_to_luh,naive_cross,hust,luh,pytorch_simple_transformer,100,1011,luh,luh_P027_2_S02_C05,285.0,1364.6746422328952
hust_to_luh,naive_cross,hust,luh,pytorch_simple_transformer,100,1011,luh,luh_P027_3_S03_C05,298.0,1364.399412225456
hust_to_luh,naive_cross,hust,luh,pytorch_simple_transformer,100,1011,luh,luh_P029_1_S06_C08,132.0,1368.5297816430755
hust_to_luh,naive_cross,hust,luh,pytorch_simple_transformer,100,1011,luh,luh_P029_2_S08_C07,135.0,1367.8017118906878
hust_to_luh,naive_cross,hust,luh,pytorch_simple_transformer,100,1011,luh,luh_P029_3_S09_C07,135.0,1367.1646426462898
hust_to_luh,naive_cross,hust,luh,pytorch_simple_transformer,100,1011,luh,luh_P030_1_S06_C06,118.0,1367.2239681895855
hust_to_luh,naive_cross,hust,luh,pytorch_simple_transformer,100,1011,luh,luh_P030_2_S08_C05,123.0,1367.1770290855566
hust_to_luh,naive_cross,hust,luh,pytorch_simple_transformer,100,1011,luh,luh_P030_3_S09_C05,123.0,1366.9410541195878
hust_to_luh,naive_cross,hust,luh,pytorch_simple_transformer,100,1011,luh,luh_P031_1_S06_C04,97.0,1366.6282219436698
hust_to_luh,naive_cross,hust,luh,pytorch_simple_transformer,100,1011,luh,luh_P031_2_S07_C04,94.0,1366.6920860293756
hust_to_luh,naive_cross,hust,luh,pytorch_simple_transformer,100,1011,luh,luh_P031_3_S09_C03,90.0,1366.6360418754548
hust_to_luh,naive_cross,hust,luh,pytorch_simple_transformer,100,1011,luh,luh_P033_1_S07_C08,524.0,1366.0692127811749
hust_to_luh,naive_cross,hust,luh,pytorch_simple_transformer,100,1011,luh,luh_P033_2_S08_C08,508.0,1365.6048488277831
hust_to_luh,naive_cross,hust,luh,pytorch_simple_transformer,100,1011,luh,luh_P033_3_S09_C08,523.0,1365.669316291824
hust_to_luh,naive_cross,hust,luh,pytorch_simple_transformer,100,1011,luh,luh_P034_1_S07_C06,446.0,1364.886145083929
hust_to_luh,naive_cross,hust,luh,pytorch_simple_transformer,100,1011,luh,luh_P034_2_S08_C06,448.0,1364.8041431650847
hust_to_luh,naive_cross,hust,luh,pytorch_simple_transformer,100,1011,luh,luh_P034_3_S09_C06,440.0,1364.8698744701423
hust_to_luh,naive_cross,hust,luh,pytorch_simple_transformer,100,1011,luh,luh_P035_1_S08_C04,279.0,1363.6572837070473
hust_to_luh,naive_cross,hust,luh,pytorch_simple_transformer,100,1011,luh,luh_P035_2_S09_C04,360.0,1363.7463698344245
hust_to_luh,naive_cross,hust,luh,pytorch_simple_transformer,100,1011,luh,luh_P035_3_S10_C02,342.0,1363.7697802933235
hust_to_luh,naive_cross,hust,luh,pytorch_simple_transformer,100,1011,luh,luh_P037_1_S05_C11,741.0,1367.8982436616927
hust_to_luh,naive_cross,hust,luh,pytorch_simple_transformer,100,1011,luh,luh_P037_3_S10_C04,783.0,1368.8117191288068
hust_to_luh,naive_cross,hust,luh,pytorch_simple_transformer,100,1011,luh,luh_P038_1_S06_C07,734.0,1367.4000041830473
hust_to_luh,naive_cross,hust,luh,pytorch_simple_transformer,100,1011,luh,luh_P038_2_S07_C07,816.0,1368.6322383169202
hust_to_luh,naive_cross,hust,luh,pytorch_simple_transformer,100,1011,luh,luh_P038_3_S10_C03,697.0,1367.0342658826382
hust_to_luh,naive_cross,hust,luh,pytorch_simple_transformer,100,1011,luh,luh_P039_1_S05_C10,552.0,1366.131747898367
hust_to_luh,naive_cross,hust,luh,pytorch_simple_transformer,100,1011,luh,luh_P039_2_S06_C05,588.0,1365.5807557083133
hust_to_luh,naive_cross,hust,luh,pytorch_simple_transformer,100,1011,luh,luh_P039_3_S07_C05,547.0,1365.2031353339414
hust_to_luh,naive_cross,hust,luh,pytorch_simple_transformer,100,1011,luh,luh_P041_1_S11_C08,236.0,1369.2073126579637
hust_to_luh,naive_cross,hust,luh,pytorch_simple_transformer,100,1011,luh,luh_P041_2_S13_C07,220.0,1368.1063319304333
hust_to_luh,naive_cross,hust,luh,pytorch_simple_transformer,100,1011,luh,luh_P041_3_S14_C07,237.0,1369.0512810963032
hust_to_luh,naive_cross,hust,luh,pytorch_simple_transformer,100,1011,luh,luh_P042_1_S11_C06,180.0,1367.3497990155577
hust_to_luh,naive_cross,hust,luh,pytorch_simple_transformer,100,1011,luh,luh_P042_2_S13_C05,204.0,1366.8198231542501
hust_to_luh,naive_cross,hust,luh,pytorch_simple_transformer,100,1011,luh,luh_P042_3_S14_C05,197.0,1368.123293497897
hust_to_luh,naive_cross,hust,luh,pytorch_simple_transformer,100,1011,luh,luh_P043_1_S11_C04,160.0,1365.259771732467
hust_to_luh,naive_cross,hust,luh,pytorch_simple_transformer,100,1011,luh,luh_P043_2_S12_C04,156.0,1365.181002207522
hust_to_luh,naive_cross,hust,luh,pytorch_simple_transformer,100,1011,luh,luh_P043_3_S14_C03,153.0,1365.5534072770022
hust_to_luh,naive_cross,hust,luh,pytorch_simple_transformer,100,1011,luh,luh_P045_1_S12_C08,975.0,1366.4418601438895
hust_to_luh,naive_cross,hust,luh,pytorch_simple_transformer,100,1011,luh,luh_P045_2_S13_C08,980.0,1366.7272777192566
hust_to_luh,naive_cross,hust,luh,pytorch_simple_transformer,100,1011,luh,luh_P045_3_S14_C08,845.0,1366.1806054505328
hust_to_luh,naive_cross,hust,luh,pytorch_simple_transformer,100,1011,luh,luh_P046_1_S12_C06,1095.0,1365.9702046999114
hust_to_luh,naive_cross,hust,luh,pytorch_simple_transformer,100,1011,luh,luh_P046_2_S13_C06,937.0,1365.78784017616
hust_to_luh,naive_cross,hust,luh,pytorch_simple_transformer,100,1011,luh,luh_P046_3_S14_C06,1044.0,1365.9669479770407
hust_to_luh,naive_cross,hust,luh,pytorch_simple_transformer,100,1011,luh,luh_P047_1_S13_C04,1015.0,1364.5698791142177
hust_to_luh,naive_cross,hust,luh,pytorch_simple_transformer,100,1011,luh,luh_P047_2_S14_C04,923.0,1364.1346452085945
hust_to_luh,naive_cross,hust,luh,pytorch_simple_transformer,100,1011,luh,luh_P047_3_S15_C01,866.0,1364.542550927692
hust_to_luh,naive_cross,hust,luh,pytorch_simple_transformer,100,1011,luh,luh_P049_1_S10_C10,1466.0,1368.9161551591167
hust_to_luh,naive_cross,hust,luh,pytorch_simple_transformer,100,1011,luh,luh_P049_3_S15_C02,1380.0,1368.2015803804827
hust_to_luh,naive_cross,hust,luh,pytorch_simple_transformer,100,1011,luh,luh_P050_1_S10_C09,1615.0,1368.216585877896
hust_to_luh,naive_cross,hust,luh,pytorch_simple_transformer,100,1011,luh,luh_P050_2_S11_C07,1575.0,1368.0006530546657
hust_to_luh,naive_cross,hust,luh,pytorch_simple_transformer,100,1011,luh,luh_P050_3_S12_C07,1555.0,1367.8388888607483
hust_to_luh,naive_cross,hust,luh,pytorch_simple_transformer,100,1011,luh,luh_P051_1_S10_C08,1234.0,1367.0062365024123
hust_to_luh,naive_cross,hust,luh,pytorch_simple_transformer,100,1011,luh,luh_P051_2_S11_C05,1318.0,1369.8028768453614
hust_to_luh,naive_cross,hust,luh,pytorch_simple_transformer,100,1011,luh,luh_P051_3_S12_C05,1238.0,1367.6295369961754
hust_to_luh,naive_cross,hust,luh,pytorch_simple_transformer,100,1011,luh,luh_P053_1_S15_C08,323.0,1369.7029450353255
hust_to_luh,naive_cross,hust,luh,pytorch_simple_transformer,100,1011,luh,luh_P053_2_S16_C08,332.0,1369.6213068108716
hust_to_luh,naive_cross,hust,luh,pytorch_simple_transformer,100,1011,luh,luh_P053_3_S19_C07,377.0,1368.4279851563583
hust_to_luh,naive_cross,hust,luh,pytorch_simple_transformer,100,1011,luh,luh_P054_1_S16_C06,359.0,1368.27530462363
hust_to_luh,naive_cross,hust,luh,pytorch_simple_transformer,100,1011,luh,luh_P054_2_S17_C06,376.0,1367.470424926579
hust_to_luh,naive_cross,hust,luh,pytorch_simple_transformer,100,1011,luh,luh_P054_3_S19_C05,384.0,1368.111550851871
hust_to_luh,naive_cross,hust,luh,pytorch_simple_transformer,100,1011,luh,luh_P055_1_S15_C05,354.0,1365.51759468328
hust_to_luh,naive_cross,hust,luh,pytorch_simple_transformer,100,1011,luh,luh_P055_2_S16_C04,350.0,1365.6927597605702
hust_to_luh,naive_cross,hust,luh,pytorch_simple_transformer,100,1011,luh,luh_P055_3_S17_C04,351.0,1365.550151547853
hust_to_luh,naive_cross,hust,luh,pytorch_simple_transformer,100,1011,luh,luh_P057_1_S17_C08,555.0,1366.513534751493
hust_to_luh,naive_cross,hust,luh,pytorch_simple_transformer,100,1011,luh,luh_P057_2_S18_C08,556.0,1366.5878196756014
hust_to_luh,naive_cross,hust,luh,pytorch_simple_transformer,100,1011,luh,luh_P057_3_S19_C08,539.0,1366.7168504574151
hust_to_luh,naive_cross,hust,luh,pytorch_simple_transformer,100,1011,luh,luh_P058_1_S15_C07,707.0,1365.5540584237635
hust_to_luh,naive_cross,hust,luh,pytorch_simple_transformer,100,1011,luh,luh_P058_2_S18_C06,672.0,1365.5130367841816
hust_to_luh,naive_cross,hust,luh,pytorch_simple_transformer,100,1011,luh,luh_P058_3_S19_C06,712.0,1366.248357480926
hust_to_luh,naive_cross,hust,luh,pytorch_simple_transformer,100,1011,luh,luh_P059_1_S15_C06,605.0,1364.8288733836446
hust_to_luh,naive_cross,hust,luh,pytorch_simple_transformer,100,1011,luh,luh_P059_2_S18_C04,660.0,1364.9141309933593
hust_to_luh,naive_cross,hust,luh,pytorch_simple_transformer,100,1011,luh,luh_P059_3_S19_C04,664.0,1364.8620646444192
hust_to_luh,naive_cross,hust,luh,pytorch_simple_transformer,100,1011,luh,luh_P061_1_S16_C09,947.0,1367.484118270077
hust_to_luh,naive_cross,hust,luh,pytorch_simple_transformer,100,1011,luh,luh_P061_2_S17_C09,942.0,1367.340019002647
hust_to_luh,naive_cross,hust,luh,pytorch_simple_transformer,100,1011,luh,luh_P061_3_S18_C09,1033.0,1367.443038650938
hust_to_luh,naive_cross,hust,luh,pytorch_simple_transformer,100,1011,luh,luh_P062_1_S16_C07,1120.0,1367.0088438623752
hust_to_luh,naive_cross,hust,luh,pytorch_simple_transformer,100,1011,luh,luh_P062_2_S17_C07,1148.0,1366.9410541195878
hust_to_luh,naive_cross,hust,luh,pytorch_simple_transformer,100,1011,luh,luh_P062_3_S18_C07,1128.0,1367.0590365109683
hust_to_luh,naive_cross,hust,luh,pytorch_simple_transformer,100,1011,luh,luh_P063_1_S16_C05,1149.0,1368.7294813627416
hust_to_luh,naive_cross,hust,luh,pytorch_simple_transformer,100,1011,luh,luh_P063_2_S17_C05,1236.0,1366.6484235256266
hust_to_luh,naive_cross,hust,luh,pytorch_simple_transformer,100,1011,luh,luh_P063_3_S18_C05,1335.0,1366.9117230613317
hust_to_luh,naive_cross,hust,luh,pytorch_simple_transformer,100,123,luh,luh_P017_1_S01_C08,139.0,1408.5124692783652
hust_to_luh,naive_cross,hust,luh,pytorch_simple_transformer,100,123,luh,luh_P017_2_S04_C07,127.0,1409.1943398236117
hust_to_luh,naive_cross,hust,luh,pytorch_simple_transformer,100,123,luh,luh_P017_3_S05_C05,126.0,1409.2951368620054
hust_to_luh,naive_cross,hust,luh,pytorch_simple_transformer,100,123,luh,luh_P018_1_S01_C06,109.0,1409.4611316963162
hust_to_luh,naive_cross,hust,luh,pytorch_simple_transformer,100,123,luh,luh_P018_2_S02_C06,107.0,1409.3462101133355
hust_to_luh,naive_cross,hust,luh,pytorch_simple_transformer,100,123,luh,luh_P018_3_S04_C05,107.0,1409.367043155206
hust_to_luh,naive_cross,hust,luh,pytorch_simple_transformer,100,123,luh,luh_P019_1_S01_C04,63.0,1414.1101904984005
hust_to_luh,naive_cross,hust,luh,pytorch_simple_transformer,100,123,luh,luh_P019_2_S02_C04,62.0,1414.2403364418785
hust_to_luh,naive_cross,hust,luh,pytorch_simple_transformer,100,123,luh,luh_P019_3_S05_C02,60.0,1414.374540915415
hust_to_luh,naive_cross,hust,luh,pytorch_simple_transformer,100,123,luh,luh_P021_1_S02_C08,451.0,1399.5793440992709
hust_to_luh,naive_cross,hust,luh,pytorch_simple_transformer,100,123,luh,luh_P021_2_S03_C08,428.0,1401.0810675466266
hust_to_luh,naive_cross,hust,luh,pytorch_simple_transformer,100,123,luh,luh_P021_3_S04_C08,430.0,1400.4098004499988
hust_to_luh,naive_cross,hust,luh,pytorch_simple_transformer,100,123,luh,luh_P022_1_S03_C06,341.0,1400.9214037287657
hust_to_luh,naive_cross,hust,luh,pytorch_simple_transformer,100,123,luh,luh_P022_2_S04_C06,344.0,1401.7105473499125
hust_to_luh,naive_cross,hust,luh,pytorch_simple_transformer,100,123,luh,luh_P022_3_S05_C04,314.0,1402.3202494712652
hust_to_luh,naive_cross,hust,luh,pytorch_simple_transformer,100,123,luh,luh_P023_1_S03_C04,82.0,1413.7636426222932
hust_to_luh,naive_cross,hust,luh,pytorch_simple_transformer,100,123,luh,luh_P023_2_S04_C04,72.0,1414.873704466712
hust_to_luh,naive_cross,hust,luh,pytorch_simple_transformer,100,123,luh,luh_P023_3_S05_C03,79.0,1414.0474819623726
hust_to_luh,naive_cross,hust,luh,pytorch_simple_transformer,100,123,luh,luh_P025_1_S01_C09,718.0,1392.3178918369367
hust_to_luh,naive_cross,hust,luh,pytorch_simple_transformer,100,123,luh,luh_P025_2_S02_C09,690.0,1392.5974255437638
hust_to_luh,naive_cross,hust,luh,pytorch_simple_transformer,100,123,luh,luh_P025_3_S03_C09,702.0,1392.2256115571024
hust_to_luh,naive_cross,hust,luh,pytorch_simple_transformer,100,123,luh,luh_P026_1_S01_C07,581.0,1393.7201091591667
hust_to_luh,naive_cross,hust,luh,pytorch_simple_transformer,100,123,luh,luh_P026_2_S02_C07,613.0,1393.3619478955854
hust_to_luh,naive_cross,hust,luh,pytorch_simple_transformer,100,123,luh,luh_P026_3_S03_C07,563.0,1393.428390154838
hust_to_luh,naive_cross,hust,luh,pytorch_simple_transformer,100,123,luh,luh_P027_1_S01_C05,269.0,1394.8969079384785
hust_to_luh,naive_cross,hust,luh,pytorch_simple_transformer,100,123,luh,luh_P027_2_S02_C05,285.0,1393.395833051936
hust_to_luh,naive_cross,hust,luh,pytorch_simple_transformer,100,123,luh,luh_P027_3_S03_C05,298.0,1394.1767487170605
hust_to_luh,naive_cross,hust,luh,pytorch_simple_transformer,100,123,luh,luh_P029_1_S06_C08,132.0,1408.4177724791016
hust_to_luh,naive_cross,hust,luh,pytorch_simple_transformer,100,123,luh,luh_P029_2_S08_C07,135.0,1408.4540385861337
hust_to_luh,naive_cross,hust,luh,pytorch_simple_transformer,100,123,luh,luh_P029_3_S09_C07,135.0,1408.6400849650058
hust_to_luh,naive_cross,hust,luh,pytorch_simple_transformer,100,123,luh,luh_P030_1_S06_C06,118.0,1408.354644816638
hust_to_luh,naive_cross,hust,luh,pytorch_simple_transformer,100,123,luh,luh_P030_2_S08_C05,123.0,1408.7321097659124
hust_to_luh,naive_cross,hust,luh,pytorch_simple_transformer,100,123,luh,luh_P030_3_S09_C05,123.0,1408.4950069784504
hust_to_luh,naive_cross,hust,luh,pytorch_simple_transformer,100,123,luh,luh_P031_1_S06_C04,97.0,1410.1690132614726
hust_to_luh,naive_cross,hust,luh,pytorch_simple_transformer,100,123,luh,luh_P031_2_S07_C04,94.0,1410.418503514443
hust_to_luh,naive_cross,hust,luh,pytorch_simple_transformer,100,123,luh,luh_P031_3_S09_C03,90.0,1410.8267943497874
hust_to_luh,naive_cross,hust,luh,pytorch_simple_transformer,100,123,luh,luh_P033_1_S07_C08,524.0,1398.8467620560123
hust_to_luh,naive_cross,hust,luh,pytorch_simple_transformer,100,123,luh,luh_P033_2_S08_C08,508.0,1399.096917714047
hust_to_luh,naive_cross,hust,luh,pytorch_simple_transformer,100,123,luh,luh_P033_3_S09_C08,523.0,1399.1189335534068
hust_to_luh,naive_cross,hust,luh,pytorch_simple_transformer,100,123,luh,luh_P034_1_S07_C06,446.0,1398.3639213952722
hust_to_luh,naive_cross,hust,luh,pytorch_simple_transformer,100,123,luh,luh_P034_2_S08_C06,448.0,1398.5239606034334
hust_to_luh,naive_cross,hust,luh,pytorch_simple_transformer,100,123,luh,luh_P034_3_S09_C06,440.0,1398.92480582045
hust_to_luh,naive_cross,hust,luh,pytorch_simple_transformer,100,123,luh,luh_P035_1_S08_C04,279.0,1398.5539699939955
hust_to_luh,naive_cross,hust,luh,pytorch_simple_transformer,100,123,luh,luh_P035_2_S09_C04,360.0,1397.5526710906768
hust_to_luh,naive_cross,hust,luh,pytorch_simple_transformer,100,123,luh,luh_P035_3_S10_C02,342.0,1398.7907333204746
hust_to_luh,naive_cross,hust,luh,pytorch_simple_transformer,100,123,luh,luh_P037_1_S05_C11,741.0,1393.2284085381107
hust_to_luh,naive_cross,hust,luh,pytorch_simple_transformer,100,123,luh,luh_P037_3_S10_C04,783.0,1392.0085446570308
hust_to_luh,naive_cross,hust,luh,pytorch_simple_transformer,100,123,luh,luh_P038_1_S06_C07,734.0,1391.8047848221158
hust_to_luh,naive_cross,hust,luh,pytorch_simple_transformer,100,123,luh,luh_P038_2_S07_C07,816.0,1390.678339031302
hust_to_luh,naive_cross,hust,luh,pytorch_simple_transformer,100,123,luh,luh_P038_3_S10_C03,697.0,1391.9534535511355
hust_to_luh,naive_cross,hust,luh,pytorch_simple_transformer,100,123,luh,luh_P039_1_S05_C10,552.0,1390.7592428916084
hust_to_luh,naive_cross,hust,luh,pytorch_simple_transformer,100,123,luh,luh_P039_2_S06_C05,588.0,1391.2593597176115
hust_to_luh,naive_cross,hust,luh,pytorch_simple_transformer,100,123,luh,luh_P039_3_S07_C05,547.0,1391.9654008347322
hust_to_luh,naive_cross,hust,luh,pytorch_simple_transformer,100,123,luh,luh_P041_1_S11_C08,236.0,1404.3009350216998
hust_to_luh,naive_cross,hust,luh,pytorch_simple_transformer,100,123,luh,luh_P041_2_S13_C07,220.0,1405.0678625484863
hust_to_luh,naive_cross,hust,luh,pytorch_simple_transformer,100,123,luh,luh_P041_3_S14_C07,237.0,1404.3062920148543
hust_to_luh,naive_cross,hust,luh,pytorch_simple_transformer,100,123,luh,luh_P042_1_S11_C06,180.0,1405.3553170438784
hust_to_luh,naive_cross,hust,luh,pytorch_simple_transformer,100,123,luh,luh_P042_2_S13_C05,204.0,1403.927335166868
hust_to_luh,naive_cross,hust,luh,pytorch_simple_transformer,100,123,luh,luh_P042_3_S14_C05,197.0,1404.0565439434101
hust_to_luh,naive_cross,hust,luh,pytorch_simple_transformer,100,123,luh,luh_P043_1_S11_C04,160.0,1406.2797241879848
hust_to_luh,naive_cross,hust,luh,pytorch_simple_transformer,100,123,luh,luh_P043_2_S12_C04,156.0,1406.630474163693
hust_to_luh,naive_cross,hust,luh,pytorch_simple_transformer,100,123,luh,luh_P043_3_S14_C03,153.0,1406.882692636146
hust_to_luh,naive_cross,hust,luh,pytorch_simple_transformer,100,123,luh,luh_P045_1_S12_C08,975.0,1395.182946893541
hust_to_luh,naive_cross,hust,luh,pytorch_simple_transformer,100,123,luh,luh_P045_2_S13_C08,980.0,1394.6069376186633
hust_to_luh,naive_cross,hust,luh,pytorch_simple_transformer,100,123,luh,luh_P045_3_S14_C08,845.0,1398.6440020293683
hust_to_luh,naive_cross,hust,luh,pytorch_simple_transformer,100,123,luh,luh_P046_1_S12_C06,1095.0,1394.0683912976667
hust_to_luh,naive_cross,hust,luh,pytorch_simple_transformer,100,123,luh,luh_P046_2_S13_C06,937.0,1395.042580914854
hust_to_luh,naive_cross,hust,luh,pytorch_simple_transformer,100,123,luh,luh_P046_3_S14_C06,1044.0,1393.7413758025757
hust_to_luh,naive_cross,hust,luh,pytorch_simple_transformer,100,123,luh,luh_P047_1_S13_C04,1015.0,1392.9959078637492
hust_to_luh,naive_cross,hust,luh,pytorch_simple_transformer,100,123,luh,luh_P047_2_S14_C04,923.0,1394.6993757388889
hust_to_luh,naive_cross,hust,luh,pytorch_simple_transformer,100,123,luh,luh_P047_3_S15_C01,866.0,1393.1745977882258
hust_to_luh,naive_cross,hust,luh,pytorch_simple_transformer,100,123,luh,luh_P049_1_S10_C10,1466.0,1391.9634096136783
hust_to_luh,naive_cross,hust,luh,pytorch_simple_transformer,100,123,luh,luh_P049_3_S15_C02,1380.0,1393.0649897265064
hust_to_luh,naive_cross,hust,luh,pytorch_simple_transformer,100,123,luh,luh_P050_1_S10_C09,1615.0,1390.266598062284
hust_to_luh,naive_cross,hust,luh,pytorch_simple_transformer,100,123,luh,luh_P050_2_S11_C07,1575.0,1391.84062315239
hust_to_luh,naive_cross,hust,luh,pytorch_simple_transformer,100,123,luh,luh_P050_3_S12_C07,1555.0,1390.8699959706996
hust_to_luh,naive_cross,hust,luh,pytorch_simple_transformer,100,123,luh,luh_P051_1_S10_C08,1234.0,1388.9413685338775
hust_to_luh,naive_cross,hust,luh,pytorch_simple_transformer,100,123,luh,luh_P051_2_S11_C05,1318.0,1387.1549737009093
hust_to_luh,naive_cross,hust,luh,pytorch_simple_transformer,100,123,luh,luh_P051_3_S12_C05,1238.0,1388.5705306894288
hust_to_luh,naive_cross,hust,luh,pytorch_simple_transformer,100,123,luh,luh_P053_1_S15_C08,323.0,1405.1040423968852
hust_to_luh,naive_cross,hust,luh,pytorch_simple_transformer,100,123,luh,luh_P053_2_S16_C08,332.0,1404.99885542075
hust_to_luh,naive_cross,hust,luh,pytorch_simple_transformer,100,123,luh,luh_P053_3_S19_C07,377.0,1404.1181398770548
hust_to_luh,naive_cross,hust,luh,pytorch_simple_transformer,100,123,luh,luh_P054_1_S16_C06,359.0,1403.4507714288327
hust_to_luh,naive_cross,hust,luh,pytorch_simple_transformer,100,123,luh,luh_P054_2_S17_C06,376.0,1403.5759206767354
hust_to_luh,naive_cross,hust,luh,pytorch_simple_transformer,100,123,luh,luh_P054_3_S19_C05,384.0,1402.9569758202892
hust_to_luh,naive_cross,hust,luh,pytorch_simple_transformer,100,123,luh,luh_P055_1_S15_C05,354.0,1404.4790660010638
hust_to_luh,naive_cross,hust,luh,pytorch_simple_transformer,100,123,luh,luh_P055_2_S16_C04,350.0,1404.611004635819
hust_to_luh,naive_cross,hust,luh,pytorch_simple_transformer,100,123,luh,luh_P055_3_S17_C04,351.0,1404.4656719088
hust_to_luh,naive_cross,hust,luh,pytorch_simple_transformer,100,123,luh,luh_P057_1_S17_C08,555.0,1399.4091747287575
hust_to_luh,naive_cross,hust,luh,pytorch_simple_transformer,100,123,luh,luh_P057_2_S18_C08,556.0,1398.9668311894072
hust_to_luh,naive_cross,hust,luh,pytorch_simple_transformer,100,123,luh,luh_P057_3_S19_C08,539.0,1396.2071810010436
hust_to_luh,naive_cross,hust,luh,pytorch_simple_transformer,100,123,luh,luh_P058_1_S15_C07,707.0,1395.2228639688508
hust_to_luh,naive_cross,hust,luh,pytorch_simple_transformer,100,123,luh,luh_P058_2_S18_C06,672.0,1395.2321781174173
hust_to_luh,naive_cross,hust,luh,pytorch_simple_transformer,100,123,luh,luh_P058_3_S19_C06,712.0,1393.6722603979447
hust_to_luh,naive_cross,hust,luh,pytorch_simple_transformer,100,123,luh,luh_P059_1_S15_C06,605.0,1392.4327528153615
hust_to_luh,naive_cross,hust,luh,pytorch_simple_transformer,100,123,luh,luh_P059_2_S18_C04,660.0,1392.1539159935692
hust_to_luh,naive_cross,hust,luh,pytorch_simple_transformer,100,123,luh,luh_P059_3_S19_C04,664.0,1392.2933274240781
hust_to_luh,naive_cross,hust,luh,pytorch_simple_transformer,100,123,luh,luh_P061_1_S16_C09,947.0,1395.6008021995306
hust_to_luh,naive_cross,hust,luh,pytorch_simple_transformer,100,123,luh,luh_P061_2_S17_C09,942.0,1395.0651981749493
hust_to_luh,naive_cross,hust,luh,pytorch_simple_transformer,100,123,luh,luh_P061_3_S18_C09,1033.0,1393.6576402707879
hust_to_luh,naive_cross,hust,luh,pytorch_simple_transformer,100,123,luh,luh_P062_1_S16_C07,1120.0,1391.9521260815102
hust_to_luh,naive_cross,hust,luh,pytorch_simple_transformer,100,123,luh,luh_P062_2_S17_C07,1148.0,1392.812591836869
hust_to_luh,naive_cross,hust,luh,pytorch_simple_transformer,100,123,luh,luh_P062_3_S18_C07,1128.0,1392.0045620943363
hust_to_luh,naive_cross,hust,luh,pytorch_simple_transformer,100,123,luh,luh_P063_1_S16_C05,1149.0,1387.4844134383013
hust_to_luh,naive_cross,hust,luh,pytorch_simple_transformer,100,123,luh,luh_P063_2_S17_C05,1236.0,1389.2301608537596
hust_to_luh,naive_cross,hust,luh,pytorch_simple_transformer,100,123,luh,luh_P063_3_S18_C05,1335.0,1388.9042802931765
hust_to_luh,naive_cross,hust,luh,pytorch_simple_transformer,100,42,luh,luh_P017_1_S01_C08,139.0,1365.1386898763292
hust_to_luh,naive_cross,hust,luh,pytorch_simple_transformer,100,42,luh,luh_P017_2_S04_C07,127.0,1366.0685613887688
hust_to_luh,naive_cross,hust,luh,pytorch_simple_transformer,100,42,luh,luh_P017_3_S05_C05,126.0,1366.1890742705887
hust_to_luh,naive_cross,hust,luh,pytorch_simple_transformer,100,42,luh,luh_P018_1_S01_C06,109.0,1365.4869919383275
hust_to_luh,naive_cross,hust,luh,pytorch_simple_transformer,100,42,luh,luh_P018_2_S02_C06,107.0,1365.6582459048047
hust_to_luh,naive_cross,hust,luh,pytorch_simple_transformer,100,42,luh,luh_P018_3_S04_C05,107.0,1365.703830427368
hust_to_luh,naive_cross,hust,luh,pytorch_simple_transformer,100,42,luh,luh_P019_1_S01_C04,63.0,1372.1222957983337
hust_to_luh,naive_cross,hust,luh,pytorch_simple_transformer,100,42,luh,luh_P019_2_S02_C04,62.0,1372.018923626821
hust_to_luh,naive_cross,hust,luh,pytorch_simple_transformer,100,42,luh,luh_P019_3_S05_C02,60.0,1371.8710757027677
hust_to_luh,naive_cross,hust,luh,pytorch_simple_transformer,100,42,luh,luh_P021_1_S02_C08,451.0,1358.3434786205964
hust_to_luh,naive_cross,hust,luh,pytorch_simple_transformer,100,42,luh,luh_P021_2_S03_C08,428.0,1358.96801328286
hust_to_luh,naive_cross,hust,luh,pytorch_simple_transformer,100,42,luh,luh_P021_3_S04_C08,430.0,1358.4004781771769
hust_to_luh,naive_cross,hust,luh,pytorch_simple_transformer,100,42,luh,luh_P022_1_S03_C06,341.0,1358.8345305110888
hust_to_luh,naive_cross,hust,luh,pytorch_simple_transformer,100,42,luh,luh_P022_2_S04_C06,344.0,1359.0146705478596
hust_to_luh,naive_cross,hust,luh,pytorch_simple_transformer,100,42,luh,luh_P022_3_S05_C04,314.0,1359.4988342056631
hust_to_luh,naive_cross,hust,luh,pytorch_simple_transformer,100,42,luh,luh_P023_1_S03_C04,82.0,1371.0124336181461
hust_to_luh,naive_cross,hust,luh,pytorch_simple_transformer,100,42,luh,luh_P023_2_S04_C04,72.0,1371.3413091421892
hust_to_luh,naive_cross,hust,luh,pytorch_simple_transformer,100,42,luh,luh_P023_3_S05_C03,79.0,1371.3825058700213
hust_to_luh,naive_cross,hust,luh,pytorch_simple_transformer,100,42,luh,luh_P025_1_S01_C09,718.0,1355.554074649818
hust_to_luh,naive_cross,hust,luh,pytorch_simple_transformer,100,42,luh,luh_P025_2_S02_C09,690.0,1355.740890923462
hust_to_luh,naive_cross,hust,luh,pytorch_simple_transformer,100,42,luh,luh_P025_3_S03_C09,702.0,1355.8126507298693
hust_to_luh,naive_cross,hust,luh,pytorch_simple_transformer,100,42,luh,luh_P026_1_S01_C07,581.0,1355.982044796037
hust_to_luh,naive_cross,hust,luh,pytorch_simple_transformer,100,42,luh,luh_P026_2_S02_C07,613.0,1355.8120042281719
hust_to_luh,naive_cross,hust,luh,pytorch_simple_transformer,100,42,luh,luh_P026_3_S03_C07,563.0,1356.0363588242699
hust_to_luh,naive_cross,hust,luh,pytorch_simple_transformer,100,42,luh,luh_P027_1_S01_C05,269.0,1356.6669487093152
hust_to_luh,naive_cross,hust,luh,pytorch_simple_transformer,100,42,luh,luh_P027_2_S02_C05,285.0,1356.2122477488576
hust_to_luh,naive_cross,hust,luh,pytorch_simple_transformer,100,42,luh,luh_P027_3_S03_C05,298.0,1356.4877666912562
hust_to_luh,naive_cross,hust,luh,pytorch_simple_transformer,100,42,luh,luh_P029_1_S06_C08,132.0,1365.5814068681154
hust_to_luh,naive_cross,hust,luh,pytorch_simple_transformer,100,42,luh,luh_P029_2_S08_C07,135.0,1365.263677777593
hust_to_luh,naive_cross,hust,luh,pytorch_simple_transformer,100,42,luh,luh_P029_3_S09_C07,135.0,1365.0625309849474
hust_to_luh,naive_cross,hust,luh,pytorch_simple_transformer,100,42,luh,luh_P030_1_S06_C06,118.0,1364.749477956234
hust_to_luh,naive_cross,hust,luh,pytorch_simple_transformer,100,42,luh,luh_P030_2_S08_C05,123.0,1364.6336470112303
hust_to_luh,naive_cross,hust,luh,pytorch_simple_transformer,100,42,luh,luh_P030_3_S09_C05,123.0,1364.6310441815917
hust_to_luh,naive_cross,hust,luh,pytorch_simple_transformer,100,42,luh,luh_P031_1_S06_C04,97.0,1367.7462744262587
hust_to_luh,naive_cross,hust,luh,pytorch_simple_transformer,100,42,luh,luh_P031_2_S07_C04,94.0,1368.0828470303306
hust_to_luh,naive_cross,hust,luh,pytorch_simple_transformer,100,42,luh,luh_P031_3_S09_C03,90.0,1368.7262180612504
hust_to_luh,naive_cross,hust,luh,pytorch_simple_transformer,100,42,luh,luh_P033_1_S07_C08,524.0,1357.4085092632088
hust_to_luh,naive_cross,hust,luh,pytorch_simple_transformer,100,42,luh,luh_P033_2_S08_C08,508.0,1358.1627799289859
hust_to_luh,naive_cross,hust,luh,pytorch_simple_transformer,100,42,luh,luh_P033_3_S09_C08,523.0,1358.1465894634796
hust_to_luh,naive_cross,hust,luh,pytorch_simple_transformer,100,42,luh,luh_P034_1_S07_C06,446.0,1357.8551940858658
hust_to_luh,naive_cross,hust,luh,pytorch_simple_transformer,100,42,luh,luh_P034_2_S08_C06,448.0,1357.9562040693854
hust_to_luh,naive_cross,hust,luh,pytorch_simple_transformer,100,42,luh,luh_P034_3_S09_C06,440.0,1358.0850674547357
hust_to_luh,naive_cross,hust,luh,pytorch_simple_transformer,100,42,luh,luh_P035_1_S08_C04,279.0,1358.360966866567
hust_to_luh,naive_cross,hust,luh,pytorch_simple_transformer,100,42,luh,luh_P035_2_S09_C04,360.0,1357.8325326215484
hust_to_luh,naive_cross,hust,luh,pytorch_simple_transformer,100,42,luh,luh_P035_3_S10_C02,342.0,1358.382989422517
hust_to_luh,naive_cross,hust,luh,pytorch_simple_transformer,100,42,luh,luh_P037_1_S05_C11,741.0,1355.4952554776733
hust_to_luh,naive_cross,hust,luh,pytorch_simple_transformer,100,42,luh,luh_P037_3_S10_C04,783.0,1355.0719620032332
hust_to_luh,naive_cross,hust,luh,pytorch_simple_transformer,100,42,luh,luh_P038_1_S06_C07,734.0,1355.725375789032
hust_to_luh,naive_cross,hust,luh,pytorch_simple_transformer,100,42,luh,luh_P038_2_S07_C07,816.0,1356.0596369309224
hust_to_luh,naive_cross,hust,luh,pytorch_simple_transformer,100,42,luh,luh_P038_3_S10_C03,697.0,1355.5650631297522
hust_to_luh,naive_cross,hust,luh,pytorch_simple_transformer,100,42,luh,luh_P039_1_S05_C10,552.0,1355.6348743769067
hust_to_luh,naive_cross,hust,luh,pytorch_simple_transformer,100,42,luh,luh_P039_2_S06_C05,588.0,1355.5081825494258
hust_to_luh,naive_cross,hust,luh,pytorch_simple_transformer,100,42,luh,luh_P039_3_S07_C05,547.0,1355.645217089658
hust_to_luh,naive_cross,hust,luh,pytorch_simple_transformer,100,42,luh,luh_P041_1_S11_C08,236.0,1362.5568674503224
hust_to_luh,naive_cross,hust,luh,pytorch_simple_transformer,100,42,luh,luh_P041_2_S13_C07,220.0,1362.1800832636395
hust_to_luh,naive_cross,hust,luh,pytorch_simple_transformer,100,42,luh,luh_P041_3_S14_C07,237.0,1362.367812703539
hust_to_luh,naive_cross,hust,luh,pytorch_simple_transformer,100,42,luh,luh_P042_1_S11_C06,180.0,1361.9196433939826
hust_to_luh,naive_cross,hust,luh,pytorch_simple_transformer,100,42,luh,luh_P042_2_S13_C05,204.0,1361.1626372596038
hust_to_luh,naive_cross,hust,luh,pytorch_simple_transformer,100,42,luh,luh_P042_3_S14_C05,197.0,1361.7988577664066
hust_to_luh,naive_cross,hust,luh,pytorch_simple_transformer,100,42,luh,luh_P043_1_S11_C04,160.0,1363.5174887433147
hust_to_luh,naive_cross,hust,luh,pytorch_simple_transformer,100,42,luh,luh_P043_2_S12_C04,156.0,1363.7301128077365
hust_to_luh,naive_cross,hust,luh,pytorch_simple_transformer,100,42,luh,luh_P043_3_S14_C03,153.0,1364.0682988731257
hust_to_luh,naive_cross,hust,luh,pytorch_simple_transformer,100,42,luh,luh_P045_1_S12_C08,975.0,1356.5569786004748
hust_to_luh,naive_cross,hust,luh,pytorch_simple_transformer,100,42,luh,luh_P045_2_S13_C08,980.0,1356.0137277147876
hust_to_luh,naive_cross,hust,luh,pytorch_simple_transformer,100,42,luh,luh_P045_3_S14_C08,845.0,1357.6531966587957
hust_to_luh,naive_cross,hust,luh,pytorch_simple_transformer,100,42,luh,luh_P046_1_S12_C06,1095.0,1356.1314136086596
hust_to_luh,naive_cross,hust,luh,pytorch_simple_transformer,100,42,luh,luh_P046_2_S13_C06,937.0,1356.3862191602284
hust_to_luh,naive_cross,hust,luh,pytorch_simple_transformer,100,42,luh,luh_P046_3_S14_C06,1044.0,1356.1171872985926
hust_to_luh,naive_cross,hust,luh,pytorch_simple_transformer,100,42,luh,luh_P047_1_S13_C04,1015.0,1355.8753628597653
hust_to_luh,naive_cross,hust,luh,pytorch_simple_transformer,100,42,luh,luh_P047_2_S14_C04,923.0,1356.1631000174561
hust_to_luh,naive_cross,hust,luh,pytorch_simple_transformer,100,42,luh,luh_P047_3_S15_C01,866.0,1355.7363656575785
hust_to_luh,naive_cross,hust,luh,pytorch_simple_transformer,100,42,luh,luh_P049_1_S10_C10,1466.0,1355.0028258599689
hust_to_luh,naive_cross,hust,luh,pytorch_simple_transformer,100,42,luh,luh_P049_3_S15_C02,1380.0,1355.3918433416904
hust_to_luh,naive_cross,hust,luh,pytorch_simple_transformer,100,42,luh,luh_P050_1_S10_C09,1615.0,1355.5036580602891
hust_to_luh,naive_cross,hust,luh,pytorch_simple_transformer,100,42,luh,luh_P050_2_S11_C07,1575.0,1355.3201058075763
hust_to_luh,naive_cross,hust,luh,pytorch_simple_transformer,100,42,luh,luh_P050_3_S12_C07,1555.0,1355.4118788268117
hust_to_luh,naive_cross,hust,luh,pytorch_simple_transformer,100,42,luh,luh_P051_1_S10_C08,1234.0,1355.1740573379666
hust_to_luh,naive_cross,hust,luh,pytorch_simple_transformer,100,42,luh,luh_P051_2_S11_C05,1318.0,1357.014383436841
hust_to_luh,naive_cross,hust,luh,pytorch_simple_transformer,100,42,luh,luh_P051_3_S12_C05,1238.0,1355.6736599565997
hust_to_luh,naive_cross,hust,luh,pytorch_simple_transformer,100,42,luh,luh_P053_1_S15_C08,323.0,1363.001346868616
hust_to_luh,naive_cross,hust,luh,pytorch_simple_transformer,100,42,luh,luh_P053_2_S16_C08,332.0,1363.0026467286139
hust_to_luh,naive_cross,hust,luh,pytorch_simple_transformer,100,42,luh,luh_P053_3_S19_C07,377.0,1362.0716147231324
hust_to_luh,naive_cross,hust,luh,pytorch_simple_transformer,100,42,luh,luh_P054_1_S16_C06,359.0,1361.4424078175552
hust_to_luh,naive_cross,hust,luh,pytorch_simple_transformer,100,42,luh,luh_P054_2_S17_C06,376.0,1361.2762262605058
hust_to_luh,naive_cross,hust,luh,pytorch_simple_transformer,100,42,luh,luh_P054_3_S19_C05,384.0,1361.014012254807
hust_to_luh,naive_cross,hust,luh,pytorch_simple_transformer,100,42,luh,luh_P055_1_S15_C05,354.0,1361.6378269262443
hust_to_luh,naive_cross,hust,luh,pytorch_simple_transformer,100,42,luh,luh_P055_2_S16_C04,350.0,1361.7514555817168
hust_to_luh,naive_cross,hust,luh,pytorch_simple_transformer,100,42,luh,luh_P055_3_S17_C04,351.0,1361.6209457635796
hust_to_luh,naive_cross,hust,luh,pytorch_simple_transformer,100,42,luh,luh_P057_1_S17_C08,555.0,1357.9400160664409
hust_to_luh,naive_cross,hust,luh,pytorch_simple_transformer,100,42,luh,luh_P057_2_S18_C08,556.0,1357.513369889478
hust_to_luh,naive_cross,hust,luh,pytorch_simple_transformer,100,42,luh,luh_P057_3_S19_C08,539.0,1356.32671713317
hust_to_luh,naive_cross,hust,luh,pytorch_simple_transformer,100,42,luh,luh_P058_1_S15_C07,707.0,1356.542100976242
hust_to_luh,naive_cross,hust,luh,pytorch_simple_transformer,100,42,luh,luh_P058_2_S18_C06,672.0,1356.5899686971165
hust_to_luh,naive_cross,hust,luh,pytorch_simple_transformer,100,42,luh,luh_P058_3_S19_C06,712.0,1355.881181658045
hust_to_luh,naive_cross,hust,luh,pytorch_simple_transformer,100,42,luh,luh_P059_1_S15_C06,605.0,1355.5637703627835
hust_to_luh,naive_cross,hust,luh,pytorch_simple_transformer,100,42,luh,luh_P059_2_S18_C04,660.0,1355.4429020977711
hust_to_luh,naive_cross,hust,luh,pytorch_simple_transformer,100,42,luh,luh_P059_3_S19_C04,664.0,1355.3401402322688
hust_to_luh,naive_cross,hust,luh,pytorch_simple_transformer,100,42,luh,luh_P061_1_S16_C09,947.0,1355.8469157609725
hust_to_luh,naive_cross,hust,luh,pytorch_simple_transformer,100,42,luh,luh_P061_2_S17_C09,942.0,1356.0764491453535
hust_to_luh,naive_cross,hust,luh,pytorch_simple_transformer,100,42,luh,luh_P061_3_S18_C09,1033.0,1355.7971347742182
hust_to_luh,naive_cross,hust,luh,pytorch_simple_transformer,100,42,luh,luh_P062_1_S16_C07,1120.0,1355.4144640722711
hust_to_luh,naive_cross,hust,luh,pytorch_simple_transformer,100,42,luh,luh_P062_2_S17_C07,1148.0,1355.4887919880275
hust_to_luh,naive_cross,hust,luh,pytorch_simple_transformer,100,42,luh,luh_P062_3_S18_C07,1128.0,1355.3924896430394
hust_to_luh,naive_cross,hust,luh,pytorch_simple_transformer,100,42,luh,luh_P063_1_S16_C05,1149.0,1356.0745092638201
hust_to_luh,naive_cross,hust,luh,pytorch_simple_transformer,100,42,luh,luh_P063_2_S17_C05,1236.0,1355.2057213778528
hust_to_luh,naive_cross,hust,luh,pytorch_simple_transformer,100,42,luh,luh_P063_3_S18_C05,1335.0,1355.2367399301888
hust_to_luh,naive_cross,hust,luh,pytorch_simple_transformer,100,456,luh,luh_P017_1_S01_C08,139.0,1117.5448134277904
hust_to_luh,naive_cross,hust,luh,pytorch_simple_transformer,100,456,luh,luh_P017_2_S04_C07,127.0,1119.410941006776
hust_to_luh,naive_cross,hust,luh,pytorch_simple_transformer,100,456,luh,luh_P017_3_S05_C05,126.0,1119.4392315310533
hust_to_luh,naive_cross,hust,luh,pytorch_simple_transformer,100,456,luh,luh_P018_1_S01_C06,109.0,1122.63638776716
hust_to_luh,naive_cross,hust,luh,pytorch_simple_transformer,100,456,luh,luh_P018_2_S02_C06,107.0,1122.843573689453
hust_to_luh,naive_cross,hust,luh,pytorch_simple_transformer,100,456,luh,luh_P018_3_S04_C05,107.0,1123.0379456256494
hust_to_luh,naive_cross,hust,luh,pytorch_simple_transformer,100,456,luh,luh_P019_1_S01_C04,63.0,1124.6000316472814
hust_to_luh,naive_cross,hust,luh,pytorch_simple_transformer,100,456,luh,luh_P019_2_S02_C04,62.0,1124.4654406798932
hust_to_luh,naive_cross,hust,luh,pytorch_simple_transformer,100,456,luh,luh_P019_3_S05_C02,60.0,1124.2563472296433
hust_to_luh,naive_cross,hust,luh,pytorch_simple_transformer,100,456,luh,luh_P021_1_S02_C08,451.0,1107.0855364528134
hust_to_luh,naive_cross,hust,luh,pytorch_simple_transformer,100,456,luh,luh_P021_2_S03_C08,428.0,1107.97857453702
hust_to_luh,naive_cross,hust,luh,pytorch_simple_transformer,100,456,luh,luh_P021_3_S04_C08,430.0,1107.740325421069
hust_to_luh,naive_cross,hust,luh,pytorch_simple_transformer,100,456,luh,luh_P022_1_S03_C06,341.0,1108.6465790758773
hust_to_luh,naive_cross,hust,luh,pytorch_simple_transformer,100,456,luh,luh_P022_2_S04_C06,344.0,1109.5847900911613
hust_to_luh,naive_cross,hust,luh,pytorch_simple_transformer,100,456,luh,luh_P022_3_S05_C04,314.0,1110.0721901570487
hust_to_luh,naive_cross,hust,luh,pytorch_simple_transformer,100,456,luh,luh_P023_1_S03_C04,82.0,1120.3774939356035
hust_to_luh,naive_cross,hust,luh,pytorch_simple_transformer,100,456,luh,luh_P023_2_S04_C04,72.0,1120.7456441288746
hust_to_luh,naive_cross,hust,luh,pytorch_simple_transformer,100,456,luh,luh_P023_3_S05_C03,79.0,1120.7301462541568
hust_to_luh,naive_cross,hust,luh,pytorch_simple_transformer,100,456,luh,luh_P025_1_S01_C09,718.0,1104.7488830612454
hust_to_luh,naive_cross,hust,luh,pytorch_simple_transformer,100,456,luh,luh_P025_2_S02_C09,690.0,1104.73465994922
hust_to_luh,naive_cross,hust,luh,pytorch_simple_transformer,100,456,luh,luh_P025_3_S03_C09,702.0,1104.3170035398912
hust_to_luh,naive_cross,hust,luh,pytorch_simple_transformer,100,456,luh,luh_P026_1_S01_C07,581.0,1105.636873011095
hust_to_luh,naive_cross,hust,luh,pytorch_simple_transformer,100,456,luh,luh_P026_2_S02_C07,613.0,1105.797683371648
hust_to_luh,naive_cross,hust,luh,pytorch_simple_transformer,100,456,luh,luh_P026_3_S03_C07,563.0,1105.1503664085587
hust_to_luh,naive_cross,hust,luh,pytorch_simple_transformer,100,456,luh,luh_P027_1_S01_C05,269.0,1107.0306362639108
hust_to_luh,naive_cross,hust,luh,pytorch_simple_transformer,100,456,luh,luh_P027_2_S02_C05,285.0,1106.0935300635751
hust_to_luh,naive_cross,hust,luh,pytorch_simple_transformer,100,456,luh,luh_P027_3_S03_C05,298.0,1106.3171815057478
hust_to_luh,naive_cross,hust,luh,pytorch_simple_transformer,100,456,luh,luh_P029_1_S06_C08,132.0,1119.2801733460647
hust_to_luh,naive_cross,hust,luh,pytorch_simple_transformer,100,456,luh,luh_P029_2_S08_C07,135.0,1118.3294982889076
hust_to_luh,naive_cross,hust,luh,pytorch_simple_transformer,100,456,luh,luh_P029_3_S09_C07,135.0,1117.7324053570271
hust_to_luh,naive_cross,hust,luh,pytorch_simple_transformer,100,456,luh,luh_P030_1_S06_C06,118.0,1120.4517554258407
hust_to_luh,naive_cross,hust,luh,pytorch_simple_transformer,100,456,luh,luh_P030_2_S08_C05,123.0,1120.1365786746085
hust_to_luh,naive_cross,hust,luh,pytorch_simple_transformer,100,456,luh,luh_P030_3_S09_C05,123.0,1119.8754231017397
hust_to_luh,naive_cross,hust,luh,pytorch_simple_transformer,100,456,luh,luh_P031_1_S06_C04,97.0,1122.9351331373744
hust_to_luh,naive_cross,hust,luh,pytorch_simple_transformer,100,456,luh,luh_P031_2_S07_C04,94.0,1123.3314413801475
hust_to_luh,naive_cross,hust,luh,pytorch_simple_transformer,100,456,luh,luh_P031_3_S09_C03,90.0,1123.642694919433
hust_to_luh,naive_cross,hust,luh,pytorch_simple_transformer,100,456,luh,luh_P033_1_S07_C08,524.0,1106.8290070111448
hust_to_luh,naive_cross,hust,luh,pytorch_simple_transformer,100,456,luh,luh_P033_2_S08_C08,508.0,1106.6279421633617
hust_to_luh,naive_cross,hust,luh,pytorch_simple_transformer,100,456,luh,luh_P033_3_S09_C08,523.0,1106.7102635115345
hust_to_luh,naive_cross,hust,luh,pytorch_simple_transformer,100,456,luh,luh_P034_1_S07_C06,446.0,1108.4710831980542
hust_to_luh,naive_cross,hust,luh,pytorch_simple_transformer,100,456,luh,luh_P034_2_S08_C06,448.0,1108.4224567261435
hust_to_luh,naive_cross,hust,luh,pytorch_simple_transformer,100,456,luh,luh_P034_3_S09_C06,440.0,1108.8998284170245
hust_to_luh,naive_cross,hust,luh,pytorch_simple_transformer,100,456,luh,luh_P035_1_S08_C04,279.0,1108.3511065257442
hust_to_luh,naive_cross,hust,luh,pytorch_simple_transformer,100,456,luh,luh_P035_2_S09_C04,360.0,1107.9252149611057
hust_to_luh,naive_cross,hust,luh,pytorch_simple_transformer,100,456,luh,luh_P035_3_S10_C02,342.0,1109.0050575735143
hust_to_luh,naive_cross,hust,luh,pytorch_simple_transformer,100,456,luh,luh_P037_1_S05_C11,741.0,1105.6279104987643
hust_to_luh,naive_cross,hust,luh,pytorch_simple_transformer,100,456,luh,luh_P037_3_S10_C04,783.0,1105.738628980997
hust_to_luh,naive_cross,hust,luh,pytorch_simple_transformer,100,456,luh,luh_P038_1_S06_C07,734.0,1105.2504965287576
hust_to_luh,naive_cross,hust,luh,pytorch_simple_transformer,100,456,luh,luh_P038_2_S07_C07,816.0,1104.8853288840007
hust_to_luh,naive_cross,hust,luh,pytorch_simple_transformer,100,456,luh,luh_P038_3_S10_C03,697.0,1105.9469152157037
hust_to_luh,naive_cross,hust,luh,pytorch_simple_transformer,100,456,luh,luh_P039_1_S05_C10,552.0,1104.9885963841718
hust_to_luh,naive_cross,hust,luh,pytorch_simple_transformer,100,456,luh,luh_P039_2_S06_C05,588.0,1105.7491741765916
hust_to_luh,naive_cross,hust,luh,pytorch_simple_transformer,100,456,luh,luh_P039_3_S07_C05,547.0,1106.0270763214714
hust_to_luh,naive_cross,hust,luh,pytorch_simple_transformer,100,456,luh,luh_P041_1_S11_C08,236.0,1112.1851413325764
hust_to_luh,naive_cross,hust,luh,pytorch_simple_transformer,100,456,luh,luh_P041_2_S13_C07,220.0,1111.043924158621
hust_to_luh,naive_cross,hust,luh,pytorch_simple_transformer,100,456,luh,luh_P041_3_S14_C07,237.0,1112.3065938088016
hust_to_luh,naive_cross,hust,luh,pytorch_simple_transformer,100,456,luh,luh_P042_1_S11_C06,180.0,1113.4368965305118
hust_to_luh,naive_cross,hust,luh,pytorch_simple_transformer,100,456,luh,luh_P042_2_S13_C05,204.0,1113.004274209546
hust_to_luh,naive_cross,hust,luh,pytorch_simple_transformer,100,456,luh,luh_P042_3_S14_C05,197.0,1114.6533859027138
hust_to_luh,naive_cross,hust,luh,pytorch_simple_transformer,100,456,luh,luh_P043_1_S11_C04,160.0,1113.5473350489856
hust_to_luh,naive_cross,hust,luh,pytorch_simple_transformer,100,456,luh,luh_P043_2_S12_C04,156.0,1113.559016686687
hust_to_luh,naive_cross,hust,luh,pytorch_simple_transformer,100,456,luh,luh_P043_3_S14_C03,153.0,1114.2527007899364
hust_to_luh,naive_cross,hust,luh,pytorch_simple_transformer,100,456,luh,luh_P045_1_S12_C08,975.0,1105.4223198722004
hust_to_luh,naive_cross,hust,luh,pytorch_simple_transformer,100,456,luh,luh_P045_2_S13_C08,980.0,1105.4460399163809
hust_to_luh,naive_cross,hust,luh,pytorch_simple_transformer,100,456,luh,luh_P045_3_S14_C08,845.0,1107.1061247255718
hust_to_luh,naive_cross,hust,luh,pytorch_simple_transformer,100,456,luh,luh_P046_1_S12_C06,1095.0,1107.0950386849722
hust_to_luh,naive_cross,hust,luh,pytorch_simple_transformer,100,456,luh,luh_P046_2_S13_C06,937.0,1107.9252149611057
hust_to_luh,naive_cross,hust,luh,pytorch_simple_transformer,100,456,luh,luh_P046_3_S14_C06,1044.0,1106.5018335131986
hust_to_luh,naive_cross,hust,luh,pytorch_simple_transformer,100,456,luh,luh_P047_1_S13_C04,1015.0,1106.7371775882182
hust_to_luh,naive_cross,hust,luh,pytorch_simple_transformer,100,456,luh,luh_P047_2_S14_C04,923.0,1107.0158559089866
hust_to_luh,naive_cross,hust,luh,pytorch_simple_transformer,100,456,luh,luh_P047_3_S15_C01,866.0,1105.9980699873956
hust_to_luh,naive_cross,hust,luh,pytorch_simple_transformer,100,456,luh,luh_P049_1_S10_C10,1466.0,1105.4096693900842
hust_to_luh,naive_cross,hust,luh,pytorch_simple_transformer,100,456,luh,luh_P049_3_S15_C02,1380.0,1106.346723756068
hust_to_luh,naive_cross,hust,luh,pytorch_simple_transformer,100,456,luh,luh_P050_1_S10_C09,1615.0,1106.1958555365263
hust_to_luh,naive_cross,hust,luh,pytorch_simple_transformer,100,456,luh,luh_P050_2_S11_C07,1575.0,1106.2918602047648
hust_to_luh,naive_cross,hust,luh,pytorch_simple_transformer,100,456,luh,luh_P050_3_S12_C07,1555.0,1106.2058776124009
hust_to_luh,naive_cross,hust,luh,pytorch_simple_transformer,100,456,luh,luh_P051_1_S10_C08,1234.0,1105.6959219672458
hust_to_luh,naive_cross,hust,luh,pytorch_simple_transformer,100,456,luh,luh_P051_2_S11_C05,1318.0,1105.1508933854443
hust_to_luh,naive_cross,hust,luh,pytorch_simple_transformer,100,456,luh,luh_P051_3_S12_C05,1238.0,1104.9237896311558
hust_to_luh,naive_cross,hust,luh,pytorch_simple_transformer,100,456,luh,luh_P053_1_S15_C08,323.0,1113.4634432512512
hust_to_luh,naive_cross,hust,luh,pytorch_simple_transformer,100,456,luh,luh_P053_2_S16_C08,332.0,1113.1279392574788
hust_to_luh,naive_cross,hust,luh,pytorch_simple_transformer,100,456,luh,luh_P053_3_S19_C07,377.0,1111.953940962649
hust_to_luh,naive_cross,hust,luh,pytorch_simple_transformer,100,456,luh,luh_P054_1_S16_C06,359.0,1114.6847453248572
hust_to_luh,naive_cross,hust,luh,pytorch_simple_transformer,100,456,luh,luh_P054_2_S17_C06,376.0,1113.9976977699741
hust_to_luh,naive_cross,hust,luh,pytorch_simple_transformer,100,456,luh,luh_P054_3_S19_C05,384.0,1114.683150756679
hust_to_luh,naive_cross,hust,luh,pytorch_simple_transformer,100,456,luh,luh_P055_1_S15_C05,354.0,1113.4491079434429
hust_to_luh,naive_cross,hust,luh,pytorch_simple_transformer,100,456,luh,luh_P055_2_S16_C04,350.0,1113.7958617680276
hust_to_luh,naive_cross,hust,luh,pytorch_simple_transformer,100,456,luh,luh_P055_3_S17_C04,351.0,1113.506981243439
hust_to_luh,naive_cross,hust,luh,pytorch_simple_transformer,100,456,luh,luh_P057_1_S17_C08,555.0,1107.8216730171437
hust_to_luh,naive_cross,hust,luh,pytorch_simple_transformer,100,456,luh,luh_P057_2_S18_C08,556.0,1107.6669064211317
hust_to_luh,naive_cross,hust,luh,pytorch_simple_transformer,100,456,luh,luh_P057_3_S19_C08,539.0,1107.401793429318
hust_to_luh,naive_cross,hust,luh,pytorch_simple_transformer,100,456,luh,luh_P058_1_S15_C07,707.0,1107.7440229094814
hust_to_luh,naive_cross,hust,luh,pytorch_simple_transformer,100,456,luh,luh_P058_2_S18_C06,672.0,1107.418163110355
hust_to_luh,naive_cross,hust,luh,pytorch_simple_transformer,100,456,luh,luh_P058_3_S19_C06,712.0,1107.9854427879204
hust_to_luh,naive_cross,hust,luh,pytorch_simple_transformer,100,456,luh,luh_P059_1_S15_C06,605.0,1105.6057681327127
hust_to_luh,naive_cross,hust,luh,pytorch_simple_transformer,100,456,luh,luh_P059_2_S18_C04,660.0,1105.6168392603074
hust_to_luh,naive_cross,hust,luh,pytorch_simple_transformer,100,456,luh,luh_P059_3_S19_C04,664.0,1106.1167370728313
hust_to_luh,naive_cross,hust,luh,pytorch_simple_transformer,100,456,luh,luh_P061_1_S16_C09,947.0,1106.9957971715144
hust_to_luh,naive_cross,hust,luh,pytorch_simple_transformer,100,456,luh,luh_P061_2_S17_C09,942.0,1106.5751752891192
hust_to_luh,naive_cross,hust,luh,pytorch_simple_transformer,100,456,luh,luh_P061_3_S18_C09,1033.0,1105.2884429445696
hust_to_luh,naive_cross,hust,luh,pytorch_simple_transformer,100,456,luh,luh_P062_1_S16_C07,1120.0,1106.748260045329
hust_to_luh,naive_cross,hust,luh,pytorch_simple_transformer,100,456,luh,luh_P062_2_S17_C07,1148.0,1106.6675189702808
hust_to_luh,naive_cross,hust,luh,pytorch_simple_transformer,100,456,luh,luh_P062_3_S18_C07,1128.0,1106.8221459288322
hust_to_luh,naive_cross,hust,luh,pytorch_simple_transformer,100,456,luh,luh_P063_1_S16_C05,1149.0,1105.2304697789757
hust_to_luh,naive_cross,hust,luh,pytorch_simple_transformer,100,456,luh,luh_P063_2_S17_C05,1236.0,1105.326390663191
hust_to_luh,naive_cross,hust,luh,pytorch_simple_transformer,100,456,luh,luh_P063_3_S18_C05,1335.0,1105.4623806873497
hust_to_luh,naive_cross,hust,luh,pytorch_simple_transformer,100,789,luh,luh_P017_1_S01_C08,139.0,1213.325232121185
hust_to_luh,naive_cross,hust,luh,pytorch_simple_transformer,100,789,luh,luh_P017_2_S04_C07,127.0,1215.4330139596677
hust_to_luh,naive_cross,hust,luh,pytorch_simple_transformer,100,789,luh,luh_P017_3_S05_C05,126.0,1215.5286457197024
hust_to_luh,naive_cross,hust,luh,pytorch_simple_transformer,100,789,luh,luh_P018_1_S01_C06,109.0,1216.857256031857
hust_to_luh,naive_cross,hust,luh,pytorch_simple_transformer,100,789,luh,luh_P018_2_S02_C06,107.0,1217.170627463643
hust_to_luh,naive_cross,hust,luh,pytorch_simple_transformer,100,789,luh,luh_P018_3_S04_C05,107.0,1217.3441770979402
hust_to_luh,naive_cross,hust,luh,pytorch_simple_transformer,100,789,luh,luh_P019_1_S01_C04,63.0,1224.726311873313
hust_to_luh,naive_cross,hust,luh,pytorch_simple_transformer,100,789,luh,luh_P019_2_S02_C04,62.0,1224.7607680638293
hust_to_luh,naive_cross,hust,luh,pytorch_simple_transformer,100,789,luh,luh_P019_3_S05_C02,60.0,1224.6708336035501
hust_to_luh,naive_cross,hust,luh,pytorch_simple_transformer,100,789,luh,luh_P021_1_S02_C08,451.0,1178.6162358041895
hust_to_luh,naive_cross,hust,luh,pytorch_simple_transformer,100,789,luh,luh_P021_2_S03_C08,428.0,1184.1763286264336
hust_to_luh,naive_cross,hust,luh,pytorch_simple_transformer,100,789,luh,luh_P021_3_S04_C08,430.0,1181.2488070138415
hust_to_luh,naive_cross,hust,luh,pytorch_simple_transformer,100,789,luh,luh_P022_1_S03_C06,341.0,1185.7392066200696
hust_to_luh,naive_cross,hust,luh,pytorch_simple_transformer,100,789,luh,luh_P022_2_S04_C06,344.0,1188.5911387946246
hust_to_luh,naive_cross,hust,luh,pytorch_simple_transformer,100,789,luh,luh_P022_3_S05_C04,314.0,1191.7255041674596
hust_to_luh,naive_cross,hust,luh,pytorch_simple_transformer,100,789,luh,luh_P023_1_S03_C04,82.0,1213.3593675561397
hust_to_luh,naive_cross,hust,luh,pytorch_simple_transformer,100,789,luh,luh_P023_2_S04_C04,72.0,1214.948595329435
hust_to_luh,naive_cross,hust,luh,pytorch_simple_transformer,100,789,luh,luh_P023_3_S05_C03,79.0,1214.1024851082902
hust_to_luh,naive_cross,hust,luh,pytorch_simple_transformer,100,789,luh,luh_P025_1_S01_C09,718.0,1131.708424672813
hust_to_luh,naive_cross,hust,luh,pytorch_simple_transformer,100,789,luh,luh_P025_2_S02_C09,690.0,1136.112885858316
hust_to_luh,naive_cross,hust,luh,pytorch_simple_transformer,100,789,luh,luh_P025_3_S03_C09,702.0,1131.5697455286654
hust_to_luh,naive_cross,hust,luh,pytorch_simple_transformer,100,789,luh,luh_P026_1_S01_C07,581.0,1148.1891783931042
hust_to_luh,naive_cross,hust,luh,pytorch_simple_transformer,100,789,luh,luh_P026_2_S02_C07,613.0,1145.7930877298993
hust_to_luh,naive_cross,hust,luh,pytorch_simple_transformer,100,789,luh,luh_P026_3_S03_C07,563.0,1145.1043389963636
hust_to_luh,naive_cross,hust,luh,pytorch_simple_transformer,100,789,luh,luh_P027_1_S01_C05,269.0,1163.7923073760003
hust_to_luh,naive_cross,hust,luh,pytorch_simple_transformer,100,789,luh,luh_P027_2_S02_C05,285.0,1155.2367774828276
hust_to_luh,naive_cross,hust,luh,pytorch_simple_transformer,100,789,luh,luh_P027_3_S03_C05,298.0,1159.7278309178726
hust_to_luh,naive_cross,hust,luh,pytorch_simple_transformer,100,789,luh,luh_P029_1_S06_C08,132.0,1214.8796567017355
hust_to_luh,naive_cross,hust,luh,pytorch_simple_transformer,100,789,luh,luh_P029_2_S08_C07,135.0,1213.749389664286
hust_to_luh,naive_cross,hust,luh,pytorch_simple_transformer,100,789,luh,luh_P029_3_S09_C07,135.0,1212.9399733003581
hust_to_luh,naive_cross,hust,luh,pytorch_simple_transformer,100,789,luh,luh_P030_1_S06_C06,118.0,1214.948595329435
hust_to_luh,naive_cross,hust,luh,pytorch_simple_transformer,100,789,luh,luh_P030_2_S08_C05,123.0,1214.4979581326756
hust_to_luh,naive_cross,hust,luh,pytorch_simple_transformer,100,789,luh,luh_P030_3_S09_C05,123.0,1214.3514501781838
hust_to_luh,naive_cross,hust,luh,pytorch_simple_transformer,100,789,luh,luh_P031_1_S06_C04,97.0,1218.6143379612506
hust_to_luh,naive_cross,hust,luh,pytorch_simple_transformer,100,789,luh,luh_P031_2_S07_C04,94.0,1219.0833602396006
hust_to_luh,naive_cross,hust,luh,pytorch_simple_transformer,100,789,luh,luh_P031_3_S09_C03,90.0,1219.6450294898088
hust_to_luh,naive_cross,hust,luh,pytorch_simple_transformer,100,789,luh,luh_P033_1_S07_C08,524.0,1174.841104720146
hust_to_luh,naive_cross,hust,luh,pytorch_simple_transformer,100,789,luh,luh_P033_2_S08_C08,508.0,1176.1319721565394
hust_to_luh,naive_cross,hust,luh,pytorch_simple_transformer,100,789,luh,luh_P033_3_S09_C08,523.0,1176.3293985711607
hust_to_luh,naive_cross,hust,luh,pytorch_simple_transformer,100,789,luh,luh_P034_1_S07_C06,446.0,1177.0184070509301
hust_to_luh,naive_cross,hust,luh,pytorch_simple_transformer,100,789,luh,luh_P034_2_S08_C06,448.0,1177.7431988488574
hust_to_luh,naive_cross,hust,luh,pytorch_simple_transformer,100,789,luh,luh_P034_3_S09_C06,440.0,1179.8009817499744
hust_to_luh,naive_cross,hust,luh,pytorch_simple_transformer,100,789,luh,luh_P035_1_S08_C04,279.0,1180.7155170623046
hust_to_luh,naive_cross,hust,luh,pytorch_simple_transformer,100,789,luh,luh_P035_2_S09_C04,360.0,1176.1717912939193
hust_to_luh,naive_cross,hust,luh,pytorch_simple_transformer,100,789,luh,luh_P035_3_S10_C02,342.0,1181.9835307890392
hust_to_luh,naive_cross,hust,luh,pytorch_simple_transformer,100,789,luh,luh_P037_1_S05_C11,741.0,1142.9315722405263
hust_to_luh,naive_cross,hust,luh,pytorch_simple_transformer,100,789,luh,luh_P037_3_S10_C04,783.0,1132.3291815807404
hust_to_luh,naive_cross,hust,luh,pytorch_simple_transformer,100,789,luh,luh_P038_1_S06_C07,734.0,1133.1988133224188
hust_to_luh,naive_cross,hust,luh,pytorch_simple_transformer,100,789,luh,luh_P038_2_S07_C07,816.0,1120.9743963065841
hust_to_luh,naive_cross,hust,luh,pytorch_simple_transformer,100,789,luh,luh_P038_3_S10_C03,697.0,1138.9182273294225
hust_to_luh,naive_cross,hust,luh,pytorch_simple_transformer,100,789,luh,luh_P039_1_S05_C10,552.0,1135.6768681711053
hust_to_luh,naive_cross,hust,luh,pytorch_simple_transformer,100,789,luh,luh_P039_2_S06_C05,588.0,1141.7593504763781
hust_to_luh,naive_cross,hust,luh,pytorch_simple_transformer,100,789,luh,luh_P039_3_S07_C05,547.0,1147.0214092062968
hust_to_luh,naive_cross,hust,luh,pytorch_simple_transformer,100,789,luh,luh_P041_1_S11_C08,236.0,1204.605439567387
hust_to_luh,naive_cross,hust,luh,pytorch_simple_transformer,100,789,luh,luh_P041_2_S13_C07,220.0,1203.927837468941
hust_to_luh,naive_cross,hust,luh,pytorch_simple_transformer,100,789,luh,luh_P041_3_S14_C07,237.0,1204.1758645064601
hust_to_luh,naive_cross,hust,luh,pytorch_simple_transformer,100,789,luh,luh_P042_1_S11_C06,180.0,1206.2102341571092
hust_to_luh,naive_cross,hust,luh,pytorch_simple_transformer,100,789,luh,luh_P042_2_S13_C05,204.0,1202.463109273674
hust_to_luh,naive_cross,hust,luh,pytorch_simple_transformer,100,789,luh,luh_P042_3_S14_C05,197.0,1206.4270911777737
hust_to_luh,naive_cross,hust,luh,pytorch_simple_transformer,100,789,luh,luh_P043_1_S11_C04,160.0,1210.044619744644
hust_to_luh,naive_cross,hust,luh,pytorch_simple_transformer,100,789,luh,luh_P043_2_S12_C04,156.0,1210.1998411494558
hust_to_luh,naive_cross,hust,luh,pytorch_simple_transformer,100,789,luh,luh_P043_3_S14_C03,153.0,1211.6919045476086
hust_to_luh,naive_cross,hust,luh,pytorch_simple_transformer,100,789,luh,luh_P045_1_S12_C08,975.0,1156.9556358719192
hust_to_luh,naive_cross,hust,luh,pytorch_simple_transformer,100,789,luh,luh_P045_2_S13_C08,980.0,1155.5430961479062
hust_to_luh,naive_cross,hust,luh,pytorch_simple_transformer,100,789,luh,luh_P045_3_S14_C08,845.0,1174.0654729367052
hust_to_luh,naive_cross,hust,luh,pytorch_simple_transformer,100,789,luh,luh_P046_1_S12_C06,1095.0,1155.9090219829475
hust_to_luh,naive_cross,hust,luh,pytorch_simple_transformer,100,789,luh,luh_P046_2_S13_C06,937.0,1161.8915289832319
hust_to_luh,naive_cross,hust,luh,pytorch_simple_transformer,100,789,luh,luh_P046_3_S14_C06,1044.0,1152.868857784077
hust_to_luh,naive_cross,hust,luh,pytorch_simple_transformer,100,789,luh,luh_P047_1_S13_C04,1015.0,1154.618327503781
hust_to_luh,naive_cross,hust,luh,pytorch_simple_transformer,100,789,luh,luh_P047_2_S14_C04,923.0,1163.2092121721578
hust_to_luh,naive_cross,hust,luh,pytorch_simple_transformer,100,789,luh,luh_P047_3_S15_C01,866.0,1155.0192083434179
hust_to_luh,naive_cross,hust,luh,pytorch_simple_transformer,100,789,luh,luh_P049_1_S10_C10,1466.0,1130.0895824386976
hust_to_luh,naive_cross,hust,luh,pytorch_simple_transformer,100,789,luh,luh_P049_3_S15_C02,1380.0,1143.7024511244954
hust_to_luh,naive_cross,hust,luh,pytorch_simple_transformer,100,789,luh,luh_P050_1_S10_C09,1615.0,1125.5393993981336
hust_to_luh,naive_cross,hust,luh,pytorch_simple_transformer,100,789,luh,luh_P050_2_S11_C07,1575.0,1134.2989619073849
hust_to_luh,naive_cross,hust,luh,pytorch_simple_transformer,100,789,luh,luh_P050_3_S12_C07,1555.0,1130.0917379155733
hust_to_luh,naive_cross,hust,luh,pytorch_simple_transformer,100,789,luh,luh_P051_1_S10_C08,1234.0,1124.873552956775
hust_to_luh,naive_cross,hust,luh,pytorch_simple_transformer,100,789,luh,luh_P051_2_S11_C05,1318.0,1105.9896319239574
hust_to_luh,naive_cross,hust,luh,pytorch_simple_transformer,100,789,luh,luh_P051_3_S12_C05,1238.0,1118.5161552353084
hust_to_luh,naive_cross,hust,luh,pytorch_simple_transformer,100,789,luh,luh_P053_1_S15_C08,323.0,1208.2929802964509
hust_to_luh,naive_cross,hust,luh,pytorch_simple_transformer,100,789,luh,luh_P053_2_S16_C08,332.0,1207.7273246129166
hust_to_luh,naive_cross,hust,luh,pytorch_simple_transformer,100,789,luh,luh_P053_3_S19_C07,377.0,1203.3154525452355
hust_to_luh,naive_cross,hust,luh,pytorch_simple_transformer,100,789,luh,luh_P054_1_S16_C06,359.0,1204.7835169254308
hust_to_luh,naive_cross,hust,luh,pytorch_simple_transformer,100,789,luh,luh_P054_2_S17_C06,376.0,1203.5857358759101
hust_to_luh,naive_cross,hust,luh,pytorch_simple_transformer,100,789,luh,luh_P054_3_S19_C05,384.0,1202.6190785010256
hust_to_luh,naive_cross,hust,luh,pytorch_simple_transformer,100,789,luh,luh_P055_1_S15_C05,354.0,1205.3466443275092
hust_to_luh,naive_cross,hust,luh,pytorch_simple_transformer,100,789,luh,luh_P055_2_S16_C04,350.0,1205.8830091760308
hust_to_luh,naive_cross,hust,luh,pytorch_simple_transformer,100,789,luh,luh_P055_3_S17_C04,351.0,1205.3661861242492
hust_to_luh,naive_cross,hust,luh,pytorch_simple_transformer,100,789,luh,luh_P057_1_S17_C08,555.0,1177.3052387581827
hust_to_luh,naive_cross,hust,luh,pytorch_simple_transformer,100,789,luh,luh_P057_2_S18_C08,556.0,1175.4586160480537
hust_to_luh,naive_cross,hust,luh,pytorch_simple_transformer,100,789,luh,luh_P057_3_S19_C08,539.0,1165.3321722119474
hust_to_luh,naive_cross,hust,luh,pytorch_simple_transformer,100,789,luh,luh_P058_1_S15_C07,707.0,1162.6929370367955
hust_to_luh,naive_cross,hust,luh,pytorch_simple_transformer,100,789,luh,luh_P058_2_S18_C06,672.0,1162.4279567725064
hust_to_luh,naive_cross,hust,luh,pytorch_simple_transformer,100,789,luh,luh_P058_3_S19_C06,712.0,1154.674486491537
hust_to_luh,naive_cross,hust,luh,pytorch_simple_transformer,100,789,luh,luh_P059_1_S15_C06,605.0,1150.7033060343194
hust_to_luh,naive_cross,hust,luh,pytorch_simple_transformer,100,789,luh,luh_P059_2_S18_C04,660.0,1149.1356470023613
hust_to_luh,naive_cross,hust,luh,pytorch_simple_transformer,100,789,luh,luh_P059_3_S19_C04,664.0,1150.5206040746007
hust_to_luh,naive_cross,hust,luh,pytorch_simple_transformer,100,789,luh,luh_P061_1_S16_C09,947.0,1159.58848295683
hust_to_luh,naive_cross,hust,luh,pytorch_simple_transformer,100,789,luh,luh_P061_2_S17_C09,942.0,1156.8778516861228
hust_to_luh,naive_cross,hust,luh,pytorch_simple_transformer,100,789,luh,luh_P061_3_S18_C09,1033.0,1145.6319238330295
hust_to_luh,naive_cross,hust,luh,pytorch_simple_transformer,100,789,luh,luh_P062_1_S16_C07,1120.0,1141.7762280329243
hust_to_luh,naive_cross,hust,luh,pytorch_simple_transformer,100,789,luh,luh_P062_2_S17_C07,1148.0,1143.8551620702788
hust_to_luh,naive_cross,hust,luh,pytorch_simple_transformer,100,789,luh,luh_P062_3_S18_C07,1128.0,1141.6101855012193
hust_to_luh,naive_cross,hust,luh,pytorch_simple_transformer,100,789,luh,luh_P063_1_S16_C05,1149.0,1110.3718277862065
hust_to_luh,naive_cross,hust,luh,pytorch_simple_transformer,100,789,luh,luh_P063_2_S17_C05,1236.0,1126.4919062498045
hust_to_luh,naive_cross,hust,luh,pytorch_simple_transformer,100,789,luh,luh_P063_3_S18_C05,1335.0,1123.8023730517593
hust_to_matr,naive_cross,hust,matr,pytorch_simple_transformer,100,1011,matr,matr_b1c0,1717.0,1559.6076167222652
hust_to_matr,naive_cross,hust,matr,pytorch_simple_transformer,100,1011,matr,matr_b1c1,2066.0,1533.6559000247673
hust_to_matr,naive_cross,hust,matr,pytorch_simple_transformer,100,1011,matr,matr_b1c11,771.0,1557.4910568215305
hust_to_matr,naive_cross,hust,matr,pytorch_simple_transformer,100,1011,matr,matr_b1c12,897.0,1511.0289932476119
hust_to_matr,naive_cross,hust,matr,pytorch_simple_transformer,100,1011,matr,matr_b1c14,845.0,1554.5587902628697
hust_to_matr,naive_cross,hust,matr,pytorch_simple_transformer,100,1011,matr,matr_b1c15,699.0,1555.0733177418651
hust_to_matr,naive_cross,hust,matr,pytorch_simple_transformer,100,1011,matr,matr_b1c16,824.0,1553.9821880772838
hust_to_matr,naive_cross,hust,matr,pytorch_simple_transformer,100,1011,matr,matr_b1c17,825.0,1520.5291797355712
hust_to_matr,naive_cross,hust,matr,pytorch_simple_transformer,100,1011,matr,matr_b1c18,665.0,1561.9750542214206
hust_to_matr,naive_cross,hust,matr,pytorch_simple_transformer,100,1011,matr,matr_b1c19,740.0,1520.1558275010032
hust_to_matr,naive_cross,hust,matr,pytorch_simple_transformer,100,1011,matr,matr_b1c2,1487.0,1530.7123042106778
hust_to_matr,naive_cross,hust,matr,pytorch_simple_transformer,100,1011,matr,matr_b1c20,504.0,1493.9114297804515
hust_to_matr,naive_cross,hust,matr,pytorch_simple_transformer,100,1011,matr,matr_b1c21,535.0,1513.5067112088657
hust_to_matr,naive_cross,hust,matr,pytorch_simple_transformer,100,1011,matr,matr_b1c23,974.0,1526.5415060401926
hust_to_matr,naive_cross,hust,matr,pytorch_simple_transformer,100,1011,matr,matr_b1c24,979.0,1541.5030553237184
hust_to_matr,naive_cross,hust,matr,pytorch_simple_transformer,100,1011,matr,matr_b1c25,817.0,1510.4606140190167
hust_to_matr,naive_cross,hust,matr,pytorch_simple_transformer,100,1011,matr,matr_b1c26,826.0,1551.7378500900843
hust_to_matr,naive_cross,hust,matr,pytorch_simple_transformer,100,1011,matr,matr_b1c27,809.0,1535.1104219171177
hust_to_matr,naive_cross,hust,matr,pytorch_simple_transformer,100,1011,matr,matr_b1c28,815.0,1495.59495422994
hust_to_matr,naive_cross,hust,matr,pytorch_simple_transformer,100,1011,matr,matr_b1c29,872.0,1500.312770144673
hust_to_matr,naive_cross,hust,matr,pytorch_simple_transformer,100,1011,matr,matr_b1c3,1344.0,1550.9744340352154
hust_to_matr,naive_cross,hust,matr,pytorch_simple_transformer,100,1011,matr,matr_b1c30,679.0,1520.2529627534207
hust_to_matr,naive_cross,hust,matr,pytorch_simple_transformer,100,1011,matr,matr_b1c31,827.0,1512.0611227446384
hust_to_matr,naive_cross,hust,matr,pytorch_simple_transformer,100,1011,matr,matr_b1c32,694.0,1495.4951158277515
hust_to_matr,naive_cross,hust,matr,pytorch_simple_transformer,100,1011,matr,matr_b1c33,708.0,1496.6208231510495
hust_to_matr,naive_cross,hust,matr,pytorch_simple_transformer,100,1011,matr,matr_b1c34,714.0,1538.6544474148118
hust_to_matr,naive_cross,hust,matr,pytorch_simple_transformer,100,1011,matr,matr_b1c35,676.0,1529.2772630125503
hust_to_matr,naive_cross,hust,matr,pytorch_simple_transformer,100,1011,matr,matr_b1c36,670.0,1524.1790786914473
hust_to_matr,naive_cross,hust,matr,pytorch_simple_transformer,100,1011,matr,matr_b1c37,622.0,1523.4953272113835
hust_to_matr,naive_cross,hust,matr,pytorch_simple_transformer,100,1011,matr,matr_b1c38,592.0,1500.0016012959445
hust_to_matr,naive_cross,hust,matr,pytorch_simple_transformer,100,1011,matr,matr_b1c39,592.0,1502.6245918023562
hust_to_matr,naive_cross,hust,matr,pytorch_simple_transformer,100,1011,matr,matr_b1c4,1618.0,1549.4369071747237
hust_to_matr,naive_cross,hust,matr,pytorch_simple_transformer,100,1011,matr,matr_b1c40,919.0,1502.853891612963
hust_to_matr,naive_cross,hust,matr,pytorch_simple_transformer,100,1011,matr,matr_b1c41,1005.0,1505.021785642074
hust_to_matr,naive_cross,hust,matr,pytorch_simple_transformer,100,1011,matr,matr_b1c42,661.0,1504.3774736195012
hust_to_matr,naive_cross,hust,matr,pytorch_simple_transformer,100,1011,matr,matr_b1c43,626.0,1490.71141285742
hust_to_matr,naive_cross,hust,matr,pytorch_simple_transformer,100,1011,matr,matr_b1c44,575.0,1483.8599107403486
hust_to_matr,naive_cross,hust,matr,pytorch_simple_transformer,100,1011,matr,matr_b1c45,563.0,1497.261099116581
hust_to_matr,naive_cross,hust,matr,pytorch_simple_transformer,100,1011,matr,matr_b1c5,909.0,1554.082225817927
hust_to_matr,naive_cross,hust,matr,pytorch_simple_transformer,100,1011,matr,matr_b1c6,613.0,1549.4568556886122
hust_to_matr,naive_cross,hust,matr,pytorch_simple_transformer,100,1011,matr,matr_b1c7,818.0,1537.0052684239722
hust_to_matr,naive_cross,hust,matr,pytorch_simple_transformer,100,1011,matr,matr_b1c9,1012.0,1515.5042400185425
hust_to_matr,naive_cross,hust,matr,pytorch_simple_transformer,100,1011,matr,matr_b2c0,278.0,1513.9174120821417
hust_to_matr,naive_cross,hust,matr,pytorch_simple_transformer,100,1011,matr,matr_b2c1,133.0,1383.7395042461985
hust_to_matr,naive_cross,hust,matr,pytorch_simple_transformer,100,1011,matr,matr_b2c10,251.0,1492.23051195004
hust_to_matr,naive_cross,hust,matr,pytorch_simple_transformer,100,1011,matr,matr_b2c11,250.0,1496.520916267008
hust_to_matr,naive_cross,hust,matr,pytorch_simple_transformer,100,1011,matr,matr_b2c12,435.0,1439.2999059594272
hust_to_matr,naive_cross,hust,matr,pytorch_simple_transformer,100,1011,matr,matr_b2c13,454.0,1444.200258768167
hust_to_matr,naive_cross,hust,matr,pytorch_simple_transformer,100,1011,matr,matr_b2c14,466.0,1515.87211286611
hust_to_matr,naive_cross,hust,matr,pytorch_simple_transformer,100,1011,matr,matr_b2c17,476.0,1568.1430364503228
hust_to_matr,naive_cross,hust,matr,pytorch_simple_transformer,100,1011,matr,matr_b2c18,468.0,1499.7226771966803
hust_to_matr,naive_cross,hust,matr,pytorch_simple_transformer,100,1011,matr,matr_b2c19,455.0,1425.1821658212918
hust_to_matr,naive_cross,hust,matr,pytorch_simple_transformer,100,1011,matr,matr_b2c2,422.0,1533.6098285571566
hust_to_matr,naive_cross,hust,matr,pytorch_simple_transformer,100,1011,matr,matr_b2c20,475.0,1521.5395026684782
hust_to_matr,naive_cross,hust,matr,pytorch_simple_transformer,100,1011,matr,matr_b2c21,468.0,1511.9443241334384
hust_to_matr,naive_cross,hust,matr,pytorch_simple_transformer,100,1011,matr,matr_b2c22,490.0,1506.5683985453006
hust_to_matr,naive_cross,hust,matr,pytorch_simple_transformer,100,1011,matr,matr_b2c23,502.0,1476.2322791767087
hust_to_matr,naive_cross,hust,matr,pytorch_simple_transformer,100,1011,matr,matr_b2c24,478.0,1521.924806055953
hust_to_matr,naive_cross,hust,matr,pytorch_simple_transformer,100,1011,matr,matr_b2c25,446.0,1500.5968127655365
hust_to_matr,naive_cross,hust,matr,pytorch_simple_transformer,100,1011,matr,matr_b2c26,450.0,1513.816350564757
hust_to_matr,naive_cross,hust,matr,pytorch_simple_transformer,100,1011,matr,matr_b2c27,453.0,1522.620921383248
hust_to_matr,naive_cross,hust,matr,pytorch_simple_transformer,100,1011,matr,matr_b2c28,491.0,1574.5711129772546
hust_to_matr,naive_cross,hust,matr,pytorch_simple_transformer,100,1011,matr,matr_b2c29,481.0,1520.9135020481087
hust_to_matr,naive_cross,hust,matr,pytorch_simple_transformer,100,1011,matr,matr_b2c3,314.0,1427.1658794258728
hust_to_matr,naive_cross,hust,matr,pytorch_simple_transformer,100,1011,matr,matr_b2c30,466.0,1520.951939621637
hust_to_matr,naive_cross,hust,matr,pytorch_simple_transformer,100,1011,matr,matr_b2c31,474.0,1520.566157470659
hust_to_matr,naive_cross,hust,matr,pytorch_simple_transformer,100,1011,matr,matr_b2c32,500.0,1562.3035489750037
hust_to_matr,naive_cross,hust,matr,pytorch_simple_transformer,100,1011,matr,matr_b2c33,499.0,1541.8279798672206
hust_to_matr,naive_cross,hust,matr,pytorch_simple_transformer,100,1011,matr,matr_b2c34,483.0,1549.8499676855474
hust_to_matr,naive_cross,hust,matr,pytorch_simple_transformer,100,1011,matr,matr_b2c35,449.0,1544.2715162166871
hust_to_matr,naive_cross,hust,matr,pytorch_simple_transformer,100,1011,matr,matr_b2c36,513.0,1530.325505821557
hust_to_matr,naive_cross,hust,matr,pytorch_simple_transformer,100,1011,matr,matr_b2c37,461.0,1514.9753534524045
hust_to_matr,naive_cross,hust,matr,pytorch_simple_transformer,100,1011,matr,matr_b2c38,451.0,1532.6017219497683
hust_to_matr,naive_cross,hust,matr,pytorch_simple_transformer,100,1011,matr,matr_b2c39,442.0,1517.8018349370625
hust_to_matr,naive_cross,hust,matr,pytorch_simple_transformer,100,1011,matr,matr_b2c4,247.0,1452.1082316785628
hust_to_matr,naive_cross,hust,matr,pytorch_simple_transformer,100,1011,matr,matr_b2c40,476.0,1563.9694319083685
hust_to_matr,naive_cross,hust,matr,pytorch_simple_transformer,100,1011,matr,matr_b2c41,416.0,1539.5791715748283
hust_to_matr,naive_cross,hust,matr,pytorch_simple_transformer,100,1011,matr,matr_b2c42,444.0,1514.4199323506723
hust_to_matr,naive_cross,hust,matr,pytorch_simple_transformer,100,1011,matr,matr_b2c43,443.0,1516.3767280946324
hust_to_matr,naive_cross,hust,matr,pytorch_simple_transformer,100,1011,matr,matr_b2c44,442.0,1523.9523385695031
hust_to_matr,naive_cross,hust,matr,pytorch_simple_transformer,100,1011,matr,matr_b2c45,470.0,1516.6941867544615
hust_to_matr,naive_cross,hust,matr,pytorch_simple_transformer,100,1011,matr,matr_b2c46,417.0,1520.0115858545219
hust_to_matr,naive_cross,hust,matr,pytorch_simple_transformer,100,1011,matr,matr_b2c47,705.0,1520.1964205829263
hust_to_matr,naive_cross,hust,matr,pytorch_simple_transformer,100,1011,matr,matr_b2c5,464.0,1512.6582343500777
hust_to_matr,naive_cross,hust,matr,pytorch_simple_transformer,100,1011,matr,matr_b2c6,475.0,1421.761873893432
hust_to_matr,naive_cross,hust,matr,pytorch_simple_transformer,100,1011,matr,matr_b3c0,985.0,1502.5042234073412
hust_to_matr,naive_cross,hust,matr,pytorch_simple_transformer,100,1011,matr,matr_b3c1,1033.0,1501.4106026929635
hust_to_matr,naive_cross,hust,matr,pytorch_simple_transformer,100,1011,matr,matr_b3c10,1046.0,1513.5399095999578
hust_to_matr,naive_cross,hust,matr,pytorch_simple_transformer,100,1011,matr,matr_b3c11,792.0,1505.6505786319851
hust_to_matr,naive_cross,hust,matr,pytorch_simple_transformer,100,1011,matr,matr_b3c12,903.0,1504.5496458101377
hust_to_matr,naive_cross,hust,matr,pytorch_simple_transformer,100,1011,matr,matr_b3c13,794.0,1521.57142617256
hust_to_matr,naive_cross,hust,matr,pytorch_simple_transformer,100,1011,matr,matr_b3c14,834.0,1521.4118153497582
hust_to_matr,naive_cross,hust,matr,pytorch_simple_transformer,100,1011,matr,matr_b3c15,850.0,1536.5143030348725
hust_to_matr,naive_cross,hust,matr,pytorch_simple_transformer,100,1011,matr,matr_b3c16,1589.0,1530.740040681163
hust_to_matr,naive_cross,hust,matr,pytorch_simple_transformer,100,1011,matr,matr_b3c17,1269.0,1532.059563191163
hust_to_matr,naive_cross,hust,matr,pytorch_simple_transformer,100,1011,matr,matr_b3c18,1100.0,1488.5236738624078
hust_to_matr,naive_cross,hust,matr,pytorch_simple_transformer,100,1011,matr,matr_b3c19,1105.0,1479.1557441686073
hust_to_matr,naive_cross,hust,matr,pytorch_simple_transformer,100,1011,matr,matr_b3c2,1224.0,1497.3603414175875
hust_to_matr,naive_cross,hust,matr,pytorch_simple_transformer,100,1011,matr,matr_b3c20,793.0,1494.5705011642397
hust_to_matr,naive_cross,hust,matr,pytorch_simple_transformer,100,1011,matr,matr_b3c21,745.0,1416.198015319974
hust_to_matr,naive_cross,hust,matr,pytorch_simple_transformer,100,1011,matr,matr_b3c22,991.0,1492.2924181673486
hust_to_matr,naive_cross,hust,matr,pytorch_simple_transformer,100,1011,matr,matr_b3c24,817.0,1528.6101757050874
hust_to_matr,naive_cross,hust,matr,pytorch_simple_transformer,100,1011,matr,matr_b3c25,970.0,1519.7332889002132
hust_to_matr,naive_cross,hust,matr,pytorch_simple_transformer,100,1011,matr,matr_b3c26,989.0,1514.3058398405014
hust_to_matr,naive_cross,hust,matr,pytorch_simple_transformer,100,1011,matr,matr_b3c27,828.0,1506.0160596060248
hust_to_matr,naive_cross,hust,matr,pytorch_simple_transformer,100,1011,matr,matr_b3c28,524.0,1401.3236043044158
hust_to_matr,naive_cross,hust,matr,pytorch_simple_transformer,100,1011,matr,matr_b3c29,833.0,1510.1840657397822
hust_to_matr,naive_cross,hust,matr,pytorch_simple_transformer,100,1011,matr,matr_b3c3,1084.0,1496.9798293463532
hust_to_matr,naive_cross,hust,matr,pytorch_simple_transformer,100,1011,matr,matr_b3c30,913.0,1502.9635379491654
hust_to_matr,naive_cross,hust,matr,pytorch_simple_transformer,100,1011,matr,matr_b3c31,713.0,1505.0713043281753
hust_to_matr,naive_cross,hust,matr,pytorch_simple_transformer,100,1011,matr,matr_b3c33,1257.0,1493.2583453497211
hust_to_matr,naive_cross,hust,matr,pytorch_simple_transformer,100,1011,matr,matr_b3c34,1125.0,1493.0048802442452
hust_to_matr,naive_cross,hust,matr,pytorch_simple_transformer,100,1011,matr,matr_b3c35,1056.0,1487.9694362363034
hust_to_matr,naive_cross,hust,matr,pytorch_simple_transformer,100,1011,matr,matr_b3c36,910.0,1493.8950457632375
hust_to_matr,naive_cross,hust,matr,pytorch_simple_transformer,100,1011,matr,matr_b3c37,1376.0,1587.8153019977246
hust_to_matr,naive_cross,hust,matr,pytorch_simple_transformer,100,1011,matr,matr_b3c38,1873.0,1490.665920649576
hust_to_matr,naive_cross,hust,matr,pytorch_simple_transformer,100,1011,matr,matr_b3c39,1146.0,1509.3302545023605
hust_to_matr,naive_cross,hust,matr,pytorch_simple_transformer,100,1011,matr,matr_b3c4,1006.0,1501.525155601168
hust_to_matr,naive_cross,hust,matr,pytorch_simple_transformer,100,1011,matr,matr_b3c40,779.0,1509.5677757568833
hust_to_matr,naive_cross,hust,matr,pytorch_simple_transformer,100,1011,matr,matr_b3c41,773.0,1510.4440485036803
hust_to_matr,naive_cross,hust,matr,pytorch_simple_transformer,100,1011,matr,matr_b3c42,1587.0,1499.440230014777
hust_to_matr,naive_cross,hust,matr,pytorch_simple_transformer,100,1011,matr,matr_b3c43,1018.0,1502.4741328152056
hust_to_matr,naive_cross,hust,matr,pytorch_simple_transformer,100,1011,matr,matr_b3c44,921.0,1510.4469294498188
hust_to_matr,naive_cross,hust,matr,pytorch_simple_transformer,100,1011,matr,matr_b3c45,1735.0,1522.5279908134466
hust_to_matr,naive_cross,hust,matr,pytorch_simple_transformer,100,1011,matr,matr_b3c5,815.0,1492.9351136943353
hust_to_matr,naive_cross,hust,matr,pytorch_simple_transformer,100,1011,matr,matr_b3c6,630.0,1392.3510876780033
hust_to_matr,naive_cross,hust,matr,pytorch_simple_transformer,100,1011,matr,matr_b3c7,1774.0,1558.2732842857906
hust_to_matr,naive_cross,hust,matr,pytorch_simple_transformer,100,1011,matr,matr_b3c8,810.0,1506.0174958555458
hust_to_matr,naive_cross,hust,matr,pytorch_simple_transformer,100,1011,matr,matr_b3c9,1010.0,1508.463259386082
hust_to_matr,naive_cross,hust,matr,pytorch_simple_transformer,100,123,matr,matr_b1c0,1717.0,1456.9917484000655
hust_to_matr,naive_cross,hust,matr,pytorch_simple_transformer,100,123,matr,matr_b1c1,2066.0,1432.6450751902448
hust_to_matr,naive_cross,hust,matr,pytorch_simple_transformer,100,123,matr,matr_b1c11,771.0,1429.9294445166045
hust_to_matr,naive_cross,hust,matr,pytorch_simple_transformer,100,123,matr,matr_b1c12,897.0,1420.385626220024
hust_to_matr,naive_cross,hust,matr,pytorch_simple_transformer,100,123,matr,matr_b1c14,845.0,1420.838807279359
hust_to_matr,naive_cross,hust,matr,pytorch_simple_transformer,100,123,matr,matr_b1c15,699.0,1424.4660686628781
hust_to_matr,naive_cross,hust,matr,pytorch_simple_transformer,100,123,matr,matr_b1c16,824.0,1426.2243425406411
hust_to_matr,naive_cross,hust,matr,pytorch_simple_transformer,100,123,matr,matr_b1c17,825.0,1421.5862959727426
hust_to_matr,naive_cross,hust,matr,pytorch_simple_transformer,100,123,matr,matr_b1c18,665.0,1450.3595422232434
hust_to_matr,naive_cross,hust,matr,pytorch_simple_transformer,100,123,matr,matr_b1c19,740.0,1422.9949193584844
hust_to_matr,naive_cross,hust,matr,pytorch_simple_transformer,100,123,matr,matr_b1c2,1487.0,1430.9901043292052
hust_to_matr,naive_cross,hust,matr,pytorch_simple_transformer,100,123,matr,matr_b1c20,504.0,1420.3070624459626
hust_to_matr,naive_cross,hust,matr,pytorch_simple_transformer,100,123,matr,matr_b1c21,535.0,1419.2590582585533
hust_to_matr,naive_cross,hust,matr,pytorch_simple_transformer,100,123,matr,matr_b1c23,974.0,1424.241937641345
hust_to_matr,naive_cross,hust,matr,pytorch_simple_transformer,100,123,matr,matr_b1c24,979.0,1435.894344903677
hust_to_matr,naive_cross,hust,matr,pytorch_simple_transformer,100,123,matr,matr_b1c25,817.0,1419.272593432216
hust_to_matr,naive_cross,hust,matr,pytorch_simple_transformer,100,123,matr,matr_b1c26,826.0,1429.1857467294865
hust_to_matr,naive_cross,hust,matr,pytorch_simple_transformer,100,123,matr,matr_b1c27,809.0,1428.3661507158542
hust_to_matr,naive_cross,hust,matr,pytorch_simple_transformer,100,123,matr,matr_b1c28,815.0,1419.5203099067453
hust_to_matr,naive_cross,hust,matr,pytorch_simple_transformer,100,123,matr,matr_b1c29,872.0,1418.4830319866442
hust_to_matr,naive_cross,hust,matr,pytorch_simple_transformer,100,123,matr,matr_b1c3,1344.0,1420.525155357763
hust_to_matr,naive_cross,hust,matr,pytorch_simple_transformer,100,123,matr,matr_b1c30,679.0,1419.9664439388487
hust_to_matr,naive_cross,hust,matr,pytorch_simple_transformer,100,123,matr,matr_b1c31,827.0,1424.4796534946984
hust_to_matr,naive_cross,hust,matr,pytorch_simple_transformer,100,123,matr,matr_b1c32,694.0,1414.7927470601696
hust_to_matr,naive_cross,hust,matr,pytorch_simple_transformer,100,123,matr,matr_b1c33,708.0,1416.9356303977606
hust_to_matr,naive_cross,hust,matr,pytorch_simple_transformer,100,123,matr,matr_b1c34,714.0,1431.6985581682711
hust_to_matr,naive_cross,hust,matr,pytorch_simple_transformer,100,123,matr,matr_b1c35,676.0,1423.7924235547514
hust_to_matr,naive_cross,hust,matr,pytorch_simple_transformer,100,123,matr,matr_b1c36,670.0,1420.4648716700838
hust_to_matr,naive_cross,hust,matr,pytorch_simple_transformer,100,123,matr,matr_b1c37,622.0,1421.2989101935268
hust_to_matr,naive_cross,hust,matr,pytorch_simple_transformer,100,123,matr,matr_b1c38,592.0,1416.031902286934
hust_to_matr,naive_cross,hust,matr,pytorch_simple_transformer,100,123,matr,matr_b1c39,592.0,1423.0295251587943
hust_to_matr,naive_cross,hust,matr,pytorch_simple_transformer,100,123,matr,matr_b1c4,1618.0,1418.25984235933
hust_to_matr,naive_cross,hust,matr,pytorch_simple_transformer,100,123,matr,matr_b1c40,919.0,1422.8117262009928
hust_to_matr,naive_cross,hust,matr,pytorch_simple_transformer,100,123,matr,matr_b1c41,1005.0,1421.8147548903792
hust_to_matr,naive_cross,hust,matr,pytorch_simple_transformer,100,123,matr,matr_b1c42,661.0,1424.6460781991238
hust_to_matr,naive_cross,hust,matr,pytorch_simple_transformer,100,123,matr,matr_b1c43,626.0,1413.5492839327653
hust_to_matr,naive_cross,hust,matr,pytorch_simple_transformer,100,123,matr,matr_b1c44,575.0,1413.4717722833038
hust_to_matr,naive_cross,hust,matr,pytorch_simple_transformer,100,123,matr,matr_b1c45,563.0,1418.4011917120783
hust_to_matr,naive_cross,hust,matr,pytorch_simple_transformer,100,123,matr,matr_b1c5,909.0,1421.8527219472958
hust_to_matr,naive_cross,hust,matr,pytorch_simple_transformer,100,123,matr,matr_b1c6,613.0,1417.0545493581758
hust_to_matr,naive_cross,hust,matr,pytorch_simple_transformer,100,123,matr,matr_b1c7,818.0,1415.1685635104607
hust_to_matr,naive_cross,hust,matr,pytorch_simple_transformer,100,123,matr,matr_b1c9,1012.0,1418.4262167493935
hust_to_matr,naive_cross,hust,matr,pytorch_simple_transformer,100,123,matr,matr_b2c0,278.0,1439.8669110597045
hust_to_matr,naive_cross,hust,matr,pytorch_simple_transformer,100,123,matr,matr_b2c1,133.0,1405.0946623467346
hust_to_matr,naive_cross,hust,matr,pytorch_simple_transformer,100,123,matr,matr_b2c10,251.0,1417.051846543696
hust_to_matr,naive_cross,hust,matr,pytorch_simple_transformer,100,123,matr,matr_b2c11,250.0,1414.7718338163977
hust_to_matr,naive_cross,hust,matr,pytorch_simple_transformer,100,123,matr,matr_b2c12,435.0,1398.9514884480725
hust_to_matr,naive_cross,hust,matr,pytorch_simple_transformer,100,123,matr,matr_b2c13,454.0,1403.9005576334062
hust_to_matr,naive_cross,hust,matr,pytorch_simple_transformer,100,123,matr,matr_b2c14,466.0,1423.760514807055
hust_to_matr,naive_cross,hust,matr,pytorch_simple_transformer,100,123,matr,matr_b2c17,476.0,1452.8700925459163
hust_to_matr,naive_cross,hust,matr,pytorch_simple_transformer,100,123,matr,matr_b2c18,468.0,1411.5919010225587
hust_to_matr,naive_cross,hust,matr,pytorch_simple_transformer,100,123,matr,matr_b2c19,455.0,1391.402662395778
hust_to_matr,naive_cross,hust,matr,pytorch_simple_transformer,100,123,matr,matr_b2c2,422.0,1430.0453626086037
hust_to_matr,naive_cross,hust,matr,pytorch_simple_transformer,100,123,matr,matr_b2c20,475.0,1428.7476165562334
hust_to_matr,naive_cross,hust,matr,pytorch_simple_transformer,100,123,matr,matr_b2c21,468.0,1423.854885301056
hust_to_matr,naive_cross,hust,matr,pytorch_simple_transformer,100,123,matr,matr_b2c22,490.0,1426.846068174767
hust_to_matr,naive_cross,hust,matr,pytorch_simple_transformer,100,123,matr,matr_b2c23,502.0,1407.5805537631097
hust_to_matr,naive_cross,hust,matr,pytorch_simple_transformer,100,123,matr,matr_b2c24,478.0,1433.378953740726
hust_to_matr,naive_cross,hust,matr,pytorch_simple_transformer,100,123,matr,matr_b2c25,446.0,1416.5742050566919
hust_to_matr,naive_cross,hust,matr,pytorch_simple_transformer,100,123,matr,matr_b2c26,450.0,1422.1470010160904
hust_to_matr,naive_cross,hust,matr,pytorch_simple_transformer,100,123,matr,matr_b2c27,453.0,1420.7771553217144
hust_to_matr,naive_cross,hust,matr,pytorch_simple_transformer,100,123,matr,matr_b2c28,491.0,1438.4642210381255
hust_to_matr,naive_cross,hust,matr,pytorch_simple_transformer,100,123,matr,matr_b2c29,481.0,1428.6079609917033
hust_to_matr,naive_cross,hust,matr,pytorch_simple_transformer,100,123,matr,matr_b2c3,314.0,1387.7166559207421
hust_to_matr,naive_cross,hust,matr,pytorch_simple_transformer,100,123,matr,matr_b2c30,466.0,1425.357508198709
hust_to_matr,naive_cross,hust,matr,pytorch_simple_transformer,100,123,matr,matr_b2c31,474.0,1427.1645183750773
hust_to_matr,naive_cross,hust,matr,pytorch_simple_transformer,100,123,matr,matr_b2c32,500.0,1441.5321481388219
hust_to_matr,naive_cross,hust,matr,pytorch_simple_transformer,100,123,matr,matr_b2c33,499.0,1423.5276704911971
hust_to_matr,naive_cross,hust,matr,pytorch_simple_transformer,100,123,matr,matr_b2c34,483.0,1437.3377070024007
hust_to_matr,naive_cross,hust,matr,pytorch_simple_transformer,100,123,matr,matr_b2c35,449.0,1423.4591142622724
hust_to_matr,naive_cross,hust,matr,pytorch_simple_transformer,100,123,matr,matr_b2c36,513.0,1429.4917679905125
hust_to_matr,naive_cross,hust,matr,pytorch_simple_transformer,100,123,matr,matr_b2c37,461.0,1429.6267380508075
hust_to_matr,naive_cross,hust,matr,pytorch_simple_transformer,100,123,matr,matr_b2c38,451.0,1421.2955215568998
hust_to_matr,naive_cross,hust,matr,pytorch_simple_transformer,100,123,matr,matr_b2c39,442.0,1436.5641257143552
hust_to_matr,naive_cross,hust,matr,pytorch_simple_transformer,100,123,matr,matr_b2c4,247.0,1403.3905431482233
hust_to_matr,naive_cross,hust,matr,pytorch_simple_transformer,100,123,matr,matr_b2c40,476.0,1434.23562053328
hust_to_matr,naive_cross,hust,matr,pytorch_simple_transformer,100,123,matr,matr_b2c41,416.0,1434.6713289876016
hust_to_matr,naive_cross,hust,matr,pytorch_simple_transformer,100,123,matr,matr_b2c42,444.0,1426.2835104462517
hust_to_matr,naive_cross,hust,matr,pytorch_simple_transformer,100,123,matr,matr_b2c43,443.0,1428.600467664392
hust_to_matr,naive_cross,hust,matr,pytorch_simple_transformer,100,123,matr,matr_b2c44,442.0,1430.6039467633523
hust_to_matr,naive_cross,hust,matr,pytorch_simple_transformer,100,123,matr,matr_b2c45,470.0,1424.9287050916814
hust_to_matr,naive_cross,hust,matr,pytorch_simple_transformer,100,123,matr,matr_b2c46,417.0,1433.1691381759395
hust_to_matr,naive_cross,hust,matr,pytorch_simple_transformer,100,123,matr,matr_b2c47,705.0,1435.428148223456
hust_to_matr,naive_cross,hust,matr,pytorch_simple_transformer,100,123,matr,matr_b2c5,464.0,1421.2623133455008
hust_to_matr,naive_cross,hust,matr,pytorch_simple_transformer,100,123,matr,matr_b2c6,475.0,1393.9141793102376
hust_to_matr,naive_cross,hust,matr,pytorch_simple_transformer,100,123,matr,matr_b3c0,985.0,1413.859373038608
hust_to_matr,naive_cross,hust,matr,pytorch_simple_transformer,100,123,matr,matr_b3c1,1033.0,1415.795596186526
hust_to_matr,naive_cross,hust,matr,pytorch_simple_transformer,100,123,matr,matr_b3c10,1046.0,1416.9403599385696
hust_to_matr,naive_cross,hust,matr,pytorch_simple_transformer,100,123,matr,matr_b3c11,792.0,1409.5572429050917
hust_to_matr,naive_cross,hust,matr,pytorch_simple_transformer,100,123,matr,matr_b3c12,903.0,1409.750157205669
hust_to_matr,naive_cross,hust,matr,pytorch_simple_transformer,100,123,matr,matr_b3c13,794.0,1420.3239939264677
hust_to_matr,naive_cross,hust,matr,pytorch_simple_transformer,100,123,matr,matr_b3c14,834.0,1415.8941647940796
hust_to_matr,naive_cross,hust,matr,pytorch_simple_transformer,100,123,matr,matr_b3c15,850.0,1411.7197957154597
hust_to_matr,naive_cross,hust,matr,pytorch_simple_transformer,100,123,matr,matr_b3c16,1589.0,1421.9150985989281
hust_to_matr,naive_cross,hust,matr,pytorch_simple_transformer,100,123,matr,matr_b3c17,1269.0,1421.4913980166073
hust_to_matr,naive_cross,hust,matr,pytorch_simple_transformer,100,123,matr,matr_b3c18,1100.0,1419.2434929684175
hust_to_matr,naive_cross,hust,matr,pytorch_simple_transformer,100,123,matr,matr_b3c19,1105.0,1408.0746338767192
hust_to_matr,naive_cross,hust,matr,pytorch_simple_transformer,100,123,matr,matr_b3c2,1224.0,1409.1842605162929
hust_to_matr,naive_cross,hust,matr,pytorch_simple_transformer,100,123,matr,matr_b3c20,793.0,1410.8590859820224
hust_to_matr,naive_cross,hust,matr,pytorch_simple_transformer,100,123,matr,matr_b3c21,745.0,1391.5260737518895
hust_to_matr,naive_cross,hust,matr,pytorch_simple_transformer,100,123,matr,matr_b3c22,991.0,1406.9236153219535
hust_to_matr,naive_cross,hust,matr,pytorch_simple_transformer,100,123,matr,matr_b3c24,817.0,1421.5862959727426
hust_to_matr,naive_cross,hust,matr,pytorch_simple_transformer,100,123,matr,matr_b3c25,970.0,1419.8784246076812
hust_to_matr,naive_cross,hust,matr,pytorch_simple_transformer,100,123,matr,matr_b3c26,989.0,1409.7730129137394
hust_to_matr,naive_cross,hust,matr,pytorch_simple_transformer,100,123,matr,matr_b3c27,828.0,1418.2375253281534
hust_to_matr,naive_cross,hust,matr,pytorch_simple_transformer,100,123,matr,matr_b3c28,524.0,1389.2281735454949
hust_to_matr,naive_cross,hust,matr,pytorch_simple_transformer,100,123,matr,matr_b3c29,833.0,1417.9798904899408
hust_to_matr,naive_cross,hust,matr,pytorch_simple_transformer,100,123,matr,matr_b3c3,1084.0,1410.8045942813558
hust_to_matr,naive_cross,hust,matr,pytorch_simple_transformer,100,123,matr,matr_b3c30,913.0,1413.0903420991708
hust_to_matr,naive_cross,hust,matr,pytorch_simple_transformer,100,123,matr,matr_b3c31,713.0,1415.3035309373474
hust_to_matr,naive_cross,hust,matr,pytorch_simple_transformer,100,123,matr,matr_b3c33,1257.0,1409.4698688081246
hust_to_matr,naive_cross,hust,matr,pytorch_simple_transformer,100,123,matr,matr_b3c34,1125.0,1407.3745145240796
hust_to_matr,naive_cross,hust,matr,pytorch_simple_transformer,100,123,matr,matr_b3c35,1056.0,1410.7857581336025
hust_to_matr,naive_cross,hust,matr,pytorch_simple_transformer,100,123,matr,matr_b3c36,910.0,1411.5777660044466
hust_to_matr,naive_cross,hust,matr,pytorch_simple_transformer,100,123,matr,matr_b3c37,1376.0,1449.647384240843
hust_to_matr,naive_cross,hust,matr,pytorch_simple_transformer,100,123,matr,matr_b3c38,1873.0,1409.3092490227127
hust_to_matr,naive_cross,hust,matr,pytorch_simple_transformer,100,123,matr,matr_b3c39,1146.0,1418.838178782841
hust_to_matr,naive_cross,hust,matr,pytorch_simple_transformer,100,123,matr,matr_b3c4,1006.0,1406.7767017055658
hust_to_matr,naive_cross,hust,matr,pytorch_simple_transformer,100,123,matr,matr_b3c40,779.0,1418.8246477520595
hust_to_matr,naive_cross,hust,matr,pytorch_simple_transformer,100,123,matr,matr_b3c41,773.0,1420.8957191532213
hust_to_matr,naive_cross,hust,matr,pytorch_simple_transformer,100,123,matr,matr_b3c42,1587.0,1411.7824010259603
hust_to_matr,naive_cross,hust,matr,pytorch_simple_transformer,100,123,matr,matr_b3c43,1018.0,1412.9993801392436
hust_to_matr,naive_cross,hust,matr,pytorch_simple_transformer,100,123,matr,matr_b3c44,921.0,1413.1489651316676
hust_to_matr,naive_cross,hust,matr,pytorch_simple_transformer,100,123,matr,matr_b3c45,1735.0,1417.9305327273958
hust_to_matr,naive_cross,hust,matr,pytorch_simple_transformer,100,123,matr,matr_b3c5,815.0,1407.2080944252489
hust_to_matr,naive_cross,hust,matr,pytorch_simple_transformer,100,123,matr,matr_b3c6,630.0,1387.9443045051664
hust_to_matr,naive_cross,hust,matr,pytorch_simple_transformer,100,123,matr,matr_b3c7,1774.0,1426.2440649031153
hust_to_matr,naive_cross,hust,matr,pytorch_simple_transformer,100,123,matr,matr_b3c8,810.0,1415.4736082226873
hust_to_matr,naive_cross,hust,matr,pytorch_simple_transformer,100,123,matr,matr_b3c9,1010.0,1415.6632819957283
hust_to_matr,naive_cross,hust,matr,pytorch_simple_transformer,100,42,matr,matr_b1c0,1717.0,1577.098126131235
hust_to_matr,naive_cross,hust,matr,pytorch_simple_transformer,100,42,matr,matr_b1c1,2066.0,1565.902886933702
hust_to_matr,naive_cross,hust,matr,pytorch_simple_transformer,100,42,matr,matr_b1c11,771.0,1548.334227896035
hust_to_matr,naive_cross,hust,matr,pytorch_simple_transformer,100,42,matr,matr_b1c12,897.0,1555.0836990108992
hust_to_matr,naive_cross,hust,matr,pytorch_simple_transformer,100,42,matr,matr_b1c14,845.0,1557.717587524801
hust_to_matr,naive_cross,hust,matr,pytorch_simple_transformer,100,42,matr,matr_b1c15,699.0,1562.952547717367
hust_to_matr,naive_cross,hust,matr,pytorch_simple_transformer,100,42,matr,matr_b1c16,824.0,1554.112608925165
hust_to_matr,naive_cross,hust,matr,pytorch_simple_transformer,100,42,matr,matr_b1c17,825.0,1556.5266277188985
hust_to_matr,naive_cross,hust,matr,pytorch_simple_transformer,100,42,matr,matr_b1c18,665.0,1571.4433292253952
hust_to_matr,naive_cross,hust,matr,pytorch_simple_transformer,100,42,matr,matr_b1c19,740.0,1537.174577931292
hust_to_matr,naive_cross,hust,matr,pytorch_simple_transformer,100,42,matr,matr_b1c2,1487.0,1559.3332233623605
hust_to_matr,naive_cross,hust,matr,pytorch_simple_transformer,100,42,matr,matr_b1c20,504.0,1462.5310547039944
hust_to_matr,naive_cross,hust,matr,pytorch_simple_transformer,100,42,matr,matr_b1c21,535.0,1495.1329010180648
hust_to_matr,naive_cross,hust,matr,pytorch_simple_transformer,100,42,matr,matr_b1c23,974.0,1538.7681731976777
hust_to_matr,naive_cross,hust,matr,pytorch_simple_transformer,100,42,matr,matr_b1c24,979.0,1543.4263993347115
hust_to_matr,naive_cross,hust,matr,pytorch_simple_transformer,100,42,matr,matr_b1c25,817.0,1547.304637275593
hust_to_matr,naive_cross,hust,matr,pytorch_simple_transformer,100,42,matr,matr_b1c26,826.0,1530.102228995368
hust_to_matr,naive_cross,hust,matr,pytorch_simple_transformer,100,42,matr,matr_b1c27,809.0,1537.0858896730074
hust_to_matr,naive_cross,hust,matr,pytorch_simple_transformer,100,42,matr,matr_b1c28,815.0,1534.4217666024492
hust_to_matr,naive_cross,hust,matr,pytorch_simple_transformer,100,42,matr,matr_b1c29,872.0,1539.6305614314745
hust_to_matr,naive_cross,hust,matr,pytorch_simple_transformer,100,42,matr,matr_b1c3,1344.0,1554.2838028992796
hust_to_matr,naive_cross,hust,matr,pytorch_simple_transformer,100,42,matr,matr_b1c30,679.0,1530.6006335069656
hust_to_matr,naive_cross,hust,matr,pytorch_simple_transformer,100,42,matr,matr_b1c31,827.0,1526.230719379104
hust_to_matr,naive_cross,hust,matr,pytorch_simple_transformer,100,42,matr,matr_b1c32,694.0,1534.6464055239867
hust_to_matr,naive_cross,hust,matr,pytorch_simple_transformer,100,42,matr,matr_b1c33,708.0,1534.3347004242517
hust_to_matr,naive_cross,hust,matr,pytorch_simple_transformer,100,42,matr,matr_b1c34,714.0,1541.6868277612573
hust_to_matr,naive_cross,hust,matr,pytorch_simple_transformer,100,42,matr,matr_b1c35,676.0,1542.2500429256045
hust_to_matr,naive_cross,hust,matr,pytorch_simple_transformer,100,42,matr,matr_b1c36,670.0,1541.4846792848418
hust_to_matr,naive_cross,hust,matr,pytorch_simple_transformer,100,42,matr,matr_b1c37,622.0,1541.533927562182
hust_to_matr,naive_cross,hust,matr,pytorch_simple_transformer,100,42,matr,matr_b1c38,592.0,1538.4270210638626
hust_to_matr,naive_cross,hust,matr,pytorch_simple_transformer,100,42,matr,matr_b1c39,592.0,1544.9203909835658
hust_to_matr,naive_cross,hust,matr,pytorch_simple_transformer,100,42,matr,matr_b1c4,1618.0,1554.7567223251951
hust_to_matr,naive_cross,hust,matr,pytorch_simple_transformer,100,42,matr,matr_b1c40,919.0,1542.4765634145926
hust_to_matr,naive_cross,hust,matr,pytorch_simple_transformer,100,42,matr,matr_b1c41,1005.0,1545.545218082598
hust_to_matr,naive_cross,hust,matr,pytorch_simple_transformer,100,42,matr,matr_b1c42,661.0,1543.96816320655
hust_to_matr,naive_cross,hust,matr,pytorch_simple_transformer,100,42,matr,matr_b1c43,626.0,1526.3639059140032
hust_to_matr,naive_cross,hust,matr,pytorch_simple_transformer,100,42,matr,matr_b1c44,575.0,1522.050359116312
hust_to_matr,naive_cross,hust,matr,pytorch_simple_transformer,100,42,matr,matr_b1c45,563.0,1536.7524382985382
hust_to_matr,naive_cross,hust,matr,pytorch_simple_transformer,100,42,matr,matr_b1c5,909.0,1551.0106730084128
hust_to_matr,naive_cross,hust,matr,pytorch_simple_transformer,100,42,matr,matr_b1c6,613.0,1552.2692081046712
hust_to_matr,naive_cross,hust,matr,pytorch_simple_transformer,100,42,matr,matr_b1c7,818.0,1530.7787265977436
hust_to_matr,naive_cross,hust,matr,pytorch_simple_transformer,100,42,matr,matr_b1c9,1012.0,1561.7695008099502
hust_to_matr,naive_cross,hust,matr,pytorch_simple_transformer,100,42,matr,matr_b2c0,278.0,1424.3071357555013
hust_to_matr,naive_cross,hust,matr,pytorch_simple_transformer,100,42,matr,matr_b2c1,133.0,1362.434076329787
hust_to_matr,naive_cross,hust,matr,pytorch_simple_transformer,100,42,matr,matr_b2c10,251.0,1526.916426605657
hust_to_matr,naive_cross,hust,matr,pytorch_simple_transformer,100,42,matr,matr_b2c11,250.0,1529.1365307571436
hust_to_matr,naive_cross,hust,matr,pytorch_simple_transformer,100,42,matr,matr_b2c12,435.0,1463.05558538412
hust_to_matr,naive_cross,hust,matr,pytorch_simple_transformer,100,42,matr,matr_b2c13,454.0,1470.615834756155
hust_to_matr,naive_cross,hust,matr,pytorch_simple_transformer,100,42,matr,matr_b2c14,466.0,1545.1627762183805
hust_to_matr,naive_cross,hust,matr,pytorch_simple_transformer,100,42,matr,matr_b2c17,476.0,1552.0516105439822
hust_to_matr,naive_cross,hust,matr,pytorch_simple_transformer,100,42,matr,matr_b2c18,468.0,1505.2241766371196
hust_to_matr,naive_cross,hust,matr,pytorch_simple_transformer,100,42,matr,matr_b2c19,455.0,1422.2867031794513
hust_to_matr,naive_cross,hust,matr,pytorch_simple_transformer,100,42,matr,matr_b2c2,422.0,1540.707940753154
hust_to_matr,naive_cross,hust,matr,pytorch_simple_transformer,100,42,matr,matr_b2c20,475.0,1551.9058224432988
hust_to_matr,naive_cross,hust,matr,pytorch_simple_transformer,100,42,matr,matr_b2c21,468.0,1536.1883007580807
hust_to_matr,naive_cross,hust,matr,pytorch_simple_transformer,100,42,matr,matr_b2c22,490.0,1549.210841965918
hust_to_matr,naive_cross,hust,matr,pytorch_simple_transformer,100,42,matr,matr_b2c23,502.0,1500.2784311035225
hust_to_matr,naive_cross,hust,matr,pytorch_simple_transformer,100,42,matr,matr_b2c24,478.0,1550.7289188052766
hust_to_matr,naive_cross,hust,matr,pytorch_simple_transformer,100,42,matr,matr_b2c25,446.0,1533.8102129570902
hust_to_matr,naive_cross,hust,matr,pytorch_simple_transformer,100,42,matr,matr_b2c26,450.0,1534.5227402900498
hust_to_matr,naive_cross,hust,matr,pytorch_simple_transformer,100,42,matr,matr_b2c27,453.0,1548.7241011119672
hust_to_matr,naive_cross,hust,matr,pytorch_simple_transformer,100,42,matr,matr_b2c28,491.0,1540.5852562830646
hust_to_matr,naive_cross,hust,matr,pytorch_simple_transformer,100,42,matr,matr_b2c29,481.0,1560.178122731245
hust_to_matr,naive_cross,hust,matr,pytorch_simple_transformer,100,42,matr,matr_b2c3,314.0,1423.3450874521907
hust_to_matr,naive_cross,hust,matr,pytorch_simple_transformer,100,42,matr,matr_b2c30,466.0,1556.203057911358
hust_to_matr,naive_cross,hust,matr,pytorch_simple_transformer,100,42,matr,matr_b2c31,474.0,1559.7243786744386
hust_to_matr,naive_cross,hust,matr,pytorch_simple_transformer,100,42,matr,matr_b2c32,500.0,1548.6111163859991
hust_to_matr,naive_cross,hust,matr,pytorch_simple_transformer,100,42,matr,matr_b2c33,499.0,1555.7638230868633
hust_to_matr,naive_cross,hust,matr,pytorch_simple_transformer,100,42,matr,matr_b2c34,483.0,1558.6730924879398
hust_to_matr,naive_cross,hust,matr,pytorch_simple_transformer,100,42,matr,matr_b2c35,449.0,1557.9434082905514
hust_to_matr,naive_cross,hust,matr,pytorch_simple_transformer,100,42,matr,matr_b2c36,513.0,1568.7151686802029
hust_to_matr,naive_cross,hust,matr,pytorch_simple_transformer,100,42,matr,matr_b2c37,461.0,1563.7897143787318
hust_to_matr,naive_cross,hust,matr,pytorch_simple_transformer,100,42,matr,matr_b2c38,451.0,1556.9772142331021
hust_to_matr,naive_cross,hust,matr,pytorch_simple_transformer,100,42,matr,matr_b2c39,442.0,1572.4904815947282
hust_to_matr,naive_cross,hust,matr,pytorch_simple_transformer,100,42,matr,matr_b2c4,247.0,1481.8751197028832
hust_to_matr,naive_cross,hust,matr,pytorch_simple_transformer,100,42,matr,matr_b2c40,476.0,1524.8536846232505
hust_to_matr,naive_cross,hust,matr,pytorch_simple_transformer,100,42,matr,matr_b2c41,416.0,1558.2970618305449
hust_to_matr,naive_cross,hust,matr,pytorch_simple_transformer,100,42,matr,matr_b2c42,444.0,1550.3407586785486
hust_to_matr,naive_cross,hust,matr,pytorch_simple_transformer,100,42,matr,matr_b2c43,443.0,1563.4430148516744
hust_to_matr,naive_cross,hust,matr,pytorch_simple_transformer,100,42,matr,matr_b2c44,442.0,1562.2394833515432
hust_to_matr,naive_cross,hust,matr,pytorch_simple_transformer,100,42,matr,matr_b2c45,470.0,1549.0173090759517
hust_to_matr,naive_cross,hust,matr,pytorch_simple_transformer,100,42,matr,matr_b2c46,417.0,1568.1497662045856
hust_to_matr,naive_cross,hust,matr,pytorch_simple_transformer,100,42,matr,matr_b2c47,705.0,1570.7503586838718
hust_to_matr,naive_cross,hust,matr,pytorch_simple_transformer,100,42,matr,matr_b2c5,464.0,1548.447192420566
hust_to_matr,naive_cross,hust,matr,pytorch_simple_transformer,100,42,matr,matr_b2c6,475.0,1434.3621470288929
hust_to_matr,naive_cross,hust,matr,pytorch_simple_transformer,100,42,matr,matr_b3c0,985.0,1540.5808486395965
hust_to_matr,naive_cross,hust,matr,pytorch_simple_transformer,100,42,matr,matr_b3c1,1033.0,1534.6595775562703
hust_to_matr,naive_cross,hust,matr,pytorch_simple_transformer,100,42,matr,matr_b3c10,1046.0,1537.053640665942
hust_to_matr,naive_cross,hust,matr,pytorch_simple_transformer,100,42,matr,matr_b3c11,792.0,1529.2699708676942
hust_to_matr,naive_cross,hust,matr,pytorch_simple_transformer,100,42,matr,matr_b3c12,903.0,1531.205066348874
hust_to_matr,naive_cross,hust,matr,pytorch_simple_transformer,100,42,matr,matr_b3c13,794.0,1540.3325717541254
hust_to_matr,naive_cross,hust,matr,pytorch_simple_transformer,100,42,matr,matr_b3c14,834.0,1548.4036299609756
hust_to_matr,naive_cross,hust,matr,pytorch_simple_transformer,100,42,matr,matr_b3c15,850.0,1531.7746779394986
hust_to_matr,naive_cross,hust,matr,pytorch_simple_transformer,100,42,matr,matr_b3c16,1589.0,1538.9288710517385
hust_to_matr,naive_cross,hust,matr,pytorch_simple_transformer,100,42,matr,matr_b3c17,1269.0,1503.0452404200996
hust_to_matr,naive_cross,hust,matr,pytorch_simple_transformer,100,42,matr,matr_b3c18,1100.0,1521.3291145093044
hust_to_matr,naive_cross,hust,matr,pytorch_simple_transformer,100,42,matr,matr_b3c19,1105.0,1513.2656838589608
hust_to_matr,naive_cross,hust,matr,pytorch_simple_transformer,100,42,matr,matr_b3c2,1224.0,1530.197081183048
hust_to_matr,naive_cross,hust,matr,pytorch_simple_transformer,100,42,matr,matr_b3c20,793.0,1533.029300431553
hust_to_matr,naive_cross,hust,matr,pytorch_simple_transformer,100,42,matr,matr_b3c21,745.0,1433.6202454341558
hust_to_matr,naive_cross,hust,matr,pytorch_simple_transformer,100,42,matr,matr_b3c22,991.0,1529.3202873749858
hust_to_matr,naive_cross,hust,matr,pytorch_simple_transformer,100,42,matr,matr_b3c24,817.0,1551.7422896540354
hust_to_matr,naive_cross,hust,matr,pytorch_simple_transformer,100,42,matr,matr_b3c25,970.0,1547.1983959453012
hust_to_matr,naive_cross,hust,matr,pytorch_simple_transformer,100,42,matr,matr_b3c26,989.0,1546.266146145851
hust_to_matr,naive_cross,hust,matr,pytorch_simple_transformer,100,42,matr,matr_b3c27,828.0,1543.7738129923928
hust_to_matr,naive_cross,hust,matr,pytorch_simple_transformer,100,42,matr,matr_b3c28,524.0,1402.9175064364672
hust_to_matr,naive_cross,hust,matr,pytorch_simple_transformer,100,42,matr,matr_b3c29,833.0,1554.2474874502277
hust_to_matr,naive_cross,hust,matr,pytorch_simple_transformer,100,42,matr,matr_b3c3,1084.0,1534.077920556257
hust_to_matr,naive_cross,hust,matr,pytorch_simple_transformer,100,42,matr,matr_b3c30,913.0,1539.513835519647
hust_to_matr,naive_cross,hust,matr,pytorch_simple_transformer,100,42,matr,matr_b3c31,713.0,1535.641944237761
hust_to_matr,naive_cross,hust,matr,pytorch_simple_transformer,100,42,matr,matr_b3c33,1257.0,1529.250282250266
hust_to_matr,naive_cross,hust,matr,pytorch_simple_transformer,100,42,matr,matr_b3c34,1125.0,1528.573731232932
hust_to_matr,naive_cross,hust,matr,pytorch_simple_transformer,100,42,matr,matr_b3c35,1056.0,1521.8892466667012
hust_to_matr,naive_cross,hust,matr,pytorch_simple_transformer,100,42,matr,matr_b3c36,910.0,1529.0964280815326
hust_to_matr,naive_cross,hust,matr,pytorch_simple_transformer,100,42,matr,matr_b3c37,1376.0,1523.3231661133445
hust_to_matr,naive_cross,hust,matr,pytorch_simple_transformer,100,42,matr,matr_b3c38,1873.0,1527.2339070602645
hust_to_matr,naive_cross,hust,matr,pytorch_simple_transformer,100,42,matr,matr_b3c39,1146.0,1546.8996313118494
hust_to_matr,naive_cross,hust,matr,pytorch_simple_transformer,100,42,matr,matr_b3c4,1006.0,1531.7739475325884
hust_to_matr,naive_cross,hust,matr,pytorch_simple_transformer,100,42,matr,matr_b3c40,779.0,1551.1963185777274
hust_to_matr,naive_cross,hust,matr,pytorch_simple_transformer,100,42,matr,matr_b3c41,773.0,1549.1702128274474
hust_to_matr,naive_cross,hust,matr,pytorch_simple_transformer,100,42,matr,matr_b3c42,1587.0,1535.795724676645
hust_to_matr,naive_cross,hust,matr,pytorch_simple_transformer,100,42,matr,matr_b3c43,1018.0,1536.8088634456444
hust_to_matr,naive_cross,hust,matr,pytorch_simple_transformer,100,42,matr,matr_b3c44,921.0,1550.9041772135786
hust_to_matr,naive_cross,hust,matr,pytorch_simple_transformer,100,42,matr,matr_b3c45,1735.0,1526.3049530632927
hust_to_matr,naive_cross,hust,matr,pytorch_simple_transformer,100,42,matr,matr_b3c5,815.0,1524.6115772485657
hust_to_matr,naive_cross,hust,matr,pytorch_simple_transformer,100,42,matr,matr_b3c6,630.0,1390.8726488472148
hust_to_matr,naive_cross,hust,matr,pytorch_simple_transformer,100,42,matr,matr_b3c7,1774.0,1537.772074319261
hust_to_matr,naive_cross,hust,matr,pytorch_simple_transformer,100,42,matr,matr_b3c8,810.0,1543.833440570057
hust_to_matr,naive_cross,hust,matr,pytorch_simple_transformer,100,42,matr,matr_b3c9,1010.0,1545.9483951047753
hust_to_matr,naive_cross,hust,matr,pytorch_simple_transformer,100,456,matr,matr_b1c0,1717.0,1507.3336758452397
hust_to_matr,naive_cross,hust,matr,pytorch_simple_transformer,100,456,matr,matr_b1c1,2066.0,1532.1662261714969
hust_to_matr,naive_cross,hust,matr,pytorch_simple_transformer,100,456,matr,matr_b1c11,771.0,1525.5249519982794
hust_to_matr,naive_cross,hust,matr,pytorch_simple_transformer,100,456,matr,matr_b1c12,897.0,1543.0797996572408
hust_to_matr,naive_cross,hust,matr,pytorch_simple_transformer,100,456,matr,matr_b1c14,845.0,1583.0457508886116
hust_to_matr,naive_cross,hust,matr,pytorch_simple_transformer,100,456,matr,matr_b1c15,699.0,1570.682201878126
hust_to_matr,naive_cross,hust,matr,pytorch_simple_transformer,100,456,matr,matr_b1c16,824.0,1590.196743588435
hust_to_matr,naive_cross,hust,matr,pytorch_simple_transformer,100,456,matr,matr_b1c17,825.0,1585.6778515880223
hust_to_matr,naive_cross,hust,matr,pytorch_simple_transformer,100,456,matr,matr_b1c18,665.0,1501.0899010412575
hust_to_matr,naive_cross,hust,matr,pytorch_simple_transformer,100,456,matr,matr_b1c19,740.0,1600.554104479437
hust_to_matr,naive_cross,hust,matr,pytorch_simple_transformer,100,456,matr,matr_b1c2,1487.0,1542.9900349382995
hust_to_matr,naive_cross,hust,matr,pytorch_simple_transformer,100,456,matr,matr_b1c20,504.0,1534.374208834012
hust_to_matr,naive_cross,hust,matr,pytorch_simple_transformer,100,456,matr,matr_b1c21,535.0,1535.5628631508573
hust_to_matr,naive_cross,hust,matr,pytorch_simple_transformer,100,456,matr,matr_b1c23,974.0,1594.0670803547748
hust_to_matr,naive_cross,hust,matr,pytorch_simple_transformer,100,456,matr,matr_b1c24,979.0,1612.161580152044
hust_to_matr,naive_cross,hust,matr,pytorch_simple_transformer,100,456,matr,matr_b1c25,817.0,1555.6021090640843
hust_to_matr,naive_cross,hust,matr,pytorch_simple_transformer,100,456,matr,matr_b1c26,826.0,1591.1509269880114
hust_to_matr,naive_cross,hust,matr,pytorch_simple_transformer,100,456,matr,matr_b1c27,809.0,1609.2322758430776
hust_to_matr,naive_cross,hust,matr,pytorch_simple_transformer,100,456,matr,matr_b1c28,815.0,1503.1448661088086
hust_to_matr,naive_cross,hust,matr,pytorch_simple_transformer,100,456,matr,matr_b1c29,872.0,1510.669499147854
hust_to_matr,naive_cross,hust,matr,pytorch_simple_transformer,100,456,matr,matr_b1c3,1344.0,1583.3280918476944
hust_to_matr,naive_cross,hust,matr,pytorch_simple_transformer,100,456,matr,matr_b1c30,679.0,1597.8394042200603
hust_to_matr,naive_cross,hust,matr,pytorch_simple_transformer,100,456,matr,matr_b1c31,827.0,1613.4620412650881
hust_to_matr,naive_cross,hust,matr,pytorch_simple_transformer,100,456,matr,matr_b1c32,694.0,1485.8452346432246
hust_to_matr,naive_cross,hust,matr,pytorch_simple_transformer,100,456,matr,matr_b1c33,708.0,1520.6575180832908
hust_to_matr,naive_cross,hust,matr,pytorch_simple_transformer,100,456,matr,matr_b1c34,714.0,1605.9238344725245
hust_to_matr,naive_cross,hust,matr,pytorch_simple_transformer,100,456,matr,matr_b1c35,676.0,1613.2335579240244
hust_to_matr,naive_cross,hust,matr,pytorch_simple_transformer,100,456,matr,matr_b1c36,670.0,1610.3030736791377
hust_to_matr,naive_cross,hust,matr,pytorch_simple_transformer,100,456,matr,matr_b1c37,622.0,1610.733896463913
hust_to_matr,naive_cross,hust,matr,pytorch_simple_transformer,100,456,matr,matr_b1c38,592.0,1479.8619344304582
hust_to_matr,naive_cross,hust,matr,pytorch_simple_transformer,100,456,matr,matr_b1c39,592.0,1545.4921569094029
hust_to_matr,naive_cross,hust,matr,pytorch_simple_transformer,100,456,matr,matr_b1c4,1618.0,1587.7577612107962
hust_to_matr,naive_cross,hust,matr,pytorch_simple_transformer,100,456,matr,matr_b1c40,919.0,1537.4384740856976
hust_to_matr,naive_cross,hust,matr,pytorch_simple_transformer,100,456,matr,matr_b1c41,1005.0,1546.2934271212425
hust_to_matr,naive_cross,hust,matr,pytorch_simple_transformer,100,456,matr,matr_b1c42,661.0,1554.826412270083
hust_to_matr,naive_cross,hust,matr,pytorch_simple_transformer,100,456,matr,matr_b1c43,626.0,1465.4155073522952
hust_to_matr,naive_cross,hust,matr,pytorch_simple_transformer,100,456,matr,matr_b1c44,575.0,1472.370692876421
hust_to_matr,naive_cross,hust,matr,pytorch_simple_transformer,100,456,matr,matr_b1c45,563.0,1518.1217636369379
hust_to_matr,naive_cross,hust,matr,pytorch_simple_transformer,100,456,matr,matr_b1c5,909.0,1574.54558550768
hust_to_matr,naive_cross,hust,matr,pytorch_simple_transformer,100,456,matr,matr_b1c6,613.0,1597.0990000735367
hust_to_matr,naive_cross,hust,matr,pytorch_simple_transformer,100,456,matr,matr_b1c7,818.0,1576.8439641953757
hust_to_matr,naive_cross,hust,matr,pytorch_simple_transformer,100,456,matr,matr_b1c9,1012.0,1542.96060501963
hust_to_matr,naive_cross,hust,matr,pytorch_simple_transformer,100,456,matr,matr_b2c0,278.0,1538.3463294715314
hust_to_matr,naive_cross,hust,matr,pytorch_simple_transformer,100,456,matr,matr_b2c1,133.0,1130.2221519153054
hust_to_matr,naive_cross,hust,matr,pytorch_simple_transformer,100,456,matr,matr_b2c10,251.0,1541.907383606001
hust_to_matr,naive_cross,hust,matr,pytorch_simple_transformer,100,456,matr,matr_b2c11,250.0,1533.1915922057137
hust_to_matr,naive_cross,hust,matr,pytorch_simple_transformer,100,456,matr,matr_b2c12,435.0,1380.8400051153403
hust_to_matr,naive_cross,hust,matr,pytorch_simple_transformer,100,456,matr,matr_b2c13,454.0,1358.3065597296013
hust_to_matr,naive_cross,hust,matr,pytorch_simple_transformer,100,456,matr,matr_b2c14,466.0,1591.9219731504465
hust_to_matr,naive_cross,hust,matr,pytorch_simple_transformer,100,456,matr,matr_b2c17,476.0,1534.5527409992806
hust_to_matr,naive_cross,hust,matr,pytorch_simple_transformer,100,456,matr,matr_b2c18,468.0,1603.72453562057
hust_to_matr,naive_cross,hust,matr,pytorch_simple_transformer,100,456,matr,matr_b2c19,455.0,1250.6714813252058
hust_to_matr,naive_cross,hust,matr,pytorch_simple_transformer,100,456,matr,matr_b2c2,422.0,1588.1212117142288
hust_to_matr,naive_cross,hust,matr,pytorch_simple_transformer,100,456,matr,matr_b2c20,475.0,1601.450356429447
hust_to_matr,naive_cross,hust,matr,pytorch_simple_transformer,100,456,matr,matr_b2c21,468.0,1596.618530430291
hust_to_matr,naive_cross,hust,matr,pytorch_simple_transformer,100,456,matr,matr_b2c22,490.0,1583.0963269840017
hust_to_matr,naive_cross,hust,matr,pytorch_simple_transformer,100,456,matr,matr_b2c23,502.0,1583.7154489225065
hust_to_matr,naive_cross,hust,matr,pytorch_simple_transformer,100,456,matr,matr_b2c24,478.0,1606.0478930575964
hust_to_matr,naive_cross,hust,matr,pytorch_simple_transformer,100,456,matr,matr_b2c25,446.0,1573.95031219961
hust_to_matr,naive_cross,hust,matr,pytorch_simple_transformer,100,456,matr,matr_b2c26,450.0,1594.2001052278295
hust_to_matr,naive_cross,hust,matr,pytorch_simple_transformer,100,456,matr,matr_b2c27,453.0,1601.4663927615138
hust_to_matr,naive_cross,hust,matr,pytorch_simple_transformer,100,456,matr,matr_b2c28,491.0,1520.4247768669238
hust_to_matr,naive_cross,hust,matr,pytorch_simple_transformer,100,456,matr,matr_b2c29,481.0,1598.2699409119828
hust_to_matr,naive_cross,hust,matr,pytorch_simple_transformer,100,456,matr,matr_b2c3,314.0,1267.2297154265916
hust_to_matr,naive_cross,hust,matr,pytorch_simple_transformer,100,456,matr,matr_b2c30,466.0,1605.6504799356396
hust_to_matr,naive_cross,hust,matr,pytorch_simple_transformer,100,456,matr,matr_b2c31,474.0,1604.3310696401973
hust_to_matr,naive_cross,hust,matr,pytorch_simple_transformer,100,456,matr,matr_b2c32,500.0,1557.8520360772957
hust_to_matr,naive_cross,hust,matr,pytorch_simple_transformer,100,456,matr,matr_b2c33,499.0,1587.8009166054992
hust_to_matr,naive_cross,hust,matr,pytorch_simple_transformer,100,456,matr,matr_b2c34,483.0,1569.1535706342038
hust_to_matr,naive_cross,hust,matr,pytorch_simple_transformer,100,456,matr,matr_b2c35,449.0,1595.0943203696554
hust_to_matr,naive_cross,hust,matr,pytorch_simple_transformer,100,456,matr,matr_b2c36,513.0,1598.58929878804
hust_to_matr,naive_cross,hust,matr,pytorch_simple_transformer,100,456,matr,matr_b2c37,461.0,1581.184618404925
hust_to_matr,naive_cross,hust,matr,pytorch_simple_transformer,100,456,matr,matr_b2c38,451.0,1599.9169562659508
hust_to_matr,naive_cross,hust,matr,pytorch_simple_transformer,100,456,matr,matr_b2c39,442.0,1582.0285332553333
hust_to_matr,naive_cross,hust,matr,pytorch_simple_transformer,100,456,matr,matr_b2c4,247.0,1354.1637814534638
hust_to_matr,naive_cross,hust,matr,pytorch_simple_transformer,100,456,matr,matr_b2c40,476.0,1527.362811312038
hust_to_matr,naive_cross,hust,matr,pytorch_simple_transformer,100,456,matr,matr_b2c41,416.0,1581.311290032049
hust_to_matr,naive_cross,hust,matr,pytorch_simple_transformer,100,456,matr,matr_b2c42,444.0,1599.310565825581
hust_to_matr,naive_cross,hust,matr,pytorch_simple_transformer,100,456,matr,matr_b2c43,443.0,1599.0939990495351
hust_to_matr,naive_cross,hust,matr,pytorch_simple_transformer,100,456,matr,matr_b2c44,442.0,1594.097485061399
hust_to_matr,naive_cross,hust,matr,pytorch_simple_transformer,100,456,matr,matr_b2c45,470.0,1577.562190109688
hust_to_matr,naive_cross,hust,matr,pytorch_simple_transformer,100,456,matr,matr_b2c46,417.0,1594.9505734012632
hust_to_matr,naive_cross,hust,matr,pytorch_simple_transformer,100,456,matr,matr_b2c47,705.0,1600.1397385328946
hust_to_matr,naive_cross,hust,matr,pytorch_simple_transformer,100,456,matr,matr_b2c5,464.0,1559.5607656575653
hust_to_matr,naive_cross,hust,matr,pytorch_simple_transformer,100,456,matr,matr_b2c6,475.0,1392.131345932147
hust_to_matr,naive_cross,hust,matr,pytorch_simple_transformer,100,456,matr,matr_b3c0,985.0,1475.9338462464978
hust_to_matr,naive_cross,hust,matr,pytorch_simple_transformer,100,456,matr,matr_b3c1,1033.0,1485.3614036867555
hust_to_matr,naive_cross,hust,matr,pytorch_simple_transformer,100,456,matr,matr_b3c10,1046.0,1608.9813746538505
hust_to_matr,naive_cross,hust,matr,pytorch_simple_transformer,100,456,matr,matr_b3c11,792.0,1500.1575353177018
hust_to_matr,naive_cross,hust,matr,pytorch_simple_transformer,100,456,matr,matr_b3c12,903.0,1503.7327203963187
hust_to_matr,naive_cross,hust,matr,pytorch_simple_transformer,100,456,matr,matr_b3c13,794.0,1539.841277778328
hust_to_matr,naive_cross,hust,matr,pytorch_simple_transformer,100,456,matr,matr_b3c14,834.0,1590.765543963953
hust_to_matr,naive_cross,hust,matr,pytorch_simple_transformer,100,456,matr,matr_b3c15,850.0,1557.9775813894778
hust_to_matr,naive_cross,hust,matr,pytorch_simple_transformer,100,456,matr,matr_b3c16,1589.0,1584.416405818627
hust_to_matr,naive_cross,hust,matr,pytorch_simple_transformer,100,456,matr,matr_b3c17,1269.0,1552.3535908768777
hust_to_matr,naive_cross,hust,matr,pytorch_simple_transformer,100,456,matr,matr_b3c18,1100.0,1435.970347258479
hust_to_matr,naive_cross,hust,matr,pytorch_simple_transformer,100,456,matr,matr_b3c19,1105.0,1328.5875216285333
hust_to_matr,naive_cross,hust,matr,pytorch_simple_transformer,100,456,matr,matr_b3c2,1224.0,1390.6299315949943
hust_to_matr,naive_cross,hust,matr,pytorch_simple_transformer,100,456,matr,matr_b3c20,793.0,1426.680066765203
hust_to_matr,naive_cross,hust,matr,pytorch_simple_transformer,100,456,matr,matr_b3c21,745.0,1157.792836341707
hust_to_matr,naive_cross,hust,matr,pytorch_simple_transformer,100,456,matr,matr_b3c22,991.0,1388.4824712523603
hust_to_matr,naive_cross,hust,matr,pytorch_simple_transformer,100,456,matr,matr_b3c24,817.0,1577.7585370384568
hust_to_matr,naive_cross,hust,matr,pytorch_simple_transformer,100,456,matr,matr_b3c25,970.0,1594.890492528685
hust_to_matr,naive_cross,hust,matr,pytorch_simple_transformer,100,456,matr,matr_b3c26,989.0,1527.437100059563
hust_to_matr,naive_cross,hust,matr,pytorch_simple_transformer,100,456,matr,matr_b3c27,828.0,1500.3714344915466
hust_to_matr,naive_cross,hust,matr,pytorch_simple_transformer,100,456,matr,matr_b3c28,524.0,1125.4578241051117
hust_to_matr,naive_cross,hust,matr,pytorch_simple_transformer,100,456,matr,matr_b3c29,833.0,1528.5657135656638
hust_to_matr,naive_cross,hust,matr,pytorch_simple_transformer,100,456,matr,matr_b3c3,1084.0,1414.0589446053407
hust_to_matr,naive_cross,hust,matr,pytorch_simple_transformer,100,456,matr,matr_b3c30,913.0,1464.7874526331602
hust_to_matr,naive_cross,hust,matr,pytorch_simple_transformer,100,456,matr,matr_b3c31,713.0,1523.5338300345754
hust_to_matr,naive_cross,hust,matr,pytorch_simple_transformer,100,456,matr,matr_b3c33,1257.0,1383.8127460283176
hust_to_matr,naive_cross,hust,matr,pytorch_simple_transformer,100,456,matr,matr_b3c34,1125.0,1391.4431348063656
hust_to_matr,naive_cross,hust,matr,pytorch_simple_transformer,100,456,matr,matr_b3c35,1056.0,1337.8238899147746
hust_to_matr,naive_cross,hust,matr,pytorch_simple_transformer,100,456,matr,matr_b3c36,910.0,1394.5949676626717
hust_to_matr,naive_cross,hust,matr,pytorch_simple_transformer,100,456,matr,matr_b3c37,1376.0,1523.150298175369
hust_to_matr,naive_cross,hust,matr,pytorch_simple_transformer,100,456,matr,matr_b3c38,1873.0,1387.705406813604
hust_to_matr,naive_cross,hust,matr,pytorch_simple_transformer,100,456,matr,matr_b3c39,1146.0,1472.4240520036055
hust_to_matr,naive_cross,hust,matr,pytorch_simple_transformer,100,456,matr,matr_b3c4,1006.0,1399.554651573923
hust_to_matr,naive_cross,hust,matr,pytorch_simple_transformer,100,456,matr,matr_b3c40,779.0,1522.6499633495398
hust_to_matr,naive_cross,hust,matr,pytorch_simple_transformer,100,456,matr,matr_b3c41,773.0,1512.0020013323272
hust_to_matr,naive_cross,hust,matr,pytorch_simple_transformer,100,456,matr,matr_b3c42,1587.0,1430.6339623435288
hust_to_matr,naive_cross,hust,matr,pytorch_simple_transformer,100,456,matr,matr_b3c43,1018.0,1440.7748586699574
hust_to_matr,naive_cross,hust,matr,pytorch_simple_transformer,100,456,matr,matr_b3c44,921.0,1489.0781179304852
hust_to_matr,naive_cross,hust,matr,pytorch_simple_transformer,100,456,matr,matr_b3c45,1735.0,1598.3575864821555
hust_to_matr,naive_cross,hust,matr,pytorch_simple_transformer,100,456,matr,matr_b3c5,815.0,1403.8690946842128
hust_to_matr,naive_cross,hust,matr,pytorch_simple_transformer,100,456,matr,matr_b3c6,630.0,1116.228293099274
hust_to_matr,naive_cross,hust,matr,pytorch_simple_transformer,100,456,matr,matr_b3c7,1774.0,1586.291175478921
hust_to_matr,naive_cross,hust,matr,pytorch_simple_transformer,100,456,matr,matr_b3c8,810.0,1486.4015161316709
hust_to_matr,naive_cross,hust,matr,pytorch_simple_transformer,100,456,matr,matr_b3c9,1010.0,1493.078209826034
hust_to_matr,naive_cross,hust,matr,pytorch_simple_transformer,100,789,matr,matr_b1c0,1717.0,1606.5357966035913
hust_to_matr,naive_cross,hust,matr,pytorch_simple_transformer,100,789,matr,matr_b1c1,2066.0,1590.9855346492557
hust_to_matr,naive_cross,hust,matr,pytorch_simple_transformer,100,789,matr,matr_b1c11,771.0,1597.1279394693695
hust_to_matr,naive_cross,hust,matr,pytorch_simple_transformer,100,789,matr,matr_b1c12,897.0,1576.2553381146174
hust_to_matr,naive_cross,hust,matr,pytorch_simple_transformer,100,789,matr,matr_b1c14,845.0,1584.5720482377294
hust_to_matr,naive_cross,hust,matr,pytorch_simple_transformer,100,789,matr,matr_b1c15,699.0,1587.4057478551438
hust_to_matr,naive_cross,hust,matr,pytorch_simple_transformer,100,789,matr,matr_b1c16,824.0,1582.4336818092304
hust_to_matr,naive_cross,hust,matr,pytorch_simple_transformer,100,789,matr,matr_b1c17,825.0,1578.5697614587323
hust_to_matr,naive_cross,hust,matr,pytorch_simple_transformer,100,789,matr,matr_b1c18,665.0,1604.8184516299941
hust_to_matr,naive_cross,hust,matr,pytorch_simple_transformer,100,789,matr,matr_b1c19,740.0,1574.3038458734254
hust_to_matr,naive_cross,hust,matr,pytorch_simple_transformer,100,789,matr,matr_b1c2,1487.0,1588.302210801839
hust_to_matr,naive_cross,hust,matr,pytorch_simple_transformer,100,789,matr,matr_b1c20,504.0,1587.9228180034477
hust_to_matr,naive_cross,hust,matr,pytorch_simple_transformer,100,789,matr,matr_b1c21,535.0,1588.4658093134724
hust_to_matr,naive_cross,hust,matr,pytorch_simple_transformer,100,789,matr,matr_b1c23,974.0,1573.4407929702595
hust_to_matr,naive_cross,hust,matr,pytorch_simple_transformer,100,789,matr,matr_b1c24,979.0,1577.388432176784
hust_to_matr,naive_cross,hust,matr,pytorch_simple_transformer,100,789,matr,matr_b1c25,817.0,1573.410782255012
hust_to_matr,naive_cross,hust,matr,pytorch_simple_transformer,100,789,matr,matr_b1c26,826.0,1578.0843312482025
hust_to_matr,naive_cross,hust,matr,pytorch_simple_transformer,100,789,matr,matr_b1c27,809.0,1574.6679709641103
hust_to_matr,naive_cross,hust,matr,pytorch_simple_transformer,100,789,matr,matr_b1c28,815.0,1569.6519714352544
hust_to_matr,naive_cross,hust,matr,pytorch_simple_transformer,100,789,matr,matr_b1c29,872.0,1571.2492666630965
hust_to_matr,naive_cross,hust,matr,pytorch_simple_transformer,100,789,matr,matr_b1c3,1344.0,1584.10743292445
hust_to_matr,naive_cross,hust,matr,pytorch_simple_transformer,100,789,matr,matr_b1c30,679.0,1571.361655187647
hust_to_matr,naive_cross,hust,matr,pytorch_simple_transformer,100,789,matr,matr_b1c31,827.0,1571.7168557663008
hust_to_matr,naive_cross,hust,matr,pytorch_simple_transformer,100,789,matr,matr_b1c32,694.0,1570.158766329236
hust_to_matr,naive_cross,hust,matr,pytorch_simple_transformer,100,789,matr,matr_b1c33,708.0,1570.5541350014025
hust_to_matr,naive_cross,hust,matr,pytorch_simple_transformer,100,789,matr,matr_b1c34,714.0,1576.6349504622292
hust_to_matr,naive_cross,hust,matr,pytorch_simple_transformer,100,789,matr,matr_b1c35,676.0,1577.2763647027673
hust_to_matr,naive_cross,hust,matr,pytorch_simple_transformer,100,789,matr,matr_b1c36,670.0,1573.8692583433458
hust_to_matr,naive_cross,hust,matr,pytorch_simple_transformer,100,789,matr,matr_b1c37,622.0,1573.311750955839
hust_to_matr,naive_cross,hust,matr,pytorch_simple_transformer,100,789,matr,matr_b1c38,592.0,1570.6702185696374
hust_to_matr,naive_cross,hust,matr,pytorch_simple_transformer,100,789,matr,matr_b1c39,592.0,1573.595357218921
hust_to_matr,naive_cross,hust,matr,pytorch_simple_transformer,100,789,matr,matr_b1c4,1618.0,1583.553849851636
hust_to_matr,naive_cross,hust,matr,pytorch_simple_transformer,100,789,matr,matr_b1c40,919.0,1571.7798110790247
hust_to_matr,naive_cross,hust,matr,pytorch_simple_transformer,100,789,matr,matr_b1c41,1005.0,1572.8924374938367
hust_to_matr,naive_cross,hust,matr,pytorch_simple_transformer,100,789,matr,matr_b1c42,661.0,1573.204474082249
hust_to_matr,naive_cross,hust,matr,pytorch_simple_transformer,100,789,matr,matr_b1c43,626.0,1567.2400159199706
hust_to_matr,naive_cross,hust,matr,pytorch_simple_transformer,100,789,matr,matr_b1c44,575.0,1566.5249954865749
hust_to_matr,naive_cross,hust,matr,pytorch_simple_transformer,100,789,matr,matr_b1c45,563.0,1571.3294363220307
hust_to_matr,naive_cross,hust,matr,pytorch_simple_transformer,100,789,matr,matr_b1c5,909.0,1584.686145353014
hust_to_matr,naive_cross,hust,matr,pytorch_simple_transformer,100,789,matr,matr_b1c6,613.0,1581.2027137303878
hust_to_matr,naive_cross,hust,matr,pytorch_simple_transformer,100,789,matr,matr_b1c7,818.0,1579.8491521373048
hust_to_matr,naive_cross,hust,matr,pytorch_simple_transformer,100,789,matr,matr_b1c9,1012.0,1577.0793257685773
hust_to_matr,naive_cross,hust,matr,pytorch_simple_transformer,100,789,matr,matr_b2c0,278.0,1592.0100297415381
hust_to_matr,naive_cross,hust,matr,pytorch_simple_transformer,100,789,matr,matr_b2c1,133.0,1159.5083101713406
hust_to_matr,naive_cross,hust,matr,pytorch_simple_transformer,100,789,matr,matr_b2c10,251.0,1566.5832608016217
hust_to_matr,naive_cross,hust,matr,pytorch_simple_transformer,100,789,matr,matr_b2c11,250.0,1568.8356047941045
hust_to_matr,naive_cross,hust,matr,pytorch_simple_transformer,100,789,matr,matr_b2c12,435.0,1533.691734345331
hust_to_matr,naive_cross,hust,matr,pytorch_simple_transformer,100,789,matr,matr_b2c13,454.0,1539.946279614279
hust_to_matr,naive_cross,hust,matr,pytorch_simple_transformer,100,789,matr,matr_b2c14,466.0,1575.1290666231907
hust_to_matr,naive_cross,hust,matr,pytorch_simple_transformer,100,789,matr,matr_b2c17,476.0,1594.508005365916
hust_to_matr,naive_cross,hust,matr,pytorch_simple_transformer,100,789,matr,matr_b2c18,468.0,1569.588352911768
hust_to_matr,naive_cross,hust,matr,pytorch_simple_transformer,100,789,matr,matr_b2c19,455.0,1494.9119075257092
hust_to_matr,naive_cross,hust,matr,pytorch_simple_transformer,100,789,matr,matr_b2c2,422.0,1580.5167442199304
hust_to_matr,naive_cross,hust,matr,pytorch_simple_transformer,100,789,matr,matr_b2c20,475.0,1577.0078864343975
hust_to_matr,naive_cross,hust,matr,pytorch_simple_transformer,100,789,matr,matr_b2c21,468.0,1572.2535557271913
hust_to_matr,naive_cross,hust,matr,pytorch_simple_transformer,100,789,matr,matr_b2c22,490.0,1574.6401893817715
hust_to_matr,naive_cross,hust,matr,pytorch_simple_transformer,100,789,matr,matr_b2c23,502.0,1561.485792174774
hust_to_matr,naive_cross,hust,matr,pytorch_simple_transformer,100,789,matr,matr_b2c24,478.0,1577.9293260762154
hust_to_matr,naive_cross,hust,matr,pytorch_simple_transformer,100,789,matr,matr_b2c25,446.0,1570.3511966012104
hust_to_matr,naive_cross,hust,matr,pytorch_simple_transformer,100,789,matr,matr_b2c26,450.0,1575.4528153992385
hust_to_matr,naive_cross,hust,matr,pytorch_simple_transformer,100,789,matr,matr_b2c27,453.0,1578.6849319298938
hust_to_matr,naive_cross,hust,matr,pytorch_simple_transformer,100,789,matr,matr_b2c28,491.0,1599.3021771298231
hust_to_matr,naive_cross,hust,matr,pytorch_simple_transformer,100,789,matr,matr_b2c29,481.0,1580.8747680927656
hust_to_matr,naive_cross,hust,matr,pytorch_simple_transformer,100,789,matr,matr_b2c3,314.0,1486.8551990986134
hust_to_matr,naive_cross,hust,matr,pytorch_simple_transformer,100,789,matr,matr_b2c30,466.0,1579.3701064045604
hust_to_matr,naive_cross,hust,matr,pytorch_simple_transformer,100,789,matr,matr_b2c31,474.0,1581.201959754359
hust_to_matr,naive_cross,hust,matr,pytorch_simple_transformer,100,789,matr,matr_b2c32,500.0,1589.4265330395885
hust_to_matr,naive_cross,hust,matr,pytorch_simple_transformer,100,789,matr,matr_b2c33,499.0,1583.8936801030936
hust_to_matr,naive_cross,hust,matr,pytorch_simple_transformer,100,789,matr,matr_b2c34,483.0,1587.0553260756876
hust_to_matr,naive_cross,hust,matr,pytorch_simple_transformer,100,789,matr,matr_b2c35,449.0,1581.6219800781435
hust_to_matr,naive_cross,hust,matr,pytorch_simple_transformer,100,789,matr,matr_b2c36,513.0,1582.564226623781
hust_to_matr,naive_cross,hust,matr,pytorch_simple_transformer,100,789,matr,matr_b2c37,461.0,1578.8686198709133
hust_to_matr,naive_cross,hust,matr,pytorch_simple_transformer,100,789,matr,matr_b2c38,451.0,1580.741347612956
hust_to_matr,naive_cross,hust,matr,pytorch_simple_transformer,100,789,matr,matr_b2c39,442.0,1584.9052953040725
hust_to_matr,naive_cross,hust,matr,pytorch_simple_transformer,100,789,matr,matr_b2c4,247.0,1545.28950947206
hust_to_matr,naive_cross,hust,matr,pytorch_simple_transformer,100,789,matr,matr_b2c40,476.0,1594.3795163506043
hust_to_matr,naive_cross,hust,matr,pytorch_simple_transformer,100,789,matr,matr_b2c41,416.0,1583.542523432378
hust_to_matr,naive_cross,hust,matr,pytorch_simple_transformer,100,789,matr,matr_b2c42,444.0,1577.292158965414
hust_to_matr,naive_cross,hust,matr,pytorch_simple_transformer,100,789,matr,matr_b2c43,443.0,1580.028455037071
hust_to_matr,naive_cross,hust,matr,pytorch_simple_transformer,100,789,matr,matr_b2c44,442.0,1579.5199808835916
hust_to_matr,naive_cross,hust,matr,pytorch_simple_transformer,100,789,matr,matr_b2c45,470.0,1575.1155472399869
hust_to_matr,naive_cross,hust,matr,pytorch_simple_transformer,100,789,matr,matr_b2c46,417.0,1581.1521981313572
hust_to_matr,naive_cross,hust,matr,pytorch_simple_transformer,100,789,matr,matr_b2c47,705.0,1581.5872883566226
hust_to_matr,naive_cross,hust,matr,pytorch_simple_transformer,100,789,matr,matr_b2c5,464.0,1574.450987317359
hust_to_matr,naive_cross,hust,matr,pytorch_simple_transformer,100,789,matr,matr_b2c6,475.0,1502.3100780438767
hust_to_matr,naive_cross,hust,matr,pytorch_simple_transformer,100,789,matr,matr_b3c0,985.0,1571.6651443600724
hust_to_matr,naive_cross,hust,matr,pytorch_simple_transformer,100,789,matr,matr_b3c1,1033.0,1569.3107069547336
hust_to_matr,naive_cross,hust,matr,pytorch_simple_transformer,100,789,matr,matr_b3c10,1046.0,1572.9591901171123
hust_to_matr,naive_cross,hust,matr,pytorch_simple_transformer,100,789,matr,matr_b3c11,792.0,1568.2955846390562
hust_to_matr,naive_cross,hust,matr,pytorch_simple_transformer,100,789,matr,matr_b3c12,903.0,1569.0585482087977
hust_to_matr,naive_cross,hust,matr,pytorch_simple_transformer,100,789,matr,matr_b3c13,794.0,1571.7625730641278
hust_to_matr,naive_cross,hust,matr,pytorch_simple_transformer,100,789,matr,matr_b3c14,834.0,1576.058426730675
hust_to_matr,naive_cross,hust,matr,pytorch_simple_transformer,100,789,matr,matr_b3c15,850.0,1570.9780687974644
hust_to_matr,naive_cross,hust,matr,pytorch_simple_transformer,100,789,matr,matr_b3c16,1589.0,1575.2312168246065
hust_to_matr,naive_cross,hust,matr,pytorch_simple_transformer,100,789,matr,matr_b3c17,1269.0,1581.0692655730763
hust_to_matr,naive_cross,hust,matr,pytorch_simple_transformer,100,789,matr,matr_b3c18,1100.0,1563.778529323081
hust_to_matr,naive_cross,hust,matr,pytorch_simple_transformer,100,789,matr,matr_b3c19,1105.0,1560.7644661939835
hust_to_matr,naive_cross,hust,matr,pytorch_simple_transformer,100,789,matr,matr_b3c2,1224.0,1564.9175785540506
hust_to_matr,naive_cross,hust,matr,pytorch_simple_transformer,100,789,matr,matr_b3c20,793.0,1568.3045585240484
hust_to_matr,naive_cross,hust,matr,pytorch_simple_transformer,100,789,matr,matr_b3c21,745.0,1483.7445830167885
hust_to_matr,naive_cross,hust,matr,pytorch_simple_transformer,100,789,matr,matr_b3c22,991.0,1565.9581422790793
hust_to_matr,naive_cross,hust,matr,pytorch_simple_transformer,100,789,matr,matr_b3c24,817.0,1576.7627613244629
hust_to_matr,naive_cross,hust,matr,pytorch_simple_transformer,100,789,matr,matr_b3c25,970.0,1575.7608516310822
hust_to_matr,naive_cross,hust,matr,pytorch_simple_transformer,100,789,matr,matr_b3c26,989.0,1573.7101647637842
hust_to_matr,naive_cross,hust,matr,pytorch_simple_transformer,100,789,matr,matr_b3c27,828.0,1571.49878007399
hust_to_matr,naive_cross,hust,matr,pytorch_simple_transformer,100,789,matr,matr_b3c28,524.0,1421.3402522109138
hust_to_matr,naive_cross,hust,matr,pytorch_simple_transformer,100,789,matr,matr_b3c29,833.0,1574.7730949010154
hust_to_matr,naive_cross,hust,matr,pytorch_simple_transformer,100,789,matr,matr_b3c3,1084.0,1567.450773843426
hust_to_matr,naive_cross,hust,matr,pytorch_simple_transformer,100,789,matr,matr_b3c30,913.0,1570.274071909583
hust_to_matr,naive_cross,hust,matr,pytorch_simple_transformer,100,789,matr,matr_b3c31,713.0,1570.3399646143496
hust_to_matr,naive_cross,hust,matr,pytorch_simple_transformer,100,789,matr,matr_b3c33,1257.0,1566.1552853435305
hust_to_matr,naive_cross,hust,matr,pytorch_simple_transformer,100,789,matr,matr_b3c34,1125.0,1565.9036336145625
hust_to_matr,naive_cross,hust,matr,pytorch_simple_transformer,100,789,matr,matr_b3c35,1056.0,1562.9741608084892
hust_to_matr,naive_cross,hust,matr,pytorch_simple_transformer,100,789,matr,matr_b3c36,910.0,1565.7752097423884
hust_to_matr,naive_cross,hust,matr,pytorch_simple_transformer,100,789,matr,matr_b3c37,1376.0,1599.497416362582
hust_to_matr,naive_cross,hust,matr,pytorch_simple_transformer,100,789,matr,matr_b3c38,1873.0,1565.8760066598431
hust_to_matr,naive_cross,hust,matr,pytorch_simple_transformer,100,789,matr,matr_b3c39,1146.0,1571.4695557342443
hust_to_matr,naive_cross,hust,matr,pytorch_simple_transformer,100,789,matr,matr_b3c4,1006.0,1567.1637913095765
hust_to_matr,naive_cross,hust,matr,pytorch_simple_transformer,100,789,matr,matr_b3c40,779.0,1573.8152247580929
hust_to_matr,naive_cross,hust,matr,pytorch_simple_transformer,100,789,matr,matr_b3c41,773.0,1574.0343724595714
hust_to_matr,naive_cross,hust,matr,pytorch_simple_transformer,100,789,matr,matr_b3c42,1587.0,1569.234381633781
hust_to_matr,naive_cross,hust,matr,pytorch_simple_transformer,100,789,matr,matr_b3c43,1018.0,1569.6729286899508
hust_to_matr,naive_cross,hust,matr,pytorch_simple_transformer,100,789,matr,matr_b3c44,921.0,1572.8879374189137
hust_to_matr,naive_cross,hust,matr,pytorch_simple_transformer,100,789,matr,matr_b3c45,1735.0,1571.8412698880684
hust_to_matr,naive_cross,hust,matr,pytorch_simple_transformer,100,789,matr,matr_b3c5,815.0,1565.9536620433057
hust_to_matr,naive_cross,hust,matr,pytorch_simple_transformer,100,789,matr,matr_b3c6,630.0,1370.850966957847
hust_to_matr,naive_cross,hust,matr,pytorch_simple_transformer,100,789,matr,matr_b3c7,1774.0,1580.5024249516528
hust_to_matr,naive_cross,hust,matr,pytorch_simple_transformer,100,789,matr,matr_b3c8,810.0,1572.046649681411
hust_to_matr,naive_cross,hust,matr,pytorch_simple_transformer,100,789,matr,matr_b3c9,1010.0,1572.4544905557725
hust_to_sandia,naive_cross,hust,sandia,pytorch_simple_transformer,100,1011,sandia,sandia_SNL_18650_LFP_25C_0_100_0_5_3C_a,3183.0,1418.4458312764739
hust_to_sandia,naive_cross,hust,sandia,pytorch_simple_transformer,100,1011,sandia,sandia_SNL_18650_LFP_25C_0_100_0_5_3C_b,1610.0,1416.153446496049
hust_to_sandia,naive_cross,hust,sandia,pytorch_simple_transformer,100,1011,sandia,sandia_SNL_18650_LFP_25C_0_100_0_5_3C_c,2305.0,1413.5634386929294
hust_to_sandia,naive_cross,hust,sandia,pytorch_simple_transformer,100,1011,sandia,sandia_SNL_18650_LFP_25C_0_100_0_5_3C_d,2788.0,1414.7772307529376
hust_to_sandia,naive_cross,hust,sandia,pytorch_simple_transformer,100,1011,sandia,sandia_SNL_18650_LFP_35C_0_100_0_5_1C_a,3089.0,1556.719614212454
hust_to_sandia,naive_cross,hust,sandia,pytorch_simple_transformer,100,1011,sandia,sandia_SNL_18650_LFP_35C_0_100_0_5_1C_b,3126.0,1411.1416692934024
hust_to_sandia,naive_cross,hust,sandia,pytorch_simple_transformer,100,1011,sandia,sandia_SNL_18650_LFP_35C_0_100_0_5_1C_c,3246.0,1401.608287766062
hust_to_sandia,naive_cross,hust,sandia,pytorch_simple_transformer,100,1011,sandia,sandia_SNL_18650_LFP_35C_0_100_0_5_1C_d,3374.0,1411.4498841787213
hust_to_sandia,naive_cross,hust,sandia,pytorch_simple_transformer,100,1011,sandia,sandia_SNL_18650_LFP_35C_0_100_0_5_2C_a,3442.0,1413.2109599496555
hust_to_sandia,naive_cross,hust,sandia,pytorch_simple_transformer,100,1011,sandia,sandia_SNL_18650_LFP_35C_0_100_0_5_2C_b,2465.0,1408.2310839651204
hust_to_sandia,naive_cross,hust,sandia,pytorch_simple_transformer,100,1011,sandia,sandia_SNL_18650_NCA_15C_0_100_0_5_1C_a,176.0,1450.247509728178
hust_to_sandia,naive_cross,hust,sandia,pytorch_simple_transformer,100,1011,sandia,sandia_SNL_18650_NCA_15C_0_100_0_5_1C_b,325.0,1392.8112635479058
hust_to_sandia,naive_cross,hust,sandia,pytorch_simple_transformer,100,1011,sandia,sandia_SNL_18650_NCA_15C_0_100_0_5_2C_a,158.0,1459.4963803144599
hust_to_sandia,naive_cross,hust,sandia,pytorch_simple_transformer,100,1011,sandia,sandia_SNL_18650_NCA_15C_0_100_0_5_2C_b,157.0,1425.6763059904956
hust_to_sandia,naive_cross,hust,sandia,pytorch_simple_transformer,100,1011,sandia,sandia_SNL_18650_NCA_25C_0_100_0_5_0_5C_a,249.0,1449.5188182348245
hust_to_sandia,naive_cross,hust,sandia,pytorch_simple_transformer,100,1011,sandia,sandia_SNL_18650_NCA_25C_0_100_0_5_0_5C_b,135.0,1382.57145910094
hust_to_sandia,naive_cross,hust,sandia,pytorch_simple_transformer,100,1011,sandia,sandia_SNL_18650_NCA_25C_0_100_0_5_1C_a,337.0,1397.5520046857914
hust_to_sandia,naive_cross,hust,sandia,pytorch_simple_transformer,100,1011,sandia,sandia_SNL_18650_NCA_25C_0_100_0_5_1C_b,228.0,1448.7628596577374
hust_to_sandia,naive_cross,hust,sandia,pytorch_simple_transformer,100,1011,sandia,sandia_SNL_18650_NCA_25C_0_100_0_5_1C_c,228.0,1390.9024940566765
hust_to_sandia,naive_cross,hust,sandia,pytorch_simple_transformer,100,1011,sandia,sandia_SNL_18650_NCA_25C_0_100_0_5_1C_d,251.0,1442.297400779691
hust_to_sandia,naive_cross,hust,sandia,pytorch_simple_transformer,100,1011,sandia,sandia_SNL_18650_NCA_25C_0_100_0_5_2C_a,225.0,1489.2954084028595
hust_to_sandia,naive_cross,hust,sandia,pytorch_simple_transformer,100,1011,sandia,sandia_SNL_18650_NCA_25C_0_100_0_5_2C_b,304.0,1408.8738531535337
hust_to_sandia,naive_cross,hust,sandia,pytorch_simple_transformer,100,1011,sandia,sandia_SNL_18650_NCA_35C_0_100_0_5_1C_a,171.0,1409.0196420348143
hust_to_sandia,naive_cross,hust,sandia,pytorch_simple_transformer,100,1011,sandia,sandia_SNL_18650_NCA_35C_0_100_0_5_1C_b,320.0,1511.5356000384365
hust_to_sandia,naive_cross,hust,sandia,pytorch_simple_transformer,100,1011,sandia,sandia_SNL_18650_NCA_35C_0_100_0_5_1C_c,346.0,1401.308235715892
hust_to_sandia,naive_cross,hust,sandia,pytorch_simple_transformer,100,1011,sandia,sandia_SNL_18650_NCA_35C_0_100_0_5_1C_d,320.0,1449.4856417616663
hust_to_sandia,naive_cross,hust,sandia,pytorch_simple_transformer,100,1011,sandia,sandia_SNL_18650_NCA_35C_0_100_0_5_2C_a,210.0,1446.6332344947318
hust_to_sandia,naive_cross,hust,sandia,pytorch_simple_transformer,100,1011,sandia,sandia_SNL_18650_NCA_35C_0_100_0_5_2C_b,216.0,1449.3881902631192
hust_to_sandia,naive_cross,hust,sandia,pytorch_simple_transformer,100,1011,sandia,sandia_SNL_18650_NMC_15C_0_100_0_5_1C_a,105.0,1390.7227692572083
hust_to_sandia,naive_cross,hust,sandia,pytorch_simple_transformer,100,1011,sandia,sandia_SNL_18650_NMC_15C_0_100_0_5_1C_b,142.0,1452.7329280967824
hust_to_sandia,naive_cross,hust,sandia,pytorch_simple_transformer,100,1011,sandia,sandia_SNL_18650_NMC_15C_0_100_0_5_2C_a,102.0,1388.327553167014
hust_to_sandia,naive_cross,hust,sandia,pytorch_simple_transformer,100,1011,sandia,sandia_SNL_18650_NMC_15C_0_100_0_5_2C_b,103.0,1430.7874609501207
hust_to_sandia,naive_cross,hust,sandia,pytorch_simple_transformer,100,1011,sandia,sandia_SNL_18650_NMC_25C_0_100_0_5_0_5C_a,49.0,1395.639400243862
hust_to_sandia,naive_cross,hust,sandia,pytorch_simple_transformer,100,1011,sandia,sandia_SNL_18650_NMC_25C_0_100_0_5_0_5C_b,327.0,1384.6556353405301
hust_to_sandia,naive_cross,hust,sandia,pytorch_simple_transformer,100,1011,sandia,sandia_SNL_18650_NMC_25C_0_100_0_5_1C_a,271.0,1395.9688580231327
hust_to_sandia,naive_cross,hust,sandia,pytorch_simple_transformer,100,1011,sandia,sandia_SNL_18650_NMC_25C_0_100_0_5_1C_b,340.0,1395.7046200548102
hust_to_sandia,naive_cross,hust,sandia,pytorch_simple_transformer,100,1011,sandia,sandia_SNL_18650_NMC_25C_0_100_0_5_1C_c,282.0,1395.9582076665895
hust_to_sandia,naive_cross,hust,sandia,pytorch_simple_transformer,100,1011,sandia,sandia_SNL_18650_NMC_25C_0_100_0_5_1C_d,285.0,1397.1035862600966
hust_to_sandia,naive_cross,hust,sandia,pytorch_simple_transformer,100,1011,sandia,sandia_SNL_18650_NMC_25C_0_100_0_5_2C_a,233.0,1399.5279574419865
hust_to_sandia,naive_cross,hust,sandia,pytorch_simple_transformer,100,1011,sandia,sandia_SNL_18650_NMC_25C_0_100_0_5_2C_b,135.0,1465.4099172464287
hust_to_sandia,naive_cross,hust,sandia,pytorch_simple_transformer,100,1011,sandia,sandia_SNL_18650_NMC_25C_0_100_0_5_3C_a,261.0,1429.027650056623
hust_to_sandia,naive_cross,hust,sandia,pytorch_simple_transformer,100,1011,sandia,sandia_SNL_18650_NMC_25C_0_100_0_5_3C_b,287.0,1394.8869308939957
hust_to_sandia,naive_cross,hust,sandia,pytorch_simple_transformer,100,1011,sandia,sandia_SNL_18650_NMC_25C_0_100_0_5_3C_c,305.0,1395.1683109187352
hust_to_sandia,naive_cross,hust,sandia,pytorch_simple_transformer,100,1011,sandia,sandia_SNL_18650_NMC_25C_0_100_0_5_3C_d,304.0,1394.5244800057471
hust_to_sandia,naive_cross,hust,sandia,pytorch_simple_transformer,100,1011,sandia,sandia_SNL_18650_NMC_35C_0_100_0_5_1C_a,280.0,1401.0950974546793
hust_to_sandia,naive_cross,hust,sandia,pytorch_simple_transformer,100,1011,sandia,sandia_SNL_18650_NMC_35C_0_100_0_5_1C_b,90.0,1406.5452935658172
hust_to_sandia,naive_cross,hust,sandia,pytorch_simple_transformer,100,1011,sandia,sandia_SNL_18650_NMC_35C_0_100_0_5_1C_c,256.0,1399.5559862938849
hust_to_sandia,naive_cross,hust,sandia,pytorch_simple_transformer,100,1011,sandia,sandia_SNL_18650_NMC_35C_0_100_0_5_1C_d,390.0,1402.0741974078471
hust_to_sandia,naive_cross,hust,sandia,pytorch_simple_transformer,100,1011,sandia,sandia_SNL_18650_NMC_35C_0_100_0_5_2C_a,170.0,1420.011132764467
hust_to_sandia,naive_cross,hust,sandia,pytorch_simple_transformer,100,1011,sandia,sandia_SNL_18650_NMC_35C_0_100_0_5_2C_b,400.0,1431.1211213835134
hust_to_sandia,naive_cross,hust,sandia,pytorch_simple_transformer,100,123,sandia,sandia_SNL_18650_LFP_25C_0_100_0_5_3C_a,3183.0,1391.766956474613
hust_to_sandia,naive_cross,hust,sandia,pytorch_simple_transformer,100,123,sandia,sandia_SNL_18650_LFP_25C_0_100_0_5_3C_b,1610.0,1403.5404494358318
hust_to_sandia,naive_cross,hust,sandia,pytorch_simple_transformer,100,123,sandia,sandia_SNL_18650_LFP_25C_0_100_0_5_3C_c,2305.0,1396.8930857940602
hust_to_sandia,naive_cross,hust,sandia,pytorch_simple_transformer,100,123,sandia,sandia_SNL_18650_LFP_25C_0_100_0_5_3C_d,2788.0,1392.4334167791967
hust_to_sandia,naive_cross,hust,sandia,pytorch_simple_transformer,100,123,sandia,sandia_SNL_18650_LFP_35C_0_100_0_5_1C_a,3089.0,1435.685530315989
hust_to_sandia,naive_cross,hust,sandia,pytorch_simple_transformer,100,123,sandia,sandia_SNL_18650_LFP_35C_0_100_0_5_1C_b,3126.0,1401.5026941956053
hust_to_sandia,naive_cross,hust,sandia,pytorch_simple_transformer,100,123,sandia,sandia_SNL_18650_LFP_35C_0_100_0_5_1C_c,3246.0,1389.5017863951468
hust_to_sandia,naive_cross,hust,sandia,pytorch_simple_transformer,100,123,sandia,sandia_SNL_18650_LFP_35C_0_100_0_5_1C_d,3374.0,1387.705406813604
hust_to_sandia,naive_cross,hust,sandia,pytorch_simple_transformer,100,123,sandia,sandia_SNL_18650_LFP_35C_0_100_0_5_2C_a,3442.0,1404.6444935710283
hust_to_sandia,naive_cross,hust,sandia,pytorch_simple_transformer,100,123,sandia,sandia_SNL_18650_LFP_35C_0_100_0_5_2C_b,2465.0,1393.3672631597362
hust_to_sandia,naive_cross,hust,sandia,pytorch_simple_transformer,100,123,sandia,sandia_SNL_18650_NCA_15C_0_100_0_5_1C_a,176.0,1403.7613226922506
hust_to_sandia,naive_cross,hust,sandia,pytorch_simple_transformer,100,123,sandia,sandia_SNL_18650_NCA_15C_0_100_0_5_1C_b,325.0,1406.0410228006929
hust_to_sandia,naive_cross,hust,sandia,pytorch_simple_transformer,100,123,sandia,sandia_SNL_18650_NCA_15C_0_100_0_5_2C_a,158.0,1425.6436752228897
hust_to_sandia,naive_cross,hust,sandia,pytorch_simple_transformer,100,123,sandia,sandia_SNL_18650_NCA_15C_0_100_0_5_2C_b,157.0,1427.2904210667882
hust_to_sandia,naive_cross,hust,sandia,pytorch_simple_transformer,100,123,sandia,sandia_SNL_18650_NCA_25C_0_100_0_5_0_5C_a,249.0,1403.8550369986554
hust_to_sandia,naive_cross,hust,sandia,pytorch_simple_transformer,100,123,sandia,sandia_SNL_18650_NCA_25C_0_100_0_5_0_5C_b,135.0,1409.4544108779335
hust_to_sandia,naive_cross,hust,sandia,pytorch_simple_transformer,100,123,sandia,sandia_SNL_18650_NCA_25C_0_100_0_5_1C_a,337.0,1405.6287549009664
hust_to_sandia,naive_cross,hust,sandia,pytorch_simple_transformer,100,123,sandia,sandia_SNL_18650_NCA_25C_0_100_0_5_1C_b,228.0,1417.0248186824333
hust_to_sandia,naive_cross,hust,sandia,pytorch_simple_transformer,100,123,sandia,sandia_SNL_18650_NCA_25C_0_100_0_5_1C_c,228.0,1406.2824064562521
hust_to_sandia,naive_cross,hust,sandia,pytorch_simple_transformer,100,123,sandia,sandia_SNL_18650_NCA_25C_0_100_0_5_1C_d,251.0,1405.425681997119
hust_to_sandia,naive_cross,hust,sandia,pytorch_simple_transformer,100,123,sandia,sandia_SNL_18650_NCA_25C_0_100_0_5_2C_a,225.0,1447.3501230767263
hust_to_sandia,naive_cross,hust,sandia,pytorch_simple_transformer,100,123,sandia,sandia_SNL_18650_NCA_25C_0_100_0_5_2C_b,304.0,1405.171714614112
hust_to_sandia,naive_cross,hust,sandia,pytorch_simple_transformer,100,123,sandia,sandia_SNL_18650_NCA_35C_0_100_0_5_1C_a,171.0,1413.6193850845934
hust_to_sandia,naive_cross,hust,sandia,pytorch_simple_transformer,100,123,sandia,sandia_SNL_18650_NCA_35C_0_100_0_5_1C_b,320.0,1432.3274510458716
hust_to_sandia,naive_cross,hust,sandia,pytorch_simple_transformer,100,123,sandia,sandia_SNL_18650_NCA_35C_0_100_0_5_1C_c,346.0,1412.710362110222
hust_to_sandia,naive_cross,hust,sandia,pytorch_simple_transformer,100,123,sandia,sandia_SNL_18650_NCA_35C_0_100_0_5_1C_d,320.0,1409.131849280355
hust_to_sandia,naive_cross,hust,sandia,pytorch_simple_transformer,100,123,sandia,sandia_SNL_18650_NCA_35C_0_100_0_5_2C_a,210.0,1409.9753693146092
hust_to_sandia,naive_cross,hust,sandia,pytorch_simple_transformer,100,123,sandia,sandia_SNL_18650_NCA_35C_0_100_0_5_2C_b,216.0,1448.2883413211375
hust_to_sandia,naive_cross,hust,sandia,pytorch_simple_transformer,100,123,sandia,sandia_SNL_18650_NMC_15C_0_100_0_5_1C_a,105.0,1403.8952021880025
hust_to_sandia,naive_cross,hust,sandia,pytorch_simple_transformer,100,123,sandia,sandia_SNL_18650_NMC_15C_0_100_0_5_1C_b,142.0,1427.7321891549493
hust_to_sandia,naive_cross,hust,sandia,pytorch_simple_transformer,100,123,sandia,sandia_SNL_18650_NMC_15C_0_100_0_5_2C_a,102.0,1403.8610617038003
hust_to_sandia,naive_cross,hust,sandia,pytorch_simple_transformer,100,123,sandia,sandia_SNL_18650_NMC_15C_0_100_0_5_2C_b,103.0,1418.0840207203987
hust_to_sandia,naive_cross,hust,sandia,pytorch_simple_transformer,100,123,sandia,sandia_SNL_18650_NMC_25C_0_100_0_5_0_5C_a,49.0,1430.9901043292052
hust_to_sandia,naive_cross,hust,sandia,pytorch_simple_transformer,100,123,sandia,sandia_SNL_18650_NMC_25C_0_100_0_5_0_5C_b,327.0,1407.934313606768
hust_to_sandia,naive_cross,hust,sandia,pytorch_simple_transformer,100,123,sandia,sandia_SNL_18650_NMC_25C_0_100_0_5_1C_a,271.0,1402.088237260735
hust_to_sandia,naive_cross,hust,sandia,pytorch_simple_transformer,100,123,sandia,sandia_SNL_18650_NMC_25C_0_100_0_5_1C_b,340.0,1400.7263579845614
hust_to_sandia,naive_cross,hust,sandia,pytorch_simple_transformer,100,123,sandia,sandia_SNL_18650_NMC_25C_0_100_0_5_1C_c,282.0,1404.3946853523164
hust_to_sandia,naive_cross,hust,sandia,pytorch_simple_transformer,100,123,sandia,sandia_SNL_18650_NMC_25C_0_100_0_5_1C_d,285.0,1403.8342854343925
hust_to_sandia,naive_cross,hust,sandia,pytorch_simple_transformer,100,123,sandia,sandia_SNL_18650_NMC_25C_0_100_0_5_2C_a,233.0,1401.897039915948
hust_to_sandia,naive_cross,hust,sandia,pytorch_simple_transformer,100,123,sandia,sandia_SNL_18650_NMC_25C_0_100_0_5_2C_b,135.0,1409.0290482871185
hust_to_sandia,naive_cross,hust,sandia,pytorch_simple_transformer,100,123,sandia,sandia_SNL_18650_NMC_25C_0_100_0_5_3C_a,261.0,1411.1403235244773
hust_to_sandia,naive_cross,hust,sandia,pytorch_simple_transformer,100,123,sandia,sandia_SNL_18650_NMC_25C_0_100_0_5_3C_b,287.0,1401.2434222186416
hust_to_sandia,naive_cross,hust,sandia,pytorch_simple_transformer,100,123,sandia,sandia_SNL_18650_NMC_25C_0_100_0_5_3C_c,305.0,1403.8483429121516
hust_to_sandia,naive_cross,hust,sandia,pytorch_simple_transformer,100,123,sandia,sandia_SNL_18650_NMC_25C_0_100_0_5_3C_d,304.0,1400.5700738038347
hust_to_sandia,naive_cross,hust,sandia,pytorch_simple_transformer,100,123,sandia,sandia_SNL_18650_NMC_35C_0_100_0_5_1C_a,280.0,1401.9618836458105
hust_to_sandia,naive_cross,hust,sandia,pytorch_simple_transformer,100,123,sandia,sandia_SNL_18650_NMC_35C_0_100_0_5_1C_b,90.0,1421.050205730788
hust_to_sandia,naive_cross,hust,sandia,pytorch_simple_transformer,100,123,sandia,sandia_SNL_18650_NMC_35C_0_100_0_5_1C_c,256.0,1401.61898122946
hust_to_sandia,naive_cross,hust,sandia,pytorch_simple_transformer,100,123,sandia,sandia_SNL_18650_NMC_35C_0_100_0_5_1C_d,390.0,1410.8799413873166
hust_to_sandia,naive_cross,hust,sandia,pytorch_simple_transformer,100,123,sandia,sandia_SNL_18650_NMC_35C_0_100_0_5_2C_a,170.0,1414.3752153419125
hust_to_sandia,naive_cross,hust,sandia,pytorch_simple_transformer,100,123,sandia,sandia_SNL_18650_NMC_35C_0_100_0_5_2C_b,400.0,1410.3512511227684
hust_to_sandia,naive_cross,hust,sandia,pytorch_simple_transformer,100,42,sandia,sandia_SNL_18650_LFP_25C_0_100_0_5_3C_a,3183.0,1391.5599142616336
hust_to_sandia,naive_cross,hust,sandia,pytorch_simple_transformer,100,42,sandia,sandia_SNL_18650_LFP_25C_0_100_0_5_3C_b,1610.0,1372.9790142188747
hust_to_sandia,naive_cross,hust,sandia,pytorch_simple_transformer,100,42,sandia,sandia_SNL_18650_LFP_25C_0_100_0_5_3C_c,2305.0,1369.181197350061
hust_to_sandia,naive_cross,hust,sandia,pytorch_simple_transformer,100,42,sandia,sandia_SNL_18650_LFP_25C_0_100_0_5_3C_d,2788.0,1367.7456222341675
hust_to_sandia,naive_cross,hust,sandia,pytorch_simple_transformer,100,42,sandia,sandia_SNL_18650_LFP_35C_0_100_0_5_1C_a,3089.0,1404.3384344029269
hust_to_sandia,naive_cross,hust,sandia,pytorch_simple_transformer,100,42,sandia,sandia_SNL_18650_LFP_35C_0_100_0_5_1C_b,3126.0,1372.3336441571682
hust_to_sandia,naive_cross,hust,sandia,pytorch_simple_transformer,100,42,sandia,sandia_SNL_18650_LFP_35C_0_100_0_5_1C_c,3246.0,1365.9461051345338
hust_to_sandia,naive_cross,hust,sandia,pytorch_simple_transformer,100,42,sandia,sandia_SNL_18650_LFP_35C_0_100_0_5_1C_d,3374.0,1375.429073899661
hust_to_sandia,naive_cross,hust,sandia,pytorch_simple_transformer,100,42,sandia,sandia_SNL_18650_LFP_35C_0_100_0_5_2C_a,3442.0,1370.9424841876466
hust_to_sandia,naive_cross,hust,sandia,pytorch_simple_transformer,100,42,sandia,sandia_SNL_18650_LFP_35C_0_100_0_5_2C_b,2465.0,1367.8121474293966
hust_to_sandia,naive_cross,hust,sandia,pytorch_simple_transformer,100,42,sandia,sandia_SNL_18650_NCA_15C_0_100_0_5_1C_a,176.0,1387.5896124820306
hust_to_sandia,naive_cross,hust,sandia,pytorch_simple_transformer,100,42,sandia,sandia_SNL_18650_NCA_15C_0_100_0_5_1C_b,325.0,1360.115468850621
hust_to_sandia,naive_cross,hust,sandia,pytorch_simple_transformer,100,42,sandia,sandia_SNL_18650_NCA_15C_0_100_0_5_2C_a,158.0,1380.1790937645344
hust_to_sandia,naive_cross,hust,sandia,pytorch_simple_transformer,100,42,sandia,sandia_SNL_18650_NCA_15C_0_100_0_5_2C_b,157.0,1361.3729466523978
hust_to_sandia,naive_cross,hust,sandia,pytorch_simple_transformer,100,42,sandia,sandia_SNL_18650_NCA_25C_0_100_0_5_0_5C_a,249.0,1385.551891664102
hust_to_sandia,naive_cross,hust,sandia,pytorch_simple_transformer,100,42,sandia,sandia_SNL_18650_NCA_25C_0_100_0_5_0_5C_b,135.0,1362.2073641361721
hust_to_sandia,naive_cross,hust,sandia,pytorch_simple_transformer,100,42,sandia,sandia_SNL_18650_NCA_25C_0_100_0_5_1C_a,337.0,1359.6025596921354
hust_to_sandia,naive_cross,hust,sandia,pytorch_simple_transformer,100,42,sandia,sandia_SNL_18650_NCA_25C_0_100_0_5_1C_b,228.0,1379.171221065196
hust_to_sandia,naive_cross,hust,sandia,pytorch_simple_transformer,100,42,sandia,sandia_SNL_18650_NCA_25C_0_100_0_5_1C_c,228.0,1359.818463736978
hust_to_sandia,naive_cross,hust,sandia,pytorch_simple_transformer,100,42,sandia,sandia_SNL_18650_NCA_25C_0_100_0_5_1C_d,251.0,1386.4064177023845
hust_to_sandia,naive_cross,hust,sandia,pytorch_simple_transformer,100,42,sandia,sandia_SNL_18650_NCA_25C_0_100_0_5_2C_a,225.0,1381.6797660386615
hust_to_sandia,naive_cross,hust,sandia,pytorch_simple_transformer,100,42,sandia,sandia_SNL_18650_NCA_25C_0_100_0_5_2C_b,304.0,1361.1392715548968
hust_to_sandia,naive_cross,hust,sandia,pytorch_simple_transformer,100,42,sandia,sandia_SNL_18650_NCA_35C_0_100_0_5_1C_a,171.0,1358.4328653544462
hust_to_sandia,naive_cross,hust,sandia,pytorch_simple_transformer,100,42,sandia,sandia_SNL_18650_NCA_35C_0_100_0_5_1C_b,320.0,1372.2570838708618
hust_to_sandia,naive_cross,hust,sandia,pytorch_simple_transformer,100,42,sandia,sandia_SNL_18650_NCA_35C_0_100_0_5_1C_c,346.0,1359.3348344294593
hust_to_sandia,naive_cross,hust,sandia,pytorch_simple_transformer,100,42,sandia,sandia_SNL_18650_NCA_35C_0_100_0_5_1C_d,320.0,1381.4254786476097
hust_to_sandia,naive_cross,hust,sandia,pytorch_simple_transformer,100,42,sandia,sandia_SNL_18650_NCA_35C_0_100_0_5_2C_a,210.0,1383.356862481922
hust_to_sandia,naive_cross,hust,sandia,pytorch_simple_transformer,100,42,sandia,sandia_SNL_18650_NCA_35C_0_100_0_5_2C_b,216.0,1385.5096086211931
hust_to_sandia,naive_cross,hust,sandia,pytorch_simple_transformer,100,42,sandia,sandia_SNL_18650_NMC_15C_0_100_0_5_1C_a,105.0,1365.7793738432995
hust_to_sandia,naive_cross,hust,sandia,pytorch_simple_transformer,100,42,sandia,sandia_SNL_18650_NMC_15C_0_100_0_5_1C_b,142.0,1409.2763208675483
hust_to_sandia,naive_cross,hust,sandia,pytorch_simple_transformer,100,42,sandia,sandia_SNL_18650_NMC_15C_0_100_0_5_2C_a,102.0,1366.1578050420824
hust_to_sandia,naive_cross,hust,sandia,pytorch_simple_transformer,100,42,sandia,sandia_SNL_18650_NMC_15C_0_100_0_5_2C_b,103.0,1382.3730356458232
hust_to_sandia,naive_cross,hust,sandia,pytorch_simple_transformer,100,42,sandia,sandia_SNL_18650_NMC_25C_0_100_0_5_0_5C_a,49.0,1374.6317845495846
hust_to_sandia,naive_cross,hust,sandia,pytorch_simple_transformer,100,42,sandia,sandia_SNL_18650_NMC_25C_0_100_0_5_0_5C_b,327.0,1365.2877653028158
hust_to_sandia,naive_cross,hust,sandia,pytorch_simple_transformer,100,42,sandia,sandia_SNL_18650_NMC_25C_0_100_0_5_1C_a,271.0,1362.4561649214104
hust_to_sandia,naive_cross,hust,sandia,pytorch_simple_transformer,100,42,sandia,sandia_SNL_18650_NMC_25C_0_100_0_5_1C_b,340.0,1362.1287707218114
hust_to_sandia,naive_cross,hust,sandia,pytorch_simple_transformer,100,42,sandia,sandia_SNL_18650_NMC_25C_0_100_0_5_1C_c,282.0,1361.120449473353
hust_to_sandia,naive_cross,hust,sandia,pytorch_simple_transformer,100,42,sandia,sandia_SNL_18650_NMC_25C_0_100_0_5_1C_d,285.0,1361.8469109802097
hust_to_sandia,naive_cross,hust,sandia,pytorch_simple_transformer,100,42,sandia,sandia_SNL_18650_NMC_25C_0_100_0_5_2C_a,233.0,1360.3580495250728
hust_to_sandia,naive_cross,hust,sandia,pytorch_simple_transformer,100,42,sandia,sandia_SNL_18650_NMC_25C_0_100_0_5_2C_b,135.0,1401.5655147283076
hust_to_sandia,naive_cross,hust,sandia,pytorch_simple_transformer,100,42,sandia,sandia_SNL_18650_NMC_25C_0_100_0_5_3C_a,261.0,1379.993516211062
hust_to_sandia,naive_cross,hust,sandia,pytorch_simple_transformer,100,42,sandia,sandia_SNL_18650_NMC_25C_0_100_0_5_3C_b,287.0,1362.7037115727949
hust_to_sandia,naive_cross,hust,sandia,pytorch_simple_transformer,100,42,sandia,sandia_SNL_18650_NMC_25C_0_100_0_5_3C_c,305.0,1367.7938852889044
hust_to_sandia,naive_cross,hust,sandia,pytorch_simple_transformer,100,42,sandia,sandia_SNL_18650_NMC_25C_0_100_0_5_3C_d,304.0,1362.8544706731454
hust_to_sandia,naive_cross,hust,sandia,pytorch_simple_transformer,100,42,sandia,sandia_SNL_18650_NMC_35C_0_100_0_5_1C_a,280.0,1360.035050582343
hust_to_sandia,naive_cross,hust,sandia,pytorch_simple_transformer,100,42,sandia,sandia_SNL_18650_NMC_35C_0_100_0_5_1C_b,90.0,1379.7145387665742
hust_to_sandia,naive_cross,hust,sandia,pytorch_simple_transformer,100,42,sandia,sandia_SNL_18650_NMC_35C_0_100_0_5_1C_c,256.0,1360.9809145725071
hust_to_sandia,naive_cross,hust,sandia,pytorch_simple_transformer,100,42,sandia,sandia_SNL_18650_NMC_35C_0_100_0_5_1C_d,390.0,1358.081181947749
hust_to_sandia,naive_cross,hust,sandia,pytorch_simple_transformer,100,42,sandia,sandia_SNL_18650_NMC_35C_0_100_0_5_2C_a,170.0,1362.9954975139678
hust_to_sandia,naive_cross,hust,sandia,pytorch_simple_transformer,100,42,sandia,sandia_SNL_18650_NMC_35C_0_100_0_5_2C_b,400.0,1368.8423963862072
hust_to_sandia,naive_cross,hust,sandia,pytorch_simple_transformer,100,456,sandia,sandia_SNL_18650_LFP_25C_0_100_0_5_3C_a,3183.0,1142.6988842423395
hust_to_sandia,naive_cross,hust,sandia,pytorch_simple_transformer,100,456,sandia,sandia_SNL_18650_LFP_25C_0_100_0_5_3C_b,1610.0,1390.4190805016658
hust_to_sandia,naive_cross,hust,sandia,pytorch_simple_transformer,100,456,sandia,sandia_SNL_18650_LFP_25C_0_100_0_5_3C_c,2305.0,1339.990118435261
hust_to_sandia,naive_cross,hust,sandia,pytorch_simple_transformer,100,456,sandia,sandia_SNL_18650_LFP_25C_0_100_0_5_3C_d,2788.0,1355.4099398959531
hust_to_sandia,naive_cross,hust,sandia,pytorch_simple_transformer,100,456,sandia,sandia_SNL_18650_LFP_35C_0_100_0_5_1C_a,3089.0,1521.6541401852971
hust_to_sandia,naive_cross,hust,sandia,pytorch_simple_transformer,100,456,sandia,sandia_SNL_18650_LFP_35C_0_100_0_5_1C_b,3126.0,1181.844889958323
hust_to_sandia,naive_cross,hust,sandia,pytorch_simple_transformer,100,456,sandia,sandia_SNL_18650_LFP_35C_0_100_0_5_1C_c,3246.0,1130.7509678022793
hust_to_sandia,naive_cross,hust,sandia,pytorch_simple_transformer,100,456,sandia,sandia_SNL_18650_LFP_35C_0_100_0_5_1C_d,3374.0,1137.6665765123378
hust_to_sandia,naive_cross,hust,sandia,pytorch_simple_transformer,100,456,sandia,sandia_SNL_18650_LFP_35C_0_100_0_5_2C_a,3442.0,1275.7182949024557
hust_to_sandia,naive_cross,hust,sandia,pytorch_simple_transformer,100,456,sandia,sandia_SNL_18650_LFP_35C_0_100_0_5_2C_b,2465.0,1146.8819473658566
hust_to_sandia,naive_cross,hust,sandia,pytorch_simple_transformer,100,456,sandia,sandia_SNL_18650_NCA_15C_0_100_0_5_1C_a,176.0,1556.32550187634
hust_to_sandia,naive_cross,hust,sandia,pytorch_simple_transformer,100,456,sandia,sandia_SNL_18650_NCA_15C_0_100_0_5_1C_b,325.0,1121.8176549015957
hust_to_sandia,naive_cross,hust,sandia,pytorch_simple_transformer,100,456,sandia,sandia_SNL_18650_NCA_15C_0_100_0_5_2C_a,158.0,1547.3430039932505
hust_to_sandia,naive_cross,hust,sandia,pytorch_simple_transformer,100,456,sandia,sandia_SNL_18650_NCA_15C_0_100_0_5_2C_b,157.0,1575.2146920781895
hust_to_sandia,naive_cross,hust,sandia,pytorch_simple_transformer,100,456,sandia,sandia_SNL_18650_NCA_25C_0_100_0_5_0_5C_a,249.0,1562.594112101641
hust_to_sandia,naive_cross,hust,sandia,pytorch_simple_transformer,100,456,sandia,sandia_SNL_18650_NCA_25C_0_100_0_5_0_5C_b,135.0,1105.5667564714684
hust_to_sandia,naive_cross,hust,sandia,pytorch_simple_transformer,100,456,sandia,sandia_SNL_18650_NCA_25C_0_100_0_5_1C_a,337.0,1138.3839634051644
hust_to_sandia,naive_cross,hust,sandia,pytorch_simple_transformer,100,456,sandia,sandia_SNL_18650_NCA_25C_0_100_0_5_1C_b,228.0,1559.4246824512356
hust_to_sandia,naive_cross,hust,sandia,pytorch_simple_transformer,100,456,sandia,sandia_SNL_18650_NCA_25C_0_100_0_5_1C_c,228.0,1112.997374847593
hust_to_sandia,naive_cross,hust,sandia,pytorch_simple_transformer,100,456,sandia,sandia_SNL_18650_NCA_25C_0_100_0_5_1C_d,251.0,1558.5474911299204
hust_to_sandia,naive_cross,hust,sandia,pytorch_simple_transformer,100,456,sandia,sandia_SNL_18650_NCA_25C_0_100_0_5_2C_a,225.0,1536.688687702987
hust_to_sandia,naive_cross,hust,sandia,pytorch_simple_transformer,100,456,sandia,sandia_SNL_18650_NCA_25C_0_100_0_5_2C_b,304.0,1220.8337601523758
hust_to_sandia,naive_cross,hust,sandia,pytorch_simple_transformer,100,456,sandia,sandia_SNL_18650_NCA_35C_0_100_0_5_1C_a,171.0,1592.029767231887
hust_to_sandia,naive_cross,hust,sandia,pytorch_simple_transformer,100,456,sandia,sandia_SNL_18650_NCA_35C_0_100_0_5_1C_b,320.0,1528.1583256586812
hust_to_sandia,naive_cross,hust,sandia,pytorch_simple_transformer,100,456,sandia,sandia_SNL_18650_NCA_35C_0_100_0_5_1C_c,346.0,1611.8056934920323
hust_to_sandia,naive_cross,hust,sandia,pytorch_simple_transformer,100,456,sandia,sandia_SNL_18650_NCA_35C_0_100_0_5_1C_d,320.0,1537.4714642903232
hust_to_sandia,naive_cross,hust,sandia,pytorch_simple_transformer,100,456,sandia,sandia_SNL_18650_NCA_35C_0_100_0_5_2C_a,210.0,1544.0800729135442
hust_to_sandia,naive_cross,hust,sandia,pytorch_simple_transformer,100,456,sandia,sandia_SNL_18650_NCA_35C_0_100_0_5_2C_b,216.0,1554.847171580888
hust_to_sandia,naive_cross,hust,sandia,pytorch_simple_transformer,100,456,sandia,sandia_SNL_18650_NMC_15C_0_100_0_5_1C_a,105.0,1119.2849767857656
hust_to_sandia,naive_cross,hust,sandia,pytorch_simple_transformer,100,456,sandia,sandia_SNL_18650_NMC_15C_0_100_0_5_1C_b,142.0,1546.7786664889418
hust_to_sandia,naive_cross,hust,sandia,pytorch_simple_transformer,100,456,sandia,sandia_SNL_18650_NMC_15C_0_100_0_5_2C_a,102.0,1120.1082705269394
hust_to_sandia,naive_cross,hust,sandia,pytorch_simple_transformer,100,456,sandia,sandia_SNL_18650_NMC_15C_0_100_0_5_2C_b,103.0,1563.750194206816
hust_to_sandia,naive_cross,hust,sandia,pytorch_simple_transformer,100,456,sandia,sandia_SNL_18650_NMC_25C_0_100_0_5_0_5C_a,49.0,1540.962156434995
hust_to_sandia,naive_cross,hust,sandia,pytorch_simple_transformer,100,456,sandia,sandia_SNL_18650_NMC_25C_0_100_0_5_0_5C_b,327.0,1174.8887233561243
hust_to_sandia,naive_cross,hust,sandia,pytorch_simple_transformer,100,456,sandia,sandia_SNL_18650_NMC_25C_0_100_0_5_1C_a,271.0,1120.4977038486231
hust_to_sandia,naive_cross,hust,sandia,pytorch_simple_transformer,100,456,sandia,sandia_SNL_18650_NMC_25C_0_100_0_5_1C_b,340.0,1119.492611825923
hust_to_sandia,naive_cross,hust,sandia,pytorch_simple_transformer,100,456,sandia,sandia_SNL_18650_NMC_25C_0_100_0_5_1C_c,282.0,1148.2066985032486
hust_to_sandia,naive_cross,hust,sandia,pytorch_simple_transformer,100,456,sandia,sandia_SNL_18650_NMC_25C_0_100_0_5_1C_d,285.0,1125.5141748273863
hust_to_sandia,naive_cross,hust,sandia,pytorch_simple_transformer,100,456,sandia,sandia_SNL_18650_NMC_25C_0_100_0_5_2C_a,233.0,1122.181997531476
hust_to_sandia,naive_cross,hust,sandia,pytorch_simple_transformer,100,456,sandia,sandia_SNL_18650_NMC_25C_0_100_0_5_2C_b,135.0,1532.0734435696784
hust_to_sandia,naive_cross,hust,sandia,pytorch_simple_transformer,100,456,sandia,sandia_SNL_18650_NMC_25C_0_100_0_5_3C_a,261.0,1575.89685752026
hust_to_sandia,naive_cross,hust,sandia,pytorch_simple_transformer,100,456,sandia,sandia_SNL_18650_NMC_25C_0_100_0_5_3C_b,287.0,1121.0984123271378
hust_to_sandia,naive_cross,hust,sandia,pytorch_simple_transformer,100,456,sandia,sandia_SNL_18650_NMC_25C_0_100_0_5_3C_c,305.0,1326.6680771692816
hust_to_sandia,naive_cross,hust,sandia,pytorch_simple_transformer,100,456,sandia,sandia_SNL_18650_NMC_25C_0_100_0_5_3C_d,304.0,1121.2331349293213
hust_to_sandia,naive_cross,hust,sandia,pytorch_simple_transformer,100,456,sandia,sandia_SNL_18650_NMC_35C_0_100_0_5_1C_a,280.0,1124.8821350936464
hust_to_sandia,naive_cross,hust,sandia,pytorch_simple_transformer,100,456,sandia,sandia_SNL_18650_NMC_35C_0_100_0_5_1C_b,90.0,1595.4487994650488
hust_to_sandia,naive_cross,hust,sandia,pytorch_simple_transformer,100,456,sandia,sandia_SNL_18650_NMC_35C_0_100_0_5_1C_c,256.0,1124.3330103131975
hust_to_sandia,naive_cross,hust,sandia,pytorch_simple_transformer,100,456,sandia,sandia_SNL_18650_NMC_35C_0_100_0_5_1C_d,390.0,1220.820953163733
hust_to_sandia,naive_cross,hust,sandia,pytorch_simple_transformer,100,456,sandia,sandia_SNL_18650_NMC_35C_0_100_0_5_2C_a,170.0,1581.8422148401978
hust_to_sandia,naive_cross,hust,sandia,pytorch_simple_transformer,100,456,sandia,sandia_SNL_18650_NMC_35C_0_100_0_5_2C_b,400.0,1566.3554408099599
hust_to_sandia,naive_cross,hust,sandia,pytorch_simple_transformer,100,789,sandia,sandia_SNL_18650_LFP_25C_0_100_0_5_3C_a,3183.0,1437.6667251473439
hust_to_sandia,naive_cross,hust,sandia,pytorch_simple_transformer,100,789,sandia,sandia_SNL_18650_LFP_25C_0_100_0_5_3C_b,1610.0,1356.1844402609931
hust_to_sandia,naive_cross,hust,sandia,pytorch_simple_transformer,100,789,sandia,sandia_SNL_18650_LFP_25C_0_100_0_5_3C_c,2305.0,1329.91984804627
hust_to_sandia,naive_cross,hust,sandia,pytorch_simple_transformer,100,789,sandia,sandia_SNL_18650_LFP_25C_0_100_0_5_3C_d,2788.0,1306.7279253438667
hust_to_sandia,naive_cross,hust,sandia,pytorch_simple_transformer,100,789,sandia,sandia_SNL_18650_LFP_35C_0_100_0_5_1C_a,3089.0,1594.9969665096123
hust_to_sandia,naive_cross,hust,sandia,pytorch_simple_transformer,100,789,sandia,sandia_SNL_18650_LFP_35C_0_100_0_5_1C_b,3126.0,1357.5949337547002
hust_to_sandia,naive_cross,hust,sandia,pytorch_simple_transformer,100,789,sandia,sandia_SNL_18650_LFP_35C_0_100_0_5_1C_c,3246.0,1269.4141912122795
hust_to_sandia,naive_cross,hust,sandia,pytorch_simple_transformer,100,789,sandia,sandia_SNL_18650_LFP_35C_0_100_0_5_1C_d,3374.0,1375.9702612867113
hust_to_sandia,naive_cross,hust,sandia,pytorch_simple_transformer,100,789,sandia,sandia_SNL_18650_LFP_35C_0_100_0_5_2C_a,3442.0,1359.542268290043
hust_to_sandia,naive_cross,hust,sandia,pytorch_simple_transformer,100,789,sandia,sandia_SNL_18650_LFP_35C_0_100_0_5_2C_b,2465.0,1318.3703235717483
hust_to_sandia,naive_cross,hust,sandia,pytorch_simple_transformer,100,789,sandia,sandia_SNL_18650_NCA_15C_0_100_0_5_1C_a,176.0,1398.9501543046042
hust_to_sandia,naive_cross,hust,sandia,pytorch_simple_transformer,100,789,sandia,sandia_SNL_18650_NCA_15C_0_100_0_5_1C_b,325.0,1191.0733213539604
hust_to_sandia,naive_cross,hust,sandia,pytorch_simple_transformer,100,789,sandia,sandia_SNL_18650_NCA_15C_0_100_0_5_2C_a,158.0,1443.2736354885353
hust_to_sandia,naive_cross,hust,sandia,pytorch_simple_transformer,100,789,sandia,sandia_SNL_18650_NCA_15C_0_100_0_5_2C_b,157.0,1159.7228539166435
hust_to_sandia,naive_cross,hust,sandia,pytorch_simple_transformer,100,789,sandia,sandia_SNL_18650_NCA_25C_0_100_0_5_0_5C_a,249.0,1255.8293282413
hust_to_sandia,naive_cross,hust,sandia,pytorch_simple_transformer,100,789,sandia,sandia_SNL_18650_NCA_25C_0_100_0_5_0_5C_b,135.0,1200.626832798411
hust_to_sandia,naive_cross,hust,sandia,pytorch_simple_transformer,100,789,sandia,sandia_SNL_18650_NCA_25C_0_100_0_5_1C_a,337.0,1198.9231273491775
hust_to_sandia,naive_cross,hust,sandia,pytorch_simple_transformer,100,789,sandia,sandia_SNL_18650_NCA_25C_0_100_0_5_1C_b,228.0,1278.166655402589
hust_to_sandia,naive_cross,hust,sandia,pytorch_simple_transformer,100,789,sandia,sandia_SNL_18650_NCA_25C_0_100_0_5_1C_c,228.0,1187.1654484745275
hust_to_sandia,naive_cross,hust,sandia,pytorch_simple_transformer,100,789,sandia,sandia_SNL_18650_NCA_25C_0_100_0_5_1C_d,251.0,1410.55839876171
hust_to_sandia,naive_cross,hust,sandia,pytorch_simple_transformer,100,789,sandia,sandia_SNL_18650_NCA_25C_0_100_0_5_2C_a,225.0,1524.9547558315053
hust_to_sandia,naive_cross,hust,sandia,pytorch_simple_transformer,100,789,sandia,sandia_SNL_18650_NCA_25C_0_100_0_5_2C_b,304.0,1204.3234418687505
hust_to_sandia,naive_cross,hust,sandia,pytorch_simple_transformer,100,789,sandia,sandia_SNL_18650_NCA_35C_0_100_0_5_1C_a,171.0,1151.7369685313
hust_to_sandia,naive_cross,hust,sandia,pytorch_simple_transformer,100,789,sandia,sandia_SNL_18650_NCA_35C_0_100_0_5_1C_b,320.0,1581.3037497702087
hust_to_sandia,naive_cross,hust,sandia,pytorch_simple_transformer,100,789,sandia,sandia_SNL_18650_NCA_35C_0_100_0_5_1C_c,346.0,1147.3829951329994
hust_to_sandia,naive_cross,hust,sandia,pytorch_simple_transformer,100,789,sandia,sandia_SNL_18650_NCA_35C_0_100_0_5_1C_d,320.0,1524.7140864892945
hust_to_sandia,naive_cross,hust,sandia,pytorch_simple_transformer,100,789,sandia,sandia_SNL_18650_NCA_35C_0_100_0_5_2C_a,210.0,1213.1007721662133
hust_to_sandia,naive_cross,hust,sandia,pytorch_simple_transformer,100,789,sandia,sandia_SNL_18650_NCA_35C_0_100_0_5_2C_b,216.0,1441.4544767329028
hust_to_sandia,naive_cross,hust,sandia,pytorch_simple_transformer,100,789,sandia,sandia_SNL_18650_NMC_15C_0_100_0_5_1C_a,105.0,1223.2549449897049
hust_to_sandia,naive_cross,hust,sandia,pytorch_simple_transformer,100,789,sandia,sandia_SNL_18650_NMC_15C_0_100_0_5_1C_b,142.0,1512.7390211725249
hust_to_sandia,naive_cross,hust,sandia,pytorch_simple_transformer,100,789,sandia,sandia_SNL_18650_NMC_15C_0_100_0_5_2C_a,102.0,1223.826706114898
hust_to_sandia,naive_cross,hust,sandia,pytorch_simple_transformer,100,789,sandia,sandia_SNL_18650_NMC_15C_0_100_0_5_2C_b,103.0,1205.7783619284146
hust_to_sandia,naive_cross,hust,sandia,pytorch_simple_transformer,100,789,sandia,sandia_SNL_18650_NMC_25C_0_100_0_5_0_5C_a,49.0,1205.0432123784617
hust_to_sandia,naive_cross,hust,sandia,pytorch_simple_transformer,100,789,sandia,sandia_SNL_18650_NMC_25C_0_100_0_5_0_5C_b,327.0,1205.0299964351723
hust_to_sandia,naive_cross,hust,sandia,pytorch_simple_transformer,100,789,sandia,sandia_SNL_18650_NMC_25C_0_100_0_5_1C_a,271.0,1218.417367558921
hust_to_sandia,naive_cross,hust,sandia,pytorch_simple_transformer,100,789,sandia,sandia_SNL_18650_NMC_25C_0_100_0_5_1C_b,340.0,1218.082184359852
hust_to_sandia,naive_cross,hust,sandia,pytorch_simple_transformer,100,789,sandia,sandia_SNL_18650_NMC_25C_0_100_0_5_1C_c,282.0,1212.5906851925808
hust_to_sandia,naive_cross,hust,sandia,pytorch_simple_transformer,100,789,sandia,sandia_SNL_18650_NMC_25C_0_100_0_5_1C_d,285.0,1218.7875122829378
hust_to_sandia,naive_cross,hust,sandia,pytorch_simple_transformer,100,789,sandia,sandia_SNL_18650_NMC_25C_0_100_0_5_2C_a,233.0,1220.1255026346935
hust_to_sandia,naive_cross,hust,sandia,pytorch_simple_transformer,100,789,sandia,sandia_SNL_18650_NMC_25C_0_100_0_5_2C_b,135.0,1565.4930128904314
hust_to_sandia,naive_cross,hust,sandia,pytorch_simple_transformer,100,789,sandia,sandia_SNL_18650_NMC_25C_0_100_0_5_3C_a,261.0,1195.0362252873026
hust_to_sandia,naive_cross,hust,sandia,pytorch_simple_transformer,100,789,sandia,sandia_SNL_18650_NMC_25C_0_100_0_5_3C_b,287.0,1220.460084177573
hust_to_sandia,naive_cross,hust,sandia,pytorch_simple_transformer,100,789,sandia,sandia_SNL_18650_NMC_25C_0_100_0_5_3C_c,305.0,1197.9642133688967
hust_to_sandia,naive_cross,hust,sandia,pytorch_simple_transformer,100,789,sandia,sandia_SNL_18650_NMC_25C_0_100_0_5_3C_d,304.0,1220.9408784092325
hust_to_sandia,naive_cross,hust,sandia,pytorch_simple_transformer,100,789,sandia,sandia_SNL_18650_NMC_35C_0_100_0_5_1C_a,280.0,1219.9265428555004
hust_to_sandia,naive_cross,hust,sandia,pytorch_simple_transformer,100,789,sandia,sandia_SNL_18650_NMC_35C_0_100_0_5_1C_b,90.0,1185.2711440893409
hust_to_sandia,naive_cross,hust,sandia,pytorch_simple_transformer,100,789,sandia,sandia_SNL_18650_NMC_35C_0_100_0_5_1C_c,256.0,1221.1731943100533
hust_to_sandia,naive_cross,hust,sandia,pytorch_simple_transformer,100,789,sandia,sandia_SNL_18650_NMC_35C_0_100_0_5_1C_d,390.0,1202.3146132587585
hust_to_sandia,naive_cross,hust,sandia,pytorch_simple_transformer,100,789,sandia,sandia_SNL_18650_NMC_35C_0_100_0_5_2C_a,170.0,1183.2636264909258
hust_to_sandia,naive_cross,hust,sandia,pytorch_simple_transformer,100,789,sandia,sandia_SNL_18650_NMC_35C_0_100_0_5_2C_b,400.0,1167.6544206250746
luh_to_hust,naive_cross,luh,hust,pytorch_simple_transformer,100,1011,hust,hust_1-1,1198.0,1614.9999523405163
luh_to_hust,naive_cross,luh,hust,pytorch_simple_transformer,100,1011,hust,hust_1-2,1966.0,1614.9999523405163
luh_to_hust,naive_cross,luh,hust,pytorch_simple_transformer,100,1011,hust,hust_1-3,1513.0,1614.9999523405163
luh_to_hust,naive_cross,luh,hust,pytorch_simple_transformer,100,1011,hust,hust_1-4,1213.0,1614.9999523405163
luh_to_hust,naive_cross,luh,hust,pytorch_simple_transformer,100,1011,hust,hust_1-5,1538.0,1614.9999523405163
luh_to_hust,naive_cross,luh,hust,pytorch_simple_transformer,100,1011,hust,hust_1-6,829.0,1614.9999523405163
luh_to_hust,naive_cross,luh,hust,pytorch_simple_transformer,100,1011,hust,hust_1-7,1321.0,1614.9999523405163
luh_to_hust,naive_cross,luh,hust,pytorch_simple_transformer,100,1011,hust,hust_1-8,1733.0,1614.9999523405163
luh_to_hust,naive_cross,luh,hust,pytorch_simple_transformer,100,1011,hust,hust_10-1,1378.0,1614.9999523405163
luh_to_hust,naive_cross,luh,hust,pytorch_simple_transformer,100,1011,hust,hust_10-2,1375.0,1614.9999523405163
luh_to_hust,naive_cross,luh,hust,pytorch_simple_transformer,100,1011,hust,hust_10-3,1477.0,1614.9999523405163
luh_to_hust,naive_cross,luh,hust,pytorch_simple_transformer,100,1011,hust,hust_10-4,1489.0,1614.9999523405163
luh_to_hust,naive_cross,luh,hust,pytorch_simple_transformer,100,1011,hust,hust_10-5,1657.0,1614.9999523405163
luh_to_hust,naive_cross,luh,hust,pytorch_simple_transformer,100,1011,hust,hust_10-6,1659.0,1614.9999523405163
luh_to_hust,naive_cross,luh,hust,pytorch_simple_transformer,100,1011,hust,hust_10-7,1435.0,1614.9999523405163
luh_to_hust,naive_cross,luh,hust,pytorch_simple_transformer,100,1011,hust,hust_10-8,1093.0,1614.9999523405163
luh_to_hust,naive_cross,luh,hust,pytorch_simple_transformer,100,1011,hust,hust_2-2,2021.0,1614.9999523405163
luh_to_hust,naive_cross,luh,hust,pytorch_simple_transformer,100,1011,hust,hust_2-3,1413.0,1614.9999523405163
luh_to_hust,naive_cross,luh,hust,pytorch_simple_transformer,100,1011,hust,hust_2-4,1165.0,1614.9999523405163
luh_to_hust,naive_cross,luh,hust,pytorch_simple_transformer,100,1011,hust,hust_2-5,1092.0,1614.9999523405163
luh_to_hust,naive_cross,luh,hust,pytorch_simple_transformer,100,1011,hust,hust_2-6,1297.0,1614.9999523405163
luh_to_hust,naive_cross,luh,hust,pytorch_simple_transformer,100,1011,hust,hust_2-7,1789.0,1614.9999523405163
luh_to_hust,naive_cross,luh,hust,pytorch_simple_transformer,100,1011,hust,hust_2-8,1192.0,1614.9999523405163
luh_to_hust,naive_cross,luh,hust,pytorch_simple_transformer,100,1011,hust,hust_3-1,1571.0,1614.9999523405163
luh_to_hust,naive_cross,luh,hust,pytorch_simple_transformer,100,1011,hust,hust_3-2,1773.0,1614.9999523405163
luh_to_hust,naive_cross,luh,hust,pytorch_simple_transformer,100,1011,hust,hust_3-3,1360.0,1614.9999523405163
luh_to_hust,naive_cross,luh,hust,pytorch_simple_transformer,100,1011,hust,hust_3-4,1396.0,1614.9999523405163
luh_to_hust,naive_cross,luh,hust,pytorch_simple_transformer,100,1011,hust,hust_3-5,1879.0,1614.9999523405163
luh_to_hust,naive_cross,luh,hust,pytorch_simple_transformer,100,1011,hust,hust_3-6,1979.0,1614.9999523405163
luh_to_hust,naive_cross,luh,hust,pytorch_simple_transformer,100,1011,hust,hust_3-7,1870.0,1614.9999523405163
luh_to_hust,naive_cross,luh,hust,pytorch_simple_transformer,100,1011,hust,hust_3-8,1856.0,1614.9999523405163
luh_to_hust,naive_cross,luh,hust,pytorch_simple_transformer,100,1011,hust,hust_4-1,1762.0,1614.9999523405163
luh_to_hust,naive_cross,luh,hust,pytorch_simple_transformer,100,1011,hust,hust_4-2,1453.0,1614.9999523405163
luh_to_hust,naive_cross,luh,hust,pytorch_simple_transformer,100,1011,hust,hust_4-3,931.0,1614.9999523405163
luh_to_hust,naive_cross,luh,hust,pytorch_simple_transformer,100,1011,hust,hust_4-4,1204.0,1614.9999523405163
luh_to_hust,naive_cross,luh,hust,pytorch_simple_transformer,100,1011,hust,hust_4-5,1220.0,1614.9999523405163
luh_to_hust,naive_cross,luh,hust,pytorch_simple_transformer,100,1011,hust,hust_4-6,1089.0,1614.9999523405163
luh_to_hust,naive_cross,luh,hust,pytorch_simple_transformer,100,1011,hust,hust_4-7,1579.0,1614.9999523405163
luh_to_hust,naive_cross,luh,hust,pytorch_simple_transformer,100,1011,hust,hust_4-8,1389.0,1614.9999523405163
luh_to_hust,naive_cross,luh,hust,pytorch_simple_transformer,100,1011,hust,hust_5-1,1832.0,1614.9999523405163
luh_to_hust,naive_cross,luh,hust,pytorch_simple_transformer,100,1011,hust,hust_5-2,1574.0,1614.9999523405163
luh_to_hust,naive_cross,luh,hust,pytorch_simple_transformer,100,1011,hust,hust_5-3,2024.0,1614.9999523405163
luh_to_hust,naive_cross,luh,hust,pytorch_simple_transformer,100,1011,hust,hust_5-4,1520.0,1614.9999523405163
luh_to_hust,naive_cross,luh,hust,pytorch_simple_transformer,100,1011,hust,hust_5-5,1242.0,1614.9999523405163
luh_to_hust,naive_cross,luh,hust,pytorch_simple_transformer,100,1011,hust,hust_5-6,1807.0,1614.9999523405163
luh_to_hust,naive_cross,luh,hust,pytorch_simple_transformer,100,1011,hust,hust_5-7,1171.0,1614.9999523405163
luh_to_hust,naive_cross,luh,hust,pytorch_simple_transformer,100,1011,hust,hust_6-1,1255.0,1614.9999523405163
luh_to_hust,naive_cross,luh,hust,pytorch_simple_transformer,100,1011,hust,hust_6-2,1496.0,1614.9999523405163
luh_to_hust,naive_cross,luh,hust,pytorch_simple_transformer,100,1011,hust,hust_6-3,1437.0,1614.9999523405163
luh_to_hust,naive_cross,luh,hust,pytorch_simple_transformer,100,1011,hust,hust_6-4,1332.0,1614.9999523405163
luh_to_hust,naive_cross,luh,hust,pytorch_simple_transformer,100,1011,hust,hust_6-5,1686.0,1614.9999523405163
luh_to_hust,naive_cross,luh,hust,pytorch_simple_transformer,100,1011,hust,hust_6-6,1924.0,1614.9999523405163
luh_to_hust,naive_cross,luh,hust,pytorch_simple_transformer,100,1011,hust,hust_6-8,1700.0,1614.9999523405163
luh_to_hust,naive_cross,luh,hust,pytorch_simple_transformer,100,1011,hust,hust_7-1,1308.0,1614.9999523405163
luh_to_hust,naive_cross,luh,hust,pytorch_simple_transformer,100,1011,hust,hust_7-2,1637.0,1614.9999523405163
luh_to_hust,naive_cross,luh,hust,pytorch_simple_transformer,100,1011,hust,hust_7-3,1063.0,1614.9999523405163
luh_to_hust,naive_cross,luh,hust,pytorch_simple_transformer,100,1011,hust,hust_7-4,1148.0,1614.9999523405163
luh_to_hust,naive_cross,luh,hust,pytorch_simple_transformer,100,1011,hust,hust_7-5,1528.0,1614.9999523405163
luh_to_hust,naive_cross,luh,hust,pytorch_simple_transformer,100,1011,hust,hust_7-6,1162.0,1614.9999523405163
luh_to_hust,naive_cross,luh,hust,pytorch_simple_transformer,100,1011,hust,hust_7-7,1367.0,1614.9999523405163
luh_to_hust,naive_cross,luh,hust,pytorch_simple_transformer,100,1011,hust,hust_7-8,1566.0,1614.9999523405163
luh_to_hust,naive_cross,luh,hust,pytorch_simple_transformer,100,1011,hust,hust_8-1,1062.0,1614.9999523405163
luh_to_hust,naive_cross,luh,hust,pytorch_simple_transformer,100,1011,hust,hust_8-2,1564.0,1614.9999523405163
luh_to_hust,naive_cross,luh,hust,pytorch_simple_transformer,100,1011,hust,hust_8-3,1844.0,1614.9999523405163
luh_to_hust,naive_cross,luh,hust,pytorch_simple_transformer,100,1011,hust,hust_8-4,1517.0,1614.9999523405163
luh_to_hust,naive_cross,luh,hust,pytorch_simple_transformer,100,1011,hust,hust_8-5,1089.0,1614.9999523405163
luh_to_hust,naive_cross,luh,hust,pytorch_simple_transformer,100,1011,hust,hust_8-6,1746.0,1614.9999523405163
luh_to_hust,naive_cross,luh,hust,pytorch_simple_transformer,100,1011,hust,hust_8-7,1593.0,1614.9999523405163
luh_to_hust,naive_cross,luh,hust,pytorch_simple_transformer,100,1011,hust,hust_8-8,1351.0,1614.9999523405163
luh_to_hust,naive_cross,luh,hust,pytorch_simple_transformer,100,1011,hust,hust_9-1,1647.0,1614.9999523405163
luh_to_hust,naive_cross,luh,hust,pytorch_simple_transformer,100,1011,hust,hust_9-2,1679.0,1614.9999523405163
luh_to_hust,naive_cross,luh,hust,pytorch_simple_transformer,100,1011,hust,hust_9-3,1526.0,1614.9999523405163
luh_to_hust,naive_cross,luh,hust,pytorch_simple_transformer,100,1011,hust,hust_9-4,1589.0,1614.9999523405163
luh_to_hust,naive_cross,luh,hust,pytorch_simple_transformer,100,1011,hust,hust_9-5,1719.0,1614.9999523405163
luh_to_hust,naive_cross,luh,hust,pytorch_simple_transformer,100,1011,hust,hust_9-6,1381.0,1614.9999523405163
luh_to_hust,naive_cross,luh,hust,pytorch_simple_transformer,100,1011,hust,hust_9-7,1617.0,1614.9999523405163
luh_to_hust,naive_cross,luh,hust,pytorch_simple_transformer,100,1011,hust,hust_9-8,1839.0,1614.9999523405163
luh_to_hust,naive_cross,luh,hust,pytorch_simple_transformer,100,123,hust,hust_1-1,1198.0,1386.415672994626
luh_to_hust,naive_cross,luh,hust,pytorch_simple_transformer,100,123,hust,hust_1-2,1966.0,1359.874876748669
luh_to_hust,naive_cross,luh,hust,pytorch_simple_transformer,100,123,hust,hust_1-3,1513.0,1610.067360263645
luh_to_hust,naive_cross,luh,hust,pytorch_simple_transformer,100,123,hust,hust_1-4,1213.0,1614.9999523405163
luh_to_hust,naive_cross,luh,hust,pytorch_simple_transformer,100,123,hust,hust_1-5,1538.0,1583.9525914288229
luh_to_hust,naive_cross,luh,hust,pytorch_simple_transformer,100,123,hust,hust_1-6,829.0,1153.8076301161377
luh_to_hust,naive_cross,luh,hust,pytorch_simple_transformer,100,123,hust,hust_1-7,1321.0,1343.1483655670322
luh_to_hust,naive_cross,luh,hust,pytorch_simple_transformer,100,123,hust,hust_1-8,1733.0,1357.3185427133146
luh_to_hust,naive_cross,luh,hust,pytorch_simple_transformer,100,123,hust,hust_10-1,1378.0,1353.2962177016896
luh_to_hust,naive_cross,luh,hust,pytorch_simple_transformer,100,123,hust,hust_10-2,1375.0,1531.8506421598377
luh_to_hust,naive_cross,luh,hust,pytorch_simple_transformer,100,123,hust,hust_10-3,1477.0,1368.7157755487626
luh_to_hust,naive_cross,luh,hust,pytorch_simple_transformer,100,123,hust,hust_10-4,1489.0,1585.7663189399013
luh_to_hust,naive_cross,luh,hust,pytorch_simple_transformer,100,123,hust,hust_10-5,1657.0,1614.9999523405163
luh_to_hust,naive_cross,luh,hust,pytorch_simple_transformer,100,123,hust,hust_10-6,1659.0,1364.456665904455
luh_to_hust,naive_cross,luh,hust,pytorch_simple_transformer,100,123,hust,hust_10-7,1435.0,1607.207001802468
luh_to_hust,naive_cross,luh,hust,pytorch_simple_transformer,100,123,hust,hust_10-8,1093.0,1340.0271784583804
luh_to_hust,naive_cross,luh,hust,pytorch_simple_transformer,100,123,hust,hust_2-2,2021.0,1293.8618104147004
luh_to_hust,naive_cross,luh,hust,pytorch_simple_transformer,100,123,hust,hust_2-3,1413.0,1614.9999523405163
luh_to_hust,naive_cross,luh,hust,pytorch_simple_transformer,100,123,hust,hust_2-4,1165.0,1339.466914756583
luh_to_hust,naive_cross,luh,hust,pytorch_simple_transformer,100,123,hust,hust_2-5,1092.0,1614.9999523405163
luh_to_hust,naive_cross,luh,hust,pytorch_simple_transformer,100,123,hust,hust_2-6,1297.0,1614.9999523405163
luh_to_hust,naive_cross,luh,hust,pytorch_simple_transformer,100,123,hust,hust_2-7,1789.0,1592.2711917216252
luh_to_hust,naive_cross,luh,hust,pytorch_simple_transformer,100,123,hust,hust_2-8,1192.0,1356.0066151583844
luh_to_hust,naive_cross,luh,hust,pytorch_simple_transformer,100,123,hust,hust_3-1,1571.0,1600.4823649421799
luh_to_hust,naive_cross,luh,hust,pytorch_simple_transformer,100,123,hust,hust_3-2,1773.0,1570.8784415611606
luh_to_hust,naive_cross,luh,hust,pytorch_simple_transformer,100,123,hust,hust_3-3,1360.0,1579.3791436586557
luh_to_hust,naive_cross,luh,hust,pytorch_simple_transformer,100,123,hust,hust_3-4,1396.0,1342.5919184727263
luh_to_hust,naive_cross,luh,hust,pytorch_simple_transformer,100,123,hust,hust_3-5,1879.0,1323.7183627962543
luh_to_hust,naive_cross,luh,hust,pytorch_simple_transformer,100,123,hust,hust_3-6,1979.0,1584.7352625346716
luh_to_hust,naive_cross,luh,hust,pytorch_simple_transformer,100,123,hust,hust_3-7,1870.0,1352.8600639010772
luh_to_hust,naive_cross,luh,hust,pytorch_simple_transformer,100,123,hust,hust_3-8,1856.0,1557.6032039699433
luh_to_hust,naive_cross,luh,hust,pytorch_simple_transformer,100,123,hust,hust_4-1,1762.0,1351.299836928059
luh_to_hust,naive_cross,luh,hust,pytorch_simple_transformer,100,123,hust,hust_4-2,1453.0,1592.4260870855196
luh_to_hust,naive_cross,luh,hust,pytorch_simple_transformer,100,123,hust,hust_4-3,931.0,1341.0211526586
luh_to_hust,naive_cross,luh,hust,pytorch_simple_transformer,100,123,hust,hust_4-4,1204.0,1348.5769834871878
luh_to_hust,naive_cross,luh,hust,pytorch_simple_transformer,100,123,hust,hust_4-5,1220.0,1352.9129626390197
luh_to_hust,naive_cross,luh,hust,pytorch_simple_transformer,100,123,hust,hust_4-6,1089.0,1336.783202698287
luh_to_hust,naive_cross,luh,hust,pytorch_simple_transformer,100,123,hust,hust_4-7,1579.0,1356.3952740453547
luh_to_hust,naive_cross,luh,hust,pytorch_simple_transformer,100,123,hust,hust_4-8,1389.0,1601.4915930363459
luh_to_hust,naive_cross,luh,hust,pytorch_simple_transformer,100,123,hust,hust_5-1,1832.0,1353.9016462910554
luh_to_hust,naive_cross,luh,hust,pytorch_simple_transformer,100,123,hust,hust_5-2,1574.0,1614.9999523405163
luh_to_hust,naive_cross,luh,hust,pytorch_simple_transformer,100,123,hust,hust_5-3,2024.0,1304.0606829850394
luh_to_hust,naive_cross,luh,hust,pytorch_simple_transformer,100,123,hust,hust_5-4,1520.0,1377.044738798668
luh_to_hust,naive_cross,luh,hust,pytorch_simple_transformer,100,123,hust,hust_5-5,1242.0,1611.2693217030924
luh_to_hust,naive_cross,luh,hust,pytorch_simple_transformer,100,123,hust,hust_5-6,1807.0,1354.7786422606655
luh_to_hust,naive_cross,luh,hust,pytorch_simple_transformer,100,123,hust,hust_5-7,1171.0,1353.6550531360715
luh_to_hust,naive_cross,luh,hust,pytorch_simple_transformer,100,123,hust,hust_6-1,1255.0,1311.9549150002092
luh_to_hust,naive_cross,luh,hust,pytorch_simple_transformer,100,123,hust,hust_6-2,1496.0,1614.9999523405163
luh_to_hust,naive_cross,luh,hust,pytorch_simple_transformer,100,123,hust,hust_6-3,1437.0,1613.3551039560564
luh_to_hust,naive_cross,luh,hust,pytorch_simple_transformer,100,123,hust,hust_6-4,1332.0,1320.4502727324955
luh_to_hust,naive_cross,luh,hust,pytorch_simple_transformer,100,123,hust,hust_6-5,1686.0,1346.219689768784
luh_to_hust,naive_cross,luh,hust,pytorch_simple_transformer,100,123,hust,hust_6-6,1924.0,1590.2035679871444
luh_to_hust,naive_cross,luh,hust,pytorch_simple_transformer,100,123,hust,hust_6-8,1700.0,1305.5763277841422
luh_to_hust,naive_cross,luh,hust,pytorch_simple_transformer,100,123,hust,hust_7-1,1308.0,1361.8579504715399
luh_to_hust,naive_cross,luh,hust,pytorch_simple_transformer,100,123,hust,hust_7-2,1637.0,1507.1410624274336
luh_to_hust,naive_cross,luh,hust,pytorch_simple_transformer,100,123,hust,hust_7-3,1063.0,1379.7401970723847
luh_to_hust,naive_cross,luh,hust,pytorch_simple_transformer,100,123,hust,hust_7-4,1148.0,1403.3805053527446
luh_to_hust,naive_cross,luh,hust,pytorch_simple_transformer,100,123,hust,hust_7-5,1528.0,1571.6036924375164
luh_to_hust,naive_cross,luh,hust,pytorch_simple_transformer,100,123,hust,hust_7-6,1162.0,1369.3150435683947
luh_to_hust,naive_cross,luh,hust,pytorch_simple_transformer,100,123,hust,hust_7-7,1367.0,1386.4130286191096
luh_to_hust,naive_cross,luh,hust,pytorch_simple_transformer,100,123,hust,hust_7-8,1566.0,1595.0045720659539
luh_to_hust,naive_cross,luh,hust,pytorch_simple_transformer,100,123,hust,hust_8-1,1062.0,1369.4077642292143
luh_to_hust,naive_cross,luh,hust,pytorch_simple_transformer,100,123,hust,hust_8-2,1564.0,1364.2836109917255
luh_to_hust,naive_cross,luh,hust,pytorch_simple_transformer,100,123,hust,hust_8-3,1844.0,1589.2188826540512
luh_to_hust,naive_cross,luh,hust,pytorch_simple_transformer,100,123,hust,hust_8-4,1517.0,1403.5973377090409
luh_to_hust,naive_cross,luh,hust,pytorch_simple_transformer,100,123,hust,hust_8-5,1089.0,1395.3353032031068
luh_to_hust,naive_cross,luh,hust,pytorch_simple_transformer,100,123,hust,hust_8-6,1746.0,1364.4826910982122
luh_to_hust,naive_cross,luh,hust,pytorch_simple_transformer,100,123,hust,hust_8-7,1593.0,1385.4442045809863
luh_to_hust,naive_cross,luh,hust,pytorch_simple_transformer,100,123,hust,hust_8-8,1351.0,1600.2633502930655
luh_to_hust,naive_cross,luh,hust,pytorch_simple_transformer,100,123,hust,hust_9-1,1647.0,1558.4419640859885
luh_to_hust,naive_cross,luh,hust,pytorch_simple_transformer,100,123,hust,hust_9-2,1679.0,1588.6082143265673
luh_to_hust,naive_cross,luh,hust,pytorch_simple_transformer,100,123,hust,hust_9-3,1526.0,1563.7651073619024
luh_to_hust,naive_cross,luh,hust,pytorch_simple_transformer,100,123,hust,hust_9-4,1589.0,1559.2462306703603
luh_to_hust,naive_cross,luh,hust,pytorch_simple_transformer,100,123,hust,hust_9-5,1719.0,1574.6131591234632
luh_to_hust,naive_cross,luh,hust,pytorch_simple_transformer,100,123,hust,hust_9-6,1381.0,1553.082138140331
luh_to_hust,naive_cross,luh,hust,pytorch_simple_transformer,100,123,hust,hust_9-7,1617.0,1561.0644199019707
luh_to_hust,naive_cross,luh,hust,pytorch_simple_transformer,100,123,hust,hust_9-8,1839.0,1599.3387826705907
luh_to_hust,naive_cross,luh,hust,pytorch_simple_transformer,100,42,hust,hust_1-1,1198.0,1292.5021254816888
luh_to_hust,naive_cross,luh,hust,pytorch_simple_transformer,100,42,hust,hust_1-2,1966.0,1283.403623093749
luh_to_hust,naive_cross,luh,hust,pytorch_simple_transformer,100,42,hust,hust_1-3,1513.0,1389.8735356880904
luh_to_hust,naive_cross,luh,hust,pytorch_simple_transformer,100,42,hust,hust_1-4,1213.0,1445.285287302378
luh_to_hust,naive_cross,luh,hust,pytorch_simple_transformer,100,42,hust,hust_1-5,1538.0,1352.2434946306635
luh_to_hust,naive_cross,luh,hust,pytorch_simple_transformer,100,42,hust,hust_1-6,829.0,1028.5055079084625
luh_to_hust,naive_cross,luh,hust,pytorch_simple_transformer,100,42,hust,hust_1-7,1321.0,1199.760947408624
luh_to_hust,naive_cross,luh,hust,pytorch_simple_transformer,100,42,hust,hust_1-8,1733.0,1188.6115424889024
luh_to_hust,naive_cross,luh,hust,pytorch_simple_transformer,100,42,hust,hust_10-1,1378.0,1090.4863229665234
luh_to_hust,naive_cross,luh,hust,pytorch_simple_transformer,100,42,hust,hust_10-2,1375.0,1305.9673460353
luh_to_hust,naive_cross,luh,hust,pytorch_simple_transformer,100,42,hust,hust_10-3,1477.0,1250.6696922265803
luh_to_hust,naive_cross,luh,hust,pytorch_simple_transformer,100,42,hust,hust_10-4,1489.0,1356.8552123515315
luh_to_hust,naive_cross,luh,hust,pytorch_simple_transformer,100,42,hust,hust_10-5,1657.0,1525.6573494540946
luh_to_hust,naive_cross,luh,hust,pytorch_simple_transformer,100,42,hust,hust_10-6,1659.0,1247.8270700882429
luh_to_hust,naive_cross,luh,hust,pytorch_simple_transformer,100,42,hust,hust_10-7,1435.0,1495.467304888343
luh_to_hust,naive_cross,luh,hust,pytorch_simple_transformer,100,42,hust,hust_10-8,1093.0,1201.3873582012084
luh_to_hust,naive_cross,luh,hust,pytorch_simple_transformer,100,42,hust,hust_2-2,2021.0,1057.600048497509
luh_to_hust,naive_cross,luh,hust,pytorch_simple_transformer,100,42,hust,hust_2-3,1413.0,1377.5129928030783
luh_to_hust,naive_cross,luh,hust,pytorch_simple_transformer,100,42,hust,hust_2-4,1165.0,1155.372296947239
luh_to_hust,naive_cross,luh,hust,pytorch_simple_transformer,100,42,hust,hust_2-5,1092.0,1464.295117506164
luh_to_hust,naive_cross,luh,hust,pytorch_simple_transformer,100,42,hust,hust_2-6,1297.0,1419.9766003666289
luh_to_hust,naive_cross,luh,hust,pytorch_simple_transformer,100,42,hust,hust_2-7,1789.0,1385.7468067476732
luh_to_hust,naive_cross,luh,hust,pytorch_simple_transformer,100,42,hust,hust_2-8,1192.0,1215.9483552427155
luh_to_hust,naive_cross,luh,hust,pytorch_simple_transformer,100,42,hust,hust_3-1,1571.0,1436.7374429789118
luh_to_hust,naive_cross,luh,hust,pytorch_simple_transformer,100,42,hust,hust_3-2,1773.0,1387.5545452479075
luh_to_hust,naive_cross,luh,hust,pytorch_simple_transformer,100,42,hust,hust_3-3,1360.0,1462.3344041850612
luh_to_hust,naive_cross,luh,hust,pytorch_simple_transformer,100,42,hust,hust_3-4,1396.0,1140.5741903151104
luh_to_hust,naive_cross,luh,hust,pytorch_simple_transformer,100,42,hust,hust_3-5,1879.0,1107.2249106987613
luh_to_hust,naive_cross,luh,hust,pytorch_simple_transformer,100,42,hust,hust_3-6,1979.0,1459.427483672137
luh_to_hust,naive_cross,luh,hust,pytorch_simple_transformer,100,42,hust,hust_3-7,1870.0,1067.9640006292195
luh_to_hust,naive_cross,luh,hust,pytorch_simple_transformer,100,42,hust,hust_3-8,1856.0,1399.9424412526225
luh_to_hust,naive_cross,luh,hust,pytorch_simple_transformer,100,42,hust,hust_4-1,1762.0,1184.0696128321963
luh_to_hust,naive_cross,luh,hust,pytorch_simple_transformer,100,42,hust,hust_4-2,1453.0,1356.1197738893225
luh_to_hust,naive_cross,luh,hust,pytorch_simple_transformer,100,42,hust,hust_4-3,931.0,1200.0498879494144
luh_to_hust,naive_cross,luh,hust,pytorch_simple_transformer,100,42,hust,hust_4-4,1204.0,1266.132246478983
luh_to_hust,naive_cross,luh,hust,pytorch_simple_transformer,100,42,hust,hust_4-5,1220.0,1247.8520607716773
luh_to_hust,naive_cross,luh,hust,pytorch_simple_transformer,100,42,hust,hust_4-6,1089.0,1184.350821197304
luh_to_hust,naive_cross,luh,hust,pytorch_simple_transformer,100,42,hust,hust_4-7,1579.0,1303.5142137017847
luh_to_hust,naive_cross,luh,hust,pytorch_simple_transformer,100,42,hust,hust_4-8,1389.0,1341.6050964372912
luh_to_hust,naive_cross,luh,hust,pytorch_simple_transformer,100,42,hust,hust_5-1,1832.0,1234.588604916031
luh_to_hust,naive_cross,luh,hust,pytorch_simple_transformer,100,42,hust,hust_5-2,1574.0,1510.0688522343612
luh_to_hust,naive_cross,luh,hust,pytorch_simple_transformer,100,42,hust,hust_5-3,2024.0,1024.1211204162569
luh_to_hust,naive_cross,luh,hust,pytorch_simple_transformer,100,42,hust,hust_5-4,1520.0,1319.7578506121401
luh_to_hust,naive_cross,luh,hust,pytorch_simple_transformer,100,42,hust,hust_5-5,1242.0,1541.1363110351415
luh_to_hust,naive_cross,luh,hust,pytorch_simple_transformer,100,42,hust,hust_5-6,1807.0,1244.1209104866657
luh_to_hust,naive_cross,luh,hust,pytorch_simple_transformer,100,42,hust,hust_5-7,1171.0,1276.1021961928088
luh_to_hust,naive_cross,luh,hust,pytorch_simple_transformer,100,42,hust,hust_6-1,1255.0,1146.4483567368788
luh_to_hust,naive_cross,luh,hust,pytorch_simple_transformer,100,42,hust,hust_6-2,1496.0,1465.6775674938917
luh_to_hust,naive_cross,luh,hust,pytorch_simple_transformer,100,42,hust,hust_6-3,1437.0,1483.412093137191
luh_to_hust,naive_cross,luh,hust,pytorch_simple_transformer,100,42,hust,hust_6-4,1332.0,1088.843890396017
luh_to_hust,naive_cross,luh,hust,pytorch_simple_transformer,100,42,hust,hust_6-5,1686.0,1070.7047027786366
luh_to_hust,naive_cross,luh,hust,pytorch_simple_transformer,100,42,hust,hust_6-6,1924.0,1392.4447042128345
luh_to_hust,naive_cross,luh,hust,pytorch_simple_transformer,100,42,hust,hust_6-8,1700.0,1107.7149715472797
luh_to_hust,naive_cross,luh,hust,pytorch_simple_transformer,100,42,hust,hust_7-1,1308.0,1275.0931055820843
luh_to_hust,naive_cross,luh,hust,pytorch_simple_transformer,100,42,hust,hust_7-2,1637.0,1300.6079172973728
luh_to_hust,naive_cross,luh,hust,pytorch_simple_transformer,100,42,hust,hust_7-3,1063.0,1247.3410413403851
luh_to_hust,naive_cross,luh,hust,pytorch_simple_transformer,100,42,hust,hust_7-4,1148.0,1398.885449873653
luh_to_hust,naive_cross,luh,hust,pytorch_simple_transformer,100,42,hust,hust_7-5,1528.0,1535.179963272857
luh_to_hust,naive_cross,luh,hust,pytorch_simple_transformer,100,42,hust,hust_7-6,1162.0,1211.9045461423916
luh_to_hust,naive_cross,luh,hust,pytorch_simple_transformer,100,42,hust,hust_7-7,1367.0,1395.9741832318755
luh_to_hust,naive_cross,luh,hust,pytorch_simple_transformer,100,42,hust,hust_7-8,1566.0,1407.4845773356521
luh_to_hust,naive_cross,luh,hust,pytorch_simple_transformer,100,42,hust,hust_8-1,1062.0,1264.0281554432581
luh_to_hust,naive_cross,luh,hust,pytorch_simple_transformer,100,42,hust,hust_8-2,1564.0,1209.0497139175293
luh_to_hust,naive_cross,luh,hust,pytorch_simple_transformer,100,42,hust,hust_8-3,1844.0,1461.4539852587616
luh_to_hust,naive_cross,luh,hust,pytorch_simple_transformer,100,42,hust,hust_8-4,1517.0,1359.1261360540493
luh_to_hust,naive_cross,luh,hust,pytorch_simple_transformer,100,42,hust,hust_8-5,1089.0,1299.8341651746962
luh_to_hust,naive_cross,luh,hust,pytorch_simple_transformer,100,42,hust,hust_8-6,1746.0,1334.3676237791283
luh_to_hust,naive_cross,luh,hust,pytorch_simple_transformer,100,42,hust,hust_8-7,1593.0,1188.8705864992191
luh_to_hust,naive_cross,luh,hust,pytorch_simple_transformer,100,42,hust,hust_8-8,1351.0,1550.9855275085122
luh_to_hust,naive_cross,luh,hust,pytorch_simple_transformer,100,42,hust,hust_9-1,1647.0,1411.1134084154928
luh_to_hust,naive_cross,luh,hust,pytorch_simple_transformer,100,42,hust,hust_9-2,1679.0,1555.717087490838
luh_to_hust,naive_cross,luh,hust,pytorch_simple_transformer,100,42,hust,hust_9-3,1526.0,1505.9004460126453
luh_to_hust,naive_cross,luh,hust,pytorch_simple_transformer,100,42,hust,hust_9-4,1589.0,1460.145838757497
luh_to_hust,naive_cross,luh,hust,pytorch_simple_transformer,100,42,hust,hust_9-5,1719.0,1481.9528491847002
luh_to_hust,naive_cross,luh,hust,pytorch_simple_transformer,100,42,hust,hust_9-6,1381.0,1387.161588187036
luh_to_hust,naive_cross,luh,hust,pytorch_simple_transformer,100,42,hust,hust_9-7,1617.0,1300.4770662834567
luh_to_hust,naive_cross,luh,hust,pytorch_simple_transformer,100,42,hust,hust_9-8,1839.0,1503.5384162932044
luh_to_hust,naive_cross,luh,hust,pytorch_simple_transformer,100,456,hust,hust_1-1,1198.0,1614.9999523405163
luh_to_hust,naive_cross,luh,hust,pytorch_simple_transformer,100,456,hust,hust_1-2,1966.0,1614.9999523405163
luh_to_hust,naive_cross,luh,hust,pytorch_simple_transformer,100,456,hust,hust_1-3,1513.0,1614.9999523405163
luh_to_hust,naive_cross,luh,hust,pytorch_simple_transformer,100,456,hust,hust_1-4,1213.0,1614.9999523405163
luh_to_hust,naive_cross,luh,hust,pytorch_simple_transformer,100,456,hust,hust_1-5,1538.0,1614.9999523405163
luh_to_hust,naive_cross,luh,hust,pytorch_simple_transformer,100,456,hust,hust_1-6,829.0,1614.9999523405163
luh_to_hust,naive_cross,luh,hust,pytorch_simple_transformer,100,456,hust,hust_1-7,1321.0,1614.9999523405163
luh_to_hust,naive_cross,luh,hust,pytorch_simple_transformer,100,456,hust,hust_1-8,1733.0,1614.9999523405163
luh_to_hust,naive_cross,luh,hust,pytorch_simple_transformer,100,456,hust,hust_10-1,1378.0,1614.9999523405163
luh_to_hust,naive_cross,luh,hust,pytorch_simple_transformer,100,456,hust,hust_10-2,1375.0,1614.9999523405163
luh_to_hust,naive_cross,luh,hust,pytorch_simple_transformer,100,456,hust,hust_10-3,1477.0,1614.9999523405163
luh_to_hust,naive_cross,luh,hust,pytorch_simple_transformer,100,456,hust,hust_10-4,1489.0,1614.9999523405163
luh_to_hust,naive_cross,luh,hust,pytorch_simple_transformer,100,456,hust,hust_10-5,1657.0,1614.9999523405163
luh_to_hust,naive_cross,luh,hust,pytorch_simple_transformer,100,456,hust,hust_10-6,1659.0,1614.9999523405163
luh_to_hust,naive_cross,luh,hust,pytorch_simple_transformer,100,456,hust,hust_10-7,1435.0,1614.9999523405163
luh_to_hust,naive_cross,luh,hust,pytorch_simple_transformer,100,456,hust,hust_10-8,1093.0,1614.9999523405163
luh_to_hust,naive_cross,luh,hust,pytorch_simple_transformer,100,456,hust,hust_2-2,2021.0,1614.9999523405163
luh_to_hust,naive_cross,luh,hust,pytorch_simple_transformer,100,456,hust,hust_2-3,1413.0,1614.9999523405163
luh_to_hust,naive_cross,luh,hust,pytorch_simple_transformer,100,456,hust,hust_2-4,1165.0,1614.9999523405163
luh_to_hust,naive_cross,luh,hust,pytorch_simple_transformer,100,456,hust,hust_2-5,1092.0,1614.9999523405163
luh_to_hust,naive_cross,luh,hust,pytorch_simple_transformer,100,456,hust,hust_2-6,1297.0,1614.9999523405163
luh_to_hust,naive_cross,luh,hust,pytorch_simple_transformer,100,456,hust,hust_2-7,1789.0,1614.9999523405163
luh_to_hust,naive_cross,luh,hust,pytorch_simple_transformer,100,456,hust,hust_2-8,1192.0,1614.9999523405163
luh_to_hust,naive_cross,luh,hust,pytorch_simple_transformer,100,456,hust,hust_3-1,1571.0,1614.9999523405163
luh_to_hust,naive_cross,luh,hust,pytorch_simple_transformer,100,456,hust,hust_3-2,1773.0,1614.9999523405163
luh_to_hust,naive_cross,luh,hust,pytorch_simple_transformer,100,456,hust,hust_3-3,1360.0,1614.9999523405163
luh_to_hust,naive_cross,luh,hust,pytorch_simple_transformer,100,456,hust,hust_3-4,1396.0,1614.9999523405163
luh_to_hust,naive_cross,luh,hust,pytorch_simple_transformer,100,456,hust,hust_3-5,1879.0,1614.9999523405163
luh_to_hust,naive_cross,luh,hust,pytorch_simple_transformer,100,456,hust,hust_3-6,1979.0,1614.9999523405163
luh_to_hust,naive_cross,luh,hust,pytorch_simple_transformer,100,456,hust,hust_3-7,1870.0,1614.9999523405163
luh_to_hust,naive_cross,luh,hust,pytorch_simple_transformer,100,456,hust,hust_3-8,1856.0,1614.9999523405163
luh_to_hust,naive_cross,luh,hust,pytorch_simple_transformer,100,456,hust,hust_4-1,1762.0,1614.9999523405163
luh_to_hust,naive_cross,luh,hust,pytorch_simple_transformer,100,456,hust,hust_4-2,1453.0,1614.9999523405163
luh_to_hust,naive_cross,luh,hust,pytorch_simple_transformer,100,456,hust,hust_4-3,931.0,1614.9999523405163
luh_to_hust,naive_cross,luh,hust,pytorch_simple_transformer,100,456,hust,hust_4-4,1204.0,1614.9999523405163
luh_to_hust,naive_cross,luh,hust,pytorch_simple_transformer,100,456,hust,hust_4-5,1220.0,1614.9999523405163
luh_to_hust,naive_cross,luh,hust,pytorch_simple_transformer,100,456,hust,hust_4-6,1089.0,1614.9999523405163
luh_to_hust,naive_cross,luh,hust,pytorch_simple_transformer,100,456,hust,hust_4-7,1579.0,1614.9999523405163
luh_to_hust,naive_cross,luh,hust,pytorch_simple_transformer,100,456,hust,hust_4-8,1389.0,1614.9999523405163
luh_to_hust,naive_cross,luh,hust,pytorch_simple_transformer,100,456,hust,hust_5-1,1832.0,1614.9999523405163
luh_to_hust,naive_cross,luh,hust,pytorch_simple_transformer,100,456,hust,hust_5-2,1574.0,1614.9999523405163
luh_to_hust,naive_cross,luh,hust,pytorch_simple_transformer,100,456,hust,hust_5-3,2024.0,1614.9999523405163
luh_to_hust,naive_cross,luh,hust,pytorch_simple_transformer,100,456,hust,hust_5-4,1520.0,1614.9999523405163
luh_to_hust,naive_cross,luh,hust,pytorch_simple_transformer,100,456,hust,hust_5-5,1242.0,1614.9999523405163
luh_to_hust,naive_cross,luh,hust,pytorch_simple_transformer,100,456,hust,hust_5-6,1807.0,1614.9999523405163
luh_to_hust,naive_cross,luh,hust,pytorch_simple_transformer,100,456,hust,hust_5-7,1171.0,1614.9999523405163
luh_to_hust,naive_cross,luh,hust,pytorch_simple_transformer,100,456,hust,hust_6-1,1255.0,1614.9999523405163
luh_to_hust,naive_cross,luh,hust,pytorch_simple_transformer,100,456,hust,hust_6-2,1496.0,1614.9999523405163
luh_to_hust,naive_cross,luh,hust,pytorch_simple_transformer,100,456,hust,hust_6-3,1437.0,1614.9999523405163
luh_to_hust,naive_cross,luh,hust,pytorch_simple_transformer,100,456,hust,hust_6-4,1332.0,1614.9999523405163
luh_to_hust,naive_cross,luh,hust,pytorch_simple_transformer,100,456,hust,hust_6-5,1686.0,1614.9999523405163
luh_to_hust,naive_cross,luh,hust,pytorch_simple_transformer,100,456,hust,hust_6-6,1924.0,1614.9999523405163
luh_to_hust,naive_cross,luh,hust,pytorch_simple_transformer,100,456,hust,hust_6-8,1700.0,1614.9999523405163
luh_to_hust,naive_cross,luh,hust,pytorch_simple_transformer,100,456,hust,hust_7-1,1308.0,1614.9999523405163
luh_to_hust,naive_cross,luh,hust,pytorch_simple_transformer,100,456,hust,hust_7-2,1637.0,1614.9999523405163
luh_to_hust,naive_cross,luh,hust,pytorch_simple_transformer,100,456,hust,hust_7-3,1063.0,1614.9999523405163
luh_to_hust,naive_cross,luh,hust,pytorch_simple_transformer,100,456,hust,hust_7-4,1148.0,1614.9999523405163
luh_to_hust,naive_cross,luh,hust,pytorch_simple_transformer,100,456,hust,hust_7-5,1528.0,1614.9999523405163
luh_to_hust,naive_cross,luh,hust,pytorch_simple_transformer,100,456,hust,hust_7-6,1162.0,1614.9999523405163
luh_to_hust,naive_cross,luh,hust,pytorch_simple_transformer,100,456,hust,hust_7-7,1367.0,1614.9999523405163
luh_to_hust,naive_cross,luh,hust,pytorch_simple_transformer,100,456,hust,hust_7-8,1566.0,1614.9999523405163
luh_to_hust,naive_cross,luh,hust,pytorch_simple_transformer,100,456,hust,hust_8-1,1062.0,1614.9999523405163
luh_to_hust,naive_cross,luh,hust,pytorch_simple_transformer,100,456,hust,hust_8-2,1564.0,1614.9999523405163
luh_to_hust,naive_cross,luh,hust,pytorch_simple_transformer,100,456,hust,hust_8-3,1844.0,1614.9999523405163
luh_to_hust,naive_cross,luh,hust,pytorch_simple_transformer,100,456,hust,hust_8-4,1517.0,1614.9999523405163
luh_to_hust,naive_cross,luh,hust,pytorch_simple_transformer,100,456,hust,hust_8-5,1089.0,1614.9999523405163
luh_to_hust,naive_cross,luh,hust,pytorch_simple_transformer,100,456,hust,hust_8-6,1746.0,1614.9999523405163
luh_to_hust,naive_cross,luh,hust,pytorch_simple_transformer,100,456,hust,hust_8-7,1593.0,1614.9999523405163
luh_to_hust,naive_cross,luh,hust,pytorch_simple_transformer,100,456,hust,hust_8-8,1351.0,1614.9999523405163
luh_to_hust,naive_cross,luh,hust,pytorch_simple_transformer,100,456,hust,hust_9-1,1647.0,1614.9999523405163
luh_to_hust,naive_cross,luh,hust,pytorch_simple_transformer,100,456,hust,hust_9-2,1679.0,1614.9999523405163
luh_to_hust,naive_cross,luh,hust,pytorch_simple_transformer,100,456,hust,hust_9-3,1526.0,1614.9999523405163
luh_to_hust,naive_cross,luh,hust,pytorch_simple_transformer,100,456,hust,hust_9-4,1589.0,1614.9999523405163
luh_to_hust,naive_cross,luh,hust,pytorch_simple_transformer,100,456,hust,hust_9-5,1719.0,1614.9999523405163
luh_to_hust,naive_cross,luh,hust,pytorch_simple_transformer,100,456,hust,hust_9-6,1381.0,1614.9999523405163
luh_to_hust,naive_cross,luh,hust,pytorch_simple_transformer,100,456,hust,hust_9-7,1617.0,1614.9999523405163
luh_to_hust,naive_cross,luh,hust,pytorch_simple_transformer,100,456,hust,hust_9-8,1839.0,1614.9999523405163
luh_to_hust,naive_cross,luh,hust,pytorch_simple_transformer,100,789,hust,hust_1-1,1198.0,1123.6609120831477
luh_to_hust,naive_cross,luh,hust,pytorch_simple_transformer,100,789,hust,hust_1-2,1966.0,1116.2123254396681
luh_to_hust,naive_cross,luh,hust,pytorch_simple_transformer,100,789,hust,hust_1-3,1513.0,1226.1357181931405
luh_to_hust,naive_cross,luh,hust,pytorch_simple_transformer,100,789,hust,hust_1-4,1213.0,1258.535940543044
luh_to_hust,naive_cross,luh,hust,pytorch_simple_transformer,100,789,hust,hust_1-5,1538.0,1228.5205527585108
luh_to_hust,naive_cross,luh,hust,pytorch_simple_transformer,100,789,hust,hust_1-6,829.0,1016.9981884480417
luh_to_hust,naive_cross,luh,hust,pytorch_simple_transformer,100,789,hust,hust_1-7,1321.0,1115.871736443611
luh_to_hust,naive_cross,luh,hust,pytorch_simple_transformer,100,789,hust,hust_1-8,1733.0,1110.3702393877018
luh_to_hust,naive_cross,luh,hust,pytorch_simple_transformer,100,789,hust,hust_10-1,1378.0,1076.1487249845065
luh_to_hust,naive_cross,luh,hust,pytorch_simple_transformer,100,789,hust,hust_10-2,1375.0,1188.2970244551702
luh_to_hust,naive_cross,luh,hust,pytorch_simple_transformer,100,789,hust,hust_10-3,1477.0,1110.9151933692085
luh_to_hust,naive_cross,luh,hust,pytorch_simple_transformer,100,789,hust,hust_10-4,1489.0,1229.2430617729794
luh_to_hust,naive_cross,luh,hust,pytorch_simple_transformer,100,789,hust,hust_10-5,1657.0,1237.2488484168518
luh_to_hust,naive_cross,luh,hust,pytorch_simple_transformer,100,789,hust,hust_10-6,1659.0,1115.7802208700039
luh_to_hust,naive_cross,luh,hust,pytorch_simple_transformer,100,789,hust,hust_10-7,1435.0,1248.5680778616222
luh_to_hust,naive_cross,luh,hust,pytorch_simple_transformer,100,789,hust,hust_10-8,1093.0,1103.7510757642037
luh_to_hust,naive_cross,luh,hust,pytorch_simple_transformer,100,789,hust,hust_2-2,2021.0,1024.1401658145305
luh_to_hust,naive_cross,luh,hust,pytorch_simple_transformer,100,789,hust,hust_2-3,1413.0,1254.2452355078774
luh_to_hust,naive_cross,luh,hust,pytorch_simple_transformer,100,789,hust,hust_2-4,1165.0,1088.2018278570595
luh_to_hust,naive_cross,luh,hust,pytorch_simple_transformer,100,789,hust,hust_2-5,1092.0,1245.9833066011279
luh_to_hust,naive_cross,luh,hust,pytorch_simple_transformer,100,789,hust,hust_2-6,1297.0,1247.2649120083363
luh_to_hust,naive_cross,luh,hust,pytorch_simple_transformer,100,789,hust,hust_2-7,1789.0,1251.5132377895643
luh_to_hust,naive_cross,luh,hust,pytorch_simple_transformer,100,789,hust,hust_2-8,1192.0,1140.1745172625824
luh_to_hust,naive_cross,luh,hust,pytorch_simple_transformer,100,789,hust,hust_3-1,1571.0,1230.7192839258971
luh_to_hust,naive_cross,luh,hust,pytorch_simple_transformer,100,789,hust,hust_3-2,1773.0,1228.015693259949
luh_to_hust,naive_cross,luh,hust,pytorch_simple_transformer,100,789,hust,hust_3-3,1360.0,1230.688181126567
luh_to_hust,naive_cross,luh,hust,pytorch_simple_transformer,100,789,hust,hust_3-4,1396.0,1069.3469860323344
luh_to_hust,naive_cross,luh,hust,pytorch_simple_transformer,100,789,hust,hust_3-5,1879.0,1086.6291566281266
luh_to_hust,naive_cross,luh,hust,pytorch_simple_transformer,100,789,hust,hust_3-6,1979.0,1248.5525985025713
luh_to_hust,naive_cross,luh,hust,pytorch_simple_transformer,100,789,hust,hust_3-7,1870.0,1050.0644948471854
luh_to_hust,naive_cross,luh,hust,pytorch_simple_transformer,100,789,hust,hust_3-8,1856.0,1199.2101506311803
luh_to_hust,naive_cross,luh,hust,pytorch_simple_transformer,100,789,hust,hust_4-1,1762.0,1105.8688691952061
luh_to_hust,naive_cross,luh,hust,pytorch_simple_transformer,100,789,hust,hust_4-2,1453.0,1224.938904507639
luh_to_hust,naive_cross,luh,hust,pytorch_simple_transformer,100,789,hust,hust_4-3,931.0,1117.7622524307797
luh_to_hust,naive_cross,luh,hust,pytorch_simple_transformer,100,789,hust,hust_4-4,1204.0,1114.4519625140535
luh_to_hust,naive_cross,luh,hust,pytorch_simple_transformer,100,789,hust,hust_4-5,1220.0,1130.0071385342608
luh_to_hust,naive_cross,luh,hust,pytorch_simple_transformer,100,789,hust,hust_4-6,1089.0,1102.5680401005918
luh_to_hust,naive_cross,luh,hust,pytorch_simple_transformer,100,789,hust,hust_4-7,1579.0,1150.3318973764872
luh_to_hust,naive_cross,luh,hust,pytorch_simple_transformer,100,789,hust,hust_4-8,1389.0,1243.6493716209586
luh_to_hust,naive_cross,luh,hust,pytorch_simple_transformer,100,789,hust,hust_5-1,1832.0,1112.1819593499151
luh_to_hust,naive_cross,luh,hust,pytorch_simple_transformer,100,789,hust,hust_5-2,1574.0,1240.2914995734325
luh_to_hust,naive_cross,luh,hust,pytorch_simple_transformer,100,789,hust,hust_5-3,2024.0,1055.8968772293806
luh_to_hust,naive_cross,luh,hust,pytorch_simple_transformer,100,789,hust,hust_5-4,1520.0,1139.2962727160893
luh_to_hust,naive_cross,luh,hust,pytorch_simple_transformer,100,789,hust,hust_5-5,1242.0,1251.2972264118025
luh_to_hust,naive_cross,luh,hust,pytorch_simple_transformer,100,789,hust,hust_5-6,1807.0,1121.4732165132864
luh_to_hust,naive_cross,luh,hust,pytorch_simple_transformer,100,789,hust,hust_5-7,1171.0,1123.2998387005334
luh_to_hust,naive_cross,luh,hust,pytorch_simple_transformer,100,789,hust,hust_6-1,1255.0,1057.140224150428
luh_to_hust,naive_cross,luh,hust,pytorch_simple_transformer,100,789,hust,hust_6-2,1496.0,1254.2213129066702
luh_to_hust,naive_cross,luh,hust,pytorch_simple_transformer,100,789,hust,hust_6-3,1437.0,1244.7724619384671
luh_to_hust,naive_cross,luh,hust,pytorch_simple_transformer,100,789,hust,hust_6-4,1332.0,1097.8328592792557
luh_to_hust,naive_cross,luh,hust,pytorch_simple_transformer,100,789,hust,hust_6-5,1686.0,1085.5783485121365
luh_to_hust,naive_cross,luh,hust,pytorch_simple_transformer,100,789,hust,hust_6-6,1924.0,1258.0781347859281
luh_to_hust,naive_cross,luh,hust,pytorch_simple_transformer,100,789,hust,hust_6-8,1700.0,1067.4212834909624
luh_to_hust,naive_cross,luh,hust,pytorch_simple_transformer,100,789,hust,hust_7-1,1308.0,1119.379982384428
luh_to_hust,naive_cross,luh,hust,pytorch_simple_transformer,100,789,hust,hust_7-2,1637.0,1174.6170429315364
luh_to_hust,naive_cross,luh,hust,pytorch_simple_transformer,100,789,hust,hust_7-3,1063.0,1151.6112106624114
luh_to_hust,naive_cross,luh,hust,pytorch_simple_transformer,100,789,hust,hust_7-4,1148.0,1152.7154931178645
luh_to_hust,naive_cross,luh,hust,pytorch_simple_transformer,100,789,hust,hust_7-5,1528.0,1225.5190495574316
luh_to_hust,naive_cross,luh,hust,pytorch_simple_transformer,100,789,hust,hust_7-6,1162.0,1113.9036801347108
luh_to_hust,naive_cross,luh,hust,pytorch_simple_transformer,100,789,hust,hust_7-7,1367.0,1149.73745426467
luh_to_hust,naive_cross,luh,hust,pytorch_simple_transformer,100,789,hust,hust_7-8,1566.0,1243.041676453051
luh_to_hust,naive_cross,luh,hust,pytorch_simple_transformer,100,789,hust,hust_8-1,1062.0,1140.2071383838293
luh_to_hust,naive_cross,luh,hust,pytorch_simple_transformer,100,789,hust,hust_8-2,1564.0,1120.4790036817394
luh_to_hust,naive_cross,luh,hust,pytorch_simple_transformer,100,789,hust,hust_8-3,1844.0,1245.2830228532007
luh_to_hust,naive_cross,luh,hust,pytorch_simple_transformer,100,789,hust,hust_8-4,1517.0,1142.9909779388051
luh_to_hust,naive_cross,luh,hust,pytorch_simple_transformer,100,789,hust,hust_8-5,1089.0,1136.5425675774047
luh_to_hust,naive_cross,luh,hust,pytorch_simple_transformer,100,789,hust,hust_8-6,1746.0,1129.6806550954325
luh_to_hust,naive_cross,luh,hust,pytorch_simple_transformer,100,789,hust,hust_8-7,1593.0,1138.4871045944117
luh_to_hust,naive_cross,luh,hust,pytorch_simple_transformer,100,789,hust,hust_8-8,1351.0,1251.5615769323558
luh_to_hust,naive_cross,luh,hust,pytorch_simple_transformer,100,789,hust,hust_9-1,1647.0,1213.2748985708893
luh_to_hust,naive_cross,luh,hust,pytorch_simple_transformer,100,789,hust,hust_9-2,1679.0,1225.2292348126298
luh_to_hust,naive_cross,luh,hust,pytorch_simple_transformer,100,789,hust,hust_9-3,1526.0,1229.1897233923055
luh_to_hust,naive_cross,luh,hust,pytorch_simple_transformer,100,789,hust,hust_9-4,1589.0,1213.7326057168502
luh_to_hust,naive_cross,luh,hust,pytorch_simple_transformer,100,789,hust,hust_9-5,1719.0,1216.8781449503604
luh_to_hust,naive_cross,luh,hust,pytorch_simple_transformer,100,789,hust,hust_9-6,1381.0,1211.6283504447138
luh_to_hust,naive_cross,luh,hust,pytorch_simple_transformer,100,789,hust,hust_9-7,1617.0,1201.755194558998
luh_to_hust,naive_cross,luh,hust,pytorch_simple_transformer,100,789,hust,hust_9-8,1839.0,1246.4961472865791
luh_to_matr,naive_cross,luh,matr,pytorch_simple_transformer,100,1011,matr,matr_b1c0,1717.0,1614.9999523405163
luh_to_matr,naive_cross,luh,matr,pytorch_simple_transformer,100,1011,matr,matr_b1c1,2066.0,1614.9999523405163
luh_to_matr,naive_cross,luh,matr,pytorch_simple_transformer,100,1011,matr,matr_b1c11,771.0,1614.9999523405163
luh_to_matr,naive_cross,luh,matr,pytorch_simple_transformer,100,1011,matr,matr_b1c12,897.0,1614.9999523405163
luh_to_matr,naive_cross,luh,matr,pytorch_simple_transformer,100,1011,matr,matr_b1c14,845.0,1614.9999523405163
luh_to_matr,naive_cross,luh,matr,pytorch_simple_transformer,100,1011,matr,matr_b1c15,699.0,1614.9999523405163
luh_to_matr,naive_cross,luh,matr,pytorch_simple_transformer,100,1011,matr,matr_b1c16,824.0,1614.9999523405163
luh_to_matr,naive_cross,luh,matr,pytorch_simple_transformer,100,1011,matr,matr_b1c17,825.0,1614.9999523405163
luh_to_matr,naive_cross,luh,matr,pytorch_simple_transformer,100,1011,matr,matr_b1c18,665.0,1614.9999523405163
luh_to_matr,naive_cross,luh,matr,pytorch_simple_transformer,100,1011,matr,matr_b1c19,740.0,1614.9999523405163
luh_to_matr,naive_cross,luh,matr,pytorch_simple_transformer,100,1011,matr,matr_b1c2,1487.0,1614.9999523405163
luh_to_matr,naive_cross,luh,matr,pytorch_simple_transformer,100,1011,matr,matr_b1c20,504.0,1614.9999523405163
luh_to_matr,naive_cross,luh,matr,pytorch_simple_transformer,100,1011,matr,matr_b1c21,535.0,1614.9999523405163
luh_to_matr,naive_cross,luh,matr,pytorch_simple_transformer,100,1011,matr,matr_b1c23,974.0,1614.9999523405163
luh_to_matr,naive_cross,luh,matr,pytorch_simple_transformer,100,1011,matr,matr_b1c24,979.0,1614.9999523405163
luh_to_matr,naive_cross,luh,matr,pytorch_simple_transformer,100,1011,matr,matr_b1c25,817.0,1614.9999523405163
luh_to_matr,naive_cross,luh,matr,pytorch_simple_transformer,100,1011,matr,matr_b1c26,826.0,1614.9999523405163
luh_to_matr,naive_cross,luh,matr,pytorch_simple_transformer,100,1011,matr,matr_b1c27,809.0,1614.9999523405163
luh_to_matr,naive_cross,luh,matr,pytorch_simple_transformer,100,1011,matr,matr_b1c28,815.0,1614.9999523405163
luh_to_matr,naive_cross,luh,matr,pytorch_simple_transformer,100,1011,matr,matr_b1c29,872.0,1614.9999523405163
luh_to_matr,naive_cross,luh,matr,pytorch_simple_transformer,100,1011,matr,matr_b1c3,1344.0,1614.9999523405163
luh_to_matr,naive_cross,luh,matr,pytorch_simple_transformer,100,1011,matr,matr_b1c30,679.0,1614.9999523405163
luh_to_matr,naive_cross,luh,matr,pytorch_simple_transformer,100,1011,matr,matr_b1c31,827.0,1614.9999523405163
luh_to_matr,naive_cross,luh,matr,pytorch_simple_transformer,100,1011,matr,matr_b1c32,694.0,1614.9999523405163
luh_to_matr,naive_cross,luh,matr,pytorch_simple_transformer,100,1011,matr,matr_b1c33,708.0,1614.9999523405163
luh_to_matr,naive_cross,luh,matr,pytorch_simple_transformer,100,1011,matr,matr_b1c34,714.0,1614.9999523405163
luh_to_matr,naive_cross,luh,matr,pytorch_simple_transformer,100,1011,matr,matr_b1c35,676.0,1614.9999523405163
luh_to_matr,naive_cross,luh,matr,pytorch_simple_transformer,100,1011,matr,matr_b1c36,670.0,1614.9999523405163
luh_to_matr,naive_cross,luh,matr,pytorch_simple_transformer,100,1011,matr,matr_b1c37,622.0,1614.9999523405163
luh_to_matr,naive_cross,luh,matr,pytorch_simple_transformer,100,1011,matr,matr_b1c38,592.0,1614.9999523405163
luh_to_matr,naive_cross,luh,matr,pytorch_simple_transformer,100,1011,matr,matr_b1c39,592.0,1614.9999523405163
luh_to_matr,naive_cross,luh,matr,pytorch_simple_transformer,100,1011,matr,matr_b1c4,1618.0,1614.9999523405163
luh_to_matr,naive_cross,luh,matr,pytorch_simple_transformer,100,1011,matr,matr_b1c40,919.0,1614.9999523405163
luh_to_matr,naive_cross,luh,matr,pytorch_simple_transformer,100,1011,matr,matr_b1c41,1005.0,1614.9999523405163
luh_to_matr,naive_cross,luh,matr,pytorch_simple_transformer,100,1011,matr,matr_b1c42,661.0,1614.9999523405163
luh_to_matr,naive_cross,luh,matr,pytorch_simple_transformer,100,1011,matr,matr_b1c43,626.0,1614.9999523405163
luh_to_matr,naive_cross,luh,matr,pytorch_simple_transformer,100,1011,matr,matr_b1c44,575.0,1614.9999523405163
luh_to_matr,naive_cross,luh,matr,pytorch_simple_transformer,100,1011,matr,matr_b1c45,563.0,1614.9999523405163
luh_to_matr,naive_cross,luh,matr,pytorch_simple_transformer,100,1011,matr,matr_b1c5,909.0,1614.9999523405163
luh_to_matr,naive_cross,luh,matr,pytorch_simple_transformer,100,1011,matr,matr_b1c6,613.0,1614.9999523405163
luh_to_matr,naive_cross,luh,matr,pytorch_simple_transformer,100,1011,matr,matr_b1c7,818.0,1614.9999523405163
luh_to_matr,naive_cross,luh,matr,pytorch_simple_transformer,100,1011,matr,matr_b1c9,1012.0,1614.9999523405163
luh_to_matr,naive_cross,luh,matr,pytorch_simple_transformer,100,1011,matr,matr_b2c0,278.0,1614.9999523405163
luh_to_matr,naive_cross,luh,matr,pytorch_simple_transformer,100,1011,matr,matr_b2c1,133.0,279.29948841077487
luh_to_matr,naive_cross,luh,matr,pytorch_simple_transformer,100,1011,matr,matr_b2c10,251.0,1614.9999523405163
luh_to_matr,naive_cross,luh,matr,pytorch_simple_transformer,100,1011,matr,matr_b2c11,250.0,1614.9999523405163
luh_to_matr,naive_cross,luh,matr,pytorch_simple_transformer,100,1011,matr,matr_b2c12,435.0,1614.9999523405163
luh_to_matr,naive_cross,luh,matr,pytorch_simple_transformer,100,1011,matr,matr_b2c13,454.0,1614.9999523405163
luh_to_matr,naive_cross,luh,matr,pytorch_simple_transformer,100,1011,matr,matr_b2c14,466.0,1614.9999523405163
luh_to_matr,naive_cross,luh,matr,pytorch_simple_transformer,100,1011,matr,matr_b2c17,476.0,1614.9999523405163
luh_to_matr,naive_cross,luh,matr,pytorch_simple_transformer,100,1011,matr,matr_b2c18,468.0,1614.9999523405163
luh_to_matr,naive_cross,luh,matr,pytorch_simple_transformer,100,1011,matr,matr_b2c19,455.0,1614.9999523405163
luh_to_matr,naive_cross,luh,matr,pytorch_simple_transformer,100,1011,matr,matr_b2c2,422.0,1614.9999523405163
luh_to_matr,naive_cross,luh,matr,pytorch_simple_transformer,100,1011,matr,matr_b2c20,475.0,1614.9999523405163
luh_to_matr,naive_cross,luh,matr,pytorch_simple_transformer,100,1011,matr,matr_b2c21,468.0,1614.9999523405163
luh_to_matr,naive_cross,luh,matr,pytorch_simple_transformer,100,1011,matr,matr_b2c22,490.0,1614.9999523405163
luh_to_matr,naive_cross,luh,matr,pytorch_simple_transformer,100,1011,matr,matr_b2c23,502.0,1614.9999523405163
luh_to_matr,naive_cross,luh,matr,pytorch_simple_transformer,100,1011,matr,matr_b2c24,478.0,1614.9999523405163
luh_to_matr,naive_cross,luh,matr,pytorch_simple_transformer,100,1011,matr,matr_b2c25,446.0,1614.9999523405163
luh_to_matr,naive_cross,luh,matr,pytorch_simple_transformer,100,1011,matr,matr_b2c26,450.0,1614.9999523405163
luh_to_matr,naive_cross,luh,matr,pytorch_simple_transformer,100,1011,matr,matr_b2c27,453.0,1614.9999523405163
luh_to_matr,naive_cross,luh,matr,pytorch_simple_transformer,100,1011,matr,matr_b2c28,491.0,1614.9999523405163
luh_to_matr,naive_cross,luh,matr,pytorch_simple_transformer,100,1011,matr,matr_b2c29,481.0,1614.9999523405163
luh_to_matr,naive_cross,luh,matr,pytorch_simple_transformer,100,1011,matr,matr_b2c3,314.0,1614.9999523405163
luh_to_matr,naive_cross,luh,matr,pytorch_simple_transformer,100,1011,matr,matr_b2c30,466.0,1614.9999523405163
luh_to_matr,naive_cross,luh,matr,pytorch_simple_transformer,100,1011,matr,matr_b2c31,474.0,1614.9999523405163
luh_to_matr,naive_cross,luh,matr,pytorch_simple_transformer,100,1011,matr,matr_b2c32,500.0,1614.9999523405163
luh_to_matr,naive_cross,luh,matr,pytorch_simple_transformer,100,1011,matr,matr_b2c33,499.0,1614.9999523405163
luh_to_matr,naive_cross,luh,matr,pytorch_simple_transformer,100,1011,matr,matr_b2c34,483.0,1614.9999523405163
luh_to_matr,naive_cross,luh,matr,pytorch_simple_transformer,100,1011,matr,matr_b2c35,449.0,1614.9999523405163
luh_to_matr,naive_cross,luh,matr,pytorch_simple_transformer,100,1011,matr,matr_b2c36,513.0,1614.9999523405163
luh_to_matr,naive_cross,luh,matr,pytorch_simple_transformer,100,1011,matr,matr_b2c37,461.0,1614.9999523405163
luh_to_matr,naive_cross,luh,matr,pytorch_simple_transformer,100,1011,matr,matr_b2c38,451.0,1614.9999523405163
luh_to_matr,naive_cross,luh,matr,pytorch_simple_transformer,100,1011,matr,matr_b2c39,442.0,1614.9999523405163
luh_to_matr,naive_cross,luh,matr,pytorch_simple_transformer,100,1011,matr,matr_b2c4,247.0,1614.9999523405163
luh_to_matr,naive_cross,luh,matr,pytorch_simple_transformer,100,1011,matr,matr_b2c40,476.0,1614.9999523405163
luh_to_matr,naive_cross,luh,matr,pytorch_simple_transformer,100,1011,matr,matr_b2c41,416.0,1614.9999523405163
luh_to_matr,naive_cross,luh,matr,pytorch_simple_transformer,100,1011,matr,matr_b2c42,444.0,1614.9999523405163
luh_to_matr,naive_cross,luh,matr,pytorch_simple_transformer,100,1011,matr,matr_b2c43,443.0,1614.9999523405163
luh_to_matr,naive_cross,luh,matr,pytorch_simple_transformer,100,1011,matr,matr_b2c44,442.0,1614.9999523405163
luh_to_matr,naive_cross,luh,matr,pytorch_simple_transformer,100,1011,matr,matr_b2c45,470.0,1614.9999523405163
luh_to_matr,naive_cross,luh,matr,pytorch_simple_transformer,100,1011,matr,matr_b2c46,417.0,1614.9999523405163
luh_to_matr,naive_cross,luh,matr,pytorch_simple_transformer,100,1011,matr,matr_b2c47,705.0,1614.9999523405163
luh_to_matr,naive_cross,luh,matr,pytorch_simple_transformer,100,1011,matr,matr_b2c5,464.0,1614.9999523405163
luh_to_matr,naive_cross,luh,matr,pytorch_simple_transformer,100,1011,matr,matr_b2c6,475.0,1614.9999523405163
luh_to_matr,naive_cross,luh,matr,pytorch_simple_transformer,100,1011,matr,matr_b3c0,985.0,1614.9999523405163
luh_to_matr,naive_cross,luh,matr,pytorch_simple_transformer,100,1011,matr,matr_b3c1,1033.0,1614.9999523405163
luh_to_matr,naive_cross,luh,matr,pytorch_simple_transformer,100,1011,matr,matr_b3c10,1046.0,1614.9999523405163
luh_to_matr,naive_cross,luh,matr,pytorch_simple_transformer,100,1011,matr,matr_b3c11,792.0,1614.9999523405163
luh_to_matr,naive_cross,luh,matr,pytorch_simple_transformer,100,1011,matr,matr_b3c12,903.0,1614.9999523405163
luh_to_matr,naive_cross,luh,matr,pytorch_simple_transformer,100,1011,matr,matr_b3c13,794.0,1614.9999523405163
luh_to_matr,naive_cross,luh,matr,pytorch_simple_transformer,100,1011,matr,matr_b3c14,834.0,1614.9999523405163
luh_to_matr,naive_cross,luh,matr,pytorch_simple_transformer,100,1011,matr,matr_b3c15,850.0,1614.9999523405163
luh_to_matr,naive_cross,luh,matr,pytorch_simple_transformer,100,1011,matr,matr_b3c16,1589.0,1614.9999523405163
luh_to_matr,naive_cross,luh,matr,pytorch_simple_transformer,100,1011,matr,matr_b3c17,1269.0,1614.9999523405163
luh_to_matr,naive_cross,luh,matr,pytorch_simple_transformer,100,1011,matr,matr_b3c18,1100.0,1614.9999523405163
luh_to_matr,naive_cross,luh,matr,pytorch_simple_transformer,100,1011,matr,matr_b3c19,1105.0,1614.9999523405163
luh_to_matr,naive_cross,luh,matr,pytorch_simple_transformer,100,1011,matr,matr_b3c2,1224.0,1614.9999523405163
luh_to_matr,naive_cross,luh,matr,pytorch_simple_transformer,100,1011,matr,matr_b3c20,793.0,1614.9999523405163
luh_to_matr,naive_cross,luh,matr,pytorch_simple_transformer,100,1011,matr,matr_b3c21,745.0,1614.9999523405163
luh_to_matr,naive_cross,luh,matr,pytorch_simple_transformer,100,1011,matr,matr_b3c22,991.0,1614.9999523405163
luh_to_matr,naive_cross,luh,matr,pytorch_simple_transformer,100,1011,matr,matr_b3c24,817.0,1614.9999523405163
luh_to_matr,naive_cross,luh,matr,pytorch_simple_transformer,100,1011,matr,matr_b3c25,970.0,1614.9999523405163
luh_to_matr,naive_cross,luh,matr,pytorch_simple_transformer,100,1011,matr,matr_b3c26,989.0,1614.9999523405163
luh_to_matr,naive_cross,luh,matr,pytorch_simple_transformer,100,1011,matr,matr_b3c27,828.0,1614.9999523405163
luh_to_matr,naive_cross,luh,matr,pytorch_simple_transformer,100,1011,matr,matr_b3c28,524.0,1614.9999523405163
luh_to_matr,naive_cross,luh,matr,pytorch_simple_transformer,100,1011,matr,matr_b3c29,833.0,1614.9999523405163
luh_to_matr,naive_cross,luh,matr,pytorch_simple_transformer,100,1011,matr,matr_b3c3,1084.0,1614.9999523405163
luh_to_matr,naive_cross,luh,matr,pytorch_simple_transformer,100,1011,matr,matr_b3c30,913.0,1614.9999523405163
luh_to_matr,naive_cross,luh,matr,pytorch_simple_transformer,100,1011,matr,matr_b3c31,713.0,1614.9999523405163
luh_to_matr,naive_cross,luh,matr,pytorch_simple_transformer,100,1011,matr,matr_b3c33,1257.0,1614.9999523405163
luh_to_matr,naive_cross,luh,matr,pytorch_simple_transformer,100,1011,matr,matr_b3c34,1125.0,1614.9999523405163
luh_to_matr,naive_cross,luh,matr,pytorch_simple_transformer,100,1011,matr,matr_b3c35,1056.0,1614.9999523405163
luh_to_matr,naive_cross,luh,matr,pytorch_simple_transformer,100,1011,matr,matr_b3c36,910.0,1614.9999523405163
luh_to_matr,naive_cross,luh,matr,pytorch_simple_transformer,100,1011,matr,matr_b3c37,1376.0,1614.9999523405163
luh_to_matr,naive_cross,luh,matr,pytorch_simple_transformer,100,1011,matr,matr_b3c38,1873.0,1614.9999523405163
luh_to_matr,naive_cross,luh,matr,pytorch_simple_transformer,100,1011,matr,matr_b3c39,1146.0,1614.9999523405163
luh_to_matr,naive_cross,luh,matr,pytorch_simple_transformer,100,1011,matr,matr_b3c4,1006.0,1614.9999523405163
luh_to_matr,naive_cross,luh,matr,pytorch_simple_transformer,100,1011,matr,matr_b3c40,779.0,1614.9999523405163
luh_to_matr,naive_cross,luh,matr,pytorch_simple_transformer,100,1011,matr,matr_b3c41,773.0,1614.9999523405163
luh_to_matr,naive_cross,luh,matr,pytorch_simple_transformer,100,1011,matr,matr_b3c42,1587.0,1614.9999523405163
luh_to_matr,naive_cross,luh,matr,pytorch_simple_transformer,100,1011,matr,matr_b3c43,1018.0,1614.9999523405163
luh_to_matr,naive_cross,luh,matr,pytorch_simple_transformer,100,1011,matr,matr_b3c44,921.0,1614.9999523405163
luh_to_matr,naive_cross,luh,matr,pytorch_simple_transformer,100,1011,matr,matr_b3c45,1735.0,1614.9999523405163
luh_to_matr,naive_cross,luh,matr,pytorch_simple_transformer,100,1011,matr,matr_b3c5,815.0,1614.9999523405163
luh_to_matr,naive_cross,luh,matr,pytorch_simple_transformer,100,1011,matr,matr_b3c6,630.0,1614.9999523405163
luh_to_matr,naive_cross,luh,matr,pytorch_simple_transformer,100,1011,matr,matr_b3c7,1774.0,1614.9999523405163
luh_to_matr,naive_cross,luh,matr,pytorch_simple_transformer,100,1011,matr,matr_b3c8,810.0,1614.9999523405163
luh_to_matr,naive_cross,luh,matr,pytorch_simple_transformer,100,1011,matr,matr_b3c9,1010.0,1614.9999523405163
luh_to_matr,naive_cross,luh,matr,pytorch_simple_transformer,100,123,matr,matr_b1c0,1717.0,1379.189635110523
luh_to_matr,naive_cross,luh,matr,pytorch_simple_transformer,100,123,matr,matr_b1c1,2066.0,1553.3080275844143
luh_to_matr,naive_cross,luh,matr,pytorch_simple_transformer,100,123,matr,matr_b1c11,771.0,1421.5625708897878
luh_to_matr,naive_cross,luh,matr,pytorch_simple_transformer,100,123,matr,matr_b1c12,897.0,1559.4938380065685
luh_to_matr,naive_cross,luh,matr,pytorch_simple_transformer,100,123,matr,matr_b1c14,845.0,1404.0699341339068
luh_to_matr,naive_cross,luh,matr,pytorch_simple_transformer,100,123,matr,matr_b1c15,699.0,1408.2532435374371
luh_to_matr,naive_cross,luh,matr,pytorch_simple_transformer,100,123,matr,matr_b1c16,824.0,1408.0424059748057
luh_to_matr,naive_cross,luh,matr,pytorch_simple_transformer,100,123,matr,matr_b1c17,825.0,1545.0927826561488
luh_to_matr,naive_cross,luh,matr,pytorch_simple_transformer,100,123,matr,matr_b1c18,665.0,1351.8785871063226
luh_to_matr,naive_cross,luh,matr,pytorch_simple_transformer,100,123,matr,matr_b1c19,740.0,1513.4749569074625
luh_to_matr,naive_cross,luh,matr,pytorch_simple_transformer,100,123,matr,matr_b1c2,1487.0,1538.0595417965842
luh_to_matr,naive_cross,luh,matr,pytorch_simple_transformer,100,123,matr,matr_b1c20,504.0,1377.3034737860619
luh_to_matr,naive_cross,luh,matr,pytorch_simple_transformer,100,123,matr,matr_b1c21,535.0,1389.3580169934064
luh_to_matr,naive_cross,luh,matr,pytorch_simple_transformer,100,123,matr,matr_b1c23,974.0,1521.66502394276
luh_to_matr,naive_cross,luh,matr,pytorch_simple_transformer,100,123,matr,matr_b1c24,979.0,1528.968835655985
luh_to_matr,naive_cross,luh,matr,pytorch_simple_transformer,100,123,matr,matr_b1c25,817.0,1517.682421822966
luh_to_matr,naive_cross,luh,matr,pytorch_simple_transformer,100,123,matr,matr_b1c26,826.0,1504.065461740489
luh_to_matr,naive_cross,luh,matr,pytorch_simple_transformer,100,123,matr,matr_b1c27,809.0,1526.6113871641398
luh_to_matr,naive_cross,luh,matr,pytorch_simple_transformer,100,123,matr,matr_b1c28,815.0,1539.0132624895714
luh_to_matr,naive_cross,luh,matr,pytorch_simple_transformer,100,123,matr,matr_b1c29,872.0,1543.9593285751305
luh_to_matr,naive_cross,luh,matr,pytorch_simple_transformer,100,123,matr,matr_b1c3,1344.0,1429.8353532104081
luh_to_matr,naive_cross,luh,matr,pytorch_simple_transformer,100,123,matr,matr_b1c30,679.0,1496.1306297292704
luh_to_matr,naive_cross,luh,matr,pytorch_simple_transformer,100,123,matr,matr_b1c31,827.0,1494.2491230177554
luh_to_matr,naive_cross,luh,matr,pytorch_simple_transformer,100,123,matr,matr_b1c32,694.0,1537.689950623241
luh_to_matr,naive_cross,luh,matr,pytorch_simple_transformer,100,123,matr,matr_b1c33,708.0,1533.665407007807
luh_to_matr,naive_cross,luh,matr,pytorch_simple_transformer,100,123,matr,matr_b1c34,714.0,1539.3905120957554
luh_to_matr,naive_cross,luh,matr,pytorch_simple_transformer,100,123,matr,matr_b1c35,676.0,1535.1345780309798
luh_to_matr,naive_cross,luh,matr,pytorch_simple_transformer,100,123,matr,matr_b1c36,670.0,1514.7810412449307
luh_to_matr,naive_cross,luh,matr,pytorch_simple_transformer,100,123,matr,matr_b1c37,622.0,1512.2377797609802
luh_to_matr,naive_cross,luh,matr,pytorch_simple_transformer,100,123,matr,matr_b1c38,592.0,1540.9371738449806
luh_to_matr,naive_cross,luh,matr,pytorch_simple_transformer,100,123,matr,matr_b1c39,592.0,1549.6157141313784
luh_to_matr,naive_cross,luh,matr,pytorch_simple_transformer,100,123,matr,matr_b1c4,1618.0,1445.5947558421915
luh_to_matr,naive_cross,luh,matr,pytorch_simple_transformer,100,123,matr,matr_b1c40,919.0,1543.6840079010015
luh_to_matr,naive_cross,luh,matr,pytorch_simple_transformer,100,123,matr,matr_b1c41,1005.0,1550.9278423138246
luh_to_matr,naive_cross,luh,matr,pytorch_simple_transformer,100,123,matr,matr_b1c42,661.0,1551.9087824715705
luh_to_matr,naive_cross,luh,matr,pytorch_simple_transformer,100,123,matr,matr_b1c43,626.0,1528.4046402511
luh_to_matr,naive_cross,luh,matr,pytorch_simple_transformer,100,123,matr,matr_b1c44,575.0,1523.5265652764767
luh_to_matr,naive_cross,luh,matr,pytorch_simple_transformer,100,123,matr,matr_b1c45,563.0,1540.1306008499535
luh_to_matr,naive_cross,luh,matr,pytorch_simple_transformer,100,123,matr,matr_b1c5,909.0,1392.9500765952216
luh_to_matr,naive_cross,luh,matr,pytorch_simple_transformer,100,123,matr,matr_b1c6,613.0,1425.574337321483
luh_to_matr,naive_cross,luh,matr,pytorch_simple_transformer,100,123,matr,matr_b1c7,818.0,1445.3969364627674
luh_to_matr,naive_cross,luh,matr,pytorch_simple_transformer,100,123,matr,matr_b1c9,1012.0,1564.1663246082371
luh_to_matr,naive_cross,luh,matr,pytorch_simple_transformer,100,123,matr,matr_b2c0,278.0,1335.8783614478466
luh_to_matr,naive_cross,luh,matr,pytorch_simple_transformer,100,123,matr,matr_b2c1,133.0,323.2112090089902
luh_to_matr,naive_cross,luh,matr,pytorch_simple_transformer,100,123,matr,matr_b2c10,251.0,1504.1766309652653
luh_to_matr,naive_cross,luh,matr,pytorch_simple_transformer,100,123,matr,matr_b2c11,250.0,1511.1839118643907
luh_to_matr,naive_cross,luh,matr,pytorch_simple_transformer,100,123,matr,matr_b2c12,435.0,1393.067646789644
luh_to_matr,naive_cross,luh,matr,pytorch_simple_transformer,100,123,matr,matr_b2c13,454.0,1437.8614296787089
luh_to_matr,naive_cross,luh,matr,pytorch_simple_transformer,100,123,matr,matr_b2c14,466.0,1530.643695100826
luh_to_matr,naive_cross,luh,matr,pytorch_simple_transformer,100,123,matr,matr_b2c17,476.0,1441.34175753511
luh_to_matr,naive_cross,luh,matr,pytorch_simple_transformer,100,123,matr,matr_b2c18,468.0,1440.2088695186021
luh_to_matr,naive_cross,luh,matr,pytorch_simple_transformer,100,123,matr,matr_b2c19,455.0,1352.6788046454476
luh_to_matr,naive_cross,luh,matr,pytorch_simple_transformer,100,123,matr,matr_b2c2,422.0,1527.0300129466448
luh_to_matr,naive_cross,luh,matr,pytorch_simple_transformer,100,123,matr,matr_b2c20,475.0,1553.0762136134456
luh_to_matr,naive_cross,luh,matr,pytorch_simple_transformer,100,123,matr,matr_b2c21,468.0,1523.528744700269
luh_to_matr,naive_cross,luh,matr,pytorch_simple_transformer,100,123,matr,matr_b2c22,490.0,1545.4199376841832
luh_to_matr,naive_cross,luh,matr,pytorch_simple_transformer,100,123,matr,matr_b2c23,502.0,1493.4968981595432
luh_to_matr,naive_cross,luh,matr,pytorch_simple_transformer,100,123,matr,matr_b2c24,478.0,1555.36179450826
luh_to_matr,naive_cross,luh,matr,pytorch_simple_transformer,100,123,matr,matr_b2c25,446.0,1524.0555302115972
luh_to_matr,naive_cross,luh,matr,pytorch_simple_transformer,100,123,matr,matr_b2c26,450.0,1531.6461316867287
luh_to_matr,naive_cross,luh,matr,pytorch_simple_transformer,100,123,matr,matr_b2c27,453.0,1540.7909603377475
luh_to_matr,naive_cross,luh,matr,pytorch_simple_transformer,100,123,matr,matr_b2c28,491.0,1453.8950791732057
luh_to_matr,naive_cross,luh,matr,pytorch_simple_transformer,100,123,matr,matr_b2c29,481.0,1574.594388383744
luh_to_matr,naive_cross,luh,matr,pytorch_simple_transformer,100,123,matr,matr_b2c3,314.0,1278.9641004423902
luh_to_matr,naive_cross,luh,matr,pytorch_simple_transformer,100,123,matr,matr_b2c30,466.0,1548.9759464035521
luh_to_matr,naive_cross,luh,matr,pytorch_simple_transformer,100,123,matr,matr_b2c31,474.0,1551.8000051412691
luh_to_matr,naive_cross,luh,matr,pytorch_simple_transformer,100,123,matr,matr_b2c32,500.0,1523.4706277994028
luh_to_matr,naive_cross,luh,matr,pytorch_simple_transformer,100,123,matr,matr_b2c33,499.0,1546.9018441711048
luh_to_matr,naive_cross,luh,matr,pytorch_simple_transformer,100,123,matr,matr_b2c34,483.0,1563.7039643298651
luh_to_matr,naive_cross,luh,matr,pytorch_simple_transformer,100,123,matr,matr_b2c35,449.0,1534.9845234771592
luh_to_matr,naive_cross,luh,matr,pytorch_simple_transformer,100,123,matr,matr_b2c36,513.0,1566.468973188805
luh_to_matr,naive_cross,luh,matr,pytorch_simple_transformer,100,123,matr,matr_b2c37,461.0,1573.2052242447785
luh_to_matr,naive_cross,luh,matr,pytorch_simple_transformer,100,123,matr,matr_b2c38,451.0,1549.4679383073042
luh_to_matr,naive_cross,luh,matr,pytorch_simple_transformer,100,123,matr,matr_b2c39,442.0,1585.1637800541932
luh_to_matr,naive_cross,luh,matr,pytorch_simple_transformer,100,123,matr,matr_b2c4,247.0,1446.5318362019
luh_to_matr,naive_cross,luh,matr,pytorch_simple_transformer,100,123,matr,matr_b2c40,476.0,1440.0351334870993
luh_to_matr,naive_cross,luh,matr,pytorch_simple_transformer,100,123,matr,matr_b2c41,416.0,1558.4746618426452
luh_to_matr,naive_cross,luh,matr,pytorch_simple_transformer,100,123,matr,matr_b2c42,444.0,1555.1719425958306
luh_to_matr,naive_cross,luh,matr,pytorch_simple_transformer,100,123,matr,matr_b2c43,443.0,1563.2163969290068
luh_to_matr,naive_cross,luh,matr,pytorch_simple_transformer,100,123,matr,matr_b2c44,442.0,1569.447652865064
luh_to_matr,naive_cross,luh,matr,pytorch_simple_transformer,100,123,matr,matr_b2c45,470.0,1548.621454515041
luh_to_matr,naive_cross,luh,matr,pytorch_simple_transformer,100,123,matr,matr_b2c46,417.0,1571.0207681186612
luh_to_matr,naive_cross,luh,matr,pytorch_simple_transformer,100,123,matr,matr_b2c47,705.0,1560.916296599006
luh_to_matr,naive_cross,luh,matr,pytorch_simple_transformer,100,123,matr,matr_b2c5,464.0,1545.8872115674542
luh_to_matr,naive_cross,luh,matr,pytorch_simple_transformer,100,123,matr,matr_b2c6,475.0,1337.4348127765566
luh_to_matr,naive_cross,luh,matr,pytorch_simple_transformer,100,123,matr,matr_b3c0,985.0,1537.0917532015314
luh_to_matr,naive_cross,luh,matr,pytorch_simple_transformer,100,123,matr,matr_b3c1,1033.0,1537.5572421353622
luh_to_matr,naive_cross,luh,matr,pytorch_simple_transformer,100,123,matr,matr_b3c10,1046.0,1501.016177981108
luh_to_matr,naive_cross,luh,matr,pytorch_simple_transformer,100,123,matr,matr_b3c11,792.0,1520.7111768746909
luh_to_matr,naive_cross,luh,matr,pytorch_simple_transformer,100,123,matr,matr_b3c12,903.0,1529.9242146093345
luh_to_matr,naive_cross,luh,matr,pytorch_simple_transformer,100,123,matr,matr_b3c13,794.0,1529.0534100169298
luh_to_matr,naive_cross,luh,matr,pytorch_simple_transformer,100,123,matr,matr_b3c14,834.0,1543.1062886049124
luh_to_matr,naive_cross,luh,matr,pytorch_simple_transformer,100,123,matr,matr_b3c15,850.0,1521.749194295988
luh_to_matr,naive_cross,luh,matr,pytorch_simple_transformer,100,123,matr,matr_b3c16,1589.0,1528.3375921102568
luh_to_matr,naive_cross,luh,matr,pytorch_simple_transformer,100,123,matr,matr_b3c17,1269.0,1395.935575928728
luh_to_matr,naive_cross,luh,matr,pytorch_simple_transformer,100,123,matr,matr_b3c18,1100.0,1500.7392120452473
luh_to_matr,naive_cross,luh,matr,pytorch_simple_transformer,100,123,matr,matr_b3c19,1105.0,1514.0986178370422
luh_to_matr,naive_cross,luh,matr,pytorch_simple_transformer,100,123,matr,matr_b3c2,1224.0,1518.6336450011818
luh_to_matr,naive_cross,luh,matr,pytorch_simple_transformer,100,123,matr,matr_b3c20,793.0,1533.6463931006601
luh_to_matr,naive_cross,luh,matr,pytorch_simple_transformer,100,123,matr,matr_b3c21,745.0,1341.5443237334357
luh_to_matr,naive_cross,luh,matr,pytorch_simple_transformer,100,123,matr,matr_b3c22,991.0,1529.220385204806
luh_to_matr,naive_cross,luh,matr,pytorch_simple_transformer,100,123,matr,matr_b3c24,817.0,1534.8125277643335
luh_to_matr,naive_cross,luh,matr,pytorch_simple_transformer,100,123,matr,matr_b3c25,970.0,1545.2268783673687
luh_to_matr,naive_cross,luh,matr,pytorch_simple_transformer,100,123,matr,matr_b3c26,989.0,1539.90295631084
luh_to_matr,naive_cross,luh,matr,pytorch_simple_transformer,100,123,matr,matr_b3c27,828.0,1545.1642498011374
luh_to_matr,naive_cross,luh,matr,pytorch_simple_transformer,100,123,matr,matr_b3c28,524.0,1307.1654122560842
luh_to_matr,naive_cross,luh,matr,pytorch_simple_transformer,100,123,matr,matr_b3c29,833.0,1552.1729877340615
luh_to_matr,naive_cross,luh,matr,pytorch_simple_transformer,100,123,matr,matr_b3c3,1084.0,1529.5332393280046
luh_to_matr,naive_cross,luh,matr,pytorch_simple_transformer,100,123,matr,matr_b3c30,913.0,1541.8081295714496
luh_to_matr,naive_cross,luh,matr,pytorch_simple_transformer,100,123,matr,matr_b3c31,713.0,1524.196521636548
luh_to_matr,naive_cross,luh,matr,pytorch_simple_transformer,100,123,matr,matr_b3c33,1257.0,1528.1430233991573
luh_to_matr,naive_cross,luh,matr,pytorch_simple_transformer,100,123,matr,matr_b3c34,1125.0,1523.7408902033023
luh_to_matr,naive_cross,luh,matr,pytorch_simple_transformer,100,123,matr,matr_b3c35,1056.0,1520.2790598491035
luh_to_matr,naive_cross,luh,matr,pytorch_simple_transformer,100,123,matr,matr_b3c36,910.0,1523.8520604287412
luh_to_matr,naive_cross,luh,matr,pytorch_simple_transformer,100,123,matr,matr_b3c37,1376.0,1433.9354212433043
luh_to_matr,naive_cross,luh,matr,pytorch_simple_transformer,100,123,matr,matr_b3c38,1873.0,1531.8740165239935
luh_to_matr,naive_cross,luh,matr,pytorch_simple_transformer,100,123,matr,matr_b3c39,1146.0,1542.963547986237
luh_to_matr,naive_cross,luh,matr,pytorch_simple_transformer,100,123,matr,matr_b3c4,1006.0,1538.1834920568515
luh_to_matr,naive_cross,luh,matr,pytorch_simple_transformer,100,123,matr,matr_b3c40,779.0,1543.0981947115472
luh_to_matr,naive_cross,luh,matr,pytorch_simple_transformer,100,123,matr,matr_b3c41,773.0,1553.8525191087392
luh_to_matr,naive_cross,luh,matr,pytorch_simple_transformer,100,123,matr,matr_b3c42,1587.0,1542.2618094045333
luh_to_matr,naive_cross,luh,matr,pytorch_simple_transformer,100,123,matr,matr_b3c43,1018.0,1537.2486108917096
luh_to_matr,naive_cross,luh,matr,pytorch_simple_transformer,100,123,matr,matr_b3c44,921.0,1549.9127861732015
luh_to_matr,naive_cross,luh,matr,pytorch_simple_transformer,100,123,matr,matr_b3c45,1735.0,1509.919087817901
luh_to_matr,naive_cross,luh,matr,pytorch_simple_transformer,100,123,matr,matr_b3c5,815.0,1525.1452823667705
luh_to_matr,naive_cross,luh,matr,pytorch_simple_transformer,100,123,matr,matr_b3c6,630.0,1292.3357316722588
luh_to_matr,naive_cross,luh,matr,pytorch_simple_transformer,100,123,matr,matr_b3c7,1774.0,1468.075319935977
luh_to_matr,naive_cross,luh,matr,pytorch_simple_transformer,100,123,matr,matr_b3c8,810.0,1541.320774709591
luh_to_matr,naive_cross,luh,matr,pytorch_simple_transformer,100,123,matr,matr_b3c9,1010.0,1546.385596138508
luh_to_matr,naive_cross,luh,matr,pytorch_simple_transformer,100,42,matr,matr_b1c0,1717.0,455.3824516762232
luh_to_matr,naive_cross,luh,matr,pytorch_simple_transformer,100,42,matr,matr_b1c1,2066.0,1298.1060472024471
luh_to_matr,naive_cross,luh,matr,pytorch_simple_transformer,100,42,matr,matr_b1c11,771.0,933.1022661295159
luh_to_matr,naive_cross,luh,matr,pytorch_simple_transformer,100,42,matr,matr_b1c12,897.0,1614.9999523405163
luh_to_matr,naive_cross,luh,matr,pytorch_simple_transformer,100,42,matr,matr_b1c14,845.0,1172.2345521395216
luh_to_matr,naive_cross,luh,matr,pytorch_simple_transformer,100,42,matr,matr_b1c15,699.0,1165.8685207048013
luh_to_matr,naive_cross,luh,matr,pytorch_simple_transformer,100,42,matr,matr_b1c16,824.0,1188.5826373587147
luh_to_matr,naive_cross,luh,matr,pytorch_simple_transformer,100,42,matr,matr_b1c17,825.0,1514.3253360529238
luh_to_matr,naive_cross,luh,matr,pytorch_simple_transformer,100,42,matr,matr_b1c18,665.0,447.32944037351456
luh_to_matr,naive_cross,luh,matr,pytorch_simple_transformer,100,42,matr,matr_b1c19,740.0,1465.163973698419
luh_to_matr,naive_cross,luh,matr,pytorch_simple_transformer,100,42,matr,matr_b1c2,1487.0,1302.689659157362
luh_to_matr,naive_cross,luh,matr,pytorch_simple_transformer,100,42,matr,matr_b1c20,504.0,1040.7125721069401
luh_to_matr,naive_cross,luh,matr,pytorch_simple_transformer,100,42,matr,matr_b1c21,535.0,1055.747351030339
luh_to_matr,naive_cross,luh,matr,pytorch_simple_transformer,100,42,matr,matr_b1c23,974.0,1409.9444425359732
luh_to_matr,naive_cross,luh,matr,pytorch_simple_transformer,100,42,matr,matr_b1c24,979.0,1327.4084310954936
luh_to_matr,naive_cross,luh,matr,pytorch_simple_transformer,100,42,matr,matr_b1c25,817.0,1414.7880246877803
luh_to_matr,naive_cross,luh,matr,pytorch_simple_transformer,100,42,matr,matr_b1c26,826.0,1276.052300746813
luh_to_matr,naive_cross,luh,matr,pytorch_simple_transformer,100,42,matr,matr_b1c27,809.0,1348.3107863939144
luh_to_matr,naive_cross,luh,matr,pytorch_simple_transformer,100,42,matr,matr_b1c28,815.0,1614.9999523405163
luh_to_matr,naive_cross,luh,matr,pytorch_simple_transformer,100,42,matr,matr_b1c29,872.0,1605.1689684815547
luh_to_matr,naive_cross,luh,matr,pytorch_simple_transformer,100,42,matr,matr_b1c3,1344.0,1204.2958774081583
luh_to_matr,naive_cross,luh,matr,pytorch_simple_transformer,100,42,matr,matr_b1c30,679.0,1352.0816595293252
luh_to_matr,naive_cross,luh,matr,pytorch_simple_transformer,100,42,matr,matr_b1c31,827.0,1386.90893722569
luh_to_matr,naive_cross,luh,matr,pytorch_simple_transformer,100,42,matr,matr_b1c32,694.0,1603.9447887934396
luh_to_matr,naive_cross,luh,matr,pytorch_simple_transformer,100,42,matr,matr_b1c33,708.0,1588.022768988723
luh_to_matr,naive_cross,luh,matr,pytorch_simple_transformer,100,42,matr,matr_b1c34,714.0,1345.8313796020261
luh_to_matr,naive_cross,luh,matr,pytorch_simple_transformer,100,42,matr,matr_b1c35,676.0,1464.2294853267558
luh_to_matr,naive_cross,luh,matr,pytorch_simple_transformer,100,42,matr,matr_b1c36,670.0,1384.5328333083382
luh_to_matr,naive_cross,luh,matr,pytorch_simple_transformer,100,42,matr,matr_b1c37,622.0,1371.3576569019488
luh_to_matr,naive_cross,luh,matr,pytorch_simple_transformer,100,42,matr,matr_b1c38,592.0,1614.9999523405163
luh_to_matr,naive_cross,luh,matr,pytorch_simple_transformer,100,42,matr,matr_b1c39,592.0,1614.9999523405163
luh_to_matr,naive_cross,luh,matr,pytorch_simple_transformer,100,42,matr,matr_b1c4,1618.0,1217.3807475683311
luh_to_matr,naive_cross,luh,matr,pytorch_simple_transformer,100,42,matr,matr_b1c40,919.0,1614.9999523405163
luh_to_matr,naive_cross,luh,matr,pytorch_simple_transformer,100,42,matr,matr_b1c41,1005.0,1614.9999523405163
luh_to_matr,naive_cross,luh,matr,pytorch_simple_transformer,100,42,matr,matr_b1c42,661.0,1614.9999523405163
luh_to_matr,naive_cross,luh,matr,pytorch_simple_transformer,100,42,matr,matr_b1c43,626.0,1602.0277655619275
luh_to_matr,naive_cross,luh,matr,pytorch_simple_transformer,100,42,matr,matr_b1c44,575.0,1596.6010200043277
luh_to_matr,naive_cross,luh,matr,pytorch_simple_transformer,100,42,matr,matr_b1c45,563.0,1599.5828410215343
luh_to_matr,naive_cross,luh,matr,pytorch_simple_transformer,100,42,matr,matr_b1c5,909.0,1158.4267961289986
luh_to_matr,naive_cross,luh,matr,pytorch_simple_transformer,100,42,matr,matr_b1c6,613.0,1201.0436876857427
luh_to_matr,naive_cross,luh,matr,pytorch_simple_transformer,100,42,matr,matr_b1c7,818.0,1200.2747947748496
luh_to_matr,naive_cross,luh,matr,pytorch_simple_transformer,100,42,matr,matr_b1c9,1012.0,1614.9999523405163
luh_to_matr,naive_cross,luh,matr,pytorch_simple_transformer,100,42,matr,matr_b2c0,278.0,470.17850078133955
luh_to_matr,naive_cross,luh,matr,pytorch_simple_transformer,100,42,matr,matr_b2c1,133.0,319.2937016079961
luh_to_matr,naive_cross,luh,matr,pytorch_simple_transformer,100,42,matr,matr_b2c10,251.0,1596.3117451097507
luh_to_matr,naive_cross,luh,matr,pytorch_simple_transformer,100,42,matr,matr_b2c11,250.0,1591.061400560134
luh_to_matr,naive_cross,luh,matr,pytorch_simple_transformer,100,42,matr,matr_b2c12,435.0,1371.735671450668
luh_to_matr,naive_cross,luh,matr,pytorch_simple_transformer,100,42,matr,matr_b2c13,454.0,1523.437211585269
luh_to_matr,naive_cross,luh,matr,pytorch_simple_transformer,100,42,matr,matr_b2c14,466.0,1614.9999523405163
luh_to_matr,naive_cross,luh,matr,pytorch_simple_transformer,100,42,matr,matr_b2c17,476.0,1023.195648078375
luh_to_matr,naive_cross,luh,matr,pytorch_simple_transformer,100,42,matr,matr_b2c18,468.0,1183.4718434885897
luh_to_matr,naive_cross,luh,matr,pytorch_simple_transformer,100,42,matr,matr_b2c19,455.0,1357.3172482740986
luh_to_matr,naive_cross,luh,matr,pytorch_simple_transformer,100,42,matr,matr_b2c2,422.0,1326.320822678978
luh_to_matr,naive_cross,luh,matr,pytorch_simple_transformer,100,42,matr,matr_b2c20,475.0,1606.1842153925918
luh_to_matr,naive_cross,luh,matr,pytorch_simple_transformer,100,42,matr,matr_b2c21,468.0,1535.8330736786984
luh_to_matr,naive_cross,luh,matr,pytorch_simple_transformer,100,42,matr,matr_b2c22,490.0,1614.9999523405163
luh_to_matr,naive_cross,luh,matr,pytorch_simple_transformer,100,42,matr,matr_b2c23,502.0,1498.6732432425672
luh_to_matr,naive_cross,luh,matr,pytorch_simple_transformer,100,42,matr,matr_b2c24,478.0,1589.1635643178968
luh_to_matr,naive_cross,luh,matr,pytorch_simple_transformer,100,42,matr,matr_b2c25,446.0,1567.2004085518618
luh_to_matr,naive_cross,luh,matr,pytorch_simple_transformer,100,42,matr,matr_b2c26,450.0,1493.370139981674
luh_to_matr,naive_cross,luh,matr,pytorch_simple_transformer,100,42,matr,matr_b2c27,453.0,1512.3942646397704
luh_to_matr,naive_cross,luh,matr,pytorch_simple_transformer,100,42,matr,matr_b2c28,491.0,1181.5676570806368
luh_to_matr,naive_cross,luh,matr,pytorch_simple_transformer,100,42,matr,matr_b2c29,481.0,1584.4617369840732
luh_to_matr,naive_cross,luh,matr,pytorch_simple_transformer,100,42,matr,matr_b2c3,314.0,1215.4417074451235
luh_to_matr,naive_cross,luh,matr,pytorch_simple_transformer,100,42,matr,matr_b2c30,466.0,1537.3248465769416
luh_to_matr,naive_cross,luh,matr,pytorch_simple_transformer,100,42,matr,matr_b2c31,474.0,1530.6086618478414
luh_to_matr,naive_cross,luh,matr,pytorch_simple_transformer,100,42,matr,matr_b2c32,500.0,1130.875526184214
luh_to_matr,naive_cross,luh,matr,pytorch_simple_transformer,100,42,matr,matr_b2c33,499.0,1306.6656171863742
luh_to_matr,naive_cross,luh,matr,pytorch_simple_transformer,100,42,matr,matr_b2c34,483.0,1291.0176641722894
luh_to_matr,naive_cross,luh,matr,pytorch_simple_transformer,100,42,matr,matr_b2c35,449.0,1441.1534536623474
luh_to_matr,naive_cross,luh,matr,pytorch_simple_transformer,100,42,matr,matr_b2c36,513.0,1566.4181813705459
luh_to_matr,naive_cross,luh,matr,pytorch_simple_transformer,100,42,matr,matr_b2c37,461.0,1614.9999523405163
luh_to_matr,naive_cross,luh,matr,pytorch_simple_transformer,100,42,matr,matr_b2c38,451.0,1458.0168618689274
luh_to_matr,naive_cross,luh,matr,pytorch_simple_transformer,100,42,matr,matr_b2c39,442.0,1614.9999523405163
luh_to_matr,naive_cross,luh,matr,pytorch_simple_transformer,100,42,matr,matr_b2c4,247.0,1548.0795342101414
luh_to_matr,naive_cross,luh,matr,pytorch_simple_transformer,100,42,matr,matr_b2c40,476.0,1030.0073180132488
luh_to_matr,naive_cross,luh,matr,pytorch_simple_transformer,100,42,matr,matr_b2c41,416.0,1493.6151205379986
luh_to_matr,naive_cross,luh,matr,pytorch_simple_transformer,100,42,matr,matr_b2c42,444.0,1600.5350245013944
luh_to_matr,naive_cross,luh,matr,pytorch_simple_transformer,100,42,matr,matr_b2c43,443.0,1614.9999523405163
luh_to_matr,naive_cross,luh,matr,pytorch_simple_transformer,100,42,matr,matr_b2c44,442.0,1614.9999523405163
luh_to_matr,naive_cross,luh,matr,pytorch_simple_transformer,100,42,matr,matr_b2c45,470.0,1598.3149062997975
luh_to_matr,naive_cross,luh,matr,pytorch_simple_transformer,100,42,matr,matr_b2c46,417.0,1614.9999523405163
luh_to_matr,naive_cross,luh,matr,pytorch_simple_transformer,100,42,matr,matr_b2c47,705.0,1614.9999523405163
luh_to_matr,naive_cross,luh,matr,pytorch_simple_transformer,100,42,matr,matr_b2c5,464.0,1614.9999523405163
luh_to_matr,naive_cross,luh,matr,pytorch_simple_transformer,100,42,matr,matr_b2c6,475.0,1399.1356124502272
luh_to_matr,naive_cross,luh,matr,pytorch_simple_transformer,100,42,matr,matr_b3c0,985.0,1614.9999523405163
luh_to_matr,naive_cross,luh,matr,pytorch_simple_transformer,100,42,matr,matr_b3c1,1033.0,1614.9999523405163
luh_to_matr,naive_cross,luh,matr,pytorch_simple_transformer,100,42,matr,matr_b3c10,1046.0,1395.361917365747
luh_to_matr,naive_cross,luh,matr,pytorch_simple_transformer,100,42,matr,matr_b3c11,792.0,1505.097858497597
luh_to_matr,naive_cross,luh,matr,pytorch_simple_transformer,100,42,matr,matr_b3c12,903.0,1538.0720097141161
luh_to_matr,naive_cross,luh,matr,pytorch_simple_transformer,100,42,matr,matr_b3c13,794.0,1540.4530324643729
luh_to_matr,naive_cross,luh,matr,pytorch_simple_transformer,100,42,matr,matr_b3c14,834.0,1532.9130749892727
luh_to_matr,naive_cross,luh,matr,pytorch_simple_transformer,100,42,matr,matr_b3c15,850.0,1460.7419519419789
luh_to_matr,naive_cross,luh,matr,pytorch_simple_transformer,100,42,matr,matr_b3c16,1589.0,1492.6268984703852
luh_to_matr,naive_cross,luh,matr,pytorch_simple_transformer,100,42,matr,matr_b3c17,1269.0,659.4181157519023
luh_to_matr,naive_cross,luh,matr,pytorch_simple_transformer,100,42,matr,matr_b3c18,1100.0,1465.6559020787108
luh_to_matr,naive_cross,luh,matr,pytorch_simple_transformer,100,42,matr,matr_b3c19,1105.0,1606.9916645679953
luh_to_matr,naive_cross,luh,matr,pytorch_simple_transformer,100,42,matr,matr_b3c2,1224.0,1586.8215023141772
luh_to_matr,naive_cross,luh,matr,pytorch_simple_transformer,100,42,matr,matr_b3c20,793.0,1614.9999523405163
luh_to_matr,naive_cross,luh,matr,pytorch_simple_transformer,100,42,matr,matr_b3c21,745.0,1236.7722475265032
luh_to_matr,naive_cross,luh,matr,pytorch_simple_transformer,100,42,matr,matr_b3c22,991.0,1614.9999523405163
luh_to_matr,naive_cross,luh,matr,pytorch_simple_transformer,100,42,matr,matr_b3c24,817.0,1614.9999523405163
luh_to_matr,naive_cross,luh,matr,pytorch_simple_transformer,100,42,matr,matr_b3c25,970.0,1553.3369141774522
luh_to_matr,naive_cross,luh,matr,pytorch_simple_transformer,100,42,matr,matr_b3c26,989.0,1590.151248345481
luh_to_matr,naive_cross,luh,matr,pytorch_simple_transformer,100,42,matr,matr_b3c27,828.0,1614.9999523405163
luh_to_matr,naive_cross,luh,matr,pytorch_simple_transformer,100,42,matr,matr_b3c28,524.0,1383.624040841517
luh_to_matr,naive_cross,luh,matr,pytorch_simple_transformer,100,42,matr,matr_b3c29,833.0,1614.9999523405163
luh_to_matr,naive_cross,luh,matr,pytorch_simple_transformer,100,42,matr,matr_b3c3,1084.0,1612.1723425276175
luh_to_matr,naive_cross,luh,matr,pytorch_simple_transformer,100,42,matr,matr_b3c30,913.0,1614.9999523405163
luh_to_matr,naive_cross,luh,matr,pytorch_simple_transformer,100,42,matr,matr_b3c31,713.0,1526.1972426243797
luh_to_matr,naive_cross,luh,matr,pytorch_simple_transformer,100,42,matr,matr_b3c33,1257.0,1614.9999523405163
luh_to_matr,naive_cross,luh,matr,pytorch_simple_transformer,100,42,matr,matr_b3c34,1125.0,1613.1127902408937
luh_to_matr,naive_cross,luh,matr,pytorch_simple_transformer,100,42,matr,matr_b3c35,1056.0,1614.9999523405163
luh_to_matr,naive_cross,luh,matr,pytorch_simple_transformer,100,42,matr,matr_b3c36,910.0,1611.5251902739526
luh_to_matr,naive_cross,luh,matr,pytorch_simple_transformer,100,42,matr,matr_b3c37,1376.0,898.1870318350245
luh_to_matr,naive_cross,luh,matr,pytorch_simple_transformer,100,42,matr,matr_b3c38,1873.0,1614.9999523405163
luh_to_matr,naive_cross,luh,matr,pytorch_simple_transformer,100,42,matr,matr_b3c39,1146.0,1614.9999523405163
luh_to_matr,naive_cross,luh,matr,pytorch_simple_transformer,100,42,matr,matr_b3c4,1006.0,1602.633657857405
luh_to_matr,naive_cross,luh,matr,pytorch_simple_transformer,100,42,matr,matr_b3c40,779.0,1614.9999523405163
luh_to_matr,naive_cross,luh,matr,pytorch_simple_transformer,100,42,matr,matr_b3c41,773.0,1614.9999523405163
luh_to_matr,naive_cross,luh,matr,pytorch_simple_transformer,100,42,matr,matr_b3c42,1587.0,1614.9999523405163
luh_to_matr,naive_cross,luh,matr,pytorch_simple_transformer,100,42,matr,matr_b3c43,1018.0,1614.9999523405163
luh_to_matr,naive_cross,luh,matr,pytorch_simple_transformer,100,42,matr,matr_b3c44,921.0,1614.9999523405163
luh_to_matr,naive_cross,luh,matr,pytorch_simple_transformer,100,42,matr,matr_b3c45,1735.0,1383.3252003184239
luh_to_matr,naive_cross,luh,matr,pytorch_simple_transformer,100,42,matr,matr_b3c5,815.0,1596.183110745063
luh_to_matr,naive_cross,luh,matr,pytorch_simple_transformer,100,42,matr,matr_b3c6,630.0,1378.467068351474
luh_to_matr,naive_cross,luh,matr,pytorch_simple_transformer,100,42,matr,matr_b3c7,1774.0,1196.3053573920017
luh_to_matr,naive_cross,luh,matr,pytorch_simple_transformer,100,42,matr,matr_b3c8,810.0,1614.9999523405163
luh_to_matr,naive_cross,luh,matr,pytorch_simple_transformer,100,42,matr,matr_b3c9,1010.0,1614.9999523405163
luh_to_matr,naive_cross,luh,matr,pytorch_simple_transformer,100,456,matr,matr_b1c0,1717.0,1614.9999523405163
luh_to_matr,naive_cross,luh,matr,pytorch_simple_transformer,100,456,matr,matr_b1c1,2066.0,1614.9999523405163
luh_to_matr,naive_cross,luh,matr,pytorch_simple_transformer,100,456,matr,matr_b1c11,771.0,1614.9999523405163
luh_to_matr,naive_cross,luh,matr,pytorch_simple_transformer,100,456,matr,matr_b1c12,897.0,1614.9999523405163
luh_to_matr,naive_cross,luh,matr,pytorch_simple_transformer,100,456,matr,matr_b1c14,845.0,1614.9999523405163
luh_to_matr,naive_cross,luh,matr,pytorch_simple_transformer,100,456,matr,matr_b1c15,699.0,1614.9999523405163
luh_to_matr,naive_cross,luh,matr,pytorch_simple_transformer,100,456,matr,matr_b1c16,824.0,1614.9999523405163
luh_to_matr,naive_cross,luh,matr,pytorch_simple_transformer,100,456,matr,matr_b1c17,825.0,1614.9999523405163
luh_to_matr,naive_cross,luh,matr,pytorch_simple_transformer,100,456,matr,matr_b1c18,665.0,1614.9999523405163
luh_to_matr,naive_cross,luh,matr,pytorch_simple_transformer,100,456,matr,matr_b1c19,740.0,1614.9999523405163
luh_to_matr,naive_cross,luh,matr,pytorch_simple_transformer,100,456,matr,matr_b1c2,1487.0,1614.9999523405163
luh_to_matr,naive_cross,luh,matr,pytorch_simple_transformer,100,456,matr,matr_b1c20,504.0,1614.9999523405163
luh_to_matr,naive_cross,luh,matr,pytorch_simple_transformer,100,456,matr,matr_b1c21,535.0,1614.9999523405163
luh_to_matr,naive_cross,luh,matr,pytorch_simple_transformer,100,456,matr,matr_b1c23,974.0,1614.9999523405163
luh_to_matr,naive_cross,luh,matr,pytorch_simple_transformer,100,456,matr,matr_b1c24,979.0,1614.9999523405163
luh_to_matr,naive_cross,luh,matr,pytorch_simple_transformer,100,456,matr,matr_b1c25,817.0,1614.9999523405163
luh_to_matr,naive_cross,luh,matr,pytorch_simple_transformer,100,456,matr,matr_b1c26,826.0,1614.9999523405163
luh_to_matr,naive_cross,luh,matr,pytorch_simple_transformer,100,456,matr,matr_b1c27,809.0,1614.9999523405163
luh_to_matr,naive_cross,luh,matr,pytorch_simple_transformer,100,456,matr,matr_b1c28,815.0,1614.9999523405163
luh_to_matr,naive_cross,luh,matr,pytorch_simple_transformer,100,456,matr,matr_b1c29,872.0,1614.9999523405163
luh_to_matr,naive_cross,luh,matr,pytorch_simple_transformer,100,456,matr,matr_b1c3,1344.0,1614.9999523405163
luh_to_matr,naive_cross,luh,matr,pytorch_simple_transformer,100,456,matr,matr_b1c30,679.0,1614.9999523405163
luh_to_matr,naive_cross,luh,matr,pytorch_simple_transformer,100,456,matr,matr_b1c31,827.0,1614.9999523405163
luh_to_matr,naive_cross,luh,matr,pytorch_simple_transformer,100,456,matr,matr_b1c32,694.0,1614.9999523405163
luh_to_matr,naive_cross,luh,matr,pytorch_simple_transformer,100,456,matr,matr_b1c33,708.0,1614.9999523405163
luh_to_matr,naive_cross,luh,matr,pytorch_simple_transformer,100,456,matr,matr_b1c34,714.0,1614.9999523405163
luh_to_matr,naive_cross,luh,matr,pytorch_simple_transformer,100,456,matr,matr_b1c35,676.0,1614.9999523405163
luh_to_matr,naive_cross,luh,matr,pytorch_simple_transformer,100,456,matr,matr_b1c36,670.0,1614.9999523405163
luh_to_matr,naive_cross,luh,matr,pytorch_simple_transformer,100,456,matr,matr_b1c37,622.0,1614.9999523405163
luh_to_matr,naive_cross,luh,matr,pytorch_simple_transformer,100,456,matr,matr_b1c38,592.0,1614.9999523405163
luh_to_matr,naive_cross,luh,matr,pytorch_simple_transformer,100,456,matr,matr_b1c39,592.0,1614.9999523405163
luh_to_matr,naive_cross,luh,matr,pytorch_simple_transformer,100,456,matr,matr_b1c4,1618.0,1614.9999523405163
luh_to_matr,naive_cross,luh,matr,pytorch_simple_transformer,100,456,matr,matr_b1c40,919.0,1614.9999523405163
luh_to_matr,naive_cross,luh,matr,pytorch_simple_transformer,100,456,matr,matr_b1c41,1005.0,1614.9999523405163
luh_to_matr,naive_cross,luh,matr,pytorch_simple_transformer,100,456,matr,matr_b1c42,661.0,1614.9999523405163
luh_to_matr,naive_cross,luh,matr,pytorch_simple_transformer,100,456,matr,matr_b1c43,626.0,1614.9999523405163
luh_to_matr,naive_cross,luh,matr,pytorch_simple_transformer,100,456,matr,matr_b1c44,575.0,1614.9999523405163
luh_to_matr,naive_cross,luh,matr,pytorch_simple_transformer,100,456,matr,matr_b1c45,563.0,1614.9999523405163
luh_to_matr,naive_cross,luh,matr,pytorch_simple_transformer,100,456,matr,matr_b1c5,909.0,1614.9999523405163
luh_to_matr,naive_cross,luh,matr,pytorch_simple_transformer,100,456,matr,matr_b1c6,613.0,1614.9999523405163
luh_to_matr,naive_cross,luh,matr,pytorch_simple_transformer,100,456,matr,matr_b1c7,818.0,1614.9999523405163
luh_to_matr,naive_cross,luh,matr,pytorch_simple_transformer,100,456,matr,matr_b1c9,1012.0,1614.9999523405163
luh_to_matr,naive_cross,luh,matr,pytorch_simple_transformer,100,456,matr,matr_b2c0,278.0,1614.9999523405163
luh_to_matr,naive_cross,luh,matr,pytorch_simple_transformer,100,456,matr,matr_b2c1,133.0,598.9364085788139
luh_to_matr,naive_cross,luh,matr,pytorch_simple_transformer,100,456,matr,matr_b2c10,251.0,1614.9999523405163
luh_to_matr,naive_cross,luh,matr,pytorch_simple_transformer,100,456,matr,matr_b2c11,250.0,1614.9999523405163
luh_to_matr,naive_cross,luh,matr,pytorch_simple_transformer,100,456,matr,matr_b2c12,435.0,1614.9999523405163
luh_to_matr,naive_cross,luh,matr,pytorch_simple_transformer,100,456,matr,matr_b2c13,454.0,1614.9999523405163
luh_to_matr,naive_cross,luh,matr,pytorch_simple_transformer,100,456,matr,matr_b2c14,466.0,1614.9999523405163
luh_to_matr,naive_cross,luh,matr,pytorch_simple_transformer,100,456,matr,matr_b2c17,476.0,1614.9999523405163
luh_to_matr,naive_cross,luh,matr,pytorch_simple_transformer,100,456,matr,matr_b2c18,468.0,1614.9999523405163
luh_to_matr,naive_cross,luh,matr,pytorch_simple_transformer,100,456,matr,matr_b2c19,455.0,1614.9999523405163
luh_to_matr,naive_cross,luh,matr,pytorch_simple_transformer,100,456,matr,matr_b2c2,422.0,1614.9999523405163
luh_to_matr,naive_cross,luh,matr,pytorch_simple_transformer,100,456,matr,matr_b2c20,475.0,1614.9999523405163
luh_to_matr,naive_cross,luh,matr,pytorch_simple_transformer,100,456,matr,matr_b2c21,468.0,1614.9999523405163
luh_to_matr,naive_cross,luh,matr,pytorch_simple_transformer,100,456,matr,matr_b2c22,490.0,1614.9999523405163
luh_to_matr,naive_cross,luh,matr,pytorch_simple_transformer,100,456,matr,matr_b2c23,502.0,1614.9999523405163
luh_to_matr,naive_cross,luh,matr,pytorch_simple_transformer,100,456,matr,matr_b2c24,478.0,1614.9999523405163
luh_to_matr,naive_cross,luh,matr,pytorch_simple_transformer,100,456,matr,matr_b2c25,446.0,1614.9999523405163
luh_to_matr,naive_cross,luh,matr,pytorch_simple_transformer,100,456,matr,matr_b2c26,450.0,1614.9999523405163
luh_to_matr,naive_cross,luh,matr,pytorch_simple_transformer,100,456,matr,matr_b2c27,453.0,1614.9999523405163
luh_to_matr,naive_cross,luh,matr,pytorch_simple_transformer,100,456,matr,matr_b2c28,491.0,1614.9999523405163
luh_to_matr,naive_cross,luh,matr,pytorch_simple_transformer,100,456,matr,matr_b2c29,481.0,1614.9999523405163
luh_to_matr,naive_cross,luh,matr,pytorch_simple_transformer,100,456,matr,matr_b2c3,314.0,1614.9999523405163
luh_to_matr,naive_cross,luh,matr,pytorch_simple_transformer,100,456,matr,matr_b2c30,466.0,1614.9999523405163
luh_to_matr,naive_cross,luh,matr,pytorch_simple_transformer,100,456,matr,matr_b2c31,474.0,1614.9999523405163
luh_to_matr,naive_cross,luh,matr,pytorch_simple_transformer,100,456,matr,matr_b2c32,500.0,1614.9999523405163
luh_to_matr,naive_cross,luh,matr,pytorch_simple_transformer,100,456,matr,matr_b2c33,499.0,1614.9999523405163
luh_to_matr,naive_cross,luh,matr,pytorch_simple_transformer,100,456,matr,matr_b2c34,483.0,1614.9999523405163
luh_to_matr,naive_cross,luh,matr,pytorch_simple_transformer,100,456,matr,matr_b2c35,449.0,1614.9999523405163
luh_to_matr,naive_cross,luh,matr,pytorch_simple_transformer,100,456,matr,matr_b2c36,513.0,1614.9999523405163
luh_to_matr,naive_cross,luh,matr,pytorch_simple_transformer,100,456,matr,matr_b2c37,461.0,1614.9999523405163
luh_to_matr,naive_cross,luh,matr,pytorch_simple_transformer,100,456,matr,matr_b2c38,451.0,1614.9999523405163
luh_to_matr,naive_cross,luh,matr,pytorch_simple_transformer,100,456,matr,matr_b2c39,442.0,1614.9999523405163
luh_to_matr,naive_cross,luh,matr,pytorch_simple_transformer,100,456,matr,matr_b2c4,247.0,1614.9999523405163
luh_to_matr,naive_cross,luh,matr,pytorch_simple_transformer,100,456,matr,matr_b2c40,476.0,1614.9999523405163
luh_to_matr,naive_cross,luh,matr,pytorch_simple_transformer,100,456,matr,matr_b2c41,416.0,1614.9999523405163
luh_to_matr,naive_cross,luh,matr,pytorch_simple_transformer,100,456,matr,matr_b2c42,444.0,1614.9999523405163
luh_to_matr,naive_cross,luh,matr,pytorch_simple_transformer,100,456,matr,matr_b2c43,443.0,1614.9999523405163
luh_to_matr,naive_cross,luh,matr,pytorch_simple_transformer,100,456,matr,matr_b2c44,442.0,1614.9999523405163
luh_to_matr,naive_cross,luh,matr,pytorch_simple_transformer,100,456,matr,matr_b2c45,470.0,1614.9999523405163
luh_to_matr,naive_cross,luh,matr,pytorch_simple_transformer,100,456,matr,matr_b2c46,417.0,1614.9999523405163
luh_to_matr,naive_cross,luh,matr,pytorch_simple_transformer,100,456,matr,matr_b2c47,705.0,1614.9999523405163
luh_to_matr,naive_cross,luh,matr,pytorch_simple_transformer,100,456,matr,matr_b2c5,464.0,1614.9999523405163
luh_to_matr,naive_cross,luh,matr,pytorch_simple_transformer,100,456,matr,matr_b2c6,475.0,1614.9999523405163
luh_to_matr,naive_cross,luh,matr,pytorch_simple_transformer,100,456,matr,matr_b3c0,985.0,1614.9999523405163
luh_to_matr,naive_cross,luh,matr,pytorch_simple_transformer,100,456,matr,matr_b3c1,1033.0,1614.9999523405163
luh_to_matr,naive_cross,luh,matr,pytorch_simple_transformer,100,456,matr,matr_b3c10,1046.0,1614.9999523405163
luh_to_matr,naive_cross,luh,matr,pytorch_simple_transformer,100,456,matr,matr_b3c11,792.0,1614.9999523405163
luh_to_matr,naive_cross,luh,matr,pytorch_simple_transformer,100,456,matr,matr_b3c12,903.0,1614.9999523405163
luh_to_matr,naive_cross,luh,matr,pytorch_simple_transformer,100,456,matr,matr_b3c13,794.0,1614.9999523405163
luh_to_matr,naive_cross,luh,matr,pytorch_simple_transformer,100,456,matr,matr_b3c14,834.0,1614.9999523405163
luh_to_matr,naive_cross,luh,matr,pytorch_simple_transformer,100,456,matr,matr_b3c15,850.0,1614.9999523405163
luh_to_matr,naive_cross,luh,matr,pytorch_simple_transformer,100,456,matr,matr_b3c16,1589.0,1614.9999523405163
luh_to_matr,naive_cross,luh,matr,pytorch_simple_transformer,100,456,matr,matr_b3c17,1269.0,1614.9999523405163
luh_to_matr,naive_cross,luh,matr,pytorch_simple_transformer,100,456,matr,matr_b3c18,1100.0,1614.9999523405163
luh_to_matr,naive_cross,luh,matr,pytorch_simple_transformer,100,456,matr,matr_b3c19,1105.0,1614.9999523405163
luh_to_matr,naive_cross,luh,matr,pytorch_simple_transformer,100,456,matr,matr_b3c2,1224.0,1614.9999523405163
luh_to_matr,naive_cross,luh,matr,pytorch_simple_transformer,100,456,matr,matr_b3c20,793.0,1614.9999523405163
luh_to_matr,naive_cross,luh,matr,pytorch_simple_transformer,100,456,matr,matr_b3c21,745.0,1614.9999523405163
luh_to_matr,naive_cross,luh,matr,pytorch_simple_transformer,100,456,matr,matr_b3c22,991.0,1614.9999523405163
luh_to_matr,naive_cross,luh,matr,pytorch_simple_transformer,100,456,matr,matr_b3c24,817.0,1614.9999523405163
luh_to_matr,naive_cross,luh,matr,pytorch_simple_transformer,100,456,matr,matr_b3c25,970.0,1614.9999523405163
luh_to_matr,naive_cross,luh,matr,pytorch_simple_transformer,100,456,matr,matr_b3c26,989.0,1614.9999523405163
luh_to_matr,naive_cross,luh,matr,pytorch_simple_transformer,100,456,matr,matr_b3c27,828.0,1614.9999523405163
luh_to_matr,naive_cross,luh,matr,pytorch_simple_transformer,100,456,matr,matr_b3c28,524.0,1614.9999523405163
luh_to_matr,naive_cross,luh,matr,pytorch_simple_transformer,100,456,matr,matr_b3c29,833.0,1614.9999523405163
luh_to_matr,naive_cross,luh,matr,pytorch_simple_transformer,100,456,matr,matr_b3c3,1084.0,1614.9999523405163
luh_to_matr,naive_cross,luh,matr,pytorch_simple_transformer,100,456,matr,matr_b3c30,913.0,1614.9999523405163
luh_to_matr,naive_cross,luh,matr,pytorch_simple_transformer,100,456,matr,matr_b3c31,713.0,1614.9999523405163
luh_to_matr,naive_cross,luh,matr,pytorch_simple_transformer,100,456,matr,matr_b3c33,1257.0,1614.9999523405163
luh_to_matr,naive_cross,luh,matr,pytorch_simple_transformer,100,456,matr,matr_b3c34,1125.0,1614.9999523405163
luh_to_matr,naive_cross,luh,matr,pytorch_simple_transformer,100,456,matr,matr_b3c35,1056.0,1614.9999523405163
luh_to_matr,naive_cross,luh,matr,pytorch_simple_transformer,100,456,matr,matr_b3c36,910.0,1614.9999523405163
luh_to_matr,naive_cross,luh,matr,pytorch_simple_transformer,100,456,matr,matr_b3c37,1376.0,1614.9999523405163
luh_to_matr,naive_cross,luh,matr,pytorch_simple_transformer,100,456,matr,matr_b3c38,1873.0,1614.9999523405163
luh_to_matr,naive_cross,luh,matr,pytorch_simple_transformer,100,456,matr,matr_b3c39,1146.0,1614.9999523405163
luh_to_matr,naive_cross,luh,matr,pytorch_simple_transformer,100,456,matr,matr_b3c4,1006.0,1614.9999523405163
luh_to_matr,naive_cross,luh,matr,pytorch_simple_transformer,100,456,matr,matr_b3c40,779.0,1614.9999523405163
luh_to_matr,naive_cross,luh,matr,pytorch_simple_transformer,100,456,matr,matr_b3c41,773.0,1614.9999523405163
luh_to_matr,naive_cross,luh,matr,pytorch_simple_transformer,100,456,matr,matr_b3c42,1587.0,1614.9999523405163
luh_to_matr,naive_cross,luh,matr,pytorch_simple_transformer,100,456,matr,matr_b3c43,1018.0,1614.9999523405163
luh_to_matr,naive_cross,luh,matr,pytorch_simple_transformer,100,456,matr,matr_b3c44,921.0,1614.9999523405163
luh_to_matr,naive_cross,luh,matr,pytorch_simple_transformer,100,456,matr,matr_b3c45,1735.0,1614.9999523405163
luh_to_matr,naive_cross,luh,matr,pytorch_simple_transformer,100,456,matr,matr_b3c5,815.0,1614.9999523405163
luh_to_matr,naive_cross,luh,matr,pytorch_simple_transformer,100,456,matr,matr_b3c6,630.0,1614.9999523405163
luh_to_matr,naive_cross,luh,matr,pytorch_simple_transformer,100,456,matr,matr_b3c7,1774.0,1614.9999523405163
luh_to_matr,naive_cross,luh,matr,pytorch_simple_transformer,100,456,matr,matr_b3c8,810.0,1614.9999523405163
luh_to_matr,naive_cross,luh,matr,pytorch_simple_transformer,100,456,matr,matr_b3c9,1010.0,1614.9999523405163
luh_to_matr,naive_cross,luh,matr,pytorch_simple_transformer,100,789,matr,matr_b1c0,1717.0,790.9128088645923
luh_to_matr,naive_cross,luh,matr,pytorch_simple_transformer,100,789,matr,matr_b1c1,2066.0,1165.8435041487496
luh_to_matr,naive_cross,luh,matr,pytorch_simple_transformer,100,789,matr,matr_b1c11,771.0,982.4945111186025
luh_to_matr,naive_cross,luh,matr,pytorch_simple_transformer,100,789,matr,matr_b1c12,897.0,1242.7044597079607
luh_to_matr,naive_cross,luh,matr,pytorch_simple_transformer,100,789,matr,matr_b1c14,845.0,1072.1193543995762
luh_to_matr,naive_cross,luh,matr,pytorch_simple_transformer,100,789,matr,matr_b1c15,699.0,1064.7935738595277
luh_to_matr,naive_cross,luh,matr,pytorch_simple_transformer,100,789,matr,matr_b1c16,824.0,1091.1838450334985
luh_to_matr,naive_cross,luh,matr,pytorch_simple_transformer,100,789,matr,matr_b1c17,825.0,1228.80411473537
luh_to_matr,naive_cross,luh,matr,pytorch_simple_transformer,100,789,matr,matr_b1c18,665.0,856.2199010827793
luh_to_matr,naive_cross,luh,matr,pytorch_simple_transformer,100,789,matr,matr_b1c19,740.0,1206.174574400897
luh_to_matr,naive_cross,luh,matr,pytorch_simple_transformer,100,789,matr,matr_b1c2,1487.0,1168.3812459688108
luh_to_matr,naive_cross,luh,matr,pytorch_simple_transformer,100,789,matr,matr_b1c20,504.0,942.0233767318939
luh_to_matr,naive_cross,luh,matr,pytorch_simple_transformer,100,789,matr,matr_b1c21,535.0,970.6143394511123
luh_to_matr,naive_cross,luh,matr,pytorch_simple_transformer,100,789,matr,matr_b1c23,974.0,1214.2014860340303
luh_to_matr,naive_cross,luh,matr,pytorch_simple_transformer,100,789,matr,matr_b1c24,979.0,1212.5831685080252
luh_to_matr,naive_cross,luh,matr,pytorch_simple_transformer,100,789,matr,matr_b1c25,817.0,1223.5909681385042
luh_to_matr,naive_cross,luh,matr,pytorch_simple_transformer,100,789,matr,matr_b1c26,826.0,1196.86338060237
luh_to_matr,naive_cross,luh,matr,pytorch_simple_transformer,100,789,matr,matr_b1c27,809.0,1211.554400775815
luh_to_matr,naive_cross,luh,matr,pytorch_simple_transformer,100,789,matr,matr_b1c28,815.0,1241.2837026641935
luh_to_matr,naive_cross,luh,matr,pytorch_simple_transformer,100,789,matr,matr_b1c29,872.0,1242.3543015605806
luh_to_matr,naive_cross,luh,matr,pytorch_simple_transformer,100,789,matr,matr_b1c3,1344.0,1109.4879706152835
luh_to_matr,naive_cross,luh,matr,pytorch_simple_transformer,100,789,matr,matr_b1c30,679.0,1223.1056309898913
luh_to_matr,naive_cross,luh,matr,pytorch_simple_transformer,100,789,matr,matr_b1c31,827.0,1203.5306413543462
luh_to_matr,naive_cross,luh,matr,pytorch_simple_transformer,100,789,matr,matr_b1c32,694.0,1236.9055357141192
luh_to_matr,naive_cross,luh,matr,pytorch_simple_transformer,100,789,matr,matr_b1c33,708.0,1229.66985214949
luh_to_matr,naive_cross,luh,matr,pytorch_simple_transformer,100,789,matr,matr_b1c34,714.0,1203.3183214762598
luh_to_matr,naive_cross,luh,matr,pytorch_simple_transformer,100,789,matr,matr_b1c35,676.0,1220.5019860685757
luh_to_matr,naive_cross,luh,matr,pytorch_simple_transformer,100,789,matr,matr_b1c36,670.0,1221.4055544150435
luh_to_matr,naive_cross,luh,matr,pytorch_simple_transformer,100,789,matr,matr_b1c37,622.0,1220.6847416893138
luh_to_matr,naive_cross,luh,matr,pytorch_simple_transformer,100,789,matr,matr_b1c38,592.0,1241.1345552966557
luh_to_matr,naive_cross,luh,matr,pytorch_simple_transformer,100,789,matr,matr_b1c39,592.0,1239.3160451862923
luh_to_matr,naive_cross,luh,matr,pytorch_simple_transformer,100,789,matr,matr_b1c4,1618.0,1125.0618386224303
luh_to_matr,naive_cross,luh,matr,pytorch_simple_transformer,100,789,matr,matr_b1c40,919.0,1243.6001520816883
luh_to_matr,naive_cross,luh,matr,pytorch_simple_transformer,100,789,matr,matr_b1c41,1005.0,1247.0859074356197
luh_to_matr,naive_cross,luh,matr,pytorch_simple_transformer,100,789,matr,matr_b1c42,661.0,1246.0094486454877
luh_to_matr,naive_cross,luh,matr,pytorch_simple_transformer,100,789,matr,matr_b1c43,626.0,1236.0718360416136
luh_to_matr,naive_cross,luh,matr,pytorch_simple_transformer,100,789,matr,matr_b1c44,575.0,1227.7047983953655
luh_to_matr,naive_cross,luh,matr,pytorch_simple_transformer,100,789,matr,matr_b1c45,563.0,1235.2793405003954
luh_to_matr,naive_cross,luh,matr,pytorch_simple_transformer,100,789,matr,matr_b1c5,909.0,1051.476443402393
luh_to_matr,naive_cross,luh,matr,pytorch_simple_transformer,100,789,matr,matr_b1c6,613.0,1120.8739106285261
luh_to_matr,naive_cross,luh,matr,pytorch_simple_transformer,100,789,matr,matr_b1c7,818.0,1110.254292433922
luh_to_matr,naive_cross,luh,matr,pytorch_simple_transformer,100,789,matr,matr_b1c9,1012.0,1245.335278104716
luh_to_matr,naive_cross,luh,matr,pytorch_simple_transformer,100,789,matr,matr_b2c0,278.0,623.7653938775896
luh_to_matr,naive_cross,luh,matr,pytorch_simple_transformer,100,789,matr,matr_b2c1,133.0,289.0097758666716
luh_to_matr,naive_cross,luh,matr,pytorch_simple_transformer,100,789,matr,matr_b2c10,251.0,1217.9962250196518
luh_to_matr,naive_cross,luh,matr,pytorch_simple_transformer,100,789,matr,matr_b2c11,250.0,1216.1194110340623
luh_to_matr,naive_cross,luh,matr,pytorch_simple_transformer,100,789,matr,matr_b2c12,435.0,1143.658823170508
luh_to_matr,naive_cross,luh,matr,pytorch_simple_transformer,100,789,matr,matr_b2c13,454.0,1189.548789485121
luh_to_matr,naive_cross,luh,matr,pytorch_simple_transformer,100,789,matr,matr_b2c14,466.0,1218.3215085285915
luh_to_matr,naive_cross,luh,matr,pytorch_simple_transformer,100,789,matr,matr_b2c17,476.0,966.045012719729
luh_to_matr,naive_cross,luh,matr,pytorch_simple_transformer,100,789,matr,matr_b2c18,468.0,1127.6441516013813
luh_to_matr,naive_cross,luh,matr,pytorch_simple_transformer,100,789,matr,matr_b2c19,455.0,1118.0735622708264
luh_to_matr,naive_cross,luh,matr,pytorch_simple_transformer,100,789,matr,matr_b2c2,422.0,1189.5987059860638
luh_to_matr,naive_cross,luh,matr,pytorch_simple_transformer,100,789,matr,matr_b2c20,475.0,1230.6465163441612
luh_to_matr,naive_cross,luh,matr,pytorch_simple_transformer,100,789,matr,matr_b2c21,468.0,1222.3762375728063
luh_to_matr,naive_cross,luh,matr,pytorch_simple_transformer,100,789,matr,matr_b2c22,490.0,1238.2439314156043
luh_to_matr,naive_cross,luh,matr,pytorch_simple_transformer,100,789,matr,matr_b2c23,502.0,1204.831774677961
luh_to_matr,naive_cross,luh,matr,pytorch_simple_transformer,100,789,matr,matr_b2c24,478.0,1222.8793617031497
luh_to_matr,naive_cross,luh,matr,pytorch_simple_transformer,100,789,matr,matr_b2c25,446.0,1224.1383700628655
luh_to_matr,naive_cross,luh,matr,pytorch_simple_transformer,100,789,matr,matr_b2c26,450.0,1204.2378792493753
luh_to_matr,naive_cross,luh,matr,pytorch_simple_transformer,100,789,matr,matr_b2c27,453.0,1225.7387935117383
luh_to_matr,naive_cross,luh,matr,pytorch_simple_transformer,100,789,matr,matr_b2c28,491.0,1020.3532083458578
luh_to_matr,naive_cross,luh,matr,pytorch_simple_transformer,100,789,matr,matr_b2c29,481.0,1246.3772778186903
luh_to_matr,naive_cross,luh,matr,pytorch_simple_transformer,100,789,matr,matr_b2c3,314.0,1074.011025093502
luh_to_matr,naive_cross,luh,matr,pytorch_simple_transformer,100,789,matr,matr_b2c30,466.0,1218.5341514770516
luh_to_matr,naive_cross,luh,matr,pytorch_simple_transformer,100,789,matr,matr_b2c31,474.0,1226.2941732072848
luh_to_matr,naive_cross,luh,matr,pytorch_simple_transformer,100,789,matr,matr_b2c32,500.0,1116.3198454234762
luh_to_matr,naive_cross,luh,matr,pytorch_simple_transformer,100,789,matr,matr_b2c33,499.0,1235.4307297385758
luh_to_matr,naive_cross,luh,matr,pytorch_simple_transformer,100,789,matr,matr_b2c34,483.0,1200.0332934411815
luh_to_matr,naive_cross,luh,matr,pytorch_simple_transformer,100,789,matr,matr_b2c35,449.0,1217.502076520599
luh_to_matr,naive_cross,luh,matr,pytorch_simple_transformer,100,789,matr,matr_b2c36,513.0,1248.3198358990444
luh_to_matr,naive_cross,luh,matr,pytorch_simple_transformer,100,789,matr,matr_b2c37,461.0,1252.6959937650088
luh_to_matr,naive_cross,luh,matr,pytorch_simple_transformer,100,789,matr,matr_b2c38,451.0,1242.1754094317737
luh_to_matr,naive_cross,luh,matr,pytorch_simple_transformer,100,789,matr,matr_b2c39,442.0,1249.7373238546406
luh_to_matr,naive_cross,luh,matr,pytorch_simple_transformer,100,789,matr,matr_b2c4,247.0,1187.2894274749433
luh_to_matr,naive_cross,luh,matr,pytorch_simple_transformer,100,789,matr,matr_b2c40,476.0,950.4209422112149
luh_to_matr,naive_cross,luh,matr,pytorch_simple_transformer,100,789,matr,matr_b2c41,416.0,1229.2747142139795
luh_to_matr,naive_cross,luh,matr,pytorch_simple_transformer,100,789,matr,matr_b2c42,444.0,1237.6217632591574
luh_to_matr,naive_cross,luh,matr,pytorch_simple_transformer,100,789,matr,matr_b2c43,443.0,1245.2954926572077
luh_to_matr,naive_cross,luh,matr,pytorch_simple_transformer,100,789,matr,matr_b2c44,442.0,1246.2411861983185
luh_to_matr,naive_cross,luh,matr,pytorch_simple_transformer,100,789,matr,matr_b2c45,470.0,1239.4330591944097
luh_to_matr,naive_cross,luh,matr,pytorch_simple_transformer,100,789,matr,matr_b2c46,417.0,1253.6975223402894
luh_to_matr,naive_cross,luh,matr,pytorch_simple_transformer,100,789,matr,matr_b2c47,705.0,1245.357843550287
luh_to_matr,naive_cross,luh,matr,pytorch_simple_transformer,100,789,matr,matr_b2c5,464.0,1239.9804532018961
luh_to_matr,naive_cross,luh,matr,pytorch_simple_transformer,100,789,matr,matr_b2c6,475.0,1133.145319806179
luh_to_matr,naive_cross,luh,matr,pytorch_simple_transformer,100,789,matr,matr_b3c0,985.0,1236.5410914572103
luh_to_matr,naive_cross,luh,matr,pytorch_simple_transformer,100,789,matr,matr_b3c1,1033.0,1241.3363820092059
luh_to_matr,naive_cross,luh,matr,pytorch_simple_transformer,100,789,matr,matr_b3c10,1046.0,1189.2856280249068
luh_to_matr,naive_cross,luh,matr,pytorch_simple_transformer,100,789,matr,matr_b3c11,792.0,1233.133613494581
luh_to_matr,naive_cross,luh,matr,pytorch_simple_transformer,100,789,matr,matr_b3c12,903.0,1237.2276098150496
luh_to_matr,naive_cross,luh,matr,pytorch_simple_transformer,100,789,matr,matr_b3c13,794.0,1227.0914364643763
luh_to_matr,naive_cross,luh,matr,pytorch_simple_transformer,100,789,matr,matr_b3c14,834.0,1238.9934274255381
luh_to_matr,naive_cross,luh,matr,pytorch_simple_transformer,100,789,matr,matr_b3c15,850.0,1225.7878906304595
luh_to_matr,naive_cross,luh,matr,pytorch_simple_transformer,100,789,matr,matr_b3c16,1589.0,1202.1644158708696
luh_to_matr,naive_cross,luh,matr,pytorch_simple_transformer,100,789,matr,matr_b3c17,1269.0,958.351695284365
luh_to_matr,naive_cross,luh,matr,pytorch_simple_transformer,100,789,matr,matr_b3c18,1100.0,1199.6185053054708
luh_to_matr,naive_cross,luh,matr,pytorch_simple_transformer,100,789,matr,matr_b3c19,1105.0,1227.917908046669
luh_to_matr,naive_cross,luh,matr,pytorch_simple_transformer,100,789,matr,matr_b3c2,1224.0,1228.0637104067928
luh_to_matr,naive_cross,luh,matr,pytorch_simple_transformer,100,789,matr,matr_b3c20,793.0,1239.8332360216698
luh_to_matr,naive_cross,luh,matr,pytorch_simple_transformer,100,789,matr,matr_b3c21,745.0,1136.1296799484771
luh_to_matr,naive_cross,luh,matr,pytorch_simple_transformer,100,789,matr,matr_b3c22,991.0,1237.654811766894
luh_to_matr,naive_cross,luh,matr,pytorch_simple_transformer,100,789,matr,matr_b3c24,817.0,1236.148461064149
luh_to_matr,naive_cross,luh,matr,pytorch_simple_transformer,100,789,matr,matr_b3c25,970.0,1214.721518159608
luh_to_matr,naive_cross,luh,matr,pytorch_simple_transformer,100,789,matr,matr_b3c26,989.0,1227.2810308947855
luh_to_matr,naive_cross,luh,matr,pytorch_simple_transformer,100,789,matr,matr_b3c27,828.0,1244.9351062944138
luh_to_matr,naive_cross,luh,matr,pytorch_simple_transformer,100,789,matr,matr_b3c28,524.0,1132.5268156322722
luh_to_matr,naive_cross,luh,matr,pytorch_simple_transformer,100,789,matr,matr_b3c29,833.0,1247.8734817558332
luh_to_matr,naive_cross,luh,matr,pytorch_simple_transformer,100,789,matr,matr_b3c3,1084.0,1234.133036953118
luh_to_matr,naive_cross,luh,matr,pytorch_simple_transformer,100,789,matr,matr_b3c30,913.0,1242.8537957312003
luh_to_matr,naive_cross,luh,matr,pytorch_simple_transformer,100,789,matr,matr_b3c31,713.0,1222.3890608771176
luh_to_matr,naive_cross,luh,matr,pytorch_simple_transformer,100,789,matr,matr_b3c33,1257.0,1237.8283309116093
luh_to_matr,naive_cross,luh,matr,pytorch_simple_transformer,100,789,matr,matr_b3c34,1125.0,1233.815886726873
luh_to_matr,naive_cross,luh,matr,pytorch_simple_transformer,100,789,matr,matr_b3c35,1056.0,1237.509640969862
luh_to_matr,naive_cross,luh,matr,pytorch_simple_transformer,100,789,matr,matr_b3c36,910.0,1234.599201520501
luh_to_matr,naive_cross,luh,matr,pytorch_simple_transformer,100,789,matr,matr_b3c37,1376.0,812.9640841299977
luh_to_matr,naive_cross,luh,matr,pytorch_simple_transformer,100,789,matr,matr_b3c38,1873.0,1239.6813073019498
luh_to_matr,naive_cross,luh,matr,pytorch_simple_transformer,100,789,matr,matr_b3c39,1146.0,1246.1704719660543
luh_to_matr,naive_cross,luh,matr,pytorch_simple_transformer,100,789,matr,matr_b3c4,1006.0,1239.354457657747
luh_to_matr,naive_cross,luh,matr,pytorch_simple_transformer,100,789,matr,matr_b3c40,779.0,1244.3558569275933
luh_to_matr,naive_cross,luh,matr,pytorch_simple_transformer,100,789,matr,matr_b3c41,773.0,1249.125462618445
luh_to_matr,naive_cross,luh,matr,pytorch_simple_transformer,100,789,matr,matr_b3c42,1587.0,1243.7673878483859
luh_to_matr,naive_cross,luh,matr,pytorch_simple_transformer,100,789,matr,matr_b3c43,1018.0,1241.5631062765385
luh_to_matr,naive_cross,luh,matr,pytorch_simple_transformer,100,789,matr,matr_b3c44,921.0,1246.5662855900978
luh_to_matr,naive_cross,luh,matr,pytorch_simple_transformer,100,789,matr,matr_b3c45,1735.0,1229.5719352177957
luh_to_matr,naive_cross,luh,matr,pytorch_simple_transformer,100,789,matr,matr_b3c5,815.0,1235.0849768531623
luh_to_matr,naive_cross,luh,matr,pytorch_simple_transformer,100,789,matr,matr_b3c6,630.0,1128.3272407577076
luh_to_matr,naive_cross,luh,matr,pytorch_simple_transformer,100,789,matr,matr_b3c7,1774.0,1179.5467261786437
luh_to_matr,naive_cross,luh,matr,pytorch_simple_transformer,100,789,matr,matr_b3c8,810.0,1241.489697542316
luh_to_matr,naive_cross,luh,matr,pytorch_simple_transformer,100,789,matr,matr_b3c9,1010.0,1244.7754297108218
luh_to_sandia,naive_cross,luh,sandia,pytorch_simple_transformer,100,1011,sandia,sandia_SNL_18650_LFP_25C_0_100_0_5_3C_a,3183.0,1614.9999523405163
luh_to_sandia,naive_cross,luh,sandia,pytorch_simple_transformer,100,1011,sandia,sandia_SNL_18650_LFP_25C_0_100_0_5_3C_b,1610.0,1614.9999523405163
luh_to_sandia,naive_cross,luh,sandia,pytorch_simple_transformer,100,1011,sandia,sandia_SNL_18650_LFP_25C_0_100_0_5_3C_c,2305.0,1614.9999523405163
luh_to_sandia,naive_cross,luh,sandia,pytorch_simple_transformer,100,1011,sandia,sandia_SNL_18650_LFP_25C_0_100_0_5_3C_d,2788.0,1614.9999523405163
luh_to_sandia,naive_cross,luh,sandia,pytorch_simple_transformer,100,1011,sandia,sandia_SNL_18650_LFP_35C_0_100_0_5_1C_a,3089.0,1614.9999523405163
luh_to_sandia,naive_cross,luh,sandia,pytorch_simple_transformer,100,1011,sandia,sandia_SNL_18650_LFP_35C_0_100_0_5_1C_b,3126.0,1614.9999523405163
luh_to_sandia,naive_cross,luh,sandia,pytorch_simple_transformer,100,1011,sandia,sandia_SNL_18650_LFP_35C_0_100_0_5_1C_c,3246.0,1614.9999523405163
luh_to_sandia,naive_cross,luh,sandia,pytorch_simple_transformer,100,1011,sandia,sandia_SNL_18650_LFP_35C_0_100_0_5_1C_d,3374.0,1614.9999523405163
luh_to_sandia,naive_cross,luh,sandia,pytorch_simple_transformer,100,1011,sandia,sandia_SNL_18650_LFP_35C_0_100_0_5_2C_a,3442.0,1614.9999523405163
luh_to_sandia,naive_cross,luh,sandia,pytorch_simple_transformer,100,1011,sandia,sandia_SNL_18650_LFP_35C_0_100_0_5_2C_b,2465.0,1614.9999523405163
luh_to_sandia,naive_cross,luh,sandia,pytorch_simple_transformer,100,1011,sandia,sandia_SNL_18650_NCA_15C_0_100_0_5_1C_a,176.0,1614.9999523405163
luh_to_sandia,naive_cross,luh,sandia,pytorch_simple_transformer,100,1011,sandia,sandia_SNL_18650_NCA_15C_0_100_0_5_1C_b,325.0,386.7804161847307
luh_to_sandia,naive_cross,luh,sandia,pytorch_simple_transformer,100,1011,sandia,sandia_SNL_18650_NCA_15C_0_100_0_5_2C_a,158.0,1599.1931280889169
luh_to_sandia,naive_cross,luh,sandia,pytorch_simple_transformer,100,1011,sandia,sandia_SNL_18650_NCA_15C_0_100_0_5_2C_b,157.0,797.5087492785043
luh_to_sandia,naive_cross,luh,sandia,pytorch_simple_transformer,100,1011,sandia,sandia_SNL_18650_NCA_25C_0_100_0_5_0_5C_a,249.0,1614.9999523405163
luh_to_sandia,naive_cross,luh,sandia,pytorch_simple_transformer,100,1011,sandia,sandia_SNL_18650_NCA_25C_0_100_0_5_0_5C_b,135.0,237.55550159008664
luh_to_sandia,naive_cross,luh,sandia,pytorch_simple_transformer,100,1011,sandia,sandia_SNL_18650_NCA_25C_0_100_0_5_1C_a,337.0,430.21241687127076
luh_to_sandia,naive_cross,luh,sandia,pytorch_simple_transformer,100,1011,sandia,sandia_SNL_18650_NCA_25C_0_100_0_5_1C_b,228.0,1614.9999523405163
luh_to_sandia,naive_cross,luh,sandia,pytorch_simple_transformer,100,1011,sandia,sandia_SNL_18650_NCA_25C_0_100_0_5_1C_c,228.0,389.8463166631114
luh_to_sandia,naive_cross,luh,sandia,pytorch_simple_transformer,100,1011,sandia,sandia_SNL_18650_NCA_25C_0_100_0_5_1C_d,251.0,1614.9999523405163
luh_to_sandia,naive_cross,luh,sandia,pytorch_simple_transformer,100,1011,sandia,sandia_SNL_18650_NCA_25C_0_100_0_5_2C_a,225.0,1614.9999523405163
luh_to_sandia,naive_cross,luh,sandia,pytorch_simple_transformer,100,1011,sandia,sandia_SNL_18650_NCA_25C_0_100_0_5_2C_b,304.0,360.6166473731484
luh_to_sandia,naive_cross,luh,sandia,pytorch_simple_transformer,100,1011,sandia,sandia_SNL_18650_NCA_35C_0_100_0_5_1C_a,171.0,803.5774430084779
luh_to_sandia,naive_cross,luh,sandia,pytorch_simple_transformer,100,1011,sandia,sandia_SNL_18650_NCA_35C_0_100_0_5_1C_b,320.0,1614.9999523405163
luh_to_sandia,naive_cross,luh,sandia,pytorch_simple_transformer,100,1011,sandia,sandia_SNL_18650_NCA_35C_0_100_0_5_1C_c,346.0,1079.015387365629
luh_to_sandia,naive_cross,luh,sandia,pytorch_simple_transformer,100,1011,sandia,sandia_SNL_18650_NCA_35C_0_100_0_5_1C_d,320.0,1614.9999523405163
luh_to_sandia,naive_cross,luh,sandia,pytorch_simple_transformer,100,1011,sandia,sandia_SNL_18650_NCA_35C_0_100_0_5_2C_a,210.0,1614.9999523405163
luh_to_sandia,naive_cross,luh,sandia,pytorch_simple_transformer,100,1011,sandia,sandia_SNL_18650_NCA_35C_0_100_0_5_2C_b,216.0,1211.6635936718571
luh_to_sandia,naive_cross,luh,sandia,pytorch_simple_transformer,100,1011,sandia,sandia_SNL_18650_NMC_15C_0_100_0_5_1C_a,105.0,100.17721286866968
luh_to_sandia,naive_cross,luh,sandia,pytorch_simple_transformer,100,1011,sandia,sandia_SNL_18650_NMC_15C_0_100_0_5_1C_b,142.0,1614.9999523405163
luh_to_sandia,naive_cross,luh,sandia,pytorch_simple_transformer,100,1011,sandia,sandia_SNL_18650_NMC_15C_0_100_0_5_2C_a,102.0,102.59045878170126
luh_to_sandia,naive_cross,luh,sandia,pytorch_simple_transformer,100,1011,sandia,sandia_SNL_18650_NMC_15C_0_100_0_5_2C_b,103.0,1603.394212569518
luh_to_sandia,naive_cross,luh,sandia,pytorch_simple_transformer,100,1011,sandia,sandia_SNL_18650_NMC_25C_0_100_0_5_0_5C_a,49.0,853.5738691065014
luh_to_sandia,naive_cross,luh,sandia,pytorch_simple_transformer,100,1011,sandia,sandia_SNL_18650_NMC_25C_0_100_0_5_0_5C_b,327.0,541.474141032119
luh_to_sandia,naive_cross,luh,sandia,pytorch_simple_transformer,100,1011,sandia,sandia_SNL_18650_NMC_25C_0_100_0_5_1C_a,271.0,258.3886423134475
luh_to_sandia,naive_cross,luh,sandia,pytorch_simple_transformer,100,1011,sandia,sandia_SNL_18650_NMC_25C_0_100_0_5_1C_b,340.0,264.553615982198
luh_to_sandia,naive_cross,luh,sandia,pytorch_simple_transformer,100,1011,sandia,sandia_SNL_18650_NMC_25C_0_100_0_5_1C_c,282.0,297.5466280780317
luh_to_sandia,naive_cross,luh,sandia,pytorch_simple_transformer,100,1011,sandia,sandia_SNL_18650_NMC_25C_0_100_0_5_1C_d,285.0,263.04527964752873
luh_to_sandia,naive_cross,luh,sandia,pytorch_simple_transformer,100,1011,sandia,sandia_SNL_18650_NMC_25C_0_100_0_5_2C_a,233.0,255.5625119361647
luh_to_sandia,naive_cross,luh,sandia,pytorch_simple_transformer,100,1011,sandia,sandia_SNL_18650_NMC_25C_0_100_0_5_2C_b,135.0,1614.9999523405163
luh_to_sandia,naive_cross,luh,sandia,pytorch_simple_transformer,100,1011,sandia,sandia_SNL_18650_NMC_25C_0_100_0_5_3C_a,261.0,1614.9999523405163
luh_to_sandia,naive_cross,luh,sandia,pytorch_simple_transformer,100,1011,sandia,sandia_SNL_18650_NMC_25C_0_100_0_5_3C_b,287.0,248.4210961661407
luh_to_sandia,naive_cross,luh,sandia,pytorch_simple_transformer,100,1011,sandia,sandia_SNL_18650_NMC_25C_0_100_0_5_3C_c,305.0,708.4235603166182
luh_to_sandia,naive_cross,luh,sandia,pytorch_simple_transformer,100,1011,sandia,sandia_SNL_18650_NMC_25C_0_100_0_5_3C_d,304.0,242.45626935082532
luh_to_sandia,naive_cross,luh,sandia,pytorch_simple_transformer,100,1011,sandia,sandia_SNL_18650_NMC_35C_0_100_0_5_1C_a,280.0,269.33933719152554
luh_to_sandia,naive_cross,luh,sandia,pytorch_simple_transformer,100,1011,sandia,sandia_SNL_18650_NMC_35C_0_100_0_5_1C_b,90.0,1594.099765437774
luh_to_sandia,naive_cross,luh,sandia,pytorch_simple_transformer,100,1011,sandia,sandia_SNL_18650_NMC_35C_0_100_0_5_1C_c,256.0,263.1472738140476
luh_to_sandia,naive_cross,luh,sandia,pytorch_simple_transformer,100,1011,sandia,sandia_SNL_18650_NMC_35C_0_100_0_5_1C_d,390.0,420.37823328040525
luh_to_sandia,naive_cross,luh,sandia,pytorch_simple_transformer,100,1011,sandia,sandia_SNL_18650_NMC_35C_0_100_0_5_2C_a,170.0,1013.5082395970129
luh_to_sandia,naive_cross,luh,sandia,pytorch_simple_transformer,100,1011,sandia,sandia_SNL_18650_NMC_35C_0_100_0_5_2C_b,400.0,1512.4360928336073
luh_to_sandia,naive_cross,luh,sandia,pytorch_simple_transformer,100,123,sandia,sandia_SNL_18650_LFP_25C_0_100_0_5_3C_a,3183.0,1314.477835202422
luh_to_sandia,naive_cross,luh,sandia,pytorch_simple_transformer,100,123,sandia,sandia_SNL_18650_LFP_25C_0_100_0_5_3C_b,1610.0,1197.3679936450812
luh_to_sandia,naive_cross,luh,sandia,pytorch_simple_transformer,100,123,sandia,sandia_SNL_18650_LFP_25C_0_100_0_5_3C_c,2305.0,1205.9980166253704
luh_to_sandia,naive_cross,luh,sandia,pytorch_simple_transformer,100,123,sandia,sandia_SNL_18650_LFP_25C_0_100_0_5_3C_d,2788.0,1186.251008127789
luh_to_sandia,naive_cross,luh,sandia,pytorch_simple_transformer,100,123,sandia,sandia_SNL_18650_LFP_35C_0_100_0_5_1C_a,3089.0,1375.3989048687517
luh_to_sandia,naive_cross,luh,sandia,pytorch_simple_transformer,100,123,sandia,sandia_SNL_18650_LFP_35C_0_100_0_5_1C_b,3126.0,1238.7464984271685
luh_to_sandia,naive_cross,luh,sandia,pytorch_simple_transformer,100,123,sandia,sandia_SNL_18650_LFP_35C_0_100_0_5_1C_c,3246.0,1207.5119612318856
luh_to_sandia,naive_cross,luh,sandia,pytorch_simple_transformer,100,123,sandia,sandia_SNL_18650_LFP_35C_0_100_0_5_1C_d,3374.0,1252.4959035274371
luh_to_sandia,naive_cross,luh,sandia,pytorch_simple_transformer,100,123,sandia,sandia_SNL_18650_LFP_35C_0_100_0_5_2C_a,3442.0,1219.1130071165865
luh_to_sandia,naive_cross,luh,sandia,pytorch_simple_transformer,100,123,sandia,sandia_SNL_18650_LFP_35C_0_100_0_5_2C_b,2465.0,1222.915515325387
luh_to_sandia,naive_cross,luh,sandia,pytorch_simple_transformer,100,123,sandia,sandia_SNL_18650_NCA_15C_0_100_0_5_1C_a,176.0,1350.1604624367928
luh_to_sandia,naive_cross,luh,sandia,pytorch_simple_transformer,100,123,sandia,sandia_SNL_18650_NCA_15C_0_100_0_5_1C_b,325.0,410.9038248294064
luh_to_sandia,naive_cross,luh,sandia,pytorch_simple_transformer,100,123,sandia,sandia_SNL_18650_NCA_15C_0_100_0_5_2C_a,158.0,937.9754481244943
luh_to_sandia,naive_cross,luh,sandia,pytorch_simple_transformer,100,123,sandia,sandia_SNL_18650_NCA_15C_0_100_0_5_2C_b,157.0,453.84204280835223
luh_to_sandia,naive_cross,luh,sandia,pytorch_simple_transformer,100,123,sandia,sandia_SNL_18650_NCA_25C_0_100_0_5_0_5C_a,249.0,1312.2821387713066
luh_to_sandia,naive_cross,luh,sandia,pytorch_simple_transformer,100,123,sandia,sandia_SNL_18650_NCA_25C_0_100_0_5_0_5C_b,135.0,264.7078149745289
luh_to_sandia,naive_cross,luh,sandia,pytorch_simple_transformer,100,123,sandia,sandia_SNL_18650_NCA_25C_0_100_0_5_1C_a,337.0,469.1671093476024
luh_to_sandia,naive_cross,luh,sandia,pytorch_simple_transformer,100,123,sandia,sandia_SNL_18650_NCA_25C_0_100_0_5_1C_b,228.0,1269.7689488336598
luh_to_sandia,naive_cross,luh,sandia,pytorch_simple_transformer,100,123,sandia,sandia_SNL_18650_NCA_25C_0_100_0_5_1C_c,228.0,407.83214267749645
luh_to_sandia,naive_cross,luh,sandia,pytorch_simple_transformer,100,123,sandia,sandia_SNL_18650_NCA_25C_0_100_0_5_1C_d,251.0,1374.6625922439491
luh_to_sandia,naive_cross,luh,sandia,pytorch_simple_transformer,100,123,sandia,sandia_SNL_18650_NCA_25C_0_100_0_5_2C_a,225.0,1146.7758583427458
luh_to_sandia,naive_cross,luh,sandia,pytorch_simple_transformer,100,123,sandia,sandia_SNL_18650_NCA_25C_0_100_0_5_2C_b,304.0,390.85087437152004
luh_to_sandia,naive_cross,luh,sandia,pytorch_simple_transformer,100,123,sandia,sandia_SNL_18650_NCA_35C_0_100_0_5_1C_a,171.0,686.7124630631358
luh_to_sandia,naive_cross,luh,sandia,pytorch_simple_transformer,100,123,sandia,sandia_SNL_18650_NCA_35C_0_100_0_5_1C_b,320.0,1342.906932698857
luh_to_sandia,naive_cross,luh,sandia,pytorch_simple_transformer,100,123,sandia,sandia_SNL_18650_NCA_35C_0_100_0_5_1C_c,346.0,631.6868758181574
luh_to_sandia,naive_cross,luh,sandia,pytorch_simple_transformer,100,123,sandia,sandia_SNL_18650_NCA_35C_0_100_0_5_1C_d,320.0,1304.702563882666
luh_to_sandia,naive_cross,luh,sandia,pytorch_simple_transformer,100,123,sandia,sandia_SNL_18650_NCA_35C_0_100_0_5_2C_a,210.0,1316.597472105243
luh_to_sandia,naive_cross,luh,sandia,pytorch_simple_transformer,100,123,sandia,sandia_SNL_18650_NCA_35C_0_100_0_5_2C_b,216.0,979.1337040426617
luh_to_sandia,naive_cross,luh,sandia,pytorch_simple_transformer,100,123,sandia,sandia_SNL_18650_NMC_15C_0_100_0_5_1C_a,105.0,101.73832731822459
luh_to_sandia,naive_cross,luh,sandia,pytorch_simple_transformer,100,123,sandia,sandia_SNL_18650_NMC_15C_0_100_0_5_1C_b,142.0,1168.9100796990813
luh_to_sandia,naive_cross,luh,sandia,pytorch_simple_transformer,100,123,sandia,sandia_SNL_18650_NMC_15C_0_100_0_5_2C_a,102.0,102.36353056248629
luh_to_sandia,naive_cross,luh,sandia,pytorch_simple_transformer,100,123,sandia,sandia_SNL_18650_NMC_15C_0_100_0_5_2C_b,103.0,876.5989708440898
luh_to_sandia,naive_cross,luh,sandia,pytorch_simple_transformer,100,123,sandia,sandia_SNL_18650_NMC_25C_0_100_0_5_0_5C_a,49.0,600.0146428094839
luh_to_sandia,naive_cross,luh,sandia,pytorch_simple_transformer,100,123,sandia,sandia_SNL_18650_NMC_25C_0_100_0_5_0_5C_b,327.0,381.5631366567171
luh_to_sandia,naive_cross,luh,sandia,pytorch_simple_transformer,100,123,sandia,sandia_SNL_18650_NMC_25C_0_100_0_5_1C_a,271.0,255.52327548043218
luh_to_sandia,naive_cross,luh,sandia,pytorch_simple_transformer,100,123,sandia,sandia_SNL_18650_NMC_25C_0_100_0_5_1C_b,340.0,254.5929959787938
luh_to_sandia,naive_cross,luh,sandia,pytorch_simple_transformer,100,123,sandia,sandia_SNL_18650_NMC_25C_0_100_0_5_1C_c,282.0,287.3700888071183
luh_to_sandia,naive_cross,luh,sandia,pytorch_simple_transformer,100,123,sandia,sandia_SNL_18650_NMC_25C_0_100_0_5_1C_d,285.0,248.5932729681712
luh_to_sandia,naive_cross,luh,sandia,pytorch_simple_transformer,100,123,sandia,sandia_SNL_18650_NMC_25C_0_100_0_5_2C_a,233.0,247.59104046748772
luh_to_sandia,naive_cross,luh,sandia,pytorch_simple_transformer,100,123,sandia,sandia_SNL_18650_NMC_25C_0_100_0_5_2C_b,135.0,1387.9396717489728
luh_to_sandia,naive_cross,luh,sandia,pytorch_simple_transformer,100,123,sandia,sandia_SNL_18650_NMC_25C_0_100_0_5_3C_a,261.0,1134.5786292153982
luh_to_sandia,naive_cross,luh,sandia,pytorch_simple_transformer,100,123,sandia,sandia_SNL_18650_NMC_25C_0_100_0_5_3C_b,287.0,238.67115619663315
luh_to_sandia,naive_cross,luh,sandia,pytorch_simple_transformer,100,123,sandia,sandia_SNL_18650_NMC_25C_0_100_0_5_3C_c,305.0,460.7496968068554
luh_to_sandia,naive_cross,luh,sandia,pytorch_simple_transformer,100,123,sandia,sandia_SNL_18650_NMC_25C_0_100_0_5_3C_d,304.0,233.28101619586843
luh_to_sandia,naive_cross,luh,sandia,pytorch_simple_transformer,100,123,sandia,sandia_SNL_18650_NMC_35C_0_100_0_5_1C_a,280.0,263.296886579907
luh_to_sandia,naive_cross,luh,sandia,pytorch_simple_transformer,100,123,sandia,sandia_SNL_18650_NMC_35C_0_100_0_5_1C_b,90.0,1098.4256070923775
luh_to_sandia,naive_cross,luh,sandia,pytorch_simple_transformer,100,123,sandia,sandia_SNL_18650_NMC_35C_0_100_0_5_1C_c,256.0,257.380053177292
luh_to_sandia,naive_cross,luh,sandia,pytorch_simple_transformer,100,123,sandia,sandia_SNL_18650_NMC_35C_0_100_0_5_1C_d,390.0,429.8314331922399
luh_to_sandia,naive_cross,luh,sandia,pytorch_simple_transformer,100,123,sandia,sandia_SNL_18650_NMC_35C_0_100_0_5_2C_a,170.0,581.6021090074956
luh_to_sandia,naive_cross,luh,sandia,pytorch_simple_transformer,100,123,sandia,sandia_SNL_18650_NMC_35C_0_100_0_5_2C_b,400.0,774.1394265951203
luh_to_sandia,naive_cross,luh,sandia,pytorch_simple_transformer,100,42,sandia,sandia_SNL_18650_LFP_25C_0_100_0_5_3C_a,3183.0,1067.8978008415784
luh_to_sandia,naive_cross,luh,sandia,pytorch_simple_transformer,100,42,sandia,sandia_SNL_18650_LFP_25C_0_100_0_5_3C_b,1610.0,982.0738972566209
luh_to_sandia,naive_cross,luh,sandia,pytorch_simple_transformer,100,42,sandia,sandia_SNL_18650_LFP_25C_0_100_0_5_3C_c,2305.0,982.5652556389454
luh_to_sandia,naive_cross,luh,sandia,pytorch_simple_transformer,100,42,sandia,sandia_SNL_18650_LFP_25C_0_100_0_5_3C_d,2788.0,981.9235878866992
luh_to_sandia,naive_cross,luh,sandia,pytorch_simple_transformer,100,42,sandia,sandia_SNL_18650_LFP_35C_0_100_0_5_1C_a,3089.0,653.1505857501871
luh_to_sandia,naive_cross,luh,sandia,pytorch_simple_transformer,100,42,sandia,sandia_SNL_18650_LFP_35C_0_100_0_5_1C_b,3126.0,999.0435414481468
luh_to_sandia,naive_cross,luh,sandia,pytorch_simple_transformer,100,42,sandia,sandia_SNL_18650_LFP_35C_0_100_0_5_1C_c,3246.0,976.196727501455
luh_to_sandia,naive_cross,luh,sandia,pytorch_simple_transformer,100,42,sandia,sandia_SNL_18650_LFP_35C_0_100_0_5_1C_d,3374.0,1029.0063584844088
luh_to_sandia,naive_cross,luh,sandia,pytorch_simple_transformer,100,42,sandia,sandia_SNL_18650_LFP_35C_0_100_0_5_2C_a,3442.0,996.5642012294694
luh_to_sandia,naive_cross,luh,sandia,pytorch_simple_transformer,100,42,sandia,sandia_SNL_18650_LFP_35C_0_100_0_5_2C_b,2465.0,977.669240976171
luh_to_sandia,naive_cross,luh,sandia,pytorch_simple_transformer,100,42,sandia,sandia_SNL_18650_NCA_15C_0_100_0_5_1C_a,176.0,790.9384545702694
luh_to_sandia,naive_cross,luh,sandia,pytorch_simple_transformer,100,42,sandia,sandia_SNL_18650_NCA_15C_0_100_0_5_1C_b,325.0,406.04152043242647
luh_to_sandia,naive_cross,luh,sandia,pytorch_simple_transformer,100,42,sandia,sandia_SNL_18650_NCA_15C_0_100_0_5_2C_a,158.0,360.97070531760426
luh_to_sandia,naive_cross,luh,sandia,pytorch_simple_transformer,100,42,sandia,sandia_SNL_18650_NCA_15C_0_100_0_5_2C_b,157.0,237.31366874722326
luh_to_sandia,naive_cross,luh,sandia,pytorch_simple_transformer,100,42,sandia,sandia_SNL_18650_NCA_25C_0_100_0_5_0_5C_a,249.0,871.4830694255576
luh_to_sandia,naive_cross,luh,sandia,pytorch_simple_transformer,100,42,sandia,sandia_SNL_18650_NCA_25C_0_100_0_5_0_5C_b,135.0,244.8663116094979
luh_to_sandia,naive_cross,luh,sandia,pytorch_simple_transformer,100,42,sandia,sandia_SNL_18650_NCA_25C_0_100_0_5_1C_a,337.0,429.7002790623595
luh_to_sandia,naive_cross,luh,sandia,pytorch_simple_transformer,100,42,sandia,sandia_SNL_18650_NCA_25C_0_100_0_5_1C_b,228.0,784.7361731558533
luh_to_sandia,naive_cross,luh,sandia,pytorch_simple_transformer,100,42,sandia,sandia_SNL_18650_NCA_25C_0_100_0_5_1C_c,228.0,437.4601194553228
luh_to_sandia,naive_cross,luh,sandia,pytorch_simple_transformer,100,42,sandia,sandia_SNL_18650_NCA_25C_0_100_0_5_1C_d,251.0,903.7824237667597
luh_to_sandia,naive_cross,luh,sandia,pytorch_simple_transformer,100,42,sandia,sandia_SNL_18650_NCA_25C_0_100_0_5_2C_a,225.0,642.5478103257466
luh_to_sandia,naive_cross,luh,sandia,pytorch_simple_transformer,100,42,sandia,sandia_SNL_18650_NCA_25C_0_100_0_5_2C_b,304.0,321.7398026628412
luh_to_sandia,naive_cross,luh,sandia,pytorch_simple_transformer,100,42,sandia,sandia_SNL_18650_NCA_35C_0_100_0_5_1C_a,171.0,598.335817741125
luh_to_sandia,naive_cross,luh,sandia,pytorch_simple_transformer,100,42,sandia,sandia_SNL_18650_NCA_35C_0_100_0_5_1C_b,320.0,679.9364644216787
luh_to_sandia,naive_cross,luh,sandia,pytorch_simple_transformer,100,42,sandia,sandia_SNL_18650_NCA_35C_0_100_0_5_1C_c,346.0,526.9823683654505
luh_to_sandia,naive_cross,luh,sandia,pytorch_simple_transformer,100,42,sandia,sandia_SNL_18650_NCA_35C_0_100_0_5_1C_d,320.0,762.4464729984198
luh_to_sandia,naive_cross,luh,sandia,pytorch_simple_transformer,100,42,sandia,sandia_SNL_18650_NCA_35C_0_100_0_5_2C_a,210.0,734.7643020892364
luh_to_sandia,naive_cross,luh,sandia,pytorch_simple_transformer,100,42,sandia,sandia_SNL_18650_NCA_35C_0_100_0_5_2C_b,216.0,541.1718790938742
luh_to_sandia,naive_cross,luh,sandia,pytorch_simple_transformer,100,42,sandia,sandia_SNL_18650_NMC_15C_0_100_0_5_1C_a,105.0,125.16498651047294
luh_to_sandia,naive_cross,luh,sandia,pytorch_simple_transformer,100,42,sandia,sandia_SNL_18650_NMC_15C_0_100_0_5_1C_b,142.0,726.2608309978281
luh_to_sandia,naive_cross,luh,sandia,pytorch_simple_transformer,100,42,sandia,sandia_SNL_18650_NMC_15C_0_100_0_5_2C_a,102.0,123.10925394708228
luh_to_sandia,naive_cross,luh,sandia,pytorch_simple_transformer,100,42,sandia,sandia_SNL_18650_NMC_15C_0_100_0_5_2C_b,103.0,785.7415204151929
luh_to_sandia,naive_cross,luh,sandia,pytorch_simple_transformer,100,42,sandia,sandia_SNL_18650_NMC_25C_0_100_0_5_0_5C_a,49.0,291.19554516411887
luh_to_sandia,naive_cross,luh,sandia,pytorch_simple_transformer,100,42,sandia,sandia_SNL_18650_NMC_25C_0_100_0_5_0_5C_b,327.0,268.82610278903326
luh_to_sandia,naive_cross,luh,sandia,pytorch_simple_transformer,100,42,sandia,sandia_SNL_18650_NMC_25C_0_100_0_5_1C_a,271.0,235.62142621704197
luh_to_sandia,naive_cross,luh,sandia,pytorch_simple_transformer,100,42,sandia,sandia_SNL_18650_NMC_25C_0_100_0_5_1C_b,340.0,247.05374018255475
luh_to_sandia,naive_cross,luh,sandia,pytorch_simple_transformer,100,42,sandia,sandia_SNL_18650_NMC_25C_0_100_0_5_1C_c,282.0,262.17723594751294
luh_to_sandia,naive_cross,luh,sandia,pytorch_simple_transformer,100,42,sandia,sandia_SNL_18650_NMC_25C_0_100_0_5_1C_d,285.0,233.91336446614142
luh_to_sandia,naive_cross,luh,sandia,pytorch_simple_transformer,100,42,sandia,sandia_SNL_18650_NMC_25C_0_100_0_5_2C_a,233.0,235.9752666907139
luh_to_sandia,naive_cross,luh,sandia,pytorch_simple_transformer,100,42,sandia,sandia_SNL_18650_NMC_25C_0_100_0_5_2C_b,135.0,748.4224607122936
luh_to_sandia,naive_cross,luh,sandia,pytorch_simple_transformer,100,42,sandia,sandia_SNL_18650_NMC_25C_0_100_0_5_3C_a,261.0,801.8278548262203
luh_to_sandia,naive_cross,luh,sandia,pytorch_simple_transformer,100,42,sandia,sandia_SNL_18650_NMC_25C_0_100_0_5_3C_b,287.0,228.89956555999805
luh_to_sandia,naive_cross,luh,sandia,pytorch_simple_transformer,100,42,sandia,sandia_SNL_18650_NMC_25C_0_100_0_5_3C_c,305.0,321.5312225113841
luh_to_sandia,naive_cross,luh,sandia,pytorch_simple_transformer,100,42,sandia,sandia_SNL_18650_NMC_25C_0_100_0_5_3C_d,304.0,222.85605922278816
luh_to_sandia,naive_cross,luh,sandia,pytorch_simple_transformer,100,42,sandia,sandia_SNL_18650_NMC_35C_0_100_0_5_1C_a,280.0,244.93123953003928
luh_to_sandia,naive_cross,luh,sandia,pytorch_simple_transformer,100,42,sandia,sandia_SNL_18650_NMC_35C_0_100_0_5_1C_b,90.0,786.8633353647966
luh_to_sandia,naive_cross,luh,sandia,pytorch_simple_transformer,100,42,sandia,sandia_SNL_18650_NMC_35C_0_100_0_5_1C_c,256.0,240.5835697395999
luh_to_sandia,naive_cross,luh,sandia,pytorch_simple_transformer,100,42,sandia,sandia_SNL_18650_NMC_35C_0_100_0_5_1C_d,390.0,379.2679366978572
luh_to_sandia,naive_cross,luh,sandia,pytorch_simple_transformer,100,42,sandia,sandia_SNL_18650_NMC_35C_0_100_0_5_2C_a,170.0,334.4003169544958
luh_to_sandia,naive_cross,luh,sandia,pytorch_simple_transformer,100,42,sandia,sandia_SNL_18650_NMC_35C_0_100_0_5_2C_b,400.0,430.75042826085144
luh_to_sandia,naive_cross,luh,sandia,pytorch_simple_transformer,100,456,sandia,sandia_SNL_18650_LFP_25C_0_100_0_5_3C_a,3183.0,1614.9999523405163
luh_to_sandia,naive_cross,luh,sandia,pytorch_simple_transformer,100,456,sandia,sandia_SNL_18650_LFP_25C_0_100_0_5_3C_b,1610.0,1614.9999523405163
luh_to_sandia,naive_cross,luh,sandia,pytorch_simple_transformer,100,456,sandia,sandia_SNL_18650_LFP_25C_0_100_0_5_3C_c,2305.0,1614.9999523405163
luh_to_sandia,naive_cross,luh,sandia,pytorch_simple_transformer,100,456,sandia,sandia_SNL_18650_LFP_25C_0_100_0_5_3C_d,2788.0,1614.9999523405163
luh_to_sandia,naive_cross,luh,sandia,pytorch_simple_transformer,100,456,sandia,sandia_SNL_18650_LFP_35C_0_100_0_5_1C_a,3089.0,1614.9999523405163
luh_to_sandia,naive_cross,luh,sandia,pytorch_simple_transformer,100,456,sandia,sandia_SNL_18650_LFP_35C_0_100_0_5_1C_b,3126.0,1614.9999523405163
luh_to_sandia,naive_cross,luh,sandia,pytorch_simple_transformer,100,456,sandia,sandia_SNL_18650_LFP_35C_0_100_0_5_1C_c,3246.0,1614.9999523405163
luh_to_sandia,naive_cross,luh,sandia,pytorch_simple_transformer,100,456,sandia,sandia_SNL_18650_LFP_35C_0_100_0_5_1C_d,3374.0,1614.9999523405163
luh_to_sandia,naive_cross,luh,sandia,pytorch_simple_transformer,100,456,sandia,sandia_SNL_18650_LFP_35C_0_100_0_5_2C_a,3442.0,1614.9999523405163
luh_to_sandia,naive_cross,luh,sandia,pytorch_simple_transformer,100,456,sandia,sandia_SNL_18650_LFP_35C_0_100_0_5_2C_b,2465.0,1614.9999523405163
luh_to_sandia,naive_cross,luh,sandia,pytorch_simple_transformer,100,456,sandia,sandia_SNL_18650_NCA_15C_0_100_0_5_1C_a,176.0,1614.9999523405163
luh_to_sandia,naive_cross,luh,sandia,pytorch_simple_transformer,100,456,sandia,sandia_SNL_18650_NCA_15C_0_100_0_5_1C_b,325.0,533.4134755888806
luh_to_sandia,naive_cross,luh,sandia,pytorch_simple_transformer,100,456,sandia,sandia_SNL_18650_NCA_15C_0_100_0_5_2C_a,158.0,1607.528911964266
luh_to_sandia,naive_cross,luh,sandia,pytorch_simple_transformer,100,456,sandia,sandia_SNL_18650_NCA_15C_0_100_0_5_2C_b,157.0,1606.800107651257
luh_to_sandia,naive_cross,luh,sandia,pytorch_simple_transformer,100,456,sandia,sandia_SNL_18650_NCA_25C_0_100_0_5_0_5C_a,249.0,1614.9999523405163
luh_to_sandia,naive_cross,luh,sandia,pytorch_simple_transformer,100,456,sandia,sandia_SNL_18650_NCA_25C_0_100_0_5_0_5C_b,135.0,416.40770829609926
luh_to_sandia,naive_cross,luh,sandia,pytorch_simple_transformer,100,456,sandia,sandia_SNL_18650_NCA_25C_0_100_0_5_1C_a,337.0,608.1211759037246
luh_to_sandia,naive_cross,luh,sandia,pytorch_simple_transformer,100,456,sandia,sandia_SNL_18650_NCA_25C_0_100_0_5_1C_b,228.0,1614.9999523405163
luh_to_sandia,naive_cross,luh,sandia,pytorch_simple_transformer,100,456,sandia,sandia_SNL_18650_NCA_25C_0_100_0_5_1C_c,228.0,463.1840382564672
luh_to_sandia,naive_cross,luh,sandia,pytorch_simple_transformer,100,456,sandia,sandia_SNL_18650_NCA_25C_0_100_0_5_1C_d,251.0,1614.9999523405163
luh_to_sandia,naive_cross,luh,sandia,pytorch_simple_transformer,100,456,sandia,sandia_SNL_18650_NCA_25C_0_100_0_5_2C_a,225.0,1595.9410931195202
luh_to_sandia,naive_cross,luh,sandia,pytorch_simple_transformer,100,456,sandia,sandia_SNL_18650_NCA_25C_0_100_0_5_2C_b,304.0,491.98873040391777
luh_to_sandia,naive_cross,luh,sandia,pytorch_simple_transformer,100,456,sandia,sandia_SNL_18650_NCA_35C_0_100_0_5_1C_a,171.0,1614.9999523405163
luh_to_sandia,naive_cross,luh,sandia,pytorch_simple_transformer,100,456,sandia,sandia_SNL_18650_NCA_35C_0_100_0_5_1C_b,320.0,1614.9999523405163
luh_to_sandia,naive_cross,luh,sandia,pytorch_simple_transformer,100,456,sandia,sandia_SNL_18650_NCA_35C_0_100_0_5_1C_c,346.0,1614.9999523405163
luh_to_sandia,naive_cross,luh,sandia,pytorch_simple_transformer,100,456,sandia,sandia_SNL_18650_NCA_35C_0_100_0_5_1C_d,320.0,1614.9999523405163
luh_to_sandia,naive_cross,luh,sandia,pytorch_simple_transformer,100,456,sandia,sandia_SNL_18650_NCA_35C_0_100_0_5_2C_a,210.0,1614.9999523405163
luh_to_sandia,naive_cross,luh,sandia,pytorch_simple_transformer,100,456,sandia,sandia_SNL_18650_NCA_35C_0_100_0_5_2C_b,216.0,1347.9032337521046
luh_to_sandia,naive_cross,luh,sandia,pytorch_simple_transformer,100,456,sandia,sandia_SNL_18650_NMC_15C_0_100_0_5_1C_a,105.0,111.02738452937906
luh_to_sandia,naive_cross,luh,sandia,pytorch_simple_transformer,100,456,sandia,sandia_SNL_18650_NMC_15C_0_100_0_5_1C_b,142.0,1614.9999523405163
luh_to_sandia,naive_cross,luh,sandia,pytorch_simple_transformer,100,456,sandia,sandia_SNL_18650_NMC_15C_0_100_0_5_2C_a,102.0,120.92157243647112
luh_to_sandia,naive_cross,luh,sandia,pytorch_simple_transformer,100,456,sandia,sandia_SNL_18650_NMC_15C_0_100_0_5_2C_b,103.0,1521.0288176829806
luh_to_sandia,naive_cross,luh,sandia,pytorch_simple_transformer,100,456,sandia,sandia_SNL_18650_NMC_25C_0_100_0_5_0_5C_a,49.0,742.4859502025291
luh_to_sandia,naive_cross,luh,sandia,pytorch_simple_transformer,100,456,sandia,sandia_SNL_18650_NMC_25C_0_100_0_5_0_5C_b,327.0,1580.8559227092958
luh_to_sandia,naive_cross,luh,sandia,pytorch_simple_transformer,100,456,sandia,sandia_SNL_18650_NMC_25C_0_100_0_5_1C_a,271.0,334.91239812066686
luh_to_sandia,naive_cross,luh,sandia,pytorch_simple_transformer,100,456,sandia,sandia_SNL_18650_NMC_25C_0_100_0_5_1C_b,340.0,287.5706317911563
luh_to_sandia,naive_cross,luh,sandia,pytorch_simple_transformer,100,456,sandia,sandia_SNL_18650_NMC_25C_0_100_0_5_1C_c,282.0,398.35261853745084
luh_to_sandia,naive_cross,luh,sandia,pytorch_simple_transformer,100,456,sandia,sandia_SNL_18650_NMC_25C_0_100_0_5_1C_d,285.0,320.51801022546374
luh_to_sandia,naive_cross,luh,sandia,pytorch_simple_transformer,100,456,sandia,sandia_SNL_18650_NMC_25C_0_100_0_5_2C_a,233.0,286.2319952689113
luh_to_sandia,naive_cross,luh,sandia,pytorch_simple_transformer,100,456,sandia,sandia_SNL_18650_NMC_25C_0_100_0_5_2C_b,135.0,1614.9999523405163
luh_to_sandia,naive_cross,luh,sandia,pytorch_simple_transformer,100,456,sandia,sandia_SNL_18650_NMC_25C_0_100_0_5_3C_a,261.0,1607.9183561257294
luh_to_sandia,naive_cross,luh,sandia,pytorch_simple_transformer,100,456,sandia,sandia_SNL_18650_NMC_25C_0_100_0_5_3C_b,287.0,280.14138927304555
luh_to_sandia,naive_cross,luh,sandia,pytorch_simple_transformer,100,456,sandia,sandia_SNL_18650_NMC_25C_0_100_0_5_3C_c,305.0,1614.9999523405163
luh_to_sandia,naive_cross,luh,sandia,pytorch_simple_transformer,100,456,sandia,sandia_SNL_18650_NMC_25C_0_100_0_5_3C_d,304.0,276.066875495206
luh_to_sandia,naive_cross,luh,sandia,pytorch_simple_transformer,100,456,sandia,sandia_SNL_18650_NMC_35C_0_100_0_5_1C_a,280.0,301.82718026951693
luh_to_sandia,naive_cross,luh,sandia,pytorch_simple_transformer,100,456,sandia,sandia_SNL_18650_NMC_35C_0_100_0_5_1C_b,90.0,1585.2333211588116
luh_to_sandia,naive_cross,luh,sandia,pytorch_simple_transformer,100,456,sandia,sandia_SNL_18650_NMC_35C_0_100_0_5_1C_c,256.0,324.7365692460121
luh_to_sandia,naive_cross,luh,sandia,pytorch_simple_transformer,100,456,sandia,sandia_SNL_18650_NMC_35C_0_100_0_5_1C_d,390.0,593.4511230280655
luh_to_sandia,naive_cross,luh,sandia,pytorch_simple_transformer,100,456,sandia,sandia_SNL_18650_NMC_35C_0_100_0_5_2C_a,170.0,1614.9999523405163
luh_to_sandia,naive_cross,luh,sandia,pytorch_simple_transformer,100,456,sandia,sandia_SNL_18650_NMC_35C_0_100_0_5_2C_b,400.0,1614.9999523405163
luh_to_sandia,naive_cross,luh,sandia,pytorch_simple_transformer,100,789,sandia,sandia_SNL_18650_LFP_25C_0_100_0_5_3C_a,3183.0,1099.1402619528046
luh_to_sandia,naive_cross,luh,sandia,pytorch_simple_transformer,100,789,sandia,sandia_SNL_18650_LFP_25C_0_100_0_5_3C_b,1610.0,935.5633425928037
luh_to_sandia,naive_cross,luh,sandia,pytorch_simple_transformer,100,789,sandia,sandia_SNL_18650_LFP_25C_0_100_0_5_3C_c,2305.0,955.0689191118225
luh_to_sandia,naive_cross,luh,sandia,pytorch_simple_transformer,100,789,sandia,sandia_SNL_18650_LFP_25C_0_100_0_5_3C_d,2788.0,919.0516501221646
luh_to_sandia,naive_cross,luh,sandia,pytorch_simple_transformer,100,789,sandia,sandia_SNL_18650_LFP_35C_0_100_0_5_1C_a,3089.0,668.9352283197305
luh_to_sandia,naive_cross,luh,sandia,pytorch_simple_transformer,100,789,sandia,sandia_SNL_18650_LFP_35C_0_100_0_5_1C_b,3126.0,1010.9852889011818
luh_to_sandia,naive_cross,luh,sandia,pytorch_simple_transformer,100,789,sandia,sandia_SNL_18650_LFP_35C_0_100_0_5_1C_c,3246.0,1005.8339842060714
luh_to_sandia,naive_cross,luh,sandia,pytorch_simple_transformer,100,789,sandia,sandia_SNL_18650_LFP_35C_0_100_0_5_1C_d,3374.0,1059.0832340628117
luh_to_sandia,naive_cross,luh,sandia,pytorch_simple_transformer,100,789,sandia,sandia_SNL_18650_LFP_35C_0_100_0_5_2C_a,3442.0,989.7981087944144
luh_to_sandia,naive_cross,luh,sandia,pytorch_simple_transformer,100,789,sandia,sandia_SNL_18650_LFP_35C_0_100_0_5_2C_b,2465.0,1011.4795369111471
luh_to_sandia,naive_cross,luh,sandia,pytorch_simple_transformer,100,789,sandia,sandia_SNL_18650_NCA_15C_0_100_0_5_1C_a,176.0,449.7304036232163
luh_to_sandia,naive_cross,luh,sandia,pytorch_simple_transformer,100,789,sandia,sandia_SNL_18650_NCA_15C_0_100_0_5_1C_b,325.0,393.2478591018824
luh_to_sandia,naive_cross,luh,sandia,pytorch_simple_transformer,100,789,sandia,sandia_SNL_18650_NCA_15C_0_100_0_5_2C_a,158.0,390.106468026798
luh_to_sandia,naive_cross,luh,sandia,pytorch_simple_transformer,100,789,sandia,sandia_SNL_18650_NCA_15C_0_100_0_5_2C_b,157.0,274.0170070816212
luh_to_sandia,naive_cross,luh,sandia,pytorch_simple_transformer,100,789,sandia,sandia_SNL_18650_NCA_25C_0_100_0_5_0_5C_a,249.0,517.4709262685569
luh_to_sandia,naive_cross,luh,sandia,pytorch_simple_transformer,100,789,sandia,sandia_SNL_18650_NCA_25C_0_100_0_5_0_5C_b,135.0,240.56360942934882
luh_to_sandia,naive_cross,luh,sandia,pytorch_simple_transformer,100,789,sandia,sandia_SNL_18650_NCA_25C_0_100_0_5_1C_a,337.0,395.6214353742469
luh_to_sandia,naive_cross,luh,sandia,pytorch_simple_transformer,100,789,sandia,sandia_SNL_18650_NCA_25C_0_100_0_5_1C_b,228.0,485.16602770946224
luh_to_sandia,naive_cross,luh,sandia,pytorch_simple_transformer,100,789,sandia,sandia_SNL_18650_NCA_25C_0_100_0_5_1C_c,228.0,428.50943135343476
luh_to_sandia,naive_cross,luh,sandia,pytorch_simple_transformer,100,789,sandia,sandia_SNL_18650_NCA_25C_0_100_0_5_1C_d,251.0,545.8961315446057
luh_to_sandia,naive_cross,luh,sandia,pytorch_simple_transformer,100,789,sandia,sandia_SNL_18650_NCA_25C_0_100_0_5_2C_a,225.0,485.0566137739258
luh_to_sandia,naive_cross,luh,sandia,pytorch_simple_transformer,100,789,sandia,sandia_SNL_18650_NCA_25C_0_100_0_5_2C_b,304.0,280.44665636138024
luh_to_sandia,naive_cross,luh,sandia,pytorch_simple_transformer,100,789,sandia,sandia_SNL_18650_NCA_35C_0_100_0_5_1C_a,171.0,541.0813108210991
luh_to_sandia,naive_cross,luh,sandia,pytorch_simple_transformer,100,789,sandia,sandia_SNL_18650_NCA_35C_0_100_0_5_1C_b,320.0,571.13806620282
luh_to_sandia,naive_cross,luh,sandia,pytorch_simple_transformer,100,789,sandia,sandia_SNL_18650_NCA_35C_0_100_0_5_1C_c,346.0,516.5905340550717
luh_to_sandia,naive_cross,luh,sandia,pytorch_simple_transformer,100,789,sandia,sandia_SNL_18650_NCA_35C_0_100_0_5_1C_d,320.0,565.2606482795899
luh_to_sandia,naive_cross,luh,sandia,pytorch_simple_transformer,100,789,sandia,sandia_SNL_18650_NCA_35C_0_100_0_5_2C_a,210.0,460.6780793336306
luh_to_sandia,naive_cross,luh,sandia,pytorch_simple_transformer,100,789,sandia,sandia_SNL_18650_NCA_35C_0_100_0_5_2C_b,216.0,434.2971764936107
luh_to_sandia,naive_cross,luh,sandia,pytorch_simple_transformer,100,789,sandia,sandia_SNL_18650_NMC_15C_0_100_0_5_1C_a,105.0,104.294159817928
luh_to_sandia,naive_cross,luh,sandia,pytorch_simple_transformer,100,789,sandia,sandia_SNL_18650_NMC_15C_0_100_0_5_1C_b,142.0,435.3901157044868
luh_to_sandia,naive_cross,luh,sandia,pytorch_simple_transformer,100,789,sandia,sandia_SNL_18650_NMC_15C_0_100_0_5_2C_a,102.0,104.71653555473924
luh_to_sandia,naive_cross,luh,sandia,pytorch_simple_transformer,100,789,sandia,sandia_SNL_18650_NMC_15C_0_100_0_5_2C_b,103.0,342.4623119222268
luh_to_sandia,naive_cross,luh,sandia,pytorch_simple_transformer,100,789,sandia,sandia_SNL_18650_NMC_25C_0_100_0_5_0_5C_a,49.0,249.93541993691971
luh_to_sandia,naive_cross,luh,sandia,pytorch_simple_transformer,100,789,sandia,sandia_SNL_18650_NMC_25C_0_100_0_5_0_5C_b,327.0,286.98214848595717
luh_to_sandia,naive_cross,luh,sandia,pytorch_simple_transformer,100,789,sandia,sandia_SNL_18650_NMC_25C_0_100_0_5_1C_a,271.0,230.89712285299493
luh_to_sandia,naive_cross,luh,sandia,pytorch_simple_transformer,100,789,sandia,sandia_SNL_18650_NMC_25C_0_100_0_5_1C_b,340.0,236.45712615434556
luh_to_sandia,naive_cross,luh,sandia,pytorch_simple_transformer,100,789,sandia,sandia_SNL_18650_NMC_25C_0_100_0_5_1C_c,282.0,256.47908933164047
luh_to_sandia,naive_cross,luh,sandia,pytorch_simple_transformer,100,789,sandia,sandia_SNL_18650_NMC_25C_0_100_0_5_1C_d,285.0,226.02362177148393
luh_to_sandia,naive_cross,luh,sandia,pytorch_simple_transformer,100,789,sandia,sandia_SNL_18650_NMC_25C_0_100_0_5_2C_a,233.0,227.6388998888285
luh_to_sandia,naive_cross,luh,sandia,pytorch_simple_transformer,100,789,sandia,sandia_SNL_18650_NMC_25C_0_100_0_5_2C_b,135.0,576.3874277347195
luh_to_sandia,naive_cross,luh,sandia,pytorch_simple_transformer,100,789,sandia,sandia_SNL_18650_NMC_25C_0_100_0_5_3C_a,261.0,427.8320030395558
luh_to_sandia,naive_cross,luh,sandia,pytorch_simple_transformer,100,789,sandia,sandia_SNL_18650_NMC_25C_0_100_0_5_3C_b,287.0,216.2719938188202
luh_to_sandia,naive_cross,luh,sandia,pytorch_simple_transformer,100,789,sandia,sandia_SNL_18650_NMC_25C_0_100_0_5_3C_c,305.0,309.82369159453845
luh_to_sandia,naive_cross,luh,sandia,pytorch_simple_transformer,100,789,sandia,sandia_SNL_18650_NMC_25C_0_100_0_5_3C_d,304.0,212.00317230242308
luh_to_sandia,naive_cross,luh,sandia,pytorch_simple_transformer,100,789,sandia,sandia_SNL_18650_NMC_35C_0_100_0_5_1C_a,280.0,238.19886867630902
luh_to_sandia,naive_cross,luh,sandia,pytorch_simple_transformer,100,789,sandia,sandia_SNL_18650_NMC_35C_0_100_0_5_1C_b,90.0,396.40131515943415
luh_to_sandia,naive_cross,luh,sandia,pytorch_simple_transformer,100,789,sandia,sandia_SNL_18650_NMC_35C_0_100_0_5_1C_c,256.0,235.24197876537204
luh_to_sandia,naive_cross,luh,sandia,pytorch_simple_transformer,100,789,sandia,sandia_SNL_18650_NMC_35C_0_100_0_5_1C_d,390.0,348.4647518689926
luh_to_sandia,naive_cross,luh,sandia,pytorch_simple_transformer,100,789,sandia,sandia_SNL_18650_NMC_35C_0_100_0_5_2C_a,170.0,350.4841188124431
luh_to_sandia,naive_cross,luh,sandia,pytorch_simple_transformer,100,789,sandia,sandia_SNL_18650_NMC_35C_0_100_0_5_2C_b,400.0,387.93649584732117
matr_to_hust,naive_cross,matr,hust,pytorch_simple_transformer,100,1011,hust,hust_1-1,1198.0,712.3794238818695
matr_to_hust,naive_cross,matr,hust,pytorch_simple_transformer,100,1011,hust,hust_1-2,1966.0,712.3301706824997
matr_to_hust,naive_cross,matr,hust,pytorch_simple_transformer,100,1011,hust,hust_1-3,1513.0,714.8563160005535
matr_to_hust,naive_cross,matr,hust,pytorch_simple_transformer,100,1011,hust,hust_1-4,1213.0,714.7496316350953
matr_to_hust,naive_cross,matr,hust,pytorch_simple_transformer,100,1011,hust,hust_1-5,1538.0,714.8385909774844
matr_to_hust,naive_cross,matr,hust,pytorch_simple_transformer,100,1011,hust,hust_1-6,829.0,712.0408344589716
matr_to_hust,naive_cross,matr,hust,pytorch_simple_transformer,100,1011,hust,hust_1-7,1321.0,712.3570047619672
matr_to_hust,naive_cross,matr,hust,pytorch_simple_transformer,100,1011,hust,hust_1-8,1733.0,712.3712713929974
matr_to_hust,naive_cross,matr,hust,pytorch_simple_transformer,100,1011,hust,hust_10-1,1378.0,712.3570047619672
matr_to_hust,naive_cross,matr,hust,pytorch_simple_transformer,100,1011,hust,hust_10-2,1375.0,713.4580728100224
matr_to_hust,naive_cross,matr,hust,pytorch_simple_transformer,100,1011,hust,hust_10-3,1477.0,712.3729698204853
matr_to_hust,naive_cross,matr,hust,pytorch_simple_transformer,100,1011,hust,hust_10-4,1489.0,714.0424410974583
matr_to_hust,naive_cross,matr,hust,pytorch_simple_transformer,100,1011,hust,hust_10-5,1657.0,714.2726440081608
matr_to_hust,naive_cross,matr,hust,pytorch_simple_transformer,100,1011,hust,hust_10-6,1659.0,712.3468144861606
matr_to_hust,naive_cross,matr,hust,pytorch_simple_transformer,100,1011,hust,hust_10-7,1435.0,714.1800090629849
matr_to_hust,naive_cross,matr,hust,pytorch_simple_transformer,100,1011,hust,hust_10-8,1093.0,712.3407003906474
matr_to_hust,naive_cross,matr,hust,pytorch_simple_transformer,100,1011,hust,hust_2-2,2021.0,712.2880534063711
matr_to_hust,naive_cross,matr,hust,pytorch_simple_transformer,100,1011,hust,hust_2-3,1413.0,714.5836719631868
matr_to_hust,naive_cross,matr,hust,pytorch_simple_transformer,100,1011,hust,hust_2-4,1165.0,712.3512302544458
matr_to_hust,naive_cross,matr,hust,pytorch_simple_transformer,100,1011,hust,hust_2-5,1092.0,714.481797951484
matr_to_hust,naive_cross,matr,hust,pytorch_simple_transformer,100,1011,hust,hust_2-6,1297.0,714.4303553915119
matr_to_hust,naive_cross,matr,hust,pytorch_simple_transformer,100,1011,hust,hust_2-7,1789.0,714.1786468740202
matr_to_hust,naive_cross,matr,hust,pytorch_simple_transformer,100,1011,hust,hust_2-8,1192.0,712.3933512661933
matr_to_hust,naive_cross,matr,hust,pytorch_simple_transformer,100,1011,hust,hust_3-1,1571.0,714.0380148455873
matr_to_hust,naive_cross,matr,hust,pytorch_simple_transformer,100,1011,hust,hust_3-2,1773.0,713.711228983108
matr_to_hust,naive_cross,matr,hust,pytorch_simple_transformer,100,1011,hust,hust_3-3,1360.0,713.9648154284159
matr_to_hust,naive_cross,matr,hust,pytorch_simple_transformer,100,1011,hust,hust_3-4,1396.0,712.3311896797114
matr_to_hust,naive_cross,matr,hust,pytorch_simple_transformer,100,1011,hust,hust_3-5,1879.0,712.3002807461223
matr_to_hust,naive_cross,matr,hust,pytorch_simple_transformer,100,1011,hust,hust_3-6,1979.0,714.0138411848874
matr_to_hust,naive_cross,matr,hust,pytorch_simple_transformer,100,1011,hust,hust_3-7,1870.0,712.3556460501038
matr_to_hust,naive_cross,matr,hust,pytorch_simple_transformer,100,1011,hust,hust_3-8,1856.0,713.6591613052244
matr_to_hust,naive_cross,matr,hust,pytorch_simple_transformer,100,1011,hust,hust_4-1,1762.0,712.3807826390855
matr_to_hust,naive_cross,matr,hust,pytorch_simple_transformer,100,1011,hust,hust_4-2,1453.0,714.0407386896454
matr_to_hust,naive_cross,matr,hust,pytorch_simple_transformer,100,1011,hust,hust_4-3,931.0,712.3451161210319
matr_to_hust,naive_cross,matr,hust,pytorch_simple_transformer,100,1011,hust,hust_4-4,1204.0,712.3865573861664
matr_to_hust,naive_cross,matr,hust,pytorch_simple_transformer,100,1011,hust,hust_4-5,1220.0,712.348173181179
matr_to_hust,naive_cross,matr,hust,pytorch_simple_transformer,100,1011,hust,hust_4-6,1089.0,712.3736491926143
matr_to_hust,naive_cross,matr,hust,pytorch_simple_transformer,100,1011,hust,hust_4-7,1579.0,712.3546270179071
matr_to_hust,naive_cross,matr,hust,pytorch_simple_transformer,100,1011,hust,hust_4-8,1389.0,714.4794131151733
matr_to_hust,naive_cross,matr,hust,pytorch_simple_transformer,100,1011,hust,hust_5-1,1832.0,712.342059074004
matr_to_hust,naive_cross,matr,hust,pytorch_simple_transformer,100,1011,hust,hust_5-2,1574.0,714.929606819039
matr_to_hust,naive_cross,matr,hust,pytorch_simple_transformer,100,1011,hust,hust_5-3,2024.0,712.329491351835
matr_to_hust,naive_cross,matr,hust,pytorch_simple_transformer,100,1011,hust,hust_5-4,1520.0,712.371611078171
matr_to_hust,naive_cross,matr,hust,pytorch_simple_transformer,100,1011,hust,hust_5-5,1242.0,714.400377329726
matr_to_hust,naive_cross,matr,hust,pytorch_simple_transformer,100,1011,hust,hust_5-6,1807.0,712.3597221934685
matr_to_hust,naive_cross,matr,hust,pytorch_simple_transformer,100,1011,hust,hust_5-7,1171.0,712.3396813798305
matr_to_hust,naive_cross,matr,hust,pytorch_simple_transformer,100,1011,hust,hust_6-1,1255.0,712.3491922041436
matr_to_hust,naive_cross,matr,hust,pytorch_simple_transformer,100,1011,hust,hust_6-2,1496.0,714.8004154974317
matr_to_hust,naive_cross,matr,hust,pytorch_simple_transformer,100,1011,hust,hust_6-3,1437.0,714.258339298417
matr_to_hust,naive_cross,matr,hust,pytorch_simple_transformer,100,1011,hust,hust_6-4,1332.0,712.3488525296601
matr_to_hust,naive_cross,matr,hust,pytorch_simple_transformer,100,1011,hust,hust_6-5,1686.0,712.358363476422
matr_to_hust,naive_cross,matr,hust,pytorch_simple_transformer,100,1011,hust,hust_6-6,1924.0,714.6814710486618
matr_to_hust,naive_cross,matr,hust,pytorch_simple_transformer,100,1011,hust,hust_6-8,1700.0,712.2979031913987
matr_to_hust,naive_cross,matr,hust,pytorch_simple_transformer,100,1011,hust,hust_7-1,1308.0,712.3556460501038
matr_to_hust,naive_cross,matr,hust,pytorch_simple_transformer,100,1011,hust,hust_7-2,1637.0,713.1465146155504
matr_to_hust,naive_cross,matr,hust,pytorch_simple_transformer,100,1011,hust,hust_7-3,1063.0,712.4256230811452
matr_to_hust,naive_cross,matr,hust,pytorch_simple_transformer,100,1011,hust,hust_7-4,1148.0,712.4426088341074
matr_to_hust,naive_cross,matr,hust,pytorch_simple_transformer,100,1011,hust,hust_7-5,1528.0,713.4499079770635
matr_to_hust,naive_cross,matr,hust,pytorch_simple_transformer,100,1011,hust,hust_7-6,1162.0,712.4086377331502
matr_to_hust,naive_cross,matr,hust,pytorch_simple_transformer,100,1011,hust,hust_7-7,1367.0,712.4123744749634
matr_to_hust,naive_cross,matr,hust,pytorch_simple_transformer,100,1011,hust,hust_7-8,1566.0,714.1132648590634
matr_to_hust,naive_cross,matr,hust,pytorch_simple_transformer,100,1011,hust,hust_8-1,1062.0,712.4361542002761
matr_to_hust,naive_cross,matr,hust,pytorch_simple_transformer,100,1011,hust,hust_8-2,1564.0,712.3970879278257
matr_to_hust,naive_cross,matr,hust,pytorch_simple_transformer,100,1011,hust,hust_8-3,1844.0,714.0373338861964
matr_to_hust,naive_cross,matr,hust,pytorch_simple_transformer,100,1011,hust,hust_8-4,1517.0,712.4415896775095
matr_to_hust,naive_cross,matr,hust,pytorch_simple_transformer,100,1011,hust,hust_8-5,1089.0,712.4164509429315
matr_to_hust,naive_cross,matr,hust,pytorch_simple_transformer,100,1011,hust,hust_8-6,1746.0,712.3604015529636
matr_to_hust,naive_cross,matr,hust,pytorch_simple_transformer,100,1011,hust,hust_8-7,1593.0,712.4429485532975
matr_to_hust,naive_cross,matr,hust,pytorch_simple_transformer,100,1011,hust,hust_8-8,1351.0,714.1871605976764
matr_to_hust,naive_cross,matr,hust,pytorch_simple_transformer,100,1011,hust,hust_9-1,1647.0,713.5060430907331
matr_to_hust,naive_cross,matr,hust,pytorch_simple_transformer,100,1011,hust,hust_9-2,1679.0,713.7034015732438
matr_to_hust,naive_cross,matr,hust,pytorch_simple_transformer,100,1011,hust,hust_9-3,1526.0,713.6646061132972
matr_to_hust,naive_cross,matr,hust,pytorch_simple_transformer,100,1011,hust,hust_9-4,1589.0,713.6384033555294
matr_to_hust,naive_cross,matr,hust,pytorch_simple_transformer,100,1011,hust,hust_9-5,1719.0,713.5332617053995
matr_to_hust,naive_cross,matr,hust,pytorch_simple_transformer,100,1011,hust,hust_9-6,1381.0,713.5148890266106
matr_to_hust,naive_cross,matr,hust,pytorch_simple_transformer,100,1011,hust,hust_9-7,1617.0,713.6945533002464
matr_to_hust,naive_cross,matr,hust,pytorch_simple_transformer,100,1011,hust,hust_9-8,1839.0,714.1258640525812
matr_to_hust,naive_cross,matr,hust,pytorch_simple_transformer,100,123,hust,hust_1-1,1198.0,495.0569534453926
matr_to_hust,naive_cross,matr,hust,pytorch_simple_transformer,100,123,hust,hust_1-2,1966.0,489.29566468602275
matr_to_hust,naive_cross,matr,hust,pytorch_simple_transformer,100,123,hust,hust_1-3,1513.0,648.9985539532469
matr_to_hust,naive_cross,matr,hust,pytorch_simple_transformer,100,123,hust,hust_1-4,1213.0,649.6568136013242
matr_to_hust,naive_cross,matr,hust,pytorch_simple_transformer,100,123,hust,hust_1-5,1538.0,649.0502369375905
matr_to_hust,naive_cross,matr,hust,pytorch_simple_transformer,100,123,hust,hust_1-6,829.0,398.4451346030569
matr_to_hust,naive_cross,matr,hust,pytorch_simple_transformer,100,123,hust,hust_1-7,1321.0,493.856386140002
matr_to_hust,naive_cross,matr,hust,pytorch_simple_transformer,100,123,hust,hust_1-8,1733.0,500.5155351542133
matr_to_hust,naive_cross,matr,hust,pytorch_simple_transformer,100,123,hust,hust_10-1,1378.0,499.6504092259915
matr_to_hust,naive_cross,matr,hust,pytorch_simple_transformer,100,123,hust,hust_10-2,1375.0,761.0774353547438
matr_to_hust,naive_cross,matr,hust,pytorch_simple_transformer,100,123,hust,hust_10-3,1477.0,495.35873204963565
matr_to_hust,naive_cross,matr,hust,pytorch_simple_transformer,100,123,hust,hust_10-4,1489.0,660.5394001170248
matr_to_hust,naive_cross,matr,hust,pytorch_simple_transformer,100,123,hust,hust_10-5,1657.0,656.3989256829744
matr_to_hust,naive_cross,matr,hust,pytorch_simple_transformer,100,123,hust,hust_10-6,1659.0,491.49350776114983
matr_to_hust,naive_cross,matr,hust,pytorch_simple_transformer,100,123,hust,hust_10-7,1435.0,658.8030533623495
matr_to_hust,naive_cross,matr,hust,pytorch_simple_transformer,100,123,hust,hust_10-8,1093.0,486.0197476666934
matr_to_hust,naive_cross,matr,hust,pytorch_simple_transformer,100,123,hust,hust_2-2,2021.0,477.4932456073654
matr_to_hust,naive_cross,matr,hust,pytorch_simple_transformer,100,123,hust,hust_2-3,1413.0,650.6345964072815
matr_to_hust,naive_cross,matr,hust,pytorch_simple_transformer,100,123,hust,hust_2-4,1165.0,490.18446539094833
matr_to_hust,naive_cross,matr,hust,pytorch_simple_transformer,100,123,hust,hust_2-5,1092.0,653.0344265475393
matr_to_hust,naive_cross,matr,hust,pytorch_simple_transformer,100,123,hust,hust_2-6,1297.0,652.7641950175076
matr_to_hust,naive_cross,matr,hust,pytorch_simple_transformer,100,123,hust,hust_2-7,1789.0,657.3530023711106
matr_to_hust,naive_cross,matr,hust,pytorch_simple_transformer,100,123,hust,hust_2-8,1192.0,494.79263509535986
matr_to_hust,naive_cross,matr,hust,pytorch_simple_transformer,100,123,hust,hust_3-1,1571.0,660.8355380271668
matr_to_hust,naive_cross,matr,hust,pytorch_simple_transformer,100,123,hust,hust_3-2,1773.0,674.8958045159114
matr_to_hust,naive_cross,matr,hust,pytorch_simple_transformer,100,123,hust,hust_3-3,1360.0,665.5499487057834
matr_to_hust,naive_cross,matr,hust,pytorch_simple_transformer,100,123,hust,hust_3-4,1396.0,487.1218185856273
matr_to_hust,naive_cross,matr,hust,pytorch_simple_transformer,100,123,hust,hust_3-5,1879.0,483.0480719782238
matr_to_hust,naive_cross,matr,hust,pytorch_simple_transformer,100,123,hust,hust_3-6,1979.0,661.1510393687122
matr_to_hust,naive_cross,matr,hust,pytorch_simple_transformer,100,123,hust,hust_3-7,1870.0,501.9292278293811
matr_to_hust,naive_cross,matr,hust,pytorch_simple_transformer,100,123,hust,hust_3-8,1856.0,677.1067499444274
matr_to_hust,naive_cross,matr,hust,pytorch_simple_transformer,100,123,hust,hust_4-1,1762.0,493.38351512017266
matr_to_hust,naive_cross,matr,hust,pytorch_simple_transformer,100,123,hust,hust_4-2,1453.0,660.5951521120176
matr_to_hust,naive_cross,matr,hust,pytorch_simple_transformer,100,123,hust,hust_4-3,931.0,487.80030951820936
matr_to_hust,naive_cross,matr,hust,pytorch_simple_transformer,100,123,hust,hust_4-4,1204.0,495.2878754827886
matr_to_hust,naive_cross,matr,hust,pytorch_simple_transformer,100,123,hust,hust_4-5,1220.0,488.76586151243833
matr_to_hust,naive_cross,matr,hust,pytorch_simple_transformer,100,123,hust,hust_4-6,1089.0,488.8551323043483
matr_to_hust,naive_cross,matr,hust,pytorch_simple_transformer,100,123,hust,hust_4-7,1579.0,490.72657000438556
matr_to_hust,naive_cross,matr,hust,pytorch_simple_transformer,100,123,hust,hust_4-8,1389.0,652.8199133334077
matr_to_hust,naive_cross,matr,hust,pytorch_simple_transformer,100,123,hust,hust_5-1,1832.0,493.87687411455744
matr_to_hust,naive_cross,matr,hust,pytorch_simple_transformer,100,123,hust,hust_5-2,1574.0,648.3208666439853
matr_to_hust,naive_cross,matr,hust,pytorch_simple_transformer,100,123,hust,hust_5-3,2024.0,492.64369581986915
matr_to_hust,naive_cross,matr,hust,pytorch_simple_transformer,100,123,hust,hust_5-4,1520.0,503.0383493966873
matr_to_hust,naive_cross,matr,hust,pytorch_simple_transformer,100,123,hust,hust_5-5,1242.0,652.6116943444812
matr_to_hust,naive_cross,matr,hust,pytorch_simple_transformer,100,123,hust,hust_5-6,1807.0,494.1513064877952
matr_to_hust,naive_cross,matr,hust,pytorch_simple_transformer,100,123,hust,hust_5-7,1171.0,491.5420231655499
matr_to_hust,naive_cross,matr,hust,pytorch_simple_transformer,100,123,hust,hust_6-1,1255.0,493.0925798674776
matr_to_hust,naive_cross,matr,hust,pytorch_simple_transformer,100,123,hust,hust_6-2,1496.0,649.0548793232506
matr_to_hust,naive_cross,matr,hust,pytorch_simple_transformer,100,123,hust,hust_6-3,1437.0,655.6056490878195
matr_to_hust,naive_cross,matr,hust,pytorch_simple_transformer,100,123,hust,hust_6-4,1332.0,489.43543994496633
matr_to_hust,naive_cross,matr,hust,pytorch_simple_transformer,100,123,hust,hust_6-5,1686.0,495.51796010863336
matr_to_hust,naive_cross,matr,hust,pytorch_simple_transformer,100,123,hust,hust_6-6,1924.0,649.3065463044269
matr_to_hust,naive_cross,matr,hust,pytorch_simple_transformer,100,123,hust,hust_6-8,1700.0,472.05181474436716
matr_to_hust,naive_cross,matr,hust,pytorch_simple_transformer,100,123,hust,hust_7-1,1308.0,492.74777230520647
matr_to_hust,naive_cross,matr,hust,pytorch_simple_transformer,100,123,hust,hust_7-2,1637.0,615.4600007830442
matr_to_hust,naive_cross,matr,hust,pytorch_simple_transformer,100,123,hust,hust_7-3,1063.0,502.87478644259613
matr_to_hust,naive_cross,matr,hust,pytorch_simple_transformer,100,123,hust,hust_7-4,1148.0,500.94125473696585
matr_to_hust,naive_cross,matr,hust,pytorch_simple_transformer,100,123,hust,hust_7-5,1528.0,703.7040333333292
matr_to_hust,naive_cross,matr,hust,pytorch_simple_transformer,100,123,hust,hust_7-6,1162.0,496.8637528129244
matr_to_hust,naive_cross,matr,hust,pytorch_simple_transformer,100,123,hust,hust_7-7,1367.0,499.964285499549
matr_to_hust,naive_cross,matr,hust,pytorch_simple_transformer,100,123,hust,hust_7-8,1566.0,657.0881901894741
matr_to_hust,naive_cross,matr,hust,pytorch_simple_transformer,100,123,hust,hust_8-1,1062.0,499.4253119177121
matr_to_hust,naive_cross,matr,hust,pytorch_simple_transformer,100,123,hust,hust_8-2,1564.0,491.27653611440155
matr_to_hust,naive_cross,matr,hust,pytorch_simple_transformer,100,123,hust,hust_8-3,1844.0,660.9852326757664
matr_to_hust,naive_cross,matr,hust,pytorch_simple_transformer,100,123,hust,hust_8-4,1517.0,502.4718619942164
matr_to_hust,naive_cross,matr,hust,pytorch_simple_transformer,100,123,hust,hust_8-5,1089.0,500.0415335685334
matr_to_hust,naive_cross,matr,hust,pytorch_simple_transformer,100,123,hust,hust_8-6,1746.0,493.5971807147071
matr_to_hust,naive_cross,matr,hust,pytorch_simple_transformer,100,123,hust,hust_8-7,1593.0,507.5436852694809
matr_to_hust,naive_cross,matr,hust,pytorch_simple_transformer,100,123,hust,hust_8-8,1351.0,657.9224747119638
matr_to_hust,naive_cross,matr,hust,pytorch_simple_transformer,100,123,hust,hust_9-1,1647.0,724.5444812528063
matr_to_hust,naive_cross,matr,hust,pytorch_simple_transformer,100,123,hust,hust_9-2,1679.0,674.1412477182876
matr_to_hust,naive_cross,matr,hust,pytorch_simple_transformer,100,123,hust,hust_9-3,1526.0,681.8081582249549
matr_to_hust,naive_cross,matr,hust,pytorch_simple_transformer,100,123,hust,hust_9-4,1589.0,684.1735363977589
matr_to_hust,naive_cross,matr,hust,pytorch_simple_transformer,100,123,hust,hust_9-5,1719.0,693.549043890122
matr_to_hust,naive_cross,matr,hust,pytorch_simple_transformer,100,123,hust,hust_9-6,1381.0,739.163965801175
matr_to_hust,naive_cross,matr,hust,pytorch_simple_transformer,100,123,hust,hust_9-7,1617.0,676.6594004399238
matr_to_hust,naive_cross,matr,hust,pytorch_simple_transformer,100,123,hust,hust_9-8,1839.0,659.4461010660996
matr_to_hust,naive_cross,matr,hust,pytorch_simple_transformer,100,42,hust,hust_1-1,1198.0,701.5149470414639
matr_to_hust,naive_cross,matr,hust,pytorch_simple_transformer,100,42,hust,hust_1-2,1966.0,701.1915519893814
matr_to_hust,naive_cross,matr,hust,pytorch_simple_transformer,100,42,hust,hust_1-3,1513.0,708.0932663199638
matr_to_hust,naive_cross,matr,hust,pytorch_simple_transformer,100,42,hust,hust_1-4,1213.0,708.0105480825318
matr_to_hust,naive_cross,matr,hust,pytorch_simple_transformer,100,42,hust,hust_1-5,1538.0,708.0227019934075
matr_to_hust,naive_cross,matr,hust,pytorch_simple_transformer,100,42,hust,hust_1-6,829.0,699.139952739599
matr_to_hust,naive_cross,matr,hust,pytorch_simple_transformer,100,42,hust,hust_1-7,1321.0,701.5259859053103
matr_to_hust,naive_cross,matr,hust,pytorch_simple_transformer,100,42,hust,hust_1-8,1733.0,701.690251339895
matr_to_hust,naive_cross,matr,hust,pytorch_simple_transformer,100,42,hust,hust_10-1,1378.0,701.4992253231292
matr_to_hust,naive_cross,matr,hust,pytorch_simple_transformer,100,42,hust,hust_10-2,1375.0,706.1534554983567
matr_to_hust,naive_cross,matr,hust,pytorch_simple_transformer,100,42,hust,hust_10-3,1477.0,701.5346833143201
matr_to_hust,naive_cross,matr,hust,pytorch_simple_transformer,100,42,hust,hust_10-4,1489.0,707.2520170028406
matr_to_hust,naive_cross,matr,hust,pytorch_simple_transformer,100,42,hust,hust_10-5,1657.0,707.517477870579
matr_to_hust,naive_cross,matr,hust,pytorch_simple_transformer,100,42,hust,hust_10-6,1659.0,701.3734642600612
matr_to_hust,naive_cross,matr,hust,pytorch_simple_transformer,100,42,hust,hust_10-7,1435.0,707.4402242157519
matr_to_hust,naive_cross,matr,hust,pytorch_simple_transformer,100,42,hust,hust_10-8,1093.0,701.0086840988346
matr_to_hust,naive_cross,matr,hust,pytorch_simple_transformer,100,42,hust,hust_2-2,2021.0,700.7690556337549
matr_to_hust,naive_cross,matr,hust,pytorch_simple_transformer,100,42,hust,hust_2-3,1413.0,707.8950963343235
matr_to_hust,naive_cross,matr,hust,pytorch_simple_transformer,100,42,hust,hust_2-4,1165.0,701.3667754733651
matr_to_hust,naive_cross,matr,hust,pytorch_simple_transformer,100,42,hust,hust_2-5,1092.0,707.7459146525617
matr_to_hust,naive_cross,matr,hust,pytorch_simple_transformer,100,42,hust,hust_2-6,1297.0,707.6602000375286
matr_to_hust,naive_cross,matr,hust,pytorch_simple_transformer,100,42,hust,hust_2-7,1789.0,707.5734836106215
matr_to_hust,naive_cross,matr,hust,pytorch_simple_transformer,100,42,hust,hust_2-8,1192.0,701.5487332028097
matr_to_hust,naive_cross,matr,hust,pytorch_simple_transformer,100,42,hust,hust_3-1,1571.0,707.2267241519706
matr_to_hust,naive_cross,matr,hust,pytorch_simple_transformer,100,42,hust,hust_3-2,1773.0,706.8305875586776
matr_to_hust,naive_cross,matr,hust,pytorch_simple_transformer,100,42,hust,hust_3-3,1360.0,707.1137604608939
matr_to_hust,naive_cross,matr,hust,pytorch_simple_transformer,100,42,hust,hust_3-4,1396.0,701.2641106018498
matr_to_hust,naive_cross,matr,hust,pytorch_simple_transformer,100,42,hust,hust_3-5,1879.0,700.9926394669891
matr_to_hust,naive_cross,matr,hust,pytorch_simple_transformer,100,42,hust,hust_3-6,1979.0,707.2712401744691
matr_to_hust,naive_cross,matr,hust,pytorch_simple_transformer,100,42,hust,hust_3-7,1870.0,701.908104533735
matr_to_hust,naive_cross,matr,hust,pytorch_simple_transformer,100,42,hust,hust_3-8,1856.0,706.6674775264853
matr_to_hust,naive_cross,matr,hust,pytorch_simple_transformer,100,42,hust,hust_4-1,1762.0,701.494876824945
matr_to_hust,naive_cross,matr,hust,pytorch_simple_transformer,100,42,hust,hust_4-2,1453.0,707.2520170028406
matr_to_hust,naive_cross,matr,hust,pytorch_simple_transformer,100,42,hust,hust_4-3,931.0,701.1711566805952
matr_to_hust,naive_cross,matr,hust,pytorch_simple_transformer,100,42,hust,hust_4-4,1204.0,701.6966086164155
matr_to_hust,naive_cross,matr,hust,pytorch_simple_transformer,100,42,hust,hust_4-5,1220.0,701.256754087152
matr_to_hust,naive_cross,matr,hust,pytorch_simple_transformer,100,42,hust,hust_4-6,1089.0,701.34135866567
matr_to_hust,naive_cross,matr,hust,pytorch_simple_transformer,100,42,hust,hust_4-7,1579.0,701.2925342246473
matr_to_hust,naive_cross,matr,hust,pytorch_simple_transformer,100,42,hust,hust_4-8,1389.0,707.6625621122221
matr_to_hust,naive_cross,matr,hust,pytorch_simple_transformer,100,42,hust,hust_5-1,1832.0,701.3597523159871
matr_to_hust,naive_cross,matr,hust,pytorch_simple_transformer,100,42,hust,hust_5-2,1574.0,708.2421835017108
matr_to_hust,naive_cross,matr,hust,pytorch_simple_transformer,100,42,hust,hust_5-3,2024.0,701.5109329522229
matr_to_hust,naive_cross,matr,hust,pytorch_simple_transformer,100,42,hust,hust_5-4,1520.0,701.9827456802286
matr_to_hust,naive_cross,matr,hust,pytorch_simple_transformer,100,42,hust,hust_5-5,1242.0,707.7985634206237
matr_to_hust,naive_cross,matr,hust,pytorch_simple_transformer,100,42,hust,hust_5-6,1807.0,701.4664450011337
matr_to_hust,naive_cross,matr,hust,pytorch_simple_transformer,100,42,hust,hust_5-7,1171.0,701.2677888881386
matr_to_hust,naive_cross,matr,hust,pytorch_simple_transformer,100,42,hust,hust_6-1,1255.0,701.4316593959827
matr_to_hust,naive_cross,matr,hust,pytorch_simple_transformer,100,42,hust,hust_6-2,1496.0,708.1111617406781
matr_to_hust,naive_cross,matr,hust,pytorch_simple_transformer,100,42,hust,hust_6-3,1437.0,707.5836056028937
matr_to_hust,naive_cross,matr,hust,pytorch_simple_transformer,100,42,hust,hust_6-4,1332.0,701.2420412892733
matr_to_hust,naive_cross,matr,hust,pytorch_simple_transformer,100,42,hust,hust_6-5,1686.0,701.4942078276168
matr_to_hust,naive_cross,matr,hust,pytorch_simple_transformer,100,42,hust,hust_6-6,1924.0,707.9632848568482
matr_to_hust,naive_cross,matr,hust,pytorch_simple_transformer,100,42,hust,hust_6-8,1700.0,700.4633725808628
matr_to_hust,naive_cross,matr,hust,pytorch_simple_transformer,100,42,hust,hust_7-1,1308.0,701.3818253331353
matr_to_hust,naive_cross,matr,hust,pytorch_simple_transformer,100,42,hust,hust_7-2,1637.0,704.8821356188341
matr_to_hust,naive_cross,matr,hust,pytorch_simple_transformer,100,42,hust,hust_7-3,1063.0,702.0801592927593
matr_to_hust,naive_cross,matr,hust,pytorch_simple_transformer,100,42,hust,hust_7-4,1148.0,701.977055268514
matr_to_hust,naive_cross,matr,hust,pytorch_simple_transformer,100,42,hust,hust_7-5,1528.0,706.5391054040508
matr_to_hust,naive_cross,matr,hust,pytorch_simple_transformer,100,42,hust,hust_7-6,1162.0,701.8264434931114
matr_to_hust,naive_cross,matr,hust,pytorch_simple_transformer,100,42,hust,hust_7-7,1367.0,701.829455411916
matr_to_hust,naive_cross,matr,hust,pytorch_simple_transformer,100,42,hust,hust_7-8,1566.0,707.4604645324574
matr_to_hust,naive_cross,matr,hust,pytorch_simple_transformer,100,42,hust,hust_8-1,1062.0,701.9660093068646
matr_to_hust,naive_cross,matr,hust,pytorch_simple_transformer,100,42,hust,hust_8-2,1564.0,701.3824942232872
matr_to_hust,naive_cross,matr,hust,pytorch_simple_transformer,100,42,hust,hust_8-3,1844.0,707.3339720530602
matr_to_hust,naive_cross,matr,hust,pytorch_simple_transformer,100,42,hust,hust_8-4,1517.0,702.1675417642022
matr_to_hust,naive_cross,matr,hust,pytorch_simple_transformer,100,42,hust,hust_8-5,1089.0,701.8532165579131
matr_to_hust,naive_cross,matr,hust,pytorch_simple_transformer,100,42,hust,hust_8-6,1746.0,701.4082469791819
matr_to_hust,naive_cross,matr,hust,pytorch_simple_transformer,100,42,hust,hust_8-7,1593.0,702.1283689666384
matr_to_hust,naive_cross,matr,hust,pytorch_simple_transformer,100,42,hust,hust_8-8,1351.0,707.4520309967891
matr_to_hust,naive_cross,matr,hust,pytorch_simple_transformer,100,42,hust,hust_9-1,1647.0,706.2669393259553
matr_to_hust,naive_cross,matr,hust,pytorch_simple_transformer,100,42,hust,hust_9-2,1679.0,706.8868759956362
matr_to_hust,naive_cross,matr,hust,pytorch_simple_transformer,100,42,hust,hust_9-3,1526.0,706.8022765062204
matr_to_hust,naive_cross,matr,hust,pytorch_simple_transformer,100,42,hust,hust_9-4,1589.0,706.6873587595421
matr_to_hust,naive_cross,matr,hust,pytorch_simple_transformer,100,42,hust,hust_9-5,1719.0,706.5852627732761
matr_to_hust,naive_cross,matr,hust,pytorch_simple_transformer,100,42,hust,hust_9-6,1381.0,706.2548155544846
matr_to_hust,naive_cross,matr,hust,pytorch_simple_transformer,100,42,hust,hust_9-7,1617.0,706.7567789761358
matr_to_hust,naive_cross,matr,hust,pytorch_simple_transformer,100,42,hust,hust_9-8,1839.0,707.4537176958798
matr_to_hust,naive_cross,matr,hust,pytorch_simple_transformer,100,456,hust,hust_1-1,1198.0,554.159433100566
matr_to_hust,naive_cross,matr,hust,pytorch_simple_transformer,100,456,hust,hust_1-2,1966.0,543.8651261886092
matr_to_hust,naive_cross,matr,hust,pytorch_simple_transformer,100,456,hust,hust_1-3,1513.0,810.1283313760715
matr_to_hust,naive_cross,matr,hust,pytorch_simple_transformer,100,456,hust,hust_1-4,1213.0,808.8560889370528
matr_to_hust,naive_cross,matr,hust,pytorch_simple_transformer,100,456,hust,hust_1-5,1538.0,809.7706971950284
matr_to_hust,naive_cross,matr,hust,pytorch_simple_transformer,100,456,hust,hust_1-6,829.0,497.99658699216343
matr_to_hust,naive_cross,matr,hust,pytorch_simple_transformer,100,456,hust,hust_1-7,1321.0,551.311621325303
matr_to_hust,naive_cross,matr,hust,pytorch_simple_transformer,100,456,hust,hust_1-8,1733.0,556.6388136881832
matr_to_hust,naive_cross,matr,hust,pytorch_simple_transformer,100,456,hust,hust_10-1,1378.0,559.4727911600455
matr_to_hust,naive_cross,matr,hust,pytorch_simple_transformer,100,456,hust,hust_10-2,1375.0,755.5108926195526
matr_to_hust,naive_cross,matr,hust,pytorch_simple_transformer,100,456,hust,hust_10-3,1477.0,552.717220640638
matr_to_hust,naive_cross,matr,hust,pytorch_simple_transformer,100,456,hust,hust_10-4,1489.0,789.2498784887554
matr_to_hust,naive_cross,matr,hust,pytorch_simple_transformer,100,456,hust,hust_10-5,1657.0,796.4921439463074
matr_to_hust,naive_cross,matr,hust,pytorch_simple_transformer,100,456,hust,hust_10-6,1659.0,547.1877215329947
matr_to_hust,naive_cross,matr,hust,pytorch_simple_transformer,100,456,hust,hust_10-7,1435.0,793.3566506253983
matr_to_hust,naive_cross,matr,hust,pytorch_simple_transformer,100,456,hust,hust_10-8,1093.0,540.3119633952008
matr_to_hust,naive_cross,matr,hust,pytorch_simple_transformer,100,456,hust,hust_2-2,2021.0,530.9785486838356
matr_to_hust,naive_cross,matr,hust,pytorch_simple_transformer,100,456,hust,hust_2-3,1413.0,805.462575567681
matr_to_hust,naive_cross,matr,hust,pytorch_simple_transformer,100,456,hust,hust_2-4,1165.0,546.4505992203076
matr_to_hust,naive_cross,matr,hust,pytorch_simple_transformer,100,456,hust,hust_2-5,1092.0,802.077562579665
matr_to_hust,naive_cross,matr,hust,pytorch_simple_transformer,100,456,hust,hust_2-6,1297.0,802.0588222397057
matr_to_hust,naive_cross,matr,hust,pytorch_simple_transformer,100,456,hust,hust_2-7,1789.0,794.8614478061731
matr_to_hust,naive_cross,matr,hust,pytorch_simple_transformer,100,456,hust,hust_2-8,1192.0,554.8635613271618
matr_to_hust,naive_cross,matr,hust,pytorch_simple_transformer,100,456,hust,hust_3-1,1571.0,788.4558167227582
matr_to_hust,naive_cross,matr,hust,pytorch_simple_transformer,100,456,hust,hust_3-2,1773.0,774.262359456847
matr_to_hust,naive_cross,matr,hust,pytorch_simple_transformer,100,456,hust,hust_3-3,1360.0,785.2486083750437
matr_to_hust,naive_cross,matr,hust,pytorch_simple_transformer,100,456,hust,hust_3-4,1396.0,543.8988407967213
matr_to_hust,naive_cross,matr,hust,pytorch_simple_transformer,100,456,hust,hust_3-5,1879.0,538.6252507606532
matr_to_hust,naive_cross,matr,hust,pytorch_simple_transformer,100,456,hust,hust_3-6,1979.0,788.0205693947772
matr_to_hust,naive_cross,matr,hust,pytorch_simple_transformer,100,456,hust,hust_3-7,1870.0,570.6156850650196
matr_to_hust,naive_cross,matr,hust,pytorch_simple_transformer,100,456,hust,hust_3-8,1856.0,775.2561367756514
matr_to_hust,naive_cross,matr,hust,pytorch_simple_transformer,100,456,hust,hust_4-1,1762.0,552.8975224207545
matr_to_hust,naive_cross,matr,hust,pytorch_simple_transformer,100,456,hust,hust_4-2,1453.0,790.5561180812056
matr_to_hust,naive_cross,matr,hust,pytorch_simple_transformer,100,456,hust,hust_4-3,931.0,543.3376352280403
matr_to_hust,naive_cross,matr,hust,pytorch_simple_transformer,100,456,hust,hust_4-4,1204.0,555.3050555906676
matr_to_hust,naive_cross,matr,hust,pytorch_simple_transformer,100,456,hust,hust_4-5,1220.0,544.7852465834395
matr_to_hust,naive_cross,matr,hust,pytorch_simple_transformer,100,456,hust,hust_4-6,1089.0,546.7521595172669
matr_to_hust,naive_cross,matr,hust,pytorch_simple_transformer,100,456,hust,hust_4-7,1579.0,546.1882702807633
matr_to_hust,naive_cross,matr,hust,pytorch_simple_transformer,100,456,hust,hust_4-8,1389.0,801.220544582424
matr_to_hust,naive_cross,matr,hust,pytorch_simple_transformer,100,456,hust,hust_5-1,1832.0,549.340879231794
matr_to_hust,naive_cross,matr,hust,pytorch_simple_transformer,100,456,hust,hust_5-2,1574.0,810.9681947803851
matr_to_hust,naive_cross,matr,hust,pytorch_simple_transformer,100,456,hust,hust_5-3,2024.0,551.6408526963389
matr_to_hust,naive_cross,matr,hust,pytorch_simple_transformer,100,456,hust,hust_5-4,1520.0,567.689260279436
matr_to_hust,naive_cross,matr,hust,pytorch_simple_transformer,100,456,hust,hust_5-5,1242.0,802.0270793975516
matr_to_hust,naive_cross,matr,hust,pytorch_simple_transformer,100,456,hust,hust_5-6,1807.0,551.4280920654344
matr_to_hust,naive_cross,matr,hust,pytorch_simple_transformer,100,456,hust,hust_5-7,1171.0,545.2161219264897
matr_to_hust,naive_cross,matr,hust,pytorch_simple_transformer,100,456,hust,hust_6-1,1255.0,550.1445934735087
matr_to_hust,naive_cross,matr,hust,pytorch_simple_transformer,100,456,hust,hust_6-2,1496.0,809.6849811476803
matr_to_hust,naive_cross,matr,hust,pytorch_simple_transformer,100,456,hust,hust_6-3,1437.0,796.2707530402206
matr_to_hust,naive_cross,matr,hust,pytorch_simple_transformer,100,456,hust,hust_6-4,1332.0,541.1323987523355
matr_to_hust,naive_cross,matr,hust,pytorch_simple_transformer,100,456,hust,hust_6-5,1686.0,547.4340849267426
matr_to_hust,naive_cross,matr,hust,pytorch_simple_transformer,100,456,hust,hust_6-6,1924.0,807.4272042187089
matr_to_hust,naive_cross,matr,hust,pytorch_simple_transformer,100,456,hust,hust_6-8,1700.0,527.343839786673
matr_to_hust,naive_cross,matr,hust,pytorch_simple_transformer,100,456,hust,hust_7-1,1308.0,548.3866533159878
matr_to_hust,naive_cross,matr,hust,pytorch_simple_transformer,100,456,hust,hust_7-2,1637.0,714.5833312232206
matr_to_hust,naive_cross,matr,hust,pytorch_simple_transformer,100,456,hust,hust_7-3,1063.0,571.1010291838252
matr_to_hust,naive_cross,matr,hust,pytorch_simple_transformer,100,456,hust,hust_7-4,1148.0,570.623847846255
matr_to_hust,naive_cross,matr,hust,pytorch_simple_transformer,100,456,hust,hust_7-5,1528.0,759.7423730664167
matr_to_hust,naive_cross,matr,hust,pytorch_simple_transformer,100,456,hust,hust_7-6,1162.0,560.6032004156974
matr_to_hust,naive_cross,matr,hust,pytorch_simple_transformer,100,456,hust,hust_7-7,1367.0,562.7868732574921
matr_to_hust,naive_cross,matr,hust,pytorch_simple_transformer,100,456,hust,hust_7-8,1566.0,793.3233607539486
matr_to_hust,naive_cross,matr,hust,pytorch_simple_transformer,100,456,hust,hust_8-1,1062.0,566.8458593596652
matr_to_hust,naive_cross,matr,hust,pytorch_simple_transformer,100,456,hust,hust_8-2,1564.0,549.0957523477887
matr_to_hust,naive_cross,matr,hust,pytorch_simple_transformer,100,456,hust,hust_8-3,1844.0,788.8469173224736
matr_to_hust,naive_cross,matr,hust,pytorch_simple_transformer,100,456,hust,hust_8-4,1517.0,571.6178580978392
matr_to_hust,naive_cross,matr,hust,pytorch_simple_transformer,100,456,hust,hust_8-5,1089.0,564.779998238054
matr_to_hust,naive_cross,matr,hust,pytorch_simple_transformer,100,456,hust,hust_8-6,1746.0,550.6842071574043
matr_to_hust,naive_cross,matr,hust,pytorch_simple_transformer,100,456,hust,hust_8-7,1593.0,573.5870070550383
matr_to_hust,naive_cross,matr,hust,pytorch_simple_transformer,100,456,hust,hust_8-8,1351.0,793.6824354597655
matr_to_hust,naive_cross,matr,hust,pytorch_simple_transformer,100,456,hust,hust_9-1,1647.0,759.41350002545
matr_to_hust,naive_cross,matr,hust,pytorch_simple_transformer,100,456,hust,hust_9-2,1679.0,775.8071421840414
matr_to_hust,naive_cross,matr,hust,pytorch_simple_transformer,100,456,hust,hust_9-3,1526.0,772.0488703338901
matr_to_hust,naive_cross,matr,hust,pytorch_simple_transformer,100,456,hust,hust_9-4,1589.0,771.5203999641835
matr_to_hust,naive_cross,matr,hust,pytorch_simple_transformer,100,456,hust,hust_9-5,1719.0,765.1189697421888
matr_to_hust,naive_cross,matr,hust,pytorch_simple_transformer,100,456,hust,hust_9-6,1381.0,758.996818203529
matr_to_hust,naive_cross,matr,hust,pytorch_simple_transformer,100,456,hust,hust_9-7,1617.0,775.8267489164632
matr_to_hust,naive_cross,matr,hust,pytorch_simple_transformer,100,456,hust,hust_9-8,1839.0,791.1425184153409
matr_to_hust,naive_cross,matr,hust,pytorch_simple_transformer,100,789,hust,hust_1-1,1198.0,696.1542972456992
matr_to_hust,naive_cross,matr,hust,pytorch_simple_transformer,100,789,hust,hust_1-2,1966.0,694.5607614297821
matr_to_hust,naive_cross,matr,hust,pytorch_simple_transformer,100,789,hust,hust_1-3,1513.0,738.9338446982559
matr_to_hust,naive_cross,matr,hust,pytorch_simple_transformer,100,789,hust,hust_1-4,1213.0,738.1844218139269
matr_to_hust,naive_cross,matr,hust,pytorch_simple_transformer,100,789,hust,hust_1-5,1538.0,739.0621116352148
matr_to_hust,naive_cross,matr,hust,pytorch_simple_transformer,100,789,hust,hust_1-6,829.0,682.3578180433968
matr_to_hust,naive_cross,matr,hust,pytorch_simple_transformer,100,789,hust,hust_1-7,1321.0,695.5693113749808
matr_to_hust,naive_cross,matr,hust,pytorch_simple_transformer,100,789,hust,hust_1-8,1733.0,696.3883629133682
matr_to_hust,naive_cross,matr,hust,pytorch_simple_transformer,100,789,hust,hust_10-1,1378.0,697.0338619494989
matr_to_hust,naive_cross,matr,hust,pytorch_simple_transformer,100,789,hust,hust_10-2,1375.0,721.8605181472392
matr_to_hust,naive_cross,matr,hust,pytorch_simple_transformer,100,789,hust,hust_10-3,1477.0,695.8824814433024
matr_to_hust,naive_cross,matr,hust,pytorch_simple_transformer,100,789,hust,hust_10-4,1489.0,730.7127054281862
matr_to_hust,naive_cross,matr,hust,pytorch_simple_transformer,100,789,hust,hust_10-5,1657.0,733.1764237486301
matr_to_hust,naive_cross,matr,hust,pytorch_simple_transformer,100,789,hust,hust_10-6,1659.0,695.0805967085834
matr_to_hust,naive_cross,matr,hust,pytorch_simple_transformer,100,789,hust,hust_10-7,1435.0,732.0546986150297
matr_to_hust,naive_cross,matr,hust,pytorch_simple_transformer,100,789,hust,hust_10-8,1093.0,693.8669289853851
matr_to_hust,naive_cross,matr,hust,pytorch_simple_transformer,100,789,hust,hust_2-2,2021.0,692.0733347319131
matr_to_hust,naive_cross,matr,hust,pytorch_simple_transformer,100,789,hust,hust_2-3,1413.0,737.0111040866783
matr_to_hust,naive_cross,matr,hust,pytorch_simple_transformer,100,789,hust,hust_2-4,1165.0,694.7909782786944
matr_to_hust,naive_cross,matr,hust,pytorch_simple_transformer,100,789,hust,hust_2-5,1092.0,735.5267367441447
matr_to_hust,naive_cross,matr,hust,pytorch_simple_transformer,100,789,hust,hust_2-6,1297.0,735.5614594851286
matr_to_hust,naive_cross,matr,hust,pytorch_simple_transformer,100,789,hust,hust_2-7,1789.0,732.6081850957845
matr_to_hust,naive_cross,matr,hust,pytorch_simple_transformer,100,789,hust,hust_2-8,1192.0,696.2004401357771
matr_to_hust,naive_cross,matr,hust,pytorch_simple_transformer,100,789,hust,hust_3-1,1571.0,730.791455070547
matr_to_hust,naive_cross,matr,hust,pytorch_simple_transformer,100,789,hust,hust_3-2,1773.0,726.6224667141439
matr_to_hust,naive_cross,matr,hust,pytorch_simple_transformer,100,789,hust,hust_3-3,1360.0,729.6817293227502
matr_to_hust,naive_cross,matr,hust,pytorch_simple_transformer,100,789,hust,hust_3-4,1396.0,694.3696897131746
matr_to_hust,naive_cross,matr,hust,pytorch_simple_transformer,100,789,hust,hust_3-5,1879.0,693.4379342462677
matr_to_hust,naive_cross,matr,hust,pytorch_simple_transformer,100,789,hust,hust_3-6,1979.0,730.4625748127216
matr_to_hust,naive_cross,matr,hust,pytorch_simple_transformer,100,789,hust,hust_3-7,1870.0,698.3789366501925
matr_to_hust,naive_cross,matr,hust,pytorch_simple_transformer,100,789,hust,hust_3-8,1856.0,726.621427273111
matr_to_hust,naive_cross,matr,hust,pytorch_simple_transformer,100,789,hust,hust_4-1,1762.0,695.8300554434883
matr_to_hust,naive_cross,matr,hust,pytorch_simple_transformer,100,789,hust,hust_4-2,1453.0,731.3778142326707
matr_to_hust,naive_cross,matr,hust,pytorch_simple_transformer,100,789,hust,hust_4-3,931.0,694.4236613175467
matr_to_hust,naive_cross,matr,hust,pytorch_simple_transformer,100,789,hust,hust_4-4,1204.0,696.1104809294145
matr_to_hust,naive_cross,matr,hust,pytorch_simple_transformer,100,789,hust,hust_4-5,1220.0,694.6114357123494
matr_to_hust,naive_cross,matr,hust,pytorch_simple_transformer,100,789,hust,hust_4-6,1089.0,695.0474534731403
matr_to_hust,naive_cross,matr,hust,pytorch_simple_transformer,100,789,hust,hust_4-7,1579.0,694.8983284694509
matr_to_hust,naive_cross,matr,hust,pytorch_simple_transformer,100,789,hust,hust_4-8,1389.0,735.1803005950206
matr_to_hust,naive_cross,matr,hust,pytorch_simple_transformer,100,789,hust,hust_5-1,1832.0,695.2446789992996
matr_to_hust,naive_cross,matr,hust,pytorch_simple_transformer,100,789,hust,hust_5-2,1574.0,739.5196843600185
matr_to_hust,naive_cross,matr,hust,pytorch_simple_transformer,100,789,hust,hust_5-3,2024.0,695.7000029291036
matr_to_hust,naive_cross,matr,hust,pytorch_simple_transformer,100,789,hust,hust_5-4,1520.0,697.7731158570208
matr_to_hust,naive_cross,matr,hust,pytorch_simple_transformer,100,789,hust,hust_5-5,1242.0,735.3927714305744
matr_to_hust,naive_cross,matr,hust,pytorch_simple_transformer,100,789,hust,hust_5-6,1807.0,695.8317144335971
matr_to_hust,naive_cross,matr,hust,pytorch_simple_transformer,100,789,hust,hust_5-7,1171.0,694.7949539159363
matr_to_hust,naive_cross,matr,hust,pytorch_simple_transformer,100,789,hust,hust_6-1,1255.0,695.4883877990512
matr_to_hust,naive_cross,matr,hust,pytorch_simple_transformer,100,789,hust,hust_6-2,1496.0,738.6727986435767
matr_to_hust,naive_cross,matr,hust,pytorch_simple_transformer,100,789,hust,hust_6-3,1437.0,733.4876389099953
matr_to_hust,naive_cross,matr,hust,pytorch_simple_transformer,100,789,hust,hust_6-4,1332.0,694.0750721033231
matr_to_hust,naive_cross,matr,hust,pytorch_simple_transformer,100,789,hust,hust_6-5,1686.0,695.0653506239946
matr_to_hust,naive_cross,matr,hust,pytorch_simple_transformer,100,789,hust,hust_6-6,1924.0,737.7698895975861
matr_to_hust,naive_cross,matr,hust,pytorch_simple_transformer,100,789,hust,hust_6-8,1700.0,691.5085945196314
matr_to_hust,naive_cross,matr,hust,pytorch_simple_transformer,100,789,hust,hust_7-1,1308.0,695.2642388657633
matr_to_hust,naive_cross,matr,hust,pytorch_simple_transformer,100,789,hust,hust_7-2,1637.0,714.6736329979643
matr_to_hust,naive_cross,matr,hust,pytorch_simple_transformer,100,789,hust,hust_7-3,1063.0,698.4029139997687
matr_to_hust,naive_cross,matr,hust,pytorch_simple_transformer,100,789,hust,hust_7-4,1148.0,698.372276421401
matr_to_hust,naive_cross,matr,hust,pytorch_simple_transformer,100,789,hust,hust_7-5,1528.0,722.9335287417538
matr_to_hust,naive_cross,matr,hust,pytorch_simple_transformer,100,789,hust,hust_7-6,1162.0,696.82981563051
matr_to_hust,naive_cross,matr,hust,pytorch_simple_transformer,100,789,hust,hust_7-7,1367.0,697.3550069174148
matr_to_hust,naive_cross,matr,hust,pytorch_simple_transformer,100,789,hust,hust_7-8,1566.0,732.4429683655119
matr_to_hust,naive_cross,matr,hust,pytorch_simple_transformer,100,789,hust,hust_8-1,1062.0,697.8672831449231
matr_to_hust,naive_cross,matr,hust,pytorch_simple_transformer,100,789,hust,hust_8-2,1564.0,695.3709990208976
matr_to_hust,naive_cross,matr,hust,pytorch_simple_transformer,100,789,hust,hust_8-3,1844.0,730.8646371238995
matr_to_hust,naive_cross,matr,hust,pytorch_simple_transformer,100,789,hust,hust_8-4,1517.0,698.4871742708182
matr_to_hust,naive_cross,matr,hust,pytorch_simple_transformer,100,789,hust,hust_8-5,1089.0,697.6965934988822
matr_to_hust,naive_cross,matr,hust,pytorch_simple_transformer,100,789,hust,hust_8-6,1746.0,695.5676530104888
matr_to_hust,naive_cross,matr,hust,pytorch_simple_transformer,100,789,hust,hust_8-7,1593.0,698.7040330079614
matr_to_hust,naive_cross,matr,hust,pytorch_simple_transformer,100,789,hust,hust_8-8,1351.0,732.3395958778962
matr_to_hust,naive_cross,matr,hust,pytorch_simple_transformer,100,789,hust,hust_9-1,1647.0,722.9056068338598
matr_to_hust,naive_cross,matr,hust,pytorch_simple_transformer,100,789,hust,hust_9-2,1679.0,726.6585015892202
matr_to_hust,naive_cross,matr,hust,pytorch_simple_transformer,100,789,hust,hust_9-3,1526.0,725.8419189974696
matr_to_hust,naive_cross,matr,hust,pytorch_simple_transformer,100,789,hust,hust_9-4,1589.0,725.543634865033
matr_to_hust,naive_cross,matr,hust,pytorch_simple_transformer,100,789,hust,hust_9-5,1719.0,724.3458518887122
matr_to_hust,naive_cross,matr,hust,pytorch_simple_transformer,100,789,hust,hust_9-6,1381.0,722.8159882429712
matr_to_hust,naive_cross,matr,hust,pytorch_simple_transformer,100,789,hust,hust_9-7,1617.0,726.711517682677
matr_to_hust,naive_cross,matr,hust,pytorch_simple_transformer,100,789,hust,hust_9-8,1839.0,731.546278972922
matr_to_luh,naive_cross,matr,luh,pytorch_simple_transformer,100,1011,luh,luh_P017_1_S01_C08,139.0,711.4553902829574
matr_to_luh,naive_cross,matr,luh,pytorch_simple_transformer,100,1011,luh,luh_P017_2_S04_C07,127.0,711.4313040566637
matr_to_luh,naive_cross,matr,luh,pytorch_simple_transformer,100,1011,luh,luh_P017_3_S05_C05,126.0,711.438428066839
matr_to_luh,naive_cross,matr,luh,pytorch_simple_transformer,100,1011,luh,luh_P018_1_S01_C06,109.0,711.3254700225322
matr_to_luh,naive_cross,matr,luh,pytorch_simple_transformer,100,1011,luh,luh_P018_2_S02_C06,107.0,711.3217389817447
matr_to_luh,naive_cross,matr,luh,pytorch_simple_transformer,100,1011,luh,luh_P018_3_S04_C05,107.0,711.3119026952934
matr_to_luh,naive_cross,matr,luh,pytorch_simple_transformer,100,1011,luh,luh_P019_1_S01_C04,63.0,711.5324038301271
matr_to_luh,naive_cross,matr,luh,pytorch_simple_transformer,100,1011,luh,luh_P019_2_S02_C04,62.0,711.5507254608381
matr_to_luh,naive_cross,matr,luh,pytorch_simple_transformer,100,1011,luh,luh_P019_3_S05_C02,60.0,711.582280486304
matr_to_luh,naive_cross,matr,luh,pytorch_simple_transformer,100,1011,luh,luh_P021_1_S02_C08,451.0,711.6179088098219
matr_to_luh,naive_cross,matr,luh,pytorch_simple_transformer,100,1011,luh,luh_P021_2_S03_C08,428.0,711.5721012929378
matr_to_luh,naive_cross,matr,luh,pytorch_simple_transformer,100,1011,luh,luh_P021_3_S04_C08,430.0,711.5839770326886
matr_to_luh,naive_cross,matr,luh,pytorch_simple_transformer,100,1011,luh,luh_P022_1_S03_C06,341.0,711.6067111444983
matr_to_luh,naive_cross,matr,luh,pytorch_simple_transformer,100,1011,luh,luh_P022_2_S04_C06,344.0,711.5354574024841
matr_to_luh,naive_cross,matr,luh,pytorch_simple_transformer,100,1011,luh,luh_P022_3_S05_C04,314.0,711.5256181606956
matr_to_luh,naive_cross,matr,luh,pytorch_simple_transformer,100,1011,luh,luh_P023_1_S03_C04,82.0,711.8938342154638
matr_to_luh,naive_cross,matr,luh,pytorch_simple_transformer,100,1011,luh,luh_P023_2_S04_C04,72.0,711.9318544631841
matr_to_luh,naive_cross,matr,luh,pytorch_simple_transformer,100,1011,luh,luh_P023_3_S05_C03,79.0,711.8693936998503
matr_to_luh,naive_cross,matr,luh,pytorch_simple_transformer,100,1011,luh,luh_P025_1_S01_C09,718.0,711.7339677174962
matr_to_luh,naive_cross,matr,luh,pytorch_simple_transformer,100,1011,luh,luh_P025_2_S02_C09,690.0,711.7278588820662
matr_to_luh,naive_cross,matr,luh,pytorch_simple_transformer,100,1011,luh,luh_P025_3_S03_C09,702.0,711.7634944945715
matr_to_luh,naive_cross,matr,luh,pytorch_simple_transformer,100,1011,luh,luh_P026_1_S01_C07,581.0,711.702745331713
matr_to_luh,naive_cross,matr,luh,pytorch_simple_transformer,100,1011,luh,luh_P026_2_S02_C07,613.0,711.6864559350317
matr_to_luh,naive_cross,matr,luh,pytorch_simple_transformer,100,1011,luh,luh_P026_3_S03_C07,563.0,711.7356646255319
matr_to_luh,naive_cross,matr,luh,pytorch_simple_transformer,100,1011,luh,luh_P027_1_S01_C05,269.0,711.6416620165395
matr_to_luh,naive_cross,matr,luh,pytorch_simple_transformer,100,1011,luh,luh_P027_2_S02_C05,285.0,711.6769539591434
matr_to_luh,naive_cross,matr,luh,pytorch_simple_transformer,100,1011,luh,luh_P027_3_S03_C05,298.0,711.674578484994
matr_to_luh,naive_cross,matr,luh,pytorch_simple_transformer,100,1011,luh,luh_P029_1_S06_C08,132.0,711.3838124785042
matr_to_luh,naive_cross,matr,luh,pytorch_simple_transformer,100,1011,luh,luh_P029_2_S08_C07,135.0,711.4330002430921
matr_to_luh,naive_cross,matr,luh,pytorch_simple_transformer,100,1011,luh,luh_P029_3_S09_C07,135.0,711.4689603470308
matr_to_luh,naive_cross,matr,luh,pytorch_simple_transformer,100,1011,luh,luh_P030_1_S06_C06,118.0,711.3973811773263
matr_to_luh,naive_cross,matr,luh,pytorch_simple_transformer,100,1011,luh,luh_P030_2_S08_C05,123.0,711.4123070449505
matr_to_luh,naive_cross,matr,luh,pytorch_simple_transformer,100,1011,luh,luh_P030_3_S09_C05,123.0,711.4207877910696
matr_to_luh,naive_cross,matr,luh,pytorch_simple_transformer,100,1011,luh,luh_P031_1_S06_C04,97.0,711.3960242957979
matr_to_luh,naive_cross,matr,luh,pytorch_simple_transformer,100,1011,luh,luh_P031_2_S07_C04,94.0,711.3855085517037
matr_to_luh,naive_cross,matr,luh,pytorch_simple_transformer,100,1011,luh,luh_P031_3_S09_C03,90.0,711.394328197527
matr_to_luh,naive_cross,matr,luh,pytorch_simple_transformer,100,1011,luh,luh_P033_1_S07_C08,524.0,711.6233380443146
matr_to_luh,naive_cross,matr,luh,pytorch_simple_transformer,100,1011,luh,luh_P033_2_S08_C08,508.0,711.642680028831
matr_to_luh,naive_cross,matr,luh,pytorch_simple_transformer,100,1011,luh,luh_P033_3_S09_C08,523.0,711.6355539733726
matr_to_luh,naive_cross,matr,luh,pytorch_simple_transformer,100,1011,luh,luh_P034_1_S07_C06,446.0,711.6016213548723
matr_to_luh,naive_cross,matr,luh,pytorch_simple_transformer,100,1011,luh,luh_P034_2_S08_C06,448.0,711.6114616476614
matr_to_luh,naive_cross,matr,luh,pytorch_simple_transformer,100,1011,luh,luh_P034_3_S09_C06,440.0,711.580583943964
matr_to_luh,naive_cross,matr,luh,pytorch_simple_transformer,100,1011,luh,luh_P035_1_S08_C04,279.0,711.5948350253341
matr_to_luh,naive_cross,matr,luh,pytorch_simple_transformer,100,1011,luh,luh_P035_2_S09_C04,360.0,711.6036572663542
matr_to_luh,naive_cross,matr,luh,pytorch_simple_transformer,100,1011,luh,luh_P035_3_S10_C02,342.0,711.5598864531079
matr_to_luh,naive_cross,matr,luh,pytorch_simple_transformer,100,1011,luh,luh_P037_1_S05_C11,741.0,711.6664340623911
matr_to_luh,naive_cross,matr,luh,pytorch_simple_transformer,100,1011,luh,luh_P037_3_S10_C04,783.0,711.6691488595692
matr_to_luh,naive_cross,matr,luh,pytorch_simple_transformer,100,1011,luh,luh_P038_1_S06_C07,734.0,711.7312526730542
matr_to_luh,naive_cross,matr,luh,pytorch_simple_transformer,100,1011,luh,luh_P038_2_S07_C07,816.0,711.7621369147381
matr_to_luh,naive_cross,matr,luh,pytorch_simple_transformer,100,1011,luh,luh_P038_3_S10_C03,697.0,711.6878133705151
matr_to_luh,naive_cross,matr,luh,pytorch_simple_transformer,100,1011,luh,luh_P039_1_S05_C10,552.0,711.7329495746167
matr_to_luh,naive_cross,matr,luh,pytorch_simple_transformer,100,1011,luh,luh_P039_2_S06_C05,588.0,711.6776326674997
matr_to_luh,naive_cross,matr,luh,pytorch_simple_transformer,100,1011,luh,luh_P039_3_S07_C05,547.0,711.6579503879576
matr_to_luh,naive_cross,matr,luh,pytorch_simple_transformer,100,1011,luh,luh_P041_1_S11_C08,236.0,711.3909360131164
matr_to_luh,naive_cross,matr,luh,pytorch_simple_transformer,100,1011,luh,luh_P041_2_S13_C07,220.0,711.4499623297995
matr_to_luh,naive_cross,matr,luh,pytorch_simple_transformer,100,1011,luh,luh_P041_3_S14_C07,237.0,711.3783850714395
matr_to_luh,naive_cross,matr,luh,pytorch_simple_transformer,100,1011,luh,luh_P042_1_S11_C06,180.0,711.3973811773263
matr_to_luh,naive_cross,matr,luh,pytorch_simple_transformer,100,1011,luh,luh_P042_2_S13_C05,204.0,711.4055225208456
matr_to_luh,naive_cross,matr,luh,pytorch_simple_transformer,100,1011,luh,luh_P042_3_S14_C05,197.0,711.3407335749974
matr_to_luh,naive_cross,matr,luh,pytorch_simple_transformer,100,1011,luh,luh_P043_1_S11_C04,160.0,711.4492838385667
matr_to_luh,naive_cross,matr,luh,pytorch_simple_transformer,100,1011,luh,luh_P043_2_S12_C04,156.0,711.4692996019489
matr_to_luh,naive_cross,matr,luh,pytorch_simple_transformer,100,1011,luh,luh_P043_3_S14_C03,153.0,711.4581042750658
matr_to_luh,naive_cross,matr,luh,pytorch_simple_transformer,100,1011,luh,luh_P045_1_S12_C08,975.0,711.6912069705505
matr_to_luh,naive_cross,matr,luh,pytorch_simple_transformer,100,1011,luh,luh_P045_2_S13_C08,980.0,711.6908676098188
matr_to_luh,naive_cross,matr,luh,pytorch_simple_transformer,100,1011,luh,luh_P045_3_S14_C08,845.0,711.580583943964
matr_to_luh,naive_cross,matr,luh,pytorch_simple_transformer,100,1011,luh,luh_P046_1_S12_C06,1095.0,711.6423406912387
matr_to_luh,naive_cross,matr,luh,pytorch_simple_transformer,100,1011,luh,luh_P046_2_S13_C06,937.0,711.5941563959399
matr_to_luh,naive_cross,matr,luh,pytorch_simple_transformer,100,1011,luh,luh_P046_3_S14_C06,1044.0,711.6786507312476
matr_to_luh,naive_cross,matr,luh,pytorch_simple_transformer,100,1011,luh,luh_P047_1_S13_C04,1015.0,711.5944957105561
matr_to_luh,naive_cross,matr,luh,pytorch_simple_transformer,100,1011,luh,luh_P047_2_S14_C04,923.0,711.5890666961121
matr_to_luh,naive_cross,matr,luh,pytorch_simple_transformer,100,1011,luh,luh_P047_3_S15_C01,866.0,711.628427989271
matr_to_luh,naive_cross,matr,luh,pytorch_simple_transformer,100,1011,luh,luh_P049_1_S10_C10,1466.0,711.6762752514345
matr_to_luh,naive_cross,matr,luh,pytorch_simple_transformer,100,1011,luh,luh_P049_3_S15_C02,1380.0,711.6165515076709
matr_to_luh,naive_cross,matr,luh,pytorch_simple_transformer,100,1011,luh,luh_P050_1_S10_C09,1615.0,711.679329441222
matr_to_luh,naive_cross,matr,luh,pytorch_simple_transformer,100,1011,luh,luh_P050_2_S11_C07,1575.0,711.6528602318414
matr_to_luh,naive_cross,matr,luh,pytorch_simple_transformer,100,1011,luh,luh_P050_3_S12_C07,1555.0,711.6732210747541
matr_to_luh,naive_cross,matr,luh,pytorch_simple_transformer,100,1011,luh,luh_P051_1_S10_C08,1234.0,711.6800081518436
matr_to_luh,naive_cross,matr,luh,pytorch_simple_transformer,100,1011,luh,luh_P051_2_S11_C05,1318.0,711.8721092712594
matr_to_luh,naive_cross,matr,luh,pytorch_simple_transformer,100,1011,luh,luh_P051_3_S12_C05,1238.0,711.7533127089367
matr_to_luh,naive_cross,matr,luh,pytorch_simple_transformer,100,1011,luh,luh_P053_1_S15_C08,323.0,711.3597286754674
matr_to_luh,naive_cross,matr,luh,pytorch_simple_transformer,100,1011,luh,luh_P053_2_S16_C08,332.0,711.3827948365255
matr_to_luh,naive_cross,matr,luh,pytorch_simple_transformer,100,1011,luh,luh_P053_3_S19_C07,377.0,711.4106109078584
matr_to_luh,naive_cross,matr,luh,pytorch_simple_transformer,100,1011,luh,luh_P054_1_S16_C06,359.0,711.3285227068237
matr_to_luh,naive_cross,matr,luh,pytorch_simple_transformer,100,1011,luh,luh_P054_2_S17_C06,376.0,711.3583718657554
matr_to_luh,naive_cross,matr,luh,pytorch_simple_transformer,100,1011,luh,luh_P054_3_S19_C05,384.0,711.3207214285628
matr_to_luh,naive_cross,matr,luh,pytorch_simple_transformer,100,1011,luh,luh_P055_1_S15_C05,354.0,711.4011126148739
matr_to_luh,naive_cross,matr,luh,pytorch_simple_transformer,100,1011,luh,luh_P055_2_S16_C04,350.0,711.3946674168576
matr_to_luh,naive_cross,matr,luh,pytorch_simple_transformer,100,1011,luh,luh_P055_3_S17_C04,351.0,711.398398840171
matr_to_luh,naive_cross,matr,luh,pytorch_simple_transformer,100,1011,luh,luh_P057_1_S17_C08,555.0,711.539868141246
matr_to_luh,naive_cross,matr,luh,pytorch_simple_transformer,100,1011,luh,luh_P057_2_S18_C08,556.0,711.5459753631314
matr_to_luh,naive_cross,matr,luh,pytorch_simple_transformer,100,1011,luh,luh_P057_3_S19_C08,539.0,711.6263920069197
matr_to_luh,naive_cross,matr,luh,pytorch_simple_transformer,100,1011,luh,luh_P058_1_S15_C07,707.0,711.614176235136
matr_to_luh,naive_cross,matr,luh,pytorch_simple_transformer,100,1011,luh,luh_P058_2_S18_C06,672.0,711.6375899819365
matr_to_luh,naive_cross,matr,luh,pytorch_simple_transformer,100,1011,luh,luh_P058_3_S19_C06,712.0,711.5907632586765
matr_to_luh,naive_cross,matr,luh,pytorch_simple_transformer,100,1011,luh,luh_P059_1_S15_C06,605.0,711.6447160577828
matr_to_luh,naive_cross,matr,luh,pytorch_simple_transformer,100,1011,luh,luh_P059_2_S18_C04,660.0,711.6436980425788
matr_to_luh,naive_cross,matr,luh,pytorch_simple_transformer,100,1011,luh,luh_P059_3_S19_C04,664.0,711.6063718240573
matr_to_luh,naive_cross,matr,luh,pytorch_simple_transformer,100,1011,luh,luh_P061_1_S16_C09,947.0,711.5690475633226
matr_to_luh,naive_cross,matr,luh,pytorch_simple_transformer,100,1011,luh,luh_P061_2_S17_C09,942.0,711.5927991390929
matr_to_luh,naive_cross,matr,luh,pytorch_simple_transformer,100,1011,luh,luh_P061_3_S18_C09,1033.0,711.6738997795504
matr_to_luh,naive_cross,matr,luh,pytorch_simple_transformer,100,1011,luh,luh_P062_1_S16_C07,1120.0,711.6352146391782
matr_to_luh,naive_cross,matr,luh,pytorch_simple_transformer,100,1011,luh,luh_P062_2_S17_C07,1148.0,711.6372506467712
matr_to_luh,naive_cross,matr,luh,pytorch_simple_transformer,100,1011,luh,luh_P062_3_S18_C07,1128.0,711.6308033093763
matr_to_luh,naive_cross,matr,luh,pytorch_simple_transformer,100,1011,luh,luh_P063_1_S16_C05,1149.0,711.8072778325395
matr_to_luh,naive_cross,matr,luh,pytorch_simple_transformer,100,1011,luh,luh_P063_2_S17_C05,1236.0,711.6817049312294
matr_to_luh,naive_cross,matr,luh,pytorch_simple_transformer,100,1011,luh,luh_P063_3_S18_C05,1335.0,711.6884920892276
matr_to_luh,naive_cross,matr,luh,pytorch_simple_transformer,100,123,luh,luh_P017_1_S01_C08,139.0,146.61164889586578
matr_to_luh,naive_cross,matr,luh,pytorch_simple_transformer,100,123,luh,luh_P017_2_S04_C07,127.0,145.84548800985925
matr_to_luh,naive_cross,matr,luh,pytorch_simple_transformer,100,123,luh,luh_P017_3_S05_C05,126.0,145.78457970764606
matr_to_luh,naive_cross,matr,luh,pytorch_simple_transformer,100,123,luh,luh_P018_1_S01_C06,109.0,145.164641511706
matr_to_luh,naive_cross,matr,luh,pytorch_simple_transformer,100,123,luh,luh_P018_2_S02_C06,107.0,145.06257806298473
matr_to_luh,naive_cross,matr,luh,pytorch_simple_transformer,100,123,luh,luh_P018_3_S04_C05,107.0,145.03864679248733
matr_to_luh,naive_cross,matr,luh,pytorch_simple_transformer,100,123,luh,luh_P019_1_S01_C04,63.0,142.00185356330923
matr_to_luh,naive_cross,matr,luh,pytorch_simple_transformer,100,123,luh,luh_P019_2_S02_C04,62.0,141.92847298166274
matr_to_luh,naive_cross,matr,luh,pytorch_simple_transformer,100,123,luh,luh_P019_3_S05_C02,60.0,141.84789283234582
matr_to_luh,naive_cross,matr,luh,pytorch_simple_transformer,100,123,luh,luh_P021_1_S02_C08,451.0,171.8742058498832
matr_to_luh,naive_cross,matr,luh,pytorch_simple_transformer,100,123,luh,luh_P021_2_S03_C08,428.0,167.11152495935576
matr_to_luh,naive_cross,matr,luh,pytorch_simple_transformer,100,123,luh,luh_P021_3_S04_C08,430.0,169.58935163542753
matr_to_luh,naive_cross,matr,luh,pytorch_simple_transformer,100,123,luh,luh_P022_1_S03_C06,341.0,163.5727901521891
matr_to_luh,naive_cross,matr,luh,pytorch_simple_transformer,100,123,luh,luh_P022_2_S04_C06,344.0,162.63499388760368
matr_to_luh,naive_cross,matr,luh,pytorch_simple_transformer,100,123,luh,luh_P022_3_S05_C04,314.0,159.80930890286126
matr_to_luh,naive_cross,matr,luh,pytorch_simple_transformer,100,123,luh,luh_P023_1_S03_C04,82.0,141.3515537495563
matr_to_luh,naive_cross,matr,luh,pytorch_simple_transformer,100,123,luh,luh_P023_2_S04_C04,72.0,141.14134958014716
matr_to_luh,naive_cross,matr,luh,pytorch_simple_transformer,100,123,luh,luh_P023_3_S05_C03,79.0,141.3198111261564
matr_to_luh,naive_cross,matr,luh,pytorch_simple_transformer,100,123,luh,luh_P025_1_S01_C09,718.0,239.67773585555207
matr_to_luh,naive_cross,matr,luh,pytorch_simple_transformer,100,123,luh,luh_P025_2_S02_C09,690.0,231.41627816541586
matr_to_luh,naive_cross,matr,luh,pytorch_simple_transformer,100,123,luh,luh_P025_3_S03_C09,702.0,238.01686618297236
matr_to_luh,naive_cross,matr,luh,pytorch_simple_transformer,100,123,luh,luh_P026_1_S01_C07,581.0,210.21196900574503
matr_to_luh,naive_cross,matr,luh,pytorch_simple_transformer,100,123,luh,luh_P026_2_S02_C07,613.0,215.36206866154805
matr_to_luh,naive_cross,matr,luh,pytorch_simple_transformer,100,123,luh,luh_P026_3_S03_C07,563.0,213.1112860315475
matr_to_luh,naive_cross,matr,luh,pytorch_simple_transformer,100,123,luh,luh_P027_1_S01_C05,269.0,189.50705444603943
matr_to_luh,naive_cross,matr,luh,pytorch_simple_transformer,100,123,luh,luh_P027_2_S02_C05,285.0,200.16487601590512
matr_to_luh,naive_cross,matr,luh,pytorch_simple_transformer,100,123,luh,luh_P027_3_S03_C05,298.0,193.51704580122077
matr_to_luh,naive_cross,matr,luh,pytorch_simple_transformer,100,123,luh,luh_P029_1_S06_C08,132.0,146.40751446573674
matr_to_luh,naive_cross,matr,luh,pytorch_simple_transformer,100,123,luh,luh_P029_2_S08_C07,135.0,146.54748566849057
matr_to_luh,naive_cross,matr,luh,pytorch_simple_transformer,100,123,luh,luh_P029_3_S09_C07,135.0,146.48453795434705
matr_to_luh,naive_cross,matr,luh,pytorch_simple_transformer,100,123,luh,luh_P030_1_S06_C06,118.0,145.6910418588967
matr_to_luh,naive_cross,matr,luh,pytorch_simple_transformer,100,123,luh,luh_P030_2_S08_C05,123.0,145.743571328669
matr_to_luh,naive_cross,matr,luh,pytorch_simple_transformer,100,123,luh,luh_P030_3_S09_C05,123.0,145.75253658200035
matr_to_luh,naive_cross,matr,luh,pytorch_simple_transformer,100,123,luh,luh_P031_1_S06_C04,97.0,144.17438294224493
matr_to_luh,naive_cross,matr,luh,pytorch_simple_transformer,100,123,luh,luh_P031_2_S07_C04,94.0,144.05048410151463
matr_to_luh,naive_cross,matr,luh,pytorch_simple_transformer,100,123,luh,luh_P031_3_S09_C03,90.0,143.74507525326914
matr_to_luh,naive_cross,matr,luh,pytorch_simple_transformer,100,123,luh,luh_P033_1_S07_C08,524.0,175.88222354649207
matr_to_luh,naive_cross,matr,luh,pytorch_simple_transformer,100,123,luh,luh_P033_2_S08_C08,508.0,174.19167092744075
matr_to_luh,naive_cross,matr,luh,pytorch_simple_transformer,100,123,luh,luh_P033_3_S09_C08,523.0,174.1757239336686
matr_to_luh,naive_cross,matr,luh,pytorch_simple_transformer,100,123,luh,luh_P034_1_S07_C06,446.0,173.51281017300022
matr_to_luh,naive_cross,matr,luh,pytorch_simple_transformer,100,123,luh,luh_P034_2_S08_C06,448.0,172.33549849577227
matr_to_luh,naive_cross,matr,luh,pytorch_simple_transformer,100,123,luh,luh_P034_3_S09_C06,440.0,171.06312206822184
matr_to_luh,naive_cross,matr,luh,pytorch_simple_transformer,100,123,luh,luh_P035_1_S08_C04,279.0,170.1624483172251
matr_to_luh,naive_cross,matr,luh,pytorch_simple_transformer,100,123,luh,luh_P035_2_S09_C04,360.0,175.27089030815608
matr_to_luh,naive_cross,matr,luh,pytorch_simple_transformer,100,123,luh,luh_P035_3_S10_C02,342.0,169.89700393823904
matr_to_luh,naive_cross,matr,luh,pytorch_simple_transformer,100,123,luh,luh_P037_1_S05_C11,741.0,223.39420159995004
matr_to_luh,naive_cross,matr,luh,pytorch_simple_transformer,100,123,luh,luh_P037_3_S10_C04,783.0,242.95703959606382
matr_to_luh,naive_cross,matr,luh,pytorch_simple_transformer,100,123,luh,luh_P038_1_S06_C07,734.0,235.8616470595006
matr_to_luh,naive_cross,matr,luh,pytorch_simple_transformer,100,123,luh,luh_P038_2_S07_C07,816.0,260.0929249841668
matr_to_luh,naive_cross,matr,luh,pytorch_simple_transformer,100,123,luh,luh_P038_3_S10_C03,697.0,228.15192602628375
matr_to_luh,naive_cross,matr,luh,pytorch_simple_transformer,100,123,luh,luh_P039_1_S05_C10,552.0,232.01646481197992
matr_to_luh,naive_cross,matr,luh,pytorch_simple_transformer,100,123,luh,luh_P039_2_S06_C05,588.0,224.43018570567068
matr_to_luh,naive_cross,matr,luh,pytorch_simple_transformer,100,123,luh,luh_P039_3_S07_C05,547.0,216.02288059388482
matr_to_luh,naive_cross,matr,luh,pytorch_simple_transformer,100,123,luh,luh_P041_1_S11_C08,236.0,153.3263190959729
matr_to_luh,naive_cross,matr,luh,pytorch_simple_transformer,100,123,luh,luh_P041_2_S13_C07,220.0,152.61404305716147
matr_to_luh,naive_cross,matr,luh,pytorch_simple_transformer,100,123,luh,luh_P041_3_S14_C07,237.0,153.6431464753413
matr_to_luh,naive_cross,matr,luh,pytorch_simple_transformer,100,123,luh,luh_P042_1_S11_C06,180.0,150.8313605978855
matr_to_luh,naive_cross,matr,luh,pytorch_simple_transformer,100,123,luh,luh_P042_2_S13_C05,204.0,153.48058920015805
matr_to_luh,naive_cross,matr,luh,pytorch_simple_transformer,100,123,luh,luh_P042_3_S14_C05,197.0,151.67650150935586
matr_to_luh,naive_cross,matr,luh,pytorch_simple_transformer,100,123,luh,luh_P043_1_S11_C04,160.0,148.05161721645436
matr_to_luh,naive_cross,matr,luh,pytorch_simple_transformer,100,123,luh,luh_P043_2_S12_C04,156.0,147.7708390838042
matr_to_luh,naive_cross,matr,luh,pytorch_simple_transformer,100,123,luh,luh_P043_3_S14_C03,153.0,147.33840973554732
matr_to_luh,naive_cross,matr,luh,pytorch_simple_transformer,100,123,luh,luh_P045_1_S12_C08,975.0,198.19281307407465
matr_to_luh,naive_cross,matr,luh,pytorch_simple_transformer,100,123,luh,luh_P045_2_S13_C08,980.0,200.11076542036608
matr_to_luh,naive_cross,matr,luh,pytorch_simple_transformer,100,123,luh,luh_P045_3_S14_C08,845.0,178.61738261054865
matr_to_luh,naive_cross,matr,luh,pytorch_simple_transformer,100,123,luh,luh_P046_1_S12_C06,1095.0,201.77740732400582
matr_to_luh,naive_cross,matr,luh,pytorch_simple_transformer,100,123,luh,luh_P046_2_S13_C06,937.0,194.91646591963251
matr_to_luh,naive_cross,matr,luh,pytorch_simple_transformer,100,123,luh,luh_P046_3_S14_C06,1044.0,204.2169425727331
matr_to_luh,naive_cross,matr,luh,pytorch_simple_transformer,100,123,luh,luh_P047_1_S13_C04,1015.0,207.74053697956168
matr_to_luh,naive_cross,matr,luh,pytorch_simple_transformer,100,123,luh,luh_P047_2_S14_C04,923.0,194.39500859183136
matr_to_luh,naive_cross,matr,luh,pytorch_simple_transformer,100,123,luh,luh_P047_3_S15_C01,866.0,204.90246477233583
matr_to_luh,naive_cross,matr,luh,pytorch_simple_transformer,100,123,luh,luh_P049_1_S10_C10,1466.0,247.58076940762822
matr_to_luh,naive_cross,matr,luh,pytorch_simple_transformer,100,123,luh,luh_P049_3_S15_C02,1380.0,225.23800654640993
matr_to_luh,naive_cross,matr,luh,pytorch_simple_transformer,100,123,luh,luh_P050_1_S10_C09,1615.0,256.79958986906365
matr_to_luh,naive_cross,matr,luh,pytorch_simple_transformer,100,123,luh,luh_P050_2_S11_C07,1575.0,240.07326717435896
matr_to_luh,naive_cross,matr,luh,pytorch_simple_transformer,100,123,luh,luh_P050_3_S12_C07,1555.0,247.24194546567995
matr_to_luh,naive_cross,matr,luh,pytorch_simple_transformer,100,123,luh,luh_P051_1_S10_C08,1234.0,259.7970529531075
matr_to_luh,naive_cross,matr,luh,pytorch_simple_transformer,100,123,luh,luh_P051_2_S11_C05,1318.0,307.49501673584655
matr_to_luh,naive_cross,matr,luh,pytorch_simple_transformer,100,123,luh,luh_P051_3_S12_C05,1238.0,270.74287945000594
matr_to_luh,naive_cross,matr,luh,pytorch_simple_transformer,100,123,luh,luh_P053_1_S15_C08,323.0,151.10066091396945
matr_to_luh,naive_cross,matr,luh,pytorch_simple_transformer,100,123,luh,luh_P053_2_S16_C08,332.0,151.20221405241745
matr_to_luh,naive_cross,matr,luh,pytorch_simple_transformer,100,123,luh,luh_P053_3_S19_C07,377.0,152.4201560462793
matr_to_luh,naive_cross,matr,luh,pytorch_simple_transformer,100,123,luh,luh_P054_1_S16_C06,359.0,153.04575411921843
matr_to_luh,naive_cross,matr,luh,pytorch_simple_transformer,100,123,luh,luh_P054_2_S17_C06,376.0,153.46931908577082
matr_to_luh,naive_cross,matr,luh,pytorch_simple_transformer,100,123,luh,luh_P054_3_S19_C05,384.0,154.86908199344748
matr_to_luh,naive_cross,matr,luh,pytorch_simple_transformer,100,123,luh,luh_P055_1_S15_C05,354.0,152.24437287029485
matr_to_luh,naive_cross,matr,luh,pytorch_simple_transformer,100,123,luh,luh_P055_2_S16_C04,350.0,152.0136932474382
matr_to_luh,naive_cross,matr,luh,pytorch_simple_transformer,100,123,luh,luh_P055_3_S17_C04,351.0,152.2587475121403
matr_to_luh,naive_cross,matr,luh,pytorch_simple_transformer,100,123,luh,luh_P057_1_S17_C08,555.0,175.74347811791733
matr_to_luh,naive_cross,matr,luh,pytorch_simple_transformer,100,123,luh,luh_P057_2_S18_C08,556.0,177.7037089853046
matr_to_luh,naive_cross,matr,luh,pytorch_simple_transformer,100,123,luh,luh_P057_3_S19_C08,539.0,187.0379987522749
matr_to_luh,naive_cross,matr,luh,pytorch_simple_transformer,100,123,luh,luh_P058_1_S15_C07,707.0,192.62403427911903
matr_to_luh,naive_cross,matr,luh,pytorch_simple_transformer,100,123,luh,luh_P058_2_S18_C06,672.0,191.74465226944537
matr_to_luh,naive_cross,matr,luh,pytorch_simple_transformer,100,123,luh,luh_P058_3_S19_C06,712.0,207.0793858479387
matr_to_luh,naive_cross,matr,luh,pytorch_simple_transformer,100,123,luh,luh_P059_1_S15_C06,605.0,211.73787349697736
matr_to_luh,naive_cross,matr,luh,pytorch_simple_transformer,100,123,luh,luh_P059_2_S18_C04,660.0,214.40781252609148
matr_to_luh,naive_cross,matr,luh,pytorch_simple_transformer,100,123,luh,luh_P059_3_S19_C04,664.0,214.5702273378825
matr_to_luh,naive_cross,matr,luh,pytorch_simple_transformer,100,123,luh,luh_P061_1_S16_C09,947.0,199.9558629211769
matr_to_luh,naive_cross,matr,luh,pytorch_simple_transformer,100,123,luh,luh_P061_2_S17_C09,942.0,203.66079515555364
matr_to_luh,naive_cross,matr,luh,pytorch_simple_transformer,100,123,luh,luh_P061_3_S18_C09,1033.0,218.3368943970352
matr_to_luh,naive_cross,matr,luh,pytorch_simple_transformer,100,123,luh,luh_P062_1_S16_C07,1120.0,226.71822843809926
matr_to_luh,naive_cross,matr,luh,pytorch_simple_transformer,100,123,luh,luh_P062_2_S17_C07,1148.0,222.70584967304862
matr_to_luh,naive_cross,matr,luh,pytorch_simple_transformer,100,123,luh,luh_P062_3_S18_C07,1128.0,227.3858012773926
matr_to_luh,naive_cross,matr,luh,pytorch_simple_transformer,100,123,luh,luh_P063_1_S16_C05,1149.0,293.8789460499505
matr_to_luh,naive_cross,matr,luh,pytorch_simple_transformer,100,123,luh,luh_P063_2_S17_C05,1236.0,256.5423255849422
matr_to_luh,naive_cross,matr,luh,pytorch_simple_transformer,100,123,luh,luh_P063_3_S18_C05,1335.0,262.226621858315
matr_to_luh,naive_cross,matr,luh,pytorch_simple_transformer,100,42,luh,luh_P017_1_S01_C08,139.0,691.0975347127235
matr_to_luh,naive_cross,matr,luh,pytorch_simple_transformer,100,42,luh,luh_P017_2_S04_C07,127.0,690.8507525872063
matr_to_luh,naive_cross,matr,luh,pytorch_simple_transformer,100,42,luh,luh_P017_3_S05_C05,126.0,690.8935789448193
matr_to_luh,naive_cross,matr,luh,pytorch_simple_transformer,100,42,luh,luh_P018_1_S01_C06,109.0,690.5306273227438
matr_to_luh,naive_cross,matr,luh,pytorch_simple_transformer,100,42,luh,luh_P018_2_S02_C06,107.0,690.5161395655996
matr_to_luh,naive_cross,matr,luh,pytorch_simple_transformer,100,42,luh,luh_P018_3_S04_C05,107.0,690.4591792856519
matr_to_luh,naive_cross,matr,luh,pytorch_simple_transformer,100,42,luh,luh_P019_1_S01_C04,63.0,692.0871951345573
matr_to_luh,naive_cross,matr,luh,pytorch_simple_transformer,100,42,luh,luh_P019_2_S02_C04,62.0,692.3192330864858
matr_to_luh,naive_cross,matr,luh,pytorch_simple_transformer,100,42,luh,luh_P019_3_S05_C02,60.0,692.7194584510328
matr_to_luh,naive_cross,matr,luh,pytorch_simple_transformer,100,42,luh,luh_P021_1_S02_C08,451.0,694.4422046774202
matr_to_luh,naive_cross,matr,luh,pytorch_simple_transformer,100,42,luh,luh_P021_2_S03_C08,428.0,693.9162291053736
matr_to_luh,naive_cross,matr,luh,pytorch_simple_transformer,100,42,luh,luh_P021_3_S04_C08,430.0,694.1886009364242
matr_to_luh,naive_cross,matr,luh,pytorch_simple_transformer,100,42,luh,luh_P022_1_S03_C06,341.0,693.9602382115546
matr_to_luh,naive_cross,matr,luh,pytorch_simple_transformer,100,42,luh,luh_P022_2_S04_C06,344.0,693.6102279304587
matr_to_luh,naive_cross,matr,luh,pytorch_simple_transformer,100,42,luh,luh_P022_3_S05_C04,314.0,693.4164418760339
matr_to_luh,naive_cross,matr,luh,pytorch_simple_transformer,100,42,luh,luh_P023_1_S03_C04,82.0,694.0039191819171
matr_to_luh,naive_cross,matr,luh,pytorch_simple_transformer,100,42,luh,luh_P023_2_S04_C04,72.0,695.212522448769
matr_to_luh,naive_cross,matr,luh,pytorch_simple_transformer,100,42,luh,luh_P023_3_S05_C03,79.0,694.115450493566
matr_to_luh,naive_cross,matr,luh,pytorch_simple_transformer,100,42,luh,luh_P025_1_S01_C09,718.0,696.7653573882432
matr_to_luh,naive_cross,matr,luh,pytorch_simple_transformer,100,42,luh,luh_P025_2_S02_C09,690.0,696.5417933107769
matr_to_luh,naive_cross,matr,luh,pytorch_simple_transformer,100,42,luh,luh_P025_3_S03_C09,702.0,696.7985825416814
matr_to_luh,naive_cross,matr,luh,pytorch_simple_transformer,100,42,luh,luh_P026_1_S01_C07,581.0,695.9790485267973
matr_to_luh,naive_cross,matr,luh,pytorch_simple_transformer,100,42,luh,luh_P026_2_S02_C07,613.0,696.0135637244665
matr_to_luh,naive_cross,matr,luh,pytorch_simple_transformer,100,42,luh,luh_P026_3_S03_C07,563.0,696.1469943347956
matr_to_luh,naive_cross,matr,luh,pytorch_simple_transformer,100,42,luh,luh_P027_1_S01_C05,269.0,695.1747321152641
matr_to_luh,naive_cross,matr,luh,pytorch_simple_transformer,100,42,luh,luh_P027_2_S02_C05,285.0,695.5772715795798
matr_to_luh,naive_cross,matr,luh,pytorch_simple_transformer,100,42,luh,luh_P027_3_S03_C05,298.0,695.4207376093274
matr_to_luh,naive_cross,matr,luh,pytorch_simple_transformer,100,42,luh,luh_P029_1_S06_C08,132.0,690.631391496492
matr_to_luh,naive_cross,matr,luh,pytorch_simple_transformer,100,42,luh,luh_P029_2_S08_C07,135.0,690.9538697780436
matr_to_luh,naive_cross,matr,luh,pytorch_simple_transformer,100,42,luh,luh_P029_3_S09_C07,135.0,691.2369446083271
matr_to_luh,naive_cross,matr,luh,pytorch_simple_transformer,100,42,luh,luh_P030_1_S06_C06,118.0,690.9479392988595
matr_to_luh,naive_cross,matr,luh,pytorch_simple_transformer,100,42,luh,luh_P030_2_S08_C05,123.0,691.0408559877031
matr_to_luh,naive_cross,matr,luh,pytorch_simple_transformer,100,42,luh,luh_P030_3_S09_C05,123.0,691.1084096507734
matr_to_luh,naive_cross,matr,luh,pytorch_simple_transformer,100,42,luh,luh_P031_1_S06_C04,97.0,691.1021483019058
matr_to_luh,naive_cross,matr,luh,pytorch_simple_transformer,100,42,luh,luh_P031_2_S07_C04,94.0,691.0794101962445
matr_to_luh,naive_cross,matr,luh,pytorch_simple_transformer,100,42,luh,luh_P031_3_S09_C03,90.0,691.169378381371
matr_to_luh,naive_cross,matr,luh,pytorch_simple_transformer,100,42,luh,luh_P033_1_S07_C08,524.0,694.6621136920486
matr_to_luh,naive_cross,matr,luh,pytorch_simple_transformer,100,42,luh,luh_P033_2_S08_C08,508.0,694.6641011391408
matr_to_luh,naive_cross,matr,luh,pytorch_simple_transformer,100,42,luh,luh_P033_3_S09_C08,523.0,694.6293216359478
matr_to_luh,naive_cross,matr,luh,pytorch_simple_transformer,100,42,luh,luh_P034_1_S07_C06,446.0,694.4852536718488
matr_to_luh,naive_cross,matr,luh,pytorch_simple_transformer,100,42,luh,luh_P034_2_S08_C06,448.0,694.4657157205727
matr_to_luh,naive_cross,matr,luh,pytorch_simple_transformer,100,42,luh,luh_P034_3_S09_C06,440.0,694.2597727923722
matr_to_luh,naive_cross,matr,luh,pytorch_simple_transformer,100,42,luh,luh_P035_1_S08_C04,279.0,694.064150483349
matr_to_luh,naive_cross,matr,luh,pytorch_simple_transformer,100,42,luh,luh_P035_2_S09_C04,360.0,694.3773050841348
matr_to_luh,naive_cross,matr,luh,pytorch_simple_transformer,100,42,luh,luh_P035_3_S10_C02,342.0,693.833181929548
matr_to_luh,naive_cross,matr,luh,pytorch_simple_transformer,100,42,luh,luh_P037_1_S05_C11,741.0,696.1396915005023
matr_to_luh,naive_cross,matr,luh,pytorch_simple_transformer,100,42,luh,luh_P037_3_S10_C04,783.0,696.6414415407913
matr_to_luh,naive_cross,matr,luh,pytorch_simple_transformer,100,42,luh,luh_P038_1_S06_C07,734.0,696.65041058071
matr_to_luh,naive_cross,matr,luh,pytorch_simple_transformer,100,42,luh,luh_P038_2_S07_C07,816.0,697.131918481536
matr_to_luh,naive_cross,matr,luh,pytorch_simple_transformer,100,42,luh,luh_P038_3_S10_C03,697.0,696.331250273623
matr_to_luh,naive_cross,matr,luh,pytorch_simple_transformer,100,42,luh,luh_P039_1_S05_C10,552.0,696.3548252723247
matr_to_luh,naive_cross,matr,luh,pytorch_simple_transformer,100,42,luh,luh_P039_2_S06_C05,588.0,695.9720793195858
matr_to_luh,naive_cross,matr,luh,pytorch_simple_transformer,100,42,luh,luh_P039_3_S07_C05,547.0,695.722229570179
matr_to_luh,naive_cross,matr,luh,pytorch_simple_transformer,100,42,luh,luh_P041_1_S11_C08,236.0,691.6022461667592
matr_to_luh,naive_cross,matr,luh,pytorch_simple_transformer,100,42,luh,luh_P041_2_S13_C07,220.0,691.9198988219347
matr_to_luh,naive_cross,matr,luh,pytorch_simple_transformer,100,42,luh,luh_P041_3_S14_C07,237.0,691.6576517031051
matr_to_luh,naive_cross,matr,luh,pytorch_simple_transformer,100,42,luh,luh_P042_1_S11_C06,180.0,691.7150406878659
matr_to_luh,naive_cross,matr,luh,pytorch_simple_transformer,100,42,luh,luh_P042_2_S13_C05,204.0,692.1664027606931
matr_to_luh,naive_cross,matr,luh,pytorch_simple_transformer,100,42,luh,luh_P042_3_S14_C05,197.0,691.444298795239
matr_to_luh,naive_cross,matr,luh,pytorch_simple_transformer,100,42,luh,luh_P043_1_S11_C04,160.0,691.6167567115658
matr_to_luh,naive_cross,matr,luh,pytorch_simple_transformer,100,42,luh,luh_P043_2_S12_C04,156.0,691.703496543998
matr_to_luh,naive_cross,matr,luh,pytorch_simple_transformer,100,42,luh,luh_P043_3_S14_C03,153.0,691.4970538211769
matr_to_luh,naive_cross,matr,luh,pytorch_simple_transformer,100,42,luh,luh_P045_1_S12_C08,975.0,695.6694839221909
matr_to_luh,naive_cross,matr,luh,pytorch_simple_transformer,100,42,luh,luh_P045_2_S13_C08,980.0,695.6900509319153
matr_to_luh,naive_cross,matr,luh,pytorch_simple_transformer,100,42,luh,luh_P045_3_S14_C08,845.0,694.6177288551751
matr_to_luh,naive_cross,matr,luh,pytorch_simple_transformer,100,42,luh,luh_P046_1_S12_C06,1095.0,695.5407880565626
matr_to_luh,naive_cross,matr,luh,pytorch_simple_transformer,100,42,luh,luh_P046_2_S13_C06,937.0,695.1889861225754
matr_to_luh,naive_cross,matr,luh,pytorch_simple_transformer,100,42,luh,luh_P046_3_S14_C06,1044.0,695.7457839498688
matr_to_luh,naive_cross,matr,luh,pytorch_simple_transformer,100,42,luh,luh_P047_1_S13_C04,1015.0,695.1850082306696
matr_to_luh,naive_cross,matr,luh,pytorch_simple_transformer,100,42,luh,luh_P047_2_S14_C04,923.0,694.8512778875123
matr_to_luh,naive_cross,matr,luh,pytorch_simple_transformer,100,42,luh,luh_P047_3_S15_C01,866.0,695.3106543103693
matr_to_luh,naive_cross,matr,luh,pytorch_simple_transformer,100,42,luh,luh_P049_1_S10_C10,1466.0,696.7580480670972
matr_to_luh,naive_cross,matr,luh,pytorch_simple_transformer,100,42,luh,luh_P049_3_S15_C02,1380.0,696.0155550380939
matr_to_luh,naive_cross,matr,luh,pytorch_simple_transformer,100,42,luh,luh_P050_1_S10_C09,1615.0,696.809547189995
matr_to_luh,naive_cross,matr,luh,pytorch_simple_transformer,100,42,luh,luh_P050_2_S11_C07,1575.0,696.4919745410624
matr_to_luh,naive_cross,matr,luh,pytorch_simple_transformer,100,42,luh,luh_P050_3_S12_C07,1555.0,696.6583831575783
matr_to_luh,naive_cross,matr,luh,pytorch_simple_transformer,100,42,luh,luh_P051_1_S10_C08,1234.0,696.5175477310846
matr_to_luh,naive_cross,matr,luh,pytorch_simple_transformer,100,42,luh,luh_P051_2_S11_C05,1318.0,697.319095165908
matr_to_luh,naive_cross,matr,luh,pytorch_simple_transformer,100,42,luh,luh_P051_3_S12_C05,1238.0,696.8809877590982
matr_to_luh,naive_cross,matr,luh,pytorch_simple_transformer,100,42,luh,luh_P053_1_S15_C08,323.0,691.0738081691353
matr_to_luh,naive_cross,matr,luh,pytorch_simple_transformer,100,42,luh,luh_P053_2_S16_C08,332.0,691.1762994961102
matr_to_luh,naive_cross,matr,luh,pytorch_simple_transformer,100,42,luh,luh_P053_3_S19_C07,377.0,691.8341215285315
matr_to_luh,naive_cross,matr,luh,pytorch_simple_transformer,100,42,luh,luh_P054_1_S16_C06,359.0,691.5560782768423
matr_to_luh,naive_cross,matr,luh,pytorch_simple_transformer,100,42,luh,luh_P054_2_S17_C06,376.0,691.8291731629813
matr_to_luh,naive_cross,matr,luh,pytorch_simple_transformer,100,42,luh,luh_P054_3_S19_C05,384.0,691.7605594754297
matr_to_luh,naive_cross,matr,luh,pytorch_simple_transformer,100,42,luh,luh_P055_1_S15_C05,354.0,691.6193950251487
matr_to_luh,naive_cross,matr,luh,pytorch_simple_transformer,100,42,luh,luh_P055_2_S16_C04,350.0,691.5240923319692
matr_to_luh,naive_cross,matr,luh,pytorch_simple_transformer,100,42,luh,luh_P055_3_S17_C04,351.0,691.5999376990642
matr_to_luh,naive_cross,matr,luh,pytorch_simple_transformer,100,42,luh,luh_P057_1_S17_C08,555.0,694.3259857210231
matr_to_luh,naive_cross,matr,luh,pytorch_simple_transformer,100,42,luh,luh_P057_2_S18_C08,556.0,694.443198085673
matr_to_luh,naive_cross,matr,luh,pytorch_simple_transformer,100,42,luh,luh_P057_3_S19_C08,539.0,695.1004834084509
matr_to_luh,naive_cross,matr,luh,pytorch_simple_transformer,100,42,luh,luh_P058_1_S15_C07,707.0,695.2045664183687
matr_to_luh,naive_cross,matr,luh,pytorch_simple_transformer,100,42,luh,luh_P058_2_S18_C06,672.0,695.2781631737972
matr_to_luh,naive_cross,matr,luh,pytorch_simple_transformer,100,42,luh,luh_P058_3_S19_C06,712.0,695.4018365266398
matr_to_luh,naive_cross,matr,luh,pytorch_simple_transformer,100,42,luh,luh_P059_1_S15_C06,605.0,695.4943572493845
matr_to_luh,naive_cross,matr,luh,pytorch_simple_transformer,100,42,luh,luh_P059_2_S18_C04,660.0,695.5188988612805
matr_to_luh,naive_cross,matr,luh,pytorch_simple_transformer,100,42,luh,luh_P059_3_S19_C04,664.0,695.3202693255863
matr_to_luh,naive_cross,matr,luh,pytorch_simple_transformer,100,42,luh,luh_P061_1_S16_C09,947.0,695.2204785702195
matr_to_luh,naive_cross,matr,luh,pytorch_simple_transformer,100,42,luh,luh_P061_2_S17_C09,942.0,695.3978574167977
matr_to_luh,naive_cross,matr,luh,pytorch_simple_transformer,100,42,luh,luh_P061_3_S18_C09,1033.0,696.0258435825953
matr_to_luh,naive_cross,matr,luh,pytorch_simple_transformer,100,42,luh,luh_P062_1_S16_C07,1120.0,696.0915610999527
matr_to_luh,naive_cross,matr,luh,pytorch_simple_transformer,100,42,luh,luh_P062_2_S17_C07,1148.0,696.0221927913317
matr_to_luh,naive_cross,matr,luh,pytorch_simple_transformer,100,42,luh,luh_P062_3_S18_C07,1128.0,696.0869142029576
matr_to_luh,naive_cross,matr,luh,pytorch_simple_transformer,100,42,luh,luh_P063_1_S16_C05,1149.0,697.0464921864717
matr_to_luh,naive_cross,matr,luh,pytorch_simple_transformer,100,42,luh,luh_P063_2_S17_C05,1236.0,696.4205738515458
matr_to_luh,naive_cross,matr,luh,pytorch_simple_transformer,100,42,luh,luh_P063_3_S18_C05,1335.0,696.5424575851122
matr_to_luh,naive_cross,matr,luh,pytorch_simple_transformer,100,456,luh,luh_P017_1_S01_C08,139.0,516.4585182810509
matr_to_luh,naive_cross,matr,luh,pytorch_simple_transformer,100,456,luh,luh_P017_2_S04_C07,127.0,516.919735198581
matr_to_luh,naive_cross,matr,luh,pytorch_simple_transformer,100,456,luh,luh_P017_3_S05_C05,126.0,516.9392080018167
matr_to_luh,naive_cross,matr,luh,pytorch_simple_transformer,100,456,luh,luh_P018_1_S01_C06,109.0,518.2312255584151
matr_to_luh,naive_cross,matr,luh,pytorch_simple_transformer,100,456,luh,luh_P018_2_S02_C06,107.0,518.3926147572564
matr_to_luh,naive_cross,matr,luh,pytorch_simple_transformer,100,456,luh,luh_P018_3_S04_C05,107.0,518.485071635366
matr_to_luh,naive_cross,matr,luh,pytorch_simple_transformer,100,456,luh,luh_P019_1_S01_C04,63.0,521.5451684127678
matr_to_luh,naive_cross,matr,luh,pytorch_simple_transformer,100,456,luh,luh_P019_2_S02_C04,62.0,521.7172917533469
matr_to_luh,naive_cross,matr,luh,pytorch_simple_transformer,100,456,luh,luh_P019_3_S05_C02,60.0,521.9258061825426
matr_to_luh,naive_cross,matr,luh,pytorch_simple_transformer,100,456,luh,luh_P021_1_S02_C08,451.0,493.72735498559416
matr_to_luh,naive_cross,matr,luh,pytorch_simple_transformer,100,456,luh,luh_P021_2_S03_C08,428.0,496.3948664565552
matr_to_luh,naive_cross,matr,luh,pytorch_simple_transformer,100,456,luh,luh_P021_3_S04_C08,430.0,495.04538656453263
matr_to_luh,naive_cross,matr,luh,pytorch_simple_transformer,100,456,luh,luh_P022_1_S03_C06,341.0,497.3617776735068
matr_to_luh,naive_cross,matr,luh,pytorch_simple_transformer,100,456,luh,luh_P022_2_S04_C06,344.0,498.8388683368019
matr_to_luh,naive_cross,matr,luh,pytorch_simple_transformer,100,456,luh,luh_P022_3_S05_C04,314.0,500.690506739782
matr_to_luh,naive_cross,matr,luh,pytorch_simple_transformer,100,456,luh,luh_P023_1_S03_C04,82.0,516.641773144971
matr_to_luh,naive_cross,matr,luh,pytorch_simple_transformer,100,456,luh,luh_P023_2_S04_C04,72.0,518.2282602240402
matr_to_luh,naive_cross,matr,luh,pytorch_simple_transformer,100,456,luh,luh_P023_3_S05_C03,79.0,517.0812090958013
matr_to_luh,naive_cross,matr,luh,pytorch_simple_transformer,100,456,luh,luh_P025_1_S01_C09,718.0,482.7406722451576
matr_to_luh,naive_cross,matr,luh,pytorch_simple_transformer,100,456,luh,luh_P025_2_S02_C09,690.0,483.0542910705457
matr_to_luh,naive_cross,matr,luh,pytorch_simple_transformer,100,456,luh,luh_P025_3_S03_C09,702.0,482.5901523128531
matr_to_luh,naive_cross,matr,luh,pytorch_simple_transformer,100,456,luh,luh_P026_1_S01_C07,581.0,484.36669523467714
matr_to_luh,naive_cross,matr,luh,pytorch_simple_transformer,100,456,luh,luh_P026_2_S02_C07,613.0,484.0379140803592
matr_to_luh,naive_cross,matr,luh,pytorch_simple_transformer,100,456,luh,luh_P026_3_S03_C07,563.0,483.7977033428805
matr_to_luh,naive_cross,matr,luh,pytorch_simple_transformer,100,456,luh,luh_P027_1_S01_C05,269.0,488.1633025593996
matr_to_luh,naive_cross,matr,luh,pytorch_simple_transformer,100,456,luh,luh_P027_2_S02_C05,285.0,485.80982545324565
matr_to_luh,naive_cross,matr,luh,pytorch_simple_transformer,100,456,luh,luh_P027_3_S03_C05,298.0,486.9536784954282
matr_to_luh,naive_cross,matr,luh,pytorch_simple_transformer,100,456,luh,luh_P029_1_S06_C08,132.0,517.0671551653377
matr_to_luh,naive_cross,matr,luh,pytorch_simple_transformer,100,456,luh,luh_P029_2_S08_C07,135.0,516.6871042686383
matr_to_luh,naive_cross,matr,luh,pytorch_simple_transformer,100,456,luh,luh_P029_3_S09_C07,135.0,516.3499261231378
matr_to_luh,naive_cross,matr,luh,pytorch_simple_transformer,100,456,luh,luh_P030_1_S06_C06,118.0,517.4368759763848
matr_to_luh,naive_cross,matr,luh,pytorch_simple_transformer,100,456,luh,luh_P030_2_S08_C05,123.0,517.2587653183028
matr_to_luh,naive_cross,matr,luh,pytorch_simple_transformer,100,456,luh,luh_P030_3_S09_C05,123.0,517.2074650368407
matr_to_luh,naive_cross,matr,luh,pytorch_simple_transformer,100,456,luh,luh_P031_1_S06_C04,97.0,519.0785228472309
matr_to_luh,naive_cross,matr,luh,pytorch_simple_transformer,100,456,luh,luh_P031_2_S07_C04,94.0,519.3382320035358
matr_to_luh,naive_cross,matr,luh,pytorch_simple_transformer,100,456,luh,luh_P031_3_S09_C03,90.0,519.5125996646846
matr_to_luh,naive_cross,matr,luh,pytorch_simple_transformer,100,456,luh,luh_P033_1_S07_C08,524.0,492.16916973705344
matr_to_luh,naive_cross,matr,luh,pytorch_simple_transformer,100,456,luh,luh_P033_2_S08_C08,508.0,492.62842685320186
matr_to_luh,naive_cross,matr,luh,pytorch_simple_transformer,100,456,luh,luh_P033_3_S09_C08,523.0,492.7106499529299
matr_to_luh,naive_cross,matr,luh,pytorch_simple_transformer,100,456,luh,luh_P034_1_S07_C06,446.0,493.0768267531974
matr_to_luh,naive_cross,matr,luh,pytorch_simple_transformer,100,456,luh,luh_P034_2_S08_C06,448.0,493.4126886682117
matr_to_luh,naive_cross,matr,luh,pytorch_simple_transformer,100,456,luh,luh_P034_3_S09_C06,440.0,494.29459011743353
matr_to_luh,naive_cross,matr,luh,pytorch_simple_transformer,100,456,luh,luh_P035_1_S08_C04,279.0,494.7421474713618
matr_to_luh,naive_cross,matr,luh,pytorch_simple_transformer,100,456,luh,luh_P035_2_S09_C04,360.0,492.77173885367756
matr_to_luh,naive_cross,matr,luh,pytorch_simple_transformer,100,456,luh,luh_P035_3_S10_C02,342.0,495.3440875282063
matr_to_luh,naive_cross,matr,luh,pytorch_simple_transformer,100,456,luh,luh_P037_1_S05_C11,741.0,484.0164494807983
matr_to_luh,naive_cross,matr,luh,pytorch_simple_transformer,100,456,luh,luh_P037_3_S10_C04,783.0,483.1386022215846
matr_to_luh,naive_cross,matr,luh,pytorch_simple_transformer,100,456,luh,luh_P038_1_S06_C07,734.0,482.61224404250214
matr_to_luh,naive_cross,matr,luh,pytorch_simple_transformer,100,456,luh,luh_P038_2_S07_C07,816.0,482.28626358584194
matr_to_luh,naive_cross,matr,luh,pytorch_simple_transformer,100,456,luh,luh_P038_3_S10_C03,697.0,483.19827392172914
matr_to_luh,naive_cross,matr,luh,pytorch_simple_transformer,100,456,luh,luh_P039_1_S05_C10,552.0,482.60557039256685
matr_to_luh,naive_cross,matr,luh,pytorch_simple_transformer,100,456,luh,luh_P039_2_S06_C05,588.0,483.4086812112575
matr_to_luh,naive_cross,matr,luh,pytorch_simple_transformer,100,456,luh,luh_P039_3_S07_C05,547.0,484.23252371477537
matr_to_luh,naive_cross,matr,luh,pytorch_simple_transformer,100,456,luh,luh_P041_1_S11_C08,236.0,509.26709418530174
matr_to_luh,naive_cross,matr,luh,pytorch_simple_transformer,100,456,luh,luh_P041_2_S13_C07,220.0,508.9206829804976
matr_to_luh,naive_cross,matr,luh,pytorch_simple_transformer,100,456,luh,luh_P041_3_S14_C07,237.0,509.07019106906387
matr_to_luh,naive_cross,matr,luh,pytorch_simple_transformer,100,456,luh,luh_P042_1_S11_C06,180.0,511.1881531056842
matr_to_luh,naive_cross,matr,luh,pytorch_simple_transformer,100,456,luh,luh_P042_2_S13_C05,204.0,508.0688888495977
matr_to_luh,naive_cross,matr,luh,pytorch_simple_transformer,100,456,luh,luh_P042_3_S14_C05,197.0,511.3044367520912
matr_to_luh,naive_cross,matr,luh,pytorch_simple_transformer,100,456,luh,luh_P043_1_S11_C04,160.0,514.8283488335887
matr_to_luh,naive_cross,matr,luh,pytorch_simple_transformer,100,456,luh,luh_P043_2_S12_C04,156.0,514.9842581335412
matr_to_luh,naive_cross,matr,luh,pytorch_simple_transformer,100,456,luh,luh_P043_3_S14_C03,153.0,516.3418010976276
matr_to_luh,naive_cross,matr,luh,pytorch_simple_transformer,100,456,luh,luh_P045_1_S12_C08,975.0,486.31068381607446
matr_to_luh,naive_cross,matr,luh,pytorch_simple_transformer,100,456,luh,luh_P045_2_S13_C08,980.0,486.00283004504126
matr_to_luh,naive_cross,matr,luh,pytorch_simple_transformer,100,456,luh,luh_P045_3_S14_C08,845.0,491.85455835590176
matr_to_luh,naive_cross,matr,luh,pytorch_simple_transformer,100,456,luh,luh_P046_1_S12_C06,1095.0,486.01302689717784
matr_to_luh,naive_cross,matr,luh,pytorch_simple_transformer,100,456,luh,luh_P046_2_S13_C06,937.0,487.69588270779303
matr_to_luh,naive_cross,matr,luh,pytorch_simple_transformer,100,456,luh,luh_P046_3_S14_C06,1044.0,485.24399730292174
matr_to_luh,naive_cross,matr,luh,pytorch_simple_transformer,100,456,luh,luh_P047_1_S13_C04,1015.0,485.9312263599279
matr_to_luh,naive_cross,matr,luh,pytorch_simple_transformer,100,456,luh,luh_P047_2_S14_C04,923.0,488.12000844058343
matr_to_luh,naive_cross,matr,luh,pytorch_simple_transformer,100,456,luh,luh_P047_3_S15_C01,866.0,485.9207995188685
matr_to_luh,naive_cross,matr,luh,pytorch_simple_transformer,100,456,luh,luh_P049_1_S10_C10,1466.0,483.02112350337745
matr_to_luh,naive_cross,matr,luh,pytorch_simple_transformer,100,456,luh,luh_P049_3_S15_C02,1380.0,484.3743171079144
matr_to_luh,naive_cross,matr,luh,pytorch_simple_transformer,100,456,luh,luh_P050_1_S10_C09,1615.0,482.62789296287383
matr_to_luh,naive_cross,matr,luh,pytorch_simple_transformer,100,456,luh,luh_P050_2_S11_C07,1575.0,483.0706453620992
matr_to_luh,naive_cross,matr,luh,pytorch_simple_transformer,100,456,luh,luh_P050_3_S12_C07,1555.0,482.73560812053336
matr_to_luh,naive_cross,matr,luh,pytorch_simple_transformer,100,456,luh,luh_P051_1_S10_C08,1234.0,482.41575520908134
matr_to_luh,naive_cross,matr,luh,pytorch_simple_transformer,100,456,luh,luh_P051_2_S11_C05,1318.0,483.9324466528421
matr_to_luh,naive_cross,matr,luh,pytorch_simple_transformer,100,456,luh,luh_P051_3_S12_C05,1238.0,482.35250007311066
matr_to_luh,naive_cross,matr,luh,pytorch_simple_transformer,100,456,luh,luh_P053_1_S15_C08,323.0,512.3135813285197
matr_to_luh,naive_cross,matr,luh,pytorch_simple_transformer,100,456,luh,luh_P053_2_S16_C08,332.0,511.841830088048
matr_to_luh,naive_cross,matr,luh,pytorch_simple_transformer,100,456,luh,luh_P053_3_S19_C07,377.0,509.25980911319004
matr_to_luh,naive_cross,matr,luh,pytorch_simple_transformer,100,456,luh,luh_P054_1_S16_C06,359.0,509.94822271293515
matr_to_luh,naive_cross,matr,luh,pytorch_simple_transformer,100,456,luh,luh_P054_2_S17_C06,376.0,508.9282058771579
matr_to_luh,naive_cross,matr,luh,pytorch_simple_transformer,100,456,luh,luh_P054_3_S19_C05,384.0,508.1675007311545
matr_to_luh,naive_cross,matr,luh,pytorch_simple_transformer,100,456,luh,luh_P055_1_S15_C05,354.0,510.4961182481698
matr_to_luh,naive_cross,matr,luh,pytorch_simple_transformer,100,456,luh,luh_P055_2_S16_C04,350.0,510.9944057939506
matr_to_luh,naive_cross,matr,luh,pytorch_simple_transformer,100,456,luh,luh_P055_3_S17_C04,351.0,510.5287380417509
matr_to_luh,naive_cross,matr,luh,pytorch_simple_transformer,100,456,luh,luh_P057_1_S17_C08,555.0,493.25037389393054
matr_to_luh,naive_cross,matr,luh,pytorch_simple_transformer,100,456,luh,luh_P057_2_S18_C08,556.0,492.50817092145365
matr_to_luh,naive_cross,matr,luh,pytorch_simple_transformer,100,456,luh,luh_P057_3_S19_C08,539.0,488.92366977023994
matr_to_luh,naive_cross,matr,luh,pytorch_simple_transformer,100,456,luh,luh_P058_1_S15_C07,707.0,487.8747476175168
matr_to_luh,naive_cross,matr,luh,pytorch_simple_transformer,100,456,luh,luh_P058_2_S18_C06,672.0,487.76495539981386
matr_to_luh,naive_cross,matr,luh,pytorch_simple_transformer,100,456,luh,luh_P058_3_S19_C06,712.0,485.8876668201817
matr_to_luh,naive_cross,matr,luh,pytorch_simple_transformer,100,456,luh,luh_P059_1_S15_C06,605.0,485.0008753594895
matr_to_luh,naive_cross,matr,luh,pytorch_simple_transformer,100,456,luh,luh_P059_2_S18_C04,660.0,484.73406730370823
matr_to_luh,naive_cross,matr,luh,pytorch_simple_transformer,100,456,luh,luh_P059_3_S19_C04,664.0,485.1162910431765
matr_to_luh,naive_cross,matr,luh,pytorch_simple_transformer,100,456,luh,luh_P061_1_S16_C09,947.0,487.41899248115806
matr_to_luh,naive_cross,matr,luh,pytorch_simple_transformer,100,456,luh,luh_P061_2_S17_C09,942.0,486.6915979474862
matr_to_luh,naive_cross,matr,luh,pytorch_simple_transformer,100,456,luh,luh_P061_3_S18_C09,1033.0,484.3426755702601
matr_to_luh,naive_cross,matr,luh,pytorch_simple_transformer,100,456,luh,luh_P062_1_S16_C07,1120.0,483.7008221012422
matr_to_luh,naive_cross,matr,luh,pytorch_simple_transformer,100,456,luh,luh_P062_2_S17_C07,1148.0,483.9635998468482
matr_to_luh,naive_cross,matr,luh,pytorch_simple_transformer,100,456,luh,luh_P062_3_S18_C07,1128.0,483.7091254474257
matr_to_luh,naive_cross,matr,luh,pytorch_simple_transformer,100,456,luh,luh_P063_1_S16_C05,1149.0,483.10934504583736
matr_to_luh,naive_cross,matr,luh,pytorch_simple_transformer,100,456,luh,luh_P063_2_S17_C05,1236.0,482.4445102857642
matr_to_luh,naive_cross,matr,luh,pytorch_simple_transformer,100,456,luh,luh_P063_3_S18_C05,1335.0,482.4097743684535
matr_to_luh,naive_cross,matr,luh,pytorch_simple_transformer,100,789,luh,luh_P017_1_S01_C08,139.0,606.7985914019441
matr_to_luh,naive_cross,matr,luh,pytorch_simple_transformer,100,789,luh,luh_P017_2_S04_C07,127.0,604.1148010841464
matr_to_luh,naive_cross,matr,luh,pytorch_simple_transformer,100,789,luh,luh_P017_3_S05_C05,126.0,604.0350125190157
matr_to_luh,naive_cross,matr,luh,pytorch_simple_transformer,100,789,luh,luh_P018_1_S01_C06,109.0,600.4222007737095
matr_to_luh,naive_cross,matr,luh,pytorch_simple_transformer,100,789,luh,luh_P018_2_S02_C06,107.0,599.9557071930141
matr_to_luh,naive_cross,matr,luh,pytorch_simple_transformer,100,789,luh,luh_P018_3_S04_C05,107.0,599.6359536784639
matr_to_luh,naive_cross,matr,luh,pytorch_simple_transformer,100,789,luh,luh_P019_1_S01_C04,63.0,593.3701963959403
matr_to_luh,naive_cross,matr,luh,pytorch_simple_transformer,100,789,luh,luh_P019_2_S02_C04,62.0,593.1945160730406
matr_to_luh,naive_cross,matr,luh,pytorch_simple_transformer,100,789,luh,luh_P019_3_S05_C02,60.0,593.0256743655942
matr_to_luh,naive_cross,matr,luh,pytorch_simple_transformer,100,789,luh,luh_P021_1_S02_C08,451.0,641.4191403657629
matr_to_luh,naive_cross,matr,luh,pytorch_simple_transformer,100,789,luh,luh_P021_2_S03_C08,428.0,637.2025097756618
matr_to_luh,naive_cross,matr,luh,pytorch_simple_transformer,100,789,luh,luh_P021_3_S04_C08,430.0,639.4463733284368
matr_to_luh,naive_cross,matr,luh,pytorch_simple_transformer,100,789,luh,luh_P022_1_S03_C06,341.0,636.5574764210417
matr_to_luh,naive_cross,matr,luh,pytorch_simple_transformer,100,789,luh,luh_P022_2_S04_C06,344.0,633.6157629004496
matr_to_luh,naive_cross,matr,luh,pytorch_simple_transformer,100,789,luh,luh_P022_3_S05_C04,314.0,630.891274543256
matr_to_luh,naive_cross,matr,luh,pytorch_simple_transformer,100,789,luh,luh_P023_1_S03_C04,82.0,607.3361413867493
matr_to_luh,naive_cross,matr,luh,pytorch_simple_transformer,100,789,luh,luh_P023_2_S04_C04,72.0,603.3461585806874
matr_to_luh,naive_cross,matr,luh,pytorch_simple_transformer,100,789,luh,luh_P023_3_S05_C03,79.0,605.9274235384569
matr_to_luh,naive_cross,matr,luh,pytorch_simple_transformer,100,789,luh,luh_P025_1_S01_C09,718.0,662.6006216948848
matr_to_luh,naive_cross,matr,luh,pytorch_simple_transformer,100,789,luh,luh_P025_2_S02_C09,690.0,660.9918515376248
matr_to_luh,naive_cross,matr,luh,pytorch_simple_transformer,100,789,luh,luh_P025_3_S03_C09,702.0,662.624634527398
matr_to_luh,naive_cross,matr,luh,pytorch_simple_transformer,100,789,luh,luh_P026_1_S01_C07,581.0,656.7718090750847
matr_to_luh,naive_cross,matr,luh,pytorch_simple_transformer,100,789,luh,luh_P026_2_S02_C07,613.0,657.5470567674295
matr_to_luh,naive_cross,matr,luh,pytorch_simple_transformer,100,789,luh,luh_P026_3_S03_C07,563.0,657.9601224150421
matr_to_luh,naive_cross,matr,luh,pytorch_simple_transformer,100,789,luh,luh_P027_1_S01_C05,269.0,649.1533057134337
matr_to_luh,naive_cross,matr,luh,pytorch_simple_transformer,100,789,luh,luh_P027_2_S02_C05,285.0,653.1798623744145
matr_to_luh,naive_cross,matr,luh,pytorch_simple_transformer,100,789,luh,luh_P027_3_S03_C05,298.0,651.2513488362135
matr_to_luh,naive_cross,matr,luh,pytorch_simple_transformer,100,789,luh,luh_P029_1_S06_C08,132.0,603.9379554412916
matr_to_luh,naive_cross,matr,luh,pytorch_simple_transformer,100,789,luh,luh_P029_2_S08_C07,135.0,605.9297349725514
matr_to_luh,naive_cross,matr,luh,pytorch_simple_transformer,100,789,luh,luh_P029_3_S09_C07,135.0,607.4864626148384
matr_to_luh,naive_cross,matr,luh,pytorch_simple_transformer,100,789,luh,luh_P030_1_S06_C06,118.0,603.472183406706
matr_to_luh,naive_cross,matr,luh,pytorch_simple_transformer,100,789,luh,luh_P030_2_S08_C05,123.0,604.31273373495
matr_to_luh,naive_cross,matr,luh,pytorch_simple_transformer,100,789,luh,luh_P030_3_S09_C05,123.0,604.6044207792434
matr_to_luh,naive_cross,matr,luh,pytorch_simple_transformer,100,789,luh,luh_P031_1_S06_C04,97.0,598.5977885074287
matr_to_luh,naive_cross,matr,luh,pytorch_simple_transformer,100,789,luh,luh_P031_2_S07_C04,94.0,597.9752961379778
matr_to_luh,naive_cross,matr,luh,pytorch_simple_transformer,100,789,luh,luh_P031_3_S09_C03,90.0,597.7874204799981
matr_to_luh,naive_cross,matr,luh,pytorch_simple_transformer,100,789,luh,luh_P033_1_S07_C08,524.0,643.7521337139066
matr_to_luh,naive_cross,matr,luh,pytorch_simple_transformer,100,789,luh,luh_P033_2_S08_C08,508.0,643.023504645895
matr_to_luh,naive_cross,matr,luh,pytorch_simple_transformer,100,789,luh,luh_P033_3_S09_C08,523.0,642.873279621332
matr_to_luh,naive_cross,matr,luh,pytorch_simple_transformer,100,789,luh,luh_P034_1_S07_C06,446.0,642.3514439165505
matr_to_luh,naive_cross,matr,luh,pytorch_simple_transformer,100,789,luh,luh_P034_2_S08_C06,448.0,641.9686867020653
matr_to_luh,naive_cross,matr,luh,pytorch_simple_transformer,100,789,luh,luh_P034_3_S09_C06,440.0,640.3721452104915
matr_to_luh,naive_cross,matr,luh,pytorch_simple_transformer,100,789,luh,luh_P035_1_S08_C04,279.0,639.1031348050553
matr_to_luh,naive_cross,matr,luh,pytorch_simple_transformer,100,789,luh,luh_P035_2_S09_C04,360.0,642.0531798705773
matr_to_luh,naive_cross,matr,luh,pytorch_simple_transformer,100,789,luh,luh_P035_3_S10_C02,342.0,637.8579296177164
matr_to_luh,naive_cross,matr,luh,pytorch_simple_transformer,100,789,luh,luh_P037_1_S05_C11,741.0,658.4710891701542
matr_to_luh,naive_cross,matr,luh,pytorch_simple_transformer,100,789,luh,luh_P037_3_S10_C04,783.0,662.3438020168197
matr_to_luh,naive_cross,matr,luh,pytorch_simple_transformer,100,789,luh,luh_P038_1_S06_C07,734.0,662.1262307953729
matr_to_luh,naive_cross,matr,luh,pytorch_simple_transformer,100,789,luh,luh_P038_2_S07_C07,816.0,666.2736028747111
matr_to_luh,naive_cross,matr,luh,pytorch_simple_transformer,100,789,luh,luh_P038_3_S10_C03,697.0,660.0328081821235
matr_to_luh,naive_cross,matr,luh,pytorch_simple_transformer,100,789,luh,luh_P039_1_S05_C10,552.0,660.6058620735466
matr_to_luh,naive_cross,matr,luh,pytorch_simple_transformer,100,789,luh,luh_P039_2_S06_C05,588.0,658.2538484435495
matr_to_luh,naive_cross,matr,luh,pytorch_simple_transformer,100,789,luh,luh_P039_3_S07_C05,547.0,656.2427595591442
matr_to_luh,naive_cross,matr,luh,pytorch_simple_transformer,100,789,luh,luh_P041_1_S11_C08,236.0,615.8231354521962
matr_to_luh,naive_cross,matr,luh,pytorch_simple_transformer,100,789,luh,luh_P041_2_S13_C07,220.0,617.4756468124493
matr_to_luh,naive_cross,matr,luh,pytorch_simple_transformer,100,789,luh,luh_P041_3_S14_C07,237.0,615.9118233386517
matr_to_luh,naive_cross,matr,luh,pytorch_simple_transformer,100,789,luh,luh_P042_1_S11_C06,180.0,614.0719680131128
matr_to_luh,naive_cross,matr,luh,pytorch_simple_transformer,100,789,luh,luh_P042_2_S13_C05,204.0,618.5441928267603
matr_to_luh,naive_cross,matr,luh,pytorch_simple_transformer,100,789,luh,luh_P042_3_S14_C05,197.0,612.6674917729365
matr_to_luh,naive_cross,matr,luh,pytorch_simple_transformer,100,789,luh,luh_P043_1_S11_C04,160.0,608.8564160872942
matr_to_luh,naive_cross,matr,luh,pytorch_simple_transformer,100,789,luh,luh_P043_2_S12_C04,156.0,609.0010152861062
matr_to_luh,naive_cross,matr,luh,pytorch_simple_transformer,100,789,luh,luh_P043_3_S14_C03,153.0,606.7479582942643
matr_to_luh,naive_cross,matr,luh,pytorch_simple_transformer,100,789,luh,luh_P045_1_S12_C08,975.0,652.9036553891826
matr_to_luh,naive_cross,matr,luh,pytorch_simple_transformer,100,789,luh,luh_P045_2_S13_C08,980.0,653.5767835121433
matr_to_luh,naive_cross,matr,luh,pytorch_simple_transformer,100,789,luh,luh_P045_3_S14_C08,845.0,643.7591939461968
matr_to_luh,naive_cross,matr,luh,pytorch_simple_transformer,100,789,luh,luh_P046_1_S12_C06,1095.0,653.3025893118158
matr_to_luh,naive_cross,matr,luh,pytorch_simple_transformer,100,789,luh,luh_P046_2_S13_C06,937.0,650.3681490198969
matr_to_luh,naive_cross,matr,luh,pytorch_simple_transformer,100,789,luh,luh_P046_3_S14_C06,1044.0,654.729968595993
matr_to_luh,naive_cross,matr,luh,pytorch_simple_transformer,100,789,luh,luh_P047_1_S13_C04,1015.0,652.6381459885235
matr_to_luh,naive_cross,matr,luh,pytorch_simple_transformer,100,789,luh,luh_P047_2_S14_C04,923.0,648.6910170152008
matr_to_luh,naive_cross,matr,luh,pytorch_simple_transformer,100,789,luh,luh_P047_3_S15_C01,866.0,652.707547750873
matr_to_luh,naive_cross,matr,luh,pytorch_simple_transformer,100,789,luh,luh_P049_1_S10_C10,1466.0,662.9760797158492
matr_to_luh,naive_cross,matr,luh,pytorch_simple_transformer,100,789,luh,luh_P049_3_S15_C02,1380.0,657.9293766295953
matr_to_luh,naive_cross,matr,luh,pytorch_simple_transformer,100,789,luh,luh_P050_1_S10_C09,1615.0,664.626123852754
matr_to_luh,naive_cross,matr,luh,pytorch_simple_transformer,100,789,luh,luh_P050_2_S11_C07,1575.0,661.7102341476896
matr_to_luh,naive_cross,matr,luh,pytorch_simple_transformer,100,789,luh,luh_P050_3_S12_C07,1555.0,663.0721906971943
matr_to_luh,naive_cross,matr,luh,pytorch_simple_transformer,100,789,luh,luh_P051_1_S10_C08,1234.0,663.9280025374999
matr_to_luh,naive_cross,matr,luh,pytorch_simple_transformer,100,789,luh,luh_P051_2_S11_C05,1318.0,671.673780893366
matr_to_luh,naive_cross,matr,luh,pytorch_simple_transformer,100,789,luh,luh_P051_3_S12_C05,1238.0,666.2161009301121
matr_to_luh,naive_cross,matr,luh,pytorch_simple_transformer,100,789,luh,luh_P053_1_S15_C08,323.0,610.8434446325006
matr_to_luh,naive_cross,matr,luh,pytorch_simple_transformer,100,789,luh,luh_P053_2_S16_C08,332.0,611.9965157045381
matr_to_luh,naive_cross,matr,luh,pytorch_simple_transformer,100,789,luh,luh_P053_3_S19_C07,377.0,617.5625113449332
matr_to_luh,naive_cross,matr,luh,pytorch_simple_transformer,100,789,luh,luh_P054_1_S16_C06,359.0,614.3833064208116
matr_to_luh,naive_cross,matr,luh,pytorch_simple_transformer,100,789,luh,luh_P054_2_S17_C06,376.0,616.3528092887914
matr_to_luh,naive_cross,matr,luh,pytorch_simple_transformer,100,789,luh,luh_P054_3_S19_C05,384.0,616.7738176995398
matr_to_luh,naive_cross,matr,luh,pytorch_simple_transformer,100,789,luh,luh_P055_1_S15_C05,354.0,613.0555800433573
matr_to_luh,naive_cross,matr,luh,pytorch_simple_transformer,100,789,luh,luh_P055_2_S16_C04,350.0,612.1296013147279
matr_to_luh,naive_cross,matr,luh,pytorch_simple_transformer,100,789,luh,luh_P055_3_S17_C04,351.0,612.9608731909074
matr_to_luh,naive_cross,matr,luh,pytorch_simple_transformer,100,789,luh,luh_P057_1_S17_C08,555.0,641.5026435277914
matr_to_luh,naive_cross,matr,luh,pytorch_simple_transformer,100,789,luh,luh_P057_2_S18_C08,556.0,642.7546573158952
matr_to_luh,naive_cross,matr,luh,pytorch_simple_transformer,100,789,luh,luh_P057_3_S19_C08,539.0,649.111828622612
matr_to_luh,naive_cross,matr,luh,pytorch_simple_transformer,100,789,luh,luh_P058_1_S15_C07,707.0,650.0314462132181
matr_to_luh,naive_cross,matr,luh,pytorch_simple_transformer,100,789,luh,luh_P058_2_S18_C06,672.0,650.2974455717742
matr_to_luh,naive_cross,matr,luh,pytorch_simple_transformer,100,789,luh,luh_P058_3_S19_C06,712.0,653.4409183683752
matr_to_luh,naive_cross,matr,luh,pytorch_simple_transformer,100,789,luh,luh_P059_1_S15_C06,605.0,654.5432998640093
matr_to_luh,naive_cross,matr,luh,pytorch_simple_transformer,100,789,luh,luh_P059_2_S18_C04,660.0,655.1047152947975
matr_to_luh,naive_cross,matr,luh,pytorch_simple_transformer,100,789,luh,luh_P059_3_S19_C04,664.0,654.3201788460258
matr_to_luh,naive_cross,matr,luh,pytorch_simple_transformer,100,789,luh,luh_P061_1_S16_C09,947.0,651.2050798943822
matr_to_luh,naive_cross,matr,luh,pytorch_simple_transformer,100,789,luh,luh_P061_2_S17_C09,942.0,652.4844302469656
matr_to_luh,naive_cross,matr,luh,pytorch_simple_transformer,100,789,luh,luh_P061_3_S18_C09,1033.0,657.3003448235864
matr_to_luh,naive_cross,matr,luh,pytorch_simple_transformer,100,789,luh,luh_P062_1_S16_C07,1120.0,658.7980271131107
matr_to_luh,naive_cross,matr,luh,pytorch_simple_transformer,100,789,luh,luh_P062_2_S17_C07,1148.0,658.0668026064462
matr_to_luh,naive_cross,matr,luh,pytorch_simple_transformer,100,789,luh,luh_P062_3_S18_C07,1128.0,658.8539462956796
matr_to_luh,naive_cross,matr,luh,pytorch_simple_transformer,100,789,luh,luh_P063_1_S16_C05,1149.0,669.2341729618314
matr_to_luh,naive_cross,matr,luh,pytorch_simple_transformer,100,789,luh,luh_P063_2_S17_C05,1236.0,663.2454785844411
matr_to_luh,naive_cross,matr,luh,pytorch_simple_transformer,100,789,luh,luh_P063_3_S18_C05,1335.0,664.2088733068366
matr_to_sandia,naive_cross,matr,sandia,pytorch_simple_transformer,100,1011,sandia,sandia_SNL_18650_LFP_25C_0_100_0_5_3C_a,3183.0,712.26597679677
matr_to_sandia,naive_cross,matr,sandia,pytorch_simple_transformer,100,1011,sandia,sandia_SNL_18650_LFP_25C_0_100_0_5_3C_b,1610.0,711.9366071369202
matr_to_sandia,naive_cross,matr,sandia,pytorch_simple_transformer,100,1011,sandia,sandia_SNL_18650_LFP_25C_0_100_0_5_3C_c,2305.0,711.9556181491433
matr_to_sandia,naive_cross,matr,sandia,pytorch_simple_transformer,100,1011,sandia,sandia_SNL_18650_LFP_25C_0_100_0_5_3C_d,2788.0,711.8897607379239
matr_to_sandia,naive_cross,matr,sandia,pytorch_simple_transformer,100,1011,sandia,sandia_SNL_18650_LFP_35C_0_100_0_5_1C_a,3089.0,712.1060267285727
matr_to_sandia,naive_cross,matr,sandia,pytorch_simple_transformer,100,1011,sandia,sandia_SNL_18650_LFP_35C_0_100_0_5_1C_b,3126.0,712.0350625143896
matr_to_sandia,naive_cross,matr,sandia,pytorch_simple_transformer,100,1011,sandia,sandia_SNL_18650_LFP_35C_0_100_0_5_1C_c,3246.0,711.9729321912499
matr_to_sandia,naive_cross,matr,sandia,pytorch_simple_transformer,100,1011,sandia,sandia_SNL_18650_LFP_35C_0_100_0_5_1C_d,3374.0,712.1535665213443
matr_to_sandia,naive_cross,matr,sandia,pytorch_simple_transformer,100,1011,sandia,sandia_SNL_18650_LFP_35C_0_100_0_5_2C_a,3442.0,712.0184259947348
matr_to_sandia,naive_cross,matr,sandia,pytorch_simple_transformer,100,1011,sandia,sandia_SNL_18650_LFP_35C_0_100_0_5_2C_b,2465.0,712.0109566633706
matr_to_sandia,naive_cross,matr,sandia,pytorch_simple_transformer,100,1011,sandia,sandia_SNL_18650_NCA_15C_0_100_0_5_1C_a,176.0,711.6012820368583
matr_to_sandia,naive_cross,matr,sandia,pytorch_simple_transformer,100,1011,sandia,sandia_SNL_18650_NCA_15C_0_100_0_5_1C_b,325.0,711.3627815067814
matr_to_sandia,naive_cross,matr,sandia,pytorch_simple_transformer,100,1011,sandia,sandia_SNL_18650_NCA_15C_0_100_0_5_2C_a,158.0,711.9495074112807
matr_to_sandia,naive_cross,matr,sandia,pytorch_simple_transformer,100,1011,sandia,sandia_SNL_18650_NCA_15C_0_100_0_5_2C_b,157.0,711.4587827747106
matr_to_sandia,naive_cross,matr,sandia,pytorch_simple_transformer,100,1011,sandia,sandia_SNL_18650_NCA_25C_0_100_0_5_0_5C_a,249.0,711.0100965886393
matr_to_sandia,naive_cross,matr,sandia,pytorch_simple_transformer,100,1011,sandia,sandia_SNL_18650_NCA_25C_0_100_0_5_0_5C_b,135.0,711.9464520620178
matr_to_sandia,naive_cross,matr,sandia,pytorch_simple_transformer,100,1011,sandia,sandia_SNL_18650_NCA_25C_0_100_0_5_1C_a,337.0,711.0894354468029
matr_to_sandia,naive_cross,matr,sandia,pytorch_simple_transformer,100,1011,sandia,sandia_SNL_18650_NCA_25C_0_100_0_5_1C_b,228.0,710.9372075777026
matr_to_sandia,naive_cross,matr,sandia,pytorch_simple_transformer,100,1011,sandia,sandia_SNL_18650_NCA_25C_0_100_0_5_1C_c,228.0,711.4238408844215
matr_to_sandia,naive_cross,matr,sandia,pytorch_simple_transformer,100,1011,sandia,sandia_SNL_18650_NCA_25C_0_100_0_5_1C_d,251.0,711.5561541827606
matr_to_sandia,naive_cross,matr,sandia,pytorch_simple_transformer,100,1011,sandia,sandia_SNL_18650_NCA_25C_0_100_0_5_2C_a,225.0,711.4516585607129
matr_to_sandia,naive_cross,matr,sandia,pytorch_simple_transformer,100,1011,sandia,sandia_SNL_18650_NCA_25C_0_100_0_5_2C_b,304.0,710.4370177321512
matr_to_sandia,naive_cross,matr,sandia,pytorch_simple_transformer,100,1011,sandia,sandia_SNL_18650_NCA_35C_0_100_0_5_1C_a,171.0,711.4581042750658
matr_to_sandia,naive_cross,matr,sandia,pytorch_simple_transformer,100,1011,sandia,sandia_SNL_18650_NCA_35C_0_100_0_5_1C_b,320.0,711.5832984136493
matr_to_sandia,naive_cross,matr,sandia,pytorch_simple_transformer,100,1011,sandia,sandia_SNL_18650_NCA_35C_0_100_0_5_1C_c,346.0,711.4438559319971
matr_to_sandia,naive_cross,matr,sandia,pytorch_simple_transformer,100,1011,sandia,sandia_SNL_18650_NCA_35C_0_100_0_5_1C_d,320.0,711.2430524985316
matr_to_sandia,naive_cross,matr,sandia,pytorch_simple_transformer,100,1011,sandia,sandia_SNL_18650_NCA_35C_0_100_0_5_2C_a,210.0,710.8989014653456
matr_to_sandia,naive_cross,matr,sandia,pytorch_simple_transformer,100,1011,sandia,sandia_SNL_18650_NCA_35C_0_100_0_5_2C_b,216.0,711.5429217456364
matr_to_sandia,naive_cross,matr,sandia,pytorch_simple_transformer,100,1011,sandia,sandia_SNL_18650_NMC_15C_0_100_0_5_1C_a,105.0,711.194556114399
matr_to_sandia,naive_cross,matr,sandia,pytorch_simple_transformer,100,1011,sandia,sandia_SNL_18650_NMC_15C_0_100_0_5_1C_b,142.0,714.1343771470134
matr_to_sandia,naive_cross,matr,sandia,pytorch_simple_transformer,100,1011,sandia,sandia_SNL_18650_NMC_15C_0_100_0_5_2C_a,102.0,711.0816367906584
matr_to_sandia,naive_cross,matr,sandia,pytorch_simple_transformer,100,1011,sandia,sandia_SNL_18650_NMC_15C_0_100_0_5_2C_b,103.0,710.8134828785137
matr_to_sandia,naive_cross,matr,sandia,pytorch_simple_transformer,100,1011,sandia,sandia_SNL_18650_NMC_25C_0_100_0_5_0_5C_a,49.0,710.3713007947051
matr_to_sandia,naive_cross,matr,sandia,pytorch_simple_transformer,100,1011,sandia,sandia_SNL_18650_NMC_25C_0_100_0_5_0_5C_b,327.0,711.1023203704325
matr_to_sandia,naive_cross,matr,sandia,pytorch_simple_transformer,100,1011,sandia,sandia_SNL_18650_NMC_25C_0_100_0_5_1C_a,271.0,710.9558528924726
matr_to_sandia,naive_cross,matr,sandia,pytorch_simple_transformer,100,1011,sandia,sandia_SNL_18650_NMC_25C_0_100_0_5_1C_b,340.0,710.9497507356273
matr_to_sandia,naive_cross,matr,sandia,pytorch_simple_transformer,100,1011,sandia,sandia_SNL_18650_NMC_25C_0_100_0_5_1C_c,282.0,710.9738206584462
matr_to_sandia,naive_cross,matr,sandia,pytorch_simple_transformer,100,1011,sandia,sandia_SNL_18650_NMC_25C_0_100_0_5_1C_d,285.0,710.9131388944145
matr_to_sandia,naive_cross,matr,sandia,pytorch_simple_transformer,100,1011,sandia,sandia_SNL_18650_NMC_25C_0_100_0_5_2C_a,233.0,710.9026302882562
matr_to_sandia,naive_cross,matr,sandia,pytorch_simple_transformer,100,1011,sandia,sandia_SNL_18650_NMC_25C_0_100_0_5_2C_b,135.0,712.3359450193067
matr_to_sandia,naive_cross,matr,sandia,pytorch_simple_transformer,100,1011,sandia,sandia_SNL_18650_NMC_25C_0_100_0_5_3C_a,261.0,711.0999468143264
matr_to_sandia,naive_cross,matr,sandia,pytorch_simple_transformer,100,1011,sandia,sandia_SNL_18650_NMC_25C_0_100_0_5_3C_b,287.0,710.8528012705327
matr_to_sandia,naive_cross,matr,sandia,pytorch_simple_transformer,100,1011,sandia,sandia_SNL_18650_NMC_25C_0_100_0_5_3C_c,305.0,710.8917828577362
matr_to_sandia,naive_cross,matr,sandia,pytorch_simple_transformer,100,1011,sandia,sandia_SNL_18650_NMC_25C_0_100_0_5_3C_d,304.0,710.8528012705327
matr_to_sandia,naive_cross,matr,sandia,pytorch_simple_transformer,100,1011,sandia,sandia_SNL_18650_NMC_35C_0_100_0_5_1C_a,280.0,710.865342939266
matr_to_sandia,naive_cross,matr,sandia,pytorch_simple_transformer,100,1011,sandia,sandia_SNL_18650_NMC_35C_0_100_0_5_1C_b,90.0,711.3719400793318
matr_to_sandia,naive_cross,matr,sandia,pytorch_simple_transformer,100,1011,sandia,sandia_SNL_18650_NMC_35C_0_100_0_5_1C_c,256.0,710.839242958649
matr_to_sandia,naive_cross,matr,sandia,pytorch_simple_transformer,100,1011,sandia,sandia_SNL_18650_NMC_35C_0_100_0_5_1C_d,390.0,711.1145273555526
matr_to_sandia,naive_cross,matr,sandia,pytorch_simple_transformer,100,1011,sandia,sandia_SNL_18650_NMC_35C_0_100_0_5_2C_a,170.0,710.9446656449314
matr_to_sandia,naive_cross,matr,sandia,pytorch_simple_transformer,100,1011,sandia,sandia_SNL_18650_NMC_35C_0_100_0_5_2C_b,400.0,711.0077233403626
matr_to_sandia,naive_cross,matr,sandia,pytorch_simple_transformer,100,123,sandia,sandia_SNL_18650_LFP_25C_0_100_0_5_3C_a,3183.0,490.9156757355739
matr_to_sandia,naive_cross,matr,sandia,pytorch_simple_transformer,100,123,sandia,sandia_SNL_18650_LFP_25C_0_100_0_5_3C_b,1610.0,456.2468498327626
matr_to_sandia,naive_cross,matr,sandia,pytorch_simple_transformer,100,123,sandia,sandia_SNL_18650_LFP_25C_0_100_0_5_3C_c,2305.0,443.6316251524287
matr_to_sandia,naive_cross,matr,sandia,pytorch_simple_transformer,100,123,sandia,sandia_SNL_18650_LFP_25C_0_100_0_5_3C_d,2788.0,450.1549968514097
matr_to_sandia,naive_cross,matr,sandia,pytorch_simple_transformer,100,123,sandia,sandia_SNL_18650_LFP_35C_0_100_0_5_1C_a,3089.0,452.7666852980006
matr_to_sandia,naive_cross,matr,sandia,pytorch_simple_transformer,100,123,sandia,sandia_SNL_18650_LFP_35C_0_100_0_5_1C_b,3126.0,461.3118189142689
matr_to_sandia,naive_cross,matr,sandia,pytorch_simple_transformer,100,123,sandia,sandia_SNL_18650_LFP_35C_0_100_0_5_1C_c,3246.0,434.5861617965886
matr_to_sandia,naive_cross,matr,sandia,pytorch_simple_transformer,100,123,sandia,sandia_SNL_18650_LFP_35C_0_100_0_5_1C_d,3374.0,471.5721627814154
matr_to_sandia,naive_cross,matr,sandia,pytorch_simple_transformer,100,123,sandia,sandia_SNL_18650_LFP_35C_0_100_0_5_2C_a,3442.0,459.21127702240875
matr_to_sandia,naive_cross,matr,sandia,pytorch_simple_transformer,100,123,sandia,sandia_SNL_18650_LFP_35C_0_100_0_5_2C_b,2465.0,450.1150736047888
matr_to_sandia,naive_cross,matr,sandia,pytorch_simple_transformer,100,123,sandia,sandia_SNL_18650_NCA_15C_0_100_0_5_1C_a,176.0,150.60914163996588
matr_to_sandia,naive_cross,matr,sandia,pytorch_simple_transformer,100,123,sandia,sandia_SNL_18650_NCA_15C_0_100_0_5_1C_b,325.0,161.69363017586068
matr_to_sandia,naive_cross,matr,sandia,pytorch_simple_transformer,100,123,sandia,sandia_SNL_18650_NCA_15C_0_100_0_5_2C_a,158.0,144.1619401449545
matr_to_sandia,naive_cross,matr,sandia,pytorch_simple_transformer,100,123,sandia,sandia_SNL_18650_NCA_15C_0_100_0_5_2C_b,157.0,146.66681817014484
matr_to_sandia,naive_cross,matr,sandia,pytorch_simple_transformer,100,123,sandia,sandia_SNL_18650_NCA_25C_0_100_0_5_0_5C_a,249.0,154.99119975582556
matr_to_sandia,naive_cross,matr,sandia,pytorch_simple_transformer,100,123,sandia,sandia_SNL_18650_NCA_25C_0_100_0_5_0_5C_b,135.0,146.81452779467833
matr_to_sandia,naive_cross,matr,sandia,pytorch_simple_transformer,100,123,sandia,sandia_SNL_18650_NCA_25C_0_100_0_5_1C_a,337.0,160.8251860414242
matr_to_sandia,naive_cross,matr,sandia,pytorch_simple_transformer,100,123,sandia,sandia_SNL_18650_NCA_25C_0_100_0_5_1C_b,228.0,158.06907962101766
matr_to_sandia,naive_cross,matr,sandia,pytorch_simple_transformer,100,123,sandia,sandia_SNL_18650_NCA_25C_0_100_0_5_1C_c,228.0,164.58904468370486
matr_to_sandia,naive_cross,matr,sandia,pytorch_simple_transformer,100,123,sandia,sandia_SNL_18650_NCA_25C_0_100_0_5_1C_d,251.0,162.06267310063825
matr_to_sandia,naive_cross,matr,sandia,pytorch_simple_transformer,100,123,sandia,sandia_SNL_18650_NCA_25C_0_100_0_5_2C_a,225.0,151.98296238445144
matr_to_sandia,naive_cross,matr,sandia,pytorch_simple_transformer,100,123,sandia,sandia_SNL_18650_NCA_25C_0_100_0_5_2C_b,304.0,151.56104246434535
matr_to_sandia,naive_cross,matr,sandia,pytorch_simple_transformer,100,123,sandia,sandia_SNL_18650_NCA_35C_0_100_0_5_1C_a,171.0,188.33873987233648
matr_to_sandia,naive_cross,matr,sandia,pytorch_simple_transformer,100,123,sandia,sandia_SNL_18650_NCA_35C_0_100_0_5_1C_b,320.0,216.91180716942245
matr_to_sandia,naive_cross,matr,sandia,pytorch_simple_transformer,100,123,sandia,sandia_SNL_18650_NCA_35C_0_100_0_5_1C_c,346.0,174.49976736824047
matr_to_sandia,naive_cross,matr,sandia,pytorch_simple_transformer,100,123,sandia,sandia_SNL_18650_NCA_35C_0_100_0_5_1C_d,320.0,150.75061381625636
matr_to_sandia,naive_cross,matr,sandia,pytorch_simple_transformer,100,123,sandia,sandia_SNL_18650_NCA_35C_0_100_0_5_2C_a,210.0,147.94378503389677
matr_to_sandia,naive_cross,matr,sandia,pytorch_simple_transformer,100,123,sandia,sandia_SNL_18650_NCA_35C_0_100_0_5_2C_b,216.0,150.4830137088469
matr_to_sandia,naive_cross,matr,sandia,pytorch_simple_transformer,100,123,sandia,sandia_SNL_18650_NMC_15C_0_100_0_5_1C_a,105.0,144.7056102629204
matr_to_sandia,naive_cross,matr,sandia,pytorch_simple_transformer,100,123,sandia,sandia_SNL_18650_NMC_15C_0_100_0_5_1C_b,142.0,138.9132079283854
matr_to_sandia,naive_cross,matr,sandia,pytorch_simple_transformer,100,123,sandia,sandia_SNL_18650_NMC_15C_0_100_0_5_2C_a,102.0,144.91635466317072
matr_to_sandia,naive_cross,matr,sandia,pytorch_simple_transformer,100,123,sandia,sandia_SNL_18650_NMC_15C_0_100_0_5_2C_b,103.0,142.27058465236945
matr_to_sandia,naive_cross,matr,sandia,pytorch_simple_transformer,100,123,sandia,sandia_SNL_18650_NMC_25C_0_100_0_5_0_5C_a,49.0,141.1150371700549
matr_to_sandia,naive_cross,matr,sandia,pytorch_simple_transformer,100,123,sandia,sandia_SNL_18650_NMC_25C_0_100_0_5_0_5C_b,327.0,150.7452945315275
matr_to_sandia,naive_cross,matr,sandia,pytorch_simple_transformer,100,123,sandia,sandia_SNL_18650_NMC_25C_0_100_0_5_1C_a,271.0,150.93374033052896
matr_to_sandia,naive_cross,matr,sandia,pytorch_simple_transformer,100,123,sandia,sandia_SNL_18650_NMC_25C_0_100_0_5_1C_b,340.0,151.50497136791304
matr_to_sandia,naive_cross,matr,sandia,pytorch_simple_transformer,100,123,sandia,sandia_SNL_18650_NMC_25C_0_100_0_5_1C_c,282.0,151.65523945212382
matr_to_sandia,naive_cross,matr,sandia,pytorch_simple_transformer,100,123,sandia,sandia_SNL_18650_NMC_25C_0_100_0_5_1C_d,285.0,150.5817104129575
matr_to_sandia,naive_cross,matr,sandia,pytorch_simple_transformer,100,123,sandia,sandia_SNL_18650_NMC_25C_0_100_0_5_2C_a,233.0,151.1245835435524
matr_to_sandia,naive_cross,matr,sandia,pytorch_simple_transformer,100,123,sandia,sandia_SNL_18650_NMC_25C_0_100_0_5_2C_b,135.0,171.5660819141577
matr_to_sandia,naive_cross,matr,sandia,pytorch_simple_transformer,100,123,sandia,sandia_SNL_18650_NMC_25C_0_100_0_5_3C_a,261.0,150.46356911831825
matr_to_sandia,naive_cross,matr,sandia,pytorch_simple_transformer,100,123,sandia,sandia_SNL_18650_NMC_25C_0_100_0_5_3C_b,287.0,150.55464313195435
matr_to_sandia,naive_cross,matr,sandia,pytorch_simple_transformer,100,123,sandia,sandia_SNL_18650_NMC_25C_0_100_0_5_3C_c,305.0,150.0258352387725
matr_to_sandia,naive_cross,matr,sandia,pytorch_simple_transformer,100,123,sandia,sandia_SNL_18650_NMC_25C_0_100_0_5_3C_d,304.0,150.2786483111944
matr_to_sandia,naive_cross,matr,sandia,pytorch_simple_transformer,100,123,sandia,sandia_SNL_18650_NMC_35C_0_100_0_5_1C_a,280.0,151.63607722668357
matr_to_sandia,naive_cross,matr,sandia,pytorch_simple_transformer,100,123,sandia,sandia_SNL_18650_NMC_35C_0_100_0_5_1C_b,90.0,140.4868845112532
matr_to_sandia,naive_cross,matr,sandia,pytorch_simple_transformer,100,123,sandia,sandia_SNL_18650_NMC_35C_0_100_0_5_1C_c,256.0,151.21512029450557
matr_to_sandia,naive_cross,matr,sandia,pytorch_simple_transformer,100,123,sandia,sandia_SNL_18650_NMC_35C_0_100_0_5_1C_d,390.0,157.41994535621498
matr_to_sandia,naive_cross,matr,sandia,pytorch_simple_transformer,100,123,sandia,sandia_SNL_18650_NMC_35C_0_100_0_5_2C_a,170.0,152.08887958624504
matr_to_sandia,naive_cross,matr,sandia,pytorch_simple_transformer,100,123,sandia,sandia_SNL_18650_NMC_35C_0_100_0_5_2C_b,400.0,153.4382939556214
matr_to_sandia,naive_cross,matr,sandia,pytorch_simple_transformer,100,42,sandia,sandia_SNL_18650_LFP_25C_0_100_0_5_3C_a,3183.0,701.1497589615473
matr_to_sandia,naive_cross,matr,sandia,pytorch_simple_transformer,100,42,sandia,sandia_SNL_18650_LFP_25C_0_100_0_5_3C_b,1610.0,699.7025841636688
matr_to_sandia,naive_cross,matr,sandia,pytorch_simple_transformer,100,42,sandia,sandia_SNL_18650_LFP_25C_0_100_0_5_3C_c,2305.0,699.3006583946016
matr_to_sandia,naive_cross,matr,sandia,pytorch_simple_transformer,100,42,sandia,sandia_SNL_18650_LFP_25C_0_100_0_5_3C_d,2788.0,699.4600668742405
matr_to_sandia,naive_cross,matr,sandia,pytorch_simple_transformer,100,42,sandia,sandia_SNL_18650_LFP_35C_0_100_0_5_1C_a,3089.0,699.7302771795962
matr_to_sandia,naive_cross,matr,sandia,pytorch_simple_transformer,100,42,sandia,sandia_SNL_18650_LFP_35C_0_100_0_5_1C_b,3126.0,699.9715530654747
matr_to_sandia,naive_cross,matr,sandia,pytorch_simple_transformer,100,42,sandia,sandia_SNL_18650_LFP_35C_0_100_0_5_1C_c,3246.0,699.1842931414011
matr_to_sandia,naive_cross,matr,sandia,pytorch_simple_transformer,100,42,sandia,sandia_SNL_18650_LFP_35C_0_100_0_5_1C_d,3374.0,700.324773404769
matr_to_sandia,naive_cross,matr,sandia,pytorch_simple_transformer,100,42,sandia,sandia_SNL_18650_LFP_35C_0_100_0_5_2C_a,3442.0,699.8180345776078
matr_to_sandia,naive_cross,matr,sandia,pytorch_simple_transformer,100,42,sandia,sandia_SNL_18650_LFP_35C_0_100_0_5_2C_b,2465.0,699.5324463143314
matr_to_sandia,naive_cross,matr,sandia,pytorch_simple_transformer,100,42,sandia,sandia_SNL_18650_NCA_15C_0_100_0_5_1C_a,176.0,693.4395875331084
matr_to_sandia,naive_cross,matr,sandia,pytorch_simple_transformer,100,42,sandia,sandia_SNL_18650_NCA_15C_0_100_0_5_1C_b,325.0,692.8182294909939
matr_to_sandia,naive_cross,matr,sandia,pytorch_simple_transformer,100,42,sandia,sandia_SNL_18650_NCA_15C_0_100_0_5_2C_a,158.0,696.5258509167778
matr_to_sandia,naive_cross,matr,sandia,pytorch_simple_transformer,100,42,sandia,sandia_SNL_18650_NCA_15C_0_100_0_5_2C_b,157.0,692.6652890111286
matr_to_sandia,naive_cross,matr,sandia,pytorch_simple_transformer,100,42,sandia,sandia_SNL_18650_NCA_25C_0_100_0_5_0_5C_a,249.0,690.2080174577313
matr_to_sandia,naive_cross,matr,sandia,pytorch_simple_transformer,100,42,sandia,sandia_SNL_18650_NCA_25C_0_100_0_5_0_5C_b,135.0,694.292878467378
matr_to_sandia,naive_cross,matr,sandia,pytorch_simple_transformer,100,42,sandia,sandia_SNL_18650_NCA_25C_0_100_0_5_1C_a,337.0,691.7420877222523
matr_to_sandia,naive_cross,matr,sandia,pytorch_simple_transformer,100,42,sandia,sandia_SNL_18650_NCA_25C_0_100_0_5_1C_b,228.0,690.971002559396
matr_to_sandia,naive_cross,matr,sandia,pytorch_simple_transformer,100,42,sandia,sandia_SNL_18650_NCA_25C_0_100_0_5_1C_c,228.0,693.7187188490035
matr_to_sandia,naive_cross,matr,sandia,pytorch_simple_transformer,100,42,sandia,sandia_SNL_18650_NCA_25C_0_100_0_5_1C_d,251.0,693.8474084294354
matr_to_sandia,naive_cross,matr,sandia,pytorch_simple_transformer,100,42,sandia,sandia_SNL_18650_NCA_25C_0_100_0_5_2C_a,225.0,694.7363155734238
matr_to_sandia,naive_cross,matr,sandia,pytorch_simple_transformer,100,42,sandia,sandia_SNL_18650_NCA_25C_0_100_0_5_2C_b,304.0,689.726029672193
matr_to_sandia,naive_cross,matr,sandia,pytorch_simple_transformer,100,42,sandia,sandia_SNL_18650_NCA_35C_0_100_0_5_1C_a,171.0,694.701532454696
matr_to_sandia,naive_cross,matr,sandia,pytorch_simple_transformer,100,42,sandia,sandia_SNL_18650_NCA_35C_0_100_0_5_1C_b,320.0,696.2515660457864
matr_to_sandia,naive_cross,matr,sandia,pytorch_simple_transformer,100,42,sandia,sandia_SNL_18650_NCA_35C_0_100_0_5_1C_c,346.0,693.7749555749353
matr_to_sandia,naive_cross,matr,sandia,pytorch_simple_transformer,100,42,sandia,sandia_SNL_18650_NCA_35C_0_100_0_5_1C_d,320.0,696.8956090574727
matr_to_sandia,naive_cross,matr,sandia,pytorch_simple_transformer,100,42,sandia,sandia_SNL_18650_NCA_35C_0_100_0_5_2C_a,210.0,687.416841607533
matr_to_sandia,naive_cross,matr,sandia,pytorch_simple_transformer,100,42,sandia,sandia_SNL_18650_NCA_35C_0_100_0_5_2C_b,216.0,693.115288124144
matr_to_sandia,naive_cross,matr,sandia,pytorch_simple_transformer,100,42,sandia,sandia_SNL_18650_NMC_15C_0_100_0_5_1C_a,105.0,689.6780138416115
matr_to_sandia,naive_cross,matr,sandia,pytorch_simple_transformer,100,42,sandia,sandia_SNL_18650_NMC_15C_0_100_0_5_1C_b,142.0,703.0144760137916
matr_to_sandia,naive_cross,matr,sandia,pytorch_simple_transformer,100,42,sandia,sandia_SNL_18650_NMC_15C_0_100_0_5_2C_a,102.0,688.9778889054089
matr_to_sandia,naive_cross,matr,sandia,pytorch_simple_transformer,100,42,sandia,sandia_SNL_18650_NMC_15C_0_100_0_5_2C_b,103.0,692.1515506403174
matr_to_sandia,naive_cross,matr,sandia,pytorch_simple_transformer,100,42,sandia,sandia_SNL_18650_NMC_25C_0_100_0_5_0_5C_a,49.0,686.808412621375
matr_to_sandia,naive_cross,matr,sandia,pytorch_simple_transformer,100,42,sandia,sandia_SNL_18650_NMC_25C_0_100_0_5_0_5C_b,327.0,689.6868932295839
matr_to_sandia,naive_cross,matr,sandia,pytorch_simple_transformer,100,42,sandia,sandia_SNL_18650_NMC_25C_0_100_0_5_1C_a,271.0,688.9778889054089
matr_to_sandia,naive_cross,matr,sandia,pytorch_simple_transformer,100,42,sandia,sandia_SNL_18650_NMC_25C_0_100_0_5_1C_b,340.0,689.0518121790789
matr_to_sandia,naive_cross,matr,sandia,pytorch_simple_transformer,100,42,sandia,sandia_SNL_18650_NMC_25C_0_100_0_5_1C_c,282.0,689.1628762706868
matr_to_sandia,naive_cross,matr,sandia,pytorch_simple_transformer,100,42,sandia,sandia_SNL_18650_NMC_25C_0_100_0_5_1C_d,285.0,688.7932796371997
matr_to_sandia,naive_cross,matr,sandia,pytorch_simple_transformer,100,42,sandia,sandia_SNL_18650_NMC_25C_0_100_0_5_2C_a,233.0,688.8205408817562
matr_to_sandia,naive_cross,matr,sandia,pytorch_simple_transformer,100,42,sandia,sandia_SNL_18650_NMC_25C_0_100_0_5_2C_b,135.0,696.5278436960726
matr_to_sandia,naive_cross,matr,sandia,pytorch_simple_transformer,100,42,sandia,sandia_SNL_18650_NMC_25C_0_100_0_5_3C_a,261.0,689.4636277734843
matr_to_sandia,naive_cross,matr,sandia,pytorch_simple_transformer,100,42,sandia,sandia_SNL_18650_NMC_25C_0_100_0_5_3C_b,287.0,688.2492658081838
matr_to_sandia,naive_cross,matr,sandia,pytorch_simple_transformer,100,42,sandia,sandia_SNL_18650_NMC_25C_0_100_0_5_3C_c,305.0,688.1491773252279
matr_to_sandia,naive_cross,matr,sandia,pytorch_simple_transformer,100,42,sandia,sandia_SNL_18650_NMC_25C_0_100_0_5_3C_d,304.0,688.2000401450453
matr_to_sandia,naive_cross,matr,sandia,pytorch_simple_transformer,100,42,sandia,sandia_SNL_18650_NMC_35C_0_100_0_5_1C_a,280.0,688.9079155138548
matr_to_sandia,naive_cross,matr,sandia,pytorch_simple_transformer,100,42,sandia,sandia_SNL_18650_NMC_35C_0_100_0_5_1C_b,90.0,690.1803721977035
matr_to_sandia,naive_cross,matr,sandia,pytorch_simple_transformer,100,42,sandia,sandia_SNL_18650_NMC_35C_0_100_0_5_1C_c,256.0,688.7023071476079
matr_to_sandia,naive_cross,matr,sandia,pytorch_simple_transformer,100,42,sandia,sandia_SNL_18650_NMC_35C_0_100_0_5_1C_d,390.0,690.6679468407207
matr_to_sandia,naive_cross,matr,sandia,pytorch_simple_transformer,100,42,sandia,sandia_SNL_18650_NMC_35C_0_100_0_5_2C_a,170.0,688.9246690590937
matr_to_sandia,naive_cross,matr,sandia,pytorch_simple_transformer,100,42,sandia,sandia_SNL_18650_NMC_35C_0_100_0_5_2C_b,400.0,689.9872153906088
matr_to_sandia,naive_cross,matr,sandia,pytorch_simple_transformer,100,456,sandia,sandia_SNL_18650_LFP_25C_0_100_0_5_3C_a,3183.0,539.6625837890142
matr_to_sandia,naive_cross,matr,sandia,pytorch_simple_transformer,100,456,sandia,sandia_SNL_18650_LFP_25C_0_100_0_5_3C_b,1610.0,510.4980656400306
matr_to_sandia,naive_cross,matr,sandia,pytorch_simple_transformer,100,456,sandia,sandia_SNL_18650_LFP_25C_0_100_0_5_3C_c,2305.0,506.01934397993887
matr_to_sandia,naive_cross,matr,sandia,pytorch_simple_transformer,100,456,sandia,sandia_SNL_18650_LFP_25C_0_100_0_5_3C_d,2788.0,507.35591583706184
matr_to_sandia,naive_cross,matr,sandia,pytorch_simple_transformer,100,456,sandia,sandia_SNL_18650_LFP_35C_0_100_0_5_1C_a,3089.0,510.5165662332193
matr_to_sandia,naive_cross,matr,sandia,pytorch_simple_transformer,100,456,sandia,sandia_SNL_18650_LFP_35C_0_100_0_5_1C_b,3126.0,514.1956210952105
matr_to_sandia,naive_cross,matr,sandia,pytorch_simple_transformer,100,456,sandia,sandia_SNL_18650_LFP_35C_0_100_0_5_1C_c,3246.0,505.08280463420107
matr_to_sandia,naive_cross,matr,sandia,pytorch_simple_transformer,100,456,sandia,sandia_SNL_18650_LFP_35C_0_100_0_5_1C_d,3374.0,520.9215729980763
matr_to_sandia,naive_cross,matr,sandia,pytorch_simple_transformer,100,456,sandia,sandia_SNL_18650_LFP_35C_0_100_0_5_2C_a,3442.0,512.5080731982578
matr_to_sandia,naive_cross,matr,sandia,pytorch_simple_transformer,100,456,sandia,sandia_SNL_18650_LFP_35C_0_100_0_5_2C_b,2465.0,510.0090169018165
matr_to_sandia,naive_cross,matr,sandia,pytorch_simple_transformer,100,456,sandia,sandia_SNL_18650_NCA_15C_0_100_0_5_1C_a,176.0,506.6446680999643
matr_to_sandia,naive_cross,matr,sandia,pytorch_simple_transformer,100,456,sandia,sandia_SNL_18650_NCA_15C_0_100_0_5_1C_b,325.0,501.4854511960628
matr_to_sandia,naive_cross,matr,sandia,pytorch_simple_transformer,100,456,sandia,sandia_SNL_18650_NCA_15C_0_100_0_5_2C_a,158.0,506.4869363446225
matr_to_sandia,naive_cross,matr,sandia,pytorch_simple_transformer,100,456,sandia,sandia_SNL_18650_NCA_15C_0_100_0_5_2C_b,157.0,511.8227933561804
matr_to_sandia,naive_cross,matr,sandia,pytorch_simple_transformer,100,456,sandia,sandia_SNL_18650_NCA_25C_0_100_0_5_0_5C_a,249.0,515.7254108553963
matr_to_sandia,naive_cross,matr,sandia,pytorch_simple_transformer,100,456,sandia,sandia_SNL_18650_NCA_25C_0_100_0_5_0_5C_b,135.0,507.5180322548127
matr_to_sandia,naive_cross,matr,sandia,pytorch_simple_transformer,100,456,sandia,sandia_SNL_18650_NCA_25C_0_100_0_5_1C_a,337.0,505.64379670494577
matr_to_sandia,naive_cross,matr,sandia,pytorch_simple_transformer,100,456,sandia,sandia_SNL_18650_NCA_25C_0_100_0_5_1C_b,228.0,509.225327852558
matr_to_sandia,naive_cross,matr,sandia,pytorch_simple_transformer,100,456,sandia,sandia_SNL_18650_NCA_25C_0_100_0_5_1C_c,228.0,499.25530565348856
matr_to_sandia,naive_cross,matr,sandia,pytorch_simple_transformer,100,456,sandia,sandia_SNL_18650_NCA_25C_0_100_0_5_1C_d,251.0,504.69808531388924
matr_to_sandia,naive_cross,matr,sandia,pytorch_simple_transformer,100,456,sandia,sandia_SNL_18650_NCA_25C_0_100_0_5_2C_a,225.0,506.51084657632975
matr_to_sandia,naive_cross,matr,sandia,pytorch_simple_transformer,100,456,sandia,sandia_SNL_18650_NCA_25C_0_100_0_5_2C_b,304.0,515.058178090886
matr_to_sandia,naive_cross,matr,sandia,pytorch_simple_transformer,100,456,sandia,sandia_SNL_18650_NCA_35C_0_100_0_5_1C_a,171.0,491.0446745277174
matr_to_sandia,naive_cross,matr,sandia,pytorch_simple_transformer,100,456,sandia,sandia_SNL_18650_NCA_35C_0_100_0_5_1C_b,320.0,489.57011931110844
matr_to_sandia,naive_cross,matr,sandia,pytorch_simple_transformer,100,456,sandia,sandia_SNL_18650_NCA_35C_0_100_0_5_1C_c,346.0,494.3014254074959
matr_to_sandia,naive_cross,matr,sandia,pytorch_simple_transformer,100,456,sandia,sandia_SNL_18650_NCA_35C_0_100_0_5_1C_d,320.0,624.0239180323802
matr_to_sandia,naive_cross,matr,sandia,pytorch_simple_transformer,100,456,sandia,sandia_SNL_18650_NCA_35C_0_100_0_5_2C_a,210.0,568.1642585046029
matr_to_sandia,naive_cross,matr,sandia,pytorch_simple_transformer,100,456,sandia,sandia_SNL_18650_NCA_35C_0_100_0_5_2C_b,216.0,513.1761623341866
matr_to_sandia,naive_cross,matr,sandia,pytorch_simple_transformer,100,456,sandia,sandia_SNL_18650_NMC_15C_0_100_0_5_1C_a,105.0,517.7305717193985
matr_to_sandia,naive_cross,matr,sandia,pytorch_simple_transformer,100,456,sandia,sandia_SNL_18650_NMC_15C_0_100_0_5_1C_b,142.0,504.41322571369795
matr_to_sandia,naive_cross,matr,sandia,pytorch_simple_transformer,100,456,sandia,sandia_SNL_18650_NMC_15C_0_100_0_5_2C_a,102.0,518.8491262858277
matr_to_sandia,naive_cross,matr,sandia,pytorch_simple_transformer,100,456,sandia,sandia_SNL_18650_NMC_15C_0_100_0_5_2C_b,103.0,526.4998713311503
matr_to_sandia,naive_cross,matr,sandia,pytorch_simple_transformer,100,456,sandia,sandia_SNL_18650_NMC_25C_0_100_0_5_0_5C_a,49.0,578.0438080088453
matr_to_sandia,naive_cross,matr,sandia,pytorch_simple_transformer,100,456,sandia,sandia_SNL_18650_NMC_25C_0_100_0_5_0_5C_b,327.0,515.4330983681218
matr_to_sandia,naive_cross,matr,sandia,pytorch_simple_transformer,100,456,sandia,sandia_SNL_18650_NMC_25C_0_100_0_5_1C_a,271.0,515.8407588443768
matr_to_sandia,naive_cross,matr,sandia,pytorch_simple_transformer,100,456,sandia,sandia_SNL_18650_NMC_25C_0_100_0_5_1C_b,340.0,515.0574412947792
matr_to_sandia,naive_cross,matr,sandia,pytorch_simple_transformer,100,456,sandia,sandia_SNL_18650_NMC_25C_0_100_0_5_1C_c,282.0,515.0716862063048
matr_to_sandia,naive_cross,matr,sandia,pytorch_simple_transformer,100,456,sandia,sandia_SNL_18650_NMC_25C_0_100_0_5_1C_d,285.0,516.3597748103183
matr_to_sandia,naive_cross,matr,sandia,pytorch_simple_transformer,100,456,sandia,sandia_SNL_18650_NMC_25C_0_100_0_5_2C_a,233.0,515.5454309949545
matr_to_sandia,naive_cross,matr,sandia,pytorch_simple_transformer,100,456,sandia,sandia_SNL_18650_NMC_25C_0_100_0_5_2C_b,135.0,489.1624603246008
matr_to_sandia,naive_cross,matr,sandia,pytorch_simple_transformer,100,456,sandia,sandia_SNL_18650_NMC_25C_0_100_0_5_3C_a,261.0,518.6334326264417
matr_to_sandia,naive_cross,matr,sandia,pytorch_simple_transformer,100,456,sandia,sandia_SNL_18650_NMC_25C_0_100_0_5_3C_b,287.0,517.1157291428221
matr_to_sandia,naive_cross,matr,sandia,pytorch_simple_transformer,100,456,sandia,sandia_SNL_18650_NMC_25C_0_100_0_5_3C_c,305.0,517.5301495050974
matr_to_sandia,naive_cross,matr,sandia,pytorch_simple_transformer,100,456,sandia,sandia_SNL_18650_NMC_25C_0_100_0_5_3C_d,304.0,517.5109012098029
matr_to_sandia,naive_cross,matr,sandia,pytorch_simple_transformer,100,456,sandia,sandia_SNL_18650_NMC_35C_0_100_0_5_1C_a,280.0,515.094528007449
matr_to_sandia,naive_cross,matr,sandia,pytorch_simple_transformer,100,456,sandia,sandia_SNL_18650_NMC_35C_0_100_0_5_1C_b,90.0,582.9990286188176
matr_to_sandia,naive_cross,matr,sandia,pytorch_simple_transformer,100,456,sandia,sandia_SNL_18650_NMC_35C_0_100_0_5_1C_c,256.0,515.7893532492532
matr_to_sandia,naive_cross,matr,sandia,pytorch_simple_transformer,100,456,sandia,sandia_SNL_18650_NMC_35C_0_100_0_5_1C_d,390.0,509.3967859074636
matr_to_sandia,naive_cross,matr,sandia,pytorch_simple_transformer,100,456,sandia,sandia_SNL_18650_NMC_35C_0_100_0_5_2C_a,170.0,514.2912531428152
matr_to_sandia,naive_cross,matr,sandia,pytorch_simple_transformer,100,456,sandia,sandia_SNL_18650_NMC_35C_0_100_0_5_2C_b,400.0,513.234404587172
matr_to_sandia,naive_cross,matr,sandia,pytorch_simple_transformer,100,789,sandia,sandia_SNL_18650_LFP_25C_0_100_0_5_3C_a,3183.0,693.4782755704897
matr_to_sandia,naive_cross,matr,sandia,pytorch_simple_transformer,100,789,sandia,sandia_SNL_18650_LFP_25C_0_100_0_5_3C_b,1610.0,686.2037942193436
matr_to_sandia,naive_cross,matr,sandia,pytorch_simple_transformer,100,789,sandia,sandia_SNL_18650_LFP_25C_0_100_0_5_3C_c,2305.0,684.9559792277672
matr_to_sandia,naive_cross,matr,sandia,pytorch_simple_transformer,100,789,sandia,sandia_SNL_18650_LFP_25C_0_100_0_5_3C_d,2788.0,685.0291443267645
matr_to_sandia,naive_cross,matr,sandia,pytorch_simple_transformer,100,789,sandia,sandia_SNL_18650_LFP_35C_0_100_0_5_1C_a,3089.0,686.7196670013485
matr_to_sandia,naive_cross,matr,sandia,pytorch_simple_transformer,100,789,sandia,sandia_SNL_18650_LFP_35C_0_100_0_5_1C_b,3126.0,687.5004320922384
matr_to_sandia,naive_cross,matr,sandia,pytorch_simple_transformer,100,789,sandia,sandia_SNL_18650_LFP_35C_0_100_0_5_1C_c,3246.0,684.7626519381226
matr_to_sandia,naive_cross,matr,sandia,pytorch_simple_transformer,100,789,sandia,sandia_SNL_18650_LFP_35C_0_100_0_5_1C_d,3374.0,689.5063681421871
matr_to_sandia,naive_cross,matr,sandia,pytorch_simple_transformer,100,789,sandia,sandia_SNL_18650_LFP_35C_0_100_0_5_2C_a,3442.0,686.9777488072742
matr_to_sandia,naive_cross,matr,sandia,pytorch_simple_transformer,100,789,sandia,sandia_SNL_18650_LFP_35C_0_100_0_5_2C_b,2465.0,686.4021105961561
matr_to_sandia,naive_cross,matr,sandia,pytorch_simple_transformer,100,789,sandia,sandia_SNL_18650_NCA_15C_0_100_0_5_1C_a,176.0,627.9200523826009
matr_to_sandia,naive_cross,matr,sandia,pytorch_simple_transformer,100,789,sandia,sandia_SNL_18650_NCA_15C_0_100_0_5_1C_b,325.0,630.9845394810467
matr_to_sandia,naive_cross,matr,sandia,pytorch_simple_transformer,100,789,sandia,sandia_SNL_18650_NCA_15C_0_100_0_5_2C_a,158.0,636.6263824268239
matr_to_sandia,naive_cross,matr,sandia,pytorch_simple_transformer,100,789,sandia,sandia_SNL_18650_NCA_15C_0_100_0_5_2C_b,157.0,621.3403774303033
matr_to_sandia,naive_cross,matr,sandia,pytorch_simple_transformer,100,789,sandia,sandia_SNL_18650_NCA_25C_0_100_0_5_0_5C_a,249.0,611.3667947415427
matr_to_sandia,naive_cross,matr,sandia,pytorch_simple_transformer,100,789,sandia,sandia_SNL_18650_NCA_25C_0_100_0_5_0_5C_b,135.0,629.4810465686948
matr_to_sandia,naive_cross,matr,sandia,pytorch_simple_transformer,100,789,sandia,sandia_SNL_18650_NCA_25C_0_100_0_5_1C_a,337.0,623.5072741370126
matr_to_sandia,naive_cross,matr,sandia,pytorch_simple_transformer,100,789,sandia,sandia_SNL_18650_NCA_25C_0_100_0_5_1C_b,228.0,616.5377000655616
matr_to_sandia,naive_cross,matr,sandia,pytorch_simple_transformer,100,789,sandia,sandia_SNL_18650_NCA_25C_0_100_0_5_1C_c,228.0,637.0664031723184
matr_to_sandia,naive_cross,matr,sandia,pytorch_simple_transformer,100,789,sandia,sandia_SNL_18650_NCA_25C_0_100_0_5_1C_d,251.0,636.4151347709942
matr_to_sandia,naive_cross,matr,sandia,pytorch_simple_transformer,100,789,sandia,sandia_SNL_18650_NCA_25C_0_100_0_5_2C_a,225.0,639.6031171969878
matr_to_sandia,naive_cross,matr,sandia,pytorch_simple_transformer,100,789,sandia,sandia_SNL_18650_NCA_25C_0_100_0_5_2C_b,304.0,606.8104546266616
matr_to_sandia,naive_cross,matr,sandia,pytorch_simple_transformer,100,789,sandia,sandia_SNL_18650_NCA_35C_0_100_0_5_1C_a,171.0,648.2068027352256
matr_to_sandia,naive_cross,matr,sandia,pytorch_simple_transformer,100,789,sandia,sandia_SNL_18650_NCA_35C_0_100_0_5_1C_b,320.0,658.6623328779042
matr_to_sandia,naive_cross,matr,sandia,pytorch_simple_transformer,100,789,sandia,sandia_SNL_18650_NCA_35C_0_100_0_5_1C_c,346.0,640.6940684093663
matr_to_sandia,naive_cross,matr,sandia,pytorch_simple_transformer,100,789,sandia,sandia_SNL_18650_NCA_35C_0_100_0_5_1C_d,320.0,643.3685418720063
matr_to_sandia,naive_cross,matr,sandia,pytorch_simple_transformer,100,789,sandia,sandia_SNL_18650_NCA_35C_0_100_0_5_2C_a,210.0,605.2978862093834
matr_to_sandia,naive_cross,matr,sandia,pytorch_simple_transformer,100,789,sandia,sandia_SNL_18650_NCA_35C_0_100_0_5_2C_b,216.0,628.7253975619219
matr_to_sandia,naive_cross,matr,sandia,pytorch_simple_transformer,100,789,sandia,sandia_SNL_18650_NMC_15C_0_100_0_5_1C_a,105.0,601.7489639415917
matr_to_sandia,naive_cross,matr,sandia,pytorch_simple_transformer,100,789,sandia,sandia_SNL_18650_NMC_15C_0_100_0_5_1C_b,142.0,650.2286101263473
matr_to_sandia,naive_cross,matr,sandia,pytorch_simple_transformer,100,789,sandia,sandia_SNL_18650_NMC_15C_0_100_0_5_2C_a,102.0,598.3683438227788
matr_to_sandia,naive_cross,matr,sandia,pytorch_simple_transformer,100,789,sandia,sandia_SNL_18650_NMC_15C_0_100_0_5_2C_b,103.0,610.1209330473424
matr_to_sandia,naive_cross,matr,sandia,pytorch_simple_transformer,100,789,sandia,sandia_SNL_18650_NMC_25C_0_100_0_5_0_5C_a,49.0,589.7199314741785
matr_to_sandia,naive_cross,matr,sandia,pytorch_simple_transformer,100,789,sandia,sandia_SNL_18650_NMC_25C_0_100_0_5_0_5C_b,327.0,603.5493074680793
matr_to_sandia,naive_cross,matr,sandia,pytorch_simple_transformer,100,789,sandia,sandia_SNL_18650_NMC_25C_0_100_0_5_1C_a,271.0,603.1727017049484
matr_to_sandia,naive_cross,matr,sandia,pytorch_simple_transformer,100,789,sandia,sandia_SNL_18650_NMC_25C_0_100_0_5_1C_b,340.0,604.3173442928038
matr_to_sandia,naive_cross,matr,sandia,pytorch_simple_transformer,100,789,sandia,sandia_SNL_18650_NMC_25C_0_100_0_5_1C_c,282.0,605.003556697877
matr_to_sandia,naive_cross,matr,sandia,pytorch_simple_transformer,100,789,sandia,sandia_SNL_18650_NMC_25C_0_100_0_5_1C_d,285.0,602.0896536963132
matr_to_sandia,naive_cross,matr,sandia,pytorch_simple_transformer,100,789,sandia,sandia_SNL_18650_NMC_25C_0_100_0_5_2C_a,233.0,603.2474862814776
matr_to_sandia,naive_cross,matr,sandia,pytorch_simple_transformer,100,789,sandia,sandia_SNL_18650_NMC_25C_0_100_0_5_2C_b,135.0,650.0754619023245
matr_to_sandia,naive_cross,matr,sandia,pytorch_simple_transformer,100,789,sandia,sandia_SNL_18650_NMC_25C_0_100_0_5_3C_a,261.0,604.3199377470547
matr_to_sandia,naive_cross,matr,sandia,pytorch_simple_transformer,100,789,sandia,sandia_SNL_18650_NMC_25C_0_100_0_5_3C_b,287.0,600.2867944339864
matr_to_sandia,naive_cross,matr,sandia,pytorch_simple_transformer,100,789,sandia,sandia_SNL_18650_NMC_25C_0_100_0_5_3C_c,305.0,599.1309304472115
matr_to_sandia,naive_cross,matr,sandia,pytorch_simple_transformer,100,789,sandia,sandia_SNL_18650_NMC_25C_0_100_0_5_3C_d,304.0,599.5255953552189
matr_to_sandia,naive_cross,matr,sandia,pytorch_simple_transformer,100,789,sandia,sandia_SNL_18650_NMC_35C_0_100_0_5_1C_a,280.0,603.9607062944167
matr_to_sandia,naive_cross,matr,sandia,pytorch_simple_transformer,100,789,sandia,sandia_SNL_18650_NMC_35C_0_100_0_5_1C_b,90.0,604.0923324799614
matr_to_sandia,naive_cross,matr,sandia,pytorch_simple_transformer,100,789,sandia,sandia_SNL_18650_NMC_35C_0_100_0_5_1C_c,256.0,602.4833947295275
matr_to_sandia,naive_cross,matr,sandia,pytorch_simple_transformer,100,789,sandia,sandia_SNL_18650_NMC_35C_0_100_0_5_1C_d,390.0,614.4005913505553
matr_to_sandia,naive_cross,matr,sandia,pytorch_simple_transformer,100,789,sandia,sandia_SNL_18650_NMC_35C_0_100_0_5_2C_a,170.0,605.076548609353
matr_to_sandia,naive_cross,matr,sandia,pytorch_simple_transformer,100,789,sandia,sandia_SNL_18650_NMC_35C_0_100_0_5_2C_b,400.0,608.9490369223031
sandia_to_hust,naive_cross,sandia,hust,pytorch_simple_transformer,100,1011,hust,hust_1-1,1198.0,2104.5388617235244
sandia_to_hust,naive_cross,sandia,hust,pytorch_simple_transformer,100,1011,hust,hust_1-2,1966.0,2170.4010723013375
sandia_to_hust,naive_cross,sandia,hust,pytorch_simple_transformer,100,1011,hust,hust_1-3,1513.0,1472.5729061054035
sandia_to_hust,naive_cross,sandia,hust,pytorch_simple_transformer,100,1011,hust,hust_1-4,1213.0,1478.2948034698259
sandia_to_hust,naive_cross,sandia,hust,pytorch_simple_transformer,100,1011,hust,hust_1-5,1538.0,1471.8610702456629
sandia_to_hust,naive_cross,sandia,hust,pytorch_simple_transformer,100,1011,hust,hust_1-6,829.0,2666.4545417727545
sandia_to_hust,naive_cross,sandia,hust,pytorch_simple_transformer,100,1011,hust,hust_1-7,1321.0,2129.77095910474
sandia_to_hust,naive_cross,sandia,hust,pytorch_simple_transformer,100,1011,hust,hust_1-8,1733.0,2091.6850209386844
sandia_to_hust,naive_cross,sandia,hust,pytorch_simple_transformer,100,1011,hust,hust_10-1,1378.0,2082.2490869223493
sandia_to_hust,naive_cross,sandia,hust,pytorch_simple_transformer,100,1011,hust,hust_10-2,1375.0,1618.7554300995073
sandia_to_hust,naive_cross,sandia,hust,pytorch_simple_transformer,100,1011,hust,hust_10-3,1477.0,2120.608087790197
sandia_to_hust,naive_cross,sandia,hust,pytorch_simple_transformer,100,1011,hust,hust_10-4,1489.0,1534.1510728359394
sandia_to_hust,naive_cross,sandia,hust,pytorch_simple_transformer,100,1011,hust,hust_10-5,1657.0,1515.6075823109527
sandia_to_hust,naive_cross,sandia,hust,pytorch_simple_transformer,100,1011,hust,hust_10-6,1659.0,2151.9906136176182
sandia_to_hust,naive_cross,sandia,hust,pytorch_simple_transformer,100,1011,hust,hust_10-7,1435.0,1526.0575214896455
sandia_to_hust,naive_cross,sandia,hust,pytorch_simple_transformer,100,1011,hust,hust_10-8,1093.0,2205.18655653836
sandia_to_hust,naive_cross,sandia,hust,pytorch_simple_transformer,100,1011,hust,hust_2-2,2021.0,2304.0188033366044
sandia_to_hust,naive_cross,sandia,hust,pytorch_simple_transformer,100,1011,hust,hust_2-3,1413.0,1482.3726588456113
sandia_to_hust,naive_cross,sandia,hust,pytorch_simple_transformer,100,1011,hust,hust_2-4,1165.0,2159.9600415413897
sandia_to_hust,naive_cross,sandia,hust,pytorch_simple_transformer,100,1011,hust,hust_2-5,1092.0,1498.7582858031112
sandia_to_hust,naive_cross,sandia,hust,pytorch_simple_transformer,100,1011,hust,hust_2-6,1297.0,1499.1170898934715
sandia_to_hust,naive_cross,sandia,hust,pytorch_simple_transformer,100,1011,hust,hust_2-7,1789.0,1519.8746052041633
sandia_to_hust,naive_cross,sandia,hust,pytorch_simple_transformer,100,1011,hust,hust_2-8,1192.0,2098.2821871374454
sandia_to_hust,naive_cross,sandia,hust,pytorch_simple_transformer,100,1011,hust,hust_3-1,1571.0,1535.0247805762424
sandia_to_hust,naive_cross,sandia,hust,pytorch_simple_transformer,100,1011,hust,hust_3-2,1773.0,1570.5234304601533
sandia_to_hust,naive_cross,sandia,hust,pytorch_simple_transformer,100,1011,hust,hust_3-3,1360.0,1549.2758508038382
sandia_to_hust,naive_cross,sandia,hust,pytorch_simple_transformer,100,1011,hust,hust_3-4,1396.0,2173.9320105018555
sandia_to_hust,naive_cross,sandia,hust,pytorch_simple_transformer,100,1011,hust,hust_3-5,1879.0,2238.960672529865
sandia_to_hust,naive_cross,sandia,hust,pytorch_simple_transformer,100,1011,hust,hust_3-6,1979.0,1534.3529912282304
sandia_to_hust,naive_cross,sandia,hust,pytorch_simple_transformer,100,1011,hust,hust_3-7,1870.0,2043.3256977916856
sandia_to_hust,naive_cross,sandia,hust,pytorch_simple_transformer,100,1011,hust,hust_3-8,1856.0,1570.0809024153464
sandia_to_hust,naive_cross,sandia,hust,pytorch_simple_transformer,100,1011,hust,hust_4-1,1762.0,2126.2438175392444
sandia_to_hust,naive_cross,sandia,hust,pytorch_simple_transformer,100,1011,hust,hust_4-2,1453.0,1524.751165997091
sandia_to_hust,naive_cross,sandia,hust,pytorch_simple_transformer,100,1011,hust,hust_4-3,931.0,2187.6083656302717
sandia_to_hust,naive_cross,sandia,hust,pytorch_simple_transformer,100,1011,hust,hust_4-4,1204.0,2105.581779751645
sandia_to_hust,naive_cross,sandia,hust,pytorch_simple_transformer,100,1011,hust,hust_4-5,1220.0,2176.6330235646087
sandia_to_hust,naive_cross,sandia,hust,pytorch_simple_transformer,100,1011,hust,hust_4-6,1089.0,2162.0322627866776
sandia_to_hust,naive_cross,sandia,hust,pytorch_simple_transformer,100,1011,hust,hust_4-7,1579.0,2160.748096410298
sandia_to_hust,naive_cross,sandia,hust,pytorch_simple_transformer,100,1011,hust,hust_4-8,1389.0,1496.7400065145562
sandia_to_hust,naive_cross,sandia,hust,pytorch_simple_transformer,100,1011,hust,hust_5-1,1832.0,2135.449368738211
sandia_to_hust,naive_cross,sandia,hust,pytorch_simple_transformer,100,1011,hust,hust_5-2,1574.0,1469.0241709662605
sandia_to_hust,naive_cross,sandia,hust,pytorch_simple_transformer,100,1011,hust,hust_5-3,2024.0,2127.905188703083
sandia_to_hust,naive_cross,sandia,hust,pytorch_simple_transformer,100,1011,hust,hust_5-4,1520.0,2032.2009465429683
sandia_to_hust,naive_cross,sandia,hust,pytorch_simple_transformer,100,1011,hust,hust_5-5,1242.0,1493.6215304524585
sandia_to_hust,naive_cross,sandia,hust,pytorch_simple_transformer,100,1011,hust,hust_5-6,1807.0,2133.6223711468906
sandia_to_hust,naive_cross,sandia,hust,pytorch_simple_transformer,100,1011,hust,hust_5-7,1171.0,2165.801558706217
sandia_to_hust,naive_cross,sandia,hust,pytorch_simple_transformer,100,1011,hust,hust_6-1,1255.0,2122.3450029136097
sandia_to_hust,naive_cross,sandia,hust,pytorch_simple_transformer,100,1011,hust,hust_6-2,1496.0,1476.452623332204
sandia_to_hust,naive_cross,sandia,hust,pytorch_simple_transformer,100,1011,hust,hust_6-3,1437.0,1515.3886206315194
sandia_to_hust,naive_cross,sandia,hust,pytorch_simple_transformer,100,1011,hust,hust_6-4,1332.0,2188.5901739962596
sandia_to_hust,naive_cross,sandia,hust,pytorch_simple_transformer,100,1011,hust,hust_6-5,1686.0,2139.3018685337006
sandia_to_hust,naive_cross,sandia,hust,pytorch_simple_transformer,100,1011,hust,hust_6-6,1924.0,1477.3639159997426
sandia_to_hust,naive_cross,sandia,hust,pytorch_simple_transformer,100,1011,hust,hust_6-8,1700.0,2322.2942986406006
sandia_to_hust,naive_cross,sandia,hust,pytorch_simple_transformer,100,1011,hust,hust_7-1,1308.0,2150.7575358211493
sandia_to_hust,naive_cross,sandia,hust,pytorch_simple_transformer,100,1011,hust,hust_7-2,1637.0,1703.6290585131198
sandia_to_hust,naive_cross,sandia,hust,pytorch_simple_transformer,100,1011,hust,hust_7-3,1063.0,2008.7185610556214
sandia_to_hust,naive_cross,sandia,hust,pytorch_simple_transformer,100,1011,hust,hust_7-4,1148.0,2015.6700520547527
sandia_to_hust,naive_cross,sandia,hust,pytorch_simple_transformer,100,1011,hust,hust_7-5,1528.0,1599.7247170527926
sandia_to_hust,naive_cross,sandia,hust,pytorch_simple_transformer,100,1011,hust,hust_7-6,1162.0,2064.6424943757647
sandia_to_hust,naive_cross,sandia,hust,pytorch_simple_transformer,100,1011,hust,hust_7-7,1367.0,2055.552998942918
sandia_to_hust,naive_cross,sandia,hust,pytorch_simple_transformer,100,1011,hust,hust_7-8,1566.0,1523.937078426758
sandia_to_hust,naive_cross,sandia,hust,pytorch_simple_transformer,100,1011,hust,hust_8-1,1062.0,2032.2997898969636
sandia_to_hust,naive_cross,sandia,hust,pytorch_simple_transformer,100,1011,hust,hust_8-2,1564.0,2152.05320962239
sandia_to_hust,naive_cross,sandia,hust,pytorch_simple_transformer,100,1011,hust,hust_8-3,1844.0,1536.8718861889724
sandia_to_hust,naive_cross,sandia,hust,pytorch_simple_transformer,100,1011,hust,hust_8-4,1517.0,2013.9013580140897
sandia_to_hust,naive_cross,sandia,hust,pytorch_simple_transformer,100,1011,hust,hust_8-5,1089.0,2039.8580671492305
sandia_to_hust,naive_cross,sandia,hust,pytorch_simple_transformer,100,1011,hust,hust_8-6,1746.0,2139.7701450454633
sandia_to_hust,naive_cross,sandia,hust,pytorch_simple_transformer,100,1011,hust,hust_8-7,1593.0,2002.310374612852
sandia_to_hust,naive_cross,sandia,hust,pytorch_simple_transformer,100,1011,hust,hust_8-8,1351.0,1527.4706040102499
sandia_to_hust,naive_cross,sandia,hust,pytorch_simple_transformer,100,1011,hust,hust_9-1,1647.0,1605.9261317666403
sandia_to_hust,naive_cross,sandia,hust,pytorch_simple_transformer,100,1011,hust,hust_9-2,1679.0,1566.653480855692
sandia_to_hust,naive_cross,sandia,hust,pytorch_simple_transformer,100,1011,hust,hust_9-3,1526.0,1579.2797367076882
sandia_to_hust,naive_cross,sandia,hust,pytorch_simple_transformer,100,1011,hust,hust_9-4,1589.0,1577.2387599520803
sandia_to_hust,naive_cross,sandia,hust,pytorch_simple_transformer,100,1011,hust,hust_9-5,1719.0,1591.2146607348577
sandia_to_hust,naive_cross,sandia,hust,pytorch_simple_transformer,100,1011,hust,hust_9-6,1381.0,1609.7219143522332
sandia_to_hust,naive_cross,sandia,hust,pytorch_simple_transformer,100,1011,hust,hust_9-7,1617.0,1561.7918422616642
sandia_to_hust,naive_cross,sandia,hust,pytorch_simple_transformer,100,1011,hust,hust_9-8,1839.0,1533.6763766768522
sandia_to_hust,naive_cross,sandia,hust,pytorch_simple_transformer,100,123,hust,hust_1-1,1198.0,2527.598278148659
sandia_to_hust,naive_cross,sandia,hust,pytorch_simple_transformer,100,123,hust,hust_1-2,1966.0,2532.03146528742
sandia_to_hust,naive_cross,sandia,hust,pytorch_simple_transformer,100,123,hust,hust_1-3,1513.0,2276.339140747214
sandia_to_hust,naive_cross,sandia,hust,pytorch_simple_transformer,100,123,hust,hust_1-4,1213.0,2278.0667359339873
sandia_to_hust,naive_cross,sandia,hust,pytorch_simple_transformer,100,123,hust,hust_1-5,1538.0,2281.334395468066
sandia_to_hust,naive_cross,sandia,hust,pytorch_simple_transformer,100,123,hust,hust_1-6,829.0,2702.6976219745866
sandia_to_hust,naive_cross,sandia,hust,pytorch_simple_transformer,100,123,hust,hust_1-7,1321.0,2533.908408447372
sandia_to_hust,naive_cross,sandia,hust,pytorch_simple_transformer,100,123,hust,hust_1-8,1733.0,2521.3291092186487
sandia_to_hust,naive_cross,sandia,hust,pytorch_simple_transformer,100,123,hust,hust_10-1,1378.0,2533.5242103611836
sandia_to_hust,naive_cross,sandia,hust,pytorch_simple_transformer,100,123,hust,hust_10-2,1375.0,2363.2063100645187
sandia_to_hust,naive_cross,sandia,hust,pytorch_simple_transformer,100,123,hust,hust_10-3,1477.0,2530.5347731180564
sandia_to_hust,naive_cross,sandia,hust,pytorch_simple_transformer,100,123,hust,hust_10-4,1489.0,2318.032677526145
sandia_to_hust,naive_cross,sandia,hust,pytorch_simple_transformer,100,123,hust,hust_10-5,1657.0,2303.6947268058734
sandia_to_hust,naive_cross,sandia,hust,pytorch_simple_transformer,100,123,hust,hust_10-6,1659.0,2532.879178576393
sandia_to_hust,naive_cross,sandia,hust,pytorch_simple_transformer,100,123,hust,hust_10-7,1435.0,2306.8363435698852
sandia_to_hust,naive_cross,sandia,hust,pytorch_simple_transformer,100,123,hust,hust_10-8,1093.0,2560.9329079945055
sandia_to_hust,naive_cross,sandia,hust,pytorch_simple_transformer,100,123,hust,hust_2-2,2021.0,2569.812580119629
sandia_to_hust,naive_cross,sandia,hust,pytorch_simple_transformer,100,123,hust,hust_2-3,1413.0,2285.3432853581476
sandia_to_hust,naive_cross,sandia,hust,pytorch_simple_transformer,100,123,hust,hust_2-4,1165.0,2541.9330716126133
sandia_to_hust,naive_cross,sandia,hust,pytorch_simple_transformer,100,123,hust,hust_2-5,1092.0,2294.8841744868737
sandia_to_hust,naive_cross,sandia,hust,pytorch_simple_transformer,100,123,hust,hust_2-6,1297.0,2292.3162286676193
sandia_to_hust,naive_cross,sandia,hust,pytorch_simple_transformer,100,123,hust,hust_2-7,1789.0,2305.041865902548
sandia_to_hust,naive_cross,sandia,hust,pytorch_simple_transformer,100,123,hust,hust_2-8,1192.0,2524.1993421789753
sandia_to_hust,naive_cross,sandia,hust,pytorch_simple_transformer,100,123,hust,hust_3-1,1571.0,2316.704458616611
sandia_to_hust,naive_cross,sandia,hust,pytorch_simple_transformer,100,123,hust,hust_3-2,1773.0,2335.4112956523613
sandia_to_hust,naive_cross,sandia,hust,pytorch_simple_transformer,100,123,hust,hust_3-3,1360.0,2325.628725038628
sandia_to_hust,naive_cross,sandia,hust,pytorch_simple_transformer,100,123,hust,hust_3-4,1396.0,2531.9650609903233
sandia_to_hust,naive_cross,sandia,hust,pytorch_simple_transformer,100,123,hust,hust_3-5,1879.0,2551.3879303376116
sandia_to_hust,naive_cross,sandia,hust,pytorch_simple_transformer,100,123,hust,hust_3-6,1979.0,2314.6616818402454
sandia_to_hust,naive_cross,sandia,hust,pytorch_simple_transformer,100,123,hust,hust_3-7,1870.0,2519.037435001067
sandia_to_hust,naive_cross,sandia,hust,pytorch_simple_transformer,100,123,hust,hust_3-8,1856.0,2332.4442953277257
sandia_to_hust,naive_cross,sandia,hust,pytorch_simple_transformer,100,123,hust,hust_4-1,1762.0,2527.2885471629033
sandia_to_hust,naive_cross,sandia,hust,pytorch_simple_transformer,100,123,hust,hust_4-2,1453.0,2315.171655126165
sandia_to_hust,naive_cross,sandia,hust,pytorch_simple_transformer,100,123,hust,hust_4-3,931.0,2544.2977426935136
sandia_to_hust,naive_cross,sandia,hust,pytorch_simple_transformer,100,123,hust,hust_4-4,1204.0,2524.895137379016
sandia_to_hust,naive_cross,sandia,hust,pytorch_simple_transformer,100,123,hust,hust_4-5,1220.0,2542.9902322421426
sandia_to_hust,naive_cross,sandia,hust,pytorch_simple_transformer,100,123,hust,hust_4-6,1089.0,2539.6844312018015
sandia_to_hust,naive_cross,sandia,hust,pytorch_simple_transformer,100,123,hust,hust_4-7,1579.0,2542.702864120386
sandia_to_hust,naive_cross,sandia,hust,pytorch_simple_transformer,100,123,hust,hust_4-8,1389.0,2290.90552045685
sandia_to_hust,naive_cross,sandia,hust,pytorch_simple_transformer,100,123,hust,hust_5-1,1832.0,2536.4954081560204
sandia_to_hust,naive_cross,sandia,hust,pytorch_simple_transformer,100,123,hust,hust_5-2,1574.0,2275.2582961155654
sandia_to_hust,naive_cross,sandia,hust,pytorch_simple_transformer,100,123,hust,hust_5-3,2024.0,2546.12064539491
sandia_to_hust,naive_cross,sandia,hust,pytorch_simple_transformer,100,123,hust,hust_5-4,1520.0,2511.7856156057633
sandia_to_hust,naive_cross,sandia,hust,pytorch_simple_transformer,100,123,hust,hust_5-5,1242.0,2290.6619306882867
sandia_to_hust,naive_cross,sandia,hust,pytorch_simple_transformer,100,123,hust,hust_5-6,1807.0,2528.456563817247
sandia_to_hust,naive_cross,sandia,hust,pytorch_simple_transformer,100,123,hust,hust_5-7,1171.0,2537.270813115345
sandia_to_hust,naive_cross,sandia,hust,pytorch_simple_transformer,100,123,hust,hust_6-1,1255.0,2540.6061815360335
sandia_to_hust,naive_cross,sandia,hust,pytorch_simple_transformer,100,123,hust,hust_6-2,1496.0,2275.1064113073103
sandia_to_hust,naive_cross,sandia,hust,pytorch_simple_transformer,100,123,hust,hust_6-3,1437.0,2306.4469816416017
sandia_to_hust,naive_cross,sandia,hust,pytorch_simple_transformer,100,123,hust,hust_6-4,1332.0,2540.210066492932
sandia_to_hust,naive_cross,sandia,hust,pytorch_simple_transformer,100,123,hust,hust_6-5,1686.0,2528.923198081788
sandia_to_hust,naive_cross,sandia,hust,pytorch_simple_transformer,100,123,hust,hust_6-6,1924.0,2281.1777540445373
sandia_to_hust,naive_cross,sandia,hust,pytorch_simple_transformer,100,123,hust,hust_6-8,1700.0,2570.9168866215628
sandia_to_hust,naive_cross,sandia,hust,pytorch_simple_transformer,100,123,hust,hust_7-1,1308.0,2539.6335690430255
sandia_to_hust,naive_cross,sandia,hust,pytorch_simple_transformer,100,123,hust,hust_7-2,1637.0,2396.6528653238543
sandia_to_hust,naive_cross,sandia,hust,pytorch_simple_transformer,100,123,hust,hust_7-3,1063.0,2504.8138416450165
sandia_to_hust,naive_cross,sandia,hust,pytorch_simple_transformer,100,123,hust,hust_7-4,1148.0,2505.168600094263
sandia_to_hust,naive_cross,sandia,hust,pytorch_simple_transformer,100,123,hust,hust_7-5,1528.0,2352.871959955215
sandia_to_hust,naive_cross,sandia,hust,pytorch_simple_transformer,100,123,hust,hust_7-6,1162.0,2521.5599543599474
sandia_to_hust,naive_cross,sandia,hust,pytorch_simple_transformer,100,123,hust,hust_7-7,1367.0,2514.863225767471
sandia_to_hust,naive_cross,sandia,hust,pytorch_simple_transformer,100,123,hust,hust_7-8,1566.0,2306.956245082043
sandia_to_hust,naive_cross,sandia,hust,pytorch_simple_transformer,100,123,hust,hust_8-1,1062.0,2512.962044904274
sandia_to_hust,naive_cross,sandia,hust,pytorch_simple_transformer,100,123,hust,hust_8-2,1564.0,2539.8757789230967
sandia_to_hust,naive_cross,sandia,hust,pytorch_simple_transformer,100,123,hust,hust_8-3,1844.0,2315.8893402588837
sandia_to_hust,naive_cross,sandia,hust,pytorch_simple_transformer,100,123,hust,hust_8-4,1517.0,2511.2574798299765
sandia_to_hust,naive_cross,sandia,hust,pytorch_simple_transformer,100,123,hust,hust_8-5,1089.0,2511.429920116925
sandia_to_hust,naive_cross,sandia,hust,pytorch_simple_transformer,100,123,hust,hust_8-6,1746.0,2537.493438042297
sandia_to_hust,naive_cross,sandia,hust,pytorch_simple_transformer,100,123,hust,hust_8-7,1593.0,2502.259154316304
sandia_to_hust,naive_cross,sandia,hust,pytorch_simple_transformer,100,123,hust,hust_8-8,1351.0,2309.3831143194043
sandia_to_hust,naive_cross,sandia,hust,pytorch_simple_transformer,100,123,hust,hust_9-1,1647.0,2354.702550594258
sandia_to_hust,naive_cross,sandia,hust,pytorch_simple_transformer,100,123,hust,hust_9-2,1679.0,2334.9558732113533
sandia_to_hust,naive_cross,sandia,hust,pytorch_simple_transformer,100,123,hust,hust_9-3,1526.0,2336.899553795727
sandia_to_hust,naive_cross,sandia,hust,pytorch_simple_transformer,100,123,hust,hust_9-4,1589.0,2339.0601051468293
sandia_to_hust,naive_cross,sandia,hust,pytorch_simple_transformer,100,123,hust,hust_9-5,1719.0,2348.5183902328718
sandia_to_hust,naive_cross,sandia,hust,pytorch_simple_transformer,100,123,hust,hust_9-6,1381.0,2356.3109631197967
sandia_to_hust,naive_cross,sandia,hust,pytorch_simple_transformer,100,123,hust,hust_9-7,1617.0,2333.7058667719725
sandia_to_hust,naive_cross,sandia,hust,pytorch_simple_transformer,100,123,hust,hust_9-8,1839.0,2311.5292478935007
sandia_to_hust,naive_cross,sandia,hust,pytorch_simple_transformer,100,42,hust,hust_1-1,1198.0,3430.0114232376786
sandia_to_hust,naive_cross,sandia,hust,pytorch_simple_transformer,100,42,hust,hust_1-2,1966.0,3404.3316584737913
sandia_to_hust,naive_cross,sandia,hust,pytorch_simple_transformer,100,42,hust,hust_1-3,1513.0,3131.7370859628645
sandia_to_hust,naive_cross,sandia,hust,pytorch_simple_transformer,100,42,hust,hust_1-4,1213.0,3147.705501764025
sandia_to_hust,naive_cross,sandia,hust,pytorch_simple_transformer,100,42,hust,hust_1-5,1538.0,3145.157932125057
sandia_to_hust,naive_cross,sandia,hust,pytorch_simple_transformer,100,42,hust,hust_1-6,829.0,2263.2096411402504
sandia_to_hust,naive_cross,sandia,hust,pytorch_simple_transformer,100,42,hust,hust_1-7,1321.0,3433.8800597856434
sandia_to_hust,naive_cross,sandia,hust,pytorch_simple_transformer,100,42,hust,hust_1-8,1733.0,3442.0013358290294
sandia_to_hust,naive_cross,sandia,hust,pytorch_simple_transformer,100,42,hust,hust_10-1,1378.0,3442.0013358290294
sandia_to_hust,naive_cross,sandia,hust,pytorch_simple_transformer,100,42,hust,hust_10-2,1375.0,3326.3775491440233
sandia_to_hust,naive_cross,sandia,hust,pytorch_simple_transformer,100,42,hust,hust_10-3,1477.0,3429.8740392095374
sandia_to_hust,naive_cross,sandia,hust,pytorch_simple_transformer,100,42,hust,hust_10-4,1489.0,3235.5771059636168
sandia_to_hust,naive_cross,sandia,hust,pytorch_simple_transformer,100,42,hust,hust_10-5,1657.0,3194.0472216722756
sandia_to_hust,naive_cross,sandia,hust,pytorch_simple_transformer,100,42,hust,hust_10-6,1659.0,3420.7307670637174
sandia_to_hust,naive_cross,sandia,hust,pytorch_simple_transformer,100,42,hust,hust_10-7,1435.0,3223.054997300561
sandia_to_hust,naive_cross,sandia,hust,pytorch_simple_transformer,100,42,hust,hust_10-8,1093.0,3392.4212002960985
sandia_to_hust,naive_cross,sandia,hust,pytorch_simple_transformer,100,42,hust,hust_2-2,2021.0,3315.928640317299
sandia_to_hust,naive_cross,sandia,hust,pytorch_simple_transformer,100,42,hust,hust_2-3,1413.0,3149.320930758384
sandia_to_hust,naive_cross,sandia,hust,pytorch_simple_transformer,100,42,hust,hust_2-4,1165.0,3411.709477218144
sandia_to_hust,naive_cross,sandia,hust,pytorch_simple_transformer,100,42,hust,hust_2-5,1092.0,3169.3178913282995
sandia_to_hust,naive_cross,sandia,hust,pytorch_simple_transformer,100,42,hust,hust_2-6,1297.0,3187.1218604543915
sandia_to_hust,naive_cross,sandia,hust,pytorch_simple_transformer,100,42,hust,hust_2-7,1789.0,3203.7698489820286
sandia_to_hust,naive_cross,sandia,hust,pytorch_simple_transformer,100,42,hust,hust_2-8,1192.0,3424.9776053711
sandia_to_hust,naive_cross,sandia,hust,pytorch_simple_transformer,100,42,hust,hust_3-1,1571.0,3234.889070975204
sandia_to_hust,naive_cross,sandia,hust,pytorch_simple_transformer,100,42,hust,hust_3-2,1773.0,3265.024323506547
sandia_to_hust,naive_cross,sandia,hust,pytorch_simple_transformer,100,42,hust,hust_3-3,1360.0,3239.7670935526776
sandia_to_hust,naive_cross,sandia,hust,pytorch_simple_transformer,100,42,hust,hust_3-4,1396.0,3391.5542600774197
sandia_to_hust,naive_cross,sandia,hust,pytorch_simple_transformer,100,42,hust,hust_3-5,1879.0,3365.077535508822
sandia_to_hust,naive_cross,sandia,hust,pytorch_simple_transformer,100,42,hust,hust_3-6,1979.0,3237.2746788624972
sandia_to_hust,naive_cross,sandia,hust,pytorch_simple_transformer,100,42,hust,hust_3-7,1870.0,3442.0013358290294
sandia_to_hust,naive_cross,sandia,hust,pytorch_simple_transformer,100,42,hust,hust_3-8,1856.0,3272.79306571775
sandia_to_hust,naive_cross,sandia,hust,pytorch_simple_transformer,100,42,hust,hust_4-1,1762.0,3442.0013358290294
sandia_to_hust,naive_cross,sandia,hust,pytorch_simple_transformer,100,42,hust,hust_4-2,1453.0,3227.7243208855034
sandia_to_hust,naive_cross,sandia,hust,pytorch_simple_transformer,100,42,hust,hust_4-3,931.0,3400.113662932792
sandia_to_hust,naive_cross,sandia,hust,pytorch_simple_transformer,100,42,hust,hust_4-4,1204.0,3424.83389060661
sandia_to_hust,naive_cross,sandia,hust,pytorch_simple_transformer,100,42,hust,hust_4-5,1220.0,3399.9936888097964
sandia_to_hust,naive_cross,sandia,hust,pytorch_simple_transformer,100,42,hust,hust_4-6,1089.0,3432.3019673637245
sandia_to_hust,naive_cross,sandia,hust,pytorch_simple_transformer,100,42,hust,hust_4-7,1579.0,3408.896222101043
sandia_to_hust,naive_cross,sandia,hust,pytorch_simple_transformer,100,42,hust,hust_4-8,1389.0,3175.0840097087903
sandia_to_hust,naive_cross,sandia,hust,pytorch_simple_transformer,100,42,hust,hust_5-1,1832.0,3432.4427220737334
sandia_to_hust,naive_cross,sandia,hust,pytorch_simple_transformer,100,42,hust,hust_5-2,1574.0,3139.652754494399
sandia_to_hust,naive_cross,sandia,hust,pytorch_simple_transformer,100,42,hust,hust_5-3,2024.0,3442.0013358290294
sandia_to_hust,naive_cross,sandia,hust,pytorch_simple_transformer,100,42,hust,hust_5-4,1520.0,3442.0013358290294
sandia_to_hust,naive_cross,sandia,hust,pytorch_simple_transformer,100,42,hust,hust_5-5,1242.0,3192.034396750671
sandia_to_hust,naive_cross,sandia,hust,pytorch_simple_transformer,100,42,hust,hust_5-6,1807.0,3434.7185117555437
sandia_to_hust,naive_cross,sandia,hust,pytorch_simple_transformer,100,42,hust,hust_5-7,1171.0,3403.4324624925075
sandia_to_hust,naive_cross,sandia,hust,pytorch_simple_transformer,100,42,hust,hust_6-1,1255.0,3411.1010971035807
sandia_to_hust,naive_cross,sandia,hust,pytorch_simple_transformer,100,42,hust,hust_6-2,1496.0,3152.737678775202
sandia_to_hust,naive_cross,sandia,hust,pytorch_simple_transformer,100,42,hust,hust_6-3,1437.0,3191.781741368902
sandia_to_hust,naive_cross,sandia,hust,pytorch_simple_transformer,100,42,hust,hust_6-4,1332.0,3387.6654621117677
sandia_to_hust,naive_cross,sandia,hust,pytorch_simple_transformer,100,42,hust,hust_6-5,1686.0,3404.1206344760553
sandia_to_hust,naive_cross,sandia,hust,pytorch_simple_transformer,100,42,hust,hust_6-6,1924.0,3163.673875787674
sandia_to_hust,naive_cross,sandia,hust,pytorch_simple_transformer,100,42,hust,hust_6-8,1700.0,3262.3942478638096
sandia_to_hust,naive_cross,sandia,hust,pytorch_simple_transformer,100,42,hust,hust_7-1,1308.0,3442.0013358290294
sandia_to_hust,naive_cross,sandia,hust,pytorch_simple_transformer,100,42,hust,hust_7-2,1637.0,3375.2403033272512
sandia_to_hust,naive_cross,sandia,hust,pytorch_simple_transformer,100,42,hust,hust_7-3,1063.0,3442.0013358290294
sandia_to_hust,naive_cross,sandia,hust,pytorch_simple_transformer,100,42,hust,hust_7-4,1148.0,3442.0013358290294
sandia_to_hust,naive_cross,sandia,hust,pytorch_simple_transformer,100,42,hust,hust_7-5,1528.0,3314.695566410013
sandia_to_hust,naive_cross,sandia,hust,pytorch_simple_transformer,100,42,hust,hust_7-6,1162.0,3442.0013358290294
sandia_to_hust,naive_cross,sandia,hust,pytorch_simple_transformer,100,42,hust,hust_7-7,1367.0,3442.0013358290294
sandia_to_hust,naive_cross,sandia,hust,pytorch_simple_transformer,100,42,hust,hust_7-8,1566.0,3203.8248458084404
sandia_to_hust,naive_cross,sandia,hust,pytorch_simple_transformer,100,42,hust,hust_8-1,1062.0,3442.0013358290294
sandia_to_hust,naive_cross,sandia,hust,pytorch_simple_transformer,100,42,hust,hust_8-2,1564.0,3436.7172107876313
sandia_to_hust,naive_cross,sandia,hust,pytorch_simple_transformer,100,42,hust,hust_8-3,1844.0,3236.0307337172917
sandia_to_hust,naive_cross,sandia,hust,pytorch_simple_transformer,100,42,hust,hust_8-4,1517.0,3442.0013358290294
sandia_to_hust,naive_cross,sandia,hust,pytorch_simple_transformer,100,42,hust,hust_8-5,1089.0,3442.0013358290294
sandia_to_hust,naive_cross,sandia,hust,pytorch_simple_transformer,100,42,hust,hust_8-6,1746.0,3429.07274204378
sandia_to_hust,naive_cross,sandia,hust,pytorch_simple_transformer,100,42,hust,hust_8-7,1593.0,3442.0013358290294
sandia_to_hust,naive_cross,sandia,hust,pytorch_simple_transformer,100,42,hust,hust_8-8,1351.0,3207.08662270714
sandia_to_hust,naive_cross,sandia,hust,pytorch_simple_transformer,100,42,hust,hust_9-1,1647.0,3317.0293089122056
sandia_to_hust,naive_cross,sandia,hust,pytorch_simple_transformer,100,42,hust,hust_9-2,1679.0,3268.3702255356957
sandia_to_hust,naive_cross,sandia,hust,pytorch_simple_transformer,100,42,hust,hust_9-3,1526.0,3278.7974724029723
sandia_to_hust,naive_cross,sandia,hust,pytorch_simple_transformer,100,42,hust,hust_9-4,1589.0,3287.0002068590034
sandia_to_hust,naive_cross,sandia,hust,pytorch_simple_transformer,100,42,hust,hust_9-5,1719.0,3300.330950299147
sandia_to_hust,naive_cross,sandia,hust,pytorch_simple_transformer,100,42,hust,hust_9-6,1381.0,3311.308555930808
sandia_to_hust,naive_cross,sandia,hust,pytorch_simple_transformer,100,42,hust,hust_9-7,1617.0,3280.977649658474
sandia_to_hust,naive_cross,sandia,hust,pytorch_simple_transformer,100,42,hust,hust_9-8,1839.0,3228.3646495318976
sandia_to_hust,naive_cross,sandia,hust,pytorch_simple_transformer,100,456,hust,hust_1-1,1198.0,2735.385596625098
sandia_to_hust,naive_cross,sandia,hust,pytorch_simple_transformer,100,456,hust,hust_1-2,1966.0,2735.7090904588345
sandia_to_hust,naive_cross,sandia,hust,pytorch_simple_transformer,100,456,hust,hust_1-3,1513.0,2620.1152570712716
sandia_to_hust,naive_cross,sandia,hust,pytorch_simple_transformer,100,456,hust,hust_1-4,1213.0,2622.7002250512896
sandia_to_hust,naive_cross,sandia,hust,pytorch_simple_transformer,100,456,hust,hust_1-5,1538.0,2620.1502396175783
sandia_to_hust,naive_cross,sandia,hust,pytorch_simple_transformer,100,456,hust,hust_1-6,829.0,2740.0290476531254
sandia_to_hust,naive_cross,sandia,hust,pytorch_simple_transformer,100,456,hust,hust_1-7,1321.0,2731.983403734676
sandia_to_hust,naive_cross,sandia,hust,pytorch_simple_transformer,100,456,hust,hust_1-8,1733.0,2729.0044258363887
sandia_to_hust,naive_cross,sandia,hust,pytorch_simple_transformer,100,456,hust,hust_10-1,1378.0,2733.3346493061754
sandia_to_hust,naive_cross,sandia,hust,pytorch_simple_transformer,100,456,hust,hust_10-2,1375.0,2656.5390704597876
sandia_to_hust,naive_cross,sandia,hust,pytorch_simple_transformer,100,456,hust,hust_10-3,1477.0,2731.694217154327
sandia_to_hust,naive_cross,sandia,hust,pytorch_simple_transformer,100,456,hust,hust_10-4,1489.0,2629.7079332702974
sandia_to_hust,naive_cross,sandia,hust,pytorch_simple_transformer,100,456,hust,hust_10-5,1657.0,2629.0609785562824
sandia_to_hust,naive_cross,sandia,hust,pytorch_simple_transformer,100,456,hust,hust_10-6,1659.0,2732.8159630265973
sandia_to_hust,naive_cross,sandia,hust,pytorch_simple_transformer,100,456,hust,hust_10-7,1435.0,2630.996047551077
sandia_to_hust,naive_cross,sandia,hust,pytorch_simple_transformer,100,456,hust,hust_10-8,1093.0,2736.1722228072695
sandia_to_hust,naive_cross,sandia,hust,pytorch_simple_transformer,100,456,hust,hust_2-2,2021.0,2740.8588310394466
sandia_to_hust,naive_cross,sandia,hust,pytorch_simple_transformer,100,456,hust,hust_2-3,1413.0,2622.2700536159773
sandia_to_hust,naive_cross,sandia,hust,pytorch_simple_transformer,100,456,hust,hust_2-4,1165.0,2734.059411049662
sandia_to_hust,naive_cross,sandia,hust,pytorch_simple_transformer,100,456,hust,hust_2-5,1092.0,2626.010151347828
sandia_to_hust,naive_cross,sandia,hust,pytorch_simple_transformer,100,456,hust,hust_2-6,1297.0,2622.5113911103786
sandia_to_hust,naive_cross,sandia,hust,pytorch_simple_transformer,100,456,hust,hust_2-7,1789.0,2630.4215233301607
sandia_to_hust,naive_cross,sandia,hust,pytorch_simple_transformer,100,456,hust,hust_2-8,1192.0,2727.9648925949537
sandia_to_hust,naive_cross,sandia,hust,pytorch_simple_transformer,100,456,hust,hust_3-1,1571.0,2633.5277056263208
sandia_to_hust,naive_cross,sandia,hust,pytorch_simple_transformer,100,456,hust,hust_3-2,1773.0,2643.7909182462295
sandia_to_hust,naive_cross,sandia,hust,pytorch_simple_transformer,100,456,hust,hust_3-3,1360.0,2638.6901811981597
sandia_to_hust,naive_cross,sandia,hust,pytorch_simple_transformer,100,456,hust,hust_3-4,1396.0,2731.8362013346537
sandia_to_hust,naive_cross,sandia,hust,pytorch_simple_transformer,100,456,hust,hust_3-5,1879.0,2737.486379841896
sandia_to_hust,naive_cross,sandia,hust,pytorch_simple_transformer,100,456,hust,hust_3-6,1979.0,2631.448981494538
sandia_to_hust,naive_cross,sandia,hust,pytorch_simple_transformer,100,456,hust,hust_3-7,1870.0,2726.6072005565015
sandia_to_hust,naive_cross,sandia,hust,pytorch_simple_transformer,100,456,hust,hust_3-8,1856.0,2638.046048360837
sandia_to_hust,naive_cross,sandia,hust,pytorch_simple_transformer,100,456,hust,hust_4-1,1762.0,2733.931651325041
sandia_to_hust,naive_cross,sandia,hust,pytorch_simple_transformer,100,456,hust,hust_4-2,1453.0,2634.2963452614695
sandia_to_hust,naive_cross,sandia,hust,pytorch_simple_transformer,100,456,hust,hust_4-3,931.0,2733.1469725537895
sandia_to_hust,naive_cross,sandia,hust,pytorch_simple_transformer,100,456,hust,hust_4-4,1204.0,2730.1914610561494
sandia_to_hust,naive_cross,sandia,hust,pytorch_simple_transformer,100,456,hust,hust_4-5,1220.0,2734.7295955511477
sandia_to_hust,naive_cross,sandia,hust,pytorch_simple_transformer,100,456,hust,hust_4-6,1089.0,2734.1532791416394
sandia_to_hust,naive_cross,sandia,hust,pytorch_simple_transformer,100,456,hust,hust_4-7,1579.0,2734.6291878014304
sandia_to_hust,naive_cross,sandia,hust,pytorch_simple_transformer,100,456,hust,hust_4-8,1389.0,2625.4479830611845
sandia_to_hust,naive_cross,sandia,hust,pytorch_simple_transformer,100,456,hust,hust_5-1,1832.0,2734.189784269969
sandia_to_hust,naive_cross,sandia,hust,pytorch_simple_transformer,100,456,hust,hust_5-2,1574.0,2617.1596705335214
sandia_to_hust,naive_cross,sandia,hust,pytorch_simple_transformer,100,456,hust,hust_5-3,2024.0,2738.2840558597877
sandia_to_hust,naive_cross,sandia,hust,pytorch_simple_transformer,100,456,hust,hust_5-4,1520.0,2727.527860476845
sandia_to_hust,naive_cross,sandia,hust,pytorch_simple_transformer,100,456,hust,hust_5-5,1242.0,2625.8235832721402
sandia_to_hust,naive_cross,sandia,hust,pytorch_simple_transformer,100,456,hust,hust_5-6,1807.0,2734.5118327666555
sandia_to_hust,naive_cross,sandia,hust,pytorch_simple_transformer,100,456,hust,hust_5-7,1171.0,2734.584853085257
sandia_to_hust,naive_cross,sandia,hust,pytorch_simple_transformer,100,456,hust,hust_6-1,1255.0,2732.341672804799
sandia_to_hust,naive_cross,sandia,hust,pytorch_simple_transformer,100,456,hust,hust_6-2,1496.0,2618.6439144738306
sandia_to_hust,naive_cross,sandia,hust,pytorch_simple_transformer,100,456,hust,hust_6-3,1437.0,2631.295903683342
sandia_to_hust,naive_cross,sandia,hust,pytorch_simple_transformer,100,456,hust,hust_6-4,1332.0,2734.8912988970937
sandia_to_hust,naive_cross,sandia,hust,pytorch_simple_transformer,100,456,hust,hust_6-5,1686.0,2735.367336017127
sandia_to_hust,naive_cross,sandia,hust,pytorch_simple_transformer,100,456,hust,hust_6-6,1924.0,2624.862154009701
sandia_to_hust,naive_cross,sandia,hust,pytorch_simple_transformer,100,456,hust,hust_6-8,1700.0,2746.6560191439603
sandia_to_hust,naive_cross,sandia,hust,pytorch_simple_transformer,100,456,hust,hust_7-1,1308.0,2735.539512307577
sandia_to_hust,naive_cross,sandia,hust,pytorch_simple_transformer,100,456,hust,hust_7-2,1637.0,2665.5316182284664
sandia_to_hust,naive_cross,sandia,hust,pytorch_simple_transformer,100,456,hust,hust_7-3,1063.0,2722.0202419206153
sandia_to_hust,naive_cross,sandia,hust,pytorch_simple_transformer,100,456,hust,hust_7-4,1148.0,2721.1066311564314
sandia_to_hust,naive_cross,sandia,hust,pytorch_simple_transformer,100,456,hust,hust_7-5,1528.0,2648.1387159777178
sandia_to_hust,naive_cross,sandia,hust,pytorch_simple_transformer,100,456,hust,hust_7-6,1162.0,2729.368811561458
sandia_to_hust,naive_cross,sandia,hust,pytorch_simple_transformer,100,456,hust,hust_7-7,1367.0,2725.997499496763
sandia_to_hust,naive_cross,sandia,hust,pytorch_simple_transformer,100,456,hust,hust_7-8,1566.0,2632.249648232062
sandia_to_hust,naive_cross,sandia,hust,pytorch_simple_transformer,100,456,hust,hust_8-1,1062.0,2725.3359526194963
sandia_to_hust,naive_cross,sandia,hust,pytorch_simple_transformer,100,456,hust,hust_8-2,1564.0,2729.137160717246
sandia_to_hust,naive_cross,sandia,hust,pytorch_simple_transformer,100,456,hust,hust_8-3,1844.0,2637.005954950773
sandia_to_hust,naive_cross,sandia,hust,pytorch_simple_transformer,100,456,hust,hust_8-4,1517.0,2727.553872333557
sandia_to_hust,naive_cross,sandia,hust,pytorch_simple_transformer,100,456,hust,hust_8-5,1089.0,2727.288563034103
sandia_to_hust,naive_cross,sandia,hust,pytorch_simple_transformer,100,456,hust,hust_8-6,1746.0,2736.7711495893773
sandia_to_hust,naive_cross,sandia,hust,pytorch_simple_transformer,100,456,hust,hust_8-7,1593.0,2724.323797826524
sandia_to_hust,naive_cross,sandia,hust,pytorch_simple_transformer,100,456,hust,hust_8-8,1351.0,2634.7837689385515
sandia_to_hust,naive_cross,sandia,hust,pytorch_simple_transformer,100,456,hust,hust_9-1,1647.0,2650.0852994491133
sandia_to_hust,naive_cross,sandia,hust,pytorch_simple_transformer,100,456,hust,hust_9-2,1679.0,2641.3841581024617
sandia_to_hust,naive_cross,sandia,hust,pytorch_simple_transformer,100,456,hust,hust_9-3,1526.0,2649.1036181637596
sandia_to_hust,naive_cross,sandia,hust,pytorch_simple_transformer,100,456,hust,hust_9-4,1589.0,2642.986740933249
sandia_to_hust,naive_cross,sandia,hust,pytorch_simple_transformer,100,456,hust,hust_9-5,1719.0,2650.1649111709257
sandia_to_hust,naive_cross,sandia,hust,pytorch_simple_transformer,100,456,hust,hust_9-6,1381.0,2652.116777930745
sandia_to_hust,naive_cross,sandia,hust,pytorch_simple_transformer,100,456,hust,hust_9-7,1617.0,2645.796124114587
sandia_to_hust,naive_cross,sandia,hust,pytorch_simple_transformer,100,456,hust,hust_9-8,1839.0,2634.7209515471527
sandia_to_hust,naive_cross,sandia,hust,pytorch_simple_transformer,100,789,hust,hust_1-1,1198.0,2666.056603047943
sandia_to_hust,naive_cross,sandia,hust,pytorch_simple_transformer,100,789,hust,hust_1-2,1966.0,2680.368756038922
sandia_to_hust,naive_cross,sandia,hust,pytorch_simple_transformer,100,789,hust,hust_1-3,1513.0,2559.4447611641936
sandia_to_hust,naive_cross,sandia,hust,pytorch_simple_transformer,100,789,hust,hust_1-4,1213.0,2563.419150198257
sandia_to_hust,naive_cross,sandia,hust,pytorch_simple_transformer,100,789,hust,hust_1-5,1538.0,2559.2226510194755
sandia_to_hust,naive_cross,sandia,hust,pytorch_simple_transformer,100,789,hust,hust_1-6,829.0,2696.370848953795
sandia_to_hust,naive_cross,sandia,hust,pytorch_simple_transformer,100,789,hust,hust_1-7,1321.0,2671.6064010532136
sandia_to_hust,naive_cross,sandia,hust,pytorch_simple_transformer,100,789,hust,hust_1-8,1733.0,2671.2331682138083
sandia_to_hust,naive_cross,sandia,hust,pytorch_simple_transformer,100,789,hust,hust_10-1,1378.0,2667.4782672486713
sandia_to_hust,naive_cross,sandia,hust,pytorch_simple_transformer,100,789,hust,hust_10-2,1375.0,2599.6584183720865
sandia_to_hust,naive_cross,sandia,hust,pytorch_simple_transformer,100,789,hust,hust_10-3,1477.0,2672.7327847798874
sandia_to_hust,naive_cross,sandia,hust,pytorch_simple_transformer,100,789,hust,hust_10-4,1489.0,2581.206861609639
sandia_to_hust,naive_cross,sandia,hust,pytorch_simple_transformer,100,789,hust,hust_10-5,1657.0,2576.0180432133807
sandia_to_hust,naive_cross,sandia,hust,pytorch_simple_transformer,100,789,hust,hust_10-6,1659.0,2678.25944429094
sandia_to_hust,naive_cross,sandia,hust,pytorch_simple_transformer,100,789,hust,hust_10-7,1435.0,2578.1414913878302
sandia_to_hust,naive_cross,sandia,hust,pytorch_simple_transformer,100,789,hust,hust_10-8,1093.0,2677.9427437987724
sandia_to_hust,naive_cross,sandia,hust,pytorch_simple_transformer,100,789,hust,hust_2-2,2021.0,2686.1468720771163
sandia_to_hust,naive_cross,sandia,hust,pytorch_simple_transformer,100,789,hust,hust_2-3,1413.0,2568.8398108712126
sandia_to_hust,naive_cross,sandia,hust,pytorch_simple_transformer,100,789,hust,hust_2-4,1165.0,2673.385387092548
sandia_to_hust,naive_cross,sandia,hust,pytorch_simple_transformer,100,789,hust,hust_2-5,1092.0,2569.6459335538066
sandia_to_hust,naive_cross,sandia,hust,pytorch_simple_transformer,100,789,hust,hust_2-6,1297.0,2570.115267329915
sandia_to_hust,naive_cross,sandia,hust,pytorch_simple_transformer,100,789,hust,hust_2-7,1789.0,2581.0394761502903
sandia_to_hust,naive_cross,sandia,hust,pytorch_simple_transformer,100,789,hust,hust_2-8,1192.0,2674.3888189493623
sandia_to_hust,naive_cross,sandia,hust,pytorch_simple_transformer,100,789,hust,hust_3-1,1571.0,2582.514318526475
sandia_to_hust,naive_cross,sandia,hust,pytorch_simple_transformer,100,789,hust,hust_3-2,1773.0,2590.8362155436475
sandia_to_hust,naive_cross,sandia,hust,pytorch_simple_transformer,100,789,hust,hust_3-3,1360.0,2584.6455865816533
sandia_to_hust,naive_cross,sandia,hust,pytorch_simple_transformer,100,789,hust,hust_3-4,1396.0,2672.3759602754185
sandia_to_hust,naive_cross,sandia,hust,pytorch_simple_transformer,100,789,hust,hust_3-5,1879.0,2677.9797753904395
sandia_to_hust,naive_cross,sandia,hust,pytorch_simple_transformer,100,789,hust,hust_3-6,1979.0,2581.1182444260494
sandia_to_hust,naive_cross,sandia,hust,pytorch_simple_transformer,100,789,hust,hust_3-7,1870.0,2666.3134129364007
sandia_to_hust,naive_cross,sandia,hust,pytorch_simple_transformer,100,789,hust,hust_3-8,1856.0,2586.8846942865807
sandia_to_hust,naive_cross,sandia,hust,pytorch_simple_transformer,100,789,hust,hust_4-1,1762.0,2671.8930487008424
sandia_to_hust,naive_cross,sandia,hust,pytorch_simple_transformer,100,789,hust,hust_4-2,1453.0,2580.249464869692
sandia_to_hust,naive_cross,sandia,hust,pytorch_simple_transformer,100,789,hust,hust_4-3,931.0,2681.1689657015713
sandia_to_hust,naive_cross,sandia,hust,pytorch_simple_transformer,100,789,hust,hust_4-4,1204.0,2674.3084795343416
sandia_to_hust,naive_cross,sandia,hust,pytorch_simple_transformer,100,789,hust,hust_4-5,1220.0,2678.015530516573
sandia_to_hust,naive_cross,sandia,hust,pytorch_simple_transformer,100,789,hust,hust_4-6,1089.0,2677.866128338304
sandia_to_hust,naive_cross,sandia,hust,pytorch_simple_transformer,100,789,hust,hust_4-7,1579.0,2675.3262904738817
sandia_to_hust,naive_cross,sandia,hust,pytorch_simple_transformer,100,789,hust,hust_4-8,1389.0,2571.6954565137166
sandia_to_hust,naive_cross,sandia,hust,pytorch_simple_transformer,100,789,hust,hust_5-1,1832.0,2675.5265820837885
sandia_to_hust,naive_cross,sandia,hust,pytorch_simple_transformer,100,789,hust,hust_5-2,1574.0,2560.4237399143803
sandia_to_hust,naive_cross,sandia,hust,pytorch_simple_transformer,100,789,hust,hust_5-3,2024.0,2674.517622095353
sandia_to_hust,naive_cross,sandia,hust,pytorch_simple_transformer,100,789,hust,hust_5-4,1520.0,2664.9940290739455
sandia_to_hust,naive_cross,sandia,hust,pytorch_simple_transformer,100,789,hust,hust_5-5,1242.0,2572.687708369753
sandia_to_hust,naive_cross,sandia,hust,pytorch_simple_transformer,100,789,hust,hust_5-6,1807.0,2675.6835089162273
sandia_to_hust,naive_cross,sandia,hust,pytorch_simple_transformer,100,789,hust,hust_5-7,1171.0,2675.8276855817317
sandia_to_hust,naive_cross,sandia,hust,pytorch_simple_transformer,100,789,hust,hust_6-1,1255.0,2684.1610009691954
sandia_to_hust,naive_cross,sandia,hust,pytorch_simple_transformer,100,789,hust,hust_6-2,1496.0,2563.3274768247993
sandia_to_hust,naive_cross,sandia,hust,pytorch_simple_transformer,100,789,hust,hust_6-3,1437.0,2575.2885119077614
sandia_to_hust,naive_cross,sandia,hust,pytorch_simple_transformer,100,789,hust,hust_6-4,1332.0,2677.3183916575417
sandia_to_hust,naive_cross,sandia,hust,pytorch_simple_transformer,100,789,hust,hust_6-5,1686.0,2672.0293763726945
sandia_to_hust,naive_cross,sandia,hust,pytorch_simple_transformer,100,789,hust,hust_6-6,1924.0,2562.2728577446583
sandia_to_hust,naive_cross,sandia,hust,pytorch_simple_transformer,100,789,hust,hust_6-8,1700.0,2679.9866315533877
sandia_to_hust,naive_cross,sandia,hust,pytorch_simple_transformer,100,789,hust,hust_7-1,1308.0,2679.1586691245298
sandia_to_hust,naive_cross,sandia,hust,pytorch_simple_transformer,100,789,hust,hust_7-2,1637.0,2619.904122333627
sandia_to_hust,naive_cross,sandia,hust,pytorch_simple_transformer,100,789,hust,hust_7-3,1063.0,2667.17937509764
sandia_to_hust,naive_cross,sandia,hust,pytorch_simple_transformer,100,789,hust,hust_7-4,1148.0,2668.4998408800716
sandia_to_hust,naive_cross,sandia,hust,pytorch_simple_transformer,100,789,hust,hust_7-5,1528.0,2597.9557469377614
sandia_to_hust,naive_cross,sandia,hust,pytorch_simple_transformer,100,789,hust,hust_7-6,1162.0,2674.010097121994
sandia_to_hust,naive_cross,sandia,hust,pytorch_simple_transformer,100,789,hust,hust_7-7,1367.0,2672.0777934813373
sandia_to_hust,naive_cross,sandia,hust,pytorch_simple_transformer,100,789,hust,hust_7-8,1566.0,2577.7960661512475
sandia_to_hust,naive_cross,sandia,hust,pytorch_simple_transformer,100,789,hust,hust_8-1,1062.0,2669.295234322538
sandia_to_hust,naive_cross,sandia,hust,pytorch_simple_transformer,100,789,hust,hust_8-2,1564.0,2676.4453089389917
sandia_to_hust,naive_cross,sandia,hust,pytorch_simple_transformer,100,789,hust,hust_8-3,1844.0,2582.509392776018
sandia_to_hust,naive_cross,sandia,hust,pytorch_simple_transformer,100,789,hust,hust_8-4,1517.0,2664.1592651451347
sandia_to_hust,naive_cross,sandia,hust,pytorch_simple_transformer,100,789,hust,hust_8-5,1089.0,2669.044500725967
sandia_to_hust,naive_cross,sandia,hust,pytorch_simple_transformer,100,789,hust,hust_8-6,1746.0,2671.300677458204
sandia_to_hust,naive_cross,sandia,hust,pytorch_simple_transformer,100,789,hust,hust_8-7,1593.0,2665.323178357109
sandia_to_hust,naive_cross,sandia,hust,pytorch_simple_transformer,100,789,hust,hust_8-8,1351.0,2577.235616923385
sandia_to_hust,naive_cross,sandia,hust,pytorch_simple_transformer,100,789,hust,hust_9-1,1647.0,2600.2262234612012
sandia_to_hust,naive_cross,sandia,hust,pytorch_simple_transformer,100,789,hust,hust_9-2,1679.0,2591.2352827287236
sandia_to_hust,naive_cross,sandia,hust,pytorch_simple_transformer,100,789,hust,hust_9-3,1526.0,2592.7382046876673
sandia_to_hust,naive_cross,sandia,hust,pytorch_simple_transformer,100,789,hust,hust_9-4,1589.0,2592.176978919539
sandia_to_hust,naive_cross,sandia,hust,pytorch_simple_transformer,100,789,hust,hust_9-5,1719.0,2599.445213553316
sandia_to_hust,naive_cross,sandia,hust,pytorch_simple_transformer,100,789,hust,hust_9-6,1381.0,2597.7389656614932
sandia_to_hust,naive_cross,sandia,hust,pytorch_simple_transformer,100,789,hust,hust_9-7,1617.0,2590.1432449196805
sandia_to_hust,naive_cross,sandia,hust,pytorch_simple_transformer,100,789,hust,hust_9-8,1839.0,2580.163341189484
sandia_to_luh,naive_cross,sandia,luh,pytorch_simple_transformer,100,1011,luh,luh_P017_1_S01_C08,139.0,226.13864851537005
sandia_to_luh,naive_cross,sandia,luh,pytorch_simple_transformer,100,1011,luh,luh_P017_2_S04_C07,127.0,225.6579090945705
sandia_to_luh,naive_cross,sandia,luh,pytorch_simple_transformer,100,1011,luh,luh_P017_3_S05_C05,126.0,225.73119800716128
sandia_to_luh,naive_cross,sandia,luh,pytorch_simple_transformer,100,1011,luh,luh_P018_1_S01_C06,109.0,225.2337105133418
sandia_to_luh,naive_cross,sandia,luh,pytorch_simple_transformer,100,1011,luh,luh_P018_2_S02_C06,107.0,225.13975528814603
sandia_to_luh,naive_cross,sandia,luh,pytorch_simple_transformer,100,1011,luh,luh_P018_3_S04_C05,107.0,225.09112872467693
sandia_to_luh,naive_cross,sandia,luh,pytorch_simple_transformer,100,1011,luh,luh_P019_1_S01_C04,63.0,223.49638018797475
sandia_to_luh,naive_cross,sandia,luh,pytorch_simple_transformer,100,1011,luh,luh_P019_2_S02_C04,62.0,223.42594760697278
sandia_to_luh,naive_cross,sandia,luh,pytorch_simple_transformer,100,1011,luh,luh_P019_3_S05_C02,60.0,223.3419050979829
sandia_to_luh,naive_cross,sandia,luh,pytorch_simple_transformer,100,1011,luh,luh_P021_1_S02_C08,451.0,238.35839129746682
sandia_to_luh,naive_cross,sandia,luh,pytorch_simple_transformer,100,1011,luh,luh_P021_2_S03_C08,428.0,235.77776115260968
sandia_to_luh,naive_cross,sandia,luh,pytorch_simple_transformer,100,1011,luh,luh_P021_3_S04_C08,430.0,237.07490822785323
sandia_to_luh,naive_cross,sandia,luh,pytorch_simple_transformer,100,1011,luh,luh_P022_1_S03_C06,341.0,235.48967293809463
sandia_to_luh,naive_cross,sandia,luh,pytorch_simple_transformer,100,1011,luh,luh_P022_2_S04_C06,344.0,234.18958542354144
sandia_to_luh,naive_cross,sandia,luh,pytorch_simple_transformer,100,1011,luh,luh_P022_3_S05_C04,314.0,233.03664522848393
sandia_to_luh,naive_cross,sandia,luh,pytorch_simple_transformer,100,1011,luh,luh_P023_1_S03_C04,82.0,224.98221329240738
sandia_to_luh,naive_cross,sandia,luh,pytorch_simple_transformer,100,1011,luh,luh_P023_2_S04_C04,72.0,224.21069493589653
sandia_to_luh,naive_cross,sandia,luh,pytorch_simple_transformer,100,1011,luh,luh_P023_3_S05_C03,79.0,224.7478216585658
sandia_to_luh,naive_cross,sandia,luh,pytorch_simple_transformer,100,1011,luh,luh_P025_1_S01_C09,718.0,287.1443541552477
sandia_to_luh,naive_cross,sandia,luh,pytorch_simple_transformer,100,1011,luh,luh_P025_2_S02_C09,690.0,274.91769650229304
sandia_to_luh,naive_cross,sandia,luh,pytorch_simple_transformer,100,1011,luh,luh_P025_3_S03_C09,702.0,285.54588460831314
sandia_to_luh,naive_cross,sandia,luh,pytorch_simple_transformer,100,1011,luh,luh_P026_1_S01_C07,581.0,258.6764962634351
sandia_to_luh,naive_cross,sandia,luh,pytorch_simple_transformer,100,1011,luh,luh_P026_2_S02_C07,613.0,261.3278818709044
sandia_to_luh,naive_cross,sandia,luh,pytorch_simple_transformer,100,1011,luh,luh_P026_3_S03_C07,563.0,261.23967228360993
sandia_to_luh,naive_cross,sandia,luh,pytorch_simple_transformer,100,1011,luh,luh_P027_1_S01_C05,269.0,245.6565404637051
sandia_to_luh,naive_cross,sandia,luh,pytorch_simple_transformer,100,1011,luh,luh_P027_2_S02_C05,285.0,251.57279029177084
sandia_to_luh,naive_cross,sandia,luh,pytorch_simple_transformer,100,1011,luh,luh_P027_3_S03_C05,298.0,248.35429573409212
sandia_to_luh,naive_cross,sandia,luh,pytorch_simple_transformer,100,1011,luh,luh_P029_1_S06_C08,132.0,225.8539375705982
sandia_to_luh,naive_cross,sandia,luh,pytorch_simple_transformer,100,1011,luh,luh_P029_2_S08_C07,135.0,226.1376780356578
sandia_to_luh,naive_cross,sandia,luh,pytorch_simple_transformer,100,1011,luh,luh_P029_3_S09_C07,135.0,226.34340498483985
sandia_to_luh,naive_cross,sandia,luh,pytorch_simple_transformer,100,1011,luh,luh_P030_1_S06_C06,118.0,225.71785141089367
sandia_to_luh,naive_cross,sandia,luh,pytorch_simple_transformer,100,1011,luh,luh_P030_2_S08_C05,123.0,225.85070672721423
sandia_to_luh,naive_cross,sandia,luh,pytorch_simple_transformer,100,1011,luh,luh_P030_3_S09_C05,123.0,225.89669675097474
sandia_to_luh,naive_cross,sandia,luh,pytorch_simple_transformer,100,1011,luh,luh_P031_1_S06_C04,97.0,224.8688470317127
sandia_to_luh,naive_cross,sandia,luh,pytorch_simple_transformer,100,1011,luh,luh_P031_2_S07_C04,94.0,224.75971763388134
sandia_to_luh,naive_cross,sandia,luh,pytorch_simple_transformer,100,1011,luh,luh_P031_3_S09_C03,90.0,224.66360330532135
sandia_to_luh,naive_cross,sandia,luh,pytorch_simple_transformer,100,1011,luh,luh_P033_1_S07_C08,524.0,240.12581734213728
sandia_to_luh,naive_cross,sandia,luh,pytorch_simple_transformer,100,1011,luh,luh_P033_2_S08_C08,508.0,239.48718051231333
sandia_to_luh,naive_cross,sandia,luh,pytorch_simple_transformer,100,1011,luh,luh_P033_3_S09_C08,523.0,239.36970125438347
sandia_to_luh,naive_cross,sandia,luh,pytorch_simple_transformer,100,1011,luh,luh_P034_1_S07_C06,446.0,239.18121561438537
sandia_to_luh,naive_cross,sandia,luh,pytorch_simple_transformer,100,1011,luh,luh_P034_2_S08_C06,448.0,238.8610622450193
sandia_to_luh,naive_cross,sandia,luh,pytorch_simple_transformer,100,1011,luh,luh_P034_3_S09_C06,440.0,237.85462324504624
sandia_to_luh,naive_cross,sandia,luh,pytorch_simple_transformer,100,1011,luh,luh_P035_1_S08_C04,279.0,236.9343205491089
sandia_to_luh,naive_cross,sandia,luh,pytorch_simple_transformer,100,1011,luh,luh_P035_2_S09_C04,360.0,238.87484428005385
sandia_to_luh,naive_cross,sandia,luh,pytorch_simple_transformer,100,1011,luh,luh_P035_3_S10_C02,342.0,236.3005661123092
sandia_to_luh,naive_cross,sandia,luh,pytorch_simple_transformer,100,1011,luh,luh_P037_1_S05_C11,741.0,264.4336754853802
sandia_to_luh,naive_cross,sandia,luh,pytorch_simple_transformer,100,1011,luh,luh_P037_3_S10_C04,783.0,289.10432940229475
sandia_to_luh,naive_cross,sandia,luh,pytorch_simple_transformer,100,1011,luh,luh_P038_1_S06_C07,734.0,283.79252553030955
sandia_to_luh,naive_cross,sandia,luh,pytorch_simple_transformer,100,1011,luh,luh_P038_2_S07_C07,816.0,350.3482734546013
sandia_to_luh,naive_cross,sandia,luh,pytorch_simple_transformer,100,1011,luh,luh_P038_3_S10_C03,697.0,271.64550057562684
sandia_to_luh,naive_cross,sandia,luh,pytorch_simple_transformer,100,1011,luh,luh_P039_1_S05_C10,552.0,274.09920548572364
sandia_to_luh,naive_cross,sandia,luh,pytorch_simple_transformer,100,1011,luh,luh_P039_2_S06_C05,588.0,264.7977006679636
sandia_to_luh,naive_cross,sandia,luh,pytorch_simple_transformer,100,1011,luh,luh_P039_3_S07_C05,547.0,258.6080479772885
sandia_to_luh,naive_cross,sandia,luh,pytorch_simple_transformer,100,1011,luh,luh_P041_1_S11_C08,236.0,228.2162307545229
sandia_to_luh,naive_cross,sandia,luh,pytorch_simple_transformer,100,1011,luh,luh_P041_2_S13_C07,220.0,228.5289815815526
sandia_to_luh,naive_cross,sandia,luh,pytorch_simple_transformer,100,1011,luh,luh_P041_3_S14_C07,237.0,228.41731348522015
sandia_to_luh,naive_cross,sandia,luh,pytorch_simple_transformer,100,1011,luh,luh_P042_1_S11_C06,180.0,227.99347212824046
sandia_to_luh,naive_cross,sandia,luh,pytorch_simple_transformer,100,1011,luh,luh_P042_2_S13_C05,204.0,229.07940262517786
sandia_to_luh,naive_cross,sandia,luh,pytorch_simple_transformer,100,1011,luh,luh_P042_3_S14_C05,197.0,227.6560509113086
sandia_to_luh,naive_cross,sandia,luh,pytorch_simple_transformer,100,1011,luh,luh_P043_1_S11_C04,160.0,226.83739440338704
sandia_to_luh,naive_cross,sandia,luh,pytorch_simple_transformer,100,1011,luh,luh_P043_2_S12_C04,156.0,226.86065096267987
sandia_to_luh,naive_cross,sandia,luh,pytorch_simple_transformer,100,1011,luh,luh_P043_3_S14_C03,153.0,226.45222351223748
sandia_to_luh,naive_cross,sandia,luh,pytorch_simple_transformer,100,1011,luh,luh_P045_1_S12_C08,975.0,250.4517570773538
sandia_to_luh,naive_cross,sandia,luh,pytorch_simple_transformer,100,1011,luh,luh_P045_2_S13_C08,980.0,251.68185688950095
sandia_to_luh,naive_cross,sandia,luh,pytorch_simple_transformer,100,1011,luh,luh_P045_3_S14_C08,845.0,240.46475001429388
sandia_to_luh,naive_cross,sandia,luh,pytorch_simple_transformer,100,1011,luh,luh_P046_1_S12_C06,1095.0,252.32918860631386
sandia_to_luh,naive_cross,sandia,luh,pytorch_simple_transformer,100,1011,luh,luh_P046_2_S13_C06,937.0,248.12430338039653
sandia_to_luh,naive_cross,sandia,luh,pytorch_simple_transformer,100,1011,luh,luh_P046_3_S14_C06,1044.0,254.47720728881274
sandia_to_luh,naive_cross,sandia,luh,pytorch_simple_transformer,100,1011,luh,luh_P047_1_S13_C04,1015.0,251.5286491591198
sandia_to_luh,naive_cross,sandia,luh,pytorch_simple_transformer,100,1011,luh,luh_P047_2_S14_C04,923.0,245.36574151211994
sandia_to_luh,naive_cross,sandia,luh,pytorch_simple_transformer,100,1011,luh,luh_P047_3_S15_C01,866.0,251.20574307829204
sandia_to_luh,naive_cross,sandia,luh,pytorch_simple_transformer,100,1011,luh,luh_P049_1_S10_C10,1466.0,294.7674647640398
sandia_to_luh,naive_cross,sandia,luh,pytorch_simple_transformer,100,1011,luh,luh_P049_3_S15_C02,1380.0,264.2824086044873
sandia_to_luh,naive_cross,sandia,luh,pytorch_simple_transformer,100,1011,luh,luh_P050_1_S10_C09,1615.0,320.3241214085755
sandia_to_luh,naive_cross,sandia,luh,pytorch_simple_transformer,100,1011,luh,luh_P050_2_S11_C07,1575.0,284.81197984233586
sandia_to_luh,naive_cross,sandia,luh,pytorch_simple_transformer,100,1011,luh,luh_P050_3_S12_C07,1555.0,297.25449612542707
sandia_to_luh,naive_cross,sandia,luh,pytorch_simple_transformer,100,1011,luh,luh_P051_1_S10_C08,1234.0,310.05468817054367
sandia_to_luh,naive_cross,sandia,luh,pytorch_simple_transformer,100,1011,luh,luh_P051_2_S11_C05,1318.0,731.5570927347576
sandia_to_luh,naive_cross,sandia,luh,pytorch_simple_transformer,100,1011,luh,luh_P051_3_S12_C05,1238.0,356.42553344506405
sandia_to_luh,naive_cross,sandia,luh,pytorch_simple_transformer,100,1011,luh,luh_P053_1_S15_C08,323.0,227.34351906932562
sandia_to_luh,naive_cross,sandia,luh,pytorch_simple_transformer,100,1011,luh,luh_P053_2_S16_C08,332.0,227.42147622942107
sandia_to_luh,naive_cross,sandia,luh,pytorch_simple_transformer,100,1011,luh,luh_P053_3_S19_C07,377.0,228.89956555999805
sandia_to_luh,naive_cross,sandia,luh,pytorch_simple_transformer,100,1011,luh,luh_P054_1_S16_C06,359.0,228.05044630369724
sandia_to_luh,naive_cross,sandia,luh,pytorch_simple_transformer,100,1011,luh,luh_P054_2_S17_C06,376.0,228.53955202369315
sandia_to_luh,naive_cross,sandia,luh,pytorch_simple_transformer,100,1011,luh,luh_P054_3_S19_C05,384.0,228.65117085030215
sandia_to_luh,naive_cross,sandia,luh,pytorch_simple_transformer,100,1011,luh,luh_P055_1_S15_C05,354.0,227.80373340760963
sandia_to_luh,naive_cross,sandia,luh,pytorch_simple_transformer,100,1011,luh,luh_P055_2_S16_C04,350.0,227.60503584185287
sandia_to_luh,naive_cross,sandia,luh,pytorch_simple_transformer,100,1011,luh,luh_P055_3_S17_C04,351.0,227.78581094066905
sandia_to_luh,naive_cross,sandia,luh,pytorch_simple_transformer,100,1011,luh,luh_P057_1_S17_C08,555.0,238.75618537439013
sandia_to_luh,naive_cross,sandia,luh,pytorch_simple_transformer,100,1011,luh,luh_P057_2_S18_C08,556.0,239.70562356697383
sandia_to_luh,naive_cross,sandia,luh,pytorch_simple_transformer,100,1011,luh,luh_P057_3_S19_C08,539.0,246.02052385781155
sandia_to_luh,naive_cross,sandia,luh,pytorch_simple_transformer,100,1011,luh,luh_P058_1_S15_C07,707.0,247.38298707908947
sandia_to_luh,naive_cross,sandia,luh,pytorch_simple_transformer,100,1011,luh,luh_P058_2_S18_C06,672.0,247.59021404461004
sandia_to_luh,naive_cross,sandia,luh,pytorch_simple_transformer,100,1011,luh,luh_P058_3_S19_C06,712.0,253.48110596399746
sandia_to_luh,naive_cross,sandia,luh,pytorch_simple_transformer,100,1011,luh,luh_P059_1_S15_C06,605.0,254.74454752000958
sandia_to_luh,naive_cross,sandia,luh,pytorch_simple_transformer,100,1011,luh,luh_P059_2_S18_C04,660.0,256.04981343404523
sandia_to_luh,naive_cross,sandia,luh,pytorch_simple_transformer,100,1011,luh,luh_P059_3_S19_C04,664.0,254.91952678669267
sandia_to_luh,naive_cross,sandia,luh,pytorch_simple_transformer,100,1011,luh,luh_P061_1_S16_C09,947.0,249.10208610049938
sandia_to_luh,naive_cross,sandia,luh,pytorch_simple_transformer,100,1011,luh,luh_P061_2_S17_C09,942.0,250.80753688433427
sandia_to_luh,naive_cross,sandia,luh,pytorch_simple_transformer,100,1011,luh,luh_P061_3_S18_C09,1033.0,260.05361299051447
sandia_to_luh,naive_cross,sandia,luh,pytorch_simple_transformer,100,1011,luh,luh_P062_1_S16_C07,1120.0,267.7849442985376
sandia_to_luh,naive_cross,sandia,luh,pytorch_simple_transformer,100,1011,luh,luh_P062_2_S17_C07,1148.0,264.77421634815744
sandia_to_luh,naive_cross,sandia,luh,pytorch_simple_transformer,100,1011,luh,luh_P062_3_S18_C07,1128.0,268.18107542269956
sandia_to_luh,naive_cross,sandia,luh,pytorch_simple_transformer,100,1011,luh,luh_P063_1_S16_C05,1149.0,508.05750246930916
sandia_to_luh,naive_cross,sandia,luh,pytorch_simple_transformer,100,1011,luh,luh_P063_2_S17_C05,1236.0,301.3199925270364
sandia_to_luh,naive_cross,sandia,luh,pytorch_simple_transformer,100,1011,luh,luh_P063_3_S18_C05,1335.0,314.97143034925995
sandia_to_luh,naive_cross,sandia,luh,pytorch_simple_transformer,100,123,luh,luh_P017_1_S01_C08,139.0,224.20192832405755
sandia_to_luh,naive_cross,sandia,luh,pytorch_simple_transformer,100,123,luh,luh_P017_2_S04_C07,127.0,223.27620567029328
sandia_to_luh,naive_cross,sandia,luh,pytorch_simple_transformer,100,123,luh,luh_P017_3_S05_C05,126.0,223.24607771437826
sandia_to_luh,naive_cross,sandia,luh,pytorch_simple_transformer,100,123,luh,luh_P018_1_S01_C06,109.0,222.0636639129053
sandia_to_luh,naive_cross,sandia,luh,pytorch_simple_transformer,100,123,luh,luh_P018_2_S02_C06,107.0,221.86500066680017
sandia_to_luh,naive_cross,sandia,luh,pytorch_simple_transformer,100,123,luh,luh_P018_3_S04_C05,107.0,221.7901115275174
sandia_to_luh,naive_cross,sandia,luh,pytorch_simple_transformer,100,123,luh,luh_P019_1_S01_C04,63.0,220.49825015793203
sandia_to_luh,naive_cross,sandia,luh,pytorch_simple_transformer,100,123,luh,luh_P019_2_S02_C04,62.0,220.48563350782146
sandia_to_luh,naive_cross,sandia,luh,pytorch_simple_transformer,100,123,luh,luh_P019_3_S05_C02,60.0,220.4764868879129
sandia_to_luh,naive_cross,sandia,luh,pytorch_simple_transformer,100,123,luh,luh_P021_1_S02_C08,451.0,459.3082905357152
sandia_to_luh,naive_cross,sandia,luh,pytorch_simple_transformer,100,123,luh,luh_P021_2_S03_C08,428.0,334.4495920240903
sandia_to_luh,naive_cross,sandia,luh,pytorch_simple_transformer,100,123,luh,luh_P021_3_S04_C08,430.0,391.6316208686397
sandia_to_luh,naive_cross,sandia,luh,pytorch_simple_transformer,100,123,luh,luh_P022_1_S03_C06,341.0,315.7672399214494
sandia_to_luh,naive_cross,sandia,luh,pytorch_simple_transformer,100,123,luh,luh_P022_2_S04_C06,344.0,288.3450540816205
sandia_to_luh,naive_cross,sandia,luh,pytorch_simple_transformer,100,123,luh,luh_P022_3_S05_C04,314.0,265.8543718706171
sandia_to_luh,naive_cross,sandia,luh,pytorch_simple_transformer,100,123,luh,luh_P023_1_S03_C04,82.0,222.9146195089687
sandia_to_luh,naive_cross,sandia,luh,pytorch_simple_transformer,100,123,luh,luh_P023_2_S04_C04,72.0,221.9971760747733
sandia_to_luh,naive_cross,sandia,luh,pytorch_simple_transformer,100,123,luh,luh_P023_3_S05_C03,79.0,222.5985129845473
sandia_to_luh,naive_cross,sandia,luh,pytorch_simple_transformer,100,123,luh,luh_P025_1_S01_C09,718.0,3221.8687501718687
sandia_to_luh,naive_cross,sandia,luh,pytorch_simple_transformer,100,123,luh,luh_P025_2_S02_C09,690.0,3257.8301114559004
sandia_to_luh,naive_cross,sandia,luh,pytorch_simple_transformer,100,123,luh,luh_P025_3_S03_C09,702.0,3228.4631729056455
sandia_to_luh,naive_cross,sandia,luh,pytorch_simple_transformer,100,123,luh,luh_P026_1_S01_C07,581.0,3164.461440689538
sandia_to_luh,naive_cross,sandia,luh,pytorch_simple_transformer,100,123,luh,luh_P026_2_S02_C07,613.0,3236.1171462141574
sandia_to_luh,naive_cross,sandia,luh,pytorch_simple_transformer,100,123,luh,luh_P026_3_S03_C07,563.0,3231.3740471578617
sandia_to_luh,naive_cross,sandia,luh,pytorch_simple_transformer,100,123,luh,luh_P027_1_S01_C05,269.0,1615.4366535296458
sandia_to_luh,naive_cross,sandia,luh,pytorch_simple_transformer,100,123,luh,luh_P027_2_S02_C05,285.0,2623.0191476754953
sandia_to_luh,naive_cross,sandia,luh,pytorch_simple_transformer,100,123,luh,luh_P027_3_S03_C05,298.0,2091.8585745450027
sandia_to_luh,naive_cross,sandia,luh,pytorch_simple_transformer,100,123,luh,luh_P029_1_S06_C08,132.0,223.46973893124957
sandia_to_luh,naive_cross,sandia,luh,pytorch_simple_transformer,100,123,luh,luh_P029_2_S08_C07,135.0,223.99675926142976
sandia_to_luh,naive_cross,sandia,luh,pytorch_simple_transformer,100,123,luh,luh_P029_3_S09_C07,135.0,224.38107043750048
sandia_to_luh,naive_cross,sandia,luh,pytorch_simple_transformer,100,123,luh,luh_P030_1_S06_C06,118.0,222.8555278931717
sandia_to_luh,naive_cross,sandia,luh,pytorch_simple_transformer,100,123,luh,luh_P030_2_S08_C05,123.0,223.24245837485813
sandia_to_luh,naive_cross,sandia,luh,pytorch_simple_transformer,100,123,luh,luh_P030_3_S09_C05,123.0,223.24299062698984
sandia_to_luh,naive_cross,sandia,luh,pytorch_simple_transformer,100,123,luh,luh_P031_1_S06_C04,97.0,221.18199352306218
sandia_to_luh,naive_cross,sandia,luh,pytorch_simple_transformer,100,123,luh,luh_P031_2_S07_C04,94.0,221.08572238528896
sandia_to_luh,naive_cross,sandia,luh,pytorch_simple_transformer,100,123,luh,luh_P031_3_S09_C03,90.0,221.05957930298237
sandia_to_luh,naive_cross,sandia,luh,pytorch_simple_transformer,100,123,luh,luh_P033_1_S07_C08,524.0,616.3648593033852
sandia_to_luh,naive_cross,sandia,luh,pytorch_simple_transformer,100,123,luh,luh_P033_2_S08_C08,508.0,539.9645176872285
sandia_to_luh,naive_cross,sandia,luh,pytorch_simple_transformer,100,123,luh,luh_P033_3_S09_C08,523.0,535.2293215277842
sandia_to_luh,naive_cross,sandia,luh,pytorch_simple_transformer,100,123,luh,luh_P034_1_S07_C06,446.0,545.0513199586566
sandia_to_luh,naive_cross,sandia,luh,pytorch_simple_transformer,100,123,luh,luh_P034_2_S08_C06,448.0,510.856025018224
sandia_to_luh,naive_cross,sandia,luh,pytorch_simple_transformer,100,123,luh,luh_P034_3_S09_C06,440.0,446.38571694275157
sandia_to_luh,naive_cross,sandia,luh,pytorch_simple_transformer,100,123,luh,luh_P035_1_S08_C04,279.0,393.98229100850756
sandia_to_luh,naive_cross,sandia,luh,pytorch_simple_transformer,100,123,luh,luh_P035_2_S09_C04,360.0,544.1771958138621
sandia_to_luh,naive_cross,sandia,luh,pytorch_simple_transformer,100,123,luh,luh_P035_3_S10_C02,342.0,369.8622948168561
sandia_to_luh,naive_cross,sandia,luh,pytorch_simple_transformer,100,123,luh,luh_P037_1_S05_C11,741.0,3266.45697185425
sandia_to_luh,naive_cross,sandia,luh,pytorch_simple_transformer,100,123,luh,luh_P037_3_S10_C04,783.0,3209.001825443637
sandia_to_luh,naive_cross,sandia,luh,pytorch_simple_transformer,100,123,luh,luh_P038_1_S06_C07,734.0,3237.2191078365736
sandia_to_luh,naive_cross,sandia,luh,pytorch_simple_transformer,100,123,luh,luh_P038_2_S07_C07,816.0,3103.101325982572
sandia_to_luh,naive_cross,sandia,luh,pytorch_simple_transformer,100,123,luh,luh_P038_3_S10_C03,697.0,3271.6134728008938
sandia_to_luh,naive_cross,sandia,luh,pytorch_simple_transformer,100,123,luh,luh_P039_1_S05_C10,552.0,3259.9466036257377
sandia_to_luh,naive_cross,sandia,luh,pytorch_simple_transformer,100,123,luh,luh_P039_2_S06_C05,588.0,3263.144148083966
sandia_to_luh,naive_cross,sandia,luh,pytorch_simple_transformer,100,123,luh,luh_P039_3_S07_C05,547.0,3170.381988893417
sandia_to_luh,naive_cross,sandia,luh,pytorch_simple_transformer,100,123,luh,luh_P041_1_S11_C08,236.0,230.75414681212578
sandia_to_luh,naive_cross,sandia,luh,pytorch_simple_transformer,100,123,luh,luh_P041_2_S13_C07,220.0,231.42499581216723
sandia_to_luh,naive_cross,sandia,luh,pytorch_simple_transformer,100,123,luh,luh_P041_3_S14_C07,237.0,231.0917521153885
sandia_to_luh,naive_cross,sandia,luh,pytorch_simple_transformer,100,123,luh,luh_P042_1_S11_C06,180.0,229.06618574433725
sandia_to_luh,naive_cross,sandia,luh,pytorch_simple_transformer,100,123,luh,luh_P042_2_S13_C05,204.0,233.6256604582737
sandia_to_luh,naive_cross,sandia,luh,pytorch_simple_transformer,100,123,luh,luh_P042_3_S14_C05,197.0,228.5260393805186
sandia_to_luh,naive_cross,sandia,luh,pytorch_simple_transformer,100,123,luh,luh_P043_1_S11_C04,160.0,224.8787120237177
sandia_to_luh,naive_cross,sandia,luh,pytorch_simple_transformer,100,123,luh,luh_P043_2_S12_C04,156.0,224.86863258017098
sandia_to_luh,naive_cross,sandia,luh,pytorch_simple_transformer,100,123,luh,luh_P043_3_S14_C03,153.0,224.02634757939967
sandia_to_luh,naive_cross,sandia,luh,pytorch_simple_transformer,100,123,luh,luh_P045_1_S12_C08,975.0,2437.3251418528425
sandia_to_luh,naive_cross,sandia,luh,pytorch_simple_transformer,100,123,luh,luh_P045_2_S13_C08,980.0,2617.8299103133645
sandia_to_luh,naive_cross,sandia,luh,pytorch_simple_transformer,100,123,luh,luh_P045_3_S14_C08,845.0,672.106617248362
sandia_to_luh,naive_cross,sandia,luh,pytorch_simple_transformer,100,123,luh,luh_P046_1_S12_C06,1095.0,2752.23317010634
sandia_to_luh,naive_cross,sandia,luh,pytorch_simple_transformer,100,123,luh,luh_P046_2_S13_C06,937.0,2118.789746478704
sandia_to_luh,naive_cross,sandia,luh,pytorch_simple_transformer,100,123,luh,luh_P046_3_S14_C06,1044.0,2939.4594637118153
sandia_to_luh,naive_cross,sandia,luh,pytorch_simple_transformer,100,123,luh,luh_P047_1_S13_C04,1015.0,2748.7090979713107
sandia_to_luh,naive_cross,sandia,luh,pytorch_simple_transformer,100,123,luh,luh_P047_2_S14_C04,923.0,1706.4071335144401
sandia_to_luh,naive_cross,sandia,luh,pytorch_simple_transformer,100,123,luh,luh_P047_3_S15_C01,866.0,2662.8561841710366
sandia_to_luh,naive_cross,sandia,luh,pytorch_simple_transformer,100,123,luh,luh_P049_1_S10_C10,1466.0,3189.0433884673
sandia_to_luh,naive_cross,sandia,luh,pytorch_simple_transformer,100,123,luh,luh_P049_3_S15_C02,1380.0,3259.8875345412735
sandia_to_luh,naive_cross,sandia,luh,pytorch_simple_transformer,100,123,luh,luh_P050_1_S10_C09,1615.0,3132.893135628428
sandia_to_luh,naive_cross,sandia,luh,pytorch_simple_transformer,100,123,luh,luh_P050_2_S11_C07,1575.0,3223.048849816881
sandia_to_luh,naive_cross,sandia,luh,pytorch_simple_transformer,100,123,luh,luh_P050_3_S12_C07,1555.0,3184.6486868527445
sandia_to_luh,naive_cross,sandia,luh,pytorch_simple_transformer,100,123,luh,luh_P051_1_S10_C08,1234.0,3143.109970496314
sandia_to_luh,naive_cross,sandia,luh,pytorch_simple_transformer,100,123,luh,luh_P051_2_S11_C05,1318.0,2921.740245957103
sandia_to_luh,naive_cross,sandia,luh,pytorch_simple_transformer,100,123,luh,luh_P051_3_S12_C05,1238.0,3080.27736422212
sandia_to_luh,naive_cross,sandia,luh,pytorch_simple_transformer,100,123,luh,luh_P053_1_S15_C08,323.0,227.1421902212911
sandia_to_luh,naive_cross,sandia,luh,pytorch_simple_transformer,100,123,luh,luh_P053_2_S16_C08,332.0,227.5118271998739
sandia_to_luh,naive_cross,sandia,luh,pytorch_simple_transformer,100,123,luh,luh_P053_3_S19_C07,377.0,232.37142890072698
sandia_to_luh,naive_cross,sandia,luh,pytorch_simple_transformer,100,123,luh,luh_P054_1_S16_C06,359.0,230.1427393484954
sandia_to_luh,naive_cross,sandia,luh,pytorch_simple_transformer,100,123,luh,luh_P054_2_S17_C06,376.0,231.7046863978812
sandia_to_luh,naive_cross,sandia,luh,pytorch_simple_transformer,100,123,luh,luh_P054_3_S19_C05,384.0,232.89778595129954
sandia_to_luh,naive_cross,sandia,luh,pytorch_simple_transformer,100,123,luh,luh_P055_1_S15_C05,354.0,227.49099882345305
sandia_to_luh,naive_cross,sandia,luh,pytorch_simple_transformer,100,123,luh,luh_P055_2_S16_C04,350.0,226.95012981562905
sandia_to_luh,naive_cross,sandia,luh,pytorch_simple_transformer,100,123,luh,luh_P055_3_S17_C04,351.0,227.45086618413646
sandia_to_luh,naive_cross,sandia,luh,pytorch_simple_transformer,100,123,luh,luh_P057_1_S17_C08,555.0,522.7726627805532
sandia_to_luh,naive_cross,sandia,luh,pytorch_simple_transformer,100,123,luh,luh_P057_2_S18_C08,556.0,611.8868002128731
sandia_to_luh,naive_cross,sandia,luh,pytorch_simple_transformer,100,123,luh,luh_P057_3_S19_C08,539.0,1546.1319602463525
sandia_to_luh,naive_cross,sandia,luh,pytorch_simple_transformer,100,123,luh,luh_P058_1_S15_C07,707.0,1951.785627500273
sandia_to_luh,naive_cross,sandia,luh,pytorch_simple_transformer,100,123,luh,luh_P058_2_S18_C06,672.0,1939.5641523504878
sandia_to_luh,naive_cross,sandia,luh,pytorch_simple_transformer,100,123,luh,luh_P058_3_S19_C06,712.0,2911.010110282959
sandia_to_luh,naive_cross,sandia,luh,pytorch_simple_transformer,100,123,luh,luh_P059_1_S15_C06,605.0,2967.7778475829723
sandia_to_luh,naive_cross,sandia,luh,pytorch_simple_transformer,100,123,luh,luh_P059_2_S18_C04,660.0,3058.122866309215
sandia_to_luh,naive_cross,sandia,luh,pytorch_simple_transformer,100,123,luh,luh_P059_3_S19_C04,664.0,2999.276595708026
sandia_to_luh,naive_cross,sandia,luh,pytorch_simple_transformer,100,123,luh,luh_P061_1_S16_C09,947.0,2362.157431973759
sandia_to_luh,naive_cross,sandia,luh,pytorch_simple_transformer,100,123,luh,luh_P061_2_S17_C09,942.0,2629.176315410971
sandia_to_luh,naive_cross,sandia,luh,pytorch_simple_transformer,100,123,luh,luh_P061_3_S18_C09,1033.0,3207.0132191597586
sandia_to_luh,naive_cross,sandia,luh,pytorch_simple_transformer,100,123,luh,luh_P062_1_S16_C07,1120.0,3272.0315867176637
sandia_to_luh,naive_cross,sandia,luh,pytorch_simple_transformer,100,123,luh,luh_P062_2_S17_C07,1148.0,3271.9629374831175
sandia_to_luh,naive_cross,sandia,luh,pytorch_simple_transformer,100,123,luh,luh_P062_3_S18_C07,1128.0,3271.0581503702224
sandia_to_luh,naive_cross,sandia,luh,pytorch_simple_transformer,100,123,luh,luh_P063_1_S16_C05,1149.0,2982.1664487319204
sandia_to_luh,naive_cross,sandia,luh,pytorch_simple_transformer,100,123,luh,luh_P063_2_S17_C05,1236.0,3161.571645731784
sandia_to_luh,naive_cross,sandia,luh,pytorch_simple_transformer,100,123,luh,luh_P063_3_S18_C05,1335.0,3132.334474377376
sandia_to_luh,naive_cross,sandia,luh,pytorch_simple_transformer,100,42,luh,luh_P017_1_S01_C08,139.0,188.3881401501477
sandia_to_luh,naive_cross,sandia,luh,pytorch_simple_transformer,100,42,luh,luh_P017_2_S04_C07,127.0,188.65584530456775
sandia_to_luh,naive_cross,sandia,luh,pytorch_simple_transformer,100,42,luh,luh_P017_3_S05_C05,126.0,188.66915957570762
sandia_to_luh,naive_cross,sandia,luh,pytorch_simple_transformer,100,42,luh,luh_P018_1_S01_C06,109.0,189.01674219472056
sandia_to_luh,naive_cross,sandia,luh,pytorch_simple_transformer,100,42,luh,luh_P018_2_S02_C06,107.0,189.06316495072525
sandia_to_luh,naive_cross,sandia,luh,pytorch_simple_transformer,100,42,luh,luh_P018_3_S04_C05,107.0,189.09354873126108
sandia_to_luh,naive_cross,sandia,luh,pytorch_simple_transformer,100,42,luh,luh_P019_1_S01_C04,63.0,189.70876381444714
sandia_to_luh,naive_cross,sandia,luh,pytorch_simple_transformer,100,42,luh,luh_P019_2_S02_C04,62.0,189.70125576743357
sandia_to_luh,naive_cross,sandia,luh,pytorch_simple_transformer,100,42,luh,luh_P019_3_S05_C02,60.0,189.68488382795942
sandia_to_luh,naive_cross,sandia,luh,pytorch_simple_transformer,100,42,luh,luh_P021_1_S02_C08,451.0,184.5929258591234
sandia_to_luh,naive_cross,sandia,luh,pytorch_simple_transformer,100,42,luh,luh_P021_2_S03_C08,428.0,184.9226817738625
sandia_to_luh,naive_cross,sandia,luh,pytorch_simple_transformer,100,42,luh,luh_P021_3_S04_C08,430.0,184.70131122956943
sandia_to_luh,naive_cross,sandia,luh,pytorch_simple_transformer,100,42,luh,luh_P022_1_S03_C06,341.0,184.90601688166618
sandia_to_luh,naive_cross,sandia,luh,pytorch_simple_transformer,100,42,luh,luh_P022_2_S04_C06,344.0,185.14846701791097
sandia_to_luh,naive_cross,sandia,luh,pytorch_simple_transformer,100,42,luh,luh_P022_3_S05_C04,314.0,185.51132307506575
sandia_to_luh,naive_cross,sandia,luh,pytorch_simple_transformer,100,42,luh,luh_P023_1_S03_C04,82.0,188.52868739969514
sandia_to_luh,naive_cross,sandia,luh,pytorch_simple_transformer,100,42,luh,luh_P023_2_S04_C04,72.0,188.90276186374348
sandia_to_luh,naive_cross,sandia,luh,pytorch_simple_transformer,100,42,luh,luh_P023_3_S05_C03,79.0,188.6741976530629
sandia_to_luh,naive_cross,sandia,luh,pytorch_simple_transformer,100,42,luh,luh_P025_1_S01_C09,718.0,223.68989096627874
sandia_to_luh,naive_cross,sandia,luh,pytorch_simple_transformer,100,42,luh,luh_P025_2_S02_C09,690.0,210.7391733272557
sandia_to_luh,naive_cross,sandia,luh,pytorch_simple_transformer,100,42,luh,luh_P025_3_S03_C09,702.0,221.41720621230334
sandia_to_luh,naive_cross,sandia,luh,pytorch_simple_transformer,100,42,luh,luh_P026_1_S01_C07,581.0,193.23064831588147
sandia_to_luh,naive_cross,sandia,luh,pytorch_simple_transformer,100,42,luh,luh_P026_2_S02_C07,613.0,195.99002676990708
sandia_to_luh,naive_cross,sandia,luh,pytorch_simple_transformer,100,42,luh,luh_P026_3_S03_C07,563.0,195.65732814103177
sandia_to_luh,naive_cross,sandia,luh,pytorch_simple_transformer,100,42,luh,luh_P027_1_S01_C05,269.0,185.4961088039382
sandia_to_luh,naive_cross,sandia,luh,pytorch_simple_transformer,100,42,luh,luh_P027_2_S02_C05,285.0,187.92554316770605
sandia_to_luh,naive_cross,sandia,luh,pytorch_simple_transformer,100,42,luh,luh_P027_3_S03_C05,298.0,186.36469478800245
sandia_to_luh,naive_cross,sandia,luh,pytorch_simple_transformer,100,42,luh,luh_P029_1_S06_C08,132.0,188.62858996406607
sandia_to_luh,naive_cross,sandia,luh,pytorch_simple_transformer,100,42,luh,luh_P029_2_S08_C07,135.0,188.4558844985603
sandia_to_luh,naive_cross,sandia,luh,pytorch_simple_transformer,100,42,luh,luh_P029_3_S09_C07,135.0,188.32194672898117
sandia_to_luh,naive_cross,sandia,luh,pytorch_simple_transformer,100,42,luh,luh_P030_1_S06_C06,118.0,188.72116620348652
sandia_to_luh,naive_cross,sandia,luh,pytorch_simple_transformer,100,42,luh,luh_P030_2_S08_C05,123.0,188.64298173238856
sandia_to_luh,naive_cross,sandia,luh,pytorch_simple_transformer,100,42,luh,luh_P030_3_S09_C05,123.0,188.61770691841411
sandia_to_luh,naive_cross,sandia,luh,pytorch_simple_transformer,100,42,luh,luh_P031_1_S06_C04,97.0,189.22334332562286
sandia_to_luh,naive_cross,sandia,luh,pytorch_simple_transformer,100,42,luh,luh_P031_2_S07_C04,94.0,189.2851600948742
sandia_to_luh,naive_cross,sandia,luh,pytorch_simple_transformer,100,42,luh,luh_P031_3_S09_C03,90.0,189.28886071715928
sandia_to_luh,naive_cross,sandia,luh,pytorch_simple_transformer,100,42,luh,luh_P033_1_S07_C08,524.0,184.50202279767305
sandia_to_luh,naive_cross,sandia,luh,pytorch_simple_transformer,100,42,luh,luh_P033_2_S08_C08,508.0,184.50703757877622
sandia_to_luh,naive_cross,sandia,luh,pytorch_simple_transformer,100,42,luh,luh_P033_3_S09_C08,523.0,184.5177714279884
sandia_to_luh,naive_cross,sandia,luh,pytorch_simple_transformer,100,42,luh,luh_P034_1_S07_C06,446.0,184.4440547860251
sandia_to_luh,naive_cross,sandia,luh,pytorch_simple_transformer,100,42,luh,luh_P034_2_S08_C06,448.0,184.46006234038333
sandia_to_luh,naive_cross,sandia,luh,pytorch_simple_transformer,100,42,luh,luh_P034_3_S09_C06,440.0,184.51935516352083
sandia_to_luh,naive_cross,sandia,luh,pytorch_simple_transformer,100,42,luh,luh_P035_1_S08_C04,279.0,184.82086421728454
sandia_to_luh,naive_cross,sandia,luh,pytorch_simple_transformer,100,42,luh,luh_P035_2_S09_C04,360.0,184.64460128060355
sandia_to_luh,naive_cross,sandia,luh,pytorch_simple_transformer,100,42,luh,luh_P035_3_S10_C02,342.0,184.895524942249
sandia_to_luh,naive_cross,sandia,luh,pytorch_simple_transformer,100,42,luh,luh_P037_1_S05_C11,741.0,200.5199635724729
sandia_to_luh,naive_cross,sandia,luh,pytorch_simple_transformer,100,42,luh,luh_P037_3_S10_C04,783.0,226.95499968934993
sandia_to_luh,naive_cross,sandia,luh,pytorch_simple_transformer,100,42,luh,luh_P038_1_S06_C07,734.0,219.23743385932588
sandia_to_luh,naive_cross,sandia,luh,pytorch_simple_transformer,100,42,luh,luh_P038_2_S07_C07,816.0,278.7905377580993
sandia_to_luh,naive_cross,sandia,luh,pytorch_simple_transformer,100,42,luh,luh_P038_3_S10_C03,697.0,206.86936700560156
sandia_to_luh,naive_cross,sandia,luh,pytorch_simple_transformer,100,42,luh,luh_P039_1_S05_C10,552.0,208.41304104614554
sandia_to_luh,naive_cross,sandia,luh,pytorch_simple_transformer,100,42,luh,luh_P039_2_S06_C05,588.0,198.99328188013027
sandia_to_luh,naive_cross,sandia,luh,pytorch_simple_transformer,100,42,luh,luh_P039_3_S07_C05,547.0,193.28409664739243
sandia_to_luh,naive_cross,sandia,luh,pytorch_simple_transformer,100,42,luh,luh_P041_1_S11_C08,236.0,187.37471358510535
sandia_to_luh,naive_cross,sandia,luh,pytorch_simple_transformer,100,42,luh,luh_P041_2_S13_C07,220.0,187.26163413216
sandia_to_luh,naive_cross,sandia,luh,pytorch_simple_transformer,100,42,luh,luh_P041_3_S14_C07,237.0,187.325043112125
sandia_to_luh,naive_cross,sandia,luh,pytorch_simple_transformer,100,42,luh,luh_P042_1_S11_C06,180.0,187.5339980060384
sandia_to_luh,naive_cross,sandia,luh,pytorch_simple_transformer,100,42,luh,luh_P042_2_S13_C05,204.0,187.04415273359103
sandia_to_luh,naive_cross,sandia,luh,pytorch_simple_transformer,100,42,luh,luh_P042_3_S14_C05,197.0,187.65708467578125
sandia_to_luh,naive_cross,sandia,luh,pytorch_simple_transformer,100,42,luh,luh_P043_1_S11_C04,160.0,188.25236543763754
sandia_to_luh,naive_cross,sandia,luh,pytorch_simple_transformer,100,42,luh,luh_P043_2_S12_C04,156.0,188.24024745507762
sandia_to_luh,naive_cross,sandia,luh,pytorch_simple_transformer,100,42,luh,luh_P043_3_S14_C03,153.0,188.48212625379833
sandia_to_luh,naive_cross,sandia,luh,pytorch_simple_transformer,100,42,luh,luh_P045_1_S12_C08,975.0,187.5306893776145
sandia_to_luh,naive_cross,sandia,luh,pytorch_simple_transformer,100,42,luh,luh_P045_2_S13_C08,980.0,188.25703331310245
sandia_to_luh,naive_cross,sandia,luh,pytorch_simple_transformer,100,42,luh,luh_P045_3_S14_C08,845.0,184.53554523978394
sandia_to_luh,naive_cross,sandia,luh,pytorch_simple_transformer,100,42,luh,luh_P046_1_S12_C06,1095.0,188.5102593162717
sandia_to_luh,naive_cross,sandia,luh,pytorch_simple_transformer,100,42,luh,luh_P046_2_S13_C06,937.0,186.3084513445823
sandia_to_luh,naive_cross,sandia,luh,pytorch_simple_transformer,100,42,luh,luh_P046_3_S14_C06,1044.0,189.88171201970945
sandia_to_luh,naive_cross,sandia,luh,pytorch_simple_transformer,100,42,luh,luh_P047_1_S13_C04,1015.0,188.35382803747066
sandia_to_luh,naive_cross,sandia,luh,pytorch_simple_transformer,100,42,luh,luh_P047_2_S14_C04,923.0,185.64644868647588
sandia_to_luh,naive_cross,sandia,luh,pytorch_simple_transformer,100,42,luh,luh_P047_3_S15_C01,866.0,188.0017270054233
sandia_to_luh,naive_cross,sandia,luh,pytorch_simple_transformer,100,42,luh,luh_P049_1_S10_C10,1466.0,233.29536621754363
sandia_to_luh,naive_cross,sandia,luh,pytorch_simple_transformer,100,42,luh,luh_P049_3_S15_C02,1380.0,200.34515929904416
sandia_to_luh,naive_cross,sandia,luh,pytorch_simple_transformer,100,42,luh,luh_P050_1_S10_C09,1615.0,256.63347681498357
sandia_to_luh,naive_cross,sandia,luh,pytorch_simple_transformer,100,42,luh,luh_P050_2_S11_C07,1575.0,221.26174154802447
sandia_to_luh,naive_cross,sandia,luh,pytorch_simple_transformer,100,42,luh,luh_P050_3_S12_C07,1555.0,234.20689495914647
sandia_to_luh,naive_cross,sandia,luh,pytorch_simple_transformer,100,42,luh,luh_P051_1_S10_C08,1234.0,245.18422545749206
sandia_to_luh,naive_cross,sandia,luh,pytorch_simple_transformer,100,42,luh,luh_P051_2_S11_C05,1318.0,533.0595359656248
sandia_to_luh,naive_cross,sandia,luh,pytorch_simple_transformer,100,42,luh,luh_P051_3_S12_C05,1238.0,283.41211761949654
sandia_to_luh,naive_cross,sandia,luh,pytorch_simple_transformer,100,42,luh,luh_P053_1_S15_C08,323.0,187.86049765290525
sandia_to_luh,naive_cross,sandia,luh,pytorch_simple_transformer,100,42,luh,luh_P053_2_S16_C08,332.0,187.76735872863298
sandia_to_luh,naive_cross,sandia,luh,pytorch_simple_transformer,100,42,luh,luh_P053_3_S19_C07,377.0,187.10757729163447
sandia_to_luh,naive_cross,sandia,luh,pytorch_simple_transformer,100,42,luh,luh_P054_1_S16_C06,359.0,187.4554115025011
sandia_to_luh,naive_cross,sandia,luh,pytorch_simple_transformer,100,42,luh,luh_P054_2_S17_C06,376.0,187.26734899091082
sandia_to_luh,naive_cross,sandia,luh,pytorch_simple_transformer,100,42,luh,luh_P054_3_S19_C05,384.0,187.18717832126256
sandia_to_luh,naive_cross,sandia,luh,pytorch_simple_transformer,100,42,luh,luh_P055_1_S15_C05,354.0,187.84518029133753
sandia_to_luh,naive_cross,sandia,luh,pytorch_simple_transformer,100,42,luh,luh_P055_2_S16_C04,350.0,187.94301790710423
sandia_to_luh,naive_cross,sandia,luh,pytorch_simple_transformer,100,42,luh,luh_P055_3_S17_C04,351.0,187.85153997989056
sandia_to_luh,naive_cross,sandia,luh,pytorch_simple_transformer,100,42,luh,luh_P057_1_S17_C08,555.0,184.5401209535713
sandia_to_luh,naive_cross,sandia,luh,pytorch_simple_transformer,100,42,luh,luh_P057_2_S18_C08,556.0,184.52973776644
sandia_to_luh,naive_cross,sandia,luh,pytorch_simple_transformer,100,42,luh,luh_P057_3_S19_C08,539.0,185.43190417434224
sandia_to_luh,naive_cross,sandia,luh,pytorch_simple_transformer,100,42,luh,luh_P058_1_S15_C07,707.0,185.98260940869733
sandia_to_luh,naive_cross,sandia,luh,pytorch_simple_transformer,100,42,luh,luh_P058_2_S18_C06,672.0,185.97533751051267
sandia_to_luh,naive_cross,sandia,luh,pytorch_simple_transformer,100,42,luh,luh_P058_3_S19_C06,712.0,189.39205597364594
sandia_to_luh,naive_cross,sandia,luh,pytorch_simple_transformer,100,42,luh,luh_P059_1_S15_C06,605.0,190.0927936454401
sandia_to_luh,naive_cross,sandia,luh,pytorch_simple_transformer,100,42,luh,luh_P059_2_S18_C04,660.0,191.10287750526953
sandia_to_luh,naive_cross,sandia,luh,pytorch_simple_transformer,100,42,luh,luh_P059_3_S19_C04,664.0,190.3048358735906
sandia_to_luh,naive_cross,sandia,luh,pytorch_simple_transformer,100,42,luh,luh_P061_1_S16_C09,947.0,187.2653844885437
sandia_to_luh,naive_cross,sandia,luh,pytorch_simple_transformer,100,42,luh,luh_P061_2_S17_C09,942.0,188.30946509526447
sandia_to_luh,naive_cross,sandia,luh,pytorch_simple_transformer,100,42,luh,luh_P061_3_S18_C09,1033.0,195.87006685653438
sandia_to_luh,naive_cross,sandia,luh,pytorch_simple_transformer,100,42,luh,luh_P062_1_S16_C07,1120.0,202.8719239512341
sandia_to_luh,naive_cross,sandia,luh,pytorch_simple_transformer,100,42,luh,luh_P062_2_S17_C07,1148.0,199.72201973476945
sandia_to_luh,naive_cross,sandia,luh,pytorch_simple_transformer,100,42,luh,luh_P062_3_S18_C07,1128.0,203.32525499381362
sandia_to_luh,naive_cross,sandia,luh,pytorch_simple_transformer,100,42,luh,luh_P063_1_S16_C05,1149.0,389.4102693435872
sandia_to_luh,naive_cross,sandia,luh,pytorch_simple_transformer,100,42,luh,luh_P063_2_S17_C05,1236.0,235.35215757774355
sandia_to_luh,naive_cross,sandia,luh,pytorch_simple_transformer,100,42,luh,luh_P063_3_S18_C05,1335.0,248.97146111733687
sandia_to_luh,naive_cross,sandia,luh,pytorch_simple_transformer,100,456,luh,luh_P017_1_S01_C08,139.0,233.24964945480357
sandia_to_luh,naive_cross,sandia,luh,pytorch_simple_transformer,100,456,luh,luh_P017_2_S04_C07,127.0,233.04642404043693
sandia_to_luh,naive_cross,sandia,luh,pytorch_simple_transformer,100,456,luh,luh_P017_3_S05_C05,126.0,233.02420006126192
sandia_to_luh,naive_cross,sandia,luh,pytorch_simple_transformer,100,456,luh,luh_P018_1_S01_C06,109.0,232.87002402647087
sandia_to_luh,naive_cross,sandia,luh,pytorch_simple_transformer,100,456,luh,luh_P018_2_S02_C06,107.0,232.82316940483045
sandia_to_luh,naive_cross,sandia,luh,pytorch_simple_transformer,100,456,luh,luh_P018_3_S04_C05,107.0,232.80651718959774
sandia_to_luh,naive_cross,sandia,luh,pytorch_simple_transformer,100,456,luh,luh_P019_1_S01_C04,63.0,231.2381349406424
sandia_to_luh,naive_cross,sandia,luh,pytorch_simple_transformer,100,456,luh,luh_P019_2_S02_C04,62.0,231.1480676677997
sandia_to_luh,naive_cross,sandia,luh,pytorch_simple_transformer,100,456,luh,luh_P019_3_S05_C02,60.0,231.03721295069138
sandia_to_luh,naive_cross,sandia,luh,pytorch_simple_transformer,100,456,luh,luh_P021_1_S02_C08,451.0,236.0450405049939
sandia_to_luh,naive_cross,sandia,luh,pytorch_simple_transformer,100,456,luh,luh_P021_2_S03_C08,428.0,235.51336736783094
sandia_to_luh,naive_cross,sandia,luh,pytorch_simple_transformer,100,456,luh,luh_P021_3_S04_C08,430.0,235.75010558565876
sandia_to_luh,naive_cross,sandia,luh,pytorch_simple_transformer,100,456,luh,luh_P022_1_S03_C06,341.0,235.05214800599396
sandia_to_luh,naive_cross,sandia,luh,pytorch_simple_transformer,100,456,luh,luh_P022_2_S04_C06,344.0,235.10236592568702
sandia_to_luh,naive_cross,sandia,luh,pytorch_simple_transformer,100,456,luh,luh_P022_3_S05_C04,314.0,234.84264883476777
sandia_to_luh,naive_cross,sandia,luh,pytorch_simple_transformer,100,456,luh,luh_P023_1_S03_C04,82.0,231.08734443204904
sandia_to_luh,naive_cross,sandia,luh,pytorch_simple_transformer,100,456,luh,luh_P023_2_S04_C04,72.0,230.6990272883324
sandia_to_luh,naive_cross,sandia,luh,pytorch_simple_transformer,100,456,luh,luh_P023_3_S05_C03,79.0,231.02465423943758
sandia_to_luh,naive_cross,sandia,luh,pytorch_simple_transformer,100,456,luh,luh_P025_1_S01_C09,718.0,379.5966818068353
sandia_to_luh,naive_cross,sandia,luh,pytorch_simple_transformer,100,456,luh,luh_P025_2_S02_C09,690.0,312.54355141843934
sandia_to_luh,naive_cross,sandia,luh,pytorch_simple_transformer,100,456,luh,luh_P025_3_S03_C09,702.0,368.57707515758256
sandia_to_luh,naive_cross,sandia,luh,pytorch_simple_transformer,100,456,luh,luh_P026_1_S01_C07,581.0,254.79933713256332
sandia_to_luh,naive_cross,sandia,luh,pytorch_simple_transformer,100,456,luh,luh_P026_2_S02_C07,613.0,261.54180158839614
sandia_to_luh,naive_cross,sandia,luh,pytorch_simple_transformer,100,456,luh,luh_P026_3_S03_C07,563.0,260.39869471459235
sandia_to_luh,naive_cross,sandia,luh,pytorch_simple_transformer,100,456,luh,luh_P027_1_S01_C05,269.0,239.39355778005626
sandia_to_luh,naive_cross,sandia,luh,pytorch_simple_transformer,100,456,luh,luh_P027_2_S02_C05,285.0,243.90259662057304
sandia_to_luh,naive_cross,sandia,luh,pytorch_simple_transformer,100,456,luh,luh_P027_3_S03_C05,298.0,240.85790488550674
sandia_to_luh,naive_cross,sandia,luh,pytorch_simple_transformer,100,456,luh,luh_P029_1_S06_C08,132.0,233.22495945544222
sandia_to_luh,naive_cross,sandia,luh,pytorch_simple_transformer,100,456,luh,luh_P029_2_S08_C07,135.0,233.24486695353403
sandia_to_luh,naive_cross,sandia,luh,pytorch_simple_transformer,100,456,luh,luh_P029_3_S09_C07,135.0,233.21317145870512
sandia_to_luh,naive_cross,sandia,luh,pytorch_simple_transformer,100,456,luh,luh_P030_1_S06_C06,118.0,233.05120247279172
sandia_to_luh,naive_cross,sandia,luh,pytorch_simple_transformer,100,456,luh,luh_P030_2_S08_C05,123.0,233.0854322480383
sandia_to_luh,naive_cross,sandia,luh,pytorch_simple_transformer,100,456,luh,luh_P030_3_S09_C05,123.0,233.06576062645584
sandia_to_luh,naive_cross,sandia,luh,pytorch_simple_transformer,100,456,luh,luh_P031_1_S06_C04,97.0,232.45299446490299
sandia_to_luh,naive_cross,sandia,luh,pytorch_simple_transformer,100,456,luh,luh_P031_2_S07_C04,94.0,232.40522637454126
sandia_to_luh,naive_cross,sandia,luh,pytorch_simple_transformer,100,456,luh,luh_P031_3_S09_C03,90.0,232.3117135790865
sandia_to_luh,naive_cross,sandia,luh,pytorch_simple_transformer,100,456,luh,luh_P033_1_S07_C08,524.0,236.64696316653962
sandia_to_luh,naive_cross,sandia,luh,pytorch_simple_transformer,100,456,luh,luh_P033_2_S08_C08,508.0,236.3547699124227
sandia_to_luh,naive_cross,sandia,luh,pytorch_simple_transformer,100,456,luh,luh_P033_3_S09_C08,523.0,236.34507767578776
sandia_to_luh,naive_cross,sandia,luh,pytorch_simple_transformer,100,456,luh,luh_P034_1_S07_C06,446.0,236.29189015102264
sandia_to_luh,naive_cross,sandia,luh,pytorch_simple_transformer,100,456,luh,luh_P034_2_S08_C06,448.0,236.09851020714936
sandia_to_luh,naive_cross,sandia,luh,pytorch_simple_transformer,100,456,luh,luh_P034_3_S09_C06,440.0,235.9460128425137
sandia_to_luh,naive_cross,sandia,luh,pytorch_simple_transformer,100,456,luh,luh_P035_1_S08_C04,279.0,235.67839610018612
sandia_to_luh,naive_cross,sandia,luh,pytorch_simple_transformer,100,456,luh,luh_P035_2_S09_C04,360.0,236.3504872472245
sandia_to_luh,naive_cross,sandia,luh,pytorch_simple_transformer,100,456,luh,luh_P035_3_S10_C02,342.0,235.7386395946388
sandia_to_luh,naive_cross,sandia,luh,pytorch_simple_transformer,100,456,luh,luh_P037_1_S05_C11,741.0,274.4447343022432
sandia_to_luh,naive_cross,sandia,luh,pytorch_simple_transformer,100,456,luh,luh_P037_3_S10_C04,783.0,397.38088521049815
sandia_to_luh,naive_cross,sandia,luh,pytorch_simple_transformer,100,456,luh,luh_P038_1_S06_C07,734.0,353.0412048819419
sandia_to_luh,naive_cross,sandia,luh,pytorch_simple_transformer,100,456,luh,luh_P038_2_S07_C07,816.0,852.2484349533861
sandia_to_luh,naive_cross,sandia,luh,pytorch_simple_transformer,100,456,luh,luh_P038_3_S10_C03,697.0,295.97110781304735
sandia_to_luh,naive_cross,sandia,luh,pytorch_simple_transformer,100,456,luh,luh_P039_1_S05_C10,552.0,306.4685987982427
sandia_to_luh,naive_cross,sandia,luh,pytorch_simple_transformer,100,456,luh,luh_P039_2_S06_C05,588.0,272.29483547573943
sandia_to_luh,naive_cross,sandia,luh,pytorch_simple_transformer,100,456,luh,luh_P039_3_S07_C05,547.0,256.47908933164047
sandia_to_luh,naive_cross,sandia,luh,pytorch_simple_transformer,100,456,luh,luh_P041_1_S11_C08,236.0,234.4773130446047
sandia_to_luh,naive_cross,sandia,luh,pytorch_simple_transformer,100,456,luh,luh_P041_2_S13_C07,220.0,234.3151364791666
sandia_to_luh,naive_cross,sandia,luh,pytorch_simple_transformer,100,456,luh,luh_P041_3_S14_C07,237.0,234.65504247891923
sandia_to_luh,naive_cross,sandia,luh,pytorch_simple_transformer,100,456,luh,luh_P042_1_S11_C06,180.0,234.14335848382797
sandia_to_luh,naive_cross,sandia,luh,pytorch_simple_transformer,100,456,luh,luh_P042_2_S13_C05,204.0,234.43840726421942
sandia_to_luh,naive_cross,sandia,luh,pytorch_simple_transformer,100,456,luh,luh_P042_3_S14_C05,197.0,234.3172593618954
sandia_to_luh,naive_cross,sandia,luh,pytorch_simple_transformer,100,456,luh,luh_P043_1_S11_C04,160.0,233.34954828740376
sandia_to_luh,naive_cross,sandia,luh,pytorch_simple_transformer,100,456,luh,luh_P043_2_S12_C04,156.0,233.31316592045164
sandia_to_luh,naive_cross,sandia,luh,pytorch_simple_transformer,100,456,luh,luh_P043_3_S14_C03,153.0,233.233411593436
sandia_to_luh,naive_cross,sandia,luh,pytorch_simple_transformer,100,456,luh,luh_P045_1_S12_C08,975.0,243.2087981966079
sandia_to_luh,naive_cross,sandia,luh,pytorch_simple_transformer,100,456,luh,luh_P045_2_S13_C08,980.0,244.4844497518844
sandia_to_luh,naive_cross,sandia,luh,pytorch_simple_transformer,100,456,luh,luh_P045_3_S14_C08,845.0,237.2234973822356
sandia_to_luh,naive_cross,sandia,luh,pytorch_simple_transformer,100,456,luh,luh_P046_1_S12_C06,1095.0,245.30221900610394
sandia_to_luh,naive_cross,sandia,luh,pytorch_simple_transformer,100,456,luh,luh_P046_2_S13_C06,937.0,241.45160594930664
sandia_to_luh,naive_cross,sandia,luh,pytorch_simple_transformer,100,456,luh,luh_P046_3_S14_C06,1044.0,247.69223908462882
sandia_to_luh,naive_cross,sandia,luh,pytorch_simple_transformer,100,456,luh,luh_P047_1_S13_C04,1015.0,245.9411166360837
sandia_to_luh,naive_cross,sandia,luh,pytorch_simple_transformer,100,456,luh,luh_P047_2_S14_C04,923.0,240.20311789748274
sandia_to_luh,naive_cross,sandia,luh,pytorch_simple_transformer,100,456,luh,luh_P047_3_S15_C01,866.0,244.810272571941
sandia_to_luh,naive_cross,sandia,luh,pytorch_simple_transformer,100,456,luh,luh_P049_1_S10_C10,1466.0,445.8294524550865
sandia_to_luh,naive_cross,sandia,luh,pytorch_simple_transformer,100,456,luh,luh_P049_3_S15_C02,1380.0,274.16390996133777
sandia_to_luh,naive_cross,sandia,luh,pytorch_simple_transformer,100,456,luh,luh_P050_1_S10_C09,1615.0,652.0813318607055
sandia_to_luh,naive_cross,sandia,luh,pytorch_simple_transformer,100,456,luh,luh_P050_2_S11_C07,1575.0,365.45671391933996
sandia_to_luh,naive_cross,sandia,luh,pytorch_simple_transformer,100,456,luh,luh_P050_3_S12_C07,1555.0,456.29884854856317
sandia_to_luh,naive_cross,sandia,luh,pytorch_simple_transformer,100,456,luh,luh_P051_1_S10_C08,1234.0,590.2212435028949
sandia_to_luh,naive_cross,sandia,luh,pytorch_simple_transformer,100,456,luh,luh_P051_2_S11_C05,1318.0,2154.881162855446
sandia_to_luh,naive_cross,sandia,luh,pytorch_simple_transformer,100,456,luh,luh_P051_3_S12_C05,1238.0,973.3818053140932
sandia_to_luh,naive_cross,sandia,luh,pytorch_simple_transformer,100,456,luh,luh_P053_1_S15_C08,323.0,234.34508207643424
sandia_to_luh,naive_cross,sandia,luh,pytorch_simple_transformer,100,456,luh,luh_P053_2_S16_C08,332.0,234.2377202673778
sandia_to_luh,naive_cross,sandia,luh,pytorch_simple_transformer,100,456,luh,luh_P053_3_S19_C07,377.0,234.37804900573673
sandia_to_luh,naive_cross,sandia,luh,pytorch_simple_transformer,100,456,luh,luh_P054_1_S16_C06,359.0,234.50168834553924
sandia_to_luh,naive_cross,sandia,luh,pytorch_simple_transformer,100,456,luh,luh_P054_2_S17_C06,376.0,234.4814499584361
sandia_to_luh,naive_cross,sandia,luh,pytorch_simple_transformer,100,456,luh,luh_P054_3_S19_C05,384.0,234.71009992086945
sandia_to_luh,naive_cross,sandia,luh,pytorch_simple_transformer,100,456,luh,luh_P055_1_S15_C05,354.0,234.03508471973953
sandia_to_luh,naive_cross,sandia,luh,pytorch_simple_transformer,100,456,luh,luh_P055_2_S16_C04,350.0,234.00729880976212
sandia_to_luh,naive_cross,sandia,luh,pytorch_simple_transformer,100,456,luh,luh_P055_3_S17_C04,351.0,234.03999502273805
sandia_to_luh,naive_cross,sandia,luh,pytorch_simple_transformer,100,456,luh,luh_P057_1_S17_C08,555.0,236.7757509948738
sandia_to_luh,naive_cross,sandia,luh,pytorch_simple_transformer,100,456,luh,luh_P057_2_S18_C08,556.0,237.0840651408567
sandia_to_luh,naive_cross,sandia,luh,pytorch_simple_transformer,100,456,luh,luh_P057_3_S19_C08,539.0,239.28445358280723
sandia_to_luh,naive_cross,sandia,luh,pytorch_simple_transformer,100,456,luh,luh_P058_1_S15_C07,707.0,240.58322558228895
sandia_to_luh,naive_cross,sandia,luh,pytorch_simple_transformer,100,456,luh,luh_P058_2_S18_C06,672.0,240.39791105135848
sandia_to_luh,naive_cross,sandia,luh,pytorch_simple_transformer,100,456,luh,luh_P058_3_S19_C06,712.0,247.86686551282253
sandia_to_luh,naive_cross,sandia,luh,pytorch_simple_transformer,100,456,luh,luh_P059_1_S15_C06,605.0,249.48081039008432
sandia_to_luh,naive_cross,sandia,luh,pytorch_simple_transformer,100,456,luh,luh_P059_2_S18_C04,660.0,251.90349521136648
sandia_to_luh,naive_cross,sandia,luh,pytorch_simple_transformer,100,456,luh,luh_P059_3_S19_C04,664.0,250.58674335679189
sandia_to_luh,naive_cross,sandia,luh,pytorch_simple_transformer,100,456,luh,luh_P061_1_S16_C09,947.0,243.3576345026273
sandia_to_luh,naive_cross,sandia,luh,pytorch_simple_transformer,100,456,luh,luh_P061_2_S17_C09,942.0,245.32175364245577
sandia_to_luh,naive_cross,sandia,luh,pytorch_simple_transformer,100,456,luh,luh_P061_3_S18_C09,1033.0,262.26201039541263
sandia_to_luh,naive_cross,sandia,luh,pytorch_simple_transformer,100,456,luh,luh_P062_1_S16_C07,1120.0,283.00455411902396
sandia_to_luh,naive_cross,sandia,luh,pytorch_simple_transformer,100,456,luh,luh_P062_2_S17_C07,1148.0,272.5381349804564
sandia_to_luh,naive_cross,sandia,luh,pytorch_simple_transformer,100,456,luh,luh_P062_3_S18_C07,1128.0,284.6548922410822
sandia_to_luh,naive_cross,sandia,luh,pytorch_simple_transformer,100,456,luh,luh_P063_1_S16_C05,1149.0,1744.7381399053124
sandia_to_luh,naive_cross,sandia,luh,pytorch_simple_transformer,100,456,luh,luh_P063_2_S17_C05,1236.0,506.40386310190377
sandia_to_luh,naive_cross,sandia,luh,pytorch_simple_transformer,100,456,luh,luh_P063_3_S18_C05,1335.0,634.8987019829125
sandia_to_luh,naive_cross,sandia,luh,pytorch_simple_transformer,100,789,luh,luh_P017_1_S01_C08,139.0,198.56163353671647
sandia_to_luh,naive_cross,sandia,luh,pytorch_simple_transformer,100,789,luh,luh_P017_2_S04_C07,127.0,198.4852402130179
sandia_to_luh,naive_cross,sandia,luh,pytorch_simple_transformer,100,789,luh,luh_P017_3_S05_C05,126.0,198.4906350591924
sandia_to_luh,naive_cross,sandia,luh,pytorch_simple_transformer,100,789,luh,luh_P018_1_S01_C06,109.0,198.36971213419292
sandia_to_luh,naive_cross,sandia,luh,pytorch_simple_transformer,100,789,luh,luh_P018_2_S02_C06,107.0,198.36072628299013
sandia_to_luh,naive_cross,sandia,luh,pytorch_simple_transformer,100,789,luh,luh_P018_3_S04_C05,107.0,198.35410538993744
sandia_to_luh,naive_cross,sandia,luh,pytorch_simple_transformer,100,789,luh,luh_P019_1_S01_C04,63.0,198.0396785285316
sandia_to_luh,naive_cross,sandia,luh,pytorch_simple_transformer,100,789,luh,luh_P019_2_S02_C04,62.0,198.02494757873774
sandia_to_luh,naive_cross,sandia,luh,pytorch_simple_transformer,100,789,luh,luh_P019_3_S05_C02,60.0,198.00719635159516
sandia_to_luh,naive_cross,sandia,luh,pytorch_simple_transformer,100,789,luh,luh_P021_1_S02_C08,451.0,199.28061837578664
sandia_to_luh,naive_cross,sandia,luh,pytorch_simple_transformer,100,789,luh,luh_P021_2_S03_C08,428.0,199.28945584128655
sandia_to_luh,naive_cross,sandia,luh,pytorch_simple_transformer,100,789,luh,luh_P021_3_S04_C08,430.0,199.29335205270164
sandia_to_luh,naive_cross,sandia,luh,pytorch_simple_transformer,100,789,luh,luh_P022_1_S03_C06,341.0,198.95675358765914
sandia_to_luh,naive_cross,sandia,luh,pytorch_simple_transformer,100,789,luh,luh_P022_2_S04_C06,344.0,199.0837301132343
sandia_to_luh,naive_cross,sandia,luh,pytorch_simple_transformer,100,789,luh,luh_P022_3_S05_C04,314.0,199.0816416527463
sandia_to_luh,naive_cross,sandia,luh,pytorch_simple_transformer,100,789,luh,luh_P023_1_S03_C04,82.0,198.1173174041323
sandia_to_luh,naive_cross,sandia,luh,pytorch_simple_transformer,100,789,luh,luh_P023_2_S04_C04,72.0,198.0284413587285
sandia_to_luh,naive_cross,sandia,luh,pytorch_simple_transformer,100,789,luh,luh_P023_3_S05_C03,79.0,198.09360692871402
sandia_to_luh,naive_cross,sandia,luh,pytorch_simple_transformer,100,789,luh,luh_P025_1_S01_C09,718.0,358.8575490383413
sandia_to_luh,naive_cross,sandia,luh,pytorch_simple_transformer,100,789,luh,luh_P025_2_S02_C09,690.0,283.7233839925642
sandia_to_luh,naive_cross,sandia,luh,pytorch_simple_transformer,100,789,luh,luh_P025_3_S03_C09,702.0,341.00536572814167
sandia_to_luh,naive_cross,sandia,luh,pytorch_simple_transformer,100,789,luh,luh_P026_1_S01_C07,581.0,215.93997527879372
sandia_to_luh,naive_cross,sandia,luh,pytorch_simple_transformer,100,789,luh,luh_P026_2_S02_C07,613.0,224.59290998020205
sandia_to_luh,naive_cross,sandia,luh,pytorch_simple_transformer,100,789,luh,luh_P026_3_S03_C07,563.0,221.64717310720698
sandia_to_luh,naive_cross,sandia,luh,pytorch_simple_transformer,100,789,luh,luh_P027_1_S01_C05,269.0,201.00675765728818
sandia_to_luh,naive_cross,sandia,luh,pytorch_simple_transformer,100,789,luh,luh_P027_2_S02_C05,285.0,204.9694037036603
sandia_to_luh,naive_cross,sandia,luh,pytorch_simple_transformer,100,789,luh,luh_P027_3_S03_C05,298.0,202.11993435589022
sandia_to_luh,naive_cross,sandia,luh,pytorch_simple_transformer,100,789,luh,luh_P029_1_S06_C08,132.0,198.49584075152382
sandia_to_luh,naive_cross,sandia,luh,pytorch_simple_transformer,100,789,luh,luh_P029_2_S08_C07,135.0,198.5390059320578
sandia_to_luh,naive_cross,sandia,luh,pytorch_simple_transformer,100,789,luh,luh_P029_3_S09_C07,135.0,198.5623909906817
sandia_to_luh,naive_cross,sandia,luh,pytorch_simple_transformer,100,789,luh,luh_P030_1_S06_C06,118.0,198.44795353139557
sandia_to_luh,naive_cross,sandia,luh,pytorch_simple_transformer,100,789,luh,luh_P030_2_S08_C05,123.0,198.4620535086562
sandia_to_luh,naive_cross,sandia,luh,pytorch_simple_transformer,100,789,luh,luh_P030_3_S09_C05,123.0,198.46905655424888
sandia_to_luh,naive_cross,sandia,luh,pytorch_simple_transformer,100,789,luh,luh_P031_1_S06_C04,97.0,198.3744416930638
sandia_to_luh,naive_cross,sandia,luh,pytorch_simple_transformer,100,789,luh,luh_P031_2_S07_C04,94.0,198.35684830453232
sandia_to_luh,naive_cross,sandia,luh,pytorch_simple_transformer,100,789,luh,luh_P031_3_S09_C03,90.0,198.33140686287865
sandia_to_luh,naive_cross,sandia,luh,pytorch_simple_transformer,100,789,luh,luh_P033_1_S07_C08,524.0,199.41350678023412
sandia_to_luh,naive_cross,sandia,luh,pytorch_simple_transformer,100,789,luh,luh_P033_2_S08_C08,508.0,199.3175862973234
sandia_to_luh,naive_cross,sandia,luh,pytorch_simple_transformer,100,789,luh,luh_P033_3_S09_C08,523.0,199.3344094468149
sandia_to_luh,naive_cross,sandia,luh,pytorch_simple_transformer,100,789,luh,luh_P034_1_S07_C06,446.0,199.25420334238052
sandia_to_luh,naive_cross,sandia,luh,pytorch_simple_transformer,100,789,luh,luh_P034_2_S08_C06,448.0,199.17564406781716
sandia_to_luh,naive_cross,sandia,luh,pytorch_simple_transformer,100,789,luh,luh_P034_3_S09_C06,440.0,199.18827605666652
sandia_to_luh,naive_cross,sandia,luh,pytorch_simple_transformer,100,789,luh,luh_P035_1_S08_C04,279.0,199.13661343548583
sandia_to_luh,naive_cross,sandia,luh,pytorch_simple_transformer,100,789,luh,luh_P035_2_S09_C04,360.0,199.3297520486119
sandia_to_luh,naive_cross,sandia,luh,pytorch_simple_transformer,100,789,luh,luh_P035_3_S10_C02,342.0,199.19520974446323
sandia_to_luh,naive_cross,sandia,luh,pytorch_simple_transformer,100,789,luh,luh_P037_1_S05_C11,741.0,241.29921783688962
sandia_to_luh,naive_cross,sandia,luh,pytorch_simple_transformer,100,789,luh,luh_P037_3_S10_C04,783.0,397.83306632803436
sandia_to_luh,naive_cross,sandia,luh,pytorch_simple_transformer,100,789,luh,luh_P038_1_S06_C07,734.0,333.42587795048087
sandia_to_luh,naive_cross,sandia,luh,pytorch_simple_transformer,100,789,luh,luh_P038_2_S07_C07,816.0,828.9817616320743
sandia_to_luh,naive_cross,sandia,luh,pytorch_simple_transformer,100,789,luh,luh_P038_3_S10_C03,697.0,270.3485074452964
sandia_to_luh,naive_cross,sandia,luh,pytorch_simple_transformer,100,789,luh,luh_P039_1_S05_C10,552.0,286.36987938084457
sandia_to_luh,naive_cross,sandia,luh,pytorch_simple_transformer,100,789,luh,luh_P039_2_S06_C05,588.0,244.2735323046494
sandia_to_luh,naive_cross,sandia,luh,pytorch_simple_transformer,100,789,luh,luh_P039_3_S07_C05,547.0,221.36410586504496
sandia_to_luh,naive_cross,sandia,luh,pytorch_simple_transformer,100,789,luh,luh_P041_1_S11_C08,236.0,199.00419422929264
sandia_to_luh,naive_cross,sandia,luh,pytorch_simple_transformer,100,789,luh,luh_P041_2_S13_C07,220.0,199.00874912595253
sandia_to_luh,naive_cross,sandia,luh,pytorch_simple_transformer,100,789,luh,luh_P041_3_S14_C07,237.0,199.01596125887994
sandia_to_luh,naive_cross,sandia,luh,pytorch_simple_transformer,100,789,luh,luh_P042_1_S11_C06,180.0,198.8305217156593
sandia_to_luh,naive_cross,sandia,luh,pytorch_simple_transformer,100,789,luh,luh_P042_2_S13_C05,204.0,198.99907009516397
sandia_to_luh,naive_cross,sandia,luh,pytorch_simple_transformer,100,789,luh,luh_P042_3_S14_C05,197.0,198.84417479285034
sandia_to_luh,naive_cross,sandia,luh,pytorch_simple_transformer,100,789,luh,luh_P043_1_S11_C04,160.0,198.77648748403263
sandia_to_luh,naive_cross,sandia,luh,pytorch_simple_transformer,100,789,luh,luh_P043_2_S12_C04,156.0,198.7747813790771
sandia_to_luh,naive_cross,sandia,luh,pytorch_simple_transformer,100,789,luh,luh_P043_3_S14_C03,153.0,198.72948017148732
sandia_to_luh,naive_cross,sandia,luh,pytorch_simple_transformer,100,789,luh,luh_P045_1_S12_C08,975.0,203.5072202668826
sandia_to_luh,naive_cross,sandia,luh,pytorch_simple_transformer,100,789,luh,luh_P045_2_S13_C08,980.0,204.5791208445511
sandia_to_luh,naive_cross,sandia,luh,pytorch_simple_transformer,100,789,luh,luh_P045_3_S14_C08,845.0,199.67783563840038
sandia_to_luh,naive_cross,sandia,luh,pytorch_simple_transformer,100,789,luh,luh_P046_1_S12_C06,1095.0,206.20853023128626
sandia_to_luh,naive_cross,sandia,luh,pytorch_simple_transformer,100,789,luh,luh_P046_2_S13_C06,937.0,202.63099883834587
sandia_to_luh,naive_cross,sandia,luh,pytorch_simple_transformer,100,789,luh,luh_P046_3_S14_C06,1044.0,208.5141340829871
sandia_to_luh,naive_cross,sandia,luh,pytorch_simple_transformer,100,789,luh,luh_P047_1_S13_C04,1015.0,208.35093837423386
sandia_to_luh,naive_cross,sandia,luh,pytorch_simple_transformer,100,789,luh,luh_P047_2_S14_C04,923.0,201.9021404566719
sandia_to_luh,naive_cross,sandia,luh,pytorch_simple_transformer,100,789,luh,luh_P047_3_S15_C01,866.0,206.6336459903922
sandia_to_luh,naive_cross,sandia,luh,pytorch_simple_transformer,100,789,luh,luh_P049_1_S10_C10,1466.0,452.995376876737
sandia_to_luh,naive_cross,sandia,luh,pytorch_simple_transformer,100,789,luh,luh_P049_3_S15_C02,1380.0,244.17757271150703
sandia_to_luh,naive_cross,sandia,luh,pytorch_simple_transformer,100,789,luh,luh_P050_1_S10_C09,1615.0,704.4765627509697
sandia_to_luh,naive_cross,sandia,luh,pytorch_simple_transformer,100,789,luh,luh_P050_2_S11_C07,1575.0,368.4855201319643
sandia_to_luh,naive_cross,sandia,luh,pytorch_simple_transformer,100,789,luh,luh_P050_3_S12_C07,1555.0,476.9825903064067
sandia_to_luh,naive_cross,sandia,luh,pytorch_simple_transformer,100,789,luh,luh_P051_1_S10_C08,1234.0,704.4936949099971
sandia_to_luh,naive_cross,sandia,luh,pytorch_simple_transformer,100,789,luh,luh_P051_2_S11_C05,1318.0,2301.1377700895705
sandia_to_luh,naive_cross,sandia,luh,pytorch_simple_transformer,100,789,luh,luh_P051_3_S12_C05,1238.0,1091.4185332365487
sandia_to_luh,naive_cross,sandia,luh,pytorch_simple_transformer,100,789,luh,luh_P053_1_S15_C08,323.0,198.84265773797773
sandia_to_luh,naive_cross,sandia,luh,pytorch_simple_transformer,100,789,luh,luh_P053_2_S16_C08,332.0,198.86162175580725
sandia_to_luh,naive_cross,sandia,luh,pytorch_simple_transformer,100,789,luh,luh_P053_3_S19_C07,377.0,198.92819977497493
sandia_to_luh,naive_cross,sandia,luh,pytorch_simple_transformer,100,789,luh,luh_P054_1_S16_C06,359.0,198.92231876774517
sandia_to_luh,naive_cross,sandia,luh,pytorch_simple_transformer,100,789,luh,luh_P054_2_S17_C06,376.0,198.97553872908432
sandia_to_luh,naive_cross,sandia,luh,pytorch_simple_transformer,100,789,luh,luh_P054_3_S19_C05,384.0,199.0394024960277
sandia_to_luh,naive_cross,sandia,luh,pytorch_simple_transformer,100,789,luh,luh_P055_1_S15_C05,354.0,199.08050250171436
sandia_to_luh,naive_cross,sandia,luh,pytorch_simple_transformer,100,789,luh,luh_P055_2_S16_C04,350.0,199.05335466432035
sandia_to_luh,naive_cross,sandia,luh,pytorch_simple_transformer,100,789,luh,luh_P055_3_S17_C04,351.0,199.07869885924453
sandia_to_luh,naive_cross,sandia,luh,pytorch_simple_transformer,100,789,luh,luh_P057_1_S17_C08,555.0,199.62109626952883
sandia_to_luh,naive_cross,sandia,luh,pytorch_simple_transformer,100,789,luh,luh_P057_2_S18_C08,556.0,199.70725887381226
sandia_to_luh,naive_cross,sandia,luh,pytorch_simple_transformer,100,789,luh,luh_P057_3_S19_C08,539.0,200.59943568904453
sandia_to_luh,naive_cross,sandia,luh,pytorch_simple_transformer,100,789,luh,luh_P058_1_S15_C07,707.0,201.91456024178373
sandia_to_luh,naive_cross,sandia,luh,pytorch_simple_transformer,100,789,luh,luh_P058_2_S18_C06,672.0,201.69891118453924
sandia_to_luh,naive_cross,sandia,luh,pytorch_simple_transformer,100,789,luh,luh_P058_3_S19_C06,712.0,209.70958164045413
sandia_to_luh,naive_cross,sandia,luh,pytorch_simple_transformer,100,789,luh,luh_P059_1_S15_C06,605.0,212.68673722841157
sandia_to_luh,naive_cross,sandia,luh,pytorch_simple_transformer,100,789,luh,luh_P059_2_S18_C04,660.0,216.08665179373253
sandia_to_luh,naive_cross,sandia,luh,pytorch_simple_transformer,100,789,luh,luh_P059_3_S19_C04,664.0,214.93252353104427
sandia_to_luh,naive_cross,sandia,luh,pytorch_simple_transformer,100,789,luh,luh_P061_1_S16_C09,947.0,203.98064505303776
sandia_to_luh,naive_cross,sandia,luh,pytorch_simple_transformer,100,789,luh,luh_P061_2_S17_C09,942.0,205.83168920091487
sandia_to_luh,naive_cross,sandia,luh,pytorch_simple_transformer,100,789,luh,luh_P061_3_S18_C09,1033.0,224.68149438600477
sandia_to_luh,naive_cross,sandia,luh,pytorch_simple_transformer,100,789,luh,luh_P062_1_S16_C07,1120.0,258.27125051986343
sandia_to_luh,naive_cross,sandia,luh,pytorch_simple_transformer,100,789,luh,luh_P062_2_S17_C07,1148.0,242.460547038424
sandia_to_luh,naive_cross,sandia,luh,pytorch_simple_transformer,100,789,luh,luh_P062_3_S18_C07,1128.0,261.1285805567087
sandia_to_luh,naive_cross,sandia,luh,pytorch_simple_transformer,100,789,luh,luh_P063_1_S16_C05,1149.0,1957.47106398871
sandia_to_luh,naive_cross,sandia,luh,pytorch_simple_transformer,100,789,luh,luh_P063_2_S17_C05,1236.0,598.4907604511259
sandia_to_luh,naive_cross,sandia,luh,pytorch_simple_transformer,100,789,luh,luh_P063_3_S18_C05,1335.0,764.7713589209117
sandia_to_matr,naive_cross,sandia,matr,pytorch_simple_transformer,100,1011,matr,matr_b1c0,1717.0,1610.9674029511175
sandia_to_matr,naive_cross,sandia,matr,pytorch_simple_transformer,100,1011,matr,matr_b1c1,2066.0,1633.6989361138599
sandia_to_matr,naive_cross,sandia,matr,pytorch_simple_transformer,100,1011,matr,matr_b1c11,771.0,1624.156794390343
sandia_to_matr,naive_cross,sandia,matr,pytorch_simple_transformer,100,1011,matr,matr_b1c12,897.0,1653.0849423400637
sandia_to_matr,naive_cross,sandia,matr,pytorch_simple_transformer,100,1011,matr,matr_b1c14,845.0,1635.5930235651183
sandia_to_matr,naive_cross,sandia,matr,pytorch_simple_transformer,100,1011,matr,matr_b1c15,699.0,1628.2635088230243
sandia_to_matr,naive_cross,sandia,matr,pytorch_simple_transformer,100,1011,matr,matr_b1c16,824.0,1644.5850740436251
sandia_to_matr,naive_cross,sandia,matr,pytorch_simple_transformer,100,1011,matr,matr_b1c17,825.0,1644.3004343426012
sandia_to_matr,naive_cross,sandia,matr,pytorch_simple_transformer,100,1011,matr,matr_b1c18,665.0,1621.0224919646544
sandia_to_matr,naive_cross,sandia,matr,pytorch_simple_transformer,100,1011,matr,matr_b1c19,740.0,1691.9720426694764
sandia_to_matr,naive_cross,sandia,matr,pytorch_simple_transformer,100,1011,matr,matr_b1c2,1487.0,1646.5192617548005
sandia_to_matr,naive_cross,sandia,matr,pytorch_simple_transformer,100,1011,matr,matr_b1c20,504.0,1965.7978059318955
sandia_to_matr,naive_cross,sandia,matr,pytorch_simple_transformer,100,1011,matr,matr_b1c21,535.0,1825.025696444246
sandia_to_matr,naive_cross,sandia,matr,pytorch_simple_transformer,100,1011,matr,matr_b1c23,974.0,1693.638087559101
sandia_to_matr,naive_cross,sandia,matr,pytorch_simple_transformer,100,1011,matr,matr_b1c24,979.0,1680.5518466809012
sandia_to_matr,naive_cross,sandia,matr,pytorch_simple_transformer,100,1011,matr,matr_b1c25,817.0,1670.057421379719
sandia_to_matr,naive_cross,sandia,matr,pytorch_simple_transformer,100,1011,matr,matr_b1c26,826.0,1720.7093631341513
sandia_to_matr,naive_cross,sandia,matr,pytorch_simple_transformer,100,1011,matr,matr_b1c27,809.0,1694.135635805148
sandia_to_matr,naive_cross,sandia,matr,pytorch_simple_transformer,100,1011,matr,matr_b1c28,815.0,1697.280189076274
sandia_to_matr,naive_cross,sandia,matr,pytorch_simple_transformer,100,1011,matr,matr_b1c29,872.0,1685.2776263911924
sandia_to_matr,naive_cross,sandia,matr,pytorch_simple_transformer,100,1011,matr,matr_b1c3,1344.0,1650.833651570492
sandia_to_matr,naive_cross,sandia,matr,pytorch_simple_transformer,100,1011,matr,matr_b1c30,679.0,1701.2018518305788
sandia_to_matr,naive_cross,sandia,matr,pytorch_simple_transformer,100,1011,matr,matr_b1c31,827.0,1721.7320076114643
sandia_to_matr,naive_cross,sandia,matr,pytorch_simple_transformer,100,1011,matr,matr_b1c32,694.0,1697.057638946057
sandia_to_matr,naive_cross,sandia,matr,pytorch_simple_transformer,100,1011,matr,matr_b1c33,708.0,1705.2781216542332
sandia_to_matr,naive_cross,sandia,matr,pytorch_simple_transformer,100,1011,matr,matr_b1c34,714.0,1678.1631201944692
sandia_to_matr,naive_cross,sandia,matr,pytorch_simple_transformer,100,1011,matr,matr_b1c35,676.0,1677.002416297175
sandia_to_matr,naive_cross,sandia,matr,pytorch_simple_transformer,100,1011,matr,matr_b1c36,670.0,1689.432545663375
sandia_to_matr,naive_cross,sandia,matr,pytorch_simple_transformer,100,1011,matr,matr_b1c37,622.0,1691.5719195984111
sandia_to_matr,naive_cross,sandia,matr,pytorch_simple_transformer,100,1011,matr,matr_b1c38,592.0,1687.0625696227833
sandia_to_matr,naive_cross,sandia,matr,pytorch_simple_transformer,100,1011,matr,matr_b1c39,592.0,1679.0163614593816
sandia_to_matr,naive_cross,sandia,matr,pytorch_simple_transformer,100,1011,matr,matr_b1c4,1618.0,1644.8399585568736
sandia_to_matr,naive_cross,sandia,matr,pytorch_simple_transformer,100,1011,matr,matr_b1c40,919.0,1685.7341347102367
sandia_to_matr,naive_cross,sandia,matr,pytorch_simple_transformer,100,1011,matr,matr_b1c41,1005.0,1675.9591884450701
sandia_to_matr,naive_cross,sandia,matr,pytorch_simple_transformer,100,1011,matr,matr_b1c42,661.0,1677.3726983920808
sandia_to_matr,naive_cross,sandia,matr,pytorch_simple_transformer,100,1011,matr,matr_b1c43,626.0,1716.0871522847738
sandia_to_matr,naive_cross,sandia,matr,pytorch_simple_transformer,100,1011,matr,matr_b1c44,575.0,1729.6315380652961
sandia_to_matr,naive_cross,sandia,matr,pytorch_simple_transformer,100,1011,matr,matr_b1c45,563.0,1695.1699697591112
sandia_to_matr,naive_cross,sandia,matr,pytorch_simple_transformer,100,1011,matr,matr_b1c5,909.0,1653.8213339824035
sandia_to_matr,naive_cross,sandia,matr,pytorch_simple_transformer,100,1011,matr,matr_b1c6,613.0,1663.804307760178
sandia_to_matr,naive_cross,sandia,matr,pytorch_simple_transformer,100,1011,matr,matr_b1c7,818.0,1697.09324500582
sandia_to_matr,naive_cross,sandia,matr,pytorch_simple_transformer,100,1011,matr,matr_b1c9,1012.0,1638.051590849859
sandia_to_matr,naive_cross,sandia,matr,pytorch_simple_transformer,100,1011,matr,matr_b2c0,278.0,2205.8480586021406
sandia_to_matr,naive_cross,sandia,matr,pytorch_simple_transformer,100,1011,matr,matr_b2c1,133.0,233.60883945305898
sandia_to_matr,naive_cross,sandia,matr,pytorch_simple_transformer,100,1011,matr,matr_b2c10,251.0,1743.3235565512225
sandia_to_matr,naive_cross,sandia,matr,pytorch_simple_transformer,100,1011,matr,matr_b2c11,250.0,1729.1606684436101
sandia_to_matr,naive_cross,sandia,matr,pytorch_simple_transformer,100,1011,matr,matr_b2c12,435.0,1941.025975840755
sandia_to_matr,naive_cross,sandia,matr,pytorch_simple_transformer,100,1011,matr,matr_b2c13,454.0,1892.140560457505
sandia_to_matr,naive_cross,sandia,matr,pytorch_simple_transformer,100,1011,matr,matr_b2c14,466.0,1680.6704506017882
sandia_to_matr,naive_cross,sandia,matr,pytorch_simple_transformer,100,1011,matr,matr_b2c17,476.0,1647.7060079151029
sandia_to_matr,naive_cross,sandia,matr,pytorch_simple_transformer,100,1011,matr,matr_b2c18,468.0,1805.8814552158897
sandia_to_matr,naive_cross,sandia,matr,pytorch_simple_transformer,100,1011,matr,matr_b2c19,455.0,2156.151561065143
sandia_to_matr,naive_cross,sandia,matr,pytorch_simple_transformer,100,1011,matr,matr_b2c2,422.0,1691.4364154957061
sandia_to_matr,naive_cross,sandia,matr,pytorch_simple_transformer,100,1011,matr,matr_b2c20,475.0,1676.0343111326265
sandia_to_matr,naive_cross,sandia,matr,pytorch_simple_transformer,100,1011,matr,matr_b2c21,468.0,1718.419237105925
sandia_to_matr,naive_cross,sandia,matr,pytorch_simple_transformer,100,1011,matr,matr_b2c22,490.0,1678.7785949311613
sandia_to_matr,naive_cross,sandia,matr,pytorch_simple_transformer,100,1011,matr,matr_b2c23,502.0,1792.6672014835372
sandia_to_matr,naive_cross,sandia,matr,pytorch_simple_transformer,100,1011,matr,matr_b2c24,478.0,1664.7621733874296
sandia_to_matr,naive_cross,sandia,matr,pytorch_simple_transformer,100,1011,matr,matr_b2c25,446.0,1711.172165039829
sandia_to_matr,naive_cross,sandia,matr,pytorch_simple_transformer,100,1011,matr,matr_b2c26,450.0,1717.9579733639846
sandia_to_matr,naive_cross,sandia,matr,pytorch_simple_transformer,100,1011,matr,matr_b2c27,453.0,1670.5846852729037
sandia_to_matr,naive_cross,sandia,matr,pytorch_simple_transformer,100,1011,matr,matr_b2c28,491.0,1670.2915633493765
sandia_to_matr,naive_cross,sandia,matr,pytorch_simple_transformer,100,1011,matr,matr_b2c29,481.0,1631.5580670990853
sandia_to_matr,naive_cross,sandia,matr,pytorch_simple_transformer,100,1011,matr,matr_b2c3,314.0,2277.4965172051093
sandia_to_matr,naive_cross,sandia,matr,pytorch_simple_transformer,100,1011,matr,matr_b2c30,466.0,1649.246675160123
sandia_to_matr,naive_cross,sandia,matr,pytorch_simple_transformer,100,1011,matr,matr_b2c31,474.0,1645.3922130971005
sandia_to_matr,naive_cross,sandia,matr,pytorch_simple_transformer,100,1011,matr,matr_b2c32,500.0,1665.2393278541895
sandia_to_matr,naive_cross,sandia,matr,pytorch_simple_transformer,100,1011,matr,matr_b2c33,499.0,1650.3385903339695
sandia_to_matr,naive_cross,sandia,matr,pytorch_simple_transformer,100,1011,matr,matr_b2c34,483.0,1643.0244742113457
sandia_to_matr,naive_cross,sandia,matr,pytorch_simple_transformer,100,1011,matr,matr_b2c35,449.0,1662.9135988082746
sandia_to_matr,naive_cross,sandia,matr,pytorch_simple_transformer,100,1011,matr,matr_b2c36,513.0,1630.444369258546
sandia_to_matr,naive_cross,sandia,matr,pytorch_simple_transformer,100,1011,matr,matr_b2c37,461.0,1629.0820575392543
sandia_to_matr,naive_cross,sandia,matr,pytorch_simple_transformer,100,1011,matr,matr_b2c38,451.0,1654.237769032692
sandia_to_matr,naive_cross,sandia,matr,pytorch_simple_transformer,100,1011,matr,matr_b2c39,442.0,1619.3838646032523
sandia_to_matr,naive_cross,sandia,matr,pytorch_simple_transformer,100,1011,matr,matr_b2c4,247.0,1857.2047471003766
sandia_to_matr,naive_cross,sandia,matr,pytorch_simple_transformer,100,1011,matr,matr_b2c40,476.0,1689.3125178794432
sandia_to_matr,naive_cross,sandia,matr,pytorch_simple_transformer,100,1011,matr,matr_b2c41,416.0,1648.4195665829748
sandia_to_matr,naive_cross,sandia,matr,pytorch_simple_transformer,100,1011,matr,matr_b2c42,444.0,1662.3229641729765
sandia_to_matr,naive_cross,sandia,matr,pytorch_simple_transformer,100,1011,matr,matr_b2c43,443.0,1644.3412061524884
sandia_to_matr,naive_cross,sandia,matr,pytorch_simple_transformer,100,1011,matr,matr_b2c44,442.0,1639.2955484636198
sandia_to_matr,naive_cross,sandia,matr,pytorch_simple_transformer,100,1011,matr,matr_b2c45,470.0,1675.3239769571599
sandia_to_matr,naive_cross,sandia,matr,pytorch_simple_transformer,100,1011,matr,matr_b2c46,417.0,1626.6028248693365
sandia_to_matr,naive_cross,sandia,matr,pytorch_simple_transformer,100,1011,matr,matr_b2c47,705.0,1641.6915745435763
sandia_to_matr,naive_cross,sandia,matr,pytorch_simple_transformer,100,1011,matr,matr_b2c5,464.0,1671.419727404232
sandia_to_matr,naive_cross,sandia,matr,pytorch_simple_transformer,100,1011,matr,matr_b2c6,475.0,2160.0259592965244
sandia_to_matr,naive_cross,sandia,matr,pytorch_simple_transformer,100,1011,matr,matr_b3c0,985.0,1681.8369011023906
sandia_to_matr,naive_cross,sandia,matr,pytorch_simple_transformer,100,1011,matr,matr_b3c1,1033.0,1700.639785696757
sandia_to_matr,naive_cross,sandia,matr,pytorch_simple_transformer,100,1011,matr,matr_b3c10,1046.0,1686.3330874933736
sandia_to_matr,naive_cross,sandia,matr,pytorch_simple_transformer,100,1011,matr,matr_b3c11,792.0,1707.7477880942877
sandia_to_matr,naive_cross,sandia,matr,pytorch_simple_transformer,100,1011,matr,matr_b3c12,903.0,1699.741514519227
sandia_to_matr,naive_cross,sandia,matr,pytorch_simple_transformer,100,1011,matr,matr_b3c13,794.0,1684.4027299064478
sandia_to_matr,naive_cross,sandia,matr,pytorch_simple_transformer,100,1011,matr,matr_b3c14,834.0,1672.1802336307287
sandia_to_matr,naive_cross,sandia,matr,pytorch_simple_transformer,100,1011,matr,matr_b3c15,850.0,1707.4701283664886
sandia_to_matr,naive_cross,sandia,matr,pytorch_simple_transformer,100,1011,matr,matr_b3c16,1589.0,1687.188069133406
sandia_to_matr,naive_cross,sandia,matr,pytorch_simple_transformer,100,1011,matr,matr_b3c17,1269.0,1724.942588855351
sandia_to_matr,naive_cross,sandia,matr,pytorch_simple_transformer,100,1011,matr,matr_b3c18,1100.0,1730.8658081159072
sandia_to_matr,naive_cross,sandia,matr,pytorch_simple_transformer,100,1011,matr,matr_b3c19,1105.0,1741.0307288402078
sandia_to_matr,naive_cross,sandia,matr,pytorch_simple_transformer,100,1011,matr,matr_b3c2,1224.0,1710.0041227963898
sandia_to_matr,naive_cross,sandia,matr,pytorch_simple_transformer,100,1011,matr,matr_b3c20,793.0,1694.0807044718163
sandia_to_matr,naive_cross,sandia,matr,pytorch_simple_transformer,100,1011,matr,matr_b3c21,745.0,2083.0167352482895
sandia_to_matr,naive_cross,sandia,matr,pytorch_simple_transformer,100,1011,matr,matr_b3c22,991.0,1706.5511606564187
sandia_to_matr,naive_cross,sandia,matr,pytorch_simple_transformer,100,1011,matr,matr_b3c24,817.0,1658.050492350546
sandia_to_matr,naive_cross,sandia,matr,pytorch_simple_transformer,100,1011,matr,matr_b3c25,970.0,1662.0043464536172
sandia_to_matr,naive_cross,sandia,matr,pytorch_simple_transformer,100,1011,matr,matr_b3c26,989.0,1669.5876436584626
sandia_to_matr,naive_cross,sandia,matr,pytorch_simple_transformer,100,1011,matr,matr_b3c27,828.0,1680.7810482853797
sandia_to_matr,naive_cross,sandia,matr,pytorch_simple_transformer,100,1011,matr,matr_b3c28,524.0,2294.410397540179
sandia_to_matr,naive_cross,sandia,matr,pytorch_simple_transformer,100,1011,matr,matr_b3c29,833.0,1657.5746073654989
sandia_to_matr,naive_cross,sandia,matr,pytorch_simple_transformer,100,1011,matr,matr_b3c3,1084.0,1696.5179749361573
sandia_to_matr,naive_cross,sandia,matr,pytorch_simple_transformer,100,1011,matr,matr_b3c30,913.0,1683.9762922302089
sandia_to_matr,naive_cross,sandia,matr,pytorch_simple_transformer,100,1011,matr,matr_b3c31,713.0,1690.326980827546
sandia_to_matr,naive_cross,sandia,matr,pytorch_simple_transformer,100,1011,matr,matr_b3c33,1257.0,1701.2059078166967
sandia_to_matr,naive_cross,sandia,matr,pytorch_simple_transformer,100,1011,matr,matr_b3c34,1125.0,1708.2014232384088
sandia_to_matr,naive_cross,sandia,matr,pytorch_simple_transformer,100,1011,matr,matr_b3c35,1056.0,1719.54137033815
sandia_to_matr,naive_cross,sandia,matr,pytorch_simple_transformer,100,1011,matr,matr_b3c36,910.0,1706.9344785392673
sandia_to_matr,naive_cross,sandia,matr,pytorch_simple_transformer,100,1011,matr,matr_b3c37,1376.0,1692.6159876996041
sandia_to_matr,naive_cross,sandia,matr,pytorch_simple_transformer,100,1011,matr,matr_b3c38,1873.0,1703.9515934354297
sandia_to_matr,naive_cross,sandia,matr,pytorch_simple_transformer,100,1011,matr,matr_b3c39,1146.0,1671.7752249893254
sandia_to_matr,naive_cross,sandia,matr,pytorch_simple_transformer,100,1011,matr,matr_b3c4,1006.0,1693.2472593071177
sandia_to_matr,naive_cross,sandia,matr,pytorch_simple_transformer,100,1011,matr,matr_b3c40,779.0,1668.3843418893193
sandia_to_matr,naive_cross,sandia,matr,pytorch_simple_transformer,100,1011,matr,matr_b3c41,773.0,1660.8682821235832
sandia_to_matr,naive_cross,sandia,matr,pytorch_simple_transformer,100,1011,matr,matr_b3c42,1587.0,1683.8911782394744
sandia_to_matr,naive_cross,sandia,matr,pytorch_simple_transformer,100,1011,matr,matr_b3c43,1018.0,1679.1332556673128
sandia_to_matr,naive_cross,sandia,matr,pytorch_simple_transformer,100,1011,matr,matr_b3c44,921.0,1660.466013281407
sandia_to_matr,naive_cross,sandia,matr,pytorch_simple_transformer,100,1011,matr,matr_b3c45,1735.0,1694.8046484754107
sandia_to_matr,naive_cross,sandia,matr,pytorch_simple_transformer,100,1011,matr,matr_b3c5,815.0,1711.28313790232
sandia_to_matr,naive_cross,sandia,matr,pytorch_simple_transformer,100,1011,matr,matr_b3c6,630.0,2414.7452624406387
sandia_to_matr,naive_cross,sandia,matr,pytorch_simple_transformer,100,1011,matr,matr_b3c7,1774.0,1682.8372455068968
sandia_to_matr,naive_cross,sandia,matr,pytorch_simple_transformer,100,1011,matr,matr_b3c8,810.0,1678.0182883380833
sandia_to_matr,naive_cross,sandia,matr,pytorch_simple_transformer,100,1011,matr,matr_b3c9,1010.0,1671.66521990118
sandia_to_matr,naive_cross,sandia,matr,pytorch_simple_transformer,100,123,matr,matr_b1c0,1717.0,2705.4543673014914
sandia_to_matr,naive_cross,sandia,matr,pytorch_simple_transformer,100,123,matr,matr_b1c1,2066.0,2370.2416352966766
sandia_to_matr,naive_cross,sandia,matr,pytorch_simple_transformer,100,123,matr,matr_b1c11,771.0,2376.1509946342276
sandia_to_matr,naive_cross,sandia,matr,pytorch_simple_transformer,100,123,matr,matr_b1c12,897.0,2379.7908286262364
sandia_to_matr,naive_cross,sandia,matr,pytorch_simple_transformer,100,123,matr,matr_b1c14,845.0,2374.7192672655747
sandia_to_matr,naive_cross,sandia,matr,pytorch_simple_transformer,100,123,matr,matr_b1c15,699.0,2368.9919423284596
sandia_to_matr,naive_cross,sandia,matr,pytorch_simple_transformer,100,123,matr,matr_b1c16,824.0,2377.999696918823
sandia_to_matr,naive_cross,sandia,matr,pytorch_simple_transformer,100,123,matr,matr_b1c17,825.0,2376.340219361934
sandia_to_matr,naive_cross,sandia,matr,pytorch_simple_transformer,100,123,matr,matr_b1c18,665.0,2588.712186681543
sandia_to_matr,naive_cross,sandia,matr,pytorch_simple_transformer,100,123,matr,matr_b1c19,740.0,2396.6631506641975
sandia_to_matr,naive_cross,sandia,matr,pytorch_simple_transformer,100,123,matr,matr_b1c2,1487.0,2376.7753800906485
sandia_to_matr,naive_cross,sandia,matr,pytorch_simple_transformer,100,123,matr,matr_b1c20,504.0,2495.6505748705063
sandia_to_matr,naive_cross,sandia,matr,pytorch_simple_transformer,100,123,matr,matr_b1c21,535.0,2452.0738315488247
sandia_to_matr,naive_cross,sandia,matr,pytorch_simple_transformer,100,123,matr,matr_b1c23,974.0,2402.164123275367
sandia_to_matr,naive_cross,sandia,matr,pytorch_simple_transformer,100,123,matr,matr_b1c24,979.0,2391.8065301051515
sandia_to_matr,naive_cross,sandia,matr,pytorch_simple_transformer,100,123,matr,matr_b1c25,817.0,2389.1916484160965
sandia_to_matr,naive_cross,sandia,matr,pytorch_simple_transformer,100,123,matr,matr_b1c26,826.0,2403.3144214814065
sandia_to_matr,naive_cross,sandia,matr,pytorch_simple_transformer,100,123,matr,matr_b1c27,809.0,2398.947589163034
sandia_to_matr,naive_cross,sandia,matr,pytorch_simple_transformer,100,123,matr,matr_b1c28,815.0,2400.7602228712294
sandia_to_matr,naive_cross,sandia,matr,pytorch_simple_transformer,100,123,matr,matr_b1c29,872.0,2395.159673894229
sandia_to_matr,naive_cross,sandia,matr,pytorch_simple_transformer,100,123,matr,matr_b1c3,1344.0,2380.104046500677
sandia_to_matr,naive_cross,sandia,matr,pytorch_simple_transformer,100,123,matr,matr_b1c30,679.0,2401.1265777594826
sandia_to_matr,naive_cross,sandia,matr,pytorch_simple_transformer,100,123,matr,matr_b1c31,827.0,2413.2396481460305
sandia_to_matr,naive_cross,sandia,matr,pytorch_simple_transformer,100,123,matr,matr_b1c32,694.0,2399.9693159457156
sandia_to_matr,naive_cross,sandia,matr,pytorch_simple_transformer,100,123,matr,matr_b1c33,708.0,2402.491741773042
sandia_to_matr,naive_cross,sandia,matr,pytorch_simple_transformer,100,123,matr,matr_b1c34,714.0,2394.7873778623416
sandia_to_matr,naive_cross,sandia,matr,pytorch_simple_transformer,100,123,matr,matr_b1c35,676.0,2392.8879706276925
sandia_to_matr,naive_cross,sandia,matr,pytorch_simple_transformer,100,123,matr,matr_b1c36,670.0,2397.3055004714156
sandia_to_matr,naive_cross,sandia,matr,pytorch_simple_transformer,100,123,matr,matr_b1c37,622.0,2398.2956505744583
sandia_to_matr,naive_cross,sandia,matr,pytorch_simple_transformer,100,123,matr,matr_b1c38,592.0,2397.0448822887106
sandia_to_matr,naive_cross,sandia,matr,pytorch_simple_transformer,100,123,matr,matr_b1c39,592.0,2391.677656825343
sandia_to_matr,naive_cross,sandia,matr,pytorch_simple_transformer,100,123,matr,matr_b1c4,1618.0,2377.5767828853404
sandia_to_matr,naive_cross,sandia,matr,pytorch_simple_transformer,100,123,matr,matr_b1c40,919.0,2394.403722265084
sandia_to_matr,naive_cross,sandia,matr,pytorch_simple_transformer,100,123,matr,matr_b1c41,1005.0,2390.601322997198
sandia_to_matr,naive_cross,sandia,matr,pytorch_simple_transformer,100,123,matr,matr_b1c42,661.0,2391.4758073259623
sandia_to_matr,naive_cross,sandia,matr,pytorch_simple_transformer,100,123,matr,matr_b1c43,626.0,2407.606542765853
sandia_to_matr,naive_cross,sandia,matr,pytorch_simple_transformer,100,123,matr,matr_b1c44,575.0,2412.486042708319
sandia_to_matr,naive_cross,sandia,matr,pytorch_simple_transformer,100,123,matr,matr_b1c45,563.0,2398.6479041574607
sandia_to_matr,naive_cross,sandia,matr,pytorch_simple_transformer,100,123,matr,matr_b1c5,909.0,2381.9853554683996
sandia_to_matr,naive_cross,sandia,matr,pytorch_simple_transformer,100,123,matr,matr_b1c6,613.0,2384.165989917787
sandia_to_matr,naive_cross,sandia,matr,pytorch_simple_transformer,100,123,matr,matr_b1c7,818.0,2400.0826136802016
sandia_to_matr,naive_cross,sandia,matr,pytorch_simple_transformer,100,123,matr,matr_b1c9,1012.0,2373.813556517627
sandia_to_matr,naive_cross,sandia,matr,pytorch_simple_transformer,100,123,matr,matr_b2c0,278.0,2712.099880508123
sandia_to_matr,naive_cross,sandia,matr,pytorch_simple_transformer,100,123,matr,matr_b2c1,133.0,254.85474614942547
sandia_to_matr,naive_cross,sandia,matr,pytorch_simple_transformer,100,123,matr,matr_b2c10,251.0,2416.393535754155
sandia_to_matr,naive_cross,sandia,matr,pytorch_simple_transformer,100,123,matr,matr_b2c11,250.0,2410.3875434723745
sandia_to_matr,naive_cross,sandia,matr,pytorch_simple_transformer,100,123,matr,matr_b2c12,435.0,2481.0798439644454
sandia_to_matr,naive_cross,sandia,matr,pytorch_simple_transformer,100,123,matr,matr_b2c13,454.0,2468.263724686587
sandia_to_matr,naive_cross,sandia,matr,pytorch_simple_transformer,100,123,matr,matr_b2c14,466.0,2393.8055248925384
sandia_to_matr,naive_cross,sandia,matr,pytorch_simple_transformer,100,123,matr,matr_b2c17,476.0,2392.9473042940845
sandia_to_matr,naive_cross,sandia,matr,pytorch_simple_transformer,100,123,matr,matr_b2c18,468.0,2444.4867035176367
sandia_to_matr,naive_cross,sandia,matr,pytorch_simple_transformer,100,123,matr,matr_b2c19,455.0,2530.8449019439263
sandia_to_matr,naive_cross,sandia,matr,pytorch_simple_transformer,100,123,matr,matr_b2c2,422.0,2402.793052765118
sandia_to_matr,naive_cross,sandia,matr,pytorch_simple_transformer,100,123,matr,matr_b2c20,475.0,2389.2702583288583
sandia_to_matr,naive_cross,sandia,matr,pytorch_simple_transformer,100,123,matr,matr_b2c21,468.0,2405.756619385156
sandia_to_matr,naive_cross,sandia,matr,pytorch_simple_transformer,100,123,matr,matr_b2c22,490.0,2390.4873329608286
sandia_to_matr,naive_cross,sandia,matr,pytorch_simple_transformer,100,123,matr,matr_b2c23,502.0,2438.228344151791
sandia_to_matr,naive_cross,sandia,matr,pytorch_simple_transformer,100,123,matr,matr_b2c24,478.0,2386.754885440503
sandia_to_matr,naive_cross,sandia,matr,pytorch_simple_transformer,100,123,matr,matr_b2c25,446.0,2406.277483746511
sandia_to_matr,naive_cross,sandia,matr,pytorch_simple_transformer,100,123,matr,matr_b2c26,450.0,2412.276685728943
sandia_to_matr,naive_cross,sandia,matr,pytorch_simple_transformer,100,123,matr,matr_b2c27,453.0,2390.4690950594154
sandia_to_matr,naive_cross,sandia,matr,pytorch_simple_transformer,100,123,matr,matr_b2c28,491.0,2397.5730064913573
sandia_to_matr,naive_cross,sandia,matr,pytorch_simple_transformer,100,123,matr,matr_b2c29,481.0,2371.3958701345477
sandia_to_matr,naive_cross,sandia,matr,pytorch_simple_transformer,100,123,matr,matr_b2c3,314.0,2559.806036415956
sandia_to_matr,naive_cross,sandia,matr,pytorch_simple_transformer,100,123,matr,matr_b2c30,466.0,2380.5943833275774
sandia_to_matr,naive_cross,sandia,matr,pytorch_simple_transformer,100,123,matr,matr_b2c31,474.0,2375.0420101955083
sandia_to_matr,naive_cross,sandia,matr,pytorch_simple_transformer,100,123,matr,matr_b2c32,500.0,2382.109162970763
sandia_to_matr,naive_cross,sandia,matr,pytorch_simple_transformer,100,123,matr,matr_b2c33,499.0,2377.7853959568647
sandia_to_matr,naive_cross,sandia,matr,pytorch_simple_transformer,100,123,matr,matr_b2c34,483.0,2370.2710211802623
sandia_to_matr,naive_cross,sandia,matr,pytorch_simple_transformer,100,123,matr,matr_b2c35,449.0,2381.169976922817
sandia_to_matr,naive_cross,sandia,matr,pytorch_simple_transformer,100,123,matr,matr_b2c36,513.0,2365.246815384542
sandia_to_matr,naive_cross,sandia,matr,pytorch_simple_transformer,100,123,matr,matr_b2c37,461.0,2369.5319638474875
sandia_to_matr,naive_cross,sandia,matr,pytorch_simple_transformer,100,123,matr,matr_b2c38,451.0,2378.4476369563895
sandia_to_matr,naive_cross,sandia,matr,pytorch_simple_transformer,100,123,matr,matr_b2c39,442.0,2360.3615637116995
sandia_to_matr,naive_cross,sandia,matr,pytorch_simple_transformer,100,123,matr,matr_b2c4,247.0,2459.0571034232303
sandia_to_matr,naive_cross,sandia,matr,pytorch_simple_transformer,100,123,matr,matr_b2c40,476.0,2396.9945908132217
sandia_to_matr,naive_cross,sandia,matr,pytorch_simple_transformer,100,123,matr,matr_b2c41,416.0,2377.7275720219864
sandia_to_matr,naive_cross,sandia,matr,pytorch_simple_transformer,100,123,matr,matr_b2c42,444.0,2385.117730759943
sandia_to_matr,naive_cross,sandia,matr,pytorch_simple_transformer,100,123,matr,matr_b2c43,443.0,2374.23466903958
sandia_to_matr,naive_cross,sandia,matr,pytorch_simple_transformer,100,123,matr,matr_b2c44,442.0,2374.5833886266987
sandia_to_matr,naive_cross,sandia,matr,pytorch_simple_transformer,100,123,matr,matr_b2c45,470.0,2388.828253596407
sandia_to_matr,naive_cross,sandia,matr,pytorch_simple_transformer,100,123,matr,matr_b2c46,417.0,2367.310530088154
sandia_to_matr,naive_cross,sandia,matr,pytorch_simple_transformer,100,123,matr,matr_b2c47,705.0,2370.673418387626
sandia_to_matr,naive_cross,sandia,matr,pytorch_simple_transformer,100,123,matr,matr_b2c5,464.0,2386.957474666174
sandia_to_matr,naive_cross,sandia,matr,pytorch_simple_transformer,100,123,matr,matr_b2c6,475.0,2535.4663364946746
sandia_to_matr,naive_cross,sandia,matr,pytorch_simple_transformer,100,123,matr,matr_b3c0,985.0,2393.814656553346
sandia_to_matr,naive_cross,sandia,matr,pytorch_simple_transformer,100,123,matr,matr_b3c1,1033.0,2401.2193202067842
sandia_to_matr,naive_cross,sandia,matr,pytorch_simple_transformer,100,123,matr,matr_b3c10,1046.0,2396.306617955779
sandia_to_matr,naive_cross,sandia,matr,pytorch_simple_transformer,100,123,matr,matr_b3c11,792.0,2404.9262231279013
sandia_to_matr,naive_cross,sandia,matr,pytorch_simple_transformer,100,123,matr,matr_b3c12,903.0,2401.0807803412895
sandia_to_matr,naive_cross,sandia,matr,pytorch_simple_transformer,100,123,matr,matr_b3c13,794.0,2393.636595450725
sandia_to_matr,naive_cross,sandia,matr,pytorch_simple_transformer,100,123,matr,matr_b3c14,834.0,2388.6357564819236
sandia_to_matr,naive_cross,sandia,matr,pytorch_simple_transformer,100,123,matr,matr_b3c15,850.0,2401.438023369929
sandia_to_matr,naive_cross,sandia,matr,pytorch_simple_transformer,100,123,matr,matr_b3c16,1589.0,2396.3991742342746
sandia_to_matr,naive_cross,sandia,matr,pytorch_simple_transformer,100,123,matr,matr_b3c17,1269.0,2416.08015054392
sandia_to_matr,naive_cross,sandia,matr,pytorch_simple_transformer,100,123,matr,matr_b3c18,1100.0,2414.9398636869655
sandia_to_matr,naive_cross,sandia,matr,pytorch_simple_transformer,100,123,matr,matr_b3c19,1105.0,2419.1789184439262
sandia_to_matr,naive_cross,sandia,matr,pytorch_simple_transformer,100,123,matr,matr_b3c2,1224.0,2405.261099831172
sandia_to_matr,naive_cross,sandia,matr,pytorch_simple_transformer,100,123,matr,matr_b3c20,793.0,2398.913272187956
sandia_to_matr,naive_cross,sandia,matr,pytorch_simple_transformer,100,123,matr,matr_b3c21,745.0,2519.7257998204964
sandia_to_matr,naive_cross,sandia,matr,pytorch_simple_transformer,100,123,matr,matr_b3c22,991.0,2404.883793449316
sandia_to_matr,naive_cross,sandia,matr,pytorch_simple_transformer,100,123,matr,matr_b3c24,817.0,2384.835693871837
sandia_to_matr,naive_cross,sandia,matr,pytorch_simple_transformer,100,123,matr,matr_b3c25,970.0,2386.8254482754023
sandia_to_matr,naive_cross,sandia,matr,pytorch_simple_transformer,100,123,matr,matr_b3c26,989.0,2389.4947095603334
sandia_to_matr,naive_cross,sandia,matr,pytorch_simple_transformer,100,123,matr,matr_b3c27,828.0,2392.125892048447
sandia_to_matr,naive_cross,sandia,matr,pytorch_simple_transformer,100,123,matr,matr_b3c28,524.0,2564.666233621009
sandia_to_matr,naive_cross,sandia,matr,pytorch_simple_transformer,100,123,matr,matr_b3c29,833.0,2381.9955778624844
sandia_to_matr,naive_cross,sandia,matr,pytorch_simple_transformer,100,123,matr,matr_b3c3,1084.0,2399.8411471788017
sandia_to_matr,naive_cross,sandia,matr,pytorch_simple_transformer,100,123,matr,matr_b3c30,913.0,2394.106888092573
sandia_to_matr,naive_cross,sandia,matr,pytorch_simple_transformer,100,123,matr,matr_b3c31,713.0,2396.288335656914
sandia_to_matr,naive_cross,sandia,matr,pytorch_simple_transformer,100,123,matr,matr_b3c33,1257.0,2403.0290870058398
sandia_to_matr,naive_cross,sandia,matr,pytorch_simple_transformer,100,123,matr,matr_b3c34,1125.0,2404.845951394573
sandia_to_matr,naive_cross,sandia,matr,pytorch_simple_transformer,100,123,matr,matr_b3c35,1056.0,2409.92899151914
sandia_to_matr,naive_cross,sandia,matr,pytorch_simple_transformer,100,123,matr,matr_b3c36,910.0,2404.707202288301
sandia_to_matr,naive_cross,sandia,matr,pytorch_simple_transformer,100,123,matr,matr_b3c37,1376.0,2414.7372023722096
sandia_to_matr,naive_cross,sandia,matr,pytorch_simple_transformer,100,123,matr,matr_b3c38,1873.0,2403.7682762193162
sandia_to_matr,naive_cross,sandia,matr,pytorch_simple_transformer,100,123,matr,matr_b3c39,1146.0,2388.9603907716346
sandia_to_matr,naive_cross,sandia,matr,pytorch_simple_transformer,100,123,matr,matr_b3c4,1006.0,2398.0818075663983
sandia_to_matr,naive_cross,sandia,matr,pytorch_simple_transformer,100,123,matr,matr_b3c40,779.0,2385.8127300949845
sandia_to_matr,naive_cross,sandia,matr,pytorch_simple_transformer,100,123,matr,matr_b3c41,773.0,2384.4206599199015
sandia_to_matr,naive_cross,sandia,matr,pytorch_simple_transformer,100,123,matr,matr_b3c42,1587.0,2396.447167786091
sandia_to_matr,naive_cross,sandia,matr,pytorch_simple_transformer,100,123,matr,matr_b3c43,1018.0,2393.5589832177247
sandia_to_matr,naive_cross,sandia,matr,pytorch_simple_transformer,100,123,matr,matr_b3c44,921.0,2383.988646519945
sandia_to_matr,naive_cross,sandia,matr,pytorch_simple_transformer,100,123,matr,matr_b3c45,1735.0,2400.5473047805144
sandia_to_matr,naive_cross,sandia,matr,pytorch_simple_transformer,100,123,matr,matr_b3c5,815.0,2406.316495748335
sandia_to_matr,naive_cross,sandia,matr,pytorch_simple_transformer,100,123,matr,matr_b3c6,630.0,2586.9710423198967
sandia_to_matr,naive_cross,sandia,matr,pytorch_simple_transformer,100,123,matr,matr_b3c7,1774.0,2402.4562285181432
sandia_to_matr,naive_cross,sandia,matr,pytorch_simple_transformer,100,123,matr,matr_b3c8,810.0,2391.6274779575447
sandia_to_matr,naive_cross,sandia,matr,pytorch_simple_transformer,100,123,matr,matr_b3c9,1010.0,2388.2189224117087
sandia_to_matr,naive_cross,sandia,matr,pytorch_simple_transformer,100,42,matr,matr_b1c0,1717.0,210.4889052855525
sandia_to_matr,naive_cross,sandia,matr,pytorch_simple_transformer,100,42,matr,matr_b1c1,2066.0,3340.865090767602
sandia_to_matr,naive_cross,sandia,matr,pytorch_simple_transformer,100,42,matr,matr_b1c11,771.0,3279.103923407154
sandia_to_matr,naive_cross,sandia,matr,pytorch_simple_transformer,100,42,matr,matr_b1c12,897.0,3396.1956174074035
sandia_to_matr,naive_cross,sandia,matr,pytorch_simple_transformer,100,42,matr,matr_b1c14,845.0,3377.156080409943
sandia_to_matr,naive_cross,sandia,matr,pytorch_simple_transformer,100,42,matr,matr_b1c15,699.0,3351.971128224174
sandia_to_matr,naive_cross,sandia,matr,pytorch_simple_transformer,100,42,matr,matr_b1c16,824.0,3393.993903505692
sandia_to_matr,naive_cross,sandia,matr,pytorch_simple_transformer,100,42,matr,matr_b1c17,825.0,3369.946183169559
sandia_to_matr,naive_cross,sandia,matr,pytorch_simple_transformer,100,42,matr,matr_b1c18,665.0,240.7545620630501
sandia_to_matr,naive_cross,sandia,matr,pytorch_simple_transformer,100,42,matr,matr_b1c19,740.0,3402.351793977132
sandia_to_matr,naive_cross,sandia,matr,pytorch_simple_transformer,100,42,matr,matr_b1c2,1487.0,3359.5686646270524
sandia_to_matr,naive_cross,sandia,matr,pytorch_simple_transformer,100,42,matr,matr_b1c20,504.0,3425.1213261662274
sandia_to_matr,naive_cross,sandia,matr,pytorch_simple_transformer,100,42,matr,matr_b1c21,535.0,3424.118672727354
sandia_to_matr,naive_cross,sandia,matr,pytorch_simple_transformer,100,42,matr,matr_b1c23,974.0,3428.2291294330034
sandia_to_matr,naive_cross,sandia,matr,pytorch_simple_transformer,100,42,matr,matr_b1c24,979.0,3416.3262876539516
sandia_to_matr,naive_cross,sandia,matr,pytorch_simple_transformer,100,42,matr,matr_b1c25,817.0,3413.473416620771
sandia_to_matr,naive_cross,sandia,matr,pytorch_simple_transformer,100,42,matr,matr_b1c26,826.0,3432.7700809298294
sandia_to_matr,naive_cross,sandia,matr,pytorch_simple_transformer,100,42,matr,matr_b1c27,809.0,3432.5540205820103
sandia_to_matr,naive_cross,sandia,matr,pytorch_simple_transformer,100,42,matr,matr_b1c28,815.0,3435.426114844923
sandia_to_matr,naive_cross,sandia,matr,pytorch_simple_transformer,100,42,matr,matr_b1c29,872.0,3424.072956116063
sandia_to_matr,naive_cross,sandia,matr,pytorch_simple_transformer,100,42,matr,matr_b1c3,1344.0,3388.699453332296
sandia_to_matr,naive_cross,sandia,matr,pytorch_simple_transformer,100,42,matr,matr_b1c30,679.0,3427.0196596255532
sandia_to_matr,naive_cross,sandia,matr,pytorch_simple_transformer,100,42,matr,matr_b1c31,827.0,3431.8240990909035
sandia_to_matr,naive_cross,sandia,matr,pytorch_simple_transformer,100,42,matr,matr_b1c32,694.0,3429.8282457563264
sandia_to_matr,naive_cross,sandia,matr,pytorch_simple_transformer,100,42,matr,matr_b1c33,708.0,3428.431839098266
sandia_to_matr,naive_cross,sandia,matr,pytorch_simple_transformer,100,42,matr,matr_b1c34,714.0,3424.4452377023886
sandia_to_matr,naive_cross,sandia,matr,pytorch_simple_transformer,100,42,matr,matr_b1c35,676.0,3417.4342085620956
sandia_to_matr,naive_cross,sandia,matr,pytorch_simple_transformer,100,42,matr,matr_b1c36,670.0,3399.5592233590373
sandia_to_matr,naive_cross,sandia,matr,pytorch_simple_transformer,100,42,matr,matr_b1c37,622.0,3401.0411733236033
sandia_to_matr,naive_cross,sandia,matr,pytorch_simple_transformer,100,42,matr,matr_b1c38,592.0,3427.961047961436
sandia_to_matr,naive_cross,sandia,matr,pytorch_simple_transformer,100,42,matr,matr_b1c39,592.0,3415.7007968947846
sandia_to_matr,naive_cross,sandia,matr,pytorch_simple_transformer,100,42,matr,matr_b1c4,1618.0,3389.4460618793546
sandia_to_matr,naive_cross,sandia,matr,pytorch_simple_transformer,100,42,matr,matr_b1c40,919.0,3422.60708273613
sandia_to_matr,naive_cross,sandia,matr,pytorch_simple_transformer,100,42,matr,matr_b1c41,1005.0,3417.3885811974337
sandia_to_matr,naive_cross,sandia,matr,pytorch_simple_transformer,100,42,matr,matr_b1c42,661.0,3418.376223829685
sandia_to_matr,naive_cross,sandia,matr,pytorch_simple_transformer,100,42,matr,matr_b1c43,626.0,3442.0013358290294
sandia_to_matr,naive_cross,sandia,matr,pytorch_simple_transformer,100,42,matr,matr_b1c44,575.0,3442.0013358290294
sandia_to_matr,naive_cross,sandia,matr,pytorch_simple_transformer,100,42,matr,matr_b1c45,563.0,3426.2059593448366
sandia_to_matr,naive_cross,sandia,matr,pytorch_simple_transformer,100,42,matr,matr_b1c5,909.0,3378.2867378000847
sandia_to_matr,naive_cross,sandia,matr,pytorch_simple_transformer,100,42,matr,matr_b1c6,613.0,3407.7130719249426
sandia_to_matr,naive_cross,sandia,matr,pytorch_simple_transformer,100,42,matr,matr_b1c7,818.0,3440.222654398379
sandia_to_matr,naive_cross,sandia,matr,pytorch_simple_transformer,100,42,matr,matr_b1c9,1012.0,3385.11737527468
sandia_to_matr,naive_cross,sandia,matr,pytorch_simple_transformer,100,42,matr,matr_b2c0,278.0,2079.1277849890803
sandia_to_matr,naive_cross,sandia,matr,pytorch_simple_transformer,100,42,matr,matr_b2c1,133.0,185.29207518065752
sandia_to_matr,naive_cross,sandia,matr,pytorch_simple_transformer,100,42,matr,matr_b2c10,251.0,3442.0013358290294
sandia_to_matr,naive_cross,sandia,matr,pytorch_simple_transformer,100,42,matr,matr_b2c11,250.0,3435.796354168657
sandia_to_matr,naive_cross,sandia,matr,pytorch_simple_transformer,100,42,matr,matr_b2c12,435.0,3442.0013358290294
sandia_to_matr,naive_cross,sandia,matr,pytorch_simple_transformer,100,42,matr,matr_b2c13,454.0,3442.0013358290294
sandia_to_matr,naive_cross,sandia,matr,pytorch_simple_transformer,100,42,matr,matr_b2c14,466.0,3417.036619145573
sandia_to_matr,naive_cross,sandia,matr,pytorch_simple_transformer,100,42,matr,matr_b2c17,476.0,3299.1225542852007
sandia_to_matr,naive_cross,sandia,matr,pytorch_simple_transformer,100,42,matr,matr_b2c18,468.0,3417.4179130047837
sandia_to_matr,naive_cross,sandia,matr,pytorch_simple_transformer,100,42,matr,matr_b2c19,455.0,3416.6390759851984
sandia_to_matr,naive_cross,sandia,matr,pytorch_simple_transformer,100,42,matr,matr_b2c2,422.0,3373.3481324706486
sandia_to_matr,naive_cross,sandia,matr,pytorch_simple_transformer,100,42,matr,matr_b2c20,475.0,3399.072947293278
sandia_to_matr,naive_cross,sandia,matr,pytorch_simple_transformer,100,42,matr,matr_b2c21,468.0,3433.8571362396287
sandia_to_matr,naive_cross,sandia,matr,pytorch_simple_transformer,100,42,matr,matr_b2c22,490.0,3410.8278493698936
sandia_to_matr,naive_cross,sandia,matr,pytorch_simple_transformer,100,42,matr,matr_b2c23,502.0,3442.0013358290294
sandia_to_matr,naive_cross,sandia,matr,pytorch_simple_transformer,100,42,matr,matr_b2c24,478.0,3399.5170766801607
sandia_to_matr,naive_cross,sandia,matr,pytorch_simple_transformer,100,42,matr,matr_b2c25,446.0,3424.83389060661
sandia_to_matr,naive_cross,sandia,matr,pytorch_simple_transformer,100,42,matr,matr_b2c26,450.0,3416.8085149551234
sandia_to_matr,naive_cross,sandia,matr,pytorch_simple_transformer,100,42,matr,matr_b2c27,453.0,3387.1485848203715
sandia_to_matr,naive_cross,sandia,matr,pytorch_simple_transformer,100,42,matr,matr_b2c28,491.0,3356.350253183476
sandia_to_matr,naive_cross,sandia,matr,pytorch_simple_transformer,100,42,matr,matr_b2c29,481.0,3367.292603958133
sandia_to_matr,naive_cross,sandia,matr,pytorch_simple_transformer,100,42,matr,matr_b2c3,314.0,3366.5926132220975
sandia_to_matr,naive_cross,sandia,matr,pytorch_simple_transformer,100,42,matr,matr_b2c30,466.0,3378.3447304331535
sandia_to_matr,naive_cross,sandia,matr,pytorch_simple_transformer,100,42,matr,matr_b2c31,474.0,3368.872934513154
sandia_to_matr,naive_cross,sandia,matr,pytorch_simple_transformer,100,42,matr,matr_b2c32,500.0,3354.9133724414683
sandia_to_matr,naive_cross,sandia,matr,pytorch_simple_transformer,100,42,matr,matr_b2c33,499.0,3370.2257980768386
sandia_to_matr,naive_cross,sandia,matr,pytorch_simple_transformer,100,42,matr,matr_b2c34,483.0,3358.0599504163097
sandia_to_matr,naive_cross,sandia,matr,pytorch_simple_transformer,100,42,matr,matr_b2c35,449.0,3395.7486835122095
sandia_to_matr,naive_cross,sandia,matr,pytorch_simple_transformer,100,42,matr,matr_b2c36,513.0,3366.66003718834
sandia_to_matr,naive_cross,sandia,matr,pytorch_simple_transformer,100,42,matr,matr_b2c37,461.0,3377.397642074987
sandia_to_matr,naive_cross,sandia,matr,pytorch_simple_transformer,100,42,matr,matr_b2c38,451.0,3389.921262053203
sandia_to_matr,naive_cross,sandia,matr,pytorch_simple_transformer,100,42,matr,matr_b2c39,442.0,3353.4611162529377
sandia_to_matr,naive_cross,sandia,matr,pytorch_simple_transformer,100,42,matr,matr_b2c4,247.0,3442.0013358290294
sandia_to_matr,naive_cross,sandia,matr,pytorch_simple_transformer,100,42,matr,matr_b2c40,476.0,3356.0365830682563
sandia_to_matr,naive_cross,sandia,matr,pytorch_simple_transformer,100,42,matr,matr_b2c41,416.0,3358.9023123747434
sandia_to_matr,naive_cross,sandia,matr,pytorch_simple_transformer,100,42,matr,matr_b2c42,444.0,3395.9624271670123
sandia_to_matr,naive_cross,sandia,matr,pytorch_simple_transformer,100,42,matr,matr_b2c43,443.0,3378.837708010004
sandia_to_matr,naive_cross,sandia,matr,pytorch_simple_transformer,100,42,matr,matr_b2c44,442.0,3388.3019756221415
sandia_to_matr,naive_cross,sandia,matr,pytorch_simple_transformer,100,42,matr,matr_b2c45,470.0,3415.107989508384
sandia_to_matr,naive_cross,sandia,matr,pytorch_simple_transformer,100,42,matr,matr_b2c46,417.0,3373.2387536778338
sandia_to_matr,naive_cross,sandia,matr,pytorch_simple_transformer,100,42,matr,matr_b2c47,705.0,3366.146364825902
sandia_to_matr,naive_cross,sandia,matr,pytorch_simple_transformer,100,42,matr,matr_b2c5,464.0,3411.517516696191
sandia_to_matr,naive_cross,sandia,matr,pytorch_simple_transformer,100,42,matr,matr_b2c6,475.0,3435.160746604805
sandia_to_matr,naive_cross,sandia,matr,pytorch_simple_transformer,100,42,matr,matr_b3c0,985.0,3420.071853391719
sandia_to_matr,naive_cross,sandia,matr,pytorch_simple_transformer,100,42,matr,matr_b3c1,1033.0,3437.9760046972974
sandia_to_matr,naive_cross,sandia,matr,pytorch_simple_transformer,100,42,matr,matr_b3c10,1046.0,3411.7517750564875
sandia_to_matr,naive_cross,sandia,matr,pytorch_simple_transformer,100,42,matr,matr_b3c11,792.0,3442.0013358290294
sandia_to_matr,naive_cross,sandia,matr,pytorch_simple_transformer,100,42,matr,matr_b3c12,903.0,3439.45502068881
sandia_to_matr,naive_cross,sandia,matr,pytorch_simple_transformer,100,42,matr,matr_b3c13,794.0,3423.0281714062266
sandia_to_matr,naive_cross,sandia,matr,pytorch_simple_transformer,100,42,matr,matr_b3c14,834.0,3410.840860670381
sandia_to_matr,naive_cross,sandia,matr,pytorch_simple_transformer,100,42,matr,matr_b3c15,850.0,3435.0821229147427
sandia_to_matr,naive_cross,sandia,matr,pytorch_simple_transformer,100,42,matr,matr_b3c16,1589.0,3426.150412556469
sandia_to_matr,naive_cross,sandia,matr,pytorch_simple_transformer,100,42,matr,matr_b3c17,1269.0,3426.3954786945574
sandia_to_matr,naive_cross,sandia,matr,pytorch_simple_transformer,100,42,matr,matr_b3c18,1100.0,3442.0013358290294
sandia_to_matr,naive_cross,sandia,matr,pytorch_simple_transformer,100,42,matr,matr_b3c19,1105.0,3442.0013358290294
sandia_to_matr,naive_cross,sandia,matr,pytorch_simple_transformer,100,42,matr,matr_b3c2,1224.0,3442.0013358290294
sandia_to_matr,naive_cross,sandia,matr,pytorch_simple_transformer,100,42,matr,matr_b3c20,793.0,3436.733598371386
sandia_to_matr,naive_cross,sandia,matr,pytorch_simple_transformer,100,42,matr,matr_b3c21,745.0,3442.0013358290294
sandia_to_matr,naive_cross,sandia,matr,pytorch_simple_transformer,100,42,matr,matr_b3c22,991.0,3442.0013358290294
sandia_to_matr,naive_cross,sandia,matr,pytorch_simple_transformer,100,42,matr,matr_b3c24,817.0,3403.533082729804
sandia_to_matr,naive_cross,sandia,matr,pytorch_simple_transformer,100,42,matr,matr_b3c25,970.0,3410.922182422962
sandia_to_matr,naive_cross,sandia,matr,pytorch_simple_transformer,100,42,matr,matr_b3c26,989.0,3418.650076277625
sandia_to_matr,naive_cross,sandia,matr,pytorch_simple_transformer,100,42,matr,matr_b3c27,828.0,3423.344838095836
sandia_to_matr,naive_cross,sandia,matr,pytorch_simple_transformer,100,42,matr,matr_b3c28,524.0,3373.6698553587707
sandia_to_matr,naive_cross,sandia,matr,pytorch_simple_transformer,100,42,matr,matr_b3c29,833.0,3407.54083431081
sandia_to_matr,naive_cross,sandia,matr,pytorch_simple_transformer,100,42,matr,matr_b3c3,1084.0,3439.6091897799574
sandia_to_matr,naive_cross,sandia,matr,pytorch_simple_transformer,100,42,matr,matr_b3c30,913.0,3424.686915834995
sandia_to_matr,naive_cross,sandia,matr,pytorch_simple_transformer,100,42,matr,matr_b3c31,713.0,3432.0335674034145
sandia_to_matr,naive_cross,sandia,matr,pytorch_simple_transformer,100,42,matr,matr_b3c33,1257.0,3442.0013358290294
sandia_to_matr,naive_cross,sandia,matr,pytorch_simple_transformer,100,42,matr,matr_b3c34,1125.0,3442.0013358290294
sandia_to_matr,naive_cross,sandia,matr,pytorch_simple_transformer,100,42,matr,matr_b3c35,1056.0,3442.0013358290294
sandia_to_matr,naive_cross,sandia,matr,pytorch_simple_transformer,100,42,matr,matr_b3c36,910.0,3438.3006122529596
sandia_to_matr,naive_cross,sandia,matr,pytorch_simple_transformer,100,42,matr,matr_b3c37,1376.0,3283.059084042633
sandia_to_matr,naive_cross,sandia,matr,pytorch_simple_transformer,100,42,matr,matr_b3c38,1873.0,3442.0013358290294
sandia_to_matr,naive_cross,sandia,matr,pytorch_simple_transformer,100,42,matr,matr_b3c39,1146.0,3416.76941290857
sandia_to_matr,naive_cross,sandia,matr,pytorch_simple_transformer,100,42,matr,matr_b3c4,1006.0,3435.311447040852
sandia_to_matr,naive_cross,sandia,matr,pytorch_simple_transformer,100,42,matr,matr_b3c40,779.0,3412.2366108088713
sandia_to_matr,naive_cross,sandia,matr,pytorch_simple_transformer,100,42,matr,matr_b3c41,773.0,3410.5090880119296
sandia_to_matr,naive_cross,sandia,matr,pytorch_simple_transformer,100,42,matr,matr_b3c42,1587.0,3433.04508649631
sandia_to_matr,naive_cross,sandia,matr,pytorch_simple_transformer,100,42,matr,matr_b3c43,1018.0,3427.170002912271
sandia_to_matr,naive_cross,sandia,matr,pytorch_simple_transformer,100,42,matr,matr_b3c44,921.0,3406.822729785201
sandia_to_matr,naive_cross,sandia,matr,pytorch_simple_transformer,100,42,matr,matr_b3c45,1735.0,3430.5904592495253
sandia_to_matr,naive_cross,sandia,matr,pytorch_simple_transformer,100,42,matr,matr_b3c5,815.0,3442.0013358290294
sandia_to_matr,naive_cross,sandia,matr,pytorch_simple_transformer,100,42,matr,matr_b3c6,630.0,3268.3452899448926
sandia_to_matr,naive_cross,sandia,matr,pytorch_simple_transformer,100,42,matr,matr_b3c7,1774.0,3423.759487223917
sandia_to_matr,naive_cross,sandia,matr,pytorch_simple_transformer,100,42,matr,matr_b3c8,810.0,3422.365551376117
sandia_to_matr,naive_cross,sandia,matr,pytorch_simple_transformer,100,42,matr,matr_b3c9,1010.0,3419.589165523067
sandia_to_matr,naive_cross,sandia,matr,pytorch_simple_transformer,100,456,matr,matr_b1c0,1717.0,264.70364966406675
sandia_to_matr,naive_cross,sandia,matr,pytorch_simple_transformer,100,456,matr,matr_b1c1,2066.0,2664.6217200062333
sandia_to_matr,naive_cross,sandia,matr,pytorch_simple_transformer,100,456,matr,matr_b1c11,771.0,2662.5425746921055
sandia_to_matr,naive_cross,sandia,matr,pytorch_simple_transformer,100,456,matr,matr_b1c12,897.0,2670.1825367145807
sandia_to_matr,naive_cross,sandia,matr,pytorch_simple_transformer,100,456,matr,matr_b1c14,845.0,2665.6256757025335
sandia_to_matr,naive_cross,sandia,matr,pytorch_simple_transformer,100,456,matr,matr_b1c15,699.0,2662.9336399728218
sandia_to_matr,naive_cross,sandia,matr,pytorch_simple_transformer,100,456,matr,matr_b1c16,824.0,2667.2238888272677
sandia_to_matr,naive_cross,sandia,matr,pytorch_simple_transformer,100,456,matr,matr_b1c17,825.0,2669.250686023891
sandia_to_matr,naive_cross,sandia,matr,pytorch_simple_transformer,100,456,matr,matr_b1c18,665.0,256.1763341340442
sandia_to_matr,naive_cross,sandia,matr,pytorch_simple_transformer,100,456,matr,matr_b1c19,740.0,2672.245986044076
sandia_to_matr,naive_cross,sandia,matr,pytorch_simple_transformer,100,456,matr,matr_b1c2,1487.0,2669.0801365525167
sandia_to_matr,naive_cross,sandia,matr,pytorch_simple_transformer,100,456,matr,matr_b1c20,504.0,2705.6801374263505
sandia_to_matr,naive_cross,sandia,matr,pytorch_simple_transformer,100,456,matr,matr_b1c21,535.0,2691.966967422615
sandia_to_matr,naive_cross,sandia,matr,pytorch_simple_transformer,100,456,matr,matr_b1c23,974.0,2676.658447597246
sandia_to_matr,naive_cross,sandia,matr,pytorch_simple_transformer,100,456,matr,matr_b1c24,979.0,2675.8110984902396
sandia_to_matr,naive_cross,sandia,matr,pytorch_simple_transformer,100,456,matr,matr_b1c25,817.0,2672.730235864491
sandia_to_matr,naive_cross,sandia,matr,pytorch_simple_transformer,100,456,matr,matr_b1c26,826.0,2677.720565002196
sandia_to_matr,naive_cross,sandia,matr,pytorch_simple_transformer,100,456,matr,matr_b1c27,809.0,2675.0686124969
sandia_to_matr,naive_cross,sandia,matr,pytorch_simple_transformer,100,456,matr,matr_b1c28,815.0,2678.9031768263135
sandia_to_matr,naive_cross,sandia,matr,pytorch_simple_transformer,100,456,matr,matr_b1c29,872.0,2676.3317270059397
sandia_to_matr,naive_cross,sandia,matr,pytorch_simple_transformer,100,456,matr,matr_b1c3,1344.0,2668.07233532793
sandia_to_matr,naive_cross,sandia,matr,pytorch_simple_transformer,100,456,matr,matr_b1c30,679.0,2683.3535006962065
sandia_to_matr,naive_cross,sandia,matr,pytorch_simple_transformer,100,456,matr,matr_b1c31,827.0,2685.287556092735
sandia_to_matr,naive_cross,sandia,matr,pytorch_simple_transformer,100,456,matr,matr_b1c32,694.0,2677.932528277395
sandia_to_matr,naive_cross,sandia,matr,pytorch_simple_transformer,100,456,matr,matr_b1c33,708.0,2678.1840968271163
sandia_to_matr,naive_cross,sandia,matr,pytorch_simple_transformer,100,456,matr,matr_b1c34,714.0,2678.1917591842403
sandia_to_matr,naive_cross,sandia,matr,pytorch_simple_transformer,100,456,matr,matr_b1c35,676.0,2675.025243396545
sandia_to_matr,naive_cross,sandia,matr,pytorch_simple_transformer,100,456,matr,matr_b1c36,670.0,2678.5506374656447
sandia_to_matr,naive_cross,sandia,matr,pytorch_simple_transformer,100,456,matr,matr_b1c37,622.0,2678.7230693995666
sandia_to_matr,naive_cross,sandia,matr,pytorch_simple_transformer,100,456,matr,matr_b1c38,592.0,2676.9673373292526
sandia_to_matr,naive_cross,sandia,matr,pytorch_simple_transformer,100,456,matr,matr_b1c39,592.0,2675.0265189482843
sandia_to_matr,naive_cross,sandia,matr,pytorch_simple_transformer,100,456,matr,matr_b1c4,1618.0,2667.5774814087194
sandia_to_matr,naive_cross,sandia,matr,pytorch_simple_transformer,100,456,matr,matr_b1c40,919.0,2675.5099968587965
sandia_to_matr,naive_cross,sandia,matr,pytorch_simple_transformer,100,456,matr,matr_b1c41,1005.0,2674.1937131279806
sandia_to_matr,naive_cross,sandia,matr,pytorch_simple_transformer,100,456,matr,matr_b1c42,661.0,2675.259955157043
sandia_to_matr,naive_cross,sandia,matr,pytorch_simple_transformer,100,456,matr,matr_b1c43,626.0,2680.7151433619956
sandia_to_matr,naive_cross,sandia,matr,pytorch_simple_transformer,100,456,matr,matr_b1c44,575.0,2682.579501137854
sandia_to_matr,naive_cross,sandia,matr,pytorch_simple_transformer,100,456,matr,matr_b1c45,563.0,2677.5137254515525
sandia_to_matr,naive_cross,sandia,matr,pytorch_simple_transformer,100,456,matr,matr_b1c5,909.0,2667.816628140078
sandia_to_matr,naive_cross,sandia,matr,pytorch_simple_transformer,100,456,matr,matr_b1c6,613.0,2668.231369571255
sandia_to_matr,naive_cross,sandia,matr,pytorch_simple_transformer,100,456,matr,matr_b1c7,818.0,2677.296688782317
sandia_to_matr,naive_cross,sandia,matr,pytorch_simple_transformer,100,456,matr,matr_b1c9,1012.0,2667.359978265147
sandia_to_matr,naive_cross,sandia,matr,pytorch_simple_transformer,100,456,matr,matr_b2c0,278.0,2748.394551177765
sandia_to_matr,naive_cross,sandia,matr,pytorch_simple_transformer,100,456,matr,matr_b2c1,133.0,230.8276599967546
sandia_to_matr,naive_cross,sandia,matr,pytorch_simple_transformer,100,456,matr,matr_b2c10,251.0,2678.844417044164
sandia_to_matr,naive_cross,sandia,matr,pytorch_simple_transformer,100,456,matr,matr_b2c11,250.0,2678.509766338297
sandia_to_matr,naive_cross,sandia,matr,pytorch_simple_transformer,100,456,matr,matr_b2c12,435.0,2697.803532450171
sandia_to_matr,naive_cross,sandia,matr,pytorch_simple_transformer,100,456,matr,matr_b2c13,454.0,2698.717040286047
sandia_to_matr,naive_cross,sandia,matr,pytorch_simple_transformer,100,456,matr,matr_b2c14,466.0,2674.651532932803
sandia_to_matr,naive_cross,sandia,matr,pytorch_simple_transformer,100,456,matr,matr_b2c17,476.0,2671.7618239608682
sandia_to_matr,naive_cross,sandia,matr,pytorch_simple_transformer,100,456,matr,matr_b2c18,468.0,2695.1136983534316
sandia_to_matr,naive_cross,sandia,matr,pytorch_simple_transformer,100,456,matr,matr_b2c19,455.0,2719.7886652881807
sandia_to_matr,naive_cross,sandia,matr,pytorch_simple_transformer,100,456,matr,matr_b2c2,422.0,2679.649282644134
sandia_to_matr,naive_cross,sandia,matr,pytorch_simple_transformer,100,456,matr,matr_b2c20,475.0,2672.4396754428867
sandia_to_matr,naive_cross,sandia,matr,pytorch_simple_transformer,100,456,matr,matr_b2c21,468.0,2676.0790563997257
sandia_to_matr,naive_cross,sandia,matr,pytorch_simple_transformer,100,456,matr,matr_b2c22,490.0,2672.723863586636
sandia_to_matr,naive_cross,sandia,matr,pytorch_simple_transformer,100,456,matr,matr_b2c23,502.0,2689.508655727339
sandia_to_matr,naive_cross,sandia,matr,pytorch_simple_transformer,100,456,matr,matr_b2c24,478.0,2671.2229782873815
sandia_to_matr,naive_cross,sandia,matr,pytorch_simple_transformer,100,456,matr,matr_b2c25,446.0,2678.208361033215
sandia_to_matr,naive_cross,sandia,matr,pytorch_simple_transformer,100,456,matr,matr_b2c26,450.0,2677.4792537464887
sandia_to_matr,naive_cross,sandia,matr,pytorch_simple_transformer,100,456,matr,matr_b2c27,453.0,2673.446576728362
sandia_to_matr,naive_cross,sandia,matr,pytorch_simple_transformer,100,456,matr,matr_b2c28,491.0,2685.1326267309287
sandia_to_matr,naive_cross,sandia,matr,pytorch_simple_transformer,100,456,matr,matr_b2c29,481.0,2667.0013276079726
sandia_to_matr,naive_cross,sandia,matr,pytorch_simple_transformer,100,456,matr,matr_b2c3,314.0,2712.9975306472124
sandia_to_matr,naive_cross,sandia,matr,pytorch_simple_transformer,100,456,matr,matr_b2c30,466.0,2667.6041935438375
sandia_to_matr,naive_cross,sandia,matr,pytorch_simple_transformer,100,456,matr,matr_b2c31,474.0,2666.4977719197973
sandia_to_matr,naive_cross,sandia,matr,pytorch_simple_transformer,100,456,matr,matr_b2c32,500.0,2673.3917609476002
sandia_to_matr,naive_cross,sandia,matr,pytorch_simple_transformer,100,456,matr,matr_b2c33,499.0,2669.0572277522588
sandia_to_matr,naive_cross,sandia,matr,pytorch_simple_transformer,100,456,matr,matr_b2c34,483.0,2667.475723344371
sandia_to_matr,naive_cross,sandia,matr,pytorch_simple_transformer,100,456,matr,matr_b2c35,449.0,2668.3344288224716
sandia_to_matr,naive_cross,sandia,matr,pytorch_simple_transformer,100,456,matr,matr_b2c36,513.0,2664.8453533442935
sandia_to_matr,naive_cross,sandia,matr,pytorch_simple_transformer,100,456,matr,matr_b2c37,461.0,2666.4392842411326
sandia_to_matr,naive_cross,sandia,matr,pytorch_simple_transformer,100,456,matr,matr_b2c38,451.0,2668.3153434756337
sandia_to_matr,naive_cross,sandia,matr,pytorch_simple_transformer,100,456,matr,matr_b2c39,442.0,2661.0334490486916
sandia_to_matr,naive_cross,sandia,matr,pytorch_simple_transformer,100,456,matr,matr_b2c4,247.0,2694.938926291918
sandia_to_matr,naive_cross,sandia,matr,pytorch_simple_transformer,100,456,matr,matr_b2c40,476.0,2682.3160084405954
sandia_to_matr,naive_cross,sandia,matr,pytorch_simple_transformer,100,456,matr,matr_b2c41,416.0,2669.4212463930726
sandia_to_matr,naive_cross,sandia,matr,pytorch_simple_transformer,100,456,matr,matr_b2c42,444.0,2671.835716710974
sandia_to_matr,naive_cross,sandia,matr,pytorch_simple_transformer,100,456,matr,matr_b2c43,443.0,2666.8016742040004
sandia_to_matr,naive_cross,sandia,matr,pytorch_simple_transformer,100,456,matr,matr_b2c44,442.0,2668.3484248302457
sandia_to_matr,naive_cross,sandia,matr,pytorch_simple_transformer,100,456,matr,matr_b2c45,470.0,2672.2600025688375
sandia_to_matr,naive_cross,sandia,matr,pytorch_simple_transformer,100,456,matr,matr_b2c46,417.0,2665.062651439118
sandia_to_matr,naive_cross,sandia,matr,pytorch_simple_transformer,100,456,matr,matr_b2c47,705.0,2661.849463740548
sandia_to_matr,naive_cross,sandia,matr,pytorch_simple_transformer,100,456,matr,matr_b2c5,464.0,2672.0726969022717
sandia_to_matr,naive_cross,sandia,matr,pytorch_simple_transformer,100,456,matr,matr_b2c6,475.0,2708.8984408220904
sandia_to_matr,naive_cross,sandia,matr,pytorch_simple_transformer,100,456,matr,matr_b3c0,985.0,2674.9244767311247
sandia_to_matr,naive_cross,sandia,matr,pytorch_simple_transformer,100,456,matr,matr_b3c1,1033.0,2677.4920209929132
sandia_to_matr,naive_cross,sandia,matr,pytorch_simple_transformer,100,456,matr,matr_b3c10,1046.0,2676.7056722315183
sandia_to_matr,naive_cross,sandia,matr,pytorch_simple_transformer,100,456,matr,matr_b3c11,792.0,2678.2428421253067
sandia_to_matr,naive_cross,sandia,matr,pytorch_simple_transformer,100,456,matr,matr_b3c12,903.0,2678.5187068441146
sandia_to_matr,naive_cross,sandia,matr,pytorch_simple_transformer,100,456,matr,matr_b3c13,794.0,2673.200551906342
sandia_to_matr,naive_cross,sandia,matr,pytorch_simple_transformer,100,456,matr,matr_b3c14,834.0,2671.8981449372563
sandia_to_matr,naive_cross,sandia,matr,pytorch_simple_transformer,100,456,matr,matr_b3c15,850.0,2677.465209845737
sandia_to_matr,naive_cross,sandia,matr,pytorch_simple_transformer,100,456,matr,matr_b3c16,1589.0,2679.6186166672323
sandia_to_matr,naive_cross,sandia,matr,pytorch_simple_transformer,100,456,matr,matr_b3c17,1269.0,2687.4523801018654
sandia_to_matr,naive_cross,sandia,matr,pytorch_simple_transformer,100,456,matr,matr_b3c18,1100.0,2684.3158742692053
sandia_to_matr,naive_cross,sandia,matr,pytorch_simple_transformer,100,456,matr,matr_b3c19,1105.0,2685.043002255928
sandia_to_matr,naive_cross,sandia,matr,pytorch_simple_transformer,100,456,matr,matr_b3c2,1224.0,2679.1446164149165
sandia_to_matr,naive_cross,sandia,matr,pytorch_simple_transformer,100,456,matr,matr_b3c20,793.0,2677.8214369986244
sandia_to_matr,naive_cross,sandia,matr,pytorch_simple_transformer,100,456,matr,matr_b3c21,745.0,2716.1688449122944
sandia_to_matr,naive_cross,sandia,matr,pytorch_simple_transformer,100,456,matr,matr_b3c22,991.0,2679.503622379398
sandia_to_matr,naive_cross,sandia,matr,pytorch_simple_transformer,100,456,matr,matr_b3c24,817.0,2670.614200726071
sandia_to_matr,naive_cross,sandia,matr,pytorch_simple_transformer,100,456,matr,matr_b3c25,970.0,2673.4631491624145
sandia_to_matr,naive_cross,sandia,matr,pytorch_simple_transformer,100,456,matr,matr_b3c26,989.0,2675.4360024921643
sandia_to_matr,naive_cross,sandia,matr,pytorch_simple_transformer,100,456,matr,matr_b3c27,828.0,2675.289295575087
sandia_to_matr,naive_cross,sandia,matr,pytorch_simple_transformer,100,456,matr,matr_b3c28,524.0,2725.191707335866
sandia_to_matr,naive_cross,sandia,matr,pytorch_simple_transformer,100,456,matr,matr_b3c29,833.0,2669.7293009430105
sandia_to_matr,naive_cross,sandia,matr,pytorch_simple_transformer,100,456,matr,matr_b3c3,1084.0,2677.9223127949863
sandia_to_matr,naive_cross,sandia,matr,pytorch_simple_transformer,100,456,matr,matr_b3c30,913.0,2675.4232450495765
sandia_to_matr,naive_cross,sandia,matr,pytorch_simple_transformer,100,456,matr,matr_b3c31,713.0,2677.280092584674
sandia_to_matr,naive_cross,sandia,matr,pytorch_simple_transformer,100,456,matr,matr_b3c33,1257.0,2679.225101113255
sandia_to_matr,naive_cross,sandia,matr,pytorch_simple_transformer,100,456,matr,matr_b3c34,1125.0,2678.923615313527
sandia_to_matr,naive_cross,sandia,matr,pytorch_simple_transformer,100,456,matr,matr_b3c35,1056.0,2681.8786165496685
sandia_to_matr,naive_cross,sandia,matr,pytorch_simple_transformer,100,456,matr,matr_b3c36,910.0,2678.4701730283896
sandia_to_matr,naive_cross,sandia,matr,pytorch_simple_transformer,100,456,matr,matr_b3c37,1376.0,2695.3244679730938
sandia_to_matr,naive_cross,sandia,matr,pytorch_simple_transformer,100,456,matr,matr_b3c38,1873.0,2680.471005942817
sandia_to_matr,naive_cross,sandia,matr,pytorch_simple_transformer,100,456,matr,matr_b3c39,1146.0,2672.7952339664284
sandia_to_matr,naive_cross,sandia,matr,pytorch_simple_transformer,100,456,matr,matr_b3c4,1006.0,2678.8380301889824
sandia_to_matr,naive_cross,sandia,matr,pytorch_simple_transformer,100,456,matr,matr_b3c40,779.0,2671.4599041314495
sandia_to_matr,naive_cross,sandia,matr,pytorch_simple_transformer,100,456,matr,matr_b3c41,773.0,2672.19246908033
sandia_to_matr,naive_cross,sandia,matr,pytorch_simple_transformer,100,456,matr,matr_b3c42,1587.0,2677.1383907787217
sandia_to_matr,naive_cross,sandia,matr,pytorch_simple_transformer,100,456,matr,matr_b3c43,1018.0,2675.576338375629
sandia_to_matr,naive_cross,sandia,matr,pytorch_simple_transformer,100,456,matr,matr_b3c44,921.0,2671.631879598787
sandia_to_matr,naive_cross,sandia,matr,pytorch_simple_transformer,100,456,matr,matr_b3c45,1735.0,2677.317115012953
sandia_to_matr,naive_cross,sandia,matr,pytorch_simple_transformer,100,456,matr,matr_b3c5,815.0,2681.6663409343396
sandia_to_matr,naive_cross,sandia,matr,pytorch_simple_transformer,100,456,matr,matr_b3c6,630.0,2730.6588676302104
sandia_to_matr,naive_cross,sandia,matr,pytorch_simple_transformer,100,456,matr,matr_b3c7,1774.0,2676.3036513160705
sandia_to_matr,naive_cross,sandia,matr,pytorch_simple_transformer,100,456,matr,matr_b3c8,810.0,2674.6221995092255
sandia_to_matr,naive_cross,sandia,matr,pytorch_simple_transformer,100,456,matr,matr_b3c9,1010.0,2674.2421694543536
sandia_to_matr,naive_cross,sandia,matr,pytorch_simple_transformer,100,789,matr,matr_b1c0,1717.0,260.8730746819271
sandia_to_matr,naive_cross,sandia,matr,pytorch_simple_transformer,100,789,matr,matr_b1c1,2066.0,2611.9371879816567
sandia_to_matr,naive_cross,sandia,matr,pytorch_simple_transformer,100,789,matr,matr_b1c11,771.0,2605.272484083877
sandia_to_matr,naive_cross,sandia,matr,pytorch_simple_transformer,100,789,matr,matr_b1c12,897.0,2616.0567072744243
sandia_to_matr,naive_cross,sandia,matr,pytorch_simple_transformer,100,789,matr,matr_b1c14,845.0,2614.0291672568273
sandia_to_matr,naive_cross,sandia,matr,pytorch_simple_transformer,100,789,matr,matr_b1c15,699.0,2610.19411367164
sandia_to_matr,naive_cross,sandia,matr,pytorch_simple_transformer,100,789,matr,matr_b1c16,824.0,2615.3569909288303
sandia_to_matr,naive_cross,sandia,matr,pytorch_simple_transformer,100,789,matr,matr_b1c17,825.0,2614.822040005758
sandia_to_matr,naive_cross,sandia,matr,pytorch_simple_transformer,100,789,matr,matr_b1c18,665.0,281.0218720401837
sandia_to_matr,naive_cross,sandia,matr,pytorch_simple_transformer,100,789,matr,matr_b1c19,740.0,2621.942470379402
sandia_to_matr,naive_cross,sandia,matr,pytorch_simple_transformer,100,789,matr,matr_b1c2,1487.0,2615.2547307776526
sandia_to_matr,naive_cross,sandia,matr,pytorch_simple_transformer,100,789,matr,matr_b1c20,504.0,2661.523281662697
sandia_to_matr,naive_cross,sandia,matr,pytorch_simple_transformer,100,789,matr,matr_b1c21,535.0,2643.702673676594
sandia_to_matr,naive_cross,sandia,matr,pytorch_simple_transformer,100,789,matr,matr_b1c23,974.0,2619.915365766481
sandia_to_matr,naive_cross,sandia,matr,pytorch_simple_transformer,100,789,matr,matr_b1c24,979.0,2619.7954383036404
sandia_to_matr,naive_cross,sandia,matr,pytorch_simple_transformer,100,789,matr,matr_b1c25,817.0,2618.5914709966337
sandia_to_matr,naive_cross,sandia,matr,pytorch_simple_transformer,100,789,matr,matr_b1c26,826.0,2622.1050065646155
sandia_to_matr,naive_cross,sandia,matr,pytorch_simple_transformer,100,789,matr,matr_b1c27,809.0,2623.0766829443264
sandia_to_matr,naive_cross,sandia,matr,pytorch_simple_transformer,100,789,matr,matr_b1c28,815.0,2625.5506417829133
sandia_to_matr,naive_cross,sandia,matr,pytorch_simple_transformer,100,789,matr,matr_b1c29,872.0,2622.9228414628037
sandia_to_matr,naive_cross,sandia,matr,pytorch_simple_transformer,100,789,matr,matr_b1c3,1344.0,2616.9712355115316
sandia_to_matr,naive_cross,sandia,matr,pytorch_simple_transformer,100,789,matr,matr_b1c30,679.0,2623.239289440229
sandia_to_matr,naive_cross,sandia,matr,pytorch_simple_transformer,100,789,matr,matr_b1c31,827.0,2631.11272390922
sandia_to_matr,naive_cross,sandia,matr,pytorch_simple_transformer,100,789,matr,matr_b1c32,694.0,2625.384136368604
sandia_to_matr,naive_cross,sandia,matr,pytorch_simple_transformer,100,789,matr,matr_b1c33,708.0,2626.7352632080338
sandia_to_matr,naive_cross,sandia,matr,pytorch_simple_transformer,100,789,matr,matr_b1c34,714.0,2620.8999778599746
sandia_to_matr,naive_cross,sandia,matr,pytorch_simple_transformer,100,789,matr,matr_b1c35,676.0,2618.4628640581755
sandia_to_matr,naive_cross,sandia,matr,pytorch_simple_transformer,100,789,matr,matr_b1c36,670.0,2624.146318241117
sandia_to_matr,naive_cross,sandia,matr,pytorch_simple_transformer,100,789,matr,matr_b1c37,622.0,2624.7520127212765
sandia_to_matr,naive_cross,sandia,matr,pytorch_simple_transformer,100,789,matr,matr_b1c38,592.0,2624.0825032029416
sandia_to_matr,naive_cross,sandia,matr,pytorch_simple_transformer,100,789,matr,matr_b1c39,592.0,2621.4849226143942
sandia_to_matr,naive_cross,sandia,matr,pytorch_simple_transformer,100,789,matr,matr_b1c4,1618.0,2616.8077697614413
sandia_to_matr,naive_cross,sandia,matr,pytorch_simple_transformer,100,789,matr,matr_b1c40,919.0,2622.9716194922385
sandia_to_matr,naive_cross,sandia,matr,pytorch_simple_transformer,100,789,matr,matr_b1c41,1005.0,2620.853737795479
sandia_to_matr,naive_cross,sandia,matr,pytorch_simple_transformer,100,789,matr,matr_b1c42,661.0,2621.5786758973813
sandia_to_matr,naive_cross,sandia,matr,pytorch_simple_transformer,100,789,matr,matr_b1c43,626.0,2628.980747206713
sandia_to_matr,naive_cross,sandia,matr,pytorch_simple_transformer,100,789,matr,matr_b1c44,575.0,2631.413848094759
sandia_to_matr,naive_cross,sandia,matr,pytorch_simple_transformer,100,789,matr,matr_b1c45,563.0,2625.297758020568
sandia_to_matr,naive_cross,sandia,matr,pytorch_simple_transformer,100,789,matr,matr_b1c5,909.0,2616.656791384165
sandia_to_matr,naive_cross,sandia,matr,pytorch_simple_transformer,100,789,matr,matr_b1c6,613.0,2618.6264331980656
sandia_to_matr,naive_cross,sandia,matr,pytorch_simple_transformer,100,789,matr,matr_b1c7,818.0,2625.6407844579917
sandia_to_matr,naive_cross,sandia,matr,pytorch_simple_transformer,100,789,matr,matr_b1c9,1012.0,2613.695135648419
sandia_to_matr,naive_cross,sandia,matr,pytorch_simple_transformer,100,789,matr,matr_b2c0,278.0,2566.5257582253703
sandia_to_matr,naive_cross,sandia,matr,pytorch_simple_transformer,100,789,matr,matr_b2c1,133.0,197.4036591899326
sandia_to_matr,naive_cross,sandia,matr,pytorch_simple_transformer,100,789,matr,matr_b2c10,251.0,2632.8973876083182
sandia_to_matr,naive_cross,sandia,matr,pytorch_simple_transformer,100,789,matr,matr_b2c11,250.0,2629.3455688685485
sandia_to_matr,naive_cross,sandia,matr,pytorch_simple_transformer,100,789,matr,matr_b2c12,435.0,2657.7592178696405
sandia_to_matr,naive_cross,sandia,matr,pytorch_simple_transformer,100,789,matr,matr_b2c13,454.0,2652.357068102858
sandia_to_matr,naive_cross,sandia,matr,pytorch_simple_transformer,100,789,matr,matr_b2c14,466.0,2619.115953034831
sandia_to_matr,naive_cross,sandia,matr,pytorch_simple_transformer,100,789,matr,matr_b2c17,476.0,2599.98073792234
sandia_to_matr,naive_cross,sandia,matr,pytorch_simple_transformer,100,789,matr,matr_b2c18,468.0,2639.696953634459
sandia_to_matr,naive_cross,sandia,matr,pytorch_simple_transformer,100,789,matr,matr_b2c19,455.0,2674.211565356598
sandia_to_matr,naive_cross,sandia,matr,pytorch_simple_transformer,100,789,matr,matr_b2c2,422.0,2620.3926315177064
sandia_to_matr,naive_cross,sandia,matr,pytorch_simple_transformer,100,789,matr,matr_b2c20,475.0,2618.5440230413187
sandia_to_matr,naive_cross,sandia,matr,pytorch_simple_transformer,100,789,matr,matr_b2c21,468.0,2627.818920783812
sandia_to_matr,naive_cross,sandia,matr,pytorch_simple_transformer,100,789,matr,matr_b2c22,490.0,2621.539924133895
sandia_to_matr,naive_cross,sandia,matr,pytorch_simple_transformer,100,789,matr,matr_b2c23,502.0,2640.29616549748
sandia_to_matr,naive_cross,sandia,matr,pytorch_simple_transformer,100,789,matr,matr_b2c24,478.0,2618.949855691308
sandia_to_matr,naive_cross,sandia,matr,pytorch_simple_transformer,100,789,matr,matr_b2c25,446.0,2626.974506373359
sandia_to_matr,naive_cross,sandia,matr,pytorch_simple_transformer,100,789,matr,matr_b2c26,450.0,2624.4278737011064
sandia_to_matr,naive_cross,sandia,matr,pytorch_simple_transformer,100,789,matr,matr_b2c27,453.0,2617.190869693979
sandia_to_matr,naive_cross,sandia,matr,pytorch_simple_transformer,100,789,matr,matr_b2c28,491.0,2617.144695068608
sandia_to_matr,naive_cross,sandia,matr,pytorch_simple_transformer,100,789,matr,matr_b2c29,481.0,2611.6158768203727
sandia_to_matr,naive_cross,sandia,matr,pytorch_simple_transformer,100,789,matr,matr_b2c3,314.0,2680.456946349742
sandia_to_matr,naive_cross,sandia,matr,pytorch_simple_transformer,100,789,matr,matr_b2c30,466.0,2613.074548468649
sandia_to_matr,naive_cross,sandia,matr,pytorch_simple_transformer,100,789,matr,matr_b2c31,474.0,2611.486367220384
sandia_to_matr,naive_cross,sandia,matr,pytorch_simple_transformer,100,789,matr,matr_b2c32,500.0,2605.2898762121163
sandia_to_matr,naive_cross,sandia,matr,pytorch_simple_transformer,100,789,matr,matr_b2c33,499.0,2612.3233118181715
sandia_to_matr,naive_cross,sandia,matr,pytorch_simple_transformer,100,789,matr,matr_b2c34,483.0,2606.286390559911
sandia_to_matr,naive_cross,sandia,matr,pytorch_simple_transformer,100,789,matr,matr_b2c35,449.0,2615.1674386901386
sandia_to_matr,naive_cross,sandia,matr,pytorch_simple_transformer,100,789,matr,matr_b2c36,513.0,2608.1835541380656
sandia_to_matr,naive_cross,sandia,matr,pytorch_simple_transformer,100,789,matr,matr_b2c37,461.0,2612.074193132402
sandia_to_matr,naive_cross,sandia,matr,pytorch_simple_transformer,100,789,matr,matr_b2c38,451.0,2612.7705394602376
sandia_to_matr,naive_cross,sandia,matr,pytorch_simple_transformer,100,789,matr,matr_b2c39,442.0,2605.5358630303353
sandia_to_matr,naive_cross,sandia,matr,pytorch_simple_transformer,100,789,matr,matr_b2c4,247.0,2649.0568805075372
sandia_to_matr,naive_cross,sandia,matr,pytorch_simple_transformer,100,789,matr,matr_b2c40,476.0,2620.9087260720567
sandia_to_matr,naive_cross,sandia,matr,pytorch_simple_transformer,100,789,matr,matr_b2c41,416.0,2610.5501042827213
sandia_to_matr,naive_cross,sandia,matr,pytorch_simple_transformer,100,789,matr,matr_b2c42,444.0,2618.9098939927794
sandia_to_matr,naive_cross,sandia,matr,pytorch_simple_transformer,100,789,matr,matr_b2c43,443.0,2612.8253581427857
sandia_to_matr,naive_cross,sandia,matr,pytorch_simple_transformer,100,789,matr,matr_b2c44,442.0,2611.6308206490435
sandia_to_matr,naive_cross,sandia,matr,pytorch_simple_transformer,100,789,matr,matr_b2c45,470.0,2621.0474516235636
sandia_to_matr,naive_cross,sandia,matr,pytorch_simple_transformer,100,789,matr,matr_b2c46,417.0,2608.5143936891
sandia_to_matr,naive_cross,sandia,matr,pytorch_simple_transformer,100,789,matr,matr_b2c47,705.0,2611.6395379219234
sandia_to_matr,naive_cross,sandia,matr,pytorch_simple_transformer,100,789,matr,matr_b2c5,464.0,2620.4338653611267
sandia_to_matr,naive_cross,sandia,matr,pytorch_simple_transformer,100,789,matr,matr_b2c6,475.0,2671.3376172008984
sandia_to_matr,naive_cross,sandia,matr,pytorch_simple_transformer,100,789,matr,matr_b3c0,985.0,2622.1937805814373
sandia_to_matr,naive_cross,sandia,matr,pytorch_simple_transformer,100,789,matr,matr_b3c1,1033.0,2625.789777052866
sandia_to_matr,naive_cross,sandia,matr,pytorch_simple_transformer,100,789,matr,matr_b3c10,1046.0,2626.0414560148674
sandia_to_matr,naive_cross,sandia,matr,pytorch_simple_transformer,100,789,matr,matr_b3c11,792.0,2628.540771933364
sandia_to_matr,naive_cross,sandia,matr,pytorch_simple_transformer,100,789,matr,matr_b3c12,903.0,2626.2167690468355
sandia_to_matr,naive_cross,sandia,matr,pytorch_simple_transformer,100,789,matr,matr_b3c13,794.0,2623.627084071431
sandia_to_matr,naive_cross,sandia,matr,pytorch_simple_transformer,100,789,matr,matr_b3c14,834.0,2619.9016237995456
sandia_to_matr,naive_cross,sandia,matr,pytorch_simple_transformer,100,789,matr,matr_b3c15,850.0,2627.0233597508854
sandia_to_matr,naive_cross,sandia,matr,pytorch_simple_transformer,100,789,matr,matr_b3c16,1589.0,2623.280568077947
sandia_to_matr,naive_cross,sandia,matr,pytorch_simple_transformer,100,789,matr,matr_b3c17,1269.0,2617.5265961926766
sandia_to_matr,naive_cross,sandia,matr,pytorch_simple_transformer,100,789,matr,matr_b3c18,1100.0,2631.6698307487673
sandia_to_matr,naive_cross,sandia,matr,pytorch_simple_transformer,100,789,matr,matr_b3c19,1105.0,2633.905717677353
sandia_to_matr,naive_cross,sandia,matr,pytorch_simple_transformer,100,789,matr,matr_b3c2,1224.0,2629.183837555507
sandia_to_matr,naive_cross,sandia,matr,pytorch_simple_transformer,100,789,matr,matr_b3c20,793.0,2624.8145924318187
sandia_to_matr,naive_cross,sandia,matr,pytorch_simple_transformer,100,789,matr,matr_b3c21,745.0,2670.377349885559
sandia_to_matr,naive_cross,sandia,matr,pytorch_simple_transformer,100,789,matr,matr_b3c22,991.0,2627.8502470131916
sandia_to_matr,naive_cross,sandia,matr,pytorch_simple_transformer,100,789,matr,matr_b3c24,817.0,2616.6156169749015
sandia_to_matr,naive_cross,sandia,matr,pytorch_simple_transformer,100,789,matr,matr_b3c25,970.0,2618.004675147218
sandia_to_matr,naive_cross,sandia,matr,pytorch_simple_transformer,100,789,matr,matr_b3c26,989.0,2621.352423692382
sandia_to_matr,naive_cross,sandia,matr,pytorch_simple_transformer,100,789,matr,matr_b3c27,828.0,2621.6861837885285
sandia_to_matr,naive_cross,sandia,matr,pytorch_simple_transformer,100,789,matr,matr_b3c28,524.0,2684.7242194407977
sandia_to_matr,naive_cross,sandia,matr,pytorch_simple_transformer,100,789,matr,matr_b3c29,833.0,2618.345500131729
sandia_to_matr,naive_cross,sandia,matr,pytorch_simple_transformer,100,789,matr,matr_b3c3,1084.0,2626.625043322468
sandia_to_matr,naive_cross,sandia,matr,pytorch_simple_transformer,100,789,matr,matr_b3c30,913.0,2622.7727609078147
sandia_to_matr,naive_cross,sandia,matr,pytorch_simple_transformer,100,789,matr,matr_b3c31,713.0,2625.491800317257
sandia_to_matr,naive_cross,sandia,matr,pytorch_simple_transformer,100,789,matr,matr_b3c33,1257.0,2626.692677703982
sandia_to_matr,naive_cross,sandia,matr,pytorch_simple_transformer,100,789,matr,matr_b3c34,1125.0,2627.7525104125466
sandia_to_matr,naive_cross,sandia,matr,pytorch_simple_transformer,100,789,matr,matr_b3c35,1056.0,2629.5348949044505
sandia_to_matr,naive_cross,sandia,matr,pytorch_simple_transformer,100,789,matr,matr_b3c36,910.0,2628.6610997349712
sandia_to_matr,naive_cross,sandia,matr,pytorch_simple_transformer,100,789,matr,matr_b3c37,1376.0,2597.294310972239
sandia_to_matr,naive_cross,sandia,matr,pytorch_simple_transformer,100,789,matr,matr_b3c38,1873.0,2627.8728021295788
sandia_to_matr,naive_cross,sandia,matr,pytorch_simple_transformer,100,789,matr,matr_b3c39,1146.0,2621.012457098264
sandia_to_matr,naive_cross,sandia,matr,pytorch_simple_transformer,100,789,matr,matr_b3c4,1006.0,2624.52673811682
sandia_to_matr,naive_cross,sandia,matr,pytorch_simple_transformer,100,789,matr,matr_b3c40,779.0,2618.8586939576608
sandia_to_matr,naive_cross,sandia,matr,pytorch_simple_transformer,100,789,matr,matr_b3c41,773.0,2618.5652496518924
sandia_to_matr,naive_cross,sandia,matr,pytorch_simple_transformer,100,789,matr,matr_b3c42,1587.0,2624.4428908408213
sandia_to_matr,naive_cross,sandia,matr,pytorch_simple_transformer,100,789,matr,matr_b3c43,1018.0,2623.4657045029703
sandia_to_matr,naive_cross,sandia,matr,pytorch_simple_transformer,100,789,matr,matr_b3c44,921.0,2618.637671147661
sandia_to_matr,naive_cross,sandia,matr,pytorch_simple_transformer,100,789,matr,matr_b3c45,1735.0,2624.7507611422843
sandia_to_matr,naive_cross,sandia,matr,pytorch_simple_transformer,100,789,matr,matr_b3c5,815.0,2627.925431487347
sandia_to_matr,naive_cross,sandia,matr,pytorch_simple_transformer,100,789,matr,matr_b3c6,630.0,2689.0290593270543
sandia_to_matr,naive_cross,sandia,matr,pytorch_simple_transformer,100,789,matr,matr_b3c7,1774.0,2620.523832362612
sandia_to_matr,naive_cross,sandia,matr,pytorch_simple_transformer,100,789,matr,matr_b3c8,810.0,2621.4924227536476
sandia_to_matr,naive_cross,sandia,matr,pytorch_simple_transformer,100,789,matr,matr_b3c9,1010.0,2620.848738918453
hust_to_hust,within_split,hust,hust,pytorch_simple_transformer,100,1011,hust,hust_1-1,1198.0,1413.7231950986393
hust_to_hust,within_split,hust,hust,pytorch_simple_transformer,100,1011,hust,hust_1-6,829.0,1395.0671938331504
hust_to_hust,within_split,hust,hust,pytorch_simple_transformer,100,1011,hust,hust_10-2,1375.0,1541.1025073371645
hust_to_hust,within_split,hust,hust,pytorch_simple_transformer,100,1011,hust,hust_10-5,1657.0,1499.798482203382
hust_to_hust,within_split,hust,hust,pytorch_simple_transformer,100,1011,hust,hust_2-3,1413.0,1487.7693652970563
hust_to_hust,within_split,hust,hust,pytorch_simple_transformer,100,1011,hust,hust_2-7,1789.0,1499.109226732031
hust_to_hust,within_split,hust,hust,pytorch_simple_transformer,100,1011,hust,hust_3-2,1773.0,1517.1267316765582
hust_to_hust,within_split,hust,hust,pytorch_simple_transformer,100,1011,hust,hust_3-4,1396.0,1424.8437752535158
hust_to_hust,within_split,hust,hust,pytorch_simple_transformer,100,1011,hust,hust_5-4,1520.0,1424.389995998816
hust_to_hust,within_split,hust,hust,pytorch_simple_transformer,100,1011,hust,hust_6-6,1924.0,1485.347946513014
hust_to_hust,within_split,hust,hust,pytorch_simple_transformer,100,1011,hust,hust_7-6,1162.0,1433.4965185574297
hust_to_hust,within_split,hust,hust,pytorch_simple_transformer,100,1011,hust,hust_7-8,1566.0,1491.7844361866844
hust_to_hust,within_split,hust,hust,pytorch_simple_transformer,100,123,hust,hust_10-8,1093.0,1406.5781579097265
hust_to_hust,within_split,hust,hust,pytorch_simple_transformer,100,123,hust,hust_2-2,2021.0,1400.961484984991
hust_to_hust,within_split,hust,hust,pytorch_simple_transformer,100,123,hust,hust_3-3,1360.0,1456.9535377718587
hust_to_hust,within_split,hust,hust,pytorch_simple_transformer,100,123,hust,hust_4-1,1762.0,1405.5241988505268
hust_to_hust,within_split,hust,hust,pytorch_simple_transformer,100,123,hust,hust_4-7,1579.0,1391.422566712888
hust_to_hust,within_split,hust,hust,pytorch_simple_transformer,100,123,hust,hust_4-8,1389.0,1471.7228146435662
hust_to_hust,within_split,hust,hust,pytorch_simple_transformer,100,123,hust,hust_5-7,1171.0,1398.248571158156
hust_to_hust,within_split,hust,hust,pytorch_simple_transformer,100,123,hust,hust_6-1,1255.0,1398.3845920962792
hust_to_hust,within_split,hust,hust,pytorch_simple_transformer,100,123,hust,hust_6-3,1437.0,1470.1488802188317
hust_to_hust,within_split,hust,hust,pytorch_simple_transformer,100,123,hust,hust_9-1,1647.0,1448.941103204575
hust_to_hust,within_split,hust,hust,pytorch_simple_transformer,100,123,hust,hust_9-5,1719.0,1449.0350698697
hust_to_hust,within_split,hust,hust,pytorch_simple_transformer,100,123,hust,hust_9-7,1617.0,1447.1410226358364
hust_to_hust,within_split,hust,hust,pytorch_simple_transformer,100,42,hust,hust_1-4,1213.0,1594.22139023766
hust_to_hust,within_split,hust,hust,pytorch_simple_transformer,100,42,hust,hust_1-5,1538.0,1595.6245468458426
hust_to_hust,within_split,hust,hust,pytorch_simple_transformer,100,42,hust,hust_10-2,1375.0,1576.9815674954543
hust_to_hust,within_split,hust,hust,pytorch_simple_transformer,100,42,hust,hust_3-7,1870.0,1426.034613744724
hust_to_hust,within_split,hust,hust,pytorch_simple_transformer,100,42,hust,hust_4-1,1762.0,1412.2651609981147
hust_to_hust,within_split,hust,hust,pytorch_simple_transformer,100,42,hust,hust_4-3,931.0,1397.7079520918944
hust_to_hust,within_split,hust,hust,pytorch_simple_transformer,100,42,hust,hust_4-7,1579.0,1399.980491810516
hust_to_hust,within_split,hust,hust,pytorch_simple_transformer,100,42,hust,hust_5-6,1807.0,1412.8235369527677
hust_to_hust,within_split,hust,hust,pytorch_simple_transformer,100,42,hust,hust_5-7,1171.0,1400.2762533322095
hust_to_hust,within_split,hust,hust,pytorch_simple_transformer,100,42,hust,hust_6-3,1437.0,1596.2485683571874
hust_to_hust,within_split,hust,hust,pytorch_simple_transformer,100,42,hust,hust_8-8,1351.0,1593.728107154866
hust_to_hust,within_split,hust,hust,pytorch_simple_transformer,100,42,hust,hust_9-3,1526.0,1586.20267884614
hust_to_hust,within_split,hust,hust,pytorch_simple_transformer,100,456,hust,hust_1-2,1966.0,1281.8195873942157
hust_to_hust,within_split,hust,hust,pytorch_simple_transformer,100,456,hust,hust_1-4,1213.0,1535.1338460219447
hust_to_hust,within_split,hust,hust,pytorch_simple_transformer,100,456,hust,hust_10-2,1375.0,1547.5488724358456
hust_to_hust,within_split,hust,hust,pytorch_simple_transformer,100,456,hust,hust_10-3,1477.0,1292.4978112976055
hust_to_hust,within_split,hust,hust,pytorch_simple_transformer,100,456,hust,hust_3-6,1979.0,1554.1474390715373
hust_to_hust,within_split,hust,hust,pytorch_simple_transformer,100,456,hust,hust_5-5,1242.0,1539.9639030017067
hust_to_hust,within_split,hust,hust,pytorch_simple_transformer,100,456,hust,hust_5-6,1807.0,1312.2652437681481
hust_to_hust,within_split,hust,hust,pytorch_simple_transformer,100,456,hust,hust_7-1,1308.0,1386.4593059188473
hust_to_hust,within_split,hust,hust,pytorch_simple_transformer,100,456,hust,hust_7-2,1637.0,1575.020914806549
hust_to_hust,within_split,hust,hust,pytorch_simple_transformer,100,456,hust,hust_7-6,1162.0,1337.6835539646113
hust_to_hust,within_split,hust,hust,pytorch_simple_transformer,100,456,hust,hust_9-2,1679.0,1559.8366866331983
hust_to_hust,within_split,hust,hust,pytorch_simple_transformer,100,456,hust,hust_9-7,1617.0,1554.6633130433838
hust_to_hust,within_split,hust,hust,pytorch_simple_transformer,100,789,hust,hust_1-4,1213.0,1597.8927387542255
hust_to_hust,within_split,hust,hust,pytorch_simple_transformer,100,789,hust,hust_10-6,1659.0,1472.7674221132393
hust_to_hust,within_split,hust,hust,pytorch_simple_transformer,100,789,hust,hust_10-7,1435.0,1594.5042037671178
hust_to_hust,within_split,hust,hust,pytorch_simple_transformer,100,789,hust,hust_2-5,1092.0,1597.354141760987
hust_to_hust,within_split,hust,hust,pytorch_simple_transformer,100,789,hust,hust_3-4,1396.0,1498.4595861699095
hust_to_hust,within_split,hust,hust,pytorch_simple_transformer,100,789,hust,hust_4-1,1762.0,1504.930646812174
hust_to_hust,within_split,hust,hust,pytorch_simple_transformer,100,789,hust,hust_4-3,931.0,1453.0710133469279
hust_to_hust,within_split,hust,hust,pytorch_simple_transformer,100,789,hust,hust_4-8,1389.0,1596.3832977044062
hust_to_hust,within_split,hust,hust,pytorch_simple_transformer,100,789,hust,hust_5-2,1574.0,1599.5279246456334
hust_to_hust,within_split,hust,hust,pytorch_simple_transformer,100,789,hust,hust_8-3,1844.0,1594.935362839815
hust_to_hust,within_split,hust,hust,pytorch_simple_transformer,100,789,hust,hust_9-5,1719.0,1590.4166556130042
hust_to_hust,within_split,hust,hust,pytorch_simple_transformer,100,789,hust,hust_9-7,1617.0,1590.604742434035
luh_to_luh,within_split,luh,luh,pytorch_simple_transformer,100,1011,luh,luh_P017_1_S01_C08,139.0,140.04237788570683
luh_to_luh,within_split,luh,luh,pytorch_simple_transformer,100,1011,luh,luh_P017_3_S05_C05,126.0,122.81327722770936
luh_to_luh,within_split,luh,luh,pytorch_simple_transformer,100,1011,luh,luh_P021_1_S02_C08,451.0,464.8248603858769
luh_to_luh,within_split,luh,luh,pytorch_simple_transformer,100,1011,luh,luh_P027_3_S03_C05,298.0,618.0182349471894
luh_to_luh,within_split,luh,luh,pytorch_simple_transformer,100,1011,luh,luh_P030_3_S09_C05,123.0,126.59498899786892
luh_to_luh,within_split,luh,luh,pytorch_simple_transformer,100,1011,luh,luh_P037_1_S05_C11,741.0,861.2342930532598
luh_to_luh,within_split,luh,luh,pytorch_simple_transformer,100,1011,luh,luh_P039_1_S05_C10,552.0,882.3917916706607
luh_to_luh,within_split,luh,luh,pytorch_simple_transformer,100,1011,luh,luh_P043_3_S14_C03,153.0,179.80836955927006
luh_to_luh,within_split,luh,luh,pytorch_simple_transformer,100,1011,luh,luh_P046_1_S12_C06,1095.0,696.6005840423608
luh_to_luh,within_split,luh,luh,pytorch_simple_transformer,100,1011,luh,luh_P047_2_S14_C04,923.0,640.6497714636257
luh_to_luh,within_split,luh,luh,pytorch_simple_transformer,100,1011,luh,luh_P047_3_S15_C01,866.0,709.195860096315
luh_to_luh,within_split,luh,luh,pytorch_simple_transformer,100,1011,luh,luh_P053_1_S15_C08,323.0,255.70305711034896
luh_to_luh,within_split,luh,luh,pytorch_simple_transformer,100,1011,luh,luh_P054_1_S16_C06,359.0,297.878673546393
luh_to_luh,within_split,luh,luh,pytorch_simple_transformer,100,1011,luh,luh_P055_2_S16_C04,350.0,304.4877299813922
luh_to_luh,within_split,luh,luh,pytorch_simple_transformer,100,1011,luh,luh_P058_2_S18_C06,672.0,618.6480221292244
luh_to_luh,within_split,luh,luh,pytorch_simple_transformer,100,1011,luh,luh_P063_1_S16_C05,1149.0,1245.3810032485403
luh_to_luh,within_split,luh,luh,pytorch_simple_transformer,100,123,luh,luh_P018_1_S01_C06,109.0,108.75352171596654
luh_to_luh,within_split,luh,luh,pytorch_simple_transformer,100,123,luh,luh_P021_3_S04_C08,430.0,462.42070158147476
luh_to_luh,within_split,luh,luh,pytorch_simple_transformer,100,123,luh,luh_P025_2_S02_C09,690.0,826.862956283034
luh_to_luh,within_split,luh,luh,pytorch_simple_transformer,100,123,luh,luh_P027_1_S01_C05,269.0,608.6172349798749
luh_to_luh,within_split,luh,luh,pytorch_simple_transformer,100,123,luh,luh_P029_2_S08_C07,135.0,137.52270412063604
luh_to_luh,within_split,luh,luh,pytorch_simple_transformer,100,123,luh,luh_P033_3_S09_C08,523.0,510.496848519247
luh_to_luh,within_split,luh,luh,pytorch_simple_transformer,100,123,luh,luh_P034_1_S07_C06,446.0,488.77331954452023
luh_to_luh,within_split,luh,luh,pytorch_simple_transformer,100,123,luh,luh_P035_1_S08_C04,279.0,474.3298209501041
luh_to_luh,within_split,luh,luh,pytorch_simple_transformer,100,123,luh,luh_P042_2_S13_C05,204.0,261.77187321748374
luh_to_luh,within_split,luh,luh,pytorch_simple_transformer,100,123,luh,luh_P043_2_S12_C04,156.0,179.02078337637744
luh_to_luh,within_split,luh,luh,pytorch_simple_transformer,100,123,luh,luh_P045_3_S14_C08,845.0,552.0853110355005
luh_to_luh,within_split,luh,luh,pytorch_simple_transformer,100,123,luh,luh_P046_1_S12_C06,1095.0,685.8544256120348
luh_to_luh,within_split,luh,luh,pytorch_simple_transformer,100,123,luh,luh_P047_3_S15_C01,866.0,708.3847140738294
luh_to_luh,within_split,luh,luh,pytorch_simple_transformer,100,123,luh,luh_P057_1_S17_C08,555.0,529.633283314334
luh_to_luh,within_split,luh,luh,pytorch_simple_transformer,100,123,luh,luh_P059_2_S18_C04,660.0,753.6086197666136
luh_to_luh,within_split,luh,luh,pytorch_simple_transformer,100,123,luh,luh_P062_1_S16_C07,1120.0,805.5701236030876
luh_to_luh,within_split,luh,luh,pytorch_simple_transformer,100,42,luh,luh_P017_2_S04_C07,127.0,144.96459553969606
luh_to_luh,within_split,luh,luh,pytorch_simple_transformer,100,42,luh,luh_P019_3_S05_C02,60.0,88.02489286823723
luh_to_luh,within_split,luh,luh,pytorch_simple_transformer,100,42,luh,luh_P022_1_S03_C06,341.0,406.33282286542914
luh_to_luh,within_split,luh,luh,pytorch_simple_transformer,100,42,luh,luh_P022_2_S04_C06,344.0,393.6296377188785
luh_to_luh,within_split,luh,luh,pytorch_simple_transformer,100,42,luh,luh_P025_2_S02_C09,690.0,869.6204651461869
luh_to_luh,within_split,luh,luh,pytorch_simple_transformer,100,42,luh,luh_P025_3_S03_C09,702.0,902.4427103454713
luh_to_luh,within_split,luh,luh,pytorch_simple_transformer,100,42,luh,luh_P029_2_S08_C07,135.0,155.46499196077872
luh_to_luh,within_split,luh,luh,pytorch_simple_transformer,100,42,luh,luh_P033_3_S09_C08,523.0,519.8154052758423
luh_to_luh,within_split,luh,luh,pytorch_simple_transformer,100,42,luh,luh_P037_3_S10_C04,783.0,897.7567045577141
luh_to_luh,within_split,luh,luh,pytorch_simple_transformer,100,42,luh,luh_P038_2_S07_C07,816.0,990.6522754268068
luh_to_luh,within_split,luh,luh,pytorch_simple_transformer,100,42,luh,luh_P041_2_S13_C07,220.0,263.43050539557703
luh_to_luh,within_split,luh,luh,pytorch_simple_transformer,100,42,luh,luh_P043_1_S11_C04,160.0,191.24690918117793
luh_to_luh,within_split,luh,luh,pytorch_simple_transformer,100,42,luh,luh_P051_3_S12_C05,1238.0,1011.1419755313415
luh_to_luh,within_split,luh,luh,pytorch_simple_transformer,100,42,luh,luh_P055_2_S16_C04,350.0,271.88523803891735
luh_to_luh,within_split,luh,luh,pytorch_simple_transformer,100,42,luh,luh_P062_1_S16_C07,1120.0,838.9471338986068
luh_to_luh,within_split,luh,luh,pytorch_simple_transformer,100,42,luh,luh_P062_2_S17_C07,1148.0,820.771812594855
luh_to_luh,within_split,luh,luh,pytorch_simple_transformer,100,456,luh,luh_P017_2_S04_C07,127.0,148.510852336305
luh_to_luh,within_split,luh,luh,pytorch_simple_transformer,100,456,luh,luh_P021_1_S02_C08,451.0,474.1893851536796
luh_to_luh,within_split,luh,luh,pytorch_simple_transformer,100,456,luh,luh_P025_3_S03_C09,702.0,1101.865342505778
luh_to_luh,within_split,luh,luh,pytorch_simple_transformer,100,456,luh,luh_P027_3_S03_C05,298.0,547.5204949640673
luh_to_luh,within_split,luh,luh,pytorch_simple_transformer,100,456,luh,luh_P029_1_S06_C08,132.0,157.87917792067688
luh_to_luh,within_split,luh,luh,pytorch_simple_transformer,100,456,luh,luh_P030_3_S09_C05,123.0,134.78177102294094
luh_to_luh,within_split,luh,luh,pytorch_simple_transformer,100,456,luh,luh_P034_3_S09_C06,440.0,454.1823648980429
luh_to_luh,within_split,luh,luh,pytorch_simple_transformer,100,456,luh,luh_P035_3_S10_C02,342.0,400.46721870373705
luh_to_luh,within_split,luh,luh,pytorch_simple_transformer,100,456,luh,luh_P037_3_S10_C04,783.0,1213.3483746841155
luh_to_luh,within_split,luh,luh,pytorch_simple_transformer,100,456,luh,luh_P041_3_S14_C07,237.0,323.147255904479
luh_to_luh,within_split,luh,luh,pytorch_simple_transformer,100,456,luh,luh_P043_1_S11_C04,160.0,198.3769957017407
luh_to_luh,within_split,luh,luh,pytorch_simple_transformer,100,456,luh,luh_P045_3_S14_C08,845.0,579.1926830464289
luh_to_luh,within_split,luh,luh,pytorch_simple_transformer,100,456,luh,luh_P047_2_S14_C04,923.0,609.8233859421305
luh_to_luh,within_split,luh,luh,pytorch_simple_transformer,100,456,luh,luh_P050_3_S12_C07,1555.0,1219.4310297445602
luh_to_luh,within_split,luh,luh,pytorch_simple_transformer,100,456,luh,luh_P059_1_S15_C06,605.0,752.3652224757536
luh_to_luh,within_split,luh,luh,pytorch_simple_transformer,100,456,luh,luh_P063_2_S17_C05,1236.0,1111.9337927488145
luh_to_luh,within_split,luh,luh,pytorch_simple_transformer,100,789,luh,luh_P017_2_S04_C07,127.0,122.7145229703646
luh_to_luh,within_split,luh,luh,pytorch_simple_transformer,100,789,luh,luh_P018_3_S04_C05,107.0,104.55562623849016
luh_to_luh,within_split,luh,luh,pytorch_simple_transformer,100,789,luh,luh_P019_3_S05_C02,60.0,64.46536859300554
luh_to_luh,within_split,luh,luh,pytorch_simple_transformer,100,789,luh,luh_P022_2_S04_C06,344.0,448.63740495997786
luh_to_luh,within_split,luh,luh,pytorch_simple_transformer,100,789,luh,luh_P022_3_S05_C04,314.0,409.7638962338708
luh_to_luh,within_split,luh,luh,pytorch_simple_transformer,100,789,luh,luh_P025_2_S02_C09,690.0,859.9055744425431
luh_to_luh,within_split,luh,luh,pytorch_simple_transformer,100,789,luh,luh_P027_3_S03_C05,298.0,717.4071556204075
luh_to_luh,within_split,luh,luh,pytorch_simple_transformer,100,789,luh,luh_P037_3_S10_C04,783.0,880.6171417638002
luh_to_luh,within_split,luh,luh,pytorch_simple_transformer,100,789,luh,luh_P041_2_S13_C07,220.0,275.37098910548775
luh_to_luh,within_split,luh,luh,pytorch_simple_transformer,100,789,luh,luh_P042_2_S13_C05,204.0,289.62575569848326
luh_to_luh,within_split,luh,luh,pytorch_simple_transformer,100,789,luh,luh_P047_2_S14_C04,923.0,715.0015413931706
luh_to_luh,within_split,luh,luh,pytorch_simple_transformer,100,789,luh,luh_P051_2_S11_C05,1318.0,992.2762296972388
luh_to_luh,within_split,luh,luh,pytorch_simple_transformer,100,789,luh,luh_P057_1_S17_C08,555.0,590.3166591780911
luh_to_luh,within_split,luh,luh,pytorch_simple_transformer,100,789,luh,luh_P059_2_S18_C04,660.0,806.3679635297165
luh_to_luh,within_split,luh,luh,pytorch_simple_transformer,100,789,luh,luh_P061_1_S16_C09,947.0,739.630418615682
luh_to_luh,within_split,luh,luh,pytorch_simple_transformer,100,789,luh,luh_P061_2_S17_C09,942.0,758.7048066573584
matr_to_matr,within_split,matr,matr,pytorch_simple_transformer,100,1011,matr,matr_b1c16,824.0,713.0659261917948
matr_to_matr,within_split,matr,matr,pytorch_simple_transformer,100,1011,matr,matr_b1c17,825.0,713.0557257748584
matr_to_matr,within_split,matr,matr,pytorch_simple_transformer,100,1011,matr,matr_b1c2,1487.0,713.1009487338156
matr_to_matr,within_split,matr,matr,pytorch_simple_transformer,100,1011,matr,matr_b1c25,817.0,713.0023459728317
matr_to_matr,within_split,matr,matr,pytorch_simple_transformer,100,1011,matr,matr_b1c42,661.0,713.0091457255043
matr_to_matr,within_split,matr,matr,pytorch_simple_transformer,100,1011,matr,matr_b1c45,563.0,712.9411511168273
matr_to_matr,within_split,matr,matr,pytorch_simple_transformer,100,1011,matr,matr_b1c7,818.0,712.947610325904
matr_to_matr,within_split,matr,matr,pytorch_simple_transformer,100,1011,matr,matr_b1c9,1012.0,713.1046891069541
matr_to_matr,within_split,matr,matr,pytorch_simple_transformer,100,1011,matr,matr_b2c0,278.0,713.0098257043381
matr_to_matr,within_split,matr,matr,pytorch_simple_transformer,100,1011,matr,matr_b2c1,133.0,712.1617165187675
matr_to_matr,within_split,matr,matr,pytorch_simple_transformer,100,1011,matr,matr_b2c10,251.0,712.9258532234956
matr_to_matr,within_split,matr,matr,pytorch_simple_transformer,100,1011,matr,matr_b2c19,455.0,712.6587029530244
matr_to_matr,within_split,matr,matr,pytorch_simple_transformer,100,1011,matr,matr_b2c23,502.0,712.8432502715489
matr_to_matr,within_split,matr,matr,pytorch_simple_transformer,100,1011,matr,matr_b2c30,466.0,713.0880275957438
matr_to_matr,within_split,matr,matr,pytorch_simple_transformer,100,1011,matr,matr_b2c33,499.0,713.1420939174058
matr_to_matr,within_split,matr,matr,pytorch_simple_transformer,100,1011,matr,matr_b3c16,1589.0,712.9404712034866
matr_to_matr,within_split,matr,matr,pytorch_simple_transformer,100,1011,matr,matr_b3c26,989.0,713.0353253787347
matr_to_matr,within_split,matr,matr,pytorch_simple_transformer,100,1011,matr,matr_b3c28,524.0,712.5615204447322
matr_to_matr,within_split,matr,matr,pytorch_simple_transformer,100,1011,matr,matr_b3c33,1257.0,712.9282328742321
matr_to_matr,within_split,matr,matr,pytorch_simple_transformer,100,1011,matr,matr_b3c40,779.0,713.0200254646642
matr_to_matr,within_split,matr,matr,pytorch_simple_transformer,100,123,matr,matr_b1c0,1717.0,694.8724833892392
matr_to_matr,within_split,matr,matr,pytorch_simple_transformer,100,123,matr,matr_b1c30,679.0,809.6486896997943
matr_to_matr,within_split,matr,matr,pytorch_simple_transformer,100,123,matr,matr_b1c31,827.0,773.6729761857346
matr_to_matr,within_split,matr,matr,pytorch_simple_transformer,100,123,matr,matr_b1c34,714.0,768.592051899234
matr_to_matr,within_split,matr,matr,pytorch_simple_transformer,100,123,matr,matr_b1c36,670.0,793.190593458915
matr_to_matr,within_split,matr,matr,pytorch_simple_transformer,100,123,matr,matr_b1c38,592.0,794.8148297779885
matr_to_matr,within_split,matr,matr,pytorch_simple_transformer,100,123,matr,matr_b1c5,909.0,729.3415239595125
matr_to_matr,within_split,matr,matr,pytorch_simple_transformer,100,123,matr,matr_b2c11,250.0,623.4837869758968
matr_to_matr,within_split,matr,matr,pytorch_simple_transformer,100,123,matr,matr_b2c25,446.0,718.0409794379843
matr_to_matr,within_split,matr,matr,pytorch_simple_transformer,100,123,matr,matr_b2c32,500.0,712.5727331346964
matr_to_matr,within_split,matr,matr,pytorch_simple_transformer,100,123,matr,matr_b2c39,442.0,685.0337174049353
matr_to_matr,within_split,matr,matr,pytorch_simple_transformer,100,123,matr,matr_b2c41,416.0,712.8265948687911
matr_to_matr,within_split,matr,matr,pytorch_simple_transformer,100,123,matr,matr_b2c43,443.0,715.7031975945695
matr_to_matr,within_split,matr,matr,pytorch_simple_transformer,100,123,matr,matr_b3c0,985.0,785.4961493916911
matr_to_matr,within_split,matr,matr,pytorch_simple_transformer,100,123,matr,matr_b3c12,903.0,803.8683259118852
matr_to_matr,within_split,matr,matr,pytorch_simple_transformer,100,123,matr,matr_b3c25,970.0,741.8202903335084
matr_to_matr,within_split,matr,matr,pytorch_simple_transformer,100,123,matr,matr_b3c37,1376.0,801.2346806210447
matr_to_matr,within_split,matr,matr,pytorch_simple_transformer,100,123,matr,matr_b3c39,1146.0,772.0407712614063
matr_to_matr,within_split,matr,matr,pytorch_simple_transformer,100,123,matr,matr_b3c41,773.0,733.3897142821468
matr_to_matr,within_split,matr,matr,pytorch_simple_transformer,100,123,matr,matr_b3c42,1587.0,777.3238712071511
matr_to_matr,within_split,matr,matr,pytorch_simple_transformer,100,42,matr,matr_b1c12,897.0,705.4924465802978
matr_to_matr,within_split,matr,matr,pytorch_simple_transformer,100,42,matr,matr_b1c20,504.0,702.3590846817748
matr_to_matr,within_split,matr,matr,pytorch_simple_transformer,100,42,matr,matr_b1c31,827.0,704.5948167269362
matr_to_matr,within_split,matr,matr,pytorch_simple_transformer,100,42,matr,matr_b1c35,676.0,705.1937821648409
matr_to_matr,within_split,matr,matr,pytorch_simple_transformer,100,42,matr,matr_b1c38,592.0,704.9517146495311
matr_to_matr,within_split,matr,matr,pytorch_simple_transformer,100,42,matr,matr_b1c41,1005.0,705.1335937283013
matr_to_matr,within_split,matr,matr,pytorch_simple_transformer,100,42,matr,matr_b1c44,575.0,704.4379329408836
matr_to_matr,within_split,matr,matr,pytorch_simple_transformer,100,42,matr,matr_b2c1,133.0,695.8592542472076
matr_to_matr,within_split,matr,matr,pytorch_simple_transformer,100,42,matr,matr_b2c12,435.0,702.5108157109046
matr_to_matr,within_split,matr,matr,pytorch_simple_transformer,100,42,matr,matr_b2c18,468.0,703.7234956318833
matr_to_matr,within_split,matr,matr,pytorch_simple_transformer,100,42,matr,matr_b2c24,478.0,705.279198037542
matr_to_matr,within_split,matr,matr,pytorch_simple_transformer,100,42,matr,matr_b2c25,446.0,704.7372853723311
matr_to_matr,within_split,matr,matr,pytorch_simple_transformer,100,42,matr,matr_b2c46,417.0,705.8992774984077
matr_to_matr,within_split,matr,matr,pytorch_simple_transformer,100,42,matr,matr_b3c17,1269.0,704.387213537372
matr_to_matr,within_split,matr,matr,pytorch_simple_transformer,100,42,matr,matr_b3c21,745.0,701.6956048320831
matr_to_matr,within_split,matr,matr,pytorch_simple_transformer,100,42,matr,matr_b3c24,817.0,705.3858142503972
matr_to_matr,within_split,matr,matr,pytorch_simple_transformer,100,42,matr,matr_b3c27,828.0,705.0713932005349
matr_to_matr,within_split,matr,matr,pytorch_simple_transformer,100,42,matr,matr_b3c3,1084.0,704.8518860084275
matr_to_matr,within_split,matr,matr,pytorch_simple_transformer,100,42,matr,matr_b3c4,1006.0,704.8878495798986
matr_to_matr,within_split,matr,matr,pytorch_simple_transformer,100,42,matr,matr_b3c42,1587.0,704.9876833145468
matr_to_matr,within_split,matr,matr,pytorch_simple_transformer,100,456,matr,matr_b1c18,665.0,1179.6400968576452
matr_to_matr,within_split,matr,matr,pytorch_simple_transformer,100,456,matr,matr_b1c2,1487.0,725.4851689389318
matr_to_matr,within_split,matr,matr,pytorch_simple_transformer,100,456,matr,matr_b1c24,979.0,709.0913729742023
matr_to_matr,within_split,matr,matr,pytorch_simple_transformer,100,456,matr,matr_b1c35,676.0,708.3320217056369
matr_to_matr,within_split,matr,matr,pytorch_simple_transformer,100,456,matr,matr_b1c38,592.0,701.03408885031
matr_to_matr,within_split,matr,matr,pytorch_simple_transformer,100,456,matr,matr_b1c6,613.0,719.6005388648535
matr_to_matr,within_split,matr,matr,pytorch_simple_transformer,100,456,matr,matr_b2c1,133.0,503.0467448249388
matr_to_matr,within_split,matr,matr,pytorch_simple_transformer,100,456,matr,matr_b2c21,468.0,694.0711005852662
matr_to_matr,within_split,matr,matr,pytorch_simple_transformer,100,456,matr,matr_b2c30,466.0,723.4314781005423
matr_to_matr,within_split,matr,matr,pytorch_simple_transformer,100,456,matr,matr_b2c34,483.0,732.6731642510389
matr_to_matr,within_split,matr,matr,pytorch_simple_transformer,100,456,matr,matr_b2c38,451.0,725.1569477739259
matr_to_matr,within_split,matr,matr,pytorch_simple_transformer,100,456,matr,matr_b2c40,476.0,703.7500054906288
matr_to_matr,within_split,matr,matr,pytorch_simple_transformer,100,456,matr,matr_b3c0,985.0,704.8512138096075
matr_to_matr,within_split,matr,matr,pytorch_simple_transformer,100,456,matr,matr_b3c19,1105.0,672.7536680692754
matr_to_matr,within_split,matr,matr,pytorch_simple_transformer,100,456,matr,matr_b3c20,793.0,698.0153810851897
matr_to_matr,within_split,matr,matr,pytorch_simple_transformer,100,456,matr,matr_b3c25,970.0,713.7775952552059
matr_to_matr,within_split,matr,matr,pytorch_simple_transformer,100,456,matr,matr_b3c27,828.0,706.4730752862497
matr_to_matr,within_split,matr,matr,pytorch_simple_transformer,100,456,matr,matr_b3c36,910.0,691.8684311697618
matr_to_matr,within_split,matr,matr,pytorch_simple_transformer,100,456,matr,matr_b3c38,1873.0,690.5088958010138
matr_to_matr,within_split,matr,matr,pytorch_simple_transformer,100,456,matr,matr_b3c41,773.0,715.3933879862512
matr_to_matr,within_split,matr,matr,pytorch_simple_transformer,100,789,matr,matr_b1c11,771.0,719.1799816358362
matr_to_matr,within_split,matr,matr,pytorch_simple_transformer,100,789,matr,matr_b1c16,824.0,717.0313011692436
matr_to_matr,within_split,matr,matr,pytorch_simple_transformer,100,789,matr,matr_b1c19,740.0,713.3866336897024
matr_to_matr,within_split,matr,matr,pytorch_simple_transformer,100,789,matr,matr_b1c30,679.0,712.5441920891014
matr_to_matr,within_split,matr,matr,pytorch_simple_transformer,100,789,matr,matr_b1c7,818.0,712.5754513891376
matr_to_matr,within_split,matr,matr,pytorch_simple_transformer,100,789,matr,matr_b2c1,133.0,638.1874138602211
matr_to_matr,within_split,matr,matr,pytorch_simple_transformer,100,789,matr,matr_b2c29,481.0,717.8882903501376
matr_to_matr,within_split,matr,matr,pytorch_simple_transformer,100,789,matr,matr_b2c3,314.0,695.034859458045
matr_to_matr,within_split,matr,matr,pytorch_simple_transformer,100,789,matr,matr_b2c32,500.0,716.9263433511928
matr_to_matr,within_split,matr,matr,pytorch_simple_transformer,100,789,matr,matr_b2c39,442.0,720.2830092530999
matr_to_matr,within_split,matr,matr,pytorch_simple_transformer,100,789,matr,matr_b2c41,416.0,717.499182761143
matr_to_matr,within_split,matr,matr,pytorch_simple_transformer,100,789,matr,matr_b2c5,464.0,714.900971372359
matr_to_matr,within_split,matr,matr,pytorch_simple_transformer,100,789,matr,matr_b3c0,985.0,713.8068664438678
matr_to_matr,within_split,matr,matr,pytorch_simple_transformer,100,789,matr,matr_b3c15,850.0,712.6104498412759
matr_to_matr,within_split,matr,matr,pytorch_simple_transformer,100,789,matr,matr_b3c3,1084.0,712.5136136659594
matr_to_matr,within_split,matr,matr,pytorch_simple_transformer,100,789,matr,matr_b3c33,1257.0,712.2238633161729
matr_to_matr,within_split,matr,matr,pytorch_simple_transformer,100,789,matr,matr_b3c34,1125.0,711.8493666806221
matr_to_matr,within_split,matr,matr,pytorch_simple_transformer,100,789,matr,matr_b3c4,1006.0,712.6284594233631
matr_to_matr,within_split,matr,matr,pytorch_simple_transformer,100,789,matr,matr_b3c6,630.0,690.9627655922608
matr_to_matr,within_split,matr,matr,pytorch_simple_transformer,100,789,matr,matr_b3c8,810.0,714.1663872902541
sandia_to_sandia,within_split,sandia,sandia,pytorch_simple_transformer,100,1011,sandia,sandia_SNL_18650_LFP_25C_0_100_0_5_3C_b,1610.0,2577.799753720737
sandia_to_sandia,within_split,sandia,sandia,pytorch_simple_transformer,100,1011,sandia,sandia_SNL_18650_LFP_35C_0_100_0_5_1C_a,3089.0,2551.9391081109507
sandia_to_sandia,within_split,sandia,sandia,pytorch_simple_transformer,100,1011,sandia,sandia_SNL_18650_NCA_15C_0_100_0_5_2C_a,158.0,230.2574468624561
sandia_to_sandia,within_split,sandia,sandia,pytorch_simple_transformer,100,1011,sandia,sandia_SNL_18650_NCA_15C_0_100_0_5_2C_b,157.0,227.73509257093218
sandia_to_sandia,within_split,sandia,sandia,pytorch_simple_transformer,100,1011,sandia,sandia_SNL_18650_NCA_35C_0_100_0_5_1C_b,320.0,255.483923224407
sandia_to_sandia,within_split,sandia,sandia,pytorch_simple_transformer,100,1011,sandia,sandia_SNL_18650_NCA_35C_0_100_0_5_2C_a,210.0,225.11409890486155
sandia_to_sandia,within_split,sandia,sandia,pytorch_simple_transformer,100,1011,sandia,sandia_SNL_18650_NMC_25C_0_100_0_5_1C_a,271.0,226.14749085570202
sandia_to_sandia,within_split,sandia,sandia,pytorch_simple_transformer,100,1011,sandia,sandia_SNL_18650_NMC_25C_0_100_0_5_1C_d,285.0,225.95691798652246
sandia_to_sandia,within_split,sandia,sandia,pytorch_simple_transformer,100,123,sandia,sandia_SNL_18650_LFP_35C_0_100_0_5_2C_a,3442.0,2625.022367770692
sandia_to_sandia,within_split,sandia,sandia,pytorch_simple_transformer,100,123,sandia,sandia_SNL_18650_NCA_25C_0_100_0_5_0_5C_b,135.0,237.845096330345
sandia_to_sandia,within_split,sandia,sandia,pytorch_simple_transformer,100,123,sandia,sandia_SNL_18650_NCA_25C_0_100_0_5_1C_a,337.0,244.49097827818295
sandia_to_sandia,within_split,sandia,sandia,pytorch_simple_transformer,100,123,sandia,sandia_SNL_18650_NCA_35C_0_100_0_5_1C_c,346.0,519.4984796506089
sandia_to_sandia,within_split,sandia,sandia,pytorch_simple_transformer,100,123,sandia,sandia_SNL_18650_NMC_25C_0_100_0_5_0_5C_a,49.0,197.38445772628396
sandia_to_sandia,within_split,sandia,sandia,pytorch_simple_transformer,100,123,sandia,sandia_SNL_18650_NMC_25C_0_100_0_5_0_5C_b,327.0,223.49083854498156
sandia_to_sandia,within_split,sandia,sandia,pytorch_simple_transformer,100,123,sandia,sandia_SNL_18650_NMC_25C_0_100_0_5_2C_a,233.0,224.25645793752054
sandia_to_sandia,within_split,sandia,sandia,pytorch_simple_transformer,100,123,sandia,sandia_SNL_18650_NMC_25C_0_100_0_5_3C_a,261.0,220.00232929540215
sandia_to_sandia,within_split,sandia,sandia,pytorch_simple_transformer,100,42,sandia,sandia_SNL_18650_LFP_35C_0_100_0_5_1C_d,3374.0,3209.0630328797993
sandia_to_sandia,within_split,sandia,sandia,pytorch_simple_transformer,100,42,sandia,sandia_SNL_18650_LFP_35C_0_100_0_5_2C_b,2465.0,2985.3790714895727
sandia_to_sandia,within_split,sandia,sandia,pytorch_simple_transformer,100,42,sandia,sandia_SNL_18650_NCA_15C_0_100_0_5_2C_a,158.0,186.47714369761502
sandia_to_sandia,within_split,sandia,sandia,pytorch_simple_transformer,100,42,sandia,sandia_SNL_18650_NCA_25C_0_100_0_5_0_5C_a,249.0,186.09926467459795
sandia_to_sandia,within_split,sandia,sandia,pytorch_simple_transformer,100,42,sandia,sandia_SNL_18650_NCA_25C_0_100_0_5_1C_a,337.0,186.90123642861136
sandia_to_sandia,within_split,sandia,sandia,pytorch_simple_transformer,100,42,sandia,sandia_SNL_18650_NCA_25C_0_100_0_5_1C_d,251.0,183.94131665424848
sandia_to_sandia,within_split,sandia,sandia,pytorch_simple_transformer,100,42,sandia,sandia_SNL_18650_NMC_15C_0_100_0_5_2C_b,103.0,184.9606022039394
sandia_to_sandia,within_split,sandia,sandia,pytorch_simple_transformer,100,42,sandia,sandia_SNL_18650_NMC_25C_0_100_0_5_1C_b,340.0,188.7244958356484
sandia_to_sandia,within_split,sandia,sandia,pytorch_simple_transformer,100,456,sandia,sandia_SNL_18650_LFP_35C_0_100_0_5_2C_b,2465.0,2762.6678458558713
sandia_to_sandia,within_split,sandia,sandia,pytorch_simple_transformer,100,456,sandia,sandia_SNL_18650_NCA_15C_0_100_0_5_1C_b,325.0,235.44318937267747
sandia_to_sandia,within_split,sandia,sandia,pytorch_simple_transformer,100,456,sandia,sandia_SNL_18650_NCA_25C_0_100_0_5_0_5C_a,249.0,231.45137145200079
sandia_to_sandia,within_split,sandia,sandia,pytorch_simple_transformer,100,456,sandia,sandia_SNL_18650_NCA_35C_0_100_0_5_1C_c,346.0,236.89534596963628
sandia_to_sandia,within_split,sandia,sandia,pytorch_simple_transformer,100,456,sandia,sandia_SNL_18650_NCA_35C_0_100_0_5_2C_b,216.0,229.39618033799874
sandia_to_sandia,within_split,sandia,sandia,pytorch_simple_transformer,100,456,sandia,sandia_SNL_18650_NMC_15C_0_100_0_5_2C_b,103.0,226.51432100480494
sandia_to_sandia,within_split,sandia,sandia,pytorch_simple_transformer,100,456,sandia,sandia_SNL_18650_NMC_25C_0_100_0_5_1C_c,282.0,234.17585037987573
sandia_to_sandia,within_split,sandia,sandia,pytorch_simple_transformer,100,456,sandia,sandia_SNL_18650_NMC_35C_0_100_0_5_2C_a,170.0,233.52987489891103
sandia_to_sandia,within_split,sandia,sandia,pytorch_simple_transformer,100,789,sandia,sandia_SNL_18650_LFP_25C_0_100_0_5_3C_c,2305.0,2701.6114268712195
sandia_to_sandia,within_split,sandia,sandia,pytorch_simple_transformer,100,789,sandia,sandia_SNL_18650_NCA_25C_0_100_0_5_0_5C_a,249.0,197.95395221706252
sandia_to_sandia,within_split,sandia,sandia,pytorch_simple_transformer,100,789,sandia,sandia_SNL_18650_NCA_25C_0_100_0_5_2C_a,225.0,194.55719935632328
sandia_to_sandia,within_split,sandia,sandia,pytorch_simple_transformer,100,789,sandia,sandia_SNL_18650_NMC_15C_0_100_0_5_2C_b,103.0,193.14064893801333
sandia_to_sandia,within_split,sandia,sandia,pytorch_simple_transformer,100,789,sandia,sandia_SNL_18650_NMC_25C_0_100_0_5_1C_c,282.0,198.61314698910203
sandia_to_sandia,within_split,sandia,sandia,pytorch_simple_transformer,100,789,sandia,sandia_SNL_18650_NMC_25C_0_100_0_5_3C_d,304.0,198.37576598975463
sandia_to_sandia,within_split,sandia,sandia,pytorch_simple_transformer,100,789,sandia,sandia_SNL_18650_NMC_35C_0_100_0_5_1C_b,90.0,195.8850111267749
sandia_to_sandia,within_split,sandia,sandia,pytorch_simple_transformer,100,789,sandia,sandia_SNL_18650_NMC_35C_0_100_0_5_2C_b,400.0,198.78425992524896
