experiment,source,target,model,n_cycles,adapter_type,k,baseline_MAE,baseline_MAE_std,baseline_SMAPE,baseline_R2,baseline_R2_std,adapted_MAE,adapted_MAE_std,adapted_SMAPE,adapted_R2,adapted_R2_std,adapter_slope_mean,adapter_intercept_mean,delta_MAE,delta_R2
matr_to_hust,matr,hust,elastic_net,100,residual_mean,5,795.6722004778637,114.00043332793958,72.23841840262315,-10.738655058931972,4.685322533675713,525.1313404285833,291.1620254274662,37.29167172328069,-6.455232382287986,8.841322685521472,1.0,625.6287158389653,-270.54086004928047,4.283422676643986
matr_to_hust,matr,hust,elastic_net,100,residual_mean,10,795.6722004778637,114.00043332793958,72.23841840262315,-10.738655058931972,4.685322533675713,507.1506686625391,280.58306444516757,35.858814899183486,-5.649874237492096,7.641575782634143,1.0,650.2864438682593,-288.52153181532464,5.088780821439876
matr_to_hust,matr,hust,elastic_net,100,residual_mean,15,795.6722004778637,114.00043332793958,72.23841840262315,-10.738655058931972,4.685322533675713,508.9727866869313,287.40198266653886,34.75427800730999,-5.734179822463514,8.046289402468464,1.0,639.955500886786,-286.69941379093245,5.0044752364684575
matr_to_hust,matr,hust,elastic_net,100,residual_mean,20,795.6722004778637,114.00043332793958,72.23841840262315,-10.738655058931972,4.685322533675713,503.89113163717394,281.7012301195145,35.961223290545846,-5.329003905459765,7.257157938823922,1.0,620.7475174051199,-291.7810688406898,5.409651153472207
matr_to_hust,matr,hust,elastic_net,100,linear,5,795.6722004778637,114.00043332793958,72.23841840262315,-10.738655058931972,4.685322533675713,288.2767745810625,14.825131057861727,20.35783272765648,-0.8696487785324433,0.34690367823890617,-0.2888329745316166,1692.7792519310249,-507.3954258968012,9.869006280399528
matr_to_hust,matr,hust,elastic_net,100,linear,10,795.6722004778637,114.00043332793958,72.23841840262315,-10.738655058931972,4.685322533675713,247.03309831953396,5.634685717804783,16.865926342148246,-0.253792202875831,0.04524654575219268,-0.08695036224337423,1565.7057785413763,-548.6391021583297,10.484862856056141
matr_to_hust,matr,hust,elastic_net,100,linear,15,795.6722004778637,114.00043332793958,72.23841840262315,-10.738655058931972,4.685322533675713,242.4031758108832,4.052426736241207,16.543688707856035,-0.18767344172084496,0.051148631488438304,-0.1354965310088535,1596.1926586347317,-553.2690246669805,10.550981617211127
matr_to_hust,matr,hust,elastic_net,100,linear,20,795.6722004778637,114.00043332793958,72.23841840262315,-10.738655058931972,4.685322533675713,238.73759685349097,2.806503727956362,16.279251890318733,-0.1340008229870478,0.033143898279905874,-0.16087738309789187,1610.1541608437433,-556.9346036243728,10.604654235944924
matr_to_hust,matr,hust,pls,100,residual_mean,5,802.8973018020106,79.15161589598712,77.56046948317686,-10.73101662572436,2.102425001808916,619.1651973547423,244.8662144100892,44.60191420809158,-6.9740331599649465,5.98126267486074,1.0,629.0842815135081,-183.73210444726828,3.756983465759413
matr_to_hust,matr,hust,pls,100,residual_mean,10,802.8973018020106,79.15161589598712,77.56046948317686,-10.73101662572436,2.102425001808916,600.7532237102653,239.57817515918572,43.00336928934411,-6.030440122663769,4.892961895697303,1.0,642.2226972950994,-202.1440780917453,4.70057650306059
matr_to_hust,matr,hust,pls,100,residual_mean,15,802.8973018020106,79.15161589598712,77.56046948317686,-10.73101662572436,2.102425001808916,602.0336005514446,246.5008737371043,42.128803999868744,-5.894116090734097,5.0091425648202765,1.0,629.3325482697499,-200.863701250566,4.836900534990263
matr_to_hust,matr,hust,pls,100,residual_mean,20,802.8973018020106,79.15161589598712,77.56046948317686,-10.73101662572436,2.102425001808916,598.6394487602113,242.36674460227508,43.16312955489135,-5.80531651053113,4.790704744127199,1.0,610.7388730204259,-204.2578530417993,4.92570011519323
matr_to_hust,matr,hust,pls,100,linear,5,802.8973018020106,79.15161589598712,77.56046948317686,-10.73101662572436,2.102425001808916,296.65583525825633,32.46119589059123,20.64243249275062,-1.0777486953791595,0.6487513070299538,-0.1687916802125374,1612.1822771068335,-506.24146654375426,9.6532679303452
matr_to_hust,matr,hust,pls,100,linear,10,802.8973018020106,79.15161589598712,77.56046948317686,-10.73101662572436,2.102425001808916,243.8928799348843,4.94611089385375,16.606507531938288,-0.21252671285417138,0.03455457650884793,-0.10795722733627877,1584.5433967343065,-559.0044218671263,10.518489912870189
matr_to_hust,matr,hust,pls,100,linear,15,802.8973018020106,79.15161589598712,77.56046948317686,-10.73101662572436,2.102425001808916,239.4067219474404,2.4112853166294586,16.321976445934666,-0.15520381956786627,0.04997082999314893,-0.11583212548070473,1582.7847971424671,-563.4905798545702,10.575812806156494
matr_to_hust,matr,hust,pls,100,linear,20,802.8973018020106,79.15161589598712,77.56046948317686,-10.73101662572436,2.102425001808916,237.8230361502183,2.569994166250407,16.209911425527842,-0.12451875271928514,0.033669429135480135,-0.1571173105373627,1610.4302302207714,-565.0742656517923,10.606497873005075
matr_to_hust,matr,hust,random_forest,100,residual_mean,5,875.4320385524367,81.72663478340455,82.16416929299719,-10.538408033344691,1.6398507507966433,282.5465044185178,32.695628468753945,19.24883700364411,-0.5804141243607767,0.38713011696230515,1.0,860.8167449630868,-592.8855341339188,9.957993908983914
matr_to_hust,matr,hust,random_forest,100,residual_mean,10,875.4320385524367,81.72663478340455,82.16416929299719,-10.538408033344691,1.6398507507966433,264.90422470961215,27.934955521761463,18.080449471964695,-0.3915444082160896,0.2925679614024048,1.0,885.0243985504592,-610.5278138428246,10.146863625128601
matr_to_hust,matr,hust,random_forest,100,residual_mean,15,875.4320385524367,81.72663478340455,82.16416929299719,-10.538408033344691,1.6398507507966433,265.4408550474152,29.069074423582315,18.04310899640838,-0.38553069258417216,0.34506818901046954,1.0,878.8048760922995,-609.9911835050215,10.152877340760519
matr_to_hust,matr,hust,random_forest,100,residual_mean,20,875.4320385524367,81.72663478340455,82.16416929299719,-10.538408033344691,1.6398507507966433,262.12882869922,30.090567725649905,17.876492161542807,-0.35963943929679887,0.3091514569123824,1.0,875.6884512096487,-613.3032098532167,10.178768594047892
matr_to_hust,matr,hust,random_forest,100,linear,5,875.4320385524367,81.72663478340455,82.16416929299719,-10.538408033344691,1.6398507507966433,356.6856878704115,87.9762680399136,23.557477575618663,-6.402845013455739,9.761030883112658,-0.9002419524112077,2050.802437591069,-518.7463506820252,4.135563019888952
matr_to_hust,matr,hust,random_forest,100,linear,10,875.4320385524367,81.72663478340455,82.16416929299719,-10.538408033344691,1.6398507507966433,246.9203236320972,4.307395447715018,16.775027339676964,-0.22548716918348743,0.05418873028443803,-0.3730710201364281,1719.859153106993,-628.5117149203395,10.312920864161203
matr_to_hust,matr,hust,random_forest,100,linear,15,875.4320385524367,81.72663478340455,82.16416929299719,-10.538408033344691,1.6398507507966433,241.5025216026242,4.714982606033427,16.421857341522085,-0.16933807693592834,0.03728833192052477,-0.5249512754231419,1800.619802884518,-633.9295169498125,10.369069956408763
matr_to_hust,matr,hust,random_forest,100,linear,20,875.4320385524367,81.72663478340455,82.16416929299719,-10.538408033344691,1.6398507507966433,238.93028342510783,1.6884853528113346,16.26845453024313,-0.13287302385156216,0.034554692277584946,-0.7316799888146807,1904.9771585169178,-636.5017551273288,10.405535009493128
matr_to_hust,matr,hust,xgboost,100,residual_mean,5,840.4181536721222,83.29540498025808,77.41510579241614,-9.655550565540011,1.8317355192789095,271.4531887391717,16.55244451723976,18.502389875971314,-0.45215325473881157,0.15930510028233508,1.0,824.128526260724,-568.9649649329506,9.203397310801199
matr_to_hust,matr,hust,xgboost,100,residual_mean,10,840.4181536721222,83.29540498025808,77.41510579241614,-9.655550565540011,1.8317355192789095,254.9070754679279,16.29040965691355,17.372760211233622,-0.2871534421120012,0.18611382805261384,1.0,851.8429454446348,-585.5110782041943,9.36839712342801
matr_to_hust,matr,hust,xgboost,100,residual_mean,15,840.4181536721222,83.29540498025808,77.41510579241614,-9.655550565540011,1.8317355192789095,255.2558664400879,19.699415054838166,17.387363952319568,-0.27032411511026716,0.19859829559591877,1.0,842.3202566934281,-585.1622872320343,9.385226450429744
matr_to_hust,matr,hust,xgboost,100,residual_mean,20,840.4181536721222,83.29540498025808,77.41510579241614,-9.655550565540011,1.8317355192789095,252.01282907550276,18.905768508059417,17.198042967327254,-0.2517345435609303,0.1945041732421849,1.0,840.4981757990147,-588.4053245966195,9.40381602197908
matr_to_hust,matr,hust,xgboost,100,linear,5,840.4181536721222,83.29540498025808,77.41510579241614,-9.655550565540011,1.8317355192789095,301.9998414889561,17.96930169708407,22.02170458315876,-1.1675375484480077,0.3183127136509737,0.7507154730896816,976.6529528802027,-538.4183121831661,8.488013017092003
matr_to_hust,matr,hust,xgboost,100,linear,10,840.4181536721222,83.29540498025808,77.41510579241614,-9.655550565540011,1.8317355192789095,255.17000227395616,8.635134496185255,17.51190250011648,-0.33653193349695343,0.11262789160052132,0.2932270206524989,1325.2852331162637,-585.2481513981661,9.319018632043058
matr_to_hust,matr,hust,xgboost,100,linear,15,840.4181536721222,83.29540498025808,77.41510579241614,-9.655550565540011,1.8317355192789095,245.41811634561236,6.653720425763394,16.822306490829952,-0.20170267093112887,0.057696401359845946,0.15157484177524458,1413.7288205885484,-595.0000373265099,9.453847894608883
matr_to_hust,matr,hust,xgboost,100,linear,20,840.4181536721222,83.29540498025808,77.41510579241614,-9.655550565540011,1.8317355192789095,239.51872183852865,1.1871004524404787,16.36455898936547,-0.12760262152581664,0.021345529235066163,0.02586523656858215,1497.8227770082144,-600.8994318335936,9.527947944014194
matr_to_hust,matr,hust,catboost,100,residual_mean,5,875.900754060016,52.98186845763551,81.62002447427163,-10.35458107369234,1.1907897028877996,265.25113692245714,8.44928880529852,18.103227257455654,-0.3823016977657848,0.09184235428206246,1.0,858.1036166743179,-610.6496171375588,9.972279375926556
matr_to_hust,matr,hust,catboost,100,residual_mean,10,875.900754060016,52.98186845763551,81.62002447427163,-10.35458107369234,1.1907897028877996,249.31492688113977,9.968975154274641,17.007180909068385,-0.22884118790074542,0.09380747069078624,1.0,886.9486089606329,-626.5858271788762,10.125739885791596
matr_to_hust,matr,hust,catboost,100,residual_mean,15,875.900754060016,52.98186845763551,81.62002447427163,-10.35458107369234,1.1907897028877996,249.21244914802327,10.97100959761722,16.98047488016642,-0.21239713324760837,0.11412349276986702,1.0,878.1091707304962,-626.6883049119926,10.142183940444733
matr_to_hust,matr,hust,catboost,100,residual_mean,20,875.900754060016,52.98186845763551,81.62002447427163,-10.35458107369234,1.1907897028877996,245.63237599171762,12.94283261752247,16.759741836521364,-0.18886381548226278,0.11015433561072167,1.0,876.7643262426449,-630.2683780682984,10.165717258210078
matr_to_hust,matr,hust,catboost,100,linear,5,875.900754060016,52.98186845763551,81.62002447427163,-10.35458107369234,1.1907897028877996,307.2084256233608,44.06012798464824,21.021381845374602,-1.7796079863397918,1.7901052001971103,-0.14400466052279076,1591.8754340092537,-568.6923284366551,8.574973087352548
matr_to_hust,matr,hust,catboost,100,linear,10,875.900754060016,52.98186845763551,81.62002447427163,-10.35458107369234,1.1907897028877996,246.67321507966957,4.723673359877611,16.782703378529312,-0.22645968505704298,0.055814852853266615,-0.4584232990936326,1769.533019512183,-629.2275389803464,10.128121388635298
matr_to_hust,matr,hust,catboost,100,linear,15,875.900754060016,52.98186845763551,81.62002447427163,-10.35458107369234,1.1907897028877996,242.80354648678016,5.20868595368875,16.5390701754438,-0.17323554445329398,0.042308538114021556,-0.3964955103173612,1726.3664901585773,-633.0972075732358,10.181345529239048
matr_to_hust,matr,hust,catboost,100,linear,20,875.900754060016,52.98186845763551,81.62002447427163,-10.35458107369234,1.1907897028877996,239.508754704309,1.3226769124853972,16.31696804842856,-0.1361125125402418,0.026345510637960853,-0.42025796605559684,1740.4783504238899,-636.391999355707,10.218468561152099
matr_to_hust,matr,hust,gaussian_process,100,residual_mean,5,763.007238641014,23.114910302144345,67.09438129384253,-7.936737027557716,0.32989466504972864,270.3838605663035,20.73863044032699,18.41976803035242,-0.4417124591745754,0.193596736021741,1.0,747.7471893723377,-492.62337807471056,7.4950245683831405
matr_to_hust,matr,hust,gaussian_process,100,residual_mean,10,763.007238641014,23.114910302144345,67.09438129384253,-7.936737027557716,0.32989466504972864,257.9274773076913,22.73528231986871,17.52650699153289,-0.3190501386626658,0.2441683329912483,1.0,775.2459283982267,-505.0797613333228,7.61768688889505
matr_to_hust,matr,hust,gaussian_process,100,residual_mean,15,763.007238641014,23.114910302144345,67.09438129384253,-7.936737027557716,0.32989466504972864,257.574619699425,24.594444924603142,17.537066368835827,-0.2917137842316757,0.21962858133796367,1.0,761.4783710061931,-505.43261894158906,7.64502324332604
matr_to_hust,matr,hust,gaussian_process,100,residual_mean,20,763.007238641014,23.114910302144345,67.09438129384253,-7.936737027557716,0.32989466504972864,253.26685995765325,23.412908062302307,17.257766872347702,-0.2657979282315275,0.23935365035582112,1.0,762.8918477262742,-509.7403786833608,7.670939099326189
matr_to_hust,matr,hust,gaussian_process,100,linear,5,763.007238641014,23.114910302144345,67.09438129384253,-7.936737027557716,0.32989466504972864,316.06619139070517,40.48938372022753,21.815781995506637,-1.7167971130437785,1.2828301653515655,1.881497443733418,161.38975156867278,-446.9410472503089,6.219939914513938
matr_to_hust,matr,hust,gaussian_process,100,linear,10,763.007238641014,23.114910302144345,67.09438129384253,-7.936737027557716,0.32989466504972864,249.31586903645456,4.1227431351425325,17.096112959179525,-0.26084095527210976,0.0702782874083687,-0.08413495969148324,1584.4354086164594,-513.6913696045594,7.675896072285607
matr_to_hust,matr,hust,gaussian_process,100,linear,15,763.007238641014,23.114910302144345,67.09438129384253,-7.936737027557716,0.32989466504972864,243.97968396460618,6.490123140771809,16.65007073371985,-0.18883851406254962,0.06250059741629674,-0.22814861058232175,1657.4532580682433,-519.0275546764078,7.747898513495167
matr_to_hust,matr,hust,gaussian_process,100,linear,20,763.007238641014,23.114910302144345,67.09438129384253,-7.936737027557716,0.32989466504972864,236.91819332858728,3.506901410946341,16.190341494792666,-0.1075245153696363,0.025336835799533473,-0.5821907298189108,1920.1416734270672,-526.0890453124268,7.82921251218808
matr_to_hust,matr,hust,stacking,100,residual_mean,5,872.6511527388639,60.31714997015924,81.27942043987441,-10.283568394910521,1.3306680726779463,263.93103314798407,11.258301286672147,18.00568891693793,-0.37404233128417186,0.1180259836232192,1.0,854.8195312690341,-608.7201195908798,9.909526063626348
matr_to_hust,matr,hust,stacking,100,residual_mean,10,872.6511527388639,60.31714997015924,81.27942043987441,-10.283568394910521,1.3306680726779463,248.50322311684127,11.595051916545005,16.955569614905208,-0.22092581078856677,0.11041367356833953,1.0,883.45348149779,-624.1479296220226,10.062642584121955
matr_to_hust,matr,hust,stacking,100,residual_mean,15,872.6511527388639,60.31714997015924,81.27942043987441,-10.283568394910521,1.3306680726779463,248.2559244320649,13.790520078222702,16.922787949702535,-0.20478093037393208,0.13687151108528559,1.0,873.9990594243661,-624.395228306799,10.078787464536589
matr_to_hust,matr,hust,stacking,100,residual_mean,20,872.6511527388639,60.31714997015924,81.27942043987441,-10.283568394910521,1.3306680726779463,244.2581313586323,14.550404039221899,16.67042875135581,-0.17936140044123466,0.12594110527526434,1.0,874.0158768442728,-628.3930213802315,10.104206994469287
matr_to_hust,matr,hust,stacking,100,linear,5,872.6511527388639,60.31714997015924,81.27942043987441,-10.283568394910521,1.3306680726779463,298.9983641287436,25.939434022248605,21.053540371308067,-1.1512664603180098,0.55999563654399,-0.36049904061862337,1680.758867643634,-573.6527886101203,9.132301934592512
matr_to_hust,matr,hust,stacking,100,linear,10,872.6511527388639,60.31714997015924,81.27942043987441,-10.283568394910521,1.3306680726779463,247.56415290819163,5.019747570731939,16.85924939003747,-0.2330649356779376,0.0422267382624128,-0.3460832366620715,1703.0070392598088,-625.0869998306722,10.050503459232583
matr_to_hust,matr,hust,stacking,100,linear,15,872.6511527388639,60.31714997015924,81.27942043987441,-10.283568394910521,1.3306680726779463,245.33575154355316,5.443656044116194,16.711673684638885,-0.19880650121253507,0.04165337208732007,-0.525875413709276,1798.3363347362563,-627.3154011953106,10.084761893697985
matr_to_hust,matr,hust,stacking,100,linear,20,872.6511527388639,60.31714997015924,81.27942043987441,-10.283568394910521,1.3306680726779463,238.93610157983213,1.7616677762713304,16.288458717725838,-0.1287241575419108,0.025060227571087036,-0.41968355567694954,1748.646488162558,-633.7150511590318,10.15484423736861
matr_to_sandia,matr,sandia,elastic_net,100,residual_mean,5,4116710.1672537937,4833000.774646912,136.26207699637249,-1716822524.3662803,2177141084.6678424,4020631.901585815,4730720.019639656,166.5872094597672,-1680651596.6353269,2139058257.811909,1.0,-4948222.001782671,-96078.26566797867,36170927.730953455
matr_to_sandia,matr,sandia,elastic_net,100,residual_mean,10,4116710.1672537937,4833000.774646912,136.26207699637249,-1716822524.3662803,2177141084.6678424,3974472.8990254165,4633968.699466288,170.80649470054257,-1648810340.3400474,2066504258.4693892,1.0,-4667639.33639328,-142237.26822837722,68012184.02623296
matr_to_sandia,matr,sandia,elastic_net,100,residual_mean,15,4116710.1672537937,4833000.774646912,136.26207699637249,-1716822524.3662803,2177141084.6678424,3731056.4599207686,4502131.779037386,177.1797866661883,-1618600363.3247669,2148785606.113314,1.0,-5004613.4418833265,-385653.70733302506,98222161.04151344
matr_to_sandia,matr,sandia,elastic_net,100,residual_mean,20,4116710.1672537937,4833000.774646912,136.26207699637249,-1716822524.3662803,2177141084.6678424,3788161.77684374,4411044.571672928,178.85976856007235,-1686159233.4274178,2150978204.5242014,1.0,-4600686.311268648,-328548.39041005354,30663290.938862562
matr_to_sandia,matr,sandia,elastic_net,100,linear,5,4116710.1672537937,4833000.774646912,136.26207699637249,-1716822524.3662803,2177141084.6678424,64254.46008464529,93913.26400374886,104.5447088430974,-2888183.9737792895,5431210.447616551,0.2664547641747105,925.2104867491158,-4052455.7071691486,1713934340.392501
matr_to_sandia,matr,sandia,elastic_net,100,linear,10,4116710.1672537937,4833000.774646912,136.26207699637249,-1716822524.3662803,2177141084.6678424,7673.830311621845,7265.405966171891,102.87050986523448,-12356.104375293837,15257.619685921762,-0.0017609926472510324,963.8302599671063,-4109036.3369421717,1716810168.261905
matr_to_sandia,matr,sandia,elastic_net,100,linear,15,4116710.1672537937,4833000.774646912,136.26207699637249,-1716822524.3662803,2177141084.6678424,5048.804197596057,7820.641524187725,104.39889313899911,-5809.364432305017,11213.496221851452,0.03745173707320978,908.108270674306,-4111661.3630561978,1716816715.001848
matr_to_sandia,matr,sandia,elastic_net,100,linear,20,4116710.1672537937,4833000.774646912,136.26207699637249,-1716822524.3662803,2177141084.6678424,3280.527941267981,4901.737893499633,105.88668529508155,-1766.7712981967234,3533.347481255644,-0.02759685651708001,971.8079257561951,-4113429.6393125257,1716820757.5949821
matr_to_sandia,matr,sandia,pls,100,residual_mean,5,8233144.38538686,9666153.818065938,134.92312420514986,-6846472958.803376,8371666370.112357,7778086.545487273,9106265.303427607,169.83422784489198,-6643053656.293904,8122895224.971632,1.0,-12218301.997501696,-455057.83989958744,203419302.5094719
matr_to_sandia,matr,sandia,pls,100,residual_mean,10,8233144.38538686,9666153.818065938,134.92312420514986,-6846472958.803376,8371666370.112357,7954475.878093148,9356158.222991891,172.13686221105286,-6816687435.85424,8336835171.902353,1.0,-9286246.086154684,-278668.50729371235,29785522.94913578
matr_to_sandia,matr,sandia,pls,100,residual_mean,15,8233144.38538686,9666153.818065938,134.92312420514986,-6846472958.803376,8371666370.112357,7070957.183637207,8293830.176591026,172.87848842449597,-6640925909.85268,8311341830.758245,1.0,-10900824.67120209,-1162187.2017496526,205547048.950696
matr_to_sandia,matr,sandia,pls,100,residual_mean,20,8233144.38538686,9666153.818065938,134.92312420514986,-6846472958.803376,8371666370.112357,7536790.355491573,8838231.301715676,173.97838644481985,-6515315153.980199,7966452139.915613,1.0,-9248854.317467509,-696354.029895287,331157804.82317734
matr_to_sandia,matr,sandia,pls,100,linear,5,8233144.38538686,9666153.818065938,134.92312420514986,-6846472958.803376,8371666370.112357,71626.93656499102,84415.69940484613,107.46665343489624,-10679954.508058762,14316139.482039439,0.08717004353491994,976.7716007166689,-8161517.448821869,6835793004.295318
matr_to_sandia,matr,sandia,pls,100,linear,10,8233144.38538686,9666153.818065938,134.92312420514986,-6846472958.803376,8371666370.112357,3305.0208999083575,2142.075679504028,106.2888555883324,-2745.1146386799855,2777.874573522388,0.06255725367064609,853.7951863077373,-8229839.364486951,6846470213.688738
matr_to_sandia,matr,sandia,pls,100,linear,15,8233144.38538686,9666153.818065938,134.92312420514986,-6846472958.803376,8371666370.112357,1973.5817310692132,2267.641677604167,107.82852356170892,-1532.93819772609,3065.7526667833245,0.0024734725111660353,885.9921375833208,-8231170.803655791,6846471425.865178
matr_to_sandia,matr,sandia,pls,100,linear,20,8233144.38538686,9666153.818065938,134.92312420514986,-6846472958.803376,8371666370.112357,1383.28545066067,1062.0809282630273,110.07211430529237,-442.7426375262959,885.2823301986069,0.0227846705300871,866.2952145394975,-8231761.099936199,6846472516.060739
matr_to_sandia,matr,sandia,random_forest,100,residual_mean,5,775.0264745824683,99.68270366897477,99.25200470738608,0.01377075302902706,0.022382887589087613,853.1184601961943,30.396520916977742,99.22243745646742,-0.21265293200635788,0.10223192700239665,1.0,63.79132933931885,78.09198561372602,-0.22642368503538493
matr_to_sandia,matr,sandia,random_forest,100,residual_mean,10,775.0264745824683,99.68270366897477,99.25200470738608,0.01377075302902706,0.022382887589087613,835.8805735736245,24.472750107640685,102.05052062929494,-0.08640697515022415,0.05476053505007406,1.0,71.1778113048945,60.85409899115621,-0.1001777281792512
matr_to_sandia,matr,sandia,random_forest,100,residual_mean,15,775.0264745824683,99.68270366897477,99.25200470738608,0.01377075302902706,0.022382887589087613,841.9024395445306,19.85652557725478,103.5150166785761,-0.13300688567781926,0.11628319848094412,1.0,76.03024343454015,66.87596496206231,-0.14677763870684632
matr_to_sandia,matr,sandia,random_forest,100,residual_mean,20,775.0264745824683,99.68270366897477,99.25200470738608,0.01377075302902706,0.022382887589087613,837.1147837043463,22.643061912782773,105.15856422864962,-0.05645567154183388,0.043909276332700455,1.0,78.03006123971498,62.08830912187807,-0.07022642457086094
matr_to_sandia,matr,sandia,random_forest,100,linear,5,775.0264745824683,99.68270366897477,99.25200470738608,0.01377075302902706,0.022382887589087613,1045.7597652544412,268.89050147816425,107.89043225785765,-2.126894093868311,1.779216107058068,4.5865955732285615,-1598.2947304326499,270.7332906719729,-2.140664846897338
matr_to_sandia,matr,sandia,random_forest,100,linear,10,775.0264745824683,99.68270366897477,99.25200470738608,0.01377075302902706,0.022382887589087613,827.2389216390005,154.98729516376383,101.71869939696447,-0.2558540373598509,0.42585466821605217,3.9412161197207025,-1544.3375454679503,52.212447056532255,-0.269624790388878
matr_to_sandia,matr,sandia,random_forest,100,linear,15,775.0264745824683,99.68270366897477,99.25200470738608,0.01377075302902706,0.022382887589087613,797.8248352553826,144.59714594160516,101.8946689426473,-0.03403393427889322,0.2653700827092813,3.6295281424420276,-1389.4492485900937,22.798360672914328,-0.047804687307920285
matr_to_sandia,matr,sandia,random_forest,100,linear,20,775.0264745824683,99.68270366897477,99.25200470738608,0.01377075302902706,0.022382887589087613,805.1836602936612,148.76147674119528,104.15683910647508,-0.1229281958209216,0.34523831842556435,3.695040931130806,-1424.3521310066837,30.157185711192938,-0.13669894884994865
matr_to_sandia,matr,sandia,xgboost,100,residual_mean,5,730.6721621645247,112.25428733333135,92.49821117653697,0.045531839623273895,0.02181887114660669,831.9427936531489,46.64254382641521,97.18007137240403,-0.16050347923419542,0.1405286667006787,1.0,111.64075436367436,101.27063148862419,-0.2060353188574693
matr_to_sandia,matr,sandia,xgboost,100,residual_mean,10,730.6721621645247,112.25428733333135,92.49821117653697,0.045531839623273895,0.02181887114660669,814.0687677574757,33.77533133451906,100.00642685263782,-0.03870096948652661,0.08561185912481396,1.0,118.3833304540801,83.396605592951,-0.08423280910980051
matr_to_sandia,matr,sandia,xgboost,100,residual_mean,15,730.6721621645247,112.25428733333135,92.49821117653697,0.045531839623273895,0.02181887114660669,822.2142324402988,30.88123122227413,101.93145982563092,-0.08636807406986233,0.14313408198687236,1.0,125.8449358545217,91.54207027577411,-0.13189991369313622
matr_to_sandia,matr,sandia,xgboost,100,residual_mean,20,730.6721621645247,112.25428733333135,92.49821117653697,0.045531839623273895,0.02181887114660669,818.8624758466407,33.52182506733217,103.8290045919094,-0.011203013165262033,0.06717847194497985,1.0,129.6403828625163,88.19031368211597,-0.056734852788535926
matr_to_sandia,matr,sandia,xgboost,100,linear,5,730.6721621645247,112.25428733333135,92.49821117653697,0.045531839623273895,0.02181887114660669,914.4626049268772,145.26812838496724,99.44793497049223,-3.096675909209343,4.363725902058515,6.510184886028185,-2752.77473395607,183.79044276235254,-3.142207748832617
matr_to_sandia,matr,sandia,xgboost,100,linear,10,730.6721621645247,112.25428733333135,92.49821117653697,0.045531839623273895,0.02181887114660669,725.2650713028204,217.82261584805903,96.3356155403064,-0.04683313491942045,0.4462886660574394,5.118929874675638,-2223.0045142504864,-5.407090861704319,-0.09236497454269435
matr_to_sandia,matr,sandia,xgboost,100,linear,15,730.6721621645247,112.25428733333135,92.49821117653697,0.045531839623273895,0.02181887114660669,711.9500436051003,205.59789848404796,96.51146335479105,0.03476616830726735,0.3793679195861685,5.115977601271671,-2258.4465522161536,-18.722118559424416,-0.010765671316006545
matr_to_sandia,matr,sandia,xgboost,100,linear,20,730.6721621645247,112.25428733333135,92.49821117653697,0.045531839623273895,0.02181887114660669,697.9530272429005,217.93611598957642,94.75340238956244,0.029281756381462583,0.4023421173550075,5.109902653953248,-2218.4423567424537,-32.71913492162423,-0.016250083241811313
matr_to_sandia,matr,sandia,catboost,100,residual_mean,5,725.5381009289755,68.19681151329837,94.67470096431376,0.03955847363272438,0.033348000818387645,838.4885476111998,33.50417793550707,96.75228520121667,-0.18207698403529585,0.1146810685942914,1.0,124.1302227232068,112.95044668222431,-0.22163545766802023
matr_to_sandia,matr,sandia,catboost,100,residual_mean,10,725.5381009289755,68.19681151329837,94.67470096431376,0.03955847363272438,0.033348000818387645,823.0954907612256,25.01713190074342,100.82603577453297,-0.058557711042656745,0.0625203586089632,1.0,134.7197621818928,97.55738983225012,-0.09811618467538112
matr_to_sandia,matr,sandia,catboost,100,residual_mean,15,725.5381009289755,68.19681151329837,94.67470096431376,0.03955847363272438,0.033348000818387645,830.8831226579434,24.28481150541491,103.23525460018016,-0.10422988861624553,0.1271439368598245,1.0,140.84353528800824,105.34502172896794,-0.1437883622489699
matr_to_sandia,matr,sandia,catboost,100,residual_mean,20,725.5381009289755,68.19681151329837,94.67470096431376,0.03955847363272438,0.033348000818387645,827.0340795775859,26.00425682346347,104.8868440494999,-0.028527349878481677,0.05166344928168626,1.0,143.58736143707466,101.49597864861039,-0.06808582351120605
matr_to_sandia,matr,sandia,catboost,100,linear,5,725.5381009289755,68.19681151329837,94.67470096431376,0.03955847363272438,0.033348000818387645,822.0667787282313,238.4325130497247,101.41298101236744,-0.9428253826180321,1.360714528106052,13.762945693344786,-8150.478731787205,96.52867779925577,-0.9823838562507564
matr_to_sandia,matr,sandia,catboost,100,linear,10,725.5381009289755,68.19681151329837,94.67470096431376,0.03955847363272438,0.033348000818387645,713.3297563352447,167.5557541169748,100.42976949377713,0.08341722957375472,0.3584472566919481,8.486911310006931,-4489.380230716777,-12.208344593730772,0.04385875594103034
matr_to_sandia,matr,sandia,catboost,100,linear,15,725.5381009289755,68.19681151329837,94.67470096431376,0.03955847363272438,0.033348000818387645,700.6415284538632,169.3743466640049,98.5860242927169,0.14385629669039865,0.322817488467931,8.388134082280809,-4433.398993599089,-24.896572475112293,0.10429782305767427
matr_to_sandia,matr,sandia,catboost,100,linear,20,725.5381009289755,68.19681151329837,94.67470096431376,0.03955847363272438,0.033348000818387645,704.3472305428813,170.36960642064562,103.07609282040774,0.11354789153264755,0.35148632109701716,9.297725318275486,-4940.342509859442,-21.19087038609416,0.07398941789992317
matr_to_sandia,matr,sandia,gaussian_process,100,residual_mean,5,807.1260014303637,5.821919372589382,105.50623265749292,-0.00029219484622255987,0.0025008989715829947,866.183891634794,24.417176106395928,98.59801187290265,-0.24994174208850733,0.0780566128231663,1.0,40.6495566583993,59.05789020443035,-0.24964954724228478
matr_to_sandia,matr,sandia,gaussian_process,100,residual_mean,10,807.1260014303637,5.821919372589382,105.50623265749292,-0.00029219484622255987,0.0025008989715829947,851.7319087566563,18.568812362423554,103.47669087059782,-0.12848163911107707,0.018580847745408545,1.0,45.421988708112465,44.605907326292595,-0.1281894442648545
matr_to_sandia,matr,sandia,gaussian_process,100,residual_mean,15,807.1260014303637,5.821919372589382,105.50623265749292,-0.00029219484622255987,0.0025008989715829947,862.0408057677148,17.651570729062563,106.22917013040032,-0.17543663388767905,0.11151115699194764,1.0,55.137258908776644,54.91480433735114,-0.1751444390414565
matr_to_sandia,matr,sandia,gaussian_process,100,residual_mean,20,807.1260014303637,5.821919372589382,105.50623265749292,-0.00029219484622255987,0.0025008989715829947,857.0944073138429,7.511136893473587,107.80667905194983,-0.09641927541237728,0.026154481087983055,1.0,55.72956944488063,49.96840588347925,-0.09612708056615472
matr_to_sandia,matr,sandia,gaussian_process,100,linear,5,807.1260014303637,5.821919372589382,105.50623265749292,-0.00029219484622255987,0.0025008989715829947,5852226.097651617,5346850.098326723,76.5298478362744,-4372474049.398903,3998321350.092971,-899223039.1177982,609677600655.262,5851418.971650186,-4372474049.398611
matr_to_sandia,matr,sandia,gaussian_process,100,linear,10,807.1260014303637,5.821919372589382,105.50623265749292,-0.00029219484622255987,0.0025008989715829947,2280199.509902343,2871932.6114783743,82.8280209024492,-1353573732.9423642,1733986190.8156245,1069834811.7547795,-765594314115.6804,2279392.383900913,-1353573732.942072
matr_to_sandia,matr,sandia,gaussian_process,100,linear,15,807.1260014303637,5.821919372589382,105.50623265749292,-0.00029219484622255987,0.0025008989715829947,323095.2508777296,643223.0133488532,89.34849705661416,-222543409.90117702,445086651.44465667,5157980.925014083,-3691193174.7320786,322288.12487629923,-222543409.90088484
matr_to_sandia,matr,sandia,gaussian_process,100,linear,20,807.1260014303637,5.821919372589382,105.50623265749292,-0.00029219484622255987,0.0025008989715829947,35076.97950695855,67632.19535206525,95.62013740669587,-408563.91680542263,817023.8716439592,268993.75471605675,-192435779.29072666,34269.85350552819,-408563.9165132278
matr_to_sandia,matr,sandia,stacking,100,residual_mean,5,719.9063091950204,74.61309704495844,93.38404476379176,0.0411012624946407,0.026381581394945484,836.5246751886998,27.70517888915481,96.8389226730374,-0.17317997113903041,0.09077247963086908,1.0,129.0581705501168,116.61836599367939,-0.21428123363367113
matr_to_sandia,matr,sandia,stacking,100,residual_mean,10,719.9063091950204,74.61309704495844,93.38404476379176,0.0411012624946407,0.026381581394945484,819.4993566935995,21.112789793866828,100.54004071453502,-0.050841166088196256,0.04933903896189597,1.0,137.83421721624973,99.59304749857904,-0.09194242858283697
matr_to_sandia,matr,sandia,stacking,100,residual_mean,15,719.9063091950204,74.61309704495844,93.38404476379176,0.0411012624946407,0.026381581394945484,827.8447951787045,17.73852847722136,102.82725245161575,-0.09512735170941304,0.10571148217500417,1.0,144.9771725043702,107.93848598368413,-0.13622861420405374
matr_to_sandia,matr,sandia,stacking,100,residual_mean,20,719.9063091950204,74.61309704495844,93.38404476379176,0.0411012624946407,0.026381581394945484,823.7635193326136,22.797549591736484,104.48848073009049,-0.02211003402150167,0.048641534453869345,1.0,147.383495616605,103.85721013759314,-0.06321129651614238
matr_to_sandia,matr,sandia,stacking,100,linear,5,719.9063091950204,74.61309704495844,93.38404476379176,0.0411012624946407,0.026381581394945484,769.7798810420123,180.82706651371907,101.22442026819354,-0.3091753433384721,0.4666037914659263,9.5969911440083,-5381.821047280924,49.87357184699192,-0.35027660583311276
matr_to_sandia,matr,sandia,stacking,100,linear,10,719.9063091950204,74.61309704495844,93.38404476379176,0.0411012624946407,0.026381581394945484,693.6562649612292,159.73417169541946,98.59955887800191,0.1148262545179682,0.3117933351707847,7.33656423234788,-3688.7493334654732,-26.250044233791186,0.0737249920233275
matr_to_sandia,matr,sandia,stacking,100,linear,15,719.9063091950204,74.61309704495844,93.38404476379176,0.0411012624946407,0.026381581394945484,685.6228687353434,151.69407057890558,96.74922236100197,0.15071479646816124,0.28385084914601155,7.59901466260177,-3842.263029276818,-34.28344045967697,0.10961353397352054
matr_to_sandia,matr,sandia,stacking,100,linear,20,719.9063091950204,74.61309704495844,93.38404476379176,0.0411012624946407,0.026381581394945484,677.8324546850397,159.8304118095864,99.48451358930248,0.1501681387896967,0.3149218536455562,8.23741550677708,-4155.200716311626,-42.07385450998072,0.109066876295056
matr_to_luh,matr,luh,elastic_net,100,residual_mean,5,1633.275129152084,1452.513120099658,99.36589159445327,-54.67205476092339,80.65289290743813,813.3270807035476,518.4469719667376,106.18542964133994,-23.13710037452839,36.119353610574514,1.0,-1543.3599436884917,-819.9480484485364,31.534954386394997
matr_to_luh,matr,luh,elastic_net,100,residual_mean,10,1633.275129152084,1452.513120099658,99.36589159445327,-54.67205476092339,80.65289290743813,755.4834525406753,444.8176206788974,106.6769352975903,-20.981175634366956,32.32519706417827,1.0,-1608.518023001775,-877.7916766114087,33.69087912655643
matr_to_luh,matr,luh,elastic_net,100,residual_mean,15,1633.275129152084,1452.513120099658,99.36589159445327,-54.67205476092339,80.65289290743813,764.020529075692,466.14995249596103,104.59523917183397,-21.931097845516508,33.93545942557771,1.0,-1563.3376061354386,-869.254600076392,32.74095691540688
matr_to_luh,matr,luh,elastic_net,100,residual_mean,20,1633.275129152084,1452.513120099658,99.36589159445327,-54.67205476092339,80.65289290743813,758.8784000859262,457.15325367032165,103.24054535777455,-22.24441202408148,34.444212579927104,1.0,-1519.3987288362905,-874.3967290661578,32.427642736841904
matr_to_luh,matr,luh,elastic_net,100,linear,5,1633.275129152084,1452.513120099658,99.36589159445327,-54.67205476092339,80.65289290743813,391.9306089699228,86.34017648796478,70.3781232651955,-1.744123170933359,1.3282979402816053,0.5038659545221883,217.08999767604374,-1241.3445201821612,52.92793158999003
matr_to_luh,matr,luh,elastic_net,100,linear,10,1633.275129152084,1452.513120099658,99.36589159445327,-54.67205476092339,80.65289290743813,329.6619638438091,35.21562332380616,64.2733041016284,-0.3005997573479937,0.4327361909674744,0.4231374290480757,295.26359856852525,-1303.6131653082748,54.37145500357539
matr_to_luh,matr,luh,elastic_net,100,linear,15,1633.275129152084,1452.513120099658,99.36589159445327,-54.67205476092339,80.65289290743813,321.8155894448026,35.545379518003685,64.16037475896971,-0.08762592786419471,0.2191666637401827,0.30633930668899545,405.0749920583049,-1311.4595397072815,54.58442883305919
matr_to_luh,matr,luh,elastic_net,100,linear,20,1633.275129152084,1452.513120099658,99.36589159445327,-54.67205476092339,80.65289290743813,320.4444076426678,35.58889093235145,61.926342615621095,-0.14321291784815932,0.36355252095089513,0.33732584461306653,335.079917827941,-1312.8307215094162,54.52884184307523
matr_to_luh,matr,luh,pls,100,residual_mean,5,1268.435472808745,1116.7181772357906,90.68353250581185,-33.798492493891516,41.17925256466696,789.9482899405455,540.9562837724665,99.3554987432536,-17.15692641821555,20.538270606994345,1.0,-997.1017136484561,-478.4871828681996,16.641566075675964
matr_to_luh,matr,luh,pls,100,residual_mean,10,1268.435472808745,1116.7181772357906,90.68353250581185,-33.798492493891516,41.17925256466696,766.4340230981496,524.4269083231376,101.45086518961311,-16.24763424376486,19.802388115731464,1.0,-1053.6955244953228,-502.00144971059547,17.550858250126655
matr_to_luh,matr,luh,pls,100,residual_mean,15,1268.435472808745,1116.7181772357906,90.68353250581185,-33.798492493891516,41.17925256466696,743.5105433024138,501.76196848295194,105.6634343814732,-14.79458993632382,18.18250673077804,1.0,-1143.0709995469865,-524.9249295063313,19.003902557567695
matr_to_luh,matr,luh,pls,100,residual_mean,20,1268.435472808745,1116.7181772357906,90.68353250581185,-33.798492493891516,41.17925256466696,748.8425300206036,512.1562293344683,105.49853857193052,-14.948369194163252,18.148081825388164,1.0,-1118.9263071434973,-519.5929427881415,18.850123299728264
matr_to_luh,matr,luh,pls,100,linear,5,1268.435472808745,1116.7181772357906,90.68353250581185,-33.798492493891516,41.17925256466696,415.83676375132916,79.88544585006183,73.88693258050168,-1.6360350112187028,1.084740196104091,0.6592176012410775,225.18304495803312,-852.5987090574159,32.162457482672814
matr_to_luh,matr,luh,pls,100,linear,10,1268.435472808745,1116.7181772357906,90.68353250581185,-33.798492493891516,41.17925256466696,333.5680511179564,44.68208175648934,65.36693683119032,-0.15384093500484758,0.2873683153824374,0.5344303073367336,269.9416282094436,-934.8674216907887,33.644651558886665
matr_to_luh,matr,luh,pls,100,linear,15,1268.435472808745,1116.7181772357906,90.68353250581185,-33.798492493891516,41.17925256466696,321.74418605312883,41.30123741366916,64.2481385858725,-0.03865669653236281,0.25622046202237025,0.44651748515468104,319.65202277343167,-946.6912867556163,33.75983579735915
matr_to_luh,matr,luh,pls,100,linear,20,1268.435472808745,1116.7181772357906,90.68353250581185,-33.798492493891516,41.17925256466696,317.45878338820825,39.15735450559944,63.656776638177895,0.04520985795878937,0.18706611796647382,0.4644642724178224,307.8034695902503,-950.9766894205368,33.843702351850304
matr_to_luh,matr,luh,random_forest,100,residual_mean,5,358.73207503888784,49.210516971644225,67.60323277667233,-0.11019257843183446,0.23952621839521726,352.28883595098415,15.507408959906176,67.24671215383243,-0.13899843232636142,0.08752437735018796,1.0,-64.19639715114472,-6.443239087903692,-0.02880585389452696
matr_to_luh,matr,luh,random_forest,100,residual_mean,10,358.73207503888784,49.210516971644225,67.60323277667233,-0.11019257843183446,0.23952621839521726,337.9136528961209,6.143690149263821,65.82624806887985,-0.03151350697581058,0.03211986604822397,1.0,-68.41241710339746,-20.818422142766963,0.07867907145602387
matr_to_luh,matr,luh,random_forest,100,residual_mean,15,358.73207503888784,49.210516971644225,67.60323277667233,-0.11019257843183446,0.23952621839521726,334.20064763254294,5.825051835942557,65.34299704950868,-0.003748275239904287,0.03201634244393601,1.0,-74.34613474360378,-24.531427406344903,0.10644430319193017
matr_to_luh,matr,luh,random_forest,100,residual_mean,20,358.73207503888784,49.210516971644225,67.60323277667233,-0.11019257843183446,0.23952621839521726,332.6059138735748,6.928159017414919,65.1760214241288,0.003322921287460684,0.02308549611643947,1.0,-79.27837620235273,-26.12616116531302,0.11351549971929514
matr_to_luh,matr,luh,random_forest,100,linear,5,358.73207503888784,49.210516971644225,67.60323277667233,-0.11019257843183446,0.23952621839521726,442.81430609169075,70.71972560429829,75.73192182652379,-3.243914233338297,3.2869701458850225,1.5977281468363909,-133.1296265228585,84.08223105280291,-3.1337216549064624
matr_to_luh,matr,luh,random_forest,100,linear,10,358.73207503888784,49.210516971644225,67.60323277667233,-0.11019257843183446,0.23952621839521726,361.53855210451843,31.61073916549948,68.01593578544052,-0.6134292373362997,0.6742493483843977,1.7032561526855972,-647.2587261353341,2.806477065630588,-0.5032366589044652
matr_to_luh,matr,luh,random_forest,100,linear,15,358.73207503888784,49.210516971644225,67.60323277667233,-0.11019257843183446,0.23952621839521726,347.24084254336947,30.817879855392096,66.47073246285689,-0.2728732726428427,0.3621397638816519,2.0945604049633415,-828.9483691811314,-11.491232495518375,-0.16268069421100828
matr_to_luh,matr,luh,random_forest,100,linear,20,358.73207503888784,49.210516971644225,67.60323277667233,-0.11019257843183446,0.23952621839521726,339.0366377420265,18.04429801922467,65.68744705771675,-0.11803099102852466,0.1717881872317336,1.6788431407174786,-481.4350755394622,-19.695437296861314,-0.0078384125966902
matr_to_luh,matr,luh,xgboost,100,residual_mean,5,369.410628770796,15.036825666220691,70.22362453539078,-0.20325275046619679,0.16118152526945254,369.2504368905651,21.865424648192537,69.89774194504398,-0.2403632729390628,0.13031644639645149,1.0,-15.773247915070943,-0.16019188023091147,-0.037110522472866
matr_to_luh,matr,luh,xgboost,100,residual_mean,10,369.410628770796,15.036825666220691,70.22362453539078,-0.20325275046619679,0.16118152526945254,354.76226590334517,13.479892935981692,68.18265739735064,-0.1225224084677277,0.07534258018317776,1.0,-15.912823867633112,-14.648362867450828,0.08073034199846908
matr_to_luh,matr,luh,xgboost,100,residual_mean,15,369.410628770796,15.036825666220691,70.22362453539078,-0.20325275046619679,0.16118152526945254,350.4951952124931,19.07560445288531,67.7129995636957,-0.09444753994717638,0.11882673384744621,1.0,-23.276180390110518,-18.91543355830288,0.10880521051902041
matr_to_luh,matr,luh,xgboost,100,residual_mean,20,369.410628770796,15.036825666220691,70.22362453539078,-0.20325275046619679,0.16118152526945254,348.7943765542971,18.772305831705605,67.58092945514122,-0.08374426199126468,0.10164695193735411,1.0,-29.271089358030526,-20.61625221649888,0.1195084884749321
matr_to_luh,matr,luh,xgboost,100,linear,5,369.410628770796,15.036825666220691,70.22362453539078,-0.20325275046619679,0.16118152526945254,436.80650856172554,36.07065900946201,71.36806736633007,-3.224470102856057,3.447137794334123,4.093676083837743,55.91333126154882,67.39587979092954,-3.0212173523898604
matr_to_luh,matr,luh,xgboost,100,linear,10,369.410628770796,15.036825666220691,70.22362453539078,-0.20325275046619679,0.16118152526945254,366.3600835852454,26.01566772994479,66.37105540932463,-1.1474218226027348,1.1754958150441743,3.1556819970833088,283.97167600626204,-3.050545185550618,-0.9441690721365381
matr_to_luh,matr,luh,xgboost,100,linear,15,369.410628770796,15.036825666220691,70.22362453539078,-0.20325275046619679,0.16118152526945254,346.28046853761526,32.06200364091017,63.22566266831925,-0.5346807941695227,0.6773466947865069,-0.8591383549389908,1593.4878617769548,-23.13016023318073,-0.33142804370332596
matr_to_luh,matr,luh,xgboost,100,linear,20,369.410628770796,15.036825666220691,70.22362453539078,-0.20325275046619679,0.16118152526945254,341.01780235430897,21.62707884314468,64.34163472772084,-0.30540152545995064,0.3097327494842461,1.5053666076024506,379.7973298048789,-28.392826416487026,-0.10214877499375385
matr_to_luh,matr,luh,catboost,100,residual_mean,5,335.8828467049199,19.229427987441092,65.5960070952562,-0.005091577256423308,0.06576520318703734,353.4841333514088,13.882921931538492,67.61349307850442,-0.13999639601870761,0.0798516852271923,1.0,2.262563530553166,17.60128664648886,-0.1349048187622843
matr_to_luh,matr,luh,catboost,100,residual_mean,10,335.8828467049199,19.229427987441092,65.5960070952562,-0.005091577256423308,0.06576520318703734,339.68035665182,6.617101789452637,66.17866135851031,-0.03313363506937654,0.032732771046803215,1.0,0.49477141027070387,3.7975099469000497,-0.028042057812953235
matr_to_luh,matr,luh,catboost,100,residual_mean,15,335.8828467049199,19.229427987441092,65.5960070952562,-0.005091577256423308,0.06576520318703734,335.8237937311807,5.228874628116806,65.86430520425093,-0.004917543672063611,0.030104259019609524,1.0,-6.395490100379203,-0.059052973739255776,0.00017403358435969657
matr_to_luh,matr,luh,catboost,100,residual_mean,20,335.8828467049199,19.229427987441092,65.5960070952562,-0.005091577256423308,0.06576520318703734,333.9203718630257,7.300256983093715,65.62664020789933,0.0034087556812271063,0.0236418286700333,1.0,-11.97803579644994,-1.9624748418942204,0.008500332937650415
matr_to_luh,matr,luh,catboost,100,linear,5,335.8828467049199,19.229427987441092,65.5960070952562,-0.005091577256423308,0.06576520318703734,374.49740797220113,20.37415406043697,73.333578079278,-0.7869253411261624,0.5317892612294172,7.0220196332176,-3468.8254518813833,38.6145612672812,-0.7818337638697391
matr_to_luh,matr,luh,catboost,100,linear,10,335.8828467049199,19.229427987441092,65.5960070952562,-0.005091577256423308,0.06576520318703734,329.7128808328929,25.090499407430016,67.92597225842842,-0.08250220000614127,0.19040695897189494,7.644165186297886,-3966.000483562822,-6.169965872027035,-0.07741062274971795
matr_to_luh,matr,luh,catboost,100,linear,15,335.8828467049199,19.229427987441092,65.5960070952562,-0.005091577256423308,0.06576520318703734,316.7632769083786,18.06725046525969,65.50380275646992,0.07389638073174218,0.08973417630235157,6.611361204541818,-3369.133302942876,-19.119569796541327,0.07898795798816549
matr_to_luh,matr,luh,catboost,100,linear,20,335.8828467049199,19.229427987441092,65.5960070952562,-0.005091577256423308,0.06576520318703734,317.41059613447,11.825089191866581,65.67615188573933,0.07792152988267147,0.06485299681557102,6.34293005106054,-3155.8924441395584,-18.472250570449944,0.08301310713909478
matr_to_luh,matr,luh,gaussian_process,100,residual_mean,5,374.53955755695426,3.2310687335514636,68.90316376725332,-0.13492058777027677,0.014953392832736747,365.3593294951464,12.579823622895127,69.35412232881802,-0.21390366808240766,0.07818540530876315,1.0,-133.20025020784342,-9.180228061807838,-0.07898308031213089
matr_to_luh,matr,luh,gaussian_process,100,residual_mean,10,374.53955755695426,3.2310687335514636,68.90316376725332,-0.13492058777027677,0.014953392832736747,350.0038681988583,7.675838024595421,67.45521179026234,-0.09758402494808724,0.043695792683158464,1.0,-135.0904006260139,-24.535689358095965,0.03733656282218953
matr_to_luh,matr,luh,gaussian_process,100,residual_mean,15,374.53955755695426,3.2310687335514636,68.90316376725332,-0.13492058777027677,0.014953392832736747,346.6358539722889,3.5960351971321702,67.17171115128681,-0.06820517668346536,0.02497489241405609,1.0,-141.0656078257855,-27.90370358466538,0.06671541108681141
matr_to_luh,matr,luh,gaussian_process,100,residual_mean,20,374.53955755695426,3.2310687335514636,68.90316376725332,-0.13492058777027677,0.014953392832736747,344.2762209975875,5.025208781238665,66.88603940076203,-0.05791952948006872,0.014365214583362722,1.0,-147.54671954819804,-30.263336559366792,0.07700105829020805
matr_to_luh,matr,luh,gaussian_process,100,linear,5,374.53955755695426,3.2310687335514636,68.90316376725332,-0.13492058777027677,0.014953392832736747,2445365.3365786737,2905605.4722691886,74.76867683914502,-10411917455.313536,13073242393.151493,-365557841357.48474,260301818063775.66,2444990.7970211166,-10411917455.178616
matr_to_luh,matr,luh,gaussian_process,100,linear,10,374.53955755695426,3.2310687335514636,68.90316376725332,-0.13492058777027677,0.014953392832736747,37940.09140101656,58785.822153052046,68.6772195060992,-31048436.607907254,60541697.931111984,-214335220437.71817,152590186763210.44,37565.5518434596,-31048436.472986665
matr_to_luh,matr,luh,gaussian_process,100,linear,15,374.53955755695426,3.2310687335514636,68.90316376725332,-0.13492058777027677,0.014953392832736747,62901.62765332104,124777.54890258642,66.6193969828457,-80057251.24246845,160114311.29237702,-423150350318.40515,301250463318621.4,62527.088095764084,-80057251.10754786
matr_to_luh,matr,luh,gaussian_process,100,linear,20,374.53955755695426,3.2310687335514636,68.90316376725332,-0.13492058777027677,0.014953392832736747,25981.398417882283,50704.054365203454,66.78417452889362,-12741855.947468694,25482343.878078893,-162828975353.8827,115921691564464.47,25606.85886032533,-12741855.812548107
matr_to_luh,matr,luh,stacking,100,residual_mean,5,334.0597534177139,27.33717641845039,65.09619875877902,0.00383242025284547,0.07411460452177922,350.1148813114039,17.859408328998356,67.04477777124164,-0.12556776145024362,0.09874986040068932,1.0,-1.7319214993144556,16.055127893689985,-0.1294001817030891
matr_to_luh,matr,luh,stacking,100,residual_mean,10,334.0597534177139,27.33717641845039,65.09619875877902,0.00383242025284547,0.07411460452177922,336.3294489675657,4.859406214885217,65.62064822001724,-0.016600764921341587,0.021420763617697968,1.0,-2.125122994324852,2.2696955498518037,-0.020433185174187057
matr_to_luh,matr,luh,stacking,100,residual_mean,15,334.0597534177139,27.33717641845039,65.09619875877902,0.00383242025284547,0.07411460452177922,332.18841915235515,8.739392839659072,65.23327492503392,0.011274915404012775,0.04029949228135297,1.0,-8.68519808184804,-1.8713342653587688,0.007442495151167305
matr_to_luh,matr,luh,stacking,100,residual_mean,20,334.0597534177139,27.33717641845039,65.09619875877902,0.00383242025284547,0.07411460452177922,330.31870580474003,10.148121999255752,65.02268444857005,0.01917476212613043,0.04017739699743623,1.0,-14.20265048585963,-3.7410476129738868,0.01534234187328496
matr_to_luh,matr,luh,stacking,100,linear,5,334.0597534177139,27.33717641845039,65.09619875877902,0.00383242025284547,0.07411460452177922,352.74601542263133,35.2870203632955,71.18657136218557,-0.4315983607603857,0.4122293481093354,7.504221863217156,-3549.837447818673,18.68626200491741,-0.4354307810132312
matr_to_luh,matr,luh,stacking,100,linear,10,334.0597534177139,27.33717641845039,65.09619875877902,0.00383242025284547,0.07411460452177922,315.83439077009155,35.19028889214808,66.76240883709349,0.02003324449995264,0.18839180653882037,8.27006074854317,-4163.642607889333,-18.225362647622376,0.01620082424710717
matr_to_luh,matr,luh,stacking,100,linear,15,334.0597534177139,27.33717641845039,65.09619875877902,0.00383242025284547,0.07411460452177922,303.7778015492362,30.693777530989948,64.15865150860985,0.13089303101105226,0.14872724955674155,6.056236004824623,-2858.6239282120214,-30.281951868477734,0.1270606107582068
matr_to_luh,matr,luh,stacking,100,linear,20,334.0597534177139,27.33717641845039,65.09619875877902,0.00383242025284547,0.07411460452177922,303.3028977855317,27.510639027898137,64.17944405556489,0.13718743384472543,0.13040299892955706,5.7302665568851765,-2671.1675864618,-30.756855632182237,0.13335501359187996
hust_to_matr,hust,matr,elastic_net,100,residual_mean,5,6202866.3904915545,7595020.481123295,84.55720843409951,-47573908754.658806,58265900495.71081,6258840.82356626,7664285.0240030745,78.29436056566264,-47739693554.10683,58469351050.85131,1.0,-4001048.081023781,55974.4330747053,-165784799.44802094
hust_to_matr,hust,matr,elastic_net,100,residual_mean,10,6202866.3904915545,7595020.481123295,84.55720843409951,-47573908754.658806,58265900495.71081,6446111.817933777,7905888.044593913,81.91271080202395,-49584809194.545074,60871970923.60222,1.0,-3001266.3120316253,243245.42744222283,-2010900439.8862686
hust_to_matr,hust,matr,elastic_net,100,residual_mean,15,6202866.3904915545,7595020.481123295,84.55720843409951,-47573908754.658806,58265900495.71081,6363320.157797071,7804947.662101039,81.54565563362105,-48347049097.210655,59273954683.76356,1.0,-4667807.832136011,160453.76730551664,-773140342.5518494
hust_to_matr,hust,matr,elastic_net,100,residual_mean,20,6202866.3904915545,7595020.481123295,84.55720843409951,-47573908754.658806,58265900495.71081,6376886.695974177,7832685.881802192,85.97121810784222,-48972962121.01137,60149366985.939766,1.0,-5001206.139800587,174020.30548262224,-1399053366.352562
hust_to_matr,hust,matr,elastic_net,100,linear,5,6202866.3904915545,7595020.481123295,84.55720843409951,-47573908754.658806,58265900495.71081,1497001.3111921377,1855225.2280773486,46.612922064215475,-7653173214.386434,10130963018.387058,0.2597132261027267,400.9501444427151,-4705865.079299416,39920735540.27237
hust_to_matr,hust,matr,elastic_net,100,linear,10,6202866.3904915545,7595020.481123295,84.55720843409951,-47573908754.658806,58265900495.71081,381386.98230144754,498114.742545115,39.58930531395866,-509821017.8063033,637726412.6638625,0.21837789032494515,417.57532627432255,-5821479.408190107,47064087736.8525
hust_to_matr,hust,matr,elastic_net,100,linear,15,6202866.3904915545,7595020.481123295,84.55720843409951,-47573908754.658806,58265900495.71081,1100512.7207908095,1557972.4594243094,38.55884229343455,-3905235924.193422,6877109268.608364,0.2822623761640347,329.46979341196806,-5102353.6697007455,43668672830.465385
hust_to_matr,hust,matr,elastic_net,100,linear,20,6202866.3904915545,7595020.481123295,84.55720843409951,-47573908754.658806,58265900495.71081,803201.2813353803,1051281.493805471,37.15976950403222,-2729732548.469347,4612616399.629198,0.2647720911783907,360.1756932962261,-5399665.109156175,44844176206.18946
hust_to_matr,hust,matr,pls,100,residual_mean,5,4781740.470137,6159469.647717195,76.69615417034188,-35725731461.20817,47551132289.46161,4867467.198632734,6240542.176178329,73.21632122124602,-36200036140.18035,47814078185.210365,1.0,-2222153.910646071,85726.72849573381,-474304678.9721832
hust_to_matr,hust,matr,pls,100,residual_mean,10,4781740.470137,6159469.647717195,76.69615417034188,-35725731461.20817,47551132289.46161,5160962.607144641,6677373.637947591,73.97177637297507,-39245330984.177795,52218669812.67628,1.0,-249041.4714383237,379222.1370076407,-3519599522.9696274
hust_to_matr,hust,matr,pls,100,residual_mean,15,4781740.470137,6159469.647717195,76.69615417034188,-35725731461.20817,47551132289.46161,4659692.25642994,6021939.594764801,79.82155888583634,-34746162759.657166,46482325543.203316,1.0,-5427074.912538373,-122048.21370705962,979568701.5510025
hust_to_matr,hust,matr,pls,100,residual_mean,20,4781740.470137,6159469.647717195,76.69615417034188,-35725731461.20817,47551132289.46161,4673068.659970047,5987821.899794077,86.31176860108398,-34962928261.53556,46268573513.83501,1.0,-5167152.349014829,-108671.81016695313,762803199.6726074
hust_to_matr,hust,matr,pls,100,linear,5,4781740.470137,6159469.647717195,76.69615417034188,-35725731461.20817,47551132289.46161,1574248.2917910437,1511827.6994678264,47.41439953547426,-9396720497.193455,9823060544.12308,0.4537087197888033,122.87113078756116,-3207492.1783459564,26329010964.014713
hust_to_matr,hust,matr,pls,100,linear,10,4781740.470137,6159469.647717195,76.69615417034188,-35725731461.20817,47551132289.46161,932022.0894404581,1581917.086412541,40.60619249565057,-5936096886.275356,11627061574.38607,0.17556052965481322,491.68987583049164,-3849718.380696542,29789634574.93281
hust_to_matr,hust,matr,pls,100,linear,15,4781740.470137,6159469.647717195,76.69615417034188,-35725731461.20817,47551132289.46161,648963.3258319176,658848.2875568445,39.100949263603916,-2763125662.5547996,3592070456.014688,0.06016062304201623,662.5189040934887,-4132777.1443050825,32962605798.65337
hust_to_matr,hust,matr,pls,100,linear,20,4781740.470137,6159469.647717195,76.69615417034188,-35725731461.20817,47551132289.46161,962619.107209089,1118582.8996838816,37.71172358526405,-5780427489.354093,7689299893.893188,0.14760408145669193,543.2442370458077,-3819121.362927911,29945303971.854076
hust_to_matr,hust,matr,random_forest,100,residual_mean,5,795.2872824178656,16.115989814390545,73.45681611984652,-4.554278443908033,0.20411452234126107,290.93856366602506,13.08889459594066,37.56434248385067,-0.12403363428436025,0.1068746373670509,1.0,-778.0525742858492,-504.3487187518406,4.430244809623673
hust_to_matr,hust,matr,random_forest,100,residual_mean,10,795.2872824178656,16.115989814390545,73.45681611984652,-4.554278443908033,0.20411452234126107,273.04082893891035,7.153321275173731,35.50163802477702,-5.930315698524924e-05,0.044191279872075426,1.0,-782.7501330703667,-522.2464534789553,4.554219140751048
hust_to_matr,hust,matr,random_forest,100,residual_mean,15,795.2872824178656,16.115989814390545,73.45681611984652,-4.554278443908033,0.20411452234126107,270.56182639977305,4.579628457663788,35.21491002761214,0.02490375495303652,0.015982816619799695,1.0,-785.5143925010477,-524.7254560180926,4.579182198861069
hust_to_matr,hust,matr,random_forest,100,residual_mean,20,795.2872824178656,16.115989814390545,73.45681611984652,-4.554278443908033,0.20411452234126107,264.94759971018533,3.560768187555316,34.55032621436048,0.051892201483830135,0.015871168583372605,1.0,-787.8487141376681,-530.3396827076804,4.606170645391863
hust_to_matr,hust,matr,random_forest,100,linear,5,795.2872824178656,16.115989814390545,73.45681611984652,-4.554278443908033,0.20411452234126107,410.7866651771853,65.04315823366002,51.72935849820029,-2.2715962905288984,1.4311351949565896,1.9867227598051258,-2327.94355643736,-384.50061724068036,2.2826821533791346
hust_to_matr,hust,matr,random_forest,100,linear,10,795.2872824178656,16.115989814390545,73.45681611984652,-4.554278443908033,0.20411452234126107,301.23806111455383,10.261156257923805,39.77956351387487,-0.2943026841632671,0.13319535993723408,0.9295120643909215,-684.1599786744005,-494.0492213033118,4.259975759744766
hust_to_matr,hust,matr,random_forest,100,linear,15,795.2872824178656,16.115989814390545,73.45681611984652,-4.554278443908033,0.20411452234126107,284.79271007670803,8.19173185962315,38.68718005256902,-0.08674721440891428,0.06412711414883202,1.1154439463117152,-971.802127487301,-510.4945723411576,4.4675312294991185
hust_to_matr,hust,matr,random_forest,100,linear,20,795.2872824178656,16.115989814390545,73.45681611984652,-4.554278443908033,0.20411452234126107,277.15385791637857,2.732644768542739,37.499362713122096,-0.013694352024296683,0.026274303879269743,1.1870924753692853,-1081.2062323227613,-518.1334245014871,4.540584091883736
hust_to_matr,hust,matr,xgboost,100,residual_mean,5,833.5977242573441,34.64938800631025,75.43425268564428,-5.069574191343762,0.44878178984937234,292.95990597392614,14.536637942473142,37.84154592466727,-0.15542203698194937,0.11946422384732172,1.0,-821.4244530059444,-540.637818283418,4.914152154361813
hust_to_matr,hust,matr,xgboost,100,residual_mean,10,833.5977242573441,34.64938800631025,75.43425268564428,-5.069574191343762,0.44878178984937234,274.6767415832108,7.751291521457567,35.804106161423476,-0.01763630426170255,0.04890399837433876,1.0,-816.1526786113134,-558.9209826741333,5.05193788708206
hust_to_matr,hust,matr,xgboost,100,residual_mean,15,833.5977242573441,34.64938800631025,75.43425268564428,-5.069574191343762,0.44878178984937234,271.56565213731267,5.83801026753691,35.312195181714074,0.0023008249814178154,0.021837449705330157,1.0,-825.215624646347,-562.0320721200314,5.071875016325181
hust_to_matr,hust,matr,xgboost,100,residual_mean,20,833.5977242573441,34.64938800631025,75.43425268564428,-5.069574191343762,0.44878178984937234,265.54916293740996,4.11445841890476,34.644574570259834,0.03134918228560436,0.01621558384331473,1.0,-828.3143601666943,-568.0485613199342,5.100923373629366
hust_to_matr,hust,matr,xgboost,100,linear,5,833.5977242573441,34.64938800631025,75.43425268564428,-5.069574191343762,0.44878178984937234,375.4968728776089,59.366162565587615,49.529268023590156,-1.2029219230398525,0.9430771173405794,1.1427513958986109,-1067.424321581828,-458.1008513797352,3.86665226830391
hust_to_matr,hust,matr,xgboost,100,linear,10,833.5977242573441,34.64938800631025,75.43425268564428,-5.069574191343762,0.44878178984937234,293.26947443910433,11.800280343800559,38.065904105439735,-0.16144224753859954,0.08308172854175695,0.7109762012935297,-359.91912924086927,-540.3282498182398,4.908131943805163
hust_to_matr,hust,matr,xgboost,100,linear,15,833.5977242573441,34.64938800631025,75.43425268564428,-5.069574191343762,0.44878178984937234,285.0307495757719,6.013518915947577,37.726115405356964,-0.10953972171595368,0.05019264217799366,0.9119491083669619,-688.1658855450926,-548.5669746815722,4.960034469627809
hust_to_matr,hust,matr,xgboost,100,linear,20,833.5977242573441,34.64938800631025,75.43425268564428,-5.069574191343762,0.44878178984937234,275.07693878871316,3.855289162466346,35.878676868977585,-0.01930260861486205,0.030302416161459955,0.9682035053635584,-773.3530155442204,-558.520785468631,5.0502715827289
hust_to_matr,hust,matr,catboost,100,residual_mean,5,827.224553465195,30.266287101972406,75.12253376439088,-4.992046271172156,0.4122201699263234,298.9051364946797,8.753583735265314,38.21387846183383,-0.19128775651776322,0.08247706329992936,1.0,-815.9075565398565,-528.3194169705152,4.800758514654393
hust_to_matr,hust,matr,catboost,100,residual_mean,10,827.224553465195,30.266287101972406,75.12253376439088,-4.992046271172156,0.4122201699263234,280.7840676801387,6.78584996450542,36.227767563290755,-0.054458363095217135,0.040914053129889195,1.0,-810.1400176103448,-546.4404857850562,4.937587908076939
hust_to_matr,hust,matr,catboost,100,residual_mean,15,827.224553465195,30.266287101972406,75.12253376439088,-4.992046271172156,0.4122201699263234,276.4320331824033,6.206212780031325,35.74666215599643,-0.026521251875421925,0.033593178096828685,1.0,-819.1513747424077,-550.7925202827917,4.965525019296734
hust_to_matr,hust,matr,catboost,100,residual_mean,20,827.224553465195,30.266287101972406,75.12253376439088,-4.992046271172156,0.4122201699263234,271.9590939428207,6.0089065879245585,35.16940275482456,0.0006648277923866002,0.03304544270509522,1.0,-816.9546843379759,-555.2654595223743,4.992711098964542
hust_to_matr,hust,matr,catboost,100,linear,5,827.224553465195,30.266287101972406,75.12253376439088,-4.992046271172156,0.4122201699263234,375.83563083510296,35.92075869469664,48.61727734315749,-1.0802041781723155,0.4401996579321053,0.7503259771464059,-404.20242647614737,-451.388922630092,3.9118420929998408
hust_to_matr,hust,matr,catboost,100,linear,10,827.224553465195,30.266287101972406,75.12253376439088,-4.992046271172156,0.4122201699263234,304.7400057049945,15.407321922908253,39.659668765177095,-0.2543435055025677,0.1389781052605168,0.8112103448462079,-516.6663470537273,-522.4845477602005,4.737702765669589
hust_to_matr,hust,matr,catboost,100,linear,15,827.224553465195,30.266287101972406,75.12253376439088,-4.992046271172156,0.4122201699263234,293.6230631039885,5.555778258606848,38.440265912223644,-0.1717251729079283,0.06229622820813786,0.7907737797772247,-488.08512147127874,-533.6014903612065,4.820321098264228
hust_to_matr,hust,matr,catboost,100,linear,20,827.224553465195,30.266287101972406,75.12253376439088,-4.992046271172156,0.4122201699263234,282.3415815859729,4.822118371956349,36.899457630614236,-0.05823224538264839,0.03428295866851721,0.8959818671168758,-656.7875628514022,-544.882971879222,4.933814025789507
hust_to_matr,hust,matr,gaussian_process,100,residual_mean,5,720.3607091592451,8.77608286590477,69.4051250330864,-3.6001135620102005,0.10767907924470706,307.94166721546907,10.00555337918497,39.33797718134964,-0.25648480576092925,0.10444433827415989,1.0,-699.1491189823666,-412.419041943776,3.343628756249271
hust_to_matr,hust,matr,gaussian_process,100,residual_mean,10,720.3607091592451,8.77608286590477,69.4051250330864,-3.6001135620102005,0.10767907924470706,290.26415272481574,3.4082579788235896,37.36597724798003,-0.10451294675231529,0.03026810235888457,1.0,-683.0555057489246,-430.0965564344293,3.495600615257885
hust_to_matr,hust,matr,gaussian_process,100,residual_mean,15,720.3607091592451,8.77608286590477,69.4051250330864,-3.6001135620102005,0.10767907924470706,285.6574701890758,0.8709994634679785,36.85008202153813,-0.07539778716426901,0.00898867050952474,1.0,-694.6581582294893,-434.70323897016925,3.5247157748459315
hust_to_matr,hust,matr,gaussian_process,100,residual_mean,20,720.3607091592451,8.77608286590477,69.4051250330864,-3.6001135620102005,0.10767907924470706,282.3631885957933,2.011128281437072,36.45550605199826,-0.05163541002861265,0.0099020801558584,1.0,-691.8230464496617,-437.99752056345176,3.548478151981588
hust_to_matr,hust,matr,gaussian_process,100,linear,5,720.3607091592451,8.77608286590477,69.4051250330864,-3.6001135620102005,0.10767907924470706,24726.73035139608,43246.08139354012,49.51384144061352,-13265471.765965287,26151558.34123495,489322.4968189386,-722211336.3905482,24006.369642236834,-13265468.165851725
hust_to_matr,hust,matr,gaussian_process,100,linear,10,720.3607091592451,8.77608286590477,69.4051250330864,-3.6001135620102005,0.10767907924470706,328.7280315225077,40.9153815318085,40.369336559255416,-10.904363403988835,18.972573675154376,-5178.814652318458,7587911.563787274,-391.63267763673736,-7.304249841978635
hust_to_matr,hust,matr,gaussian_process,100,linear,15,720.3607091592451,8.77608286590477,69.4051250330864,-3.6001135620102005,0.10767907924470706,314.44940024162196,36.48886982374254,39.27521087510646,-4.372751729949354,6.946698760903148,-4857.519628980856,7135924.894260086,-405.9113089176231,-0.7726381679391539
hust_to_matr,hust,matr,gaussian_process,100,linear,20,720.3607091592451,8.77608286590477,69.4051250330864,-3.6001135620102005,0.10767907924470706,304.88517448069643,25.562035608641207,38.491451607361014,-1.182980438540198,1.5980368873551072,-1597.1862267269337,2343392.252873185,-415.4755346785486,2.4171331234700024
hust_to_matr,hust,matr,stacking,100,residual_mean,5,779.1141426548396,9.119986479437165,72.71197439987056,-4.311024270155843,0.12526221557249764,290.44543657574235,11.838213486334297,37.144143837356786,-0.13167994290684074,0.10349294618210639,1.0,-761.6403909191778,-488.66870607909726,4.1793443272490025
hust_to_matr,hust,matr,stacking,100,residual_mean,10,779.1141426548396,9.119986479437165,72.71197439987056,-4.311024270155843,0.12526221557249764,272.5424999351626,5.278455886143631,35.16987667801974,-0.0007030404928090435,0.037708629509707735,1.0,-758.453987598803,-506.571642719677,4.310321229663034
hust_to_matr,hust,matr,stacking,100,residual_mean,15,779.1141426548396,9.119986479437165,72.71197439987056,-4.311024270155843,0.12526221557249764,269.011251636985,3.169961177113893,34.73655797860497,0.02195025815097167,0.018842610116782794,1.0,-765.1666641405947,-510.10289101785463,4.332974528306815
hust_to_matr,hust,matr,stacking,100,residual_mean,20,779.1141426548396,9.119986479437165,72.71197439987056,-4.311024270155843,0.12526221557249764,263.54879772129345,3.2308817752282692,34.105278317605496,0.05131503892889931,0.0167870974183907,1.0,-767.2212166530805,-515.5653449335462,4.362339309084742
hust_to_matr,hust,matr,stacking,100,linear,5,779.1141426548396,9.119986479437165,72.71197439987056,-4.311024270155843,0.12526221557249764,391.39456441032627,47.67608479990208,49.63268440587795,-2.0624002432310107,1.1852607332515703,1.4009751676739426,-1365.2393471394166,-387.71957824451334,2.2486240269248325
hust_to_matr,hust,matr,stacking,100,linear,10,779.1141426548396,9.119986479437165,72.71197439987056,-4.311024270155843,0.12526221557249764,299.955605138657,10.855529683641025,39.05301970704478,-0.26643242395874867,0.10974320851250292,0.9461464303686371,-675.110668290259,-479.1585375161826,4.044591846197094
hust_to_matr,hust,matr,stacking,100,linear,15,779.1141426548396,9.119986479437165,72.71197439987056,-4.311024270155843,0.12526221557249764,281.91392940268236,5.6683413729265615,38.116435672916694,-0.0741643538246495,0.054243066274427966,1.4117465440992227,-1402.0015121630756,-497.20021325215725,4.236859916331194
hust_to_matr,hust,matr,stacking,100,linear,20,779.1141426548396,9.119986479437165,72.71197439987056,-4.311024270155843,0.12526221557249764,274.7914206179809,3.425651266691066,36.54357477040748,-0.005339533882993843,0.028893286621855162,1.4399898769279424,-1438.3145803385046,-504.3227220368587,4.305684736272849
hust_to_sandia,hust,sandia,elastic_net,100,residual_mean,5,4592354.801555264,7789303.921095642,142.48725191990115,-3487745839.8915377,6807186800.125387,4400128.165714094,7344481.566284789,110.49111976759903,-3409411441.4502172,6641366077.252287,1.0,-6296432.701391216,-192226.6358411694,78334398.44132042
hust_to_sandia,hust,sandia,elastic_net,100,residual_mean,10,4592354.801555264,7789303.921095642,142.48725191990115,-3487745839.8915377,6807186800.125387,4336091.257928314,7296234.609592787,120.7197235905671,-3438780159.87919,6707382661.09652,1.0,-5582169.230092833,-256263.54362695012,48965680.0123477
hust_to_sandia,hust,sandia,elastic_net,100,residual_mean,15,4592354.801555264,7789303.921095642,142.48725191990115,-3487745839.8915377,6807186800.125387,4297995.396633556,7226097.526836533,127.97843573041894,-3945428587.7046547,7725060382.394096,1.0,-5255155.903546982,-294359.4049217077,-457682747.813117
hust_to_sandia,hust,sandia,elastic_net,100,residual_mean,20,4592354.801555264,7789303.921095642,142.48725191990115,-3487745839.8915377,6807186800.125387,4295769.269103865,7124011.810869474,134.01480403362174,-3307073172.6919794,6422483244.401441,1.0,-5021291.50848336,-296585.53245139867,180672667.19955826
hust_to_sandia,hust,sandia,elastic_net,100,linear,5,4592354.801555264,7789303.921095642,142.48725191990115,-3487745839.8915377,6807186800.125387,3566772.2247822685,7105844.063816689,77.47128949804406,-3048566814.1028023,6097035888.618528,6.279988470688644,378.24498232733987,-1025582.5767729953,439179025.7887354
hust_to_sandia,hust,sandia,elastic_net,100,linear,10,4592354.801555264,7789303.921095642,142.48725191990115,-3487745839.8915377,6807186800.125387,2287452.9995530797,4573722.115460484,75.59825344978114,-2133484686.7262642,4266969373.8961596,0.5716375307943561,270.4725662893365,-2304901.802002184,1354261153.1652734
hust_to_sandia,hust,sandia,elastic_net,100,linear,15,4592354.801555264,7789303.921095642,142.48725191990115,-3487745839.8915377,6807186800.125387,1948358.7602674738,3895560.5340748983,75.98690308693108,-1834619309.8704247,3669238620.313311,0.5737076031392704,249.1525271308622,-2643996.04128779,1653126530.021113
hust_to_sandia,hust,sandia,elastic_net,100,linear,20,4592354.801555264,7789303.921095642,142.48725191990115,-3487745839.8915377,6807186800.125387,1979832.1396756764,3958517.9852320785,77.5175926331774,-1901846663.1241784,3803693326.778819,0.5690811517488946,254.68004752921644,-2612522.6618795875,1585899176.7673593
hust_to_sandia,hust,sandia,pls,100,residual_mean,5,12692109.645617906,17222814.277032584,127.03720682420752,-10317450815.618412,13780756014.017561,12763294.012412118,17666558.891988285,112.02585459219935,-10501187628.95136,14212604101.091295,1.0,-10347236.639101002,71184.36679421179,-183736813.33294868
hust_to_sandia,hust,sandia,pls,100,residual_mean,10,12692109.645617906,17222814.277032584,127.03720682420752,-10317450815.618412,13780756014.017561,12940790.830597034,18032086.09763813,111.70036481980264,-10902056330.18742,14885595652.431023,1.0,-10582161.014932837,248681.18497912772,-584605514.5690079
hust_to_sandia,hust,sandia,pls,100,residual_mean,15,12692109.645617906,17222814.277032584,127.03720682420752,-10317450815.618412,13780756014.017561,12547739.806902757,17367804.38873478,117.32644192639495,-11098946267.1996,14584072580.359962,1.0,-11988394.082339179,-144369.8387151491,-781495451.5811882
hust_to_sandia,hust,sandia,pls,100,residual_mean,20,12692109.645617906,17222814.277032584,127.03720682420752,-10317450815.618412,13780756014.017561,11836734.54430014,16150088.148626719,115.05245856934255,-9939235739.49903,13358705281.64563,1.0,-13214695.4570173,-855375.1013177652,378215076.11938286
hust_to_sandia,hust,sandia,pls,100,linear,5,12692109.645617906,17222814.277032584,127.03720682420752,-10317450815.618412,13780756014.017561,4981357.102558097,7389619.043287547,84.93024875836886,-4220640244.4198837,6426550649.32375,-1.3569451012995721,-177.01295505707353,-7710752.543059809,6096810571.198528
hust_to_sandia,hust,sandia,pls,100,linear,10,12692109.645617906,17222814.277032584,127.03720682420752,-10317450815.618412,13780756014.017561,4453218.503312145,8806947.06408873,78.65872704399962,-3994324840.859664,7984315891.105341,0.7281258041209213,298.7301370827519,-8238891.142305761,6323125974.758748
hust_to_sandia,hust,sandia,pls,100,linear,15,12692109.645617906,17222814.277032584,127.03720682420752,-10317450815.618412,13780756014.017561,3429271.183429784,6857020.994683326,82.68074835346796,-3099741370.5249205,6199482738.365012,0.648385233746257,340.6514522065912,-9262838.462188121,7217709445.093492
hust_to_sandia,hust,sandia,pls,100,linear,20,12692109.645617906,17222814.277032584,127.03720682420752,-10317450815.618412,13780756014.017561,4667361.375205222,9333191.78365412,81.11546746963532,-4254710387.2605186,8509420772.049081,0.6956655377630441,325.1325730271756,-8024748.270412684,6062740428.357893
hust_to_sandia,hust,sandia,random_forest,100,residual_mean,5,1227.7132756099004,26.081680824682103,126.32792717799268,-0.3723519243756584,0.051908786646567125,826.9483163045768,23.091199169305714,106.3767564956903,-0.11001809837854912,0.06419643709570673,1.0,-763.9159663282402,-400.7649593053236,0.2623338259971093
hust_to_sandia,hust,sandia,random_forest,100,residual_mean,10,1227.7132756099004,26.081680824682103,126.32792717799268,-0.3723519243756584,0.051908786646567125,811.0098937478269,22.44613282061621,102.97981778238628,-0.0029673426830523764,0.032319400699214004,1.0,-748.3367345625509,-416.70338186207346,0.369384581692606
hust_to_sandia,hust,sandia,random_forest,100,residual_mean,15,1227.7132756099004,26.081680824682103,126.32792717799268,-0.3723519243756584,0.051908786646567125,803.4515078905999,14.239471011313688,101.87858535929391,-0.043944037863888764,0.07525139879720508,1.0,-759.1529705496735,-424.26176771930045,0.3284078865117696
hust_to_sandia,hust,sandia,random_forest,100,residual_mean,20,1227.7132756099004,26.081680824682103,126.32792717799268,-0.3723519243756584,0.051908786646567125,797.8775048395298,18.625765797275402,100.49785447251641,0.021341199584338395,0.037276763364205455,1.0,-748.9280863656004,-429.8357707703706,0.3936931239599968
hust_to_sandia,hust,sandia,random_forest,100,linear,5,1227.7132756099004,26.081680824682103,126.32792717799268,-0.3723519243756584,0.051908786646567125,996.4229638608224,321.5184178727614,106.28320760688182,-2.796303653236701,5.214747985703755,1.192747427233215,-1023.5567636743872,-231.290311749078,-2.423951728861043
hust_to_sandia,hust,sandia,random_forest,100,linear,10,1227.7132756099004,26.081680824682103,126.32792717799268,-0.3723519243756584,0.051908786646567125,814.2093250324217,23.365658319030075,107.16471606334157,-0.06284325958905927,0.07900567880770103,1.688707683641227,-1803.7159270308464,-413.5039505774787,0.3095086647865991
hust_to_sandia,hust,sandia,random_forest,100,linear,15,1227.7132756099004,26.081680824682103,126.32792717799268,-0.3723519243756584,0.051908786646567125,807.4201426418165,12.025229005137781,109.15909329860021,-0.007726805939706138,0.057718658862020385,1.5996593819120914,-1668.8075830635782,-420.2931329680839,0.36462511843595224
hust_to_sandia,hust,sandia,random_forest,100,linear,20,1227.7132756099004,26.081680824682103,126.32792717799268,-0.3723519243756584,0.051908786646567125,801.9920346417208,10.534649849847332,108.67147629298185,0.0027969816997098656,0.04145595484766283,1.718386914167553,-1840.1554309953688,-425.7212409681796,0.37514890607536827
hust_to_sandia,hust,sandia,xgboost,100,residual_mean,5,1163.070821784149,48.79678766719385,123.74701088916659,-0.23147394189592738,0.09686757666632219,769.0314084372319,37.70195181726868,99.17143845455651,0.020460277323679228,0.09564434273740911,1.0,-737.791288459932,-394.0394133469172,0.2519342192196066
hust_to_sandia,hust,sandia,xgboost,100,residual_mean,10,1163.070821784149,48.79678766719385,123.74701088916659,-0.23147394189592738,0.09686757666632219,752.9594124037022,39.68973739018594,96.75129299092941,0.11862376566369912,0.061095360459403086,1.0,-721.0230733687595,-410.11140938044684,0.3500977075596265
hust_to_sandia,hust,sandia,xgboost,100,residual_mean,15,1163.070821784149,48.79678766719385,123.74701088916659,-0.23147394189592738,0.09686757666632219,750.7885333448633,40.31288036978197,97.86671701658653,0.0759997330588542,0.10806403159387765,1.0,-729.3929725121324,-412.2822884392858,0.30747367495478156
hust_to_sandia,hust,sandia,xgboost,100,residual_mean,20,1163.070821784149,48.79678766719385,123.74701088916659,-0.23147394189592738,0.09686757666632219,743.9102965077138,30.184349436867354,96.16944920484691,0.13903300265605634,0.06248553769217019,1.0,-721.3361855699932,-419.16052527643524,0.37050694455198374
hust_to_sandia,hust,sandia,xgboost,100,linear,5,1163.070821784149,48.79678766719385,123.74701088916659,-0.23147394189592738,0.09686757666632219,735.1459531787248,122.2393523008424,108.20221804594541,-0.34084415795568157,0.9723458760438649,7.462652144019813,-11593.810374813836,-427.9248686054243,-0.1093702160597542
hust_to_sandia,hust,sandia,xgboost,100,linear,10,1163.070821784149,48.79678766719385,123.74701088916659,-0.23147394189592738,0.09686757666632219,700.073820468748,78.34703748877098,113.49076147254019,0.19483844198444547,0.1177337684156232,2.451435395897474,-2935.793317437743,-462.9970013154011,0.42631238388037285
hust_to_sandia,hust,sandia,xgboost,100,linear,15,1163.070821784149,48.79678766719385,123.74701088916659,-0.23147394189592738,0.09686757666632219,694.4716374284828,69.54749270560359,115.95954817404416,0.26114592511702467,0.12111802025700572,2.4815306188433723,-2943.8637152738625,-468.59918435566624,0.492619867012952
hust_to_sandia,hust,sandia,xgboost,100,linear,20,1163.070821784149,48.79678766719385,123.74701088916659,-0.23147394189592738,0.09686757666632219,697.5694501761596,67.94441897542113,116.95660722415214,0.2626976876069945,0.13140394014081583,2.6659465785436938,-3210.3923895935673,-465.5013716079894,0.4941716295029219
hust_to_sandia,hust,sandia,catboost,100,residual_mean,5,1221.0427607324907,104.19371610587517,126.16025912702312,-0.34644327007519815,0.21781578820872402,809.9969182917148,47.78401220202689,96.51243626361205,-0.09511618955784776,0.09518985855286191,1.0,-742.7392993968539,-411.0458424407759,0.2513270805173504
hust_to_sandia,hust,sandia,catboost,100,residual_mean,10,1221.0427607324907,104.19371610587517,126.16025912702312,-0.34644327007519815,0.21781578820872402,792.8972131065146,28.00588182655068,98.7080593029036,0.014901518754570303,0.07319727607198255,1.0,-738.3601854728171,-428.14554762597606,0.36134478882976845
hust_to_sandia,hust,sandia,catboost,100,residual_mean,15,1221.0427607324907,104.19371610587517,126.16025912702312,-0.34644327007519815,0.21781578820872402,797.517154441646,33.969075597008,99.98534568334881,-0.027853601869686467,0.07324941730548004,1.0,-737.003918162712,-423.52560629084473,0.3185896682055117
hust_to_sandia,hust,sandia,catboost,100,residual_mean,20,1221.0427607324907,104.19371610587517,126.16025912702312,-0.34644327007519815,0.21781578820872402,793.6202194930107,41.75579377755032,101.53415013667215,0.03728136138531017,0.09992874578637483,1.0,-732.0230766842769,-427.42254123948,0.38372463146050834
hust_to_sandia,hust,sandia,catboost,100,linear,5,1221.0427607324907,104.19371610587517,126.16025912702312,-0.34644327007519815,0.21781578820872402,751.0014483337482,124.05222831818162,103.01879546296047,-0.0673639491003006,0.22205607073946465,4.365054725558672,-5729.797089215155,-470.04131239874255,0.27907932097489757
hust_to_sandia,hust,sandia,catboost,100,linear,10,1221.0427607324907,104.19371610587517,126.16025912702312,-0.34644327007519815,0.21781578820872402,697.3347382749859,120.14131007850774,104.24613911774227,0.15653338486850982,0.2115756305589855,4.067799973112224,-5302.724906267038,-523.7080224575049,0.502976654943708
hust_to_sandia,hust,sandia,catboost,100,linear,15,1221.0427607324907,104.19371610587517,126.16025912702312,-0.34644327007519815,0.21781578820872402,686.3295375549864,149.10063741404528,104.46511210516442,0.20779151585698905,0.2917921128956581,4.1470241007442725,-5349.589136716224,-534.7132231775043,0.5542347859321872
hust_to_sandia,hust,sandia,catboost,100,linear,20,1221.0427607324907,104.19371610587517,126.16025912702312,-0.34644327007519815,0.21781578820872402,674.8166530479324,148.64432359359228,105.01552089873337,0.2236531626697409,0.28651552150598114,4.3239013203059375,-5573.252273691077,-546.2261076845583,0.570096432744939
hust_to_sandia,hust,sandia,gaussian_process,100,residual_mean,5,1260.603746945167,6.116973264996061,128.5696944597392,-0.4197022435324973,0.012224917358870128,867.2451352768945,24.75429567772323,98.69225451467061,-0.25325138773780964,0.08072387011700705,1.0,-713.4423655207975,-393.3586116682724,0.16645085579468766
hust_to_sandia,hust,sandia,gaussian_process,100,residual_mean,10,1260.603746945167,6.116973264996061,128.5696944597392,-0.4197022435324973,0.012224917358870128,852.8395614053958,18.924146168786493,103.57390371796222,-0.131136063722441,0.019228971978944392,1.0,-708.4906261461488,-407.7641855397711,0.2885661798100563
hust_to_sandia,hust,sandia,gaussian_process,100,residual_mean,15,1260.603746945167,6.116973264996061,128.5696944597392,-0.4197022435324973,0.012224917358870128,862.9964844315655,18.50636350667982,106.3030943046496,-0.17887510401808066,0.11510003115313874,1.0,-699.1322661069007,-397.6072625136014,0.24082713951441664
hust_to_sandia,hust,sandia,gaussian_process,100,residual_mean,20,1260.603746945167,6.116973264996061,128.5696944597392,-0.4197022435324973,0.012224917358870128,858.1900066035356,7.4835573232806745,107.89358986136385,-0.09952173021295789,0.024801713903336242,1.0,-698.3837668042112,-402.4137403416313,0.3201805133195394
hust_to_sandia,hust,sandia,gaussian_process,100,linear,5,1260.603746945167,6.116973264996061,128.5696944597392,-0.4197022435324973,0.012224917358870128,16484.891926622186,21569.25087805556,89.35446085291144,-135704.81444510494,213254.7221724749,425535.80132019904,-628327182.3517888,15224.288179677018,-135704.39474286142
hust_to_sandia,hust,sandia,gaussian_process,100,linear,10,1260.603746945167,6.116973264996061,128.5696944597392,-0.4197022435324973,0.012224917358870128,1970006.6464205137,2428410.0897676093,93.23694881795873,-1396869083.951777,1736585129.8351972,221136848.4647004,-326817424294.63464,1968746.0426735685,-1396869083.5320747
hust_to_sandia,hust,sandia,gaussian_process,100,linear,15,1260.603746945167,6.116973264996061,128.5696944597392,-0.4197022435324973,0.012224917358870128,11920.551264235459,20990.185963282336,95.31282426612583,-74591.93160078468,148820.50207025674,273544.44290976424,-404752017.9312573,10659.947517290291,-74591.51189854115
hust_to_sandia,hust,sandia,gaussian_process,100,linear,20,1260.603746945167,6.116973264996061,128.5696944597392,-0.4197022435324973,0.012224917358870128,2591.117679267813,3267.213636424675,100.6105187990793,-526.0930734623099,1021.5354651428098,39046.970829582584,-57757124.662489556,1330.513932322646,-525.6733712187774
hust_to_sandia,hust,sandia,stacking,100,residual_mean,5,1206.4699224739136,32.99901275036698,125.76825798209492,-0.3195535592971304,0.06773963702083152,815.8888109544293,18.13255829688052,104.04828668145089,-0.0879521740585829,0.05915726914822893,1.0,-738.1019264462407,-390.58111151948424,0.2316013852385475
hust_to_sandia,hust,sandia,stacking,100,residual_mean,10,1206.4699224739136,32.99901275036698,125.76825798209492,-0.3195535592971304,0.06773963702083152,798.0955535171133,20.785668638149183,100.04006367329052,0.017953321585138213,0.0171294432082532,1.0,-724.3359880731293,-408.37436895680025,0.33750688088226866
hust_to_sandia,hust,sandia,stacking,100,residual_mean,15,1206.4699224739136,32.99901275036698,125.76825798209492,-0.3195535592971304,0.06773963702083152,796.0096763371314,15.310400292688875,99.86894164789645,-0.02286364099599831,0.08057144989367382,1.0,-728.326484302527,-410.4602461367822,0.2966899183011321
hust_to_sandia,hust,sandia,stacking,100,residual_mean,20,1206.4699224739136,32.99901275036698,125.76825798209492,-0.3195535592971304,0.06773963702083152,791.0758507562878,15.656429954635033,100.0654130494152,0.04229634393413499,0.0332437286716113,1.0,-720.9376396757988,-415.3940717176258,0.3618499032312654
hust_to_sandia,hust,sandia,stacking,100,linear,5,1206.4699224739136,32.99901275036698,125.76825798209492,-0.3195535592971304,0.06773963702083152,804.9151929464053,54.51021254070142,109.2158881864907,-0.18337113124764082,0.3295576828899018,3.8549263882909877,-5215.5982096749,-401.55472952750824,0.1361824280494896
hust_to_sandia,hust,sandia,stacking,100,linear,10,1206.4699224739136,32.99901275036698,125.76825798209492,-0.3195535592971304,0.06773963702083152,787.8598883789831,28.018135865461044,113.5037592780122,0.021315536143729472,0.08043859056444634,2.443190909381449,-2885.5182300179194,-418.6100340949305,0.3408690954408599
hust_to_sandia,hust,sandia,stacking,100,linear,15,1206.4699224739136,32.99901275036698,125.76825798209492,-0.3195535592971304,0.06773963702083152,780.7004999099627,14.572687598364023,113.96262904370433,0.07465441584837577,0.0447953864050946,2.3859543389193334,-2789.2811351194923,-425.7694225639509,0.3942079751455062
hust_to_sandia,hust,sandia,stacking,100,linear,20,1206.4699224739136,32.99901275036698,125.76825798209492,-0.3195535592971304,0.06773963702083152,777.6326869186521,17.709481464529276,114.04467770108018,0.08064871207900956,0.05934110024415181,2.534876817269929,-2992.5950961989183,-428.8372355552615,0.40020227137613995
hust_to_luh,hust,luh,elastic_net,100,residual_mean,5,631.5378128179148,161.5887362391412,145.4990518291259,-2.39793118603047,1.4267365139511348,346.4990853364722,26.367908027923356,66.98349488653224,-0.09374636249318814,0.1574619897926328,1.0,3.930791292814251,-285.03872748144255,2.3041848235372817
hust_to_luh,hust,luh,elastic_net,100,residual_mean,10,631.5378128179148,161.5887362391412,145.4990518291259,-2.39793118603047,1.4267365139511348,332.9335360477664,34.50474024750507,65.0248569099974,-0.001905920254178728,0.18290018951654152,1.0,7.70802555116029,-298.6042767701484,2.396025265776291
hust_to_luh,hust,luh,elastic_net,100,residual_mean,15,631.5378128179148,161.5887362391412,145.4990518291259,-2.39793118603047,1.4267365139511348,329.431699217997,36.44347434192528,64.73206220440184,0.0189760593531866,0.2062887459058258,1.0,1.0476851721334697,-302.10611359991776,2.4169072453836566
hust_to_luh,hust,luh,elastic_net,100,residual_mean,20,631.5378128179148,161.5887362391412,145.4990518291259,-2.39793118603047,1.4267365139511348,327.05016459565286,33.512059805797506,64.46863676083171,0.033796977549429306,0.18382236590176967,1.0,-5.995428021989937,-304.4876482222619,2.431728163579899
hust_to_luh,hust,luh,elastic_net,100,linear,5,631.5378128179148,161.5887362391412,145.4990518291259,-2.39793118603047,1.4267365139511348,337.4119564258366,64.11270603704943,57.97024944108996,-1.7654921984852432,2.189547065075908,6.8530468166917995,721.43381070106,-294.12585639207816,0.6324389875452268
hust_to_luh,hust,luh,elastic_net,100,linear,10,631.5378128179148,161.5887362391412,145.4990518291259,-2.39793118603047,1.4267365139511348,264.5755374516242,63.32028964130808,52.36538797319666,0.20826277909202123,0.25044108111246066,4.7518431671759505,780.2381498534606,-366.96227536629056,2.606193965122491
hust_to_luh,hust,luh,elastic_net,100,linear,15,631.5378128179148,161.5887362391412,145.4990518291259,-2.39793118603047,1.4267365139511348,249.13731693587914,61.53380138385541,51.363328540226426,0.3427914754090756,0.265910258941225,3.918493455296538,726.7536976238007,-382.4004958820356,2.7407226614395457
hust_to_luh,hust,luh,elastic_net,100,linear,20,631.5378128179148,161.5887362391412,145.4990518291259,-2.39793118603047,1.4267365139511348,247.6793603411983,63.515101956883605,51.207519391237874,0.35930194635317647,0.27940715886461515,3.931263292842959,778.6886719630786,-383.8584524767165,2.7572331323836465
hust_to_luh,hust,luh,pls,100,residual_mean,5,405.32680798639933,127.29445652391196,108.76898560612031,-0.5620604259849377,0.8699628211220126,266.2003813829095,57.929607003651995,58.754398774092536,0.29188931443238886,0.2755931222807922,1.0,69.38100402194209,-139.12642660348985,0.8539497404173265
hust_to_luh,hust,luh,pls,100,residual_mean,10,405.32680798639933,127.29445652391196,108.76898560612031,-0.5620604259849377,0.8699628211220126,256.05447908274243,57.74212954730601,56.15798947308256,0.3542003909210237,0.2621986317366422,1.0,76.9822638347081,-149.2723289036569,0.9162608169059614
hust_to_luh,hust,luh,pls,100,residual_mean,15,405.32680798639933,127.29445652391196,108.76898560612031,-0.5620604259849377,0.8699628211220126,250.78792409497245,51.89574284697978,55.627791977108686,0.38393621419930696,0.23246595627503472,1.0,65.15891110708097,-154.53888389142688,0.9459966401842446
hust_to_luh,hust,luh,pls,100,residual_mean,20,405.32680798639933,127.29445652391196,108.76898560612031,-0.5620604259849377,0.8699628211220126,250.78873055723957,55.246489281267365,55.45290555394074,0.3823970936878542,0.23600683958131377,1.0,67.68469221428435,-154.53807742915976,0.9444575196727918
hust_to_luh,hust,luh,pls,100,linear,5,405.32680798639933,127.29445652391196,108.76898560612031,-0.5620604259849377,0.8699628211220126,263.0759768613897,86.45923272763964,53.0685328466437,-0.7385701678685394,2.3641017178659895,8.155475458844204,-175.81656313448622,-142.25083112500965,-0.1765097418836017
hust_to_luh,hust,luh,pls,100,linear,10,405.32680798639933,127.29445652391196,108.76898560612031,-0.5620604259849377,0.8699628211220126,218.00365685900687,18.740558783264454,50.584784793889646,0.43578808881696884,0.154984744022956,5.450779068258438,-110.4791516321562,-187.32315112739246,0.9978485148019065
hust_to_luh,hust,luh,pls,100,linear,15,405.32680798639933,127.29445652391196,108.76898560612031,-0.5620604259849377,0.8699628211220126,210.44555786977207,19.65235731498142,49.722623540375466,0.5290824797058139,0.10032393546446737,4.398405321711268,-30.156390798989406,-194.88125011662726,1.0911429056907516
hust_to_luh,hust,luh,pls,100,linear,20,405.32680798639933,127.29445652391196,108.76898560612031,-0.5620604259849377,0.8699628211220126,205.5031723962107,15.760802726051267,48.1193358525978,0.554733090693768,0.06136137167006204,4.598137080296775,-32.91103164735661,-199.82363559018864,1.1167935166787055
hust_to_luh,hust,luh,random_forest,100,residual_mean,5,802.9438098035313,55.268180543602746,95.12993767423549,-3.921429707230151,0.5672593978099458,386.02910255236543,10.644690780849556,76.95664360040796,-0.3183747143488492,0.0869630691334375,1.0,-786.104949662058,-416.91470725116585,3.603054992881302
hust_to_luh,hust,luh,random_forest,100,residual_mean,10,802.9438098035313,55.268180543602746,95.12993767423549,-3.921429707230151,0.5672593978099458,371.55689431125677,6.758462990749636,72.27805575465212,-0.1899939409176735,0.05255945761957956,1.0,-775.7492433951284,-431.3869154922745,3.7314357663124778
hust_to_luh,hust,luh,random_forest,100,residual_mean,15,802.9438098035313,55.268180543602746,95.12993767423549,-3.921429707230151,0.5672593978099458,368.6719544646894,3.963477228544183,72.15072072506332,-0.15326228438242423,0.03755916422160812,1.0,-783.7818494261297,-434.2718553388419,3.768167422847727
hust_to_luh,hust,luh,random_forest,100,residual_mean,20,802.9438098035313,55.268180543602746,95.12993767423549,-3.921429707230151,0.5672593978099458,366.1026792860689,7.272463834163498,71.82375599339834,-0.1377384242656927,0.035708782092384816,1.0,-788.3604447685418,-436.8411305174624,3.7836912829644587
hust_to_luh,hust,luh,random_forest,100,linear,5,802.9438098035313,55.268180543602746,95.12993767423549,-3.921429707230151,0.5672593978099458,412.4153404110707,16.68115262101687,79.14217457361035,-0.6639221585660039,0.17365090981691836,-2.4098461709441583,3071.0467404018245,-390.5284693924606,3.2575075486641474
hust_to_luh,hust,luh,random_forest,100,linear,10,802.9438098035313,55.268180543602746,95.12993767423549,-3.921429707230151,0.5672593978099458,366.36626352728354,6.875005321513667,70.58589522417415,-0.22157508133218817,0.041445528479579184,0.35245920185204377,67.76257854176987,-436.57754627624774,3.699854625897963
hust_to_luh,hust,luh,random_forest,100,linear,15,802.9438098035313,55.268180543602746,95.12993767423549,-3.921429707230151,0.5672593978099458,355.1825037956718,3.7739519541430755,68.9672495819215,-0.10129068512859991,0.017208484268444894,0.29572212225385835,158.85195477773004,-447.7613060078595,3.8201390221015514
hust_to_luh,hust,luh,random_forest,100,linear,20,802.9438098035313,55.268180543602746,95.12993767423549,-3.921429707230151,0.5672593978099458,356.6311570260417,3.8724416938839274,69.2997024040557,-0.09018625750258086,0.02094041202424482,0.36591027619658273,68.20621447565865,-446.3126527774896,3.8312434497275705
hust_to_luh,hust,luh,xgboost,100,residual_mean,5,786.8780034308759,108.58352994645529,94.12669854267511,-3.7539059336957736,1.0420257808099067,380.9270726193623,21.881501860079318,75.98975484580642,-0.26621595772145984,0.15232214415637546,1.0,-764.8535614013541,-405.95093081151356,3.487689975974314
hust_to_luh,hust,luh,xgboost,100,residual_mean,10,786.8780034308759,108.58352994645529,94.12669854267511,-3.7539059336957736,1.0420257808099067,366.9249686929446,23.491365792402654,72.23500871364327,-0.14677157808402264,0.16417562124005106,1.0,-756.586376804742,-419.95303473793126,3.607134355611751
hust_to_luh,hust,luh,xgboost,100,residual_mean,15,786.8780034308759,108.58352994645529,94.12669854267511,-3.7539059336957736,1.0420257808099067,365.0765053350543,21.078086292964,71.81886811665204,-0.11622050902045762,0.13914905539975686,1.0,-764.1862061438593,-421.80149809582156,3.637685424675316
hust_to_luh,hust,luh,xgboost,100,residual_mean,20,786.8780034308759,108.58352994645529,94.12669854267511,-3.7539059336957736,1.0420257808099067,362.3972695575229,19.324948568256715,71.33451452193763,-0.10167833997193554,0.12582065231037287,1.0,-770.2364451920168,-424.48073387335296,3.652227593723838
hust_to_luh,hust,luh,xgboost,100,linear,5,786.8780034308759,108.58352994645529,94.12669854267511,-3.7539059336957736,1.0420257808099067,611.3401891877706,309.8749828357831,79.42565461907427,-32.539047938365286,60.44861473062928,-0.08527432596255738,903.5433615833599,-175.53781424310523,-28.785142004669513
hust_to_luh,hust,luh,xgboost,100,linear,10,786.8780034308759,108.58352994645529,94.12669854267511,-3.7539059336957736,1.0420257808099067,368.34621336444206,10.338378239184669,71.15799083106589,-0.2341103683153709,0.08035331213553909,0.4610095650667974,-82.57752411804492,-418.5317900664338,3.5197955653804027
hust_to_luh,hust,luh,xgboost,100,linear,15,786.8780034308759,108.58352994645529,94.12669854267511,-3.7539059336957736,1.0420257808099067,353.712824845472,5.317669126920541,68.72348321071065,-0.09290697978779713,0.03977398128147881,0.35405800020044387,103.76313720859223,-433.16517858540385,3.6609989539079764
hust_to_luh,hust,luh,xgboost,100,linear,20,786.8780034308759,108.58352994645529,94.12669854267511,-3.7539059336957736,1.0420257808099067,355.4609698926748,5.149812803141576,69.17201174191848,-0.07790751029536686,0.03505809583395547,0.4493354619679481,-32.05660599642012,-431.41703353820105,3.6759984234004066
hust_to_luh,hust,luh,catboost,100,residual_mean,5,823.6467736899604,148.42883041769758,96.06174588450826,-4.1119239649288115,1.622020927973612,376.3574160803722,13.356987885689815,71.88735300324326,-0.25693093590741994,0.09399161707149507,1.0,-792.6295455765269,-447.28935760958814,3.8549930290213914
hust_to_luh,hust,luh,catboost,100,residual_mean,10,823.6467736899604,148.42883041769758,96.06174588450826,-4.1119239649288115,1.622020927973612,360.7379079627459,3.395868706538543,69.66200956934661,-0.12818440756829247,0.041865250087698896,1.0,-792.2957774099638,-462.90886572721445,3.983739557360519
hust_to_luh,hust,luh,catboost,100,residual_mean,15,823.6467736899604,148.42883041769758,96.06174588450826,-4.1119239649288115,1.622020927973612,357.48211804425557,7.056866866163788,69.23800301839742,-0.096374991424475,0.04240280672343298,1.0,-796.3668335903969,-466.1646556457048,4.015548973504337
hust_to_luh,hust,luh,catboost,100,residual_mean,20,823.6467736899604,148.42883041769758,96.06174588450826,-4.1119239649288115,1.622020927973612,355.0571082252583,7.345849149222421,68.9712566020443,-0.08576084366313796,0.05109927348891772,1.0,-803.0498035880084,-468.5896654647021,4.026163121265673
hust_to_luh,hust,luh,catboost,100,linear,5,823.6467736899604,148.42883041769758,96.06174588450826,-4.1119239649288115,1.622020927973612,442.94169279591745,70.07689833299847,80.69966446111077,-2.029484727390518,2.81287478643401,-0.05293306215197504,576.7428253767627,-380.7050808940429,2.0824392375382934
hust_to_luh,hust,luh,catboost,100,linear,10,823.6467736899604,148.42883041769758,96.06174588450826,-4.1119239649288115,1.622020927973612,369.55804268934554,9.484454323252763,70.94727262409117,-0.27255246258266314,0.07865476591899474,0.11243638700779335,374.16911047794287,-454.0887310006148,3.8393715023461485
hust_to_luh,hust,luh,catboost,100,linear,15,823.6467736899604,148.42883041769758,96.06174588450826,-4.1119239649288115,1.622020927973612,357.7279845405643,5.653524800834971,69.22591175090047,-0.14084105104771202,0.027221316110757645,0.06698121435815567,455.6551683714898,-465.91878914939605,3.9710829138810997
hust_to_luh,hust,luh,catboost,100,linear,20,823.6467736899604,148.42883041769758,96.06174588450826,-4.1119239649288115,1.622020927973612,353.72694292373427,6.980924020409214,68.39642102504335,-0.10123252438835328,0.01730767584480061,0.130998176664555,322.75593303124634,-469.9198307662261,4.010691440540458
hust_to_luh,hust,luh,gaussian_process,100,residual_mean,5,910.2523749404205,9.604647637716983,100.74347270611861,-4.941056459685158,0.11299240008855241,365.25346534653465,12.539059196009363,69.34090008264356,-0.21313777722208022,0.07778617487092115,1.0,-887.8852486690296,-544.9989095938859,4.727918682463078
hust_to_luh,hust,luh,gaussian_process,100,residual_mean,10,910.2523749404205,9.604647637716983,100.74347270611861,-4.941056459685158,0.11299240008855241,349.92199999999997,7.639445300998266,67.44371295715034,-0.09699238794687715,0.043328978751015226,1.0,-889.7152486690295,-560.3303749404206,4.844064071738281
hust_to_luh,hust,luh,gaussian_process,100,residual_mean,15,910.2523749404205,9.604647637716983,100.74347270611861,-4.941056459685158,0.11299240008855241,346.55667399267395,3.6725497569670127,67.16058270778353,-0.06764303571010814,0.025278771655440343,1.0,-895.7032486690293,-563.6957009477466,4.87341342397505
hust_to_luh,hust,luh,gaussian_process,100,residual_mean,20,910.2523749404205,9.604647637716983,100.74347270611861,-4.941056459685158,0.11299240008855241,344.1914186046512,4.952125098406207,66.874902735951,-0.05732071879799755,0.01386023475147414,1.0,-902.2012486690295,-566.0609563357693,4.88373574088716
hust_to_luh,hust,luh,gaussian_process,100,linear,5,910.2523749404205,9.604647637716983,100.74347270611861,-4.941056459685158,0.11299240008855241,363.24891089108905,6.656168724720868,69.71568372137513,-0.20666341115787423,0.048431448669611625,1.0,-913.2452486690294,-547.0034640493315,4.734393048527284
hust_to_luh,hust,luh,gaussian_process,100,linear,10,910.2523749404205,9.604647637716983,100.74347270611861,-4.941056459685158,0.11299240008855241,350.001625,4.1678342539088,67.86569095664417,-0.1173928722756126,0.014196003865538584,1.0,-917.8052486690294,-560.2507499404205,4.823663587409546
hust_to_luh,hust,luh,gaussian_process,100,linear,15,910.2523749404205,9.604647637716983,100.74347270611861,-4.941056459685158,0.11299240008855241,346.22199267399264,7.071848226511091,67.16447244901404,-0.06606281854296395,0.02499880969616883,1.0,-907.8925820023629,-564.0303822664279,4.874993641142194
hust_to_luh,hust,luh,gaussian_process,100,linear,20,910.2523749404205,9.604647637716983,100.74347270611861,-4.941056459685158,0.11299240008855241,347.97012790697676,2.674725255776485,67.56108549811574,-0.06669803493326057,0.01025472056093962,1.0,-904.6647486690293,-562.2822470334438,4.874358424751898
hust_to_luh,hust,luh,stacking,100,residual_mean,5,813.6262144950423,79.47193772993124,95.79415055957641,-3.9827516592001473,0.8180975847599493,378.57995528902916,8.148529427402067,74.51886236177037,-0.24820788422507228,0.06285960240380063,1.0,-794.8622157103227,-435.04625920601313,3.734543774975075
hust_to_luh,hust,luh,stacking,100,residual_mean,10,813.6262144950423,79.47193772993124,95.79415055957641,-3.9827516592001473,0.8180975847599493,364.8490079821632,8.54502893036514,71.35386357363166,-0.12111095106898458,0.05520354604930966,1.0,-786.2686417393988,-448.7772065128791,3.8616407081311626
hust_to_luh,hust,luh,stacking,100,residual_mean,15,813.6262144950423,79.47193772993124,95.79415055957641,-3.9827516592001473,0.8180975847599493,362.6492823598851,5.408327641543705,71.37305234985259,-0.0892158418584128,0.04358888083535991,1.0,-794.118514436204,-450.9769321351572,3.8935358173417347
hust_to_luh,hust,luh,stacking,100,residual_mean,20,813.6262144950423,79.47193772993124,95.79415055957641,-3.9827516592001473,0.8180975847599493,359.94239350232385,7.503676288290134,71.02451850064536,-0.07430576779240275,0.03650711259087704,1.0,-800.2739976745579,-453.68382099271844,3.9084458914077445
hust_to_luh,hust,luh,stacking,100,linear,5,813.6262144950423,79.47193772993124,95.79415055957641,-3.9827516592001473,0.8180975847599493,453.8208211026719,79.6449598097346,79.58749035149773,-3.564026172292344,5.762586050440796,0.714212713535961,-428.2963802877036,-359.8053933923704,0.4187254869078032
hust_to_luh,hust,luh,stacking,100,linear,10,813.6262144950423,79.47193772993124,95.79415055957641,-3.9827516592001473,0.8180975847599493,367.0796544532296,6.9876139514397275,70.92388501878668,-0.21835812286182676,0.04629786187969988,0.4286601839033608,-42.466978100628225,-446.5465600418127,3.7643935363383205
hust_to_luh,hust,luh,stacking,100,linear,15,813.6262144950423,79.47193772993124,95.79415055957641,-3.9827516592001473,0.8180975847599493,354.9494380993095,3.7499693566591006,69.07296276024924,-0.0968334509915427,0.023938163876135548,0.35231785672223503,80.73151503688908,-458.6767763957328,3.885918208208605
hust_to_luh,hust,luh,stacking,100,linear,20,813.6262144950423,79.47193772993124,95.79415055957641,-3.9827516592001473,0.8180975847599493,357.0626331632951,4.118406864144994,69.51743128911377,-0.08653197296819437,0.022464029283570518,0.45610555482740633,-56.58307744116323,-456.5635813317472,3.896219686231953
sandia_to_matr,sandia,matr,elastic_net,100,residual_mean,5,1882.7941991249033,892.7218120270015,92.75918384930127,-114.8535677137298,82.29176449097842,1176.3956067828628,416.29238794771385,109.05788879363652,-80.10279529953155,56.10388271737275,1.0,-1744.1698500264,-706.3985923420405,34.75077241419825
sandia_to_matr,sandia,matr,elastic_net,100,residual_mean,10,1882.7941991249033,892.7218120270015,92.75918384930127,-114.8535677137298,82.29176449097842,1133.370847696411,374.78317169671595,120.61858352808277,-76.78287338760022,52.94212202350253,1.0,-1868.483290310866,-749.4233514284924,38.07069432612958
sandia_to_matr,sandia,matr,elastic_net,100,residual_mean,15,1882.7941991249033,892.7218120270015,92.75918384930127,-114.8535677137298,82.29176449097842,1136.4754739273458,400.5250361817541,118.11275339399108,-78.09454872543662,55.40567833025801,1.0,-1749.6790527585654,-746.3187251975576,36.75901898829318
sandia_to_matr,sandia,matr,elastic_net,100,residual_mean,20,1882.7941991249033,892.7218120270015,92.75918384930127,-114.8535677137298,82.29176449097842,1108.4286305475387,372.96541984869117,121.07224598615024,-72.50589806403978,50.18107342410533,1.0,-1848.196790804017,-774.3655685773647,42.34766964969002
sandia_to_matr,sandia,matr,elastic_net,100,linear,5,1882.7941991249033,892.7218120270015,92.75918384930127,-114.8535677137298,82.29176449097842,429.8870032871975,54.83056607723497,48.869694270377956,-12.905902828577828,19.639626992570616,0.053407297514559124,680.8372308732792,-1452.9071958377058,101.94766488515198
sandia_to_matr,sandia,matr,elastic_net,100,linear,10,1882.7941991249033,892.7218120270015,92.75918384930127,-114.8535677137298,82.29176449097842,323.01636238460685,7.693279236380842,40.234494989708196,-0.9066375949981943,0.26883128393557887,0.03784125553764661,709.6495802618041,-1559.7778367402966,113.94693011873161
sandia_to_matr,sandia,matr,elastic_net,100,linear,15,1882.7941991249033,892.7218120270015,92.75918384930127,-114.8535677137298,82.29176449097842,309.82837068819435,18.60096464942913,38.607239835605,-1.0731025671636538,1.3112419128812873,0.005789311746090596,728.9885230205418,-1572.965828436709,113.78046514656614
sandia_to_matr,sandia,matr,elastic_net,100,linear,20,1882.7941991249033,892.7218120270015,92.75918384930127,-114.8535677137298,82.29176449097842,295.6057693255363,4.5833376003886634,37.709406171376045,-0.28722232987293755,0.07407040920342298,0.013375848245996916,724.7019154257396,-1587.188429799367,114.56634538385687
sandia_to_matr,sandia,matr,pls,100,residual_mean,5,4003.701336628101,3739.423787134367,115.2116316318946,-692.5936436203589,1254.2848040525773,1871.9632677982215,1842.478848866791,120.02799833485571,-444.3550430460826,840.5036049938452,1.0,-3851.5145556985817,-2131.73806882988,248.2386005742763
sandia_to_matr,sandia,matr,pls,100,residual_mean,10,4003.701336628101,3739.423787134367,115.2116316318946,-692.5936436203589,1254.2848040525773,1682.3785346577915,1599.1634748106858,126.8430484924479,-407.4092735840482,772.7489904105448,1.0,-4314.74163109716,-2321.3228019703097,285.18437003631067
sandia_to_matr,sandia,matr,pls,100,residual_mean,15,4003.701336628101,3739.423787134367,115.2116316318946,-692.5936436203589,1254.2848040525773,1749.7214119190762,1715.8561959856927,118.77204052131496,-448.28348855388214,850.8513476612304,1.0,-3851.2265158217574,-2253.979924709025,244.31015506647674
sandia_to_matr,sandia,matr,pls,100,residual_mean,20,4003.701336628101,3739.423787134367,115.2116316318946,-692.5936436203589,1254.2848040525773,1666.6028402907323,1601.3867602166597,122.0722115349085,-404.9136816905382,769.0076093740942,1.0,-4068.3588799046483,-2337.098496337369,287.67996192982065
sandia_to_matr,sandia,matr,pls,100,linear,5,4003.701336628101,3739.423787134367,115.2116316318946,-692.5936436203589,1254.2848040525773,374.086212375845,33.43261819279772,44.69741635670149,-2.1795501976847493,1.5243621854137774,0.06156665499134832,640.7579313872673,-3629.6151242522565,690.4140934226741
sandia_to_matr,sandia,matr,pls,100,linear,10,4003.701336628101,3739.423787134367,115.2116316318946,-692.5936436203589,1254.2848040525773,307.9368005723585,10.299357626202324,38.88634150265939,-0.41059255576296555,0.14003034214969992,0.04834733616068311,640.6515551767349,-3695.7645360557426,692.1830510645959
sandia_to_matr,sandia,matr,pls,100,linear,15,4003.701336628101,3739.423787134367,115.2116316318946,-692.5936436203589,1254.2848040525773,299.5702182750971,11.663524334802329,37.67476148784875,-0.43711671365047183,0.3102563074777652,0.04180028965341652,658.1848996649536,-3704.1311183530042,692.1565269067085
sandia_to_matr,sandia,matr,pls,100,linear,20,4003.701336628101,3739.423787134367,115.2116316318946,-692.5936436203589,1254.2848040525773,288.41704039592634,3.50941566648403,36.62183829828323,-0.19042544938169192,0.05087815019158429,0.05436683062158252,619.1979170036354,-3715.2842962321747,692.4032181709772
sandia_to_matr,sandia,matr,random_forest,100,residual_mean,5,1456.6381472815613,174.7993203941038,99.29129848850991,-16.916826604053906,4.1913196371608725,357.032891079993,27.535592680627005,49.163715526488616,-0.7676236878118542,0.2779286444321957,1.0,-1479.8341990132055,-1099.6052562015682,16.14920291624205
sandia_to_matr,sandia,matr,random_forest,100,residual_mean,10,1456.6381472815613,174.7993203941038,99.29129848850991,-16.916826604053906,4.1913196371608725,329.6043764314828,23.664492514848437,45.296948053041035,-0.5158690659816512,0.21171872500864045,1.0,-1449.748523117273,-1127.0337708500783,16.400957538072255
sandia_to_matr,sandia,matr,random_forest,100,residual_mean,15,1456.6381472815613,174.7993203941038,99.29129848850991,-16.916826604053906,4.1913196371608725,322.46121648536894,18.374442839058524,44.540206366188855,-0.47115926274234254,0.17620854781356815,1.0,-1457.2641473401607,-1134.1769307961922,16.445667341311562
sandia_to_matr,sandia,matr,random_forest,100,residual_mean,20,1456.6381472815613,174.7993203941038,99.29129848850991,-16.916826604053906,4.1913196371608725,319.0162004264443,16.684655316122665,44.09724097257006,-0.4443120601951508,0.16354752932041827,1.0,-1456.3027697998768,-1137.621946855117,16.472514543858754
sandia_to_matr,sandia,matr,random_forest,100,linear,5,1456.6381472815613,174.7993203941038,99.29129848850991,-16.916826604053906,4.1913196371608725,372.9992785343426,34.355176884010916,45.53929511419381,-2.478580817699348,2.515566752616929,-0.11689131907444406,1057.012893910094,-1083.6388687472186,14.438245786354559
sandia_to_matr,sandia,matr,random_forest,100,linear,10,1456.6381472815613,174.7993203941038,99.29129848850991,-16.916826604053906,4.1913196371608725,311.89962134023324,12.591316934166981,40.37730559081928,-0.4631253203030174,0.2541946916466818,0.06609420186449326,603.6768028262848,-1144.7385259413281,16.45370128375089
sandia_to_matr,sandia,matr,random_forest,100,linear,15,1456.6381472815613,174.7993203941038,99.29129848850991,-16.916826604053906,4.1913196371608725,300.2349331178289,7.222393412142036,38.29221217359723,-0.34501737645891567,0.17766921923018755,-0.08472560008557936,965.8540188118902,-1156.4032141637324,16.57180922759499
sandia_to_matr,sandia,matr,random_forest,100,linear,20,1456.6381472815613,174.7993203941038,99.29129848850991,-16.916826604053906,4.1913196371608725,293.1076145333518,6.060812910703643,37.510971391344285,-0.26943816839572626,0.1944000317839076,0.002354013259441636,758.2841614152437,-1163.5305327482095,16.64738843565818
sandia_to_matr,sandia,matr,xgboost,100,residual_mean,5,1222.5013107337697,419.79119269088886,87.38437055528944,-13.922386037790863,9.730160368761123,417.7184515455806,43.47402915711478,55.40110505739292,-1.4429646906637104,0.5704193989206295,1.0,-1245.9789314964396,-804.7828591881891,12.479421347127152
sandia_to_matr,sandia,matr,xgboost,100,residual_mean,10,1222.5013107337697,419.79119269088886,87.38437055528944,-13.922386037790863,9.730160368761123,383.65738046973127,39.5787244964796,49.43238559018806,-1.1964053591968822,0.4966200217740722,1.0,-1221.9261695479854,-838.8439302640385,12.72598067859398
sandia_to_matr,sandia,matr,xgboost,100,residual_mean,15,1222.5013107337697,419.79119269088886,87.38437055528944,-13.922386037790863,9.730160368761123,379.2421610514604,39.20288638795423,48.651265141896594,-1.159213878197974,0.5090303120681651,1.0,-1217.2055922366333,-843.2591496823093,12.763172159592889
sandia_to_matr,sandia,matr,xgboost,100,residual_mean,20,1222.5013107337697,419.79119269088886,87.38437055528944,-13.922386037790863,9.730160368761123,377.43738398574754,31.60273014905052,47.73541752835998,-1.1386421517356742,0.46411088221922886,1.0,-1202.806211324211,-845.0639267480221,12.78374388605519
sandia_to_matr,sandia,matr,xgboost,100,linear,5,1222.5013107337697,419.79119269088886,87.38437055528944,-13.922386037790863,9.730160368761123,567.9549093458266,121.2511568423829,48.7353294660629,-36.190287822102796,34.24148281566226,-1.3390241168151837,2995.5131924885723,-654.5464013879431,-22.26790178431193
sandia_to_matr,sandia,matr,xgboost,100,linear,10,1222.5013107337697,419.79119269088886,87.38437055528944,-13.922386037790863,9.730160368761123,324.25794955869424,28.463259590529614,40.758098236259606,-1.2086903805576692,1.0232819571707827,-0.25989531265437327,1139.656246484236,-898.2433611750755,12.713695657233194
sandia_to_matr,sandia,matr,xgboost,100,linear,15,1222.5013107337697,419.79119269088886,87.38437055528944,-13.922386037790863,9.730160368761123,313.35203165363725,25.76387737918419,39.07132860512604,-1.6704357179295695,1.5683641795640428,-0.37277477529799163,1342.8606809093076,-909.1492790801325,12.251950319861294
sandia_to_matr,sandia,matr,xgboost,100,linear,20,1222.5013107337697,419.79119269088886,87.38437055528944,-13.922386037790863,9.730160368761123,291.46559137201683,11.451364763638892,37.49783873774642,-0.25354475794646236,0.21004414109532799,-0.05568723709334041,815.6086871283484,-931.0357193617529,13.6688412798444
sandia_to_matr,sandia,matr,catboost,100,residual_mean,5,650.1526039774495,128.29574439988747,59.487831393175966,-3.9638416458738943,1.755551255392565,476.509162044534,48.19114208049893,70.32934980268325,-1.6549962365181212,0.4803444888261432,1.0,-558.6600032124386,-173.64344193291555,2.308845409355773
sandia_to_matr,sandia,matr,catboost,100,residual_mean,10,650.1526039774495,128.29574439988747,59.487831393175966,-3.9638416458738943,1.755551255392565,462.6652973480494,42.55962080206352,68.84085961788924,-1.5146139564446581,0.42119139693642543,1.0,-570.3686727722522,-187.4873066294001,2.449227689429236
sandia_to_matr,sandia,matr,catboost,100,residual_mean,15,650.1526039774495,128.29574439988747,59.487831393175966,-3.9638416458738943,1.755551255392565,453.6061226912887,47.69958586606848,66.51449828184575,-1.3695845834846456,0.4555538185995579,1.0,-565.100289474754,-196.54648128616083,2.5942570623892487
sandia_to_matr,sandia,matr,catboost,100,residual_mean,20,650.1526039774495,128.29574439988747,59.487831393175966,-3.9638416458738943,1.755551255392565,450.95343111838156,49.39928151563328,66.71410496023115,-1.3637925789529362,0.49449623872905274,1.0,-573.1163085221477,-199.19917285906797,2.600049066920958
sandia_to_matr,sandia,matr,catboost,100,linear,5,650.1526039774495,128.29574439988747,59.487831393175966,-3.9638416458738943,1.755551255392565,514.9427082804795,278.8131976260373,47.17717066358394,-33.205352393299805,64.53619031748417,-0.17234892220436632,1170.4680125569837,-135.20989569697008,-29.24151074742591
sandia_to_matr,sandia,matr,catboost,100,linear,10,650.1526039774495,128.29574439988747,59.487831393175966,-3.9638416458738943,1.755551255392565,303.39822188830675,7.572190119741417,38.57202392385345,-0.22752396693501672,0.05115123553772469,0.0917106459230026,647.8103097011656,-346.7543820891428,3.7363176789388777
sandia_to_matr,sandia,matr,catboost,100,linear,15,650.1526039774495,128.29574439988747,59.487831393175966,-3.9638416458738943,1.755551255392565,290.44939297182884,6.719463450497848,37.079137256366685,-0.137026973124924,0.050080760656510626,0.09734586994188693,647.6440250521731,-359.7032110056207,3.8268146727489705
sandia_to_matr,sandia,matr,catboost,100,linear,20,650.1526039774495,128.29574439988747,59.487831393175966,-3.9638416458738943,1.755551255392565,286.82267283274166,3.7851899860416576,36.76489518512678,-0.09537919814024018,0.03459937349231804,0.13465707073265715,601.7425629277071,-363.32993114470787,3.868462447733654
sandia_to_matr,sandia,matr,gaussian_process,100,residual_mean,5,361.477608166397,32.95644670688012,50.18612852401163,-0.8021333947043509,0.303099279105558,335.34215567698084,21.478227684827125,42.88842711049479,-0.47995963843294326,0.19283772664941357,1.0,238.94207894303,-26.13545248941614,0.3221737562714076
sandia_to_matr,sandia,matr,gaussian_process,100,residual_mean,10,361.477608166397,32.95644670688012,50.18612852401163,-0.8021333947043509,0.303099279105558,312.23794590300366,16.213307208809283,39.55934637149231,-0.2791764643795399,0.13230927517533636,1.0,258.6612303435003,-49.23966226339331,0.5229569303248109
sandia_to_matr,sandia,matr,gaussian_process,100,residual_mean,15,361.477608166397,32.95644670688012,50.18612852401163,-0.8021333947043509,0.303099279105558,307.8220903796334,14.21462859796163,39.05770355151838,-0.2504286849107913,0.11688684724903757,1.0,246.42862837485882,-53.655517786763596,0.5517047097935596
sandia_to_matr,sandia,matr,gaussian_process,100,residual_mean,20,361.477608166397,32.95644670688012,50.18612852401163,-0.8021333947043509,0.303099279105558,306.8672787523015,15.212840193205254,38.79414346332441,-0.23336046085686943,0.132287188203461,1.0,260.16083371141,-54.610329414095474,0.5687729338474814
sandia_to_matr,sandia,matr,gaussian_process,100,linear,5,361.477608166397,32.95644670688012,50.18612852401163,-0.8021333947043509,0.303099279105558,390.98819028751876,37.67547564947197,47.98783862741876,-2.033518931580672,1.7603959665300613,-1.1961805818957851,1315.7099642899445,29.510582121121786,-1.2313855368763211
sandia_to_matr,sandia,matr,gaussian_process,100,linear,10,361.477608166397,32.95644670688012,50.18612852401163,-0.8021333947043509,0.303099279105558,310.6781058659236,11.367015275062453,39.93478393139141,-0.32181265648488805,0.1670299167956597,0.0020192272727382666,773.6881528730424,-50.799502300473364,0.4803207382194628
sandia_to_matr,sandia,matr,gaussian_process,100,linear,15,361.477608166397,32.95644670688012,50.18612852401163,-0.8021333947043509,0.303099279105558,304.42433190562684,11.072632057381766,38.638222707166335,-0.45485831753030226,0.46976833350442104,0.2184014683160958,680.8522137867354,-57.05327626077013,0.3472750771740486
sandia_to_matr,sandia,matr,gaussian_process,100,linear,20,361.477608166397,32.95644670688012,50.18612852401163,-0.8021333947043509,0.303099279105558,295.8035562273265,2.4832376396387024,37.9724391677381,-0.1901737683105209,0.04962852545942272,0.043631523354188004,755.6475393994452,-65.67405193907047,0.61195962639383
sandia_to_matr,sandia,matr,stacking,100,residual_mean,5,1587.5840607983432,403.2505919017656,101.85854235915576,-21.308682355188502,11.630006821536996,377.96489400168167,34.76454736416997,52.56607570930392,-0.9750587323749522,0.37080327757655684,1.0,-1618.8396171540228,-1209.6191667966616,20.33362362281355
sandia_to_matr,sandia,matr,stacking,100,residual_mean,10,1587.5840607983432,403.2505919017656,101.85854235915576,-21.308682355188502,11.630006821536996,347.4610857057499,26.068242224479796,48.08590241442134,-0.7072342804225726,0.25921733954722886,1.0,-1586.9315310501959,-1240.1229750925934,20.60144807476593
sandia_to_matr,sandia,matr,stacking,100,residual_mean,15,1587.5840607983432,403.2505919017656,101.85854235915576,-21.308682355188502,11.630006821536996,340.9762461276495,25.558872245760657,47.45799846640911,-0.6604052731517674,0.26924767757739587,1.0,-1593.294255138576,-1246.6078146706936,20.648277082036735
sandia_to_matr,sandia,matr,stacking,100,residual_mean,20,1587.5840607983432,403.2505919017656,101.85854235915576,-21.308682355188502,11.630006821536996,338.5472596647795,24.17918829213404,46.98341820818199,-0.6326988005457517,0.23631716176418535,1.0,-1587.2450412430435,-1249.0368011335636,20.67598355464275
sandia_to_matr,sandia,matr,stacking,100,linear,5,1587.5840607983432,403.2505919017656,101.85854235915576,-21.308682355188502,11.630006821536996,389.14170469475806,27.374631663157963,47.47745440353823,-2.2640965307487404,1.0527662655423657,-0.055576568309492244,986.1012704430583,-1198.442356103585,19.04458582443976
sandia_to_matr,sandia,matr,stacking,100,linear,10,1587.5840607983432,403.2505919017656,101.85854235915576,-21.308682355188502,11.630006821536996,318.63941017011445,15.285122244261828,41.082573742174205,-0.5208805173253579,0.28637389977565375,0.036945959248883956,654.5051059310739,-1268.9446506282288,20.787801837863142
sandia_to_matr,sandia,matr,stacking,100,linear,15,1587.5840607983432,403.2505919017656,101.85854235915576,-21.308682355188502,11.630006821536996,298.8781294160114,5.431257081580547,38.997535810938416,-0.27389929855343026,0.09006360111630975,0.06327708557098807,632.5301177655306,-1288.7059313823318,21.03478305663507
sandia_to_matr,sandia,matr,stacking,100,linear,20,1587.5840607983432,403.2505919017656,101.85854235915576,-21.308682355188502,11.630006821536996,293.1206318611155,2.500833788296015,37.728526314308695,-0.22731847221251958,0.08049848584712975,0.02125161983714773,708.7105678876621,-1294.4634289372277,21.08136388297598
sandia_to_hust,sandia,hust,elastic_net,100,residual_mean,5,623.4911389348861,296.6726217170702,42.073501061090894,-8.53214473526285,6.848285490110833,436.54741360183954,61.16682707904354,29.08865864510215,-4.029889758821656,1.9099752678972353,1.0,-123.07466969805148,-186.94372533304653,4.502254976441194
sandia_to_hust,sandia,hust,elastic_net,100,residual_mean,10,623.4911389348861,296.6726217170702,42.073501061090894,-8.53214473526285,6.848285490110833,415.1518080294048,63.57478280505501,27.28112758624612,-3.711844880977986,1.8500481086043343,1.0,-97.26477479149077,-208.3393309054813,4.8202998542848645
sandia_to_hust,sandia,hust,elastic_net,100,residual_mean,15,623.4911389348861,296.6726217170702,42.073501061090894,-8.53214473526285,6.848285490110833,407.58746901014695,52.271745155619236,25.909677964894797,-3.6802044147203032,1.9426543084017716,1.0,-97.62549037420337,-215.90366992473912,4.851940320542547
sandia_to_hust,sandia,hust,elastic_net,100,residual_mean,20,623.4911389348861,296.6726217170702,42.073501061090894,-8.53214473526285,6.848285490110833,400.09597498840304,55.88023936968497,25.635103733739026,-3.4536942049706836,1.9261983116597587,1.0,-105.89755135056782,-223.39516394648302,5.078450530292167
sandia_to_hust,sandia,hust,elastic_net,100,linear,5,623.4911389348861,296.6726217170702,42.073501061090894,-8.53214473526285,6.848285490110833,321.4198198543122,34.45210711829798,21.253571005044034,-2.2053964479932926,1.9717205874351333,0.03470108775749585,1405.898799787789,-302.07131908057386,6.326748287269558
sandia_to_hust,sandia,hust,elastic_net,100,linear,10,623.4911389348861,296.6726217170702,42.073501061090894,-8.53214473526285,6.848285490110833,259.4679267208517,11.40322475975437,17.617507359716456,-0.416517188837485,0.16698715787554153,0.0800330576462144,1358.4655282296324,-364.02321221403434,8.115627546425365
sandia_to_hust,sandia,hust,elastic_net,100,linear,15,623.4911389348861,296.6726217170702,42.073501061090894,-8.53214473526285,6.848285490110833,251.4865659772763,7.247889772413813,17.166844667610203,-0.2952908659225558,0.11230466514438228,0.045362360209782966,1407.705636341629,-372.00457295760975,8.236853869340294
sandia_to_hust,sandia,hust,elastic_net,100,linear,20,623.4911389348861,296.6726217170702,42.073501061090894,-8.53214473526285,6.848285490110833,243.0379739027237,6.3288053796384505,16.501436466802478,-0.18701251694461102,0.11300626876255888,0.05285144754987492,1378.5083895617765,-380.45316503216236,8.34513221831824
sandia_to_hust,sandia,hust,pls,100,residual_mean,5,1246.4601841268855,1264.231514323968,44.478370016170985,-86.4340797875769,157.97833517667542,845.6637654592448,859.0847543519279,53.400760698866065,-40.893078208896185,75.95761018917943,1.0,-1138.4647748567947,-400.79641866764064,45.54100157868072
sandia_to_hust,sandia,hust,pls,100,residual_mean,10,1246.4601841268855,1264.231514323968,44.478370016170985,-86.4340797875769,157.97833517667542,837.6115239031894,897.6752890685879,51.35497803323275,-39.7188917351901,74.41096352197225,1.0,-1011.4623954826768,-408.848660223696,46.71518805238681
sandia_to_hust,sandia,hust,pls,100,residual_mean,15,1246.4601841268855,1264.231514323968,44.478370016170985,-86.4340797875769,157.97833517667542,801.3168151881238,834.0581317361545,51.29472001568812,-35.95421849552956,67.12508005357296,1.0,-1109.6434400197281,-445.1433689387617,50.479861292047346
sandia_to_hust,sandia,hust,pls,100,residual_mean,20,1246.4601841268855,1264.231514323968,44.478370016170985,-86.4340797875769,157.97833517667542,795.6764987331329,833.840787405752,50.313075447413624,-34.19109656088008,63.68482144180204,1.0,-1074.215337660718,-450.78368539375253,52.24298322669683
sandia_to_hust,sandia,hust,pls,100,linear,5,1246.4601841268855,1264.231514323968,44.478370016170985,-86.4340797875769,157.97833517667542,302.9240427713024,29.000475498145686,20.35473449334875,-1.3570695924064498,0.5831393858592298,0.23703086649736252,1058.7298690589157,-943.536141355583,85.07701019517046
sandia_to_hust,sandia,hust,pls,100,linear,10,1246.4601841268855,1264.231514323968,44.478370016170985,-86.4340797875769,157.97833517667542,245.05767151027166,4.703154891052401,16.653607635159183,-0.2348448822035948,0.05324776398345845,0.10978825743719034,1274.9444683459922,-1001.4025126166138,86.19923490537332
sandia_to_hust,sandia,hust,pls,100,linear,15,1246.4601841268855,1264.231514323968,44.478370016170985,-86.4340797875769,157.97833517667542,237.53903086845625,5.5308588418135045,16.149866773639573,-0.1562271902379722,0.05769280566891352,0.15999521806389513,1195.2951006609708,-1008.9211532584292,86.27785259733893
sandia_to_hust,sandia,hust,pls,100,linear,20,1246.4601841268855,1264.231514323968,44.478370016170985,-86.4340797875769,157.97833517667542,232.68670855124273,4.965928161963659,15.840275226934812,-0.09374172417299165,0.03982339274371141,0.1351247526554848,1213.022612523228,-1013.7734755756427,86.34033806340392
sandia_to_hust,sandia,hust,random_forest,100,residual_mean,5,941.6530348616577,202.3785914282554,48.381383508305696,-13.093235716074076,5.205618141047371,326.1805414560608,69.9620660070062,22.393329929500492,-1.1389880357349946,0.8806482005159227,1.0,-948.7973584131748,-615.4724934055969,11.954247680339082
sandia_to_hust,sandia,hust,random_forest,100,residual_mean,10,941.6530348616577,202.3785914282554,48.381383508305696,-13.093235716074076,5.205618141047371,312.2662981591133,67.06595168297204,21.20835011026848,-0.9478533457345071,0.7796545616579867,1.0,-926.9886595140327,-629.3867367025443,12.145382370339568
sandia_to_hust,sandia,hust,random_forest,100,residual_mean,15,941.6530348616577,202.3785914282554,48.381383508305696,-13.093235716074076,5.205618141047371,312.46859580400604,63.69223970644975,21.21123999748326,-0.9046690339922087,0.7039671128426969,1.0,-939.0713263335263,-629.1844390576516,12.188566682081868
sandia_to_hust,sandia,hust,random_forest,100,residual_mean,20,941.6530348616577,202.3785914282554,48.381383508305696,-13.093235716074076,5.205618141047371,308.31170274381327,66.99610858049151,21.031154669661795,-0.8768511417579127,0.7503562331918057,1.0,-945.0897824707139,-633.3413321178444,12.216384574316164
sandia_to_hust,sandia,hust,random_forest,100,linear,5,941.6530348616577,202.3785914282554,48.381383508305696,-13.093235716074076,5.205618141047371,295.5045595664893,25.27145929118217,21.257375040830187,-1.187921751423437,0.6348992615002687,1.3444949073488042,-1293.1673482444737,-646.1484752951684,11.90531396465064
sandia_to_hust,sandia,hust,random_forest,100,linear,10,941.6530348616577,202.3785914282554,48.381383508305696,-13.093235716074076,5.205618141047371,255.86091597901722,7.786205255028382,17.601349835711886,-0.3791668091384522,0.15425149722230658,0.8955364290098327,-427.18947655978735,-685.7921188826405,12.714068906935625
sandia_to_hust,sandia,hust,random_forest,100,linear,15,941.6530348616577,202.3785914282554,48.381383508305696,-13.093235716074076,5.205618141047371,238.43407934749615,3.5059257468039755,16.320169697251817,-0.13397698302894254,0.02695542992622185,0.7980621513673234,-194.38823977371013,-703.2189555141615,12.959258733045134
sandia_to_hust,sandia,hust,random_forest,100,linear,20,941.6530348616577,202.3785914282554,48.381383508305696,-13.093235716074076,5.205618141047371,242.07751386019976,4.901610977122554,16.512867018905432,-0.17204293262473563,0.03924699692748418,0.4174711093313723,629.9659105030127,-699.5755210014579,12.92119278344934
sandia_to_hust,sandia,hust,xgboost,100,residual_mean,5,1038.3019274976082,258.5591037286004,49.27662254054751,-20.067199813158,6.811864396002126,665.7873327447041,129.63744448054575,49.21213936693531,-7.0466022073122545,2.497096947067686,1.0,-983.8271653119884,-372.51459475290403,13.020597605845744
sandia_to_hust,sandia,hust,xgboost,100,residual_mean,10,1038.3019274976082,258.5591037286004,49.27662254054751,-20.067199813158,6.811864396002126,648.802265939878,143.54044801142965,45.97915175695453,-6.351461869766743,2.536714685324131,1.0,-958.5445655117513,-389.4996615577302,13.715737943391256
sandia_to_hust,sandia,hust,xgboost,100,residual_mean,15,1038.3019274976082,258.5591037286004,49.27662254054751,-20.067199813158,6.811864396002126,647.284234762602,134.74298809773626,47.60895014152385,-6.030703127890587,2.253245986035308,1.0,-1005.3577183015543,-391.0176927350062,14.036496685267412
sandia_to_hust,sandia,hust,xgboost,100,residual_mean,20,1038.3019274976082,258.5591037286004,49.27662254054751,-20.067199813158,6.811864396002126,645.4836232884021,136.50826902537807,47.39742315144286,-5.976215387209235,2.268958790398062,1.0,-1008.1052470691551,-392.8183042092061,14.090984425948763
sandia_to_hust,sandia,hust,xgboost,100,linear,5,1038.3019274976082,258.5591037286004,49.27662254054751,-20.067199813158,6.811864396002126,574.993422325135,498.3923015078777,22.69354748039175,-593.5642481853467,1179.2210319541425,21.9867869968445,-62151.94949502584,-463.30850517247313,-573.4970483721887
sandia_to_hust,sandia,hust,xgboost,100,linear,10,1038.3019274976082,258.5591037286004,49.27662254054751,-20.067199813158,6.811864396002126,247.5756747039539,3.738108774467125,16.768138171610854,-0.3030411241472971,0.07116023397861501,-0.06494401988409335,1673.7420996123,-790.7262527936543,19.764158689010703
sandia_to_hust,sandia,hust,xgboost,100,linear,15,1038.3019274976082,258.5591037286004,49.27662254054751,-20.067199813158,6.811864396002126,240.8553668763439,4.123405365975708,16.351263761684034,-0.20689545565308412,0.1057524662932422,-0.0661368112154834,1659.403814299254,-797.4465606212643,19.860304357504916
sandia_to_hust,sandia,hust,xgboost,100,linear,20,1038.3019274976082,258.5591037286004,49.27662254054751,-20.067199813158,6.811864396002126,242.16060651547406,4.073607666948433,16.40615284454455,-0.24003556542817198,0.08527983856188685,-0.10566639628115064,1765.5716747910478,-796.1413209821342,19.827164247729826
sandia_to_hust,sandia,hust,catboost,100,residual_mean,5,384.6534380361403,71.42533669175084,28.69527621558499,-2.0265370030134924,0.9131044908029552,297.34800731262914,32.55395361884862,20.11181305004356,-0.8254114542839318,0.46389459368885205,1.0,307.22703257379584,-87.30543072351117,1.2011255487295607
sandia_to_hust,sandia,hust,catboost,100,residual_mean,10,384.6534380361403,71.42533669175084,28.69527621558499,-2.0265370030134924,0.9131044908029552,286.1801865499542,29.102546987203716,19.15874551087533,-0.6744425288176645,0.4081759784080417,1.0,344.2625057347706,-98.47325148618609,1.3520944741958278
sandia_to_hust,sandia,hust,catboost,100,residual_mean,15,384.6534380361403,71.42533669175084,28.69527621558499,-2.0265370030134924,0.9131044908029552,281.66669260048064,27.934801161129233,18.896856709368063,-0.6165090804076859,0.39915420560322495,1.0,324.5052498627657,-102.98674543565966,1.4100279226058063
sandia_to_hust,sandia,hust,catboost,100,residual_mean,20,384.6534380361403,71.42533669175084,28.69527621558499,-2.0265370030134924,0.9131044908029552,279.9972300561492,33.037461255031836,18.8240917990571,-0.610569452713435,0.43665389362088,1.0,325.00632267448015,-104.65620797999111,1.4159675503000573
sandia_to_hust,sandia,hust,catboost,100,linear,5,384.6534380361403,71.42533669175084,28.69527621558499,-2.0265370030134924,0.9131044908029552,312.5463025086353,20.8823217051646,21.64392222311966,-1.3294885262036829,0.3240231308734541,0.17065668339656176,1243.187224530994,-72.10713552750502,0.6970484768098095
sandia_to_hust,sandia,hust,catboost,100,linear,10,384.6534380361403,71.42533669175084,28.69527621558499,-2.0265370030134924,0.9131044908029552,252.18454209850302,5.275241237191744,17.32980826944319,-0.312823828897995,0.10495537132915377,0.15535330537587255,1299.7135290301635,-132.46889593763728,1.7137131741154974
sandia_to_hust,sandia,hust,catboost,100,linear,15,384.6534380361403,71.42533669175084,28.69527621558499,-2.0265370030134924,0.9131044908029552,245.130705217477,6.90187447592138,16.733916948508195,-0.18406371406051797,0.07914007615327624,0.2104205161447517,1231.9901640157798,-139.52273281866331,1.8424732889529745
sandia_to_hust,sandia,hust,catboost,100,linear,20,384.6534380361403,71.42533669175084,28.69527621558499,-2.0265370030134924,0.9131044908029552,236.8857798772744,2.082920070016698,16.171101811358724,-0.0939724905733032,0.024690100221227473,0.19229050501918712,1253.5367693394123,-147.7676581588659,1.9325645124401891
sandia_to_hust,sandia,hust,gaussian_process,100,residual_mean,5,785.0061818167936,143.28706429643205,73.30447564629915,-9.294454503624255,2.8717998255470314,383.0782780491534,77.41173791983982,26.232068516154385,-1.994760005182713,1.210539412701531,1.0,738.0235998918099,-401.9279037676402,7.299694498441542
sandia_to_hust,sandia,hust,gaussian_process,100,residual_mean,10,785.0061818167936,143.28706429643205,73.30447564629915,-9.294454503624255,2.8717998255470314,361.1951677535296,76.27274070352013,24.581084686410936,-1.6394871863563658,1.0560619484889884,1.0,752.6831420616397,-423.81101406326405,7.654967317267889
sandia_to_hust,sandia,hust,gaussian_process,100,residual_mean,15,785.0061818167936,143.28706429643205,73.30447564629915,-9.294454503624255,2.8717998255470314,361.03746216701404,69.60391683297033,24.447545819677394,-1.5673743466269097,0.9374482536718315,1.0,742.7307333540489,-423.9687196497796,7.727080156997346
sandia_to_hust,sandia,hust,gaussian_process,100,residual_mean,20,785.0061818167936,143.28706429643205,73.30447564629915,-9.294454503624255,2.8717998255470314,359.72095982623443,73.3400864336272,24.50965782079039,-1.5721341795260175,0.9861411814795032,1.0,733.7866704289828,-425.2852219905592,7.722320324098238
sandia_to_hust,sandia,hust,gaussian_process,100,linear,5,785.0061818167936,143.28706429643205,73.30447564629915,-9.294454503624255,2.8717998255470314,273.44417002630416,9.555776421932304,18.91998625725125,-0.6136732359987127,0.1616178393570411,-0.21338957441551037,1631.8096765487344,-511.56201179048946,8.680781267625543
sandia_to_hust,sandia,hust,gaussian_process,100,linear,10,785.0061818167936,143.28706429643205,73.30447564629915,-9.294454503624255,2.8717998255470314,249.26844129234368,2.2192513971002423,17.032866385371825,-0.26966167713691797,0.05144900330736236,-0.07053148208435693,1543.6386465587125,-535.7377405244499,9.024792826487337
sandia_to_hust,sandia,hust,gaussian_process,100,linear,15,785.0061818167936,143.28706429643205,73.30447564629915,-9.294454503624255,2.8717998255470314,243.14424553635226,1.6706341861215095,16.586882066784394,-0.18237752230443502,0.025497180004100443,-0.07471883706332347,1539.3351777928078,-541.8619362804413,9.11207698131982
sandia_to_hust,sandia,hust,gaussian_process,100,linear,20,785.0061818167936,143.28706429643205,73.30447564629915,-9.294454503624255,2.8717998255470314,239.83044156730315,2.921781501402463,16.374482196681168,-0.1472201695932231,0.024682672821581295,-0.12634673353623832,1573.869981302987,-545.1757402494904,9.147234334031031
sandia_to_hust,sandia,hust,stacking,100,residual_mean,5,1206.9572874709518,397.9665063942795,56.036470834854455,-23.863826170184183,13.603685017866644,457.0858969223524,128.96331474109203,32.584702945193854,-3.101326830005756,1.902326736900339,1.0,-1203.144005193681,-749.8713905485994,20.762499340178426
sandia_to_hust,sandia,hust,stacking,100,residual_mean,10,1206.9572874709518,397.9665063942795,56.036470834854455,-23.863826170184183,13.603685017866644,443.66917446296236,133.99433236141877,30.683066607237777,-2.816043095004761,1.8535546936555272,1.0,-1177.9318105953062,-763.2881130079894,21.04778307517942
sandia_to_hust,sandia,hust,stacking,100,residual_mean,15,1206.9572874709518,397.9665063942795,56.036470834854455,-23.863826170184183,13.603685017866644,443.2780037619947,130.85832699643885,31.345931484883046,-2.663645003773214,1.6829073262682803,1.0,-1206.1937799327382,-763.6792837089571,21.200181166410967
sandia_to_hust,sandia,hust,stacking,100,residual_mean,20,1206.9572874709518,397.9665063942795,56.036470834854455,-23.863826170184183,13.603685017866644,438.14662420718133,132.12448855740993,31.137861076139824,-2.62310368099542,1.7279897699748297,1.0,-1211.094034124639,-768.8106632637705,21.240722489188762
sandia_to_hust,sandia,hust,stacking,100,linear,5,1206.9572874709518,397.9665063942795,56.036470834854455,-23.863826170184183,13.603685017866644,292.37309185812427,19.140478547774308,20.005832455127084,-1.2273243861269094,0.5474112461651875,-0.27465978355870185,2342.4136940579,-914.5841956128274,22.636501784057273
sandia_to_hust,sandia,hust,stacking,100,linear,10,1206.9572874709518,397.9665063942795,56.036470834854455,-23.863826170184183,13.603685017866644,250.40813177289934,4.5760719760539486,16.99947596991962,-0.3164533221596781,0.13013655093141044,-0.08853437828518118,1752.8976855447472,-956.5491556980525,23.547372848024505
sandia_to_hust,sandia,hust,stacking,100,linear,15,1206.9572874709518,397.9665063942795,56.036470834854455,-23.863826170184183,13.603685017866644,242.01006890719609,6.528035789169271,16.43638213767215,-0.21842347145418134,0.19423849484331027,-0.15126532100624782,1892.143317346628,-964.9472185637557,23.645402698730003
sandia_to_hust,sandia,hust,stacking,100,linear,20,1206.9572874709518,397.9665063942795,56.036470834854455,-23.863826170184183,13.603685017866644,243.0058154436037,4.640549266074351,16.50400713349098,-0.2103053915857121,0.08725305913727942,-0.20428321056088716,2032.0635901258313,-963.951472027348,23.65352077859847
sandia_to_luh,sandia,luh,elastic_net,100,residual_mean,5,237.34608699605207,28.234065350886727,42.516663061438095,0.21159798294794108,0.1445535679958196,252.73873980337666,20.917848018831798,51.2977455673323,0.3777468608325065,0.08176517151247625,1.0,218.20760323311,15.392652807324595,0.16614887788456545
sandia_to_luh,sandia,luh,elastic_net,100,residual_mean,10,237.34608699605207,28.234065350886727,42.516663061438095,0.21159798294794108,0.1445535679958196,244.27789498343154,19.645756518303003,51.27903136087741,0.4362746394446967,0.07983221529248764,1.0,222.90372603830912,6.931807987379472,0.2246766564967556
sandia_to_luh,sandia,luh,elastic_net,100,residual_mean,15,237.34608699605207,28.234065350886727,42.516663061438095,0.21159798294794108,0.1445535679958196,239.81770022921881,15.525955819348146,50.89916974292292,0.4555904848312363,0.0615378335610849,1.0,216.19247778835478,2.4716132331667495,0.24399250188329524
sandia_to_luh,sandia,luh,elastic_net,100,residual_mean,20,237.34608699605207,28.234065350886727,42.516663061438095,0.21159798294794108,0.1445535679958196,236.8714986747719,15.054941311013867,50.382874615545276,0.4620186494277242,0.06226268272112587,1.0,211.3998879176113,-0.4745883212801516,0.2504206664797831
sandia_to_luh,sandia,luh,elastic_net,100,linear,5,237.34608699605207,28.234065350886727,42.516663061438095,0.21159798294794108,0.1445535679958196,191.1509704120011,13.465824648363164,48.31769810667727,0.585742223358299,0.05033953532218536,2.202903934721597,-227.2530879390049,-46.195116584050965,0.3741442404103579
sandia_to_luh,sandia,luh,elastic_net,100,linear,10,237.34608699605207,28.234065350886727,42.516663061438095,0.21159798294794108,0.1445535679958196,174.03313885603092,4.514351405888674,46.230022278890544,0.6730585786799607,0.015256768463608468,2.3735160902962846,-263.4545048565159,-63.31294814002115,0.4614605957320196
sandia_to_luh,sandia,luh,elastic_net,100,linear,15,237.34608699605207,28.234065350886727,42.516663061438095,0.21159798294794108,0.1445535679958196,169.19562574059103,4.226416951548711,45.403080208393106,0.7027807428164224,0.009075928656340923,2.3489037164036333,-257.0095641899257,-68.15046125546104,0.49118275986848137
sandia_to_luh,sandia,luh,elastic_net,100,linear,20,237.34608699605207,28.234065350886727,42.516663061438095,0.21159798294794108,0.1445535679958196,166.8764180543672,4.030884921671849,43.537612638126234,0.707717783885738,0.010638725672736932,2.293200210857367,-239.11905112830132,-70.46966894168486,0.49611980093779695
sandia_to_luh,sandia,luh,pls,100,residual_mean,5,181.7643593859008,44.32706594685795,34.209266333652316,0.49447133757762424,0.22937700749110593,210.62298090104346,27.381884724548254,43.814374945243074,0.542551042864382,0.11030796279348898,1.0,134.78884529789642,28.85862151514266,0.04807970528675781
sandia_to_luh,sandia,luh,pls,100,residual_mean,10,181.7643593859008,44.32706594685795,34.209266333652316,0.49447133757762424,0.22937700749110593,203.2690952437449,35.12378014705958,41.86526682420454,0.5813865857385508,0.1296560406832957,1.0,143.47704918059983,21.50473585784411,0.0869152481609266
sandia_to_luh,sandia,luh,pls,100,residual_mean,15,181.7643593859008,44.32706594685795,34.209266333652316,0.49447133757762424,0.22937700749110593,198.45942072250614,31.23359240942627,40.77216966642151,0.5975947680198992,0.11100611927286023,1.0,135.76976783312764,16.695061336605335,0.10312343044227495
sandia_to_luh,sandia,luh,pls,100,residual_mean,20,181.7643593859008,44.32706594685795,34.209266333652316,0.49447133757762424,0.22937700749110593,194.82048533938217,29.335332268843537,40.033950712043094,0.6047425824174099,0.10684849618915479,1.0,131.3416171926509,13.05612595348137,0.11027124483978562
sandia_to_luh,sandia,luh,pls,100,linear,5,181.7643593859008,44.32706594685795,34.209266333652316,0.49447133757762424,0.22937700749110593,182.34961529805014,13.79159249189997,44.16647383994186,0.6065574758787902,0.04919931803212622,1.5799563069341154,-113.93313944901283,0.5852559121493357,0.11208613830116593
sandia_to_luh,sandia,luh,pls,100,linear,10,181.7643593859008,44.32706594685795,34.209266333652316,0.49447133757762424,0.22937700749110593,166.44357751247108,4.70308944627798,43.422769748433055,0.6887275609375251,0.01997147695687145,1.7213179357407924,-149.1847353768929,-15.320781873429723,0.19425622335990084
sandia_to_luh,sandia,luh,pls,100,linear,15,181.7643593859008,44.32706594685795,34.209266333652316,0.49447133757762424,0.22937700749110593,160.93362167734966,3.841738919900041,42.39463673317498,0.7171908541693084,0.015546598155596749,1.7118739910246785,-146.08262656007233,-20.83073770855114,0.22271951659168415
sandia_to_luh,sandia,luh,pls,100,linear,20,181.7643593859008,44.32706594685795,34.209266333652316,0.49447133757762424,0.22937700749110593,159.00422435434425,2.8403600384078165,41.312076233805485,0.723217488488447,0.016818770354002668,1.6918721154310041,-139.48304789698335,-22.76013503155656,0.2287461509108228
sandia_to_luh,sandia,luh,random_forest,100,residual_mean,5,272.1182000536235,53.14252009356377,54.579696501416514,0.09463513315025714,0.3049369948490804,265.7144049477827,43.06128390723555,55.62223298495435,0.3401360555957992,0.1859333929216155,1.0,233.8752791419694,-6.4037951058408,0.24550092244554206
sandia_to_luh,sandia,luh,random_forest,100,residual_mean,10,272.1182000536235,53.14252009356377,54.579696501416514,0.09463513315025714,0.3049369948490804,256.948508332776,38.893121858640306,54.75493927739876,0.3886416661328441,0.16065463166516408,1.0,232.14625595298617,-15.169691720847538,0.294006532982587
sandia_to_luh,sandia,luh,random_forest,100,residual_mean,15,272.1182000536235,53.14252009356377,54.579696501416514,0.09463513315025714,0.3049369948490804,254.21972564989284,37.82582830308949,54.45566794675807,0.40665480056942205,0.1454874559472274,1.0,227.53015767962475,-17.898474403730688,0.3120196674191649
sandia_to_luh,sandia,luh,random_forest,100,residual_mean,20,272.1182000536235,53.14252009356377,54.579696501416514,0.09463513315025714,0.3049369948490804,251.33195465689855,37.661698369270155,54.044713276068705,0.4156941558898429,0.14593229326191204,1.0,219.1625932925675,-20.78624539672498,0.32105902273958575
sandia_to_luh,sandia,luh,random_forest,100,linear,5,272.1182000536235,53.14252009356377,54.579696501416514,0.09463513315025714,0.3049369948490804,265.8494849904738,52.98809975272198,47.0624138314019,-0.26897412254701425,0.7142582224457636,2.729937461951117,-242.4138181629556,-6.2687150631497275,-0.36360925569727137
sandia_to_luh,sandia,luh,random_forest,100,linear,10,272.1182000536235,53.14252009356377,54.579696501416514,0.09463513315025714,0.3049369948490804,241.24485205574888,40.43667267689098,45.22765069291478,0.03885280951815541,0.5716201689602718,2.77092073621283,-285.38310191116045,-30.873347997874646,-0.05578232363210173
sandia_to_luh,sandia,luh,random_forest,100,linear,15,272.1182000536235,53.14252009356377,54.579696501416514,0.09463513315025714,0.3049369948490804,233.08341510639715,46.724392799608985,44.97343095067004,0.19108398950630837,0.5071409792846148,2.4732592251862515,-201.00903843085788,-39.03478494722637,0.09644885635605123
sandia_to_luh,sandia,luh,random_forest,100,linear,20,272.1182000536235,53.14252009356377,54.579696501416514,0.09463513315025714,0.3049369948490804,223.9283644783256,36.09889591799305,45.079881165433406,0.4134364995369804,0.20891346454040516,2.155054473870473,-120.73723570092461,-48.189835575297934,0.3188013663867233
sandia_to_luh,sandia,luh,xgboost,100,residual_mean,5,323.09813839815314,33.02363438871178,61.21358841099702,-0.3258436922844231,0.2798036802247768,319.934363754691,30.31678865445291,62.81270788405275,0.046243478552333635,0.15846120664754018,1.0,309.0360923256874,-3.1637746434621477,0.37208717083675674
sandia_to_luh,sandia,luh,xgboost,100,residual_mean,10,323.09813839815314,33.02363438871178,61.21358841099702,-0.3258436922844231,0.2798036802247768,306.65422857073116,37.36536074220925,61.43131167842871,0.13299368789425306,0.17728866084068004,1.0,311.3875272290005,-16.443909827421976,0.45883738017867615
sandia_to_luh,sandia,luh,xgboost,100,residual_mean,15,323.09813839815314,33.02363438871178,61.21358841099702,-0.3258436922844231,0.2798036802247768,302.5868202498502,30.98518110019371,61.30982721177189,0.16235015347769038,0.14535796971138315,1.0,301.4309039223496,-20.511318148302962,0.4881938457621135
sandia_to_luh,sandia,luh,xgboost,100,residual_mean,20,323.09813839815314,33.02363438871178,61.21358841099702,-0.3258436922844231,0.2798036802247768,299.7888628220746,33.36950108505003,60.758848122807954,0.17005640141893197,0.14768587520040957,1.0,297.85494754056845,-23.309275576078562,0.4959000937033551
sandia_to_luh,sandia,luh,xgboost,100,linear,5,323.09813839815314,33.02363438871178,61.21358841099702,-0.3258436922844231,0.2798036802247768,274.3550963064328,57.13937022696516,55.638147343110845,0.09986251565511284,0.34123084049623975,2.5830704301453737,-162.37293942171772,-48.743042091720326,0.42570620793953595
sandia_to_luh,sandia,luh,xgboost,100,linear,10,323.09813839815314,33.02363438871178,61.21358841099702,-0.3258436922844231,0.2798036802247768,242.83133287222526,57.69562552295159,53.45301278817997,0.33757497271684855,0.3140310709157922,2.688669244020744,-192.0150585134876,-80.26680552592788,0.6634186650012717
sandia_to_luh,sandia,luh,xgboost,100,linear,15,323.09813839815314,33.02363438871178,61.21358841099702,-0.3258436922844231,0.2798036802247768,232.9538882810843,57.24679643958337,53.19396089136048,0.4248116593310665,0.2598700605175867,2.926301291765298,-253.84229543606253,-90.14425011706885,0.7506553516154897
sandia_to_luh,sandia,luh,xgboost,100,linear,20,323.09813839815314,33.02363438871178,61.21358841099702,-0.3258436922844231,0.2798036802247768,232.0474638589554,58.38391002468452,51.801931990758554,0.42875412360202236,0.26542251333276295,2.7533491301687447,-200.29815841174894,-91.05067453919773,0.7545978158864455
sandia_to_luh,sandia,luh,catboost,100,residual_mean,5,264.1904841058313,60.741351669876764,49.54945049712143,0.062348063600699846,0.3506579754415754,273.4238130758312,35.98088767816086,55.020331175568266,0.2780256975585503,0.15154681152127847,1.0,230.4083710849191,9.233328969999945,0.21567763395785045
sandia_to_luh,sandia,luh,catboost,100,residual_mean,10,264.1904841058313,60.741351669876764,49.54945049712143,0.062348063600699846,0.3506579754415754,263.1478312976197,38.67553236471584,54.37337205988074,0.34388038254349185,0.16312438163552337,1.0,236.3740953378104,-1.0426528082115851,0.281532318942792
sandia_to_luh,sandia,luh,catboost,100,residual_mean,15,264.1904841058313,60.741351669876764,49.54945049712143,0.062348063600699846,0.3506579754415754,259.81390674277196,34.04175194258446,54.23074402607087,0.3667476843669878,0.14312292150298164,1.0,230.5409550444214,-4.376577363059312,0.30439962076628796
sandia_to_luh,sandia,luh,catboost,100,residual_mean,20,264.1904841058313,60.741351669876764,49.54945049712143,0.062348063600699846,0.3506579754415754,256.29037395443936,32.60720800201083,53.596317056754245,0.374784084470022,0.14298931193870282,1.0,224.8574107850471,-7.900110151391914,0.31243602086932215
sandia_to_luh,sandia,luh,catboost,100,linear,5,264.1904841058313,60.741351669876764,49.54945049712143,0.062348063600699846,0.3506579754415754,197.2379119937188,20.996479243663366,44.5749928000855,0.5354805440423178,0.11791310244670286,3.292459318130871,-463.3144705637771,-66.95257211211248,0.473132480441618
sandia_to_luh,sandia,luh,catboost,100,linear,10,264.1904841058313,60.741351669876764,49.54945049712143,0.062348063600699846,0.3506579754415754,180.41388644814577,24.68849824338892,43.39769096263989,0.628201570192855,0.0975791683849358,3.54789495266465,-490.89394747480384,-83.7765976576855,0.5658535065921552
sandia_to_luh,sandia,luh,catboost,100,linear,15,264.1904841058313,60.741351669876764,49.54945049712143,0.062348063600699846,0.3506579754415754,171.73656639750484,21.709748546292207,40.05510358696974,0.6770100321637779,0.07720874018386618,3.3073165308595995,-437.1695704310015,-92.45391770832643,0.614661968563078
sandia_to_luh,sandia,luh,catboost,100,linear,20,264.1904841058313,60.741351669876764,49.54945049712143,0.062348063600699846,0.3506579754415754,168.4580568995588,24.225769861017834,38.41171921547861,0.6853526009119643,0.07975798515315029,3.3074267610573065,-439.07265101330665,-95.73242720627246,0.6230045373112644
sandia_to_luh,sandia,luh,gaussian_process,100,residual_mean,5,298.28352835805515,62.31758332933013,55.560177261173365,-0.16350100083734231,0.36770407482635703,300.9372798972961,52.11179077033844,59.2595257694032,0.13611175321911856,0.2576842728569882,1.0,277.7531126104343,2.653751539240943,0.2996127540564609
sandia_to_luh,sandia,luh,gaussian_process,100,residual_mean,10,298.28352835805515,62.31758332933013,55.560177261173365,-0.16350100083734231,0.36770407482635703,290.0992883372415,48.12737138900107,58.51387128942721,0.22018736903216163,0.21800028085651302,1.0,281.9974575019603,-8.184240020813661,0.38368836986950394
sandia_to_luh,sandia,luh,gaussian_process,100,residual_mean,15,298.28352835805515,62.31758332933013,55.560177261173365,-0.16350100083734231,0.36770407482635703,286.00916307594315,42.53074409589365,58.41809782153298,0.2520538241558407,0.1923128096761027,1.0,273.2348712207489,-12.274365282112,0.415554824993183
sandia_to_luh,sandia,luh,gaussian_process,100,residual_mean,20,298.28352835805515,62.31758332933013,55.560177261173365,-0.16350100083734231,0.36770407482635703,282.72559473003685,47.16420203299242,57.72690047614962,0.2573321744949351,0.20449374159119937,1.0,269.3820332870564,-15.557933628018304,0.42083317533227743
sandia_to_luh,sandia,luh,gaussian_process,100,linear,5,298.28352835805515,62.31758332933013,55.560177261173365,-0.16350100083734231,0.36770407482635703,251.62245127655842,82.73438316760947,54.25952070820765,0.2601559395216838,0.44004989364763314,2.572659961477292,-198.71713791553967,-46.66107708149673,0.4236569403590261
sandia_to_luh,sandia,luh,gaussian_process,100,linear,10,298.28352835805515,62.31758332933013,55.560177261173365,-0.16350100083734231,0.36770407482635703,239.858425915408,81.32117416195746,54.03538167225113,0.36057988668046576,0.40128964230261566,2.6745414626838167,-203.67869429531376,-58.42510244264716,0.524080887517808
sandia_to_luh,sandia,luh,gaussian_process,100,linear,15,298.28352835805515,62.31758332933013,55.560177261173365,-0.16350100083734231,0.36770407482635703,229.04516994195419,73.81067882847864,52.97125607781859,0.44677783495104667,0.3270922956976371,2.8131742243101243,-247.59901286761465,-69.23835841610097,0.610278835788389
sandia_to_luh,sandia,luh,gaussian_process,100,linear,20,298.28352835805515,62.31758332933013,55.560177261173365,-0.16350100083734231,0.36770407482635703,228.76226442732636,75.71840389422779,52.96380684838253,0.45518375788703436,0.32323438257883347,2.811798179685291,-248.30255255203582,-69.5212639307288,0.6186847587243767
sandia_to_luh,sandia,luh,stacking,100,residual_mean,5,304.7592487633609,22.221545957704624,58.560645942197866,-0.12992107446399753,0.14832695227922038,289.0194813201796,27.489193439937342,59.26418682498009,0.2388447549676659,0.13212637620894055,1.0,296.70182152945847,-15.739767443181336,0.36876582943166347
sandia_to_luh,sandia,luh,stacking,100,residual_mean,10,304.7592487633609,22.221545957704624,58.560645942197866,-0.12992107446399753,0.14832695227922038,280.25119425059864,23.35325812727952,58.503110092903285,0.29603467375830544,0.1064252565610812,1.0,297.6563207745138,-24.50805451276227,0.425955748222303
sandia_to_luh,sandia,luh,stacking,100,residual_mean,15,304.7592487633609,22.221545957704624,58.560645942197866,-0.12992107446399753,0.14832695227922038,275.9195991915975,19.256858517381602,58.10712771752983,0.32187313119432626,0.08080005889586021,1.0,289.1128144784131,-28.839649571763402,0.4517942056583238
sandia_to_luh,sandia,luh,stacking,100,residual_mean,20,304.7592487633609,22.221545957704624,58.560645942197866,-0.12992107446399753,0.14832695227922038,273.3766195528057,21.062990216498623,57.72876778055862,0.3306783837361831,0.09102702106636504,1.0,283.3718833173875,-31.382629210555194,0.4605994582001806
sandia_to_luh,sandia,luh,stacking,100,linear,5,304.7592487633609,22.221545957704624,58.560645942197866,-0.12992107446399753,0.14832695227922038,264.86938662998864,20.6176315951208,50.90085064489183,0.04448558026878717,0.2639991807160369,3.0176180565038435,-214.97538002459956,-39.889862133372276,0.17440665473278472
sandia_to_luh,sandia,luh,stacking,100,linear,10,304.7592487633609,22.221545957704624,58.560645942197866,-0.12992107446399753,0.14832695227922038,241.23276735518374,19.788476744950906,48.97193036979635,0.2543154483920009,0.2141970577824425,3.0987121333704915,-259.85040507456944,-63.526481408177176,0.3842365228559984
sandia_to_luh,sandia,luh,stacking,100,linear,15,304.7592487633609,22.221545957704624,58.560645942197866,-0.12992107446399753,0.14832695227922038,235.88880755669544,18.176608331409348,48.36857311952965,0.325321908119887,0.13144478355524505,2.9155234699364216,-215.1827819726596,-68.87044120666548,0.4552429825838845
sandia_to_luh,sandia,luh,stacking,100,linear,20,304.7592487633609,22.221545957704624,58.560645942197866,-0.12992107446399753,0.14832695227922038,229.51140982502247,21.344377931386077,47.46619816662438,0.42199441123190695,0.12592621286462427,2.656925753839073,-151.78794570141912,-75.24783893833845,0.5519154856959045
luh_to_matr,luh,matr,elastic_net,100,residual_mean,5,925406316.5762198,10087626.847952655,199.9904057446485,-7044949694367.561,87829962390.06883,75900831.71645303,13720252.342386309,116.73632599264666,-127878343838.95776,53375974674.70362,1.0,-917348451.8350693,-849505484.8597667,6917071350528.603
luh_to_matr,luh,matr,elastic_net,100,residual_mean,10,925406316.5762198,10087626.847952655,199.9904057446485,-7044949694367.561,87829962390.06883,57615410.439114034,30581010.69819242,126.06124207538753,-70028833555.52548,40051103142.71955,1.0,-936877147.9592924,-867790906.1371057,6974920860812.035
luh_to_matr,luh,matr,elastic_net,100,residual_mean,15,925406316.5762198,10087626.847952655,199.9904057446485,-7044949694367.561,87829962390.06883,72602157.2787275,14581555.009943416,168.42572015951882,-68110789248.32599,20806404695.581573,1.0,-920788989.6801851,-852804159.2974923,6976838905119.234
luh_to_matr,luh,matr,elastic_net,100,residual_mean,20,925406316.5762198,10087626.847952655,199.9904057446485,-7044949694367.561,87829962390.06883,58182884.63223086,6692549.169149545,178.94820999083663,-42342022690.73329,8514963830.058503,1.0,-936401420.2372911,-867223431.9439889,7002607671676.827
luh_to_matr,luh,matr,elastic_net,100,linear,5,925406316.5762198,10087626.847952655,199.9904057446485,-7044949694367.561,87829962390.06883,324.2361685810529,10.332237866196758,47.722915970593284,-0.4151933492545319,0.061947888492977825,0.6000001537554684,-599999338.9333782,-925405992.3400512,7044949694367.1455
luh_to_matr,luh,matr,elastic_net,100,linear,10,925406316.5762198,10087626.847952655,199.9904057446485,-7044949694367.561,87829962390.06883,291.3586543212556,4.268847290286519,38.422000284569535,-0.15670461806781716,0.0370179117957101,4.602639898925829e-07,319.7750229707225,-925406025.2175654,7044949694367.404
luh_to_matr,luh,matr,elastic_net,100,linear,15,925406316.5762198,10087626.847952655,199.9904057446485,-7044949694367.561,87829962390.06883,285.5982106282551,3.864253832078564,37.57644817105524,-0.1245542076730457,0.02696577734501405,3.624644750884719e-07,416.5645596835624,-925406030.9780092,7044949694367.436
luh_to_matr,luh,matr,elastic_net,100,linear,20,925406316.5762198,10087626.847952655,199.9904057446485,-7044949694367.561,87829962390.06883,286.312339003849,3.8882543133554712,37.16638207310574,-0.1336562977076214,0.043705461213019624,2.411396037629621e-07,549.1049386660985,-925406030.2638808,7044949694367.427
luh_to_matr,luh,matr,pls,100,residual_mean,5,929967041.6924797,21098306.20838572,199.89486194735304,-7081881016180.763,180862349053.26147,73065381.42730063,15859442.955282869,114.81529091392613,-124048556081.86206,70809008953.43654,1.0,-920669417.3581398,-856901660.2651792,6957832460098.9
luh_to_matr,luh,matr,pls,100,residual_mean,10,929967041.6924797,21098306.20838572,199.89486194735304,-7081881016180.763,180862349053.26147,51782452.572505176,30565332.243799243,119.55780795490777,-63134342181.37355,44081250854.46231,1.0,-943246865.676614,-878184589.1199746,7018746673999.389
luh_to_matr,luh,matr,pls,100,residual_mean,15,929967041.6924797,21098306.20838572,199.89486194735304,-7081881016180.763,180862349053.26147,67628689.78508665,21250156.96700964,166.6719536199069,-62705377562.397446,32322877979.579506,1.0,-926244667.5166047,-862338351.9073931,7019175638618.365
luh_to_matr,luh,matr,pls,100,residual_mean,20,929967041.6924797,21098306.20838572,199.89486194735304,-7081881016180.763,180862349053.26147,53813354.12215533,13242570.612226015,173.94061510188695,-39782393799.51253,13750566617.184555,1.0,-941236110.2615545,-876153687.5703244,7042098622381.25
luh_to_matr,luh,matr,pls,100,linear,5,929967041.6924797,21098306.20838572,199.89486194735304,-7081881016180.763,180862349053.26147,324.3053366923903,11.75284897627675,46.90123638145616,-0.41421221318576495,0.0731707359775546,0.6000001056677373,-599999290.3212515,-929966717.387143,7081881016180.349
luh_to_matr,luh,matr,pls,100,linear,10,929967041.6924797,21098306.20838572,199.89486194735304,-7081881016180.763,180862349053.26147,289.4018092535239,3.4607061338891527,37.55894404492059,-0.14920280371047903,0.029281919319697296,2.9819490249246405e-07,477.79173966090167,-929966752.2906705,7081881016180.613
luh_to_matr,luh,matr,pls,100,linear,15,929967041.6924797,21098306.20838572,199.89486194735304,-7081881016180.763,180862349053.26147,284.50238546513714,3.32541609373486,36.95221389653235,-0.12338561435641146,0.029402754406793446,2.5685260200993256e-07,518.7923215204323,-929966757.1900942,7081881016180.64
luh_to_matr,luh,matr,pls,100,linear,20,929967041.6924797,21098306.20838572,199.89486194735304,-7081881016180.763,180862349053.26147,285.369895192392,2.847456587334693,36.90688157629752,-0.12736899626447135,0.034751687753689295,2.3427940871615627e-07,552.189631990577,-929966756.3225845,7081881016180.636
luh_to_matr,luh,matr,random_forest,100,residual_mean,5,513.3151297585587,45.42711150032446,55.86155124461139,-1.4785021854406675,0.3847102472645272,306.8327645584497,13.969878170066915,39.96718137118942,-0.29441447430993106,0.1376765707026957,1.0,-445.37849345571647,-206.48236520010897,1.1840877111307364
luh_to_matr,luh,matr,random_forest,100,residual_mean,10,513.3151297585587,45.42711150032446,55.86155124461139,-1.4785021854406675,0.3847102472645272,286.97126964371876,7.132378770965932,37.84924289460251,-0.13282668636028486,0.054364238763658916,1.0,-434.10115532748677,-226.3438601148399,1.3456754990803825
luh_to_matr,luh,matr,random_forest,100,residual_mean,15,513.3151297585587,45.42711150032446,55.86155124461139,-1.4785021854406675,0.3847102472645272,282.929213398407,4.579016992725163,37.42687664474587,-0.10560072788013586,0.028679331346644205,1.0,-441.18728111483495,-230.38591636015167,1.3729014575605316
luh_to_matr,luh,matr,random_forest,100,residual_mean,20,513.3151297585587,45.42711150032446,55.86155124461139,-1.4785021854406675,0.3847102472645272,279.597800902401,4.158916596989993,36.99163312530116,-0.08194656315605103,0.026885961214100737,1.0,-437.7508716046171,-233.71732885615768,1.3965556222846165
luh_to_matr,luh,matr,random_forest,100,linear,5,513.3151297585587,45.42711150032446,55.86155124461139,-1.4785021854406675,0.3847102472645272,421.714651065368,49.5748025718904,46.5924166730857,-5.259103125127973,2.959696384037046,-0.907998118125106,1878.234354207528,-91.60047869319067,-3.780600939687306
luh_to_matr,luh,matr,random_forest,100,linear,10,513.3151297585587,45.42711150032446,55.86155124461139,-1.4785021854406675,0.3847102472645272,325.823352101151,14.408051482668702,40.047520269626546,-1.4375913874142008,0.8051032550528475,-0.18375738959426235,980.8792118238787,-187.49177765740768,0.04091079802646669
luh_to_matr,luh,matr,random_forest,100,linear,15,513.3151297585587,45.42711150032446,55.86155124461139,-1.4785021854406675,0.3847102472645272,311.58049831345704,13.807124469865187,38.405317059562734,-0.9043825588424493,0.562811334531947,-0.48992028238156066,1328.6362628197253,-201.73463144510163,0.5741196265982181
luh_to_matr,luh,matr,random_forest,100,linear,20,513.3151297585587,45.42711150032446,55.86155124461139,-1.4785021854406675,0.3847102472645272,291.60941420618065,3.037767138431439,37.43431206863918,-0.24788165540898027,0.044745485121516576,0.2161439112415376,505.68993448169067,-221.70571555237802,1.2306205300316873
luh_to_matr,luh,matr,xgboost,100,residual_mean,5,462.6843850129849,102.01481642777343,51.39637379217286,-1.1774285034688456,0.7677046760922922,310.1622039586344,28.530023991999435,40.32541352734242,-0.274304645171827,0.23883758642610442,1.0,-364.6817562783961,-152.52218105435048,0.9031238582970187
luh_to_matr,luh,matr,xgboost,100,residual_mean,10,462.6843850129849,102.01481642777343,51.39637379217286,-1.1774285034688456,0.7677046760922922,291.6138508175168,18.31320204436965,38.156808803460756,-0.12121194113626133,0.13085655312076458,1.0,-359.43121304026965,-171.0705341954681,1.0562165623325843
luh_to_matr,luh,matr,xgboost,100,residual_mean,15,462.6843850129849,102.01481642777343,51.39637379217286,-1.1774285034688456,0.7677046760922922,288.779381020442,18.277922021417616,37.8504218063032,-0.10016984176884378,0.11518275379112679,1.0,-364.7754187117778,-173.9050039925429,1.077258661700002
luh_to_matr,luh,matr,xgboost,100,residual_mean,20,462.6843850129849,102.01481642777343,51.39637379217286,-1.1774285034688456,0.7677046760922922,284.13323490435613,19.693428924175123,37.220036939842714,-0.0681376287514802,0.11004317062719059,1.0,-363.77091657187697,-178.55115010862875,1.1092908747173655
luh_to_matr,luh,matr,xgboost,100,linear,5,462.6843850129849,102.01481642777343,51.39637379217286,-1.1774285034688456,0.7677046760922922,548.0766084630052,268.4082305993331,44.16319689807534,-101.42325709699772,185.66325526935486,-6.465509609698853,7164.790993537741,85.39222345002031,-100.24582859352887
luh_to_matr,luh,matr,xgboost,100,linear,10,462.6843850129849,102.01481642777343,51.39637379217286,-1.1774285034688456,0.7677046760922922,320.71645470547486,25.833734527059608,38.61529429671414,-1.3127566060586096,1.1032563054817035,-0.5152262294424016,1373.736249483018,-141.96793030751002,-0.1353281025897639
luh_to_matr,luh,matr,xgboost,100,linear,15,462.6843850129849,102.01481642777343,51.39637379217286,-1.1774285034688456,0.7677046760922922,303.2193176193733,10.775962197731813,37.26588826120609,-0.6474841322823233,0.40824624273034177,-0.4818915927472281,1344.3665924798304,-159.46506739361155,0.5299443711865224
luh_to_matr,luh,matr,xgboost,100,linear,20,462.6843850129849,102.01481642777343,51.39637379217286,-1.1774285034688456,0.7677046760922922,286.6152289168957,7.562690142506527,36.647618554288854,-0.2046042242867097,0.13415040811276804,0.08529962677481696,694.8344712448568,-176.06915609608916,0.972824279182136
luh_to_matr,luh,matr,catboost,100,residual_mean,5,358.9820049707753,85.56523700971667,42.87770172078885,-0.46686848841091083,0.4872491894193144,300.95405483599194,13.303078902636758,38.57772912276385,-0.27058574581537104,0.12506777217392312,1.0,-202.44285210605358,-58.02795013478334,0.1962827425955398
luh_to_matr,luh,matr,catboost,100,residual_mean,10,358.9820049707753,85.56523700971667,42.87770172078885,-0.46686848841091083,0.4872491894193144,283.18400139657723,12.550546902391552,36.61591683596173,-0.13661694219230192,0.11394089835460873,1.0,-196.18652559516406,-75.79800357419805,0.3302515462186089
luh_to_matr,luh,matr,catboost,100,residual_mean,15,358.9820049707753,85.56523700971667,42.87770172078885,-0.46686848841091083,0.4872491894193144,279.66824170353186,11.190709197300926,36.14568751077758,-0.10603769367417164,0.09176823049185535,1.0,-198.14319505798,-79.31376326724342,0.3608307947367392
luh_to_matr,luh,matr,catboost,100,residual_mean,20,358.9820049707753,85.56523700971667,42.87770172078885,-0.46686848841091083,0.4872491894193144,274.93432978956037,6.741060424015164,35.497793807100535,-0.07688857234324785,0.07912498170554852,1.0,-195.5003734414729,-84.04767518121491,0.38997991606766297
luh_to_matr,luh,matr,catboost,100,linear,5,358.9820049707753,85.56523700971667,42.87770172078885,-0.46686848841091083,0.4872491894193144,358.1428157200001,17.937338918382178,46.48603285121733,-0.906143700088714,0.20444775623407113,0.4629379094633914,354.5247123919982,-0.8391892507751777,-0.4392752116778032
luh_to_matr,luh,matr,catboost,100,linear,10,358.9820049707753,85.56523700971667,42.87770172078885,-0.46686848841091083,0.4872491894193144,300.8676448762491,4.135652836440721,38.89565050996835,-0.26029833772316857,0.0499314417885505,0.5217513512338723,278.9166366794517,-58.114360094526205,0.20657015068774226
luh_to_matr,luh,matr,catboost,100,linear,15,358.9820049707753,85.56523700971667,42.87770172078885,-0.46686848841091083,0.4872491894193144,291.4061921600788,7.020720633562433,37.57695399968852,-0.1842579336278778,0.04933827746407882,0.4142898996102443,391.02834856712315,-67.5758128106965,0.28261055478303304
luh_to_matr,luh,matr,catboost,100,linear,20,358.9820049707753,85.56523700971667,42.87770172078885,-0.46686848841091083,0.4872491894193144,286.9102618619769,4.85839740181357,37.04277795931288,-0.14419915168421,0.03256937847553287,0.5148564481061318,300.54899910717165,-72.07174310879839,0.32266933672670084
luh_to_matr,luh,matr,gaussian_process,100,residual_mean,5,389.0667021914775,4.334723195517701,56.48369371576043,-1.075523000424735,0.02751464820413777,307.876521874209,9.905663411643332,39.32879275566099,-0.256083571411259,0.10379662561417502,1.0,360.20440504191333,-81.19018031726847,0.8194394290134759
luh_to_matr,luh,matr,gaussian_process,100,residual_mean,10,389.0667021914775,4.334723195517701,56.48369371576043,-1.075523000424735,0.02751464820413777,290.2055462053774,3.3555193269472605,37.35777986130464,-0.1041370428135282,0.02964764866594254,1.0,376.35942280944585,-98.86115598610007,0.9713859576112067
luh_to_matr,luh,matr,gaussian_process,100,residual_mean,15,389.0667021914775,4.334723195517701,56.48369371576043,-1.075523000424735,0.02751464820413777,285.6000132649926,0.9593080152338949,36.8428994270897,-0.07508481137798406,0.009208933584931859,1.0,364.6717492388188,-103.46668892648489,1.0004381890467509
luh_to_matr,luh,matr,gaussian_process,100,residual_mean,20,389.0667021914775,4.334723195517701,56.48369371576043,-1.075523000424735,0.02751464820413777,282.3090579914678,2.0205290045628916,36.44867209000123,-0.051352206717179785,0.010237177625913682,1.0,367.53091583342473,-106.75764420000968,1.024170793707555
luh_to_matr,luh,matr,gaussian_process,100,linear,5,389.0667021914775,4.334723195517701,56.48369371576043,-1.075523000424735,0.02751464820413777,4205.20206566687,5567.824227294761,41.337044742819,-452120.78761760955,875494.0447936398,602859595403.7087,-235331034479099.5,3816.1353634753928,-452119.7120946091
luh_to_matr,luh,matr,gaussian_process,100,linear,10,389.0667021914775,4.334723195517701,56.48369371576043,-1.075523000424735,0.02751464820413777,1816.0612973083812,2553.2958879497346,39.63428001704553,-78552.51459435672,153624.85131751164,-1132169877208.3423,461023990061897.0,1426.9945951169038,-78551.43907135629
luh_to_matr,luh,matr,gaussian_process,100,linear,15,389.0667021914775,4.334723195517701,56.48369371576043,-1.075523000424735,0.02751464820413777,304074.05972676876,602045.1329741979,39.45997777935728,-2014176942.8469002,4028054517.074409,-886270644689.8594,358886652087902.06,303684.99302457727,-2014176941.7713773
luh_to_matr,luh,matr,gaussian_process,100,linear,20,389.0667021914775,4.334723195517701,56.48369371576043,-1.075523000424735,0.02751464820413777,3444.7003431071944,4702.025055469346,39.09173312810891,-99367.7686633781,185843.25791870203,-316450811523.81995,126574451410791.3,3055.633640915717,-99366.69314037767
luh_to_matr,luh,matr,stacking,100,residual_mean,5,334.3813501258693,45.44996188185781,41.150659796298044,-0.27515554151299637,0.2103371583365826,302.92022678664813,17.402820595137904,38.91132674387667,-0.2651151174918887,0.1594783999687207,1.0,-177.8731846793928,-31.46112333922116,0.010040424021107663
luh_to_matr,luh,matr,stacking,100,residual_mean,10,334.3813501258693,45.44996188185781,41.150659796298044,-0.27515554151299637,0.2103371583365826,283.63923847696685,8.819896166351198,36.77985047503603,-0.10871725403518658,0.07073061651461787,1.0,-167.36675516389613,-50.74211164890244,0.1664382874778098
luh_to_matr,luh,matr,stacking,100,residual_mean,15,334.3813501258693,45.44996188185781,41.150659796298044,-0.27515554151299637,0.2103371583365826,279.3614781856892,7.058150179507744,36.25086432816439,-0.08254148248700856,0.045960693889502545,1.0,-175.47055696261103,-55.01987194018011,0.19261405902598783
luh_to_matr,luh,matr,stacking,100,residual_mean,20,334.3813501258693,45.44996188185781,41.150659796298044,-0.27515554151299637,0.2103371583365826,275.7363665530178,7.539944378017163,35.81128059975207,-0.05810287340682668,0.04315399927825263,1.0,-172.01987246088083,-58.644983572851515,0.2170526681061697
luh_to_matr,luh,matr,stacking,100,linear,5,334.3813501258693,45.44996188185781,41.150659796298044,-0.27515554151299637,0.2103371583365826,371.3446528400826,28.669814597143173,47.164955666071805,-2.1291724505680354,1.293008094616559,-0.8470008021348734,1602.9051249986653,36.963302714213285,-1.854016909055039
luh_to_matr,luh,matr,stacking,100,linear,10,334.3813501258693,45.44996188185781,41.150659796298044,-0.27515554151299637,0.2103371583365826,311.5312059609156,14.925310520417616,39.669110916097644,-0.5767338473244921,0.4096848279504165,-0.1015652138774497,874.9627433169875,-22.85014416495369,-0.3015783058114957
luh_to_matr,luh,matr,stacking,100,linear,15,334.3813501258693,45.44996188185781,41.150659796298044,-0.27515554151299637,0.2103371583365826,298.7265526287524,10.197245882904072,38.28489014650862,-0.35371320323949484,0.17959597854599216,0.04428995944759131,740.8333770464967,-35.654797497116874,-0.07855766172649847
luh_to_matr,luh,matr,stacking,100,linear,20,334.3813501258693,45.44996188185781,41.150659796298044,-0.27515554151299637,0.2103371583365826,288.2967243608108,3.041413838931457,37.080325192965056,-0.17101914140200308,0.03503073713040477,0.23127901101316767,567.1410807739334,-46.08462576505849,0.10413640011099329
luh_to_hust,luh,hust,elastic_net,100,residual_mean,5,998007836.1353428,3981348.612429905,199.99940135163396,-13276786456691.277,65367618870.28594,1533064.8818688523,3065628.424156896,19.165773570381283,-3284709770.551261,6569419540.589695,1.0,-998465711.2902138,-996474771.253474,13273501746920.727
luh_to_hust,luh,hust,elastic_net,100,residual_mean,10,998007836.1353428,3981348.612429905,199.99940135163396,-13276786456691.277,65367618870.28594,1533048.5769646207,3065624.139116024,20.18872801988002,-1755706199.308889,3511412398.4038005,1.0,-998465683.1472142,-996474787.5583782,13275030750491.969
luh_to_hust,luh,hust,elastic_net,100,residual_mean,15,998007836.1353428,3981348.612429905,199.99940135163396,-13276786456691.277,65367618870.28594,1022110.6648032492,2043749.9180222203,20.197534055617787,-722471625.39891,1444943250.6070101,1.0,-998976632.2408092,-996985725.4705396,13276063985065.879
luh_to_hust,luh,hust,elastic_net,100,residual_mean,20,998007836.1353428,3981348.612429905,199.99940135163396,-13276786456691.277,65367618870.28594,2299441.867844944,4598418.82167717,27.28574462543056,-1317161625.5907867,2634323251.0452895,1.0,-997699281.314821,-995708394.2674979,13275469295065.688
luh_to_hust,luh,hust,elastic_net,100,linear,5,998007836.1353428,3981348.612429905,199.99940135163396,-13276786456691.277,65367618870.28594,245.18674999905957,5.056114489133215,17.050822409855293,-0.20269633854629782,0.057435998620377564,0.9900000094857893,-989998529.2557886,-998007590.9485928,13276786456691.074
luh_to_hust,luh,hust,elastic_net,100,linear,10,998007836.1353428,3981348.612429905,199.99940135163396,-13276786456691.277,65367618870.28594,236.1710430446886,3.5229850044775803,16.092864849855204,-0.10596517762761222,0.02743214378869124,7.606953161604936e-07,741.5814616172852,-998007599.9642998,13276786456691.172
luh_to_hust,luh,hust,elastic_net,100,linear,15,998007836.1353428,3981348.612429905,199.99940135163396,-13276786456691.277,65367618870.28594,233.10516165731087,4.0377442873445455,15.876342110180328,-0.06375366786679475,0.043260896940372405,7.463160881227811e-07,741.8681975915051,-998007603.0301812,13276786456691.213
luh_to_hust,luh,hust,elastic_net,100,linear,20,998007836.1353428,3981348.612429905,199.99940135163396,-13276786456691.277,65367618870.28594,231.8751112651351,4.427893157152829,15.795829868896826,-0.05295983199080325,0.04234603177495476,7.477253247243896e-07,738.1783331703482,-998007604.2602316,13276786456691.225
luh_to_hust,luh,hust,pls,100,residual_mean,5,999998510.4415576,0.0,199.9994041775409,-13309470266126.422,0.0,248.96108333173729,5.209567287861752,16.952386367545746,-0.23270468533848834,0.05880216450002449,1.0,-999998530.5059993,-999998261.4804744,13309470266126.19
luh_to_hust,luh,hust,pls,100,residual_mean,10,999998510.4415576,0.0,199.9994041775409,-13309470266126.422,0.0,236.72317910278016,1.2345701338627602,16.140925944990883,-0.11115918356846324,0.014521090719034355,1.0,-999998502.3629996,-999998273.7183785,13309470266126.31
luh_to_hust,luh,hust,pls,100,residual_mean,15,999998510.4415576,0.0,199.9994041775409,-13309470266126.422,0.0,236.1183333374608,2.8032743240002342,16.098536263808484,-0.093508091899607,0.03353813747735906,1.0,-999998511.7179997,-999998274.3232243,13309470266126.328
luh_to_hust,luh,hust,pls,100,residual_mean,20,999998510.4415576,0.0,199.9994041775409,-13309470266126.422,0.0,232.8104298271631,2.144348339767369,15.879398399261564,-0.07690414535227338,0.02126059579438113,1.0,-999998510.1384995,-999998277.6311278,13309470266126.346
luh_to_hust,luh,hust,pls,100,linear,5,999998510.4415576,0.0,199.9994041775409,-13309470266126.422,0.0,244.76305555456216,4.356827011454002,16.67542827715683,-0.19389166977896338,0.043032475185595116,1.0,-999998521.2239993,-999998265.6785021,13309470266126.229
luh_to_hust,luh,hust,pls,100,linear,10,999998510.4415576,0.0,199.9994041775409,-13309470266126.422,0.0,237.1316865671642,1.8098965345580795,16.177224033930333,-0.11639488592161584,0.016959449395806354,7.489995000000008e-07,748.9995000000004,-999998273.3098711,13309470266126.305
luh_to_hust,luh,hust,pls,100,linear,15,999998510.4415576,0.0,199.9994041775409,-13309470266126.422,0.0,234.84720430107527,1.1872936236195935,16.017001470310227,-0.08187908593842479,0.024613599299877234,7.436566666666671e-07,743.6566666666668,-999998275.5943533,13309470266126.34
luh_to_hust,luh,hust,pls,100,linear,20,999998510.4415576,0.0,199.9994041775409,-13309470266126.422,0.0,233.5621929824561,2.582439884668291,15.932534675743332,-0.06977462795177938,0.0176160868401865,7.422885000000009e-07,742.2885000000002,-999998276.8793646,13309470266126.352
luh_to_hust,luh,hust,random_forest,100,residual_mean,5,300.38341265024417,26.79640141926654,20.997290546239753,-0.7633991911495897,0.31494320857691427,252.89046285166668,11.15320863747906,17.227070082995574,-0.2713086910304727,0.1135881179417661,1.0,209.8109822006767,-47.492949798577484,0.4920905001191169
luh_to_hust,luh,hust,random_forest,100,residual_mean,10,300.38341265024417,26.79640141926654,20.997290546239753,-0.7633991911495897,0.31494320857691427,240.14595351217554,6.306512677463268,16.359101020858684,-0.14050435319637097,0.06894647371201512,1.0,238.74730616658263,-60.23745913806863,0.6228948379532186
luh_to_hust,luh,hust,random_forest,100,residual_mean,15,300.38341265024417,26.79640141926654,20.997290546239753,-0.7633991911495897,0.31494320857691427,240.1669822230471,7.356061820250207,16.375180221404086,-0.12066679370033873,0.079802108934388,1.0,227.24887324754764,-60.216430427197054,0.6427323974492509
luh_to_hust,luh,hust,random_forest,100,residual_mean,20,300.38341265024417,26.79640141926654,20.997290546239753,-0.7633991911495897,0.31494320857691427,237.20054820711258,6.706119255163067,16.170389902901263,-0.10620042133231147,0.07039502050757564,1.0,229.13172939276797,-63.18286444313159,0.6571987698172782
luh_to_hust,luh,hust,random_forest,100,linear,5,300.38341265024417,26.79640141926654,20.997290546239753,-0.7633991911495897,0.31494320857691427,284.27803392739236,19.050022617213145,19.67474669558996,-0.7555418514468302,0.34875916753332864,-0.4425935718550857,2013.8942168431045,-16.10537872285181,0.00785733970275948
luh_to_hust,luh,hust,random_forest,100,linear,10,300.38341265024417,26.79640141926654,20.997290546239753,-0.7633991911495897,0.31494320857691427,246.7459641203352,6.38300981334412,16.786378277515485,-0.2422320661164389,0.057262198283639536,0.3282220670895148,1086.9675202237681,-53.637448529908966,0.5211671250331508
luh_to_hust,luh,hust,random_forest,100,linear,15,300.38341265024417,26.79640141926654,20.997290546239753,-0.7633991911495897,0.31494320857691427,240.66087209384264,3.8324399311026847,16.38695655286694,-0.15654301023618264,0.053013864557318824,0.15551474282935057,1297.4591377070042,-59.722540556401526,0.606856180913407
luh_to_hust,luh,hust,random_forest,100,linear,20,300.38341265024417,26.79640141926654,20.997290546239753,-0.7633991911495897,0.31494320857691427,237.20003383555587,3.1350280651706965,16.165275192191622,-0.11218471147381995,0.0333671783739775,0.11823206463672382,1342.3428373875865,-63.1833788146883,0.6512144796757697
luh_to_hust,luh,hust,xgboost,100,residual_mean,5,339.3430057241574,88.01417041486295,24.726299327436315,-1.2517383746782467,1.0959332983892647,264.62707928879706,24.36562781534097,18.00475509096148,-0.41662582881905913,0.2277384330192674,1.0,252.03696040792215,-74.71592643536036,0.8351125458591875
luh_to_hust,luh,hust,xgboost,100,residual_mean,10,339.3430057241574,88.01417041486295,24.726299327436315,-1.2517383746782467,1.0959332983892647,247.53392457724084,19.594874732686446,16.83155321534618,-0.24314287173645988,0.16996125839521534,1.0,273.1199835083866,-91.80908114691658,1.0085955029417868
luh_to_hust,luh,hust,xgboost,100,residual_mean,15,339.3430057241574,88.01417041486295,24.726299327436315,-1.2517383746782467,1.0959332983892647,248.52230172194413,21.253843932649726,16.90196845221778,-0.23876555374853997,0.19877524359776558,1.0,262.74177639301666,-90.82070400221329,1.0129728209297066
luh_to_hust,luh,hust,xgboost,100,residual_mean,20,339.3430057241574,88.01417041486295,24.726299327436315,-1.2517383746782467,1.0959332983892647,246.09190256294565,19.37485311790394,16.74558971831508,-0.2216039560977693,0.16186643178991944,1.0,262.5312314272418,-93.25110316121177,1.0301344185804773
luh_to_hust,luh,hust,xgboost,100,linear,5,339.3430057241574,88.01417041486295,24.726299327436315,-1.2517383746782467,1.0959332983892647,315.94096391414604,30.571965525397758,22.433904475298117,-3.2398137638847997,4.366490205565923,-0.23167368569331828,1763.7655075560056,-23.402041810011383,-1.988075389206553
luh_to_hust,luh,hust,xgboost,100,linear,10,339.3430057241574,88.01417041486295,24.726299327436315,-1.2517383746782467,1.0959332983892647,273.0261003831254,50.1132192277049,17.57804471130217,-4.488170152242805,8.451852387175444,-0.5050197378541992,2204.133576802701,-66.316905341032,-3.2364317775645586
luh_to_hust,luh,hust,xgboost,100,linear,15,339.3430057241574,88.01417041486295,24.726299327436315,-1.2517383746782467,1.0959332983892647,238.85090552335714,5.954078440517195,16.32423518105527,-0.15724200964014265,0.060475390232130805,-0.004905954232185522,1491.440484755424,-100.49210020080028,1.094496365038104
luh_to_hust,luh,hust,xgboost,100,linear,20,339.3430057241574,88.01417041486295,24.726299327436315,-1.2517383746782467,1.0959332983892647,234.31749080116293,11.309858172542654,15.948943605918009,-0.09826964926279928,0.08022785437883696,-0.12722098519558886,1652.2092583509361,-105.02551492299449,1.1534687254154474
luh_to_hust,luh,hust,catboost,100,residual_mean,5,505.7492109422985,137.25703097368356,40.12099966664832,-3.6547889198100107,2.13908548685216,293.4222548210263,36.56801849979548,20.071183836500495,-0.7049700845361787,0.4318660239085102,1.0,450.6600776976076,-212.3269561212722,2.949818835273832
luh_to_hust,luh,hust,catboost,100,residual_mean,10,505.7492109422985,137.25703097368356,40.12099966664832,-3.6547889198100107,2.13908548685216,279.8806279154918,31.147591567211467,18.974097555102393,-0.5550630024625256,0.3901486785295111,1.0,481.7107928515978,-225.86858302680668,3.0997259173474854
luh_to_hust,luh,hust,catboost,100,residual_mean,15,505.7492109422985,137.25703097368356,40.12099966664832,-3.6547889198100107,2.13908548685216,281.1353807765066,34.76081801915823,19.210499590281664,-0.5187187479376993,0.36740347049609695,1.0,463.4738281455635,-224.61383016579185,3.136070171872311
luh_to_hust,luh,hust,catboost,100,residual_mean,20,505.7492109422985,137.25703097368356,40.12099966664832,-3.6547889198100107,2.13908548685216,277.76463560349123,33.37238153361142,18.913772223959842,-0.507709821709635,0.36554395344583307,1.0,465.1907198864963,-227.98457533880725,3.1470790981003756
luh_to_hust,luh,hust,catboost,100,linear,5,505.7492109422985,137.25703097368356,40.12099966664832,-3.6547889198100107,2.13908548685216,289.9603247952562,17.777307818982518,20.12347018125231,-0.8326877109061019,0.3017419203709895,-0.6242610477977569,2050.7835336359726,-215.78888614704226,2.822101208903909
luh_to_hust,luh,hust,catboost,100,linear,10,505.7492109422985,137.25703097368356,40.12099966664832,-3.6547889198100107,2.13908548685216,246.42917698574988,5.994607843027074,16.784676996487285,-0.22531667943971848,0.0420295805718436,-0.21044445932701178,1676.6381507927367,-259.3200339565486,3.429472240370292
luh_to_hust,luh,hust,catboost,100,linear,15,505.7492109422985,137.25703097368356,40.12099966664832,-3.6547889198100107,2.13908548685216,238.43062660443488,4.3396763606695385,16.26894178195412,-0.13775618533821646,0.03827452576323041,-0.30073898929216336,1749.9063148193472,-267.3185843378636,3.5170327344717944
luh_to_hust,luh,hust,catboost,100,linear,20,505.7492109422985,137.25703097368356,40.12099966664832,-3.6547889198100107,2.13908548685216,236.84264874674096,3.2496321066650893,16.157170212649348,-0.11359097157920486,0.03759299114380741,-0.4369545936480918,1890.789631510245,-268.9065621955575,3.541197948230806
luh_to_hust,luh,hust,gaussian_process,100,residual_mean,5,1086.4268650749036,4.779305121755787,112.90433722997155,-15.709829120135328,0.13832095840732983,248.9610833333333,5.209567287455885,16.952386367735,-0.23270468535266012,0.05880216450424326,1.0,1066.362423516462,-837.4657817415703,15.477124434782668
luh_to_hust,luh,hust,gaussian_process,100,residual_mean,10,1086.4268650749036,4.779305121755787,112.90433722997155,-15.709829120135328,0.13832095840732983,236.72317910447765,1.2345701324330418,16.140925944960575,-0.11115918360755961,0.014521090727585577,1.0,1094.505423516462,-849.703685970426,15.598669936527768
luh_to_hust,luh,hust,gaussian_process,100,residual_mean,15,1086.4268650749036,4.779305121755787,112.90433722997155,-15.709829120135328,0.13832095840732983,236.1183333333334,2.803274339549564,16.098536263265753,-0.09350809190213764,0.033538137514116086,1.0,1085.1504235164623,-850.3085317415703,15.616321028233191
luh_to_hust,luh,hust,gaussian_process,100,residual_mean,20,1086.4268650749036,4.779305121755787,112.90433722997155,-15.709829120135328,0.13832095840732983,232.81042982456142,2.144348342167775,15.879398398998351,-0.07690414533949635,0.021260595794612404,1.0,1086.7299235164623,-853.6164352503422,15.632924974795833
luh_to_hust,luh,hust,gaussian_process,100,linear,5,1086.4268650749036,4.779305121755787,112.90433722997155,-15.709829120135328,0.13832095840732983,244.76305555555555,4.356827011133026,16.67542827722765,-0.19389166979176084,0.04303247518181042,1.0,1075.644423516462,-841.6638095193481,15.515937450343568
luh_to_hust,luh,hust,gaussian_process,100,linear,10,1086.4268650749036,4.779305121755787,112.90433722997155,-15.709829120135328,0.13832095840732983,237.13168656716417,1.809896534558065,16.177224033930333,-0.11639488592161576,0.01695944939580642,1.0,1094.8674235164622,-849.2951785077395,15.593434234213712
luh_to_hust,luh,hust,gaussian_process,100,linear,15,1086.4268650749036,4.779305121755787,112.90433722997155,-15.709829120135328,0.13832095840732983,234.84720430107527,1.1872936236195482,16.01700147031023,-0.08187908593842472,0.024613599299877068,1.0,1084.1817568497954,-851.5796607738283,15.627950034196903
luh_to_hust,luh,hust,gaussian_process,100,linear,20,1086.4268650749036,4.779305121755787,112.90433722997155,-15.709829120135328,0.13832095840732983,233.56219298245614,2.582439884668272,15.932534675743335,-0.06977462795177944,0.017616086840186486,1.0,1081.4454235164624,-852.8646720924474,15.640054492183548
luh_to_hust,luh,hust,stacking,100,residual_mean,5,517.3291798999282,87.23697776622139,40.64685484986394,-3.6939551470760996,1.3327478787807152,275.9530079537511,13.184248387934128,18.827074043000877,-0.5000017364360297,0.13506620680253106,1.0,485.9743849260124,-241.37617194617712,3.19395341064007
luh_to_hust,luh,hust,stacking,100,residual_mean,10,517.3291798999282,87.23697776622139,40.64685484986394,-3.6939551470760996,1.3327478787807152,260.70557874878375,9.131741118872208,17.758280638615055,-0.3379437633884096,0.06639886904238523,1.0,512.4861173952752,-256.6236011511445,3.35601138368769
luh_to_hust,luh,hust,stacking,100,residual_mean,15,517.3291798999282,87.23697776622139,40.64685484986394,-3.6939551470760996,1.3327478787807152,260.51058395580293,9.755565609116857,17.748560194477307,-0.3211306783368963,0.09612350636755643,1.0,501.06691817713556,-256.8185959441253,3.3728244687392035
luh_to_hust,luh,hust,stacking,100,residual_mean,20,517.3291798999282,87.23697776622139,40.64685484986394,-3.6939551470760996,1.3327478787807152,257.89662010492174,9.37004795159088,17.569796012196598,-0.3068535308896697,0.07679631653155426,1.0,501.1292139117069,-259.4325597950065,3.38710161618643
luh_to_hust,luh,hust,stacking,100,linear,5,517.3291798999282,87.23697776622139,40.64685484986394,-3.6939551470760996,1.3327478787807152,284.1555051505349,25.647816743827594,19.553776212449147,-0.7888038764824152,0.4710973739497023,-1.0106276343179736,2463.1562230347818,-233.17367474939334,2.9051512705936844
luh_to_hust,luh,hust,stacking,100,linear,10,517.3291798999282,87.23697776622139,40.64685484986394,-3.6939551470760996,1.3327478787807152,245.84904719246347,3.957551456682131,16.757544665073816,-0.22586984511991615,0.024550285284090007,-0.4078303065276006,1896.0729854114772,-271.4801327074648,3.4680853019561835
luh_to_hust,luh,hust,stacking,100,linear,15,517.3291798999282,87.23697776622139,40.64685484986394,-3.6939551470760996,1.3327478787807152,238.3235436283137,2.311062041489682,16.26307857230778,-0.1379175976833084,0.04240587757011303,-0.5003514385670169,1976.6044972340835,-279.00563627161455,3.556037549392791
luh_to_hust,luh,hust,stacking,100,linear,20,517.3291798999282,87.23697776622139,40.64685484986394,-3.6939551470760996,1.3327478787807152,238.17799933418115,3.0998558200714577,16.246076898412205,-0.12530208730637632,0.0371029991143476,-0.6959917243601217,2172.164181633975,-279.1511805657471,3.5686530597697232
luh_to_sandia,luh,sandia,elastic_net,100,residual_mean,5,190001126.6828162,20031774.21178283,157.82770239851516,-159104379814.57104,23781014822.79055,155991447.9383071,18307826.917465672,196.48054924789975,-109228060515.7376,15964455506.222937,1.0,-186944236.2917381,-34009678.7445091,49876319298.83345
luh_to_sandia,luh,sandia,elastic_net,100,residual_mean,10,190001126.6828162,20031774.21178283,157.82770239851516,-159104379814.57104,23781014822.79055,156510758.228371,21026515.94249021,198.1741916337205,-108714726721.10092,17800035839.756413,1.0,-185223575.69129807,-33490368.454445213,50389653093.47012
luh_to_sandia,luh,sandia,elastic_net,100,residual_mean,15,190001126.6828162,20031774.21178283,157.82770239851516,-159104379814.57104,23781014822.79055,155830063.17346263,20142916.014277477,198.33824715210778,-106454945340.99081,14186620529.61268,1.0,-189879974.93457657,-34171063.50935358,52649434473.58023
luh_to_sandia,luh,sandia,elastic_net,100,residual_mean,20,190001126.6828162,20031774.21178283,157.82770239851516,-159104379814.57104,23781014822.79055,154508698.70196605,12715441.755201621,198.3424975018178,-105543821069.79385,11527049084.262457,1.0,-191172147.93043596,-35492427.98085016,53560558744.77719
luh_to_sandia,luh,sandia,elastic_net,100,linear,5,190001126.6828162,20031774.21178283,157.82770239851516,-159104379814.57104,23781014822.79055,228948.04562267376,160286.83687823074,46.74850500856428,-4435725.171526913,5149788.255824417,0.0009088499558085308,249.94877190787446,-189772178.63719353,159099944089.3995
luh_to_sandia,luh,sandia,elastic_net,100,linear,10,190001126.6828162,20031774.21178283,157.82770239851516,-159104379814.57104,23781014822.79055,3475.2592375051054,6104.133161442164,38.67751193941729,-2773.674165442165,5535.290547669615,-9.900720244882292e-05,250.30056676902012,-189997651.4235787,159104377040.89688
luh_to_sandia,luh,sandia,elastic_net,100,linear,15,190001126.6828162,20031774.21178283,157.82770239851516,-159104379814.57104,23781014822.79055,208.31618347257873,58.00966000896469,34.848548688303595,0.8414881545865643,0.10736690176750176,-2.332333232997992e-05,251.06664282480378,-190000918.36663273,159104379815.41254
luh_to_sandia,luh,sandia,elastic_net,100,linear,20,190001126.6828162,20031774.21178283,157.82770239851516,-159104379814.57104,23781014822.79055,195.69125595785854,56.819892204358254,34.34303693123987,0.8527285478893033,0.1290856747814599,2.760031487371491e-06,254.50741269840404,-190000930.99156025,159104379815.42377
luh_to_sandia,luh,sandia,pls,100,residual_mean,5,181885761.3594746,22915956.795474198,146.54818208723003,-151307338058.44055,24724049727.881805,151010667.16210836,21207869.98606909,192.01328602092502,-106904634897.78299,17562027581.414787,1.0,-176632622.6725698,-30875094.197366238,44402703160.65756
luh_to_sandia,luh,sandia,pls,100,residual_mean,10,181885761.3594746,22915956.795474198,146.54818208723003,-151307338058.44055,24724049727.881805,148663394.51783842,21522817.582935896,198.02634287075702,-103373990704.02664,16853037622.261866,1.0,-181365784.0732091,-33222366.84163618,47933347354.41391
luh_to_sandia,luh,sandia,pls,100,residual_mean,15,181885761.3594746,22915956.795474198,146.54818208723003,-151307338058.44055,24724049727.881805,149057705.81571963,22148729.431681056,198.2477768155213,-102408189305.48636,14734153272.05518,1.0,-182768250.92455214,-32828055.543754965,48899148752.95419
luh_to_sandia,luh,sandia,pls,100,residual_mean,20,181885761.3594746,22915956.795474198,146.54818208723003,-151307338058.44055,24724049727.881805,148945124.53981337,13345543.527220344,198.34078543664958,-102823486972.26262,11077632776.078382,1.0,-182231643.6495582,-32940636.81966123,48483851086.17793
luh_to_sandia,luh,sandia,pls,100,linear,5,181885761.3594746,22915956.795474198,146.54818208723003,-151307338058.44055,24724049727.881805,1163545.7297740274,1277079.293029232,51.083797668940306,-88466141.76977488,125787410.70411772,0.005619272957976608,275.6102568335897,-180722215.62970057,151218871916.67078
luh_to_sandia,luh,sandia,pls,100,linear,10,181885761.3594746,22915956.795474198,146.54818208723003,-151307338058.44055,24724049727.881805,819.7277563666794,806.2435340309625,42.33551618568818,-67.0279144932771,122.18919057541508,-0.00017866639092245946,265.5971588889301,-181884941.63171822,151307337991.41263
luh_to_sandia,luh,sandia,pls,100,linear,15,181885761.3594746,22915956.795474198,146.54818208723003,-151307338058.44055,24724049727.881805,241.72109242792743,74.72000520270304,38.56050666216289,0.7791024245987723,0.14527981978807636,-6.506588723393559e-05,274.3717511425618,-181885519.63838217,151307338059.21967
luh_to_sandia,luh,sandia,pls,100,linear,20,181885761.3594746,22915956.795474198,146.54818208723003,-151307338058.44055,24724049727.881805,227.91669921167826,73.90276223345025,38.31483586736202,0.8026096922351126,0.15156671027408694,2.7531878057243553e-06,282.5831740173676,-181885533.4427754,151307338059.24316
luh_to_sandia,luh,sandia,random_forest,100,residual_mean,5,401.2453590933622,17.007280477846702,40.97669758640812,0.47532206355488,0.03370060355724587,583.7491661068707,30.80815671408991,79.89498441149895,0.4130343319679482,0.05493181158957919,1.0,260.9447006650248,182.5038070135085,-0.062287731586931794
luh_to_sandia,luh,sandia,random_forest,100,residual_mean,10,401.2453590933622,17.007280477846702,40.97669758640812,0.47532206355488,0.03370060355724587,565.8156835926399,20.698160936116196,78.22372012108114,0.47843828757336215,0.031357590915548544,1.0,282.4428966047466,164.57032449927766,0.003116224018482161
luh_to_sandia,luh,sandia,random_forest,100,residual_mean,15,401.2453590933622,17.007280477846702,40.97669758640812,0.47532206355488,0.03370060355724587,563.2771229003735,23.256176899669338,78.57353183156074,0.4589176639390158,0.05643949298256071,1.0,279.1548614926237,162.03176380701126,-0.016404399615864207
luh_to_sandia,luh,sandia,random_forest,100,residual_mean,20,401.2453590933622,17.007280477846702,40.97669758640812,0.47532206355488,0.03370060355724587,555.6107225797925,13.063703501226396,79.345970545436,0.4970789329871755,0.025268804294129938,1.0,276.8063210111933,154.36536348643034,0.02175686943229549
luh_to_sandia,luh,sandia,random_forest,100,linear,5,401.2453590933622,17.007280477846702,40.97669758640812,0.47532206355488,0.03370060355724587,360.37145720812214,26.168766402306257,75.064641182077,0.6185039302723603,0.10325378056096059,2.192571786563061,-392.8635532325247,-40.87390188524006,0.1431818667174803
luh_to_sandia,luh,sandia,random_forest,100,linear,10,401.2453590933622,17.007280477846702,40.97669758640812,0.47532206355488,0.03370060355724587,324.17407527782547,35.12144663163334,70.71009473675204,0.726186897407062,0.08945667351493201,2.3126106279756162,-409.58674350066764,-77.07128381553673,0.250864833852182
luh_to_sandia,luh,sandia,random_forest,100,linear,15,401.2453590933622,17.007280477846702,40.97669758640812,0.47532206355488,0.03370060355724587,299.0796636723736,11.28878083913489,71.1886447771025,0.7906023380342406,0.01812321911371634,2.5076901374231837,-463.72646246869283,-102.16569542098858,0.31528027447936063
luh_to_sandia,luh,sandia,random_forest,100,linear,20,401.2453590933622,17.007280477846702,40.97669758640812,0.47532206355488,0.03370060355724587,289.65335986954574,16.304872216202742,71.1199685202906,0.8073419648359238,0.0327788707344722,2.5626036928198586,-474.5218648701788,-111.59199922381646,0.3320199012810438
luh_to_sandia,luh,sandia,xgboost,100,residual_mean,5,414.4729557381428,25.330867620911185,46.94623146108249,0.49871923681433117,0.055394677815179885,581.7109658707601,34.03644068809291,82.46925014176634,0.42127529404293834,0.0581890022207159,1.0,215.7639596465818,167.23801013261732,-0.07744394277139283
luh_to_sandia,luh,sandia,xgboost,100,residual_mean,10,414.4729557381428,25.330867620911185,46.94623146108249,0.49871923681433117,0.055394677815179885,559.514443231629,31.15565762629989,78.02971584219083,0.4835185168404318,0.05804497661565968,1.0,236.47062731723526,145.04148749348622,-0.01520071997389938
luh_to_sandia,luh,sandia,xgboost,100,residual_mean,15,414.4729557381428,25.330867620911185,46.94623146108249,0.49871923681433117,0.055394677815179885,557.6395262762859,20.9841745018809,77.74353116943958,0.46981651102518673,0.03842748201734687,1.0,234.57205253019748,143.1665705381431,-0.028902725789144434
luh_to_sandia,luh,sandia,xgboost,100,residual_mean,20,414.4729557381428,25.330867620911185,46.94623146108249,0.49871923681433117,0.055394677815179885,548.9752776687513,31.446750466567718,78.05508162061219,0.5030243216800107,0.053236224596608574,1.0,233.513504901129,134.50232193060856,0.004305084865679487
luh_to_sandia,luh,sandia,xgboost,100,linear,5,414.4729557381428,25.330867620911185,46.94623146108249,0.49871923681433117,0.055394677815179885,401.89977658613265,28.757791506874128,82.9878039895104,0.5543091799094683,0.09514556735085655,2.0917239776332264,-439.6427719523755,-12.573179152010141,0.055589943095137095
luh_to_sandia,luh,sandia,xgboost,100,linear,10,414.4729557381428,25.330867620911185,46.94623146108249,0.49871923681433117,0.055394677815179885,354.90308960814247,52.95470635577206,79.58364378727462,0.696195226471059,0.11330715810709226,2.235940321442964,-470.3944786378355,-59.56986613000032,0.19747598965672786
luh_to_sandia,luh,sandia,xgboost,100,linear,15,414.4729557381428,25.330867620911185,46.94623146108249,0.49871923681433117,0.055394677815179885,330.2482353050328,30.556496946085385,80.0083796950481,0.7740946781006729,0.0394332147095664,2.409384797131345,-517.9469862071026,-84.22472043311001,0.2753754412863417
luh_to_sandia,luh,sandia,xgboost,100,linear,20,414.4729557381428,25.330867620911185,46.94623146108249,0.49871923681433117,0.055394677815179885,324.88798804839007,38.93481494424319,80.85091588929909,0.7863634012139211,0.05875553040267531,2.4539494445110615,-524.8163995753686,-89.58496768975272,0.28764416439958995
luh_to_sandia,luh,sandia,catboost,100,residual_mean,5,457.05643530370634,29.449216668342697,48.50008619306552,0.31734927732307855,0.09680949218325181,667.7931594950712,63.09431331190613,84.39308841070057,0.24049023539641343,0.13718279317956095,1.0,305.49812303979854,210.73672419136489,-0.07685904192666512
luh_to_sandia,luh,sandia,catboost,100,residual_mean,10,457.05643530370634,29.449216668342697,48.50008619306552,0.31734927732307855,0.09680949218325181,650.1883112260323,36.56328164125556,86.08921230972494,0.324085139316521,0.08375463638893846,1.0,314.96557716099295,193.13187592232595,0.006735861993442449
luh_to_sandia,luh,sandia,catboost,100,residual_mean,15,457.05643530370634,29.449216668342697,48.50008619306552,0.31734927732307855,0.09680949218325181,654.3826348868655,43.467334399088536,87.92565183310765,0.29690566666377904,0.11715889204626175,1.0,319.25454394555254,197.32619958315917,-0.020443610659299505
luh_to_sandia,luh,sandia,catboost,100,residual_mean,20,457.05643530370634,29.449216668342697,48.50008619306552,0.31734927732307855,0.09680949218325181,646.8993455528718,42.327826330275414,88.85140905482048,0.3479164352075065,0.07889682645472544,1.0,316.3596190589464,189.8429102491654,0.03056715788442793
luh_to_sandia,luh,sandia,catboost,100,linear,5,457.05643530370634,29.449216668342697,48.50008619306552,0.31734927732307855,0.09680949218325181,377.9466735906486,33.455635897327944,80.698996621519,0.6147329093904148,0.08761982374883764,3.33130928122564,-793.338620391127,-79.10976171305776,0.29738363206733626
luh_to_sandia,luh,sandia,catboost,100,linear,10,457.05643530370634,29.449216668342697,48.50008619306552,0.31734927732307855,0.09680949218325181,334.9022845139424,54.888212619256834,77.39443002693058,0.7391258937049436,0.08776717541984758,3.522824962747096,-828.0816357022668,-122.15415078976395,0.4217766163818651
luh_to_sandia,luh,sandia,catboost,100,linear,15,457.05643530370634,29.449216668342697,48.50008619306552,0.31734927732307855,0.09680949218325181,309.52111493566133,32.65720525842741,78.08598044755323,0.8082424520178032,0.026264275682682522,3.8122997725401873,-917.251206531578,-147.535320368045,0.49089317469472465
luh_to_sandia,luh,sandia,catboost,100,linear,20,457.05643530370634,29.449216668342697,48.50008619306552,0.31734927732307855,0.09680949218325181,300.05217082338095,41.95464333176876,77.28095462916096,0.8262005115078292,0.037674584557004794,3.8464980523248,-922.0919469129622,-157.0042644803254,0.5088512341847506
luh_to_sandia,luh,sandia,gaussian_process,100,residual_mean,5,625.4088106825964,2.3443431274453346,75.4684071953116,-0.11021509297802959,0.0030310080070132233,867.2050581218824,24.981071233770262,98.66206894426242,-0.2532977560013182,0.08192890604742223,1.0,345.32814194996405,241.79624743928605,-0.14308266302328862
luh_to_sandia,luh,sandia,gaussian_process,100,residual_mean,10,625.4088106825964,2.3443431274453346,75.4684071953116,-0.11021509297802959,0.0030310080070132233,852.9016408877787,18.78352059630571,103.58374823238587,-0.13118009498283945,0.018636791194387766,1.0,350.3178323448049,227.49283020518237,-0.020965002004809857
luh_to_sandia,luh,sandia,gaussian_process,100,residual_mean,15,625.4088106825964,2.3443431274453346,75.4684071953116,-0.11021509297802959,0.0030310080070132233,863.0127516913008,18.652938728668236,106.30413880084248,-0.178998779948471,0.1159992304786408,1.0,359.633061635567,237.6039410087044,-0.0687836869704414
luh_to_sandia,luh,sandia,gaussian_process,100,residual_mean,20,625.4088106825964,2.3443431274453346,75.4684071953116,-0.11021509297802959,0.0030310080070132233,858.169059643762,7.367846256352318,107.89491816161743,-0.09941805892353935,0.024744214252854103,1.0,360.35952606733747,232.76024896116564,0.010797034054490243
luh_to_sandia,luh,sandia,gaussian_process,100,linear,5,625.4088106825964,2.3443431274453346,75.4684071953116,-0.11021509297802959,0.0030310080070132233,1714849.5202398072,1786928.7203971136,115.54563038499278,-1331183207.3509212,1386596007.5210617,-108546610107.21771,43226035185025.625,1714224.1114291246,-1331183207.240706
luh_to_sandia,luh,sandia,gaussian_process,100,linear,10,625.4088106825964,2.3443431274453346,75.4684071953116,-0.11021509297802959,0.0030310080070132233,9505.156881905667,10953.47020467997,113.50704193821257,-28658.527535057947,44076.49779238811,-137584704.20963952,55835552788.80831,8879.74807122307,-28658.41731996497
luh_to_sandia,luh,sandia,gaussian_process,100,linear,15,625.4088106825964,2.3443431274453346,75.4684071953116,-0.11021509297802959,0.0030310080070132233,911.8358232511613,96.30937178555321,112.0157919505829,-1.1625490287508415,2.1272344991702443,-35396.87845559473,14096569.775630761,286.4270125685649,-1.0523339357728119
luh_to_sandia,luh,sandia,gaussian_process,100,linear,20,625.4088106825964,2.3443431274453346,75.4684071953116,-0.11021509297802959,0.0030310080070132233,889.8605424238003,31.648192729650084,112.03565649870882,-0.22147593973396767,0.1988479288226681,-255.7634406828332,104265.14878618871,264.45173174120396,-0.11126084675593809
luh_to_sandia,luh,sandia,stacking,100,residual_mean,5,454.27568964750463,24.82783724411175,47.45333812323361,0.3273887527843494,0.07459700904384914,664.1629884414091,51.998097703417216,84.88857066886324,0.24940321847558367,0.10823183873365294,1.0,297.4033707946778,209.88729879390445,-0.07798553430876576
luh_to_sandia,luh,sandia,stacking,100,residual_mean,10,454.27568964750463,24.82783724411175,47.45333812323361,0.3273887527843494,0.07459700904384914,646.5363120560838,32.6947051425426,85.67019449801397,0.33254231229963277,0.06562813435773962,1.0,312.6071571632084,192.2606224085792,0.005153559515283346
luh_to_sandia,luh,sandia,stacking,100,residual_mean,15,454.27568964750463,24.82783724411175,47.45333812323361,0.3273887527843494,0.07459700904384914,649.1184082708814,38.06830694359686,87.19023967685868,0.3058182538999743,0.10093928184405966,1.0,314.7962726797732,194.8427186233768,-0.021570498884375122
luh_to_sandia,luh,sandia,stacking,100,residual_mean,20,454.27568964750463,24.82783724411175,47.45333812323361,0.3273887527843494,0.07459700904384914,641.7682304139563,31.41011076216155,88.16341052088316,0.3556115960963004,0.05540831748848369,1.0,312.1388793459512,187.49254076645167,0.028222843311950963
luh_to_sandia,luh,sandia,stacking,100,linear,5,454.27568964750463,24.82783724411175,47.45333812323361,0.3273887527843494,0.07459700904384914,381.7012175838171,24.77575450628574,80.67452777244583,0.6003159460485568,0.10273347643202825,3.1301868646294824,-731.4092830875719,-72.57447206368755,0.27292719326420734
luh_to_sandia,luh,sandia,stacking,100,linear,10,454.27568964750463,24.82783724411175,47.45333812323361,0.3273887527843494,0.07459700904384914,344.37293331891925,47.34892737003816,76.58341599260231,0.7142180767772548,0.09708397519573653,3.2493596219643557,-740.5412911830517,-109.90275632858538,0.38682932399290537
luh_to_sandia,luh,sandia,stacking,100,linear,15,454.27568964750463,24.82783724411175,47.45333812323361,0.3273887527843494,0.07459700904384914,319.4453985258427,26.016463464849725,77.53657867258431,0.784212734467477,0.024768072111402053,3.5324490464290945,-824.5254699356801,-134.83029112166196,0.45682398168312754
luh_to_sandia,luh,sandia,stacking,100,linear,20,454.27568964750463,24.82783724411175,47.45333812323361,0.3273887527843494,0.07459700904384914,311.70616724382,33.8401222545235,76.47477818784348,0.7970950563013002,0.04404073726936723,3.585718386365136,-834.7368993178479,-142.56952240368463,0.46970630351695075
