scenario,source,target,calibration_domain,model,n_cycles,confidence_level,adapter_type,k_adapter,k_target,coverage_mean,coverage_std,coverage_gap_mean,coverage_gap_std,coverage_wilson95_lower_mean,coverage_wilson95_lower_std,coverage_wilson95_upper_mean,coverage_wilson95_upper_std,finite_interval_fraction_mean,finite_interval_fraction_std,mean_width_mean,mean_width_std,median_width_mean,median_width_std,winkler_mean_mean,winkler_mean_std,MAE_mean,MAE_median,MAE_std,SMAPE_mean,SMAPE_median,SMAPE_std,R2_mean,R2_median,R2_std,q_hat_mean,q_hat_std,finite_q_mean,adapter_slope_mean,adapter_slope_std,adapter_intercept_mean,adapter_intercept_std,coverage_short_mean,coverage_short_std,coverage_mid_mean,coverage_mid_std,coverage_long_mean,coverage_long_std,coverage_short_life_mean,coverage_short_life_std,coverage_long_life_mean,coverage_long_life_std,coverage_short_life_wilson95_lower_mean,coverage_short_life_wilson95_lower_std,coverage_short_life_wilson95_upper_mean,coverage_short_life_wilson95_upper_std,coverage_long_life_wilson95_lower_mean,coverage_long_life_wilson95_lower_std,coverage_long_life_wilson95_upper_mean,coverage_long_life_wilson95_upper_std,short_long_coverage_gap_mean,short_long_coverage_gap_std,lifetime_split_threshold_mean,lifetime_split_threshold_std,n_train_mean,n_adapter_mean,n_calibration_mean,n_test_mean,n_short_life_mean,n_short_life_std,n_long_life_mean,n_long_life_std,n_runs,scenario_label,direction
within_split_cp,hust,hust,hust,random_forest,100,0.9,none,,,0.9666666666666666,0.0745355992499929,0.0933333333333332,0.0149071198499985,0.7163986222252128,0.0919188761996176,0.9906069715632292,0.021003450099208,1.0,0.0,1056.051235437762,261.3987285165258,1056.0512354377622,261.3987285165259,1142.926414233811,274.2240122410368,208.56801131128577,209.37771966885805,13.907116661569924,14.213122251587444,14.07720843376772,1.257574746125626,0.1464402337651209,0.1150916364702746,0.1075806829686104,528.0256177188807,130.6993642582639,1.0,,,,,0.95,0.1118033988749894,1.0,0.0,0.95,0.1118033988749894,0.9666666666666666,0.0745355992499929,0.9666666666666666,0.0745355992499929,0.5750320052409739,0.0774433228447417,0.9939893260503384,0.0134402755420299,0.5750320052409739,0.0774433228447417,0.9939893260503384,0.0134402755420299,0.0,0.0,1563.2,40.34476422040412,53.0,0.0,12.0,12.0,6.0,0.0,6.0,0.0,5,Within-dataset CP,HUST
within_split_cp,hust,hust,hust,random_forest,100,0.95,none,,,0.9666666666666666,0.0745355992499929,0.0633333333333333,0.0298142396999971,0.7163986222252128,0.0919188761996176,0.9906069715632292,0.021003450099208,1.0,0.0,1056.0512354377574,261.3987285165261,1056.0512354377574,261.398728516526,1229.8015930298527,396.9147130272981,208.56801131128583,209.37771966885825,13.90711666157002,14.213122251587446,14.077208433767732,1.2575747461256277,0.1464402337651199,0.1150916364702749,0.1075806829686091,inf,,0.0,,,,,0.95,0.1118033988749894,1.0,0.0,0.95,0.1118033988749894,0.9666666666666666,0.0745355992499929,0.9666666666666666,0.0745355992499929,0.5750320052409739,0.0774433228447417,0.9939893260503384,0.0134402755420299,0.5750320052409739,0.0774433228447417,0.9939893260503384,0.0134402755420299,0.0,0.0,1563.2,40.34476422040412,53.0,0.0,12.0,12.0,6.0,0.0,6.0,0.0,5,Within-dataset CP,HUST
within_split_cp,luh,luh,luh,gaussian_process,100,0.9,none,,,0.9,0.0559016994374947,0.0449999999999999,0.0243669858620224,0.6719641581227409,0.0660651884494467,0.97314969744971,0.024158684926172,1.0,0.0,622.8405289996994,100.38293395144744,622.8405289996994,100.38293395144744,786.5329003219691,62.09010286813152,114.13650892514028,116.37515815929056,15.102789094614666,17.92470169234651,18.095241905681423,1.586446067935468,0.7769226859783641,0.7755178904431448,0.0271260633565087,311.4202644998496,50.191466975723706,1.0,,,,,1.0,0.0,1.0,0.0,0.68,0.1788854381999832,1.0,0.0,0.8,0.1118033988749894,0.67559243511612,0.0,1.0,0.0,0.4604706556548471,0.1008670080885644,0.9448848054148248,0.0503856249742005,0.2,0.1118033988749894,500.6,47.12536472007405,74.0,0.0,16.0,16.0,8.0,0.0,8.0,0.0,5,Within-dataset CP,LUH
within_split_cp,luh,luh,luh,gaussian_process,100,0.95,none,,,0.9,0.0559016994374947,0.0499999999999999,0.0559016994374947,0.6719641581227409,0.0660651884494467,0.97314969744971,0.024158684926172,1.0,0.0,622.8405289996994,100.38293395144744,622.8405289996994,100.38293395144744,950.2252716442388,211.0112327788065,114.13650892514028,116.37515815929056,15.102789094614666,17.92470169234651,18.095241905681423,1.586446067935468,0.7769226859783641,0.7755178904431448,0.0271260633565087,inf,,0.0,,,,,1.0,0.0,1.0,0.0,0.68,0.1788854381999832,1.0,0.0,0.8,0.1118033988749894,0.67559243511612,0.0,1.0,0.0,0.4604706556548471,0.1008670080885644,0.9448848054148248,0.0503856249742005,0.2,0.1118033988749894,500.6,47.12536472007405,74.0,0.0,16.0,16.0,8.0,0.0,8.0,0.0,5,Within-dataset CP,LUH
within_split_cp,matr,matr,matr,catboost,100,0.9,none,,,0.91,0.0894427190999915,0.0699999999999999,0.0447213595499957,0.7200559483346448,0.1158369439762656,0.9678214220620436,0.03481156583763,1.0,0.0,1052.9985982082635,449.1721506880976,1052.9985982082635,449.1721506880976,1494.6555139684554,91.85786194688282,175.23232215400452,193.3993376302884,45.73375291192423,24.287804767895004,23.179327159072493,5.071603716870041,0.5277022072650193,0.4287501638704496,0.1542692749364037,526.4992991041318,224.5860753440488,1.0,,,,,0.9428571428571428,0.0782460796435951,1.0,0.0,0.8,0.191662969499982,0.96,0.0547722557505165,0.86,0.1341640786499874,0.6718203093641713,0.0693511113595983,0.9928495147619708,0.0097912051549407,0.5644074981617302,0.1492397282483053,0.9557688859369896,0.0454497872926129,0.0999999999999999,0.0999999999999999,768.2,13.311649033834987,89.0,0.0,20.0,20.0,10.0,0.0,10.0,0.0,5,Within-dataset CP,MATR
within_split_cp,matr,matr,matr,catboost,100,0.95,none,,,0.95,0.0707106781186547,0.0599999999999999,0.0223606797749978,0.7710344031744596,0.0952375197136416,0.9839529545780032,0.0236193140676312,1.0,0.0,1385.1015885600011,483.5489555648594,1385.1015885600011,483.54895556485945,1824.9433209877343,385.6102975937268,175.23232215400452,193.3993376302884,45.73375291192423,24.287804767895004,23.179327159072493,5.071603716870041,0.5277022072650193,0.4287501638704496,0.1542692749364037,692.5507942800007,241.77447778242973,1.0,,,,,0.9714285714285712,0.063887656499994,1.0,0.0,0.8857142857142858,0.1564921592871903,0.98,0.0447213595499957,0.92,0.1095445115010331,0.6971437547506409,0.05662494530865,0.9964247573809852,0.007994485532171,0.6295453086969233,0.1272385400695923,0.9773271394182498,0.0310460929594856,0.0599999999999999,0.0894427190999915,768.2,13.311649033834987,89.0,0.0,20.0,20.0,10.0,0.0,10.0,0.0,5,Within-dataset CP,MATR
within_split_cp,sandia,sandia,sandia,xgboost,100,0.9,none,,,0.875,0.0883883476483184,0.0649999999999999,0.0575543221661066,0.5344406637575457,0.0944395944767451,0.9722536625795442,0.0263040558809495,1.0,0.0,762.393413754319,435.2275802996179,762.393413754319,435.2275802996179,1458.3552749290386,682.1536063196938,135.73362505810186,130.25166475755032,45.88215737700625,25.361339133186764,24.85894964286539,7.096699903552159,0.925789081268821,0.9637130633568268,0.0716937081686327,inf,,0.0,,,,,1.0,0.0,1.0,0.0,0.6666666666666666,0.2357022603955158,1.0,0.0,0.75,0.1767766952966369,0.5101091635454028,0.0,1.0,0.0,0.3124147360889516,0.1283206656244115,0.9426398456837496,0.0554422149500577,0.25,0.1767766952966369,302.6,27.097970403703663,34.0,0.0,8.0,8.0,4.0,0.0,4.0,0.0,5,Within-dataset CP,SANDIA
within_split_cp,sandia,sandia,sandia,xgboost,100,0.95,none,,,0.875,0.0883883476483184,0.0949999999999999,0.0596866819315665,0.5344406637575457,0.0944395944767451,0.9722536625795442,0.0263040558809495,1.0,0.0,762.393413754319,435.2275802996179,762.393413754319,435.2275802996179,2154.3171361037566,1127.9412818254734,135.73362505810186,130.25166475755032,45.88215737700625,25.361339133186764,24.85894964286539,7.096699903552159,0.925789081268821,0.9637130633568268,0.0716937081686327,inf,,0.0,,,,,1.0,0.0,1.0,0.0,0.6666666666666666,0.2357022603955158,1.0,0.0,0.75,0.1767766952966369,0.5101091635454028,0.0,1.0,0.0,0.3124147360889516,0.1283206656244115,0.9426398456837496,0.0554422149500577,0.25,0.1767766952966369,302.6,27.097970403703663,34.0,0.0,8.0,8.0,4.0,0.0,4.0,0.0,5,Within-dataset CP,SANDIA
cross_source_calibrated_cp,hust,luh,hust,random_forest,100,0.9,none,,,0.2924528301886792,0.0739829582139534,0.6075471698113207,0.0739829582139534,0.2153536622030979,0.0657707134042145,0.3840689922990979,0.0770218159378289,1.0,0.0,1056.051235437761,261.3987285165273,1056.051235437761,261.3987285165272,7974.867778919894,1144.966358725062,802.9386965747733,775.2743077149867,61.79503142011657,95.129617377166,93.6402164366658,3.138740030322616,-3.9213920719683486,-3.6424267165744215,0.6342407413476525,528.0256177188805,130.69936425826305,1.0,,,,,0.0,0.0,0.1257142857142856,0.1238827622210217,0.76,0.1041976144503454,0.0,0.0,0.5849056603773585,0.1479659164279068,0.0,0.0,0.0675819885765418,0.0,0.455584360272715,0.1468227290944387,0.7027507737425892,0.1291283697278937,0.5849056603773585,0.1479659164279068,451.0,0.0,53.0,0.0,12.0,106.0,53.0,0.0,53.0,0.0,5,Naive source-calibrated cross CP,HUST -> LUH
cross_source_calibrated_cp,hust,luh,hust,random_forest,100,0.95,none,,,0.2924528301886792,0.0739829582139534,0.6575471698113207,0.0739829582139533,0.2153536622030979,0.0657707134042145,0.3840689922990979,0.0770218159378289,1.0,0.0,1056.0512354377604,261.3987285165277,1056.0512354377606,261.39872851652757,14893.68432240202,2507.2742382258916,802.9386965747735,775.2743077149868,61.79503142011729,95.129617377166,93.6402164366658,3.1387400303226336,-3.921392071968351,-3.6424267165744215,0.6342407413476586,inf,,0.0,,,,,0.0,0.0,0.1257142857142856,0.1238827622210217,0.76,0.1041976144503454,0.0,0.0,0.5849056603773585,0.1479659164279068,0.0,0.0,0.0675819885765418,0.0,0.455584360272715,0.1468227290944387,0.7027507737425892,0.1291283697278937,0.5849056603773585,0.1479659164279068,451.0,0.0,53.0,0.0,12.0,106.0,53.0,0.0,53.0,0.0,5,Naive source-calibrated cross CP,HUST -> LUH
cross_source_calibrated_cp,hust,matr,hust,random_forest,100,0.9,none,,,0.2031007751937984,0.0924400321597757,0.6968992248062016,0.0924400321597757,0.1447976166112082,0.0793202708153486,0.2785751716732635,0.1002218872514095,1.0,0.0,1056.0512354377593,261.3987285165258,1056.0512354377595,261.39872851652575,7349.506639638322,1948.6995043592233,795.3054170953948,792.5920232684749,17.990226890804475,73.45772933635946,73.33824879907556,0.9928635423579844,-4.554547789909189,-4.516308273357657,0.227783471326516,528.0256177188804,130.6993642582631,1.0,,,,,0.0046511627906976,0.0104003161744175,0.0465116279069766,0.0328886874970487,0.5581395348837209,0.2371636983066411,0.01875,0.0279508497187473,0.3846153846153846,0.1568929081105472,0.0066366679485579,0.0106967992604059,0.085363989602017,0.0421884459028608,0.2807071922892711,0.1418158102225204,0.5014008534006189,0.1544843651903506,0.3658653846153846,0.1303195038239598,740.0,0.0,53.0,0.0,12.0,129.0,64.0,0.0,65.0,0.0,5,Naive source-calibrated cross CP,HUST -> MATR
cross_source_calibrated_cp,hust,matr,hust,random_forest,100,0.95,none,,,0.2031007751937984,0.0924400321597757,0.7468992248062014,0.0924400321597757,0.1447976166112082,0.0793202708153486,0.2785751716732635,0.1002218872514095,1.0,0.0,1056.051235437761,261.39872851652456,1056.051235437761,261.39872851652456,13642.962043838856,4155.153279175475,795.3054170953952,792.5920232684754,17.99022689080427,73.45772933635949,73.33824879907556,0.9928635423579664,-4.5545477899091935,-4.51630827335766,0.2277834713265125,inf,,0.0,,,,,0.0046511627906976,0.0104003161744175,0.0465116279069766,0.0328886874970487,0.5581395348837209,0.2371636983066411,0.01875,0.0279508497187473,0.3846153846153846,0.1568929081105472,0.0066366679485579,0.0106967992604059,0.085363989602017,0.0421884459028608,0.2807071922892711,0.1418158102225204,0.5014008534006189,0.1544843651903506,0.3658653846153846,0.1303195038239598,740.0,0.0,53.0,0.0,12.0,129.0,64.0,0.0,65.0,0.0,5,Naive source-calibrated cross CP,HUST -> MATR
cross_source_calibrated_cp,hust,sandia,hust,random_forest,100,0.9,none,,,0.028,0.0178885438199983,0.8720000000000001,0.0178885438199982,0.0069544014871117,0.0076364901466101,0.1163977320947788,0.0255879881862888,1.0,0.0,1056.0512354377606,261.3987285165244,1056.0512354377606,261.39872851652444,15231.186657308595,1720.7477055359705,1227.7132756099004,1217.0115011476812,29.16020564572087,126.32792717799266,126.56925470842376,1.079984460615521,-0.3723519243756579,-0.3477751742697552,0.0580357877856283,528.0256177188812,130.69936425826356,1.0,,,,,0.0,0.0,0.0,0.0,0.0823529411764705,0.0526133641764656,0.0,0.0,0.056,0.0357770876399966,0.0,0.0,0.1331922509390484,0.0,0.0140106211024704,0.0154610406974622,0.2162640977314044,0.0465626729129015,0.056,0.0357770876399966,282.0,0.0,53.0,0.0,12.0,50.0,25.0,0.0,25.0,0.0,5,Naive source-calibrated cross CP,HUST -> SANDIA
cross_source_calibrated_cp,hust,sandia,hust,random_forest,100,0.95,none,,,0.028,0.0178885438199983,0.922,0.0178885438199984,0.0069544014871117,0.0076364901466101,0.1163977320947788,0.0255879881862888,1.0,0.0,1056.0512354377618,261.39872851652814,1056.0512354377618,261.39872851652814,29406.32207917939,3701.499771066568,1227.7132756099004,1217.0115011476807,29.160205645720858,126.32792717799266,126.56925470842376,1.079984460615523,-0.3723519243756582,-0.3477751742697543,0.0580357877856288,inf,,0.0,,,,,0.0,0.0,0.0,0.0,0.0823529411764705,0.0526133641764656,0.0,0.0,0.056,0.0357770876399966,0.0,0.0,0.1331922509390484,0.0,0.0140106211024704,0.0154610406974622,0.2162640977314044,0.0465626729129015,0.056,0.0357770876399966,282.0,0.0,53.0,0.0,12.0,50.0,25.0,0.0,25.0,0.0,5,Naive source-calibrated cross CP,HUST -> SANDIA
cross_source_calibrated_cp,luh,hust,luh,gaussian_process,100,0.9,none,,,0.0,0.0,0.9,0.0,0.0,0.0,0.047518425282434,0.0,1.0,0.0,622.8405289996995,100.38293395144748,622.8405289996994,100.3829339514474,16122.972540500785,814.4497086141178,1086.4268650749038,1083.7193713178958,5.343425568729475,112.90433722997156,112.4483009650274,0.8980149369676946,-15.70982912013533,-15.63132298728106,0.154647532855856,311.4202644998496,50.191466975723706,1.0,,,,,0.0,0.0,0.0,0.0,0.0,0.0,0.0,0.0,0.0,0.0,0.0,0.0,0.0918098682255839,0.0,0.0,0.0,0.0896668537075713,0.0,0.0,0.0,1513.0,0.0,74.0,0.0,16.0,77.0,38.0,0.0,39.0,0.0,5,Naive source-calibrated cross CP,LUH -> HUST
cross_source_calibrated_cp,luh,hust,luh,gaussian_process,100,0.95,none,,,0.0,0.0,0.95,0.0,0.0,0.0,0.047518425282434,0.0,1.0,0.0,622.8405289996995,100.38293395144748,622.8405289996994,100.3829339514474,31623.10455200184,1729.0574220142173,1086.4268650749038,1083.7193713178958,5.343425568729475,112.90433722997156,112.4483009650274,0.8980149369676946,-15.70982912013533,-15.63132298728106,0.154647532855856,inf,,0.0,,,,,0.0,0.0,0.0,0.0,0.0,0.0,0.0,0.0,0.0,0.0,0.0,0.0,0.0918098682255839,0.0,0.0,0.0,0.0896668537075713,0.0,0.0,0.0,1513.0,0.0,74.0,0.0,16.0,77.0,38.0,0.0,39.0,0.0,5,Naive source-calibrated cross CP,LUH -> HUST
cross_source_calibrated_cp,luh,matr,luh,gaussian_process,100,0.9,none,,,0.4790697674418604,0.0446662334601176,0.4209302325581395,0.0446662334601176,0.3949879066515174,0.0427247491335296,0.5643621332536541,0.0440255348549519,1.0,0.0,622.8405289996994,100.38293395144746,622.8405289996994,100.3829339514474,4010.0792217832654,390.4624389951764,389.0667021914775,386.61107582739425,4.84636786441135,56.48369371576043,55.94037299538497,1.068468390510281,-1.075523000424735,-1.059851285526117,0.0307623118807222,311.4202644998496,50.191466975723706,1.0,,,,,0.9953488372093025,0.0104003161744176,0.4418604651162791,0.1241520726980385,0.0,0.0,0.95625,0.0814900300650331,0.0092307692307692,0.0206406274846134,0.8846822594541971,0.1053771562831453,0.976148285984868,0.0486628207003653,0.0031639680827025,0.0070748477115624,0.070068919584963,0.0319028500154522,0.9470192307692308,0.0778270204899506,740.0,0.0,74.0,0.0,16.0,129.0,64.0,0.0,65.0,0.0,5,Naive source-calibrated cross CP,LUH -> MATR
cross_source_calibrated_cp,luh,matr,luh,gaussian_process,100,0.95,none,,,0.4790697674418604,0.0446662334601176,0.4709302325581395,0.0446662334601175,0.3949879066515174,0.0427247491335296,0.5643621332536541,0.0440255348549519,1.0,0.0,622.8405289996994,100.38293395144746,622.8405289996994,100.3829339514474,7397.3179145668255,880.7228585371133,389.0667021914775,386.61107582739425,4.84636786441135,56.48369371576043,55.94037299538497,1.068468390510281,-1.075523000424735,-1.059851285526117,0.0307623118807222,inf,,0.0,,,,,0.9953488372093025,0.0104003161744176,0.4418604651162791,0.1241520726980385,0.0,0.0,0.95625,0.0814900300650331,0.0092307692307692,0.0206406274846134,0.8846822594541971,0.1053771562831453,0.976148285984868,0.0486628207003653,0.0031639680827025,0.0070748477115624,0.070068919584963,0.0319028500154522,0.9470192307692308,0.0778270204899506,740.0,0.0,74.0,0.0,16.0,129.0,64.0,0.0,65.0,0.0,5,Naive source-calibrated cross CP,LUH -> MATR
cross_source_calibrated_cp,luh,sandia,luh,gaussian_process,100,0.9,none,,,0.732,0.0975704873412037,0.1679999999999999,0.0975704873412037,0.598404009984584,0.099682300337556,0.8324907040175378,0.0815520594720284,1.0,0.0,622.8405289996994,100.38293395144753,622.8405289996994,100.3829339514474,9270.608411676383,172.49643003287778,625.4088106825964,626.5791384426699,2.6210552977761163,75.4684071953116,75.7816605229252,0.6790120096402514,-0.1102150929780295,-0.1085517849587798,0.0033887699720138,311.4202644998496,50.191466975723706,1.0,,,,,0.8111111111111111,0.2710291315033438,1.0,0.0,0.4117647058823529,0.0,0.8640000000000001,0.1951409746824074,0.6,0.0,0.7014060204389352,0.2103874041482064,0.9296300208774376,0.1289049967938161,0.40739457358967,0.0,0.7659669762225203,0.0,0.296,0.1252198067399882,282.0,0.0,74.0,0.0,16.0,50.0,25.0,0.0,25.0,0.0,5,Naive source-calibrated cross CP,LUH -> SANDIA
cross_source_calibrated_cp,luh,sandia,luh,gaussian_process,100,0.95,none,,,0.732,0.0975704873412037,0.2179999999999999,0.0975704873412037,0.598404009984584,0.099682300337556,0.8324907040175378,0.0815520594720284,1.0,0.0,622.8405289996994,100.38293395144753,622.8405289996994,100.3829339514474,17918.376294353046,442.0841837584066,625.4088106825964,626.5791384426699,2.6210552977761163,75.4684071953116,75.7816605229252,0.6790120096402514,-0.1102150929780295,-0.1085517849587798,0.0033887699720138,inf,,0.0,,,,,0.8111111111111111,0.2710291315033438,1.0,0.0,0.4117647058823529,0.0,0.8640000000000001,0.1951409746824074,0.6,0.0,0.7014060204389352,0.2103874041482064,0.9296300208774376,0.1289049967938161,0.40739457358967,0.0,0.7659669762225203,0.0,0.296,0.1252198067399882,282.0,0.0,74.0,0.0,16.0,50.0,25.0,0.0,25.0,0.0,5,Naive source-calibrated cross CP,LUH -> SANDIA
cross_source_calibrated_cp,matr,hust,matr,catboost,100,0.9,none,,,0.1766233766233765,0.1493788793195907,0.7233766233766235,0.1493788793195907,0.1182013615355734,0.1094108958870358,0.2657780875431955,0.1753614880383982,1.0,0.0,1052.9985982082633,449.1721506880975,1052.9985982082635,449.1721506880976,8631.333814901936,3456.393401560577,875.900754060016,908.7045014880836,59.23552972311247,81.62002447427164,85.83812559517251,7.805005745437504,-10.35458107369234,-11.08859098957288,1.3313433612819483,526.4992991041318,224.5860753440488,1.0,,,,,0.5153846153846154,0.4322433568334246,0.008,0.0178885438199983,0.0,0.0,0.3578947368421052,0.3026887817791708,0.0,0.0,0.2536089320688367,0.2364507140334462,0.4882738725847502,0.3141744622147192,0.0,0.0,0.0896668537075713,0.0,0.3578947368421052,0.3026887817791708,1513.0,0.0,89.0,0.0,20.0,77.0,38.0,0.0,39.0,0.0,5,Naive source-calibrated cross CP,MATR -> HUST
cross_source_calibrated_cp,matr,hust,matr,catboost,100,0.95,none,,,0.3272727272727272,0.2120902884076399,0.6227272727272727,0.2120902884076399,0.2454835978223895,0.174720657964734,0.4254773127297239,0.2304196776071602,1.0,0.0,1385.1015885600011,483.54895556485974,1385.1015885600011,483.54895556485945,11727.083003989324,8062.702658057876,875.900754060016,908.7045014880836,59.23552972311247,81.62002447427164,85.83812559517251,7.805005745437504,-10.35458107369234,-11.08859098957288,1.3313433612819483,692.5507942800007,241.77447778242973,1.0,,,,,0.7461538461538462,0.4030211353055303,0.232,0.3229860678109816,0.0,0.0,0.6105263157894736,0.3634057125464008,0.0512820512820512,0.0888231183368654,0.4920613515481623,0.3253813879340868,0.7086964670546032,0.3397962951067999,0.0243950275444755,0.0470256847069499,0.1586393283469345,0.1151814044566206,0.5592442645074224,0.3110761530112742,1513.0,0.0,89.0,0.0,20.0,77.0,38.0,0.0,39.0,0.0,5,Naive source-calibrated cross CP,MATR -> HUST
cross_source_calibrated_cp,matr,luh,matr,catboost,100,0.9,none,,,0.7075471698113207,0.2881608367792692,0.2271698113207547,0.2546107395486004,0.6321219154893045,0.2987909290502521,0.7684554300084995,0.257655109031877,1.0,0.0,1052.9985982082635,449.1721506880977,1052.9985982082635,449.1721506880976,2273.265172041973,785.562271791492,335.8828467049199,330.7946314869894,21.499154074177618,65.5960070952562,65.25968392423952,2.0266203209952756,-0.0050915772564233,0.0393850785278224,0.0735277324401506,526.4992991041318,224.5860753440488,1.0,,,,,0.6277777777777778,0.5120462459824223,0.8971428571428571,0.2299955633999783,0.6,0.2249716535431946,0.6830188679245283,0.4581837625566394,0.7320754716981133,0.151179061313284,0.6179726244137029,0.4428259533154338,0.7233275533526196,0.4153359560478032,0.6069104922992616,0.1618553894238089,0.8258722073425699,0.1202158953521736,0.260377358490566,0.2273565333040312,451.0,0.0,89.0,0.0,20.0,106.0,53.0,0.0,53.0,0.0,5,Naive source-calibrated cross CP,MATR -> LUH
cross_source_calibrated_cp,matr,luh,matr,catboost,100,0.95,none,,,0.8528301886792452,0.2032794497972216,0.1058490566037735,0.1977876930451284,0.7854964788515217,0.2181928116950199,0.895485008494745,0.174245624618422,1.0,0.0,1385.1015885600011,483.5489555648596,1385.1015885600011,483.54895556485945,2403.986481452557,1220.0288358400571,335.8828467049199,330.7946314869894,21.499154074177618,65.5960070952562,65.25968392423952,2.0266203209952756,-0.0050915772564233,0.0393850785278224,0.0735277324401506,692.5507942800007,241.77447778242973,1.0,,,,,0.8166666666666667,0.3651483716701107,1.0,0.0,0.7428571428571429,0.2432769480846628,0.8754716981132076,0.2480253090589431,0.8301886792452831,0.1606545883577962,0.7906111833532139,0.2715201174552182,0.9095819648477984,0.1915004842168761,0.7168265307594631,0.1725884249693296,0.8989212126333866,0.1271934927788903,0.090566037735849,0.0409046856390166,451.0,0.0,89.0,0.0,20.0,106.0,53.0,0.0,53.0,0.0,5,Naive source-calibrated cross CP,MATR -> LUH
cross_source_calibrated_cp,matr,sandia,matr,catboost,100,0.9,none,,,0.516,0.3940558336073709,0.3839999999999999,0.394055833607371,0.4213177497471159,0.3417642424980572,0.6083991270806166,0.3913068668926816,1.0,0.0,1052.9985982082635,449.1721506880976,1052.9985982082635,449.1721506880976,8585.334923974764,1809.07462671603,725.5381009289755,738.4327414292999,76.24635319623772,94.67470096431376,97.4964447391206,11.252479453160849,0.0395584736327243,0.0344304838967773,0.0372841983718166,526.4992991041318,224.5860753440488,1.0,,,,,0.6,0.5477225575051661,0.6266666666666667,0.5133766215514255,0.3294117647058823,0.1841467746176297,0.6,0.5477225575051661,0.432,0.2629068276024797,0.520084649436571,0.4747701571809606,0.6532769003756194,0.4747701571809606,0.2849325057027184,0.1823293855405967,0.5971816404249921,0.2750211594628853,0.312,0.1752712184016531,282.0,0.0,89.0,0.0,20.0,50.0,25.0,0.0,25.0,0.0,5,Naive source-calibrated cross CP,MATR -> SANDIA
cross_source_calibrated_cp,matr,sandia,matr,catboost,100,0.95,none,,,0.664,0.2635905916378656,0.2859999999999999,0.2635905916378656,0.5412462680251423,0.2449649671711314,0.7633517194591162,0.2448037478161438,1.0,0.0,1385.1015885600011,483.5489555648596,1385.1015885600011,483.54895556485945,13670.906587819423,2480.7608765066125,725.5381009289755,738.4327414292999,76.24635319623772,94.67470096431376,97.4964447391206,11.252479453160849,0.0395584736327243,0.0344304838967773,0.0372841983718166,692.5507942800007,241.77447778242973,1.0,,,,,0.7444444444444445,0.4331908597692873,0.8400000000000001,0.3577708763999663,0.4235294117647059,0.0263066820882327,0.76,0.433589667773576,0.568,0.0954986910905065,0.6418227486974903,0.3757954689920663,0.8089172808142046,0.3796852782483559,0.3802803444056277,0.0833763072736787,0.7376055094666617,0.082201021161566,0.352,0.0867179335547152,282.0,0.0,89.0,0.0,20.0,50.0,25.0,0.0,25.0,0.0,5,Naive source-calibrated cross CP,MATR -> SANDIA
cross_source_calibrated_cp,sandia,hust,sandia,xgboost,100,0.9,none,,,0.2311688311688311,0.1716547111353203,0.6688311688311689,0.1716547111353202,0.1609701321934591,0.1389441122001131,0.3269163977635897,0.189210674879374,1.0,0.0,762.3934137543189,435.227580299618,762.3934137543189,435.227580299618,15023.854734751088,3568.860468043066,1038.3019274976082,916.5234684690308,289.0778660692849,49.27662254054751,45.01219675206222,11.505453784936552,-20.067199813158,-16.499190153677223,7.615895921485651,inf,,0.0,,,,,0.0538461538461538,0.1204036603269117,0.24,0.2592296279363144,0.3999999999999999,0.2046067088964675,0.0842105263157894,0.1883004612631401,0.3743589743589743,0.2056084122741482,0.0557050023155174,0.1245601718642801,0.189063203893126,0.217465069591229,0.2543855498134946,0.1515280855041977,0.5168640698361002,0.2235299871069317,0.2901484480431848,0.1943858637257868,1513.0,0.0,34.0,0.0,8.0,77.0,38.0,0.0,39.0,0.0,5,Naive source-calibrated cross CP,SANDIA -> HUST
cross_source_calibrated_cp,sandia,hust,sandia,xgboost,100,0.95,none,,,0.2311688311688311,0.1716547111353203,0.7188311688311688,0.1716547111353202,0.1609701321934591,0.1389441122001131,0.3269163977635897,0.189210674879374,1.0,0.0,762.3934137543189,435.227580299618,762.3934137543189,435.227580299618,29285.316055747833,7179.879962867803,1038.3019274976082,916.5234684690308,289.0778660692849,49.27662254054751,45.01219675206222,11.505453784936552,-20.067199813158,-16.499190153677223,7.615895921485651,inf,,0.0,,,,,0.0538461538461538,0.1204036603269117,0.24,0.2592296279363144,0.3999999999999999,0.2046067088964675,0.0842105263157894,0.1883004612631401,0.3743589743589743,0.2056084122741482,0.0557050023155174,0.1245601718642801,0.189063203893126,0.217465069591229,0.2543855498134946,0.1515280855041977,0.5168640698361002,0.2235299871069317,0.2901484480431848,0.1943858637257868,1513.0,0.0,34.0,0.0,8.0,77.0,38.0,0.0,39.0,0.0,5,Naive source-calibrated cross CP,SANDIA -> HUST
cross_source_calibrated_cp,sandia,luh,sandia,xgboost,100,0.9,none,,,0.630188679245283,0.1537764787318865,0.2698113207547169,0.1537764787318865,0.5393064305289774,0.1580807604318685,0.7119648134650995,0.1387609901428041,1.0,0.0,762.3934137543189,435.22758029961784,762.393413754319,435.2275802996179,3333.3882202841405,887.0423649557453,323.09813839815314,316.7338955280252,36.92154567862961,61.21358841099702,57.15531488056843,8.41769499948991,-0.3258436922844231,-0.3058569258684829,0.3128300246686072,inf,,0.0,,,,,1.0,0.0,0.7314285714285714,0.2631054727593448,0.1485714285714285,0.218902643535748,0.9849056603773584,0.0246007637932175,0.2754716981132075,0.2906517883759734,0.9088245661287108,0.0375754480678641,0.9954449770253602,0.0084437537447527,0.1997372216993117,0.2372461392283335,0.3815543127935504,0.3059332704814925,0.709433962264151,0.274915437336664,451.0,0.0,34.0,0.0,8.0,106.0,53.0,0.0,53.0,0.0,5,Naive source-calibrated cross CP,SANDIA -> LUH
cross_source_calibrated_cp,sandia,luh,sandia,xgboost,100,0.95,none,,,0.630188679245283,0.1537764787318865,0.3198113207547169,0.1537764787318865,0.5393064305289774,0.1580807604318685,0.7119648134650995,0.1387609901428041,1.0,0.0,762.3934137543189,435.22758029961784,762.393413754319,435.2275802996179,5904.383026813957,2159.5878113313825,323.09813839815314,316.7338955280252,36.92154567862961,61.21358841099702,57.15531488056843,8.41769499948991,-0.3258436922844231,-0.3058569258684829,0.3128300246686072,inf,,0.0,,,,,1.0,0.0,0.7314285714285714,0.2631054727593448,0.1485714285714285,0.218902643535748,0.9849056603773584,0.0246007637932175,0.2754716981132075,0.2906517883759734,0.9088245661287108,0.0375754480678641,0.9954449770253602,0.0084437537447527,0.1997372216993117,0.2372461392283335,0.3815543127935504,0.3059332704814925,0.709433962264151,0.274915437336664,451.0,0.0,34.0,0.0,8.0,106.0,53.0,0.0,53.0,0.0,5,Naive source-calibrated cross CP,SANDIA -> LUH
cross_source_calibrated_cp,sandia,matr,sandia,xgboost,100,0.9,none,,,0.1069767441860464,0.098116386556879,0.7930232558139535,0.0981163865568789,0.0686949667587025,0.079396171765237,0.1679891159050761,0.1112613246224562,1.0,0.0,762.3934137543189,435.227580299618,762.3934137543189,435.227580299618,18033.13079651031,7788.752765538183,1222.5013107337695,1071.0465381625988,469.3408216062702,87.38437055528944,83.02086161832098,15.89975276064007,-13.92238603779086,-9.64833570832108,10.878650008262149,inf,,0.0,,,,,0.0697674418604651,0.0,0.0093023255813953,0.0127377338954689,0.241860465116279,0.2888780258019611,0.053125,0.0085581649610182,0.16,0.1911039247612973,0.0194698906304229,0.0046568382991483,0.1373878628093967,0.0114902955339493,0.1047883846518021,0.1524386915668724,0.2531566566477404,0.2095763853191535,0.131875,0.1666939138076665,740.0,0.0,34.0,0.0,8.0,129.0,64.0,0.0,65.0,0.0,5,Naive source-calibrated cross CP,SANDIA -> MATR
cross_source_calibrated_cp,sandia,matr,sandia,xgboost,100,0.95,none,,,0.1069767441860464,0.098116386556879,0.8430232558139534,0.098116386556879,0.0686949667587025,0.079396171765237,0.1679891159050761,0.1112613246224562,1.0,0.0,762.3934137543189,435.227580299618,762.3934137543189,435.227580299618,35303.868179266276,15517.642068361722,1222.5013107337695,1071.0465381625988,469.3408216062702,87.38437055528944,83.02086161832098,15.89975276064007,-13.92238603779086,-9.64833570832108,10.878650008262149,inf,,0.0,,,,,0.0697674418604651,0.0,0.0093023255813953,0.0127377338954689,0.241860465116279,0.2888780258019611,0.053125,0.0085581649610182,0.16,0.1911039247612973,0.0194698906304229,0.0046568382991483,0.1373878628093967,0.0114902955339493,0.1047883846518021,0.1524386915668724,0.2531566566477404,0.2095763853191535,0.131875,0.1666939138076665,740.0,0.0,34.0,0.0,8.0,129.0,64.0,0.0,65.0,0.0,5,Naive source-calibrated cross CP,SANDIA -> MATR
cross_target_calibrated_cp,hust,luh,luh,random_forest,100,0.9,none,,20.0,0.9137209302325582,0.0684269466223169,0.0571162790697673,0.0397138647835298,0.8400178411672456,0.0837718448843681,0.9520440969856214,0.0477853130624328,1.0,0.0,2762.952085681918,211.360411361781,2762.952085681918,211.36041136178105,2948.4811914415836,159.62751749534206,803.3907291025347,784.4405922888681,57.17337945957384,95.34875584436551,94.92837306822652,3.5804553600321576,-3.948493736632056,-3.845473134455787,0.6956811600462094,1381.4760428409593,105.68020568089032,1.0,,,,,0.79,0.1304202914870571,0.9525,0.097120864796865,1.0,0.0,0.8274418604651163,0.1368538932446338,1.0,0.0,0.6997981177745518,0.1527743776898406,0.9013787180664184,0.0999790961587566,0.9179901967742088,0.0,1.0,0.0,0.1725581395348837,0.1368538932446338,474.64,38.675683379204635,53.0,0.0,20.0,86.0,43.0,0.0,43.0,0.0,100,"Target-domain CP, no adapter",HUST -> LUH
cross_target_calibrated_cp,hust,luh,luh,random_forest,100,0.95,none,,20.0,0.9531395348837208,0.0532589733104822,0.0415581395348837,0.0331956364022825,0.8908792535056963,0.0687229633216825,0.97664895700069,0.0338287653207372,1.0,0.0,2894.806624604269,167.55510810904582,2894.806624604269,167.55510810904605,3033.379607514093,245.82576041896257,803.3907291025348,784.4405922888675,57.17337945957367,95.34875584436551,94.92837306822648,3.5804553600321474,-3.9484937366320567,-3.8454731344557778,0.6956811600462074,1447.4033123021336,83.7775540545233,1.0,,,,,0.8744827586206897,0.1247170978021855,0.9860714285714286,0.0475906300487763,1.0,0.0,0.906279069767442,0.1065179466209643,1.0,0.0,0.793667148195116,0.1269647166913111,0.9522532582069968,0.0700531270435489,0.9179901967742088,0.0,1.0,0.0,0.0937209302325581,0.1065179466209643,474.64,38.675683379204635,53.0,0.0,20.0,86.0,43.0,0.0,43.0,0.0,100,"Target-domain CP, no adapter",HUST -> LUH
cross_target_calibrated_cp,hust,matr,matr,random_forest,100,0.9,none,,20.0,0.9138532110091744,0.0651454454603726,0.0516513761467889,0.0417488470898179,0.8500018616255498,0.0785746943064388,0.9495269723942248,0.0477418603934882,1.0,0.0,2314.852573013578,91.791063125164,2314.852573013578,91.79106312516372,2402.445911487489,74.66126782660987,794.1355789290967,792.8335744069765,18.734641848697372,73.36248336479018,73.25401600755961,1.4118896372926937,-4.503147894858091,-4.437777239585735,0.4481245694149693,1157.426286506789,45.89553156258178,1.0,,,,,0.7475889046941678,0.1874347736459434,0.9986111111111112,0.0138888888888888,1.0,0.0,0.8261111111111111,0.1314972880589003,1.0,0.0,0.713454023498839,0.1460995578370416,0.8954517807129875,0.1007225225586256,0.9347150988829136,0.0,1.0,0.0,0.1738888888888888,0.1314972880589003,736.22,26.090200954737504,53.0,0.0,20.0,109.0,54.0,0.0,55.0,0.0,100,"Target-domain CP, no adapter",HUST -> MATR
cross_target_calibrated_cp,hust,matr,matr,random_forest,100,0.95,none,,20.0,0.950091743119266,0.0549271261139413,0.040788990825688,0.0365574949897634,0.8962044040268994,0.06881942781865,0.9733341594182382,0.0377681258554298,1.0,0.0,2407.087984832755,149.16218225621367,2407.087984832755,149.16218225621327,2515.0333198448584,112.96141125248928,794.1355789290965,792.8335744069757,18.734641848697393,73.36248336479018,73.25401600755961,1.411889637292694,-4.50314789485809,-4.437777239585726,0.4481245694149698,1203.5439924163777,74.58109112810676,1.0,,,,,0.8532432432432432,0.1606653551762074,0.9997222222222224,0.0027777777777777,1.0,0.0,0.8992592592592592,0.1108714212299926,1.0,0.0,0.8005192672350323,0.1292247907415881,0.9449667713116446,0.0790037297164688,0.9347150988829136,0.0,1.0,0.0,0.1007407407407406,0.1108714212299926,736.22,26.090200954737504,53.0,0.0,20.0,109.0,54.0,0.0,55.0,0.0,100,"Target-domain CP, no adapter",HUST -> MATR
cross_target_calibrated_cp,hust,sandia,sandia,random_forest,100,0.9,none,,20.0,0.902,0.0748841229787632,0.0553333333333332,0.0501893161170859,0.7520821617246913,0.0917559808960581,0.9606530701634378,0.0421061391509414,1.0,0.0,3181.449607380847,199.59500752721155,3181.449607380847,199.59500752721144,3419.769939616484,188.42870446177932,1230.908369008412,1231.283017946807,43.72843867487569,126.09673287229008,125.88147162246956,4.784176184439044,-0.4095598297542665,-0.3375452450757502,0.2940915065368034,1590.7248036904234,99.79750376360604,1.0,,,,,0.9244545454545456,0.1003599415750343,0.994,0.0371184290855334,0.7868888888888889,0.1464752347269931,0.9453333333333334,0.0800560970547861,0.8586666666666666,0.0972252524780285,0.7253565613879235,0.0955553253035531,0.9837180451561476,0.0337656068659567,0.62009646602493,0.111476198280089,0.9509845793653546,0.0444848058460616,0.1026666666666666,0.0789493295284806,282.89,14.81392669896892,53.0,0.0,20.0,30.0,15.0,0.0,15.0,0.0,100,"Target-domain CP, no adapter",HUST -> SANDIA
cross_target_calibrated_cp,hust,sandia,sandia,random_forest,100,0.95,none,,20.0,0.954,0.0522834371500618,0.0409999999999999,0.0324305352778254,0.8200796959181876,0.0700748049146259,0.984850143079849,0.0235127385537067,1.0,0.0,3377.943167785056,194.27624907219172,3377.943167785057,194.2762490721917,3561.4961358905957,251.7277211163822,1230.9083690084124,1231.2830179468065,43.728438674875726,126.09673287229008,125.88147162246956,4.784176184439043,-0.4095598297542668,-0.3375452450757505,0.2940915065368036,1688.971583892528,97.1381245360955,1.0,,,,,0.978,0.0462317395019237,1.0,0.0,0.8837777777777778,0.1270735976289563,0.9853333333333332,0.0308211596679491,0.9226666666666666,0.0846037837479322,0.7756472088320527,0.0425582531449242,0.9971167336291504,0.0067384188885748,0.6963318047147804,0.1011309170839839,0.9766521781429156,0.0350274434128281,0.0626666666666666,0.0726722575305759,282.89,14.81392669896892,53.0,0.0,20.0,30.0,15.0,0.0,15.0,0.0,100,"Target-domain CP, no adapter",HUST -> SANDIA
cross_target_calibrated_cp,luh,hust,hust,gaussian_process,100,0.9,none,,20.0,0.9105263157894736,0.0676719857421806,0.0538245614035087,0.0420127757332788,0.8129456741869884,0.0831336839120378,0.9562666508810922,0.044278176720077,1.0,0.0,2972.3368470329237,147.89517968627283,2972.3368470329237,147.89517968627283,3151.3263207171344,78.42386948407766,1084.8810550954097,1082.5960282261735,18.26849806208238,112.8384859456544,112.7272953084202,1.2036140868322058,-15.86752330340962,-15.899643788212655,1.3354238269886065,1486.168423516462,73.94758984313641,1.0,,,,,1.0,0.0,0.9989473684210526,0.0105263157894736,0.7326315789473683,0.1988635554196331,1.0,0.0,0.8241379310344827,0.1330104547346308,0.8793566952341546,0.0,1.0,0.0,0.6610128032532063,0.144882627423252,0.9114343618573066,0.0917859203503815,0.1758620689655172,0.1330104547346308,1500.26,25.222492767649715,74.0,0.0,20.0,57.0,28.0,0.0,29.0,0.0,100,"Target-domain CP, no adapter",LUH -> HUST
cross_target_calibrated_cp,luh,hust,hust,gaussian_process,100,0.95,none,,20.0,0.9587719298245614,0.043072865095486,0.0356666666666666,0.0254565312251034,0.8759502320345715,0.0581191824784594,0.9836609773898006,0.0231746327005367,1.0,0.0,3139.296847032924,120.64674943174342,3139.296847032924,120.64674943174344,3255.9845663311694,71.24730715261101,1084.8810550954097,1082.5960282261735,18.26849806208238,112.8384859456544,112.7272953084202,1.2036140868322058,-15.86752330340962,-15.899643788212655,1.3354238269886065,1569.648423516462,60.323374715871715,1.0,,,,,1.0,0.0,1.0,0.0,0.8763157894736843,0.1292185952864582,1.0,0.0,0.9189655172413792,0.0846604589807829,0.8793566952341546,0.0,1.0,0.0,0.772625364459195,0.1039521276063994,0.967293045763436,0.0469079417141802,0.0810344827586206,0.0846604589807829,1500.26,25.222492767649715,74.0,0.0,20.0,57.0,28.0,0.0,29.0,0.0,100,"Target-domain CP, no adapter",LUH -> HUST
cross_target_calibrated_cp,luh,matr,matr,gaussian_process,100,0.9,none,,20.0,0.9057798165137616,0.0698798810233926,0.052788990825688,0.0458488350717618,0.8399558126450363,0.0821126475037251,0.9439759170976956,0.0532842947490403,1.0,0.0,1942.2368470327172,524.9765006076237,1942.2368470327172,524.9765006076237,2581.323085557113,153.82159016744475,388.9036935710131,388.8293921608764,12.3115645665812,56.47158853387148,56.29202837534704,1.5636896534194729,-1.07230812442581,-1.072730808909817,0.0782095599398636,971.1184235163586,262.48825030381187,1.0,,,,,1.0,0.0,0.9972222222222222,0.0277777777777777,0.7175,0.1999210702838355,1.0,0.0,0.8132727272727273,0.1384892187554509,0.933586411909104,0.0,1.0,0.0,0.6997816701889533,0.1487402595440397,0.8858598263111414,0.1115140667645002,0.1867272727272727,0.1384892187554509,737.63,27.438693831739137,74.0,0.0,20.0,109.0,54.0,0.0,55.0,0.0,100,"Target-domain CP, no adapter",LUH -> MATR
cross_target_calibrated_cp,luh,matr,matr,gaussian_process,100,0.95,none,,20.0,0.9510091743119268,0.0461435730702926,0.0365871559633027,0.0278947425198332,0.8966506221172466,0.0594740624544274,0.9746603395411912,0.030053456418446,1.0,0.0,2494.1768470154716,552.8669990843068,2494.1768470154716,552.8669990843067,3070.4227186263106,304.81774639596847,388.9036935710131,388.8293921608764,12.3115645665812,56.47158853387148,56.29202837534704,1.5636896534194729,-1.07230812442581,-1.072730808909817,0.0782095599398636,1247.088423507736,276.4334995421534,1.0,,,,,1.0,0.0,1.0,0.0,0.8516666666666667,0.1397124851294972,1.0,0.0,0.902909090909091,0.0914481720847618,0.933586411909104,0.0,1.0,0.0,0.8043131527464736,0.1106917340439274,0.948897268753358,0.0611678242450377,0.097090909090909,0.0914481720847618,737.63,27.438693831739137,74.0,0.0,20.0,109.0,54.0,0.0,55.0,0.0,100,"Target-domain CP, no adapter",LUH -> MATR
cross_target_calibrated_cp,luh,sandia,sandia,gaussian_process,100,0.9,none,,20.0,0.9106666666666666,0.0718334524673443,0.0559999999999999,0.0459052848151695,0.7631101611401203,0.0894390834087466,0.9649908385996602,0.0391717495299428,1.0,0.0,5328.517658839537,818.6040308319875,5328.517658839535,818.6040308319874,6119.730722824697,1269.9863241681703,612.4293502495884,623.0219211853721,117.6889925968506,75.22968463627653,74.77942921542376,5.768146722299926,-0.1099169786674599,-0.109943917545117,0.0564033734299128,2664.2588294197676,409.3020154159937,1.0,,,,,0.997090909090909,0.021885418285173,1.0,0.0,0.7338888888888888,0.2046983674181205,0.998,0.0148467668902409,0.8233333333333333,0.1361239944428431,0.7934245137142583,0.0197885533508088,0.9995077184540366,0.0039086187830952,0.5855198994613312,0.1443425027026865,0.9293022325354868,0.075090396263929,0.1746666666666666,0.1298466677540236,282.06,16.3638058352616,74.0,0.0,20.0,30.0,15.0,0.0,15.0,0.0,100,"Target-domain CP, no adapter",LUH -> SANDIA
cross_target_calibrated_cp,luh,sandia,sandia,gaussian_process,100,0.95,none,,20.0,0.9576666666666668,0.0583835762463095,0.0419999999999999,0.0410633082714396,0.8257205106958727,0.0746566057631196,0.9857102300855546,0.0303229424285336,1.0,0.0,5815.010409842547,660.3925984236598,5815.010409842545,660.3925984236596,6465.746657778401,2645.351053646468,612.4293502495884,623.0219211853721,117.6889925968506,75.22968463627653,74.77942921542376,5.768146722299926,-0.1099169786674599,-0.109943917545117,0.0564033734299128,2907.5052049212727,330.1962992118298,1.0,,,,,0.999,0.01,1.0,0.0,0.8733333333333333,0.1704947576959354,0.9993333333333334,0.0066666666666666,0.916,0.1131608907944224,0.795173878987132,0.0094281997701951,0.9998813310450672,0.0011866895493268,0.6913567208896713,0.1228172432268896,0.9710123726485028,0.060968881881306,0.0833333333333333,0.1098412281360179,282.06,16.3638058352616,74.0,0.0,20.0,30.0,15.0,0.0,15.0,0.0,100,"Target-domain CP, no adapter",LUH -> SANDIA
cross_target_calibrated_cp,matr,hust,hust,catboost,100,0.9,none,,20.0,0.9017543859649124,0.0748072688967054,0.0597192982456139,0.0446857658414828,0.8028019582481261,0.0916798065681229,0.9499742060279014,0.0491665541918881,1.0,0.0,2531.4148758375345,169.87296709325,2531.4148758375345,169.87296709325008,2733.4088294700405,143.14760940541206,874.0251168229264,896.988931663826,57.54837407145787,81.4635620864753,85.0535468458902,7.2213244975813025,-10.29960229135415,-10.50335792988022,1.6270209055733025,1265.7074379187673,84.93648354662503,1.0,,,,,1.0,0.0,0.993157894736842,0.0232444855433099,0.7121052631578948,0.2105867802591659,1.0,0.0,0.806896551724138,0.1470349767969727,0.8793566952341546,0.0,1.0,0.0,0.6435900168698444,0.1595421937697369,0.898407830947556,0.1020975101752858,0.193103448275862,0.1470349767969727,1499.97,23.638034323239857,89.0,0.0,20.0,57.0,28.0,0.0,29.0,0.0,100,"Target-domain CP, no adapter",MATR -> HUST
cross_target_calibrated_cp,matr,hust,hust,catboost,100,0.95,none,,20.0,0.9478947368421052,0.0521541938940985,0.0425614035087718,0.0299126405776311,0.8619919725894069,0.0695329977437697,0.9772383974528196,0.028736265271743,1.0,0.0,2689.096706489804,172.09555770710435,2689.096706489804,172.09555770710435,2855.8331687464815,139.5036491723495,874.0251168229264,896.988931663826,57.54837407145787,81.4635620864753,85.0535468458902,7.2213244975813025,-10.29960229135415,-10.50335792988022,1.6270209055733025,1344.548353244902,86.04777885355217,1.0,,,,,1.0,0.0,0.9984210526315788,0.0090235056840929,0.8452631578947368,0.1540048943534604,1.0,0.0,0.8975862068965518,0.1025099673090902,0.8793566952341546,0.0,1.0,0.0,0.7478651929641343,0.1240680762960561,0.9542960638150376,0.0582511922189183,0.1024137931034482,0.1025099673090902,1499.97,23.638034323239857,89.0,0.0,20.0,57.0,28.0,0.0,29.0,0.0,100,"Target-domain CP, no adapter",MATR -> HUST
cross_target_calibrated_cp,matr,luh,luh,catboost,100,0.9,none,,20.0,0.913953488372093,0.0618390724974779,0.051813953488372,0.036179187054005,0.8395864331234051,0.0763751436849079,0.9529207337749104,0.0424350845089621,1.0,0.0,1419.312764683966,328.10830144716704,1419.312764683966,328.108301447167,1731.7169805167205,219.55834152230025,335.03397199733956,331.1730847069239,21.00345776235572,65.44587085241079,65.25760260670889,2.527184944039863,-0.006446638732296,0.0370974543021046,0.069425480787933,709.656382341983,164.0541507235835,1.0,,,,,0.9617241379310344,0.0927208102671762,1.0,0.0,0.7831034482758621,0.147466870375178,0.974186046511628,0.0625326394825141,0.8537209302325581,0.0994544009507014,0.8831604410311101,0.0808413593198337,0.9874358432584768,0.0345872309733732,0.7263798857552628,0.1164946138125037,0.9230448069394216,0.0668314424508741,0.133953488372093,0.0940232833834453,486.04,39.574994655971885,89.0,0.0,20.0,86.0,43.0,0.0,43.0,0.0,100,"Target-domain CP, no adapter",MATR -> LUH
cross_target_calibrated_cp,matr,luh,luh,catboost,100,0.95,none,,20.0,0.9530232558139536,0.0464211005320306,0.0367906976744185,0.0282298292914287,0.8898083021700732,0.0608634662297454,0.9774972939635892,0.0284626414617245,1.0,0.0,1703.7445188543954,354.4268355790448,1703.7445188543954,354.42683557904485,2004.983181121168,241.6981576742363,335.03397199733956,331.1730847069239,21.00345776235572,65.44587085241079,65.25760260670889,2.527184944039863,-0.006446638732296,0.0370974543021046,0.069425480787933,851.8722594271977,177.21341778952242,1.0,,,,,0.99,0.0386835210652208,1.0,0.0,0.8706896551724138,0.1230548947273036,0.9932558139534884,0.0260888862998001,0.9127906976744186,0.0829905103974838,0.908363254839856,0.0366204298278899,0.9972447485825148,0.0113718325697213,0.7988032720818697,0.1025420139528424,0.9590723554875352,0.0508635453655152,0.0809302325581395,0.080253407701108,486.04,39.574994655971885,89.0,0.0,20.0,86.0,43.0,0.0,43.0,0.0,100,"Target-domain CP, no adapter",MATR -> LUH
cross_target_calibrated_cp,matr,sandia,sandia,catboost,100,0.9,none,,20.0,0.9093333333333332,0.0753711355945237,0.0586666666666666,0.0478775092528411,0.761768153301465,0.0929625806280051,0.9639688821534462,0.0419805420689516,1.0,0.0,4739.610331962695,811.1268129985701,4739.610331962695,811.1268129985699,5589.894043428028,961.7722959159604,719.4037291333345,722.853691533996,112.29297638487375,94.50154481936504,97.1317918070567,10.995741103630165,0.031261745672036,0.025956557094681,0.0492145695222742,2369.8051659813477,405.56340649928495,1.0,,,,,0.996,0.04,1.0,0.0,0.7291111111111112,0.2124200663170418,0.9973333333333332,0.0266666666666666,0.8213333333333332,0.140507337918625,0.7929604885689119,0.0315621039523956,0.9989102546674308,0.0108974533256923,0.5839433300564244,0.1482333421916012,0.9276943351445373,0.0779569496312834,0.176,0.1348466310923163,283.61,15.546538151139904,89.0,0.0,20.0,30.0,15.0,0.0,15.0,0.0,100,"Target-domain CP, no adapter",MATR -> SANDIA
cross_target_calibrated_cp,matr,sandia,sandia,catboost,100,0.95,none,,20.0,0.9526666666666668,0.0556927598677197,0.0443333333333333,0.0335196811376394,0.8187936494794079,0.0744312725850766,0.9837722252337592,0.0252766072983029,1.0,0.0,5255.967165110338,380.6277988514761,5255.967165110338,380.6277988514759,5692.37851285055,824.7164402301463,719.4037291333345,722.853691533996,112.29297638487375,94.50154481936504,97.1317918070567,10.995741103630165,0.031261745672036,0.025956557094681,0.0492145695222742,2627.983582555169,190.31389942573793,1.0,,,,,1.0,0.0,1.0,0.0,0.8573333333333334,0.1672136180581527,1.0,0.0,0.9053333333333332,0.1113855197354396,0.7961166989641515,0.0,1.0,0.0,0.6786987327026747,0.1269846894111924,0.9666865379242644,0.0527663599804915,0.0946666666666666,0.1113855197354396,283.61,15.546538151139904,89.0,0.0,20.0,30.0,15.0,0.0,15.0,0.0,100,"Target-domain CP, no adapter",MATR -> SANDIA
cross_target_calibrated_cp,sandia,hust,hust,xgboost,100,0.9,none,,20.0,0.9087719298245612,0.0684258235226482,0.0542807017543859,0.0422334129941549,0.8107134578569541,0.0837167867310802,0.9552116350527158,0.0450762649746542,1.0,0.0,3833.122118000985,299.3462117636472,3833.122118000985,299.3462117636474,4022.916202451506,278.0616524867221,1034.8221671824997,933.3054988988802,264.6861059805159,49.06776199033461,45.50149751543736,10.478875937356683,-20.188014067340447,-17.557631072685503,7.1857515717225136,1916.5610590004928,149.67310588182363,1.0,,,,,0.7284210526315789,0.1981644411874648,0.9978947368421052,0.0210526315789473,1.0,0.0,0.8142857142857143,0.1392954264568197,1.0,0.0,0.6469461338441589,0.1495615319007456,0.905792360303024,0.0971828766502973,0.8830302015002593,0.0,1.0,0.0,0.1857142857142857,0.1392954264568197,1501.85,25.579890697202124,34.0,0.0,20.0,57.0,28.0,0.0,29.0,0.0,100,"Target-domain CP, no adapter",SANDIA -> HUST
cross_target_calibrated_cp,sandia,hust,hust,xgboost,100,0.95,none,,20.0,0.9515789473684212,0.0526681897594241,0.0401228070175438,0.0339168957960324,0.8670222960602318,0.0694034372337023,0.9791112615146568,0.0299750045950485,1.0,0.0,4006.1049388780607,335.3326450506714,4006.1049388780607,335.3326450506717,4171.35180376641,266.0173161546617,1034.8221671824997,933.3054988988802,264.6861059805159,49.06776199033461,45.50149751543736,10.478875937356683,-20.188014067340447,-17.557631072685503,7.1857515717225136,2003.0524694390303,167.66632252533577,1.0,,,,,0.8547368421052631,0.1580045692782722,1.0,0.0,1.0,0.0,0.9014285714285714,0.1072173862959704,1.0,0.0,0.7495680029209066,0.1268796856005891,0.956429800967086,0.063427897390377,0.8830302015002593,0.0,1.0,0.0,0.0985714285714285,0.1072173862959704,1501.85,25.579890697202124,34.0,0.0,20.0,57.0,28.0,0.0,29.0,0.0,100,"Target-domain CP, no adapter",SANDIA -> HUST
cross_target_calibrated_cp,sandia,luh,luh,xgboost,100,0.9,none,,20.0,0.9132558139534884,0.0620467680178571,0.0490697674418603,0.0399390689210602,0.8383936528361008,0.0754153211776043,0.9527778278258694,0.0438001306324061,1.0,0.0,1871.528024013893,373.2684216852135,1871.5280240138925,373.26842168521347,2260.032440888061,249.09468325199663,322.9864767668636,322.83245462761187,37.850892934218344,61.192768713838056,57.87064014596685,7.96868309786703,-0.3291621887918339,-0.3263339810377716,0.2825533350295123,935.7640120069462,186.63421084260673,1.0,,,,,1.0,0.0,1.0,0.0,0.7427586206896553,0.1840007603288176,1.0,0.0,0.8265116279069766,0.1240935360357142,0.9179901967742088,0.0,1.0,0.0,0.6964090839897351,0.1373599631127294,0.9030598631130506,0.0916762733717756,0.1734883720930232,0.1240935360357142,482.41,39.91938720405757,34.0,0.0,20.0,86.0,43.0,0.0,43.0,0.0,100,"Target-domain CP, no adapter",SANDIA -> LUH
cross_target_calibrated_cp,sandia,luh,luh,xgboost,100,0.95,none,,20.0,0.950813953488372,0.0484349519750352,0.0376976744186046,0.0301851691258706,0.8871533571268665,0.0635159461077966,0.9759225659250352,0.0297236134602014,1.0,0.0,2180.9625679124083,379.8352421720393,2180.962567912408,379.8352421720392,2528.92233774896,271.06338172819744,322.9864767668636,322.83245462761187,37.850892934218344,61.192768713838056,57.87064014596685,7.96868309786703,-0.3291621887918339,-0.3263339810377716,0.2825533350295123,1090.481283956204,189.9176210860196,1.0,,,,,1.0,0.0,1.0,0.0,0.8541379310344827,0.1436346851673458,1.0,0.0,0.901627906976744,0.0968699039500704,0.9179901967742088,0.0,1.0,0.0,0.7864789930881854,0.1178554671080423,0.9509019696230048,0.0611968773673979,0.0983720930232558,0.0968699039500704,482.41,39.91938720405757,34.0,0.0,20.0,86.0,43.0,0.0,43.0,0.0,100,"Target-domain CP, no adapter",SANDIA -> LUH
cross_target_calibrated_cp,sandia,matr,matr,xgboost,100,0.9,none,,20.0,0.9020183486238532,0.0647919265106502,0.0501100917431192,0.0408132757196126,0.8351153602342866,0.0772173160332974,0.941549536833914,0.0482786333343504,1.0,0.0,3993.836154505479,920.7025141966316,3993.836154505479,920.702514196632,4773.925227642107,462.3554086414824,1219.3312700689253,1056.93234027353,425.3567758327408,87.21033663947148,82.11194132054965,14.517124876915778,-14.231539882063869,-9.550509804611302,10.670977223828324,1996.9180772527395,460.351257098316,1.0,,,,,0.7959957325746799,0.1270594055807782,0.929722222222222,0.0781152491109053,0.9833333333333332,0.0287430489544846,0.8301851851851851,0.1002295725659304,0.9725454545454544,0.050010099990003,0.7145279460336753,0.1130053678450791,0.9019848585714848,0.075063903846028,0.8951471016392942,0.0656688056761106,0.9882436409049576,0.0286279016753713,0.1429999999999999,0.0893298918264471,741.82,27.70967084946801,34.0,0.0,20.0,109.0,54.0,0.0,55.0,0.0,100,"Target-domain CP, no adapter",SANDIA -> MATR
cross_target_calibrated_cp,sandia,matr,matr,xgboost,100,0.95,none,,20.0,0.9483486238532112,0.0551639761011826,0.0409357798165137,0.0367852434001887,0.8940796214349903,0.0695117661222117,0.9720913854048768,0.0375836964358793,1.0,0.0,4664.962133181726,709.7488330429312,4664.962133181726,709.7488330429316,5239.955245246484,576.786629286074,1219.3312700689253,1056.93234027353,425.3567758327408,87.21033663947148,82.11194132054965,14.517124876915778,-14.231539882063869,-9.550509804611302,10.670977223828324,2332.4810665908626,354.87441652146583,1.0,,,,,0.8895021337126601,0.0917312654228996,0.9638888888888888,0.0727469498882574,0.9933333333333332,0.0227216603620242,0.9116666666666668,0.0765963665391731,0.9843636363636364,0.0470887144012086,0.8131474415796816,0.0969071482977813,0.9555053708921472,0.0467777941265453,0.9130983690114024,0.0610609983590191,0.9923856395064456,0.0273966930567941,0.0733367003367003,0.0619309491737244,741.82,27.70967084946801,34.0,0.0,20.0,109.0,54.0,0.0,55.0,0.0,100,"Target-domain CP, no adapter",SANDIA -> MATR
cross_target_adapted_cp,hust,luh,luh,random_forest,100,0.9,linear,20.0,20.0,0.8957575757575758,0.0752594582073308,0.0553939393939393,0.0508201009209327,0.8040029116530483,0.0908836287874163,0.9439768826138096,0.0520095185356265,1.0,0.0,1393.278517560001,304.17687387890265,1393.278517560001,304.17687387890277,1736.0128570484137,242.65894362838733,353.20821916150567,352.2541980275414,22.35528583174275,68.76443599446607,68.24742585936926,3.3163823252386,-0.0884689270968644,-0.0559159702390013,0.1299701932697998,696.6392587800005,152.08843693945136,1.0,0.3380605076045747,0.4091358883845781,97.81937711891028,554.931560945464,0.9304545454545454,0.1253519962553012,0.9904545454545456,0.0518040030220568,0.7663636363636364,0.1464754120358751,0.9478787878787878,0.1000950286343271,0.8436363636363636,0.0977167428594671,0.8285395020424083,0.1223740939101915,0.9738174334922922,0.0581687119659611,0.6921534795881266,0.1144258322468438,0.923457322100879,0.0616869097180876,0.1375757575757575,0.0913081741261511,478.24,50.92559833381013,53.0,20.0,20.0,66.0,33.0,0.0,33.0,0.0,100,Linear target-adapted CP,HUST -> LUH
cross_target_adapted_cp,hust,luh,luh,random_forest,100,0.9,residual_mean,20.0,20.0,0.9157575757575758,0.0637142962970203,0.0541818181818181,0.0366742169824957,0.8281629962696901,0.0789384620358848,0.957616695716626,0.0419757617306357,1.0,0.0,1470.6785251471642,197.02483751955845,1470.6785251471642,197.02483751955845,1691.213872255168,153.30277745266332,368.1621861924656,370.1522782808596,19.80148189130982,72.58422502210378,72.23664763143535,4.462759921707053,-0.1593852639384281,-0.1418857981171318,0.1427730229140934,735.3392625735821,98.51241875977937,1.0,1.0,0.0,-803.6439941824565,101.45918521293105,0.9259090909090908,0.1012599068995438,0.995,0.0213249654888644,0.8263636363636364,0.1426292411314911,0.9475757575757576,0.0742088403142184,0.8839393939393939,0.0958319193145704,0.823883155888294,0.0962752710473171,0.9779309129782504,0.0376563480047028,0.7412595201118125,0.115192079051489,0.9465525484419532,0.0575737037594893,0.1012121212121211,0.082984913159656,489.52,54.80000000000001,53.0,20.0,20.0,66.0,33.0,0.0,33.0,0.0,100,Residual-mean target-adapted CP,HUST -> LUH
cross_target_adapted_cp,hust,luh,luh,random_forest,100,0.95,linear,20.0,20.0,0.9543939393939394,0.0507567191517975,0.0388484848484848,0.0327306735640766,0.8791778933565253,0.0665986132048033,0.979624328315108,0.0300125699067596,1.0,0.0,1737.7730562872405,375.91172341251826,1737.7730562872405,375.91172341251814,2026.4621952797352,289.8096680530595,353.20821916150567,352.2541980275413,22.35528583174274,68.76443599446607,68.24742585936926,3.3163823252385933,-0.0884689270968644,-0.0559159702390002,0.1299701932698,868.8865281436201,187.9558617062592,1.0,0.3380605076045747,0.4091358883845781,97.81937711891028,554.931560945464,0.9795454545454544,0.0586370932678603,0.9977272727272728,0.0227272727272727,0.885909090909091,0.1169168367119842,0.9851515151515152,0.0472789664126948,0.9236363636363636,0.0781804182172144,0.8752646994066106,0.0607907253485208,0.993864836311289,0.0249176206595506,0.7906640884731649,0.0986081632590846,0.9682635136090484,0.0425656249058545,0.0699999999999999,0.0725453034175543,478.24,50.92559833381013,53.0,20.0,20.0,66.0,33.0,0.0,33.0,0.0,100,Linear target-adapted CP,HUST -> LUH
cross_target_adapted_cp,hust,luh,luh,random_forest,100,0.95,residual_mean,20.0,20.0,0.9574242424242424,0.0466228293181904,0.0364848484848484,0.0297451555873814,0.8830051508313688,0.0620240565756071,0.9815243280704856,0.0267495936383057,1.0,0.0,1761.1153534917198,396.6931548229786,1761.1153534917198,396.6931548229786,1989.4399596439716,297.04423655740067,368.1621861924656,370.1522782808594,19.801481891309898,72.58422502210378,72.23664763143526,4.462759921707034,-0.1593852639384282,-0.1418857981171333,0.1427730229140942,880.5576767458598,198.34657741148928,1.0,1.0,0.0,-803.6439941824565,101.45918521293105,0.9704545454545456,0.0690939900719455,0.999090909090909,0.0063956951880131,0.9027272727272728,0.1088802680195253,0.98,0.0464326955263901,0.9348484848484848,0.0737725867843324,0.8673799062880749,0.0621798852263755,0.992520896071171,0.0216922844256201,0.8053768522051189,0.0942154345552121,0.9736368165988698,0.0390438639518832,0.0639393939393939,0.0665712927714995,489.52,54.80000000000001,53.0,20.0,20.0,66.0,33.0,0.0,33.0,0.0,100,Residual-mean target-adapted CP,HUST -> LUH
cross_target_adapted_cp,hust,matr,matr,random_forest,100,0.9,linear,20.0,20.0,0.8964044943820224,0.0803690769332909,0.0614831460674156,0.0515158801851662,0.8209594430826972,0.095555197186451,0.9390458486940446,0.0590886995634321,1.0,0.0,1320.8672171724063,434.8824450715176,1320.8672171724063,434.8824450715175,1818.25989658897,227.21055517092375,277.16164661057087,277.025758425229,20.234242722549904,37.44297270713256,36.63765558007983,5.081739036080895,-0.0173069861350611,0.0193127860459869,0.1079497969931797,660.433608586203,217.44122253575853,1.0,1.1016016354186398,0.8567806200100071,-953.7511466999208,1341.1959962721437,0.9348279569892474,0.1252346455936753,0.9885960591133004,0.0250759718232303,0.769,0.1430197807577365,0.9506818181818182,0.0907973946507564,0.8433333333333333,0.097525181325863,0.8538749977409787,0.1106319850843168,0.9751131012348998,0.0575951147559366,0.7173768513703463,0.1144073481706349,0.9152823841664036,0.0660713320847921,0.1211363636363636,0.0807555300188526,742.5,33.862317783290706,53.0,20.0,20.0,89.0,44.0,0.0,45.0,0.0,100,Linear target-adapted CP,HUST -> MATR
cross_target_adapted_cp,hust,matr,matr,random_forest,100,0.9,residual_mean,20.0,20.0,0.9146067415730336,0.0622014035210051,0.0515505617977527,0.0374195558943967,0.8417429330965943,0.0756361617850781,0.9531605608535694,0.0440053784718463,1.0,0.0,1302.6913860536088,364.3795425182428,1302.6913860536088,364.3795425182428,1688.984056606848,234.08119148737777,271.5874161039103,268.5693151791702,24.157063741055833,35.47239068744241,35.206136118613,2.9210448869015697,-0.0018508794966052,0.0494449826193403,0.1503003432092714,651.3456930268043,182.18977125912147,1.0,1.0,0.0,-768.6392508274683,85.75933885931538,0.947010752688172,0.1178858421094034,0.9972413793103448,0.0106028429625628,0.8023103448275861,0.123454424116994,0.9627272727272728,0.081626650627489,0.8675555555555556,0.0836813533522564,0.8700918692499455,0.1008485664997807,0.9810527447262968,0.0500850665621724,0.7445722688434823,0.0993933205921704,0.9327211781324302,0.0553308016719456,0.1192121212121211,0.081597161292582,735.54,37.189229460675655,53.0,20.0,20.0,89.0,44.0,0.0,45.0,0.0,100,Residual-mean target-adapted CP,HUST -> MATR
cross_target_adapted_cp,hust,matr,matr,random_forest,100,0.95,linear,20.0,20.0,0.9425842696629212,0.0589790621699939,0.0451685393258426,0.0383832427176861,0.8786803579132046,0.0751236957266872,0.9698629653035148,0.0384168246245312,1.0,0.0,1732.5682417434584,551.763405784593,1732.5682417434584,551.763405784593,2271.975557517062,358.84156530092935,277.16164661057087,277.025758425229,20.234242722549975,37.44297270713256,36.63765558007984,5.081739036080906,-0.0173069861350613,0.0193127860459872,0.1079497969931801,866.2841208717296,275.8817028922963,1.0,1.1016016354186398,0.8567806200100071,-953.7511466999208,1341.1959962721437,0.9828064516129033,0.044648282026516,0.9944581280788178,0.0168745042585732,0.8523333333333334,0.1363509533944757,0.985909090909091,0.0338459210661949,0.9002222222222223,0.0934035864079082,0.8990290235461518,0.0471907852955986,0.99475643061947,0.0155709221552435,0.7876195429245986,0.1144416313597258,0.9498686662674316,0.0585564201902614,0.0856868686868686,0.0774370588914899,742.5,33.862317783290706,53.0,20.0,20.0,89.0,44.0,0.0,45.0,0.0,100,Linear target-adapted CP,HUST -> MATR
cross_target_adapted_cp,hust,matr,matr,random_forest,100,0.95,residual_mean,20.0,20.0,0.962134831460674,0.0482194944750298,0.0393707865168539,0.0301354476761648,0.9041187020249652,0.0621088827708972,0.981907875378022,0.0309708511383999,1.0,0.0,1821.7504635177456,510.7572441138677,1821.7504635177456,510.7572441138678,2134.331558275313,335.92199438523295,271.58741610391024,268.5693151791702,24.1570637410558,35.47239068744241,35.20613611861303,2.921044886901568,-0.001850879496605,0.0494449826193407,0.1503003432092713,910.8752317588732,255.37862205693403,1.0,1.0,0.0,-768.6392508274683,85.75933885931538,0.98,0.0704323668071124,0.9996551724137932,0.0034482758620689,0.9079770114942528,0.1015115768606936,0.9861363636363636,0.049297489872425,0.9386666666666666,0.0676780742624765,0.9011520448804116,0.0633407465701243,0.9930514567380472,0.0277624038153524,0.8350011803144823,0.0864758568687011,0.9733284837305304,0.0390258417471382,0.0568030303030302,0.0615347534338672,735.54,37.189229460675655,53.0,20.0,20.0,89.0,44.0,0.0,45.0,0.0,100,Residual-mean target-adapted CP,HUST -> MATR
cross_target_adapted_cp,hust,sandia,sandia,random_forest,100,0.9,linear,20.0,20.0,0.91,0.1077782984471438,0.0839999999999999,0.0677487932726405,0.6181209432448266,0.1178284226231008,0.9743021608676042,0.0398434363783156,1.0,0.0,4280.760707696726,926.3940272272577,4280.760707696726,926.3940272272577,4906.215598393741,988.9289687657396,800.8224086980674,788.0599118297778,202.24779003537947,109.43556826618747,108.92927749983556,19.783396300518024,-4.408489618290968,0.0063876949713818,22.69348769026104,2140.3803538483635,463.19701361362826,1.0,1.5577199992593764,0.7579735949163426,-1607.1166560607371,1065.3184657552767,0.9875,0.0547607283893976,0.9833333333333332,0.0870388279778489,0.73,0.3158548871939609,0.988,0.0555595958126828,0.8320000000000001,0.2064025683028682,0.5545702864592453,0.0496936386807208,0.9973748279123762,0.0136308613995869,0.4249607278221925,0.1561214707751747,0.9505429155617794,0.0845530638534251,0.1639999999999999,0.2057359295973183,332.0,297.447457375231,53.0,20.0,20.0,10.0,5.0,0.0,5.0,0.0,100,Linear target-adapted CP,HUST -> SANDIA
cross_target_adapted_cp,hust,sandia,sandia,random_forest,100,0.9,residual_mean,20.0,20.0,0.892,0.1211727208691307,0.0899999999999999,0.0810287391340662,0.5990936020742869,0.128244870547443,0.967320682833208,0.0493586104814425,1.0,0.0,4184.746355549964,962.2205833127288,4184.746355549964,962.220583312729,5286.539494350104,1877.1057430338972,785.8692667909198,772.1642287608996,204.66126312288944,101.62435867516088,102.40897075708664,13.89942988762976,-6.385622522691133,0.0040796456469767,22.08382705152344,2092.373177774982,481.11029165636415,1.0,1.0,0.0,-731.2651337649013,183.03517088284255,0.9885,0.0581077890778435,0.9733333333333332,0.1129146554544009,0.6833333333333332,0.3295236844080536,0.988,0.062409530481726,0.7959999999999999,0.2291486218791003,0.5550220120289232,0.0536867507872833,0.9969231023426984,0.0172172497584537,0.3987210589920048,0.1666423581819801,0.9360653218563556,0.1006459897564443,0.1999999999999999,0.2256304299271065,349.04,368.25065354780287,53.0,20.0,20.0,10.0,5.0,0.0,5.0,0.0,100,Residual-mean target-adapted CP,HUST -> SANDIA
cross_target_adapted_cp,hust,sandia,sandia,random_forest,100,0.95,linear,20.0,20.0,0.96,0.0666666666666666,0.0579999999999999,0.0338743966363202,0.673740750937162,0.0783292685392793,0.99092907318898,0.0191141553054761,1.0,0.0,4850.365643840448,729.8179257286489,4850.365643840448,729.8179257286489,5210.112518587676,890.8546433491094,800.8224086980674,788.0599118297785,202.24779003537955,109.43556826618745,108.92927749983562,19.783396300518,-4.408489618290942,0.0063876949713827,22.693487690260884,2425.182821920223,364.90896286432513,1.0,1.5577199992593764,0.7579735949163426,-1607.1166560607371,1065.3184657552767,0.995,0.0351763235340724,1.0,0.0,0.8716666666666667,0.213009803076078,0.996,0.0281410588272579,0.924,0.1264272058689837,0.5617178771077395,0.0267316005928142,0.9992755178273514,0.005096923859951,0.496803178546368,0.1096926583723934,0.9827556913174998,0.0356008965366891,0.0759999999999999,0.123189924814319,332.0,297.447457375231,53.0,20.0,20.0,10.0,5.0,0.0,5.0,0.0,100,Linear target-adapted CP,HUST -> SANDIA
cross_target_adapted_cp,hust,sandia,sandia,random_forest,100,0.95,residual_mean,20.0,20.0,0.953,0.0869865890046659,0.0659999999999999,0.0563538603447676,0.667309886088765,0.0959021010216962,0.9872453972354576,0.0318698600443404,1.0,0.0,4739.704850377407,624.8956793822348,4739.704850377407,624.8956793822349,5253.0501815549715,1341.943681395957,785.8692667909198,772.1642287609001,204.66126312288935,101.62435867516088,102.40897075708666,13.89942988762976,-6.385622522691127,0.0040796456469756,22.083827051523425,2369.8524251887034,312.4478396911175,1.0,1.0,0.0,-731.2651337649013,183.03517088284255,1.0,0.0,0.9933333333333332,0.0666666666666666,0.85,0.2611164839335467,1.0,0.0,0.906,0.1739731780093318,0.5655175352168255,0.0,1.0,0.0,0.4864414516532801,0.1320707125384454,0.972758786942782,0.0721856880120031,0.0939999999999999,0.1739731780093318,349.04,368.25065354780287,53.0,20.0,20.0,10.0,5.0,0.0,5.0,0.0,100,Residual-mean target-adapted CP,HUST -> SANDIA
cross_target_adapted_cp,luh,hust,hust,gaussian_process,100,0.9,linear,20.0,20.0,0.9021621621621624,0.078705765646164,0.0658918918918918,0.0425878189372316,0.7721410068284408,0.0974937028618389,0.9565303202819608,0.0458095061225986,1.0,0.0,952.297,129.63775049940284,952.297,129.63775049940287,1145.4521351351352,107.20181575600375,234.02585135135135,232.05810810810812,22.17401918228381,15.9791534097023,15.942278537256158,1.585436011962256,-0.0808765337841031,-0.0458997004049209,0.1051628428824476,476.14850000000007,64.81887524970143,1.0,1.0,0.0,1091.3859235164623,57.504388508571175,0.8592307692307694,0.1421569373051468,1.0,0.0,0.8508333333333333,0.1801354864829807,0.8983333333333333,0.1026688991648282,0.9057894736842106,0.1137697809366194,0.6928969765800597,0.1172778127412972,0.9636525752481032,0.0533877517946476,0.7122572831895059,0.1321840602284011,0.962830946553055,0.0592382662152834,0.1071052631578946,0.1039493882960501,1499.96,46.21533262562287,74.0,20.0,20.0,37.0,18.0,0.0,19.0,0.0,100,Linear target-adapted CP,LUH -> HUST
cross_target_adapted_cp,luh,hust,hust,gaussian_process,100,0.9,residual_mean,20.0,20.0,0.9075675675675676,0.0726004383540624,0.0596756756756756,0.0416114449127708,0.7780850971334476,0.0899111063219484,0.9603801994273624,0.0423673876497604,1.0,0.0,957.39,125.9012194965048,957.39,125.9012194965048,1122.6002702702704,91.2762498713214,232.93305405405405,232.1236486486487,20.050527738922305,15.876333490113227,15.756935200004632,1.395234189480205,-0.0839982918124764,-0.0441814724177071,0.1131352455927455,478.695,62.95060974825238,1.0,1.0,0.0,1087.3994235164623,52.42608877172635,0.8784615384615385,0.1158008550280292,1.0,0.0,0.8466666666666667,0.1652804303326742,0.9122222222222222,0.0836339508535767,0.903157894736842,0.10438764021011,0.708384496583234,0.1013380942722765,0.9710572990325218,0.0377754185051487,0.7071521827571811,0.1224304641188364,0.9635580429014464,0.0533020096511707,0.0908771929824561,0.0816227460348837,1503.09,44.651760289709664,74.0,20.0,20.0,37.0,18.0,0.0,19.0,0.0,100,Residual-mean target-adapted CP,LUH -> HUST
cross_target_adapted_cp,luh,hust,hust,gaussian_process,100,0.95,linear,20.0,20.0,0.9467567567567567,0.0566474513943415,0.0433513513513513,0.0363488064734805,0.8296273059430057,0.0754487060154374,0.979844269133267,0.0278750735279792,1.0,0.0,1115.023,178.27857151552504,1115.023,178.27857151552513,1310.9559729729729,145.44941175956518,234.02585135135135,232.05810810810812,22.17401918228381,15.9791534097023,15.942278537256158,1.585436011962256,-0.0808765337841031,-0.0458997004049209,0.1051628428824476,557.5115000000001,89.13928575776256,1.0,1.0,0.0,1091.3859235164623,57.504388508571175,0.9146153846153848,0.1053780645540232,1.0,0.0,0.9283333333333332,0.1190473785471356,0.9383333333333332,0.0761063799556834,0.9547368421052632,0.0751878180297698,0.7413577410547388,0.0920950374537145,0.9811214728816914,0.0352166665804791,0.7719980181029125,0.0945315957631276,0.9845210876008136,0.0314990610718342,0.0645906432748537,0.0781829689905344,1499.96,46.21533262562287,74.0,20.0,20.0,37.0,18.0,0.0,19.0,0.0,100,Linear target-adapted CP,LUH -> HUST
cross_target_adapted_cp,luh,hust,hust,gaussian_process,100,0.95,residual_mean,20.0,20.0,0.9575675675675676,0.0481723583018299,0.0399999999999999,0.0276090751842813,0.8440291851807867,0.0659787486190154,0.9850303287963031,0.0219551183241221,1.0,0.0,1151.804,183.75833818503384,1151.804,183.758338185034,1289.298054054054,126.81942361065616,232.93305405405405,232.1236486486487,20.050527738922305,15.876333490113227,15.756935200004632,1.395234189480205,-0.0839982918124764,-0.0441814724177071,0.1131352455927455,575.902,91.87916909251696,1.0,1.0,0.0,1087.3994235164623,52.42608877172635,0.9353846153846156,0.0793856031934108,1.0,0.0,0.9391666666666668,0.0975679279331442,0.9533333333333333,0.0573340467507967,0.9615789473684212,0.0616218492209332,0.7596530449314375,0.073751412981996,0.9875497922955933,0.0221898248249531,0.7796052977054653,0.079698394682874,0.988296618616488,0.0238906926941158,0.0429239766081871,0.055904806439766,1503.09,44.651760289709664,74.0,20.0,20.0,37.0,18.0,0.0,19.0,0.0,100,Residual-mean target-adapted CP,LUH -> HUST
cross_target_adapted_cp,luh,matr,matr,gaussian_process,100,0.9,linear,20.0,20.0,0.8997752808988764,0.0720546725373966,0.0568988764044943,0.0438376877513064,0.8241548906685326,0.086144892802558,0.9423130311403244,0.0524312556897175,1.0,0.0,6866.880498497011,50644.10450853384,6866.880498497011,50644.10450853384,137201.86696663464,612501.8618352585,6792.113030811795,289.30855946058637,30498.879593921003,39.015853163673846,38.323803223456906,4.223839482799774,-354566.72814572044,-0.0426147208424767,1889567.588026736,3433.4402492485056,25322.05225426692,1.0,-346322222686.0714,2352806969191.535,140580329034982.31,959085386338769.2,0.9170537634408602,0.1285642847919204,0.9910098522167488,0.0238837244791278,0.7943218390804598,0.1248907322847301,0.9379545454545456,0.0899777244696872,0.8624444444444443,0.0830095468061067,0.8364838417011391,0.1122712512841086,0.9690935999158644,0.0543360541508234,0.7388076472826165,0.1002426063940403,0.9290675715914544,0.0534866817077838,0.1027424242424242,0.06539461983738,741.72,33.422329679603735,74.0,20.0,20.0,89.0,44.0,0.0,45.0,0.0,100,Linear target-adapted CP,LUH -> MATR
cross_target_adapted_cp,luh,matr,matr,gaussian_process,100,0.9,residual_mean,20.0,20.0,0.9091011235955055,0.061585255934821,0.0499999999999999,0.0367581058438101,0.8347358760360902,0.0746991779202327,0.9496119888616188,0.0437187538612005,1.0,0.0,1320.971009130671,389.0161646215845,1320.971009130671,389.0161646215845,1833.9289891233047,231.38583330450768,284.2288885484251,281.71488929603424,16.5668508942721,36.64309324762776,36.45817040279624,2.120470237473263,-0.0760314164240605,-0.0388662699268177,0.0884252447169397,660.4855045653355,194.50808231079225,1.0,1.0,0.0,382.03791469803065,78.81499636918198,0.9443655913978496,0.0927120890201176,1.0,0.0,0.7859655172413792,0.1276421330227498,0.9620454545454544,0.0632230279622326,0.8573333333333334,0.0851151813076758,0.8665344307535721,0.0821475618154983,0.9833560408641592,0.0351367315051248,0.7320571371474535,0.0985218225380684,0.9263998536247756,0.0591446023218158,0.1118737373737373,0.0762866433774522,743.51,35.13135380542603,74.0,20.0,20.0,89.0,44.0,0.0,45.0,0.0,100,Residual-mean target-adapted CP,LUH -> MATR
cross_target_adapted_cp,luh,matr,matr,gaussian_process,100,0.95,linear,20.0,20.0,0.9415730337078652,0.0598399122201299,0.0419101123595505,0.043339896781099,0.8768691839539267,0.0745095404826722,0.9697353502531584,0.0407771840935541,1.0,0.0,22578.10661058998,132507.3926755941,22578.10661058998,132507.3926755941,278385.5806793058,1229137.6335112413,6792.113030811795,289.30855946058637,30498.879593921003,39.015853163673846,38.323803223456906,4.223839482799774,-354566.72814572044,-0.0426147208424767,1889567.588026736,11289.05330529499,66253.69633779705,1.0,-346322222686.0714,2352806969191.535,140580329034982.31,959085386338769.2,0.9620430107526882,0.0852604955075171,0.9958497536945814,0.0149562351324174,0.8686666666666667,0.1176671865003158,0.9713636363636364,0.0604871422852401,0.9124444444444444,0.0784447910002105,0.8802209643991946,0.0788477129877448,0.9868094527848555,0.0331709701760892,0.8014880749796512,0.0987251793195284,0.9585219840211308,0.0466281733257298,0.0742727272727272,0.0573795885550314,741.72,33.422329679603735,74.0,20.0,20.0,89.0,44.0,0.0,45.0,0.0,100,Linear target-adapted CP,LUH -> MATR
cross_target_adapted_cp,luh,matr,matr,gaussian_process,100,0.95,residual_mean,20.0,20.0,0.9552808988764044,0.0435307305320747,0.0345730337078651,0.026753051158514,0.8939630240480716,0.0570141994481869,0.9789228722896148,0.0269072396874655,1.0,0.0,1791.3870172740667,463.3521676346079,1791.3870172740667,463.3521676346079,2254.4126329018823,400.84653606370017,284.2288885484251,281.71488929603424,16.5668508942721,36.64309324762776,36.45817040279624,2.120470237473263,-0.0760314164240605,-0.0388662699268177,0.0884252447169397,895.6935086370333,231.676083817304,1.0,1.0,0.0,382.03791469803065,78.81499636918198,0.9916666666666668,0.0265379892028679,1.0,0.0,0.8756666666666666,0.1166166318874463,0.994318181818182,0.0180940835474099,0.9171111111111112,0.0777444212582975,0.9109792230371282,0.026615276519138,0.9982739868834646,0.0068960884028534,0.8070380964644803,0.0963211030802703,0.9615712142814612,0.0479584403709243,0.0781363636363636,0.0717412129129354,743.51,35.13135380542603,74.0,20.0,20.0,89.0,44.0,0.0,45.0,0.0,100,Residual-mean target-adapted CP,LUH -> MATR
cross_target_adapted_cp,luh,sandia,sandia,gaussian_process,100,0.9,linear,20.0,20.0,0.915,0.1038403981253359,0.0769999999999999,0.0708605117199425,0.6231355564506981,0.1126444095548271,0.976512219663104,0.0397576053980648,1.0,0.0,4981.767951850157,2609.3770764396168,4981.767951850157,2609.3770764396168,5866.777525084692,2941.2390294054967,862.8801030385632,877.6797245155703,218.80071244601123,111.29178435323952,111.318400728425,15.37269987447466,-7.444413275279056,-0.0933177854009169,28.462691944388677,2490.883975925078,1304.6885382198084,1.0,-348.30454298592645,881.3552057499784,141306.63367731826,354308.4526026172,0.995,0.0351763235340724,0.9833333333333332,0.0870388279778489,0.74,0.3018089866488369,0.996,0.0281410588272579,0.8340000000000001,0.2050966758985782,0.5617178771077395,0.0267316005928142,0.9992755178273514,0.005096923859951,0.4262741741518112,0.1525332643085295,0.951491539373028,0.0878039480814846,0.1659999999999999,0.2031171230018918,320.09,284.7466034596694,74.0,20.0,20.0,10.0,5.0,0.0,5.0,0.0,100,Linear target-adapted CP,LUH -> SANDIA
cross_target_adapted_cp,luh,sandia,sandia,gaussian_process,100,0.9,residual_mean,20.0,20.0,0.928,0.0964836302648843,0.0779999999999999,0.062893207547044,0.6377550858688646,0.1063147296938896,0.9806768374485024,0.0354491678023853,1.0,0.0,4510.97381013701,1074.739630042381,4510.97381013701,1074.7396300423811,5378.979837966759,1535.3399137090485,814.672979116315,823.5771662726215,184.05131978313696,107.753193308913,109.97653915252867,14.963650269335645,-10.347295120845455,-0.0679923966601383,28.65948532866017,2255.486905068505,537.3698150211906,1.0,1.0,0.0,379.9599428126153,197.56154901384224,0.9975,0.025,0.9933333333333332,0.0666666666666666,0.7683333333333333,0.2880864924992038,0.998,0.0199999999999999,0.858,0.1870450710012391,0.5636177061622825,0.01899829054543,0.9996377589136758,0.003622410863243,0.4444593589016711,0.1446716711124254,0.9604511963135758,0.0748627582037482,0.1399999999999999,0.183126605208947,298.86,136.72445341494756,74.0,20.0,20.0,10.0,5.0,0.0,5.0,0.0,100,Residual-mean target-adapted CP,LUH -> SANDIA
cross_target_adapted_cp,luh,sandia,sandia,gaussian_process,100,0.95,linear,20.0,20.0,0.949,0.0834786611577285,0.0679999999999999,0.0479477830456205,0.6621518920528789,0.0955981270403352,0.9866236536702464,0.0259726835981423,1.0,0.0,5629.224453376079,2969.37472089285,5629.224453376079,2969.37472089285,6084.850083955234,2968.3198582583454,862.8801030385632,877.6797245155703,218.80071244601123,111.29178435323952,111.318400728425,15.37269987447466,-7.444413275279056,-0.0933177854009169,28.462691944388677,2814.6122266880393,1484.687360446425,1.0,-348.30454298592645,881.3552057499784,141306.63367731826,354308.4526026172,1.0,0.0,1.0,0.0,0.83,0.2782622038590953,1.0,0.0,0.898,0.1669573223154571,0.5655175352168255,0.0,1.0,0.0,0.4780255873470601,0.1364634021152865,0.9721263706855328,0.0549121295274074,0.1019999999999999,0.1669573223154572,320.09,284.7466034596694,74.0,20.0,20.0,10.0,5.0,0.0,5.0,0.0,100,Linear target-adapted CP,LUH -> SANDIA
cross_target_adapted_cp,luh,sandia,sandia,gaussian_process,100,0.95,residual_mean,20.0,20.0,0.969,0.064659168574983,0.0589999999999999,0.0320825954263823,0.6852225668377895,0.0758495591544403,0.9924516668908204,0.018225610251663,1.0,0.0,5074.176961407694,717.5449672658984,5074.176961407694,717.5449672658983,5463.816961407693,1007.9504562940592,814.672979116315,823.5771662726215,184.05131978313696,107.753193308913,109.97653915252867,14.963650269335645,-10.347295120845455,-0.0679923966601383,28.65948532866017,2537.088480703847,358.77248363294916,1.0,1.0,0.0,379.9599428126153,197.56154901384224,1.0,0.0,1.0,0.0,0.895,0.217957820855959,1.0,0.0,0.938,0.1293183371499661,0.5655175352168255,0.0,1.0,0.0,0.5110054330675248,0.1097917818916989,0.9843879277824142,0.0381481885191849,0.0619999999999999,0.1293183371499661,298.86,136.72445341494756,74.0,20.0,20.0,10.0,5.0,0.0,5.0,0.0,100,Residual-mean target-adapted CP,LUH -> SANDIA
cross_target_adapted_cp,matr,hust,hust,catboost,100,0.9,linear,20.0,20.0,0.8975675675675676,0.0782841837519606,0.0591891891891891,0.0509474467012043,0.7660261435582573,0.0959497604018198,0.9543203095192968,0.0468759995402611,1.0,0.0,984.7960239734064,136.76916085122724,984.7960239734064,136.7691608512272,1182.982001777239,115.2082328307201,240.99809927955383,240.4718854481734,21.153163940835164,16.38536354489977,16.34371550321235,1.5274408250582752,-0.1394762425870777,-0.0723802532566771,0.1852047264753107,492.3980119867032,68.3845804256136,1.0,-0.1516452629916614,1.1747885206648332,1574.3616674572838,684.186555543044,0.8707692307692309,0.1514498693860874,0.9991666666666668,0.0083333333333333,0.825,0.1591309874160419,0.9061111111111112,0.1098965605544526,0.8894736842105263,0.1005037815259212,0.7043816983489225,0.1259677173978997,0.9649875100002924,0.0571815462648208,0.68931044563076,0.1182238767141256,0.9586341587914126,0.0510912649450811,0.1024269005847952,0.0971227834790768,1500.02,52.701748959919165,89.0,20.0,20.0,37.0,18.0,0.0,19.0,0.0,100,Linear target-adapted CP,MATR -> HUST
cross_target_adapted_cp,matr,hust,hust,catboost,100,0.9,residual_mean,20.0,20.0,0.905945945945946,0.0701504680264601,0.0599459459459459,0.0364278049054319,0.7759568912973387,0.0883072941846642,0.9595702144283488,0.0393679125089574,1.0,0.0,1007.4603566621204,124.62862662031804,1007.4603566621204,124.62862662031796,1177.9737725583475,91.64335139629002,246.0212247555446,245.6520546957812,25.97806964570476,16.828349228621178,16.694128665309826,1.8470011239490765,-0.1950210399076996,-0.1728938841713013,0.1669583122922092,503.73017833106024,62.31431331015899,1.0,1.0,0.0,873.4001869334362,79.59570608011626,0.8492307692307693,0.1279344461865868,0.9991666666666668,0.0083333333333333,0.8741666666666668,0.1672946921727665,0.8911111111111112,0.092397100023646,0.92,0.1067098879948079,0.6828739902458798,0.1088421593964733,0.9617715948127348,0.0450128360648788,0.7299502853657874,0.1270376619767677,0.9687791664300148,0.0520692761663146,0.1109941520467835,0.0934443415659166,1497.96,45.01647734244912,89.0,20.0,20.0,37.0,18.0,0.0,19.0,0.0,100,Residual-mean target-adapted CP,MATR -> HUST
cross_target_adapted_cp,matr,hust,hust,catboost,100,0.95,linear,20.0,20.0,0.95,0.0602967626133072,0.0474864864864864,0.0368504510751528,0.8348317631340025,0.0796994616402365,0.9805161936125152,0.0303647149606204,1.0,0.0,1169.5598040298685,177.69098027591855,1169.5598040298685,177.69098027591852,1353.9406653636502,166.86144624490592,240.99809927955383,240.4718854481734,21.153163940835164,16.38536354489977,16.34371550321235,1.5274408250582752,-0.1394762425870777,-0.0723802532566771,0.1852047264753107,584.7799020149342,88.84549013795927,1.0,-0.1516452629916614,1.1747885206648332,1574.3616674572838,684.186555543044,0.9292307692307692,0.0994155414583146,1.0,0.0,0.9225,0.1351802844921402,0.9488888888888888,0.0718001132754495,0.9510526315789474,0.0853770217845096,0.7554669738298633,0.0887895349503249,0.9844103453851376,0.0312523918694394,0.767869005597281,0.1024212823836947,0.982520894388938,0.0415741704865869,0.05906432748538,0.0833671364143006,1500.02,52.701748959919165,89.0,20.0,20.0,37.0,18.0,0.0,19.0,0.0,100,Linear target-adapted CP,MATR -> HUST
cross_target_adapted_cp,matr,hust,hust,catboost,100,0.95,residual_mean,20.0,20.0,0.9527027027027029,0.0491007896680153,0.0404054054054053,0.0277340633369556,0.8371682610961366,0.0672337682571791,0.9830766803755856,0.0223365449330254,1.0,0.0,1164.2613813508144,183.57667873566623,1164.2613813508144,183.57667873566623,1337.1496103101836,133.901586183316,246.0212247555446,245.6520546957812,25.97806964570476,16.828349228621178,16.694128665309826,1.8470011239490765,-0.1950210399076996,-0.1728938841713013,0.1669583122922092,582.1306906754071,91.78833936783307,1.0,1.0,0.0,873.4001869334362,79.59570608011626,0.9130769230769232,0.1017772850061895,1.0,0.0,0.9483333333333333,0.086049994603534,0.9372222222222222,0.0735058169489146,0.9673684210526317,0.0543473650127583,0.7400657764142697,0.0921221008433126,0.9805820580191532,0.0303618227392651,0.7870379145946651,0.0721493799168977,0.990495610711942,0.0188449046579196,0.0587426900584795,0.0661438855957127,1497.96,45.01647734244912,89.0,20.0,20.0,37.0,18.0,0.0,19.0,0.0,100,Residual-mean target-adapted CP,MATR -> HUST
cross_target_adapted_cp,matr,luh,luh,catboost,100,0.9,linear,20.0,20.0,0.91,0.0656325448748515,0.052121212121212,0.0407992607912031,0.8210804999639345,0.0810122110471507,0.9538174032849616,0.043727505892153,1.0,0.0,1350.54420905113,283.3530594430148,1350.54420905113,283.35305944301473,1706.8744420808182,380.13418726234335,318.0164357974082,313.1516492627542,37.6852419092864,65.6417562523839,64.91232257218168,4.934001886826463,0.0485336641527864,0.0884014731768921,0.3290260306706254,675.272104525565,141.67652972150736,1.0,5.440764150975471,5.10960422434358,-2610.7713797665374,3093.768323932421,0.961818181818182,0.0741481945441229,0.999090909090909,0.0063956951880131,0.769090909090909,0.1722311758307442,0.9742424242424242,0.0501132645933069,0.8457575757575758,0.1153378383997585,0.8592143173662855,0.0676249709520718,0.9903720182979948,0.0229217402782578,0.6968475352661317,0.1323114739478798,0.9225633330999664,0.0756912349489253,0.1381818181818181,0.1085624721222921,477.67,55.86854249400139,89.0,20.0,20.0,66.0,33.0,0.0,33.0,0.0,100,Linear target-adapted CP,MATR -> LUH
cross_target_adapted_cp,matr,luh,luh,catboost,100,0.9,residual_mean,20.0,20.0,0.9207575757575758,0.0567267400083295,0.0514242424242423,0.0313366865400641,0.8338331834194618,0.0710220886491495,0.9613964829967188,0.0366016506428229,1.0,0.0,1461.7873153825185,306.90510507043325,1461.787315382518,306.90510507043325,1743.7559598503442,216.15999099499177,329.9988465559241,329.55255023740756,20.964165349056067,65.15007420239256,64.88887156682881,3.6955745060133367,-0.007310777801089,0.023886319239776,0.1075127402800786,730.893657691259,153.4525525352166,1.0,1.0,0.0,-21.81695109714116,135.88049920088827,0.9763636363636364,0.0720816151688211,1.0,0.0,0.7859090909090909,0.1450831749033523,0.9842424242424244,0.0480544101125474,0.8572727272727273,0.0967221166022349,0.8743141097622592,0.0634461265160838,0.993186825951172,0.023008555080119,0.7079981343761851,0.112693109528136,0.9320416673798446,0.0615701388177061,0.133030303030303,0.0941563693847895,485.53,51.47254931838266,89.0,20.0,20.0,66.0,33.0,0.0,33.0,0.0,100,Residual-mean target-adapted CP,MATR -> LUH
cross_target_adapted_cp,matr,luh,luh,catboost,100,0.95,linear,20.0,20.0,0.9540909090909092,0.0476441792252206,0.0389999999999999,0.0273954149576456,0.8785315812653012,0.0636211945992344,0.97969791468331,0.026998031656025,1.0,0.0,1681.56853269842,336.7294935611831,1681.56853269842,336.72949356118306,1995.6074691718543,577.1922567556187,318.0164357974082,313.1516492627542,37.6852419092864,65.6417562523839,64.91232257218168,4.934001886826463,0.0485336641527864,0.0884014731768921,0.3290260306706254,840.78426634921,168.3647467805915,1.0,5.440764150975471,5.10960422434358,-2610.7713797665374,3093.768323932421,0.985909090909091,0.0441478857101013,1.0,0.0,0.8763636363636365,0.1321004861545709,0.9906060606060606,0.0294319238067342,0.9175757575757576,0.0880669907697139,0.8821254206774369,0.0411723328747619,0.996775715067272,0.011881305058496,0.7841108698106152,0.1093147200832848,0.9639593989084764,0.0497197100713308,0.0809090909090908,0.083301187555633,477.67,55.86854249400139,89.0,20.0,20.0,66.0,33.0,0.0,33.0,0.0,100,Linear target-adapted CP,MATR -> LUH
cross_target_adapted_cp,matr,luh,luh,catboost,100,0.95,residual_mean,20.0,20.0,0.9612121212121212,0.0426553676220648,0.0367272727272727,0.024164935845973,0.8879218838330444,0.0575255145081817,0.9837666666065862,0.0235515834632145,1.0,0.0,1806.002713875736,357.2803938853126,1806.002713875736,357.2803938853126,2042.5736524019303,230.49937816723389,329.9988465559241,329.55255023740756,20.964165349056067,65.15007420239256,64.88887156682881,3.6955745060133367,-0.007310777801089,0.023886319239776,0.1075127402800786,903.001356937868,178.6401969426563,1.0,1.0,0.0,-21.81695109714116,135.88049920088827,0.994090909090909,0.037479994385407,1.0,0.0,0.8895454545454545,0.1226251998749753,0.996060606060606,0.0249866629236047,0.9263636363636364,0.0817501332499835,0.8903897628866342,0.0331500430975243,0.9982829728848848,0.0117654108605183,0.794648487388315,0.1018550387390138,0.9691649147073034,0.0456211885537815,0.0745454545454545,0.0814278346164686,485.53,51.47254931838266,89.0,20.0,20.0,66.0,33.0,0.0,33.0,0.0,100,Residual-mean target-adapted CP,MATR -> LUH
cross_target_adapted_cp,matr,sandia,sandia,catboost,100,0.9,linear,20.0,20.0,0.904,0.1072333432239706,0.0859999999999999,0.0635959467611296,0.6111880621909108,0.1186090530831454,0.9725654355198748,0.0377206069459892,1.0,0.0,3813.758602118128,1160.239085087317,3813.758602118128,1160.239085087317,4698.601761529294,1614.1183169797278,716.5979792476242,725.9851613886076,240.5160491900076,99.40180103764976,99.08683668806542,19.807102049971228,-4.583974956634578,0.0706072124957571,21.818028675228756,1906.879301059064,580.1195425436588,1.0,7.63518864343858,3.7563735530758144,-3923.802152957427,2304.185067287935,0.965,0.1006293328322444,0.9866666666666668,0.0656487951889774,0.74,0.3302211618183824,0.972,0.0805034662657955,0.836,0.2037625871429589,0.5398233795925792,0.0724108037932751,0.994025173652104,0.0193900157937134,0.4281262491024155,0.1590708337002575,0.9519015345632912,0.075434864592561,0.1679999999999999,0.2004439517116387,303.26,138.0255151350026,89.0,20.0,20.0,10.0,5.0,0.0,5.0,0.0,100,Linear target-adapted CP,MATR -> SANDIA
cross_target_adapted_cp,matr,sandia,sandia,catboost,100,0.9,residual_mean,20.0,20.0,0.914,0.1034944979750668,0.0779999999999999,0.069019101440372,0.6219984444489529,0.1130440095189857,0.9762043972645748,0.0385203434596611,1.0,0.0,4641.31787606345,875.8184467141624,4641.31787606345,875.8184467141623,5329.844691784108,1057.4607152387832,805.7965654575142,816.7512999262523,204.7372742165519,100.92355640377048,102.62910151870813,16.43869460917614,-4.937271757257424,-0.0221349818256065,17.523401922466395,2320.658938031725,437.9092233570812,1.0,1.0,0.0,97.31190431785096,217.319793886489,0.9975,0.025,0.99,0.0571488693325884,0.7266666666666667,0.3084300057750571,0.998,0.0199999999999999,0.83,0.2017599333541491,0.5636177061622825,0.01899829054543,0.9996377589136758,0.003622410863243,0.4221574476282937,0.1540033490832819,0.9510841256148108,0.0800078572282593,0.1679999999999999,0.1984179854995433,312.62,220.2925410366035,89.0,20.0,20.0,10.0,5.0,0.0,5.0,0.0,100,Residual-mean target-adapted CP,MATR -> SANDIA
cross_target_adapted_cp,matr,sandia,sandia,catboost,100,0.95,linear,20.0,20.0,0.95,0.0771984194112545,0.0639999999999999,0.0426874949162189,0.6624578435357071,0.0893653119193319,0.9877626365876928,0.0232625486657403,1.0,0.0,4444.278225848737,1218.0683425433592,4444.278225848737,1218.068342543359,5042.809834871601,1653.044981163672,716.5979792476242,725.9851613886076,240.5160491900076,99.40180103764976,99.08683668806542,19.807102049971228,-4.583974956634578,0.0706072124957571,21.818028675228756,2222.1391129243684,609.0341712716795,1.0,7.63518864343858,3.7563735530758144,-3923.802152957427,2304.185067287935,0.9825,0.0732971673905256,1.0,0.0,0.8566666666666667,0.2518394728587771,0.986,0.0586377339124205,0.914,0.1511036837152663,0.5526704574047023,0.0528050831534553,0.997012586826052,0.0140357095141413,0.4906485235205832,0.1250362929838122,0.9775999956389484,0.0484727674263965,0.0999999999999999,0.154396838822509,303.26,138.0255151350026,89.0,20.0,20.0,10.0,5.0,0.0,5.0,0.0,100,Linear target-adapted CP,MATR -> SANDIA
cross_target_adapted_cp,matr,sandia,sandia,catboost,100,0.95,residual_mean,20.0,20.0,0.96,0.0681649810860726,0.0599999999999999,0.0333333333333333,0.6740363136665204,0.0803975314535193,0.9906335104596216,0.0188721145183715,1.0,0.0,5145.183518929659,533.4960804775557,5145.183518929659,533.4960804775558,5395.458396263741,580.0352320729309,805.7965654575142,816.7512999262523,204.7372742165519,100.92355640377048,102.62910151870813,16.43869460917614,-4.937271757257424,-0.0221349818256065,17.523401922466395,2572.591759464829,266.7480402387779,1.0,1.0,0.0,97.31190431785096,217.319793886489,1.0,0.0,1.0,0.0,0.8666666666666667,0.2272166036202422,1.0,0.0,0.92,0.1363299621721453,0.5655175352168255,0.0,1.0,0.0,0.4943586971463156,0.1167276576368785,0.9806760324358176,0.0394565610715077,0.0799999999999999,0.1363299621721453,312.62,220.2925410366035,89.0,20.0,20.0,10.0,5.0,0.0,5.0,0.0,100,Residual-mean target-adapted CP,MATR -> SANDIA
cross_target_adapted_cp,sandia,hust,hust,xgboost,100,0.9,linear,20.0,20.0,0.8983783783783784,0.0799465626399244,0.0649189189189188,0.0462284836354693,0.7675663967722066,0.0989233182217095,0.9542491517229088,0.0468925651510455,1.0,0.0,973.931298727168,147.48821713418567,973.931298727168,147.48821713418567,1251.110369446796,186.84987401123064,239.9545352367026,242.84847897131817,23.32359601151775,16.283788582066535,16.423769492325718,1.60250809365126,-0.187541934599342,-0.1480711827144599,0.1916660157046738,486.965649363584,73.74410856709284,1.0,-0.0671689592865222,0.1412621892932281,1667.383151447878,405.8843684899044,0.8692307692307694,0.137212705387053,1.0,0.0,0.8283333333333333,0.1723850647531389,0.9055555555555556,0.0990980650017605,0.8915789473684211,0.1088747777388245,0.7022030263858658,0.1166965101194833,0.9662504922118454,0.0482522069917387,0.6940519948126043,0.1299504092027137,0.9573950128767156,0.052720268516098,0.1035087719298245,0.0853258036188666,1502.12,40.09541146068985,34.0,20.0,20.0,37.0,18.0,0.0,19.0,0.0,100,Linear target-adapted CP,SANDIA -> HUST
cross_target_adapted_cp,sandia,hust,hust,xgboost,100,0.9,residual_mean,20.0,20.0,0.9156756756756756,0.0793127767814671,0.0658378378378378,0.0464792482413095,0.7899918789173949,0.0987370503789324,0.9631643718190284,0.0460297022194497,1.0,0.0,2084.595907944855,397.48590104189424,2084.595907944855,397.48590104189407,2272.5457304492043,355.15239136190445,647.5968073836935,686.7252842236429,144.14965392850254,48.41880552802277,49.61234586492768,12.624692626575737,-6.158801261692475,-6.689568709580295,2.684658871548536,1042.2979539724274,198.74295052094703,1.0,1.0,0.0,-1019.592956728622,307.42121748212185,0.8823076923076925,0.1705938605463614,0.9933333333333332,0.0306128938599833,0.8741666666666668,0.1595689866607172,0.9144444444444444,0.1257029120486808,0.916842105263158,0.1110024931476243,0.717916814814543,0.1398997293014389,0.9651877398072276,0.0704465804070112,0.7266683883678572,0.1314022925199715,0.966807458527225,0.0551809609779455,0.1251461988304093,0.1228984017631253,1499.66,46.86391646743438,34.0,20.0,20.0,37.0,18.0,0.0,19.0,0.0,100,Residual-mean target-adapted CP,SANDIA -> HUST
cross_target_adapted_cp,sandia,hust,hust,xgboost,100,0.95,linear,20.0,20.0,0.9454054054054056,0.0617005017407478,0.0483243243243242,0.0383333646112601,0.8286113228735266,0.0815798097939071,0.978411759840144,0.0310584044955679,1.0,0.0,1297.762487376228,598.4539886066658,1297.762487376228,598.4539886066659,1637.9525674827817,565.3839854673868,239.9545352367026,242.84847897131817,23.32359601151775,16.283788582066535,16.423769492325718,1.60250809365126,-0.187541934599342,-0.1480711827144599,0.1916660157046738,648.881243688114,299.22699430333296,1.0,-0.0671689592865222,0.1412621892932281,1667.383151447878,405.8843684899044,0.9261538461538464,0.0860338825131731,1.0,0.0,0.9116666666666668,0.1285658613156982,0.9466666666666668,0.0621355818150694,0.9442105263157896,0.0811994913572831,0.7512683062562645,0.0800270096658213,0.9849462539527216,0.0234405193665623,0.7585081176209006,0.1018526323263397,0.9804989717470908,0.0344819171215522,0.0508187134502923,0.0568330750649596,1502.12,40.09541146068985,34.0,20.0,20.0,37.0,18.0,0.0,19.0,0.0,100,Linear target-adapted CP,SANDIA -> HUST
cross_target_adapted_cp,sandia,hust,hust,xgboost,100,0.95,residual_mean,20.0,20.0,0.9583783783783784,0.0527301705722539,0.0414864864864864,0.0333596084768442,0.8456080996219696,0.0703225621395569,0.9849205097726816,0.0260330187046695,1.0,0.0,2258.06443520209,413.17184033023193,2258.06443520209,413.171840330232,2431.1795654034304,365.07316993328135,647.5968073836935,686.7252842236429,144.14965392850254,48.41880552802277,49.61234586492768,12.624692626575737,-6.158801261692475,-6.689568709580295,2.684658871548536,1129.032217601045,206.585920165116,1.0,1.0,0.0,-1019.592956728622,307.42121748212185,0.9476923076923076,0.0838953613367048,0.9975,0.0142872173331471,0.9308333333333332,0.1208224481338793,0.9622222222222224,0.0605910942987312,0.9547368421052632,0.0819540859337516,0.7728916134806292,0.0780538275618836,0.9889622597704608,0.0227665154828085,0.7727080070178108,0.0998315844031656,0.9838110986859152,0.0379445045028012,0.0645029239766081,0.0753614451987742,1499.66,46.86391646743438,34.0,20.0,20.0,37.0,18.0,0.0,19.0,0.0,100,Residual-mean target-adapted CP,SANDIA -> HUST
cross_target_adapted_cp,sandia,luh,luh,xgboost,100,0.9,linear,20.0,20.0,0.9027272727272728,0.0697222509078743,0.0552121212121211,0.0423029004991066,0.8121262319796544,0.0849408562709191,0.9490262539167116,0.0473812447799061,1.0,0.0,1097.5187299351203,302.86288177345034,1097.5187299351203,302.86288177345034,1387.170912303782,287.4178292411717,232.19497014061503,211.99073472868864,59.480669319320526,54.04657842848699,54.298437362318026,10.914298519386591,0.4299062850219428,0.5376630053744151,0.2584835006275982,548.7593649675603,151.4314408867252,1.0,2.9848670887727446,1.8889615964836048,-261.18122358691767,464.38264760113094,0.9563636363636364,0.0704534346308947,0.9727272727272728,0.0563224471081566,0.7790909090909091,0.1667317679015658,0.9645454545454544,0.0527604749296022,0.8409090909090909,0.1117665781949589,0.8447387520744725,0.0706426083349099,0.9874758502088128,0.0247013172225112,0.6907021414573906,0.1291634722456174,0.9200228602182104,0.0721251293185278,0.1309090909090909,0.0961049597354375,484.38,53.40748254616757,34.0,20.0,20.0,66.0,33.0,0.0,33.0,0.0,100,Linear target-adapted CP,SANDIA -> LUH
cross_target_adapted_cp,sandia,luh,luh,xgboost,100,0.9,residual_mean,20.0,20.0,0.9048484848484848,0.0715572655670161,0.057090909090909,0.0430336224830524,0.8149935073428438,0.0871016065360251,0.9501680586146768,0.0486471437078321,1.0,0.0,1314.4011880205735,337.32426002778533,1314.4011880205735,337.3242600277854,1686.7082134085797,271.291002184801,298.25655380426105,290.7127137400817,42.085815527695274,60.471474114215646,59.51224742659889,6.955492267195497,0.1537379555558825,0.2177436582070248,0.2171963193425908,657.2005940102869,168.66213001389266,1.0,1.0,0.0,282.1262258013528,87.61005140238859,0.981818181818182,0.0710669054518701,1.0,0.0,0.7327272727272728,0.1869433747449973,0.9878787878787878,0.0473779369679134,0.8218181818181819,0.1246289164966648,0.8792313984305133,0.058852782360802,0.9947839373007912,0.0269393538641956,0.6695479666073244,0.1399495833435403,0.9069764349744428,0.0841812800106169,0.1684848484848484,0.1193863101762458,476.89,58.21657492466896,34.0,20.0,20.0,66.0,33.0,0.0,33.0,0.0,100,Residual-mean target-adapted CP,SANDIA -> LUH
cross_target_adapted_cp,sandia,luh,luh,xgboost,100,0.95,linear,20.0,20.0,0.9492424242424242,0.05241454569012,0.0395151515151514,0.0342146887303522,0.8720150483740555,0.0680159825088289,0.9770508360062022,0.0317834605294144,1.0,0.0,1350.0787130698163,356.8128408922125,1350.0787130698163,356.81284089221236,1601.994068093113,343.10635725967285,232.19497014061503,211.99073472868864,59.480669319320526,54.04657842848699,54.298437362318026,10.914298519386591,0.4299062850219428,0.5376630053744151,0.2584835006275982,675.0393565349082,178.40642044610615,1.0,2.9848670887727446,1.8889615964836048,-261.18122358691767,464.38264760113094,0.979090909090909,0.0367858863675467,0.9854545454545456,0.0432813844154112,0.8831818181818183,0.1231347180037428,0.981818181818182,0.0310588329206386,0.9166666666666669,0.0868254318174171,0.8682309430535029,0.0445272552394905,0.9949270593146796,0.0117170640411379,0.7827027720045937,0.1079065635198818,0.9637388967100295,0.0489560636665914,0.0730303030303029,0.0701268334449263,484.38,53.40748254616757,34.0,20.0,20.0,66.0,33.0,0.0,33.0,0.0,100,Linear target-adapted CP,SANDIA -> LUH
cross_target_adapted_cp,sandia,luh,luh,xgboost,100,0.95,residual_mean,20.0,20.0,0.9551515151515152,0.0473740212741203,0.0376060606060605,0.0290276292419423,0.8797425989832043,0.0625587523027022,0.9804914369959844,0.0275878182739007,1.0,0.0,1673.6422415973311,342.07099566676334,1673.6422415973311,342.07099566676345,1960.821850928257,300.55501591114404,298.25655380426105,290.7127137400817,42.085815527695274,60.471474114215646,59.51224742659889,6.955492267195497,0.1537379555558825,0.2177436582070248,0.2171963193425908,836.8211207986657,171.03549783338173,1.0,1.0,0.0,282.1262258013528,87.61005140238859,0.9981818181818182,0.01103992556998,1.0,0.0,0.8672727272727273,0.1376098548782486,0.9987878787878788,0.0073599503799867,0.9115151515151516,0.0917399032521657,0.893833732826533,0.0113938074839746,0.9997248029583906,0.0018303994018028,0.7761388304604508,0.1115084288136292,0.9610741048955188,0.0541751507583851,0.0872727272727272,0.0892388136961824,476.89,58.21657492466896,34.0,20.0,20.0,66.0,33.0,0.0,33.0,0.0,100,Residual-mean target-adapted CP,SANDIA -> LUH
cross_target_adapted_cp,sandia,matr,matr,xgboost,100,0.9,linear,20.0,20.0,0.906741573033708,0.0732277004173558,0.0568089887640448,0.0463502339996633,0.8330404155869909,0.0879390288131331,0.9467836082882372,0.052946062833202,1.0,0.0,1497.4866597064286,616.3912212759176,1497.4866597064286,616.3912212759175,2061.7584435265508,693.2515595648672,296.8080919043975,286.4370462548296,53.40563491416327,37.69795837627437,36.6847902055771,5.015262095933829,-0.3842499492674949,-0.1026981426410504,1.2443098079645412,748.7433298532143,308.19561063795874,1.0,-0.0338894024249063,0.5781718688878815,798.2465112702562,1080.8315263678944,0.9173333333333332,0.1095322162530567,0.9913793103448276,0.0215734825726881,0.8143333333333334,0.1404062567952378,0.938181818181818,0.0811497025866535,0.8759999999999999,0.0936001743720284,0.8344137223510226,0.1002640700019101,0.9715817667188178,0.0502096278523332,0.7565719593748116,0.111835045755325,0.9362820383780563,0.0617464190167489,0.0867070707070706,0.0748665032319999,740.95,31.195174128202723,34.0,20.0,20.0,89.0,44.0,0.0,45.0,0.0,100,Linear target-adapted CP,SANDIA -> MATR
cross_target_adapted_cp,sandia,matr,matr,xgboost,100,0.9,residual_mean,20.0,20.0,0.9059550561797752,0.0669155393395104,0.0545842696629212,0.0387810834668785,0.8315397249233887,0.0813423394559494,0.9467763519443462,0.0473585446927653,1.0,0.0,2065.717661390044,628.6746618764502,2065.717661390044,628.6746618764503,2643.2495727935748,477.23452438016926,380.747426101636,384.563694109195,45.98780735754108,48.776159445724154,48.10262889499651,5.312069194880285,-1.149842267821309,-1.141847828039965,0.5868013010025208,1032.858830695022,314.33733093822514,1.0,1.0,0.0,-1227.5321623391874,444.1901010910268,0.875,0.094087262788752,0.966896551724138,0.0446302222289862,0.878,0.1148091667992795,0.8963636363636364,0.0767374644526512,0.9153333333333332,0.080570047846896,0.7786429083833984,0.0956521839585921,0.9504318493644242,0.0464034117548778,0.8057978178312766,0.1017866475289808,0.9595355874879375,0.0474591021055375,0.0655353535353534,0.0537514490213381,742.58,32.890752745439194,34.0,20.0,20.0,89.0,44.0,0.0,45.0,0.0,100,Residual-mean target-adapted CP,SANDIA -> MATR
cross_target_adapted_cp,sandia,matr,matr,xgboost,100,0.95,linear,20.0,20.0,0.9575280898876404,0.0516152751815775,0.0393033707865168,0.0340737828054054,0.8978714801488458,0.0656433466708435,0.9793228362102508,0.0338940176319583,1.0,0.0,2063.5830728302,690.1285725474054,2063.5830728302,690.1285725474052,2578.301231661901,1078.2403909206687,296.8080919043975,286.4370462548296,53.40563491416327,37.69795837627437,36.6847902055771,5.015262095933829,-0.3842499492674949,-0.1026981426410504,1.2443098079645412,1031.7915364151,345.0642862737027,1.0,-0.0338894024249063,0.5781718688878815,798.2465112702562,1080.8315263678944,0.9673333333333334,0.0664947277725747,0.9965517241379312,0.0158815926369599,0.91,0.1165824611943705,0.9754545454545456,0.0516527089069278,0.94,0.077721640796247,0.8848001160063654,0.0677553218465436,0.989755155328752,0.0281692562066067,0.8379234154388697,0.0956914896491635,0.9728631776761886,0.0490703559096014,0.0563030303030302,0.0700363365083019,740.95,31.195174128202723,34.0,20.0,20.0,89.0,44.0,0.0,45.0,0.0,100,Linear target-adapted CP,SANDIA -> MATR
cross_target_adapted_cp,sandia,matr,matr,xgboost,100,0.95,residual_mean,20.0,20.0,0.9519101123595506,0.0500727938987572,0.0407640449438201,0.0288526911894225,0.890286700597926,0.0651087980857283,0.9761365657076452,0.0313146533247095,1.0,0.0,2563.4696942596156,661.3924813843465,2563.4696942596156,661.3924813843468,3035.460936479414,459.76033183404746,380.747426101636,384.563694109195,45.98780735754108,48.776159445724154,48.10262889499651,5.312069194880285,-1.149842267821309,-1.141847828039965,0.5868013010025208,1281.7348471298078,330.6962406921733,1.0,1.0,0.0,-1227.5321623391874,444.1901010910268,0.9316666666666668,0.0737598554353898,0.9875862068965516,0.0323328394663552,0.9376666666666666,0.0783750515745628,0.9461363636363636,0.0604038465374286,0.9575555555555556,0.0539817485887206,0.8432390708654437,0.0799303306699119,0.9773880790536936,0.0318598689938355,0.8605241843386857,0.0731031491112244,0.9826119748653068,0.0269655352482227,0.0407626262626262,0.039158519915127,742.58,32.890752745439194,34.0,20.0,20.0,89.0,44.0,0.0,45.0,0.0,100,Residual-mean target-adapted CP,SANDIA -> MATR
