scenario,source,target,calibration_domain,model,n_cycles,confidence_level,adapter_type,k_adapter,k_target,coverage_mean,coverage_std,coverage_gap_mean,coverage_gap_std,coverage_wilson95_lower_mean,coverage_wilson95_lower_std,coverage_wilson95_upper_mean,coverage_wilson95_upper_std,finite_interval_fraction_mean,finite_interval_fraction_std,mean_width_mean,mean_width_std,median_width_mean,median_width_std,winkler_mean_mean,winkler_mean_std,MAE_mean,MAE_std,SMAPE_mean,SMAPE_std,R2_mean,R2_std,q_hat_mean,q_hat_std,finite_q_mean,adapter_slope_mean,adapter_slope_std,adapter_intercept_mean,adapter_intercept_std,coverage_short_mean,coverage_short_std,coverage_mid_mean,coverage_mid_std,coverage_long_mean,coverage_long_std,coverage_short_life_mean,coverage_short_life_std,coverage_long_life_mean,coverage_long_life_std,coverage_short_life_wilson95_lower_mean,coverage_short_life_wilson95_lower_std,coverage_short_life_wilson95_upper_mean,coverage_short_life_wilson95_upper_std,coverage_long_life_wilson95_lower_mean,coverage_long_life_wilson95_lower_std,coverage_long_life_wilson95_upper_mean,coverage_long_life_wilson95_upper_std,short_long_coverage_gap_mean,short_long_coverage_gap_std,lifetime_split_threshold_mean,lifetime_split_threshold_std,n_train_mean,n_adapter_mean,n_calibration_mean,n_test_mean,n_short_life_mean,n_short_life_std,n_long_life_mean,n_long_life_std,n_runs
cross_source_calibrated_cp,hust,luh,hust,random_forest,100,0.9,none,,,0.28867924528301886,0.07767995792542982,0.6113207547169811,0.0776799579254298,0.2121433803847482,0.06890534462794352,0.3799960496538513,0.08102335777115181,1.0,0.0,1053.2134742476612,263.5371240941225,1053.2134742476612,263.53712409412253,8035.039125571157,1193.6336883647796,805.5331285600957,60.92758707903481,95.25869731194013,3.0899836559870137,-3.9489269842593844,0.6267254915877816,526.6067371238302,131.76856204706093,1.0,,,,,0.0,0.0,0.12,0.12841260030996704,0.7542857142857142,0.1080438308639373,0.0,0.0,0.5773584905660377,0.15535991585085965,0.0,0.0,0.06758198857654182,0.0,0.44868570297161936,0.15353718066958036,0.6955751969089912,0.13620917707048946,0.5773584905660377,0.15535991585085965,451.0,0.0,53.0,0.0,12.0,106.0,53.0,0.0,53.0,0.0,5
cross_source_calibrated_cp,hust,luh,hust,random_forest,100,0.95,none,,,0.28867924528301886,0.07767995792542982,0.661320754716981,0.07767995792542984,0.2121433803847482,0.06890534462794352,0.3799960496538513,0.08102335777115181,1.0,0.0,1053.2134742476583,263.5371240941183,1053.2134742476583,263.53712409411844,15016.86477689466,2608.1208725036204,805.5331285600953,60.927587079034396,95.2586973119401,3.089983655987002,-3.948926984259381,0.6267254915877761,inf,,0.0,,,,,0.0,0.0,0.12,0.12841260030996704,0.7542857142857142,0.1080438308639373,0.0,0.0,0.5773584905660377,0.15535991585085965,0.0,0.0,0.06758198857654182,0.0,0.44868570297161936,0.15353718066958036,0.6955751969089912,0.13620917707048946,0.5773584905660377,0.15535991585085965,451.0,0.0,53.0,0.0,12.0,106.0,53.0,0.0,53.0,0.0,5
cross_source_calibrated_cp,hust,matr,hust,random_forest,100,0.9,none,,,0.20155038759689922,0.09366702305112072,0.6984496124031008,0.09366702305112072,0.14354875525122318,0.08031637018646733,0.2768129248780762,0.10160779897906229,1.0,0.0,1053.2134742476603,263.5371240941202,1053.2134742476603,263.53712409412026,7362.73194965752,1966.9457068511417,794.7613655962898,18.706357687509488,73.42948958993206,1.0311147333203863,-4.547600526509527,0.23683547970613952,526.6067371238299,131.76856204705888,1.0,,,,,0.004651162790697674,0.010400316174417626,0.046511627906976744,0.03288868749704872,0.5534883720930233,0.24078472754501926,0.01875,0.027950849718747374,0.38153846153846155,0.15928835822208967,0.006636667948557978,0.010696799260405931,0.0853639896020171,0.042188445902860854,0.2781275379395715,0.14384837556411234,0.49817005563538225,0.15697139747385128,0.36278846153846156,0.1326511920692628,740.0,0.0,53.0,0.0,12.0,129.0,64.0,0.0,65.0,0.0,5
cross_source_calibrated_cp,hust,matr,hust,random_forest,100,0.95,none,,,0.20155038759689922,0.09366702305112072,0.7484496124031007,0.09366702305112069,0.14354875525122318,0.08031637018646733,0.2768129248780762,0.10160779897906229,1.0,0.0,1053.2134742476583,263.53712409412105,1053.2134742476583,263.53712409412105,13672.250425067421,4193.568022505944,794.7613655962904,18.706357687509698,73.4294895899321,1.0311147333203927,-4.547600526509534,0.23683547970614247,inf,,0.0,,,,,0.004651162790697674,0.010400316174417626,0.046511627906976744,0.03288868749704872,0.5534883720930233,0.24078472754501926,0.01875,0.027950849718747374,0.38153846153846155,0.15928835822208967,0.006636667948557978,0.010696799260405931,0.0853639896020171,0.042188445902860854,0.2781275379395715,0.14384837556411234,0.49817005563538225,0.15697139747385128,0.36278846153846156,0.1326511920692628,740.0,0.0,53.0,0.0,12.0,129.0,64.0,0.0,65.0,0.0,5
cross_source_calibrated_cp,hust,sandia,hust,random_forest,100,0.9,none,,,0.028000000000000004,0.017888543819998316,0.8720000000000001,0.017888543819998267,0.006954401487111783,0.007636490146610197,0.11639773209477881,0.025587988186288928,1.0,0.0,1053.2134742476578,263.5371240941197,1053.2134742476578,263.5371240941197,15267.430400007008,1746.7721364296838,1228.5421384428696,29.06176592245774,126.32348548101497,1.0754370159802176,-0.37375508523438067,0.05781648634323359,526.6067371238289,131.76856204705993,1.0,,,,,0.0,0.0,0.0,0.0,0.08235294117647059,0.052613364176465637,0.0,0.0,0.05600000000000001,0.03577708763999663,0.0,0.0,0.1331922509390484,0.0,0.014010621102470533,0.015461040697462245,0.21626409773140445,0.04656267291290151,0.05600000000000001,0.03577708763999663,282.0,0.0,53.0,0.0,12.0,50.0,25.0,0.0,25.0,0.0,5
cross_source_calibrated_cp,hust,sandia,hust,random_forest,100,0.95,none,,,0.028000000000000004,0.017888543819998316,0.9219999999999999,0.017888543819998326,0.006954401487111783,0.007636490146610197,0.11639773209477881,0.025587988186288928,1.0,0.0,1053.2134742476603,263.5371240941201,1053.2134742476603,263.53712409412,29481.647325766266,3755.5121991077226,1228.5421384428691,29.06176592245795,126.32348548101497,1.0754370159802407,-0.3737550852343799,0.057816486343234344,inf,,0.0,,,,,0.0,0.0,0.0,0.0,0.08235294117647059,0.052613364176465637,0.0,0.0,0.05600000000000001,0.03577708763999663,0.0,0.0,0.1331922509390484,0.0,0.014010621102470533,0.015461040697462245,0.21626409773140445,0.04656267291290151,0.05600000000000001,0.03577708763999663,282.0,0.0,53.0,0.0,12.0,50.0,25.0,0.0,25.0,0.0,5
cross_source_calibrated_cp,luh,hust,luh,gaussian_process,100,0.9,none,,,0.0,0.0,0.9,0.0,0.0,0.0,0.047518425282434044,0.0,1.0,0.0,622.8449131397667,100.39592966792033,622.8449131397666,100.39592966792037,16122.933083240172,814.5592953560383,1086.4268650749036,5.343425568729407,112.90433722997155,0.8980149369676995,-15.709829120135328,0.15464753285585497,311.42245656988325,50.19796483396019,1.0,,,,,0.0,0.0,0.0,0.0,0.0,0.0,0.0,0.0,0.0,0.0,0.0,0.0,0.0918098682255839,0.0,0.0,0.0,0.08966685370757137,0.0,0.0,0.0,1513.0,0.0,74.0,0.0,16.0,77.0,38.0,0.0,39.0,0.0,5
cross_source_calibrated_cp,luh,hust,luh,gaussian_process,100,0.95,none,,,0.0,0.0,0.95,0.0,0.0,0.0,0.047518425282434044,0.0,1.0,0.0,622.8449131397667,100.39592966792033,622.8449131397666,100.39592966792037,31623.021253340565,1729.2897057572732,1086.4268650749036,5.343425568729407,112.90433722997155,0.8980149369676995,-15.709829120135328,0.15464753285585497,inf,,0.0,,,,,0.0,0.0,0.0,0.0,0.0,0.0,0.0,0.0,0.0,0.0,0.0,0.0,0.0918098682255839,0.0,0.0,0.0,0.08966685370757137,0.0,0.0,0.0,1513.0,0.0,74.0,0.0,16.0,77.0,38.0,0.0,39.0,0.0,5
cross_source_calibrated_cp,luh,matr,luh,gaussian_process,100,0.9,none,,,0.4790697674418604,0.04466623346011763,0.42093023255813955,0.04466623346011763,0.3949879066515175,0.04272474913352966,0.5643621332536541,0.04402553485495191,1.0,0.0,622.8449131397665,100.39592966792043,622.8449131397666,100.39592966792037,4010.0611692812226,390.49165803338457,389.0667021579617,4.846367885854077,56.48369370758112,1.068468395722054,-1.0755230003802407,0.03076231190770299,311.42245656988325,50.19796483396019,1.0,,,,,0.9953488372093023,0.010400316174417652,0.4418604651162791,0.1241520726980385,0.0,0.0,0.95625,0.08149003006503312,0.009230769230769232,0.020640627484613445,0.8846822594541971,0.10537715628314535,0.976148285984868,0.04866282070036537,0.0031639680827025172,0.0070748477115625055,0.07006891958496313,0.03190285001545224,0.9470192307692308,0.07782702048995065,740.0,0.0,74.0,0.0,16.0,129.0,64.0,0.0,65.0,0.0,5
cross_source_calibrated_cp,luh,matr,luh,gaussian_process,100,0.95,none,,,0.4790697674418604,0.04466623346011763,0.4709302325581395,0.0446662334601176,0.3949879066515175,0.04272474913352966,0.5643621332536541,0.04402553485495191,1.0,0.0,622.8449131397665,100.39592966792043,622.8449131397666,100.39592966792037,7397.277425422672,880.7944274009302,389.0667021579617,4.846367885854077,56.48369370758112,1.068468395722054,-1.0755230003802407,0.03076231190770299,inf,,0.0,,,,,0.9953488372093023,0.010400316174417652,0.4418604651162791,0.1241520726980385,0.0,0.0,0.95625,0.08149003006503312,0.009230769230769232,0.020640627484613445,0.8846822594541971,0.10537715628314535,0.976148285984868,0.04866282070036537,0.0031639680827025172,0.0070748477115625055,0.07006891958496313,0.03190285001545224,0.9470192307692308,0.07782702048995065,740.0,0.0,74.0,0.0,16.0,129.0,64.0,0.0,65.0,0.0,5
cross_source_calibrated_cp,luh,sandia,luh,gaussian_process,100,0.9,none,,,0.732,0.09757048734120372,0.16799999999999998,0.09757048734120374,0.598404009984584,0.09968230033755607,0.8324907040175378,0.08155205947202844,1.0,0.0,622.8449131397666,100.39592966792041,622.8449131397666,100.39592966792037,9270.599829978193,172.47929158240626,625.4086001761045,2.6203181870418915,75.46835223346814,0.6788321380225764,-0.11021506765830327,0.0033889206697868437,311.42245656988325,50.19796483396019,1.0,,,,,0.8111111111111111,0.2710291315033438,1.0,0.0,0.4117647058823529,0.0,0.8640000000000001,0.19514097468240746,0.6,0.0,0.7014060204389352,0.2103874041482064,0.9296300208774376,0.12890499679381617,0.40739457358967,0.0,0.7659669762225203,0.0,0.296,0.12521980673998825,282.0,0.0,74.0,0.0,16.0,50.0,25.0,0.0,25.0,0.0,5
cross_source_calibrated_cp,luh,sandia,luh,gaussian_process,100,0.95,none,,,0.732,0.09757048734120372,0.21799999999999992,0.09757048734120374,0.598404009984584,0.09968230033755607,0.8324907040175378,0.08155205947202844,1.0,0.0,622.8449131397666,100.39592966792041,622.8449131397666,100.39592966792037,17918.3547468166,442.06099188185925,625.4086001761045,2.6203181870418915,75.46835223346814,0.6788321380225764,-0.11021506765830327,0.0033889206697868437,inf,,0.0,,,,,0.8111111111111111,0.2710291315033438,1.0,0.0,0.4117647058823529,0.0,0.8640000000000001,0.19514097468240746,0.6,0.0,0.7014060204389352,0.2103874041482064,0.9296300208774376,0.12890499679381617,0.40739457358967,0.0,0.7659669762225203,0.0,0.296,0.12521980673998825,282.0,0.0,74.0,0.0,16.0,50.0,25.0,0.0,25.0,0.0,5
cross_source_calibrated_cp,matr,hust,matr,catboost,100,0.9,none,,,0.16363636363636364,0.13452690039042658,0.7363636363636364,0.13452690039042658,0.10700866622171756,0.09620626991021375,0.2522310016955562,0.16018456221549407,1.0,0.0,1032.2846952400398,446.3229812635469,1032.28469524004,446.3229812635469,8849.553517440927,3380.57091206185,879.2978629558423,47.30007154811142,82.04327789633547,6.290005056217601,-10.434072655148565,1.076094844320696,516.14234762002,223.16149063177346,1.0,,,,,0.48461538461538456,0.39840658961780184,0.0,0.0,0.0,0.0,0.3315789473684211,0.2725939823700749,0.0,0.0,0.22808943992379316,0.20602305636528678,0.46599388411008763,0.2895446041498367,0.0,0.0,0.08966685370757137,0.0,0.3315789473684211,0.2725939823700749,1513.0,0.0,89.0,0.0,20.0,77.0,38.0,0.0,39.0,0.0,5
cross_source_calibrated_cp,matr,hust,matr,catboost,100,0.95,none,,,0.3012987012987013,0.20273887834198073,0.6487012987012987,0.20273887834198073,0.22128841189964912,0.17020346884070592,0.40019293632947395,0.21706337289383307,1.0,0.0,1348.4503626851083,479.9589596824855,1348.4503626851085,479.9589596824857,12339.34315798694,7642.318739605554,879.2978629558423,47.30007154811142,82.04327789633547,6.290005056217601,-10.434072655148565,1.076094844320696,674.2251813425543,239.97947984124286,1.0,,,,,0.7076923076923076,0.37051060242437833,0.192,0.3242221460665511,0.0,0.0,0.5631578947368421,0.33936146656058286,0.04615384615384615,0.08956025229011784,0.44080059668318733,0.3113014984706229,0.6739181568041073,0.3105659128905203,0.02246757708161879,0.04774120442136414,0.15123002859140752,0.11555081640500495,0.517004048582996,0.28141187232787535,1513.0,0.0,89.0,0.0,20.0,77.0,38.0,0.0,39.0,0.0,5
cross_source_calibrated_cp,matr,luh,matr,catboost,100,0.9,none,,,0.6981132075471698,0.2958566373691834,0.21773584905660376,0.2814566949434948,0.6223335868241158,0.3046879863008298,0.7600356975146971,0.2664277532178096,1.0,0.0,1032.28469524004,446.32298126354704,1032.28469524004,446.3229812635469,2307.0957297076993,844.8251834754064,333.6314418432809,23.478813753807486,65.2450571421454,2.500626475663311,0.010541119567832925,0.05626616054915211,516.14234762002,223.16149063177346,1.0,,,,,0.6055555555555555,0.5402045794458993,0.8971428571428571,0.22999556339997837,0.5942857142857143,0.20741361614721757,0.6679245283018868,0.47029981423804423,0.7283018867924529,0.13967362659110755,0.6048248850567234,0.4556902759769341,0.7083268244402118,0.4244579777392999,0.6013895274736208,0.14556491615816872,0.8243560551008638,0.11502365621171555,0.27169811320754716,0.20865911397659248,451.0,0.0,89.0,0.0,20.0,106.0,53.0,0.0,53.0,0.0,5
cross_source_calibrated_cp,matr,luh,matr,catboost,100,0.95,none,,,0.8358490566037735,0.21069651736065856,0.12283018867924525,0.20450428042463353,0.7660959807547221,0.22410415424143088,0.8821109965053606,0.18274060658707564,1.0,0.0,1348.4503626851085,479.9589596824857,1348.4503626851085,479.9589596824857,2461.4628416379064,1326.329416185927,333.6314418432809,23.478813753807486,65.2450571421454,2.500626475663311,0.010541119567832925,0.05626616054915211,674.2251813425543,239.97947984124286,1.0,,,,,0.7833333333333334,0.39791121287711073,1.0,0.0,0.7257142857142858,0.23870398370520482,0.8528301886792452,0.27027931440709413,0.8188679245283019,0.15763470622041828,0.7661702995758428,0.29147638423612776,0.8918001462210882,0.21358656618532826,0.7035290084212554,0.1695948562996599,0.8911073837695538,0.12467118471062899,0.10943396226415092,0.06855057405503753,451.0,0.0,89.0,0.0,20.0,106.0,53.0,0.0,53.0,0.0,5
cross_source_calibrated_cp,matr,sandia,matr,catboost,100,0.9,none,,,0.496,0.41722895393296955,0.404,0.41722895393296955,0.40808726722436617,0.3583043531920771,0.5844835135687008,0.4170656782235518,1.0,0.0,1032.2846952400398,446.3229812635468,1032.28469524004,446.3229812635469,8725.552189722093,1855.4246585475005,714.9501520280796,73.79682183844754,93.37060928149016,10.066974091572671,0.04087617034798696,0.03451091661754706,516.14234762002,223.16149063177346,1.0,,,,,0.6,0.5477225575051661,0.6133333333333333,0.5299895177160477,0.2823529411764706,0.18786728732554484,0.6,0.5477225575051661,0.392,0.2903790626061046,0.520084649436571,0.47477015718096066,0.6532769003756194,0.47477015718096066,0.2572436470671549,0.20684533173646535,0.5555258791356795,0.2978668909104486,0.272,0.18417383093154144,282.0,0.0,89.0,0.0,20.0,50.0,25.0,0.0,25.0,0.0,5
cross_source_calibrated_cp,matr,sandia,matr,catboost,100,0.95,none,,,0.6679999999999999,0.25479403446705734,0.2819999999999999,0.25479403446705734,0.5442665999340189,0.2383602004411865,0.7677606067571727,0.23506096879088867,1.0,0.0,1348.4503626851085,479.95895968248567,1348.4503626851085,479.9589596824857,13882.454373951914,2385.9175134966995,714.9501520280796,73.79682183844754,93.37060928149016,10.066974091572671,0.04087617034798696,0.03451091661754706,674.2251813425543,239.97947984124286,1.0,,,,,0.7666666666666667,0.38570122128243955,0.8266666666666665,0.38758511609996354,0.4235294117647059,0.026306682088232825,0.776,0.39859754138729964,0.5599999999999999,0.1131370849898476,0.6462668289544597,0.36631981143082876,0.8322110485271855,0.3279076910968475,0.3739695011990482,0.09725277424912643,0.7300474286882659,0.09890620130609928,0.328,0.08671793355471519,282.0,0.0,89.0,0.0,20.0,50.0,25.0,0.0,25.0,0.0,5
cross_source_calibrated_cp,sandia,hust,sandia,xgboost,100,0.9,none,,,0.3038961038961039,0.26593267738660303,0.596103896103896,0.26593267738660303,0.2303191269919714,0.22909000058002732,0.3961101774694507,0.27857179888113537,1.0,0.0,1120.843767558426,754.2309407506059,1120.843767558426,754.2309407506059,13066.305082744855,5949.523725629422,1022.3591556865555,297.2961100490428,49.05255444727051,11.593238498343968,-19.109663200567223,8.223278196469956,inf,,0.0,,,,,0.16153846153846155,0.2408073206538235,0.27999999999999997,0.33346664001066134,0.46923076923076923,0.2883333048306355,0.1894736842105263,0.2621031494313417,0.4153846153846154,0.287476952167671,0.13022294508451077,0.18138991138218777,0.30574318360295705,0.29494635399805424,0.2987061994353174,0.24176886701866024,0.5472374219613485,0.284614634839454,0.22591093117408909,0.14201045701150233,1513.0,0.0,34.0,0.0,8.0,77.0,38.0,0.0,39.0,0.0,5
cross_source_calibrated_cp,sandia,hust,sandia,xgboost,100,0.95,none,,,0.3038961038961039,0.26593267738660303,0.6461038961038961,0.26593267738660303,0.2303191269919714,0.22909000058002732,0.3961101774694507,0.27857179888113537,1.0,0.0,1120.843767558426,754.2309407506059,1120.843767558426,754.2309407506059,25011.766397931264,12451.0885564037,1022.3591556865555,297.2961100490428,49.05255444727051,11.593238498343968,-19.109663200567223,8.223278196469956,inf,,0.0,,,,,0.16153846153846155,0.2408073206538235,0.27999999999999997,0.33346664001066134,0.46923076923076923,0.2883333048306355,0.1894736842105263,0.2621031494313417,0.4153846153846154,0.287476952167671,0.13022294508451077,0.18138991138218777,0.30574318360295705,0.29494635399805424,0.2987061994353174,0.24176886701866024,0.5472374219613485,0.284614634839454,0.22591093117408909,0.14201045701150233,1513.0,0.0,34.0,0.0,8.0,77.0,38.0,0.0,39.0,0.0,5
cross_source_calibrated_cp,sandia,luh,sandia,xgboost,100,0.9,none,,,0.7132075471698114,0.20696745796836122,0.21547169811320757,0.1685667177738436,0.6309814627616884,0.22186587537981128,0.7805207194315102,0.1780842340114709,1.0,0.0,1120.843767558426,754.230940750606,1120.843767558426,754.2309407506059,3138.2076492464303,999.1048905121742,323.6169933117694,33.39491749953197,60.47807672695744,7.425139668973915,-0.34098726775602123,0.2886739323994506,inf,,0.0,,,,,1.0,0.0,0.8,0.282842712474619,0.3314285714285714,0.3836452442939802,0.9886792452830189,0.025313977103771187,0.4377358490566038,0.39788511752732475,0.9151939925184049,0.03851407711744093,0.9961126677030128,0.008692339267193672,0.35616412590148416,0.35460453971655154,0.5277234424872927,0.39091069539988316,0.5509433962264151,0.3828375814122028,451.0,0.0,34.0,0.0,8.0,106.0,53.0,0.0,53.0,0.0,5
cross_source_calibrated_cp,sandia,luh,sandia,xgboost,100,0.95,none,,,0.7132075471698114,0.20696745796836122,0.24547169811320751,0.19391600652429303,0.6309814627616884,0.22186587537981128,0.7805207194315102,0.1780842340114709,1.0,0.0,1120.843767558426,754.230940750606,1120.843767558426,754.2309407506059,5155.57153093443,2657.1902864015487,323.6169933117694,33.39491749953197,60.47807672695744,7.425139668973915,-0.34098726775602123,0.2886739323994506,inf,,0.0,,,,,1.0,0.0,0.8,0.282842712474619,0.3314285714285714,0.3836452442939802,0.9886792452830189,0.025313977103771187,0.4377358490566038,0.39788511752732475,0.9151939925184049,0.03851407711744093,0.9961126677030128,0.008692339267193672,0.35616412590148416,0.35460453971655154,0.5277234424872927,0.39091069539988316,0.5509433962264151,0.3828375814122028,451.0,0.0,34.0,0.0,8.0,106.0,53.0,0.0,53.0,0.0,5
cross_source_calibrated_cp,sandia,matr,sandia,xgboost,100,0.9,none,,,0.20465116279069767,0.243452818186629,0.6953488372093023,0.24345281818662906,0.1572954044102854,0.21832176820123247,0.2690884920293589,0.2548085277066091,1.0,0.0,1120.843767558426,754.2309407506061,1120.843767558426,754.2309407506059,15758.034848623429,9934.456793361154,1225.3363574773684,461.8727042195361,87.85838100937023,15.379697577066075,-13.782156454109998,10.831863656582309,inf,,0.0,,,,,0.06976744186046512,0.0,0.16744186046511628,0.3486045735916881,0.3767441860465116,0.4089321793550375,0.09375,0.08769509500251425,0.3138461538461539,0.4008275463257124,0.04828594033510555,0.06267782998420238,0.18522110824654872,0.10280400243763338,0.2565991784165642,0.3851476207902404,0.39186846862979174,0.3742617178538907,0.2389423076923077,0.30198197115145425,740.0,0.0,34.0,0.0,8.0,129.0,64.0,0.0,65.0,0.0,5
cross_source_calibrated_cp,sandia,matr,sandia,xgboost,100,0.95,none,,,0.20465116279069767,0.243452818186629,0.7453488372093023,0.24345281818662895,0.1572954044102854,0.21832176820123247,0.2690884920293589,0.2548085277066091,1.0,0.0,1120.843767558426,754.2309407506061,1120.843767558426,754.2309407506059,30395.225929688408,20262.80156911061,1225.3363574773684,461.8727042195361,87.85838100937023,15.379697577066075,-13.782156454109998,10.831863656582309,inf,,0.0,,,,,0.06976744186046512,0.0,0.16744186046511628,0.3486045735916881,0.3767441860465116,0.4089321793550375,0.09375,0.08769509500251425,0.3138461538461539,0.4008275463257124,0.04828594033510555,0.06267782998420238,0.18522110824654872,0.10280400243763338,0.2565991784165642,0.3851476207902404,0.39186846862979174,0.3742617178538907,0.2389423076923077,0.30198197115145425,740.0,0.0,34.0,0.0,8.0,129.0,64.0,0.0,65.0,0.0,5
cross_target_adapted_cp,hust,luh,luh,random_forest,100,0.9,residual_mean,5.0,5.0,0.8373958333333333,0.14700776946750235,0.11414583333333334,0.11139692367240508,0.7605675740762353,0.16170916703865112,0.8882610865339707,0.12206858989062232,1.0,0.0,1432.2507744707002,422.19213118101896,1432.2507744707002,422.192131181019,2047.7610273949642,451.10204421193185,386.5517534773319,44.843391404679835,78.00065396377167,13.927238390304698,-0.34231311710533113,0.3951869446702583,inf,,0.0,1.0,0.0,-820.7395716324437,205.37378740836363,0.868125,0.1941975118561283,0.935,0.1255260395940285,0.7090625,0.26862793064003876,0.879375,0.1923884584724955,0.7954166666666667,0.2021684667424809,0.7820460664262785,0.20827537392777273,0.9204804601895547,0.15100179565195565,0.6808398182867639,0.2166848915862462,0.8662126884355049,0.15965838219629724,0.20604166666666668,0.18320451454544356,474.2,34.087232124937834,53.0,5.0,5.0,96.0,48.0,0.0,48.0,0.0,100
cross_target_adapted_cp,hust,luh,luh,random_forest,100,0.9,residual_mean,5.0,10.0,0.9142857142857143,0.07683581305275836,0.06538461538461539,0.04232675264364356,0.8444170403551265,0.09342278767957946,0.9505939278180872,0.05450966576176982,1.0,0.0,1655.3240284745352,408.71268448124385,1655.3240284745355,408.71268448124385,1916.8061229224113,281.53057076696626,385.33751339618357,39.518841470321746,78.00711540740126,14.649602568346099,-0.32561439241087364,0.3550910752223797,827.6620142372681,204.35634224062198,1.0,1.0,0.0,-816.924079408008,202.5707177943594,0.9264516129032258,0.1085077452303353,0.9913333333333334,0.038959531797047,0.8246666666666667,0.19341690983494952,0.9435555555555556,0.0913475894182777,0.8856521739130434,0.1261414629358367,0.8463384382035045,0.11354016612078341,0.9709999657650088,0.05602137573292665,0.7752004806159895,0.1472488413164325,0.9366566928997412,0.08688290801576629,0.12241545893719806,0.11539596353380087,473.0,35.53743224979952,53.0,5.0,10.0,91.0,45.0,0.0,46.0,0.0,100
cross_target_adapted_cp,hust,luh,luh,random_forest,100,0.9,residual_mean,5.0,15.0,0.9373255813953488,0.0730923150553471,0.07141860465116277,0.03997023628927587,0.8718243239891518,0.09056451590306482,0.9654283318267374,0.050072973855369476,1.0,0.0,1792.438168827137,419.33690721883124,1792.438168827137,419.3369072188313,1990.9841624873193,362.7367313236329,388.0383846838642,41.47084520783791,78.41624294592339,17.29977241467655,-0.3337311976690902,0.31348686701568534,896.2190844135687,209.66845360941585,1.0,1.0,0.0,-802.0445243532761,206.42326162315553,0.9417241379310345,0.1018328531346341,0.9889285714285714,0.05507041836757327,0.8831034482758621,0.1679959958091569,0.9548837209302325,0.09147286821705428,0.9197674418604652,0.11716248864708319,0.8582334038274366,0.11001366726241085,0.9769241891448202,0.05977848560629256,0.8130036916968669,0.1367675012404112,0.9576811014089224,0.08007669743978381,0.09325581395348838,0.1236116501167173,482.89,43.321652271763085,53.0,5.0,15.0,86.0,43.0,0.0,43.0,0.0,100
cross_target_adapted_cp,hust,luh,luh,random_forest,100,0.9,residual_mean,5.0,20.0,0.9086419753086419,0.071256208400776,0.05987654320987652,0.03913401054818039,0.8306499367290272,0.0862062927496719,0.9496289613496657,0.050208411492044865,1.0,0.0,1556.3429892337722,240.48525962959258,1556.3429892337722,240.48525962959258,1807.551354820026,246.69824234393252,384.92585822820695,38.46421511150319,74.55864903017294,7.5057748058934886,-0.31098743524310685,0.3594172305552437,778.1714946168861,120.2426298147963,1.0,1.0,0.0,-760.46258163624,185.15965222256656,0.8792592592592592,0.1329274280443703,0.9774074074074073,0.05906604303163301,0.8692592592592593,0.16841005294804226,0.904,0.11735295979103881,0.913170731707317,0.11457463610239246,0.7882910037420651,0.1422041612408879,0.9489107424905272,0.07326618204511302,0.7991171916474126,0.1310747888305917,0.9564336064538423,0.08041179498925348,0.1332560975609756,0.12500372307712979,461.93,40.209616167320355,53.0,5.0,20.0,81.0,40.0,0.0,41.0,0.0,100
cross_target_adapted_cp,hust,luh,luh,random_forest,100,0.9,residual_mean,10.0,5.0,0.8268131868131868,0.14662932994888606,0.1156923076923077,0.11571804099898615,0.7458059234083215,0.16224226878915918,0.8813459650126697,0.11994339063593025,1.0,0.0,1339.8560554578582,415.6359116094387,1339.8560554578582,415.6359116094388,2001.5874686125317,506.47030300591933,371.6588897211828,17.06779905827031,74.78970095061723,9.262621535609469,-0.2000095508230809,0.15500698978795316,inf,,0.0,1.0,0.0,-829.4940815478508,140.0297991126701,0.854516129032258,0.1601783106522139,0.9279999999999999,0.12415550872967206,0.6970000000000001,0.2653204656541774,0.8646666666666667,0.16551702260994958,0.7897826086956522,0.20086632841930108,0.7552950972224111,0.18932246015957738,0.9166750034350691,0.11747416439396466,0.6700255957841835,0.21091118540213602,0.864870465262304,0.16185233178402023,0.1751256038647343,0.1564028412075438,474.14,37.34334822382236,53.0,10.0,5.0,91.0,45.0,0.0,46.0,0.0,100
cross_target_adapted_cp,hust,luh,luh,random_forest,100,0.9,residual_mean,10.0,10.0,0.9176744186046512,0.07233698973492775,0.06376744186046511,0.03795813901964795,0.8455726763695498,0.08854833341021567,0.9540581504559418,0.05046296037996617,1.0,0.0,1581.3003289195372,325.4457830584537,1581.300328919537,325.44578305845357,1804.0698492321294,238.41130153620327,375.314614648147,21.811637858625385,73.7576270319121,6.390714115100424,-0.21249275600989495,0.1727249078551636,790.6501644597685,162.72289152922656,1.0,1.0,0.0,-781.8398278599624,142.91476598645846,0.9,0.12850965387929827,0.9882142857142857,0.03627091482176639,0.8672413793103447,0.14989677243292512,0.9251162790697675,0.10281876578552468,0.9102325581395349,0.10204223267228564,0.8195934004004728,0.12693945459921951,0.9609117529498776,0.0629198623088004,0.7975794270362663,0.1210422769292697,0.955599506503131,0.06740247258638488,0.10465116279069768,0.10099179844125492,474.9,41.58343201542916,53.0,10.0,10.0,86.0,43.0,0.0,43.0,0.0,100
cross_target_adapted_cp,hust,luh,luh,random_forest,100,0.9,residual_mean,10.0,15.0,0.9391358024691359,0.06214487261693471,0.06333333333333331,0.03684344800710046,0.8697217860631247,0.0778464156203172,0.9687833621138874,0.04144105658504572,1.0,0.0,1688.6596829981686,375.7087904775759,1688.6596829981686,375.70879047757586,1866.1809991846935,282.5843625803947,370.2517217625489,19.837397132474013,73.13976060968587,5.638070810379798,-0.1994792123826087,0.15053046834069633,844.3298414990844,187.85439523878787,1.0,1.0,0.0,-798.5586825636495,145.08421137575164,0.9322222222222223,0.10410043827200674,0.9966666666666667,0.0175346575937267,0.8885185185185185,0.1401206138436093,0.9520000000000001,0.07659746547485573,0.9265853658536585,0.09227455057993784,0.847228396386613,0.09878855970376843,0.9775616761310398,0.04182370047356972,0.8144568518641431,0.11134310157996415,0.9656248163053344,0.058607066791677064,0.0838170731707317,0.08330161908015764,467.27,39.34844470890942,53.0,10.0,15.0,81.0,40.0,0.0,41.0,0.0,100
cross_target_adapted_cp,hust,luh,luh,random_forest,100,0.9,residual_mean,10.0,20.0,0.9046052631578948,0.07122360648641934,0.05860526315789473,0.040310733446318754,0.8224018430378531,0.08647644006988474,0.9478746637844371,0.04951865230116502,1.0,0.0,1489.5139012189038,219.39197684325092,1489.5139012189038,219.39197684325092,1750.6408883921433,179.81475656741702,376.7068971691359,26.513302678269042,74.60233204234227,9.1320826115808,-0.22917792751340405,0.2016714809587565,744.756950609452,109.69598842162527,1.0,1.0,0.0,-796.0224162036809,137.48695154318523,0.9073076923076923,0.12902940151871886,0.9843999999999999,0.052074538651413683,0.8220000000000001,0.14764138917654424,0.9271052631578948,0.11126276759460305,0.8821052631578948,0.09699592527015163,0.8136655138680027,0.13465306009042757,0.9621200565898274,0.06881587198197818,0.7509580829750857,0.11511946179467804,0.943090375623047,0.0618824329441318,0.12078947368421053,0.10291744427339637,468.34,45.523047775691346,53.0,10.0,20.0,76.0,38.0,0.0,38.0,0.0,100
cross_target_adapted_cp,hust,luh,luh,random_forest,100,0.9,residual_mean,15.0,5.0,0.8181395348837209,0.13929507228925592,0.11967441860465117,0.10819107336877422,0.7320687902586842,0.15446144896540456,0.877004133514853,0.11282204744309936,1.0,0.0,1277.429174088257,328.61718343340004,1277.429174088257,328.61718343340004,1920.8525749174594,361.38995983688426,367.4848655360232,17.546994154977572,72.50502400544795,2.8689785921064077,-0.18257220809984298,0.13223634910174006,inf,,0.0,1.0,0.0,-806.0477410861332,118.57803581390218,0.8168965517241379,0.18132293617302447,0.9275,0.1326100317919014,0.7137931034482758,0.21959739281083682,0.8311627906976744,0.19408351127903578,0.8051162790697675,0.15279489698535817,0.7151022827704377,0.2131990276215606,0.8929061080232706,0.14537595571326153,0.6756863309600908,0.16682576307612865,0.8845011751644496,0.1150661179248868,0.16279069767441862,0.1354019513361237,481.25,39.655938197745805,53.0,15.0,5.0,86.0,43.0,0.0,43.0,0.0,100
cross_target_adapted_cp,hust,luh,luh,random_forest,100,0.9,residual_mean,15.0,10.0,0.9085185185185185,0.08461215041474646,0.06772839506172838,0.05098081930800586,0.832089585591019,0.10110855508733846,0.9479535786816078,0.06101478471071549,1.0,0.0,1530.4639054568333,327.56619080972587,1530.4639054568333,327.56619080972587,1800.6581938160339,243.9693721189051,368.27672999276206,20.282965331129688,73.48539308299227,8.34273895734046,-0.1868449117257356,0.16121208881008564,765.2319527284166,163.78309540486268,1.0,1.0,0.0,-812.8163452181568,121.24582724331385,0.9114814814814816,0.12389316816945331,0.9885185185185185,0.048159657895076015,0.8255555555555556,0.15716085089309778,0.9329999999999999,0.10528220853659671,0.8846341463414634,0.10548362155568476,0.8245271971170832,0.1271108351897777,0.9655924962460665,0.06669045424543324,0.7615076329219881,0.12387087946991023,0.9418593143068661,0.070322727414527,0.09846341463414633,0.09142634873483176,479.22,42.590504940785934,53.0,15.0,10.0,81.0,40.0,0.0,41.0,0.0,100
cross_target_adapted_cp,hust,luh,luh,random_forest,100,0.9,residual_mean,15.0,15.0,0.9403947368421052,0.07277999056401191,0.06986842105263155,0.04488027012904861,0.8694652145321305,0.08905213750032903,0.9689463198854973,0.050403720032730456,1.0,0.0,1643.7020095374255,346.66271616111135,1643.7020095374255,346.66271616111123,1808.530856358984,271.1045468787421,367.13422114794486,16.084907122927692,71.88985776000101,2.907364945511976,-0.15724085629604048,0.11944910907716585,821.8510047687123,173.3313580805552,1.0,1.0,0.0,-793.9724826720164,107.40335293729909,0.946923076923077,0.1006196806013621,0.996,0.028709622502610943,0.878,0.145435604827412,0.9610526315789474,0.07894559629412796,0.9197368421052632,0.09568131896540266,0.855910724464113,0.09845136023323556,0.9815361759931379,0.04626693122864401,0.7998791982343093,0.1155074267264427,0.962522517650003,0.059710904532881394,0.07078947368421053,0.07905318090662307,474.07,42.80570503844533,53.0,15.0,15.0,76.0,38.0,0.0,38.0,0.0,100
cross_target_adapted_cp,hust,luh,luh,random_forest,100,0.9,residual_mean,15.0,20.0,0.9135211267605634,0.06035673952064064,0.0504788732394366,0.03540830911527669,0.8286695749010785,0.07366919923520049,0.9559222933665075,0.0412149805580568,1.0,0.0,1480.2974252918118,189.09236644970682,1480.2974252918118,189.09236644970676,1711.467905370298,198.6313320731343,368.3519467578904,21.644178133234302,72.70608190765462,5.745380759001318,-0.1949154181851534,0.15544113549304472,740.1487126459059,94.54618322485341,1.0,1.0,0.0,-803.7779752907695,134.80467284137453,0.9191666666666667,0.11186925690166462,0.9934782608695651,0.0234300648798139,0.83125,0.1447470363961023,0.9411428571428572,0.0839962500758135,0.8866666666666667,0.10086605891293915,0.8217485325261801,0.10717997827860357,0.9732782491030316,0.04504418208864224,0.7521489119905493,0.11595266708116739,0.9466206818963988,0.06838516116039732,0.1145079365079365,0.09865013741639132,472.74,42.79587915591024,53.0,15.0,20.0,71.0,35.0,0.0,36.0,0.0,100
cross_target_adapted_cp,hust,luh,luh,random_forest,100,0.9,residual_mean,20.0,5.0,0.835432098765432,0.13873595936842648,0.10804938271604937,0.10801016844282288,0.7489270622674495,0.1541657750117022,0.8915616888140636,0.11146267294528443,1.0,0.0,1286.6245348629054,317.5051934185079,1286.6245348629054,317.5051934185079,1844.8225468258215,389.67935597576223,367.90748740620415,14.512271726657563,72.27979217527854,2.9162961342558633,-0.14733594625448312,0.11264274806391451,inf,,0.0,1.0,0.0,-794.2583156428307,107.7468036766181,0.8325925925925926,0.1506963785625509,0.945925925925926,0.11209441444756707,0.7277777777777777,0.24755108498368858,0.85725,0.15068425581159745,0.8141463414634147,0.17774224643276032,0.7334205426122367,0.1707543661965207,0.918473823332302,0.10658527736565196,0.6859500104044218,0.1904758719634998,0.8885183650114084,0.13608176496658755,0.13046951219512196,0.12849967116852387,471.66,46.769415025400754,53.0,20.0,5.0,81.0,40.0,0.0,41.0,0.0,100
cross_target_adapted_cp,hust,luh,luh,random_forest,100,0.9,residual_mean,20.0,10.0,0.9006578947368421,0.08391626468022342,0.06934210526315789,0.04674911921884481,0.8190327145776578,0.10095419332190116,0.9437288994951467,0.05931949329133975,1.0,0.0,1492.6128876226878,310.76072634732606,1492.6128876226878,310.76072634732617,1776.1826311620814,237.77744046980035,370.9480923321793,18.85633482649784,73.03203528428696,4.7566540547609275,-0.17506923618999715,0.13424841088741396,746.3064438113444,155.38036317366317,1.0,1.0,0.0,-793.1923794897132,107.1482978230929,0.8946153846153847,0.12745936945268277,0.9795999999999999,0.06266666666666665,0.828,0.16918103387266029,0.9157894736842106,0.11437197202109908,0.8855263157894737,0.11439490527775867,0.7988435285646862,0.13793509294100226,0.9563882652266702,0.07129564111619421,0.7577208137553181,0.13318989369967535,0.9425415773233763,0.0758018301131014,0.11394736842105263,0.1094371156156183,482.3,49.90647819328233,53.0,20.0,10.0,76.0,38.0,0.0,38.0,0.0,100
cross_target_adapted_cp,hust,luh,luh,random_forest,100,0.9,residual_mean,20.0,15.0,0.9430985915492959,0.06147187719561659,0.06622535211267605,0.03499920778581831,0.8687656866913653,0.0784760689374651,0.971944809756123,0.03883215888969596,1.0,0.0,1675.8823953680683,369.25475016048915,1675.8823953680683,369.2547501604892,1828.7487460423872,293.7802231762202,366.61322422846644,17.000135865421118,71.71983698674559,2.9286108633747627,-0.1557043012605642,0.12100157286899225,837.9411976840338,184.62737508024478,1.0,1.0,0.0,-798.5482677163864,112.04323123430676,0.9366666666666668,0.1043525277897796,0.9947826086956522,0.030450463367430253,0.9,0.11498914212148965,0.9531428571428572,0.08367166938750009,0.9333333333333332,0.07665942808099309,0.8384412555917047,0.10490653726749502,0.9782119022217212,0.04722705707977919,0.8111893272504502,0.09658862119594473,0.9719145279676812,0.042925763983147805,0.07133333333333333,0.07659659745818356,473.16,45.901017792021065,53.0,20.0,15.0,71.0,35.0,0.0,36.0,0.0,100
cross_target_adapted_cp,hust,luh,luh,random_forest,100,0.9,residual_mean,20.0,20.0,0.9160606060606061,0.0642615087938466,0.054969696969696974,0.0365773233750572,0.8286000905305293,0.07952728157908275,0.9577523271788089,0.04241885096586371,1.0,0.0,1470.650486587059,195.38373809383174,1470.650486587059,195.38373809383168,1690.7441776069202,152.74924359922846,368.2098536292594,19.82794107748181,72.61064594641667,4.527448847348181,-0.16034462339023733,0.14338189209491284,735.3252432935293,97.6918690469159,1.0,1.0,0.0,-806.3623481592241,101.06237197081954,0.9254545454545454,0.10102571045598403,0.995,0.021324965488864468,0.8277272727272726,0.1427630633653451,0.9472727272727274,0.07405431464202047,0.8848484848484849,0.09592334146703836,0.8233939833255066,0.0960304939719687,0.9778772188728817,0.03762837960889347,0.7424103975823487,0.1153102396303657,0.9470302709758852,0.05761807534156281,0.1,0.08177792658878653,489.52,54.80000000000001,53.0,20.0,20.0,66.0,33.0,0.0,33.0,0.0,100
cross_target_adapted_cp,hust,luh,luh,random_forest,100,0.95,residual_mean,5.0,5.0,0.8373958333333333,0.14700776946750235,0.1273958333333333,0.13425880119363398,0.7605675740762353,0.16170916703865112,0.8882610865339707,0.12206858989062232,1.0,0.0,1432.2507744707002,422.1921311810183,1432.2507744707002,422.1921311810183,2663.271280319224,1082.2654923429122,386.5517534773319,44.84339140467986,78.00065396377164,13.927238390304641,-0.34231311710533086,0.3951869446702585,inf,,0.0,1.0,0.0,-820.7395716324437,205.37378740836363,0.868125,0.1941975118561283,0.935,0.1255260395940285,0.7090625,0.26862793064003876,0.879375,0.1923884584724955,0.7954166666666667,0.2021684667424809,0.7820460664262785,0.20827537392777273,0.9204804601895547,0.15100179565195565,0.6808398182867639,0.2166848915862462,0.8662126884355049,0.15965838219629724,0.20604166666666668,0.18320451454544356,474.2,34.087232124937834,53.0,5.0,5.0,96.0,48.0,0.0,48.0,0.0,100
cross_target_adapted_cp,hust,luh,luh,random_forest,100,0.95,residual_mean,5.0,10.0,0.9142857142857143,0.07683581305275836,0.06069230769230769,0.05891835419869048,0.8444170403551265,0.09342278767957946,0.9505939278180872,0.05450966576176982,1.0,0.0,1655.3240284745361,408.71268448124397,1655.3240284745361,408.71268448124397,2178.2882173702865,401.41869983096245,385.3375133961835,39.51884147032169,78.00711540740126,14.64960256834612,-0.325614392410873,0.35509107522237865,inf,,0.0,1.0,0.0,-816.924079408008,202.5707177943594,0.9264516129032258,0.1085077452303353,0.9913333333333334,0.038959531797047,0.8246666666666667,0.19341690983494952,0.9435555555555556,0.0913475894182777,0.8856521739130434,0.1261414629358367,0.8463384382035045,0.11354016612078341,0.9709999657650088,0.05602137573292665,0.7752004806159895,0.1472488413164325,0.9366566928997412,0.08688290801576629,0.12241545893719806,0.11539596353380087,473.0,35.53743224979952,53.0,5.0,10.0,91.0,45.0,0.0,46.0,0.0,100
cross_target_adapted_cp,hust,luh,luh,random_forest,100,0.95,residual_mean,5.0,15.0,0.9373255813953488,0.0730923150553471,0.05260465116279071,0.05205332559026088,0.8718243239891518,0.09056451590306482,0.9654283318267374,0.050072973855369476,1.0,0.0,1792.4381688271374,419.3369072188316,1792.4381688271374,419.3369072188315,2189.5301561475017,554.2744916652134,388.03838468386425,41.47084520783794,78.41624294592341,17.29977241467657,-0.3337311976690905,0.3134868670156855,inf,,0.0,1.0,0.0,-802.0445243532761,206.42326162315553,0.9417241379310345,0.1018328531346341,0.9889285714285714,0.05507041836757327,0.8831034482758621,0.1679959958091569,0.9548837209302325,0.09147286821705428,0.9197674418604652,0.11716248864708319,0.8582334038274366,0.11001366726241085,0.9769241891448202,0.05977848560629256,0.8130036916968669,0.1367675012404112,0.9576811014089224,0.08007669743978381,0.09325581395348838,0.1236116501167173,482.89,43.321652271763085,53.0,5.0,15.0,86.0,43.0,0.0,43.0,0.0,100
cross_target_adapted_cp,hust,luh,luh,random_forest,100,0.95,residual_mean,5.0,20.0,0.9549382716049383,0.049890610534247516,0.038395061728395075,0.03200991088003084,0.8899351503625144,0.06441810752342829,0.978743924990955,0.03134670682651008,1.0,0.0,1786.9682978632038,312.9061812248814,1786.9682978632038,312.90618122488127,2016.0019917228062,301.68872328029875,384.92585822820695,38.464215111503144,74.55864903017294,7.50577480589347,-0.31098743524310707,0.35941723055524344,893.4841489316021,156.4530906124408,1.0,1.0,0.0,-760.46258163624,185.15965222256656,0.9422222222222223,0.09610905852184409,0.9944444444444445,0.029952875746537648,0.9281481481481481,0.10888402787605453,0.9572499999999999,0.07763022620218248,0.9526829268292683,0.07170411591837733,0.8542827464287032,0.09752216023372667,0.9800872992763782,0.04530392638289422,0.847606726788772,0.08827095215029557,0.9801986340588839,0.04427155797086604,0.07034756097560976,0.08591802445466448,461.93,40.209616167320355,53.0,5.0,20.0,81.0,40.0,0.0,41.0,0.0,100
cross_target_adapted_cp,hust,luh,luh,random_forest,100,0.95,residual_mean,10.0,5.0,0.8268131868131868,0.14662932994888606,0.1358351648351648,0.13487352000507252,0.7458059234083215,0.16224226878915918,0.8813459650126697,0.11994339063593025,1.0,0.0,1339.8560554578587,415.63591160943895,1339.8560554578587,415.63591160943884,2663.3188817672026,1222.3652554457606,371.6588897211828,17.067799058270296,74.78970095061723,9.262621535609474,-0.20000955082308047,0.15500698978795288,inf,,0.0,1.0,0.0,-829.4940815478508,140.0297991126701,0.854516129032258,0.1601783106522139,0.9279999999999999,0.12415550872967206,0.6970000000000001,0.2653204656541774,0.8646666666666667,0.16551702260994958,0.7897826086956522,0.20086632841930108,0.7552950972224111,0.18932246015957738,0.9166750034350691,0.11747416439396466,0.6700255957841835,0.21091118540213602,0.864870465262304,0.16185233178402023,0.1751256038647343,0.1564028412075438,474.14,37.34334822382236,53.0,10.0,5.0,91.0,45.0,0.0,46.0,0.0,100
cross_target_adapted_cp,hust,luh,luh,random_forest,100,0.95,residual_mean,10.0,10.0,0.9176744186046512,0.07233698973492775,0.05609302325581395,0.055766736742533865,0.8455726763695498,0.08854833341021567,0.9540581504559418,0.05046296037996617,1.0,0.0,1581.300328919537,325.4457830584537,1581.3003289195365,325.44578305845357,2026.8393695447212,357.9517514766713,375.31461464814697,21.811637858625392,73.75762703191208,6.390714115100427,-0.21249275600989467,0.17272490785516362,inf,,0.0,1.0,0.0,-781.8398278599624,142.91476598645846,0.9,0.12850965387929827,0.9882142857142857,0.03627091482176639,0.8672413793103447,0.14989677243292512,0.9251162790697675,0.10281876578552468,0.9102325581395349,0.10204223267228564,0.8195934004004728,0.12693945459921951,0.9609117529498776,0.0629198623088004,0.7975794270362663,0.1210422769292697,0.955599506503131,0.06740247258638488,0.10465116279069768,0.10099179844125492,474.9,41.58343201542916,53.0,10.0,10.0,86.0,43.0,0.0,43.0,0.0,100
cross_target_adapted_cp,hust,luh,luh,random_forest,100,0.95,residual_mean,10.0,15.0,0.9391358024691359,0.06214487261693471,0.04420987654320989,0.044799023084959505,0.8697217860631247,0.0778464156203172,0.9687833621138874,0.04144105658504572,1.0,0.0,1688.6596829981688,375.7087904775763,1688.6596829981688,375.7087904775763,2043.7023153712173,330.7138042966216,370.25172176254887,19.837397132473978,73.13976060968585,5.638070810379798,-0.19947921238260835,0.15053046834069614,inf,,0.0,1.0,0.0,-798.5586825636495,145.08421137575164,0.9322222222222223,0.10410043827200674,0.9966666666666667,0.0175346575937267,0.8885185185185185,0.1401206138436093,0.9520000000000001,0.07659746547485573,0.9265853658536585,0.09227455057993784,0.847228396386613,0.09878855970376843,0.9775616761310398,0.04182370047356972,0.8144568518641431,0.11134310157996415,0.9656248163053344,0.058607066791677064,0.0838170731707317,0.08330161908015764,467.27,39.34844470890942,53.0,10.0,15.0,81.0,40.0,0.0,41.0,0.0,100
cross_target_adapted_cp,hust,luh,luh,random_forest,100,0.95,residual_mean,10.0,20.0,0.9538157894736843,0.044981466783676836,0.03465789473684212,0.028718234312165674,0.8847884712170374,0.05913434218529653,0.979173698548842,0.027019165053430796,1.0,0.0,1731.5900239992427,338.4952224217925,1731.5900239992427,338.49522242179245,1975.4681495583939,288.7835960034266,376.70689716913586,26.513302678269053,74.60233204234227,9.13208261158082,-0.22917792751340366,0.2016714809587562,865.7950119996215,169.2476112108962,1.0,1.0,0.0,-796.0224162036809,137.48695154318523,0.9596153846153846,0.0802272115610845,0.9987999999999999,0.008908060134144543,0.9028,0.10331945165799655,0.9715789473684211,0.05814791675791566,0.9360526315789474,0.06797332345920828,0.8686943985098171,0.07652515610267689,0.9878722941953163,0.02987869582381061,0.8179878904675567,0.0862091783846329,0.9740495034009734,0.038192542470513194,0.06657894736842106,0.0686084009289446,468.34,45.523047775691346,53.0,10.0,20.0,76.0,38.0,0.0,38.0,0.0,100
cross_target_adapted_cp,hust,luh,luh,random_forest,100,0.95,residual_mean,15.0,5.0,0.8181395348837209,0.13929507228925592,0.14102325581395347,0.1299133727408812,0.7320687902586842,0.15446144896540456,0.877004133514853,0.11282204744309936,1.0,0.0,1277.4291740882572,328.61718343339993,1277.4291740882572,328.61718343339993,2564.27597574666,953.9573448929106,367.4848655360233,17.546994154977625,72.50502400544796,2.868978592106388,-0.18257220809984342,0.13223634910174054,inf,,0.0,1.0,0.0,-806.0477410861332,118.57803581390218,0.8168965517241379,0.18132293617302447,0.9275,0.1326100317919014,0.7137931034482758,0.21959739281083682,0.8311627906976744,0.19408351127903578,0.8051162790697675,0.15279489698535817,0.7151022827704377,0.2131990276215606,0.8929061080232706,0.14537595571326153,0.6756863309600908,0.16682576307612865,0.8845011751644496,0.1150661179248868,0.16279069767441862,0.1354019513361237,481.25,39.655938197745805,53.0,15.0,5.0,86.0,43.0,0.0,43.0,0.0,100
cross_target_adapted_cp,hust,luh,luh,random_forest,100,0.95,residual_mean,15.0,10.0,0.9085185185185185,0.08461215041474646,0.06374074074074074,0.06923430510654108,0.832089585591019,0.10110855508733846,0.9479535786816078,0.06101478471071549,1.0,0.0,1530.4639054568327,327.5661908097255,1530.4639054568327,327.56619080972564,2070.8524821752335,471.3802858514812,368.27672999276206,20.282965331129724,73.48539308299226,8.342738957340444,-0.18684491172573559,0.1612120888100858,inf,,0.0,1.0,0.0,-812.8163452181568,121.24582724331385,0.9114814814814816,0.12389316816945331,0.9885185185185185,0.048159657895076015,0.8255555555555556,0.15716085089309778,0.9329999999999999,0.10528220853659671,0.8846341463414634,0.10548362155568476,0.8245271971170832,0.1271108351897777,0.9655924962460665,0.06669045424543324,0.7615076329219881,0.12387087946991023,0.9418593143068661,0.070322727414527,0.09846341463414633,0.09142634873483176,479.22,42.590504940785934,53.0,15.0,10.0,81.0,40.0,0.0,41.0,0.0,100
cross_target_adapted_cp,hust,luh,luh,random_forest,100,0.95,residual_mean,15.0,15.0,0.9403947368421052,0.07277999056401191,0.04839473684210526,0.05499465798252244,0.8694652145321305,0.08905213750032903,0.9689463198854973,0.050403720032730456,1.0,0.0,1643.7020095374255,346.662716161111,1643.7020095374255,346.6627161611109,1973.359703180543,359.8874299414008,367.1342211479449,16.08490712292773,71.88985776000101,2.9073649455119734,-0.1572408562960408,0.11944910907716615,inf,,0.0,1.0,0.0,-793.9724826720164,107.40335293729909,0.946923076923077,0.1006196806013621,0.996,0.028709622502610943,0.878,0.145435604827412,0.9610526315789474,0.07894559629412796,0.9197368421052632,0.09568131896540266,0.855910724464113,0.09845136023323556,0.9815361759931379,0.04626693122864401,0.7998791982343093,0.1155074267264427,0.962522517650003,0.059710904532881394,0.07078947368421053,0.07905318090662307,474.07,42.80570503844533,53.0,15.0,15.0,76.0,38.0,0.0,38.0,0.0,100
cross_target_adapted_cp,hust,luh,luh,random_forest,100,0.95,residual_mean,15.0,20.0,0.9598591549295774,0.03857850414996632,0.03322535211267608,0.021712001185830818,0.8892728290960982,0.05238487879139782,0.9832382233200013,0.021240939632486227,1.0,0.0,1744.5342912117544,338.82181684444464,1744.5342912117544,338.8218168444447,1955.2907970113406,290.49173367375255,368.3519467578904,21.644178133234302,72.70608190765462,5.745380759001333,-0.19491541818515334,0.1554411354930449,872.2671456058773,169.41090842222235,1.0,1.0,0.0,-803.7779752907695,134.80467284137453,0.9658333333333333,0.07286524160629289,0.9991304347826088,0.008695652173913056,0.91625,0.09049507647624924,0.976,0.051961325865432555,0.9441666666666667,0.06033005098416616,0.8676324228562083,0.0699161857198991,0.9902138324509592,0.02415575302927575,0.8236928791315188,0.0778133226699604,0.9789885724670658,0.03236554762549774,0.06192857142857144,0.062479648202858826,472.74,42.79587915591024,53.0,15.0,20.0,71.0,35.0,0.0,36.0,0.0,100
cross_target_adapted_cp,hust,luh,luh,random_forest,100,0.95,residual_mean,20.0,5.0,0.835432098765432,0.13873595936842648,0.12625925925925924,0.12807665477060226,0.7489270622674495,0.1541657750117022,0.8915616888140636,0.11146267294528443,1.0,0.0,1286.6245348629052,317.5051934185081,1286.6245348629052,317.50519341850804,2403.020558788738,995.6905190727408,367.90748740620415,14.512271726657545,72.27979217527854,2.9162961342558567,-0.1473359462544831,0.11264274806391426,inf,,0.0,1.0,0.0,-794.2583156428307,107.7468036766181,0.8325925925925926,0.1506963785625509,0.945925925925926,0.11209441444756707,0.7277777777777777,0.24755108498368858,0.85725,0.15068425581159745,0.8141463414634147,0.17774224643276032,0.7334205426122367,0.1707543661965207,0.918473823332302,0.10658527736565196,0.6859500104044218,0.1904758719634998,0.8885183650114084,0.13608176496658755,0.13046951219512196,0.12849967116852387,471.66,46.769415025400754,53.0,20.0,5.0,81.0,40.0,0.0,41.0,0.0,100
cross_target_adapted_cp,hust,luh,luh,random_forest,100,0.95,residual_mean,20.0,10.0,0.9006578947368421,0.08391626468022342,0.0689736842105263,0.06852555610665927,0.8190327145776578,0.10095419332190116,0.9437288994951467,0.05931949329133975,1.0,0.0,1492.612887622688,310.7607263473258,1492.612887622688,310.76072634732583,2059.7523747014734,439.7141007627822,370.9480923321793,18.856334826497804,73.03203528428698,4.756654054760908,-0.1750692361899973,0.13424841088741407,inf,,0.0,1.0,0.0,-793.1923794897132,107.1482978230929,0.8946153846153847,0.12745936945268277,0.9795999999999999,0.06266666666666665,0.828,0.16918103387266029,0.9157894736842106,0.11437197202109908,0.8855263157894737,0.11439490527775867,0.7988435285646862,0.13793509294100226,0.9563882652266702,0.07129564111619421,0.7577208137553181,0.13318989369967535,0.9425415773233763,0.0758018301131014,0.11394736842105263,0.1094371156156183,482.3,49.90647819328233,53.0,20.0,10.0,76.0,38.0,0.0,38.0,0.0,100
cross_target_adapted_cp,hust,luh,luh,random_forest,100,0.95,residual_mean,20.0,15.0,0.9430985915492959,0.06147187719561659,0.04590140845070424,0.04121505449601637,0.8687656866913653,0.0784760689374651,0.971944809756123,0.03883215888969596,1.0,0.0,1675.8823953680683,369.2547501604889,1675.8823953680683,369.2547501604889,1981.6150967167057,333.5323570073447,366.61322422846644,17.000135865421147,71.71983698674559,2.928610863374755,-0.15570430126056434,0.12100157286899234,inf,,0.0,1.0,0.0,-798.5482677163864,112.04323123430676,0.9366666666666668,0.1043525277897796,0.9947826086956522,0.030450463367430253,0.9,0.11498914212148965,0.9531428571428572,0.08367166938750009,0.9333333333333332,0.07665942808099309,0.8384412555917047,0.10490653726749502,0.9782119022217212,0.04722705707977919,0.8111893272504502,0.09658862119594473,0.9719145279676812,0.042925763983147805,0.07133333333333333,0.07659659745818356,473.16,45.901017792021065,53.0,20.0,15.0,71.0,35.0,0.0,36.0,0.0,100
cross_target_adapted_cp,hust,luh,luh,random_forest,100,0.95,residual_mean,20.0,20.0,0.956969696969697,0.04682259219664736,0.03684848484848488,0.02949400604803296,0.8823980283093853,0.06230211138461244,0.9812723620079358,0.026844128284705653,1.0,0.0,1761.963344683434,397.9328885938177,1761.9633446834334,397.93288859381767,1990.8023131541077,298.9178012203402,368.2098536292594,19.827941077481906,72.61064594641668,4.527448847348203,-0.1603446233902374,0.14338189209491373,880.9816723417167,198.9664442969088,1.0,1.0,0.0,-806.3623481592241,101.06237197081954,0.9695454545454545,0.0704934132546901,0.999090909090909,0.0063956951880131535,0.9022727272727273,0.10837209616862777,0.9793939393939394,0.04735443794838011,0.9345454545454546,0.07331160016629934,0.8666470547406451,0.06355688027472887,0.9921680142822887,0.02194525341479622,0.8049697511713133,0.0940371378055904,0.9735010509645192,0.03828063245515905,0.06484848484848485,0.06518087193899669,489.52,54.80000000000001,53.0,20.0,20.0,66.0,33.0,0.0,33.0,0.0,100
cross_target_adapted_cp,hust,matr,matr,random_forest,100,0.9,residual_mean,5.0,5.0,0.8478991596638656,0.12907554625382775,0.09961344537815126,0.09684701430472513,0.7799703908679522,0.14295028732665863,0.8940691459048833,0.10787456387886163,1.0,0.0,1177.4407974168823,483.4603278644639,1177.4407974168823,483.46032786446386,1876.3832909751904,418.82413053520526,292.2373449579812,47.09025690065815,37.8608532511954,5.246096965098825,-0.10829913668046517,0.2853565566762262,inf,,0.0,1.0,0.0,-775.5252069353613,155.8422304206961,0.85275,0.2262143157863062,0.9784615384615384,0.09116388231672981,0.71575,0.21401804771438024,0.8923728813559322,0.1685192968355115,0.8041666666666667,0.15055779192494612,0.8076032185682116,0.18607095499258955,0.9291715296455121,0.13320109694536744,0.6969995091511875,0.16464368730791337,0.8747292807957079,0.1193274303606739,0.16172033898305085,0.1297623877378244,735.69,21.26489733306649,53.0,5.0,5.0,119.0,59.0,0.0,60.0,0.0,100
cross_target_adapted_cp,hust,matr,matr,random_forest,100,0.9,residual_mean,5.0,10.0,0.9006140350877193,0.10132830276847715,0.07563157894736841,0.06700664822690164,0.8389284436121462,0.11676151557989242,0.9361807659486555,0.07999639320397965,1.0,0.0,1482.4164267922492,591.1051495343632,1482.4164267922492,591.1051495343631,1923.5140943938752,389.8275650303069,292.98993440827815,51.234876026790246,37.918553284599845,5.305849379521223,-0.12190305024774936,0.3057238734771869,741.2082133961247,295.55257476718174,1.0,1.0,0.0,-782.4673186650496,160.95392412468672,0.9086842105263158,0.18948752829097368,0.9892105263157894,0.03666605617495024,0.8039473684210526,0.17834023879479588,0.9333333333333332,0.14125616243244365,0.8678947368421052,0.12137990057671352,0.8543683757360385,0.15755244927738105,0.9575779673913799,0.10914235355322277,0.7664949382317972,0.14043565188960422,0.9228376453869059,0.08813065605996516,0.13035087719298247,0.12436056920070107,744.28,24.55300594652518,53.0,5.0,10.0,114.0,57.0,0.0,57.0,0.0,100
cross_target_adapted_cp,hust,matr,matr,random_forest,100,0.9,residual_mean,5.0,15.0,0.9343119266055047,0.06469790674683795,0.06264220183486238,0.03756776775980652,0.8763090696395277,0.07935982162687925,0.9627442445368445,0.04612271504469616,1.0,0.0,1621.152238895606,506.0298933306204,1621.152238895606,506.0298933306202,1920.664561886695,333.4013599242945,294.30706700572466,53.23970136633619,37.8847368580354,5.327984706091354,-0.12378534157262347,0.328773939330026,810.5761194478027,253.01494666530982,1.0,1.0,0.0,-771.8956288532702,160.83718196035733,0.9589189189189189,0.09614999853247624,0.9977698412698414,0.00856549937742751,0.8455555555555556,0.15175121901611505,0.9714814814814815,0.06598248077577587,0.8978181818181818,0.10202982071049886,0.8951184498033281,0.084062359136366,0.9852189593524416,0.03975873366801356,0.799056812036358,0.12136017576620092,0.9446365102748474,0.07035686822462757,0.09801346801346802,0.09313375110720158,736.29,25.568800037419336,53.0,5.0,15.0,109.0,54.0,0.0,55.0,0.0,100
cross_target_adapted_cp,hust,matr,matr,random_forest,100,0.9,residual_mean,5.0,20.0,0.9029807692307692,0.0656015728382698,0.05340384615384615,0.03783863794676504,0.8344072378612892,0.07844129695165765,0.9428448590281441,0.04835334369687872,1.0,0.0,1301.9296910909409,383.91198220717445,1301.9296910909409,383.91198220717445,1755.2919942264903,254.9051742115997,292.332845932451,51.16909582455642,37.519162172806155,5.040340967066565,-0.10416539732505614,0.2743272976238162,650.9648455454706,191.95599110358745,1.0,1.0,0.0,-764.9021389336006,157.10661283958336,0.9308650793650795,0.11686976412603521,0.9961764705882353,0.012989565450673183,0.7845714285714286,0.1488453463376188,0.9515384615384616,0.07999312623628414,0.854423076923077,0.10121693194409224,0.8657161385892423,0.10090749483888423,0.975236103557362,0.04894178559759723,0.741153774977096,0.1181140556377641,0.9189292668781814,0.0709195940339708,0.1321153846153846,0.08927010459790446,747.89,28.96772673026294,53.0,5.0,20.0,104.0,52.0,0.0,52.0,0.0,100
cross_target_adapted_cp,hust,matr,matr,random_forest,100,0.9,residual_mean,10.0,5.0,0.8342105263157894,0.14028717764108536,0.10824561403508773,0.1105305350114065,0.7634100697555346,0.1540293540546192,0.8832214363593449,0.11818725662534378,1.0,0.0,1136.4399600152458,533.6713799312125,1136.4399600152458,533.6713799312125,1871.9588273698503,387.9860434168134,275.9449108092145,27.293187014363838,35.915789630418175,3.2087396789004163,-0.0023699365832647113,0.15035273469373905,inf,,0.0,1.0,0.0,-785.3990241738512,102.33899458569041,0.8134952766531715,0.25484014776319014,0.9823613086770981,0.0385210732817497,0.7068421052631579,0.20177241442229543,0.866842105263158,0.18264645740139515,0.8015789473684211,0.13833603838276398,0.7757188954034162,0.20325484047644896,0.9116413489202404,0.1406314742711991,0.689554219210384,0.1523546619202003,0.8755209888203983,0.1080305481523014,0.1368421052631579,0.10797499208713397,743.06,22.607686187389337,53.0,10.0,5.0,114.0,57.0,0.0,57.0,0.0,100
cross_target_adapted_cp,hust,matr,matr,random_forest,100,0.9,residual_mean,10.0,10.0,0.9076146788990826,0.08299763025850504,0.06722935779816513,0.04880301931196782,0.8440798595513717,0.09842452254853025,0.9433966666179611,0.062359192237340905,1.0,0.0,1400.5666995193862,513.36151657282,1400.5666995193865,513.36151657282,1814.6963847216512,286.3162151233008,275.7121851392447,26.914330444880452,35.84822047863855,3.0911532305050335,-0.0062596430675019065,0.1408357816795934,700.2833497596934,256.6807582864101,1.0,1.0,0.0,-776.3404038550516,102.24861923659077,0.9265149359886202,0.14394471078084373,0.9961031746031747,0.011874042455998404,0.7997222222222223,0.1471607986555193,0.9479629629629629,0.09973204737516307,0.868,0.09781381906766061,0.8656949459350592,0.12014828932407706,0.9707293245864674,0.06711233056908471,0.7612191521342521,0.11570697950284253,0.9267311606435723,0.06785465798656627,0.10585521885521885,0.08128827856974644,737.55,26.41753893980974,53.0,10.0,10.0,109.0,54.0,0.0,55.0,0.0,100
cross_target_adapted_cp,hust,matr,matr,random_forest,100,0.9,residual_mean,10.0,15.0,0.9353846153846154,0.0661965674021825,0.06338461538461537,0.039856145603388404,0.8761383400783231,0.08137373500217643,0.9636129113450493,0.04689098997078573,1.0,0.0,1575.104309964137,491.015387368564,1575.104309964137,491.015387368564,1853.7590193157891,310.2573652238626,283.90218642214637,38.56985610963887,36.57955548787333,4.036097598189705,-0.04615714905107536,0.224495573937847,787.5521549820683,245.50769368428186,1.0,1.0,0.0,-752.4674613212788,121.21596680230914,0.958,0.11206022175754629,0.9982352941176471,0.008170528795982767,0.8517142857142858,0.12839943602730292,0.9711538461538461,0.07552636404441912,0.8996153846153847,0.08787515527355047,0.892808244516109,0.09185079595376555,0.9846759945210206,0.049784123880230846,0.7962791012130706,0.10791841077588835,0.9479707962233195,0.056677273374575766,0.09038461538461538,0.07900731156429015,744.24,27.655572803156815,53.0,10.0,15.0,104.0,52.0,0.0,52.0,0.0,100
cross_target_adapted_cp,hust,matr,matr,random_forest,100,0.9,residual_mean,10.0,20.0,0.9001010101010101,0.07068367272140268,0.054525252525252525,0.04464480258178001,0.829408620366999,0.08461359222763992,0.9409032840773114,0.05195526532084506,1.0,0.0,1248.166365061682,403.1909668184403,1248.166365061682,403.19096681844024,1724.8889843023273,258.5006800581462,278.031267053873,29.90887324693076,35.96998324413932,3.1911056818567296,-0.0010428749682522187,0.15012396473696538,624.0831825308411,201.59548340921995,1.0,1.0,0.0,-761.7543347261405,103.03666563987346,0.9363636363636364,0.10589650166699904,0.9948484848484849,0.014320653412886674,0.769090909090909,0.15647113471297994,0.9548979591836735,0.07293923336093171,0.8464,0.10505909832762766,0.8650036678461521,0.09205769231597657,0.97865207132018,0.044371292437203017,0.7292071212512016,0.12091566851291094,0.9141632620692074,0.07516386830440586,0.12920816326530613,0.08873842409726422,741.1,32.3542575219704,53.0,10.0,20.0,99.0,49.0,0.0,50.0,0.0,100
cross_target_adapted_cp,hust,matr,matr,random_forest,100,0.9,residual_mean,15.0,5.0,0.8219266055045871,0.1381486258940369,0.1178532110091743,0.10588858252904304,0.7477541016655549,0.15390464443837867,0.8741804313815277,0.11362084508337664,1.0,0.0,1088.784157388608,537.9206197830462,1088.784157388608,537.9206197830463,1832.2213334804683,356.9143122381454,274.49220419821836,21.556116063938646,35.649351943132714,2.7015578348759295,0.015215247279314332,0.10401409046138993,inf,,0.0,1.0,0.0,-763.2940403798831,86.5829360250687,0.7753271692745378,0.27478177409104276,0.9783174603174604,0.057709551713419065,0.7136111111111112,0.17468974689227026,0.8361111111111111,0.20611898394032288,0.8079999999999999,0.11908098992050514,0.7386407300942524,0.22470455184375657,0.8889368023557561,0.1621146769444469,0.6929472638946916,0.13569243973463538,0.8828372370171833,0.0877588187281545,0.14614478114478113,0.12529309656689405,735.23,25.59508120358641,53.0,15.0,5.0,109.0,54.0,0.0,55.0,0.0,100
cross_target_adapted_cp,hust,matr,matr,random_forest,100,0.9,residual_mean,15.0,10.0,0.9078846153846153,0.09631086635321096,0.07496153846153845,0.06051930203129536,0.844109466525365,0.11283494223622414,0.9426009593884924,0.07368743010224568,1.0,0.0,1473.3616525953414,625.2193942740734,1473.3616525953414,625.2193942740732,1903.664636817348,370.11705190119113,271.40209749548376,20.74951986677404,35.38498178521265,2.547014216651174,0.009922033674758312,0.1221441122338919,736.6808262976706,312.6096971370365,1.0,1.0,0.0,-788.9404127451853,94.77637603471112,0.9258174603174604,0.16750236951741473,0.9946969696969696,0.01586644690534098,0.8057142857142857,0.15910489675528852,0.9475,0.11778311953698316,0.8682692307692308,0.10941481671068545,0.8648628880451501,0.13580945735105926,0.9685680606239931,0.08505275824658078,0.7597850881060273,0.12950376668202068,0.9260852456719739,0.07537828179666867,0.10923076923076923,0.0942063856944546,745.7,29.598150365360762,53.0,15.0,10.0,104.0,52.0,0.0,52.0,0.0,100
cross_target_adapted_cp,hust,matr,matr,random_forest,100,0.9,residual_mean,15.0,15.0,0.933030303030303,0.07136220463812346,0.06903030303030303,0.0371654340075989,0.871382244661965,0.08665823812261089,0.9623282159168681,0.05127295336651094,1.0,0.0,1590.8343146381228,507.73251592740075,1590.8343146381228,507.73251592740064,1897.1343455376204,309.9288406684692,270.03372881023313,20.966438576675618,35.1437615575097,2.542991685327458,0.01965794309703189,0.09486390889057876,795.4171573190615,253.86625796370046,1.0,1.0,0.0,-780.0222114721818,84.5681185346042,0.9645632798573974,0.10646500273273656,0.995748106060606,0.012955207041059713,0.8387878787878787,0.14863375903003764,0.9738775510204082,0.07497484141841607,0.893,0.09922426389474777,0.8930161928341692,0.09129424104135801,0.9858391801331808,0.048548652400721745,0.7857742466104369,0.11709165269492668,0.9441465404707431,0.06825962748892427,0.09595510204081634,0.08919862999365766,738.21,33.4296472181702,53.0,15.0,15.0,99.0,49.0,0.0,50.0,0.0,100
cross_target_adapted_cp,hust,matr,matr,random_forest,100,0.9,residual_mean,15.0,20.0,0.9168085106382979,0.06701658582406529,0.054297872340425525,0.04240947146141005,0.8474009284521713,0.08040941254222579,0.9534865577371324,0.0489197681427513,1.0,0.0,1363.5281132594196,409.63152916082856,1363.5281132594196,409.63152916082856,1752.5343799093318,276.1004211443738,269.8251679140988,23.80054167638218,35.27470554059146,2.7421038558694053,0.011062406815102096,0.1272928416422938,681.7640566297097,204.81576458041422,1.0,1.0,0.0,-782.2179527070778,92.45757901942238,0.9516098484848484,0.09780413790655132,0.9974193548387098,0.011850152461929034,0.8003225806451613,0.14712619680245892,0.9663829787234043,0.06674892383376105,0.8672340425531915,0.10062291413629647,0.8783510539701613,0.08570052802418546,0.9839373424862302,0.038537040376817204,0.7488447209594746,0.11402951684807354,0.930128715301352,0.07362607597925547,0.11361702127659574,0.0899248474090661,745.44,34.538024719360436,53.0,15.0,20.0,94.0,47.0,0.0,47.0,0.0,100
cross_target_adapted_cp,hust,matr,matr,random_forest,100,0.9,residual_mean,20.0,5.0,0.8471153846153847,0.13213315293067399,0.10357692307692307,0.09719906654923777,0.7737567268593327,0.14624921150567283,0.8957446021244074,0.10954313187035603,1.0,0.0,1159.7134950554566,534.5331381190347,1159.7134950554566,534.5331381190347,1832.5387853688558,336.0280447548747,267.7401967915164,15.627948657772759,34.93285387030058,1.9671669083910972,0.03130481070706995,0.07572773424359376,inf,,0.0,1.0,0.0,-785.4379898753577,74.75079321115085,0.8368730158730159,0.23632249623028423,0.9808823529411765,0.08131669152158603,0.7274285714285714,0.1671135628797719,0.8819230769230769,0.17815061801515356,0.8123076923076923,0.12005318288349974,0.7877932110440169,0.1947730297049623,0.9235062578244482,0.14001515072839943,0.6938775619771606,0.13576310084626836,0.8877691336131653,0.08861158314162296,0.13076923076923078,0.10042941689751797,749.87,31.786108076747386,53.0,20.0,5.0,104.0,52.0,0.0,52.0,0.0,100
cross_target_adapted_cp,hust,matr,matr,random_forest,100,0.9,residual_mean,20.0,10.0,0.9054545454545455,0.08717069390597117,0.06808080808080808,0.05428598247615983,0.8377560458145956,0.10294300504334301,0.9428629858540392,0.06544765780570452,1.0,0.0,1376.7883593225633,519.1769227494416,1376.7883593225633,519.1769227494415,1835.1364509513721,299.11371537797055,269.63808456724337,16.9623705185098,35.04609137460978,2.1793178350535927,0.03192393522693771,0.0772416273894013,688.3941796612818,259.5884613747209,1.0,1.0,0.0,-781.2524206442321,78.54754018832291,0.941524064171123,0.13971714178576738,0.9948484848484849,0.013657603429361705,0.78,0.16767898036974777,0.9581632653061224,0.09529881446341432,0.8538,0.11251738361765092,0.8725860197855769,0.11305186077272784,0.9771255703572744,0.06498154725170256,0.7392383389593895,0.13043147643100897,0.9178760998938458,0.07942548549908794,0.12282857142857143,0.09447338995860671,740.87,31.644698919360412,53.0,20.0,10.0,99.0,49.0,0.0,50.0,0.0,100
cross_target_adapted_cp,hust,matr,matr,random_forest,100,0.9,residual_mean,20.0,15.0,0.9451063829787235,0.06897256351105811,0.06885106382978723,0.04498887816594467,0.8850831830370426,0.08403424349915829,0.9701779813876759,0.04935777558873638,1.0,0.0,1642.410766604264,517.8476995576931,1642.410766604264,517.8476995576931,1908.995793110058,315.21936070269396,263.68984111152645,15.844716532829615,34.5171035086174,2.053221473577631,0.04817083636418488,0.0675823347779665,821.2053833021321,258.9238497788465,1.0,1.0,0.0,-770.6358050376116,61.18151318979403,0.9765625,0.08548073631857452,0.9983870967741936,0.008423112384953123,0.8593548387096774,0.1480396004794128,0.9834042553191489,0.06075252888577474,0.9068085106382979,0.0993727210932751,0.902244914060052,0.0730357142912941,0.9915138618290547,0.04025037075861163,0.799620393471948,0.11800110536625957,0.952521674969941,0.06763736765718098,0.08212765957446809,0.08494612032867958,744.62,33.58113347182499,53.0,20.0,15.0,94.0,47.0,0.0,47.0,0.0,100
cross_target_adapted_cp,hust,matr,matr,random_forest,100,0.9,residual_mean,20.0,20.0,0.9144943820224719,0.0619115552264776,0.05121348314606741,0.037362225266775156,0.8415618931584072,0.07525920502361856,0.9531261797906859,0.043829664046979556,1.0,0.0,1302.5801243643787,363.8168501582935,1302.5801243643787,363.8168501582935,1688.4428825308987,234.07725614181302,271.5193650175761,24.174493906483523,35.463072640751555,2.9251120544481894,-0.0013615811338362337,0.15032626577876437,651.2900621821893,181.90842507914724,1.0,1.0,0.0,-768.095293826739,85.78018258096773,0.9476774193548387,0.1169452088254703,0.9972413793103447,0.010602842962562857,0.8013103448275862,0.12333281016285395,0.9631818181818181,0.08093725327804456,0.8668888888888888,0.08359636751932906,0.8706052746693171,0.09990373819580733,0.9813754342125993,0.04983692998717964,0.7437412535987704,0.09921519023632099,0.9323237288421191,0.05535328167698207,0.11987878787878788,0.08128616229599134,735.54,37.189229460675655,53.0,20.0,20.0,89.0,44.0,0.0,45.0,0.0,100
cross_target_adapted_cp,hust,matr,matr,random_forest,100,0.95,residual_mean,5.0,5.0,0.8478991596638656,0.12907554625382775,0.11485714285714282,0.11774956306661721,0.7799703908679522,0.14295028732665863,0.8940691459048833,0.10787456387886163,1.0,0.0,1177.4407974168826,483.46032786446426,1177.4407974168826,483.4603278644642,2575.325784533497,998.4737308530488,292.2373449579812,47.09025690065817,37.8608532511954,5.246096965098827,-0.10829913668046498,0.28535655667622595,inf,,0.0,1.0,0.0,-775.5252069353613,155.8422304206961,0.85275,0.2262143157863062,0.9784615384615384,0.09116388231672981,0.71575,0.21401804771438024,0.8923728813559322,0.1685192968355115,0.8041666666666667,0.15055779192494612,0.8076032185682116,0.18607095499258955,0.9291715296455121,0.13320109694536744,0.6969995091511875,0.16464368730791337,0.8747292807957079,0.1193274303606739,0.16172033898305085,0.1297623877378244,735.69,21.26489733306649,53.0,5.0,5.0,119.0,59.0,0.0,60.0,0.0,100
cross_target_adapted_cp,hust,matr,matr,random_forest,100,0.95,residual_mean,5.0,10.0,0.9006140350877193,0.10132830276847715,0.07287719298245614,0.08582716344894875,0.8389284436121462,0.11676151557989242,0.9361807659486555,0.07999639320397965,1.0,0.0,1482.416426792249,591.1051495343637,1482.416426792249,591.1051495343638,2364.6117619955007,699.4326474043755,292.9899344082781,51.2348760267902,37.91855328459983,5.305849379521219,-0.12190305024774896,0.30572387347718666,inf,,0.0,1.0,0.0,-782.4673186650496,160.95392412468672,0.9086842105263158,0.18948752829097368,0.9892105263157894,0.03666605617495024,0.8039473684210526,0.17834023879479588,0.9333333333333332,0.14125616243244365,0.8678947368421052,0.12137990057671352,0.8543683757360385,0.15755244927738105,0.9575779673913799,0.10914235355322277,0.7664949382317972,0.14043565188960422,0.9228376453869059,0.08813065605996516,0.13035087719298247,0.12436056920070107,744.28,24.55300594652518,53.0,5.0,10.0,114.0,57.0,0.0,57.0,0.0,100
cross_target_adapted_cp,hust,matr,matr,random_forest,100,0.95,residual_mean,5.0,15.0,0.9343119266055047,0.06469790674683795,0.04732110091743119,0.04661024728925318,0.8763090696395277,0.07935982162687925,0.9627442445368445,0.04612271504469616,1.0,0.0,1621.152238895606,506.02989333061976,1621.152238895606,506.0298933306198,2220.176884877784,500.59141458650356,294.3070670057247,53.239701366336156,37.88473685803541,5.327984706091358,-0.1237853415726237,0.32877393933002574,inf,,0.0,1.0,0.0,-771.8956288532702,160.83718196035733,0.9589189189189189,0.09614999853247624,0.9977698412698414,0.00856549937742751,0.8455555555555556,0.15175121901611505,0.9714814814814815,0.06598248077577587,0.8978181818181818,0.10202982071049886,0.8951184498033281,0.084062359136366,0.9852189593524416,0.03975873366801356,0.799056812036358,0.12136017576620092,0.9446365102748474,0.07035686822462757,0.09801346801346802,0.09313375110720158,736.29,25.568800037419336,53.0,5.0,15.0,109.0,54.0,0.0,55.0,0.0,100
cross_target_adapted_cp,hust,matr,matr,random_forest,100,0.95,residual_mean,5.0,20.0,0.9541346153846153,0.04256155295394161,0.034442307692307696,0.025109727222163872,0.8988178486507158,0.05583178563495249,0.9770976019836897,0.026662183128522497,1.0,0.0,1761.4557313472085,437.68008995277336,1761.4557313472085,437.68008995277336,2143.3466333007736,356.03648390661215,292.332845932451,51.16909582455632,37.51916217280615,5.04034096706656,-0.10416539732505582,0.2743272976238158,880.7278656736044,218.84004497638693,1.0,1.0,0.0,-764.9021389336006,157.10661283958336,0.9785714285714286,0.05603176647085624,0.9994117647058823,0.004138391004008517,0.8857142857142857,0.11143634116545574,0.9851923076923077,0.037761203545652315,0.923076923076923,0.0750052296305952,0.9100119328339775,0.05177363088284484,0.9936177549581359,0.018908013875855646,0.8250610199996347,0.09427748520019001,0.9628840109724817,0.04618949680309363,0.07480769230769231,0.07142841666863363,747.89,28.96772673026294,53.0,5.0,20.0,104.0,52.0,0.0,52.0,0.0,100
cross_target_adapted_cp,hust,matr,matr,random_forest,100,0.95,residual_mean,10.0,5.0,0.8342105263157894,0.14028717764108536,0.12912280701754383,0.12799222755905268,0.7634100697555346,0.1540293540546192,0.8832214363593449,0.11818725662534378,1.0,0.0,1136.4399600152462,533.6713799312125,1136.4399600152462,533.6713799312125,2607.477694724452,901.5607367031512,275.94491080921443,27.2931870143638,35.915789630418175,3.2087396789004146,-0.002369936583264591,0.15035273469373867,inf,,0.0,1.0,0.0,-785.3990241738512,102.33899458569041,0.8134952766531715,0.25484014776319014,0.9823613086770981,0.0385210732817497,0.7068421052631579,0.20177241442229543,0.866842105263158,0.18264645740139515,0.8015789473684211,0.13833603838276398,0.7757188954034162,0.20325484047644896,0.9116413489202404,0.1406314742711991,0.689554219210384,0.1523546619202003,0.8755209888203983,0.1080305481523014,0.1368421052631579,0.10797499208713397,743.06,22.607686187389337,53.0,10.0,5.0,114.0,57.0,0.0,57.0,0.0,100
cross_target_adapted_cp,hust,matr,matr,random_forest,100,0.95,residual_mean,10.0,10.0,0.9076146788990826,0.08299763025850504,0.06428440366972477,0.06729815651712924,0.8440798595513717,0.09842452254853025,0.9433966666179611,0.062359192237340905,1.0,0.0,1400.5666995193862,513.3615165728195,1400.5666995193862,513.3615165728197,2228.8260699239145,453.18782079286143,275.7121851392447,26.91433044488046,35.84822047863855,3.091153230505029,-0.006259643067502099,0.14083578167959357,inf,,0.0,1.0,0.0,-776.3404038550516,102.24861923659077,0.9265149359886202,0.14394471078084373,0.9961031746031747,0.011874042455998404,0.7997222222222223,0.1471607986555193,0.9479629629629629,0.09973204737516307,0.868,0.09781381906766061,0.8656949459350592,0.12014828932407706,0.9707293245864674,0.06711233056908471,0.7612191521342521,0.11570697950284253,0.9267311606435723,0.06785465798656627,0.10585521885521885,0.08128827856974644,737.55,26.41753893980974,53.0,10.0,10.0,109.0,54.0,0.0,55.0,0.0,100
cross_target_adapted_cp,hust,matr,matr,random_forest,100,0.95,residual_mean,10.0,15.0,0.9353846153846154,0.0661965674021825,0.04707692307692307,0.04857087356770268,0.8761383400783231,0.08137373500217643,0.9636129113450493,0.04689098997078573,1.0,0.0,1575.1043099641372,491.0153873685639,1575.1043099641372,491.01538736856384,2132.41372866744,383.3533428683477,283.9021864221463,38.56985610963881,36.57955548787333,4.036097598189699,-0.046157149051075305,0.22449557393784653,inf,,0.0,1.0,0.0,-752.4674613212788,121.21596680230914,0.958,0.11206022175754629,0.9982352941176471,0.008170528795982767,0.8517142857142858,0.12839943602730292,0.9711538461538461,0.07552636404441912,0.8996153846153847,0.08787515527355047,0.892808244516109,0.09185079595376555,0.9846759945210206,0.049784123880230846,0.7962791012130706,0.10791841077588835,0.9479707962233195,0.056677273374575766,0.09038461538461538,0.07900731156429015,744.24,27.655572803156815,53.0,10.0,15.0,104.0,52.0,0.0,52.0,0.0,100
cross_target_adapted_cp,hust,matr,matr,random_forest,100,0.95,residual_mean,10.0,20.0,0.9487878787878787,0.04879790018632062,0.03964646464646466,0.028195740613165654,0.8904173593509865,0.06344475077740801,0.9736310606051031,0.030885890755052877,1.0,0.0,1657.8027385533178,514.4894455883588,1657.8027385533178,514.4894455883588,2140.1317690129345,368.98312363264927,278.0312670538731,29.90887324693086,35.96998324413932,3.191105681856735,-0.0010428749682523742,0.15012396473696651,828.9013692766589,257.2447227941792,1.0,1.0,0.0,-761.7543347261405,103.03666563987346,0.9839393939393939,0.04096375402223142,0.999090909090909,0.005195351757508032,0.8633333333333333,0.1270038847281741,0.9887755102040816,0.02757563205889493,0.9096,0.0843982861619281,0.9104961283608972,0.03929961490879873,0.9959890646868219,0.012246782043981639,0.8060128661405679,0.10466184028283827,0.9547391806493848,0.05285542803884004,0.08082448979591836,0.0781327007471053,741.1,32.3542575219704,53.0,10.0,20.0,99.0,49.0,0.0,50.0,0.0,100
cross_target_adapted_cp,hust,matr,matr,random_forest,100,0.95,residual_mean,15.0,5.0,0.8219266055045871,0.1381486258940369,0.1408990825688073,0.12490172022047112,0.7477541016655549,0.15390464443837867,0.8741804313815277,0.11362084508337664,1.0,0.0,1088.7841573886074,537.9206197830458,1088.7841573886074,537.9206197830459,2575.65850957233,795.0600652134483,274.49220419821836,21.556116063938624,35.649351943132714,2.7015578348759277,0.015215247279314241,0.10401409046138982,inf,,0.0,1.0,0.0,-763.2940403798831,86.5829360250687,0.7753271692745378,0.27478177409104276,0.9783174603174604,0.057709551713419065,0.7136111111111112,0.17468974689227026,0.8361111111111111,0.20611898394032288,0.8079999999999999,0.11908098992050514,0.7386407300942524,0.22470455184375657,0.8889368023557561,0.1621146769444469,0.6929472638946916,0.13569243973463538,0.8828372370171833,0.0877588187281545,0.14614478114478113,0.12529309656689405,735.23,25.59508120358641,53.0,15.0,5.0,109.0,54.0,0.0,55.0,0.0,100
cross_target_adapted_cp,hust,matr,matr,random_forest,100,0.95,residual_mean,15.0,10.0,0.9078846153846153,0.09631086635321096,0.06849999999999999,0.07954720832787503,0.844109466525365,0.11283494223622414,0.9426009593884924,0.07368743010224568,1.0,0.0,1473.3616525953414,625.219394274073,1473.3616525953412,625.219394274073,2333.9676210393545,553.7446465841717,271.4020974954838,20.749519866773976,35.38498178521266,2.5470142166511716,0.009922033674758128,0.12214411223389153,inf,,0.0,1.0,0.0,-788.9404127451853,94.77637603471112,0.9258174603174604,0.16750236951741473,0.9946969696969696,0.01586644690534098,0.8057142857142857,0.15910489675528852,0.9475,0.11778311953698316,0.8682692307692308,0.10941481671068545,0.8648628880451501,0.13580945735105926,0.9685680606239931,0.08505275824658078,0.7597850881060273,0.12950376668202068,0.9260852456719739,0.07537828179666867,0.10923076923076923,0.0942063856944546,745.7,29.598150365360762,53.0,15.0,10.0,104.0,52.0,0.0,52.0,0.0,100
cross_target_adapted_cp,hust,matr,matr,random_forest,100,0.95,residual_mean,15.0,15.0,0.933030303030303,0.07136220463812346,0.04895959595959596,0.0544259963418193,0.871382244661965,0.08665823812261089,0.9623282159168681,0.05127295336651094,1.0,0.0,1590.834314638123,507.73251592740144,1590.834314638123,507.73251592740144,2203.434376437119,495.63891044819417,270.0337288102332,20.966438576675607,35.1437615575097,2.542991685327452,0.01965794309703185,0.09486390889057864,inf,,0.0,1.0,0.0,-780.0222114721818,84.5681185346042,0.9645632798573974,0.10646500273273656,0.995748106060606,0.012955207041059713,0.8387878787878787,0.14863375903003764,0.9738775510204082,0.07497484141841607,0.893,0.09922426389474777,0.8930161928341692,0.09129424104135801,0.9858391801331808,0.048548652400721745,0.7857742466104369,0.11709165269492668,0.9441465404707431,0.06825962748892427,0.09595510204081634,0.08919862999365766,738.21,33.4296472181702,53.0,15.0,15.0,99.0,49.0,0.0,50.0,0.0,100
cross_target_adapted_cp,hust,matr,matr,random_forest,100,0.95,residual_mean,15.0,20.0,0.9657446808510639,0.0352534221510563,0.03327659574468088,0.019356800970512796,0.910345393236971,0.04814976359508209,0.9845717620812454,0.01997456531508211,1.0,0.0,1855.8505065896911,449.1759739273146,1855.8505065896911,449.17597392731466,2138.2747553763693,278.2889685304111,269.8251679140988,23.800541676382156,35.27470554059146,2.7421038558694053,0.011062406815102168,0.1272928416422941,927.9252532948456,224.58798696365687,1.0,1.0,0.0,-782.2179527070778,92.45757901942238,0.990625,0.035947448666860414,1.0,0.0,0.9058064516129032,0.09370387410812747,0.9936170212765957,0.024474858666798598,0.9378723404255319,0.061804682922381934,0.9151261320507663,0.03404446234848546,0.9975148714979692,0.011451883403815245,0.8366191985499191,0.0809069410877677,0.972956312356675,0.034159026231072455,0.05872340425531915,0.0593468372305726,745.44,34.538024719360436,53.0,15.0,20.0,94.0,47.0,0.0,47.0,0.0,100
cross_target_adapted_cp,hust,matr,matr,random_forest,100,0.95,residual_mean,20.0,5.0,0.8471153846153847,0.13213315293067399,0.11561538461538458,0.12103470295179843,0.7737567268593327,0.14624921150567283,0.8957446021244074,0.10954313187035603,1.0,0.0,1159.7134950554564,534.5331381190348,1159.7134950554564,534.5331381190349,2505.3640756822533,786.9528255364376,267.7401967915163,15.62794865777271,34.93285387030058,1.9671669083910963,0.03130481070707011,0.07572773424359319,inf,,0.0,1.0,0.0,-785.4379898753577,74.75079321115085,0.8368730158730159,0.23632249623028423,0.9808823529411765,0.08131669152158603,0.7274285714285714,0.1671135628797719,0.8819230769230769,0.17815061801515356,0.8123076923076923,0.12005318288349974,0.7877932110440169,0.1947730297049623,0.9235062578244482,0.14001515072839943,0.6938775619771606,0.13576310084626836,0.8877691336131653,0.08861158314162296,0.13076923076923078,0.10042941689751797,749.87,31.786108076747386,53.0,20.0,5.0,104.0,52.0,0.0,52.0,0.0,100
cross_target_adapted_cp,hust,matr,matr,random_forest,100,0.95,residual_mean,20.0,10.0,0.9054545454545455,0.08717069390597117,0.06679797979797979,0.07138648538635325,0.8377560458145956,0.10294300504334301,0.9428629858540392,0.06544765780570452,1.0,0.0,1376.7883593225627,519.1769227494416,1376.7883593225627,519.1769227494417,2293.48454258018,578.0271642654035,269.63808456724337,16.9623705185098,35.04609137460978,2.1793178350535922,0.0319239352269376,0.07724162738940159,inf,,0.0,1.0,0.0,-781.2524206442321,78.54754018832291,0.941524064171123,0.13971714178576738,0.9948484848484849,0.013657603429361705,0.78,0.16767898036974777,0.9581632653061224,0.09529881446341432,0.8538,0.11251738361765092,0.8725860197855769,0.11305186077272784,0.9771255703572744,0.06498154725170256,0.7392383389593895,0.13043147643100897,0.9178760998938458,0.07942548549908794,0.12282857142857143,0.09447338995860671,740.87,31.644698919360412,53.0,20.0,10.0,99.0,49.0,0.0,50.0,0.0,100
cross_target_adapted_cp,hust,matr,matr,random_forest,100,0.95,residual_mean,20.0,15.0,0.9451063829787235,0.06897256351105811,0.045978723404255344,0.05143935189142734,0.8850831830370426,0.08403424349915829,0.9701779813876759,0.04935777558873638,1.0,0.0,1642.4107666042637,517.8476995576931,1642.4107666042637,517.8476995576931,2175.580819615852,455.3682897612882,263.6898411115265,15.84471653282967,34.5171035086174,2.0532214735776337,0.048170836364184774,0.0675823347779667,inf,,0.0,1.0,0.0,-770.6358050376116,61.18151318979403,0.9765625,0.08548073631857452,0.9983870967741936,0.008423112384953123,0.8593548387096774,0.1480396004794128,0.9834042553191489,0.06075252888577474,0.9068085106382979,0.0993727210932751,0.902244914060052,0.0730357142912941,0.9915138618290547,0.04025037075861163,0.799620393471948,0.11800110536625957,0.952521674969941,0.06763736765718098,0.08212765957446809,0.08494612032867958,744.62,33.58113347182499,53.0,20.0,15.0,94.0,47.0,0.0,47.0,0.0,100
cross_target_adapted_cp,hust,matr,matr,random_forest,100,0.95,residual_mean,20.0,20.0,0.9620224719101124,0.04846021455899333,0.03948314606741574,0.030326996983905345,0.9039887999311624,0.062386262334318855,0.9818223564707543,0.031151574154807016,1.0,0.0,1820.9821080601757,510.76639891886646,1820.9821080601757,510.76639891886646,2133.4839997798226,334.7536282896734,271.51936501757604,24.17449390648353,35.463072640751555,2.9251120544481917,-0.0013615811338361116,0.1503262657787644,910.4910540300881,255.3831994594334,1.0,1.0,0.0,-768.095293826739,85.78018258096773,0.9796666666666667,0.07199186261535594,0.9996551724137932,0.0034482758620689637,0.9079770114942529,0.1015115768606936,0.985909090909091,0.050332810063903236,0.9386666666666666,0.06767807426247656,0.9009072240509797,0.06443690344147457,0.9928782301146423,0.028570280044724845,0.8350011803144823,0.0864758568687012,0.9733284837305303,0.03902584174713825,0.05703030303030303,0.0620447741832998,735.54,37.189229460675655,53.0,20.0,20.0,89.0,44.0,0.0,45.0,0.0,100
cross_target_adapted_cp,hust,sandia,sandia,random_forest,100,0.9,residual_mean,5.0,5.0,0.8497499999999999,0.14657258518315328,0.10575,0.11286305056048318,0.7220721229551592,0.1621084266333361,0.9161365670073388,0.10737729179010035,1.0,0.0,3644.986079351488,1575.6352484838558,3644.986079351488,1575.6352484838558,5573.364614666568,2002.7442306855198,879.8783166804492,263.55183037970806,110.05419345838567,14.315179561937338,-0.2045710497462852,0.47448865957992037,inf,,0.0,1.0,0.0,-675.5727648342965,525.9995693522795,0.9246190476190477,0.12837273764330165,0.9234890109890109,0.17847476946187782,0.6947435897435897,0.2651917965935883,0.9129999999999999,0.15563814546322613,0.7865000000000001,0.18719824202748753,0.7367390511770414,0.1725531412934756,0.95617156827133,0.09084096337462606,0.5895982496164759,0.19453770863117906,0.8910770348192587,0.12272661424128037,0.17149999999999999,0.13803362933822624,280.92,8.972100415097119,53.0,5.0,5.0,40.0,20.0,0.0,20.0,0.0,100
cross_target_adapted_cp,hust,sandia,sandia,random_forest,100,0.9,residual_mean,5.0,10.0,0.9165714285714286,0.0825964950443393,0.07285714285714284,0.04168676077006114,0.7874502991994718,0.10437732343599225,0.9632939026239675,0.04537726958483721,1.0,0.0,4317.9685607509045,1284.9434557590082,4317.9685607509045,1284.9434557590087,5300.203501200758,1449.1399086336044,826.3832761368765,223.05401742736584,106.89172319660034,15.05847566343191,-0.11245335219031435,0.3618231633409743,2158.9842803754514,642.471727879504,1.0,1.0,0.0,-746.9486995346316,446.11325476849686,0.9875,0.04644336908522608,0.9912878787878787,0.041233100563208135,0.775,0.22483000104710985,0.9864705882352941,0.05144108313136775,0.8505555555555556,0.14850441169979103,0.7986257122605189,0.06353299878422466,0.9949847610896925,0.02068187465383464,0.6433948389901794,0.16311351888375708,0.9344053942086642,0.08384231067590606,0.14356209150326799,0.1451894082925333,276.26,14.369313543700404,53.0,5.0,10.0,35.0,17.0,0.0,18.0,0.0,100
cross_target_adapted_cp,hust,sandia,sandia,random_forest,100,0.9,residual_mean,5.0,15.0,0.9433333333333332,0.06435381994422816,0.06733333333333331,0.03819143697985006,0.8068465005421482,0.08426198337553913,0.9791716241769329,0.0308587796300157,1.0,0.0,4776.020626548966,924.6861332695178,4776.020626548966,924.6861332695175,5045.671915953972,888.6096756507612,834.770519164413,225.1380654363721,107.0099013278266,13.839077155547923,-0.11096164689866152,0.37951425210763434,2388.010313274483,462.343066634759,1.0,1.0,0.0,-759.048010261415,448.5187871688987,0.9840000000000001,0.06922368952836298,0.995,0.04113294533484312,0.8505555555555556,0.17496637127229345,0.9866666666666667,0.06426656048721965,0.9,0.11624502933992567,0.780482814024349,0.07091845893746326,0.9944041063007583,0.032571715681612365,0.6730688676910944,0.1325860229127488,0.9638244914802269,0.054523620080266205,0.10799999999999998,0.12052261803924937,283.35,16.089632147015124,53.0,5.0,15.0,30.0,15.0,0.0,15.0,0.0,100
cross_target_adapted_cp,hust,sandia,sandia,random_forest,100,0.9,residual_mean,5.0,20.0,0.9056000000000001,0.08594477907648057,0.0676,0.05293640171245705,0.7394651271785502,0.10367996418324824,0.9636893188596938,0.04638175080682651,1.0,0.0,4364.830828854899,1157.660538352585,4364.830828854899,1157.660538352585,5276.363773503295,1520.8646933846674,808.7683006903708,206.06916395165027,104.24074754932573,14.63851577295412,-0.06900257926567457,0.2965051598962026,2182.4154144274494,578.8302691762923,1.0,1.0,0.0,-769.2572754801757,364.209131574735,0.9888888888888888,0.04604307855615266,0.995,0.03940850546557562,0.7225,0.2471938469699397,0.9908333333333332,0.04085059416668313,0.826923076923077,0.1543794176768243,0.7462124905197686,0.04779258388377397,0.9974058929470034,0.01481017946456495,0.5719727606080484,0.1550115693672599,0.9327341113142069,0.08620986463328002,0.1692948717948718,0.14647728119922554,276.4,20.666177902333775,53.0,5.0,20.0,25.0,12.0,0.0,13.0,0.0,100
cross_target_adapted_cp,hust,sandia,sandia,random_forest,100,0.9,residual_mean,10.0,5.0,0.8245714285714285,0.1721495181720971,0.134,0.1313203017245302,0.6856727079331099,0.1885316532594641,0.89926927647802,0.12345706604211888,1.0,0.0,3397.838120526413,1723.2802733635467,3397.838120526413,1723.2802733635467,5965.921948579621,2096.459693909906,803.3743227853125,149.8767028306722,102.5394108873936,14.84258617380966,-0.06881137719954725,0.5734016092250839,inf,,0.0,1.0,0.0,-762.9802020481683,309.52286500689013,0.921474358974359,0.12734226271392837,0.9035454545454545,0.21335589115022094,0.6523484848484848,0.26453729856144853,0.9094117647058824,0.15220812485251733,0.7444444444444445,0.21305443797382323,0.7104656880277781,0.17001534828423392,0.9574338155414446,0.079573178980045,0.5370738491588246,0.2106872202111918,0.8658296415028094,0.14441449071689086,0.17124183006535948,0.13316358060161188,277.59,14.51929750366732,53.0,10.0,5.0,35.0,17.0,0.0,18.0,0.0,100
cross_target_adapted_cp,hust,sandia,sandia,random_forest,100,0.9,residual_mean,10.0,10.0,0.9186666666666667,0.10009198911537803,0.08466666666666665,0.055942089665868416,0.7785071001164924,0.1219745974751017,0.9637776853325046,0.056685082657440905,1.0,0.0,4402.361315314216,1258.1939513840448,4402.361315314216,1258.1939513840448,5354.706964007424,1129.222962056483,787.4026067443492,131.47654650666075,101.18815352619649,14.174913852353395,-0.0051361613968066745,0.22162496432546894,2201.180657657108,629.0969756920226,1.0,1.0,0.0,-790.1429503183391,271.95231905652065,0.987,0.04639531498465393,0.991,0.053361734861928425,0.7757777777777778,0.2533003503052673,0.986,0.05549087143458955,0.8513333333333334,0.1692009344801506,0.7788242822763489,0.06516319502652407,0.9950011491168064,0.02399483908884775,0.6241077160119264,0.17868819425027277,0.9352969511268842,0.09302861956910478,0.13466666666666666,0.15278337914433276,282.66,18.394234933475197,53.0,10.0,10.0,30.0,15.0,0.0,15.0,0.0,100
cross_target_adapted_cp,hust,sandia,sandia,random_forest,100,0.9,residual_mean,10.0,15.0,0.9344,0.07806135892729359,0.07559999999999999,0.03893325031124398,0.7776646843804675,0.09946638471346367,0.9754178880036872,0.036904197123282835,1.0,0.0,4559.205951038629,890.8977142178195,4559.205951038629,890.8977142178195,5052.583724320482,1077.0042570303908,821.073531733196,154.48272439402874,104.67201286818164,14.693681784429893,-0.07906724262906878,0.3048646211557288,2279.6029755193144,445.44885710890964,1.0,1.0,0.0,-724.7587705097819,317.07553810761624,0.9955555555555555,0.02698648472661802,0.99875,0.012499999999999997,0.7998214285714286,0.2339092938974283,0.9958333333333332,0.027460307034004486,0.8776923076923078,0.14342939765073845,0.7523801619722587,0.032748942570451314,0.9988132814279611,0.009107512906647304,0.6294418779583085,0.1541779030559195,0.9536430023095204,0.06982628865302565,0.11814102564102562,0.141049934923342,272.19,19.017108193424257,53.0,10.0,15.0,25.0,12.0,0.0,13.0,0.0,100
cross_target_adapted_cp,hust,sandia,sandia,random_forest,100,0.9,residual_mean,10.0,20.0,0.9005,0.09521241536902651,0.07649999999999998,0.056163092234072454,0.709196975996211,0.11552170409825831,0.9627417724034808,0.04553603250027543,1.0,0.0,4318.876417196975,1012.7285670983134,4318.876417196975,1012.7285670983135,5186.809831952717,1175.1350878359372,812.2660359626411,169.84835734276066,102.32298434412262,16.018735909873442,-0.11271556296142654,0.5131977154688112,2159.4382085984876,506.3642835491567,1.0,1.0,0.0,-763.5358482702997,306.50392397529356,0.9857142857142857,0.05919824385791059,0.9966666666666667,0.03333333333333335,0.7309523809523809,0.24705368914719653,0.988,0.049807711057707545,0.813,0.17271158886795326,0.708565682720293,0.05604063054995481,0.9965623046135273,0.016375407149869094,0.5222112337049662,0.16953706628414975,0.9300532335808651,0.08313168812222442,0.175,0.16840007677725644,286.85,25.402765696878465,53.0,10.0,20.0,20.0,10.0,0.0,10.0,0.0,100
cross_target_adapted_cp,hust,sandia,sandia,random_forest,100,0.9,residual_mean,15.0,5.0,0.8640000000000001,0.13687878750608437,0.10066666666666667,0.09903915492750436,0.7133314905404541,0.15394508049593872,0.9320307592288968,0.090644095079736,1.0,0.0,3572.5757033491595,1409.043115158128,3572.5757033491595,1409.043115158128,5394.613831967194,1561.2409219031767,806.0554903916645,93.07534815185342,104.44138292738067,13.24345939638874,-0.04064742388960415,0.2465259275006802,inf,,0.0,1.0,0.0,-705.8154703605866,238.58556097852272,0.9543636363636364,0.10843066193709941,0.9540000000000001,0.14393001721875326,0.6804444444444445,0.25461016760640115,0.948,0.12977750103747995,0.78,0.18288129149505733,0.7372428143691784,0.13999293787323225,0.9760777479027014,0.06806845374668416,0.5467043003629027,0.18497876845966704,0.8991210510570222,0.10889633568363792,0.17733333333333334,0.14958828645091873,279.91,18.809569346210424,53.0,15.0,5.0,30.0,15.0,0.0,15.0,0.0,100
cross_target_adapted_cp,hust,sandia,sandia,random_forest,100,0.9,residual_mean,15.0,10.0,0.9079999999999999,0.09639984073082948,0.07479999999999999,0.06087709094577534,0.7443263098077602,0.11511662284044616,0.9629888134259764,0.053499357610577496,1.0,0.0,4243.610683740492,1140.1780820504016,4243.610683740492,1140.1780820504016,5245.187580882081,1391.303430062034,805.7444922291188,111.69204397796852,102.71815622958296,13.195302037572498,-0.040358745620937705,0.3699932870723029,2121.805341870246,570.0890410252008,1.0,1.0,0.0,-737.4088103612278,224.53416507153287,0.9835555555555555,0.059542253569165274,0.99375,0.0371617743756602,0.7367857142857143,0.2542746787332509,0.9841666666666667,0.062332829181057765,0.8376923076923077,0.15877685302411962,0.7389344304290333,0.06964723148147225,0.9945838731264753,0.025567195182976548,0.5851167500356871,0.16085149074233376,0.9362157600204776,0.08758803281208173,0.15108974358974359,0.14619977456448904,275.51,20.969672665951947,53.0,15.0,10.0,25.0,12.0,0.0,13.0,0.0,100
cross_target_adapted_cp,hust,sandia,sandia,random_forest,100,0.9,residual_mean,15.0,15.0,0.9255,0.0925221786133116,0.08049999999999999,0.0516862133113333,0.7414871369114632,0.11346802936949878,0.9723953535855877,0.04323682135722945,1.0,0.0,4501.558717935646,915.5412256864038,4501.558717935647,915.5412256864038,5189.33560973211,1173.6011439783565,831.6075789912111,117.08835314336058,103.13944210709178,13.567131594954969,-1.5162329113333926,10.62433958273704,2250.779358967823,457.7706128432018,1.0,1.0,0.0,-741.8129417657034,216.69809853470602,0.994642857142857,0.037774283794431235,0.9983333333333333,0.01666666666666667,0.7928571428571428,0.24871690247022477,0.996,0.028141058827257932,0.855,0.17716909687891083,0.7178211055651015,0.032686505166979934,0.9988663569709125,0.007975478792665606,0.5680600103265762,0.173256884335546,0.9448917017707724,0.08696679095898414,0.141,0.17355172721757056,289.66,24.076150234225775,53.0,15.0,15.0,20.0,10.0,0.0,10.0,0.0,100
cross_target_adapted_cp,hust,sandia,sandia,random_forest,100,0.9,residual_mean,15.0,20.0,0.9073333333333333,0.09933335593066879,0.08,0.05879447357921313,0.6791531774981147,0.11556899886348608,0.9694165599246809,0.04428180654437814,1.0,0.0,4277.529481020902,996.8624097808774,4277.529481020902,996.8624097808773,5045.773791388822,978.8559945237959,827.1005448413536,149.3493568825494,100.70586421808834,15.270544016166967,-0.7801511573255563,7.180337675877461,2138.764740510451,498.4312048904384,1.0,1.0,0.0,-735.7508809866458,265.3671396773221,0.9840000000000001,0.06774879327264056,1.0,0.0,0.738,0.2692225994986456,0.9885714285714287,0.04839199519474327,0.83625,0.16826412468665347,0.6335829669029936,0.0503213827478212,0.997328436546129,0.012489975869930205,0.5078050559434956,0.1564130594213938,0.9465308566720951,0.07442615531959729,0.1526785714285714,0.15908009541539012,282.32,28.821246371804303,53.0,15.0,20.0,15.0,7.0,0.0,8.0,0.0,100
cross_target_adapted_cp,hust,sandia,sandia,random_forest,100,0.9,residual_mean,20.0,5.0,0.8312,0.16861455656872773,0.1284,0.12868189578581093,0.6610446703984598,0.18228050785436578,0.9131287825795144,0.11190422927748428,1.0,0.0,3406.2232256843354,1607.0017777770288,3406.2232256843354,1607.0017777770288,5750.207972592358,2014.8009121267148,783.4403697366572,90.83580404769437,100.74256285119819,12.425186201558446,0.00447994684274899,0.19440899292394503,inf,,0.0,1.0,0.0,-745.1277477422499,179.7859250332808,0.9167777777777778,0.1467568933095888,0.9233531746031746,0.17314443564999457,0.640892857142857,0.27546196977890675,0.9108333333333333,0.16164792143745774,0.7576923076923078,0.19932796062138908,0.6603455799805041,0.16627986390015878,0.9620718445511064,0.08122238847653403,0.5075064232169867,0.191510024621392,0.8903213464158497,0.11935721158445066,0.1594230769230769,0.13090163158365442,276.36,20.20676954274322,53.0,20.0,5.0,25.0,12.0,0.0,13.0,0.0,100
cross_target_adapted_cp,hust,sandia,sandia,random_forest,100,0.9,residual_mean,20.0,10.0,0.899,0.10777361233229361,0.08599999999999998,0.06438520439863918,0.7094228495906627,0.1284665476533341,0.9599992742831874,0.05383006834235678,1.0,0.0,4065.202908341625,1391.4457237405986,4065.2029083416246,1391.4457237405984,5646.799933701075,1843.379894759792,794.6312691957398,111.68194093569647,99.53735682588507,11.53548890321063,0.026033352567231584,0.15385087110384063,2032.6014541708125,695.722861870299,1.0,1.0,0.0,-769.9512108977528,177.57283480180797,0.9842857142857143,0.06055811337761873,0.9966666666666667,0.03333333333333334,0.7259523809523809,0.2791349037005468,0.988,0.045571566538442326,0.81,0.19462473604038072,0.7082333536917244,0.052599468562275674,0.9968946336420959,0.01373565546250223,0.5235078522677226,0.18587082964802126,0.9244218118172861,0.09933616625916873,0.17800000000000002,0.1828947923001228,280.47,24.88821675679744,53.0,20.0,10.0,20.0,10.0,0.0,10.0,0.0,100
cross_target_adapted_cp,hust,sandia,sandia,random_forest,100,0.9,residual_mean,20.0,15.0,0.9366666666666668,0.07777777777777775,0.07733333333333331,0.036966937027850984,0.7140447060233939,0.09633240262762813,0.9812305444052984,0.028569569872037872,1.0,0.0,4551.465007338208,876.5436690223332,4551.465007338208,876.5436690223333,5011.238562741906,742.2019119295251,803.3929665965429,140.01049766866223,103.35143571609561,11.949122072325826,-0.7346164088457001,5.98083135466079,2275.732503669104,438.2718345111666,1.0,1.0,0.0,-735.3114995674399,211.19466573715152,1.0,0.0,1.0,0.0,0.8079999999999999,0.23459830271415785,1.0,0.0,0.88125,0.14583333333333334,0.6456695649333127,0.0,1.0,0.0,0.551442626248826,0.14352441527547682,0.9636966055272156,0.05606640086521319,0.11875,0.14583333333333334,279.98,28.243880180966062,53.0,20.0,15.0,15.0,7.0,0.0,8.0,0.0,100
cross_target_adapted_cp,hust,sandia,sandia,random_forest,100,0.9,residual_mean,20.0,20.0,0.892,0.12117272086913079,0.09,0.0810287391340663,0.5990936020742869,0.12824487054744302,0.967320682833208,0.049358610481442564,1.0,0.0,4174.3660753437825,960.7075379173536,4174.3660753437825,960.7075379173534,5276.3577547419045,1874.925902530941,784.2921448484082,204.1611920145381,101.51126179008372,13.853829095173413,-6.3731317070259355,22.054507315317533,2087.1830376718913,480.3537689586767,1.0,1.0,0.0,-735.0677213923943,182.65029164505754,0.9884999999999999,0.058107789077843516,0.9733333333333333,0.11291465545440096,0.6833333333333332,0.32952368440805363,0.988,0.06240953048172604,0.7959999999999999,0.22914862187910037,0.5550220120289232,0.053686750787283334,0.9969231023426984,0.01721724975845372,0.3987210589920048,0.16664235818198012,0.9360653218563558,0.10064598975644434,0.2,0.22563042992710652,349.04,368.25065354780287,53.0,20.0,20.0,10.0,5.0,0.0,5.0,0.0,100
cross_target_adapted_cp,hust,sandia,sandia,random_forest,100,0.95,residual_mean,5.0,5.0,0.8497499999999999,0.14657258518315328,0.11824999999999998,0.13232836224538352,0.7220721229551592,0.1621084266333361,0.9161365670073388,0.10737729179010035,1.0,0.0,3644.9860793514886,1575.6352484838562,3644.9860793514886,1575.6352484838562,7501.743149981642,4932.426188797713,879.8783166804491,263.55183037970806,110.05419345838565,14.315179561937361,-0.2045710497462851,0.47448865957992015,inf,,0.0,1.0,0.0,-675.5727648342965,525.9995693522795,0.9246190476190477,0.12837273764330165,0.9234890109890109,0.17847476946187782,0.6947435897435897,0.2651917965935883,0.9129999999999999,0.15563814546322613,0.7865000000000001,0.18719824202748753,0.7367390511770414,0.1725531412934756,0.95617156827133,0.09084096337462606,0.5895982496164759,0.19453770863117906,0.8910770348192587,0.12272661424128037,0.17149999999999999,0.13803362933822624,280.92,8.972100415097119,53.0,5.0,5.0,40.0,20.0,0.0,20.0,0.0,100
cross_target_adapted_cp,hust,sandia,sandia,random_forest,100,0.95,residual_mean,5.0,10.0,0.9165714285714286,0.0825964950443393,0.06471428571428571,0.06099751440471901,0.7874502991994718,0.10437732343599225,0.9632939026239675,0.04537726958483721,1.0,0.0,4317.9685607509045,1284.9434557590077,4317.9685607509045,1284.9434557590077,6282.438441650611,3351.084062547007,826.3832761368767,223.05401742736584,106.89172319660037,15.058475663431906,-0.11245335219031465,0.3618231633409746,inf,,0.0,1.0,0.0,-746.9486995346316,446.11325476849686,0.9875,0.04644336908522608,0.9912878787878787,0.041233100563208135,0.775,0.22483000104710985,0.9864705882352941,0.05144108313136775,0.8505555555555556,0.14850441169979103,0.7986257122605189,0.06353299878422466,0.9949847610896925,0.02068187465383464,0.6433948389901794,0.16311351888375708,0.9344053942086642,0.08384231067590606,0.14356209150326799,0.1451894082925333,276.26,14.369313543700404,53.0,5.0,10.0,35.0,17.0,0.0,18.0,0.0,100
cross_target_adapted_cp,hust,sandia,sandia,random_forest,100,0.95,residual_mean,5.0,15.0,0.9433333333333332,0.06435381994422816,0.04966666666666666,0.0411656749563613,0.8068465005421482,0.08426198337553913,0.9791716241769329,0.0308587796300157,1.0,0.0,4776.020626548965,924.6861332695179,4776.020626548965,924.686133269518,5315.323205358978,1277.5472703710502,834.770519164413,225.13806543637202,107.0099013278266,13.839077155547919,-0.11096164689866148,0.3795142521076342,inf,,0.0,1.0,0.0,-759.048010261415,448.5187871688987,0.9840000000000001,0.06922368952836298,0.995,0.04113294533484312,0.8505555555555556,0.17496637127229345,0.9866666666666667,0.06426656048721965,0.9,0.11624502933992567,0.780482814024349,0.07091845893746326,0.9944041063007583,0.032571715681612365,0.6730688676910944,0.1325860229127488,0.9638244914802269,0.054523620080266205,0.10799999999999998,0.12052261803924937,283.35,16.089632147015124,53.0,5.0,15.0,30.0,15.0,0.0,15.0,0.0,100
cross_target_adapted_cp,hust,sandia,sandia,random_forest,100,0.95,residual_mean,5.0,20.0,0.9536,0.05139508289179564,0.0406,0.0314568808615119,0.8003050004216068,0.06911861823448796,0.9860629895264885,0.020843692421680073,1.0,0.0,4882.2968021762945,747.8393289954246,4882.2968021762945,747.8393289954246,5124.583134520041,830.3162454535005,808.7683006903708,206.06916395165004,104.24074754932573,14.638515772954147,-0.06900257926567424,0.29650515989620224,2441.1484010881472,373.9196644977126,1.0,1.0,0.0,-769.2572754801757,364.209131574735,0.9966666666666667,0.02474461148373485,1.0,0.0,0.85875,0.16152582900063825,0.9975,0.018558458612801136,0.9130769230769231,0.09940051015423891,0.7543367657439233,0.023278684568460394,0.9993816976341122,0.004911814072142571,0.6645186403068568,0.11379765748249775,0.9731933366866748,0.04160293424177111,0.0894230769230769,0.09892356830402232,276.4,20.666177902333775,53.0,5.0,20.0,25.0,12.0,0.0,13.0,0.0,100
cross_target_adapted_cp,hust,sandia,sandia,random_forest,100,0.95,residual_mean,10.0,5.0,0.8245714285714285,0.1721495181720971,0.14557142857142855,0.15531131250824054,0.6856727079331099,0.1885316532594641,0.89926927647802,0.12345706604211888,1.0,0.0,3397.838120526413,1723.2802733635474,3397.838120526413,1723.2802733635474,8534.005776632825,5422.298777917455,803.3743227853125,149.87670283067226,102.53941088739359,14.842586173809657,-0.06881137719954722,0.573401609225084,inf,,0.0,1.0,0.0,-762.9802020481683,309.52286500689013,0.921474358974359,0.12734226271392837,0.9035454545454545,0.21335589115022094,0.6523484848484848,0.26453729856144853,0.9094117647058824,0.15220812485251733,0.7444444444444445,0.21305443797382323,0.7104656880277781,0.17001534828423392,0.9574338155414446,0.079573178980045,0.5370738491588246,0.2106872202111918,0.8658296415028094,0.14441449071689086,0.17124183006535948,0.13316358060161188,277.59,14.51929750366732,53.0,10.0,5.0,35.0,17.0,0.0,18.0,0.0,100
cross_target_adapted_cp,hust,sandia,sandia,random_forest,100,0.95,residual_mean,10.0,10.0,0.9186666666666667,0.10009198911537803,0.07166666666666667,0.07630275217039457,0.7785071001164924,0.1219745974751017,0.9637776853325046,0.056685082657440905,1.0,0.0,4402.361315314216,1258.1939513840452,4402.361315314216,1258.193951384045,6307.0526127006315,3019.136831449201,787.4026067443492,131.47654650666072,101.18815352619647,14.174913852353392,-0.005136161396806557,0.2216249643254687,inf,,0.0,1.0,0.0,-790.1429503183391,271.95231905652065,0.987,0.04639531498465393,0.991,0.053361734861928425,0.7757777777777778,0.2533003503052673,0.986,0.05549087143458955,0.8513333333333334,0.1692009344801506,0.7788242822763489,0.06516319502652407,0.9950011491168064,0.02399483908884775,0.6241077160119264,0.17868819425027277,0.9352969511268842,0.09302861956910478,0.13466666666666666,0.15278337914433276,282.66,18.394234933475197,53.0,10.0,10.0,30.0,15.0,0.0,15.0,0.0,100
cross_target_adapted_cp,hust,sandia,sandia,random_forest,100,0.95,residual_mean,10.0,15.0,0.9344,0.07806135892729359,0.05979999999999999,0.052222909946041125,0.7776646843804675,0.09946638471346367,0.9754178880036872,0.036904197123282835,1.0,0.0,4559.205951038629,890.8977142178194,4559.205951038629,890.8977142178195,5545.961497602335,2264.6789501060475,821.0735317331959,154.48272439402862,104.67201286818164,14.693681784429886,-0.07906724262906871,0.30486462115572915,inf,,0.0,1.0,0.0,-724.7587705097819,317.07553810761624,0.9955555555555555,0.02698648472661802,0.99875,0.012499999999999997,0.7998214285714286,0.2339092938974283,0.9958333333333332,0.027460307034004486,0.8776923076923078,0.14342939765073845,0.7523801619722587,0.032748942570451314,0.9988132814279611,0.009107512906647304,0.6294418779583085,0.1541779030559195,0.9536430023095204,0.06982628865302565,0.11814102564102562,0.141049934923342,272.19,19.017108193424257,53.0,10.0,15.0,25.0,12.0,0.0,13.0,0.0,100
cross_target_adapted_cp,hust,sandia,sandia,random_forest,100,0.95,residual_mean,10.0,20.0,0.9505,0.06256108126374488,0.05150000000000001,0.03514400389968407,0.7711282364301693,0.08278329835335693,0.9846979961642406,0.022805712381581855,1.0,0.0,4832.096935961966,758.5415180637626,4832.096935961966,758.5415180637626,5104.406202607801,724.8154619249389,812.2660359626414,169.84835734276066,102.32298434412262,16.018735909873453,-0.11271556296142661,0.513197715468811,2416.0484679809833,379.2707590318813,1.0,1.0,0.0,-763.5358482702997,306.50392397529356,0.9971428571428571,0.020100756305184254,1.0,0.0,0.8602380952380951,0.17455905909955594,0.998,0.014070529413628956,0.903,0.12181705110284825,0.7199348555984639,0.01781571415823753,0.9996424757380986,0.0025152778215852523,0.6126733216136157,0.13257232309131248,0.9696352416968956,0.04463054204586293,0.095,0.12007993970348219,286.85,25.402765696878465,53.0,10.0,20.0,20.0,10.0,0.0,10.0,0.0,100
cross_target_adapted_cp,hust,sandia,sandia,random_forest,100,0.95,residual_mean,15.0,5.0,0.8640000000000001,0.13687878750608437,0.10733333333333331,0.12070499977091655,0.7133314905404541,0.15394508049593872,0.9320307592288968,0.090644095079736,1.0,0.0,3572.5757033491595,1409.0431151581274,3572.5757033491595,1409.0431151581279,7216.6519605852245,4058.9634675788197,806.0554903916646,93.07534815185348,104.44138292738066,13.243459396388731,-0.04064742388960419,0.2465259275006801,inf,,0.0,1.0,0.0,-705.8154703605866,238.58556097852272,0.9543636363636364,0.10843066193709941,0.9540000000000001,0.14393001721875326,0.6804444444444445,0.25461016760640115,0.948,0.12977750103747995,0.78,0.18288129149505733,0.7372428143691784,0.13999293787323225,0.9760777479027014,0.06806845374668416,0.5467043003629027,0.18497876845966704,0.8991210510570222,0.10889633568363792,0.17733333333333334,0.14958828645091873,279.91,18.809569346210424,53.0,15.0,5.0,30.0,15.0,0.0,15.0,0.0,100
cross_target_adapted_cp,hust,sandia,sandia,random_forest,100,0.95,residual_mean,15.0,10.0,0.9079999999999999,0.09639984073082948,0.06999999999999998,0.07826399252052325,0.7443263098077602,0.11511662284044616,0.9629888134259764,0.053499357610577496,1.0,0.0,4243.610683740492,1140.1780820504016,4243.610683740492,1140.1780820504016,6246.764478023671,3515.7879472255017,805.7444922291188,111.6920439779684,102.71815622958296,13.19530203757251,-0.040358745620937796,0.3699932870723032,inf,,0.0,1.0,0.0,-737.4088103612278,224.53416507153287,0.9835555555555555,0.059542253569165274,0.99375,0.0371617743756602,0.7367857142857143,0.2542746787332509,0.9841666666666667,0.062332829181057765,0.8376923076923077,0.15877685302411962,0.7389344304290333,0.06964723148147225,0.9945838731264753,0.025567195182976548,0.5851167500356871,0.16085149074233376,0.9362157600204776,0.08758803281208173,0.15108974358974359,0.14619977456448904,275.51,20.969672665951947,53.0,15.0,10.0,25.0,12.0,0.0,13.0,0.0,100
cross_target_adapted_cp,hust,sandia,sandia,random_forest,100,0.95,residual_mean,15.0,15.0,0.9255,0.0925221786133116,0.0695,0.06547996840734012,0.7414871369114632,0.11346802936949878,0.9723953535855877,0.04323682135722945,1.0,0.0,4501.558717935646,915.5412256864032,4501.558717935647,915.5412256864033,5877.112501528571,2807.6530593347093,831.6075789912109,117.08835314336064,103.1394421070918,13.567131594954969,-1.516232911333388,10.62433958273701,inf,,0.0,1.0,0.0,-741.8129417657034,216.69809853470602,0.994642857142857,0.037774283794431235,0.9983333333333333,0.01666666666666667,0.7928571428571428,0.24871690247022477,0.996,0.028141058827257932,0.855,0.17716909687891083,0.7178211055651015,0.032686505166979934,0.9988663569709125,0.007975478792665606,0.5680600103265762,0.173256884335546,0.9448917017707724,0.08696679095898414,0.141,0.17355172721757056,289.66,24.076150234225775,53.0,15.0,15.0,20.0,10.0,0.0,10.0,0.0,100
cross_target_adapted_cp,hust,sandia,sandia,random_forest,100,0.95,residual_mean,15.0,20.0,0.9606666666666667,0.06639337924884384,0.05333333333333334,0.040618119722996164,0.7445687152852729,0.08233371321532422,0.9889201366936987,0.02463903389656049,1.0,0.0,4769.788726401762,724.3016437497697,4769.788726401762,724.3016437497696,5113.715553488483,1090.4319345881538,827.1005448413537,149.3493568825496,100.70586421808832,15.270544016166998,-0.7801511573255575,7.180337675877471,2384.894363200881,362.1508218748846,1.0,1.0,0.0,-735.7508809866458,265.3671396773221,1.0,0.0,1.0,0.0,0.882,0.1991801377465315,1.0,0.0,0.92625,0.12448758609158218,0.6456695649333127,0.0,1.0,0.0,0.5974061591099704,0.12254780135967987,0.978536391826522,0.04867308542921547,0.07375,0.1244875860915822,282.32,28.821246371804303,53.0,15.0,20.0,15.0,7.0,0.0,8.0,0.0,100
cross_target_adapted_cp,hust,sandia,sandia,random_forest,100,0.95,residual_mean,20.0,5.0,0.8312,0.16861455656872773,0.1374,0.15367958270835505,0.6610446703984598,0.18228050785436578,0.9131287825795144,0.11190422927748428,1.0,0.0,3406.223225684336,1607.0017777770283,3406.223225684336,1607.0017777770283,8094.192719500375,5144.468899566955,783.4403697366572,90.83580404769434,100.7425628511982,12.425186201558425,0.004479946842749153,0.1944089929239445,inf,,0.0,1.0,0.0,-745.1277477422499,179.7859250332808,0.9167777777777778,0.1467568933095888,0.9233531746031746,0.17314443564999457,0.640892857142857,0.27546196977890675,0.9108333333333333,0.16164792143745774,0.7576923076923078,0.19932796062138908,0.6603455799805041,0.16627986390015878,0.9620718445511064,0.08122238847653403,0.5075064232169867,0.191510024621392,0.8903213464158497,0.11935721158445066,0.1594230769230769,0.13090163158365442,276.36,20.20676954274322,53.0,20.0,5.0,25.0,12.0,0.0,13.0,0.0,100
cross_target_adapted_cp,hust,sandia,sandia,random_forest,100,0.95,residual_mean,20.0,10.0,0.899,0.10777361233229361,0.08499999999999998,0.0833333333333333,0.7094228495906627,0.1284665476533341,0.9599992742831874,0.05383006834235678,1.0,0.0,4065.2029083416237,1391.4457237405984,4065.2029083416237,1391.4457237405986,7228.396959060523,4709.765146190898,794.6312691957398,111.68194093569656,99.53735682588507,11.53548890321065,0.026033352567231625,0.15385087110384085,inf,,0.0,1.0,0.0,-769.9512108977528,177.57283480180797,0.9842857142857143,0.06055811337761873,0.9966666666666667,0.03333333333333334,0.7259523809523809,0.2791349037005468,0.988,0.045571566538442326,0.81,0.19462473604038072,0.7082333536917244,0.052599468562275674,0.9968946336420959,0.01373565546250223,0.5235078522677226,0.18587082964802126,0.9244218118172861,0.09933616625916873,0.17800000000000002,0.1828947923001228,280.47,24.88821675679744,53.0,20.0,10.0,20.0,10.0,0.0,10.0,0.0,100
cross_target_adapted_cp,hust,sandia,sandia,random_forest,100,0.95,residual_mean,20.0,15.0,0.9366666666666668,0.07777777777777775,0.062333333333333324,0.04800275899291141,0.7140447060233939,0.09633240262762813,0.9812305444052984,0.028569569872037872,1.0,0.0,4551.465007338206,876.5436690223331,4551.465007338206,876.5436690223331,5471.012118145604,1679.4599247337128,803.3929665965429,140.01049766866217,103.35143571609558,11.949122072325853,-0.7346164088457001,5.98083135466079,inf,,0.0,1.0,0.0,-735.3114995674399,211.19466573715152,1.0,0.0,1.0,0.0,0.8079999999999999,0.23459830271415785,1.0,0.0,0.88125,0.14583333333333334,0.6456695649333127,0.0,1.0,0.0,0.551442626248826,0.14352441527547682,0.9636966055272156,0.05606640086521319,0.11875,0.14583333333333334,279.98,28.243880180966062,53.0,20.0,15.0,15.0,7.0,0.0,8.0,0.0,100
cross_target_adapted_cp,hust,sandia,sandia,random_forest,100,0.95,residual_mean,20.0,20.0,0.953,0.0869865890046659,0.06600000000000002,0.05635386034476764,0.667309886088765,0.09590210102169625,0.9872453972354575,0.03186986004434046,1.0,0.0,4732.268158068312,625.3822219516513,4732.268158068312,625.3822219516513,5251.769743606734,1346.6669101172026,784.292144848408,204.16119201453824,101.5112617900837,13.853829095173417,-6.373131707025935,22.054507315317554,2366.134079034156,312.6911109758256,1.0,1.0,0.0,-735.0677213923943,182.65029164505754,1.0,0.0,0.9933333333333333,0.06666666666666668,0.85,0.26111648393354675,1.0,0.0,0.9059999999999999,0.17397317800933182,0.5655175352168255,0.0,1.0,0.0,0.4864414516532801,0.13207071253844546,0.9727587869427821,0.07218568801200317,0.09399999999999999,0.17397317800933185,349.04,368.25065354780287,53.0,20.0,20.0,10.0,5.0,0.0,5.0,0.0,100
cross_target_adapted_cp,luh,hust,hust,gaussian_process,100,0.9,residual_mean,5.0,5.0,0.8380597014925374,0.14172755209944735,0.1113134328358209,0.10698698251486338,0.7427514751808519,0.1594558921622536,0.8967045828127904,0.10965344413797594,1.0,0.0,946.488,273.56485437920423,946.488,273.5648543792042,1357.928,295.6583244754221,250.3288358208955,24.775577003938672,17.02974290572242,1.5999213243561068,-0.2381354569111075,0.27429570872615333,inf,,0.0,1.0,0.0,1111.3384235164622,123.90433457102817,0.736086956521739,0.28967418598238187,0.9927272727272727,0.043204165113201846,0.79,0.2710985957514637,0.8142424242424242,0.20708324896507035,0.8611764705882353,0.18540843788769884,0.6746677709175859,0.21916089906649827,0.888284963960279,0.15412520150418768,0.73092353469088,0.20140397037432445,0.9181000697207192,0.13493249649089797,0.19859180035650625,0.1905865459279827,1505.38,14.775614636244006,74.0,5.0,5.0,67.0,33.0,0.0,34.0,0.0,100
cross_target_adapted_cp,luh,hust,hust,gaussian_process,100,0.9,residual_mean,5.0,10.0,0.9103225806451613,0.08979738384126568,0.07303225806451612,0.052759980591181393,0.8210262945410126,0.10868822829706239,0.951739086289345,0.06125146977006494,1.0,0.0,1081.596,243.67899065961544,1081.596,243.67899065961547,1263.1334193548387,173.87085448020156,249.05377419354838,34.99056256147347,16.98231283372757,2.399821747738522,-0.2368843102064761,0.4085545424191518,540.798,121.83949532980773,1.0,1.0,0.0,1079.5804235164621,122.7131515154876,0.8571428571428571,0.2068481037482173,0.9995,0.005000000000000014,0.8785714285714286,0.1600772563660447,0.9029032258064517,0.1415034599221918,0.9177419354838711,0.10843943173183669,0.7664499233433655,0.1581151999786076,0.9505120192823864,0.09579610591065849,0.7818316788497188,0.130053915526127,0.9615355875236589,0.06471148832115937,0.11741935483870967,0.13268850474695726,1509.97,17.880893815365166,74.0,5.0,10.0,62.0,31.0,0.0,31.0,0.0,100
cross_target_adapted_cp,luh,hust,hust,gaussian_process,100,0.9,residual_mean,5.0,15.0,0.9352631578947368,0.0637543946450177,0.06326315789473683,0.03574940511028489,0.8455442590460294,0.08079232241838984,0.9700180394556406,0.039374471264515966,1.0,0.0,1130.316,206.07926920473975,1130.3159999999998,206.07926920473975,1261.476701754386,149.04671217756217,247.563649122807,28.34424108401805,16.89500582450894,1.9369979350597297,-0.22860688153487163,0.301952590826224,565.1579999999999,103.03963460236987,1.0,1.0,0.0,1097.996423516462,118.0427558835885,0.886842105263158,0.14435574011048413,1.0,0.0,0.9189473684210526,0.13842781409917712,0.9232142857142857,0.09795568078925707,0.9468965517241379,0.09069408509946088,0.7768263298569029,0.11767268189903032,0.9674863014662922,0.05604939912217173,0.8127090596718497,0.11173708855750991,0.9765372445656234,0.049899975211735954,0.09757389162561576,0.10144230908102998,1502.52,25.67767571847248,74.0,5.0,15.0,57.0,28.0,0.0,29.0,0.0,100
cross_target_adapted_cp,luh,hust,hust,gaussian_process,100,0.9,residual_mean,5.0,20.0,0.9078846153846153,0.07144933290321796,0.05911538461538461,0.04047065980660553,0.804363867706566,0.08888627493731628,0.9552867735170062,0.044809110589687305,1.0,0.0,1040.368,175.85687182961306,1040.368,175.85687182961306,1214.871076923077,167.66347143810708,252.04169230769227,37.00935280362948,17.17383806090095,2.4986236322229316,-0.2787246343413797,0.39697869117038326,520.184,87.92843591480653,1.0,1.0,0.0,1093.6624235164622,130.20082813533008,0.8538888888888888,0.16818518852178832,1.0,0.0,0.8729411764705882,0.15500684641468881,0.8988461538461539,0.11643589974585351,0.916923076923077,0.10135063034806575,0.7405367102169723,0.13773547864059288,0.9544695267307154,0.06653243329825544,0.7617170165321744,0.12188252800532057,0.964789020932911,0.05689794752034484,0.12346153846153847,0.11032618272623917,1509.13,26.19918072587523,74.0,5.0,20.0,52.0,26.0,0.0,26.0,0.0,100
cross_target_adapted_cp,luh,hust,hust,gaussian_process,100,0.9,residual_mean,10.0,5.0,0.8172580645161289,0.14342312238552127,0.1280967741935484,0.10445594713662955,0.7141833134004528,0.16148401336841733,0.8833125608500633,0.10950313116389372,1.0,0.0,866.9120000000001,241.85535258025024,866.9120000000001,241.85535258025018,1304.6268387096775,279.280017861968,240.38335483870966,17.665971531354483,16.40315468344303,1.194743346097367,-0.13090961371261212,0.1796348209127663,inf,,0.0,1.0,0.0,1081.514423516462,84.56778007666036,0.7357142857142857,0.2695758817188387,0.9925,0.044024212805356476,0.731904761904762,0.27255699884730705,0.8183870967741936,0.19095993705044373,0.8161290322580644,0.19144617005123504,0.6707189593938878,0.20180811300812743,0.8958474436258216,0.14089838401029103,0.6688834298994845,0.2047011976365398,0.8936647716803688,0.13891375382399512,0.1764516129032258,0.180303580139003,1510.17,17.911711083517215,74.0,10.0,5.0,62.0,31.0,0.0,31.0,0.0,100
cross_target_adapted_cp,luh,hust,hust,gaussian_process,100,0.9,residual_mean,10.0,10.0,0.9110526315789474,0.08820545769028323,0.07168421052631577,0.05208710037022011,0.816469024541534,0.10673443106439928,0.9537294701740696,0.05938514342022315,1.0,0.0,1038.67,225.12081851595363,1038.67,225.12081851595363,1210.6433333333334,147.7194448264691,238.80885964912284,17.235658948056823,16.283563347505194,1.1512071264434542,-0.1243392511427705,0.20149101650922863,519.335,112.56040925797681,1.0,1.0,0.0,1082.889423516462,81.29591784623187,0.8647368421052631,0.17258524942046546,1.0,0.0,0.8684210526315789,0.16226453645939912,0.9082142857142856,0.11711141924960157,0.9137931034482759,0.10631124802512357,0.7596756430953383,0.13556526794686846,0.9582562873708322,0.07227371802019397,0.7695544287847562,0.12726694765976046,0.9612291862499411,0.0623390203500918,0.08735221674876847,0.10563429432791482,1503.16,26.684357768081114,74.0,10.0,10.0,57.0,28.0,0.0,29.0,0.0,100
cross_target_adapted_cp,luh,hust,hust,gaussian_process,100,0.9,residual_mean,10.0,15.0,0.9432692307692307,0.060958747200050206,0.0661153846153846,0.03452113128462107,0.8507692088569607,0.0793171095171329,0.9747822895024612,0.035004761506672914,1.0,0.0,1111.06,186.85877452279732,1111.06,186.85877452279726,1217.3084615384616,116.11218739461577,238.7464230769231,20.83926967426523,16.287547957273315,1.4090040317757297,-0.12748876712180357,0.194023783306247,555.53,93.42938726139863,1.0,1.0,0.0,1087.972423516462,83.34594699975823,0.9061111111111111,0.12991670953110096,1.0,0.0,0.9258823529411765,0.11603771507325798,0.935,0.08994233736768525,0.9515384615384616,0.0758708137017456,0.7836399056587977,0.10812282300368321,0.9743659323236852,0.050443284252836215,0.8057515949062634,0.09707729079229242,0.9810732095070301,0.03630124395951539,0.06961538461538462,0.0906044294294686,1507.23,27.657302175670765,74.0,10.0,15.0,52.0,26.0,0.0,26.0,0.0,100
cross_target_adapted_cp,luh,hust,hust,gaussian_process,100,0.9,residual_mean,10.0,20.0,0.9008510638297872,0.06937184063322518,0.05514893617021278,0.04172598080078185,0.7878018056425455,0.08556791546558506,0.9533256299978933,0.043366734624229644,1.0,0.0,978.828,158.93094623995438,978.828,158.93094623995438,1171.1207659574468,114.18840829406469,240.09638297872343,21.701009683470566,16.41488845580355,1.4630462191411757,-0.15285829621766156,0.24752143816672148,489.414,79.46547311997719,1.0,1.0,0.0,1092.540423516462,88.48335448168862,0.853125,0.14196020168919304,1.0,0.0,0.855625,0.1705732961770009,0.8978260869565218,0.09875492291422125,0.90375,0.1137155307846673,0.7224352543435283,0.11765375188976106,0.9593458709763495,0.05302693074844435,0.7374788339079769,0.13330381156832855,0.9586053808169765,0.0647494283856104,0.1236413043478261,0.10420516686818229,1501.05,36.24729178319616,74.0,10.0,20.0,47.0,23.0,0.0,24.0,0.0,100
cross_target_adapted_cp,luh,hust,hust,gaussian_process,100,0.9,residual_mean,15.0,5.0,0.8396491228070175,0.13861275328162795,0.11207017543859649,0.10102437236545113,0.7346414415113298,0.1572808934839256,0.9017667043569624,0.10350619359661785,1.0,0.0,900.5866666666666,247.19909486647765,900.5866666666666,247.19909486647762,1262.6140350877192,226.57301198038536,236.74745029239767,16.875652872374804,16.128391847698826,1.1490645293794726,-0.10952320921382629,0.1677298397817716,inf,,0.0,1.0,0.0,1084.152423516462,72.0687030030361,0.7789473684210526,0.21460691777904603,0.9989473684210526,0.010526315789473667,0.7410526315789474,0.28374348772466357,0.85,0.1456261227786384,0.8296551724137932,0.18783810202430792,0.6919382261931453,0.1656431697278079,0.9236114604707629,0.09181218771924402,0.6787180356988699,0.2044505139870418,0.9034729109454389,0.12970029858691778,0.1434729064039409,0.1275034466593281,1504.75,25.039110821014955,74.0,15.0,5.0,57.0,28.0,0.0,29.0,0.0,100
cross_target_adapted_cp,luh,hust,hust,gaussian_process,100,0.9,residual_mean,15.0,10.0,0.9151923076923077,0.09465005113461918,0.06896153846153846,0.06624227253597946,0.8160369227793218,0.11068832765049719,0.9572236780701324,0.06711407166892845,1.0,0.0,1026.4026666666668,210.66639984639795,1026.4026666666668,210.66639984639798,1189.7977948717948,152.8442042308946,236.34697435897436,14.652503902862238,16.129676501933613,1.0359198102542908,-0.07848091334935399,0.12446959845274168,513.2013333333334,105.33319992319899,1.0,1.0,0.0,1088.1510901831286,60.16204237807469,0.8788888888888888,0.14864814615571434,1.0,0.0,0.8688235294117647,0.16487026005114042,0.9161538461538461,0.10291025503087918,0.9142307692307692,0.10779978541805339,0.7596071572654384,0.11918592527469092,0.9655584631563534,0.062048730945023604,0.7588806793454869,0.126739754975349,0.9629338984680712,0.06387734277429515,0.065,0.06575833595245298,1505.13,28.827124922772462,74.0,15.0,10.0,52.0,26.0,0.0,26.0,0.0,100
cross_target_adapted_cp,luh,hust,hust,gaussian_process,100,0.9,residual_mean,15.0,15.0,0.9319148936170213,0.07020918394760046,0.06672340425531914,0.038225592657132906,0.8291872233808885,0.08891340201626985,0.9693736547242553,0.04173893634001961,1.0,0.0,1076.7773333333334,187.71582128205384,1076.7773333333334,187.71582128205378,1202.1316595744681,109.49746830587979,237.7799716312057,16.3731821299489,16.21668148358177,1.1199799142504232,-0.08336751798257387,0.09657867001656655,538.3886666666667,93.85791064102689,1.0,1.0,0.0,1083.592423516462,64.08953648511365,0.9,0.1320606877633357,1.0,0.0,0.9,0.13790688191967826,0.9304347826086956,0.09186830453101616,0.9333333333333332,0.09193792127978553,0.7634488994932493,0.10716546359885572,0.9742159246233396,0.05276213403055847,0.7735106939333549,0.112235437984065,0.9735765953483289,0.0480084046848183,0.0768840579710145,0.09006636853086525,1506.36,35.18824413426341,74.0,15.0,15.0,47.0,23.0,0.0,24.0,0.0,100
cross_target_adapted_cp,luh,hust,hust,gaussian_process,100,0.9,residual_mean,15.0,20.0,0.9188095238095237,0.06092342009789848,0.053666666666666654,0.03405630453938737,0.801962863392654,0.07822588245163944,0.9654647208298351,0.03402628446408339,1.0,0.0,977.028,119.05968631342218,977.0280000000001,119.05968631342216,1124.7600634920634,73.0762123912591,230.24858730158732,17.28958863488598,15.737827862410347,1.221789348349977,-0.06674208919925784,0.09070463798999558,488.51400000000007,59.52984315671108,1.0,1.0,0.0,1082.834423516462,53.64959577117646,0.8857142857142857,0.1116765657100817,1.0,0.0,0.8707142857142857,0.13533401573623616,0.9238095238095237,0.07445104380672109,0.9138095238095238,0.09022267715749077,0.7416491096255552,0.09163465765269345,0.9748949600476697,0.035571728184987036,0.7318219884055496,0.11183167316970553,0.9678148616461724,0.04183345028769017,0.08142857142857142,0.07696069323947571,1506.74,36.655541011812765,74.0,15.0,20.0,42.0,21.0,0.0,21.0,0.0,100
cross_target_adapted_cp,luh,hust,hust,gaussian_process,100,0.9,residual_mean,20.0,5.0,0.8123076923076923,0.1652286899809706,0.13292307692307692,0.13122927442943633,0.6996049374589398,0.18094660603023696,0.8820417581313862,0.12813705300076236,1.0,0.0,839.701,247.319686177035,839.701,247.319686177035,1293.0510000000002,339.1693116865158,234.73776923076923,13.938073985497383,15.99481890390588,0.9537478009945999,-0.08263878761445342,0.11569936437015119,inf,,0.0,1.0,0.0,1085.6769235164622,55.67273460039785,0.7472222222222222,0.25506161703077623,0.9882352941176471,0.05221325674109376,0.7052941176470588,0.2856774718265263,0.82,0.19326722543965777,0.8046153846153846,0.19402342629894534,0.6563412580006955,0.19947121812066365,0.9012722320094068,0.14161842606914307,0.6392417107080101,0.20529383003776644,0.891563438436222,0.1356435227936534,0.15153846153846154,0.13355056716315414,1511.4,29.470752493366202,74.0,20.0,5.0,52.0,26.0,0.0,26.0,0.0,100
cross_target_adapted_cp,luh,hust,hust,gaussian_process,100,0.9,residual_mean,20.0,10.0,0.9131914893617021,0.07636615781841849,0.06382978723404255,0.04349905156965465,0.805314923495189,0.09610001867887116,0.9586285372339682,0.04599830566880351,1.0,0.0,999.689,191.4132590401294,999.689,191.4132590401294,1160.6715531914895,96.89171576355083,231.97264893617023,15.611255788214185,15.831520499636177,1.081970038060507,-0.05865147357028874,0.08933442179705624,499.8445,95.7066295200647,1.0,1.0,0.0,1080.4959235164622,47.11247401894285,0.8825,0.1300373877860603,1.0,0.0,0.8625,0.1486470975026408,0.9182608695652174,0.09046079150334628,0.9083333333333333,0.09909806500176054,0.7473888310554522,0.10806113302920675,0.9694127455103647,0.048747365270180365,0.7418109294387033,0.12171819422246397,0.9621751700767295,0.050393783574424166,0.07952898550724638,0.08041301052797512,1501.6,36.6661156983398,74.0,20.0,10.0,47.0,23.0,0.0,24.0,0.0,100
cross_target_adapted_cp,luh,hust,hust,gaussian_process,100,0.9,residual_mean,20.0,15.0,0.9380952380952381,0.07672372316339648,0.07276190476190475,0.0447734677480673,0.8305318800261502,0.09668970992081187,0.9722348936915189,0.04519287957331522,1.0,0.0,1109.247,199.44316597857033,1109.247,199.44316597857036,1221.9208095238096,124.67476696357353,230.1855238095238,19.21818200033661,15.739428986140856,1.3503396636798126,-0.09648787539251998,0.15649944773015348,554.6235,99.72158298928518,1.0,1.0,0.0,1087.1439235164623,58.9385849465689,0.8985714285714286,0.14471376506475345,1.0,0.0,0.9157142857142857,0.13444956385032406,0.9323809523809524,0.09647584337650232,0.9438095238095238,0.08963304256688273,0.7563901076922448,0.11279695151659545,0.9746458645136972,0.053062268347012845,0.7714959961086071,0.10810379746699036,0.978862512807624,0.04540200708171354,0.05714285714285714,0.08927970157724686,1504.21,39.284842991781034,74.0,20.0,15.0,42.0,21.0,0.0,21.0,0.0,100
cross_target_adapted_cp,luh,hust,hust,gaussian_process,100,0.9,residual_mean,20.0,20.0,0.9075675675675676,0.07260043835406248,0.05967567567567568,0.04161144491277085,0.7780850971334476,0.08991110632194846,0.9603801994273625,0.04236738764976048,1.0,0.0,957.39,125.90121949650482,957.39,125.90121949650478,1122.6002702702704,91.2762498713214,232.93305405405405,20.050527738922302,15.876333490113227,1.395234189480205,-0.08399829181247652,0.11313524559274549,478.695,62.95060974825239,1.0,1.0,0.0,1087.3994235164623,52.42608877172635,0.8784615384615385,0.11580085502802921,1.0,0.0,0.8466666666666667,0.16528043033267426,0.9122222222222222,0.0836339508535767,0.903157894736842,0.10438764021011004,0.708384496583234,0.10133809427227651,0.9710572990325217,0.03777541850514873,0.7071521827571811,0.12243046411883649,0.9635580429014463,0.05330200965117077,0.09087719298245615,0.08162274603488377,1503.09,44.651760289709664,74.0,20.0,20.0,37.0,18.0,0.0,19.0,0.0,100
cross_target_adapted_cp,luh,hust,hust,gaussian_process,100,0.95,residual_mean,5.0,5.0,0.8380597014925374,0.14172755209944735,0.12788059701492535,0.12737844421808925,0.7427514751808519,0.1594558921622536,0.8967045828127904,0.10965344413797594,1.0,0.0,946.488,273.56485437920423,946.488,273.5648543792042,1769.3679999999993,735.2325288809083,250.3288358208955,24.775577003938672,17.02974290572242,1.5999213243561068,-0.2381354569111075,0.27429570872615333,inf,,0.0,1.0,0.0,1111.3384235164622,123.90433457102817,0.736086956521739,0.28967418598238187,0.9927272727272727,0.043204165113201846,0.79,0.2710985957514637,0.8142424242424242,0.20708324896507035,0.8611764705882353,0.18540843788769884,0.6746677709175859,0.21916089906649827,0.888284963960279,0.15412520150418768,0.73092353469088,0.20140397037432445,0.9181000697207192,0.13493249649089797,0.19859180035650625,0.1905865459279827,1505.38,14.775614636244006,74.0,5.0,5.0,67.0,33.0,0.0,34.0,0.0,100
cross_target_adapted_cp,luh,hust,hust,gaussian_process,100,0.95,residual_mean,5.0,10.0,0.9103225806451613,0.08979738384126568,0.06661290322580646,0.07191432313873457,0.8210262945410126,0.10868822829706239,0.951739086289345,0.06125146977006494,1.0,0.0,1081.596,243.67899065961544,1081.596,243.67899065961547,1444.6708387096771,316.1152307212358,249.05377419354838,34.99056256147347,16.98231283372757,2.399821747738522,-0.2368843102064761,0.4085545424191518,inf,,0.0,1.0,0.0,1079.5804235164621,122.7131515154876,0.8571428571428571,0.2068481037482173,0.9995,0.005000000000000014,0.8785714285714286,0.1600772563660447,0.9029032258064517,0.1415034599221918,0.9177419354838711,0.10843943173183669,0.7664499233433655,0.1581151999786076,0.9505120192823864,0.09579610591065849,0.7818316788497188,0.130053915526127,0.9615355875236589,0.06471148832115937,0.11741935483870967,0.13268850474695726,1509.97,17.880893815365166,74.0,5.0,10.0,62.0,31.0,0.0,31.0,0.0,100
cross_target_adapted_cp,luh,hust,hust,gaussian_process,100,0.95,residual_mean,5.0,15.0,0.9352631578947368,0.0637543946450177,0.04678947368421053,0.04552606397202608,0.8455442590460294,0.08079232241838984,0.9700180394556406,0.039374471264515966,1.0,0.0,1130.316,206.07926920473975,1130.3159999999998,206.07926920473975,1392.6374035087717,207.00845045864733,247.563649122807,28.34424108401805,16.89500582450894,1.9369979350597297,-0.22860688153487163,0.301952590826224,inf,,0.0,1.0,0.0,1097.996423516462,118.0427558835885,0.886842105263158,0.14435574011048413,1.0,0.0,0.9189473684210526,0.13842781409917712,0.9232142857142857,0.09795568078925707,0.9468965517241379,0.09069408509946088,0.7768263298569029,0.11767268189903032,0.9674863014662922,0.05604939912217173,0.8127090596718497,0.11173708855750991,0.9765372445656234,0.049899975211735954,0.09757389162561576,0.10144230908102998,1502.52,25.67767571847248,74.0,5.0,15.0,57.0,28.0,0.0,29.0,0.0,100
cross_target_adapted_cp,luh,hust,hust,gaussian_process,100,0.95,residual_mean,5.0,20.0,0.9486538461538462,0.061972476398579134,0.044346153846153855,0.04308099866944892,0.8581942600709851,0.07966472178084501,0.9773856295917183,0.0366190043652441,1.0,0.0,1208.132,207.03633842952064,1208.132,207.0363384295207,1390.765846153846,200.16732417999734,252.04169230769227,37.00935280362948,17.17383806090095,2.4986236322229316,-0.2787246343413797,0.39697869117038326,604.066,103.51816921476035,1.0,1.0,0.0,1093.6624235164622,130.20082813533008,0.9161111111111111,0.12572151164810133,1.0,0.0,0.9317647058823529,0.12754555657267336,0.941923076923077,0.08703796960253166,0.9553846153846153,0.08339517160520948,0.7931063621134925,0.10623298697567925,0.976963229258632,0.04699451685036855,0.8119188641010139,0.1024636920318514,0.9816080255287472,0.04454943003755682,0.07192307692307692,0.09303890006587404,1509.13,26.19918072587523,74.0,5.0,20.0,52.0,26.0,0.0,26.0,0.0,100
cross_target_adapted_cp,luh,hust,hust,gaussian_process,100,0.95,residual_mean,10.0,5.0,0.8172580645161289,0.14342312238552127,0.14616129032258063,0.12957501926639026,0.7141833134004528,0.16148401336841733,0.8833125608500633,0.10950313116389372,1.0,0.0,866.9120000000001,241.85535258025024,866.9120000000001,241.85535258025018,1742.341677419354,703.4383143990337,240.38335483870966,17.665971531354483,16.40315468344303,1.194743346097367,-0.13090961371261212,0.1796348209127663,inf,,0.0,1.0,0.0,1081.514423516462,84.56778007666036,0.7357142857142857,0.2695758817188387,0.9925,0.044024212805356476,0.731904761904762,0.27255699884730705,0.8183870967741936,0.19095993705044373,0.8161290322580644,0.19144617005123504,0.6707189593938878,0.20180811300812743,0.8958474436258216,0.14089838401029103,0.6688834298994845,0.2047011976365398,0.8936647716803688,0.13891375382399512,0.1764516129032258,0.180303580139003,1510.17,17.911711083517215,74.0,10.0,5.0,62.0,31.0,0.0,31.0,0.0,100
cross_target_adapted_cp,luh,hust,hust,gaussian_process,100,0.95,residual_mean,10.0,10.0,0.9110526315789474,0.08820545769028323,0.06485964912280702,0.07115585512426255,0.816469024541534,0.10673443106439928,0.9537294701740696,0.05938514342022315,1.0,0.0,1038.67,225.12081851595363,1038.67,225.12081851595363,1382.6166666666663,277.85152887555864,238.80885964912284,17.235658948056823,16.283563347505194,1.1512071264434542,-0.1243392511427705,0.20149101650922863,inf,,0.0,1.0,0.0,1082.889423516462,81.29591784623187,0.8647368421052631,0.17258524942046546,1.0,0.0,0.8684210526315789,0.16226453645939912,0.9082142857142856,0.11711141924960157,0.9137931034482759,0.10631124802512357,0.7596756430953383,0.13556526794686846,0.9582562873708322,0.07227371802019397,0.7695544287847562,0.12726694765976046,0.9612291862499411,0.0623390203500918,0.08735221674876847,0.10563429432791482,1503.16,26.684357768081114,74.0,10.0,10.0,57.0,28.0,0.0,29.0,0.0,100
cross_target_adapted_cp,luh,hust,hust,gaussian_process,100,0.95,residual_mean,10.0,15.0,0.9432692307692307,0.060958747200050206,0.04573076923076923,0.04061160171100078,0.8507692088569607,0.0793171095171329,0.9747822895024612,0.035004761506672914,1.0,0.0,1111.06,186.85877452279732,1111.06,186.85877452279726,1323.5569230769229,157.5899898732595,238.7464230769231,20.83926967426523,16.287547957273315,1.4090040317757297,-0.12748876712180357,0.194023783306247,inf,,0.0,1.0,0.0,1087.972423516462,83.34594699975823,0.9061111111111111,0.12991670953110096,1.0,0.0,0.9258823529411765,0.11603771507325798,0.935,0.08994233736768525,0.9515384615384616,0.0758708137017456,0.7836399056587977,0.10812282300368321,0.9743659323236852,0.050443284252836215,0.8057515949062634,0.09707729079229242,0.9810732095070301,0.03630124395951539,0.06961538461538462,0.0906044294294686,1507.23,27.657302175670765,74.0,10.0,15.0,52.0,26.0,0.0,26.0,0.0,100
cross_target_adapted_cp,luh,hust,hust,gaussian_process,100,0.95,residual_mean,10.0,20.0,0.9504255319148937,0.045968171413046245,0.03772340425531916,0.025996656817480014,0.8519533213537446,0.0627722837780453,0.9808315943844766,0.022787850109809937,1.0,0.0,1139.888,197.36807703968591,1139.888,197.36807703968594,1323.242893617021,140.63110336790427,240.09638297872343,21.701009683470566,16.41488845580355,1.4630462191411757,-0.15285829621766156,0.24752143816672148,569.944,98.68403851984297,1.0,1.0,0.0,1092.540423516462,88.48335448168862,0.9125,0.10206207261596574,1.0,0.0,0.941875,0.09411964165063764,0.9391304347826087,0.07099970268936748,0.96125,0.06274642776709174,0.7729619549624726,0.08907355122535651,0.9796051888332395,0.034244258985342134,0.8087462133316877,0.08264266578480614,0.986470737855643,0.026405756853446743,0.06628623188405798,0.07427741310978532,1501.05,36.24729178319616,74.0,10.0,20.0,47.0,23.0,0.0,24.0,0.0,100
cross_target_adapted_cp,luh,hust,hust,gaussian_process,100,0.95,residual_mean,15.0,5.0,0.8396491228070175,0.13861275328162795,0.12638596491228068,0.12401231768831289,0.7346414415113298,0.1572808934839256,0.9017667043569624,0.10350619359661785,1.0,0.0,900.5866666666666,247.19909486647765,900.5866666666666,247.19909486647762,1624.641403508771,596.7333936760805,236.74745029239767,16.875652872374804,16.128391847698826,1.1490645293794726,-0.10952320921382629,0.1677298397817716,inf,,0.0,1.0,0.0,1084.152423516462,72.0687030030361,0.7789473684210526,0.21460691777904603,0.9989473684210526,0.010526315789473667,0.7410526315789474,0.28374348772466357,0.85,0.1456261227786384,0.8296551724137932,0.18783810202430792,0.6919382261931453,0.1656431697278079,0.9236114604707629,0.09181218771924402,0.6787180356988699,0.2044505139870418,0.9034729109454389,0.12970029858691778,0.1434729064039409,0.1275034466593281,1504.75,25.039110821014955,74.0,15.0,5.0,57.0,28.0,0.0,29.0,0.0,100
cross_target_adapted_cp,luh,hust,hust,gaussian_process,100,0.95,residual_mean,15.0,10.0,0.9151923076923077,0.09465005113461918,0.06042307692307691,0.08058920070095787,0.8160369227793218,0.11068832765049719,0.9572236780701324,0.06711407166892845,1.0,0.0,1026.4026666666668,210.66639984639795,1026.4026666666668,210.66639984639798,1353.1929230769226,331.90473523425834,236.34697435897436,14.652503902862238,16.129676501933613,1.0359198102542908,-0.07848091334935399,0.12446959845274168,inf,,0.0,1.0,0.0,1088.1510901831286,60.16204237807469,0.8788888888888888,0.14864814615571434,1.0,0.0,0.8688235294117647,0.16487026005114042,0.9161538461538461,0.10291025503087918,0.9142307692307692,0.10779978541805339,0.7596071572654384,0.11918592527469092,0.9655584631563534,0.062048730945023604,0.7588806793454869,0.126739754975349,0.9629338984680712,0.06387734277429515,0.065,0.06575833595245298,1505.13,28.827124922772462,74.0,15.0,10.0,52.0,26.0,0.0,26.0,0.0,100
cross_target_adapted_cp,luh,hust,hust,gaussian_process,100,0.95,residual_mean,15.0,15.0,0.9319148936170213,0.07020918394760046,0.05095744680851065,0.051349917658738024,0.8291872233808885,0.08891340201626985,0.9693736547242553,0.04173893634001961,1.0,0.0,1076.7773333333334,187.71582128205384,1076.7773333333334,187.71582128205378,1327.4859858156028,177.3819098734515,237.7799716312057,16.3731821299489,16.21668148358177,1.1199799142504232,-0.08336751798257387,0.09657867001656655,inf,,0.0,1.0,0.0,1083.592423516462,64.08953648511365,0.9,0.1320606877633357,1.0,0.0,0.9,0.13790688191967826,0.9304347826086956,0.09186830453101616,0.9333333333333332,0.09193792127978553,0.7634488994932493,0.10716546359885572,0.9742159246233396,0.05276213403055847,0.7735106939333549,0.112235437984065,0.9735765953483289,0.0480084046848183,0.0768840579710145,0.09006636853086525,1506.36,35.18824413426341,74.0,15.0,15.0,47.0,23.0,0.0,24.0,0.0,100
cross_target_adapted_cp,luh,hust,hust,gaussian_process,100,0.95,residual_mean,15.0,20.0,0.9573809523809524,0.050795341782819144,0.04171428571428572,0.02962325568767346,0.8542366345240664,0.06841590116398837,0.9838693286887827,0.02535429861404491,1.0,0.0,1147.272,166.30881061309415,1147.272,166.30881061309415,1299.004063492063,130.27459397707105,230.24858730158732,17.28958863488598,15.737827862410347,1.221789348349977,-0.06674208919925784,0.09070463798999558,573.636,83.15440530654708,1.0,1.0,0.0,1082.834423516462,53.64959577117646,0.9307142857142857,0.08760245937458949,1.0,0.0,0.9414285714285714,0.10810296137330756,0.9538095238095238,0.058401639583059654,0.9609523809523809,0.0720686409155384,0.7805271329005847,0.07447025532222645,0.9867385956371493,0.025951149461350385,0.7936902920044964,0.09236601841930861,0.9856520219771686,0.030169252697278878,0.052857142857142866,0.06417204423195824,1506.74,36.655541011812765,74.0,15.0,20.0,42.0,21.0,0.0,21.0,0.0,100
cross_target_adapted_cp,luh,hust,hust,gaussian_process,100,0.95,residual_mean,20.0,5.0,0.8123076923076923,0.1652286899809706,0.15115384615384614,0.15288208033747808,0.6996049374589398,0.18094660603023696,0.8820417581313862,0.12813705300076236,1.0,0.0,839.701,247.319686177035,839.701,247.319686177035,1746.400999999999,847.7275289040654,234.73776923076923,13.938073985497383,15.99481890390588,0.9537478009945999,-0.08263878761445342,0.11569936437015119,inf,,0.0,1.0,0.0,1085.6769235164622,55.67273460039785,0.7472222222222222,0.25506161703077623,0.9882352941176471,0.05221325674109376,0.7052941176470588,0.2856774718265263,0.82,0.19326722543965777,0.8046153846153846,0.19402342629894534,0.6563412580006955,0.19947121812066365,0.9012722320094068,0.14161842606914307,0.6392417107080101,0.20529383003776644,0.891563438436222,0.1356435227936534,0.15153846153846154,0.13355056716315414,1511.4,29.470752493366202,74.0,20.0,5.0,52.0,26.0,0.0,26.0,0.0,100
cross_target_adapted_cp,luh,hust,hust,gaussian_process,100,0.95,residual_mean,20.0,10.0,0.9131914893617021,0.07636615781841849,0.06306382978723404,0.05641917421869782,0.805314923495189,0.09610001867887116,0.9586285372339682,0.04599830566880351,1.0,0.0,999.689,191.4132590401294,999.689,191.4132590401294,1321.6541063829789,172.16285846040745,231.97264893617023,15.611255788214185,15.831520499636177,1.081970038060507,-0.05865147357028874,0.08933442179705624,inf,,0.0,1.0,0.0,1080.4959235164622,47.11247401894285,0.8825,0.1300373877860603,1.0,0.0,0.8625,0.1486470975026408,0.9182608695652174,0.09046079150334628,0.9083333333333333,0.09909806500176054,0.7473888310554522,0.10806113302920675,0.9694127455103647,0.048747365270180365,0.7418109294387033,0.12171819422246397,0.9621751700767295,0.050393783574424166,0.07952898550724638,0.08041301052797512,1501.6,36.6661156983398,74.0,20.0,10.0,47.0,23.0,0.0,24.0,0.0,100
cross_target_adapted_cp,luh,hust,hust,gaussian_process,100,0.95,residual_mean,20.0,15.0,0.9380952380952381,0.07672372316339648,0.05428571428571428,0.055253766996146786,0.8305318800261502,0.09668970992081187,0.9722348936915189,0.04519287957331522,1.0,0.0,1109.247,199.44316597857033,1109.247,199.44316597857036,1334.5946190476188,204.08190715985262,230.1855238095238,19.21818200033661,15.739428986140856,1.3503396636798126,-0.09648787539251998,0.15649944773015348,inf,,0.0,1.0,0.0,1087.1439235164623,58.9385849465689,0.8985714285714286,0.14471376506475345,1.0,0.0,0.9157142857142857,0.13444956385032406,0.9323809523809524,0.09647584337650232,0.9438095238095238,0.08963304256688273,0.7563901076922448,0.11279695151659545,0.9746458645136972,0.053062268347012845,0.7714959961086071,0.10810379746699036,0.978862512807624,0.04540200708171354,0.05714285714285714,0.08927970157724686,1504.21,39.284842991781034,74.0,20.0,15.0,42.0,21.0,0.0,21.0,0.0,100
cross_target_adapted_cp,luh,hust,hust,gaussian_process,100,0.95,residual_mean,20.0,20.0,0.9575675675675676,0.04817235830182997,0.040000000000000015,0.027609075184281386,0.8440291851807867,0.06597874861901538,0.9850303287963031,0.021955118324122096,1.0,0.0,1151.804,183.75833818503386,1151.804,183.75833818503395,1289.298054054054,126.81942361065612,232.93305405405405,20.050527738922302,15.876333490113227,1.395234189480205,-0.08399829181247652,0.11313524559274549,575.902,91.87916909251697,1.0,1.0,0.0,1087.3994235164623,52.42608877172635,0.9353846153846155,0.07938560319341086,1.0,0.0,0.9391666666666667,0.09756792793314423,0.9533333333333333,0.05733404675079675,0.9615789473684211,0.061621849220933216,0.7596530449314375,0.07375141298199606,0.9875497922955931,0.02218982482495319,0.7796052977054653,0.07969839468287403,0.988296618616488,0.02389069269411586,0.042923976608187135,0.05590480643976606,1503.09,44.651760289709664,74.0,20.0,20.0,37.0,18.0,0.0,19.0,0.0,100
cross_target_adapted_cp,luh,matr,matr,gaussian_process,100,0.9,residual_mean,5.0,5.0,0.795546218487395,0.15087830974337132,0.12976470588235295,0.1295225704252024,0.7218986302438755,0.16284023272496015,0.85070935304841,0.1299908513981183,1.0,0.0,1020.6599837597196,478.2380181059006,1020.6599837597195,478.2380181059006,2009.3941851176344,452.6637987561952,305.2690157339323,46.44325833607371,38.75822459770771,4.401723722486223,-0.18685449932321013,0.2828181552643981,inf,,0.0,1.0,0.0,395.55041291576396,146.79152193237127,0.76225,0.2718598262919977,0.9787179487179487,0.0925616667816961,0.6502500000000001,0.26283936696827365,0.8338983050847457,0.19551911402780417,0.7578333333333334,0.20127894944135485,0.7375197177911907,0.20882307587104057,0.8894549059587168,0.16027161412937552,0.6507253069082525,0.20341830498263333,0.8339127413371432,0.17735382957526385,0.20172033898305083,0.1766639002821693,736.82,21.257146154323316,74.0,5.0,5.0,119.0,59.0,0.0,60.0,0.0,100
cross_target_adapted_cp,luh,matr,matr,gaussian_process,100,0.9,residual_mean,5.0,10.0,0.9107017543859649,0.07338466407759649,0.06287719298245613,0.0388267582175644,0.849082843162461,0.08881680896758175,0.9455441152705748,0.053573709097792944,1.0,0.0,1573.2560296354577,582.6258791914514,1573.2560296354577,582.6258791914515,2036.8721673414059,334.9921871096127,306.6614804626247,49.640579986030474,39.04757056758528,4.6676169284639615,-0.24247899620920257,0.36757574142034183,786.6280148177289,291.31293959572577,1.0,1.0,0.0,356.65440941777246,166.76574462122423,0.9321052631578948,0.13590341769305533,1.0,0.0,0.8,0.17738158516341396,0.9547368421052631,0.09060227846203686,0.8666666666666667,0.11825439010894265,0.8771633609998163,0.10997990970828109,0.9748872144602113,0.0608062223343499,0.764421654834913,0.1366491813753308,0.9226098662729025,0.08605031119177212,0.12701754385964914,0.11992828596029997,747.07,26.25217836079264,74.0,5.0,10.0,114.0,57.0,0.0,57.0,0.0,100
cross_target_adapted_cp,luh,matr,matr,gaussian_process,100,0.9,residual_mean,5.0,15.0,0.9269724770642201,0.07345146524018405,0.06469724770642202,0.04361154543948916,0.8676787629408654,0.08858173881569026,0.957195365529104,0.053869001343027,1.0,0.0,1719.5600135064756,589.3194500253005,1719.560013506476,589.3194500253006,2055.7952406062495,378.4737888447244,303.05654141700734,35.819751281762606,38.83410683035594,3.83532549909282,-0.1908252931533165,0.22020882052865823,859.780006753238,294.6597250126503,1.0,1.0,0.0,362.6804176518444,152.30134810814556,0.9387766714082504,0.1312999108380379,1.0,0.0,0.8419444444444444,0.14310083676372792,0.9579629629629629,0.09010327557201252,0.8965454545454545,0.09366600224534918,0.8786292874278336,0.10968614177087338,0.9764667113318751,0.059595712062556025,0.7959479752485238,0.11076607131851217,0.945366072265525,0.06558748851705373,0.08965319865319867,0.08892546615564106,737.63,26.878197014447878,74.0,5.0,15.0,109.0,54.0,0.0,55.0,0.0,100
cross_target_adapted_cp,luh,matr,matr,gaussian_process,100,0.9,residual_mean,5.0,20.0,0.9131730769230769,0.06937058261936978,0.057980769230769225,0.03989779000298273,0.8476708793007584,0.08361978249073375,0.9492397053649289,0.050609585928829325,1.0,0.0,1471.0239826004859,459.1735305509895,1471.0239826004859,459.17353055098965,1936.7955721382218,264.91807574242284,297.2580851830028,36.313276672131806,38.29170182918039,3.7141207191382333,-0.17836992049267547,0.24062603155979573,735.5119913002429,229.58676527549483,1.0,1.0,0.0,358.8964133831214,143.28139604288407,0.9448650793650794,0.10073170483999362,1.0,0.0,0.797142857142857,0.1594931158686248,0.9628846153846153,0.06779874155384259,0.8634615384615384,0.10735113568080515,0.8801300929779202,0.08678767643717167,0.9819534022720271,0.04036905647282241,0.752448302091136,0.12282896812484616,0.924468110880364,0.07826631501714308,0.11519230769230768,0.09784812656526845,747.27,29.916332825013342,74.0,5.0,20.0,104.0,52.0,0.0,52.0,0.0,100
cross_target_adapted_cp,luh,matr,matr,gaussian_process,100,0.9,residual_mean,10.0,5.0,0.8057017543859649,0.16046006598689488,0.1355263157894737,0.12718687159543055,0.7331584074525884,0.17527436415568842,0.858314243153804,0.1358168676259053,1.0,0.0,1123.7919932157583,602.3323909538215,1123.7919932157583,602.3323909538213,2072.747838600237,414.85971194044856,290.9032883834301,24.512176699660085,37.428724944694046,2.5634430632841485,-0.11028066619853759,0.1876976174215627,inf,,0.0,1.0,0.0,362.880418299374,106.32701304334249,0.7752631578947369,0.3010335033684059,0.983157894736842,0.06810338064475926,0.6586842105263158,0.26433693873560565,0.8442105263157894,0.2177604062484145,0.7671929824561403,0.1921810078240255,0.7528407678594843,0.2316548644519989,0.8921141816206755,0.17860747583057943,0.6568202252875155,0.19767404094224142,0.843825232438419,0.16457298539461643,0.19736842105263158,0.17988992298563763,744.63,26.02821119050974,74.0,10.0,5.0,114.0,57.0,0.0,57.0,0.0,100
cross_target_adapted_cp,luh,matr,matr,gaussian_process,100,0.9,residual_mean,10.0,10.0,0.8962385321100917,0.10354696709331569,0.07506422018348624,0.0710261449885407,0.8318534063369731,0.11905714792672507,0.9336453819874356,0.08160310287676599,1.0,0.0,1485.5860286303875,590.5393479263325,1485.5860286303875,590.5393479263325,1985.2994270138163,332.39020881281795,291.51981566215005,28.43943067339047,37.46865490012514,3.002590033456695,-0.11617160682570088,0.1797922706140418,742.7930143151938,295.26967396316627,1.0,1.0,0.0,370.0214086990703,112.32480290449766,0.9032503556187766,0.1881233671663899,0.9969444444444444,0.01969930775498693,0.7883333333333333,0.18322957305917295,0.9318518518518519,0.1382014412330697,0.8612727272727273,0.12073335198828618,0.848663979433485,0.15450790243136228,0.9576780622598594,0.10598446507056024,0.7549032574027872,0.13477426496977074,0.9204708885900671,0.09254773877488305,0.11869360269360271,0.12322652910720565,737.38,26.764509894615834,74.0,10.0,10.0,109.0,54.0,0.0,55.0,0.0,100
cross_target_adapted_cp,luh,matr,matr,gaussian_process,100,0.9,residual_mean,10.0,15.0,0.9347115384615384,0.06543337399957869,0.06340384615384613,0.037920096267209956,0.8749428719160651,0.079964988526928,0.9635101774843473,0.046792958914303566,1.0,0.0,1713.9040187405897,560.585594715747,1713.9040187405897,560.5855947157471,2042.2574847988126,331.2744588274424,290.08523928670604,23.500390719828427,37.246971417100305,2.6571400539463768,-0.11591501857356575,0.15041894064158245,856.9520093702948,280.29279735787355,1.0,1.0,0.0,358.660414019741,111.58864122254762,0.9626349206349206,0.09386304121169631,1.0,0.0,0.8434285714285714,0.13845929025056192,0.9748076923076923,0.06326344728102593,0.8946153846153847,0.0931937530532628,0.8969720110175955,0.0794738066430255,0.9873172078324752,0.03947266687741309,0.7900267213390108,0.11148212832203024,0.9449110984586179,0.06322033539144999,0.09134615384615385,0.07947284441005813,750.94,27.74443979239695,74.0,10.0,15.0,104.0,52.0,0.0,52.0,0.0,100
cross_target_adapted_cp,luh,matr,matr,gaussian_process,100,0.9,residual_mean,10.0,20.0,0.8951515151515151,0.07528547249130521,0.06030303030303031,0.044927277783601845,0.8236801297588778,0.08943019160568588,0.9371025438553968,0.05589848676303445,1.0,0.0,1346.734009510387,461.21993923396985,1346.734009510387,461.21993923396985,1908.735223252026,249.88965622580926,291.00620141200017,21.393354537475645,37.56627936961902,2.409108169518299,-0.11117317269984234,0.12231322254364277,673.3670047551935,230.60996961698493,1.0,1.0,0.0,359.02941819205955,110.04316481163038,0.9166666666666667,0.14684413015317888,1.0,0.0,0.7687878787878788,0.13760142908694797,0.9438775510204082,0.09889502642969189,0.8473999999999999,0.09081694319738565,0.8534648012683926,0.11960397079134709,0.9697524408521871,0.06519040110935395,0.7288138688007458,0.10594367405097987,0.9164138193213965,0.06335495358854941,0.12344897959183675,0.08580810553875731,742.57,31.728091940452636,74.0,10.0,20.0,99.0,49.0,0.0,50.0,0.0,100
cross_target_adapted_cp,luh,matr,matr,gaussian_process,100,0.9,residual_mean,15.0,5.0,0.8339449541284404,0.13252888757288703,0.10588990825688073,0.10317614337116193,0.7603913480782785,0.1466645167500878,0.8847616015630383,0.10992731326611123,1.0,0.0,1135.9946580125245,523.1733717929792,1135.9946580125245,523.1733717929792,1924.7984275517238,320.0769542938928,285.62523117799793,18.869015316368795,36.818870545926714,2.1491342186100924,-0.08241635770649419,0.10490171416717373,inf,,0.0,1.0,0.0,377.9424082414062,89.99781469081674,0.8066002844950213,0.2481194363747522,0.9977698412698414,0.015140923521837277,0.6983333333333333,0.2212739306562757,0.8664814814814815,0.173325735026478,0.802,0.14661827856483756,0.7695895589362357,0.19256761866190508,0.9146947037186223,0.13283490804352008,0.6876773535124729,0.1564864528840281,0.8768905662128068,0.11873849734816086,0.14924915824915824,0.1198638567996134,741.6,27.939328206062157,74.0,15.0,5.0,109.0,54.0,0.0,55.0,0.0,100
cross_target_adapted_cp,luh,matr,matr,gaussian_process,100,0.9,residual_mean,15.0,10.0,0.9207692307692308,0.08162494863431966,0.06946153846153845,0.04716681698724884,0.8592164549044564,0.09860324398859026,0.9523452668774955,0.05946365001115829,1.0,0.0,1613.473331619525,635.5604341459355,1613.473331619525,635.5604341459355,2027.039491668586,345.735168181559,288.6054636438688,26.470495099984838,37.242933979674,2.851749118711053,-0.11520474998953353,0.22612514384400187,806.7366658097625,317.78021707296773,1.0,1.0,0.0,369.8404213169081,103.05564292709272,0.9437539682539682,0.11428886830263832,1.0,0.0,0.8208571428571428,0.17357269045081955,0.9621153846153847,0.07694516971007982,0.879423076923077,0.1168277724188208,0.8799789734152038,0.09497852912691519,0.9806718945057032,0.04974877580742177,0.774398663519053,0.1364154586930065,0.9322447665300315,0.08271906205984399,0.09615384615384615,0.10028052220200197,745.44,31.773605716097457,74.0,15.0,10.0,104.0,52.0,0.0,52.0,0.0,100
cross_target_adapted_cp,luh,matr,matr,gaussian_process,100,0.9,residual_mean,15.0,15.0,0.9310101010101011,0.06284434318276091,0.06107070707070706,0.03396243405859334,0.8683013607827121,0.07866936515710055,0.9615196178246781,0.0427628740948497,1.0,0.0,1668.4386823964796,572.9610695004903,1668.4386823964796,572.9610695004903,2030.418753165306,332.59889956779114,287.0725719561232,18.9422388526234,37.036525132854656,2.1860103734730845,-0.08726216155573571,0.1237395936575008,834.2193411982398,286.48053475024517,1.0,1.0,0.0,361.9050798146756,92.10701003931456,0.9609269162210339,0.07731847114034585,1.0,0.0,0.8321212121212122,0.13985895473272142,0.9736734693877551,0.05207485921747486,0.8892,0.09230691012359613,0.8903100834054551,0.0697327262106317,0.9881667988758625,0.027553784780027873,0.7807318915165051,0.11180155381802465,0.9421311373180886,0.060577708313144414,0.08804081632653063,0.07850779562175025,740.61,32.60783044087119,74.0,15.0,15.0,99.0,49.0,0.0,50.0,0.0,100
cross_target_adapted_cp,luh,matr,matr,gaussian_process,100,0.9,residual_mean,15.0,20.0,0.8997872340425532,0.09025856571713281,0.0685531914893617,0.05830646831103263,0.8283272647088588,0.1051547776050442,0.9398542496095189,0.06880875522856632,1.0,0.0,1383.258710219738,472.1064571115223,1383.258710219738,472.1064571115224,1885.0547843242393,226.1867523595859,282.2497654718086,20.445242530673564,36.45726546621174,2.3968414580193245,-0.06681805587874105,0.11159827931067569,691.629355109869,236.0532285557612,1.0,1.0,0.0,374.1750811831933,81.41135356322306,0.9141950757575757,0.1593104131246091,1.0,0.0,0.7848387096774193,0.14302251180901196,0.9414893617021276,0.10850558135395434,0.8580851063829787,0.0943339971506249,0.8486359762511391,0.1291386396877578,0.9676269902849068,0.07285032807153838,0.7375615576639786,0.1104958371599391,0.9244965496517638,0.06461708643724325,0.10297872340425532,0.07122565549161582,748.66,31.617416246445757,74.0,15.0,20.0,94.0,47.0,0.0,47.0,0.0,100
cross_target_adapted_cp,luh,matr,matr,gaussian_process,100,0.9,residual_mean,20.0,5.0,0.8296153846153846,0.14189101938833681,0.11946153846153847,0.10354653314201633,0.7549744384823859,0.15864723987672696,0.8807736379043899,0.11556106558688413,1.0,0.0,1171.880997168394,579.0300151430861,1171.880997168394,579.0300151430861,1962.203138392294,270.6773617611426,281.00862197549026,13.624491272595696,36.30372109282519,1.7041906166869458,-0.05095173532927607,0.06945517812740189,inf,,0.0,1.0,0.0,366.96591642128834,67.75928571621469,0.7819761904761904,0.29243636261180667,0.9991176470588234,0.008823529411764704,0.712857142857143,0.20077668197667217,0.8525,0.19870958325124402,0.8067307692307693,0.1351381513304524,0.7555528600240683,0.2200148403341539,0.9009486135086087,0.15165907383664817,0.688968092402675,0.1498342104595866,0.8822920550521094,0.10283085514677595,0.14807692307692308,0.12219294534732501,746.93,29.914779631547347,74.0,20.0,5.0,104.0,52.0,0.0,52.0,0.0,100
cross_target_adapted_cp,luh,matr,matr,gaussian_process,100,0.9,residual_mean,20.0,10.0,0.9067676767676768,0.0844971494016289,0.06323232323232322,0.05610096707700933,0.8390755547005688,0.099764922448103,0.9440716402495039,0.06359466910364166,1.0,0.0,1443.592998287629,568.1554796872057,1443.592998287629,568.1554796872057,1923.64553882728,340.3120176751065,286.71689050036304,17.906867737408245,36.9533816701268,2.1680636408605025,-0.07971843560686602,0.10117790409780669,721.7964991438145,284.07773984360284,1.0,1.0,0.0,381.08691745779856,84.40616558307892,0.9221212121212122,0.16042114436268995,0.9993939393939394,0.0060606060606060615,0.798778409090909,0.15441631612806156,0.9475510204081633,0.10803872987691367,0.8667999999999999,0.10406757711247343,0.8584729496112399,0.12407984032997262,0.9715571248579241,0.07799477158011907,0.7536254461675881,0.11927385499213246,0.92763395510818,0.07583588839259403,0.10979591836734695,0.10411591142912674,741.48,33.78496467933389,74.0,20.0,10.0,99.0,49.0,0.0,50.0,0.0,100
cross_target_adapted_cp,luh,matr,matr,gaussian_process,100,0.9,residual_mean,20.0,15.0,0.9321276595744681,0.06869122266441569,0.0645531914893617,0.03939403647494899,0.8680168278653808,0.08465094291415806,0.9623060330077564,0.04793947427361909,1.0,0.0,1659.3290070933717,553.8981859564726,1659.3290070933717,553.8981859564727,2010.3124134798284,307.4525818974697,285.24188049438357,20.60239178737277,36.89184754265899,2.4714872390623848,-0.0763223286887424,0.13949649432262243,829.6645035466859,276.94909297823637,1.0,1.0,0.0,373.7769168092647,79.81173482787318,0.9591856060606061,0.0853600744916875,1.0,0.0,0.8364516129032258,0.14964509881265875,0.972127659574468,0.05822478676584759,0.892127659574468,0.09870208645090257,0.8857847201544788,0.07605959416140157,0.987124929360454,0.032490426772235716,0.7805767333834094,0.11736049221518996,0.9444221327977631,0.0664936818942084,0.08851063829787234,0.07708371915071423,747.97,35.35632613804489,74.0,20.0,15.0,94.0,47.0,0.0,47.0,0.0,100
cross_target_adapted_cp,luh,matr,matr,gaussian_process,100,0.9,residual_mean,20.0,20.0,0.9091011235955057,0.06158525593482104,0.04999999999999999,0.03675810584381017,0.8347358760360902,0.0746991779202327,0.9496119888616187,0.043718753861200554,1.0,0.0,1320.9710091714787,389.0161646648196,1320.9710091714792,389.01616466481966,1833.9289891771184,231.38583332431523,284.2288885778864,16.566850896639842,36.64309325124549,2.1204702377532194,-0.07603141658280835,0.0884252447172919,660.4855045857396,194.50808233240983,1.0,1.0,0.0,382.03791465781563,78.81499637564791,0.9443655913978495,0.09271208902011764,1.0,0.0,0.7859655172413794,0.12764213302274985,0.9620454545454545,0.06322302796223261,0.8573333333333334,0.08511518130767586,0.8665344307535721,0.08214756181549837,0.9833560408641592,0.03513673150512486,0.7320571371474535,0.09852182253806847,0.9263998536247757,0.059144602321815856,0.11187373737373738,0.07628664337745224,743.51,35.13135380542603,74.0,20.0,20.0,89.0,44.0,0.0,45.0,0.0,100
cross_target_adapted_cp,luh,matr,matr,gaussian_process,100,0.95,residual_mean,5.0,5.0,0.795546218487395,0.15087830974337132,0.16090756302521003,0.1439042487925341,0.7218986302438755,0.16284023272496015,0.85070935304841,0.1299908513981183,1.0,0.0,1020.6599837597196,478.2380181059006,1020.6599837597195,478.2380181059006,2998.128386475547,1151.4879551487431,305.2690157339323,46.44325833607371,38.75822459770771,4.401723722486223,-0.18685449932321013,0.2828181552643981,inf,,0.0,1.0,0.0,395.55041291576396,146.79152193237127,0.76225,0.2718598262919977,0.9787179487179487,0.0925616667816961,0.6502500000000001,0.26283936696827365,0.8338983050847457,0.19551911402780417,0.7578333333333334,0.20127894944135485,0.7375197177911907,0.20882307587104057,0.8894549059587168,0.16027161412937552,0.6507253069082525,0.20341830498263333,0.8339127413371432,0.17735382957526385,0.20172033898305083,0.1766639002821693,736.82,21.257146154323316,74.0,5.0,5.0,119.0,59.0,0.0,60.0,0.0,100
cross_target_adapted_cp,luh,matr,matr,gaussian_process,100,0.95,residual_mean,5.0,10.0,0.9107017543859649,0.07338466407759649,0.061684210526315786,0.05569456851680217,0.849082843162461,0.08881680896758175,0.9455441152705748,0.053573709097792944,1.0,0.0,1573.2560296354577,582.6258791914514,1573.2560296354577,582.6258791914515,2500.4883050473536,575.7033382291285,306.6614804626247,49.640579986030474,39.04757056758528,4.6676169284639615,-0.24247899620920257,0.36757574142034183,inf,,0.0,1.0,0.0,356.65440941777246,166.76574462122423,0.9321052631578948,0.13590341769305533,1.0,0.0,0.8,0.17738158516341396,0.9547368421052631,0.09060227846203686,0.8666666666666667,0.11825439010894265,0.8771633609998163,0.10997990970828109,0.9748872144602113,0.0608062223343499,0.764421654834913,0.1366491813753308,0.9226098662729025,0.08605031119177212,0.12701754385964914,0.11992828596029997,747.07,26.25217836079264,74.0,5.0,10.0,114.0,57.0,0.0,57.0,0.0,100
cross_target_adapted_cp,luh,matr,matr,gaussian_process,100,0.95,residual_mean,5.0,15.0,0.9269724770642201,0.07345146524018405,0.0524954128440367,0.05609934380288076,0.8676787629408654,0.08858173881569026,0.957195365529104,0.053869001343027,1.0,0.0,1719.5600135064756,589.3194500253005,1719.560013506476,589.3194500253006,2392.030467706023,497.7533360405015,303.05654141700734,35.819751281762606,38.83410683035594,3.83532549909282,-0.1908252931533165,0.22020882052865823,inf,,0.0,1.0,0.0,362.6804176518444,152.30134810814556,0.9387766714082504,0.1312999108380379,1.0,0.0,0.8419444444444444,0.14310083676372792,0.9579629629629629,0.09010327557201252,0.8965454545454545,0.09366600224534918,0.8786292874278336,0.10968614177087338,0.9764667113318751,0.059595712062556025,0.7959479752485238,0.11076607131851217,0.945366072265525,0.06558748851705373,0.08965319865319867,0.08892546615564106,737.63,26.878197014447878,74.0,5.0,15.0,109.0,54.0,0.0,55.0,0.0,100
cross_target_adapted_cp,luh,matr,matr,gaussian_process,100,0.95,residual_mean,5.0,20.0,0.9568269230769231,0.047569093380368126,0.03905769230769232,0.027730558006452577,0.903209138022811,0.0618129145421813,0.9778991207034352,0.030378401473784032,1.0,0.0,1955.7560203095084,545.3241211895015,1955.7560203095084,545.3241211895015,2362.943712458266,384.34730076383954,297.2580851830028,36.313276672131806,38.29170182918039,3.7141207191382333,-0.17836992049267547,0.24062603155979573,977.8780101547542,272.66206059475076,1.0,1.0,0.0,358.8964133831214,143.28139604288407,0.9817222222222222,0.060303688524252726,1.0,0.0,0.89,0.11153803776875985,0.9876923076923078,0.04058990630309876,0.9259615384615384,0.0750736792674345,0.9138288555694609,0.052492030427028845,0.9944568710420333,0.02389194402033814,0.8292203184548862,0.09521010546132079,0.964097065001131,0.04541006024700945,0.06596153846153846,0.07049983987322594,747.27,29.916332825013342,74.0,5.0,20.0,104.0,52.0,0.0,52.0,0.0,100
cross_target_adapted_cp,luh,matr,matr,gaussian_process,100,0.95,residual_mean,10.0,5.0,0.8057017543859649,0.16046006598689488,0.15657894736842104,0.14837495288448727,0.7331584074525884,0.17527436415568842,0.858314243153804,0.1358168676259053,1.0,0.0,1123.7919932157583,602.3323909538215,1123.7919932157583,602.3323909538213,3021.7036839847137,1082.380264209798,290.9032883834301,24.512176699660085,37.428724944694046,2.5634430632841485,-0.11028066619853759,0.1876976174215627,inf,,0.0,1.0,0.0,362.880418299374,106.32701304334249,0.7752631578947369,0.3010335033684059,0.983157894736842,0.06810338064475926,0.6586842105263158,0.26433693873560565,0.8442105263157894,0.2177604062484145,0.7671929824561403,0.1921810078240255,0.7528407678594843,0.2316548644519989,0.8921141816206755,0.17860747583057943,0.6568202252875155,0.19767404094224142,0.843825232438419,0.16457298539461643,0.19736842105263158,0.17988992298563763,744.63,26.02821119050974,74.0,10.0,5.0,114.0,57.0,0.0,57.0,0.0,100
cross_target_adapted_cp,luh,matr,matr,gaussian_process,100,0.95,residual_mean,10.0,10.0,0.8962385321100917,0.10354696709331569,0.07434862385321099,0.08976586948465828,0.8318534063369731,0.11905714792672507,0.9336453819874356,0.08160310287676599,1.0,0.0,1485.5860286303875,590.5393479263325,1485.5860286303875,590.5393479263325,2485.0128253972443,634.4922736709901,291.51981566215005,28.43943067339047,37.46865490012514,3.002590033456695,-0.11617160682570088,0.1797922706140418,inf,,0.0,1.0,0.0,370.0214086990703,112.32480290449766,0.9032503556187766,0.1881233671663899,0.9969444444444444,0.01969930775498693,0.7883333333333333,0.18322957305917295,0.9318518518518519,0.1382014412330697,0.8612727272727273,0.12073335198828618,0.848663979433485,0.15450790243136228,0.9576780622598594,0.10598446507056024,0.7549032574027872,0.13477426496977074,0.9204708885900671,0.09254773877488305,0.11869360269360271,0.12322652910720565,737.38,26.764509894615834,74.0,10.0,10.0,109.0,54.0,0.0,55.0,0.0,100
cross_target_adapted_cp,luh,matr,matr,gaussian_process,100,0.95,residual_mean,10.0,15.0,0.9347115384615384,0.06543337399957869,0.04440384615384614,0.050259394534629104,0.8749428719160651,0.079964988526928,0.9635101774843473,0.046792958914303566,1.0,0.0,1713.9040187405897,560.585594715747,1713.9040187405897,560.5855947157471,2370.610950857035,457.6090959502235,290.08523928670604,23.500390719828427,37.246971417100305,2.6571400539463768,-0.11591501857356575,0.15041894064158245,inf,,0.0,1.0,0.0,358.660414019741,111.58864122254762,0.9626349206349206,0.09386304121169631,1.0,0.0,0.8434285714285714,0.13845929025056192,0.9748076923076923,0.06326344728102593,0.8946153846153847,0.0931937530532628,0.8969720110175955,0.0794738066430255,0.9873172078324752,0.03947266687741309,0.7900267213390108,0.11148212832203024,0.9449110984586179,0.06322033539144999,0.09134615384615385,0.07947284441005813,750.94,27.74443979239695,74.0,10.0,15.0,104.0,52.0,0.0,52.0,0.0,100
cross_target_adapted_cp,luh,matr,matr,gaussian_process,100,0.95,residual_mean,10.0,20.0,0.946060606060606,0.05518039378125282,0.04038383838383838,0.03759286845748751,0.8872004936869512,0.06973144485665878,0.9715971256076902,0.03709578376719237,1.0,0.0,1823.294010712338,536.7441853664994,1823.294010712338,536.7441853664997,2350.005121449609,395.6131272383578,291.00620141200017,21.393354537475645,37.56627936961902,2.409108169518299,-0.11117317269984234,0.12231322254364277,911.647005356169,268.37209268324983,1.0,1.0,0.0,359.02941819205955,110.04316481163038,0.9748484848484849,0.07824860770450232,1.0,0.0,0.8633333333333333,0.1199424627004388,0.9830612244897959,0.0526980419234403,0.9098,0.0791620253822896,0.9039075054171254,0.06577141923546241,0.991979948421685,0.03309180999103607,0.805622075106374,0.09902981742473395,0.9555014326439253,0.048799270817586955,0.0783061224489796,0.0721571669215444,742.57,31.728091940452636,74.0,10.0,20.0,99.0,49.0,0.0,50.0,0.0,100
cross_target_adapted_cp,luh,matr,matr,gaussian_process,100,0.95,residual_mean,15.0,5.0,0.8339449541284404,0.13252888757288703,0.12567889908256877,0.1233450239280665,0.7603913480782785,0.1466645167500878,0.8847616015630383,0.10992731326611123,1.0,0.0,1135.9946580125245,523.1733717929792,1135.9946580125245,523.1733717929792,2713.6021970909205,826.2353894315895,285.62523117799793,18.869015316368795,36.818870545926714,2.1491342186100924,-0.08241635770649419,0.10490171416717373,inf,,0.0,1.0,0.0,377.9424082414062,89.99781469081674,0.8066002844950213,0.2481194363747522,0.9977698412698414,0.015140923521837277,0.6983333333333333,0.2212739306562757,0.8664814814814815,0.173325735026478,0.802,0.14661827856483756,0.7695895589362357,0.19256761866190508,0.9146947037186223,0.13283490804352008,0.6876773535124729,0.1564864528840281,0.8768905662128068,0.11873849734816086,0.14924915824915824,0.1198638567996134,741.6,27.939328206062157,74.0,15.0,5.0,109.0,54.0,0.0,55.0,0.0,100
cross_target_adapted_cp,luh,matr,matr,gaussian_process,100,0.95,residual_mean,15.0,10.0,0.9207692307692308,0.08162494863431966,0.060346153846153834,0.06202626930419517,0.8592164549044564,0.09860324398859026,0.9523452668774955,0.05946365001115829,1.0,0.0,1613.473331619525,635.5604341459355,1613.473331619525,635.5604341459355,2440.605651717646,513.5854969020883,288.6054636438688,26.470495099984838,37.242933979674,2.851749118711053,-0.11520474998953353,0.22612514384400187,inf,,0.0,1.0,0.0,369.8404213169081,103.05564292709272,0.9437539682539682,0.11428886830263832,1.0,0.0,0.8208571428571428,0.17357269045081955,0.9621153846153847,0.07694516971007982,0.879423076923077,0.1168277724188208,0.8799789734152038,0.09497852912691519,0.9806718945057032,0.04974877580742177,0.774398663519053,0.1364154586930065,0.9322447665300315,0.08271906205984399,0.09615384615384615,0.10028052220200197,745.44,31.773605716097457,74.0,15.0,10.0,104.0,52.0,0.0,52.0,0.0,100
cross_target_adapted_cp,luh,matr,matr,gaussian_process,100,0.95,residual_mean,15.0,15.0,0.9310101010101011,0.06284434318276091,0.04963636363636363,0.04272019634475582,0.8683013607827121,0.07866936515710055,0.9615196178246781,0.0427628740948497,1.0,0.0,1668.4386823964796,572.9610695004903,1668.4386823964796,572.9610695004903,2392.3988239341315,458.7590679501357,287.0725719561232,18.9422388526234,37.036525132854656,2.1860103734730845,-0.08726216155573571,0.1237395936575008,inf,,0.0,1.0,0.0,361.9050798146756,92.10701003931456,0.9609269162210339,0.07731847114034585,1.0,0.0,0.8321212121212122,0.13985895473272142,0.9736734693877551,0.05207485921747486,0.8892,0.09230691012359613,0.8903100834054551,0.0697327262106317,0.9881667988758625,0.027553784780027873,0.7807318915165051,0.11180155381802465,0.9421311373180886,0.060577708313144414,0.08804081632653063,0.07850779562175025,740.61,32.60783044087119,74.0,15.0,15.0,99.0,49.0,0.0,50.0,0.0,100
cross_target_adapted_cp,luh,matr,matr,gaussian_process,100,0.95,residual_mean,15.0,20.0,0.9541489361702128,0.05272078427270825,0.041489361702127685,0.032528663665749684,0.8959804952298058,0.06772861246903066,0.976655716751342,0.03404971322155705,1.0,0.0,1874.0146770756128,539.2022859813402,1874.0146770756128,539.2022859813404,2319.1471718732314,349.8139359652219,282.2497654718086,20.445242530673564,36.45726546621174,2.3968414580193245,-0.06681805587874105,0.11159827931067569,937.0073385378064,269.6011429906702,1.0,1.0,0.0,374.1750811831933,81.41135356322306,0.9769128787878788,0.06077676795166677,1.0,0.0,0.8848387096774194,0.11492213444072591,0.9842553191489362,0.0414227672328329,0.9240425531914893,0.0757997056949469,0.9022904323726715,0.056417769643880906,0.993041862488071,0.020507740485168343,0.8197518229768676,0.09630596229530121,0.9642540046406454,0.04454582061107453,0.06276595744680852,0.059057580815365676,748.66,31.617416246445757,74.0,15.0,20.0,94.0,47.0,0.0,47.0,0.0,100
cross_target_adapted_cp,luh,matr,matr,gaussian_process,100,0.95,residual_mean,20.0,5.0,0.8296153846153846,0.14189101938833681,0.13496153846153844,0.1279582062712224,0.7549744384823859,0.15864723987672696,0.8807736379043899,0.11556106558688413,1.0,0.0,1171.880997168394,579.0300151430861,1171.880997168394,579.0300151430861,2752.525279616192,725.689772918812,281.00862197549026,13.624491272595696,36.30372109282519,1.7041906166869458,-0.05095173532927607,0.06945517812740189,inf,,0.0,1.0,0.0,366.96591642128834,67.75928571621469,0.7819761904761904,0.29243636261180667,0.9991176470588234,0.008823529411764704,0.712857142857143,0.20077668197667217,0.8525,0.19870958325124402,0.8067307692307693,0.1351381513304524,0.7555528600240683,0.2200148403341539,0.9009486135086087,0.15165907383664817,0.688968092402675,0.1498342104595866,0.8822920550521094,0.10283085514677595,0.14807692307692308,0.12219294534732501,746.93,29.914779631547347,74.0,20.0,5.0,104.0,52.0,0.0,52.0,0.0,100
cross_target_adapted_cp,luh,matr,matr,gaussian_process,100,0.95,residual_mean,20.0,10.0,0.9067676767676768,0.0844971494016289,0.06314141414141412,0.07071472184470086,0.8390755547005688,0.099764922448103,0.9440716402495039,0.06359466910364166,1.0,0.0,1443.592998287629,568.1554796872057,1443.592998287629,568.1554796872057,2403.69807936693,584.2602041821002,286.71689050036304,17.906867737408245,36.9533816701268,2.1680636408605025,-0.07971843560686602,0.10117790409780669,inf,,0.0,1.0,0.0,381.08691745779856,84.40616558307892,0.9221212121212122,0.16042114436268995,0.9993939393939394,0.0060606060606060615,0.798778409090909,0.15441631612806156,0.9475510204081633,0.10803872987691367,0.8667999999999999,0.10406757711247343,0.8584729496112399,0.12407984032997262,0.9715571248579241,0.07799477158011907,0.7536254461675881,0.11927385499213246,0.92763395510818,0.07583588839259403,0.10979591836734695,0.10411591142912674,741.48,33.78496467933389,74.0,20.0,10.0,99.0,49.0,0.0,50.0,0.0,100
cross_target_adapted_cp,luh,matr,matr,gaussian_process,100,0.95,residual_mean,20.0,15.0,0.9321276595744681,0.06869122266441569,0.04948936170212767,0.05066749262707035,0.8680168278653808,0.08465094291415806,0.9623060330077564,0.04793947427361909,1.0,0.0,1659.3290070933717,553.8981859564726,1659.3290070933717,553.8981859564727,2361.2958198662845,479.4101919151811,285.24188049438357,20.60239178737277,36.89184754265899,2.4714872390623848,-0.0763223286887424,0.13949649432262243,inf,,0.0,1.0,0.0,373.7769168092647,79.81173482787318,0.9591856060606061,0.0853600744916875,1.0,0.0,0.8364516129032258,0.14964509881265875,0.972127659574468,0.05822478676584759,0.892127659574468,0.09870208645090257,0.8857847201544788,0.07605959416140157,0.987124929360454,0.032490426772235716,0.7805767333834094,0.11736049221518996,0.9444221327977631,0.0664936818942084,0.08851063829787234,0.07708371915071423,747.97,35.35632613804489,74.0,20.0,15.0,94.0,47.0,0.0,47.0,0.0,100
cross_target_adapted_cp,luh,matr,matr,gaussian_process,100,0.95,residual_mean,20.0,20.0,0.9552808988764044,0.04353073053207469,0.03457303370786517,0.026753051158514035,0.8939630240480716,0.05701419944818693,0.9789228722896148,0.026907239687465525,1.0,0.0,1791.3870173524483,463.3521676476935,1791.3870173524483,463.3521676476936,2254.41263297092,400.8465360861313,284.2288885778864,16.566850896639842,36.64309325124549,2.1204702377532194,-0.07603141658280835,0.0884252447172919,895.6935086762242,231.6760838238468,1.0,1.0,0.0,382.03791465781563,78.81499637564791,0.9916666666666667,0.02653798920286797,1.0,0.0,0.8756666666666666,0.11661663188744634,0.9943181818181819,0.01809408354740999,0.9171111111111111,0.07774442125829757,0.9109792230371283,0.02661527651913812,0.9982739868834646,0.006896088402853448,0.8070380964644803,0.09632110308027038,0.9615712142814613,0.047958440370924345,0.07813636363636364,0.07174121291293548,743.51,35.13135380542603,74.0,20.0,20.0,89.0,44.0,0.0,45.0,0.0,100
cross_target_adapted_cp,luh,sandia,sandia,gaussian_process,100,0.9,residual_mean,5.0,5.0,0.813,0.16619174759805908,0.132,0.13291031380277274,0.6815777308664488,0.18132726931052764,0.8895711467840498,0.12356957335670463,1.0,0.0,3519.997918566179,1843.4146141984338,3519.997918566179,1843.4146141984338,6122.663822911888,2340.201801139331,896.052953025999,255.7483106424831,102.43605870399371,25.485638789901177,-0.2552576705052856,0.41056023178336687,inf,,0.0,1.0,0.0,412.02936861363844,468.13457395983414,0.8198571428571428,0.3158059744527963,0.9901648351648352,0.05994711034496144,0.6258333333333334,0.26047136028366313,0.868,0.23820880408463993,0.758,0.1708150396709194,0.6979519581690539,0.23825080377794683,0.9194599255040711,0.1654575304717707,0.5557741991288512,0.179834378404161,0.877085219315894,0.10906956420171078,0.215,0.16399371754411626,281.64,10.429677934537656,74.0,5.0,5.0,40.0,20.0,0.0,20.0,0.0,100
cross_target_adapted_cp,luh,sandia,sandia,gaussian_process,100,0.9,residual_mean,5.0,10.0,0.9117142857142856,0.08720162189584386,0.06971428571428571,0.05323119471421759,0.7808208163070237,0.10602375500012463,0.9611698522989955,0.052506817571031254,1.0,0.0,4683.602505280363,1442.69592903341,4683.602505280363,1442.69592903341,5690.254238216136,1706.4348391896763,863.6847012169142,270.84875960912984,97.86784805650036,26.85943852861099,-0.2946328302068452,0.450734185030316,2341.8012526401817,721.347964516705,1.0,1.0,0.0,334.121880088514,502.48894728595974,0.9717307692307692,0.09992432585878394,1.0,0.0,0.7681060606060606,0.22412599404187225,0.98,0.0705585201863837,0.8472222222222221,0.1486470975026407,0.7913054526098131,0.08265967133970699,0.9917491377816893,0.03338603830207511,0.63912009328928,0.16150474924415742,0.9331860014005413,0.08587963599372084,0.15637254901960784,0.13356427904328952,277.92,11.916951681270561,74.0,5.0,10.0,35.0,17.0,0.0,18.0,0.0,100
cross_target_adapted_cp,luh,sandia,sandia,gaussian_process,100,0.9,residual_mean,5.0,15.0,0.9416666666666668,0.07284117063288778,0.07366666666666666,0.03972266369748313,0.8056366060002107,0.09305309725510119,0.9774265633627839,0.03717691251650328,1.0,0.0,5065.985115800057,1117.373316678908,5065.985115800057,1117.373316678908,5465.519701019884,985.5025019510372,855.5365560340133,234.04371404365187,97.87521549893562,26.724250899691945,-0.2757301715965128,0.3712743462414511,2532.9925579000287,558.686658339454,1.0,1.0,0.0,320.6843197582766,450.8640515713615,0.992,0.039389277113386474,1.0,0.0,0.8322222222222223,0.2024140381082663,0.9946666666666667,0.026259518075591,0.8886666666666667,0.13502462675989826,0.7890591618990608,0.03390105925650076,0.9985656256094732,0.008152204571575542,0.6620822425101788,0.14822785626735824,0.9567658048179549,0.06927882942216636,0.10733333333333332,0.1277957826577051,283.67,16.599291088671965,74.0,5.0,15.0,30.0,15.0,0.0,15.0,0.0,100
cross_target_adapted_cp,luh,sandia,sandia,gaussian_process,100,0.9,residual_mean,5.0,20.0,0.8859999999999999,0.08187203614806644,0.0676,0.04780262450003043,0.7145445379555264,0.1007634717236487,0.9546310443195283,0.04215811385405927,1.0,0.0,4493.067772272148,1059.5088962492098,4493.067772272148,1059.5088962492098,5450.442501161244,1296.0565668334516,921.5731414223332,275.5380414629312,101.9480300882492,25.636410677329806,-0.3813201219599824,1.0429998648570602,2246.533886136074,529.7544481246049,1.0,1.0,0.0,399.5307311525683,503.15176518976233,0.9811111111111112,0.0821445321073263,1.0,0.0,0.6626785714285713,0.255667754257148,0.9858333333333333,0.061608399080494716,0.7938461538461539,0.156496212385682,0.7410044628134759,0.06701551898785754,0.9950388607198487,0.02755156096805999,0.5379274633017321,0.16186643534931636,0.9157149486378008,0.08225030400383782,0.2121153846153846,0.15248332043465734,278.23,18.668752589081116,74.0,5.0,20.0,25.0,12.0,0.0,13.0,0.0,100
cross_target_adapted_cp,luh,sandia,sandia,gaussian_process,100,0.9,residual_mean,10.0,5.0,0.8571428571428571,0.14195966281599706,0.09857142857142856,0.11042355814481891,0.7189209431440624,0.15633620534373488,0.9247212051956492,0.1014342480467449,1.0,0.0,3875.7357349695953,1612.4627536564446,3875.7357349695953,1612.4627536564449,5860.773119242832,1873.9100839348362,854.8865568287925,144.08473477143443,104.46776469055405,18.303800879131032,-0.13432592888480627,0.16836884439095529,inf,,0.0,1.0,0.0,358.9088641352118,306.9685662357489,0.9118589743589743,0.22727938896060337,0.9936363636363637,0.05520718892491025,0.6742424242424242,0.23118006365742605,0.9341176470588235,0.17543367376635746,0.7844444444444444,0.15599584954557547,0.7455791327385303,0.17259093137223439,0.9626246512184902,0.1181946030213143,0.5692124375024725,0.16404643068848693,0.899620715267429,0.09533870928402537,0.18124183006535946,0.13680966305752587,278.02,12.807021432784364,74.0,10.0,5.0,35.0,17.0,0.0,18.0,0.0,100
cross_target_adapted_cp,luh,sandia,sandia,gaussian_process,100,0.9,residual_mean,10.0,10.0,0.91,0.09481507786158798,0.07666666666666666,0.056158345955222795,0.7659308439478045,0.11562363718532224,0.9609881736495413,0.053784187453582114,1.0,0.0,4447.000667088404,1289.985780525197,4447.000667088404,1289.9857805251968,5557.084761211724,1465.098906191331,883.7269274177299,151.47564800707195,106.86906194067825,18.081196117883447,-0.1815524473912314,0.3593867427654743,2223.500333544202,644.9928902625984,1.0,1.0,0.0,395.0759821542486,314.06538356751565,0.981,0.07613783354528611,1.0,0.0,0.7490000000000001,0.24432756618105864,0.9873333333333334,0.05075855569685743,0.8326666666666667,0.16288504412070576,0.7803637740151579,0.06095125673245023,0.9955846352419018,0.02038492679990184,0.6012012022096984,0.1716583366039072,0.9284817748344506,0.09020718136566586,0.15466666666666667,0.1491855931036054,283.13,17.422645776649034,74.0,10.0,10.0,30.0,15.0,0.0,15.0,0.0,100
cross_target_adapted_cp,luh,sandia,sandia,gaussian_process,100,0.9,residual_mean,10.0,15.0,0.9276000000000001,0.0686245825731081,0.06319999999999999,0.0380026580675881,0.7668070833878492,0.08853606393824705,0.9744869036090766,0.03147826668217438,1.0,0.0,4941.722275140046,789.5851767918807,4941.722275140046,789.5851767918807,5352.210732060712,770.4729317650748,859.4115772762617,165.32358871308946,103.93977078466794,17.598606003569508,-0.1923965551259559,0.4767404967014993,2470.861137570023,394.79258839594036,1.0,1.0,0.0,346.6553150572869,303.2156712817654,1.0,0.0,1.0,0.0,0.7719642857142857,0.21479399494847284,1.0,0.0,0.8607692307692308,0.13197035110213098,0.7575059933447593,0.0,1.0,0.0,0.607466549528831,0.14290650363236443,0.94949232795714,0.06342189463749308,0.1392307692307692,0.13197035110213098,277.9,20.189256068663365,74.0,10.0,15.0,25.0,12.0,0.0,13.0,0.0,100
cross_target_adapted_cp,luh,sandia,sandia,gaussian_process,100,0.9,residual_mean,10.0,20.0,0.9059999999999999,0.09515537533185112,0.07499999999999998,0.05838742081211424,0.715772465750884,0.11392663796223534,0.9653939059102267,0.04704222041049237,1.0,0.0,4564.809650078864,1018.6801062753647,4564.809650078865,1018.680106275365,5427.527575139926,1230.8687913526726,885.7875956847811,163.71191719237368,106.41209964852682,17.813311878061786,-1.9194044952851965,16.618643255203885,2282.4048250394326,509.3400531376825,1.0,1.0,0.0,374.12997108330933,304.68204249064496,0.9871428571428571,0.07888890340600467,1.0,0.0,0.7426190476190476,0.2560944324315809,0.991,0.05522223238420327,0.8210000000000001,0.17769284587384906,0.7127530672162138,0.05619829105252204,0.9967097233184292,0.024359612770158582,0.5306127520141984,0.16901772352920738,0.9332111904738266,0.09110771697696517,0.17800000000000002,0.17383377640200368,285.07,24.070710228597136,74.0,10.0,20.0,20.0,10.0,0.0,10.0,0.0,100
cross_target_adapted_cp,luh,sandia,sandia,gaussian_process,100,0.9,residual_mean,15.0,5.0,0.8466666666666667,0.1667003333000101,0.12266666666666667,0.12435061397680565,0.6980062973438623,0.18422531711579165,0.9166244167221861,0.11360285959575628,1.0,0.0,3780.7775893459584,1669.987480918904,3780.7775893459584,1669.987480918904,5780.194830203345,1370.4712523744556,860.7367464669586,108.53253917849104,108.67415327806198,14.138409368689535,-0.11663139527841095,0.17502101295398648,inf,,0.0,1.0,0.0,394.181473978615,229.39626956869793,0.8608181818181818,0.2806194922678891,0.986,0.06966006928309254,0.6892222222222222,0.25614510146908787,0.8973333333333333,0.21925698424518159,0.7959999999999999,0.16785970305649078,0.690471720554205,0.2076852461096118,0.9421756828893073,0.14630358756484407,0.562654344965186,0.1797839986411838,0.9086467408215918,0.08960526430750947,0.16266666666666665,0.1580805176361614,280.38,15.103534939767174,74.0,15.0,5.0,30.0,15.0,0.0,15.0,0.0,100
cross_target_adapted_cp,luh,sandia,sandia,gaussian_process,100,0.9,residual_mean,15.0,10.0,0.9128000000000001,0.08869514238574895,0.07239999999999999,0.05232223391270831,0.7496619309891828,0.10812667722812012,0.9659745466355389,0.04697055935435538,1.0,0.0,4561.23854301128,1206.3495108275222,4561.23854301128,1206.3495108275222,5537.053096320061,1546.7388629505217,854.673611398223,110.45764721073488,106.81614145430405,13.72043429225469,-0.10584697536016968,0.19751780522571316,2280.61927150564,603.1747554137611,1.0,1.0,0.0,361.35914419707626,219.9159827266669,0.9833333333333333,0.059876832470635515,0.99875,0.012499999999999997,0.7448214285714286,0.23563795552347203,0.9875,0.04490762435297661,0.8438461538461539,0.14687183068327886,0.7420297344429444,0.05417467536561275,0.996538609068196,0.014262836626289127,0.5903597326751845,0.1534033586470708,0.9404731420289285,0.076253832926273,0.14365384615384613,0.13153249821262614,278.03,20.098974796710106,74.0,15.0,10.0,25.0,12.0,0.0,13.0,0.0,100
cross_target_adapted_cp,luh,sandia,sandia,gaussian_process,100,0.9,residual_mean,15.0,15.0,0.9329999999999999,0.09217352980091191,0.07799999999999999,0.058740999740428755,0.750823112925614,0.11018735987142517,0.9756425002006445,0.04661785540485912,1.0,0.0,4893.853200219977,945.0669167833807,4893.853200219977,945.0669167833807,5546.807822585647,1205.374984459777,856.2838523672883,143.79513292253537,105.79513371531634,14.947462357120472,-0.1873135881715787,0.6495154470061975,2446.9266001099886,472.5334583916904,1.0,1.0,0.0,343.59103416700594,233.7703483443305,0.9942857142857143,0.05714285714285712,0.9983333333333333,0.016666666666666666,0.815,0.236402229977628,0.996,0.039999999999999994,0.87,0.169073530115919,0.7183692658330763,0.040979343040345236,0.9983181967029376,0.016818032970623637,0.5824810986112392,0.16368524456953532,0.9521446294902227,0.0853443427398194,0.126,0.16244346335842139,288.84,21.686806490527278,74.0,15.0,15.0,20.0,10.0,0.0,10.0,0.0,100
cross_target_adapted_cp,luh,sandia,sandia,gaussian_process,100,0.9,residual_mean,15.0,20.0,0.9033333333333333,0.08958064164776165,0.072,0.05291078402573274,0.6724579250163196,0.10487869098641991,0.9697428788147627,0.03949533266223779,1.0,0.0,4512.624382274176,942.3968914207892,4512.624382274176,942.3968914207892,5255.557111461507,752.8033671425508,872.2472562126185,165.21264217561736,107.80168732523882,15.846622350645717,-0.8650725087993879,5.669829963007915,2256.312191137088,471.1984457103946,1.0,1.0,0.0,387.35813991788166,245.79484713352574,0.988,0.08908060134144545,1.0,0.0,0.721,0.2441414559329294,0.9914285714285714,0.06362900095817534,0.82625,0.15272669026464206,0.6379277167054874,0.05630280893969787,0.9966732271146829,0.02628180652032454,0.4948756347090832,0.14437935531587945,0.945948429204185,0.06462937973478257,0.17232142857142857,0.15131814070102573,280.38,30.801016643328943,74.0,15.0,20.0,15.0,7.0,0.0,8.0,0.0,100
cross_target_adapted_cp,luh,sandia,sandia,gaussian_process,100,0.9,residual_mean,20.0,5.0,0.8715999999999999,0.14022146984702666,0.10239999999999999,0.09942379448145654,0.7053213283341917,0.1570354753157463,0.9388901907679076,0.0886310390943661,1.0,0.0,3865.391131177574,1629.3158887872826,3865.391131177574,1629.3158887872828,5675.8358994572345,1733.9526606704985,853.6839239404167,93.51899790623793,109.04515257142502,13.457713546836455,-0.1873533440955707,0.33789701062610256,inf,,0.0,1.0,0.0,385.0232631203717,222.28309873654035,0.9088888888888889,0.22687607236879997,0.99125,0.051046497916066205,0.7082142857142857,0.26780567086019175,0.9258333333333333,0.19530653049238825,0.8215384615384616,0.1632260976389844,0.6846770334344017,0.1740916092707477,0.9604655708975517,0.12736056610764088,0.5688618739143574,0.16849949123992458,0.9275321789409431,0.08619339617784282,0.1739102564102564,0.17470992596842222,274.35,21.843509079103768,74.0,20.0,5.0,25.0,12.0,0.0,13.0,0.0,100
cross_target_adapted_cp,luh,sandia,sandia,gaussian_process,100,0.9,residual_mean,20.0,10.0,0.8704999999999999,0.12931345520466805,0.09849999999999999,0.08832189748730253,0.6767636191090207,0.1455650281959987,0.9448426387738401,0.07363900830197308,1.0,0.0,4048.6712061730755,1544.083957190385,4048.6712061730755,1544.0839571903848,6000.084818207364,1843.37602345343,890.1548545877131,109.31640432634963,108.5823278267766,12.011047787680932,-0.23869777100330322,0.9761726696394489,2024.3356030865377,772.0419785951924,1.0,1.0,0.0,371.34590586381773,198.9792949414956,0.9557142857142857,0.14169076516631487,1.0,0.0,0.6738095238095237,0.2893289862469553,0.9690000000000001,0.09918353561642043,0.772,0.2025494078645075,0.6891179473275725,0.1008319321133938,0.9885562864010375,0.04406736902223958,0.4861344302853148,0.18917284290864514,0.9068877265892735,0.10666893935032695,0.19699999999999998,0.1866531380378962,286.11,23.02782462740907,74.0,20.0,10.0,20.0,10.0,0.0,10.0,0.0,100
cross_target_adapted_cp,luh,sandia,sandia,gaussian_process,100,0.9,residual_mean,20.0,15.0,0.9173333333333333,0.10428313354343839,0.086,0.0608912482032033,0.6926711693632757,0.12039580007342719,0.9718209020388028,0.0475840296810814,1.0,0.0,4779.85096950327,1059.0721830552848,4779.850969503269,1059.0721830552848,5625.970904392983,1317.3067690122323,876.8830706723562,143.33773712249408,107.21114067620209,12.144074584632378,-0.8233886583117459,6.666292338693718,2389.9254847516345,529.5360915276424,1.0,1.0,0.0,364.35060051495253,183.16372912314873,0.996,0.04,0.9940000000000001,0.04454030067072275,0.762,0.28383378262922854,0.9971428571428571,0.02857142857142857,0.8475,0.18934696387128241,0.6428022138023058,0.028673511310069327,0.9991778107599595,0.00822189240040567,0.5233631640815236,0.16921486670024918,0.9461735783241798,0.09201901498554327,0.14964285714285713,0.18617955648274853,280.68,33.046609263862216,74.0,20.0,15.0,15.0,7.0,0.0,8.0,0.0,100
cross_target_adapted_cp,luh,sandia,sandia,gaussian_process,100,0.9,residual_mean,20.0,20.0,0.9279999999999999,0.09648363026488435,0.07799999999999999,0.06289320754704403,0.6377550858688646,0.10631472969388968,0.9806768374485023,0.03544916780238531,1.0,0.0,4510.973369575435,1074.7396550048193,4510.973369575435,1074.7396550048193,5378.979216292576,1535.338878318512,814.6729398942406,184.05137584360736,107.75318008498463,14.963663067226436,-10.347305533995868,28.65950974387819,2255.4866847877174,537.3698275024096,1.0,1.0,0.0,379.96018120826346,197.5616405685335,0.9975,0.02500000000000001,0.9933333333333333,0.06666666666666668,0.7683333333333333,0.2880864924992038,0.998,0.019999999999999993,0.858,0.18704507100123915,0.5636177061622825,0.018998290545430032,0.9996377589136758,0.003622410863243008,0.44445935890167115,0.1446716711124254,0.9604511963135758,0.07486275820374828,0.13999999999999999,0.18312660520894702,298.86,136.72445341494756,74.0,20.0,20.0,10.0,5.0,0.0,5.0,0.0,100
cross_target_adapted_cp,luh,sandia,sandia,gaussian_process,100,0.95,residual_mean,5.0,5.0,0.813,0.16619174759805908,0.15099999999999997,0.15345021895380176,0.6815777308664488,0.18132726931052764,0.8895711467840498,0.12356957335670463,1.0,0.0,3519.997918566179,1843.4146141984338,3519.997918566179,1843.4146141984338,8725.329727257593,5852.720669821902,896.052953025999,255.7483106424831,102.43605870399371,25.485638789901177,-0.2552576705052856,0.41056023178336687,inf,,0.0,1.0,0.0,412.02936861363844,468.13457395983414,0.8198571428571428,0.3158059744527963,0.9901648351648352,0.05994711034496144,0.6258333333333334,0.26047136028366313,0.868,0.23820880408463993,0.758,0.1708150396709194,0.6979519581690539,0.23825080377794683,0.9194599255040711,0.1654575304717707,0.5557741991288512,0.179834378404161,0.877085219315894,0.10906956420171078,0.215,0.16399371754411626,281.64,10.429677934537656,74.0,5.0,5.0,40.0,20.0,0.0,20.0,0.0,100
cross_target_adapted_cp,luh,sandia,sandia,gaussian_process,100,0.95,residual_mean,5.0,10.0,0.9117142857142856,0.08720162189584386,0.06514285714285714,0.06926953441642578,0.7808208163070237,0.10602375500012463,0.9611698522989955,0.052506817571031254,1.0,0.0,4683.602505280363,1442.69592903341,4683.602505280363,1442.69592903341,6696.9059711519085,3960.1011445090144,863.6847012169142,270.84875960912984,97.86784805650036,26.85943852861099,-0.2946328302068452,0.450734185030316,inf,,0.0,1.0,0.0,334.121880088514,502.48894728595974,0.9717307692307692,0.09992432585878394,1.0,0.0,0.7681060606060606,0.22412599404187225,0.98,0.0705585201863837,0.8472222222222221,0.1486470975026407,0.7913054526098131,0.08265967133970699,0.9917491377816893,0.03338603830207511,0.63912009328928,0.16150474924415742,0.9331860014005413,0.08587963599372084,0.15637254901960784,0.13356427904328952,277.92,11.916951681270561,74.0,5.0,10.0,35.0,17.0,0.0,18.0,0.0,100
cross_target_adapted_cp,luh,sandia,sandia,gaussian_process,100,0.95,residual_mean,5.0,15.0,0.9416666666666668,0.07284117063288778,0.05366666666666667,0.04966667796533437,0.8056366060002107,0.09305309725510119,0.9774265633627839,0.03717691251650328,1.0,0.0,5065.985115800057,1117.373316678908,5065.985115800057,1117.373316678908,5865.05428623971,1728.9400666382467,855.5365560340133,234.04371404365187,97.87521549893562,26.724250899691945,-0.2757301715965128,0.3712743462414511,inf,,0.0,1.0,0.0,320.6843197582766,450.8640515713615,0.992,0.039389277113386474,1.0,0.0,0.8322222222222223,0.2024140381082663,0.9946666666666667,0.026259518075591,0.8886666666666667,0.13502462675989826,0.7890591618990608,0.03390105925650076,0.9985656256094732,0.008152204571575542,0.6620822425101788,0.14822785626735824,0.9567658048179549,0.06927882942216636,0.10733333333333332,0.1277957826577051,283.67,16.599291088671965,74.0,5.0,15.0,30.0,15.0,0.0,15.0,0.0,100
cross_target_adapted_cp,luh,sandia,sandia,gaussian_process,100,0.95,residual_mean,5.0,20.0,0.946,0.05973003237632445,0.0486,0.034612428432864994,0.790990915841883,0.07957316343406902,0.9822015963204858,0.024787722554765416,1.0,0.0,5076.430375244788,936.8002825300583,5076.430375244788,936.8002825300584,5483.358136792671,1092.1114047880553,921.5731414223332,275.5380414629312,101.9480300882492,25.636410677329806,-0.3813201219599824,1.0429998648570602,2538.215187622394,468.4001412650292,1.0,1.0,0.0,399.5307311525683,503.15176518976233,0.9933333333333333,0.04948922296746969,1.0,0.0,0.8371428571428571,0.18620550531121385,0.995,0.03711691722560227,0.9007692307692308,0.11377798837094251,0.7517817857440625,0.04187192390076638,0.9981491476672494,0.014543671159103494,0.6520774552336798,0.12879777952144628,0.9666337924639552,0.04874932257709759,0.10423076923076921,0.11541561930579214,278.23,18.668752589081116,74.0,5.0,20.0,25.0,12.0,0.0,13.0,0.0,100
cross_target_adapted_cp,luh,sandia,sandia,gaussian_process,100,0.95,residual_mean,10.0,5.0,0.8571428571428571,0.14195966281599706,0.10899999999999999,0.12985022213940034,0.7189209431440624,0.15633620534373488,0.9247212051956492,0.1014342480467449,1.0,0.0,3875.7357349695953,1612.4627536564446,3875.7357349695953,1612.4627536564449,7845.810503516064,4719.596454336451,854.8865568287925,144.08473477143443,104.46776469055405,18.303800879131032,-0.13432592888480627,0.16836884439095529,inf,,0.0,1.0,0.0,358.9088641352118,306.9685662357489,0.9118589743589743,0.22727938896060337,0.9936363636363637,0.05520718892491025,0.6742424242424242,0.23118006365742605,0.9341176470588235,0.17543367376635746,0.7844444444444444,0.15599584954557547,0.7455791327385303,0.17259093137223439,0.9626246512184902,0.1181946030213143,0.5692124375024725,0.16404643068848693,0.899620715267429,0.09533870928402537,0.18124183006535946,0.13680966305752587,278.02,12.807021432784364,74.0,10.0,5.0,35.0,17.0,0.0,18.0,0.0,100
cross_target_adapted_cp,luh,sandia,sandia,gaussian_process,100,0.95,residual_mean,10.0,10.0,0.91,0.09481507786158798,0.07166666666666666,0.07360753755381474,0.7659308439478045,0.11562363718532224,0.9609881736495413,0.053784187453582114,1.0,0.0,4447.000667088404,1289.985780525197,4447.000667088404,1289.9857805251968,6667.168855335043,3663.8921304828823,883.7269274177299,151.47564800707195,106.86906194067825,18.081196117883447,-0.1815524473912314,0.3593867427654743,inf,,0.0,1.0,0.0,395.0759821542486,314.06538356751565,0.981,0.07613783354528611,1.0,0.0,0.7490000000000001,0.24432756618105864,0.9873333333333334,0.05075855569685743,0.8326666666666667,0.16288504412070576,0.7803637740151579,0.06095125673245023,0.9955846352419018,0.02038492679990184,0.6012012022096984,0.1716583366039072,0.9284817748344506,0.09020718136566586,0.15466666666666667,0.1491855931036054,283.13,17.422645776649034,74.0,10.0,10.0,30.0,15.0,0.0,15.0,0.0,100
cross_target_adapted_cp,luh,sandia,sandia,gaussian_process,100,0.95,residual_mean,10.0,15.0,0.9276000000000001,0.0686245825731081,0.05559999999999999,0.04575560902857437,0.7668070833878492,0.08853606393824705,0.9744869036090766,0.03147826668217438,1.0,0.0,4941.722275140046,789.5851767918807,4941.722275140046,789.5851767918807,5762.699188981377,1365.3290017024851,859.4115772762617,165.32358871308946,103.93977078466794,17.598606003569508,-0.1923965551259559,0.4767404967014993,inf,,0.0,1.0,0.0,346.6553150572869,303.2156712817654,1.0,0.0,1.0,0.0,0.7719642857142857,0.21479399494847284,1.0,0.0,0.8607692307692308,0.13197035110213098,0.7575059933447593,0.0,1.0,0.0,0.607466549528831,0.14290650363236443,0.94949232795714,0.06342189463749308,0.1392307692307692,0.13197035110213098,277.9,20.189256068663365,74.0,10.0,15.0,25.0,12.0,0.0,13.0,0.0,100
cross_target_adapted_cp,luh,sandia,sandia,gaussian_process,100,0.95,residual_mean,10.0,20.0,0.955,0.06871842709362765,0.048000000000000015,0.049195548784438006,0.777822412768392,0.08692051620560058,0.9855536934035425,0.02944159666946302,1.0,0.0,5097.019595807105,752.3168187872786,5097.019595807105,752.3168187872786,5580.148285215691,1398.9280195874858,885.7875956847811,163.71191719237368,106.41209964852682,17.813311878061786,-1.9194044952851965,16.618643255203885,2548.5097979035527,376.1584093936393,1.0,1.0,0.0,374.12997108330933,304.68204249064496,0.9942857142857143,0.05714285714285714,1.0,0.0,0.8764285714285713,0.18774176637660822,0.996,0.04,0.914,0.13105631452073407,0.7183692658330763,0.040979343040345256,0.9983181967029376,0.016818032970623634,0.6260371345699456,0.1335720306003018,0.9721657071435821,0.05860383581174863,0.088,0.13278675849768767,285.07,24.070710228597136,74.0,10.0,20.0,20.0,10.0,0.0,10.0,0.0,100
cross_target_adapted_cp,luh,sandia,sandia,gaussian_process,100,0.95,residual_mean,15.0,5.0,0.8466666666666667,0.1667003333000101,0.1323333333333333,0.1445186289686123,0.6980062973438623,0.18422531711579165,0.9166244167221861,0.11360285959575628,1.0,0.0,3780.7775893459584,1669.987480918904,3780.7775893459584,1669.987480918904,7779.6120710607265,3828.7023669596597,860.7367464669586,108.53253917849104,108.67415327806198,14.138409368689535,-0.11663139527841095,0.17502101295398648,inf,,0.0,1.0,0.0,394.181473978615,229.39626956869793,0.8608181818181818,0.2806194922678891,0.986,0.06966006928309254,0.6892222222222222,0.25614510146908787,0.8973333333333333,0.21925698424518159,0.7959999999999999,0.16785970305649078,0.690471720554205,0.2076852461096118,0.9421756828893073,0.14630358756484407,0.562654344965186,0.1797839986411838,0.9086467408215918,0.08960526430750947,0.16266666666666665,0.1580805176361614,280.38,15.103534939767174,74.0,15.0,5.0,30.0,15.0,0.0,15.0,0.0,100
cross_target_adapted_cp,luh,sandia,sandia,gaussian_process,100,0.95,residual_mean,15.0,10.0,0.9128000000000001,0.08869514238574895,0.06639999999999999,0.06936246474247808,0.7496619309891828,0.10812667722812012,0.9659745466355389,0.04697055935435538,1.0,0.0,4561.23854301128,1206.3495108275222,4561.23854301128,1206.3495108275222,6512.86764962884,3729.9640505629663,854.673611398223,110.45764721073488,106.81614145430405,13.72043429225469,-0.10584697536016968,0.19751780522571316,inf,,0.0,1.0,0.0,361.35914419707626,219.9159827266669,0.9833333333333333,0.059876832470635515,0.99875,0.012499999999999997,0.7448214285714286,0.23563795552347203,0.9875,0.04490762435297661,0.8438461538461539,0.14687183068327886,0.7420297344429444,0.05417467536561275,0.996538609068196,0.014262836626289127,0.5903597326751845,0.1534033586470708,0.9404731420289285,0.076253832926273,0.14365384615384613,0.13153249821262614,278.03,20.098974796710106,74.0,15.0,10.0,25.0,12.0,0.0,13.0,0.0,100
cross_target_adapted_cp,luh,sandia,sandia,gaussian_process,100,0.95,residual_mean,15.0,15.0,0.9329999999999999,0.09217352980091191,0.062,0.07003606574508953,0.750823112925614,0.11018735987142517,0.9756425002006445,0.04661785540485912,1.0,0.0,4893.853200219977,945.0669167833807,4893.853200219977,945.0669167833807,6199.762444951315,2862.48733635122,856.2838523672883,143.79513292253537,105.79513371531634,14.947462357120472,-0.1873135881715787,0.6495154470061975,inf,,0.0,1.0,0.0,343.59103416700594,233.7703483443305,0.9942857142857143,0.05714285714285712,0.9983333333333333,0.016666666666666666,0.815,0.236402229977628,0.996,0.039999999999999994,0.87,0.169073530115919,0.7183692658330763,0.040979343040345236,0.9983181967029376,0.016818032970623637,0.5824810986112392,0.16368524456953532,0.9521446294902227,0.0853443427398194,0.126,0.16244346335842139,288.84,21.686806490527278,74.0,15.0,15.0,20.0,10.0,0.0,10.0,0.0,100
cross_target_adapted_cp,luh,sandia,sandia,gaussian_process,100,0.95,residual_mean,15.0,20.0,0.9526666666666667,0.062348357000412996,0.05233333333333332,0.0335865800788305,0.7332530132590499,0.07999959603892662,0.9874979715364952,0.019987183341442293,1.0,0.0,5043.107784910536,646.2493218606222,5043.107784910536,646.2493218606222,5413.4789140570365,720.400165111265,872.2472562126185,165.21264217561736,107.80168732523882,15.846622350645717,-0.8650725087993879,5.669829963007915,2521.553892455268,323.1246609303111,1.0,1.0,0.0,387.35813991788166,245.79484713352574,1.0,0.0,1.0,0.0,0.8575,0.1872683754520352,1.0,0.0,0.91125,0.11690316937577445,0.6456695649333127,0.0,1.0,0.0,0.5796599311979282,0.1208633360302269,0.9760148466850803,0.038655853797382386,0.08875,0.11690316937577445,280.38,30.801016643328943,74.0,15.0,20.0,15.0,7.0,0.0,8.0,0.0,100
cross_target_adapted_cp,luh,sandia,sandia,gaussian_process,100,0.95,residual_mean,20.0,5.0,0.8715999999999999,0.14022146984702666,0.10659999999999999,0.11996817759874337,0.7053213283341917,0.1570354753157463,0.9388901907679076,0.0886310390943661,1.0,0.0,3865.391131177574,1629.3158887872826,3865.391131177574,1629.3158887872828,7486.28066773689,4316.438899872958,853.6839239404167,93.51899790623793,109.04515257142502,13.457713546836455,-0.1873533440955707,0.33789701062610256,inf,,0.0,1.0,0.0,385.0232631203717,222.28309873654035,0.9088888888888889,0.22687607236879997,0.99125,0.051046497916066205,0.7082142857142857,0.26780567086019175,0.9258333333333333,0.19530653049238825,0.8215384615384616,0.1632260976389844,0.6846770334344017,0.1740916092707477,0.9604655708975517,0.12736056610764088,0.5688618739143574,0.16849949123992458,0.9275321789409431,0.08619339617784282,0.1739102564102564,0.17470992596842222,274.35,21.843509079103768,74.0,20.0,5.0,25.0,12.0,0.0,13.0,0.0,100
cross_target_adapted_cp,luh,sandia,sandia,gaussian_process,100,0.95,residual_mean,20.0,10.0,0.8704999999999999,0.12931345520466805,0.10249999999999998,0.11177516212775923,0.6767636191090207,0.1455650281959987,0.9448426387738401,0.07363900830197308,1.0,0.0,4048.6712061730755,1544.083957190385,4048.6712061730755,1544.0839571903848,7951.498430241649,4729.879641987616,890.1548545877131,109.31640432634963,108.5823278267766,12.011047787680932,-0.23869777100330322,0.9761726696394489,inf,,0.0,1.0,0.0,371.34590586381773,198.9792949414956,0.9557142857142857,0.14169076516631487,1.0,0.0,0.6738095238095237,0.2893289862469553,0.9690000000000001,0.09918353561642043,0.772,0.2025494078645075,0.6891179473275725,0.1008319321133938,0.9885562864010375,0.04406736902223958,0.4861344302853148,0.18917284290864514,0.9068877265892735,0.10666893935032695,0.19699999999999998,0.1866531380378962,286.11,23.02782462740907,74.0,20.0,10.0,20.0,10.0,0.0,10.0,0.0,100
cross_target_adapted_cp,luh,sandia,sandia,gaussian_process,100,0.95,residual_mean,20.0,15.0,0.9173333333333333,0.10428313354343839,0.07566666666666666,0.07854670417179452,0.6926711693632757,0.12039580007342719,0.9718209020388028,0.0475840296810814,1.0,0.0,4779.85096950327,1059.0721830552848,4779.850969503269,1059.0721830552848,6472.090839282693,3296.002909254628,876.8830706723562,143.33773712249408,107.21114067620209,12.144074584632378,-0.8233886583117459,6.666292338693718,inf,,0.0,1.0,0.0,364.35060051495253,183.16372912314873,0.996,0.04,0.9940000000000001,0.04454030067072275,0.762,0.28383378262922854,0.9971428571428571,0.02857142857142857,0.8475,0.18934696387128241,0.6428022138023058,0.028673511310069327,0.9991778107599595,0.00822189240040567,0.5233631640815236,0.16921486670024918,0.9461735783241798,0.09201901498554327,0.14964285714285713,0.18617955648274853,280.68,33.046609263862216,74.0,20.0,15.0,15.0,7.0,0.0,8.0,0.0,100
cross_target_adapted_cp,luh,sandia,sandia,gaussian_process,100,0.95,residual_mean,20.0,20.0,0.9690000000000001,0.06465916857498309,0.059000000000000025,0.03208259542638233,0.6852225668377895,0.07584955915444032,0.9924516668908205,0.018225610251663,1.0,0.0,5074.176484616398,717.545159179609,5074.176484616397,717.5451591796093,5463.816484616397,1007.9503889307061,814.6729398942406,184.05137584360736,107.75318008498463,14.963663067226436,-10.347305533995868,28.65950974387819,2537.0882423081985,358.77257958980465,1.0,1.0,0.0,379.96018120826346,197.5616405685335,1.0,0.0,1.0,0.0,0.895,0.21795782085595905,1.0,0.0,0.938,0.12931833714996618,0.5655175352168255,0.0,1.0,0.0,0.5110054330675248,0.10979178189169894,0.9843879277824142,0.03814818851918494,0.06199999999999999,0.12931833714996618,298.86,136.72445341494756,74.0,20.0,20.0,10.0,5.0,0.0,5.0,0.0,100
cross_target_adapted_cp,matr,hust,hust,catboost,100,0.9,residual_mean,5.0,5.0,0.8450746268656717,0.13140323179968552,0.10459701492537313,0.0962446499458874,0.749642065452661,0.14875813755639358,0.9030830586450436,0.10074028161534612,1.0,0.0,1013.0797285032122,299.3570087350469,1013.0797285032122,299.357008735047,1383.7214905874407,289.16428705001846,266.46797624985055,38.33227280685553,18.231267591514044,2.8983993227817377,-0.4095221640721713,0.4439748441383119,inf,,0.0,1.0,0.0,873.5055533604442,149.41839206319537,0.7734782608695652,0.24331940046162293,0.9822727272727273,0.07962445244289147,0.7827272727272728,0.24985010950260889,0.8393939393939394,0.1729550799066792,0.8505882352941176,0.18628295318137758,0.6987587263905791,0.18969140415084243,0.9092519419442412,0.12239563131659033,0.7180090253199787,0.2010768270119211,0.9119878284736909,0.13741601706920534,0.17996434937611408,0.16652623208629128,1507.17,14.623251859606818,89.0,5.0,5.0,67.0,33.0,0.0,34.0,0.0,100
cross_target_adapted_cp,matr,hust,hust,catboost,100,0.9,residual_mean,5.0,10.0,0.8993548387096775,0.10019269003989512,0.07277419354838709,0.06847931467171452,0.8076044054191237,0.11751871477005903,0.9445052969928124,0.07203472956467935,1.0,0.0,1094.2658552158186,250.80640142907833,1094.2658552158186,250.80640142907833,1307.2937966047386,204.64251671594948,258.9969539927307,30.753950788873748,17.65910543435206,2.095323551746124,-0.32151374501600216,0.34749573222877256,547.1329276079093,125.40320071453917,1.0,1.0,0.0,880.7337298567675,123.9492931732097,0.8342857142857143,0.20151741184308106,0.996,0.016937198318160148,0.8723809523809524,0.17738567354767662,0.8864516129032257,0.1415023457114844,0.912258064516129,0.12405520132401161,0.7451403388408641,0.15766431940721035,0.9425461361516505,0.09654858293634463,0.7768232271269873,0.14407091529774774,0.9567855500353113,0.07896975146100108,0.12387096774193548,0.12587536022934964,1509.46,18.38665523984965,89.0,5.0,10.0,62.0,31.0,0.0,31.0,0.0,100
cross_target_adapted_cp,matr,hust,hust,catboost,100,0.9,residual_mean,5.0,15.0,0.9433333333333332,0.062531349882364,0.06705263157894735,0.03557309159322883,0.8567910274419646,0.08039065655024911,0.9738925389883941,0.037608557965363366,1.0,0.0,1215.820262617757,220.5014591375375,1215.820262617757,220.5014591375375,1325.208328041782,175.78965429156972,260.4224268974278,30.795546239938737,17.742027330354976,2.148337905664273,-0.35593588422655853,0.3335709414197988,607.9101313088785,110.25072956876875,1.0,1.0,0.0,877.5582551919573,137.3419834950712,0.91,0.1340898123877126,0.9989473684210526,0.007405541796646826,0.9210526315789473,0.13640793184518912,0.9389285714285713,0.090989515548805,0.9475862068965517,0.09214713265152563,0.7968145551277621,0.10804011779577427,0.975135000902792,0.05436293393665012,0.8137901754991329,0.11238423549837626,0.9766741014300648,0.05226368494633845,0.08181034482758621,0.10596140306254616,1504.24,26.58134836324295,89.0,5.0,15.0,57.0,28.0,0.0,29.0,0.0,100
cross_target_adapted_cp,matr,hust,hust,catboost,100,0.9,residual_mean,5.0,20.0,0.9101923076923077,0.07997327679602877,0.060961538461538456,0.052410016352959735,0.8077976267841511,0.09608212517350476,0.9561508964265418,0.053796416968917134,1.0,0.0,1103.5059147621048,204.0128780790349,1103.5059147621048,204.0128780790349,1282.194787555771,188.85505471938893,263.18519832885215,33.680644100740466,17.955372357770433,2.361876600481339,-0.37803123274947853,0.37689519855583026,551.7529573810524,102.00643903951745,1.0,1.0,0.0,889.2219653079192,133.26958609247626,0.8377777777777777,0.1815604857926059,0.9994117647058823,0.005882352941176475,0.8976470588235295,0.13393489127626476,0.8876923076923078,0.12569572093334253,0.9326923076923077,0.08888618055165147,0.7268099701990616,0.14198484213187343,0.9487602196208701,0.07976092035485595,0.7814494479049218,0.11111784152881984,0.9725351389476806,0.04503172582297754,0.11038461538461539,0.10749440690838745,1507.94,25.35398679625449,89.0,5.0,20.0,52.0,26.0,0.0,26.0,0.0,100
cross_target_adapted_cp,matr,hust,hust,catboost,100,0.9,residual_mean,10.0,5.0,0.8303225806451613,0.15848787241026369,0.11922580645161292,0.1251559491357644,0.7306735098993588,0.1740363693200021,0.8914269224672186,0.1257060757025764,1.0,0.0,939.1420058929417,268.11914272760305,939.1420058929417,268.119142727603,1365.9483524977556,340.0530522624488,254.27816511883387,20.898660422669494,17.355328244851943,1.4538734472697632,-0.25396669851503245,0.1815797305712228,inf,,0.0,1.0,0.0,873.9513821311821,91.91390506086424,0.7428571428571428,0.2561236101856714,0.9840000000000001,0.056800199174497856,0.7714285714285714,0.27106927097888806,0.8232258064516129,0.17878293501628187,0.8374193548387097,0.20318778834138376,0.6742493976524847,0.1922782539849222,0.9009274370240591,0.12803867024905946,0.6961333336318893,0.21356143061543012,0.9043007672380358,0.15130664780667402,0.16322580645161291,0.1389795581657614,1510.72,18.136452494655874,89.0,10.0,5.0,62.0,31.0,0.0,31.0,0.0,100
cross_target_adapted_cp,matr,hust,hust,catboost,100,0.9,residual_mean,10.0,10.0,0.9066666666666667,0.08250985163445565,0.06526315789473683,0.05050214043492279,0.8103180846762638,0.10123270298058072,0.9516623296433134,0.05415643410797022,1.0,0.0,1076.212876267883,210.2431821933268,1076.212876267883,210.2431821933268,1264.3684985329958,148.5174876958087,257.59834891830354,28.40362528302674,17.585055087151996,2.0064981294975928,-0.29744891210274865,0.28428373867452306,538.1064381339415,105.1215910966634,1.0,1.0,0.0,868.2435095735599,101.10216075163463,0.8557894736842105,0.16331644985777294,0.9963157894736843,0.018709296455518803,0.8678947368421052,0.1758360728617213,0.9021428571428572,0.11082187668920303,0.9110344827586206,0.12244874182850078,0.7510738055505369,0.13044103223939144,0.9561802221877902,0.0663144613802255,0.7687639663290591,0.1433509572321139,0.9571477579387403,0.07506285987757114,0.11433497536945814,0.11957339203637948,1507.97,24.980175978547315,89.0,10.0,10.0,57.0,28.0,0.0,29.0,0.0,100
cross_target_adapted_cp,matr,hust,hust,catboost,100,0.9,residual_mean,10.0,15.0,0.94,0.06258578477132003,0.0656153846153846,0.0344132924850168,0.846571611169336,0.08155373439133887,0.9728912210416651,0.035643604166456365,1.0,0.0,1182.275094584505,219.39800642191162,1182.275094584505,219.39800642191148,1280.7577738649609,157.2329089969293,252.14780034680126,21.253334165396975,17.211889768074982,1.5043670062441927,-0.24832263620002723,0.19905006797786787,591.1375472922525,109.69900321095574,1.0,1.0,0.0,889.8075166627261,98.14080850048644,0.8905555555555555,0.14483995751666084,1.0,0.0,0.9323529411764706,0.10621029296885234,0.9242307692307692,0.10027381674230366,0.9557692307692308,0.06944519155655732,0.7707471014063317,0.1192366915899463,0.9684928979700419,0.05726992860437851,0.8107343099806937,0.0899016186094271,0.9834627881707141,0.03220818674397314,0.07615384615384616,0.0960924434869681,1506.8,26.21742808426362,89.0,10.0,15.0,52.0,26.0,0.0,26.0,0.0,100
cross_target_adapted_cp,matr,hust,hust,catboost,100,0.9,residual_mean,10.0,20.0,0.9025531914893616,0.08166141796869437,0.0623404255319149,0.052436507485386544,0.7917268947420888,0.0998768763019914,0.9525475788416216,0.05217801663666736,1.0,0.0,1030.8794591266792,143.39392436965196,1030.8794591266792,143.39392436965196,1199.4318431792096,113.69217275311621,251.99415536700425,27.374359454847333,17.201288073820002,1.9495097828719585,-0.2571405990687194,0.2189934164140272,515.4397295633396,71.69696218482598,1.0,1.0,0.0,868.4632432587596,84.81049187194793,0.836875,0.17428040182302756,0.9993333333333334,0.0066666666666666645,0.8775,0.1443156963120097,0.8865217391304349,0.12123854039862791,0.9179166666666667,0.09703354708171429,0.7121648442683195,0.14094917603032608,0.9502432654686983,0.06895281200704526,0.7539600986232213,0.11914454866027366,0.966548123635941,0.049515124324026806,0.10817028985507246,0.10254595475099615,1501.52,35.645697602596556,89.0,10.0,20.0,47.0,23.0,0.0,24.0,0.0,100
cross_target_adapted_cp,matr,hust,hust,catboost,100,0.9,residual_mean,15.0,5.0,0.8166666666666668,0.16601250133049736,0.13691228070175437,0.12506168550491423,0.7113417028072795,0.1832790001967823,0.8820037017858339,0.12931811350508698,1.0,0.0,917.4556107662913,272.1974922697872,917.4556107662913,272.1974922697872,1379.3266829560564,349.94557343580675,251.73648749649544,22.127432010961286,17.18899099445683,1.522203033456872,-0.23685605736181276,0.2037871780764451,inf,,0.0,1.0,0.0,873.0558700753044,85.71621144931098,0.7042105263157894,0.29883420670481636,0.9805263157894737,0.06718300840852379,0.7652631578947369,0.26410462346108904,0.7939285714285714,0.2132523786372245,0.8386206896551723,0.1932626104279816,0.6376979257205859,0.2237891458280429,0.8792381886920636,0.15346007159431024,0.6899735233608162,0.20646733976686024,0.9080510682759112,0.13796187975997576,0.165012315270936,0.17221708927557114,1502.96,24.138874301119625,89.0,15.0,5.0,57.0,28.0,0.0,29.0,0.0,100
cross_target_adapted_cp,matr,hust,hust,catboost,100,0.9,residual_mean,15.0,10.0,0.9186538461538462,0.07519697998468133,0.06403846153846153,0.04317080664535762,0.8189641846823221,0.09352259531916748,0.960743239147813,0.04737787237130633,1.0,0.0,1080.6452097530773,195.4247698765932,1080.6452097530773,195.4247698765932,1224.8933409994384,136.14282219862105,250.03959029602785,17.387055919639728,17.06393146538621,1.2340848285004367,-0.22566967166744553,0.15691453297918,540.3226048765387,97.7123849382966,1.0,1.0,0.0,885.7257749283569,81.55272840558256,0.855,0.15083733534302177,0.9994117647058823,0.005882352941176472,0.9052941176470588,0.13987691629028873,0.8996153846153847,0.10442584754516895,0.9376923076923077,0.09337955770223412,0.7388380362478166,0.12287902328565797,0.9575086177431644,0.06076092339448299,0.7882818121863463,0.11245544297610015,0.9744154854476641,0.052401058613887136,0.0873076923076923,0.10195843898441496,1508.15,31.45764348029477,89.0,15.0,10.0,52.0,26.0,0.0,26.0,0.0,100
cross_target_adapted_cp,matr,hust,hust,catboost,100,0.9,residual_mean,15.0,15.0,0.9353191489361703,0.07437868816623511,0.07251063829787233,0.038488053715343876,0.8348320069943154,0.0946998217716901,0.9700229469973713,0.04363526180051057,1.0,0.0,1153.0778979548932,207.04216095420773,1153.0778979548932,207.04216095420767,1264.9208594653348,140.12602471130765,251.25310827925364,25.871262417056382,17.151567503304783,1.8028884570247736,-0.23905325196599478,0.24405513432415782,576.5389489774466,103.52108047710384,1.0,1.0,0.0,872.7258773088298,84.87305958971557,0.895,0.1341005389454291,1.0,0.0,0.915,0.14691696961071565,0.9269565217391305,0.09328733144029848,0.9433333333333332,0.09794464640714379,0.7595294102875347,0.11150646651186881,0.9721744859574052,0.0499319990830475,0.7885372603812725,0.1184763172334189,0.9757905048069118,0.05185200311693804,0.07684782608695652,0.09387618168792652,1498.06,39.63363024584864,89.0,15.0,15.0,47.0,23.0,0.0,24.0,0.0,100
cross_target_adapted_cp,matr,hust,hust,catboost,100,0.9,residual_mean,15.0,20.0,0.9014285714285714,0.08100894947956819,0.06304761904761903,0.05049116279891058,0.781353678672712,0.09821867732336083,0.9542250063751087,0.050970295628824276,1.0,0.0,1012.5116868391736,137.33840352235163,1012.5116868391738,137.33840352235165,1194.003993096104,107.8869208861423,253.1500635201195,23.43964873466705,17.30337713200898,1.6446463601296584,-0.22499005572766662,0.1595479252447642,506.2558434195869,68.66920176117583,1.0,1.0,0.0,880.1288683884596,84.82245867220196,0.8321428571428571,0.16538623796964053,0.9985714285714287,0.010050378152592111,0.8735714285714287,0.16239263138612411,0.888095238095238,0.11025749197976036,0.9147619047619048,0.11024087160439805,0.7006477755453854,0.1255905138304979,0.9555133669081858,0.06277751432734717,0.7360337085575815,0.13044013530485396,0.9652133528866645,0.05762259779705146,0.11142857142857145,0.1026950783519234,1509.11,38.68387678648978,89.0,15.0,20.0,42.0,21.0,0.0,21.0,0.0,100
cross_target_adapted_cp,matr,hust,hust,catboost,100,0.9,residual_mean,20.0,5.0,0.8459615384615384,0.14238314113239706,0.10680769230769231,0.10816421054917942,0.7360029086310369,0.1580315029519213,0.9083212326047984,0.10883612756778226,1.0,0.0,920.6211054081618,229.3515728435802,920.6211054081618,229.35157284358016,1296.894991473126,328.27353564766184,248.80604335388452,19.322944361797,16.978256896387297,1.2947423044134798,-0.21527807130800855,0.17206958147297924,inf,,0.0,1.0,0.0,878.042385805416,70.3753272869139,0.7516666666666667,0.2476293637339173,0.9894117647058823,0.049731023045031436,0.8023529411764706,0.22223410544579275,0.8265384615384616,0.17565803943254432,0.8653846153846153,0.16276589947283052,0.6602870650017322,0.18615856033456932,0.908719969876365,0.12228346375020628,0.7058087252180778,0.17625907768697893,0.930889370346342,0.11131091834900055,0.13038461538461538,0.13400572345639714,1508.9,28.2898061377792,89.0,20.0,5.0,52.0,26.0,0.0,26.0,0.0,100
cross_target_adapted_cp,matr,hust,hust,catboost,100,0.9,residual_mean,20.0,10.0,0.9129787234042552,0.1070084770588218,0.08451063829787234,0.06638352978549786,0.8086522958246108,0.12653431334805715,0.9548977851616375,0.07247956001180034,1.0,0.0,1085.0703280743423,218.14504524056395,1085.0703280743423,218.14504524056395,1259.8108024255175,190.03876306049517,249.78989736637922,24.48891897962817,17.021910075468533,1.6921800839862657,-0.232853857895085,0.19066320890864838,542.5351640371712,109.07252262028197,1.0,1.0,0.0,867.8275122210953,77.05679626461904,0.860625,0.21354374537051818,0.9986666666666666,0.009380352942419313,0.885,0.16683703413689646,0.9030434782608695,0.14855217069253435,0.9225,0.11345692904126552,0.7365582700616962,0.16123908508773951,0.9541642470656555,0.09548200165093902,0.7620710537781548,0.13263858687022487,0.966339053271487,0.06477333553979919,0.09083333333333334,0.12547897049749532,1506.02,37.362537278926766,89.0,20.0,10.0,47.0,23.0,0.0,24.0,0.0,100
cross_target_adapted_cp,matr,hust,hust,catboost,100,0.9,residual_mean,20.0,15.0,0.9347619047619048,0.0710362804585885,0.0695238095238095,0.037207058388012915,0.8252250532846319,0.0912545112836427,0.9714337123721418,0.039726577651989954,1.0,0.0,1110.277863376106,184.1545806978718,1110.277863376106,184.15458069787186,1231.08595063018,114.92688883086765,248.38113093021417,23.70747539245236,16.969744039266057,1.6863482785973376,-0.20729289772780832,0.16186813337714898,555.138931688053,92.07729034893593,1.0,1.0,0.0,878.9153154178821,70.31654757478181,0.8707142857142857,0.16297551456195075,1.0,0.0,0.9335714285714286,0.10366157692914392,0.9138095238095238,0.10865034304130053,0.9557142857142857,0.0691077179527626,0.7340647012218241,0.1272397498198549,0.9655721488298978,0.058354506309963056,0.7853853890705915,0.08841014318329976,0.9851007622521909,0.02951968988836704,0.07333333333333333,0.09653280609158722,1504.79,42.56908704350115,89.0,20.0,15.0,42.0,21.0,0.0,21.0,0.0,100
cross_target_adapted_cp,matr,hust,hust,catboost,100,0.9,residual_mean,20.0,20.0,0.91,0.06925866273853352,0.058486486486486494,0.03798093140852734,0.7811681899951395,0.08757366945523111,0.9617043928183544,0.03863248669378568,1.0,0.0,1015.3889208656402,126.08367847902353,1015.3889208656402,126.0836784790235,1185.7393424845911,97.53320120948337,247.11924685928017,26.010421350256344,16.891216067506488,1.8458681629656148,-0.21127280976644458,0.17348082293893202,507.6944604328201,63.04183923951176,1.0,1.0,0.0,876.2287734500534,74.25035029516575,0.8523076923076922,0.13641761727164858,1.0,0.0,0.8825,0.14559323669865495,0.8933333333333333,0.09852383469619065,0.9257894736842105,0.09195362317809787,0.686625534959196,0.11539974583859969,0.9616828091054336,0.04867702054994195,0.7354609821334769,0.1137154721481864,0.9729000786469796,0.040402914622650166,0.10304093567251461,0.08615086277254315,1497.96,45.01647734244912,89.0,20.0,20.0,37.0,18.0,0.0,19.0,0.0,100
cross_target_adapted_cp,matr,hust,hust,catboost,100,0.95,residual_mean,5.0,5.0,0.8450746268656717,0.13140323179968552,0.1192835820895522,0.1183851879785564,0.749642065452661,0.14875813755639358,0.9030830586450436,0.10074028161534612,1.0,0.0,1013.0797285032122,299.3570087350469,1013.0797285032122,299.357008735047,1754.3632526716685,640.7620598303708,266.46797624985055,38.33227280685553,18.231267591514044,2.8983993227817377,-0.4095221640721713,0.4439748441383119,inf,,0.0,1.0,0.0,873.5055533604442,149.41839206319537,0.7734782608695652,0.24331940046162293,0.9822727272727273,0.07962445244289147,0.7827272727272728,0.24985010950260889,0.8393939393939394,0.1729550799066792,0.8505882352941176,0.18628295318137758,0.6987587263905791,0.18969140415084243,0.9092519419442412,0.12239563131659033,0.7180090253199787,0.2010768270119211,0.9119878284736909,0.13741601706920534,0.17996434937611408,0.16652623208629128,1507.17,14.623251859606818,89.0,5.0,5.0,67.0,33.0,0.0,34.0,0.0,100
cross_target_adapted_cp,matr,hust,hust,catboost,100,0.95,residual_mean,5.0,10.0,0.8993548387096775,0.10019269003989512,0.07132258064516131,0.08655127071812792,0.8076044054191237,0.11751871477005903,0.9445052969928124,0.07203472956467935,1.0,0.0,1094.2658552158186,250.80640142907833,1094.2658552158186,250.80640142907833,1520.3217379936582,425.82494587174904,258.9969539927307,30.753950788873748,17.65910543435206,2.095323551746124,-0.32151374501600216,0.34749573222877256,inf,,0.0,1.0,0.0,880.7337298567675,123.9492931732097,0.8342857142857143,0.20151741184308106,0.996,0.016937198318160148,0.8723809523809524,0.17738567354767662,0.8864516129032257,0.1415023457114844,0.912258064516129,0.12405520132401161,0.7451403388408641,0.15766431940721035,0.9425461361516505,0.09654858293634463,0.7768232271269873,0.14407091529774774,0.9567855500353113,0.07896975146100108,0.12387096774193548,0.12587536022934964,1509.46,18.38665523984965,89.0,5.0,10.0,62.0,31.0,0.0,31.0,0.0,100
cross_target_adapted_cp,matr,hust,hust,catboost,100,0.95,residual_mean,5.0,15.0,0.9433333333333332,0.062531349882364,0.04547368421052633,0.04320092252212816,0.8567910274419646,0.08039065655024911,0.9738925389883941,0.037608557965363366,1.0,0.0,1215.820262617757,220.5014591375375,1215.820262617757,220.5014591375375,1434.5963934658066,245.02946531663142,260.4224268974278,30.795546239938737,17.742027330354976,2.148337905664273,-0.35593588422655853,0.3335709414197988,inf,,0.0,1.0,0.0,877.5582551919573,137.3419834950712,0.91,0.1340898123877126,0.9989473684210526,0.007405541796646826,0.9210526315789473,0.13640793184518912,0.9389285714285713,0.090989515548805,0.9475862068965517,0.09214713265152563,0.7968145551277621,0.10804011779577427,0.975135000902792,0.05436293393665012,0.8137901754991329,0.11238423549837626,0.9766741014300648,0.05226368494633845,0.08181034482758621,0.10596140306254616,1504.24,26.58134836324295,89.0,5.0,15.0,57.0,28.0,0.0,29.0,0.0,100
cross_target_adapted_cp,matr,hust,hust,catboost,100,0.95,residual_mean,5.0,20.0,0.9575,0.05702770524596537,0.04134615384615386,0.039776942918912435,0.869927983469125,0.07331401112610113,0.9821271204775408,0.033869102684490004,1.0,0.0,1289.266805783127,230.77653055899145,1289.2668057831268,230.7765305589915,1437.7107634104304,187.4945260115966,263.18519832885215,33.680644100740466,17.955372357770433,2.361876600481339,-0.37803123274947853,0.37689519855583026,644.6334028915634,115.38826527949576,1.0,1.0,0.0,889.2219653079192,133.26958609247626,0.9205555555555556,0.11257592247672885,1.0,0.0,0.9541176470588235,0.08910445358648585,0.945,0.07793717709927386,0.97,0.058260604268086914,0.7959732609423318,0.09649269700589702,0.9794579986029669,0.041123084754033076,0.829769357991797,0.07646277103235948,0.989225455460541,0.02581867420418148,0.052692307692307684,0.06127932033980916,1507.94,25.35398679625449,89.0,5.0,20.0,52.0,26.0,0.0,26.0,0.0,100
cross_target_adapted_cp,matr,hust,hust,catboost,100,0.95,residual_mean,10.0,5.0,0.8303225806451613,0.15848787241026369,0.13480645161290322,0.14570319544443697,0.7306735098993588,0.1740363693200021,0.8914269224672186,0.1257060757025764,1.0,0.0,939.1420058929417,268.11914272760305,939.1420058929417,268.119142727603,1792.7546991025683,853.7246963404999,254.27816511883387,20.898660422669494,17.355328244851943,1.4538734472697632,-0.25396669851503245,0.1815797305712228,inf,,0.0,1.0,0.0,873.9513821311821,91.91390506086424,0.7428571428571428,0.2561236101856714,0.9840000000000001,0.056800199174497856,0.7714285714285714,0.27106927097888806,0.8232258064516129,0.17878293501628187,0.8374193548387097,0.20318778834138376,0.6742493976524847,0.1922782539849222,0.9009274370240591,0.12803867024905946,0.6961333336318893,0.21356143061543012,0.9043007672380358,0.15130664780667402,0.16322580645161291,0.1389795581657614,1510.72,18.136452494655874,89.0,10.0,5.0,62.0,31.0,0.0,31.0,0.0,100
cross_target_adapted_cp,matr,hust,hust,catboost,100,0.95,residual_mean,10.0,10.0,0.9066666666666667,0.08250985163445565,0.06645614035087719,0.0651428581480095,0.8103180846762638,0.10123270298058072,0.9516623296433134,0.05415643410797022,1.0,0.0,1076.212876267883,210.2431821933268,1076.212876267883,210.2431821933268,1452.5241207981082,292.9200595408645,257.59834891830354,28.40362528302674,17.585055087151996,2.0064981294975928,-0.29744891210274865,0.28428373867452306,inf,,0.0,1.0,0.0,868.2435095735599,101.10216075163463,0.8557894736842105,0.16331644985777294,0.9963157894736843,0.018709296455518803,0.8678947368421052,0.1758360728617213,0.9021428571428572,0.11082187668920303,0.9110344827586206,0.12244874182850078,0.7510738055505369,0.13044103223939144,0.9561802221877902,0.0663144613802255,0.7687639663290591,0.1433509572321139,0.9571477579387403,0.07506285987757114,0.11433497536945814,0.11957339203637948,1507.97,24.980175978547315,89.0,10.0,10.0,57.0,28.0,0.0,29.0,0.0,100
cross_target_adapted_cp,matr,hust,hust,catboost,100,0.95,residual_mean,10.0,15.0,0.94,0.06258578477132003,0.04930769230769231,0.039524473049950666,0.846571611169336,0.08155373439133887,0.9728912210416651,0.035643604166456365,1.0,0.0,1182.275094584505,219.39800642191162,1182.275094584505,219.39800642191148,1379.2404531454165,175.24193969398172,252.14780034680126,21.253334165396975,17.211889768074982,1.5043670062441927,-0.24832263620002723,0.19905006797786787,inf,,0.0,1.0,0.0,889.8075166627261,98.14080850048644,0.8905555555555555,0.14483995751666084,1.0,0.0,0.9323529411764706,0.10621029296885234,0.9242307692307692,0.10027381674230366,0.9557692307692308,0.06944519155655732,0.7707471014063317,0.1192366915899463,0.9684928979700419,0.05726992860437851,0.8107343099806937,0.0899016186094271,0.9834627881707141,0.03220818674397314,0.07615384615384616,0.0960924434869681,1506.8,26.21742808426362,89.0,10.0,15.0,52.0,26.0,0.0,26.0,0.0,100
cross_target_adapted_cp,matr,hust,hust,catboost,100,0.95,residual_mean,10.0,20.0,0.9529787234042553,0.0595909682102358,0.045574468085106394,0.038236548558233364,0.8574033034418729,0.07796746238516514,0.9801021692112556,0.033126107300185545,1.0,0.0,1210.4521630626803,200.9864451703015,1210.4521630626803,200.9864451703014,1362.4116907169903,154.5851349832796,251.99415536700425,27.374359454847333,17.201288073820002,1.9495097828719585,-0.2571405990687194,0.2189934164140272,605.2260815313401,100.4932225851507,1.0,1.0,0.0,868.4632432587596,84.81049187194793,0.921875,0.11595256290153463,1.0,0.0,0.94,0.09397909718161113,0.9456521739130435,0.0806626524532415,0.96,0.06265273145440742,0.7834964729296575,0.09889446616965292,0.9802474106253968,0.041293208421086136,0.8069595548832771,0.08284813059527658,0.986102336815741,0.02587801188244778,0.051086956521739134,0.06421958269510558,1501.52,35.645697602596556,89.0,10.0,20.0,47.0,23.0,0.0,24.0,0.0,100
cross_target_adapted_cp,matr,hust,hust,catboost,100,0.95,residual_mean,15.0,5.0,0.8166666666666668,0.16601250133049736,0.15121052631578946,0.14973951659265516,0.7113417028072795,0.1832790001967823,0.8820037017858339,0.12931811350508698,1.0,0.0,917.4556107662913,272.1974922697872,917.4556107662913,272.1974922697872,1841.1977551458206,879.8656233549453,251.73648749649544,22.127432010961286,17.18899099445683,1.522203033456872,-0.23685605736181276,0.2037871780764451,inf,,0.0,1.0,0.0,873.0558700753044,85.71621144931098,0.7042105263157894,0.29883420670481636,0.9805263157894737,0.06718300840852379,0.7652631578947369,0.26410462346108904,0.7939285714285714,0.2132523786372245,0.8386206896551723,0.1932626104279816,0.6376979257205859,0.2237891458280429,0.8792381886920636,0.15346007159431024,0.6899735233608162,0.20646733976686024,0.9080510682759112,0.13796187975997576,0.165012315270936,0.17221708927557114,1502.96,24.138874301119625,89.0,15.0,5.0,57.0,28.0,0.0,29.0,0.0,100
cross_target_adapted_cp,matr,hust,hust,catboost,100,0.95,residual_mean,15.0,10.0,0.9186538461538462,0.07519697998468133,0.057115384615384596,0.05789623373605604,0.8189641846823221,0.09352259531916748,0.960743239147813,0.04737787237130633,1.0,0.0,1080.6452097530773,195.4247698765932,1080.6452097530773,195.4247698765932,1369.1414722457994,232.71786893125503,250.03959029602785,17.387055919639728,17.06393146538621,1.2340848285004367,-0.22566967166744553,0.15691453297918,inf,,0.0,1.0,0.0,885.7257749283569,81.55272840558256,0.855,0.15083733534302177,0.9994117647058823,0.005882352941176472,0.9052941176470588,0.13987691629028873,0.8996153846153847,0.10442584754516895,0.9376923076923077,0.09337955770223412,0.7388380362478166,0.12287902328565797,0.9575086177431644,0.06076092339448299,0.7882818121863463,0.11245544297610015,0.9744154854476641,0.052401058613887136,0.0873076923076923,0.10195843898441496,1508.15,31.45764348029477,89.0,15.0,10.0,52.0,26.0,0.0,26.0,0.0,100
cross_target_adapted_cp,matr,hust,hust,catboost,100,0.95,residual_mean,15.0,15.0,0.9353191489361703,0.07437868816623511,0.05608510638297872,0.050720621100428,0.8348320069943154,0.0946998217716901,0.9700229469973713,0.04363526180051057,1.0,0.0,1153.0778979548932,207.04216095420773,1153.0778979548932,207.04216095420767,1376.7638209757765,203.3549058325963,251.25310827925364,25.871262417056382,17.151567503304783,1.8028884570247736,-0.23905325196599478,0.24405513432415782,inf,,0.0,1.0,0.0,872.7258773088298,84.87305958971557,0.895,0.1341005389454291,1.0,0.0,0.915,0.14691696961071565,0.9269565217391305,0.09328733144029848,0.9433333333333332,0.09794464640714379,0.7595294102875347,0.11150646651186881,0.9721744859574052,0.0499319990830475,0.7885372603812725,0.1184763172334189,0.9757905048069118,0.05185200311693804,0.07684782608695652,0.09387618168792652,1498.06,39.63363024584864,89.0,15.0,15.0,47.0,23.0,0.0,24.0,0.0,100
cross_target_adapted_cp,matr,hust,hust,catboost,100,0.95,residual_mean,15.0,20.0,0.9442857142857143,0.06369196525166124,0.045047619047619045,0.045164847918293,0.8370347984669287,0.08190589200683003,0.9770754187924031,0.03579040626496892,1.0,0.0,1156.0158717943261,186.08419878136777,1156.015871794326,186.0841987813678,1356.430449320545,185.12297668667813,253.1500635201195,23.43964873466705,17.30337713200898,1.6446463601296584,-0.22499005572766662,0.1595479252447642,578.007935897163,93.0420993906839,1.0,1.0,0.0,880.1288683884596,84.82245867220196,0.8921428571428571,0.14588953330041554,0.9992857142857143,0.007142857142857143,0.9414285714285714,0.100185356970924,0.9280952380952381,0.09725968886694372,0.9604761904761905,0.06837467094967684,0.7509355719748244,0.11517422574148004,0.972854448964759,0.05109360532610677,0.7920254400750372,0.08705459816572671,0.9865117682103656,0.02967224873569268,0.07333333333333333,0.08757532840719824,1509.11,38.68387678648978,89.0,15.0,20.0,42.0,21.0,0.0,21.0,0.0,100
cross_target_adapted_cp,matr,hust,hust,catboost,100,0.95,residual_mean,20.0,5.0,0.8459615384615384,0.14238314113239706,0.12019230769230768,0.12889601141390108,0.7360029086310369,0.1580315029519213,0.9083212326047984,0.10883612756778226,1.0,0.0,920.6211054081618,229.3515728435802,920.6211054081618,229.35157284358016,1673.1688775380896,793.1913797258119,248.80604335388452,19.322944361797,16.978256896387297,1.2947423044134798,-0.21527807130800855,0.17206958147297924,inf,,0.0,1.0,0.0,878.042385805416,70.3753272869139,0.7516666666666667,0.2476293637339173,0.9894117647058823,0.049731023045031436,0.8023529411764706,0.22223410544579275,0.8265384615384616,0.17565803943254432,0.8653846153846153,0.16276589947283052,0.6602870650017322,0.18615856033456932,0.908719969876365,0.12228346375020628,0.7058087252180778,0.17625907768697893,0.930889370346342,0.11131091834900055,0.13038461538461538,0.13400572345639714,1508.9,28.2898061377792,89.0,20.0,5.0,52.0,26.0,0.0,26.0,0.0,100
cross_target_adapted_cp,matr,hust,hust,catboost,100,0.95,residual_mean,20.0,10.0,0.9129787234042552,0.1070084770588218,0.06946808510638298,0.08922260263783811,0.8086522958246108,0.12653431334805715,0.9548977851616375,0.07247956001180034,1.0,0.0,1085.0703280743423,218.14504524056395,1085.0703280743423,218.14504524056395,1434.5512767766925,440.07963700916105,249.78989736637922,24.48891897962817,17.021910075468533,1.6921800839862657,-0.232853857895085,0.19066320890864838,inf,,0.0,1.0,0.0,867.8275122210953,77.05679626461904,0.860625,0.21354374537051818,0.9986666666666666,0.009380352942419313,0.885,0.16683703413689646,0.9030434782608695,0.14855217069253435,0.9225,0.11345692904126552,0.7365582700616962,0.16123908508773951,0.9541642470656555,0.09548200165093902,0.7620710537781548,0.13263858687022487,0.966339053271487,0.06477333553979919,0.09083333333333334,0.12547897049749532,1506.02,37.362537278926766,89.0,20.0,10.0,47.0,23.0,0.0,24.0,0.0,100
cross_target_adapted_cp,matr,hust,hust,catboost,100,0.95,residual_mean,20.0,15.0,0.9347619047619048,0.0710362804585885,0.053380952380952376,0.04901417110444319,0.8252250532846319,0.0912545112836427,0.9714337123721418,0.039726577651989954,1.0,0.0,1110.277863376106,184.1545806978718,1110.277863376106,184.15458069787186,1351.8940378842535,203.1895373199966,248.38113093021417,23.70747539245236,16.969744039266057,1.6863482785973376,-0.20729289772780832,0.16186813337714898,inf,,0.0,1.0,0.0,878.9153154178821,70.31654757478181,0.8707142857142857,0.16297551456195075,1.0,0.0,0.9335714285714286,0.10366157692914392,0.9138095238095238,0.10865034304130053,0.9557142857142857,0.0691077179527626,0.7340647012218241,0.1272397498198549,0.9655721488298978,0.058354506309963056,0.7853853890705915,0.08841014318329976,0.9851007622521909,0.02951968988836704,0.07333333333333333,0.09653280609158722,1504.79,42.56908704350115,89.0,20.0,15.0,42.0,21.0,0.0,21.0,0.0,100
cross_target_adapted_cp,matr,hust,hust,catboost,100,0.95,residual_mean,20.0,20.0,0.9521621621621622,0.0457528340439317,0.03810810810810811,0.02512264153375604,0.8359910462298329,0.06353541025515146,0.9832744982968484,0.019899451923158038,1.0,0.0,1167.912588409904,176.59370989102595,1167.912588409904,176.59370989102595,1338.9540537271814,131.5536634197406,247.11924685928017,26.010421350256344,16.891216067506488,1.8458681629656148,-0.21127280976644458,0.17348082293893202,583.956294204952,88.29685494551298,1.0,1.0,0.0,876.2287734500534,74.25035029516575,0.9115384615384616,0.10102280118593278,1.0,0.0,0.9483333333333333,0.08356869120904561,0.9361111111111111,0.07296091196761813,0.9673684210526315,0.05278022602676565,0.7385522917310076,0.09180392405058138,0.9802641631994079,0.02980008740827795,0.7867664272526806,0.07022418808281294,0.9907670980539265,0.018224587989688037,0.062017543859649124,0.06939120019703299,1497.96,45.01647734244912,89.0,20.0,20.0,37.0,18.0,0.0,19.0,0.0,100
cross_target_adapted_cp,matr,luh,luh,catboost,100,0.9,residual_mean,5.0,5.0,0.8533333333333333,0.12790089314783326,0.1,0.09196414464405263,0.7778616879459012,0.14519753086494894,0.9016155633013415,0.10159737695504426,1.0,0.0,1403.1064935834875,489.180746157398,1403.1064935834875,489.180746157398,1931.1495254991044,414.79336647731975,348.3093807469193,41.64921744978272,67.53601397473776,4.749849641902376,-0.12761137959253108,0.2467507325873395,inf,,0.0,1.0,0.0,-24.072547546064825,200.58186335253592,0.83875,0.25614758362311274,0.99625,0.023199018178458437,0.725,0.24400967131851495,0.8904166666666667,0.17795376784564063,0.81625,0.16391831185978875,0.7948399265479733,0.1997893361699144,0.928133555537733,0.13175568060062634,0.6989872401312344,0.18104199916069902,0.8866444278549462,0.12402706907945465,0.17958333333333332,0.15690533167762793,473.45,32.62748887522654,89.0,5.0,5.0,96.0,48.0,0.0,48.0,0.0,100
cross_target_adapted_cp,matr,luh,luh,catboost,100,0.9,residual_mean,5.0,10.0,0.910989010989011,0.08747393309078022,0.06835164835164835,0.05526778347005355,0.8412077851136555,0.10401868616873838,0.9474768358327157,0.06454086013579949,1.0,0.0,1548.993953365416,409.79206065713004,1548.993953365416,409.7920606571301,1860.6252984099913,290.7553065448412,344.5398252285455,35.27520469983094,66.92233895199406,4.118026946693344,-0.08196406390484018,0.1931540164550148,774.496976682708,204.89603032856505,1.0,1.0,0.0,-21.494966492345778,186.13828718026105,0.9483870967741936,0.13161315878558624,1.0,0.0,0.7833333333333333,0.1993536131480852,0.9644444444444444,0.09066684271895939,0.8586956521739131,0.1300132259661425,0.8757728637113806,0.109491657213926,0.980057429021181,0.05855271322247882,0.741729452851228,0.14895701806101125,0.9203699475438991,0.09231943137374812,0.13079227053140097,0.11768881327283134,470.49,35.32432560995298,89.0,5.0,10.0,91.0,45.0,0.0,46.0,0.0,100
cross_target_adapted_cp,matr,luh,luh,catboost,100,0.9,residual_mean,5.0,15.0,0.945,0.05748646600606354,0.06611627906976741,0.03057173181152528,0.8799591558164274,0.07287158245683617,0.971986048599262,0.037672700849655155,1.0,0.0,1688.638518935482,370.84009836608703,1688.638518935482,370.84009836608703,1841.7134484044661,310.13001272212745,357.571803550478,48.17521084637765,68.36964102733539,5.159963594031975,-0.14872815687021376,0.2652108104127896,844.319259467741,185.42004918304352,1.0,1.0,0.0,25.841800668257303,186.69621504361538,0.9589655172413794,0.10801429091393942,1.0,0.0,0.8779310344827586,0.14608598932039288,0.9723255813953489,0.07284684736056382,0.9176744186046512,0.09852310907654403,0.8816175834980544,0.09097279328690357,0.9855629233151633,0.04360316781510042,0.8069651042837779,0.1171934477989835,0.9598769391610961,0.06512940754494174,0.09418604651162792,0.10423271338153461,468.15,38.533305808944775,89.0,5.0,15.0,86.0,43.0,0.0,43.0,0.0,100
cross_target_adapted_cp,matr,luh,luh,catboost,100,0.9,residual_mean,5.0,20.0,0.901358024691358,0.0767985274735835,0.06116049382716048,0.0460596002755702,0.8221488577953587,0.09219108342517854,0.9442217457254359,0.05492484754153527,1.0,0.0,1493.4244204346555,400.7548816160794,1493.4244204346555,400.75488161607944,1825.426764917322,324.2164405267937,355.73066235698786,54.982035418001196,67.98885450104417,6.163144368329817,-0.18213531963586352,0.3732468797466083,746.7122102173278,200.37744080803972,1.0,1.0,0.0,-6.557985496029642,208.51294307374843,0.9244444444444444,0.15110406884846972,1.0,0.0,0.7796296296296297,0.19323147937733967,0.9490000000000001,0.10199524647271702,0.8548780487804878,0.1272499986143456,0.8467991275175748,0.12347822205713287,0.9725166746072617,0.06419775899451717,0.7277376169061374,0.14534089576431072,0.921215400353205,0.08857503429251205,0.1541951219512195,0.12115585916878074,472.68,44.021087692334035,89.0,5.0,20.0,81.0,40.0,0.0,41.0,0.0,100
cross_target_adapted_cp,matr,luh,luh,catboost,100,0.9,residual_mean,10.0,5.0,0.8524175824175825,0.12507237612467792,0.09997802197802198,0.08850697547769884,0.7737357861459434,0.1419308032859296,0.9025507324035251,0.09883282139398296,1.0,0.0,1297.1105965567622,458.11046336684603,1297.1105965567622,458.1104633668461,1889.9299327878775,381.22244173375105,336.2247593877244,24.41581973061865,65.75520600295263,3.1484844628183017,-0.027379460591067842,0.13141424905720944,inf,,0.0,1.0,0.0,-17.989078441184198,140.67386053737397,0.8864516129032257,0.21429386761430164,0.9976666666666667,0.023333333333333324,0.672,0.25644202859356086,0.9202222222222223,0.1547709892376949,0.7860869565217391,0.16724480125667016,0.8241977784815084,0.17264180908428362,0.9501443667612064,0.11511616778155181,0.6613990110887487,0.18254778651153475,0.8666754197718497,0.12739784445201455,0.19116908212560385,0.15043233897047692,466.96,36.23908264720717,89.0,10.0,5.0,91.0,45.0,0.0,46.0,0.0,100
cross_target_adapted_cp,matr,luh,luh,catboost,100,0.9,residual_mean,10.0,10.0,0.9141860465116279,0.09431769105565622,0.06767441860465113,0.066880607928841,0.8426912123884094,0.10808172014851912,0.9502611832553548,0.07388421222178322,1.0,0.0,1494.6206291495587,420.4426413173419,1494.6206291495587,420.4426413173419,1810.4209482531517,352.3249727826031,343.23683941452,30.189445296550314,66.79314644776312,3.9168488598636504,-0.04900116039695185,0.16439132353741878,747.3103145747793,210.22132065867095,1.0,1.0,0.0,4.102841421658227,153.96169477456385,0.9555172413793103,0.13172151189753836,0.9953571428571429,0.04642857142857143,0.7944827586206897,0.18707564670327825,0.9672093023255814,0.11092168544761043,0.8611627906976744,0.1267088911726228,0.8775173123654352,0.11692493663314549,0.9802698063877674,0.09000380827074565,0.7390305814010252,0.14482972581439915,0.9240572211991359,0.08920166753212182,0.12930232558139537,0.12492279821459298,468.81,40.50581576898694,89.0,10.0,10.0,86.0,43.0,0.0,43.0,0.0,100
cross_target_adapted_cp,matr,luh,luh,catboost,100,0.9,residual_mean,10.0,15.0,0.935432098765432,0.0663758650909302,0.06350617283950614,0.040001231623788484,0.8659029308657571,0.08404619903818138,0.9655302031292731,0.04340554959745423,1.0,0.0,1660.3995701233746,430.9616544413163,1660.3995701233746,430.9616544413162,1879.8905905954975,285.3953780589535,336.72170808498726,25.522006329993445,65.72804785309808,3.600858661818995,-0.02901581309118539,0.11890593287441423,830.1997850616873,215.4808272206581,1.0,1.0,0.0,-21.270959318504662,137.50039044551875,0.9707407407407408,0.10817866211592211,1.0,0.0,0.8355555555555556,0.15769114630726505,0.9802500000000001,0.07302059692824744,0.8917073170731707,0.10384538903161356,0.8871511529277663,0.08642981879609063,0.9891882991222397,0.047961647720682614,0.7714836011695053,0.12645452430260395,0.9448178048225935,0.06452501266118855,0.10585975609756097,0.10651337018501417,472.61,42.157926989841535,89.0,10.0,15.0,81.0,40.0,0.0,41.0,0.0,100
cross_target_adapted_cp,matr,luh,luh,catboost,100,0.9,residual_mean,10.0,20.0,0.9006578947368421,0.06527912098338667,0.051657894736842104,0.03957660691610671,0.8167377793652473,0.07917283183670117,0.9460238347075572,0.04548907212645709,1.0,0.0,1383.4025276502975,295.4542199005637,1383.4025276502975,295.45421990056366,1711.5008205582249,251.78211817144003,345.29130000908293,31.74348351856749,67.15404083397313,4.516185312541436,-0.06706271205253957,0.18468786280831714,691.7012638251488,147.72710995028183,1.0,1.0,0.0,4.695817052419046,168.89271335927782,0.93,0.14713204729136012,1.0,0.0,0.7707999999999999,0.1562029242215188,0.9521052631578948,0.10066929551514113,0.8492105263157894,0.10276508172468339,0.8466286777010495,0.12156826929180253,0.9745663993455013,0.06261441955060856,0.711272183238591,0.11881908645096874,0.923026924584909,0.06871996458472372,0.15289473684210525,0.10689164293926566,475.59,48.110162936512474,89.0,10.0,20.0,76.0,38.0,0.0,38.0,0.0,100
cross_target_adapted_cp,matr,luh,luh,catboost,100,0.9,residual_mean,15.0,5.0,0.8473255813953489,0.13596215981219972,0.10876744186046512,0.09663578283168951,0.7661843065539125,0.1534381116444179,0.8987648247734102,0.10753331786201997,1.0,0.0,1313.677008106917,475.9504984829948,1313.677008106917,475.95049848299476,1921.9576489831263,364.22056100206504,329.41203676407423,20.503954846151856,64.82628191071049,3.4279437396600687,-0.00337110001228168,0.09878156066785844,inf,,0.0,1.0,0.0,-30.916756967858696,128.1034260776298,0.8696551724137932,0.23436491804024065,0.9982142857142857,0.017857142857142832,0.6793103448275862,0.24897247370955936,0.9109302325581394,0.16277576360238216,0.7837209302325582,0.16791166831574939,0.8108951047066155,0.18441552588695453,0.9435647453864203,0.11621222126407735,0.6535840017995871,0.1821402363592118,0.8673220633467082,0.1272886007474814,0.17046511627906977,0.14977151985250195,484.16,41.89012081890219,89.0,15.0,5.0,86.0,43.0,0.0,43.0,0.0,100
cross_target_adapted_cp,matr,luh,luh,catboost,100,0.9,residual_mean,15.0,10.0,0.9028395061728395,0.07316764696549022,0.057753086419753075,0.044637861824042314,0.8236729760340163,0.08840273953506915,0.9455264331595711,0.05175249834747742,1.0,0.0,1403.0607157925306,379.77235990610814,1403.0607157925306,379.7723599061082,1762.9580894628798,263.0612688985123,335.0396499314386,22.4229779427033,65.32385096141972,3.6297327850325156,-0.016804595095962358,0.11856517693546399,701.5303578962653,189.8861799530541,1.0,1.0,0.0,-9.28888565078923,133.09600245888905,0.9555555555555556,0.11473091077587472,1.0,0.0,0.752962962962963,0.17236225596331622,0.97,0.07744336477371544,0.8373170731707318,0.11350685148803752,0.8731797006734893,0.09612045424713031,0.9844559942010613,0.04594003186023939,0.7046456672981002,0.1298847401544175,0.9121942109628418,0.07848038940684701,0.14820731707317072,0.11007450256361069,474.2,43.13029355594768,89.0,15.0,10.0,81.0,40.0,0.0,41.0,0.0,100
cross_target_adapted_cp,matr,luh,luh,catboost,100,0.9,residual_mean,15.0,15.0,0.9332894736842106,0.06225921749080616,0.05971052631578946,0.03733942274749501,0.8584699968153531,0.07700172768181361,0.9664147306532003,0.04224690594948467,1.0,0.0,1627.4604369263513,389.82915703220016,1627.4604369263513,389.8291570322002,1849.092978711342,247.23003669038283,333.79326915665956,21.070799602501967,65.1839351027792,3.5026462896958472,-0.004094591248199423,0.09764766770185837,813.7302184631757,194.9145785161001,1.0,1.0,0.0,-21.022035306662218,120.80491300197102,0.9803846153846153,0.07817455170538211,1.0,0.0,0.8176000000000001,0.1490516824474117,0.9865789473684211,0.053487851166840385,0.88,0.09806031739961292,0.8907680724641949,0.06735901593240057,0.9930443241941709,0.03015918183506438,0.7485584951621963,0.11625403933411298,0.9416660049863598,0.06289122600931764,0.11026315789473685,0.09296101284443349,483.01,46.21720677431947,89.0,15.0,15.0,76.0,38.0,0.0,38.0,0.0,100
cross_target_adapted_cp,matr,luh,luh,catboost,100,0.9,residual_mean,15.0,20.0,0.9011267605633804,0.07540969581574859,0.06109859154929577,0.043785377625309055,0.8151110322787032,0.09201936282915735,0.945964458465876,0.05159125279864832,1.0,0.0,1395.664450207685,341.5602515523215,1395.664450207685,341.56025155232163,1795.0540376691852,272.7850318000978,335.2023495407866,26.85065675907965,65.50501474260177,4.305994620565854,-0.032494546377042785,0.1496909736647982,697.8322251038425,170.78012577616082,1.0,1.0,0.0,-25.866945977857853,140.49063736987873,0.9691666666666667,0.0871636553033209,1.0,0.0,0.7383333333333333,0.20335637668179785,0.9788571428571429,0.0597693636365629,0.8255555555555556,0.1355709177878652,0.8727674525903524,0.07654588539293765,0.9902279399035328,0.031676361554189576,0.683372772238846,0.15254693557015472,0.9049590984763143,0.0937181476425324,0.17061904761904764,0.12614456002155633,470.81,55.1696547757987,89.0,15.0,20.0,71.0,35.0,0.0,36.0,0.0,100
cross_target_adapted_cp,matr,luh,luh,catboost,100,0.9,residual_mean,20.0,5.0,0.8387654320987654,0.12501596799811876,0.10002469135802469,0.09649114554418291,0.7514496750250155,0.14009221137524494,0.8954038888202815,0.09946851810914133,1.0,0.0,1207.2649994513783,396.07148690575264,1207.2649994513783,396.0714869057526,1835.3079964790775,379.4274211834676,332.3256598534228,17.21955803104249,65.38200478594052,3.090186518579311,0.007350948242586304,0.08523730981207159,inf,,0.0,1.0,0.0,-15.611181396084135,110.1750764050355,0.8614814814814815,0.23890607129847372,0.9996296296296296,0.003703703703703713,0.6551851851851852,0.22695392696508931,0.90625,0.1621889018983417,0.7729268292682927,0.1494574640989612,0.7991999512496539,0.18482927219319728,0.9421074977775507,0.11274570472917658,0.6353071313738969,0.16284367827673696,0.8637845705595767,0.11156090123284125,0.1807621951219512,0.14009456725130767,468.55,41.856506922068554,89.0,20.0,5.0,81.0,40.0,0.0,41.0,0.0,100
cross_target_adapted_cp,matr,luh,luh,catboost,100,0.9,residual_mean,20.0,10.0,0.9128947368421052,0.08228332019923693,0.06752631578947367,0.04829737690042908,0.8342792719039045,0.09890531413777326,0.9517785096923059,0.05848572841637908,1.0,0.0,1509.3969006039808,399.99362073649706,1509.3969006039808,399.9936207364971,1818.602925000503,266.3692714938842,332.7498745228537,21.23844145675419,65.57430155868798,3.720223456905277,0.00391513961463365,0.09668393701738207,754.6984503019904,199.99681036824856,1.0,1.0,0.0,-17.66990512459112,118.295421283947,0.9534615384615384,0.11842598786430988,1.0,0.0,0.7836,0.18423480845503828,0.9681578947368421,0.0810283074861068,0.8576315789473683,0.12120711082568306,0.8670677479364691,0.10077090819847093,0.9832850122881024,0.04700631662360875,0.7240499457812594,0.13899902385295634,0.9255449958405465,0.0823607523195336,0.1268421052631579,0.10732822839664016,477.86,47.24661710940613,89.0,20.0,10.0,76.0,38.0,0.0,38.0,0.0,100
cross_target_adapted_cp,matr,luh,luh,catboost,100,0.9,residual_mean,20.0,15.0,0.9298591549295775,0.06844513623641392,0.061746478873239426,0.041643396987623905,0.8519629449348943,0.08622917474882368,0.9636277846130186,0.044604354137287985,1.0,0.0,1559.907742125897,396.95066095023725,1559.907742125897,396.95066095023725,1828.0713417589045,253.7319433080533,336.8184520116849,23.500110638483637,66.08519957171677,4.168016400621255,-0.014115710020984334,0.14046725574465446,779.9538710629485,198.47533047511862,1.0,1.0,0.0,-8.17806002960773,129.78550667292083,0.98,0.06918638922088015,1.0,0.0,0.8125,0.16994874450132244,0.9862857142857143,0.04744209546574638,0.875,0.11329916300088161,0.8825886145584488,0.06157800527957923,0.9937945346209025,0.02432335794231329,0.7411302228480493,0.1357145011525809,0.936555805706103,0.07045114659198244,0.11492063492063492,0.10443148538031706,463.59,51.14805109985259,89.0,20.0,15.0,71.0,35.0,0.0,36.0,0.0,100
cross_target_adapted_cp,matr,luh,luh,catboost,100,0.9,residual_mean,20.0,20.0,0.9190909090909091,0.05871001062588727,0.05212121212121212,0.03272534542953932,0.8318741666710346,0.07320551120269536,0.9602055082685245,0.03817839750446578,1.0,0.0,1463.9407379640998,311.00440806003996,1463.9407379640998,311.00440806003996,1745.2529806981713,220.6922976403906,328.54820344482084,21.94347037900306,64.92718671543534,3.8667704975019457,-0.001990178797559433,0.11319308730048946,731.9703689820499,155.50220403001998,1.0,1.0,0.0,-24.044110662510445,128.2395912731492,0.9727272727272727,0.07912620725258991,1.0,0.0,0.7845454545454545,0.1471293614559001,0.9818181818181819,0.052750804835059936,0.8563636363636364,0.09808624097060009,0.8713042504068623,0.06944601255294945,0.9918537519613202,0.025346302346658932,0.7070880502673355,0.11419080582322169,0.9313231514842261,0.06250524168505818,0.1339393939393939,0.09378968490645494,485.53,51.47254931838266,89.0,20.0,20.0,66.0,33.0,0.0,33.0,0.0,100
cross_target_adapted_cp,matr,luh,luh,catboost,100,0.95,residual_mean,5.0,5.0,0.8533333333333333,0.12790089314783326,0.11533333333333332,0.11118152756059373,0.7778616879459012,0.14519753086494894,0.9016155633013415,0.10159737695504426,1.0,0.0,1403.1064935834875,489.180746157398,1403.1064935834875,489.180746157398,2459.19255741472,912.9014346780012,348.3093807469193,41.64921744978272,67.53601397473776,4.749849641902376,-0.12761137959253108,0.2467507325873395,inf,,0.0,1.0,0.0,-24.072547546064825,200.58186335253592,0.83875,0.25614758362311274,0.99625,0.023199018178458437,0.725,0.24400967131851495,0.8904166666666667,0.17795376784564063,0.81625,0.16391831185978875,0.7948399265479733,0.1997893361699144,0.928133555537733,0.13175568060062634,0.6989872401312344,0.18104199916069902,0.8866444278549462,0.12402706907945465,0.17958333333333332,0.15690533167762793,473.45,32.62748887522654,89.0,5.0,5.0,96.0,48.0,0.0,48.0,0.0,100
cross_target_adapted_cp,matr,luh,luh,catboost,100,0.95,residual_mean,5.0,10.0,0.910989010989011,0.08747393309078022,0.06440659340659341,0.0707022499751981,0.8412077851136555,0.10401868616873838,0.9474768358327157,0.06454086013579949,1.0,0.0,1548.993953365416,409.79206065713004,1548.993953365416,409.7920606571301,2172.256643454566,541.5477361401521,344.5398252285455,35.27520469983094,66.92233895199406,4.118026946693344,-0.08196406390484018,0.1931540164550148,inf,,0.0,1.0,0.0,-21.494966492345778,186.13828718026105,0.9483870967741936,0.13161315878558624,1.0,0.0,0.7833333333333333,0.1993536131480852,0.9644444444444444,0.09066684271895939,0.8586956521739131,0.1300132259661425,0.8757728637113806,0.109491657213926,0.980057429021181,0.05855271322247882,0.741729452851228,0.14895701806101125,0.9203699475438991,0.09231943137374812,0.13079227053140097,0.11768881327283134,470.49,35.32432560995298,89.0,5.0,10.0,91.0,45.0,0.0,46.0,0.0,100
cross_target_adapted_cp,matr,luh,luh,catboost,100,0.95,residual_mean,5.0,15.0,0.945,0.05748646600606354,0.042581395348837224,0.0387098975451136,0.8799591558164274,0.07287158245683617,0.971986048599262,0.037672700849655155,1.0,0.0,1688.638518935482,370.84009836608703,1688.638518935482,370.84009836608703,1994.7883778734497,444.4000024366562,357.571803550478,48.17521084637765,68.36964102733539,5.159963594031975,-0.14872815687021376,0.2652108104127896,inf,,0.0,1.0,0.0,25.841800668257303,186.69621504361538,0.9589655172413794,0.10801429091393942,1.0,0.0,0.8779310344827586,0.14608598932039288,0.9723255813953489,0.07284684736056382,0.9176744186046512,0.09852310907654403,0.8816175834980544,0.09097279328690357,0.9855629233151633,0.04360316781510042,0.8069651042837779,0.1171934477989835,0.9598769391610961,0.06512940754494174,0.09418604651162792,0.10423271338153461,468.15,38.533305808944775,89.0,5.0,15.0,86.0,43.0,0.0,43.0,0.0,100
cross_target_adapted_cp,matr,luh,luh,catboost,100,0.95,residual_mean,5.0,20.0,0.9474074074074074,0.05216090889002673,0.040160493827160505,0.033142012825450456,0.8801428706116252,0.06788757821215809,0.9741564425718139,0.032230053909737405,1.0,0.0,1756.8249690091352,431.5551345580633,1756.8249690091352,431.5551345580633,2066.3316847069577,387.7230414003305,355.73066235698786,54.982035418001196,67.98885450104417,6.163144368329817,-0.18213531963586352,0.3732468797466083,878.4124845045676,215.77756727903164,1.0,1.0,0.0,-6.557985496029642,208.51294307374843,0.9696296296296296,0.08688028645037135,1.0,0.0,0.8725925925925925,0.1327918505634378,0.9795,0.05864419335400065,0.9160975609756098,0.08744829183445907,0.884839460567353,0.07504397814736072,0.9901314238844491,0.032642647156213477,0.8005930081580989,0.10901525855361573,0.9603099797762228,0.05186090553913191,0.08908536585365853,0.08625193442898782,472.68,44.021087692334035,89.0,5.0,20.0,81.0,40.0,0.0,41.0,0.0,100
cross_target_adapted_cp,matr,luh,luh,catboost,100,0.95,residual_mean,10.0,5.0,0.8524175824175825,0.12507237612467792,0.11347252747252747,0.11070473061623022,0.7737357861459434,0.1419308032859296,0.9025507324035251,0.09883282139398296,1.0,0.0,1297.1105965567622,458.11046336684603,1297.1105965567622,458.1104633668461,2482.749269018992,919.2040114820962,336.2247593877244,24.41581973061865,65.75520600295263,3.1484844628183017,-0.027379460591067842,0.13141424905720944,inf,,0.0,1.0,0.0,-17.989078441184198,140.67386053737397,0.8864516129032257,0.21429386761430164,0.9976666666666667,0.023333333333333324,0.672,0.25644202859356086,0.9202222222222223,0.1547709892376949,0.7860869565217391,0.16724480125667016,0.8241977784815084,0.17264180908428362,0.9501443667612064,0.11511616778155181,0.6613990110887487,0.18254778651153475,0.8666754197718497,0.12739784445201455,0.19116908212560385,0.15043233897047692,466.96,36.23908264720717,89.0,10.0,5.0,91.0,45.0,0.0,46.0,0.0,100
cross_target_adapted_cp,matr,luh,luh,catboost,100,0.95,residual_mean,10.0,10.0,0.9141860465116279,0.09431769105565622,0.061,0.08020496371246592,0.8426912123884094,0.10808172014851912,0.9502611832553548,0.07388421222178322,1.0,0.0,1494.6206291495587,420.4426413173419,1494.6206291495587,420.4426413173419,2126.2212673567437,706.0661172936499,343.23683941452,30.189445296550314,66.79314644776312,3.9168488598636504,-0.04900116039695185,0.16439132353741878,inf,,0.0,1.0,0.0,4.102841421658227,153.96169477456385,0.9555172413793103,0.13172151189753836,0.9953571428571429,0.04642857142857143,0.7944827586206897,0.18707564670327825,0.9672093023255814,0.11092168544761043,0.8611627906976744,0.1267088911726228,0.8775173123654352,0.11692493663314549,0.9802698063877674,0.09000380827074565,0.7390305814010252,0.14482972581439915,0.9240572211991359,0.08920166753212182,0.12930232558139537,0.12492279821459298,468.81,40.50581576898694,89.0,10.0,10.0,86.0,43.0,0.0,43.0,0.0,100
cross_target_adapted_cp,matr,luh,luh,catboost,100,0.95,residual_mean,10.0,15.0,0.935432098765432,0.0663758650909302,0.05154320987654321,0.044006647499530066,0.8659029308657571,0.08404619903818138,0.9655302031292731,0.04340554959745423,1.0,0.0,1660.3995701233746,430.9616544413163,1660.3995701233746,430.9616544413162,2099.3816110676203,341.20827921028734,336.72170808498726,25.522006329993445,65.72804785309808,3.600858661818995,-0.02901581309118539,0.11890593287441423,inf,,0.0,1.0,0.0,-21.270959318504662,137.50039044551875,0.9707407407407408,0.10817866211592211,1.0,0.0,0.8355555555555556,0.15769114630726505,0.9802500000000001,0.07302059692824744,0.8917073170731707,0.10384538903161356,0.8871511529277663,0.08642981879609063,0.9891882991222397,0.047961647720682614,0.7714836011695053,0.12645452430260395,0.9448178048225935,0.06452501266118855,0.10585975609756097,0.10651337018501417,472.61,42.157926989841535,89.0,10.0,15.0,81.0,40.0,0.0,41.0,0.0,100
cross_target_adapted_cp,matr,luh,luh,catboost,100,0.95,residual_mean,10.0,20.0,0.9505263157894737,0.05316450025018479,0.041000000000000016,0.03359708462420644,0.8813368161986425,0.06878655323026828,0.9763629429426655,0.033031709108528574,1.0,0.0,1713.8664579635433,390.4178455679312,1713.8664579635433,390.41784556793124,2005.0380989093171,368.1124252484639,345.29130000908293,31.74348351856749,67.15404083397313,4.516185312541436,-0.06706271205253957,0.18468786280831714,856.9332289817717,195.20892278396562,1.0,1.0,0.0,4.695817052419046,168.89271335927782,0.9773076923076922,0.0782891520039591,1.0,0.0,0.8732000000000001,0.13598039074317542,0.9844736842105263,0.05356626189744573,0.916578947368421,0.08946078338366803,0.8875595748087821,0.06830563993313167,0.9924288634000072,0.029439384127783352,0.7946925290538818,0.10879786435164414,0.9619732491560659,0.055088516713479245,0.08421052631578949,0.08906464339227889,475.59,48.110162936512474,89.0,10.0,20.0,76.0,38.0,0.0,38.0,0.0,100
cross_target_adapted_cp,matr,luh,luh,catboost,100,0.95,residual_mean,15.0,5.0,0.8473255813953489,0.13596215981219972,0.11888372093023253,0.12189393031588742,0.7661843065539125,0.1534381116444179,0.8987648247734102,0.10753331786201997,1.0,0.0,1313.677008106917,475.9504984829948,1313.677008106917,475.95049848299476,2530.2382898593346,931.2975858446023,329.41203676407423,20.503954846151856,64.82628191071049,3.4279437396600687,-0.00337110001228168,0.09878156066785844,inf,,0.0,1.0,0.0,-30.916756967858696,128.1034260776298,0.8696551724137932,0.23436491804024065,0.9982142857142857,0.017857142857142832,0.6793103448275862,0.24897247370955936,0.9109302325581394,0.16277576360238216,0.7837209302325582,0.16791166831574939,0.8108951047066155,0.18441552588695453,0.9435647453864203,0.11621222126407735,0.6535840017995871,0.1821402363592118,0.8673220633467082,0.1272886007474814,0.17046511627906977,0.14977151985250195,484.16,41.89012081890219,89.0,15.0,5.0,86.0,43.0,0.0,43.0,0.0,100
cross_target_adapted_cp,matr,luh,luh,catboost,100,0.95,residual_mean,15.0,10.0,0.9028395061728395,0.07316764696549022,0.06335802469135801,0.05954238285145418,0.8236729760340163,0.08840273953506915,0.9455264331595711,0.05175249834747742,1.0,0.0,1403.0607157925306,379.77235990610814,1403.0607157925306,379.7723599061082,2122.8554631332286,458.11671294694713,335.0396499314386,22.4229779427033,65.32385096141972,3.6297327850325156,-0.016804595095962358,0.11856517693546399,inf,,0.0,1.0,0.0,-9.28888565078923,133.09600245888905,0.9555555555555556,0.11473091077587472,1.0,0.0,0.752962962962963,0.17236225596331622,0.97,0.07744336477371544,0.8373170731707318,0.11350685148803752,0.8731797006734893,0.09612045424713031,0.9844559942010613,0.04594003186023939,0.7046456672981002,0.1298847401544175,0.9121942109628418,0.07848038940684701,0.14820731707317072,0.11007450256361069,474.2,43.13029355594768,89.0,15.0,10.0,81.0,40.0,0.0,41.0,0.0,100
cross_target_adapted_cp,matr,luh,luh,catboost,100,0.95,residual_mean,15.0,15.0,0.9332894736842106,0.06225921749080616,0.043921052631578944,0.047007745830955,0.8584699968153531,0.07700172768181361,0.9664147306532003,0.04224690594948467,1.0,0.0,1627.4604369263513,389.82915703220016,1627.4604369263513,389.8291570322002,2070.725520496332,320.576728520183,333.79326915665956,21.070799602501967,65.1839351027792,3.5026462896958472,-0.004094591248199423,0.09764766770185837,inf,,0.0,1.0,0.0,-21.022035306662218,120.80491300197102,0.9803846153846153,0.07817455170538211,1.0,0.0,0.8176000000000001,0.1490516824474117,0.9865789473684211,0.053487851166840385,0.88,0.09806031739961292,0.8907680724641949,0.06735901593240057,0.9930443241941709,0.03015918183506438,0.7485584951621963,0.11625403933411298,0.9416660049863598,0.06289122600931764,0.11026315789473685,0.09296101284443349,483.01,46.21720677431947,89.0,15.0,15.0,76.0,38.0,0.0,38.0,0.0,100
cross_target_adapted_cp,matr,luh,luh,catboost,100,0.95,residual_mean,15.0,20.0,0.9498591549295774,0.051868518640416555,0.04142253521126762,0.0309387339802372,0.8771439309911738,0.068524406882176,0.9763936804688633,0.030422843168866454,1.0,0.0,1714.9616267992355,383.4209404049098,1714.9616267992358,383.42094040490986,2082.0201209179404,360.76454960048454,335.2023495407866,26.85065675907965,65.50501474260177,4.305994620565854,-0.032494546377042785,0.1496909736647982,857.4808133996179,191.71047020245493,1.0,1.0,0.0,-25.866945977857853,140.49063736987873,0.9925,0.04076464710288954,1.0,0.0,0.8591666666666667,0.15061369036761035,0.9948571428571428,0.027952900870552796,0.9061111111111111,0.10040912691174021,0.8941277267767425,0.037492204563012825,0.9977028339627618,0.012928523787198394,0.7785327523124042,0.12205980731026105,0.9553761171292037,0.06067603512304199,0.09568253968253967,0.09968624158140972,470.81,55.1696547757987,89.0,15.0,20.0,71.0,35.0,0.0,36.0,0.0,100
cross_target_adapted_cp,matr,luh,luh,catboost,100,0.95,residual_mean,20.0,5.0,0.8387654320987654,0.12501596799811876,0.1226296296296296,0.1137417123855616,0.7514496750250155,0.14009221137524494,0.8954038888202815,0.09946851810914133,1.0,0.0,1207.2649994513783,396.07148690575264,1207.2649994513783,396.0714869057526,2463.350993506776,896.5266047298988,332.3256598534228,17.21955803104249,65.38200478594052,3.090186518579311,0.007350948242586304,0.08523730981207159,inf,,0.0,1.0,0.0,-15.611181396084135,110.1750764050355,0.8614814814814815,0.23890607129847372,0.9996296296296296,0.003703703703703713,0.6551851851851852,0.22695392696508931,0.90625,0.1621889018983417,0.7729268292682927,0.1494574640989612,0.7991999512496539,0.18482927219319728,0.9421074977775507,0.11274570472917658,0.6353071313738969,0.16284367827673696,0.8637845705595767,0.11156090123284125,0.1807621951219512,0.14009456725130767,468.55,41.856506922068554,89.0,20.0,5.0,81.0,40.0,0.0,41.0,0.0,100
cross_target_adapted_cp,matr,luh,luh,catboost,100,0.95,residual_mean,20.0,10.0,0.9128947368421052,0.08228332019923693,0.061736842105263146,0.06566060744285056,0.8342792719039045,0.09890531413777326,0.9517785096923059,0.05848572841637908,1.0,0.0,1509.3969006039808,399.99362073649706,1509.3969006039808,399.9936207364971,2127.808949397024,493.5837118199146,332.7498745228537,21.23844145675419,65.57430155868798,3.720223456905277,0.00391513961463365,0.09668393701738207,inf,,0.0,1.0,0.0,-17.66990512459112,118.295421283947,0.9534615384615384,0.11842598786430988,1.0,0.0,0.7836,0.18423480845503828,0.9681578947368421,0.0810283074861068,0.8576315789473683,0.12120711082568306,0.8670677479364691,0.10077090819847093,0.9832850122881024,0.04700631662360875,0.7240499457812594,0.13899902385295634,0.9255449958405465,0.0823607523195336,0.1268421052631579,0.10732822839664016,477.86,47.24661710940613,89.0,20.0,10.0,76.0,38.0,0.0,38.0,0.0,100
cross_target_adapted_cp,matr,luh,luh,catboost,100,0.95,residual_mean,20.0,15.0,0.9298591549295775,0.06844513623641392,0.05290140845070423,0.047619959440668144,0.8519629449348943,0.08622917474882368,0.9636277846130186,0.044604354137287985,1.0,0.0,1559.907742125897,396.95066095023725,1559.907742125897,396.95066095023725,2096.2349413919114,412.5043732378113,336.8184520116849,23.500110638483637,66.08519957171677,4.168016400621255,-0.014115710020984334,0.14046725574465446,inf,,0.0,1.0,0.0,-8.17806002960773,129.78550667292083,0.98,0.06918638922088015,1.0,0.0,0.8125,0.16994874450132244,0.9862857142857143,0.04744209546574638,0.875,0.11329916300088161,0.8825886145584488,0.06157800527957923,0.9937945346209025,0.02432335794231329,0.7411302228480493,0.1357145011525809,0.936555805706103,0.07045114659198244,0.11492063492063492,0.10443148538031706,463.59,51.14805109985259,89.0,20.0,15.0,71.0,35.0,0.0,36.0,0.0,100
cross_target_adapted_cp,matr,luh,luh,catboost,100,0.95,residual_mean,20.0,20.0,0.9613636363636364,0.04166840578500399,0.036878787878787914,0.022201572340656794,0.8880738482514549,0.056579546719225646,0.9839010650496867,0.022575402089550008,1.0,0.0,1803.4963465195144,358.96164101924717,1803.4963465195144,358.96164101924717,2037.424449659205,236.5702067300098,328.54820344482084,21.94347037900306,64.92718671543534,3.8667704975019457,-0.001990178797559433,0.11319308730048946,901.7481732597572,179.48082050962358,1.0,1.0,0.0,-24.044110662510445,128.2395912731492,0.9945454545454545,0.0389142226047019,1.0,0.0,0.8895454545454545,0.12004517473417946,0.9963636363636365,0.025942815069801256,0.9263636363636364,0.08003011648945298,0.890866507298007,0.033473896101295926,0.9983490951416679,0.01318392664146425,0.7944710924600041,0.10030248581781555,0.9693423096356141,0.04402277266388303,0.07484848484848483,0.0806305441849094,485.53,51.47254931838266,89.0,20.0,20.0,66.0,33.0,0.0,33.0,0.0,100
cross_target_adapted_cp,matr,sandia,sandia,catboost,100,0.9,residual_mean,5.0,5.0,0.85425,0.15159318066536642,0.11674999999999999,0.10642580523633363,0.7296069867376748,0.17244161109749923,0.9168131088140475,0.10552169677044189,1.0,0.0,3617.230009130163,1887.5949002631146,3617.230009130163,1887.5949002631146,6129.100251011726,2343.377803977758,835.0521350234611,227.59026209835164,97.82088523452525,25.882701657546065,-0.13933055450642085,0.3285428301112053,inf,,0.0,1.0,0.0,152.0024599462736,428.87068988791026,0.9,0.18401001409775694,0.9844871794871795,0.06118170676927252,0.6744230769230769,0.2947666206023589,0.927,0.13751400296006588,0.7815000000000001,0.21029740844813088,0.7513259160046778,0.1550364362825956,0.9650731990182146,0.07734000449798473,0.5891208204081885,0.21402573536493566,0.8831657156080743,0.1433586164998261,0.1655,0.16752732326520367,281.42,10.419658964154872,89.0,5.0,5.0,40.0,20.0,0.0,20.0,0.0,100
cross_target_adapted_cp,matr,sandia,sandia,catboost,100,0.9,residual_mean,5.0,10.0,0.9097142857142857,0.0918640422993333,0.07028571428571427,0.059534371357332735,0.7788071714641522,0.11074813168985984,0.9595791011111647,0.0562005830872821,1.0,0.0,4549.810436101496,1377.0154532334282,4549.810436101496,1377.015453233428,5610.990660936061,1758.8764291621314,805.7476104975614,202.34264491821463,94.02959693913517,25.444939514096077,-0.11938705161110173,0.23657752820725733,2274.905218050748,688.507726616714,1.0,1.0,0.0,91.35465797481739,418.1566425283323,0.9801923076923077,0.08848178227052948,0.9981818181818182,0.01818181818181818,0.754469696969697,0.21844421597991415,0.9847058823529412,0.07173752443950375,0.8388888888888889,0.14311744762934095,0.7975875114539305,0.07815407581056412,0.9931440847257239,0.04013168131335999,0.6283844232372124,0.15597302513682987,0.9301863251800531,0.08218171924136067,0.1520261437908497,0.1285499390463339,278.76,11.141985387884798,89.0,5.0,10.0,35.0,17.0,0.0,18.0,0.0,100
cross_target_adapted_cp,matr,sandia,sandia,catboost,100,0.9,residual_mean,5.0,15.0,0.92,0.08095945417985406,0.06599999999999999,0.05058135649762956,0.7767377919043125,0.09998182438748382,0.9679109578295538,0.04469739527916353,1.0,0.0,4599.877331592933,1270.293386894985,4599.877331592933,1270.293386894985,5476.028913561525,2018.5600446388323,872.8954253278181,248.47776811368527,96.69788390424986,27.204043217105536,-0.25733051961076153,0.6209965031776042,2299.9386657964665,635.1466934474925,1.0,1.0,0.0,169.7727428744123,492.01719537454085,0.988,0.05371078555419277,1.0,0.0,0.7708888888888888,0.24000031175936862,0.992,0.03580719036946186,0.848,0.15998877626177993,0.7858491034496176,0.045013360635909,0.9975297283311074,0.012190669951831072,0.6174083196505729,0.16515000757069503,0.9366889028284766,0.09293873840641209,0.15466666666666665,0.15595331541234783,285.1,17.084164798686732,89.0,5.0,15.0,30.0,15.0,0.0,15.0,0.0,100
cross_target_adapted_cp,matr,sandia,sandia,catboost,100,0.9,residual_mean,5.0,20.0,0.9144,0.0767038118184145,0.066,0.04114522199392406,0.7501280329325468,0.09602257870732513,0.9682822294891699,0.037974278489107366,1.0,0.0,4504.406037442625,1093.8136503435353,4504.406037442625,1093.8136503435355,5212.844525661183,1080.2394265903688,872.6209402542887,291.1643465697444,99.79789206537654,26.977953354854133,-0.8422346378714713,6.131321012832787,2252.2030187213127,546.9068251717678,1.0,1.0,0.0,212.6999973778813,493.48062682430395,0.9790000000000001,0.07510884980557946,1.0,0.0,0.7544642857142857,0.2352970721720691,0.9841666666666667,0.05642625770793734,0.85,0.1435460306422829,0.7384329143630943,0.06525781505540898,0.9950853891924143,0.020952328788980047,0.5969917051497554,0.15234821845178217,0.9433415342023059,0.07163423390437157,0.1560897435897436,0.13802815892977016,277.67,20.789009819924782,89.0,5.0,20.0,25.0,12.0,0.0,13.0,0.0,100
cross_target_adapted_cp,matr,sandia,sandia,catboost,100,0.9,residual_mean,10.0,5.0,0.8271428571428571,0.16220369652748984,0.13314285714285712,0.11732748622075685,0.6877429276246722,0.18141561504298745,0.9018332802545036,0.11250870472026522,1.0,0.0,3285.560626698573,1705.7621568406776,3285.560626698573,1705.7621568406778,6160.355840782286,2316.4307437276307,851.8670624400299,131.51900298799677,104.49355831421562,18.519247336199914,-0.11572294609560817,0.34598733978513274,inf,,0.0,1.0,0.0,199.18354310894674,309.3630778777338,0.8728846153846154,0.2282573860731501,0.9799090909090908,0.06545728746424757,0.6398484848484849,0.27347324263330547,0.9017647058823529,0.18088265486016478,0.7566666666666667,0.19160260970272142,0.705878833512838,0.1911622681448278,0.9495455356506377,0.10598977972069817,0.5464973013410064,0.19767638633195175,0.8765513638537094,0.12111313650856413,0.17647058823529413,0.15390103598039973,278.53,13.988057677024264,89.0,10.0,5.0,35.0,17.0,0.0,18.0,0.0,100
cross_target_adapted_cp,matr,sandia,sandia,catboost,100,0.9,residual_mean,10.0,10.0,0.9096666666666667,0.10393978659210616,0.07833333333333332,0.06855490889140518,0.7663150925844225,0.12272604602439695,0.9600129339417058,0.06330710037357833,1.0,0.0,4290.074062468178,1297.3292491129178,4290.0740624681775,1297.3292491129178,5400.373763785572,1533.177571958804,844.6370951757351,153.1852736673582,104.68951061276326,17.75764784592554,-0.08656165376538998,0.332916663872883,2145.0370312340888,648.6646245564589,1.0,1.0,0.0,192.23540230332955,299.26328068222097,0.975,0.11135075167680686,0.9990000000000001,0.009999999999999997,0.7515555555555555,0.24212510537777013,0.9826666666666667,0.07849310305901974,0.8366666666666667,0.1603517457945159,0.7764985156676429,0.08539181423396293,0.9920194710657513,0.04047469818283594,0.6051228273091852,0.16869871772664957,0.9309290833266769,0.08933573534213486,0.14866666666666667,0.14049934996314875,278.49,19.203584997798625,89.0,10.0,10.0,30.0,15.0,0.0,15.0,0.0,100
cross_target_adapted_cp,matr,sandia,sandia,catboost,100,0.9,residual_mean,10.0,15.0,0.9388,0.07679541232088899,0.07559999999999999,0.04055972027875572,0.7833917665767816,0.09757839812803419,0.9773187139991095,0.036679722736896625,1.0,0.0,4805.821336089032,903.8817495432676,4805.821336089032,903.8817495432676,5294.526266517969,913.1483121125617,837.1710452932732,143.16362584001814,102.14413193776149,18.042411573951757,-0.06827912084348889,0.21411169069763894,2402.910668044516,451.9408747716338,1.0,1.0,0.0,148.18653210879756,295.29143286542705,0.9977777777777778,0.015633921570698858,1.0,0.0,0.8107142857142857,0.23383636914857872,0.9983333333333333,0.011725441178024156,0.8838461538461538,0.14359598721024366,0.7552782752550418,0.015672586453321882,0.9997026981119016,0.002091597480607576,0.6366006013944987,0.15356574712295243,0.9559846435212783,0.07073248682874908,0.11448717948717947,0.1399799355293201,281.23,21.08130245339014,89.0,10.0,15.0,25.0,12.0,0.0,13.0,0.0,100
cross_target_adapted_cp,matr,sandia,sandia,catboost,100,0.9,residual_mean,10.0,20.0,0.899,0.0989796428411908,0.07999999999999999,0.0577350269189626,0.707481975485235,0.11785719492380024,0.9619401483886152,0.0495323918713864,1.0,0.0,4320.266186183001,1076.3278779933594,4320.266186183001,1076.3278779933596,5317.9126511347295,1477.3656733111395,858.9071772415938,184.44905867307975,103.80093049510471,19.212890358992603,-0.12315429842651454,0.3695488578502645,2160.1330930915005,538.1639389966798,1.0,1.0,0.0,186.51712180687926,326.5736275098856,0.9866071428571429,0.05756377934997821,0.9983333333333333,0.016666666666666666,0.7252380952380952,0.25528204556523443,0.99,0.04380858271151806,0.8079999999999999,0.1818424226264781,0.7107656982303713,0.05009159132988029,0.9972521579039973,0.013576682060513675,0.518056297905241,0.1722954057345116,0.9269834973792193,0.09412426501088424,0.182,0.17545323702866922,283.52,23.257226529803283,89.0,10.0,20.0,20.0,10.0,0.0,10.0,0.0,100
cross_target_adapted_cp,matr,sandia,sandia,catboost,100,0.9,residual_mean,15.0,5.0,0.826,0.1443729426758349,0.12,0.10876306892846718,0.6692341682605764,0.16095258153608952,0.9087550993899961,0.09700457469428367,1.0,0.0,3423.6756047160584,1744.0260489286038,3423.6756047160584,1744.0260489286038,6193.867776242279,1666.3354847170622,816.3768026909144,87.71089046134591,100.9446260649053,15.526391051098818,-0.013335909697240599,0.12037529216678533,inf,,0.0,1.0,0.0,112.70050584062916,218.96397165317543,0.8848181818181818,0.2090092666095816,0.987,0.07608474807008886,0.6036666666666667,0.2521193617913914,0.9186666666666666,0.15557864186550094,0.7333333333333333,0.1729132438507528,0.7037587991178518,0.16346423258256024,0.9628562501481313,0.08771530070706052,0.49720238639670084,0.1776734318944608,0.8743187397865699,0.09958927661316641,0.19733333333333333,0.14210854042422622,284.09,17.419421994608857,89.0,15.0,5.0,30.0,15.0,0.0,15.0,0.0,100
cross_target_adapted_cp,matr,sandia,sandia,catboost,100,0.9,residual_mean,15.0,10.0,0.9084,0.0872094888730289,0.06999999999999999,0.05222329678670935,0.7436332302168431,0.10634205053812879,0.9643753392161422,0.04606105032029264,1.0,0.0,4449.34436689201,1097.6345079512655,4449.34436689201,1097.6345079512655,5389.313351153281,1237.7486451174768,825.17775730017,116.1251956534822,103.17467367764294,16.472535604126033,-0.10247231847784662,0.3463075682373903,2224.672183446005,548.8172539756328,1.0,1.0,0.0,149.76507784057787,252.77910806619906,0.9925555555555556,0.0400166756610786,1.0,0.0,0.7205357142857143,0.2572562555595705,0.9941666666666668,0.03190324528137735,0.8292307692307692,0.1571441379081494,0.7503247934162812,0.03838832435115341,0.9983436300061226,0.010192060122606645,0.5755391107764626,0.16008861427562104,0.9327303978887731,0.08550648757114569,0.1649358974358974,0.15143653574783866,275.61,23.354922912363122,89.0,15.0,10.0,25.0,12.0,0.0,13.0,0.0,100
cross_target_adapted_cp,matr,sandia,sandia,catboost,100,0.9,residual_mean,15.0,15.0,0.9375,0.07732098908792716,0.06849999999999998,0.051568822309060305,0.75463088449515,0.09524929976496294,0.9793846022086332,0.036397445804419774,1.0,0.0,4736.689905115501,871.542594671401,4736.689905115501,871.5425946714008,5289.035034803875,1271.659442452503,841.9495535162631,126.02506962653291,105.39985690396516,13.288103556086929,-0.036119516616640326,0.16245588941011332,2368.3449525577503,435.7712973357004,1.0,1.0,0.0,167.64272581900738,228.9261684997816,1.0,0.0,0.9966666666666667,0.02345088235604829,0.8242857142857143,0.20890798914417372,1.0,0.0,0.875,0.15464197817585434,0.7224672001371109,0.0,1.0,0.0,0.5849968164531377,0.14965238639098788,0.9568535836496953,0.07966789378225679,0.125,0.1546419781758543,284.83,24.886025042666848,89.0,15.0,15.0,20.0,10.0,0.0,10.0,0.0,100
cross_target_adapted_cp,matr,sandia,sandia,catboost,100,0.9,residual_mean,15.0,20.0,0.9179999999999999,0.09563069631955744,0.08266666666666665,0.05069217858503392,0.6924516023586073,0.1135608666304504,0.9731019579754235,0.0403155176110685,1.0,0.0,4434.157044484016,951.3194288000897,4434.157044484016,951.3194288000893,5214.563372292477,969.9852022488011,818.8113518014011,173.36718165995407,105.363430928153,15.58074302925617,-2.9258867994188495,17.74020143789595,2217.078522242008,475.65971440004466,1.0,1.0,0.0,177.1914472550995,252.89856359267384,0.99,0.05945883900105633,0.998,0.019999999999999993,0.763,0.2631030830743576,0.9928571428571429,0.0424705992864688,0.8525,0.16702612751521026,0.6383468887292225,0.043145104465888866,0.9980988252764714,0.011814175487424475,0.5247809197895508,0.15823523076946197,0.9515117469673139,0.07110879298795507,0.14107142857142857,0.1619123215703924,275.48,33.589765155956705,89.0,15.0,20.0,15.0,7.0,0.0,8.0,0.0,100
cross_target_adapted_cp,matr,sandia,sandia,catboost,100,0.9,residual_mean,20.0,5.0,0.8208,0.16965609897434256,0.132,0.13236008431242371,0.6488014216557125,0.18075028643919053,0.9073424301417939,0.11594185137860825,1.0,0.0,3343.95134430908,1688.2701383830465,3343.95134430908,1688.2701383830465,6181.667434757887,2088.5397459085984,824.6682641336864,78.93041614407876,104.32273626502013,12.356488488175088,-0.01985064799626939,0.15884289612308852,inf,,0.0,1.0,0.0,149.68534607398394,190.32077064488075,0.8855555555555555,0.23234787357732528,0.9718055555555556,0.11134681439177507,0.5926785714285715,0.28942947766553423,0.9041666666666667,0.20425297083341554,0.7438461538461538,0.18620623817235982,0.6603276717158048,0.1909258081176919,0.9519896729045424,0.12243090162951467,0.4916070547317015,0.18376734281317034,0.8848448944432512,0.10625219225043281,0.1925,0.1602459333534653,277.04,20.33155481541245,89.0,20.0,5.0,25.0,12.0,0.0,13.0,0.0,100
cross_target_adapted_cp,matr,sandia,sandia,catboost,100,0.9,residual_mean,20.0,10.0,0.8905,0.11162142910007661,0.08249999999999998,0.07533594792995608,0.6983600945105735,0.12866404349687227,0.9568011570501747,0.06014489299433271,1.0,0.0,4156.265256007107,1311.348207860016,4156.265256007107,1311.348207860016,5614.497941394766,1557.9497328095702,833.3641449920963,94.07586470100891,105.22335047343581,10.628582545073286,-0.01490829101972477,0.19444618738414235,2078.1326280035537,655.674103930008,1.0,1.0,0.0,167.95651460067532,174.88329994814487,0.9714285714285714,0.10353472504849694,1.0,0.0,0.7145238095238095,0.2611821550126855,0.98,0.07247430753394786,0.8009999999999999,0.18284784202536633,0.7002467823362976,0.07801529251609943,0.9933217297953288,0.027400057233027506,0.5108530366469978,0.1719738498656671,0.9240722178355429,0.09565809736415418,0.179,0.16593475655914722,286.16,20.505096681044687,89.0,20.0,10.0,20.0,10.0,0.0,10.0,0.0,100
cross_target_adapted_cp,matr,sandia,sandia,catboost,100,0.9,residual_mean,20.0,15.0,0.9253333333333333,0.10690209708603331,0.09,0.06240593370158985,0.7033039051073691,0.12206963066183771,0.9739260334781359,0.05037055790903117,1.0,0.0,4672.96581176352,1094.069790389313,4672.96581176352,1094.0697903893126,5568.879271248234,1900.6544255446213,830.3102629263891,152.93663278936071,104.65716204140224,13.321921322423991,-0.8201645420046666,7.197984504947407,2336.48290588176,547.0348951946563,1.0,1.0,0.0,147.66371107866087,190.24470764156183,0.996,0.04,0.99,0.07177405625652734,0.7895,0.28053835330800614,0.9971428571428571,0.028571428571428567,0.8625,0.19744261408972955,0.6428022138023058,0.02867351131006933,0.9991778107599595,0.008221892400405665,0.5405679859233224,0.16978449088304196,0.9492365295358646,0.10480246952693452,0.13535714285714287,0.19737212707229523,289.42,137.3846756043377,89.0,20.0,15.0,15.0,7.0,0.0,8.0,0.0,100
cross_target_adapted_cp,matr,sandia,sandia,catboost,100,0.9,residual_mean,20.0,20.0,0.914,0.10349449797506684,0.07799999999999999,0.06901910144037203,0.6219984444489529,0.1130440095189857,0.9762043972645749,0.03852034345966118,1.0,0.0,4631.54716788064,871.0177682490073,4631.54716788064,871.0177682490072,5309.67133086996,1064.5626484149534,803.6400863612662,204.86279819477534,100.72887866681691,16.543944984618964,-4.848897657803832,17.244915058432756,2315.77358394032,435.5088841245036,1.0,1.0,0.0,111.98665297390187,212.65239575087728,0.9975,0.025,0.99,0.05714886933258843,0.7266666666666667,0.30843000577505714,0.998,0.019999999999999993,0.83,0.2017599333541491,0.5636177061622825,0.01899829054543001,0.9996377589136758,0.0036224108632430326,0.4221574476282937,0.15400334908328195,0.951084125614811,0.08000785722825932,0.16799999999999998,0.19841798549954331,312.62,220.2925410366035,89.0,20.0,20.0,10.0,5.0,0.0,5.0,0.0,100
cross_target_adapted_cp,matr,sandia,sandia,catboost,100,0.95,residual_mean,5.0,5.0,0.85425,0.15159318066536642,0.12124999999999998,0.13187531416018877,0.7296069867376748,0.17244161109749923,0.9168131088140475,0.10552169677044189,1.0,0.0,3617.230009130163,1887.5949002631146,3617.230009130163,1887.5949002631146,8640.970492893282,5999.077156751587,835.0521350234611,227.59026209835164,97.82088523452525,25.882701657546065,-0.13933055450642085,0.3285428301112053,inf,,0.0,1.0,0.0,152.0024599462736,428.87068988791026,0.9,0.18401001409775694,0.9844871794871795,0.06118170676927252,0.6744230769230769,0.2947666206023589,0.927,0.13751400296006588,0.7815000000000001,0.21029740844813088,0.7513259160046778,0.1550364362825956,0.9650731990182146,0.07734000449798473,0.5891208204081885,0.21402573536493566,0.8831657156080743,0.1433586164998261,0.1655,0.16752732326520367,281.42,10.419658964154872,89.0,5.0,5.0,40.0,20.0,0.0,20.0,0.0,100
cross_target_adapted_cp,matr,sandia,sandia,catboost,100,0.95,residual_mean,5.0,10.0,0.9097142857142857,0.0918640422993333,0.06699999999999999,0.07445798096715497,0.7788071714641522,0.11074813168985984,0.9595791011111647,0.0562005830872821,1.0,0.0,4549.810436101496,1377.0154532334282,4549.810436101496,1377.015453233428,6672.170885770626,4192.498727414921,805.7476104975614,202.34264491821463,94.02959693913517,25.444939514096077,-0.11938705161110173,0.23657752820725733,inf,,0.0,1.0,0.0,91.35465797481739,418.1566425283323,0.9801923076923077,0.08848178227052948,0.9981818181818182,0.01818181818181818,0.754469696969697,0.21844421597991415,0.9847058823529412,0.07173752443950375,0.8388888888888889,0.14311744762934095,0.7975875114539305,0.07815407581056412,0.9931440847257239,0.04013168131335999,0.6283844232372124,0.15597302513682987,0.9301863251800531,0.08218171924136067,0.1520261437908497,0.1285499390463339,278.76,11.141985387884798,89.0,5.0,10.0,35.0,17.0,0.0,18.0,0.0,100
cross_target_adapted_cp,matr,sandia,sandia,catboost,100,0.95,residual_mean,5.0,15.0,0.92,0.08095945417985406,0.05899999999999998,0.06282803923431941,0.7767377919043125,0.09998182438748382,0.9679109578295538,0.04469739527916353,1.0,0.0,4599.877331592933,1270.293386894985,4599.877331592933,1270.293386894985,6352.180495530114,4492.533682562194,872.8954253278181,248.47776811368527,96.69788390424986,27.204043217105536,-0.25733051961076153,0.6209965031776042,inf,,0.0,1.0,0.0,169.7727428744123,492.01719537454085,0.988,0.05371078555419277,1.0,0.0,0.7708888888888888,0.24000031175936862,0.992,0.03580719036946186,0.848,0.15998877626177993,0.7858491034496176,0.045013360635909,0.9975297283311074,0.012190669951831072,0.6174083196505729,0.16515000757069503,0.9366889028284766,0.09293873840641209,0.15466666666666665,0.15595331541234783,285.1,17.084164798686732,89.0,5.0,15.0,30.0,15.0,0.0,15.0,0.0,100
cross_target_adapted_cp,matr,sandia,sandia,catboost,100,0.95,residual_mean,5.0,20.0,0.9584,0.05654568189892258,0.047200000000000006,0.03191149376546691,0.8081949236306091,0.07576208902483325,0.9864944207084715,0.023008252377058957,1.0,0.0,4977.951409885081,864.8283926681805,4977.951409885081,864.8283926681805,5334.859722418965,974.3370552246331,872.6209402542887,291.1643465697444,99.79789206537654,26.977953354854133,-0.8422346378714713,6.131321012832787,2488.9757049425407,432.41419633409026,1.0,1.0,0.0,212.6999973778813,493.48062682430395,0.9911111111111112,0.0516107912629218,1.0,0.0,0.8792857142857143,0.1748921097463684,0.9933333333333333,0.03870809344719135,0.9261538461538461,0.10708006675805692,0.7495540676543448,0.04441988880089222,0.997851845779151,0.014655425978691503,0.6825365002494445,0.12210306159570114,0.9753637516209774,0.044872029342079296,0.0805128205128205,0.10940702080152548,277.67,20.789009819924782,89.0,5.0,20.0,25.0,12.0,0.0,13.0,0.0,100
cross_target_adapted_cp,matr,sandia,sandia,catboost,100,0.95,residual_mean,10.0,5.0,0.8271428571428571,0.16220369652748984,0.1444285714285714,0.14312953828236108,0.6877429276246722,0.18141561504298745,0.9018332802545036,0.11250870472026522,1.0,0.0,3285.560626698573,1705.7621568406776,3285.560626698573,1705.7621568406778,9035.151054865992,5890.286623362283,851.8670624400299,131.51900298799677,104.49355831421562,18.519247336199914,-0.11572294609560817,0.34598733978513274,inf,,0.0,1.0,0.0,199.18354310894674,309.3630778777338,0.8728846153846154,0.2282573860731501,0.9799090909090908,0.06545728746424757,0.6398484848484849,0.27347324263330547,0.9017647058823529,0.18088265486016478,0.7566666666666667,0.19160260970272142,0.705878833512838,0.1911622681448278,0.9495455356506377,0.10598977972069817,0.5464973013410064,0.19767638633195175,0.8765513638537094,0.12111313650856413,0.17647058823529413,0.15390103598039973,278.53,13.988057677024264,89.0,10.0,5.0,35.0,17.0,0.0,18.0,0.0,100
cross_target_adapted_cp,matr,sandia,sandia,catboost,100,0.95,residual_mean,10.0,10.0,0.9096666666666667,0.10393978659210616,0.07166666666666666,0.08519799347420937,0.7663150925844225,0.12272604602439695,0.9600129339417058,0.06330710037357833,1.0,0.0,4290.074062468178,1297.3292491129178,4290.0740624681775,1297.3292491129178,6510.673465102965,3775.159796076987,844.6370951757351,153.1852736673582,104.68951061276326,17.75764784592554,-0.08656165376538998,0.332916663872883,inf,,0.0,1.0,0.0,192.23540230332955,299.26328068222097,0.975,0.11135075167680686,0.9990000000000001,0.009999999999999997,0.7515555555555555,0.24212510537777013,0.9826666666666667,0.07849310305901974,0.8366666666666667,0.1603517457945159,0.7764985156676429,0.08539181423396293,0.9920194710657513,0.04047469818283594,0.6051228273091852,0.16869871772664957,0.9309290833266769,0.08933573534213486,0.14866666666666667,0.14049934996314875,278.49,19.203584997798625,89.0,10.0,10.0,30.0,15.0,0.0,15.0,0.0,100
cross_target_adapted_cp,matr,sandia,sandia,catboost,100,0.95,residual_mean,10.0,15.0,0.9388,0.07679541232088899,0.0572,0.0521474211764449,0.7833917665767816,0.09757839812803419,0.9773187139991095,0.036679722736896625,1.0,0.0,4805.821336089032,903.8817495432676,4805.821336089032,903.8817495432676,5783.231196946904,2032.3079398834789,837.1710452932732,143.16362584001814,102.14413193776149,18.042411573951757,-0.06827912084348889,0.21411169069763894,inf,,0.0,1.0,0.0,148.18653210879756,295.29143286542705,0.9977777777777778,0.015633921570698858,1.0,0.0,0.8107142857142857,0.23383636914857872,0.9983333333333333,0.011725441178024156,0.8838461538461538,0.14359598721024366,0.7552782752550418,0.015672586453321882,0.9997026981119016,0.002091597480607576,0.6366006013944987,0.15356574712295243,0.9559846435212783,0.07073248682874908,0.11448717948717947,0.1399799355293201,281.23,21.08130245339014,89.0,10.0,15.0,25.0,12.0,0.0,13.0,0.0,100
cross_target_adapted_cp,matr,sandia,sandia,catboost,100,0.95,residual_mean,10.0,20.0,0.951,0.06512614023120163,0.04800000000000001,0.043762444117662266,0.7718129212703387,0.08386982611442058,0.9848521861660184,0.02650798565751794,1.0,0.0,4880.563188286909,816.2674362778461,4880.563188286909,816.2674362778461,5339.017687713365,943.9408100388034,858.9071772415938,184.44905867307975,103.80093049510471,19.212890358992603,-0.12315429842651454,0.3695488578502645,2440.2815941434546,408.13371813892303,1.0,1.0,0.0,186.51712180687926,326.5736275098856,1.0,0.0,1.0,0.0,0.8595238095238095,0.18611222643404443,1.0,0.0,0.902,0.1302522804624033,0.7224672001371109,0.0,1.0,0.0,0.6121588099836979,0.13526820138925147,0.9687048189265393,0.0557920440735603,0.09799999999999999,0.1302522804624033,283.52,23.257226529803283,89.0,10.0,20.0,20.0,10.0,0.0,10.0,0.0,100
cross_target_adapted_cp,matr,sandia,sandia,catboost,100,0.95,residual_mean,15.0,5.0,0.826,0.1443729426758349,0.1403333333333333,0.1283841562751868,0.6692341682605764,0.16095258153608952,0.9087550993899961,0.09700457469428367,1.0,0.0,3423.6756047160584,1744.0260489286038,3423.6756047160584,1744.0260489286038,8964.059947768495,4588.040903201049,816.3768026909144,87.71089046134591,100.9446260649053,15.526391051098818,-0.013335909697240599,0.12037529216678533,inf,,0.0,1.0,0.0,112.70050584062916,218.96397165317543,0.8848181818181818,0.2090092666095816,0.987,0.07608474807008886,0.6036666666666667,0.2521193617913914,0.9186666666666666,0.15557864186550094,0.7333333333333333,0.1729132438507528,0.7037587991178518,0.16346423258256024,0.9628562501481313,0.08771530070706052,0.49720238639670084,0.1776734318944608,0.8743187397865699,0.09958927661316641,0.19733333333333333,0.14210854042422622,284.09,17.419421994608857,89.0,15.0,5.0,30.0,15.0,0.0,15.0,0.0,100
cross_target_adapted_cp,matr,sandia,sandia,catboost,100,0.95,residual_mean,15.0,10.0,0.9084,0.0872094888730289,0.06739999999999997,0.06902817460203395,0.7436332302168431,0.10634205053812879,0.9643753392161422,0.04606105032029264,1.0,0.0,4449.34436689201,1097.6345079512655,4449.34436689201,1097.6345079512655,6329.282335414551,3027.5304453700123,825.17775730017,116.1251956534822,103.17467367764294,16.472535604126033,-0.10247231847784662,0.3463075682373903,inf,,0.0,1.0,0.0,149.76507784057787,252.77910806619906,0.9925555555555556,0.0400166756610786,1.0,0.0,0.7205357142857143,0.2572562555595705,0.9941666666666668,0.03190324528137735,0.8292307692307692,0.1571441379081494,0.7503247934162812,0.03838832435115341,0.9983436300061226,0.010192060122606645,0.5755391107764626,0.16008861427562104,0.9327303978887731,0.08550648757114569,0.1649358974358974,0.15143653574783866,275.61,23.354922912363122,89.0,15.0,10.0,25.0,12.0,0.0,13.0,0.0,100
cross_target_adapted_cp,matr,sandia,sandia,catboost,100,0.95,residual_mean,15.0,15.0,0.9375,0.07732098908792716,0.0535,0.05696667464581391,0.75463088449515,0.09524929976496294,0.9793846022086332,0.036397445804419774,1.0,0.0,4736.689905115501,871.542594671401,4736.689905115501,871.5425946714008,5841.380164492248,2925.317844563548,841.9495535162631,126.02506962653291,105.39985690396516,13.288103556086929,-0.036119516616640326,0.16245588941011332,inf,,0.0,1.0,0.0,167.64272581900738,228.9261684997816,1.0,0.0,0.9966666666666667,0.02345088235604829,0.8242857142857143,0.20890798914417372,1.0,0.0,0.875,0.15464197817585434,0.7224672001371109,0.0,1.0,0.0,0.5849968164531377,0.14965238639098788,0.9568535836496953,0.07966789378225679,0.125,0.1546419781758543,284.83,24.886025042666848,89.0,15.0,15.0,20.0,10.0,0.0,10.0,0.0,100
cross_target_adapted_cp,matr,sandia,sandia,catboost,100,0.95,residual_mean,15.0,20.0,0.9553333333333334,0.0728172843654369,0.05866666666666667,0.043064433753916394,0.7382723783983001,0.0896553224151237,0.986724562125054,0.02779257088124065,1.0,0.0,4895.493097534941,729.0169746391193,4895.493097534941,729.0169746391196,5436.879261930407,1701.0816698618232,818.8113518014011,173.36718165995407,105.363430928153,15.58074302925617,-2.9258867994188495,17.74020143789595,2447.7465487674704,364.5084873195598,1.0,1.0,0.0,177.1914472550995,252.89856359267384,1.0,0.0,0.998,0.019999999999999993,0.8665,0.2099849681969804,1.0,0.0,0.91625,0.13653240818519422,0.6456695649333127,0.0,1.0,0.0,0.5882338942226791,0.13282568921612922,0.9741968080114909,0.055625608205934825,0.08375,0.13653240818519422,275.48,33.589765155956705,89.0,15.0,20.0,15.0,7.0,0.0,8.0,0.0,100
cross_target_adapted_cp,matr,sandia,sandia,catboost,100,0.95,residual_mean,20.0,5.0,0.8208,0.16965609897434256,0.14679999999999999,0.15452030692606475,0.6488014216557125,0.18075028643919053,0.9073424301417939,0.11594185137860825,1.0,0.0,3343.95134430908,1688.2701383830465,3343.95134430908,1688.2701383830465,9019.38352520669,5374.028123108597,824.6682641336864,78.93041614407876,104.32273626502013,12.356488488175088,-0.01985064799626939,0.15884289612308852,inf,,0.0,1.0,0.0,149.68534607398394,190.32077064488075,0.8855555555555555,0.23234787357732528,0.9718055555555556,0.11134681439177507,0.5926785714285715,0.28942947766553423,0.9041666666666667,0.20425297083341554,0.7438461538461538,0.18620623817235982,0.6603276717158048,0.1909258081176919,0.9519896729045424,0.12243090162951467,0.4916070547317015,0.18376734281317034,0.8848448944432512,0.10625219225043281,0.1925,0.1602459333534653,277.04,20.33155481541245,89.0,20.0,5.0,25.0,12.0,0.0,13.0,0.0,100
cross_target_adapted_cp,matr,sandia,sandia,catboost,100,0.95,residual_mean,20.0,10.0,0.8905,0.11162142910007661,0.08149999999999999,0.09657126954229242,0.6983600945105735,0.12866404349687227,0.9568011570501747,0.06014489299433271,1.0,0.0,4156.265256007107,1311.348207860016,4156.265256007107,1311.348207860016,7072.730626782422,4076.8893440571933,833.3641449920963,94.07586470100891,105.22335047343581,10.628582545073286,-0.01490829101972477,0.19444618738414235,inf,,0.0,1.0,0.0,167.95651460067532,174.88329994814487,0.9714285714285714,0.10353472504849694,1.0,0.0,0.7145238095238095,0.2611821550126855,0.98,0.07247430753394786,0.8009999999999999,0.18284784202536633,0.7002467823362976,0.07801529251609943,0.9933217297953288,0.027400057233027506,0.5108530366469978,0.1719738498656671,0.9240722178355429,0.09565809736415418,0.179,0.16593475655914722,286.16,20.505096681044687,89.0,20.0,10.0,20.0,10.0,0.0,10.0,0.0,100
cross_target_adapted_cp,matr,sandia,sandia,catboost,100,0.95,residual_mean,20.0,15.0,0.9253333333333333,0.10690209708603331,0.07366666666666666,0.08100033947082151,0.7033039051073691,0.12206963066183771,0.9739260334781359,0.05037055790903117,1.0,0.0,4672.96581176352,1094.069790389313,4672.96581176352,1094.0697903893126,6464.7927307329455,4480.567753533975,830.3102629263891,152.93663278936071,104.65716204140224,13.321921322423991,-0.8201645420046666,7.197984504947407,inf,,0.0,1.0,0.0,147.66371107866087,190.24470764156183,0.996,0.04,0.99,0.07177405625652734,0.7895,0.28053835330800614,0.9971428571428571,0.028571428571428567,0.8625,0.19744261408972955,0.6428022138023058,0.02867351131006933,0.9991778107599595,0.008221892400405665,0.5405679859233224,0.16978449088304196,0.9492365295358646,0.10480246952693452,0.13535714285714287,0.19737212707229523,289.42,137.3846756043377,89.0,20.0,15.0,15.0,7.0,0.0,8.0,0.0,100
cross_target_adapted_cp,matr,sandia,sandia,catboost,100,0.95,residual_mean,20.0,20.0,0.96,0.06816498108607266,0.06000000000000001,0.03333333333333331,0.6740363136665204,0.08039753145351936,0.9906335104596217,0.01887211451837157,1.0,0.0,5125.544416700644,516.3160745231743,5125.544416700644,516.3160745231743,5368.4411969420535,563.0878973026862,803.6400863612662,204.86279819477534,100.72887866681691,16.543944984618964,-4.848897657803832,17.244915058432756,2562.772208350322,258.15803726158714,1.0,1.0,0.0,111.98665297390187,212.65239575087728,1.0,0.0,1.0,0.0,0.8666666666666667,0.2272166036202422,1.0,0.0,0.92,0.13632996217214532,0.5655175352168255,0.0,1.0,0.0,0.49435869714631564,0.11672765763687852,0.9806760324358177,0.03945656107150776,0.07999999999999999,0.13632996217214535,312.62,220.2925410366035,89.0,20.0,20.0,10.0,5.0,0.0,5.0,0.0,100
cross_target_adapted_cp,sandia,hust,hust,xgboost,100,0.9,residual_mean,5.0,5.0,0.8640298507462687,0.1337137723752211,0.10095522388059701,0.09429415399115491,0.7730129145266582,0.15236332662604227,0.9155669201075551,0.10164125963059148,1.0,0.0,2117.4401048638915,573.713362496857,2117.440104863892,573.7133624968571,2619.877905921408,611.1791133547963,613.3637179237653,137.16179533671098,44.853802432439295,13.269891219228805,-5.912488408902983,2.7133693203653158,inf,,0.0,1.0,0.0,-986.587516542782,400.97160342170605,0.7995652173913044,0.24663978835118006,0.9472727272727274,0.11837590899772492,0.8481818181818181,0.188049775564851,0.8496969696969697,0.1879350607394061,0.8779411764705882,0.16160257634436592,0.7144114479143624,0.20469606398303242,0.912056687137765,0.13430185542328324,0.7483369654540714,0.1840763673538457,0.9308123274359162,0.10793516490706855,0.16482174688057039,0.15637862840619932,1505.8,17.22577350156658,34.0,5.0,5.0,67.0,33.0,0.0,34.0,0.0,100
cross_target_adapted_cp,sandia,hust,hust,xgboost,100,0.9,residual_mean,5.0,10.0,0.9064516129032257,0.09633876189729754,0.07290322580645162,0.0628858871091663,0.8163549334939865,0.1136056693963407,0.9491202078945753,0.06900680101917131,1.0,0.0,2245.8963508627326,518.336605939297,2245.8963508627326,518.3366059392972,2509.556926926983,545.0225434690246,614.0789029491198,144.49277135046782,45.92636002821505,15.675629718813726,-6.005714817567858,3.069310861031671,1122.9481754313663,259.1683029696486,1.0,1.0,0.0,-1009.7239154949816,388.71960688862384,0.8595238095238095,0.2062242934164786,0.988,0.05778748947128556,0.8757142857142857,0.14671635122290871,0.9016129032258065,0.15098209766513673,0.9112903225806451,0.10707382560035812,0.7672014723206653,0.16847095474423907,0.9474643551965974,0.10268966336353759,0.773847213851659,0.13153130420631345,0.9580394769792726,0.06023265127834646,0.13096774193548388,0.11901663177667378,1508.01,17.421393442975496,34.0,5.0,10.0,62.0,31.0,0.0,31.0,0.0,100
cross_target_adapted_cp,sandia,hust,hust,xgboost,100,0.9,residual_mean,5.0,15.0,0.9363157894736842,0.0562938160281424,0.05789473684210524,0.03339902310403118,0.8465061617319669,0.07383995301211133,0.9710284760647494,0.032302090430346715,1.0,0.0,2333.0444822191844,499.3091041338326,2333.0444822191844,499.30910413383253,2463.495820034747,476.27665586336053,615.3169820041171,143.38792791747758,46.53771855624183,14.86563657569386,-6.007540087896618,2.8672353212892374,1166.5222411095922,249.65455206691627,1.0,1.0,0.0,-1035.9995538748014,368.3578378930695,0.9021052631578947,0.15638477007737037,0.9989473684210526,0.010526315789473677,0.9078947368421052,0.11501237468350702,0.9335714285714286,0.10611823683821561,0.9389655172413793,0.07762663910300253,0.793150986052539,0.12778250152391615,0.9693768911005065,0.06046059882366691,0.7998708262772507,0.10007374558379796,0.9753687920053906,0.03808893905764709,0.10445812807881774,0.1035791620285001,1500.77,29.341202456889228,34.0,5.0,15.0,57.0,28.0,0.0,29.0,0.0,100
cross_target_adapted_cp,sandia,hust,hust,xgboost,100,0.9,residual_mean,5.0,20.0,0.9076923076923077,0.0643932801704488,0.05246153846153846,0.037765734103874085,0.803367327150799,0.0812349520232936,0.9559251572405132,0.03923870982486773,1.0,0.0,2170.3293671693073,457.4705523571231,2170.3293671693073,457.47055235712304,2413.144104521404,449.6894687683228,610.6534414486373,140.20015513326712,45.90454172659111,14.017649845722797,-5.827034255033306,2.7599697303939195,1085.1646835846536,228.73527617856152,1.0,1.0,0.0,-1026.5824910187312,369.0452761498563,0.8705555555555555,0.1682593189210957,0.9864705882352941,0.05344057059948362,0.8682352941176471,0.15351143742546577,0.9088461538461539,0.11935101839037418,0.9065384615384616,0.11967608645222114,0.7548705214976569,0.1429097124689465,0.9575611370128465,0.06632694481849759,0.7515937970147393,0.14190630067060175,0.9568166103658836,0.06848548200539671,0.1576923076923077,0.12423936285080155,1510.78,29.948973439852754,34.0,5.0,20.0,52.0,26.0,0.0,26.0,0.0,100
cross_target_adapted_cp,sandia,hust,hust,xgboost,100,0.9,residual_mean,10.0,5.0,0.8238709677419355,0.15230218446097535,0.12006451612903227,0.12037037689254118,0.7222943729776177,0.1677934335336477,0.8876556603192998,0.12019754991956419,1.0,0.0,1895.80316531267,488.77732044593165,1895.80316531267,488.77732044593165,2498.0698994489335,601.3353682370195,602.5268476904225,141.2768420667428,44.28312210904236,11.80826214408397,-5.335932244151134,2.4870477330715586,inf,,0.0,1.0,0.0,-1007.6507964960906,322.125821159787,0.7238095238095238,0.2936995396536278,0.9495,0.14007483569849224,0.8042857142857143,0.18645281798911462,0.802258064516129,0.212281991043263,0.8454838709677419,0.1719999335122019,0.6574205105098632,0.22772764088615008,0.8804444536537314,0.15200441634213938,0.7004419063732109,0.18823614373350922,0.9143429139247716,0.1205193627296524,0.18387096774193548,0.15572003982918178,1508.69,19.77177612945106,34.0,10.0,5.0,62.0,31.0,0.0,31.0,0.0,100
cross_target_adapted_cp,sandia,hust,hust,xgboost,100,0.9,residual_mean,10.0,10.0,0.9091228070175439,0.09568249682433128,0.07884210526315788,0.054409008854699514,0.8155256255251797,0.1161686631090056,0.9510569138161723,0.06404669688687953,1.0,0.0,2166.44325952602,438.47942617472074,2166.44325952602,438.47942617472063,2416.249010546041,424.4873847620638,604.0895711901956,147.3031803157031,44.35439281112491,12.072635137862365,-5.597121620124292,2.647397765607133,1083.22162976301,219.23971308736031,1.0,1.0,0.0,-1018.4237711503773,362.9194015852539,0.8705263157894737,0.2088476401660606,0.9826315789473683,0.057487329762187046,0.8742105263157894,0.1731743842425559,0.9103571428571429,0.145404329677103,0.9079310344827586,0.13819680073472798,0.767340509670168,0.16172816171441004,0.9543600923470059,0.09608184713640656,0.7678177819757592,0.15970936473871344,0.9526130651792799,0.08623666910681019,0.13619458128078818,0.15834256363952662,1506.17,23.210087932151033,34.0,10.0,10.0,57.0,28.0,0.0,29.0,0.0,100
cross_target_adapted_cp,sandia,hust,hust,xgboost,100,0.9,residual_mean,10.0,15.0,0.9326923076923077,0.06971363164341328,0.06484615384615383,0.04113483429010734,0.8370659721003539,0.08782353572174068,0.9687869004847651,0.04294817464011787,1.0,0.0,2224.5868279320475,439.72804776189,2224.5868279320475,439.72804776188985,2381.0263124088124,387.32573509419996,607.4204682041683,140.25340525830092,44.426307369994404,12.368599726381511,-5.720549782887685,2.7059860179744413,1112.2934139660238,219.86402388094493,1.0,1.0,0.0,-1001.3336261824102,325.58253027964514,0.9061111111111111,0.14228617214048528,0.9905882352941177,0.05835823102927745,0.9029411764705882,0.1424715307706912,0.9334615384615383,0.09988562582458507,0.931923076923077,0.10793830822024032,0.7839419028432563,0.12092730073023744,0.9713831010526396,0.05462644362416348,0.7828586471913637,0.12756475508894635,0.9697855226179452,0.06244207515727273,0.10384615384615384,0.11368864973670517,1502.62,33.27169452501117,34.0,10.0,15.0,52.0,26.0,0.0,26.0,0.0,100
cross_target_adapted_cp,sandia,hust,hust,xgboost,100,0.9,residual_mean,10.0,20.0,0.9131914893617021,0.060154980743534675,0.050680851063829795,0.03463959050715398,0.8026532323189428,0.07579336994572962,0.9612902284102144,0.03597462399566824,1.0,0.0,2107.924892453934,417.4481687790555,2107.924892453934,417.44816877905555,2313.0687909289645,403.08607225724285,603.319260815322,143.87552169981166,44.63094827607807,12.94124838177674,-5.468225988673217,2.7626044083686123,1053.962446226967,208.72408438952777,1.0,1.0,0.0,-1007.4386833796307,344.7791555042205,0.870625,0.13683119023531198,0.9926666666666667,0.03402646359037169,0.88125,0.14392693327244943,0.908695652173913,0.0981974603120637,0.9175,0.10757961059159528,0.737112082460287,0.12002387441484025,0.9632969424584945,0.04950720396647335,0.7543888375826231,0.1265639735927404,0.9654010315137684,0.06118127185814559,0.12797101449275364,0.10765172342532371,1498.33,38.51408111904586,34.0,10.0,20.0,47.0,23.0,0.0,24.0,0.0,100
cross_target_adapted_cp,sandia,hust,hust,xgboost,100,0.9,residual_mean,15.0,5.0,0.857017543859649,0.11624917472287953,0.09217543859649123,0.08244932311263731,0.7522085464218513,0.13389039585302523,0.9167431978147058,0.08474218662939216,1.0,0.0,1945.9028785397816,455.84790651370685,1945.9028785397816,455.8479065137068,2350.2079931358985,413.14472061536895,596.9973367601733,145.81148915653287,43.76075874718979,12.071693268479427,-5.331136227760231,2.5359143301477776,inf,,0.0,1.0,0.0,-997.0921233555324,307.0733463003732,0.7636842105263157,0.2359093215201082,0.9657894736842105,0.09764426349602917,0.8415789473684211,0.1598312927396882,0.8332142857142857,0.17117096746548913,0.88,0.14038910398482413,0.6759088833833541,0.18667124219212985,0.9101195427976931,0.11696223248373303,0.7311997138293355,0.15935588476096993,0.9399032393108616,0.09064527542335289,0.15710591133004928,0.14463082275985156,1505.92,22.815766301380087,34.0,15.0,5.0,57.0,28.0,0.0,29.0,0.0,100
cross_target_adapted_cp,sandia,hust,hust,xgboost,100,0.9,residual_mean,15.0,10.0,0.9175,0.07766228927646895,0.06473076923076922,0.045917079178680736,0.8175913809916127,0.09566475208529432,0.9599671018449623,0.04983876351150384,1.0,0.0,2069.0521533499777,428.53683425260306,2069.0521533499777,428.5368342526029,2270.900705977961,355.32899646201133,594.4481218355799,144.31292242398035,43.100799433567666,11.836049198690514,-5.228151673248939,2.53361073995843,1034.5260766749889,214.26841712630144,1.0,1.0,0.0,-984.4630001082307,295.09406631080725,0.8666666666666667,0.15168340825940613,0.9894117647058823,0.05934410176635903,0.8994117647058824,0.1252155528497737,0.9061538461538461,0.10744782994747162,0.9288461538461539,0.10115213998756091,0.7479176119855977,0.12647579185050756,0.9598225868733785,0.06245802369094047,0.7772591944661541,0.11994946631138043,0.9700233071699806,0.05855496236603984,0.09653846153846155,0.10263619261346378,1513.54,20.64095174377598,34.0,15.0,10.0,52.0,26.0,0.0,26.0,0.0,100
cross_target_adapted_cp,sandia,hust,hust,xgboost,100,0.9,residual_mean,15.0,15.0,0.9387234042553192,0.06897919287483494,0.06361702127659574,0.046741545988499646,0.8380138193575135,0.08614818025026746,0.9731352105207162,0.042723944531361295,1.0,0.0,2146.1720199915767,376.82949787116365,2146.1720199915767,376.82949787116365,2278.2461342808497,361.0868081489338,599.1379185879599,140.46840572804527,43.30189311774061,11.187917271013323,-5.286529172157422,2.404289363085538,1073.0860099957883,188.41474893558183,1.0,1.0,0.0,-991.4829452506115,294.6580169248612,0.900625,0.14354124059839127,0.9973333333333333,0.026666666666666703,0.921875,0.11144107413808654,0.9295652173913044,0.10537845590305978,0.9475,0.07458734212276419,0.7648068084011815,0.12192422352619342,0.9713677837474952,0.06110854331121033,0.7909164033061526,0.09597124524701935,0.98059489350974,0.033626618428708004,0.08231884057971013,0.08691317296514964,1505.62,36.323679562644784,34.0,15.0,15.0,47.0,23.0,0.0,24.0,0.0,100
cross_target_adapted_cp,sandia,hust,hust,xgboost,100,0.9,residual_mean,15.0,20.0,0.9107142857142857,0.07440295813109397,0.0628095238095238,0.040827325644125535,0.7930445325046662,0.09314897752628745,0.9595493178556486,0.04386057722950424,1.0,0.0,2066.349654710457,348.7812152369764,2066.349654710457,348.7812152369764,2280.336500567491,333.45273599416504,601.0714853662107,141.04432286830007,43.954558097247265,11.849802924661173,-5.43873310364657,2.5564790739650896,1033.1748273552284,174.3906076184882,1.0,1.0,0.0,-990.8149251347646,302.9278923450366,0.8614285714285714,0.15852728738354968,0.9921428571428571,0.03193576060793121,0.8785714285714286,0.16291384041284598,0.9061904761904762,0.10859973640061789,0.9152380952380952,0.11870175829970153,0.7245530412973489,0.1288730514750724,0.9622021176141803,0.05629213052649908,0.7384526047005783,0.13954486540014016,0.9635995624399298,0.0628116854933045,0.12904761904761905,0.113516531333559,1513.55,40.376854806193165,34.0,15.0,20.0,42.0,21.0,0.0,21.0,0.0,100
cross_target_adapted_cp,sandia,hust,hust,xgboost,100,0.9,residual_mean,20.0,5.0,0.8165384615384617,0.16254588369374257,0.1236923076923077,0.13417534917450838,0.7033301990917926,0.17520861098106172,0.8861959468082545,0.12894525875355115,1.0,0.0,1847.0271744611234,459.4837156156869,1847.0271744611234,459.4837156156869,2493.6248024193233,667.8807451989794,597.9511173927532,146.30800885495776,43.32958098825643,11.80556858904774,-5.289456128309359,2.4241001522336196,inf,,0.0,1.0,0.0,-993.8275135352195,321.42494780905247,0.72,0.26904569172807075,0.9447058823529412,0.1352850755200035,0.7905882352941177,0.21040694985646544,0.7911538461538461,0.21356869917063084,0.8419230769230769,0.1746685001142503,0.6280576046181018,0.22270101628046599,0.8792902462684938,0.1528105796801041,0.6803111772508588,0.1919396534797623,0.9155041984931087,0.11498965682440415,0.17076923076923076,0.14036931402172248,1508.94,24.146781787788456,34.0,20.0,5.0,52.0,26.0,0.0,26.0,0.0,100
cross_target_adapted_cp,sandia,hust,hust,xgboost,100,0.9,residual_mean,20.0,10.0,0.9191489361702128,0.07733719508638993,0.0643404255319149,0.046582420983259834,0.8129680475572336,0.09626123175152322,0.9619900459733739,0.04769366576907531,1.0,0.0,2059.6809753760417,387.4076208460351,2059.6809753760417,387.407620846035,2247.740530889485,370.6950663655001,593.9461001581709,146.33035426513246,42.722470239411905,11.680421814175501,-5.3004765833508465,2.5918448505567016,1029.8404876880209,193.7038104230175,1.0,1.0,0.0,-983.7621142958648,306.7960041111158,0.85625,0.1748691790967745,0.9973333333333333,0.013129759037795487,0.90875,0.12226167292601008,0.8991304347826088,0.12465300025353539,0.9383333333333332,0.08343428229019212,0.7287598820081346,0.1441438973111129,0.9552565912636116,0.07165182149811591,0.77923435498526,0.10448034327445851,0.9764731722496741,0.04054547108422107,0.10590579710144928,0.1046068348031484,1500.23,39.80453631322832,34.0,20.0,10.0,47.0,23.0,0.0,24.0,0.0,100
cross_target_adapted_cp,sandia,hust,hust,xgboost,100,0.9,residual_mean,20.0,15.0,0.9361904761904762,0.06275546749211149,0.06228571428571427,0.03664057716402468,0.8257753608273585,0.0812642804757332,0.9735011225697989,0.03454882409489869,1.0,0.0,2149.0186423997166,416.934301395155,2149.0186423997166,416.934301395155,2278.6114500902063,343.3397013607218,598.4638461304834,141.71475943913345,43.49457183650108,11.104469535681645,-5.29392276188133,2.4825942846701943,1074.5093211998583,208.4671506975775,1.0,1.0,0.0,-1002.5905441873172,296.29045979767164,0.905,0.14643956950215364,0.995,0.02916942738060926,0.9085714285714286,0.11755777712549728,0.9357142857142857,0.10070299635277397,0.9366666666666668,0.08721759044538299,0.7621475247574453,0.1194416493871361,0.974524187322331,0.05253847373899297,0.7610252331709156,0.10524944697190992,0.9772566903013846,0.04399798306962705,0.09142857142857144,0.10630289099379173,1509.16,42.520516735269595,34.0,20.0,15.0,42.0,21.0,0.0,21.0,0.0,100
cross_target_adapted_cp,sandia,hust,hust,xgboost,100,0.9,residual_mean,20.0,20.0,0.9189189189189189,0.08203101736641386,0.068,0.049192699067476094,0.7947225213775182,0.10177280098074919,0.96431011102915,0.048060607395221305,1.0,0.0,2043.1206025854221,398.6467176726106,2043.1206025854221,398.6467176726105,2241.0714745000832,356.8112744476099,598.6070567936683,145.8972480524157,44.42103078695908,12.498552982418735,-5.3397805777213545,2.6293082471538347,1021.5603012927111,199.3233588363053,1.0,1.0,0.0,-1007.1357586153998,308.60871235707896,0.8738461538461538,0.18279339206507153,0.995,0.019890271381328532,0.8916666666666667,0.14674737601785492,0.9083333333333333,0.13432455163787002,0.9289473684210526,0.09934872843911496,0.7113732017992078,0.14700093440501405,0.9616587655560219,0.07768840749739035,0.740713885987724,0.12021522039101162,0.9729007796934528,0.046440675525818244,0.11628654970760234,0.1235284071665239,1499.66,46.86391646743438,34.0,20.0,20.0,37.0,18.0,0.0,19.0,0.0,100
cross_target_adapted_cp,sandia,hust,hust,xgboost,100,0.95,residual_mean,5.0,5.0,0.8640298507462687,0.1337137723752211,0.10655223880597013,0.11779997668419391,0.7730129145266582,0.15236332662604227,0.9155669201075551,0.10164125963059148,1.0,0.0,2117.4401048638915,573.713362496857,2117.440104863892,573.7133624968571,3122.3157069789236,1201.0389218329606,613.3637179237653,137.16179533671098,44.853802432439295,13.269891219228805,-5.912488408902983,2.7133693203653158,inf,,0.0,1.0,0.0,-986.587516542782,400.97160342170605,0.7995652173913044,0.24663978835118006,0.9472727272727274,0.11837590899772492,0.8481818181818181,0.188049775564851,0.8496969696969697,0.1879350607394061,0.8779411764705882,0.16160257634436592,0.7144114479143624,0.20469606398303242,0.912056687137765,0.13430185542328324,0.7483369654540714,0.1840763673538457,0.9308123274359162,0.10793516490706855,0.16482174688057039,0.15637862840619932,1505.8,17.22577350156658,34.0,5.0,5.0,67.0,33.0,0.0,34.0,0.0,100
cross_target_adapted_cp,sandia,hust,hust,xgboost,100,0.95,residual_mean,5.0,10.0,0.9064516129032257,0.09633876189729754,0.06703225806451614,0.08159696389038644,0.8163549334939865,0.1136056693963407,0.9491202078945753,0.06900680101917131,1.0,0.0,2245.8963508627326,518.336605939297,2245.8963508627326,518.3366059392972,2773.2175029912337,868.1491090373484,614.0789029491198,144.49277135046782,45.92636002821505,15.675629718813726,-6.005714817567858,3.069310861031671,inf,,0.0,1.0,0.0,-1009.7239154949816,388.71960688862384,0.8595238095238095,0.2062242934164786,0.988,0.05778748947128556,0.8757142857142857,0.14671635122290871,0.9016129032258065,0.15098209766513673,0.9112903225806451,0.10707382560035812,0.7672014723206653,0.16847095474423907,0.9474643551965974,0.10268966336353759,0.773847213851659,0.13153130420631345,0.9580394769792726,0.06023265127834646,0.13096774193548388,0.11901663177667378,1508.01,17.421393442975496,34.0,5.0,10.0,62.0,31.0,0.0,31.0,0.0,100
cross_target_adapted_cp,sandia,hust,hust,xgboost,100,0.95,residual_mean,5.0,15.0,0.9363157894736842,0.0562938160281424,0.044157894736842104,0.037262944139970056,0.8465061617319669,0.07383995301211133,0.9710284760647494,0.032302090430346715,1.0,0.0,2333.0444822191844,499.3091041338326,2333.0444822191844,499.30910413383253,2593.947157850309,491.68260836924117,615.3169820041171,143.38792791747758,46.53771855624183,14.86563657569386,-6.007540087896618,2.8672353212892374,inf,,0.0,1.0,0.0,-1035.9995538748014,368.3578378930695,0.9021052631578947,0.15638477007737037,0.9989473684210526,0.010526315789473677,0.9078947368421052,0.11501237468350702,0.9335714285714286,0.10611823683821561,0.9389655172413793,0.07762663910300253,0.793150986052539,0.12778250152391615,0.9693768911005065,0.06046059882366691,0.7998708262772507,0.10007374558379796,0.9753687920053906,0.03808893905764709,0.10445812807881774,0.1035791620285001,1500.77,29.341202456889228,34.0,5.0,15.0,57.0,28.0,0.0,29.0,0.0,100
cross_target_adapted_cp,sandia,hust,hust,xgboost,100,0.95,residual_mean,5.0,20.0,0.9528846153846153,0.04576818605038044,0.03803846153846155,0.025329665514046827,0.8624286967142456,0.06267356055521797,0.981030643258179,0.023075134683939034,1.0,0.0,2390.805998740811,433.45449689372833,2390.805998740811,433.45449689372816,2586.628944479173,463.99749120728177,610.6534414486373,140.20015513326712,45.90454172659111,14.017649845722797,-5.827034255033306,2.7599697303939195,1195.4029993704055,216.72724844686408,1.0,1.0,0.0,-1026.5824910187312,369.0452761498563,0.9361111111111111,0.1024622054908985,0.9982352941176471,0.01310008843256553,0.9252941176470588,0.11580706102649234,0.955,0.07335448046272788,0.9507692307692308,0.07693861536923542,0.8101668888849838,0.09391461953348691,0.9826897922231305,0.034880067938919374,0.8049379720918184,0.09869648359820558,0.9805464152781815,0.036308979544715486,0.08423076923076922,0.08410437629521814,1510.78,29.948973439852754,34.0,5.0,20.0,52.0,26.0,0.0,26.0,0.0,100
cross_target_adapted_cp,sandia,hust,hust,xgboost,100,0.95,residual_mean,10.0,5.0,0.8238709677419355,0.15230218446097535,0.13729032258064516,0.1422186960877378,0.7222943729776177,0.1677934335336477,0.8876556603192998,0.12019754991956419,1.0,0.0,1895.80316531267,488.77732044593165,1895.80316531267,488.77732044593165,3100.3366335851956,1254.9642073034397,602.5268476904225,141.2768420667428,44.28312210904236,11.80826214408397,-5.335932244151134,2.4870477330715586,inf,,0.0,1.0,0.0,-1007.6507964960906,322.125821159787,0.7238095238095238,0.2936995396536278,0.9495,0.14007483569849224,0.8042857142857143,0.18645281798911462,0.802258064516129,0.212281991043263,0.8454838709677419,0.1719999335122019,0.6574205105098632,0.22772764088615008,0.8804444536537314,0.15200441634213938,0.7004419063732109,0.18823614373350922,0.9143429139247716,0.1205193627296524,0.18387096774193548,0.15572003982918178,1508.69,19.77177612945106,34.0,10.0,5.0,62.0,31.0,0.0,31.0,0.0,100
cross_target_adapted_cp,sandia,hust,hust,xgboost,100,0.95,residual_mean,10.0,10.0,0.9091228070175439,0.09568249682433128,0.07208771929824562,0.07479192975596567,0.8155256255251797,0.1161686631090056,0.9510569138161723,0.06404669688687953,1.0,0.0,2166.44325952602,438.47942617472074,2166.44325952602,438.47942617472063,2666.054761566062,614.136751037072,604.0895711901956,147.3031803157031,44.35439281112491,12.072635137862365,-5.597121620124292,2.647397765607133,inf,,0.0,1.0,0.0,-1018.4237711503773,362.9194015852539,0.8705263157894737,0.2088476401660606,0.9826315789473683,0.057487329762187046,0.8742105263157894,0.1731743842425559,0.9103571428571429,0.145404329677103,0.9079310344827586,0.13819680073472798,0.767340509670168,0.16172816171441004,0.9543600923470059,0.09608184713640656,0.7678177819757592,0.15970936473871344,0.9526130651792799,0.08623666910681019,0.13619458128078818,0.15834256363952662,1506.17,23.210087932151033,34.0,10.0,10.0,57.0,28.0,0.0,29.0,0.0,100
cross_target_adapted_cp,sandia,hust,hust,xgboost,100,0.95,residual_mean,10.0,15.0,0.9326923076923077,0.06971363164341328,0.04961538461538462,0.05173026735515624,0.8370659721003539,0.08782353572174068,0.9687869004847651,0.04294817464011787,1.0,0.0,2224.5868279320475,439.72804776189,2224.5868279320475,439.72804776188985,2537.465796885577,456.4092031536888,607.4204682041683,140.25340525830092,44.426307369994404,12.368599726381511,-5.720549782887685,2.7059860179744413,inf,,0.0,1.0,0.0,-1001.3336261824102,325.58253027964514,0.9061111111111111,0.14228617214048528,0.9905882352941177,0.05835823102927745,0.9029411764705882,0.1424715307706912,0.9334615384615383,0.09988562582458507,0.931923076923077,0.10793830822024032,0.7839419028432563,0.12092730073023744,0.9713831010526396,0.05462644362416348,0.7828586471913637,0.12756475508894635,0.9697855226179452,0.06244207515727273,0.10384615384615384,0.11368864973670517,1502.62,33.27169452501117,34.0,10.0,15.0,52.0,26.0,0.0,26.0,0.0,100
cross_target_adapted_cp,sandia,hust,hust,xgboost,100,0.95,residual_mean,10.0,20.0,0.9523404255319149,0.049518120001622555,0.036425531914893644,0.03342686850692776,0.8548448587495828,0.06575492700221482,0.981480474674819,0.026709971017237454,1.0,0.0,2296.9070576285244,409.56836132245667,2296.9070576285244,409.56836132245655,2481.607240045572,436.4571883031338,603.319260815322,143.87552169981166,44.63094827607807,12.94124838177674,-5.468225988673217,2.7626044083686123,1148.4535288142622,204.78418066122828,1.0,1.0,0.0,-1007.4386833796307,344.7791555042205,0.93,0.09661244560854804,0.998,0.019999999999999997,0.931875,0.11585724355360089,0.951304347826087,0.06720865781464205,0.9533333333333333,0.0840207339062829,0.7900847290804142,0.08759800928440332,0.9833456622660702,0.028455258372566378,0.7996530498530697,0.1010862637779302,0.9819151912416149,0.046054526772774294,0.07518115942028986,0.0880564597555483,1498.33,38.51408111904586,34.0,10.0,20.0,47.0,23.0,0.0,24.0,0.0,100
cross_target_adapted_cp,sandia,hust,hust,xgboost,100,0.95,residual_mean,15.0,5.0,0.857017543859649,0.11624917472287953,0.10621052631578946,0.10417445142851806,0.7522085464218513,0.13389039585302523,0.9167431978147058,0.08474218662939216,1.0,0.0,1945.9028785397816,455.84790651370685,1945.9028785397816,455.8479065137068,2754.5131077320148,725.666508927328,596.9973367601733,145.81148915653287,43.76075874718979,12.071693268479427,-5.331136227760231,2.5359143301477776,inf,,0.0,1.0,0.0,-997.0921233555324,307.0733463003732,0.7636842105263157,0.2359093215201082,0.9657894736842105,0.09764426349602917,0.8415789473684211,0.1598312927396882,0.8332142857142857,0.17117096746548913,0.88,0.14038910398482413,0.6759088833833541,0.18667124219212985,0.9101195427976931,0.11696223248373303,0.7311997138293355,0.15935588476096993,0.9399032393108616,0.09064527542335289,0.15710591133004928,0.14463082275985156,1505.92,22.815766301380087,34.0,15.0,5.0,57.0,28.0,0.0,29.0,0.0,100
cross_target_adapted_cp,sandia,hust,hust,xgboost,100,0.95,residual_mean,15.0,10.0,0.9175,0.07766228927646895,0.05711538461538461,0.061670349637292225,0.8175913809916127,0.09566475208529432,0.9599671018449623,0.04983876351150384,1.0,0.0,2069.0521533499777,428.53683425260306,2069.0521533499777,428.5368342526029,2472.749258605944,461.17119746792594,594.4481218355799,144.31292242398035,43.100799433567666,11.836049198690514,-5.228151673248939,2.53361073995843,inf,,0.0,1.0,0.0,-984.4630001082307,295.09406631080725,0.8666666666666667,0.15168340825940613,0.9894117647058823,0.05934410176635903,0.8994117647058824,0.1252155528497737,0.9061538461538461,0.10744782994747162,0.9288461538461539,0.10115213998756091,0.7479176119855977,0.12647579185050756,0.9598225868733785,0.06245802369094047,0.7772591944661541,0.11994946631138043,0.9700233071699806,0.05855496236603984,0.09653846153846155,0.10263619261346378,1513.54,20.64095174377598,34.0,15.0,10.0,52.0,26.0,0.0,26.0,0.0,100
cross_target_adapted_cp,sandia,hust,hust,xgboost,100,0.95,residual_mean,15.0,15.0,0.9387234042553192,0.06897919287483494,0.048148936170212785,0.05044638434384013,0.8380138193575135,0.08614818025026746,0.9731352105207162,0.042723944531361295,1.0,0.0,2146.1720199915767,376.82949787116365,2146.1720199915767,376.82949787116365,2410.3202485701227,494.4252437333399,599.1379185879599,140.46840572804527,43.30189311774061,11.187917271013323,-5.286529172157422,2.404289363085538,inf,,0.0,1.0,0.0,-991.4829452506115,294.6580169248612,0.900625,0.14354124059839127,0.9973333333333333,0.026666666666666703,0.921875,0.11144107413808654,0.9295652173913044,0.10537845590305978,0.9475,0.07458734212276419,0.7648068084011815,0.12192422352619342,0.9713677837474952,0.06110854331121033,0.7909164033061526,0.09597124524701935,0.98059489350974,0.033626618428708004,0.08231884057971013,0.08691317296514964,1505.62,36.323679562644784,34.0,15.0,15.0,47.0,23.0,0.0,24.0,0.0,100
cross_target_adapted_cp,sandia,hust,hust,xgboost,100,0.95,residual_mean,15.0,20.0,0.9507142857142857,0.057555727473838046,0.04280952380952382,0.03823624097521728,0.845467528130345,0.07579791475194399,0.9804224189607135,0.03038608125279132,1.0,0.0,2251.718452328196,384.54694914830617,2251.718452328196,384.546949148306,2457.6855077464647,371.43550517029865,601.0714853662107,141.04432286830007,43.954558097247265,11.849802924661173,-5.43873310364657,2.5564790739650896,1125.859226164098,192.273474574153,1.0,1.0,0.0,-990.8149251347646,302.9278923450366,0.9242857142857143,0.1152287928698645,0.9964285714285714,0.018651177423824772,0.9314285714285714,0.1279848733589217,0.949047619047619,0.07813036669306177,0.9523809523809524,0.09205851606197163,0.776490757208126,0.09448767017466377,0.9827239143669876,0.03959671942068146,0.7839216788291081,0.11029401149089711,0.9809287326198398,0.046740667357503415,0.07761904761904763,0.09916276098710897,1513.55,40.376854806193165,34.0,15.0,20.0,42.0,21.0,0.0,21.0,0.0,100
cross_target_adapted_cp,sandia,hust,hust,xgboost,100,0.95,residual_mean,20.0,5.0,0.8165384615384617,0.16254588369374257,0.1432307692307692,0.15391812613311018,0.7033301990917926,0.17520861098106172,0.8861959468082545,0.12894525875355115,1.0,0.0,1847.0271744611234,459.4837156156869,1847.0271744611234,459.4837156156869,3140.222430377521,1467.0288824818404,597.9511173927532,146.30800885495776,43.32958098825643,11.80556858904774,-5.289456128309359,2.4241001522336196,inf,,0.0,1.0,0.0,-993.8275135352195,321.42494780905247,0.72,0.26904569172807075,0.9447058823529412,0.1352850755200035,0.7905882352941177,0.21040694985646544,0.7911538461538461,0.21356869917063084,0.8419230769230769,0.1746685001142503,0.6280576046181018,0.22270101628046599,0.8792902462684938,0.1528105796801041,0.6803111772508588,0.1919396534797623,0.9155041984931087,0.11498965682440415,0.17076923076923076,0.14036931402172248,1508.94,24.146781787788456,34.0,20.0,5.0,52.0,26.0,0.0,26.0,0.0,100
cross_target_adapted_cp,sandia,hust,hust,xgboost,100,0.95,residual_mean,20.0,10.0,0.9191489361702128,0.07733719508638993,0.05838297872340425,0.05915607896052613,0.8129680475572336,0.09626123175152322,0.9619900459733739,0.04769366576907531,1.0,0.0,2059.6809753760417,387.4076208460351,2059.6809753760417,387.407620846035,2435.800086402928,526.7435722830451,593.9461001581709,146.33035426513246,42.722470239411905,11.680421814175501,-5.3004765833508465,2.5918448505567016,inf,,0.0,1.0,0.0,-983.7621142958648,306.7960041111158,0.85625,0.1748691790967745,0.9973333333333333,0.013129759037795487,0.90875,0.12226167292601008,0.8991304347826088,0.12465300025353539,0.9383333333333332,0.08343428229019212,0.7287598820081346,0.1441438973111129,0.9552565912636116,0.07165182149811591,0.77923435498526,0.10448034327445851,0.9764731722496741,0.04054547108422107,0.10590579710144928,0.1046068348031484,1500.23,39.80453631322832,34.0,20.0,10.0,47.0,23.0,0.0,24.0,0.0,100
cross_target_adapted_cp,sandia,hust,hust,xgboost,100,0.95,residual_mean,20.0,15.0,0.9361904761904762,0.06275546749211149,0.046619047619047616,0.043995334464430116,0.8257753608273585,0.0812642804757332,0.9735011225697989,0.03454882409489869,1.0,0.0,2149.0186423997166,416.934301395155,2149.0186423997166,416.934301395155,2408.204257780696,350.5025708765118,598.4638461304834,141.71475943913345,43.49457183650108,11.104469535681645,-5.29392276188133,2.4825942846701943,inf,,0.0,1.0,0.0,-1002.5905441873172,296.29045979767164,0.905,0.14643956950215364,0.995,0.02916942738060926,0.9085714285714286,0.11755777712549728,0.9357142857142857,0.10070299635277397,0.9366666666666668,0.08721759044538299,0.7621475247574453,0.1194416493871361,0.974524187322331,0.05253847373899297,0.7610252331709156,0.10524944697190992,0.9772566903013846,0.04399798306962705,0.09142857142857144,0.10630289099379173,1509.16,42.520516735269595,34.0,20.0,15.0,42.0,21.0,0.0,21.0,0.0,100
cross_target_adapted_cp,sandia,hust,hust,xgboost,100,0.95,residual_mean,20.0,20.0,0.9589189189189189,0.058948490701676494,0.044648648648648676,0.03926368511314233,0.8472781621677842,0.07716114461465148,0.984229844171908,0.03057350507647914,1.0,0.0,2227.0217008901272,418.35569497367413,2227.0217008901272,418.35569497367413,2423.3422845093487,400.68766804427156,598.6070567936683,145.8972480524157,44.42103078695908,12.498552982418735,-5.3397805777213545,2.6293082471538347,1113.5108504450636,209.17784748683707,1.0,1.0,0.0,-1007.1357586153998,308.60871235707896,0.9423076923076923,0.10161272036772541,0.9983333333333333,0.011725441178024144,0.9375,0.12042701334971403,0.9583333333333333,0.07338696471002391,0.9594736842105263,0.08017126802605719,0.7688673280470267,0.08971748056394654,0.9865767169435372,0.03290100514376784,0.7791648210045783,0.09780008509843721,0.9852346920502282,0.036861384555766596,0.05938596491228071,0.07892351247479754,1499.66,46.86391646743438,34.0,20.0,20.0,37.0,18.0,0.0,19.0,0.0,100
cross_target_adapted_cp,sandia,luh,luh,xgboost,100,0.9,residual_mean,5.0,5.0,0.846875,0.13020096780514415,0.095875,0.1025582815198523,0.769520522889369,0.14485881373763718,0.8975370380343687,0.10616027374962692,1.0,0.0,1197.401359661514,435.8417201426724,1197.401359661514,435.84172014267233,1812.246349169984,510.2567953032889,309.4074404397094,42.51824372850091,61.25383432810935,6.200367182743409,0.09051906451175927,0.1955942859666063,inf,,0.0,1.0,0.0,287.1800736581437,144.7154952543354,0.88375,0.23178088801819927,0.9890625,0.04708496745622253,0.6678125,0.25587536515594245,0.9204166666666667,0.16254855529435758,0.7733333333333333,0.18570927522501823,0.830526982542026,0.18133370664759318,0.9480004917637135,0.12145540029582784,0.651438561607328,0.19242519154724544,0.8547200341751943,0.15352895672450947,0.215,0.17079483429212788,477.89,34.05251292289068,34.0,5.0,5.0,96.0,48.0,0.0,48.0,0.0,100
cross_target_adapted_cp,sandia,luh,luh,xgboost,100,0.9,residual_mean,5.0,10.0,0.9028571428571429,0.1125087050061672,0.08406593406593407,0.07435044381186613,0.8336876847345127,0.12943052414828804,0.9393919463856467,0.08742083474471594,1.0,0.0,1458.477133417623,507.87680972055244,1458.477133417623,507.87680972055244,1846.0521749254424,430.7086821876703,312.731861676622,49.43404881110277,61.56903613835231,6.891825530951112,0.06536526454483496,0.24550891331407565,729.2385667088115,253.93840486027622,1.0,1.0,0.0,286.54780504537865,160.73636115621528,0.9445161290322581,0.16708898658493387,0.9926666666666667,0.05577331061833111,0.77,0.24552104515482362,0.9606666666666667,0.11754036593079431,0.846304347826087,0.17372780539009977,0.8737491101125658,0.13341577629511056,0.9751198835881998,0.08437929382651024,0.7326605000874568,0.18713861886844116,0.9065663755667478,0.1360869855719474,0.15652657004830917,0.16182824689410785,468.92,33.39197266385797,34.0,5.0,10.0,91.0,45.0,0.0,46.0,0.0,100
cross_target_adapted_cp,sandia,luh,luh,xgboost,100,0.9,residual_mean,5.0,15.0,0.9343023255813954,0.07658661866390998,0.06853488372093022,0.04805798591850797,0.8676805368313113,0.09272897115349567,0.9637841452937473,0.05481481357787962,1.0,0.0,1546.4083028880268,428.04689332765594,1546.4083028880268,428.0468933276558,1783.9318923223527,345.10333062082947,314.21139030365293,49.386325616754476,61.806775548592896,6.866615653132109,0.07559261039862371,0.2265450173802341,773.2041514440134,214.0234466638279,1.0,1.0,0.0,303.02184211314056,157.30974613960458,0.9755172413793103,0.06884262823466529,1.0,0.0,0.8296551724137932,0.19394130813742033,0.9834883720930233,0.04642874927454172,0.8851162790697674,0.1307976264182602,0.8950790505702009,0.061439981139003945,0.9925961211012317,0.024442026307017826,0.7693176235722362,0.14875341584024399,0.9377483140361775,0.09308527371155763,0.10069767441860465,0.12082063481986344,480.26,42.069836119375495,34.0,5.0,15.0,86.0,43.0,0.0,43.0,0.0,100
cross_target_adapted_cp,sandia,luh,luh,xgboost,100,0.9,residual_mean,5.0,20.0,0.9054320987654321,0.06928928503371755,0.056888888888888864,0.03951929573790741,0.826438594126069,0.08392095619526067,0.947711224994906,0.0487803810215506,1.0,0.0,1374.1754393653923,375.5946876189701,1374.1754393653923,375.59468761897006,1705.0885771087103,296.66519938652783,315.00815420002044,56.664350617085105,62.03069146532912,7.257560491616666,0.05180048616067379,0.3119918145554358,687.0877196826962,187.79734380948503,1.0,1.0,0.0,294.8669130668389,164.59792638022478,0.9529629629629629,0.12231288229141254,0.9996296296296296,0.0037037037037037186,0.7637037037037037,0.17654988096929433,0.968,0.08311182682131202,0.844390243902439,0.11626455576026701,0.8709861053255463,0.10188902898753648,0.9830000759537932,0.05057398841697432,0.7134161819807416,0.13303419751640508,0.9163581550434448,0.0805191307126684,0.15396341463414634,0.11533468973693853,464.66,39.37625290615263,34.0,5.0,20.0,81.0,40.0,0.0,41.0,0.0,100
cross_target_adapted_cp,sandia,luh,luh,xgboost,100,0.9,residual_mean,10.0,5.0,0.8449450549450549,0.1604431717038994,0.11485714285714288,0.12441164542685686,0.7684921984848342,0.1757742789142571,0.8934545996837912,0.13314808767720124,1.0,0.0,1213.715846209254,488.1615946010502,1213.715846209254,488.16159460105035,1788.358005771041,418.4870470198376,304.37211089057905,37.81586919483481,61.26299616783709,6.049293999780186,0.1439292119282759,0.16991291150293492,inf,,0.0,1.0,0.0,306.6853689086139,110.0888563686591,0.8570967741935483,0.2702116326264028,0.9926666666666667,0.040084086702006916,0.6846666666666666,0.258954992211043,0.8986666666666666,0.19591335495241077,0.7923913043478261,0.17463549438546916,0.8040999442760876,0.21388789104100642,0.9305218476675563,0.14911972881607488,0.6695165185688002,0.18874119929617325,0.8701948108441974,0.13525667099231742,0.16535748792270533,0.13568822158067634,470.63,36.62660483607758,34.0,10.0,5.0,91.0,45.0,0.0,46.0,0.0,100
cross_target_adapted_cp,sandia,luh,luh,xgboost,100,0.9,residual_mean,10.0,10.0,0.9136046511627908,0.08472912060555815,0.06783720930232558,0.052130694414523185,0.8414371944408799,0.10094034061944972,0.9504021293392629,0.0619120850221796,1.0,0.0,1391.657619422689,439.813682781827,1391.657619422689,439.8136827818271,1720.9251299973964,317.6480892202098,307.20204784049366,36.07002292636406,61.961057661913195,5.460571136273038,0.1269797574073496,0.19398859801436982,695.8288097113445,219.90684139091354,1.0,1.0,0.0,308.148788122169,112.41859104834825,0.9658620689655173,0.09685167618830866,0.9992857142857143,0.007142857142857142,0.7786206896551724,0.20030004277474564,0.9765116279069767,0.06810284179774274,0.8506976744186047,0.13508607535971215,0.8870092687873552,0.08462735264357583,0.9878567373476932,0.04129810875792304,0.7271966606097545,0.1519876066506615,0.91667739368583,0.09741137972002224,0.13232558139534883,0.12392944220680134,475.94,41.174381561472146,34.0,10.0,10.0,86.0,43.0,0.0,43.0,0.0,100
cross_target_adapted_cp,sandia,luh,luh,xgboost,100,0.9,residual_mean,10.0,15.0,0.9409876543209876,0.054158061507799934,0.059086419753086386,0.03322022442165194,0.871491535351786,0.06952782418485955,0.9705496199162174,0.03447137863265587,1.0,0.0,1532.4973212137388,383.5141126661279,1532.4973212137388,383.514112666128,1731.7190225956508,287.45417558117856,305.01814075381225,37.02429445572988,61.01460782530223,6.079925445685527,0.13112595540023902,0.15375802626527285,766.2486606068694,191.757056333064,1.0,1.0,0.0,303.3905618401771,112.78405639782873,0.985925925925926,0.052847057790300425,0.9996296296296296,0.0037037037037037017,0.8374074074074074,0.1453052139039727,0.9902500000000001,0.03690949208619112,0.8929268292682927,0.09568879940017713,0.8989801543630991,0.049424025226209665,0.9956068656629613,0.018134266952415934,0.7711581285606983,0.11547391044574742,0.9473733565285116,0.06077588356090184,0.10145731707317072,0.09310604681828044,479.5,44.477323696826936,34.0,10.0,15.0,81.0,40.0,0.0,41.0,0.0,100
cross_target_adapted_cp,sandia,luh,luh,xgboost,100,0.9,residual_mean,10.0,20.0,0.8990789473684211,0.07128937953482938,0.05681578947368421,0.042689485878778397,0.8153932703310423,0.08603440379748575,0.9443623866419679,0.05006112927498965,1.0,0.0,1280.9228112583837,329.52568103070655,1280.9228112583837,329.52568103070655,1673.8758243381976,259.59104634948886,306.42519284735505,44.54916957037737,60.969766325620405,6.490736619737638,0.12029464377289212,0.2315776655792228,640.4614056291919,164.76284051535328,1.0,1.0,0.0,302.27883684916566,123.68205634501172,0.9665384615384616,0.08993569183228502,0.9987999999999999,0.008908060134144516,0.7292000000000001,0.19921908147625425,0.9763157894736842,0.06429727191483652,0.8218421052631579,0.13106518518174623,0.8767089945346833,0.08194936862561167,0.9884616046819972,0.035487497627769114,0.6821033035416311,0.14481594751723745,0.9024843444373745,0.09429935164877895,0.17289473684210527,0.12729633374627494,479.57,47.9373022759411,34.0,10.0,20.0,76.0,38.0,0.0,38.0,0.0,100
cross_target_adapted_cp,sandia,luh,luh,xgboost,100,0.9,residual_mean,15.0,5.0,0.8268604651162791,0.14199821367830712,0.11732558139534884,0.10799344010288227,0.7428184203033191,0.1586486808324737,0.8829505814245363,0.11390963816463491,1.0,0.0,1130.6659189464892,462.9179146602287,1130.6659189464892,462.91791466022875,1802.709238059736,457.8995560075675,303.21003741093347,34.958533118071415,61.273792886012416,5.947471319734602,0.1518687584928916,0.15335217812796256,inf,,0.0,1.0,0.0,296.09211615254634,99.28787396792926,0.8482758620689655,0.25158787817125633,0.9960714285714286,0.026325409985114272,0.6420689655172415,0.25489738254179656,0.8967441860465116,0.17131990215551707,0.7569767441860464,0.1767520676259072,0.7940376468131214,0.1940777429359587,0.9343769000225997,0.12212527180060219,0.6248047592982036,0.18749854474691557,0.8469995046252851,0.13869305060472295,0.18953488372093022,0.15484042987563498,479.03,40.0233404125365,34.0,15.0,5.0,86.0,43.0,0.0,43.0,0.0,100
cross_target_adapted_cp,sandia,luh,luh,xgboost,100,0.9,residual_mean,15.0,10.0,0.9116049382716049,0.0899672708405945,0.07148148148148147,0.05539792799411024,0.8369226091128309,0.1072786902673443,0.9490139003114476,0.06537426724094984,1.0,0.0,1406.7824339009346,424.67521012143465,1406.7824339009346,424.67521012143453,1715.2974517501905,257.339635868545,302.4122283804559,33.74878273867823,61.11513882486287,5.356143297886891,0.16129560527392534,0.15326109662199616,703.3912169504673,212.33760506071727,1.0,1.0,0.0,305.68667682569793,95.23107807917734,0.9551851851851851,0.1285476732666993,0.9985185185185185,0.011676594212022379,0.7811111111111111,0.1947827210872043,0.96875,0.09005995477761163,0.8558536585365853,0.1282715480330369,0.8726698379777156,0.10706124138184916,0.982684910899828,0.05829663366719434,0.7296358781802315,0.14851080847842,0.9211012023567997,0.08712710230526172,0.12449390243902439,0.11907961338796157,470.32,42.809863868557734,34.0,15.0,10.0,81.0,40.0,0.0,41.0,0.0,100
cross_target_adapted_cp,sandia,luh,luh,xgboost,100,0.9,residual_mean,15.0,15.0,0.9401315789473683,0.0630163829757774,0.0679736842105263,0.03050874625005683,0.8686877386239867,0.08083804822743781,0.9692228029436756,0.039620046256959834,1.0,0.0,1563.402151401875,421.80750140160654,1563.4021514018752,421.8075014016066,1778.5155117236789,245.61258951262002,301.09124424258033,31.819409444622046,61.03272368852597,5.454253507960299,0.1587097932932088,0.14379700241138138,781.7010757009376,210.9037507008033,1.0,1.0,0.0,293.87954808597476,93.63798086156655,0.9915384615384616,0.04289867661922769,0.9992,0.007999999999999985,0.8276,0.17474437318436312,0.9936842105263157,0.03018359742821976,0.8865789473684211,0.1149634034107652,0.8994843519969785,0.0402501727825376,0.9972339044287079,0.01481157162571398,0.7602551082143715,0.13729185188236076,0.9419192620891111,0.07264383208724055,0.10763157894736843,0.1107106510729812,482.92,44.1763408501552,34.0,15.0,15.0,76.0,38.0,0.0,38.0,0.0,100
cross_target_adapted_cp,sandia,luh,luh,xgboost,100,0.9,residual_mean,15.0,20.0,0.9011267605633804,0.08099547161048626,0.057774647887323935,0.0564794000888637,0.8148531702634227,0.09507191932110381,0.9462223204811565,0.05924264740402206,1.0,0.0,1272.9338242384497,324.68942107315945,1272.9338242384497,324.6894210731596,1649.533142345761,279.3506247915067,301.32456638090036,32.69889431732866,60.743838943149,5.997296536929987,0.1571276099304443,0.13824352891338454,636.4669121192248,162.3447105365798,1.0,1.0,0.0,303.02844731798467,87.80618005058969,0.9608333333333333,0.14136926596778157,0.998695652173913,0.009682674058852767,0.7479166666666667,0.17086207362742872,0.9722857142857143,0.10156109871303888,0.8319444444444444,0.11390804908495251,0.8673634433360721,0.11298647046671972,0.9837889336283625,0.07135643171675905,0.6871195336889874,0.12675949643231998,0.9127580989941326,0.08029795144431814,0.16426190476190478,0.11426909267322483,474.26,55.766761759776934,34.0,15.0,20.0,71.0,35.0,0.0,36.0,0.0,100
cross_target_adapted_cp,sandia,luh,luh,xgboost,100,0.9,residual_mean,20.0,5.0,0.8432098765432099,0.14124826721686892,0.11434567901234567,0.100008818173287,0.7594672326957965,0.16027118570068366,0.895872748167879,0.11019328921405552,1.0,0.0,1167.6488468465207,457.6819551693287,1167.6488468465207,457.68195516932866,1771.0476392916732,340.35967778131527,297.9514737487503,33.19460805796988,60.820831577750376,5.840438253027555,0.17497447311881328,0.14694908970503048,inf,,0.0,1.0,0.0,301.89516820053234,81.09547550522684,0.8725925925925925,0.2422866134662478,0.9966666666666667,0.01402199591555623,0.6603703703703704,0.26078090149167416,0.91175,0.16950071511425083,0.7763414634146342,0.17173376439695612,0.8079643666702361,0.19099992049240402,0.9433792447437983,0.11987101606551231,0.6430610374487061,0.18825561734323795,0.8622748859566787,0.12713675100554642,0.17566463414634145,0.15497414285015057,474.21,44.81799219334157,34.0,20.0,5.0,81.0,40.0,0.0,41.0,0.0,100
cross_target_adapted_cp,sandia,luh,luh,xgboost,100,0.9,residual_mean,20.0,10.0,0.8903947368421052,0.09183058838416325,0.06918421052631579,0.06075563313064628,0.806744701892493,0.10784659263398,0.9364781910316485,0.06765143097838847,1.0,0.0,1282.5888870214517,423.23454649957927,1282.5888870214517,423.23454649957927,1740.360247144902,296.45680750980375,297.63036065247906,30.700835413680327,60.27258223580078,5.474263021998861,0.17108999020586116,0.1311605163049491,641.2944435107258,211.61727324978963,1.0,1.0,0.0,290.2200885405126,81.21350127510695,0.9684615384615384,0.11471965866265912,0.9995999999999999,0.004,0.7,0.22837148542130942,0.978157894736842,0.07890792918831516,0.8026315789473684,0.1502443983034931,0.880302530711199,0.09170976635210107,0.9882140321488607,0.05288633255121354,0.6627528392618248,0.16369317516342977,0.8869411878647954,0.11061160564646356,0.1844736842105263,0.14357807859161778,488.53,44.20600420848743,34.0,20.0,10.0,76.0,38.0,0.0,38.0,0.0,100
cross_target_adapted_cp,sandia,luh,luh,xgboost,100,0.9,residual_mean,20.0,15.0,0.9385915492957746,0.06014056020107232,0.06171830985915491,0.035687702896709375,0.8627770294611858,0.07776316587241826,0.9693820569779362,0.03703500907072451,1.0,0.0,1501.3696368465598,390.98823727752483,1501.3696368465598,390.9882372775247,1736.2417615838858,246.6494686572414,298.50035388844157,36.096528138988276,60.55216014826628,6.3909058200423035,0.15825952051809072,0.17346970232998418,750.6848184232799,195.49411863876236,1.0,1.0,0.0,303.2912246413491,93.94648413630802,0.99375,0.03369698521485483,1.0,0.0,0.8245833333333333,0.17033988848601378,0.9957142857142857,0.023106504147329027,0.8830555555555556,0.11355992565734252,0.8950422483812658,0.03128400261896635,0.9983330535142538,0.01064014194824452,0.7510712196954497,0.1353409652995329,0.9411725087313474,0.0715039794772941,0.11554761904761905,0.10989456866554684,470.03,48.52916544707831,34.0,20.0,15.0,71.0,35.0,0.0,36.0,0.0,100
cross_target_adapted_cp,sandia,luh,luh,xgboost,100,0.9,residual_mean,20.0,20.0,0.9057575757575758,0.06960241653273333,0.05606060606060606,0.041272799637841,0.8159555959366378,0.08504233999304331,0.950924147189949,0.046985068030543205,1.0,0.0,1316.1935954091975,332.8792982668951,1316.1935954091975,332.8792982668951,1687.411934372205,264.5441002772657,298.20556923994343,37.16450365558564,60.424432456628956,6.128558325710644,0.15778120444836077,0.19165308104805837,658.0967977045988,166.43964913344755,1.0,1.0,0.0,287.4793232487681,86.83149924821379,0.984090909090909,0.061418453222084134,1.0,0.0,0.7331818181818182,0.18530348643594374,0.9893939393939394,0.04094563548138941,0.8221212121212121,0.1235356576239625,0.8809122098583103,0.05157060669121053,0.9958174592137745,0.022809668364023847,0.6697468553267281,0.13878464837970844,0.9073204129231952,0.08339598734389474,0.16727272727272727,0.120404410178095,476.89,58.21657492466896,34.0,20.0,20.0,66.0,33.0,0.0,33.0,0.0,100
cross_target_adapted_cp,sandia,luh,luh,xgboost,100,0.95,residual_mean,5.0,5.0,0.846875,0.13020096780514415,0.1145833333333333,0.12013542209045994,0.769520522889369,0.14485881373763718,0.8975370380343687,0.10616027374962692,1.0,0.0,1197.401359661514,435.8417201426724,1197.401359661514,435.84172014267233,2427.091338678452,1176.819513843072,309.4074404397094,42.51824372850091,61.25383432810935,6.200367182743409,0.09051906451175927,0.1955942859666063,inf,,0.0,1.0,0.0,287.1800736581437,144.7154952543354,0.88375,0.23178088801819927,0.9890625,0.04708496745622253,0.6678125,0.25587536515594245,0.9204166666666667,0.16254855529435758,0.7733333333333333,0.18570927522501823,0.830526982542026,0.18133370664759318,0.9480004917637135,0.12145540029582784,0.651438561607328,0.19242519154724544,0.8547200341751943,0.15352895672450947,0.215,0.17079483429212788,477.89,34.05251292289068,34.0,5.0,5.0,96.0,48.0,0.0,48.0,0.0,100
cross_target_adapted_cp,sandia,luh,luh,xgboost,100,0.95,residual_mean,5.0,10.0,0.9028571428571429,0.1125087050061672,0.07621978021978022,0.09505246131480952,0.8336876847345127,0.12943052414828804,0.9393919463856467,0.08742083474471594,1.0,0.0,1458.477133417623,507.87680972055244,1458.477133417623,507.87680972055244,2233.627216433261,914.9969347243236,312.731861676622,49.43404881110277,61.56903613835231,6.891825530951112,0.06536526454483496,0.24550891331407565,inf,,0.0,1.0,0.0,286.54780504537865,160.73636115621528,0.9445161290322581,0.16708898658493387,0.9926666666666667,0.05577331061833111,0.77,0.24552104515482362,0.9606666666666667,0.11754036593079431,0.846304347826087,0.17372780539009977,0.8737491101125658,0.13341577629511056,0.9751198835881998,0.08437929382651024,0.7326605000874568,0.18713861886844116,0.9065663755667478,0.1360869855719474,0.15652657004830917,0.16182824689410785,468.92,33.39197266385797,34.0,5.0,10.0,91.0,45.0,0.0,46.0,0.0,100
cross_target_adapted_cp,sandia,luh,luh,xgboost,100,0.95,residual_mean,5.0,15.0,0.9343023255813954,0.07658661866390998,0.051511627906976755,0.058601756698883095,0.8676805368313113,0.09272897115349567,0.9637841452937473,0.05481481357787962,1.0,0.0,1546.4083028880268,428.04689332765594,1546.4083028880268,428.0468933276558,2021.4554817566782,610.1129464580721,314.21139030365293,49.386325616754476,61.806775548592896,6.866615653132109,0.07559261039862371,0.2265450173802341,inf,,0.0,1.0,0.0,303.02184211314056,157.30974613960458,0.9755172413793103,0.06884262823466529,1.0,0.0,0.8296551724137932,0.19394130813742033,0.9834883720930233,0.04642874927454172,0.8851162790697674,0.1307976264182602,0.8950790505702009,0.061439981139003945,0.9925961211012317,0.024442026307017826,0.7693176235722362,0.14875341584024399,0.9377483140361775,0.09308527371155763,0.10069767441860465,0.12082063481986344,480.26,42.069836119375495,34.0,5.0,15.0,86.0,43.0,0.0,43.0,0.0,100
cross_target_adapted_cp,sandia,luh,luh,xgboost,100,0.95,residual_mean,5.0,20.0,0.9462962962962963,0.0560521514022709,0.04151851851851853,0.03760984291442346,0.8789264473314853,0.07171667767064514,0.973251261597359,0.035952122724551144,1.0,0.0,1651.9108322480997,407.1451025317199,1651.9108322480997,407.14510253171994,1981.2164223876755,352.6564668294724,315.00815420002044,56.664350617085105,62.03069146532912,7.257560491616666,0.05180048616067379,0.3119918145554358,825.9554161240499,203.57255126585997,1.0,1.0,0.0,294.8669130668389,164.59792638022478,0.9781481481481481,0.08105780406089338,0.9996296296296296,0.0037037037037037186,0.8611111111111112,0.13901665154913614,0.985,0.05561865103932621,0.9085365853658537,0.09154755102016283,0.8928631717966418,0.07036655192263155,0.9921438750419901,0.03146035233736886,0.7909574421791925,0.11233826112193789,0.9561190553530401,0.05620638052631527,0.09073170731707318,0.09002152441521441,464.66,39.37625290615263,34.0,5.0,20.0,81.0,40.0,0.0,41.0,0.0,100
cross_target_adapted_cp,sandia,luh,luh,xgboost,100,0.95,residual_mean,10.0,5.0,0.8449450549450549,0.1604431717038994,0.12452747252747251,0.1456924992674223,0.7684921984848342,0.1757742789142571,0.8934545996837912,0.13314808767720124,1.0,0.0,1213.715846209254,488.1615946010502,1213.715846209254,488.16159460105035,2363.0001653328263,1018.5639126427674,304.37211089057905,37.81586919483481,61.26299616783709,6.049293999780186,0.1439292119282759,0.16991291150293492,inf,,0.0,1.0,0.0,306.6853689086139,110.0888563686591,0.8570967741935483,0.2702116326264028,0.9926666666666667,0.040084086702006916,0.6846666666666666,0.258954992211043,0.8986666666666666,0.19591335495241077,0.7923913043478261,0.17463549438546916,0.8040999442760876,0.21388789104100642,0.9305218476675563,0.14911972881607488,0.6695165185688002,0.18874119929617325,0.8701948108441974,0.13525667099231742,0.16535748792270533,0.13568822158067634,470.63,36.62660483607758,34.0,10.0,5.0,91.0,45.0,0.0,46.0,0.0,100
cross_target_adapted_cp,sandia,luh,luh,xgboost,100,0.95,residual_mean,10.0,10.0,0.9136046511627908,0.08472912060555815,0.06023255813953488,0.06965930073249661,0.8414371944408799,0.10094034061944972,0.9504021293392629,0.0619120850221796,1.0,0.0,1391.657619422689,439.813682781827,1391.657619422689,439.8136827818271,2050.192640572103,594.5222235843429,307.20204784049366,36.07002292636406,61.961057661913195,5.460571136273038,0.1269797574073496,0.19398859801436982,inf,,0.0,1.0,0.0,308.148788122169,112.41859104834825,0.9658620689655173,0.09685167618830866,0.9992857142857143,0.007142857142857142,0.7786206896551724,0.20030004277474564,0.9765116279069767,0.06810284179774274,0.8506976744186047,0.13508607535971215,0.8870092687873552,0.08462735264357583,0.9878567373476932,0.04129810875792304,0.7271966606097545,0.1519876066506615,0.91667739368583,0.09741137972002224,0.13232558139534883,0.12392944220680134,475.94,41.174381561472146,34.0,10.0,10.0,86.0,43.0,0.0,43.0,0.0,100
cross_target_adapted_cp,sandia,luh,luh,xgboost,100,0.95,residual_mean,10.0,15.0,0.9409876543209876,0.054158061507799934,0.04103703703703704,0.03625037284209064,0.871491535351786,0.06952782418485955,0.9705496199162174,0.03447137863265587,1.0,0.0,1532.4973212137388,383.5141126661279,1532.4973212137388,383.514112666128,1930.9407239775621,372.9236262000534,305.01814075381225,37.02429445572988,61.01460782530223,6.079925445685527,0.13112595540023902,0.15375802626527285,inf,,0.0,1.0,0.0,303.3905618401771,112.78405639782873,0.985925925925926,0.052847057790300425,0.9996296296296296,0.0037037037037037017,0.8374074074074074,0.1453052139039727,0.9902500000000001,0.03690949208619112,0.8929268292682927,0.09568879940017713,0.8989801543630991,0.049424025226209665,0.9956068656629613,0.018134266952415934,0.7711581285606983,0.11547391044574742,0.9473733565285116,0.06077588356090184,0.10145731707317072,0.09310604681828044,479.5,44.477323696826936,34.0,10.0,15.0,81.0,40.0,0.0,41.0,0.0,100
cross_target_adapted_cp,sandia,luh,luh,xgboost,100,0.95,residual_mean,10.0,20.0,0.9572368421052632,0.043634790425813134,0.03597368421052633,0.02548956835802061,0.8896654395076685,0.05827215707394477,0.9808096373077653,0.02532294625286466,1.0,0.0,1661.8138867071043,343.0438651675845,1661.8138867071043,343.0438651675845,1920.0904223730738,233.55544045255724,306.42519284735505,44.54916957037737,60.969766325620405,6.490736619737638,0.12029464377289212,0.2315776655792228,830.9069433535522,171.52193258379225,1.0,1.0,0.0,302.27883684916566,123.68205634501172,0.99,0.048471959018274405,0.9992,0.00799999999999999,0.8812000000000001,0.11476176465296542,0.9926315789473683,0.03627959734127701,0.9218421052631579,0.07550116095589832,0.8983180954131247,0.04697829577218919,0.9964881817877737,0.019145922386812394,0.8003193085663999,0.09616231623955175,0.9659063657674889,0.04184754727944183,0.07710526315789475,0.07398501296044498,479.57,47.9373022759411,34.0,10.0,20.0,76.0,38.0,0.0,38.0,0.0,100
cross_target_adapted_cp,sandia,luh,luh,xgboost,100,0.95,residual_mean,15.0,5.0,0.8268604651162791,0.14199821367830712,0.13530232558139532,0.13033943062772937,0.7428184203033191,0.1586486808324737,0.8829505814245363,0.11390963816463491,1.0,0.0,1130.6659189464892,462.9179146602287,1130.6659189464892,462.91791466022875,2474.7525571729816,1063.084602525688,303.21003741093347,34.958533118071415,61.273792886012416,5.947471319734602,0.1518687584928916,0.15335217812796256,inf,,0.0,1.0,0.0,296.09211615254634,99.28787396792926,0.8482758620689655,0.25158787817125633,0.9960714285714286,0.026325409985114272,0.6420689655172415,0.25489738254179656,0.8967441860465116,0.17131990215551707,0.7569767441860464,0.1767520676259072,0.7940376468131214,0.1940777429359587,0.9343769000225997,0.12212527180060219,0.6248047592982036,0.18749854474691557,0.8469995046252851,0.13869305060472295,0.18953488372093022,0.15484042987563498,479.03,40.0233404125365,34.0,15.0,5.0,86.0,43.0,0.0,43.0,0.0,100
cross_target_adapted_cp,sandia,luh,luh,xgboost,100,0.95,residual_mean,15.0,10.0,0.9116049382716049,0.0899672708405945,0.06686419753086419,0.0711842720254879,0.8369226091128309,0.1072786902673443,0.9490139003114476,0.06537426724094984,1.0,0.0,1406.7824339009346,424.67521012143465,1406.7824339009346,424.67521012143453,2023.8124695994454,433.5335880468399,302.4122283804559,33.74878273867823,61.11513882486287,5.356143297886891,0.16129560527392534,0.15326109662199616,inf,,0.0,1.0,0.0,305.68667682569793,95.23107807917734,0.9551851851851851,0.1285476732666993,0.9985185185185185,0.011676594212022379,0.7811111111111111,0.1947827210872043,0.96875,0.09005995477761163,0.8558536585365853,0.1282715480330369,0.8726698379777156,0.10706124138184916,0.982684910899828,0.05829663366719434,0.7296358781802315,0.14851080847842,0.9211012023567997,0.08712710230526172,0.12449390243902439,0.11907961338796157,470.32,42.809863868557734,34.0,15.0,10.0,81.0,40.0,0.0,41.0,0.0,100
cross_target_adapted_cp,sandia,luh,luh,xgboost,100,0.95,residual_mean,15.0,15.0,0.9401315789473683,0.0630163829757774,0.04913157894736842,0.04038736128846897,0.8686877386239867,0.08083804822743781,0.9692228029436756,0.039620046256959834,1.0,0.0,1563.402151401875,421.80750140160654,1563.4021514018752,421.8075014016066,1993.628872045482,320.98129704591463,301.09124424258033,31.819409444622046,61.03272368852597,5.454253507960299,0.1587097932932088,0.14379700241138138,inf,,0.0,1.0,0.0,293.87954808597476,93.63798086156655,0.9915384615384616,0.04289867661922769,0.9992,0.007999999999999985,0.8276,0.17474437318436312,0.9936842105263157,0.03018359742821976,0.8865789473684211,0.1149634034107652,0.8994843519969785,0.0402501727825376,0.9972339044287079,0.01481157162571398,0.7602551082143715,0.13729185188236076,0.9419192620891111,0.07264383208724055,0.10763157894736843,0.1107106510729812,482.92,44.1763408501552,34.0,15.0,15.0,76.0,38.0,0.0,38.0,0.0,100
cross_target_adapted_cp,sandia,luh,luh,xgboost,100,0.95,residual_mean,15.0,20.0,0.9536619718309859,0.0436894988468219,0.036676056338028194,0.0237402083073649,0.8811712621247156,0.058475819750644004,0.9795816015298804,0.02483638172919204,1.0,0.0,1630.134878008255,354.88415433331363,1630.134878008255,354.8841543333137,1925.0814405780868,269.25771806612164,301.32456638090036,32.69889431732866,60.743838943149,5.997296536929987,0.1571276099304443,0.13824352891338454,815.0674390041276,177.44207716665684,1.0,1.0,0.0,303.02844731798467,87.80618005058969,0.99875,0.007143608666573536,0.9995652173913043,0.004347826086956518,0.8645833333333333,0.12679339199519654,0.9988571428571429,0.006939381786844622,0.9097222222222223,0.08452892799679776,0.899298714256589,0.010818006818510905,0.99974063854432,0.0017249407867317057,0.7806513508599302,0.10475256675811344,0.9597833840418286,0.048920095463350015,0.08913492063492065,0.08338341829987042,474.26,55.766761759776934,34.0,15.0,20.0,71.0,35.0,0.0,36.0,0.0,100
cross_target_adapted_cp,sandia,luh,luh,xgboost,100,0.95,residual_mean,20.0,5.0,0.8432098765432099,0.14124826721686892,0.12596296296296294,0.12427171554380353,0.7594672326957965,0.16027118570068366,0.895872748167879,0.11019328921405552,1.0,0.0,1167.6488468465207,457.6819551693287,1167.6488468465207,457.68195516932866,2374.4464317368247,847.1588234575639,297.9514737487503,33.19460805796988,60.820831577750376,5.840438253027555,0.17497447311881328,0.14694908970503048,inf,,0.0,1.0,0.0,301.89516820053234,81.09547550522684,0.8725925925925925,0.2422866134662478,0.9966666666666667,0.01402199591555623,0.6603703703703704,0.26078090149167416,0.91175,0.16950071511425083,0.7763414634146342,0.17173376439695612,0.8079643666702361,0.19099992049240402,0.9433792447437983,0.11987101606551231,0.6430610374487061,0.18825561734323795,0.8622748859566787,0.12713675100554642,0.17566463414634145,0.15497414285015057,474.21,44.81799219334157,34.0,20.0,5.0,81.0,40.0,0.0,41.0,0.0,100
cross_target_adapted_cp,sandia,luh,luh,xgboost,100,0.95,residual_mean,20.0,10.0,0.8903947368421052,0.09183058838416325,0.07576315789473682,0.07888912879293279,0.806744701892493,0.10784659263398,0.9364781910316485,0.06765143097838847,1.0,0.0,1282.5888870214517,423.23454649957927,1282.5888870214517,423.23454649957927,2198.131607268351,666.265448369832,297.63036065247906,30.700835413680327,60.27258223580078,5.474263021998861,0.17108999020586116,0.1311605163049491,inf,,0.0,1.0,0.0,290.2200885405126,81.21350127510695,0.9684615384615384,0.11471965866265912,0.9995999999999999,0.004,0.7,0.22837148542130942,0.978157894736842,0.07890792918831516,0.8026315789473684,0.1502443983034931,0.880302530711199,0.09170976635210107,0.9882140321488607,0.05288633255121354,0.6627528392618248,0.16369317516342977,0.8869411878647954,0.11061160564646356,0.1844736842105263,0.14357807859161778,488.53,44.20600420848743,34.0,20.0,10.0,76.0,38.0,0.0,38.0,0.0,100
cross_target_adapted_cp,sandia,luh,luh,xgboost,100,0.95,residual_mean,20.0,15.0,0.9385915492957746,0.06014056020107232,0.04632394366197183,0.039758908569849746,0.8627770294611858,0.07776316587241826,0.9693820569779362,0.03703500907072451,1.0,0.0,1501.3696368465598,390.98823727752483,1501.3696368465598,390.9882372775247,1971.1138863212109,354.1412669605736,298.50035388844157,36.096528138988276,60.55216014826628,6.3909058200423035,0.15825952051809072,0.17346970232998418,inf,,0.0,1.0,0.0,303.2912246413491,93.94648413630802,0.99375,0.03369698521485483,1.0,0.0,0.8245833333333333,0.17033988848601378,0.9957142857142857,0.023106504147329027,0.8830555555555556,0.11355992565734252,0.8950422483812658,0.03128400261896635,0.9983330535142538,0.01064014194824452,0.7510712196954497,0.1353409652995329,0.9411725087313474,0.0715039794772941,0.11554761904761905,0.10989456866554684,470.03,48.52916544707831,34.0,20.0,15.0,71.0,35.0,0.0,36.0,0.0,100
cross_target_adapted_cp,sandia,luh,luh,xgboost,100,0.95,residual_mean,20.0,20.0,0.9553030303030303,0.04734733699251436,0.037545454545454576,0.029090829379545918,0.8799465584397365,0.0625080962750562,0.9805738404009632,0.027587121059062945,1.0,0.0,1676.4955746090977,337.0169700685215,1676.4955746090977,337.01697006852146,1964.435126972754,291.59726355758835,298.20556923994343,37.16450365558564,60.424432456628956,6.128558325710644,0.15778120444836077,0.19165308104805837,838.2477873045489,168.50848503426073,1.0,1.0,0.0,287.4793232487681,86.83149924821379,0.9981818181818182,0.011039925569980097,1.0,0.0,0.8677272727272727,0.13752110539325715,0.9987878787878788,0.007359950379986729,0.9118181818181819,0.09168073692883814,0.893833732826533,0.011393807483974627,0.9997248029583905,0.001830399401802818,0.7765141204129113,0.1114036148898874,0.9612416816112145,0.054172211568218595,0.08696969696969696,0.08917382747023093,476.89,58.21657492466896,34.0,20.0,20.0,66.0,33.0,0.0,33.0,0.0,100
cross_target_adapted_cp,sandia,matr,matr,xgboost,100,0.9,residual_mean,5.0,5.0,0.834873949579832,0.13111449911097403,0.10779831932773108,0.09867826790824262,0.7654048592696696,0.1463009353158103,0.8833988977447624,0.10825419804450319,1.0,0.0,1712.5364255966165,751.6430224053533,1712.5364255966165,751.6430224053531,2795.891659024244,600.3286929314256,408.56843511956896,99.04778858719065,53.613840716877036,16.73843590464066,-1.298120839731384,0.9600115419430217,inf,,0.0,1.0,0.0,-1216.98570631727,425.41526837742526,0.8190000000000001,0.17211254246198116,0.9271794871794872,0.07957277058771614,0.76075,0.25722526287008796,0.848813559322034,0.13639720554020204,0.8211666666666666,0.182479723824821,0.7470081168047735,0.15303465175798495,0.9079734952141654,0.10451720887610277,0.7216438758632322,0.1977829966006372,0.882039071110832,0.14680725658689373,0.1231045197740113,0.14406865987076778,738.26,22.449323402101005,34.0,5.0,5.0,119.0,59.0,0.0,60.0,0.0,100
cross_target_adapted_cp,sandia,matr,matr,xgboost,100,0.9,residual_mean,5.0,10.0,0.904298245614035,0.09093943317847661,0.07184210526315787,0.055454663696821505,0.842712576527707,0.10695508107574025,0.9395248543603455,0.069532666901512,1.0,0.0,2086.073860181951,830.3075103649592,2086.073860181951,830.3075103649593,2724.47521232022,633.195998354903,402.3155333801285,99.5736474408687,53.5395244093052,17.363175548099505,-1.2545466874639053,1.082105440691429,1043.0369300909756,415.15375518247964,1.0,1.0,0.0,-1212.602482380868,489.637187423473,0.8942105263157895,0.11667176302859475,0.9578947368421052,0.061914031718601804,0.8607894736842105,0.1670353933474565,0.9085964912280702,0.09956504328763748,0.9,0.11771420233721738,0.8151625553629056,0.11889498491268374,0.9504338143309232,0.06920361492207014,0.8070327662362672,0.1390197504710876,0.9424561658813496,0.08285149246468114,0.08333333333333334,0.08671675905475099,744.05,25.209576102598934,34.0,5.0,10.0,114.0,57.0,0.0,57.0,0.0,100
cross_target_adapted_cp,sandia,matr,matr,xgboost,100,0.9,residual_mean,5.0,15.0,0.9388990825688073,0.06130397773634443,0.06370642201834863,0.03445427841005768,0.8819395502986771,0.07577062750459213,0.9659757549441966,0.043065375027613345,1.0,0.0,2368.02562170946,615.5259190934172,2368.02562170946,615.5259190934171,2708.521137223993,425.36947229077515,395.41501608076703,89.7292658272519,52.682357623567526,13.314360404725429,-1.192148110530973,0.9028349726099011,1184.01281085473,307.76295954670854,1.0,1.0,0.0,-1246.4372118353117,463.31551300457505,0.9260597439544809,0.08137603776089573,0.981373015873016,0.0339804968579214,0.9097222222222221,0.12654919779980253,0.9388888888888889,0.06966388822189817,0.9389090909090909,0.08435590984535038,0.8486967068631519,0.08972878144887145,0.9707846991459502,0.041147946536224375,0.850769878667421,0.10189704298573109,0.9697400299519802,0.05707912275311339,0.06175084175084176,0.07138510751718763,736.13,25.450548207070206,34.0,5.0,15.0,109.0,54.0,0.0,55.0,0.0,100
cross_target_adapted_cp,sandia,matr,matr,xgboost,100,0.9,residual_mean,5.0,20.0,0.8973076923076923,0.07250934865395652,0.05430769230769231,0.04781015342399724,0.8278888672856612,0.0849938206818607,0.9384212411245366,0.055313348501425684,1.0,0.0,1929.1379345887422,594.5799903085284,1929.1379345887426,594.5799903085284,2574.2601004116445,512.4024231730884,393.7933609802673,87.22780002478864,51.95903802900388,13.563809749835778,-1.165639936965522,0.8740462722946735,964.5689672943713,297.2899951542642,1.0,1.0,0.0,-1218.6678636764789,483.3051561281955,0.8760793650793651,0.09878135808630975,0.9552762923351159,0.05458767138178066,0.8622857142857143,0.12525825722848263,0.8930769230769231,0.08837281453148296,0.9015384615384616,0.08988001618372427,0.7875425616150272,0.10580580338517273,0.944530003524521,0.0604140706882286,0.7989301576975015,0.10974410562607953,0.948901308061489,0.05873734859981653,0.08153846153846153,0.06405126152203484,745.6,30.557116580878056,34.0,5.0,20.0,104.0,52.0,0.0,52.0,0.0,100
cross_target_adapted_cp,sandia,matr,matr,xgboost,100,0.9,residual_mean,10.0,5.0,0.8389473684210526,0.15218739664161776,0.11557894736842104,0.11589931370235447,0.7703445463075498,0.16722960899907247,0.8854518157995092,0.12797485682053333,1.0,0.0,1718.9731828359988,861.0418820893638,1718.9731828359988,861.0418820893636,2819.5060470084863,754.5259799043289,373.708589831654,57.524429776958264,48.55436354106684,7.521219710090897,-1.0230296450397325,0.6419846019691781,inf,,0.0,1.0,0.0,-1205.2103862398367,471.741526899266,0.8073954116059379,0.2087654201309472,0.9118349928876245,0.12833926898291687,0.7976315789473684,0.2110803117549732,0.8342105263157894,0.18013171642907977,0.8436842105263157,0.16985799015749173,0.7325438774726797,0.18757622526659068,0.8936738487045396,0.1528506050177215,0.7435226753844628,0.1847546272124003,0.9004461044481737,0.13577766521808798,0.10175438596491228,0.1399515851258712,744.13,24.53101726551118,34.0,10.0,5.0,114.0,57.0,0.0,57.0,0.0,100
cross_target_adapted_cp,sandia,matr,matr,xgboost,100,0.9,residual_mean,10.0,10.0,0.9056880733944955,0.0853990375069332,0.0688440366972477,0.050381558687344286,0.8419875033499834,0.10106796910783473,0.9417669865714187,0.06439677128225381,1.0,0.0,2064.5641615847508,740.9916113273899,2064.5641615847508,740.9916113273899,2641.9214470862935,512.2365971177928,382.5765696732702,64.65308509935377,50.28679556789077,10.84502588944485,-1.0780924428765235,0.6938612223919902,1032.2820807923754,370.49580566369497,1.0,1.0,0.0,-1219.6878401435954,441.3726250219833,0.8921692745376956,0.09561857744328885,0.9558333333333333,0.07460823815537033,0.8694444444444445,0.13639740613570586,0.9057407407407407,0.08582023086432393,0.9056363636363636,0.10445282757340336,0.8072842674205097,0.10840301006095884,0.9503038172064704,0.05258329725656589,0.8097653386107484,0.12477636974718022,0.9485435288829899,0.07158791742332325,0.06481818181818182,0.05657633423415973,734.75,27.29242134047954,34.0,10.0,10.0,109.0,54.0,0.0,55.0,0.0,100
cross_target_adapted_cp,sandia,matr,matr,xgboost,100,0.9,residual_mean,10.0,15.0,0.9420192307692308,0.05170742505549221,0.05905769230769229,0.030562503624811683,0.8834963074929398,0.06602468355820762,0.969051506728183,0.034128087021294364,1.0,0.0,2311.609946087336,631.4396631655299,2311.609946087336,631.4396631655299,2642.7682114714285,452.4701892324689,373.0142298730844,52.09693165214481,48.33232118412207,5.0578148096706235,-1.0430194909097543,0.647498144031862,1155.804973043668,315.7198315827649,1.0,1.0,0.0,-1204.410471438546,472.5295375376007,0.9269444444444445,0.06770723892359257,0.9743939393939394,0.03893062683476651,0.9257142857142857,0.09922395226222126,0.9376923076923077,0.060327042865456,0.9463461538461538,0.07269329435326499,0.843480197211039,0.0800256912295048,0.9716847530128415,0.03303425724315811,0.8568676851398468,0.09232092448475647,0.9744143225357361,0.04412581571377944,0.06288461538461539,0.05686764925690576,741.6,30.750872534225145,34.0,10.0,15.0,104.0,52.0,0.0,52.0,0.0,100
cross_target_adapted_cp,sandia,matr,matr,xgboost,100,0.9,residual_mean,10.0,20.0,0.9065656565656566,0.06676174994274149,0.05086868686868687,0.043438619009716684,0.8367118888437046,0.0794467628151073,0.9460463579092238,0.04948569342976399,1.0,0.0,1955.5614469549075,554.1511618943991,1955.5614469549078,554.1511618943991,2517.763806022346,433.8421071823182,373.8894204959291,54.47554121151705,48.395436538511106,5.053913084340228,-1.0460018877443926,0.7519648420009043,977.7807234774539,277.07558094719957,1.0,1.0,0.0,-1209.854040467702,464.8818337559821,0.8846345811051693,0.07831295106712564,0.9542424242424242,0.0605287232304023,0.880909090909091,0.11599221088449617,0.8983673469387754,0.07547258753154168,0.9146,0.08569879128834214,0.7889805368975827,0.0945485540135949,0.9498332822377606,0.046094860390222,0.8122228461411134,0.10435352122328342,0.9578157246575055,0.05589755068363004,0.07282857142857142,0.05652423797177428,744.54,31.533346146451336,34.0,10.0,20.0,99.0,49.0,0.0,50.0,0.0,100
cross_target_adapted_cp,sandia,matr,matr,xgboost,100,0.9,residual_mean,15.0,5.0,0.8534862385321101,0.13386898776685985,0.10053211009174312,0.09948616305625817,0.7835420227527125,0.14950358437825845,0.8993630088319012,0.10968410191190944,1.0,0.0,1723.4029530343641,757.7038613367906,1723.4029530343637,757.7038613367906,2688.3529826879158,633.1312757803128,369.0669708467482,47.11031200622876,48.091833021739205,5.112723810452655,-0.9658424761345212,0.5222436061132832,inf,,0.0,1.0,0.0,-1222.300359819292,422.5053215227964,0.8266002844950213,0.17073310967961242,0.9360952380952381,0.08981390133429278,0.7986111111111112,0.2149618894524033,0.8546296296296296,0.1385892765374908,0.8523636363636363,0.15722104598391237,0.7491339083440267,0.1569594674584794,0.9130208986211338,0.10337933017319047,0.7499470842854088,0.1749888098770461,0.9087721381273499,0.12033539390575466,0.09003703703703705,0.08992439321813996,738.09,27.20520412187953,34.0,15.0,5.0,109.0,54.0,0.0,55.0,0.0,100
cross_target_adapted_cp,sandia,matr,matr,xgboost,100,0.9,residual_mean,15.0,10.0,0.9174038461538462,0.090439102672528,0.06824999999999998,0.061482282413262174,0.8548707063075787,0.10505379443960536,0.9502000053595725,0.07018045272590531,1.0,0.0,2129.878475256672,743.8647944979865,2129.878475256672,743.8647944979865,2631.0703818976126,603.8460076902306,364.53778838519605,49.38758330541045,47.45826541692002,5.429519659235949,-0.9509966874488772,0.5947406447327171,1064.939237628336,371.93239724899325,1.0,1.0,0.0,-1218.2970639836255,436.07006498725315,0.9026269841269842,0.09262053416101823,0.9694028520499108,0.04302351770212107,0.8817142857142857,0.1675865769415172,0.9171153846153847,0.08000316584196725,0.9176923076923077,0.11810696792455895,0.8183321366241617,0.10081237571438709,0.958510032547893,0.04919850361574501,0.8223145499829217,0.13295679362174118,0.9556020896859131,0.0889947459180401,0.05749999999999999,0.06814168623467419,744.41,28.00977282552241,34.0,15.0,10.0,104.0,52.0,0.0,52.0,0.0,100
cross_target_adapted_cp,sandia,matr,matr,xgboost,100,0.9,residual_mean,15.0,15.0,0.9289898989898989,0.06956020348826605,0.06404040404040404,0.03930554467815583,0.8661215270444745,0.0850977771906178,0.9598099695914724,0.049414752373633866,1.0,0.0,2212.481386650643,634.4099120606843,2212.481386650643,634.4099120606843,2634.6737251156405,478.65750815659044,372.5865964757346,53.89761758042709,48.92387993587886,7.998530007979275,-0.9974323399917431,0.6057122781866091,1106.2406933253214,317.20495603034215,1.0,1.0,0.0,-1228.3749738868835,441.98660208784366,0.9109536541889482,0.08234621568344538,0.9663814616755794,0.06058223588366883,0.9096969696969697,0.10654966173663477,0.9230612244897959,0.07646248599724648,0.9348000000000001,0.08382858893738057,0.8219240031884713,0.09803139092727498,0.9626871889567988,0.04461158734969407,0.8391607894154602,0.10215107086875472,0.9683953383781712,0.055212815829769266,0.05664489795918368,0.05758162904564883,740.69,33.34869191625438,34.0,15.0,15.0,99.0,49.0,0.0,50.0,0.0,100
cross_target_adapted_cp,sandia,matr,matr,xgboost,100,0.9,residual_mean,15.0,20.0,0.9055319148936171,0.06911429309592211,0.0551063829787234,0.041717015548850676,0.8334741797659837,0.08270865197053937,0.9457456000588316,0.05047951740803443,1.0,0.0,1937.8215919439617,556.9456042799106,1937.821591943962,556.9456042799106,2511.4827836903114,466.1899541385827,368.3974079842384,53.06497762004044,47.74642219056698,5.7285810463509765,-1.0126057146962482,0.6473943573105392,968.910795971981,278.4728021399553,1.0,1.0,0.0,-1211.4408931265725,427.8589147837276,0.8810511363636364,0.08397811904295509,0.9580537634408602,0.0727104013739982,0.8783870967741936,0.10829199927496863,0.8987234042553192,0.0762726907541,0.9123404255319149,0.08311004833944557,0.7864722589144215,0.09515287168330412,0.950721379296928,0.04667208217821084,0.8048699415654339,0.10269620657085334,0.9575000001920876,0.051935333392369505,0.06340425531914894,0.049689581510637765,748.74,34.11555526605294,34.0,15.0,20.0,94.0,47.0,0.0,47.0,0.0,100
cross_target_adapted_cp,sandia,matr,matr,xgboost,100,0.9,residual_mean,20.0,5.0,0.8167307692307691,0.14536153477945027,0.12919230769230772,0.10618160763302563,0.7407987791686491,0.16233758850449098,0.8700980013500321,0.11867033499633041,1.0,0.0,1510.27228712569,827.0656289603936,1510.27228712569,827.0656289603938,2876.426368912549,780.0713200589161,361.7448178288372,47.02919017659815,46.888187358867626,5.131358251928475,-0.8875641261507498,0.5195747907724227,inf,,0.0,1.0,0.0,-1215.4676964164676,427.3869552127566,0.7886746031746031,0.211781844593831,0.9213725490196079,0.08211989207538284,0.7431428571428572,0.22615953308511508,0.8203846153846154,0.16732030693095726,0.813076923076923,0.16214689133171023,0.7092797691660734,0.18064484885097393,0.8874095133791748,0.13329824758121434,0.7006168317625927,0.1795784755640002,0.8824624911567736,0.12384819582134304,0.10038461538461538,0.11802786945903714,744.82,28.85049585555007,34.0,20.0,5.0,104.0,52.0,0.0,52.0,0.0,100
cross_target_adapted_cp,sandia,matr,matr,xgboost,100,0.9,residual_mean,20.0,10.0,0.8873737373737375,0.10538798772606563,0.08165656565656565,0.06732395277038093,0.8177338881946195,0.12281637238829457,0.9280742798295992,0.08073319002061895,1.0,0.0,1922.3389659810186,818.3210981198216,1922.3389659810186,818.3210981198217,2691.198001059345,580.4503555922128,368.1138494422604,40.53672343941563,47.15395819685685,3.346661648036054,-0.9905236457568506,0.5641447857449212,961.1694829905093,409.16054905991086,1.0,1.0,0.0,-1195.5449264045974,433.49141734201936,0.8618805704099821,0.13774854535952946,0.9403030303030303,0.08345693035340083,0.86,0.1450266637864974,0.8797959183673469,0.11653032523274885,0.8948,0.11135964123940817,0.7708867212592867,0.13672811360384848,0.9334844454471037,0.08091457724728218,0.79096140786086,0.13317095361297676,0.9423025278634402,0.07492949581152111,0.06396734693877551,0.06004386523254967,738.98,29.955853039316576,34.0,20.0,10.0,99.0,49.0,0.0,50.0,0.0,100
cross_target_adapted_cp,sandia,matr,matr,xgboost,100,0.9,residual_mean,20.0,15.0,0.9417021276595744,0.05355517192492585,0.06051063829787233,0.03043464565574403,0.8791300981512891,0.06848148120860818,0.9695898718992442,0.03489768447954072,1.0,0.0,2303.85513910987,644.1844054224001,2303.85513910987,644.1844054224001,2602.1982449982984,491.11295093604,367.2959443186667,47.46970421304897,46.670035419235965,3.8622252026920774,-0.9654025997538027,0.6328720607689841,1151.927569554935,322.09220271120006,1.0,1.0,0.0,-1186.7957056086013,418.86423445982587,0.9157102272727273,0.0783615287207282,0.9812903225806451,0.032800906594209804,0.9290322580645162,0.07901579815429606,0.9321276595744681,0.0661651022881359,0.9512765957446808,0.0545429014161502,0.8295813109873516,0.08640052672416695,0.9693729468607012,0.03670119024683292,0.8547087448557078,0.07378326832612983,0.9796496898541492,0.02765489353010212,0.04382978723404255,0.04077747867849325,743.99,34.78519800144881,34.0,20.0,15.0,94.0,47.0,0.0,47.0,0.0,100
cross_target_adapted_cp,sandia,matr,matr,xgboost,100,0.9,residual_mean,20.0,20.0,0.9042696629213484,0.06591373375216689,0.053550561797752805,0.038293674435930965,0.8291719967141746,0.0796251929561621,0.9459127651375026,0.047100094257898434,1.0,0.0,1922.7428298763198,576.0056676798081,1922.7428298763198,576.0056676798081,2495.001242380116,461.91765023215197,366.1321542190897,46.081744310360534,47.657404437607696,4.758645182604271,-0.9510229654889326,0.579465330792389,961.3714149381599,288.00283383990404,1.0,1.0,0.0,-1230.5154542615267,434.0152729939633,0.88,0.09380352942419312,0.9655172413793103,0.04649654223884431,0.8693333333333334,0.11218471220302843,0.9002272727272727,0.07704789578737722,0.9082222222222223,0.08019523502156854,0.7834200905164644,0.0954187286603793,0.9527614739295881,0.047266441939241496,0.7961088807646607,0.10030532963177825,0.9561209028476434,0.04817978780759565,0.06748989898989899,0.05322168520922771,742.58,32.890752745439194,34.0,20.0,20.0,89.0,44.0,0.0,45.0,0.0,100
cross_target_adapted_cp,sandia,matr,matr,xgboost,100,0.95,residual_mean,5.0,5.0,0.834873949579832,0.13111449911097403,0.12774789915966384,0.1187203806930761,0.7654048592696696,0.1463009353158103,0.8833988977447624,0.10825419804450319,1.0,0.0,1712.5364255966165,751.6430224053533,1712.5364255966165,751.6430224053531,3879.2468924518685,1437.5157335683168,408.56843511956896,99.04778858719065,53.613840716877036,16.73843590464066,-1.298120839731384,0.9600115419430217,inf,,0.0,1.0,0.0,-1216.98570631727,425.41526837742526,0.8190000000000001,0.17211254246198116,0.9271794871794872,0.07957277058771614,0.76075,0.25722526287008796,0.848813559322034,0.13639720554020204,0.8211666666666666,0.182479723824821,0.7470081168047735,0.15303465175798495,0.9079734952141654,0.10451720887610277,0.7216438758632322,0.1977829966006372,0.882039071110832,0.14680725658689373,0.1231045197740113,0.14406865987076778,738.26,22.449323402101005,34.0,5.0,5.0,119.0,59.0,0.0,60.0,0.0,100
cross_target_adapted_cp,sandia,matr,matr,xgboost,100,0.95,residual_mean,5.0,10.0,0.904298245614035,0.09093943317847661,0.07036842105263157,0.07333482349910893,0.842712576527707,0.10695508107574025,0.9395248543603455,0.069532666901512,1.0,0.0,2086.073860181951,830.3075103649592,2086.073860181951,830.3075103649593,3362.8765644584887,1154.655835822701,402.3155333801285,99.5736474408687,53.5395244093052,17.363175548099505,-1.2545466874639053,1.082105440691429,inf,,0.0,1.0,0.0,-1212.602482380868,489.637187423473,0.8942105263157895,0.11667176302859475,0.9578947368421052,0.061914031718601804,0.8607894736842105,0.1670353933474565,0.9085964912280702,0.09956504328763748,0.9,0.11771420233721738,0.8151625553629056,0.11889498491268374,0.9504338143309232,0.06920361492207014,0.8070327662362672,0.1390197504710876,0.9424561658813496,0.08285149246468114,0.08333333333333334,0.08671675905475099,744.05,25.209576102598934,34.0,5.0,10.0,114.0,57.0,0.0,57.0,0.0,100
cross_target_adapted_cp,sandia,matr,matr,xgboost,100,0.95,residual_mean,5.0,15.0,0.9388990825688073,0.06130397773634443,0.04579816513761469,0.0419999320258849,0.8819395502986771,0.07577062750459213,0.9659757549441966,0.043065375027613345,1.0,0.0,2368.02562170946,615.5259190934172,2368.02562170946,615.5259190934171,3049.0166527385245,662.9748192005977,395.41501608076703,89.7292658272519,52.682357623567526,13.314360404725429,-1.192148110530973,0.9028349726099011,inf,,0.0,1.0,0.0,-1246.4372118353117,463.31551300457505,0.9260597439544809,0.08137603776089573,0.981373015873016,0.0339804968579214,0.9097222222222221,0.12654919779980253,0.9388888888888889,0.06966388822189817,0.9389090909090909,0.08435590984535038,0.8486967068631519,0.08972878144887145,0.9707846991459502,0.041147946536224375,0.850769878667421,0.10189704298573109,0.9697400299519802,0.05707912275311339,0.06175084175084176,0.07138510751718763,736.13,25.450548207070206,34.0,5.0,15.0,109.0,54.0,0.0,55.0,0.0,100
cross_target_adapted_cp,sandia,matr,matr,xgboost,100,0.95,residual_mean,5.0,20.0,0.9552884615384616,0.04217625890112241,0.03332692307692308,0.026176025549148937,0.9002557656147424,0.05509093036180449,0.9778851742018806,0.02670113841949701,1.0,0.0,2535.769353484226,601.8175588507584,2535.769353484226,601.8175588507584,2979.8392552280543,593.975158206503,393.7933609802673,87.22780002478864,51.95903802900388,13.563809749835778,-1.165639936965522,0.8740462722946735,1267.884676742113,300.9087794253792,1.0,1.0,0.0,-1218.6678636764789,483.3051561281955,0.9412142857142857,0.06499016781796788,0.9873529411764705,0.027809914652442386,0.9382857142857142,0.07871572739308759,0.953076923076923,0.05523245956035389,0.9575,0.053162984966363014,0.8643415052703941,0.0743695484775068,0.9794759915342907,0.029184407302182754,0.8703302769509118,0.07184501568472929,0.9817248269957541,0.027698608394227983,0.050576923076923075,0.045545639698648895,745.6,30.557116580878056,34.0,5.0,20.0,104.0,52.0,0.0,52.0,0.0,100
cross_target_adapted_cp,sandia,matr,matr,xgboost,100,0.95,residual_mean,10.0,5.0,0.8389473684210526,0.15218739664161776,0.12724561403508772,0.13879217203870936,0.7703445463075498,0.16722960899907247,0.8854518157995092,0.12797485682053333,1.0,0.0,1718.9731828359988,861.0418820893638,1718.9731828359988,861.0418820893636,3920.0389111809714,1799.6690356217937,373.708589831654,57.524429776958264,48.55436354106684,7.521219710090897,-1.0230296450397325,0.6419846019691781,inf,,0.0,1.0,0.0,-1205.2103862398367,471.741526899266,0.8073954116059379,0.2087654201309472,0.9118349928876245,0.12833926898291687,0.7976315789473684,0.2110803117549732,0.8342105263157894,0.18013171642907977,0.8436842105263157,0.16985799015749173,0.7325438774726797,0.18757622526659068,0.8936738487045396,0.1528506050177215,0.7435226753844628,0.1847546272124003,0.9004461044481737,0.13577766521808798,0.10175438596491228,0.1399515851258712,744.13,24.53101726551118,34.0,10.0,5.0,114.0,57.0,0.0,57.0,0.0,100
cross_target_adapted_cp,sandia,matr,matr,xgboost,100,0.95,residual_mean,10.0,10.0,0.9056880733944955,0.0853990375069332,0.06694495412844036,0.06891647416536897,0.8419875033499834,0.10106796910783473,0.9417669865714187,0.06439677128225381,1.0,0.0,2064.5641615847508,740.9916113273899,2064.5641615847508,740.9916113273899,3219.278732587835,936.6347059802542,382.5765696732702,64.65308509935377,50.28679556789077,10.84502588944485,-1.0780924428765235,0.6938612223919902,inf,,0.0,1.0,0.0,-1219.6878401435954,441.3726250219833,0.8921692745376956,0.09561857744328885,0.9558333333333333,0.07460823815537033,0.8694444444444445,0.13639740613570586,0.9057407407407407,0.08582023086432393,0.9056363636363636,0.10445282757340336,0.8072842674205097,0.10840301006095884,0.9503038172064704,0.05258329725656589,0.8097653386107484,0.12477636974718022,0.9485435288829899,0.07158791742332325,0.06481818181818182,0.05657633423415973,734.75,27.29242134047954,34.0,10.0,10.0,109.0,54.0,0.0,55.0,0.0,100
cross_target_adapted_cp,sandia,matr,matr,xgboost,100,0.95,residual_mean,10.0,15.0,0.9420192307692308,0.05170742505549221,0.04032692307692307,0.03309541120612336,0.8834963074929398,0.06602468355820762,0.969051506728183,0.034128087021294364,1.0,0.0,2311.609946087336,631.4396631655299,2311.609946087336,631.4396631655299,2973.9264768555204,535.8250678627479,373.0142298730844,52.09693165214481,48.33232118412207,5.0578148096706235,-1.0430194909097543,0.647498144031862,inf,,0.0,1.0,0.0,-1204.410471438546,472.5295375376007,0.9269444444444445,0.06770723892359257,0.9743939393939394,0.03893062683476651,0.9257142857142857,0.09922395226222126,0.9376923076923077,0.060327042865456,0.9463461538461538,0.07269329435326499,0.843480197211039,0.0800256912295048,0.9716847530128415,0.03303425724315811,0.8568676851398468,0.09232092448475647,0.9744143225357361,0.04412581571377944,0.06288461538461539,0.05686764925690576,741.6,30.750872534225145,34.0,10.0,15.0,104.0,52.0,0.0,52.0,0.0,100
cross_target_adapted_cp,sandia,matr,matr,xgboost,100,0.95,residual_mean,10.0,20.0,0.9571717171717172,0.04437017846483925,0.035262626262626266,0.0276523571224843,0.9013846261424137,0.05831794638308599,0.978805143995165,0.027596047209283353,1.0,0.0,2503.8039655564417,630.2771713051648,2503.8039655564417,630.2771713051646,2926.282539081837,497.0185109591104,373.8894204959291,54.47554121151705,48.395436538511106,5.053913084340228,-1.0460018877443926,0.7519648420009043,1251.9019827782208,315.1385856525823,1.0,1.0,0.0,-1209.854040467702,464.8818337559821,0.9445811051693405,0.06655896873025842,0.9824242424242425,0.034235231697864424,0.9445454545454546,0.08081439369280652,0.9536734693877551,0.05734679572231632,0.9606,0.058703500833434195,0.8614295334250819,0.07668535075344271,0.9799552616250555,0.030374204417405168,0.8726110359765018,0.07664283578742183,0.9828635557018482,0.03332837321222461,0.04988979591836734,0.05597089726759427,744.54,31.533346146451336,34.0,10.0,20.0,99.0,49.0,0.0,50.0,0.0,100
cross_target_adapted_cp,sandia,matr,matr,xgboost,100,0.95,residual_mean,15.0,5.0,0.8534862385321101,0.13386898776685985,0.1122201834862385,0.1208690475866638,0.7835420227527125,0.14950358437825845,0.8993630088319012,0.10968410191190944,1.0,0.0,1723.4029530343641,757.7038613367906,1723.4029530343637,757.7038613367906,3653.303012341466,1548.7517059833563,369.0669708467482,47.11031200622876,48.091833021739205,5.112723810452655,-0.9658424761345212,0.5222436061132832,inf,,0.0,1.0,0.0,-1222.300359819292,422.5053215227964,0.8266002844950213,0.17073310967961242,0.9360952380952381,0.08981390133429278,0.7986111111111112,0.2149618894524033,0.8546296296296296,0.1385892765374908,0.8523636363636363,0.15722104598391237,0.7491339083440267,0.1569594674584794,0.9130208986211338,0.10337933017319047,0.7499470842854088,0.1749888098770461,0.9087721381273499,0.12033539390575466,0.09003703703703705,0.08992439321813996,738.09,27.20520412187953,34.0,15.0,5.0,109.0,54.0,0.0,55.0,0.0,100
cross_target_adapted_cp,sandia,matr,matr,xgboost,100,0.95,residual_mean,15.0,10.0,0.9174038461538462,0.090439102672528,0.058711538461538454,0.07596452838036895,0.8548707063075787,0.10505379443960536,0.9502000053595725,0.07018045272590531,1.0,0.0,2129.878475256672,743.8647944979865,2129.878475256672,743.8647944979865,3132.2622885385526,1170.8042988538796,364.53778838519605,49.38758330541045,47.45826541692002,5.429519659235949,-0.9509966874488772,0.5947406447327171,inf,,0.0,1.0,0.0,-1218.2970639836255,436.07006498725315,0.9026269841269842,0.09262053416101823,0.9694028520499108,0.04302351770212107,0.8817142857142857,0.1675865769415172,0.9171153846153847,0.08000316584196725,0.9176923076923077,0.11810696792455895,0.8183321366241617,0.10081237571438709,0.958510032547893,0.04919850361574501,0.8223145499829217,0.13295679362174118,0.9556020896859131,0.0889947459180401,0.05749999999999999,0.06814168623467419,744.41,28.00977282552241,34.0,15.0,10.0,104.0,52.0,0.0,52.0,0.0,100
cross_target_adapted_cp,sandia,matr,matr,xgboost,100,0.95,residual_mean,15.0,15.0,0.9289898989898989,0.06956020348826605,0.050838383838383835,0.051709354441523254,0.8661215270444745,0.0850977771906178,0.9598099695914724,0.049414752373633866,1.0,0.0,2212.481386650643,634.4099120606843,2212.481386650643,634.4099120606843,3056.8660635806377,863.2702661355363,372.5865964757346,53.89761758042709,48.92387993587886,7.998530007979275,-0.9974323399917431,0.6057122781866091,inf,,0.0,1.0,0.0,-1228.3749738868835,441.98660208784366,0.9109536541889482,0.08234621568344538,0.9663814616755794,0.06058223588366883,0.9096969696969697,0.10654966173663477,0.9230612244897959,0.07646248599724648,0.9348000000000001,0.08382858893738057,0.8219240031884713,0.09803139092727498,0.9626871889567988,0.04461158734969407,0.8391607894154602,0.10215107086875472,0.9683953383781712,0.055212815829769266,0.05664489795918368,0.05758162904564883,740.69,33.34869191625438,34.0,15.0,15.0,99.0,49.0,0.0,50.0,0.0,100
cross_target_adapted_cp,sandia,matr,matr,xgboost,100,0.95,residual_mean,15.0,20.0,0.9530851063829787,0.04822256493885173,0.036042553191489385,0.03198190543375496,0.8937181279531714,0.06191551423854384,0.9768739607860436,0.03126252815563533,1.0,0.0,2420.8684898297965,590.315201748147,2420.868489829796,590.315201748147,2880.390358764479,537.9589840414689,368.3974079842384,53.06497762004044,47.74642219056698,5.7285810463509765,-1.0126057146962482,0.6473943573105392,1210.434244914898,295.1576008740735,1.0,1.0,0.0,-1211.4408931265725,427.8589147837276,0.9316477272727274,0.07657842477069747,0.9825806451612904,0.05155177220444247,0.9458064516129032,0.06752202509136758,0.9451063829787235,0.06668038324123453,0.961063829787234,0.05203382388346361,0.8474573541681384,0.08652987711646996,0.9754930679973595,0.03762516239006931,0.8681723099827073,0.06971798430716412,0.984281592900961,0.02727015969139448,0.05212765957446807,0.05018359824112887,748.74,34.11555526605294,34.0,15.0,20.0,94.0,47.0,0.0,47.0,0.0,100
cross_target_adapted_cp,sandia,matr,matr,xgboost,100,0.95,residual_mean,20.0,5.0,0.8167307692307691,0.14536153477945027,0.14769230769230768,0.13052476120151793,0.7407987791686491,0.16233758850449098,0.8700980013500321,0.11867033499633041,1.0,0.0,1510.27228712569,827.0656289603936,1510.27228712569,827.0656289603938,4242.580450699405,1963.851198763694,361.7448178288372,47.02919017659815,46.888187358867626,5.131358251928475,-0.8875641261507498,0.5195747907724227,inf,,0.0,1.0,0.0,-1215.4676964164676,427.3869552127566,0.7886746031746031,0.211781844593831,0.9213725490196079,0.08211989207538284,0.7431428571428572,0.22615953308511508,0.8203846153846154,0.16732030693095726,0.813076923076923,0.16214689133171023,0.7092797691660734,0.18064484885097393,0.8874095133791748,0.13329824758121434,0.7006168317625927,0.1795784755640002,0.8824624911567736,0.12384819582134304,0.10038461538461538,0.11802786945903714,744.82,28.85049585555007,34.0,20.0,5.0,104.0,52.0,0.0,52.0,0.0,100
cross_target_adapted_cp,sandia,matr,matr,xgboost,100,0.95,residual_mean,20.0,10.0,0.8873737373737375,0.10538798772606563,0.0853131313131313,0.08784329524015122,0.8177338881946195,0.12281637238829457,0.9280742798295992,0.08073319002061895,1.0,0.0,1922.3389659810186,818.3210981198216,1922.3389659810186,818.3210981198217,3460.05703613767,1298.211990270851,368.1138494422604,40.53672343941563,47.15395819685685,3.346661648036054,-0.9905236457568506,0.5641447857449212,inf,,0.0,1.0,0.0,-1195.5449264045974,433.49141734201936,0.8618805704099821,0.13774854535952946,0.9403030303030303,0.08345693035340083,0.86,0.1450266637864974,0.8797959183673469,0.11653032523274885,0.8948,0.11135964123940817,0.7708867212592867,0.13672811360384848,0.9334844454471037,0.08091457724728218,0.79096140786086,0.13317095361297676,0.9423025278634402,0.07492949581152111,0.06396734693877551,0.06004386523254967,738.98,29.955853039316576,34.0,20.0,10.0,99.0,49.0,0.0,50.0,0.0,100
cross_target_adapted_cp,sandia,matr,matr,xgboost,100,0.95,residual_mean,20.0,15.0,0.9417021276595744,0.05355517192492585,0.04048936170212768,0.035801658302566,0.8791300981512891,0.06848148120860818,0.9695898718992442,0.03489768447954072,1.0,0.0,2303.85513910987,644.1844054224001,2303.85513910987,644.1844054224001,2900.541350886726,617.846770102939,367.2959443186667,47.46970421304897,46.670035419235965,3.8622252026920774,-0.9654025997538027,0.6328720607689841,inf,,0.0,1.0,0.0,-1186.7957056086013,418.86423445982587,0.9157102272727273,0.0783615287207282,0.9812903225806451,0.032800906594209804,0.9290322580645162,0.07901579815429606,0.9321276595744681,0.0661651022881359,0.9512765957446808,0.0545429014161502,0.8295813109873516,0.08640052672416695,0.9693729468607012,0.03670119024683292,0.8547087448557078,0.07378326832612983,0.9796496898541492,0.02765489353010212,0.04382978723404255,0.04077747867849325,743.99,34.78519800144881,34.0,20.0,15.0,94.0,47.0,0.0,47.0,0.0,100
cross_target_adapted_cp,sandia,matr,matr,xgboost,100,0.95,residual_mean,20.0,20.0,0.9486516853932584,0.04915196073241644,0.03889887640449439,0.029821886379326132,0.8855793489122463,0.0636700686236029,0.9745967083622803,0.030993499124284358,1.0,0.0,2396.504576802696,637.1021353182196,2396.504576802696,637.1021353182193,2894.797091513487,464.42194492446544,366.1321542190897,46.081744310360534,47.657404437607696,4.758645182604271,-0.9510229654889326,0.579465330792389,1198.252288401348,318.55106765910966,1.0,1.0,0.0,-1230.5154542615267,434.0152729939633,0.9323333333333333,0.06823985558316502,0.9865517241379311,0.0317234564462717,0.9283333333333332,0.08360225967443197,0.946590909090909,0.05700154068711275,0.9506666666666667,0.05888603004305181,0.8433850967740318,0.0760251430673039,0.9780781480507796,0.029545270984032316,0.8511106484283117,0.07818090543194632,0.9793313772471117,0.030969824276432883,0.04393434343434342,0.0429215496236525,742.58,32.890752745439194,34.0,20.0,20.0,89.0,44.0,0.0,45.0,0.0,100
cross_target_calibrated_cp,hust,luh,luh,random_forest,100,0.9,none,,5.0,0.8265346534653466,0.14081433143292135,0.11601980198019803,0.10809158045433108,0.7499266113628593,0.15670291049589333,0.8792138140179873,0.11536394267294123,1.0,0.0,2502.956982603833,413.73933422042523,2502.956982603833,413.73933422042523,3189.7261680043493,538.5011539846446,806.4651600691649,55.086707090923525,95.34533384292769,3.0886236045596487,-3.967150487588441,0.55640830190386,inf,,0.0,,,,,0.6426470588235295,0.25892799571667086,0.8409090909090909,0.17057226489730923,0.9964705882352941,0.02101875646771293,0.6596,0.262697429363021,0.9901960784313725,0.03596121390700895,0.544615797544573,0.26012922580404385,0.7518100488120589,0.2305618271417341,0.9161993196479566,0.04742543971406984,0.9955196804515221,0.01992573904352399,0.33059607843137256,0.2448602560887032,454.97,19.55177276314908,53.0,0.0,5.0,101.0,50.0,0.0,51.0,0.0,100
cross_target_calibrated_cp,hust,luh,luh,random_forest,100,0.9,none,,10.0,0.8963541666666667,0.09870326422153124,0.07997916666666667,0.05739756817698704,0.826773175397295,0.11648047887308081,0.9354352388113601,0.07384649641916705,1.0,0.0,2712.9427653591365,311.8131761482312,2712.9427653591365,311.8131761482311,3025.655206683449,217.38473357394426,807.4311484261094,57.48913385365719,95.5490520277367,3.4350588071056363,-4.006411119936543,0.6606294183757911,1356.4713826795683,155.90658807411535,1.0,,,,,0.774375,0.17714348354547577,0.9146875,0.13175071336992772,1.0,0.0,0.79375,0.19463599872006032,0.9989583333333333,0.0068650767585011156,0.677136116868758,0.20878185995208437,0.8668300569523981,0.153154309048288,0.924259486819321,0.010564706035709024,0.9997114254513658,0.0022028249629109015,0.20520833333333333,0.19207098969227296,470.36,32.8724255818819,53.0,0.0,10.0,96.0,48.0,0.0,48.0,0.0,100
cross_target_calibrated_cp,hust,luh,luh,random_forest,100,0.9,none,,15.0,0.9485714285714286,0.04428448720793387,0.05712087912087911,0.0323786544464386,0.8857774151349572,0.05762641561128245,0.9750275641974189,0.027809168441151905,1.0,0.0,2879.564144171222,173.49920080961274,2879.564144171222,173.49920080961292,2960.577478887545,122.2983539652663,807.3091347695329,55.0515448853505,95.61308703192078,3.242736541113312,-3.9563734267081743,0.5859851062928781,1439.7820720856114,86.7496004048064,1.0,,,,,0.8609677419354839,0.10411952233066123,0.9876666666666667,0.045109916887213025,1.0,0.0,0.8959999999999999,0.08955307413159946,1.0,0.0,0.7811397776109219,0.10816982806009488,0.9485681561926307,0.05797311936050059,0.9229264369144196,0.0,0.9999999999999999,0.0,0.10400000000000001,0.08955307413159949,462.04,34.78532141375994,53.0,0.0,15.0,91.0,45.0,0.0,46.0,0.0,100
cross_target_calibrated_cp,hust,luh,luh,random_forest,100,0.9,none,,20.0,0.913953488372093,0.0684233538917559,0.05734883720930232,0.03945011570324694,0.8403049528591644,0.08375127500966095,0.9522022140391512,0.04779847162292113,1.0,0.0,2771.5107458308526,210.42618597530037,2771.5107458308526,210.4261859753003,2957.068467154812,159.26865339364807,805.9840295991348,56.51409237636077,95.47777008734376,3.553034139490318,-3.9762931527661927,0.6923612537682977,1385.7553729154265,105.2130929876499,1.0,,,,,0.7906896551724139,0.13015848638705074,0.9525,0.09712086479686506,1.0,0.0,0.8279069767441861,0.13684670778351177,1.0,0.0,0.7003270373272573,0.15272887538742813,0.9017037428828051,0.10000919349750645,0.9179901967742087,0.0,1.0,0.0,0.17209302325581396,0.13684670778351174,474.64,38.675683379204635,53.0,0.0,20.0,86.0,43.0,0.0,43.0,0.0,100
cross_target_calibrated_cp,hust,luh,luh,random_forest,100,0.95,none,,5.0,0.8264356435643565,0.14089851375976978,0.13684158415841582,0.12790620890736865,0.7498229120682558,0.15679442032971377,0.8791267490841551,0.11543367394651462,1.0,0.0,2502.9569826038332,413.7393342204257,2502.9569826038332,413.7393342204254,3876.495353404865,1396.0314761164545,806.4651600691647,55.086707090923305,95.34533384292769,3.08862360455966,-3.967150487588439,0.556408301903859,inf,,0.0,,,,,0.6423529411764706,0.25917574479035965,0.8409090909090909,0.17057226489730923,0.9964705882352941,0.02101875646771293,0.6594,0.2628892304274701,0.9901960784313725,0.03596121390700895,0.5444391361821275,0.2603072548650333,0.7516152492141578,0.23073567859527416,0.9161993196479566,0.04742543971406984,0.9955196804515221,0.01992573904352399,0.33079607843137254,0.2450740995557571,454.97,19.55177276314908,53.0,0.0,5.0,101.0,50.0,0.0,51.0,0.0,100
cross_target_calibrated_cp,hust,luh,luh,random_forest,100,0.95,none,,10.0,0.8963541666666667,0.09870326422153124,0.07860416666666667,0.08005157075773105,0.826773175397295,0.11648047887308081,0.9354352388113601,0.07384649641916705,1.0,0.0,2712.942765359137,311.813176148231,2712.942765359137,311.813176148231,3338.3676480077593,637.4072053845418,807.4311484261094,57.48913385365729,95.5490520277367,3.4350588071056385,-4.006411119936545,0.6606294183757905,inf,,0.0,,,,,0.774375,0.17714348354547577,0.9146875,0.13175071336992772,1.0,0.0,0.79375,0.19463599872006032,0.9989583333333333,0.0068650767585011156,0.677136116868758,0.20878185995208437,0.8668300569523981,0.153154309048288,0.924259486819321,0.010564706035709024,0.9997114254513658,0.0022028249629109015,0.20520833333333333,0.19207098969227296,470.36,32.8724255818819,53.0,0.0,10.0,96.0,48.0,0.0,48.0,0.0,100
cross_target_calibrated_cp,hust,luh,luh,random_forest,100,0.95,none,,15.0,0.9485714285714286,0.04428448720793387,0.03471428571428573,0.027311592108580567,0.8857774151349572,0.05762641561128245,0.9750275641974189,0.027809168441151905,1.0,0.0,2879.564144171223,173.49920080961286,2879.564144171223,173.49920080961274,3041.590813603869,258.60187117539056,807.3091347695331,55.05154488535057,95.6130870319208,3.242736541113319,-3.956373426708176,0.5859851062928778,inf,,0.0,,,,,0.8609677419354839,0.10411952233066123,0.9876666666666667,0.045109916887213025,1.0,0.0,0.8959999999999999,0.08955307413159946,1.0,0.0,0.7811397776109219,0.10816982806009488,0.9485681561926307,0.05797311936050059,0.9229264369144196,0.0,0.9999999999999999,0.0,0.10400000000000001,0.08955307413159949,462.04,34.78532141375994,53.0,0.0,15.0,91.0,45.0,0.0,46.0,0.0,100
cross_target_calibrated_cp,hust,luh,luh,random_forest,100,0.95,none,,20.0,0.9532558139534884,0.05324679131613624,0.04158139534883723,0.0331579699722366,0.8910374679873138,0.06870783646060082,0.976713356891797,0.03381717397778342,1.0,0.0,2903.5294362019013,166.71345323027367,2903.5294362019013,166.71345323027353,3042.7130077813554,244.9020549429952,805.9840295991348,56.51409237636076,95.47777008734376,3.5530341394903115,-3.9762931527661927,0.6923612537682996,1451.7647181009506,83.35672661513655,1.0,,,,,0.8744827586206897,0.12529358741323443,0.9864285714285714,0.04755948656056709,1.0,0.0,0.9065116279069767,0.10649358263227247,1.0,0.0,0.79396290859628,0.12693855905130122,0.952384469990379,0.07002652016551023,0.9179901967742087,0.0,1.0,0.0,0.09348837209302326,0.10649358263227247,474.64,38.675683379204635,53.0,0.0,20.0,86.0,43.0,0.0,43.0,0.0,100
cross_target_calibrated_cp,hust,matr,matr,random_forest,100,0.9,none,,5.0,0.8116935483870968,0.17545108858855402,0.13530645161290322,0.14201097976624316,0.7447946415779408,0.1889955414308078,0.8598605361169431,0.15223940868078958,1.0,0.0,2182.692572609423,283.352253063408,2182.692572609423,283.3522530634079,2697.149489380161,630.2562366255545,796.0540888061389,18.634568957015667,73.5841747430989,1.2167581685040232,-4.567074198639644,0.31226954826482584,inf,,0.0,,,,,0.5488095238095237,0.3241957737937941,0.9017073170731708,0.2205214814241948,0.9909756097560976,0.04811756993653552,0.6470967741935483,0.2945305273395477,0.9762903225806451,0.09287957118031777,0.5497074903498668,0.28896891521511214,0.7273216084383747,0.2682155481972986,0.9133256485900464,0.10728821357358692,0.9836775627275817,0.06803467624457205,0.3291935483870968,0.26003337210340727,739.05,19.948101856486694,53.0,0.0,5.0,124.0,62.0,0.0,62.0,0.0,100
cross_target_calibrated_cp,hust,matr,matr,random_forest,100,0.9,none,,10.0,0.9094117647058824,0.07794402775908515,0.061529411764705874,0.04838013983807429,0.8491536611810411,0.09217032857909059,0.9440638806443827,0.059373410709211,1.0,0.0,2325.6815430630163,143.8022463327674,2325.6815430630163,143.80224633276748,2436.564654511889,136.1369397997549,794.3981457274468,18.225536518762794,73.39434347676293,1.3258255023484065,-4.580439106893227,0.3759026539528208,1162.8407715315084,71.9011231663838,1.0,,,,,0.73675,0.21160924417950705,0.9935897435897436,0.03651283651845098,1.0,0.0,0.8172881355932203,0.15720914073442588,1.0,0.0,0.7120532097787604,0.17056512040259586,0.8837318133988166,0.12632125653561918,0.93982814785791,0.0,0.9999999999999997,0.0,0.18271186440677967,0.15720914073442593,737.08,24.22815792345007,53.0,0.0,10.0,119.0,59.0,0.0,60.0,0.0,100
cross_target_calibrated_cp,hust,matr,matr,random_forest,100,0.9,none,,15.0,0.9318421052631579,0.07201055060443654,0.06321052631578945,0.04662349989290948,0.875368754915333,0.08631973203485024,0.9601606163716887,0.053661911553178794,1.0,0.0,2368.4835202385893,155.65311365018033,2368.4835202385893,155.65311365018042,2456.5959492091783,141.4935762169274,795.903735076138,20.245871259173448,73.56216161059733,1.5159585285126076,-4.615244305359433,0.5344478107358791,1184.241760119295,77.82655682509001,1.0,,,,,0.8007894736842105,0.19583419284304812,0.9947368421052631,0.03366327100351741,1.0,0.0,0.8636842105263157,0.14402110120887307,1.0,0.0,0.7634348726409513,0.1586594062645114,0.9180083537975662,0.11313577179329963,0.9368611651470211,0.0,1.0,0.0,0.13631578947368422,0.1440211012088731,742.18,24.795071194807164,53.0,0.0,15.0,114.0,57.0,0.0,57.0,0.0,100
cross_target_calibrated_cp,hust,matr,matr,random_forest,100,0.9,none,,20.0,0.9151376146788991,0.06474591853131538,0.05141284403669724,0.041875000051550204,0.8515318878257623,0.0780363942579631,0.9504783036926331,0.04751242992580782,1.0,0.0,2314.061115634823,92.57180414890297,2314.061115634823,92.57180414890303,2401.794323752045,74.27811352291897,793.5856980482042,19.279575769040303,73.3338851068866,1.432917767916761,-4.496213595478508,0.45114598451882915,1157.0305578174116,46.28590207445153,1.0,,,,,0.7513726884779517,0.18620130199301738,0.9986111111111111,0.013888888888888885,1.0,0.0,0.8287037037037037,0.13069083555395145,1.0,0.0,0.716311263743581,0.1450590456329393,0.8974353589003666,0.10026564563471412,0.9347150988829135,0.0,0.9999999999999999,0.0,0.1712962962962963,0.13069083555395145,736.22,26.090200954737504,53.0,0.0,20.0,109.0,54.0,0.0,55.0,0.0,100
cross_target_calibrated_cp,hust,matr,matr,random_forest,100,0.95,none,,5.0,0.8116935483870968,0.17545108858855402,0.15346774193548385,0.16221814837320736,0.7447946415779408,0.1889955414308078,0.8598605361169431,0.15223940868078958,1.0,0.0,2182.692572609423,283.3522530634079,2182.692572609423,283.3522530634079,3211.606406150898,1493.4396259453215,796.0540888061389,18.634568957015485,73.5841747430989,1.2167581685040185,-4.567074198639644,0.3122695482648249,inf,,0.0,,,,,0.5488095238095237,0.3241957737937941,0.9017073170731708,0.2205214814241948,0.9909756097560976,0.04811756993653552,0.6470967741935483,0.2945305273395477,0.9762903225806451,0.09287957118031777,0.5497074903498668,0.28896891521511214,0.7273216084383747,0.2682155481972986,0.9133256485900464,0.10728821357358692,0.9836775627275817,0.06803467624457205,0.3291935483870968,0.26003337210340727,739.05,19.948101856486694,53.0,0.0,5.0,124.0,62.0,0.0,62.0,0.0,100
cross_target_calibrated_cp,hust,matr,matr,random_forest,100,0.95,none,,10.0,0.9094117647058824,0.07794402775908515,0.06177310924369747,0.062328605940755594,0.8491536611810411,0.09217032857909059,0.9440638806443827,0.059373410709211,1.0,0.0,2325.6815430630168,143.80224633276785,2325.6815430630168,143.802246332768,2547.447765960762,302.8742643786077,794.3981457274468,18.2255365187628,73.39434347676293,1.325825502348409,-4.580439106893227,0.3759026539528216,inf,,0.0,,,,,0.73675,0.21160924417950705,0.9935897435897436,0.03651283651845098,1.0,0.0,0.8172881355932203,0.15720914073442588,1.0,0.0,0.7120532097787604,0.17056512040259586,0.8837318133988166,0.12632125653561918,0.93982814785791,0.0,0.9999999999999997,0.0,0.18271186440677967,0.15720914073442593,737.08,24.22815792345007,53.0,0.0,10.0,119.0,59.0,0.0,60.0,0.0,100
cross_target_calibrated_cp,hust,matr,matr,random_forest,100,0.95,none,,15.0,0.9318421052631579,0.07201055060443654,0.04985964912280702,0.05484034435233065,0.875368754915333,0.08631973203485024,0.9601606163716887,0.053661911553178794,1.0,0.0,2368.4835202385902,155.65311365018056,2368.4835202385902,155.65311365018067,2544.7083781797674,281.5465056239723,795.903735076138,20.245871259173537,73.56216161059733,1.515958528512606,-4.615244305359433,0.534447810735879,inf,,0.0,,,,,0.8007894736842105,0.19583419284304812,0.9947368421052631,0.03366327100351741,1.0,0.0,0.8636842105263157,0.14402110120887307,1.0,0.0,0.7634348726409513,0.1586594062645114,0.9180083537975662,0.11313577179329963,0.9368611651470211,0.0,1.0,0.0,0.13631578947368422,0.1440211012088731,742.18,24.795071194807164,53.0,0.0,15.0,114.0,57.0,0.0,57.0,0.0,100
cross_target_calibrated_cp,hust,matr,matr,random_forest,100,0.95,none,,20.0,0.95,0.05511340187839246,0.04088073394495415,0.036733792386519734,0.8961017161113669,0.06903054955874585,0.9732596075124407,0.0379147135070092,1.0,0.0,2406.3398241027517,149.10855880462805,2406.3398241027517,149.1085588046282,2514.4673634309506,112.3005306953957,793.5856980482042,19.279575769040385,73.3338851068866,1.4329177679167615,-4.496213595478509,0.4511459845188293,1203.169912051376,74.55427940231384,1.0,,,,,0.852972972972973,0.16121847537490117,0.9997222222222223,0.0027777777777777657,1.0,0.0,0.899074074074074,0.11124742231008852,1.0,0.0,0.8003313048760283,0.12961444902687688,0.944808960925497,0.07931000019941323,0.9347150988829135,0.0,0.9999999999999999,0.0,0.10092592592592593,0.11124742231008851,736.22,26.090200954737504,53.0,0.0,20.0,109.0,54.0,0.0,55.0,0.0,100
cross_target_calibrated_cp,hust,sandia,sandia,random_forest,100,0.9,none,,5.0,0.83,0.17355751136680708,0.12133333333333335,0.1421310032945606,0.7108619186267582,0.18520818696874727,0.8972280262095356,0.1367909921442201,1.0,0.0,3047.3339395620646,307.88106181710333,3047.3339395620646,307.8810618171034,3587.2058359776966,687.0427147133446,1228.5067181487007,34.36478208780204,126.40378461844693,2.49428858487843,-0.39266393563880014,0.1473955444626206,inf,,0.0,,,,,0.8664583333333333,0.14164484754730874,0.8689464285714286,0.25611810544471103,0.753904761904762,0.16984447947770323,0.8531818181818182,0.17890865323544605,0.8078260869565217,0.17741102304140877,0.675827244232142,0.1903348526413388,0.9255319943397686,0.11732392520495875,0.6251349028350556,0.17717757828428926,0.9024072138058991,0.13071377601817738,0.07389328063241107,0.05494668192734684,279.34,5.846901968244606,53.0,0.0,5.0,45.0,22.0,0.0,23.0,0.0,100
cross_target_calibrated_cp,hust,sandia,sandia,random_forest,100,0.9,none,,10.0,0.9075,0.09235280398580437,0.071,0.059109554167997194,0.7869505011688289,0.11059398640960726,0.9566378938553823,0.05913889484936785,1.0,0.0,3229.7374362001656,242.83515884306775,3229.7374362001656,242.83515884306775,3437.2590332007276,165.64813664678837,1226.8967957872019,33.53151912290744,126.4964323120418,3.3515021712669966,-0.42197903702625433,0.2025585197264441,1614.8687181000828,121.41757942153372,1.0,,,,,0.9253809523809524,0.09609297655595829,0.968974358974359,0.10715074545010414,0.8265384615384616,0.12856017917203336,0.9305,0.10751908451690588,0.8845000000000001,0.09230357249288618,0.749913480178425,0.12536682415355355,0.9723577587380977,0.05664029178056468,0.6878146998196351,0.10815721691128798,0.9572800536377468,0.04821648258278977,0.06899999999999999,0.0580751863770343,280.66,9.654872638029241,53.0,0.0,10.0,40.0,20.0,0.0,20.0,0.0,100
cross_target_calibrated_cp,hust,sandia,sandia,random_forest,100,0.9,none,,15.0,0.9325714285714285,0.08714723334882507,0.08028571428571427,0.04642574083945533,0.8094451547787801,0.10818469529581605,0.9701342152902783,0.04996240029009859,1.0,0.0,3325.2750446253003,248.41187461156986,3325.2750446253003,248.41187461156983,3472.5135570207744,156.52654322384194,1225.5144061530907,39.2346876524795,126.33011927525357,4.171618706793676,-0.4516825790628635,0.3608373484330923,1662.6375223126502,124.20593730578473,1.0,,,,,0.9493589743589743,0.08443182510328406,0.9865151515151516,0.06598754605621825,0.8653030303030304,0.14817476351901093,0.9576470588235294,0.0780203131918879,0.9088888888888889,0.10311279459905154,0.7608015722208462,0.09526641327238385,0.9857872406769342,0.03325904166245862,0.707333748868318,0.12175661050747061,0.9666139082384155,0.049539456198537245,0.0515686274509804,0.05511708569301875,278.24,13.68411303281837,53.0,0.0,15.0,35.0,17.0,0.0,18.0,0.0,100
cross_target_calibrated_cp,hust,sandia,sandia,random_forest,100,0.9,none,,20.0,0.904,0.07495303430342688,0.056666666666666664,0.048893480041539185,0.7546406527391123,0.09182810243075161,0.9616405255763212,0.04214108243225443,1.0,0.0,3173.311276831313,193.1605459642047,3173.3112768313135,193.16054596420474,3409.2430045035753,182.5903137907275,1231.7310864046385,43.612549316273224,126.09098598652798,4.794253924500214,-0.411305915974163,0.2965851292307477,1586.6556384156568,96.58027298210268,1.0,,,,,0.9156363636363636,0.09860941475938585,0.9940000000000001,0.03711842908553345,0.802,0.14154810073275442,0.9393333333333334,0.07876430623797355,0.8686666666666667,0.0940210354475092,0.717007456275913,0.0938325465555579,0.9825137498805881,0.03351261509314889,0.6312120947769325,0.10818353148347273,0.9557912845926353,0.0427534348364336,0.088,0.06955365150522608,282.89,14.813926698968919,53.0,0.0,20.0,30.0,15.0,0.0,15.0,0.0,100
cross_target_calibrated_cp,hust,sandia,sandia,random_forest,100,0.95,none,,5.0,0.83,0.17355751136680708,0.13744444444444442,0.15995584095693857,0.7108619186267582,0.18520818696874727,0.8972280262095356,0.1367909921442201,1.0,0.0,3047.333939562065,307.88106181710344,3047.3339395620646,307.88106181710333,4127.077732393329,1579.190817245556,1228.5067181487007,34.364782087802155,126.40378461844693,2.4942885848784346,-0.3926639356388001,0.1473955444626207,inf,,0.0,,,,,0.8664583333333333,0.14164484754730874,0.8689464285714286,0.25611810544471103,0.753904761904762,0.16984447947770323,0.8531818181818182,0.17890865323544605,0.8078260869565217,0.17741102304140877,0.675827244232142,0.1903348526413388,0.9255319943397686,0.11732392520495875,0.6251349028350556,0.17717757828428926,0.9024072138058991,0.13071377601817738,0.07389328063241107,0.05494668192734684,279.34,5.846901968244606,53.0,0.0,5.0,45.0,22.0,0.0,23.0,0.0,100
cross_target_calibrated_cp,hust,sandia,sandia,random_forest,100,0.95,none,,10.0,0.9075,0.09235280398580437,0.06549999999999997,0.07758833349769467,0.7869505011688289,0.11059398640960726,0.9566378938553823,0.05913889484936785,1.0,0.0,3229.737436200166,242.8351588430677,3229.737436200166,242.8351588430676,3644.780630201287,390.4434726036577,1226.896795787202,33.5315191229074,126.4964323120418,3.351502171267003,-0.42197903702625467,0.20255851972644442,inf,,0.0,,,,,0.9253809523809524,0.09609297655595829,0.968974358974359,0.10715074545010414,0.8265384615384616,0.12856017917203336,0.9305,0.10751908451690588,0.8845000000000001,0.09230357249288618,0.749913480178425,0.12536682415355355,0.9723577587380977,0.05664029178056468,0.6878146998196351,0.10815721691128798,0.9572800536377468,0.04821648258278977,0.06899999999999999,0.0580751863770343,280.66,9.654872638029241,53.0,0.0,10.0,40.0,20.0,0.0,20.0,0.0,100
cross_target_calibrated_cp,hust,sandia,sandia,random_forest,100,0.95,none,,15.0,0.9325714285714285,0.08714723334882507,0.06157142857142858,0.06381323889165744,0.8094451547787801,0.10818469529581605,0.9701342152902783,0.04996240029009859,1.0,0.0,3325.2750446253003,248.41187461156892,3325.2750446253003,248.41187461156892,3619.7520694162463,342.06079618393267,1225.5144061530907,39.23468765247954,126.33011927525357,4.171618706793675,-0.4516825790628636,0.3608373484330926,inf,,0.0,,,,,0.9493589743589743,0.08443182510328406,0.9865151515151516,0.06598754605621825,0.8653030303030304,0.14817476351901093,0.9576470588235294,0.0780203131918879,0.9088888888888889,0.10311279459905154,0.7608015722208462,0.09526641327238385,0.9857872406769342,0.03325904166245862,0.707333748868318,0.12175661050747061,0.9666139082384155,0.049539456198537245,0.0515686274509804,0.05511708569301875,278.24,13.68411303281837,53.0,0.0,15.0,35.0,17.0,0.0,18.0,0.0,100
cross_target_calibrated_cp,hust,sandia,sandia,random_forest,100,0.95,none,,20.0,0.9523333333333334,0.05610936090879767,0.04266666666666667,0.03626192284284413,0.8181591022034509,0.07415110468686208,0.9838157814384989,0.026314585584756252,1.0,0.0,3370.086692663724,197.98700948743834,3370.086692663724,197.98700948743823,3556.5964872222594,266.00388458795436,1231.7310864046385,43.61254931627318,126.09098598652798,4.79425392450021,-0.41130591597416294,0.2965851292307473,1685.0433463318616,98.99350474371948,1.0,,,,,0.9710909090909091,0.060693875774033644,1.0,0.0,0.8857777777777778,0.12491253954858121,0.9806666666666666,0.040529602876359073,0.924,0.08315873966122052,0.769805041106312,0.053889040467517475,0.9955284788312256,0.011100930332628236,0.6978148485447158,0.0995979434773408,0.9772921121768847,0.034267047637941785,0.05933333333333333,0.06488875051873998,282.89,14.813926698968919,53.0,0.0,20.0,30.0,15.0,0.0,15.0,0.0,100
cross_target_calibrated_cp,luh,hust,hust,gaussian_process,100,0.9,none,,5.0,0.8338888888888889,0.15363523281198282,0.11833333333333335,0.1177896093415566,0.7431123992338897,0.1705750480231019,0.8908416510655868,0.122107181489581,1.0,0.0,2825.296847032924,313.22933577643283,2825.2968470329242,313.22933577643283,3348.4968470329245,413.7346697450855,1084.8502290720176,10.81999220618914,112.83492216434487,0.9664320592992641,-15.750348053003163,0.5913259949951986,inf,,0.0,,,,,1.0,0.0,0.94,0.16753980045425446,0.5616666666666666,0.3410039149829076,0.9941666666666668,0.02882293040050626,0.6736111111111112,0.2926537196941622,0.8955792972553226,0.038795665836106386,0.9974602914838157,0.013429279995574318,0.5437832253142932,0.27388906142528185,0.7699603064237402,0.25974924577050507,0.3205555555555556,0.28024771701235096,1510.82,10.019556634478175,74.0,0.0,5.0,72.0,36.0,0.0,36.0,0.0,100
cross_target_calibrated_cp,luh,hust,hust,gaussian_process,100,0.9,none,,10.0,0.9176119402985075,0.07821841463849317,0.06417910447761194,0.04765365550546936,0.8333922189461319,0.09572527739318969,0.9565406950786854,0.053035541295641496,1.0,0.0,3009.776847032924,193.73509999000603,3009.7768470329243,193.73509999000603,3184.541026137402,103.38997482720374,1086.1884235164623,11.604076053745281,112.89900407579043,0.9204265978602358,-15.806601264859776,0.7793946808248335,1504.8884235164621,96.86754999500302,1.0,,,,,1.0,0.0,0.999090909090909,0.009090909090909092,0.75,0.23512602457619997,1.0,0.0,0.8376470588235294,0.15413628766997178,0.895730002457548,0.0,0.9999999999999999,0.0,0.6952729688630913,0.16881737508537614,0.9114689675086641,0.11037238126827961,0.16235294117647062,0.15413628766997178,1507.14,14.494178559725773,74.0,0.0,10.0,67.0,33.0,0.0,34.0,0.0,100
cross_target_calibrated_cp,luh,hust,hust,gaussian_process,100,0.9,none,,15.0,0.9393548387096774,0.06711607111538598,0.06825806451612902,0.03691597461999373,0.8568035677455478,0.08481190779117619,0.9706386088982784,0.0424013612453774,1.0,0.0,3083.2368470329243,168.8092439951503,3083.2368470329243,168.80924399515027,3194.1884599361506,78.10709121949493,1086.61390738743,17.60393116187773,112.92955368901576,1.1775581874631604,-15.98788129362147,1.2895075472408615,1541.6184235164621,84.40462199757513,1.0,,,,,1.0,0.0,1.0,0.0,0.8209523809523809,0.1981522099597109,1.0,0.0,0.8787096774193549,0.13423214223077187,0.889744604539564,0.0,1.0,0.0,0.7344529112122004,0.15185326126447218,0.9394568731293789,0.08927137822988038,0.12129032258064518,0.13423214223077187,1508.1,21.564795478752007,74.0,0.0,15.0,62.0,31.0,0.0,31.0,0.0,100
cross_target_calibrated_cp,luh,hust,hust,gaussian_process,100,0.9,none,,20.0,0.9105263157894737,0.06767198574218061,0.053824561403508754,0.04201277573327886,0.8129456741869884,0.08313368391203785,0.9562666508810921,0.04427817672007701,1.0,0.0,2972.3368470329237,147.8951796862728,2972.336847032924,147.89517968627285,3151.3263207171344,78.42386948407767,1084.8810550954095,18.268498062082376,112.8384859456544,1.2036140868322056,-15.86752330340962,1.3354238269886065,1486.168423516462,73.94758984313643,1.0,,,,,1.0,0.0,0.9989473684210526,0.010526315789473674,0.7326315789473683,0.19886355541963313,1.0,0.0,0.8241379310344827,0.13301045473463088,0.8793566952341546,0.0,1.0,0.0,0.6610128032532063,0.144882627423252,0.9114343618573066,0.09178592035038154,0.17586206896551726,0.13301045473463088,1500.26,25.222492767649715,74.0,0.0,20.0,57.0,28.0,0.0,29.0,0.0,100
cross_target_calibrated_cp,luh,hust,hust,gaussian_process,100,0.95,none,,5.0,0.8338888888888889,0.15363523281198282,0.13255555555555554,0.13954674727540775,0.7431123992338897,0.1705750480231019,0.8908416510655868,0.122107181489581,1.0,0.0,2825.296847032924,313.22933577643283,2825.2968470329242,313.22933577643283,3871.6968470329234,1087.4794782985539,1084.8502290720176,10.81999220618914,112.83492216434487,0.9664320592992641,-15.750348053003163,0.5913259949951986,inf,,0.0,,,,,1.0,0.0,0.94,0.16753980045425446,0.5616666666666666,0.3410039149829076,0.9941666666666668,0.02882293040050626,0.6736111111111112,0.2926537196941622,0.8955792972553226,0.038795665836106386,0.9974602914838157,0.013429279995574318,0.5437832253142932,0.27388906142528185,0.7699603064237402,0.25974924577050507,0.3205555555555556,0.28024771701235096,1510.82,10.019556634478175,74.0,0.0,5.0,72.0,36.0,0.0,36.0,0.0,100
cross_target_calibrated_cp,luh,hust,hust,gaussian_process,100,0.95,none,,10.0,0.9176119402985075,0.07821841463849317,0.05717910447761193,0.062251328386616886,0.8333922189461319,0.09572527739318969,0.9565406950786854,0.053035541295641496,1.0,0.0,3009.776847032924,193.73509999000603,3009.7768470329243,193.73509999000603,3359.305205241879,320.3299765015457,1086.1884235164623,11.604076053745281,112.89900407579043,0.9204265978602358,-15.806601264859776,0.7793946808248335,inf,,0.0,,,,,1.0,0.0,0.999090909090909,0.009090909090909092,0.75,0.23512602457619997,1.0,0.0,0.8376470588235294,0.15413628766997178,0.895730002457548,0.0,0.9999999999999999,0.0,0.6952729688630913,0.16881737508537614,0.9114689675086641,0.11037238126827961,0.16235294117647062,0.15413628766997178,1507.14,14.494178559725773,74.0,0.0,10.0,67.0,33.0,0.0,34.0,0.0,100
cross_target_calibrated_cp,luh,hust,hust,gaussian_process,100,0.95,none,,15.0,0.9393548387096774,0.06711607111538598,0.04906451612903228,0.04676951921003875,0.8568035677455478,0.08481190779117619,0.9706386088982784,0.0424013612453774,1.0,0.0,3083.2368470329243,168.8092439951503,3083.2368470329243,168.80924399515027,3305.140072839376,224.52600250564439,1086.61390738743,17.60393116187773,112.92955368901576,1.1775581874631604,-15.98788129362147,1.2895075472408615,inf,,0.0,,,,,1.0,0.0,1.0,0.0,0.8209523809523809,0.1981522099597109,1.0,0.0,0.8787096774193549,0.13423214223077187,0.889744604539564,0.0,1.0,0.0,0.7344529112122004,0.15185326126447218,0.9394568731293789,0.08927137822988038,0.12129032258064518,0.13423214223077187,1508.1,21.564795478752007,74.0,0.0,15.0,62.0,31.0,0.0,31.0,0.0,100
cross_target_calibrated_cp,luh,hust,hust,gaussian_process,100,0.95,none,,20.0,0.9587719298245614,0.04307286509548605,0.03566666666666668,0.025456531225103458,0.8759502320345715,0.05811918247845948,0.9836609773898004,0.023174632700536702,1.0,0.0,3139.296847032924,120.64674943174342,3139.2968470329242,120.64674943174343,3255.9845663311694,71.24730715261099,1084.8810550954095,18.268498062082376,112.8384859456544,1.2036140868322056,-15.86752330340962,1.3354238269886065,1569.6484235164621,60.323374715871715,1.0,,,,,1.0,0.0,1.0,0.0,0.8763157894736843,0.12921859528645824,1.0,0.0,0.9189655172413793,0.08466045898078298,0.8793566952341546,0.0,1.0,0.0,0.772625364459195,0.1039521276063994,0.9672930457634359,0.046907941714180244,0.0810344827586207,0.08466045898078296,1500.26,25.222492767649715,74.0,0.0,20.0,57.0,28.0,0.0,29.0,0.0,100
cross_target_calibrated_cp,luh,matr,matr,gaussian_process,100,0.9,none,,5.0,0.826774193548387,0.1538546715117022,0.1202258064516129,0.12036275783983408,0.7600643647614589,0.16834826737078037,0.8738457982449239,0.13103209659002787,1.0,0.0,1683.6615587158374,813.8063502504986,1683.6615587158374,813.8063502504983,2843.3357896270027,602.9818301485715,388.8579136012342,8.204560662420537,56.47130079006425,1.2006420017202684,-1.077979226251016,0.04960554876819038,inf,,0.0,,,,,0.9964285714285714,0.02651208373257308,0.9480487804878049,0.17182471378165448,0.5317073170731708,0.3457131804810068,0.9903225806451613,0.06307447593353131,0.663225806451613,0.2788195811692151,0.9303231856574135,0.07249817475595678,0.9931071436367244,0.04641508301016209,0.564665215062874,0.2746173612154409,0.7427398813995165,0.2537806073991019,0.3270967741935484,0.26220689718509915,743.74,16.749262006959512,74.0,0.0,5.0,124.0,62.0,0.0,62.0,0.0,100
cross_target_calibrated_cp,luh,matr,matr,gaussian_process,100,0.9,none,,10.0,0.9129411764705883,0.07741087341672558,0.06534453781512604,0.04299499989814853,0.8538175081409526,0.09280439752342887,0.9462381159415868,0.0575794674194693,1.0,0.0,2101.4368470329237,687.7699874599975,2101.4368470329237,687.7699874599977,2682.989788204907,230.61407999588332,388.7374510773763,10.123639594405773,56.466099444571746,1.2711239600807889,-1.0761029575788552,0.055966258510987944,1050.7184235164618,343.8849937299988,1.0,,,,,1.0,0.0,1.0,0.0,0.741,0.23029734841475852,1.0,0.0,0.8273333333333334,0.153531565609839,0.9388706294732116,0.0,1.0,0.0,0.7249066444743596,0.17066606858207872,0.8903675163232855,0.11903803877496448,0.17266666666666666,0.15353156560983902,734.88,22.037287042692434,74.0,0.0,10.0,119.0,59.0,0.0,60.0,0.0,100
cross_target_calibrated_cp,luh,matr,matr,gaussian_process,100,0.9,none,,15.0,0.9364035087719299,0.0614525385882838,0.06226315789473682,0.03462883970378459,0.8803959826470605,0.07569512012666914,0.963958805521319,0.0436410744668806,1.0,0.0,2327.656847032924,631.7445309709162,2327.656847032924,631.7445309709161,2733.3498294829087,246.8904581560678,389.9786673535397,13.023894119128578,56.607355523039566,1.5859903221366791,-1.0807606208804144,0.05938487099453943,1163.828423516462,315.87226548545806,1.0,,,,,1.0,0.0,1.0,0.0,0.8092105263157895,0.18435761576485135,1.0,0.0,0.8728070175438596,0.12290507717656761,0.9368611651470211,0.0,1.0,0.0,0.7723222726366566,0.1408404810085829,0.926214561025596,0.09062137861909951,0.12719298245614039,0.12290507717656758,745.42,25.68974955742528,74.0,0.0,15.0,114.0,57.0,0.0,57.0,0.0,100
cross_target_calibrated_cp,luh,matr,matr,gaussian_process,100,0.9,none,,20.0,0.9057798165137615,0.06987988102339263,0.05278899082568808,0.045848835071761865,0.8399558126450363,0.08211264750372516,0.9439759170976957,0.05328429474904031,1.0,0.0,1942.2368470327158,524.9765006076252,1942.2368470327158,524.9765006076254,2581.323085557056,153.8215901673568,388.903693540318,12.31156456236459,56.47158852637148,1.5636896542465575,-1.0723081243878965,0.07820955994143917,971.1184235163579,262.4882503038127,1.0,,,,,1.0,0.0,0.9972222222222222,0.027777777777777762,0.7175,0.19992107028383557,1.0,0.0,0.8132727272727273,0.1384892187554509,0.9335864119091039,0.0,1.0,0.0,0.6997816701889533,0.14874025954403977,0.8858598263111414,0.11151406676450028,0.18672727272727271,0.13848921875545087,737.63,27.438693831739137,74.0,0.0,20.0,109.0,54.0,0.0,55.0,0.0,100
cross_target_calibrated_cp,luh,matr,matr,gaussian_process,100,0.95,none,,5.0,0.826774193548387,0.1538546715117022,0.13896774193548386,0.13965004393565172,0.7600643647614589,0.16834826737078037,0.8738457982449239,0.13103209659002787,1.0,0.0,1683.6615587158374,813.8063502504986,1683.6615587158374,813.8063502504983,4003.010020538166,1557.475499583437,388.8579136012342,8.204560662420537,56.47130079006425,1.2006420017202684,-1.077979226251016,0.04960554876819038,inf,,0.0,,,,,0.9964285714285714,0.02651208373257308,0.9480487804878049,0.17182471378165448,0.5317073170731708,0.3457131804810068,0.9903225806451613,0.06307447593353131,0.663225806451613,0.2788195811692151,0.9303231856574135,0.07249817475595678,0.9931071436367244,0.04641508301016209,0.564665215062874,0.2746173612154409,0.7427398813995165,0.2537806073991019,0.3270967741935484,0.26220689718509915,743.74,16.749262006959512,74.0,0.0,5.0,124.0,62.0,0.0,62.0,0.0,100
cross_target_calibrated_cp,luh,matr,matr,gaussian_process,100,0.95,none,,10.0,0.9129411764705883,0.07741087341672558,0.06194117647058823,0.05919635148404552,0.8538175081409526,0.09280439752342887,0.9462381159415868,0.0575794674194693,1.0,0.0,2101.4368470329237,687.7699874599975,2101.4368470329237,687.7699874599977,3264.54272937689,521.7948112337755,388.7374510773763,10.123639594405773,56.466099444571746,1.2711239600807889,-1.0761029575788552,0.055966258510987944,inf,,0.0,,,,,1.0,0.0,1.0,0.0,0.741,0.23029734841475852,1.0,0.0,0.8273333333333334,0.153531565609839,0.9388706294732116,0.0,1.0,0.0,0.7249066444743596,0.17066606858207872,0.8903675163232855,0.11903803877496448,0.17266666666666666,0.15353156560983902,734.88,22.037287042692434,74.0,0.0,10.0,119.0,59.0,0.0,60.0,0.0,100
cross_target_calibrated_cp,luh,matr,matr,gaussian_process,100,0.95,none,,15.0,0.9364035087719299,0.0614525385882838,0.04614035087719299,0.042575932744808684,0.8803959826470605,0.07569512012666914,0.963958805521319,0.0436410744668806,1.0,0.0,2327.656847032924,631.7445309709162,2327.656847032924,631.7445309709161,3139.042811932893,416.46991362020157,389.9786673535397,13.023894119128578,56.607355523039566,1.5859903221366791,-1.0807606208804144,0.05938487099453943,inf,,0.0,,,,,1.0,0.0,1.0,0.0,0.8092105263157895,0.18435761576485135,1.0,0.0,0.8728070175438596,0.12290507717656761,0.9368611651470211,0.0,1.0,0.0,0.7723222726366566,0.1408404810085829,0.926214561025596,0.09062137861909951,0.12719298245614039,0.12290507717656758,745.42,25.68974955742528,74.0,0.0,15.0,114.0,57.0,0.0,57.0,0.0,100
cross_target_calibrated_cp,luh,matr,matr,gaussian_process,100,0.95,none,,20.0,0.9510091743119267,0.04614357307029268,0.036587155963302774,0.02789474251983325,0.8966506221172466,0.059474062454427434,0.9746603395411912,0.03005345641844606,1.0,0.0,2494.176847015346,552.8669990845592,2494.176847015346,552.8669990845592,3070.422718626555,304.81774639654446,388.903693540318,12.31156456236459,56.47158852637148,1.5636896542465575,-1.0723081243878965,0.07820955994143917,1247.088423507673,276.4334995422796,1.0,,,,,1.0,0.0,1.0,0.0,0.8516666666666667,0.13971248512949722,1.0,0.0,0.902909090909091,0.09144817208476182,0.9335864119091039,0.0,1.0,0.0,0.8043131527464734,0.11069173404392739,0.948897268753358,0.061167824245037763,0.0970909090909091,0.09144817208476182,737.63,27.438693831739137,74.0,0.0,20.0,109.0,54.0,0.0,55.0,0.0,100
cross_target_calibrated_cp,luh,sandia,sandia,gaussian_process,100,0.9,none,,5.0,0.8440000000000001,0.15382977264654543,0.10911111111111112,0.12167902965440723,0.7247826538817972,0.16703016970892262,0.9091050461899757,0.11868803352946873,1.0,0.0,3967.500167021922,2221.120295963977,3967.500167021922,2221.1202959639763,7236.014645571911,2004.9142348358346,625.8677555666804,40.867448340621586,75.78671135730804,2.1229919981541316,-0.1103408217274384,0.021263515108990213,inf,,0.0,,,,,0.9041666666666667,0.22419030641501916,0.9866666666666667,0.09801623814713699,0.6400476190476191,0.2425878171602262,0.9272727272727274,0.18375915304933738,0.7643478260869565,0.163287622798717,0.7711354318792704,0.17907424391301033,0.9563776752733628,0.13930500137957033,0.5764081875370758,0.17580328924788838,0.8766223307082638,0.10562774463245586,0.18928853754940714,0.1285447929034341,279.1,6.143897358149365,74.0,0.0,5.0,45.0,22.0,0.0,23.0,0.0,100
cross_target_calibrated_cp,luh,sandia,sandia,gaussian_process,100,0.9,none,,10.0,0.92125,0.08043246429851139,0.07125,0.04239886957707883,0.8045782224092174,0.10187019962128141,0.9641005785820685,0.04583547912873561,1.0,0.0,5206.384358599585,1363.1910907487468,5206.384358599585,1363.1910907487468,6402.869746396751,1292.099271659636,610.8926740482225,74.32843289106546,74.42876728033261,3.6965739696387643,-0.10575418068583536,0.03636546050322075,2603.1921792997923,681.5955453743734,1.0,,,,,0.9964285714285714,0.029380675239173645,1.0,0.0,0.7610256410256411,0.23686354142878005,0.9975,0.020566472667421534,0.845,0.15398740601789876,0.8355758588512507,0.026497121598043197,0.9991046088861941,0.008105594863463163,0.6511131735112273,0.17085526823730232,0.9277104674323273,0.08948492741227343,0.1525,0.1496418282689595,281.47,7.6810865708629334,74.0,0.0,10.0,40.0,20.0,0.0,20.0,0.0,100
cross_target_calibrated_cp,luh,sandia,sandia,gaussian_process,100,0.9,none,,15.0,0.9505714285714285,0.05461282172572674,0.0654285714285714,0.035238095238095235,0.8294662049910082,0.07123705815446583,0.9825527293543719,0.028292361549036648,1.0,0.0,5722.310409842546,683.8743581738728,5722.310409842546,683.8743581738728,6081.231658957912,788.5186659952177,612.1983874577937,78.56993886735854,74.78689238441663,4.265938913946737,-0.10673892204209967,0.04007264246814833,2861.155204921273,341.9371790869364,1.0,,,,,0.9991666666666668,0.008333333333333335,1.0,0.0,0.8554545454545455,0.1562123149312231,0.9994117647058823,0.0058823529411764705,0.9044444444444444,0.10358338378419613,0.8148268432774793,0.008550217136690215,0.99989539599015,0.0010460400984997618,0.7009488215065356,0.11822967905503377,0.9656733175881681,0.05497410587599977,0.09496732026143792,0.10108153428161128,278.87,13.908543265115007,74.0,0.0,15.0,35.0,17.0,0.0,18.0,0.0,100
cross_target_calibrated_cp,luh,sandia,sandia,gaussian_process,100,0.9,none,,20.0,0.9106666666666666,0.07183345246734439,0.05599999999999999,0.0459052848151696,0.7631101611401203,0.08943908340874669,0.9649908385996602,0.03917174952994285,1.0,0.0,5328.517658839537,818.6040308319875,5328.517658839535,818.6040308319874,6119.730722939875,1269.9863249819605,612.4291710986496,117.6890810815536,75.22963756082515,5.768151438938647,-0.10991696125895441,0.0564033933962072,2664.2588294197676,409.3020154159937,1.0,,,,,0.997090909090909,0.02188541828517307,1.0,0.0,0.7338888888888888,0.2046983674181205,0.998,0.014846766890240903,0.8233333333333333,0.13612399444284315,0.7934245137142583,0.01978855335080884,0.9995077184540366,0.003908618783095244,0.5855198994613313,0.14434250270268653,0.9293022325354869,0.07509039626392905,0.17466666666666664,0.1298466677540236,282.06,16.3638058352616,74.0,0.0,20.0,30.0,15.0,0.0,15.0,0.0,100
cross_target_calibrated_cp,luh,sandia,sandia,gaussian_process,100,0.95,none,,5.0,0.8440000000000001,0.15382977264654543,0.12177777777777778,0.14153964288334409,0.7247826538817972,0.16703016970892262,0.9091050461899757,0.11868803352946873,1.0,0.0,3967.500167021922,2221.120295963977,3967.500167021922,2221.1202959639763,10504.529124121895,6190.905208606533,625.8677555666804,40.867448340621586,75.78671135730804,2.1229919981541316,-0.1103408217274384,0.021263515108990213,inf,,0.0,,,,,0.9041666666666667,0.22419030641501916,0.9866666666666667,0.09801623814713699,0.6400476190476191,0.2425878171602262,0.9272727272727274,0.18375915304933738,0.7643478260869565,0.163287622798717,0.7711354318792704,0.17907424391301033,0.9563776752733628,0.13930500137957033,0.5764081875370758,0.17580328924788838,0.8766223307082638,0.10562774463245586,0.18928853754940714,0.1285447929034341,279.1,6.143897358149365,74.0,0.0,5.0,45.0,22.0,0.0,23.0,0.0,100
cross_target_calibrated_cp,luh,sandia,sandia,gaussian_process,100,0.95,none,,10.0,0.92125,0.08043246429851139,0.062249999999999986,0.058224465509254635,0.8045782224092174,0.10187019962128141,0.9641005785820685,0.04583547912873561,1.0,0.0,5206.384358599585,1363.1910907487468,5206.384358599585,1363.1910907487468,7599.355134193915,3894.1240785946766,610.8926740482225,74.32843289106546,74.42876728033261,3.6965739696387643,-0.10575418068583536,0.03636546050322075,inf,,0.0,,,,,0.9964285714285714,0.029380675239173645,1.0,0.0,0.7610256410256411,0.23686354142878005,0.9975,0.020566472667421534,0.845,0.15398740601789876,0.8355758588512507,0.026497121598043197,0.9991046088861941,0.008105594863463163,0.6511131735112273,0.17085526823730232,0.9277104674323273,0.08948492741227343,0.1525,0.1496418282689595,281.47,7.6810865708629334,74.0,0.0,10.0,40.0,20.0,0.0,20.0,0.0,100
cross_target_calibrated_cp,luh,sandia,sandia,gaussian_process,100,0.95,none,,15.0,0.9505714285714285,0.05461282172572674,0.0392857142857143,0.0377350395474484,0.8294662049910082,0.07123705815446583,0.9825527293543719,0.028292361549036648,1.0,0.0,5722.310409842546,683.8743581738728,5722.310409842546,683.8743581738728,6440.152908073278,2207.275734907325,612.1983874577937,78.56993886735854,74.78689238441663,4.265938913946737,-0.10673892204209967,0.04007264246814833,inf,,0.0,,,,,0.9991666666666668,0.008333333333333335,1.0,0.0,0.8554545454545455,0.1562123149312231,0.9994117647058823,0.0058823529411764705,0.9044444444444444,0.10358338378419613,0.8148268432774793,0.008550217136690215,0.99989539599015,0.0010460400984997618,0.7009488215065356,0.11822967905503377,0.9656733175881681,0.05497410587599977,0.09496732026143792,0.10108153428161128,278.87,13.908543265115007,74.0,0.0,15.0,35.0,17.0,0.0,18.0,0.0,100
cross_target_calibrated_cp,luh,sandia,sandia,gaussian_process,100,0.95,none,,20.0,0.9576666666666667,0.058383576246309556,0.042000000000000016,0.04106330827143966,0.8257205106958727,0.07465660576311967,0.9857102300855546,0.03032294242853366,1.0,0.0,5815.010409842547,660.3925984236598,5815.010409842545,660.3925984236596,6465.746657778401,2645.3510536464682,612.4291710986496,117.6890810815536,75.22963756082515,5.768151438938647,-0.10991696125895441,0.0564033933962072,2907.5052049212727,330.1962992118298,1.0,,,,,0.9990000000000001,0.010000000000000002,1.0,0.0,0.8733333333333333,0.17049475769593542,0.9993333333333334,0.006666666666666656,0.9159999999999999,0.11316089079442244,0.795173878987132,0.009428199770195147,0.9998813310450673,0.0011866895493268604,0.6913567208896713,0.12281724322688967,0.9710123726485028,0.060968881881306065,0.08333333333333331,0.10984122813601795,282.06,16.3638058352616,74.0,0.0,20.0,30.0,15.0,0.0,15.0,0.0,100
cross_target_calibrated_cp,matr,hust,hust,catboost,100,0.9,none,,5.0,0.8594444444444445,0.1421102296502377,0.10361111111111113,0.10494276909884234,0.7717188580399831,0.15899639792732212,0.9107574656601188,0.11156864004845501,1.0,0.0,2474.7464491299274,294.6843769483247,2474.7464491299274,294.6843769483247,2871.7620904161795,327.4980214617168,876.7884894596613,43.91437234453171,81.87562057045434,5.71412777536317,-10.380386191316957,1.059378671003974,inf,,0.0,,,,,1.0,0.0,0.9541666666666667,0.13768416908004982,0.6241666666666666,0.3278687170543961,0.9938888888888888,0.02969794313436995,0.725,0.26787918780535985,0.8951992637968835,0.0397824371816368,0.9973383352914739,0.01411432827135956,0.5910122930835114,0.25897094920530833,0.81559932404898,0.2278576262486896,0.2688888888888889,0.2539708343223093,1510.31,9.740776523087215,89.0,0.0,5.0,72.0,36.0,0.0,36.0,0.0,100
cross_target_calibrated_cp,matr,hust,hust,catboost,100,0.9,none,,10.0,0.9186567164179104,0.08342188670032188,0.06811940298507461,0.05122182963938646,0.8351508725842629,0.10070860120877054,0.9567582853283934,0.05789878007389133,1.0,0.0,2601.477627162703,225.97366910858364,2601.477627162703,225.9736691085835,2775.515586526709,136.6105607661172,878.5956352992392,44.373928991661884,82.02794567526185,5.752732874734904,-10.567455299202138,1.2987965936423331,1300.7388135813515,112.98683455429175,1.0,,,,,1.0,0.0,0.994090909090909,0.02636616941062478,0.7581818181818182,0.2367518179954498,1.0,0.0,0.8397058823529412,0.16439018849769318,0.895730002457548,0.0,0.9999999999999999,0.0,0.6988532482822093,0.17638147767407472,0.9115883340430325,0.12141364122640523,0.16029411764705884,0.16439018849769316,1505.09,16.89964138045181,89.0,0.0,10.0,67.0,33.0,0.0,34.0,0.0,100
cross_target_calibrated_cp,matr,hust,hust,catboost,100,0.9,none,,15.0,0.9330645161290323,0.0693214890227292,0.06280645161290321,0.04387799907236087,0.8481078961925778,0.0858176788172195,0.9674876413583303,0.04563806867741708,1.0,0.0,2645.223583765465,198.01401094912598,2645.223583765465,198.01401094912603,2769.5295078303798,108.61926002495365,878.9516730831912,42.64972111743719,82.01095797360293,5.59366009125323,-10.446627578804645,1.252119946861736,1322.6117918827324,99.00700547456302,1.0,,,,,1.0,0.0,0.9965,0.02161999635578698,0.8057142857142857,0.1935395796371903,1.0,0.0,0.8661290322580645,0.13864297804545836,0.889744604539564,0.0,1.0,0.0,0.7186794630473318,0.1524759758967829,0.9328431989864779,0.0967848557382411,0.1338709677419355,0.1386429780454584,1509.83,17.64638916336858,89.0,0.0,15.0,62.0,31.0,0.0,31.0,0.0,100
cross_target_calibrated_cp,matr,hust,hust,catboost,100,0.9,none,,20.0,0.8942105263157895,0.08000667621240552,0.06354385964912279,0.048541905905030214,0.7936519674397858,0.09654912419606036,0.9449890985550761,0.05392799275066243,1.0,0.0,2532.7028315928687,166.31938269093195,2532.7028315928687,166.3193826909319,2749.5726614851433,120.7532343352271,877.3261046651579,47.29957310121561,81.86625448477444,5.831166579883048,-10.372857746108258,1.4149170531094055,1266.3514157964344,83.15969134546594,1.0,,,,,1.0,0.0,0.9915789473684211,0.024492955432794217,0.6910526315789474,0.22437878838751807,1.0,0.0,0.7920689655172414,0.15725450152093498,0.8793566952341546,0.0,1.0,0.0,0.6278141910659307,0.16719369194168698,0.887997243879393,0.11219930292119441,0.20793103448275863,0.15725450152093504,1499.97,23.638034323239857,89.0,0.0,20.0,57.0,28.0,0.0,29.0,0.0,100
cross_target_calibrated_cp,matr,hust,hust,catboost,100,0.95,none,,5.0,0.8594444444444445,0.1421102296502377,0.1067222222222222,0.13028345214370704,0.7717188580399831,0.15899639792732212,0.9107574656601188,0.11156864004845501,1.0,0.0,2474.7464491299274,294.6843769483247,2474.7464491299274,294.6843769483247,3268.7777317024297,886.4189366908993,876.7884894596613,43.91437234453171,81.87562057045434,5.71412777536317,-10.380386191316957,1.059378671003974,inf,,0.0,,,,,1.0,0.0,0.9541666666666667,0.13768416908004982,0.6241666666666666,0.3278687170543961,0.9938888888888888,0.02969794313436995,0.725,0.26787918780535985,0.8951992637968835,0.0397824371816368,0.9973383352914739,0.01411432827135956,0.5910122930835114,0.25897094920530833,0.81559932404898,0.2278576262486896,0.2688888888888889,0.2539708343223093,1510.31,9.740776523087215,89.0,0.0,5.0,72.0,36.0,0.0,36.0,0.0,100
cross_target_calibrated_cp,matr,hust,hust,catboost,100,0.95,none,,10.0,0.9186567164179104,0.08342188670032188,0.059029850746268646,0.06657188121952484,0.8351508725842629,0.10070860120877054,0.9567582853283934,0.05789878007389133,1.0,0.0,2601.477627162703,225.97366910858364,2601.477627162703,225.9736691085835,2949.5535458907143,343.45711300449665,878.5956352992392,44.373928991661884,82.02794567526185,5.752732874734904,-10.567455299202138,1.2987965936423331,inf,,0.0,,,,,1.0,0.0,0.994090909090909,0.02636616941062478,0.7581818181818182,0.2367518179954498,1.0,0.0,0.8397058823529412,0.16439018849769318,0.895730002457548,0.0,0.9999999999999999,0.0,0.6988532482822093,0.17638147767407472,0.9115883340430325,0.12141364122640523,0.16029411764705884,0.16439018849769316,1505.09,16.89964138045181,89.0,0.0,10.0,67.0,33.0,0.0,34.0,0.0,100
cross_target_calibrated_cp,matr,hust,hust,catboost,100,0.95,none,,15.0,0.9330645161290323,0.0693214890227292,0.04648387096774196,0.05396851406914514,0.8481078961925778,0.0858176788172195,0.9674876413583303,0.04563806867741708,1.0,0.0,2645.223583765465,198.01401094912598,2645.223583765465,198.01401094912603,2893.835431895295,246.59177291984156,878.9516730831912,42.64972111743719,82.01095797360293,5.59366009125323,-10.446627578804645,1.252119946861736,inf,,0.0,,,,,1.0,0.0,0.9965,0.02161999635578698,0.8057142857142857,0.1935395796371903,1.0,0.0,0.8661290322580645,0.13864297804545836,0.889744604539564,0.0,1.0,0.0,0.7186794630473318,0.1524759758967829,0.9328431989864779,0.0967848557382411,0.1338709677419355,0.1386429780454584,1509.83,17.64638916336858,89.0,0.0,15.0,62.0,31.0,0.0,31.0,0.0,100
cross_target_calibrated_cp,matr,hust,hust,catboost,100,0.95,none,,20.0,0.9442105263157895,0.05731862057121542,0.04410526315789474,0.036801594564406286,0.8574997404430335,0.07525079099163408,0.9748274420665305,0.03273811410202079,1.0,0.0,2688.242553448722,164.57097494133166,2688.242553448722,164.57097494133163,2865.75275008115,128.99788916095812,877.3261046651579,47.29957310121561,81.86625448477444,5.831166579883048,-10.372857746108258,1.4149170531094055,1344.121276724361,82.28548747066581,1.0,,,,,1.0,0.0,0.9989473684210526,0.007405541796646829,0.8336842105263158,0.16988333831998362,1.0,0.0,0.8903448275862068,0.11266073698480274,0.8793566952341546,0.0,1.0,0.0,0.740038331067466,0.1337927174391133,0.9493342124485984,0.06655502651492269,0.10965517241379309,0.11266073698480276,1499.97,23.638034323239857,89.0,0.0,20.0,57.0,28.0,0.0,29.0,0.0,100
cross_target_calibrated_cp,matr,luh,luh,catboost,100,0.9,none,,5.0,0.8379207920792079,0.13354685947032688,0.10413861386138613,0.10379366281790518,0.7616606949038318,0.14782930886807055,0.889417616747117,0.11004598661388275,1.0,0.0,1207.6463702983206,371.0733688582921,1207.6463702983208,371.0733688582922,1810.343365950125,314.73302705185813,334.18156651957696,21.92853206331095,65.281207532724,2.5841089373702113,0.009220998801538576,0.051769951865821354,inf,,0.0,,,,,0.848529411764706,0.2501397672983848,0.9942424242424243,0.04056327666713397,0.6755882352941177,0.20702319516030546,0.8931999999999999,0.18460375254730188,0.7837254901960784,0.13801546344020346,0.8017610733742765,0.20280853080736735,0.9285311746672502,0.14266861884146737,0.6617723721536778,0.15186565817598538,0.8659305851039006,0.10551955247521982,0.16978823529411766,0.1326907133488652,460.03,24.306733073929795,89.0,0.0,5.0,101.0,50.0,0.0,51.0,0.0,100
cross_target_calibrated_cp,matr,luh,luh,catboost,100,0.9,none,,10.0,0.8895833333333333,0.09940726408385599,0.07958333333333333,0.05994935666676249,0.8183482894672374,0.11662111478028916,0.9308394816603238,0.07508738611261136,1.0,0.0,1392.3741745456045,428.74080808167696,1392.3741745456043,428.74080808167696,1811.171429320234,295.3399614899808,334.76650696519437,22.55812613045541,65.45044590596473,2.6701469557082227,0.010294596573038795,0.053606101215678034,696.1870872728022,214.37040404083848,1.0,,,,,0.928125,0.14887917742148152,1.0,0.0,0.740625,0.21589039990867426,0.9520833333333333,0.09925278494765431,0.8270833333333333,0.1439269332724495,0.8641870975973949,0.12066523405794305,0.9729807018294905,0.06400985003358921,0.7084687614393461,0.16084016061991127,0.8972240704040686,0.10680411530571456,0.14708333333333334,0.12464244597175826,473.78,34.7195342797979,89.0,0.0,10.0,96.0,48.0,0.0,48.0,0.0,100
cross_target_calibrated_cp,matr,luh,luh,catboost,100,0.9,none,,15.0,0.9510989010989012,0.046971051497780546,0.06248351648351647,0.03000209998354625,0.8897378400773955,0.061371973891400956,0.9759173387955599,0.029215145537897783,1.0,0.0,1667.8651243845845,347.94387148653396,1667.8651243845843,347.94387148653385,1827.0889062101373,211.1620572843854,331.51527476224675,24.270656018843688,64.96383260549636,2.9145587906158337,0.012929781632197903,0.05415559585138621,833.9325621922922,173.97193574326693,1.0,,,,,0.9896774193548388,0.047400609847716095,1.0,0.0,0.8623333333333334,0.12692115141159624,0.9928888888888889,0.03265375345064887,0.9102173913043479,0.0827746639640845,0.9113344446223114,0.0420363366867222,0.9969103349378902,0.018654469574715844,0.8005791143427303,0.10263122561563248,0.9566218362909695,0.05109462752038794,0.08588888888888889,0.08118446258034191,469.9,34.466350153871716,89.0,0.0,15.0,91.0,45.0,0.0,46.0,0.0,100
cross_target_calibrated_cp,matr,luh,luh,catboost,100,0.9,none,,20.0,0.9133720930232557,0.061825267592183195,0.052162790697674405,0.03541950917890545,0.838875547520978,0.07645302212970666,0.9525185475137163,0.04231111386814253,1.0,0.0,1411.1249101064684,329.5259068047864,1411.1249101064684,329.5259068047864,1728.0497216187673,208.2785038059182,332.79370055599645,22.20853701850273,65.10236131636485,2.7399506349682503,0.009359978115060303,0.054701375872782954,705.5624550532342,164.7629534023932,1.0,,,,,0.9668965517241379,0.07855943644062145,1.0,0.0,0.7762068965517241,0.15432797826508596,0.9776744186046511,0.05298194550646566,0.8490697674418604,0.10408165976017426,0.8872815629680687,0.07077147896172746,0.9897193040897102,0.026768283481231694,0.7213617357609948,0.12121923528488043,0.9195235132427668,0.07062248411956633,0.13790697674418606,0.09739857241979077,486.04,39.574994655971885,89.0,0.0,20.0,86.0,43.0,0.0,43.0,0.0,100
cross_target_calibrated_cp,matr,luh,luh,catboost,100,0.95,none,,5.0,0.8379207920792079,0.13354685947032688,0.121039603960396,0.12539867396921853,0.7616606949038318,0.14782930886807055,0.889417616747117,0.11004598661388275,1.0,0.0,1207.6463702983206,371.0733688582921,1207.6463702983208,371.0733688582922,2413.0403616019275,807.7128330983234,334.18156651957696,21.92853206331095,65.281207532724,2.5841089373702113,0.009220998801538576,0.051769951865821354,inf,,0.0,,,,,0.848529411764706,0.2501397672983848,0.9942424242424243,0.04056327666713397,0.6755882352941177,0.20702319516030546,0.8931999999999999,0.18460375254730188,0.7837254901960784,0.13801546344020346,0.8017610733742765,0.20280853080736735,0.9285311746672502,0.14266861884146737,0.6617723721536778,0.15186565817598538,0.8659305851039006,0.10551955247521982,0.16978823529411766,0.1326907133488652,460.03,24.306733073929795,89.0,0.0,5.0,101.0,50.0,0.0,51.0,0.0,100
cross_target_calibrated_cp,matr,luh,luh,catboost,100,0.95,none,,10.0,0.8895833333333333,0.09940726408385599,0.081,0.08331611775036173,0.8183482894672374,0.11662111478028916,0.9308394816603238,0.07508738611261136,1.0,0.0,1392.3741745456045,428.74080808167696,1392.3741745456043,428.74080808167696,2229.968684094862,690.1682432638341,334.76650696519437,22.55812613045541,65.45044590596473,2.6701469557082227,0.010294596573038795,0.053606101215678034,inf,,0.0,,,,,0.928125,0.14887917742148152,1.0,0.0,0.740625,0.21589039990867426,0.9520833333333333,0.09925278494765431,0.8270833333333333,0.1439269332724495,0.8641870975973949,0.12066523405794305,0.9729807018294905,0.06400985003358921,0.7084687614393461,0.16084016061991127,0.8972240704040686,0.10680411530571456,0.14708333333333334,0.12464244597175826,473.78,34.7195342797979,89.0,0.0,10.0,96.0,48.0,0.0,48.0,0.0,100
cross_target_calibrated_cp,matr,luh,luh,catboost,100,0.95,none,,15.0,0.9510989010989012,0.046971051497780546,0.03716483516483518,0.028501275761183522,0.8897378400773955,0.061371973891400956,0.9759173387955599,0.029215145537897783,1.0,0.0,1667.8651243845845,347.94387148653396,1667.8651243845843,347.94387148653385,1986.31268803569,218.7758148473749,331.51527476224675,24.270656018843688,64.96383260549636,2.9145587906158337,0.012929781632197903,0.05415559585138621,inf,,0.0,,,,,0.9896774193548388,0.047400609847716095,1.0,0.0,0.8623333333333334,0.12692115141159624,0.9928888888888889,0.03265375345064887,0.9102173913043479,0.0827746639640845,0.9113344446223114,0.0420363366867222,0.9969103349378902,0.018654469574715844,0.8005791143427303,0.10263122561563248,0.9566218362909695,0.05109462752038794,0.08588888888888889,0.08118446258034191,469.9,34.466350153871716,89.0,0.0,15.0,91.0,45.0,0.0,46.0,0.0,100
cross_target_calibrated_cp,matr,luh,luh,catboost,100,0.95,none,,20.0,0.9529069767441861,0.04748151902616676,0.03690697674418606,0.02978500883753067,0.8897162276521364,0.061881836242960196,0.9773667541088017,0.02952240856729315,1.0,0.0,1696.8717366498518,346.20722890859605,1696.8717366498518,346.2072289085959,1999.9326977363883,247.35114076245262,332.79370055599645,22.20853701850273,65.10236131636485,2.7399506349682503,0.009359978115060303,0.054701375872782954,848.4358683249259,173.10361445429794,1.0,,,,,0.9913793103448276,0.03870835202088077,1.0,0.0,0.8689655172413794,0.12808838635164624,0.9941860465116279,0.026105632758268466,0.9116279069767442,0.08638519079529634,0.9098812382898812,0.03622733772647459,0.997434653870674,0.011744676758244223,0.797638021841549,0.10579392686678282,0.9581027448051251,0.05390931726579306,0.08348837209302326,0.08434340408452753,486.04,39.574994655971885,89.0,0.0,20.0,86.0,43.0,0.0,43.0,0.0,100
cross_target_calibrated_cp,matr,sandia,sandia,catboost,100,0.9,none,,5.0,0.8435555555555555,0.13254236017798735,0.10444444444444445,0.09882714121575063,0.7218858473044949,0.15040888608045888,0.9111828764105961,0.09488341540566993,1.0,0.0,3568.054247403334,1871.4218138037265,3568.054247403334,1871.4218138037256,6444.866448709927,1546.2571532828208,715.412968135511,77.10244107242782,93.18966508169075,9.3381994321611,0.039880958098995556,0.0332414828116917,inf,,0.0,,,,,0.9115833333333333,0.1820707403437955,0.9933333333333333,0.036081961817155034,0.6255238095238095,0.24011983845455506,0.935,0.13830195710175308,0.7560869565217391,0.15766127422470833,0.77415018953007,0.15604096341992404,0.9665200695604301,0.08090484667107689,0.56653574157551,0.1702893117525121,0.8723375729746627,0.10105245760441456,0.18420948616600794,0.12656992276443263,279.69,5.548127357200559,89.0,0.0,5.0,45.0,22.0,0.0,23.0,0.0,100
cross_target_calibrated_cp,matr,sandia,sandia,catboost,100,0.9,none,,10.0,0.9272499999999999,0.07377749444694288,0.06874999999999999,0.037667973964978035,0.8113684205807817,0.09382323768572594,0.9682589211961367,0.041587176608993144,1.0,0.0,4806.108634151894,1077.5323310858098,4806.108634151894,1077.5323310858098,5684.874722420717,894.3688520465374,716.9116307335961,81.69271778958151,93.54883064125143,9.112720438107358,0.038651314320051845,0.03533067744324837,2403.054317075947,538.7661655429049,1.0,,,,,0.9971904761904762,0.017163888013556516,1.0,0.0,0.7776282051282051,0.21937558547078,0.998,0.012143918126978114,0.8565,0.14207250247530645,0.8359756363675456,0.01740360353243784,0.9995437062118464,0.003037610435667671,0.6620945452467174,0.15814257271991033,0.9360232170616224,0.08196362733954544,0.14150000000000001,0.13744695946679455,280.67,9.82889473527779,89.0,0.0,10.0,40.0,20.0,0.0,20.0,0.0,100
cross_target_calibrated_cp,matr,sandia,sandia,catboost,100,0.9,none,,15.0,0.9354285714285715,0.07472839572204308,0.07171428571428569,0.04071004509446638,0.8114816906862518,0.09489679153773639,0.9732468165695245,0.04082507373056845,1.0,0.0,5003.86878068595,900.5048860589244,5003.86878068595,900.5048860589244,5656.412472675776,817.5927477825941,712.1675600546188,106.87349766791748,93.31090861524173,9.660774157585575,0.03599578224652296,0.041993025162510064,2501.934390342975,450.2524430294622,1.0,,,,,0.9983333333333333,0.011725441178024144,1.0,0.0,0.8113636363636364,0.21320751404581947,0.9988235294117647,0.008276782008017037,0.8755555555555555,0.1417208474548368,0.8139718215638103,0.012030608171471427,0.9997907919803001,0.0014718337973776033,0.6718937650419531,0.15598851121492902,0.9471125069745575,0.08000100826615876,0.12326797385620916,0.13830646545037048,276.82,13.680613725969744,89.0,0.0,15.0,35.0,17.0,0.0,18.0,0.0,100
cross_target_calibrated_cp,matr,sandia,sandia,catboost,100,0.9,none,,20.0,0.9096666666666667,0.0738997106072405,0.05833333333333332,0.046026147840906174,0.7620804586267158,0.0917522958869535,0.9642475678994126,0.0404509876786104,1.0,0.0,4761.146681418879,812.8427954778225,4761.146681418879,812.8427954778225,5599.776778496532,965.0449939131207,708.1087618848395,109.95177841780429,93.13527826945827,9.854218087308455,0.033729134946825064,0.04694778149955933,2380.5733407094394,406.42139773891125,1.0,,,,,0.997,0.030000000000000006,1.0,0.0,0.7291111111111112,0.21242006631704186,0.998,0.019999999999999997,0.8213333333333334,0.14050733791862505,0.793636987102993,0.02479711861158449,0.9992952450653019,0.007047549346981552,0.5839433300564244,0.14823334219160123,0.9276943351445369,0.0779569496312834,0.17666666666666667,0.1357937962744314,283.61,15.546538151139904,89.0,0.0,20.0,30.0,15.0,0.0,15.0,0.0,100
cross_target_calibrated_cp,matr,sandia,sandia,catboost,100,0.95,none,,5.0,0.8435555555555555,0.13254236017798735,0.1201111111111111,0.12016631240176644,0.7218858473044949,0.15040888608045888,0.9111828764105961,0.09488341540566993,1.0,0.0,3568.054247403334,1871.4218138037265,3568.054247403334,1871.4218138037256,9321.678650016513,4911.218997572924,715.412968135511,77.10244107242782,93.18966508169075,9.3381994321611,0.039880958098995556,0.0332414828116917,inf,,0.0,,,,,0.9115833333333333,0.1820707403437955,0.9933333333333333,0.036081961817155034,0.6255238095238095,0.24011983845455506,0.935,0.13830195710175308,0.7560869565217391,0.15766127422470833,0.77415018953007,0.15604096341992404,0.9665200695604301,0.08090484667107689,0.56653574157551,0.1702893117525121,0.8723375729746627,0.10105245760441456,0.18420948616600794,0.12656992276443263,279.69,5.548127357200559,89.0,0.0,5.0,45.0,22.0,0.0,23.0,0.0,100
cross_target_calibrated_cp,matr,sandia,sandia,catboost,100,0.95,none,,10.0,0.9272499999999999,0.07377749444694288,0.055749999999999994,0.05316438676597349,0.8113684205807817,0.09382323768572594,0.9682589211961367,0.041587176608993144,1.0,0.0,4806.108634151894,1077.5323310858098,4806.108634151894,1077.5323310858098,6563.64081068954,2788.406909795428,716.9116307335961,81.69271778958151,93.54883064125143,9.112720438107358,0.038651314320051845,0.03533067744324837,inf,,0.0,,,,,0.9971904761904762,0.017163888013556516,1.0,0.0,0.7776282051282051,0.21937558547078,0.998,0.012143918126978114,0.8565,0.14207250247530645,0.8359756363675456,0.01740360353243784,0.9995437062118464,0.003037610435667671,0.6620945452467174,0.15814257271991033,0.9360232170616224,0.08196362733954544,0.14150000000000001,0.13744695946679455,280.67,9.82889473527779,89.0,0.0,10.0,40.0,20.0,0.0,20.0,0.0,100
cross_target_calibrated_cp,matr,sandia,sandia,catboost,100,0.95,none,,15.0,0.9354285714285715,0.07472839572204308,0.05371428571428572,0.05370694739716559,0.8114816906862518,0.09489679153773639,0.9732468165695245,0.04082507373056845,1.0,0.0,5003.86878068595,900.5048860589244,5003.86878068595,900.5048860589244,6308.956164665604,2474.285034260076,712.1675600546188,106.87349766791748,93.31090861524173,9.660774157585575,0.03599578224652296,0.041993025162510064,inf,,0.0,,,,,0.9983333333333333,0.011725441178024144,1.0,0.0,0.8113636363636364,0.21320751404581947,0.9988235294117647,0.008276782008017037,0.8755555555555555,0.1417208474548368,0.8139718215638103,0.012030608171471427,0.9997907919803001,0.0014718337973776033,0.6718937650419531,0.15598851121492902,0.9471125069745575,0.08000100826615876,0.12326797385620916,0.13830646545037048,276.82,13.680613725969744,89.0,0.0,15.0,35.0,17.0,0.0,18.0,0.0,100
cross_target_calibrated_cp,matr,sandia,sandia,catboost,100,0.95,none,,20.0,0.9526666666666667,0.055692759867719786,0.044333333333333336,0.033519681137639465,0.8187936494794079,0.07443127258507662,0.9837722252337592,0.025276607298302903,1.0,0.0,5274.167616639374,369.75758995788425,5274.1676166393745,369.75758995788476,5692.3877374925805,782.1019149803725,708.1087618848395,109.95177841780429,93.13527826945827,9.854218087308455,0.033729134946825064,0.04694778149955933,2637.0838083196873,184.87879497894238,1.0,,,,,1.0,0.0,1.0,0.0,0.8573333333333334,0.1672136180581527,1.0,0.0,0.9053333333333333,0.11138551973543961,0.7961166989641515,0.0,1.0,0.0,0.6786987327026748,0.12698468941119248,0.9666865379242643,0.05276635998049155,0.09466666666666665,0.11138551973543961,283.61,15.546538151139904,89.0,0.0,20.0,30.0,15.0,0.0,15.0,0.0,100
cross_target_calibrated_cp,sandia,hust,hust,xgboost,100,0.9,none,,5.0,0.8188888888888889,0.1459741583964985,0.12200000000000001,0.11366432378305864,0.7245678606259578,0.16173061743872558,0.8809057248514125,0.11645488823752606,1.0,0.0,3425.7108321499936,695.245868306683,3425.7108321499936,695.2458683066828,4464.807500036938,1229.7053619926244,1023.5455809996461,266.2237537228848,49.13163693454397,10.418370510662282,-19.108591317907965,7.3630291757906114,inf,,0.0,,,,,0.5683333333333334,0.27207014923636785,0.9195833333333333,0.1479677853055032,0.96875,0.09737992260522355,0.6805555555555556,0.22100889300970492,0.9572222222222223,0.1058976087034941,0.5365005156946406,0.22447876051058124,0.7897927573129141,0.17724028621907767,0.8499895293169815,0.1254206153545423,0.9762854358683035,0.06688811583303808,0.27666666666666667,0.1867743262836813,1512.78,8.80263964083868,34.0,0.0,5.0,72.0,36.0,0.0,36.0,0.0,100
cross_target_calibrated_cp,sandia,hust,hust,xgboost,100,0.9,none,,10.0,0.8988059701492537,0.10110825521027052,0.07364179104477611,0.06889431811577,0.8115284878906391,0.11819831380868075,0.9428320361530749,0.07396123401635768,1.0,0.0,3759.2037408246797,453.97314321289616,3759.2037408246797,453.9731432128961,4117.434703739956,493.8004625504677,1022.6152412262308,269.9218839080094,48.976059227033396,10.484192161769034,-19.19250871997427,7.395835237859774,1879.6018704123398,226.98657160644805,1.0,,,,,0.7291304347826087,0.2368421677949669,0.9804545454545455,0.0669088388824255,0.9945454545454545,0.02980303765575432,0.8036363636363636,0.18158744669632937,0.9911764705882353,0.04211642549272963,0.656685544394505,0.19088297977722313,0.8872668570978968,0.13685811050076194,0.8869027838301939,0.05365383970291565,0.9957270365015409,0.022283220758694853,0.18754010695187165,0.1663697315013453,1506.32,14.16132162981375,34.0,0.0,10.0,67.0,33.0,0.0,34.0,0.0,100
cross_target_calibrated_cp,sandia,hust,hust,xgboost,100,0.9,none,,15.0,0.9432258064516129,0.07334075750094625,0.06438709677419353,0.05548546225184046,0.8617504109892071,0.08669705364215705,0.9729820050964149,0.053345495677792794,1.0,0.0,3909.0055478713084,410.17123750549155,3909.0055478713084,410.1712375054918,4093.66781663366,623.6015836480709,1018.1922376866651,269.01104330495156,48.85163172877883,10.440113257932925,-19.135350731429465,7.43934798296603,1954.5027739356542,205.0856187527459,1.0,,,,,0.8438095238095238,0.15044464815141037,0.9940000000000001,0.05039239961932689,0.9942857142857143,0.05714285714285712,0.8916129032258064,0.11216956620693583,0.9948387096774194,0.05161290322580645,0.7473595467385985,0.12987909342889195,0.9495113886878728,0.07236211263366735,0.8840441836504102,0.057004208891539065,0.9965159604551971,0.034840395448028826,0.10322580645161292,0.09474354796843348,1511.65,17.962010978279665,34.0,0.0,15.0,62.0,31.0,0.0,31.0,0.0,100
cross_target_calibrated_cp,sandia,hust,hust,xgboost,100,0.9,none,,20.0,0.903859649122807,0.07120806787322664,0.056070175438596485,0.0437037242544495,0.8048313345357481,0.08697579106811246,0.9518895083303721,0.04702828244798536,1.0,0.0,3714.479847301579,429.4479682006424,3714.479847301579,429.44796820064226,4003.0932557676524,296.0279748933228,1017.2660079717416,271.67129854223003,48.782855406942524,10.543137194113102,-19.2029868661822,7.700011483270773,1857.2399236507895,214.72398410032113,1.0,,,,,0.7263157894736842,0.18611832016183386,0.9878947368421052,0.04416480763094878,0.9973684210526317,0.021648918597285856,0.8085714285714286,0.13396957044414476,0.9958620689655173,0.02415036749830676,0.6401075069923217,0.14688251945348021,0.902581196352185,0.09002456282498231,0.8773174660878251,0.032271968665068436,0.9984048992620872,0.010601017603644245,0.18729064039408866,0.12718298076499154,1501.85,25.579890697202124,34.0,0.0,20.0,57.0,28.0,0.0,29.0,0.0,100
cross_target_calibrated_cp,sandia,hust,hust,xgboost,100,0.95,none,,5.0,0.8188888888888889,0.1459741583964985,0.144,0.13314188462529833,0.7245678606259578,0.16173061743872558,0.8809057248514125,0.11645488823752606,1.0,0.0,3425.7108321499936,695.245868306683,3425.7108321499936,695.2458683066828,5503.90416792388,2933.5912460997156,1023.5455809996461,266.2237537228848,49.13163693454397,10.418370510662282,-19.108591317907965,7.3630291757906114,inf,,0.0,,,,,0.5683333333333334,0.27207014923636785,0.9195833333333333,0.1479677853055032,0.96875,0.09737992260522355,0.6805555555555556,0.22100889300970492,0.9572222222222223,0.1058976087034941,0.5365005156946406,0.22447876051058124,0.7897927573129141,0.17724028621907767,0.8499895293169815,0.1254206153545423,0.9762854358683035,0.06688811583303808,0.27666666666666667,0.1867743262836813,1512.78,8.80263964083868,34.0,0.0,5.0,72.0,36.0,0.0,36.0,0.0,100
cross_target_calibrated_cp,sandia,hust,hust,xgboost,100,0.95,none,,10.0,0.8988059701492537,0.10110825521027052,0.07208955223880595,0.08729709882897403,0.8115284878906391,0.11819831380868075,0.9428320361530749,0.07396123401635768,1.0,0.0,3759.2037408246797,453.97314321289616,3759.2037408246797,453.9731432128961,4475.665666655232,1130.3497302277701,1022.6152412262308,269.9218839080094,48.976059227033396,10.484192161769034,-19.19250871997427,7.395835237859774,inf,,0.0,,,,,0.7291304347826087,0.2368421677949669,0.9804545454545455,0.0669088388824255,0.9945454545454545,0.02980303765575432,0.8036363636363636,0.18158744669632937,0.9911764705882353,0.04211642549272963,0.656685544394505,0.19088297977722313,0.8872668570978968,0.13685811050076194,0.8869027838301939,0.05365383970291565,0.9957270365015409,0.022283220758694853,0.18754010695187165,0.1663697315013453,1506.32,14.16132162981375,34.0,0.0,10.0,67.0,33.0,0.0,34.0,0.0,100
cross_target_calibrated_cp,sandia,hust,hust,xgboost,100,0.95,none,,15.0,0.9432258064516129,0.07334075750094625,0.04303225806451616,0.05962163958558252,0.8617504109892071,0.08669705364215705,0.9729820050964149,0.053345495677792794,1.0,0.0,3909.0055478713084,410.17123750549155,3909.0055478713084,410.1712375054918,4278.330085396011,1354.3326778602698,1018.1922376866651,269.01104330495156,48.85163172877883,10.440113257932925,-19.135350731429465,7.43934798296603,inf,,0.0,,,,,0.8438095238095238,0.15044464815141037,0.9940000000000001,0.05039239961932689,0.9942857142857143,0.05714285714285712,0.8916129032258064,0.11216956620693583,0.9948387096774194,0.05161290322580645,0.7473595467385985,0.12987909342889195,0.9495113886878728,0.07236211263366735,0.8840441836504102,0.057004208891539065,0.9965159604551971,0.034840395448028826,0.10322580645161292,0.09474354796843348,1511.65,17.962010978279665,34.0,0.0,15.0,62.0,31.0,0.0,31.0,0.0,100
cross_target_calibrated_cp,sandia,hust,hust,xgboost,100,0.95,none,,20.0,0.9498245614035088,0.05254408227144653,0.042280701754385974,0.030906257968329118,0.8647596925184732,0.07002394152427456,0.9780866328980047,0.028959414253337763,1.0,0.0,3935.4195474361677,406.3545611407863,3935.4195474361677,406.3545611407862,4188.767571530228,345.4766239500745,1017.2660079717416,271.67129854223003,48.782855406942524,10.543137194113102,-19.2029868661822,7.700011483270773,1967.7097737180839,203.1772805703931,1.0,,,,,0.853157894736842,0.14985653062178894,0.9963157894736843,0.017148658812357557,1.0,0.0,0.8978571428571429,0.10696473890973043,1.0,0.0,0.7453782490885075,0.12849345685063226,0.9543384355478125,0.06090887092547401,0.8830302015002593,0.0,1.0,0.0,0.10214285714285713,0.10696473890973045,1501.85,25.579890697202124,34.0,0.0,20.0,57.0,28.0,0.0,29.0,0.0,100
cross_target_calibrated_cp,sandia,luh,luh,xgboost,100,0.9,none,,5.0,0.817920792079208,0.15118049801492445,0.12566336633663366,0.11708885637394956,0.7408928306912188,0.16647136122261097,0.8716511068157243,0.1255353683067011,1.0,0.0,1489.9387242111654,668.6457004978611,1489.9387242111654,668.6457004978612,2662.5813278363134,690.7408808144064,324.08609638165484,30.89250882180711,60.53263080903325,6.757040516696541,-0.3420282643361343,0.2615866358954708,inf,,0.0,,,,,0.9982352941176471,0.012415173012025564,0.946060606060606,0.1596285026857316,0.513235294117647,0.345519487226504,0.9928,0.037011600693006866,0.646470588235294,0.28139037031667136,0.9191392423615858,0.04743575773769514,0.9961405639325759,0.02154635659374398,0.5359038687385821,0.2722203816019466,0.7365177684911421,0.2544814544133267,0.3463294117647059,0.26688277229019053,461.64,26.578080130708145,34.0,0.0,5.0,101.0,50.0,0.0,51.0,0.0,100
cross_target_calibrated_cp,sandia,luh,luh,xgboost,100,0.9,none,,10.0,0.8979166666666667,0.09545884596960937,0.074,0.05987872962500063,0.8281774424818857,0.11240646172772648,0.9370357355147141,0.07178643175293657,1.0,0.0,1861.698692822427,538.1782098085482,1861.698692822427,538.1782098085481,2405.4162008681315,344.37570256321413,323.07923828086183,32.54824774674768,60.32996773537437,6.939181095022549,-0.3387889211089632,0.26444243091146435,930.8493464112134,269.08910490427405,1.0,,,,,1.0,0.0,0.9953125,0.02604166666666668,0.6984375,0.2734566641913423,0.9997916666666667,0.002083333333333334,0.7960416666666668,0.19025738573174236,0.9255509498310184,0.0034892050286401102,0.9999631288902248,0.00036871109775106324,0.6788196322335805,0.20255901318447506,0.8693902493266057,0.15166383445626916,0.20375,0.18961767088304585,472.8,33.95689483846697,34.0,0.0,10.0,96.0,48.0,0.0,48.0,0.0,100
cross_target_calibrated_cp,sandia,luh,luh,xgboost,100,0.9,none,,15.0,0.9373626373626374,0.0576109824343178,0.06114285714285714,0.03086877954639199,0.8720848224205078,0.07224901485121675,0.9672105763406036,0.03874882094406128,1.0,0.0,2097.990869427881,409.6972989029999,2097.990869427881,409.6972989029998,2337.424017286563,219.4388933992222,325.3023424050172,32.69749930463953,60.64225479562119,6.826042246690674,-0.3509275915943585,0.26865178573815407,1048.9954347139405,204.8486494514999,1.0,,,,,1.0,0.0,1.0,0.0,0.81,0.17475331338409733,1.0,0.0,0.8760869565217391,0.11396955220701997,0.9213484012671117,0.0,1.0,0.0,0.7605476288220211,0.13208528252705148,0.9336535606831728,0.07937128121053694,0.12391304347826088,0.11396955220702,470.65,37.01579651877279,34.0,0.0,15.0,91.0,45.0,0.0,46.0,0.0,100
cross_target_calibrated_cp,sandia,luh,luh,xgboost,100,0.9,none,,20.0,0.9136046511627908,0.06213112460123273,0.04918604651162789,0.04004408226988528,0.8388483700146723,0.0755447106868703,0.9529909537654706,0.043832546968841396,1.0,0.0,1882.4768329612727,365.6368737710478,1882.476832961273,365.6368737710477,2270.9956700014136,238.40470038801828,323.41715239484535,35.02879305899347,60.415712272187164,7.0771088303305625,-0.34422825499478826,0.26096439266693044,941.2384164806365,182.81843688552385,1.0,,,,,1.0,0.0,1.0,0.0,0.7437931034482759,0.1842509212312419,1.0,0.0,0.8272093023255813,0.12426224920246547,0.9179901967742087,0.0,1.0,0.0,0.6972530898560406,0.13760826744998503,0.9034967738003834,0.09173931362036054,0.1727906976744186,0.12426224920246548,482.41,39.919387204057564,34.0,0.0,20.0,86.0,43.0,0.0,43.0,0.0,100
cross_target_calibrated_cp,sandia,luh,luh,xgboost,100,0.95,none,,5.0,0.817920792079208,0.15118049801492445,0.14380198019801976,0.13995993368360643,0.7408928306912188,0.16647136122261097,0.8716511068157243,0.1255353683067011,1.0,0.0,1489.9387242111654,668.6457004978611,1489.9387242111654,668.6457004978612,3835.223931461459,1890.528627559304,324.08609638165484,30.89250882180711,60.53263080903325,6.757040516696541,-0.3420282643361343,0.2615866358954708,inf,,0.0,,,,,0.9982352941176471,0.012415173012025564,0.946060606060606,0.1596285026857316,0.513235294117647,0.345519487226504,0.9928,0.037011600693006866,0.646470588235294,0.28139037031667136,0.9191392423615858,0.04743575773769514,0.9961405639325759,0.02154635659374398,0.5359038687385821,0.2722203816019466,0.7365177684911421,0.2544814544133267,0.3463294117647059,0.26688277229019053,461.64,26.578080130708145,34.0,0.0,5.0,101.0,50.0,0.0,51.0,0.0,100
cross_target_calibrated_cp,sandia,luh,luh,xgboost,100,0.95,none,,10.0,0.8979166666666667,0.09545884596960937,0.07433333333333332,0.07919096295611604,0.8281774424818857,0.11240646172772648,0.9370357355147141,0.07178643175293657,1.0,0.0,1861.698692822427,538.1782098085482,1861.698692822427,538.1782098085481,2949.133708913834,980.9877655751907,323.07923828086183,32.54824774674768,60.32996773537437,6.939181095022549,-0.3387889211089632,0.26444243091146435,inf,,0.0,,,,,1.0,0.0,0.9953125,0.02604166666666668,0.6984375,0.2734566641913423,0.9997916666666667,0.002083333333333334,0.7960416666666668,0.19025738573174236,0.9255509498310184,0.0034892050286401102,0.9999631288902248,0.00036871109775106324,0.6788196322335805,0.20255901318447506,0.8693902493266057,0.15166383445626916,0.20375,0.18961767088304585,472.8,33.95689483846697,34.0,0.0,10.0,96.0,48.0,0.0,48.0,0.0,100
cross_target_calibrated_cp,sandia,luh,luh,xgboost,100,0.95,none,,15.0,0.9373626373626374,0.0576109824343178,0.04216483516483518,0.04104277952993335,0.8720848224205078,0.07224901485121675,0.9672105763406036,0.03874882094406128,1.0,0.0,2097.990869427881,409.6972989029999,2097.990869427881,409.6972989029998,2576.8571651452453,318.1193216449127,325.3023424050172,32.69749930463953,60.64225479562119,6.826042246690674,-0.3509275915943585,0.26865178573815407,inf,,0.0,,,,,1.0,0.0,1.0,0.0,0.81,0.17475331338409733,1.0,0.0,0.8760869565217391,0.11396955220701997,0.9213484012671117,0.0,1.0,0.0,0.7605476288220211,0.13208528252705148,0.9336535606831728,0.07937128121053694,0.12391304347826088,0.11396955220702,470.65,37.01579651877279,34.0,0.0,15.0,91.0,45.0,0.0,46.0,0.0,100
cross_target_calibrated_cp,sandia,luh,luh,xgboost,100,0.95,none,,20.0,0.950813953488372,0.048434951975035216,0.037697674418604665,0.03018516912587063,0.8871533571268665,0.06351594610779665,0.9759225659250351,0.02972361346020139,1.0,0.0,2192.2211880451578,373.6049150435996,2192.2211880451578,373.6049150435995,2544.8055223537563,256.13100309332805,323.41715239484535,35.02879305899347,60.415712272187164,7.0771088303305625,-0.34422825499478826,0.26096439266693044,1096.1105940225789,186.80245752179974,1.0,,,,,1.0,0.0,1.0,0.0,0.8541379310344827,0.14363468516734582,1.0,0.0,0.9016279069767442,0.0968699039500704,0.9179901967742087,0.0,1.0,0.0,0.7864789930881854,0.1178554671080423,0.9509019696230046,0.06119687736739793,0.09837209302325584,0.09686990395007043,482.41,39.919387204057564,34.0,0.0,20.0,86.0,43.0,0.0,43.0,0.0,100
cross_target_calibrated_cp,sandia,matr,matr,xgboost,100,0.9,none,,5.0,0.8451612903225807,0.1282662993908516,0.10329032258064517,0.09334477453737965,0.7788979993933188,0.14422237314418399,0.890681343565052,0.10510967515531733,1.0,0.0,3615.4891311529395,1093.559253767928,3615.4891311529395,1093.5592537679279,4722.094867171883,689.9881122241809,1225.4671537681795,417.04156305729396,87.85666295510764,13.911124325818223,-13.876886548245862,9.915668398284911,inf,,0.0,,,,,0.6638095238095238,0.287816540410031,0.9014634146341463,0.10312537697995877,0.9746341463414635,0.047269020080232156,0.7306451612903225,0.2347247368259515,0.9596774193548387,0.06606562219056186,0.627864066958947,0.23835292009594972,0.8065126997813877,0.20563542032433973,0.8847177705734428,0.0818491943915116,0.9809981631398115,0.04351934112238803,0.22903225806451613,0.23045989410129947,745.8,18.063859784194257,34.0,0.0,5.0,124.0,62.0,0.0,62.0,0.0,100
cross_target_calibrated_cp,sandia,matr,matr,xgboost,100,0.9,none,,10.0,0.9170588235294117,0.07895397753676754,0.06415126050420167,0.048690036928288265,0.8590115348590871,0.09400540083202671,0.949021851856754,0.059516381459071385,1.0,0.0,4099.264103181545,1002.0436466551307,4099.264103181545,1002.0436466551303,4660.865090113792,661.8645200342006,1224.7087295074718,414.44294884311796,87.86133611720098,13.725619025407106,-13.764334042471525,9.645891488757341,2049.6320515907723,501.02182332756513,1.0,,,,,0.8230609756097561,0.15606417239230172,0.9414642375168691,0.073492137652881,0.98725,0.041514114674068604,0.8557627118644068,0.12400150066641989,0.9773333333333334,0.055227313140535673,0.7540371414008743,0.1419004618382683,0.9139931810615906,0.09210650652394431,0.907768001688725,0.06895678663614159,0.989454603466293,0.035742074949913556,0.12157062146892653,0.10822012913074906,734.46,22.327416674428235,34.0,0.0,10.0,119.0,59.0,0.0,60.0,0.0,100
cross_target_calibrated_cp,sandia,matr,matr,xgboost,100,0.9,none,,15.0,0.9422807017543859,0.05550908826459116,0.061122807017543836,0.033365234648317886,0.8873178594781794,0.06882707262529333,0.9684081389027189,0.03894144403277548,1.0,0.0,4380.130236305335,804.9026990298211,4380.130236305335,804.9026990298211,4725.7419721871665,592.5140293094977,1225.2767190838897,415.5221144046168,87.87609848905367,13.855345700206307,-13.810820825907117,9.75249323574538,2190.0651181526673,402.45134951491053,1.0,,,,,0.8760526315789474,0.10340566053366596,0.9557894736842105,0.0664775290664855,0.995,0.016172476869249355,0.8968421052631578,0.08876849060950408,0.987719298245614,0.03423562196081223,0.7980945363909672,0.10640421572281888,0.9454773778415106,0.060636978860726956,0.9187727725639744,0.04545833381918656,0.9950777674741725,0.019355580085753755,0.09087719298245615,0.07601848428113932,743.55,24.08586282197064,34.0,0.0,15.0,114.0,57.0,0.0,57.0,0.0,100
cross_target_calibrated_cp,sandia,matr,matr,xgboost,100,0.9,none,,20.0,0.8996330275229358,0.06433023389004204,0.04759633027522935,0.04301420032794723,0.8320388444876029,0.07614394486354435,0.940017817226017,0.04845469612184247,1.0,0.0,3836.3697603972714,931.4228973818359,3836.3697603972714,931.4228973818358,4567.574858706186,646.2962440328289,1223.0151264175083,418.52645712331383,87.71053833279586,14.061040636575981,-14.112029209936438,10.619133853745925,1918.1848801986357,465.7114486909179,1.0,,,,,0.7890398293029872,0.13071104284674673,0.9266428571428571,0.077613118905952,0.9863888888888889,0.027494345233664143,0.8240740740740741,0.10360946495735023,0.9738181818181818,0.04959608115953153,0.7075151030165001,0.1146460136591174,0.8975872009986596,0.07986736165468,0.8968851763637208,0.0647938928712048,0.9888848409776874,0.028648351117974025,0.14974410774410774,0.09841161801862047,741.82,27.70967084946801,34.0,0.0,20.0,109.0,54.0,0.0,55.0,0.0,100
cross_target_calibrated_cp,sandia,matr,matr,xgboost,100,0.95,none,,5.0,0.8451612903225807,0.1282662993908516,0.12070967741935483,0.11329789975484743,0.7788979993933188,0.14422237314418399,0.890681343565052,0.10510967515531733,1.0,0.0,3615.4891311529395,1093.559253767928,3615.4891311529395,1093.5592537679279,5828.700603190825,1392.5654423858061,1225.4671537681795,417.04156305729396,87.85666295510764,13.911124325818223,-13.876886548245862,9.915668398284911,inf,,0.0,,,,,0.6638095238095238,0.287816540410031,0.9014634146341463,0.10312537697995877,0.9746341463414635,0.047269020080232156,0.7306451612903225,0.2347247368259515,0.9596774193548387,0.06606562219056186,0.627864066958947,0.23835292009594972,0.8065126997813877,0.20563542032433973,0.8847177705734428,0.0818491943915116,0.9809981631398115,0.04351934112238803,0.22903225806451613,0.23045989410129947,745.8,18.063859784194257,34.0,0.0,5.0,124.0,62.0,0.0,62.0,0.0,100
cross_target_calibrated_cp,sandia,matr,matr,xgboost,100,0.95,none,,10.0,0.9170588235294117,0.07895397753676754,0.058495798319327726,0.06223737508940094,0.8590115348590871,0.09400540083202671,0.949021851856754,0.059516381459071385,1.0,0.0,4099.264103181545,1002.0436466551307,4099.264103181545,1002.0436466551303,5222.466077046038,886.7931324224728,1224.7087295074718,414.44294884311796,87.86133611720098,13.725619025407106,-13.764334042471525,9.645891488757341,inf,,0.0,,,,,0.8230609756097561,0.15606417239230172,0.9414642375168691,0.073492137652881,0.98725,0.041514114674068604,0.8557627118644068,0.12400150066641989,0.9773333333333334,0.055227313140535673,0.7540371414008743,0.1419004618382683,0.9139931810615906,0.09210650652394431,0.907768001688725,0.06895678663614159,0.989454603466293,0.035742074949913556,0.12157062146892653,0.10822012913074906,734.46,22.327416674428235,34.0,0.0,10.0,119.0,59.0,0.0,60.0,0.0,100
cross_target_calibrated_cp,sandia,matr,matr,xgboost,100,0.95,none,,15.0,0.9422807017543859,0.05550908826459116,0.04105263157894737,0.037935555361964475,0.8873178594781794,0.06882707262529333,0.9684081389027189,0.03894144403277548,1.0,0.0,4380.130236305335,804.9026990298211,4380.130236305335,804.9026990298211,5071.353708068998,788.4684912495796,1225.2767190838897,415.5221144046168,87.87609848905367,13.855345700206307,-13.810820825907117,9.75249323574538,inf,,0.0,,,,,0.8760526315789474,0.10340566053366596,0.9557894736842105,0.0664775290664855,0.995,0.016172476869249355,0.8968421052631578,0.08876849060950408,0.987719298245614,0.03423562196081223,0.7980945363909672,0.10640421572281888,0.9454773778415106,0.060636978860726956,0.9187727725639744,0.04545833381918656,0.9950777674741725,0.019355580085753755,0.09087719298245615,0.07601848428113932,743.55,24.08586282197064,34.0,0.0,15.0,114.0,57.0,0.0,57.0,0.0,100
cross_target_calibrated_cp,sandia,matr,matr,xgboost,100,0.95,none,,20.0,0.9471559633027523,0.05563151837815729,0.041779816513761475,0.036603977477483216,0.8925713781404505,0.07015027258581391,0.971295511022126,0.037830976182395025,1.0,0.0,4472.027801891596,820.9790677099533,4472.027801891596,820.9790677099529,5053.674433513419,693.3784241299544,1223.0151264175083,418.52645712331383,87.71053833279586,14.061040636575981,-14.112029209936438,10.619133853745925,2236.013900945798,410.4895338549764,1.0,,,,,0.8873826458036984,0.09426862137034732,0.9613730158730159,0.0730069892156405,0.9944444444444445,0.02198243241952964,0.909074074074074,0.07966616237113681,0.9845454545454545,0.046829525135424835,0.8101603022888803,0.10016888217677072,0.9536516917508271,0.04924377250144422,0.9132794090607494,0.06058597562416144,0.992544495856692,0.027365268637132463,0.07611111111111113,0.0672767681103283,741.82,27.70967084946801,34.0,0.0,20.0,109.0,54.0,0.0,55.0,0.0,100
within_split_cp,hust,hust,hust,random_forest,100,0.9,none,,,0.9666666666666666,0.07453559924999298,0.09333333333333331,0.014907119849998594,0.7163986222252128,0.0919188761996176,0.9906069715632292,0.021003450099208065,1.0,0.0,1053.2134742476592,263.53712409411804,1053.2134742476594,263.53712409411816,1143.5224778539427,276.3454779375181,209.78111855448074,14.39032555442966,14.296313125905476,1.3001681502731335,0.137747851017642,0.10914368658726521,526.6067371238295,131.76856204705913,1.0,,,,,0.95,0.11180339887498947,1.0,0.0,0.95,0.11180339887498947,0.9666666666666666,0.07453559924999298,0.9666666666666666,0.07453559924999298,0.5750320052409739,0.07744332284474179,0.9939893260503385,0.013440275542029919,0.5750320052409739,0.07744332284474179,0.9939893260503385,0.013440275542029919,0.0,0.0,1563.2,40.34476422040412,53.0,0.0,12.0,12.0,6.0,0.0,6.0,0.0,5
within_split_cp,hust,hust,hust,random_forest,100,0.95,none,,,0.9666666666666666,0.07453559924999298,0.06333333333333335,0.02981423969999714,0.7163986222252128,0.0919188761996176,0.9906069715632292,0.021003450099208065,1.0,0.0,1053.2134742476587,263.5371240941185,1053.2134742476587,263.53712409411867,1233.8314814602259,406.00368459021365,209.78111855448083,14.390325554429788,14.296313125905481,1.3001681502731297,0.13774785101764148,0.1091436865872624,inf,,0.0,,,,,0.95,0.11180339887498947,1.0,0.0,0.95,0.11180339887498947,0.9666666666666666,0.07453559924999298,0.9666666666666666,0.07453559924999298,0.5750320052409739,0.07744332284474179,0.9939893260503385,0.013440275542029919,0.5750320052409739,0.07744332284474179,0.9939893260503385,0.013440275542029919,0.0,0.0,1563.2,40.34476422040412,53.0,0.0,12.0,12.0,6.0,0.0,6.0,0.0,5
within_split_cp,luh,luh,luh,gaussian_process,100,0.9,none,,,0.9,0.055901699437494755,0.045,0.02436698586202242,0.6719641581227409,0.0660651884494467,0.9731496974497101,0.02415868492617204,1.0,0.0,622.8449131397665,100.39592966792038,622.8449131397665,100.39592966792038,786.5409996731302,62.07102787769757,114.13899868406429,15.102132831116577,17.925040897131847,1.585798867425323,0.7769148230497626,0.027120819534361112,311.42245656988325,50.19796483396019,1.0,,,,,1.0,0.0,1.0,0.0,0.68,0.1788854381999832,1.0,0.0,0.8,0.11180339887498948,0.67559243511612,0.0,1.0,0.0,0.46047065565484724,0.10086700808856443,0.9448848054148247,0.050385624974200516,0.2,0.11180339887498948,500.6,47.12536472007405,74.0,0.0,16.0,16.0,8.0,0.0,8.0,0.0,5
within_split_cp,luh,luh,luh,gaussian_process,100,0.95,none,,,0.9,0.055901699437494755,0.049999999999999954,0.05590169943749474,0.6719641581227409,0.0660651884494467,0.9731496974497101,0.02415868492617204,1.0,0.0,622.8449131397665,100.39592966792038,622.8449131397665,100.39592966792038,950.2370862064934,210.96348868816517,114.13899868406429,15.102132831116577,17.925040897131847,1.585798867425323,0.7769148230497626,0.027120819534361112,inf,,0.0,,,,,1.0,0.0,1.0,0.0,0.68,0.1788854381999832,1.0,0.0,0.8,0.11180339887498948,0.67559243511612,0.0,1.0,0.0,0.46047065565484724,0.10086700808856443,0.9448848054148247,0.050385624974200516,0.2,0.11180339887498948,500.6,47.12536472007405,74.0,0.0,16.0,16.0,8.0,0.0,8.0,0.0,5
within_split_cp,matr,matr,matr,catboost,100,0.9,none,,,0.89,0.12942179105544785,0.10999999999999999,0.04183300132670381,0.7008433470420263,0.15777205388609605,0.9534790296767746,0.05975775518157582,1.0,0.0,1032.28469524004,446.3229812635469,1032.28469524004,446.3229812635469,1478.9664498418713,140.24134441589996,170.53987142071063,49.67175704294614,23.455676043869083,5.712438235075291,0.5527050306036265,0.1757625963589734,516.14234762002,223.16149063177346,1.0,,,,,0.9142857142857143,0.12777531299998798,0.9666666666666666,0.07453559924999298,0.8,0.23904572186687878,0.9199999999999999,0.130384048104053,0.86,0.1673320053068151,0.6320059442154479,0.14246849395075287,0.9748665038997253,0.0468509690203002,0.5687241229498567,0.17301979350133248,0.9514522611488629,0.07076834364746823,0.10000000000000002,0.12247448713915891,768.2,13.311649033834989,89.0,0.0,20.0,20.0,10.0,0.0,10.0,0.0,5
within_split_cp,matr,matr,matr,catboost,100,0.95,none,,,0.9400000000000001,0.08944271909999156,0.06999999999999999,0.044721359549995746,0.7599146896722323,0.11551074408225502,0.9782951712412867,0.03509523240715372,1.0,0.0,1348.4503626851085,479.9589596824858,1348.4503626851085,479.9589596824857,1771.6804515025547,313.8631488281661,170.53987142071063,49.67175704294614,23.455676043869083,5.712438235075291,0.5527050306036265,0.1757625963589734,674.2251813425543,239.97947984124286,1.0,,,,,0.9428571428571428,0.12777531299998796,1.0,0.0,0.8857142857142858,0.15649215928719032,0.96,0.08944271909999157,0.9199999999999999,0.10954451150103317,0.6760062544170171,0.10388983292905764,0.9886635697091248,0.025349028752584383,0.6295453086969233,0.12723854006959237,0.9773271394182498,0.031046092959485676,0.039999999999999994,0.08944271909999157,768.2,13.311649033834989,89.0,0.0,20.0,20.0,10.0,0.0,10.0,0.0,5
within_split_cp,sandia,sandia,sandia,xgboost,100,0.9,none,,,0.925,0.06846531968814577,0.05500000000000001,0.04107919181288743,0.5877040647187359,0.08023073834836089,0.9865495051299661,0.012278565749875176,1.0,0.0,1120.843767558426,754.2309407506059,1120.843767558426,754.2309407506059,1762.468440145713,624.0524792996649,133.71511392976404,49.16157361042677,25.235137381814447,7.039342280326953,0.9265249149362551,0.0733147874556278,inf,,0.0,,,,,1.0,0.0,1.0,0.0,0.8,0.18257418583505536,1.0,0.0,0.85,0.13693063937629152,0.5101091635454028,0.0,0.9999999999999998,0.0,0.38442877096760225,0.11472997675161035,0.9726476435141796,0.024969171080344212,0.15,0.13693063937629152,302.6,27.097970403703663,34.0,0.0,8.0,8.0,4.0,0.0,4.0,0.0,5
within_split_cp,sandia,sandia,sandia,xgboost,100,0.95,none,,,0.925,0.06846531968814577,0.06499999999999999,0.013693063937629105,0.5877040647187359,0.08023073834836089,0.9865495051299661,0.012278565749875176,1.0,0.0,1120.843767558426,754.2309407506059,1120.843767558426,754.2309407506059,2404.0931127329986,983.3493768809906,133.71511392976404,49.16157361042677,25.235137381814447,7.039342280326953,0.9265249149362551,0.0733147874556278,inf,,0.0,,,,,1.0,0.0,1.0,0.0,0.8,0.18257418583505536,1.0,0.0,0.85,0.13693063937629152,0.5101091635454028,0.0,0.9999999999999998,0.0,0.38442877096760225,0.11472997675161035,0.9726476435141796,0.024969171080344212,0.15,0.13693063937629152,302.6,27.097970403703663,34.0,0.0,8.0,8.0,4.0,0.0,4.0,0.0,5
